gene,log2FC,p_perm,FDR
MTND1P23,-0.8777155021380967,0.13385826771653545,0.9923966216285223
MTND2P28,-0.5796690958837525,0.3464566929133858,0.9923966216285223
MTCO1P12,-0.5323856875769302,0.10236220472440945,0.9923966216285223
MTCO2P12,-0.6165740344897044,0.07874015748031496,0.9923966216285223
MTATP6P1,-0.07805953457852333,0.7480314960629921,1.0
MTCO3P12,-1.4536064548247714,0.015748031496062992,0.9923966216285223
AL669831.5,-2.2615884225544387,0.015748031496062992,0.9923966216285223
AL669831.4,-1.2465843143773796,0.25196850393700787,0.9923966216285223
LINC01128,-0.6049546352084674,0.84251968503937,1.0
NOC2L,1.0861987649938494,0.2440944881889764,0.9923966216285223
KLHL17,-0.12031803920976447,0.9291338582677166,1.0
ISG15,-1.1259872877895285,0.4645669291338583,1.0
AL390719.1,0.5602075223090557,0.6062992125984252,1.0
C1orf159,-0.02042514193022904,1.0,1.0
TNFRSF18,0.21479433162323658,0.9133858267716536,1.0
TNFRSF4,0.013993962071773502,1.0,1.0
SDF4,0.28820072541354147,0.7795275590551181,1.0
B3GALT6,0.07798743739044056,0.8346456692913385,1.0
UBE2J2,0.25835249017936857,0.6456692913385826,1.0
ACAP3,0.46946066040877765,0.7007874015748031,1.0
INTS11,0.007418995597619826,0.9921259842519685,1.0
AL139287.1,1.1481316628884835,0.29133858267716534,0.9923966216285223
CPTP,0.8736646939766688,0.2204724409448819,0.9923966216285223
DVL1,-0.19027832151006052,0.8346456692913385,1.0
AURKAIP1,-0.6479991333018935,0.7874015748031497,1.0
CCNL2,-0.15584246740896912,0.5511811023622047,1.0
AL391244.1,0.834146980779073,0.41732283464566927,1.0
MRPL20,0.18919253585596874,0.7637795275590551,1.0
ATAD3B,0.3881209958006189,0.7637795275590551,1.0
ATAD3A,0.39226239800495266,0.7874015748031497,1.0
SSU72,0.04999326989178954,0.49606299212598426,1.0
AL691432.2,-0.2120546730136288,0.7952755905511811,1.0
MIB2,0.6590489273818685,0.5905511811023622,1.0
CDK11B,-0.21635734636842763,0.7795275590551181,1.0
SLC35E2B,-0.5882443003834461,0.09448818897637795,0.9923966216285223
NADK,0.01324174717662574,0.968503937007874,1.0
GNB1,-0.07993587561103688,0.44881889763779526,1.0
FAAP20,-0.5261519462151467,0.7165354330708661,1.0
SKI,0.1867256472599017,0.6771653543307087,1.0
RER1,0.36158977276704984,0.18110236220472442,0.9923966216285223
PLCH2,-1.0383525942943936,0.2047244094488189,0.9923966216285223
PANK4,0.032041114023353856,0.937007874015748,1.0
AL139246.5,1.7078533150550212,0.06299212598425197,0.9923966216285223
TNFRSF14-AS1,-1.3206233731202643,0.18110236220472442,0.9923966216285223
TNFRSF14,-0.5766708452392626,0.5748031496062992,1.0
AL139246.3,-0.2988101634953215,0.7401574803149606,1.0
FAM213B,0.2474513551678057,0.7244094488188977,1.0
MEGF6,-0.8117045258587392,0.4330708661417323,1.0
TPRG1L,-0.6106204293972075,0.1732283464566929,0.9923966216285223
WRAP73,-0.6389428225269995,0.5196850393700787,1.0
TP73-AS1,-0.364759750327436,0.5748031496062992,1.0
LRRC47,0.2250637902604291,0.44881889763779526,1.0
CEP104,-0.028989535744250006,0.9448818897637795,1.0
DFFB,0.02571386236040496,0.968503937007874,1.0
C1orf174,-0.10019176197648871,0.7637795275590551,1.0
KCNAB2,-0.063337400247784,0.9212598425196851,1.0
RPL22,-0.7466835660272704,0.015748031496062992,0.9923966216285223
ICMT,-0.5184897964508677,0.3779527559055118,0.9979787009382448
GPR153,-0.2869422993193398,0.7322834645669292,1.0
ACOT7,-0.15222184391728266,0.6929133858267716,1.0
TNFRSF25,-0.18073438547798615,0.8503937007874016,1.0
NOL9,0.026595727062624697,0.968503937007874,1.0
ZBTB48,-0.3758527697914942,0.7165354330708661,1.0
KLHL21,-0.4722090339056706,0.4015748031496063,1.0
PHF13,-0.4266397144809191,0.18110236220472442,0.9923966216285223
THAP3,0.16919627630976342,0.7480314960629921,1.0
DNAJC11,-0.5282650153789334,0.5748031496062992,1.0
CAMTA1,0.29706459048255507,0.14960629921259844,0.9923966216285223
VAMP3,-0.05952263410574066,0.905511811023622,1.0
PER3,-1.2110153674164768,0.23622047244094488,0.9923966216285223
UTS2,0.45733590286428516,0.7480314960629921,1.0
TNFRSF9,0.5698447035947867,0.5511811023622047,1.0
PARK7,0.06001389561985615,0.8188976377952756,1.0
Y_RNA,-1.08204130550993,0.10236220472440945,0.9923966216285223
ERRFI1,-0.025078124205704988,1.0,1.0
RERE,-0.5360549876328289,0.16535433070866143,0.9923966216285223
AL096855.1,0.24090630863986695,0.6850393700787402,1.0
ENO1,0.07610520086532446,0.7952755905511811,1.0
SLC2A5,1.0452249250067014,0.3779527559055118,0.9979787009382448
GPR157,-0.7488865885253795,0.4251968503937008,1.0
H6PD,0.2267433890850814,0.6535433070866141,1.0
SPSB1,1.9918936484347718,0.10236220472440945,0.9923966216285223
SLC25A33,-0.181406135569258,0.6062992125984252,1.0
TMEM201,0.3393043500731898,0.7795275590551181,1.0
PIK3CD,-0.15551771502294365,0.5590551181102362,1.0
CLSTN1,0.26010761448108255,0.6141732283464567,1.0
CTNNBIP1,0.06050005375629741,0.8188976377952756,1.0
LZIC,-0.4223844176748921,0.05511811023622047,0.9923966216285223
NMNAT1,0.3086619498110952,0.6771653543307087,1.0
UBE4B,0.549398935332623,0.10236220472440945,0.9923966216285223
KIF1B,-0.0733970253360221,0.8503937007874016,1.0
PGD,0.7029687958194408,0.18110236220472442,0.9923966216285223
CENPS,0.4409416875139056,0.6220472440944882,1.0
DFFA,0.19011621696869696,0.5196850393700787,1.0
PEX14,0.2746473190851697,0.5826771653543307,1.0
CASZ1,0.21065515061833007,0.84251968503937,1.0
TARDBP,-0.14541769310641062,0.6220472440944882,1.0
SRM,0.9276694730541406,0.33070866141732286,0.9923966216285223
EXOSC10,-0.2590568752376754,0.2992125984251969,0.9923966216285223
MTOR,0.2505112299100789,0.6220472440944882,1.0
UBIAD1,0.1441487766981968,0.7559055118110236,1.0
FBXO2,1.1950765320513046,0.30708661417322836,0.9923966216285223
FBXO44,-0.1712735644666079,0.8031496062992126,1.0
FBXO6,-0.4123737705862007,0.6850393700787402,1.0
MAD2L2,-0.979391655890737,0.4409448818897638,1.0
DRAXIN,0.35410009115743435,0.7795275590551181,1.0
AGTRAP,-1.0600053204018347,0.3937007874015748,1.0
MTHFR,-0.7812580073343538,0.23622047244094488,0.9923966216285223
CLCN6,-0.16595192673300585,0.8503937007874016,1.0
RNU5E-1,-1.031523598602101,0.2440944881889764,0.9923966216285223
KIAA2013,0.32664960200878035,0.6062992125984252,1.0
PLOD1,1.1756127018457798,0.031496062992125984,0.9923966216285223
MFN2,0.14519654011263938,0.6614173228346457,1.0
MIIP,-0.7809044207985325,0.4566929133858268,1.0
TNFRSF8,0.7302148889828723,0.5275590551181102,1.0
TNFRSF1B,0.1520651754404989,0.7007874015748031,1.0
VPS13D,-0.6936454922018438,0.14173228346456693,0.9923966216285223
DHRS3,-1.3471275139007783,0.1968503937007874,0.9923966216285223
PRDM2,-0.11885634421253055,0.7165354330708661,1.0
EFHD2,-0.3149318179311589,0.41732283464566927,1.0
CASP9,-0.5032765164977606,0.6850393700787402,1.0
DNAJC16,0.3796383130111156,0.3858267716535433,1.0
AGMAT,-0.7865924538620552,0.49606299212598426,1.0
DDI2,0.1389262173656567,0.7086614173228346,1.0
PLEKHM2,-0.06393595608177538,0.968503937007874,1.0
UQCRHL,0.4544947685921823,0.2755905511811024,0.9923966216285223
AL450998.1,-0.11890499282120448,0.6929133858267716,1.0
FLJ37453,-0.7030205639676432,0.4409448818897638,1.0
SPEN,-0.015591891021789372,0.937007874015748,1.0
ZBTB17,0.4650631737290776,0.7244094488188977,1.0
MT1XP1,0.09258466185396963,0.889763779527559,1.0
FBXO42,0.7269739130854918,0.2283464566929134,0.9923966216285223
SZRD1,0.1413005991142482,0.8267716535433071,1.0
NECAP2,0.30480144549885413,0.48031496062992124,1.0
NBPF1,0.003975792497709296,1.0,1.0
CROCCP2,-0.7028345894385266,0.14960629921259844,0.9923966216285223
EIF1AXP1,-0.44936122550530033,0.13385826771653545,0.9923966216285223
CROCC,-0.6968331595762178,0.4566929133858268,1.0
ATP13A2,0.28096112599352274,0.7322834645669292,1.0
SDHB,-0.19804057035474898,0.7086614173228346,1.0
RCC2,-0.6402000152309242,0.2755905511811024,0.9923966216285223
ALDH4A1,-0.9230498059798635,0.3543307086614173,0.9923966216285223
IFFO2,0.8415903697296958,0.16535433070866143,0.9923966216285223
UBR4,-0.3086947385717469,0.5196850393700787,1.0
EMC1,0.5464528367730015,0.05511811023622047,0.9923966216285223
MRTO4,-0.5390394342901343,0.7401574803149606,1.0
AKR7A2,0.7318818861672671,0.031496062992125984,0.9923966216285223
PQLC2,-1.0513988595436328,0.23622047244094488,0.9923966216285223
CAPZB,0.10383778669234722,0.7952755905511811,1.0
MINOS1,-0.3297271120285439,0.25196850393700787,0.9923966216285223
AL031727.1,-0.6901360164098547,0.6614173228346457,1.0
NBL1,0.40431411720639554,0.7716535433070866,1.0
TMCO4,0.2958403021358267,0.6062992125984252,1.0
OTUD3,-1.2112274374560759,0.18110236220472442,0.9923966216285223
UBXN10-AS1,-1.1055621108239388,0.2440944881889764,0.9923966216285223
CAMK2N1,-0.409007285786684,0.4881889763779528,1.0
MUL1,-0.6202008279461677,0.3700787401574803,0.9923966216285223
PINK1-AS,0.638479084176713,0.44881889763779526,1.0
DDOST,0.6858772380530311,0.1732283464566929,0.9923966216285223
HP1BP3,0.1451735356537167,0.23622047244094488,0.9923966216285223
EIF4G3,0.02498957851098904,0.8582677165354331,1.0
ECE1,0.5512788243149256,0.36220472440944884,0.9923966216285223
USP48,-0.0660389691712524,0.8267716535433071,1.0
LINC00339,-1.838431314894452,0.08661417322834646,0.9923966216285223
CDC42,0.18740689378137887,0.2047244094488189,0.9923966216285223
ZBTB40,-0.8274190613208949,0.07086614173228346,0.9923966216285223
KDM1A,-0.299281865305411,0.30708661417322836,0.9923966216285223
LUZP1,-0.9474546078196546,0.07874015748031496,0.9923966216285223
HNRNPR,-0.17398093878760257,0.6220472440944882,1.0
ZNF436,-0.5053063824376856,0.6220472440944882,1.0
E2F2,1.09336000307598,0.2755905511811024,0.9923966216285223
ID3,0.06396773401987144,0.9763779527559056,1.0
RPL11,-0.32159745484527136,0.12598425196850394,0.9923966216285223
ELOA,0.08870144632278798,0.9133858267716536,1.0
PITHD1,-0.05711251473440626,0.8661417322834646,1.0
LYPLA2,-0.23806180658035814,0.9448818897637795,1.0
GALE,-0.10555445541195874,0.8976377952755905,1.0
HMGCL,0.037675755970378866,0.952755905511811,1.0
FUCA1,0.06368834159060777,0.905511811023622,1.0
PNRC2,-0.5557563639151786,0.023622047244094488,0.9923966216285223
SRSF10,-0.33915430682371017,0.29133858267716534,0.9923966216285223
IFNLR1,-0.4806852461266171,0.5590551181102362,1.0
STPG1,-0.005699246061709795,0.984251968503937,1.0
NIPAL3,-0.1066748101332875,0.8740157480314961,1.0
RCAN3,-0.49845383535966015,0.11023622047244094,0.9923966216285223
SRRM1,-0.08381684901842945,0.6377952755905512,1.0
CLIC4,2.3665197512731186,0.14960629921259844,0.9923966216285223
RUNX3,-0.3378478804450502,0.3937007874015748,1.0
SYF2,0.07568269066508115,0.6141732283464567,1.0
RSRP1,-0.701720688389031,0.05511811023622047,0.9923966216285223
TMEM50A,-0.1582739568704703,0.44881889763779526,1.0
AL031284.1,0.5763876263717558,0.41732283464566927,1.0
TMEM57,-0.1392309806565617,0.7480314960629921,1.0
LDLRAP1,0.15608165790559614,0.9291338582677166,1.0
MAN1C1,0.107984731409136,0.8582677165354331,1.0
SELENON,0.060399593074612845,0.9291338582677166,1.0
MTFR1L,-0.0019567489316090203,1.0,1.0
AUNIP,-0.01790147508209472,1.0,1.0
PAQR7,1.411725420789787,0.11811023622047244,0.9923966216285223
STMN1,-0.3420380583258833,0.47244094488188976,1.0
PAFAH2,-0.8119711807963235,0.13385826771653545,0.9923966216285223
PDIK1L,-0.03031913539283737,0.9606299212598425,1.0
CEP85,0.9730402182949538,0.023622047244094488,0.9923966216285223
SH3BGRL3,0.30954907646087015,0.8346456692913385,1.0
UBXN11,-0.4604996693384362,0.7244094488188977,1.0
CD52,0.04319826674028526,0.889763779527559,1.0
CRYBG2,-0.5275626741088746,0.5511811023622047,1.0
ZNF683,1.2141431938904175,0.4251968503937008,1.0
DHDDS,1.0595177297649498,0.06299212598425197,0.9923966216285223
HMGN2,-0.24559991908672796,0.7401574803149606,1.0
RPS6KA1,-0.2641130443131452,0.4330708661417323,1.0
ARID1A,-0.1923295750265268,0.2283464566929134,0.9923966216285223
PIGV,-1.435086512185125,0.16535433070866143,0.9923966216285223
ZDHHC18,0.3965389555201382,0.5118110236220472,1.0
SFN,1.0694768722370653,0.07874015748031496,0.9923966216285223
GPN2,-1.0640416976157916,0.14960629921259844,0.9923966216285223
GPATCH3,0.06762190219166331,0.9291338582677166,1.0
NUDC,0.1830431491665898,0.6614173228346457,1.0
SLC9A1,-0.31460491456593154,0.8110236220472441,1.0
NPM1P39,-1.0292214134533069,0.06299212598425197,0.9923966216285223
WDTC1,-0.4894704469420703,0.4251968503937008,1.0
TMEM222,-0.546405330780845,0.7244094488188977,1.0
SYTL1,0.08972661515581315,0.9606299212598425,1.0
WASF2,-0.04861843555192458,0.7874015748031497,1.0
AHDC1,0.45143730031105145,0.5590551181102362,1.0
FGR,-1.1287840422063518,0.03937007874015748,0.9923966216285223
AL031729.1,-0.235088073886486,0.7480314960629921,1.0
IFI6,-0.013784814322970185,0.9921259842519685,1.0
FAM76A,-1.1311062965308158,0.16535433070866143,0.9923966216285223
AL020997.1,-0.3315848079444068,0.4881889763779528,1.0
STX12,0.055820021585993196,0.905511811023622,1.0
PPP1R8,-0.0517425388620083,0.905511811023622,1.0
THEMIS2,0.4091013253125775,0.5748031496062992,1.0
RPA2,-0.11477945714426152,0.7559055118110236,1.0
XKR8,-0.18283886345084976,0.7086614173228346,1.0
EYA3,0.6961810237671129,0.2125984251968504,0.9923966216285223
SPCS2P4,0.8510814288894348,0.06299212598425197,0.9923966216285223
PTAFR,0.20152382929649582,0.937007874015748,1.0
DNAJC8,0.1635955458131253,0.2755905511811024,0.9923966216285223
ATPIF1,-0.2557151852789259,0.7480314960629921,1.0
SESN2,-0.46178122587546966,0.36220472440944884,0.9923966216285223
MED18,0.4651445638922467,0.3937007874015748,1.0
PHACTR4,-0.09298343599466818,0.7401574803149606,1.0
RCC1,0.11704316761596889,0.8503937007874016,1.0
SNHG3,-0.10878562226689326,0.8110236220472441,1.0
TRNAU1AP,-0.0886876439257458,0.7086614173228346,1.0
SNHG12,-0.7723675139718971,0.10236220472440945,0.9923966216285223
SNORD99,-0.6439737046241927,0.3700787401574803,0.9923966216285223
TAF12,0.08305009272782549,0.5354330708661418,1.0
GMEB1,0.003480008199582052,1.0,1.0
YTHDF2,0.12730261684601185,0.7795275590551181,1.0
EPB41,-0.5558043821795842,0.031496062992125984,0.9923966216285223
AL138785.1,-0.5022637323892569,0.29133858267716534,0.9923966216285223
Metazoa_SRP,-0.10762972793939163,0.8661417322834646,1.0
SRSF4,-0.06882903659203876,0.7322834645669292,1.0
MECR,-0.19237905834568458,0.8110236220472441,1.0
MATN1-AS1,-0.681712898331182,0.3937007874015748,1.0
LAPTM5,-0.31445844497713793,0.7007874015748031,1.0
PUM1,-0.3246984108338058,0.25196850393700787,0.9923966216285223
SNRNP40,-1.1576082497464153,0.3779527559055118,0.9979787009382448
ZCCHC17,0.23666956412675777,0.3937007874015748,1.0
TINAGL1,0.9750484884143892,0.3858267716535433,1.0
PEF1,-0.2132494692042597,0.5905511811023622,1.0
PTP4A2,-0.07339507969588155,0.7874015748031497,1.0
KHDRBS1,-0.08067703127239056,0.7086614173228346,1.0
TMEM39B,-0.11965650850146536,0.7322834645669292,1.0
KPNA6,-0.23750965952291647,0.3464566929133858,0.9923966216285223
TXLNA,0.20746357679795757,0.7952755905511811,1.0
CCDC28B,-0.7083191724120574,0.1968503937007874,0.9923966216285223
TMEM234,-0.15136993042271207,0.8503937007874016,1.0
EIF3I,0.15259572900379048,0.5590551181102362,1.0
LCK,-0.17138823048445673,0.6771653543307087,1.0
HDAC1,-0.25651390815746833,0.14173228346456693,0.9923966216285223
MARCKSL1,-1.2083678288845103,0.11811023622047244,0.9923966216285223
BSDC1,0.22137178904415933,0.5984251968503937,1.0
ZBTB8OS,0.31950058367016254,0.25196850393700787,0.9923966216285223
RBBP4,0.017228085231288937,0.968503937007874,1.0
YARS,0.16683886209059207,0.49606299212598426,1.0
S100PBP,0.5969858885327826,0.18110236220472442,0.9923966216285223
RNF19B,-0.6283516855820741,0.33858267716535434,0.9923966216285223
AK2,0.2902790299855944,0.4015748031496063,1.0
TRIM62,0.03838515974825141,0.9606299212598425,1.0
ZNF362,-0.32539839518356084,0.07874015748031496,0.9923966216285223
PHC2,-0.352323029127783,0.3779527559055118,0.9979787009382448
SMIM12,-0.149397912967987,0.6614173228346457,1.0
AC114490.1,0.2950580197219197,0.6220472440944882,1.0
ZMYM6,-0.6993539486505354,0.2125984251968504,0.9923966216285223
ZMYM1,-0.9940751837713311,0.047244094488188976,0.9923966216285223
SFPQ,-0.2916752574395485,0.2283464566929134,0.9923966216285223
ZMYM4,0.003457517606430649,1.0,1.0
RPL5P4,-1.1878586052494393,0.2047244094488189,0.9923966216285223
KIAA0319L,0.04334809668663464,0.905511811023622,1.0
NCDN,-0.017084744041635958,0.984251968503937,1.0
PSMB2,0.4272966321543459,0.06299212598425197,0.9923966216285223
C1orf216,-0.31143125856930887,0.5905511811023622,1.0
CLSPN,0.25760896764759167,0.7795275590551181,1.0
AGO4,-0.500363397540915,0.07086614173228346,0.9923966216285223
AGO1,0.23240199056719923,0.6614173228346457,1.0
AGO3,0.15704331915417047,0.7244094488188977,1.0
ADPRHL2,-0.040491344774888915,0.9291338582677166,1.0
TRAPPC3,-0.02006569364901889,0.968503937007874,1.0
MAP7D1,-0.046199487445331755,0.8818897637795275,1.0
THRAP3,-0.1305006726839082,0.4015748031496063,1.0
STK40,0.9844708553481061,0.18110236220472442,0.9923966216285223
LSM10,0.20579122622499124,0.25984251968503935,0.9923966216285223
MRPS15,-0.0346198388979575,0.952755905511811,1.0
CSF3R,0.18084947504966253,1.0,1.0
ZC3H12A,-0.6816989716683839,0.3858267716535433,1.0
MEAF6,-0.06891713048320547,0.8188976377952756,1.0
SNIP1,-0.16989471101549203,0.8031496062992126,1.0
AL034379.1,-0.7055572659199414,0.4015748031496063,1.0
GNL2,-0.17512235977172175,0.5669291338582677,1.0
C1orf109,-0.9716760592490368,0.41732283464566927,1.0
CDCA8,0.3976083532226067,0.6220472440944882,1.0
YRDC,-0.01934038405670968,0.937007874015748,1.0
C1orf122,-0.016667540956802007,0.984251968503937,1.0
MTF1,-0.12659589358328915,0.7480314960629921,1.0
INPP5B,-0.3480765821980376,0.7165354330708661,1.0
SF3A3,0.11872739773706087,0.6535433070866141,1.0
FHL3,0.8032309656626362,0.4409448818897638,1.0
UTP11,0.2244240573384948,0.5748031496062992,1.0
POU3F1,0.05529312805325182,0.952755905511811,1.0
RRAGC,0.15737978996173396,0.7322834645669292,1.0
MYCBP,-0.630835871698876,0.3937007874015748,1.0
AKIRIN1,-0.4679237642840217,0.25196850393700787,0.9923966216285223
NDUFS5,0.25553164402258677,0.36220472440944884,0.9923966216285223
MACF1,-0.24258353996589932,0.48031496062992124,1.0
PABPC4,0.10039839887990532,0.7480314960629921,1.0
HPCAL4,-0.9742560397227743,0.44881889763779526,1.0
PPIE,0.25997413727240204,0.5275590551181102,1.0
BMP8B,-0.21270241262007383,0.8582677165354331,1.0
TRIT1,0.13518536899090083,0.905511811023622,1.0
MFSD2A,1.2780744281383156,0.05511811023622047,0.9923966216285223
CAP1,-0.06709350211753584,0.7952755905511811,1.0
PPT1,0.15556299677409857,0.5433070866141733,1.0
RLF,-0.3449424453090568,0.3464566929133858,0.9923966216285223
AL050341.2,-0.8087594020728976,0.29133858267716534,0.9923966216285223
ZMPSTE24,0.6773369688240232,0.047244094488188976,0.9923966216285223
COL9A2,0.3432513768917813,0.6929133858267716,1.0
SMAP2,-0.07834295618722109,0.6771653543307087,1.0
ZFP69B,-0.34749172758127234,0.6771653543307087,1.0
AL031985.3,0.12595935179077844,0.9291338582677166,1.0
ZFP69,0.5190034697162162,0.5905511811023622,1.0
EXO5,0.539762029683795,0.47244094488188976,1.0
ZNF684,1.3983407129197434,0.13385826771653545,0.9923966216285223
RIMS3,0.5971436830639529,0.5590551181102362,1.0
NFYC,-0.07686316977907381,0.6850393700787402,1.0
CITED4,0.1854847410175553,0.8818897637795275,1.0
CTPS1,0.7446045743181493,0.3228346456692913,0.9923966216285223
SCMH1,0.7599949396726431,0.14960629921259844,0.9923966216285223
HIVEP3,-0.024785994189066685,0.9763779527559056,1.0
FOXJ3,-0.14367946323987102,0.30708661417322836,0.9923966216285223
PPCS,-0.10140631128104793,0.8503937007874016,1.0
CCDC30,0.6974729910213094,0.3779527559055118,0.9979787009382448
TMSB4XP1,-1.2913448758561288,0.07874015748031496,0.9923966216285223
PPIH,0.04001733993657197,0.8740157480314961,1.0
YBX1,0.003873416749046399,0.9763779527559056,1.0
P3H1,0.5081809392344363,0.6062992125984252,1.0
C1orf50,-1.0815666982426195,0.047244094488188976,0.9923966216285223
SVBP,0.890112175103198,0.07874015748031496,0.9923966216285223
ERMAP,0.9199276651313512,0.2125984251968504,0.9923966216285223
ZNF691,1.1966097311431967,0.031496062992125984,0.9923966216285223
SLC2A1,-0.14639017222270034,0.47244094488188976,1.0
EBNA1BP2,-0.09271318376722348,0.8267716535433071,1.0
CDC20,0.7517980250261918,0.4409448818897638,1.0
ELOVL1,0.2018606863486827,0.6220472440944882,1.0
MED8,0.7403408826520508,0.18110236220472442,0.9923966216285223
SZT2,-0.6822111297465705,0.36220472440944884,0.9923966216285223
PTPRF,0.667635674190755,0.49606299212598426,1.0
KDM4A,0.18953131008164092,0.7559055118110236,1.0
ST3GAL3,1.3941777105708524,0.08661417322834646,0.9923966216285223
IPO13,-0.1867461509986703,0.7165354330708661,1.0
DPH2,-0.38243313453342864,0.28346456692913385,0.9923966216285223
ATP6V0B,0.9941603697520938,0.015748031496062992,0.9923966216285223
B4GALT2,-0.36205704293010754,0.7716535433070866,1.0
AL356653.1,-1.6339843710856612,0.11023622047244094,0.9923966216285223
DMAP1,0.3673096719179778,0.7716535433070866,1.0
ERI3,-0.7490340970191878,0.49606299212598426,1.0
RNF220,0.023877321088638048,0.9291338582677166,1.0
C1orf228,-1.0296067236564448,0.33858267716535434,0.9923966216285223
RNU5F-1,0.20854209426437675,0.905511811023622,1.0
KIF2C,0.23462652148295238,0.7244094488188977,1.0
RPS8,-0.14941122370419535,0.36220472440944884,0.9923966216285223
RPS15AP11,-0.15413756361152942,0.6062992125984252,1.0
PLK3,0.4758788680456649,0.6141732283464567,1.0
EIF2B3,0.4608813983877784,0.33070866141732286,0.9923966216285223
HECTD3,-0.12281678335727353,0.6535433070866141,1.0
UROD,0.0252473305420029,0.937007874015748,1.0
ZSWIM5,0.4893631506531704,0.4094488188976378,1.0
OSTCP5,-1.0355480863485693,0.14960629921259844,0.9923966216285223
MUTYH,0.3776047160741287,0.5275590551181102,1.0
TOE1,-0.9647632342622661,0.2677165354330709,0.9923966216285223
TESK2,0.1542384159917174,0.7480314960629921,1.0
CCDC163,0.629059825137964,0.4409448818897638,1.0
MMACHC,-0.5743502278754187,0.5984251968503937,1.0
PRDX1,-0.3028706802883345,0.7322834645669292,1.0
AKR1A1,0.5907963854206191,0.08661417322834646,0.9923966216285223
NASP,-0.2296553030071804,0.5748031496062992,1.0
GPBP1L1,0.043834495020141695,0.937007874015748,1.0
TMEM69,-1.0115518336814522,0.09448818897637795,0.9923966216285223
IPP,-0.4537233361375632,0.2992125984251969,0.9923966216285223
AL604028.1,0.8664022599092015,0.2204724409448819,0.9923966216285223
MAST2,1.3455170347296037,0.1889763779527559,0.9923966216285223
TMA16P2,-0.1772345433713749,0.8267716535433071,1.0
PIK3R3,1.252694705857217,0.33858267716535434,0.9923966216285223
POMGNT1,-1.0040612318581004,0.2125984251968504,0.9923966216285223
LRRC41,0.3742612333741606,0.5511811023622047,1.0
UQCRH,0.6454572693566938,0.18110236220472442,0.9923966216285223
NSUN4,-1.1841148000777393,0.3228346456692913,0.9923966216285223
MKNK1,0.056347139225305654,0.8976377952755905,1.0
MOB3C,-0.007921069197007524,1.0,1.0
ATPAF1,-0.11663318439311787,0.7401574803149606,1.0
EFCAB14,-0.1042381971914379,0.6929133858267716,1.0
STIL,0.45580689550059716,0.4645669291338583,1.0
CMPK1,-0.16226956340872256,0.5511811023622047,1.0
FOXD2-AS1,-2.449461385256925,0.015748031496062992,0.9923966216285223
FOXD2,0.841830754574354,0.36220472440944884,0.9923966216285223
SPATA6,-0.2892511381245966,0.7637795275590551,1.0
BEND5,-0.03287925870231789,0.9763779527559056,1.0
FAF1,-0.21117758958043087,0.5275590551181102,1.0
CDKN2C,0.2682987904788874,0.7401574803149606,1.0
RNF11,-0.555672832844615,0.07874015748031496,0.9923966216285223
EPS15,-0.031034937186041667,0.8503937007874016,1.0
OSBPL9,0.430905832774652,0.2992125984251969,0.9923966216285223
NRDC,0.3675517809850328,0.047244094488188976,0.9923966216285223
TXNDC12,0.24920338611818238,0.12598425196850394,0.9923966216285223
KTI12,0.058738021264783224,0.952755905511811,1.0
BTF3L4,-0.40078410095070893,0.3779527559055118,0.9979787009382448
ZFYVE9,-0.4523622718897462,0.6456692913385826,1.0
CC2D1B,0.3807070965038024,0.4094488188976378,1.0
ORC1,-0.29883793759766064,0.7244094488188977,1.0
PRPF38A,-0.2873348271976699,0.4251968503937008,1.0
ZCCHC11,-0.4306295128513664,0.11811023622047244,0.9923966216285223
GPX7,0.34472066538181334,0.48031496062992124,1.0
FAM159A,0.21075173153267812,0.7559055118110236,1.0
COA7,-0.527392298827464,0.3543307086614173,0.9923966216285223
ZYG11B,-0.45950600256937335,0.2204724409448819,0.9923966216285223
RPS13P2,-0.12385040865419761,0.6377952755905512,1.0
ECHDC2,-0.5767018436927236,0.2677165354330709,0.9923966216285223
SCP2,0.035688861732163346,0.905511811023622,1.0
C1orf123,-0.13196025697125746,0.7007874015748031,1.0
MAGOH,-0.10252764250610547,0.6929133858267716,1.0
LRP8,-0.3095197517229398,0.6062992125984252,1.0
LINC01771,-0.6304682837804383,0.5590551181102362,1.0
NDC1,-0.2411848195256452,0.5196850393700787,1.0
YIPF1,0.07220721314723555,0.8188976377952756,1.0
HSPB11,0.0702852618032761,0.7244094488188977,1.0
LRRC42,-0.4248540026878356,0.6929133858267716,1.0
HNRNPA3P12,-0.21634836810492275,0.8346456692913385,1.0
TMEM59,0.07656066025925501,0.7795275590551181,1.0
TCEANC2,-0.10139067943160107,0.889763779527559,1.0
CYB5RL,0.08924206838950921,0.9763779527559056,1.0
MRPL37,0.34753048066190395,0.5433070866141733,1.0
SSBP3,-0.5052249393250801,0.2992125984251969,0.9923966216285223
TTC22,-0.18261766527516987,0.905511811023622,1.0
DHCR24,0.2680573576966454,0.6850393700787402,1.0
USP24,-0.17707190537144868,0.4409448818897638,1.0
RPS26P15,0.8592360860762898,0.4409448818897638,1.0
OMA1,-0.09776376643880269,0.7322834645669292,1.0
TACSTD2,1.352114824392019,0.07086614173228346,0.9923966216285223
MYSM1,-0.4571540268010823,0.13385826771653545,0.9923966216285223
JUN,-0.33999703423061334,0.5354330708661418,1.0
HOOK1,-0.19561401794909772,0.8818897637795275,1.0
NFIA,-0.7313588629113328,0.5511811023622047,1.0
TM2D1,-0.13968745597189258,0.8267716535433071,1.0
PATJ,0.04905048048628391,0.9606299212598425,1.0
USP1,-0.26595771760730447,0.4015748031496063,1.0
DOCK7,-0.2861620983209261,0.7559055118110236,1.0
ATG4C,-0.39534576592101534,0.2440944881889764,0.9923966216285223
ALG6,0.4902176461436891,0.33858267716535434,0.9923966216285223
ITGB3BP,-0.19127992351281264,0.7165354330708661,1.0
EFCAB7,0.6460718895177724,0.2755905511811024,0.9923966216285223
PGM1,0.26713995320193273,0.5511811023622047,1.0
RAVER2,-0.2607079118279869,0.7401574803149606,1.0
JAK1,-0.3099038605447664,0.11023622047244094,0.9923966216285223
LEPROT,0.405438424768497,0.29133858267716534,0.9923966216285223
LEPR,0.5924005814497257,0.08661417322834646,0.9923966216285223
PDE4B,-0.07444149991308446,0.7007874015748031,1.0
MIER1,0.34483296881586334,0.07086614173228346,0.9923966216285223
SLC35D1,-0.3942198921914768,0.2204724409448819,0.9923966216285223
IL23R,-0.593356000076033,0.5511811023622047,1.0
IL12RB2,-1.4608481506086899,0.1968503937007874,0.9923966216285223
SERBP1,-0.08838816005334493,0.6062992125984252,1.0
GADD45A,0.01213206357323493,0.984251968503937,1.0
DEPDC1,0.9026992470022694,0.5984251968503937,1.0
LRRC40,-0.1237949258370401,0.6929133858267716,1.0
SRSF11,-0.49519405361531454,0.03937007874015748,0.9923966216285223
ANKRD13C,0.04591095800595113,0.889763779527559,1.0
HHLA3,-0.7391987487848848,0.25984251968503935,0.9923966216285223
CTH,-0.031259561310491124,1.0,1.0
AL354872.1,-0.17825242073463743,0.8346456692913385,1.0
ZRANB2,0.06476773793899238,0.8503937007874016,1.0
LRRIQ3,-0.03455936138402094,0.952755905511811,1.0
FPGT,-0.43109659995721605,0.5669291338582677,1.0
CRYZ,-0.5931372954926877,0.13385826771653545,0.9923966216285223
TYW3,-0.10810913749727025,0.8582677165354331,1.0
ACADM,0.11828517168348096,0.7637795275590551,1.0
RABGGTB,0.09186321449966961,0.7401574803149606,1.0
ST6GALNAC3,0.5178984401166198,0.4881889763779528,1.0
TPI1P1,-0.41200731026188286,0.5984251968503937,1.0
PIGK,0.2024377450296857,0.6614173228346457,1.0
AC113935.1,-0.21239041095375288,0.8110236220472441,1.0
ZZZ3,-0.3943855487624095,0.33858267716535434,0.9923966216285223
USP33,-0.10350800937404347,0.7480314960629921,1.0
MIGA1,-0.18969761343559277,0.5748031496062992,1.0
AC138392.1,-0.05568646884536799,0.937007874015748,1.0
FUBP1,-0.2500559263112656,0.2677165354330709,0.9923966216285223
DNAJB4,0.09309517428479275,0.8661417322834646,1.0
AC103591.3,-0.7375551977766772,0.4330708661417323,1.0
AC103591.1,0.3750083210007831,0.7244094488188977,1.0
IFI44L,-0.015896482674670587,0.984251968503937,1.0
IFI44,-0.5631885607307705,0.5196850393700787,1.0
AC104837.1,0.35364584393213594,0.7165354330708661,1.0
PRKACB,-0.16302044127603654,0.5590551181102362,1.0
AL450063.1,-0.3431181486673964,0.7086614173228346,1.0
RPF1,0.06225828462807037,0.7952755905511811,1.0
GNG5,0.25149901959932475,0.4881889763779528,1.0
CTBS,0.036258386355997985,0.937007874015748,1.0
SSX2IP,-0.034046672611258266,0.952755905511811,1.0
MCOLN2,-0.5893922234960636,0.3464566929133858,0.9923966216285223
C1orf52,-0.32965250627878984,0.3543307086614173,0.9923966216285223
BCL10,0.0969581384306828,0.7559055118110236,1.0
CYR61,-0.004439917934154103,1.0,1.0
ZNHIT6,-0.6179026684655398,0.06299212598425197,0.9923966216285223
ODF2L,-0.6442712361783922,0.29133858267716534,0.9923966216285223
SH3GLB1,-0.049013953393109766,0.7086614173228346,1.0
SELENOF,-0.2939962689690301,0.4094488188976378,1.0
HS2ST1,0.6565843708876011,0.047244094488188976,0.9923966216285223
LMO4,0.13155252994301403,0.7007874015748031,1.0
PKN2,-0.6294884516040886,0.07874015748031496,0.9923966216285223
GTF2B,-0.07694029136998104,0.8740157480314961,1.0
KYAT3,0.2265390898774804,0.6614173228346457,1.0
RBMXL1,-0.08611955499101143,0.7637795275590551,1.0
GBP3,0.7090108087601132,0.2755905511811024,0.9923966216285223
GBP1,-0.12008136257767621,0.8503937007874016,1.0
PTGES3P1,-0.3654699267056669,0.3228346456692913,0.9923966216285223
GBP2,-0.14429314393895343,0.6692913385826772,1.0
GBP4,-0.4993371144869245,0.1889763779527559,0.9923966216285223
AC099063.4,0.984909657193568,0.2204724409448819,0.9923966216285223
GBP5,-0.4116748929974161,0.5433070866141733,1.0
LRRC8B,1.317578098043791,0.2677165354330709,0.9923966216285223
LRRC8C-DT,0.14076441778947002,0.8818897637795275,1.0
LRRC8C,0.0860105251076888,0.7795275590551181,1.0
LRRC8D,-0.15917818542615247,0.8031496062992126,1.0
ZNF326,-0.1756759113105577,0.6456692913385826,1.0
ZNF644,-0.08497725230344422,0.5039370078740157,1.0
RPL5P6,-1.1087047404930241,0.14960629921259844,0.9923966216285223
CDC7,-0.4193797549053375,0.5275590551181102,1.0
HSP90B3P,1.3474567549547207,0.14173228346456693,0.9923966216285223
TGFBR3,-0.9898334043819936,0.11811023622047244,0.9923966216285223
GLMN,-1.0021422464698322,0.2755905511811024,0.9923966216285223
RPAP2,-0.13254372938653525,0.7480314960629921,1.0
GFI1,-1.0900192798276152,0.15748031496062992,0.9923966216285223
EVI5,0.9119316899243366,0.2992125984251969,0.9923966216285223
RPL5,-0.36679559206195833,0.12598425196850394,0.9923966216285223
FAM69A,-0.0037186927541785764,0.984251968503937,1.0
MTF2,-0.4894932919204624,0.4015748031496063,1.0
TMED5,0.15083378504990108,0.7795275590551181,1.0
CCDC18,0.06201361639046521,0.8582677165354331,1.0
CCDC18-AS1,-0.14376410033039644,0.7874015748031497,1.0
DR1,-0.36717059646101635,0.08661417322834646,0.9923966216285223
FNBP1L,-0.04825992372160459,0.952755905511811,1.0
BCAR3,0.8526562963308355,0.4330708661417323,1.0
DNTTIP2,-0.28283486635595967,0.3700787401574803,0.9923966216285223
GCLM,-0.20705799730146168,0.5984251968503937,1.0
ABCD3,-0.6059216062899919,0.2677165354330709,0.9923966216285223
CNN3,1.2099041137690372,0.29133858267716534,0.9923966216285223
ALG14,1.2159783044839227,0.14960629921259844,0.9923966216285223
TMEM56,1.8944515841828138,0.2047244094488189,0.9923966216285223
EEF1A1P11,-0.741530825324799,0.5511811023622047,1.0
RPL7P9,-0.43807740086642166,0.2677165354330709,0.9923966216285223
PTBP2,-0.27264532692208077,0.5433070866141733,1.0
DPYD,-0.6215563547181713,0.2047244094488189,0.9923966216285223
SEC63P1,-0.20278755586487662,0.7795275590551181,1.0
AL445433.1,-0.5195777668361696,0.11023622047244094,0.9923966216285223
AGL,-0.20221353480196935,0.5826771653543307,1.0
SLC35A3,-0.25332147200697186,0.5196850393700787,1.0
SASS6,-0.3134082309513282,0.4251968503937008,1.0
TRMT13,-0.7039413056062331,0.33858267716535434,0.9923966216285223
DBT,-0.32614125895464685,0.5039370078740157,1.0
RTCA,0.3513878681772198,0.33070866141732286,0.9923966216285223
CDC14A,-0.3777400353777116,0.3228346456692913,0.9923966216285223
BCAS2P2,-0.7959330036392422,0.4251968503937008,1.0
VCAM1,1.4230046102658296,0.28346456692913385,0.9923966216285223
EXTL2,-0.7860978037009647,0.4409448818897638,1.0
SLC30A7,-0.3509618628038407,0.11811023622047244,0.9923966216285223
DPH5,-0.008853422370443731,0.9763779527559056,1.0
AC093157.1,-0.48459960832970705,0.5354330708661418,1.0
S1PR1,-1.7009815170544664,0.023622047244094488,0.9923966216285223
AL109741.2,-0.30217418560220555,0.7874015748031497,1.0
RPSAP19,0.15529137772829493,0.7795275590551181,1.0
COL11A1,-0.9595079984543227,0.41732283464566927,1.0
RNPC3,-0.5907914902286198,0.047244094488188976,0.9923966216285223
AMY2B,-0.8323420495375462,0.4330708661417323,1.0
AL512844.2,0.16504290828015833,0.8818897637795275,1.0
AL512844.1,-0.8576142597192034,0.5196850393700787,1.0
PRMT6,-0.7377397868915616,0.33070866141732286,0.9923966216285223
AC114491.1,0.40750946664833076,0.1889763779527559,0.9923966216285223
VAV3,-1.0610658669956599,0.06299212598425197,0.9923966216285223
SLC25A24,-0.5818181487973622,0.6614173228346457,1.0
FAM102B,0.7812967581995327,0.14960629921259844,0.9923966216285223
HENMT1,-0.03725006603754366,0.968503937007874,1.0
PRPF38B,-0.1581063335459696,0.5433070866141733,1.0
STXBP3,-0.023250988101851888,0.968503937007874,1.0
GPSM2,-0.19926089152226378,0.8031496062992126,1.0
CLCC1,0.7633741725908885,0.2125984251968504,0.9923966216285223
WDR47,-0.6086441521135497,0.4015748031496063,1.0
BX679664.3,-1.448406940068045,0.015748031496062992,0.9923966216285223
TAF13,0.26293030600399536,0.48031496062992124,1.0
TMEM167B,-0.14416808865718433,0.4409448818897638,1.0
KIAA1324,-0.21956336469925208,0.7086614173228346,1.0
SARS,0.0628675281492388,0.7322834645669292,1.0
CELSR2,-0.690647980968641,0.3858267716535433,1.0
PSRC1,0.5012452202541455,0.6692913385826772,1.0
PSMA5,-0.06028086900046503,0.8976377952755905,1.0
CYB561D1,-1.4132869108932402,0.18110236220472442,0.9923966216285223
AMIGO1,-0.15212416239555537,0.9291338582677166,1.0
GNAI3,-0.13547542396013412,0.5511811023622047,1.0
AMPD2,-0.9889504641356517,0.36220472440944884,0.9923966216285223
GSTM4,-1.014196180472402,0.08661417322834646,0.9923966216285223
GSTM3,-0.5732902311253081,0.4409448818897638,1.0
CSF1,1.0841746485425063,0.33858267716535434,0.9923966216285223
AHCYL1,0.39093139576000624,0.1732283464566929,0.9923966216285223
STRIP1,0.1155879262001287,0.8661417322834646,1.0
AL160006.1,-0.03866240201346449,0.952755905511811,1.0
KCNC4,0.5620117062816554,0.5905511811023622,1.0
RBM15,0.45904304337254853,0.14173228346456693,0.9923966216285223
LAMTOR5-AS1,-0.3720032007967645,0.6535433070866141,1.0
LAMTOR5,0.34150577315212516,0.25196850393700787,0.9923966216285223
AL365361.1,-0.14287699498429252,0.5275590551181102,1.0
KCNA3,-0.17968460075475878,0.7244094488188977,1.0
CD53,0.06963601834362265,0.7874015748031497,1.0
LRIF1,-0.4415566678885394,0.29133858267716534,0.9923966216285223
DRAM2,-0.30252654515565425,0.4251968503937008,1.0
CEPT1,-0.15339296962822946,0.7952755905511811,1.0
DENND2D,-0.29024842684009666,0.49606299212598426,1.0
CHI3L2,0.7925679273751105,0.4645669291338583,1.0
WDR77,-0.32700433204570745,0.7795275590551181,1.0
ATP5F1,0.17849162040475708,0.5669291338582677,1.0
C1orf162,-0.802862559343426,0.2677165354330709,0.9923966216285223
RAP1A,-0.1618972974723185,0.4251968503937008,1.0
DDX20,-0.09874470003213442,0.6850393700787402,1.0
CTTNBP2NL,0.1497428854882641,0.8582677165354331,1.0
ST7L,1.39329752732445,0.07874015748031496,0.9923966216285223
CAPZA1,-0.04769605128277199,0.6692913385826772,1.0
MOV10,-0.7240024839005326,0.3779527559055118,0.9979787009382448
RHOC,-0.16573895199942523,0.9291338582677166,1.0
SLC16A1,-0.33194295379610317,0.6456692913385826,1.0
SLC16A1-AS1,0.10019427238540324,0.8740157480314961,1.0
LRIG2,0.21786540720912217,0.6299212598425197,1.0
MAGI3,0.731982494941017,0.5039370078740157,1.0
AL391058.1,0.1507036650036251,0.8661417322834646,1.0
PHTF1,0.4589696376546568,0.31496062992125984,0.9923966216285223
RSBN1,-0.4273744427584969,0.14960629921259844,0.9923966216285223
AL137856.1,-0.3602484938997177,0.5748031496062992,1.0
PTPN22,-0.09561869859877348,0.7637795275590551,1.0
AP4B1,-0.8817072544650717,0.2047244094488189,0.9923966216285223
DCLRE1B,0.5105395115903004,0.6062992125984252,1.0
HIPK1-AS1,-0.11948161718699102,0.905511811023622,1.0
HIPK1,0.16453904880852566,0.5354330708661418,1.0
TRIM33,-0.32293152310144446,0.15748031496062992,0.9923966216285223
BCAS2,0.03027640986545599,0.905511811023622,1.0
NRAS,-0.02393928997820538,0.9133858267716536,1.0
CSDE1,-0.1220979979489627,0.13385826771653545,0.9923966216285223
SIKE1,-0.2295633285625227,0.3464566929133858,0.9923966216285223
TSPAN2,0.9306488144771716,0.5511811023622047,1.0
VANGL1,0.11820437737823619,0.8188976377952756,1.0
U3,-0.1047403095393955,0.8582677165354331,1.0
ATP1A1,-0.1890867298854335,0.36220472440944884,0.9923966216285223
CD58,0.784091493269953,0.06299212598425197,0.9923966216285223
NAP1L4P1,-0.14534908062289853,0.9291338582677166,1.0
CD2,0.4014440807134658,0.23622047244094488,0.9923966216285223
FTH1P22,-0.22523150890068244,0.9763779527559056,1.0
CD101,1.8593414988356949,0.18110236220472442,0.9923966216285223
TTF2,-0.04364982705063536,0.9212598425196851,1.0
MAN1A2,-0.13365122676490326,0.6692913385826772,1.0
FAM46C,0.40426800464293144,0.08661417322834646,0.9923966216285223
PNRC2P1,-0.6933210877390072,0.3464566929133858,0.9923966216285223
GDAP2,0.1732396185422731,0.36220472440944884,0.9923966216285223
WDR3,0.3347785243344754,0.5354330708661418,1.0
WARS2,1.0079444559868693,0.03937007874015748,0.9923966216285223
AL359915.2,-0.12170850687780277,0.905511811023622,1.0
PHGDH,0.9045396723122368,0.3937007874015748,1.0
NOTCH2,-0.9160117747510341,0.11811023622047244,0.9923966216285223
SEC22B,-0.056062249000008,0.7795275590551181,1.0
AC244669.1,-0.3734357197735827,0.7322834645669292,1.0
U1,0.1728850598667604,0.8818897637795275,1.0
NBPF8,0.21546113701074487,0.7244094488188977,1.0
AC241952.1,0.6101836844688995,0.6377952755905512,1.0
NBPF26,-0.3128096785805887,0.7637795275590551,1.0
RNVU1-19,0.2010974901862994,0.6299212598425197,1.0
LINC00623,-0.26657467405056323,0.7244094488188977,1.0
RNVU1-4,-0.7738966056417196,0.3937007874015748,1.0
FAM72B,0.40988803554454223,0.6771653543307087,1.0
SRGAP2C,-0.42212828727693763,0.5354330708661418,1.0
AL592494.3,-1.0978169656934547,0.11811023622047244,0.9923966216285223
EMBP1,-0.021780166631207187,0.984251968503937,1.0
RNVU1-15,-1.1707667043350503,0.25984251968503935,0.9923966216285223
NBPF15,-1.0082298680859927,0.3543307086614173,0.9923966216285223
SRGAP2B,0.7907726304674096,0.28346456692913385,0.9923966216285223
FAM72D,0.923794361836018,0.1732283464566929,0.9923966216285223
AC245014.3,0.09113870379826317,0.905511811023622,1.0
NBPF20,0.053793434284334474,0.937007874015748,1.0
GPR89A,0.2533007928928921,0.7952755905511811,1.0
CD160,-1.514848624053267,0.30708661417322836,0.9923966216285223
RNF115,-0.5188175469161536,0.18110236220472442,0.9923966216285223
POLR3C,-0.4497981585876225,0.2204724409448819,0.9923966216285223
PIAS3,-0.7763074835201149,0.25196850393700787,0.9923966216285223
ANKRD35,0.693022217103465,0.05511811023622047,0.9923966216285223
PEX11B,0.4247869531010364,0.5039370078740157,1.0
RBM8A,-0.17715411399420233,0.03937007874015748,0.9923966216285223
LIX1L-AS1,0.6612723336194736,0.3858267716535433,1.0
LIX1L,-0.1458418765224474,0.84251968503937,1.0
ANKRD34A,0.6759143007888655,0.36220472440944884,0.9923966216285223
POLR3GL,0.41359321714148667,0.5118110236220472,1.0
TXNIP,-0.6769957017392372,0.5354330708661418,1.0
RNVU1-6,1.2031135627203828,0.2440944881889764,0.9923966216285223
NBPF12,-1.3677083356425594,0.031496062992125984,0.9923966216285223
AC241584.1,-0.497979391693971,0.5826771653543307,1.0
PRKAB2,-0.9279265924011799,0.2204724409448819,0.9923966216285223
FMO5,1.096030694809369,0.14960629921259844,0.9923966216285223
PDIA3P1,0.15339393497992404,0.7165354330708661,1.0
CCT8P1,-0.18256763314906532,0.8031496062992126,1.0
CHD1L,0.3942864889004163,0.2047244094488189,0.9923966216285223
BCL9,-0.24382946107596792,0.7086614173228346,1.0
ACP6,-0.2105210325484146,0.7559055118110236,1.0
GPR89B,-0.24992322849252924,0.8346456692913385,1.0
RNVU1-7,-0.6093579108660325,0.48031496062992124,1.0
NBPF11,-0.8872109372419614,0.09448818897637795,0.9923966216285223
LINC01138,-0.06906343345549959,0.9291338582677166,1.0
AC245100.4,0.03854989648587992,0.952755905511811,1.0
NBPF14,-0.5621326238964843,0.3937007874015748,1.0
PDE4DIP,0.40407565132213374,0.2992125984251969,0.9923966216285223
NBPF9,0.5033242212208813,0.6456692913385826,1.0
AC245297.3,-1.117233263486479,0.1732283464566929,0.9923966216285223
NBPF19,0.10327658411603391,0.889763779527559,1.0
LINC00869,-0.6024991524730932,0.4015748031496063,1.0
HIST2H2BF,0.8612265031417907,0.31496062992125984,0.9923966216285223
AC239868.2,0.6732860055318439,0.4094488188976378,1.0
HIST2H2BE,-0.2521642869196543,0.6141732283464567,1.0
HIST2H2AC,0.24342813588293266,0.7874015748031497,1.0
BOLA1,-0.4051796604017488,0.3543307086614173,0.9923966216285223
SV2A,-0.8192935171097319,0.2440944881889764,0.9923966216285223
SF3B4,-0.1637107439463037,0.44881889763779526,1.0
OTUD7B,-0.21944918387947254,0.5511811023622047,1.0
VPS45,-0.09793344044742014,0.7480314960629921,1.0
PLEKHO1,0.2542749844174752,0.6929133858267716,1.0
ANP32E,-0.25262923666022985,0.5590551181102362,1.0
APH1A,-0.22628151713740774,0.3937007874015748,1.0
C1orf54,1.0406963796773745,0.4566929133858268,1.0
MRPS21,0.006109956598074895,0.984251968503937,1.0
PRPF3,-0.24006024828143602,0.44881889763779526,1.0
RPRD2,0.2994233588205768,0.25984251968503935,0.9923966216285223
TARS2,-0.07488686536472589,0.8582677165354331,1.0
ECM1,-0.2039999017299725,0.8110236220472441,1.0
MCL1,0.300554272375571,0.2755905511811024,0.9923966216285223
ENSA,0.12662476600680694,0.6220472440944882,1.0
GOLPH3L,0.35883478131684843,0.3937007874015748,1.0
CTSS,0.13686128899171468,0.4881889763779528,1.0
CTSK,-0.22564228600035507,0.8346456692913385,1.0
ARNT,-0.2918800741311367,0.2677165354330709,0.9923966216285223
SETDB1,-0.7951981644187018,0.48031496062992124,1.0
CERS2,-0.005833497534018406,0.9921259842519685,1.0
PRUNE1,-0.35355467140165375,0.4566929133858268,1.0
C1orf56,0.32417614402892725,0.6771653543307087,1.0
CDC42SE1,-0.4107502415518445,0.3779527559055118,0.9979787009382448
MLLT11,-0.09399977558717465,0.8267716535433071,1.0
GABPB2,-0.5380091538656986,0.08661417322834646,0.9923966216285223
TNFAIP8L2,-0.3163441880937947,0.8346456692913385,1.0
SCNM1,0.518315052092472,0.05511811023622047,0.9923966216285223
LYSMD1,-1.41850737990849,0.03937007874015748,0.9923966216285223
VPS72,0.22289167108970354,0.6535433070866141,1.0
PIP5K1A,-0.15640018357892238,0.84251968503937,1.0
PSMD4,-0.10798515471114367,0.6771653543307087,1.0
PI4KB,-1.2476900758645213,0.29133858267716534,0.9923966216285223
RFX5,0.10347330435205393,0.7716535433070866,1.0
PSMB4,-0.050537996283833486,0.8188976377952756,1.0
POGZ,-0.37310796918971434,0.2125984251968504,0.9923966216285223
SNX27,-0.014568588650415215,0.9763779527559056,1.0
MRPL9,-1.7057649456971373,0.031496062992125984,0.9923966216285223
TDRKH,-0.04667838385934653,0.968503937007874,1.0
TDRKH-AS1,0.846341905931132,0.4015748031496063,1.0
RORC,0.18130136854661072,0.7322834645669292,1.0
THEM5,0.06414381519815726,0.905511811023622,1.0
THEM4,-0.1574736056834034,0.6220472440944882,1.0
S100A10,0.12626141449963413,0.6850393700787402,1.0
S100A11,0.3843665794843991,0.5275590551181102,1.0
HMGN3P1,-0.15818115714429637,0.9291338582677166,1.0
SPRR3,2.2368318057294667,0.11023622047244094,0.9923966216285223
SPRR1B,2.3306973584452426,0.05511811023622047,0.9923966216285223
SPRR2D,1.0287594853381252,0.3700787401574803,0.9923966216285223
SPRR2A,1.0509247626684821,0.36220472440944884,0.9923966216285223
SPRR2E,0.9899689349447103,0.41732283464566927,1.0
S100A9,0.6825669701993005,0.7086614173228346,1.0
S100A8,0.3357423739405423,0.7322834645669292,1.0
S100A7,1.9644479441051181,0.1732283464566929,0.9923966216285223
S100A6,-0.008019995379481948,0.9606299212598425,1.0
S100A4,-0.30795080412888254,0.5905511811023622,1.0
S100A2,2.233665976196966,0.03937007874015748,0.9923966216285223
CHTOP,-0.13494586364415895,0.6850393700787402,1.0
SNAPIN,0.21771615851126302,0.4881889763779528,1.0
ILF2,-0.3911820569608473,0.29133858267716534,0.9923966216285223
INTS3,0.822772809531858,0.14960629921259844,0.9923966216285223
SLC27A3,0.43499330211720055,0.4881889763779528,1.0
GATAD2B,0.02994624189006334,0.968503937007874,1.0
DENND4B,0.2322011525253327,0.4645669291338583,1.0
CRTC2,0.26351216575222214,0.5984251968503937,1.0
SLC39A1,-0.13317632299102833,0.8267716535433071,1.0
CREB3L4,0.2822012663308253,0.7559055118110236,1.0
JTB,0.3234349240014538,0.2677165354330709,0.9923966216285223
RAB13,0.4008070492099187,0.6850393700787402,1.0
RPS27,-0.31279628355963496,0.2283464566929134,0.9923966216285223
AL358472.1,-0.6068263737499837,0.10236220472440945,0.9923966216285223
TPM3,-0.04654307874469943,0.8740157480314961,1.0
C1orf43,0.12375026795487365,0.7401574803149606,1.0
UBAP2L,-0.2442666607878543,0.4251968503937008,1.0
HAX1,0.36421405814339813,0.16535433070866143,0.9923966216285223
ATP8B2,-0.279519076853898,0.36220472440944884,0.9923966216285223
IL6R,0.3577527057504746,0.5905511811023622,1.0
UBE2Q1,0.08997437150325371,0.31496062992125984,0.9923966216285223
ADAR,0.038114032620883975,0.9133858267716536,1.0
KCNN3,3.67059380300588,0.031496062992125984,0.9923966216285223
PMVK,-0.2175756834820044,0.7874015748031497,1.0
PBXIP1,-0.10387286936776441,0.968503937007874,1.0
PYGO2,-0.23382922110956983,0.47244094488188976,1.0
SHC1,-0.2019018757675708,0.6220472440944882,1.0
CKS1B,0.4912023913396082,0.6456692913385826,1.0
FLAD1,0.9659169482889123,0.23622047244094488,0.9923966216285223
ZBTB7B,0.39218179476657156,0.7086614173228346,1.0
ADAM15,0.6276638436760689,0.5118110236220472,1.0
EFNA4,-1.1330764163282856,0.2125984251968504,0.9923966216285223
SLC50A1,1.1329972725418047,0.015748031496062992,0.9923966216285223
DPM3,1.094179642933622,0.4645669291338583,1.0
TRIM46,-0.8285281243566959,0.30708661417322836,0.9923966216285223
THBS3,-0.6273580373045136,0.25196850393700787,0.9923966216285223
FAM189B,-0.20297762984037337,0.6692913385826772,1.0
SCAMP3,0.3852118481540838,0.14173228346456693,0.9923966216285223
CLK2,0.04224949935320321,0.8661417322834646,1.0
FDPS,-0.5580980300834208,0.3937007874015748,1.0
RUSC1-AS1,-1.1352016410003725,0.28346456692913385,0.9923966216285223
RUSC1,-0.12173185907379569,0.7086614173228346,1.0
ASH1L,-0.14195373842984704,0.6535433070866141,1.0
YY1AP1,-0.46092921043992074,0.29133858267716534,0.9923966216285223
DAP3,0.05393835290939464,0.8267716535433071,1.0
GON4L,-0.27046687446813955,0.5905511811023622,1.0
SYT11,0.001436064240801116,1.0,1.0
RIT1,-0.09118663299232121,0.8503937007874016,1.0
KHDC4,-0.20730392806378095,0.889763779527559,1.0
ARHGEF2,0.26066334632235755,0.29133858267716534,0.9923966216285223
SSR2,0.34083337715624396,0.25196850393700787,0.9923966216285223
UBQLN4,-0.39431745173342136,0.4409448818897638,1.0
LAMTOR2,0.24619870663071985,0.48031496062992124,1.0
LMNA,1.0039945692705023,0.3858267716535433,1.0
SEMA4A,0.6505617788483313,0.33858267716535434,0.9923966216285223
SLC25A44,0.1223420926188421,0.6771653543307087,1.0
PMF1,0.27281085226560187,0.5118110236220472,1.0
PAQR6,0.2089669582492517,0.8031496062992126,1.0
SMG5,-0.9127573617144287,0.6377952755905512,1.0
TMEM79,-0.11003613918548849,0.7795275590551181,1.0
GLMP,-0.23883460980444815,0.7637795275590551,1.0
CCT3,0.12246933678108274,0.5748031496062992,1.0
MEF2D,0.10880529885444012,0.7480314960629921,1.0
IQGAP3,-0.21102350951957938,0.7559055118110236,1.0
TTC24,-1.4516863965425497,0.2047244094488189,0.9923966216285223
NAXE,0.4831312397164691,0.07086614173228346,0.9923966216285223
GPATCH4,0.06254163132283885,0.8346456692913385,1.0
CRABP2,-0.18434211365821107,0.9212598425196851,1.0
ISG20L2,-0.20004029704255455,0.5354330708661418,1.0
RRNAD1,0.7281749561687061,0.4881889763779528,1.0
MRPL24,0.2428962365053291,0.3779527559055118,0.9979787009382448
HDGF,0.1838531637472709,0.5511811023622047,1.0
PRCC,-0.10515138114692224,0.7244094488188977,1.0
SH2D2A,-0.1798933872698001,0.7007874015748031,1.0
AL157713.1,-0.5203953551916891,0.4094488188976378,1.0
ETV3,-0.3855721395287608,0.5039370078740157,1.0
FCRL5,3.412237412248756,0.06299212598425197,0.9923966216285223
FCRL4,2.4989307287898654,0.1732283464566929,0.9923966216285223
FCRL3,-0.09896936784337207,0.8582677165354331,1.0
FCRL2,1.7212179593441068,0.1732283464566929,0.9923966216285223
FCRL1,-0.6050366229686596,0.7244094488188977,1.0
ELL2P1,0.10141007022526272,0.889763779527559,1.0
CD1C,2.003652125542842,0.07086614173228346,0.9923966216285223
MNDA,0.5599891842454767,0.6062992125984252,1.0
PYHIN1,-0.3732492280871531,0.28346456692913385,0.9923966216285223
IFI16,0.11829319438333208,0.4094488188976378,1.0
AIM2,1.3260552671315695,0.3543307086614173,0.9923966216285223
ACKR1,2.307468235348909,0.10236220472440945,0.9923966216285223
DUSP23,-0.6815840701050222,0.2677165354330709,0.9923966216285223
FCRL6,-0.945302977258061,0.3700787401574803,0.9923966216285223
SLAMF8,0.46527488924438276,0.6692913385826772,1.0
AL590560.3,-0.0234543571353798,1.0,1.0
TAGLN2,0.20123604085521585,0.5433070866141733,1.0
PIGM,0.30242561922268063,0.6771653543307087,1.0
IGSF8,-0.44329156720372875,0.2204724409448819,0.9923966216285223
PEA15,0.31008870375220354,0.5354330708661418,1.0
DCAF8,-0.12089442055386268,0.6771653543307087,1.0
PEX19,0.05172199297507518,0.9133858267716536,1.0
COPA,0.4228713432572029,0.2047244094488189,0.9923966216285223
SUMO1P3,-0.8865468124044145,0.36220472440944884,0.9923966216285223
NCSTN,0.753666700308032,0.05511811023622047,0.9923966216285223
SLAMF6,0.08429268670297674,0.8346456692913385,1.0
CD84,-0.04026075569871779,0.9133858267716536,1.0
SLAMF1,0.17250223526135766,0.6299212598425197,1.0
CD48,-0.23921821414585143,0.5118110236220472,1.0
SLAMF7,0.6278122606368708,0.05511811023622047,0.9923966216285223
LY9,-0.16452326631959657,0.6299212598425197,1.0
CD244,0.6838780339719643,0.6299212598425197,1.0
AL354714.2,-0.8406153628033559,0.5196850393700787,1.0
F11R,0.43533192002077925,0.3228346456692913,0.9923966216285223
TSTD1,0.4411228687316564,0.33858267716535434,0.9923966216285223
USF1,0.35358060135052005,0.5039370078740157,1.0
ARHGAP30,-0.21757170104864887,0.5511811023622047,1.0
PFDN2,-0.3221632457300174,0.6692913385826772,1.0
NIT1,-0.7029339584370677,0.5511811023622047,1.0
DEDD,0.02566835551418034,0.8818897637795275,1.0
UFC1,-0.24726025555552855,0.28346456692913385,0.9923966216285223
USP21,1.275321633227045,0.15748031496062992,0.9923966216285223
PPOX,-0.2559605403968628,0.968503937007874,1.0
B4GALT3,0.6153315146003147,0.047244094488188976,0.9923966216285223
NDUFS2,-0.16276498733222855,0.5905511811023622,1.0
FCER1G,-1.4696417828040547,0.29133858267716534,0.9923966216285223
SDHC,0.11981368963030992,0.7559055118110236,1.0
FCGR2A,0.7192691038468468,0.5590551181102362,1.0
HSPA6,-2.5022089652303996,0.14173228346456693,0.9923966216285223
FCGR3A,-1.4380219166567665,0.2283464566929134,0.9923966216285223
FCGR2C,1.1476784178571557,0.2204724409448819,0.9923966216285223
FCGR3B,0.4940542441807434,0.6850393700787402,1.0
FCGR2B,2.3543833545248978,0.05511811023622047,0.9923966216285223
FCRLA,2.2099740794979006,0.14173228346456693,0.9923966216285223
DUSP12,0.2289959059383575,0.48031496062992124,1.0
ATF6,0.4982675986680434,0.015748031496062992,0.9923966216285223
SH2D1B,-0.21309383179552865,0.8976377952755905,1.0
UHMK1,-0.4656785983248728,0.11023622047244094,0.9923966216285223
UAP1,-0.20964443824307466,0.6299212598425197,1.0
DDR2,0.4044205023036238,0.5196850393700787,1.0
HSD17B7,0.4639425135150992,0.2755905511811024,0.9923966216285223
RGS5,1.188125425705013,0.31496062992125984,0.9923966216285223
NUF2,0.5546341675662037,0.5905511811023622,1.0
HMGB3P6,0.6786448166702558,0.31496062992125984,0.9923966216285223
AL390119.1,-0.23029398025242998,0.7322834645669292,1.0
MGST3,0.28754906229226584,0.5511811023622047,1.0
ALDH9A1,0.2754887881958803,0.06299212598425197,0.9923966216285223
TMCO1,0.4813961614072113,0.015748031496062992,0.9923966216285223
UCK2,1.487193992305059,0.03937007874015748,0.9923966216285223
AL596087.1,-0.4412674324323884,0.2125984251968504,0.9923966216285223
POGK,-0.2536407888181591,0.5433070866141733,1.0
TADA1,-0.16602476344137207,0.8188976377952756,1.0
ILDR2,0.32610273865130823,0.6692913385826772,1.0
GPA33,-0.5653042789216621,0.4094488188976378,1.0
POU2F1,0.12547785794547917,0.7637795275590551,1.0
CD247,-0.29365882565556767,0.5511811023622047,1.0
CREG1,-0.012491819577764574,0.9763779527559056,1.0
RCSD1,-0.30266034698809285,0.30708661417322836,0.9923966216285223
MPZL1,1.5927230724983128,0.2047244094488189,0.9923966216285223
MPC2,0.33071381246656806,0.4881889763779528,1.0
DCAF6,-0.20262627140189693,0.5748031496062992,1.0
TIPRL,0.09118613419041743,0.7086614173228346,1.0
RPL34P1,-0.9737439320687171,0.12598425196850394,0.9923966216285223
SFT2D2,0.09216647388839405,0.7480314960629921,1.0
TBX19,-0.8321152212455942,0.2440944881889764,0.9923966216285223
XCL2,-1.4076030097002494,0.3779527559055118,0.9979787009382448
XCL1,-0.15617365143521367,0.8976377952755905,1.0
ATP1B1,-0.03992976971359585,0.952755905511811,1.0
NME7,-1.299458230181052,0.031496062992125984,0.9923966216285223
BLZF1,0.4396279855661245,0.5118110236220472,1.0
SLC19A2,-0.4585163822268785,0.6929133858267716,1.0
F5,0.380904880984998,0.8031496062992126,1.0
C1orf112,-1.2452878867110901,0.23622047244094488,0.9923966216285223
SELL,-0.7220950972935896,0.30708661417322836,0.9923966216285223
SELE,3.3978593367724725,0.05511811023622047,0.9923966216285223
METTL18,0.14726562617969918,0.8031496062992126,1.0
SCYL3,-0.9502116326780952,0.36220472440944884,0.9923966216285223
KIFAP3,-0.3001499944144159,0.5275590551181102,1.0
GORAB,-0.394123015940564,0.47244094488188976,1.0
FMO4,-0.8321634055928551,0.3228346456692913,0.9923966216285223
PRRC2C,-0.06296667548690493,0.6377952755905512,1.0
PFN1P1,0.3237504571099228,0.905511811023622,1.0
RPL4P3,-1.1585489594915495,0.14173228346456693,0.9923966216285223
VAMP4,0.17129826230813716,0.8031496062992126,1.0
METTL13,0.5208320060009073,0.41732283464566927,1.0
DNM3,0.816716479102329,0.44881889763779526,1.0
PIGC,0.1319780280997911,0.8503937007874016,1.0
SUCO,-0.32822651039158934,0.3464566929133858,0.9923966216285223
FASLG,0.8380350941026569,0.2125984251968504,0.9923966216285223
TNFSF4,1.451522271410258,0.047244094488188976,0.9923966216285223
AL645568.1,-0.5826859413384815,0.5748031496062992,1.0
PRDX6,0.2327149706213767,0.28346456692913385,0.9923966216285223
KLHL20,-0.48796029068113356,0.31496062992125984,0.9923966216285223
CENPL,-0.7440915179677967,0.25984251968503935,0.9923966216285223
DARS2,0.873212926019943,0.08661417322834646,0.9923966216285223
GAS5,-0.7370954186785976,0.2283464566929134,0.9923966216285223
ZBTB37,-0.07632340492988643,0.7716535433070866,1.0
RC3H1,0.15853622006785173,0.7559055118110236,1.0
AL121983.2,0.21153190677456934,0.7637795275590551,1.0
RABGAP1L,-0.32300763885499517,0.2204724409448819,0.9923966216285223
CACYBP,-0.2256020113155035,0.6299212598425197,1.0
MRPS14,0.475676663516551,0.3858267716535433,1.0
KIAA0040,-0.10594815518330769,0.5748031496062992,1.0
RPS29P5,0.3713080508961255,0.6377952755905512,1.0
RFWD2,-0.5315025784118577,0.23622047244094488,0.9923966216285223
AL365357.1,0.3438671227549648,0.7637795275590551,1.0
RALGPS2,1.455107685298743,0.2047244094488189,0.9923966216285223
PTPN2P1,-0.17421793491552906,0.7874015748031497,1.0
FAM20B,-0.445001738227786,0.5748031496062992,1.0
TOR3A,0.9792894351731496,0.16535433070866143,0.9923966216285223
ABL2,-0.3809204133333908,0.4566929133858268,1.0
SOAT1,-0.10124599037055759,0.7952755905511811,1.0
TOR1AIP2,-0.32486618803441214,0.1968503937007874,0.9923966216285223
TOR1AIP1,0.0522805502579331,0.8503937007874016,1.0
CEP350,-0.07072359138751594,0.6850393700787402,1.0
QSOX1,0.17797898453061034,0.44881889763779526,1.0
ACBD6,0.5517605509197034,0.2204724409448819,0.9923966216285223
XPR1,-0.396536778729498,0.5039370078740157,1.0
STX6,-0.3983323955350677,0.28346456692913385,0.9923966216285223
MR1,0.12397808529895915,0.7874015748031497,1.0
IER5,-1.3036467782389742,0.031496062992125984,0.9923966216285223
EIF1P3,-0.45716987594189185,0.4094488188976378,1.0
GLUL,-0.49625467532378487,0.1889763779527559,0.9923966216285223
RNASEL,0.2073021545325675,0.7322834645669292,1.0
RGS16,-0.7379374404298993,0.11023622047244094,0.9923966216285223
NPL,1.1395080815698817,0.29133858267716534,0.9923966216285223
DHX9,-0.3309429412369953,0.25984251968503935,0.9923966216285223
LAMC1,2.192912168305568,0.031496062992125984,0.9923966216285223
LAMC2,1.0255980274142749,0.29133858267716534,0.9923966216285223
SMG7,-0.007200302318829621,0.984251968503937,1.0
NCF2,-0.7278375979911105,0.5039370078740157,1.0
ARPC5,-0.06896861721917347,0.7559055118110236,1.0
RGL1,-1.6553558837372717,0.09448818897637795,0.9923966216285223
COLGALT2,0.4326748140071328,0.5669291338582677,1.0
TSEN15,-0.23415502886631678,0.5196850393700787,1.0
C1orf21,-0.14590902606108092,0.889763779527559,1.0
EDEM3,0.016312816100630734,0.984251968503937,1.0
FAM129A,0.5270558213069094,0.023622047244094488,0.9923966216285223
RNF2,-0.29820882672755555,0.6299212598425197,1.0
TRMT1L,0.028405579658906,0.8740157480314961,1.0
SWT1,1.6320424734290224,0.11811023622047244,0.9923966216285223
RPL5P5,-0.032044153875799175,0.9763779527559056,1.0
IVNS1ABP,-0.2482381563162539,0.18110236220472442,0.9923966216285223
TPR,0.12365063242594232,0.3700787401574803,0.9923966216285223
C1orf27,-0.347765084788759,0.4566929133858268,1.0
PTGS2,0.3557940251132474,0.8110236220472441,1.0
RGS18,-0.47437821740241715,0.47244094488188976,1.0
AL513175.1,0.1798987426710177,0.8818897637795275,1.0
AL513175.2,0.16037498362621339,0.6220472440944882,1.0
RGS1,0.7623600722278141,0.06299212598425197,0.9923966216285223
RGS13,-0.5135081914373751,0.84251968503937,1.0
AL136454.1,-0.561565389491725,0.29133858267716534,0.9923966216285223
RGS2,-0.05860209440150044,0.8267716535433071,1.0
UCHL5,0.17115451573995966,0.7244094488188977,1.0
TROVE2,-0.07746283217985361,0.8031496062992126,1.0
GLRX2,-0.15710139471720863,0.9212598425196851,1.0
CDC73,-0.21747460975912603,0.18110236220472442,0.9923966216285223
CFH,-0.7098790233303967,0.6220472440944882,1.0
ASPM,0.7147512891984711,0.5826771653543307,1.0
ZBTB41,-0.5194951558758003,0.2283464566929134,0.9923966216285223
DENND1B,0.07731487506956825,0.7322834645669292,1.0
C1orf53,1.124850767636758,0.15748031496062992,0.9923966216285223
NEK7,-0.1508438541586532,0.4645669291338583,1.0
PTPRC,-0.2694265084971672,0.1968503937007874,0.9923966216285223
PEBP1P3,-0.5641377061092339,0.4881889763779528,1.0
ZNF281,0.13290711574635328,0.7401574803149606,1.0
KIF14,0.547400679538427,0.5905511811023622,1.0
DDX59,-0.06380341985528126,0.8818897637795275,1.0
CAMSAP2,2.0473266887214834,0.031496062992125984,0.9923966216285223
RPL34P6,0.1787380362192179,0.905511811023622,1.0
KIF21B,0.2683281921563925,0.2992125984251969,0.9923966216285223
TMEM9,0.42392691050608233,0.5039370078740157,1.0
CSRP1,1.1232953292335441,0.08661417322834646,0.9923966216285223
RPS10P7,1.1199362503341965,0.06299212598425197,0.9923966216285223
NAV1,0.741470089678419,0.33858267716535434,0.9923966216285223
IPO9,-0.010016937544589766,0.984251968503937,1.0
TIMM17A,0.19684128721808136,0.5511811023622047,1.0
RNPEP,0.26503162043438877,0.4251968503937008,1.0
ARL8A,-0.4617964292800769,0.6535433070866141,1.0
PTPN7,0.07094156542241503,0.8503937007874016,1.0
LGR6,0.13264484937532117,0.8346456692913385,1.0
UBE2T,0.42940511835068396,0.6062992125984252,1.0
PPP1R12B,0.06075836553316849,0.9133858267716536,1.0
AC099336.2,-0.6858879827647577,0.13385826771653545,0.9923966216285223
KDM5B,-0.24423229351513775,0.7637795275590551,1.0
AC098934.3,0.6538994717373656,0.3464566929133858,0.9923966216285223
RABIF,-0.5408135753337131,0.1968503937007874,0.9923966216285223
KLHL12,-0.11145939258968696,0.8110236220472441,1.0
ADIPOR1,0.38656210244833034,0.14173228346456693,0.9923966216285223
CYB5R1,-0.477919924482308,0.3464566929133858,0.9923966216285223
TMEM183A,-0.42634649322173157,0.2125984251968504,0.9923966216285223
LINC01353,-0.7074285690423636,0.2204724409448819,0.9923966216285223
BTG2,-0.2926340931118858,0.31496062992125984,0.9923966216285223
FMOD,-0.6447944261509952,0.5826771653543307,1.0
ATP2B4,-0.12535093861988678,0.7007874015748031,1.0
AL513343.1,-1.5954321885759644,0.047244094488188976,0.9923966216285223
LAX1,1.0234120661075652,0.031496062992125984,0.9923966216285223
SNRPE,0.29386498380993764,0.5590551181102362,1.0
HSPE1P6,-0.4655431565606942,0.6141732283464567,1.0
SOX13,-0.34817955414653,0.6850393700787402,1.0
AL592114.1,-0.9071386258806058,0.2125984251968504,0.9923966216285223
PPP1R15B,-0.36724046759846285,0.047244094488188976,0.9923966216285223
PIK3C2B,-0.05748725916280062,0.9133858267716536,1.0
MDM4,-0.140017115985561,0.5748031496062992,1.0
TMEM81,-1.2820408843292097,0.07874015748031496,0.9923966216285223
RBBP5,-0.4438321924510795,0.06299212598425197,0.9923966216285223
DSTYK,-0.490281743518878,0.3700787401574803,0.9923966216285223
TMCC2,0.9040115353309628,0.3464566929133858,0.9923966216285223
NUAK2,0.6187157171810282,0.6141732283464567,1.0
SNRPGP10,0.3253245569032561,0.3858267716535433,1.0
ELK4,-0.15123084037622636,0.6141732283464567,1.0
NUCKS1,-0.04813487630633162,0.8031496062992126,1.0
RAB29,-0.6923407650789617,0.12598425196850394,0.9923966216285223
SLC41A1,1.1153391730737185,0.11811023622047244,0.9923966216285223
C1orf186,1.6011678928688162,0.14960629921259844,0.9923966216285223
FAM72A,-0.06818360839775095,0.952755905511811,1.0
SRGAP2,0.18042281656523684,0.5433070866141733,1.0
IKBKE,-0.21316987282355004,0.6771653543307087,1.0
RASSF5,0.01704215156578126,0.952755905511811,1.0
EIF2D,0.004159526794601298,0.9921259842519685,1.0
DYRK3,-1.1202339104711392,0.2440944881889764,0.9923966216285223
MAPKAPK2,-0.5003089562261627,0.47244094488188976,1.0
AL591846.1,-0.1333834945755923,0.8818897637795275,1.0
IL24,-0.9787799047047221,0.12598425196850394,0.9923966216285223
FCMR,-0.7101786193972526,0.10236220472440945,0.9923966216285223
PFKFB2,0.9455078542050289,0.3543307086614173,0.9923966216285223
YOD1,-0.2107067844066619,0.7716535433070866,1.0
CD55,-0.687517629170566,0.031496062992125984,0.9923966216285223
CR1,-1.2324829943662983,0.2992125984251969,0.9923966216285223
CD46,-0.41608632681441904,0.03937007874015748,0.9923966216285223
C1orf132,0.0875843078880818,0.952755905511811,1.0
CD34,1.5023250800988992,0.11023622047244094,0.9923966216285223
G0S2,0.4986216551508065,0.7559055118110236,1.0
TRAF3IP3,-0.5114262899140973,0.33070866141732286,0.9923966216285223
DIEXF,-0.4253605991674032,0.47244094488188976,1.0
ST13P19,0.10884656756315358,0.8740157480314961,1.0
HHAT,0.2144146832904923,0.7637795275590551,1.0
RCOR3,-0.3046871628694223,0.4251968503937008,1.0
TRAF5,-0.4986430483844746,0.2204724409448819,0.9923966216285223
LINC00467,1.7264228815697633,0.10236220472440945,0.9923966216285223
SLC30A1,-0.6039766150204429,0.28346456692913385,0.9923966216285223
NEK2,0.7113760493911845,0.5196850393700787,1.0
LPGAT1,-0.16744910010046077,0.6299212598425197,1.0
INTS7,-0.11979877583774634,0.6929133858267716,1.0
DTL,0.2766050522354697,0.8582677165354331,1.0
RPL21P28,-0.2749287375262306,0.6929133858267716,1.0
PPP2R5A,-0.14453028793910505,0.49606299212598426,1.0
TMEM206,0.35661951615541376,0.5511811023622047,1.0
NENF,0.3254401756375507,0.6614173228346457,1.0
ATF3,1.8240422887132097,0.11023622047244094,0.9923966216285223
NSL1,-0.21203312304352817,0.48031496062992124,1.0
TATDN3,-0.9509271740699048,0.3700787401574803,0.9923966216285223
FLVCR1-AS1,-1.1629895817979838,0.10236220472440945,0.9923966216285223
FLVCR1,0.6105232815112256,0.1968503937007874,0.9923966216285223
VASH2,0.5930993851059623,0.5275590551181102,1.0
ANGEL2,-0.4909852949509892,0.07874015748031496,0.9923966216285223
RPS6KC1,0.4422296452494727,0.1889763779527559,0.9923966216285223
SMYD2,-0.517373078874984,0.3228346456692913,0.9923966216285223
AL445305.1,-0.13320346790190074,0.8582677165354331,1.0
CENPF,0.5343160639798468,0.4330708661417323,1.0
GPATCH2,-0.2023148324280486,0.6456692913385826,1.0
RRP15,-0.3839808327053813,0.31496062992125984,0.9923966216285223
LYPLAL1,-0.571623402525339,0.4409448818897638,1.0
EPRS,-0.22346651332982947,0.5275590551181102,1.0
BPNT1,-0.6764638966113754,0.10236220472440945,0.9923966216285223
IARS2,-0.07797945556083175,0.7952755905511811,1.0
RPS15AP12,-0.8004565356415072,0.3779527559055118,0.9979787009382448
RAB3GAP2,-0.2806032361782531,0.3779527559055118,0.9979787009382448
MORF4L1P1,-0.044938469339212084,0.8110236220472441,1.0
MARC2,0.23348766446425373,0.84251968503937,1.0
DUSP10,0.375348292730048,0.5275590551181102,1.0
TAF1A,0.5042417407736217,0.7007874015748031,1.0
MIA3,0.18497440690408418,0.5511811023622047,1.0
AIDA,-0.20044215531589327,0.7086614173228346,1.0
BROX,-0.27997069748007597,0.3543307086614173,0.9923966216285223
AL392172.1,2.441976333505153,0.015748031496062992,0.9923966216285223
DISP1,-1.37993021251448,0.10236220472440945,0.9923966216285223
CAPN2,-0.5809492783499195,0.047244094488188976,0.9923966216285223
TP53BP2,-0.5209203758647236,0.2283464566929134,0.9923966216285223
GTF2IP20,0.6128488080157117,0.5748031496062992,1.0
AC138393.1,1.0232503464893838,0.2440944881889764,0.9923966216285223
FBXO28,0.2182963389564163,0.5118110236220472,1.0
AC092809.3,0.4189024232659404,0.6692913385826772,1.0
DEGS1,-0.09949501505937786,0.6141732283464567,1.0
NVL,-0.6351581769674763,0.41732283464566927,1.0
CNIH4,-0.29324364186611174,0.31496062992125984,0.9923966216285223
WDR26,-0.4467194090822275,0.09448818897637795,0.9923966216285223
LBR,-0.3811173940212287,0.14173228346456693,0.9923966216285223
ENAH,0.17849462191862497,0.84251968503937,1.0
SRP9,-0.0762759177016532,0.7007874015748031,1.0
AL591895.1,-0.29348373769734826,0.5984251968503937,1.0
TMEM63A,-0.9143212839125083,0.047244094488188976,0.9923966216285223
PYCR2,-0.14670395068007025,0.6535433070866141,1.0
SDE2,0.04978533302861976,0.8818897637795275,1.0
H3F3A,-0.4956952701884103,0.48031496062992124,1.0
ACBD3,0.38470598426046543,0.2283464566929134,0.9923966216285223
MIXL1,3.2812754843185554,0.023622047244094488,0.9923966216285223
LIN9,0.0961193563000502,0.8740157480314961,1.0
PARP1,0.18117908132414762,0.6614173228346457,1.0
ITPKB,-0.009503697643539866,0.984251968503937,1.0
PSEN2,-0.4786052031996695,0.6535433070866141,1.0
COQ8A,-0.6659727661459929,0.36220472440944884,0.9923966216285223
BTF3P9,-0.8601902003309694,0.015748031496062992,0.9923966216285223
ZNF678,0.2292526965612236,0.7480314960629921,1.0
SNAP47,0.6412400592794651,0.2283464566929134,0.9923966216285223
JMJD4,0.21153999261969614,0.8346456692913385,1.0
ARF1,0.5344957310119707,0.2204724409448819,0.9923966216285223
C1orf35,-0.36029580190174215,0.15748031496062992,0.9923966216285223
MRPL55,-0.09354665601507506,0.7007874015748031,1.0
GUK1,0.3591814949997483,0.7559055118110236,1.0
IBA57,-0.42039558694294143,0.5196850393700787,1.0
OBSCN,-2.009427321954295,0.06299212598425197,0.9923966216285223
TRIM11,-0.12835490763631396,0.6850393700787402,1.0
HIST3H2A,0.018131749844277678,0.984251968503937,1.0
HIST3H2BB,0.14586810346784262,0.9291338582677166,1.0
RNF187,-0.2191442788485194,0.4094488188976378,1.0
FTH1P2,-0.9937765662112823,0.2677165354330709,0.9923966216285223
RHOU,0.08196515142239225,0.9763779527559056,1.0
RAB4A,-0.10661682338327694,0.7795275590551181,1.0
CCSAP,-0.86550687646168,0.031496062992125984,0.9923966216285223
NUP133,-0.3989316611367837,0.3228346456692913,0.9923966216285223
ABCB10,-0.5898823274302538,0.2125984251968504,0.9923966216285223
TAF5L,-0.04343179106442285,0.889763779527559,1.0
URB2,0.8885199572011082,0.2992125984251969,0.9923966216285223
GALNT2,0.6492089703795321,0.11811023622047244,0.9923966216285223
COG2,-0.16907389824754837,0.6377952755905512,1.0
C1orf198,0.9331495238212031,0.23622047244094488,0.9923966216285223
TTC13,-0.34100342037841713,0.44881889763779526,1.0
ARV1,-0.4170094573119094,0.4645669291338583,1.0
FAM89A,0.8506175844699895,0.4015748031496063,1.0
C1orf131,-0.4912907727309648,0.3228346456692913,0.9923966216285223
GNPAT,-0.2960543109330729,0.2204724409448819,0.9923966216285223
EXOC8,0.05302184969675228,0.9291338582677166,1.0
SPRTN,-0.8329656469205449,0.4330708661417323,1.0
EGLN1,-0.0553556655454539,0.8818897637795275,1.0
AL445524.1,1.4927771541764139,0.14960629921259844,0.9923966216285223
TSNAX,0.28594076072733365,0.5826771653543307,1.0
DISC1,-0.8545595698633306,0.41732283464566927,1.0
SIPA1L2,0.15337431593419093,0.8582677165354331,1.0
MAP10,0.6294833544406122,0.3228346456692913,0.9923966216285223
NTPCR,0.4520485760918227,0.3858267716535433,1.0
PCNX2,-0.11866992337002724,0.8740157480314961,1.0
MAP3K21,-1.0163354212386495,0.18110236220472442,0.9923966216285223
KCNK1,1.2864669630570091,0.18110236220472442,0.9923966216285223
AL355472.1,1.043570046160685,0.1889763779527559,0.9923966216285223
COA6,0.7412205642607947,0.05511811023622047,0.9923966216285223
TARBP1,0.18844997013740183,0.6850393700787402,1.0
IRF2BP2,-0.2742693781289436,0.4015748031496063,1.0
TOMM20,0.017263620253773482,0.952755905511811,1.0
ARID4B,-0.4182252145657852,0.16535433070866143,0.9923966216285223
GGPS1,0.056552181130481216,0.8818897637795275,1.0
TBCE,0.6221692556982745,0.33070866141732286,0.9923966216285223
B3GALNT2,-0.4960098530444652,0.47244094488188976,1.0
LYST,-0.044771665684520734,0.905511811023622,1.0
GPR137B,0.1961373561996762,0.7086614173228346,1.0
ERO1B,0.1021692294971892,0.7716535433070866,1.0
EDARADD,0.4996423919216957,0.6220472440944882,1.0
LGALS8,-0.35367148417225636,0.5196850393700787,1.0
AL359921.2,-1.0944430797510893,0.09448818897637795,0.9923966216285223
HEATR1,-0.36646501580237967,0.4015748031496063,1.0
MTR,-0.2401913575896497,0.4094488188976378,1.0
RPL35P1,-0.7724884894099775,0.5196850393700787,1.0
CHRM3-AS2,-0.6580420712366308,0.4251968503937008,1.0
AL359918.1,-0.6694518329783996,0.5039370078740157,1.0
FH,-0.051954311001554565,0.9448818897637795,1.0
CHML,-0.0026645636974094167,0.9921259842519685,1.0
EXO1,1.1560709746839573,0.10236220472440945,0.9923966216285223
CEP170,-1.0549455778272954,0.2047244094488189,0.9923966216285223
SDCCAG8,-0.26573707099701416,0.47244094488188976,1.0
AKT3,0.581582059008694,0.6456692913385826,1.0
ZBTB18,-1.7115668334124408,0.10236220472440945,0.9923966216285223
ADSS,-0.37870554190834405,0.031496062992125984,0.9923966216285223
DESI2,0.13192494770607777,0.6299212598425197,1.0
HNRNPU,-0.15072459578025388,0.5826771653543307,1.0
EFCAB2,-0.12865450923718402,0.8818897637795275,1.0
SMYD3,-0.21957635773101725,0.7480314960629921,1.0
TFB2M,-0.0732616785959106,0.9448818897637795,1.0
CNST,-0.7628850958681808,0.06299212598425197,0.9923966216285223
SCCPDH,0.16134664746591998,0.7637795275590551,1.0
AHCTF1,-0.06709313542423523,0.8582677165354331,1.0
ZNF669,-0.012173787188118679,1.0,1.0
ZNF124,0.038937153900829635,0.937007874015748,1.0
AL390728.6,-0.061671629291085495,0.889763779527559,1.0
AL390728.4,0.12083722652027085,0.6614173228346457,1.0
ZNF496,-0.8310029357568989,0.3543307086614173,0.9923966216285223
NLRP3,-0.49328242441555314,0.6377952755905512,1.0
SH3BP5L,-0.28579655965692297,0.6456692913385826,1.0
ZNF672,0.4149343425422618,0.4566929133858268,1.0
ZNF692,-0.3852024758371497,0.48031496062992124,1.0
PGBD2,-0.19444756908966943,0.5433070866141733,1.0
SH3YL1,-0.15343061992573492,0.7559055118110236,1.0
ACP1,-0.12328602074287254,0.6299212598425197,1.0
TMEM18,-0.2161751914436998,0.41732283464566927,1.0
EIPR1,-0.9845890041694374,0.11811023622047244,0.9923966216285223
TRAPPC12,0.4070834457742549,0.4251968503937008,1.0
ADI1,0.06153303962639445,0.8818897637795275,1.0
RNASEH1,-0.5401260466020354,0.6771653543307087,1.0
RNASEH1-AS1,-0.5536842225162908,0.5039370078740157,1.0
RPS7,-0.13793192196271242,0.3464566929133858,0.9923966216285223
TMSB4XP2,-0.2999413207862105,0.6692913385826772,1.0
CMPK2,-0.017722549541318244,1.0,1.0
RSAD2,1.783546533025844,0.13385826771653545,0.9923966216285223
RNF144A,-1.2325129727160373,0.031496062992125984,0.9923966216285223
LINC01871,0.2553937247374325,0.7559055118110236,1.0
ID2,-0.8729742748556326,0.18110236220472442,0.9923966216285223
KIDINS220,-0.24046287209925143,0.4330708661417323,1.0
MBOAT2,-0.40885043803438315,0.6220472440944882,1.0
ITGB1BP1,0.09545471393678095,0.8346456692913385,1.0
CPSF3,-0.08222430089239552,0.8188976377952756,1.0
IAH1,-0.282740552275631,0.5118110236220472,1.0
ADAM17,0.09667033423717886,0.8661417322834646,1.0
YWHAQ,-0.28801970698781076,0.05511811023622047,0.9923966216285223
TAF1B,-0.2585645015389808,0.5511811023622047,1.0
AC010969.2,0.6171986652928805,0.18110236220472442,0.9923966216285223
KLF11,-0.8448391287965165,0.12598425196850394,0.9923966216285223
RRM2,0.4245006102853539,0.6850393700787402,1.0
AC007240.1,-0.3564997635531493,0.6456692913385826,1.0
C2orf48,0.312987356031845,0.4251968503937008,1.0
HPCAL1,-0.06606195763974476,0.7716535433070866,1.0
ODC1,0.07394873749993991,0.889763779527559,1.0
NOL10,-0.05157506432393433,0.889763779527559,1.0
PDIA6,1.1405882094404483,0.11023622047244094,0.9923966216285223
PQLC3,-0.3975588785888329,0.2440944881889764,0.9923966216285223
ROCK2,-0.0781123849809564,0.7401574803149606,1.0
AC018463.1,-0.2669244270221236,0.7480314960629921,1.0
E2F6,-0.055013849380225466,0.9763779527559056,1.0
LPIN1,-0.33830682883021534,0.2204724409448819,0.9923966216285223
TRIB2,-0.32229797628302226,0.41732283464566927,1.0
NBAS,0.7669377238987023,0.07086614173228346,0.9923966216285223
DDX1,-0.13434508091725572,0.6377952755905512,1.0
FAM49A,-0.2803346372861677,0.5590551181102362,1.0
SMC6,-0.32595582351634267,0.36220472440944884,0.9923966216285223
GEN1,-0.19130706691004917,0.8740157480314961,1.0
RDH14,-0.018736232381859175,0.984251968503937,1.0
LINC00954,-0.3968160849058334,0.6220472440944882,1.0
TTC32,-0.8201546132228836,0.47244094488188976,1.0
WDR35,-0.5298577707622125,0.2283464566929134,0.9923966216285223
LAPTM4A,-0.09460310622602286,0.6771653543307087,1.0
SDC1,2.6512891578275237,0.14960629921259844,0.9923966216285223
PUM2,-0.09801037071509366,0.44881889763779526,1.0
RHOB,-0.24907913675650128,0.4330708661417323,1.0
AC012065.5,0.3397265208478082,0.7401574803149606,1.0
HS1BP3,0.40957020032334945,0.7716535433070866,1.0
LDAH,-0.2440691597989888,0.49606299212598426,1.0
ATAD2B,-0.34832506155580933,0.2125984251968504,0.9923966216285223
UBXN2A,-0.2201898616054132,0.4094488188976378,1.0
WDCP,-1.4352768751710037,0.2047244094488189,0.9923966216285223
FKBP1B,-0.5732206268268405,0.5590551181102362,1.0
SF3B6,0.36964299624259844,0.31496062992125984,0.9923966216285223
FAM228B,-0.10916741826308929,0.7637795275590551,1.0
TP53I3,1.9355821685057317,0.09448818897637795,0.9923966216285223
ITSN2,-0.3098422964437191,0.06299212598425197,0.9923966216285223
SCARNA21,0.18972370127546911,0.84251968503937,1.0
NCOA1,-0.2376647607228506,0.31496062992125984,0.9923966216285223
PTRHD1,0.44208311225139374,0.3858267716535433,1.0
CENPO,-0.11680925518604424,0.8818897637795275,1.0
ADCY3,0.9708057368854037,0.15748031496062992,0.9923966216285223
DNAJC27,-0.6242027982619889,0.1968503937007874,0.9923966216285223
DNMT3A,0.07460017987120171,0.8503937007874016,1.0
DTNB,1.4868804663509207,0.09448818897637795,0.9923966216285223
ASXL2,0.1977691236163821,0.4015748031496063,1.0
KIF3C,-0.9428513524864255,0.12598425196850394,0.9923966216285223
TRMT112P6,0.5483969954191865,0.4330708661417323,1.0
RAB10,0.08977158254166895,0.5669291338582677,1.0
HADHA,-0.07335182661322293,0.4409448818897638,1.0
HADHB,0.15107225886763231,0.5748031496062992,1.0
SELENOI,-0.22573979055816373,0.3700787401574803,0.9923966216285223
OTOF,-0.8115817849289315,0.2755905511811024,0.9923966216285223
SLC35F6,-1.3142380781105492,0.03937007874015748,0.9923966216285223
CENPA,1.0667470003890687,0.1889763779527559,0.9923966216285223
TMEM214,0.6253819439086064,0.03937007874015748,0.9923966216285223
AGBL5,1.2781525964799803,0.14960629921259844,0.9923966216285223
OST4,0.4974800065034586,0.05511811023622047,0.9923966216285223
PREB,0.9328678723761783,0.09448818897637795,0.9923966216285223
SLC5A6,0.03981979601675345,0.984251968503937,1.0
ATRAID,0.8676631534389534,0.047244094488188976,0.9923966216285223
CAD,0.6360437440691356,0.2125984251968504,0.9923966216285223
MPV17,0.19608080491044788,0.6614173228346457,1.0
GTF3C2,-0.016574148131150324,0.9606299212598425,1.0
AC074117.1,0.5515924689019692,0.48031496062992124,1.0
EIF2B4,0.6798816621504944,0.14173228346456693,0.9923966216285223
SNX17,-0.14459686992695175,0.6141732283464567,1.0
PPM1G,-0.17552272741670905,0.5039370078740157,1.0
NRBP1,-0.04486664220803327,0.9606299212598425,1.0
KRTCAP3,-0.10260640150759737,0.9291338582677166,1.0
IFT172,0.020552462323796927,1.0,1.0
ZNF512,-0.05700818106836181,0.905511811023622,1.0
CCDC121,1.1204822822933647,0.18110236220472442,0.9923966216285223
GPN1,-0.0040443677541928125,0.9921259842519685,1.0
SUPT7L,-0.33958832788279025,0.3700787401574803,0.9923966216285223
SLC4A1AP,0.337701988837078,0.5196850393700787,1.0
MRPL33,-0.2027597417452327,0.6062992125984252,1.0
RBKS,0.39880741993075053,0.6141732283464567,1.0
BABAM2,-0.5648732998455506,0.2755905511811024,0.9923966216285223
FOSL2,-1.0021690881599232,0.28346456692913385,0.9923966216285223
AC104695.3,-1.1839464741294838,0.08661417322834646,0.9923966216285223
AC104695.2,-0.8882484872850471,0.3700787401574803,0.9923966216285223
PPP1CB,-0.39403290595633056,0.06299212598425197,0.9923966216285223
WDR43,-0.22432450623585343,0.5118110236220472,1.0
TOGARAM2,0.6823397470279662,0.44881889763779526,1.0
CLIP4,-0.1332903078472718,0.7952755905511811,1.0
YPEL5,-0.341413723404429,0.5039370078740157,1.0
LBH,-0.6061956305855709,0.13385826771653545,0.9923966216285223
LCLAT1,-0.008381304226849906,0.9921259842519685,1.0
GALNT14,0.12129409886996156,0.905511811023622,1.0
EHD3,1.4293319332277643,0.12598425196850394,0.9923966216285223
MEMO1,1.5227626041094036,0.023622047244094488,0.9923966216285223
DPY30,0.0857178262250029,0.8267716535433071,1.0
SPAST,0.1508405000958577,0.6299212598425197,1.0
SLC30A6,0.4808547175117388,0.2440944881889764,0.9923966216285223
DDX50P1,0.025470392824929355,0.984251968503937,1.0
YIPF4,-0.11539930334850279,0.6377952755905512,1.0
BIRC6,-0.4342959903286818,0.08661417322834646,0.9923966216285223
AL133243.2,-1.0847436839739124,0.11811023622047244,0.9923966216285223
AL133243.3,0.5719251406579695,0.2204724409448819,0.9923966216285223
TTC27,-0.46457224217447246,0.36220472440944884,0.9923966216285223
RASGRP3,0.2580396380481855,0.7637795275590551,1.0
FAM98A,0.5933866144688533,0.2440944881889764,0.9923966216285223
CRIM1,1.1935580143677624,0.4409448818897638,1.0
FEZ2,-0.8464593464280932,0.23622047244094488,0.9923966216285223
AC007382.1,1.2607748897034117,0.15748031496062992,0.9923966216285223
STRN,-0.45116560289189245,0.015748031496062992,0.9923966216285223
HEATR5B,0.07033155547196746,0.8740157480314961,1.0
GPATCH11,-0.004343534077676736,0.9921259842519685,1.0
EIF2AK2,0.0632411627274525,0.905511811023622,1.0
CEBPZOS,0.4901717283089724,0.11023622047244094,0.9923966216285223
CEBPZ,-0.46309007779895417,0.15748031496062992,0.9923966216285223
NDUFAF7,-0.2575408866023645,0.5433070866141733,1.0
PRKD3,-0.11263452581308009,0.7716535433070866,1.0
QPCT,1.0862567362993962,0.2047244094488189,0.9923966216285223
AC006369.1,-0.6990268460167722,0.29133858267716534,0.9923966216285223
CDC42EP3,-0.4753682440223752,0.12598425196850394,0.9923966216285223
ATL2,-0.35157447584788315,0.3464566929133858,0.9923966216285223
RPLP0P6,-0.7071808801995925,0.23622047244094488,0.9923966216285223
HNRNPLL,-0.18474928367368193,0.6456692913385826,1.0
GALM,-0.30660133854975324,0.6220472440944882,1.0
SRSF7,-0.3575683887792458,0.2125984251968504,0.9923966216285223
GEMIN6,-0.6175637107447551,0.2677165354330709,0.9923966216285223
DHX57,-0.17747314758601673,0.5905511811023622,1.0
MORN2,1.263371708020177,0.18110236220472442,0.9923966216285223
SOS1,0.07817506663249585,0.8031496062992126,1.0
MAP4K3,0.03253770674365031,1.0,1.0
AC007388.1,0.19284896077039804,0.6929133858267716,1.0
THUMPD2,0.7461332407930641,0.4330708661417323,1.0
AC009413.1,-2.6992920525170523,0.015748031496062992,0.9923966216285223
EML4,-0.4657542599320994,0.05511811023622047,0.9923966216285223
COX7A2L,0.1849445786426731,0.5748031496062992,1.0
MTA3,-0.6770449377174912,0.07874015748031496,0.9923966216285223
HAAO,0.4975346476359219,0.5590551181102362,1.0
ZFP36L2,-0.7783704851790709,0.14960629921259844,0.9923966216285223
THADA,-0.11418143758640831,0.7086614173228346,1.0
DYNC2LI1,-1.3632936425075455,0.1889763779527559,0.9923966216285223
LRPPRC,-0.6172872479244695,0.11811023622047244,0.9923966216285223
AC019129.1,-0.5872556432933462,0.4566929133858268,1.0
PPM1B,-0.4818908030146831,0.23622047244094488,0.9923966216285223
PREPL,-0.08360726609107161,0.8267716535433071,1.0
CAMKMT,1.0123504241043717,0.15748031496062992,0.9923966216285223
AC012354.2,0.6858265730930029,0.16535433070866143,0.9923966216285223
SRBD1,1.1062567488139354,0.015748031496062992,0.9923966216285223
PRKCE,-0.46161967047431496,0.28346456692913385,0.9923966216285223
EPAS1,0.8809862326871176,0.47244094488188976,1.0
ATP6V1E2,-1.185453691627881,0.2283464566929134,0.9923966216285223
RHOQ,-0.11000141224268312,0.8188976377952756,1.0
PIGF,-0.020898454239485442,0.9763779527559056,1.0
CRIPT,0.5568094610050354,0.5354330708661418,1.0
SOCS5,0.09475793087528972,0.9212598425196851,1.0
MCFD2,-0.12923796675396648,0.7480314960629921,1.0
TTC7A,0.05045206869252006,0.905511811023622,1.0
CALM2,-0.1724551947225308,0.5039370078740157,1.0
MSH2,-0.4623683959561493,0.3543307086614173,0.9923966216285223
MSH6,-0.7036664214453685,0.28346456692913385,0.9923966216285223
FBXO11,0.27155592252241867,0.5433070866141733,1.0
FOXN2,0.5740362280480813,0.13385826771653545,0.9923966216285223
PPP1R21,-0.32537388147296653,0.4566929133858268,1.0
ASB3,-0.49757186253148444,0.6141732283464567,1.0
CHAC2,-0.4661980726051693,0.6456692913385826,1.0
ERLEC1,1.3617016713847399,0.031496062992125984,0.9923966216285223
PSME4,0.2802809075891979,0.3464566929133858,0.9923966216285223
ACYP2,0.8947697401595018,0.16535433070866143,0.9923966216285223
AC008280.3,-1.2710334801682202,0.2125984251968504,0.9923966216285223
SPTBN1,-0.03444459204198935,0.8740157480314961,1.0
EML6,1.461430072309355,0.30708661417322836,0.9923966216285223
RTN4,-0.2961367998873605,0.3937007874015748,1.0
CLHC1,-0.4588889181365745,0.6850393700787402,1.0
RPS27A,-0.20465545941645225,0.28346456692913385,0.9923966216285223
MTIF2,0.47170464492810904,0.18110236220472442,0.9923966216285223
PRORSD1P,-1.368288109001254,0.11811023622047244,0.9923966216285223
CCDC88A,0.9454627039282588,0.15748031496062992,0.9923966216285223
BTF3P5,-0.23253598531263453,0.6692913385826772,1.0
CFAP36,0.024461764300900413,0.9291338582677166,1.0
PPP4R3B,-0.10110650943274901,0.4881889763779528,1.0
PNPT1,0.07349813297076224,0.7716535433070866,1.0
VRK2,-0.06341381019661707,0.8661417322834646,1.0
FANCL,-0.16119109970796064,0.8661417322834646,1.0
EIF3FP3,-0.348478652467894,0.13385826771653545,0.9923966216285223
AC007238.1,-0.761293701249758,0.2283464566929134,0.9923966216285223
BCL11A,-0.31219177000726495,0.8740157480314961,1.0
PAPOLG,-0.13007775763242702,0.7874015748031497,1.0
REL,-0.9600084752602847,0.2047244094488189,0.9923966216285223
PUS10,-0.5490017300434031,0.5826771653543307,1.0
PEX13,0.5389690353945151,0.47244094488188976,1.0
KIAA1841,-0.47219292306661886,0.31496062992125984,0.9923966216285223
AC016747.1,0.4680672937887551,0.5669291338582677,1.0
AHSA2,-0.49163575783371005,0.047244094488188976,0.9923966216285223
USP34,0.22123850198130235,0.5275590551181102,1.0
AC016727.1,-0.5040073729080714,0.5511811023622047,1.0
XPO1,-0.2162278708563532,0.3543307086614173,0.9923966216285223
RPS24P7,-0.6677281161828925,0.25984251968503935,0.9923966216285223
FAM161A,1.1680144265089791,0.1968503937007874,0.9923966216285223
CCT4,-0.30878513093404525,0.4015748031496063,1.0
COMMD1,0.08268921286841735,0.8031496062992126,1.0
B3GNT2,-0.43461349686810724,0.36220472440944884,0.9923966216285223
EHBP1,0.3976744162798225,0.29133858267716534,0.9923966216285223
WDPCP,-0.8516917415845087,0.14173228346456693,0.9923966216285223
MDH1,-0.0727006707427389,0.8661417322834646,1.0
AC016734.1,0.5388561399334497,0.3858267716535433,1.0
AC096664.2,-0.6337722669122376,0.09448818897637795,0.9923966216285223
UGP2,-0.11681803381117728,0.4094488188976378,1.0
VPS54,-0.5998739599533636,0.14960629921259844,0.9923966216285223
PELI1,-0.4317898001667819,0.4566929133858268,1.0
AC012368.1,1.7287670663936627,0.07086614173228346,0.9923966216285223
AC008074.3,1.2428350929518421,0.33858267716535434,0.9923966216285223
AFTPH,-0.38475605019909764,0.4330708661417323,1.0
SERTAD2,-0.3789556622580861,0.1968503937007874,0.9923966216285223
SLC1A4,0.6991130339163281,0.36220472440944884,0.9923966216285223
LINC02576,2.1675571296754472,0.05511811023622047,0.9923966216285223
CEP68,-0.42853369980789235,0.5511811023622047,1.0
RAB1A,0.10341104528537581,0.7874015748031497,1.0
AC007318.1,-0.019283975494504446,0.9606299212598425,1.0
ACTR2,-0.08921076655711069,0.7007874015748031,1.0
SPRED2,-0.0972281685768257,0.8740157480314961,1.0
ETAA1,-0.7132711430054735,0.33070866141732286,0.9923966216285223
C1D,0.06101571491928315,0.8582677165354331,1.0
WDR92,0.03697107597320404,0.84251968503937,1.0
PNO1,0.13188192923826758,0.6929133858267716,1.0
PPP3R1,-0.2735661453710776,0.4881889763779528,1.0
PLEK,-0.4433601590135563,0.2283464566929134,0.9923966216285223
FBXO48,0.8979176184362534,0.06299212598425197,0.9923966216285223
APLF,-0.7186651057822979,0.36220472440944884,0.9923966216285223
ARHGAP25,0.05688585755440112,0.8976377952755905,1.0
GFPT1,0.013849806533811737,0.9763779527559056,1.0
NFU1,0.011301819378622291,0.984251968503937,1.0
AAK1,-0.5224108806966807,0.08661417322834646,0.9923966216285223
ANXA4,-0.09527670998417115,0.9212598425196851,1.0
GMCL1,-0.1876235526681258,0.3779527559055118,0.9979787009382448
SNRNP27,0.09508942642124296,0.5590551181102362,1.0
MXD1,-0.11034452533156092,0.8110236220472441,1.0
PCBP1-AS1,-0.3584285524993174,0.36220472440944884,0.9923966216285223
C2orf42,0.045534660660862425,0.8976377952755905,1.0
TIA1,-0.31360641850194426,0.25984251968503935,0.9923966216285223
PCYOX1,-0.23308365713860102,0.5511811023622047,1.0
SNRPG,0.039639735330806225,0.9448818897637795,1.0
FAM136A,0.4284925347384849,0.2677165354330709,0.9923966216285223
TEX261,-0.030954842829760132,0.889763779527559,1.0
NAGK,0.7110986671559765,0.05511811023622047,0.9923966216285223
MCEE,-0.10525970858965916,0.9212598425196851,1.0
MPHOSPH10,-0.33682214438032254,0.4094488188976378,1.0
PAIP2B,-0.683095433076836,0.4409448818897638,1.0
ZNF638,-0.06479585991772119,0.9448818897637795,1.0
DYSF,-0.19988010661545874,1.0,1.0
RPS20P10,0.07357872439339075,0.905511811023622,1.0
EXOC6B,-1.1994031178139408,0.2440944881889764,0.9923966216285223
SFXN5,0.2662446373226903,0.7637795275590551,1.0
RAB11FIP5,-0.7156617111679908,0.4330708661417323,1.0
SMYD5,-0.5370633376710905,0.2047244094488189,0.9923966216285223
PRADC1,0.3576470324989742,0.7795275590551181,1.0
CCT7,-0.03999190781617834,0.9606299212598425,1.0
FBXO41,0.36508905850790185,0.6771653543307087,1.0
ALMS1,-0.1769928453093379,0.7007874015748031,1.0
TPRKB,-0.302137572108399,0.6377952755905512,1.0
DUSP11,-0.10224106333474481,0.7559055118110236,1.0
STAMBP,-0.009523852574496061,0.937007874015748,1.0
DGUOK,0.16639442421156048,0.8503937007874016,1.0
TET3,-0.2043023449501602,0.5039370078740157,1.0
FNBP1P1,0.4505433607942235,0.6535433070866141,1.0
BOLA3,0.5388220387229223,0.49606299212598426,1.0
BOLA3-AS1,0.5967112462806388,0.49606299212598426,1.0
MOB1A,-0.02316194260513349,0.889763779527559,1.0
MTHFD2,0.348125406001472,0.6377952755905512,1.0
DCTN1,0.4032242984123453,0.5039370078740157,1.0
WDR54,0.23537644226771448,0.6377952755905512,1.0
INO80B,-0.5364973725809226,0.6929133858267716,1.0
MOGS,0.22613027121556506,0.5590551181102362,1.0
CCDC142,-0.2927225280943382,0.8582677165354331,1.0
TTC31,0.4426347526806804,0.33858267716535434,0.9923966216285223
PCGF1,0.4195456561948272,0.4645669291338583,1.0
AUP1,0.7952459104818237,0.28346456692913385,0.9923966216285223
HTRA2,-0.5651632082432577,0.4330708661417323,1.0
DOK1,0.620884953020644,0.07086614173228346,0.9923966216285223
SEMA4F,-0.32256302346525967,0.7952755905511811,1.0
HK2,-1.2157374452180414,0.33858267716535434,0.9923966216285223
POLE4,0.4582364783050368,0.23622047244094488,0.9923966216285223
MRPL19,-0.08960718619769104,0.8346456692913385,1.0
GCFC2,0.25595750994062527,0.5039370078740157,1.0
AC005034.3,1.9290000907957157,0.023622047244094488,0.9923966216285223
SUCLG1,-0.25102718434194493,0.25984251968503935,0.9923966216285223
LDHAP7,-0.2554637705165167,0.7401574803149606,1.0
TRABD2A,-1.7033709583208365,0.14173228346456693,0.9923966216285223
TMSB10,-0.11528505004507927,0.8582677165354331,1.0
AC022210.1,-1.2553538917452778,0.1732283464566929,0.9923966216285223
KCMF1,0.2787772689285246,0.11811023622047244,0.9923966216285223
TCF7L1,0.029924891034407874,0.9763779527559056,1.0
AC093162.1,0.2588415234603443,0.905511811023622,1.0
TGOLN2,-0.24181645416957753,0.3543307086614173,0.9923966216285223
RETSAT,0.4614947308499677,0.2755905511811024,0.9923966216285223
ELMOD3,0.4860862266935908,0.5826771653543307,1.0
CAPG,1.0479402835776463,0.3858267716535433,1.0
MAT2A,-0.27852974848984413,0.6062992125984252,1.0
GGCX,0.6341073163381097,0.47244094488188976,1.0
VAMP8,0.22682211392011897,0.41732283464566927,1.0
VAMP5,0.22366500588281468,0.6850393700787402,1.0
RNF181,0.49870155320678133,0.023622047244094488,0.9923966216285223
TMEM150A,-0.5370336519016936,0.5511811023622047,1.0
USP39,-0.5885262319062177,0.2125984251968504,0.9923966216285223
C2orf68,-0.34570167998213197,0.4094488188976378,1.0
GNLY,0.28666975153555896,0.8976377952755905,1.0
ST3GAL5,-0.3166138257252529,0.31496062992125984,0.9923966216285223
POLR1A,-0.5391177154774534,0.2755905511811024,0.9923966216285223
PTCD3,-0.19774084403256165,0.5511811023622047,1.0
IMMT,0.19003506099852085,0.41732283464566927,1.0
MRPL35,0.4084584182264468,0.5118110236220472,1.0
KDM3A,-0.6846077980362395,0.2125984251968504,0.9923966216285223
CHMP3,-0.3918124098893001,0.3937007874015748,1.0
RNF103,-0.5999155516543535,0.1968503937007874,0.9923966216285223
RMND5A,-0.5163769640377351,0.14960629921259844,0.9923966216285223
CD8A,0.001572157745721725,1.0,1.0
CD8B,-0.47727193823185665,0.33858267716535434,0.9923966216285223
LINC01943,0.8117010104615421,0.41732283464566927,1.0
CYTOR,0.6107241296406167,0.28346456692913385,0.9923966216285223
RNU2-63P,-0.03500200280008681,0.9763779527559056,1.0
KRCC1,-0.23289867307402723,0.5826771653543307,1.0
EIF2AK3,0.3767082007289009,0.4409448818897638,1.0
AC062029.1,-1.5607420073318856,0.08661417322834646,0.9923966216285223
RPIA,-0.4164162160337659,0.2204724409448819,0.9923966216285223
ANKRD36BP2,2.4321925212731035,0.14173228346456693,0.9923966216285223
IGKC,6.485545592473751,0.031496062992125984,0.9923966216285223
IGKJ5,1.140159331493631,0.4015748031496063,1.0
IGKV4-1,3.4298187416815415,0.2283464566929134,0.9923966216285223
IGKV1-5,4.495209398137258,0.12598425196850394,0.9923966216285223
IGKV1-9,1.0661014531683577,0.33070866141732286,0.9923966216285223
IGKV3-11,0.908020253357144,0.7244094488188977,1.0
IGKV3-15,2.2882312344168896,0.44881889763779526,1.0
IGKV3-20,1.2548659118168106,0.6456692913385826,1.0
IGKV2-30,2.712964934332315,0.3700787401574803,0.9923966216285223
IGKV3D-20,-0.12417999319255224,1.0,1.0
AC027612.3,-0.45601306080360615,0.6456692913385826,1.0
MAL,-0.9580286422889515,0.4015748031496063,1.0
MRPS5,0.3081889185850475,0.14960629921259844,0.9923966216285223
ZNF514,0.31730246550545216,0.5354330708661418,1.0
ZNF2,0.2900878573349551,0.7637795275590551,1.0
FAHD2A,0.27219917151651307,0.41732283464566927,1.0
LINC00342,-0.018105528422256434,0.984251968503937,1.0
ANKRD36C,-0.7475820101705777,0.023622047244094488,0.9923966216285223
DUSP2,-0.41630878988461895,0.31496062992125984,0.9923966216285223
STARD7,-0.16021076130581857,0.36220472440944884,0.9923966216285223
TMEM127,0.03651657295527144,0.9133858267716536,1.0
CIAO1,-0.17752282584531454,0.6929133858267716,1.0
SNRNP200,0.3985078338976118,0.09448818897637795,0.9923966216285223
ITPRIPL1,0.30236817939680805,0.5590551181102362,1.0
NCAPH,0.3412118730524778,0.6456692913385826,1.0
ARID5A,-0.5417024352962629,0.5196850393700787,1.0
KANSL3,-0.010196184414322573,0.9606299212598425,1.0
LMAN2L,1.5461340647431303,0.07874015748031496,0.9923966216285223
CNNM4,-0.38601346631598554,0.25984251968503935,0.9923966216285223
CNNM3,-1.1340018100322422,0.1968503937007874,0.9923966216285223
ANKRD39,-0.45713068715292193,0.28346456692913385,0.9923966216285223
SEMA4C,-0.8674215442645723,0.3779527559055118,0.9979787009382448
FAHD2B,0.78084495838272,0.4330708661417323,1.0
ANKRD36,-0.9970622483007876,0.031496062992125984,0.9923966216285223
ANKRD36B,-0.8953589116537946,0.2283464566929134,0.9923966216285223
COX5B,0.21254709657641158,0.5748031496062992,1.0
ACTR1B,-0.18320475996676766,0.7244094488188977,1.0
ZAP70,-1.207750226606676,0.48031496062992124,1.0
TMEM131,0.18422334750071556,0.4645669291338583,1.0
INPP4A,-0.18484617282921434,0.6850393700787402,1.0
COA5,-0.15538936147505122,0.7244094488188977,1.0
UNC50,-0.10854990272329079,0.8031496062992126,1.0
MGAT4A,0.06382269525975914,0.8740157480314961,1.0
AC109826.1,-0.5103239996420159,0.6220472440944882,1.0
TSGA10,0.07494838525370096,0.9133858267716536,1.0
AC019097.1,-0.7721340192006543,0.4566929133858268,1.0
LIPT1,-1.8188000003989615,0.06299212598425197,0.9923966216285223
MITD1,-0.012412300694697898,1.0,1.0
MRPL30,-0.324133290116428,0.48031496062992124,1.0
TXNDC9,-0.35770894472026527,0.44881889763779526,1.0
EIF5B,-0.07592721233415123,0.8267716535433071,1.0
REV1,-0.16874135797394274,0.6850393700787402,1.0
AFF3,-0.867036442934054,0.4566929133858268,1.0
CHST10,1.9581529503709638,0.015748031496062992,0.9923966216285223
PDCL3,0.08643524938420377,0.84251968503937,1.0
RPL31,-0.2072917468396689,0.4409448818897638,1.0
CNOT11,-0.03795496984637836,0.8188976377952756,1.0
RNF149,-0.49750030558438585,0.2283464566929134,0.9923966216285223
MAP4K4,-0.18593262270127298,0.5196850393700787,1.0
IL1R2,1.3468474999810605,0.11811023622047244,0.9923966216285223
IL1R1,1.8001489793207754,0.11811023622047244,0.9923966216285223
IL18R1,-0.7969578194369245,0.25984251968503935,0.9923966216285223
IL18RAP,-0.7960379549948509,0.4645669291338583,1.0
MFSD9,-0.28986248411182647,0.48031496062992124,1.0
TMEM182,-1.886516889425097,0.047244094488188976,0.9923966216285223
MRPS9,-0.41125633764337,0.4094488188976378,1.0
TGFBRAP1,-0.4746512054513019,0.2440944881889764,0.9923966216285223
AC012360.3,0.5724313637964396,0.4094488188976378,1.0
C2orf49,-0.027657275987833074,0.9763779527559056,1.0
FHL2,0.8003108133385792,0.3464566929133858,0.9923966216285223
NCK2,-0.06935244249937789,0.8503937007874016,1.0
UXS1,-0.4582458016656785,0.10236220472440945,0.9923966216285223
EEF1A1P12,-2.8502431169774223,0.015748031496062992,0.9923966216285223
GCC2,-0.5438346939654792,0.16535433070866143,0.9923966216285223
LIMS1,0.19137547346911532,0.6220472440944882,1.0
RANBP2,-0.4183371015157027,0.14173228346456693,0.9923966216285223
CCDC138,0.16042301814416549,0.8031496062992126,1.0
SOWAHC,-0.048090805565805805,1.0,1.0
LINC00116,0.32369010051428315,0.6614173228346457,1.0
BUB1,0.6167812455457442,0.4409448818897638,1.0
RPL5P9,-0.48039348443597474,0.5511811023622047,1.0
BCL2L11,-0.06432619765683967,0.8976377952755905,1.0
MIR4435-2HG,0.5887294217827499,0.2283464566929134,0.9923966216285223
AC017002.3,0.8997196076249989,0.4015748031496063,1.0
ANAPC1,-0.48808337327404816,0.30708661417322836,0.9923966216285223
AC104651.1,-0.05955605717076251,0.8582677165354331,1.0
TMEM87B,0.4761154482206802,0.2047244094488189,0.9923966216285223
FBLN7,-0.13919387613035372,0.8582677165354331,1.0
ZC3H8,-0.28094077363088754,0.4409448818897638,1.0
ZC3H6,-0.8685491441997453,0.023622047244094488,0.9923966216285223
TTL,0.586744037865194,0.015748031496062992,0.9923966216285223
POLR1B,-0.6858128702505701,0.7007874015748031,1.0
CHCHD5,0.11217255989075081,0.8582677165354331,1.0
AC079922.1,-0.9100803809637563,0.031496062992125984,0.9923966216285223
AC079922.2,0.5303753061902485,0.49606299212598426,1.0
SLC20A1,-0.22464587108076994,0.44881889763779526,1.0
CKAP2L,0.44026042356841977,0.6535433070866141,1.0
IL1A,-0.045067197566106776,0.952755905511811,1.0
IL1B,0.7651958053866044,0.6220472440944882,1.0
IL1RN,1.1188383754629487,0.4566929133858268,1.0
PSD4,0.5735867107135002,0.16535433070866143,0.9923966216285223
PAX8-AS1,0.005594126419791845,1.0,1.0
PAX8,0.7940933267895138,0.3858267716535433,1.0
CBWD2,-0.2816537081833932,0.6220472440944882,1.0
RABL2A,0.48524201336905204,0.5354330708661418,1.0
AL078621.1,0.39025523533238227,0.7165354330708661,1.0
SLC35F5,0.5229185587546175,0.2125984251968504,0.9923966216285223
ACTR3,-0.07990415631092063,0.5354330708661418,1.0
DDX18,-0.1342827809066618,0.6692913385826772,1.0
AC009404.1,-1.234798289657264,0.03937007874015748,0.9923966216285223
CCDC93,-0.04087863427025962,0.8976377952755905,1.0
AC009303.4,-0.13254199582537618,0.8818897637795275,1.0
INSIG2,0.30108703095595324,0.4881889763779528,1.0
C2orf76,0.45501681655749815,0.5511811023622047,1.0
DBI,0.234796289094386,0.44881889763779526,1.0
TMEM177,-0.5024264561969674,0.4566929133858268,1.0
PTPN4,-0.6428472488441335,0.2125984251968504,0.9923966216285223
EPB41L5,1.0672071449786338,0.29133858267716534,0.9923966216285223
TMEM185B,1.1021086392435002,0.047244094488188976,0.9923966216285223
RALB,0.21302825926222635,0.5984251968503937,1.0
CLASP1,0.11155738665053683,0.8110236220472441,1.0
RNU4ATAC,0.4596389330231787,0.2047244094488189,0.9923966216285223
NIFK-AS1,-0.7820426160991305,0.18110236220472442,0.9923966216285223
NIFK,-0.25151617679721916,0.7086614173228346,1.0
TSN,-0.10003903558996097,0.7874015748031497,1.0
YWHAZP2,-0.26988586282351923,0.5275590551181102,1.0
GYPC,-0.4849659386836862,0.4409448818897638,1.0
BIN1,-0.20325238656326672,0.8582677165354331,1.0
ERCC3,-0.3861716838352187,0.2440944881889764,0.9923966216285223
MAP3K2,-0.02283721654692794,0.9212598425196851,1.0
IWS1,-0.08058496175387297,0.7952755905511811,1.0
WDR33,0.039667564000361644,0.8346456692913385,1.0
POLR2D,0.7802184560763781,0.12598425196850394,0.9923966216285223
AMMECR1L,-0.20021438022129168,0.5748031496062992,1.0
AC012306.2,0.16736028034870887,0.8582677165354331,1.0
SAP130,0.1016074806190721,0.8503937007874016,1.0
UGGT1,0.17462820787235867,0.4094488188976378,1.0
HS6ST1,1.4695667084074968,0.13385826771653545,0.9923966216285223
SMPD4,-0.07157537010310344,0.8346456692913385,1.0
MZT2B,-0.19601567098683947,0.889763779527559,1.0
CCDC115,-0.12772097524012072,0.7401574803149606,1.0
IMP4,-0.13178302271042952,0.7007874015748031,1.0
PTPN18,-0.22215641405289865,0.48031496062992124,1.0
FAM168B,-0.08585285054625302,0.8740157480314961,1.0
PLEKHB2,0.12241294678791981,0.4251968503937008,1.0
RHOQP2,-0.4846306436136234,0.5590551181102362,1.0
MZT2A,0.33999534565065215,0.7716535433070866,1.0
AC073869.1,-1.3249353052592778,0.3700787401574803,0.9923966216285223
CCDC74A,-0.8576010580378413,0.31496062992125984,0.9923966216285223
MGAT5,-0.24313052829626702,0.6377952755905512,1.0
CCNT2,0.03070702921846724,0.9212598425196851,1.0
RAB3GAP1,1.2879330896148602,0.015748031496062992,0.9923966216285223
ZRANB3,0.2727459854620813,0.8188976377952756,1.0
R3HDM1,0.20962830156641754,0.5275590551181102,1.0
UBXN4,0.2794553002819917,0.031496062992125984,0.9923966216285223
MCM6,-0.3039593215171923,0.5275590551181102,1.0
DARS,-0.1312907343919365,0.7559055118110236,1.0
DARS-AS1,0.23091944401546116,0.889763779527559,1.0
CXCR4,-0.16928827800314927,0.6456692913385826,1.0
HNRNPKP2,-0.4596981481115101,0.4015748031496063,1.0
SPOPL,-0.0028703049020757376,0.9921259842519685,1.0
KYNU,1.798880875100728,0.2440944881889764,0.9923966216285223
ARHGAP15,-0.20430183866442952,0.41732283464566927,1.0
GTDC1,0.06526379115942582,0.7086614173228346,1.0
ZEB2,-1.195753371331823,0.08661417322834646,0.9923966216285223
ACVR2A,-0.38883317452398125,0.7874015748031497,1.0
ORC4,-0.33747489071322523,0.49606299212598426,1.0
MBD5,0.24375155983497887,0.6377952755905512,1.0
EPC2,0.42557549206938017,0.2992125984251969,0.9923966216285223
KIF5C,-0.9787853894923839,0.16535433070866143,0.9923966216285223
MMADHC,-0.11884665250572368,0.7874015748031497,1.0
RBM43,-0.21586379567091818,0.7165354330708661,1.0
NMI,-0.6006704319083358,0.16535433070866143,0.9923966216285223
RIF1,-0.29653913123199604,0.29133858267716534,0.9923966216285223
ARL5A,-0.06717468484859701,0.84251968503937,1.0
STAM2,0.02426489242743113,0.9606299212598425,1.0
FMNL2,0.9535834597779153,0.14960629921259844,0.9923966216285223
PRPF40A,0.04281731821789947,0.8818897637795275,1.0
ARL6IP6,-0.6302044075267386,0.14173228346456693,0.9923966216285223
ATP5A1P2,1.4225625099932206,0.06299212598425197,0.9923966216285223
NR4A2,-0.7165872641312028,0.2677165354330709,0.9923966216285223
GPD2,0.2228353401420602,0.5039370078740157,1.0
FAM133DP,0.18967642816999275,0.7401574803149606,1.0
CYTIP,-0.042350589883392686,0.8661417322834646,1.0
ACVR1C,-1.1790391112153886,0.2283464566929134,0.9923966216285223
ACVR1,-0.27972883298940276,0.5826771653543307,1.0
PKP4,0.7363600318688905,0.14960629921259844,0.9923966216285223
BTF3L4P2,-1.0654637681071266,0.2125984251968504,0.9923966216285223
WDSUB1,-0.6627829480181568,0.3228346456692913,0.9923966216285223
BAZ2B,-0.6760991206041691,0.11023622047244094,0.9923966216285223
MARCH7,-0.5108484846208246,0.2204724409448819,0.9923966216285223
LY75,0.07349565437613048,0.8503937007874016,1.0
RBMS1,-0.21085763678993263,0.47244094488188976,1.0
TANK,0.4828566900624729,0.08661417322834646,0.9923966216285223
LINC01806,0.03309984084598527,0.9448818897637795,1.0
PSMD14,0.07088180504027441,0.905511811023622,1.0
SLC4A10,-1.1565709128457256,0.5196850393700787,1.0
AC009487.2,-0.15166948701163374,0.84251968503937,1.0
DPP4,-0.7451360252553347,0.6299212598425197,1.0
IFIH1,-0.13943799825060044,0.8188976377952756,1.0
GCA,0.36014317581328825,0.5354330708661418,1.0
AC107075.1,-1.0132571095164518,0.11023622047244094,0.9923966216285223
COBLL1,1.4195478768949341,0.4094488188976378,1.0
GALNT3,-0.4952499279058582,0.4015748031496063,1.0
TTC21B,-0.23740938055131,0.5669291338582677,1.0
STK39,-0.48070694263834923,0.09448818897637795,0.9923966216285223
CERS6,-1.484312384810401,0.2440944881889764,0.9923966216285223
SPC25,0.5050607852458757,0.5433070866141733,1.0
DHRS9,1.133057385513564,0.33858267716535434,0.9923966216285223
FASTKD1,-0.049490680888672145,0.9763779527559056,1.0
PPIG,-0.15818277842125283,0.6614173228346457,1.0
PHOSPHO2,0.7011338404764786,0.33858267716535434,0.9923966216285223
KLHL23,-0.34826500375209024,0.7952755905511811,1.0
SSB,-0.2295620128092457,0.5826771653543307,1.0
METTL5,0.02868679894356152,0.968503937007874,1.0
UBR3,0.11020864081312975,0.8188976377952756,1.0
EIF2S2P4,-0.029807938986565752,1.0,1.0
GORASP2,0.6747454410566185,0.031496062992125984,0.9923966216285223
TLK1,0.15293367385692047,0.5354330708661418,1.0
METTL8,-0.12541545293717782,0.7952755905511811,1.0
DCAF17,-0.30548996234556114,0.4881889763779528,1.0
DAP3P2,-1.465420441982061,0.06299212598425197,0.9923966216285223
AC007969.1,0.40319269111150735,0.47244094488188976,1.0
DYNC1I2,0.2223384604611791,0.6062992125984252,1.0
SLC25A12,0.5748390549525046,0.11023622047244094,0.9923966216285223
HAT1,0.20440366173310398,0.6062992125984252,1.0
METAP1D,-0.00040460684250054335,1.0,1.0
ITGA6,-0.18986208908722357,0.6377952755905512,1.0
AC078883.1,0.42538775231940673,0.5984251968503937,1.0
PDK1,1.1196907370350289,0.15748031496062992,0.9923966216285223
MAP3K20,0.6641735294984881,0.4409448818897638,1.0
CDCA7,-0.4580247638870816,0.5196850393700787,1.0
SP3,-0.23323156374398124,0.18110236220472442,0.9923966216285223
OLA1,-0.07356257109023989,0.84251968503937,1.0
CIR1,-0.25967819205312725,0.4645669291338583,1.0
SCRN3,-0.3940089777471196,0.7401574803149606,1.0
GPR155,0.1378171864840576,0.8267716535433071,1.0
WIPF1,-0.2902093442322613,0.14173228346456693,0.9923966216285223
H3F3AP4,-0.029908356791760404,0.9448818897637795,1.0
CHN1,0.05396201566114822,0.9763779527559056,1.0
ATF2,0.20988355339051257,0.29133858267716534,0.9923966216285223
ATP5G3,0.2653290360064364,0.5669291338582677,1.0
LNPK,-0.3461315576483903,0.2992125984251969,0.9923966216285223
AC016739.1,-0.12961919088348672,0.8188976377952756,1.0
MTX2,-0.08298124806572016,0.905511811023622,1.0
HNRNPA3,-0.07756250409699383,0.8346456692913385,1.0
NFE2L2,-0.8221990479566132,0.07874015748031496,0.9923966216285223
AGPS,0.15929610444917675,0.6692913385826772,1.0
RBM45,-0.3041946379760505,0.5826771653543307,1.0
AC009948.1,-0.2390996790531954,0.5118110236220472,1.0
PRKRA,0.6247553529497596,0.2992125984251969,0.9923966216285223
AC009948.2,-0.8629453528857631,0.25984251968503935,0.9923966216285223
FKBP7,1.5171307399799583,0.03937007874015748,0.9923966216285223
PLEKHA3,0.13141397604886862,0.6771653543307087,1.0
TTN,0.7190252825361148,0.13385826771653545,0.9923966216285223
CCDC141,1.1628953306247345,0.14960629921259844,0.9923966216285223
SESTD1,-0.7887199187393001,0.07874015748031496,0.9923966216285223
CWC22,-0.3180663931374683,0.16535433070866143,0.9923966216285223
FTH1P20,-0.40853119626210255,0.2440944881889764,0.9923966216285223
UBE2E3,0.04124178912143961,0.889763779527559,1.0
LINC01934,-1.3269318550872686,0.2047244094488189,0.9923966216285223
ITGA4,-0.6137376663434644,0.06299212598425197,0.9923966216285223
CERKL,-0.7428483871913212,0.09448818897637795,0.9923966216285223
SAP18P2,-1.0054973232123663,0.07086614173228346,0.9923966216285223
SSFA2,0.07430767733831267,0.8976377952755905,1.0
DNAJC10,0.36718654135149453,0.25196850393700787,0.9923966216285223
FRZB,0.8495493340508022,0.5354330708661418,1.0
NCKAP1,-0.2741475770687012,0.8582677165354331,1.0
NUP35,1.419959976329574,0.015748031496062992,0.9923966216285223
CACYBPP2,-0.07946464655808771,0.889763779527559,1.0
ZC3H15,0.2655142084414317,0.28346456692913385,0.9923966216285223
ITGAV,0.5121134405884313,0.6850393700787402,1.0
CALCRL,1.1048118812485401,0.29133858267716534,0.9923966216285223
COL3A1,1.1155521840796814,0.5196850393700787,1.0
COL5A2,0.6054101433998165,0.5984251968503937,1.0
WDR75,-0.11245881231983823,0.8110236220472441,1.0
SLC40A1,-0.9699108294005302,0.13385826771653545,0.9923966216285223
ASNSD1,-0.5450533807988691,0.12598425196850394,0.9923966216285223
ANKAR,-2.0164194547984073,0.06299212598425197,0.9923966216285223
OSGEPL1,1.1344897515052308,0.25196850393700787,0.9923966216285223
ORMDL1,-0.21471766428901873,0.4566929133858268,1.0
PMS1,-0.2362366893985124,0.5984251968503937,1.0
C2orf88,2.211652018555228,0.015748031496062992,0.9923966216285223
HNRNPCP2,-0.1041937469743015,0.5826771653543307,1.0
HIBCH,-0.13485734391149062,0.7952755905511811,1.0
INPP1,-0.1048800916075594,0.8188976377952756,1.0
MFSD6,0.10488670543815903,0.7480314960629921,1.0
NEMP2,-0.9042914855088142,0.2047244094488189,0.9923966216285223
NAB1,0.7021124390823577,0.3779527559055118,0.9979787009382448
GLS,-0.004881929556250775,0.984251968503937,1.0
STAT1,-0.6407197345112445,0.31496062992125984,0.9923966216285223
AC067945.3,-1.215303076162034,0.1732283464566929,0.9923966216285223
STAT4,-0.6707136806279541,0.09448818897637795,0.9923966216285223
MYO1B,-0.06202573817950974,0.9212598425196851,1.0
NABP1,-0.5286257264499152,0.2125984251968504,0.9923966216285223
SLC39A10,-0.09250089200953138,0.8346456692913385,1.0
STK17B,0.22747733618335353,0.4015748031496063,1.0
AC114760.2,0.8498004008113322,0.3937007874015748,1.0
AC020571.1,1.3747579852496066,0.2125984251968504,0.9923966216285223
CCDC150,0.08011885424807685,0.889763779527559,1.0
GTF3C3,-0.4192755709151932,0.25984251968503935,0.9923966216285223
PGAP1,-0.7658524807619351,0.4409448818897638,1.0
ANKRD44,-0.15069142058759777,0.6220472440944882,1.0
AC013264.1,0.4331614978838294,0.7559055118110236,1.0
SF3B1,-0.45252320888165265,0.023622047244094488,0.9923966216285223
COQ10B,0.13519387785474812,0.6141732283464567,1.0
HSPD1,-0.34644285264010755,0.5984251968503937,1.0
HSPE1,-0.46410262859701845,0.4330708661417323,1.0
MOB4,-0.5455966748421606,0.2204724409448819,0.9923966216285223
MARS2,-0.10808651103289924,0.8188976377952756,1.0
PLCL1,-0.9634839451654429,0.3700787401574803,0.9923966216285223
FTCDNL1,0.31758059491814294,0.7165354330708661,1.0
C2orf69,0.15335148100398932,0.7244094488188977,1.0
TYW5,0.0442915281493228,0.937007874015748,1.0
MAIP1,0.13662978429936246,0.7559055118110236,1.0
SPATS2L,0.3430834805641858,0.5354330708661418,1.0
KCTD18,-1.1212118345158677,0.08661417322834646,0.9923966216285223
SGO2,-0.11023624648097652,0.8267716535433071,1.0
BZW1,-0.32561335512084266,0.2283464566929134,0.9923966216285223
CLK1,-0.33174800433293417,0.2283464566929134,0.9923966216285223
PPIL3,-0.2020551732001632,0.6299212598425197,1.0
NIF3L1,0.4911151653674324,0.09448818897637795,0.9923966216285223
ORC2,-0.15266466041757543,0.8346456692913385,1.0
FAM126B,0.32880781179714624,0.2125984251968504,0.9923966216285223
NDUFB3,0.3632752379440847,0.44881889763779526,1.0
CFLAR,0.07900432323770268,0.7401574803149606,1.0
CASP10,1.6584683613155766,0.10236220472440945,0.9923966216285223
CASP8,0.22140368770770724,0.3700787401574803,0.9923966216285223
TRAK2,-0.033522935599402004,0.9133858267716536,1.0
STRADB,-0.21736019749807323,0.8267716535433071,1.0
AC007256.1,0.5515301643243362,0.44881889763779526,1.0
TMEM237,0.2753141579447327,0.5196850393700787,1.0
ALS2,0.4708818184903558,0.41732283464566927,1.0
FZD7,-1.0670657064430766,0.031496062992125984,0.9923966216285223
PSMA2P3,-0.04074853757329899,1.0,1.0
SUMO1,0.005717431682822571,0.9921259842519685,1.0
NOP58,-0.09180163028302601,0.8031496062992126,1.0
BMPR2,0.3204214290164531,0.44881889763779526,1.0
FAM117B,-1.3241642979070245,0.015748031496062992,0.9923966216285223
ICA1L,-0.7731830712628613,0.4094488188976378,1.0
WDR12,0.3704695741084363,0.6771653543307087,1.0
CARF,-2.1273646642880197,0.031496062992125984,0.9923966216285223
NBEAL1,-1.300089038603196,0.10236220472440945,0.9923966216285223
CYP20A1,-0.2646376872252185,0.6062992125984252,1.0
ABI2,0.08583371720650934,0.8188976377952756,1.0
CD28,0.08132238924829238,0.8267716535433071,1.0
CTLA4,1.3357941116907295,0.03937007874015748,0.9923966216285223
ICOS,0.2254854103157733,0.7559055118110236,1.0
INO80D,-0.07420947475131978,0.8031496062992126,1.0
AC007383.2,0.23508094158427517,0.6692913385826772,1.0
NDUFS1,-0.32239738714637856,0.33070866141732286,0.9923966216285223
EEF1B2,-0.16669277710579777,0.4015748031496063,1.0
ZDBF2,-0.5071915856500082,0.5039370078740157,1.0
ADAM23,-0.21786666797938248,1.0,1.0
FASTKD2,0.09078191211849163,0.8976377952755905,1.0
KLF7,-0.14833944714046154,0.7559055118110236,1.0
CREB1,0.18630922203958544,0.3543307086614173,0.9923966216285223
METTL21A,-0.7569707714726128,0.1889763779527559,0.9923966216285223
CCNYL1,0.21155409114782708,0.6299212598425197,1.0
FZD5,-1.303672480117461,0.13385826771653545,0.9923966216285223
PLEKHM3,-0.30516753723731505,0.6614173228346457,1.0
IDH1,0.603745825580198,0.12598425196850394,0.9923966216285223
PIKFYVE,-0.360351106657272,0.23622047244094488,0.9923966216285223
RPE,0.4565868759610465,0.5196850393700787,1.0
KANSL1L,-0.15982169049182549,0.9133858267716536,1.0
LANCL1,-0.10531173183191989,0.6850393700787402,1.0
IKZF2,-1.1979157400180114,0.09448818897637795,0.9923966216285223
SPAG16,-1.2565705732882737,0.13385826771653545,0.9923966216285223
BARD1,0.6439780229737195,0.29133858267716534,0.9923966216285223
ATIC,-0.2010283528365342,0.7480314960629921,1.0
MREG,0.9446941618232598,0.13385826771653545,0.9923966216285223
PECR,0.43832025540310804,0.1732283464566929,0.9923966216285223
XRCC5,-0.02722848185161908,0.9291338582677166,1.0
AC012513.3,-0.5217893774506237,0.5039370078740157,1.0
LINC01963,-1.0808561363261442,0.28346456692913385,0.9923966216285223
SMARCAL1,0.26118860697923507,0.6692913385826772,1.0
RPL37A,0.3383222575451956,0.09448818897637795,0.9923966216285223
IGFBP5,0.5359214980610045,0.6614173228346457,1.0
CXCR2,-1.9913565893097358,0.09448818897637795,0.9923966216285223
ARPC2,-0.010151938011397021,0.9606299212598425,1.0
AC021016.2,0.25789021980770443,0.7716535433070866,1.0
AAMP,0.3124610074856271,0.2047244094488189,0.9923966216285223
PNKD,0.34924846035219437,0.5590551181102362,1.0
TMBIM1,0.01971566010572623,0.9606299212598425,1.0
AC021016.1,-1.327314326738673,0.1732283464566929,0.9923966216285223
CTDSP1,-0.05085352050907321,0.84251968503937,1.0
USP37,-0.24276440511509279,0.6220472440944882,1.0
CNOT9,0.23456978550169794,0.4015748031496063,1.0
PLCD4,0.09269417067426966,0.952755905511811,1.0
ZNF142,-0.9026162525142092,0.3228346456692913,0.9923966216285223
BCS1L,0.463790662496979,0.2755905511811024,0.9923966216285223
RNF25,-0.5733084564380342,0.4566929133858268,1.0
STK36,-0.4327046297639403,0.6299212598425197,1.0
TTLL4,0.10542308308862491,0.8267716535433071,1.0
WNT10A,0.6780881267439312,0.5196850393700787,1.0
CNPPD1,0.3779393591447917,0.18110236220472442,0.9923966216285223
RETREG2,-0.18997596687012308,0.5511811023622047,1.0
ZFAND2B,-0.4685480975128544,0.2204724409448819,0.9923966216285223
ATG9A,-0.44666789274662433,0.6220472440944882,1.0
ANKZF1,-0.6305618482815643,0.2677165354330709,0.9923966216285223
GLB1L,0.9869859007561309,0.2755905511811024,0.9923966216285223
STK16,0.054399161131118756,0.905511811023622,1.0
TUBA4A,-0.09419154344475267,0.9291338582677166,1.0
DNAJB2,-0.0722929822272409,0.9763779527559056,1.0
DNPEP,0.10266629589040388,0.7952755905511811,1.0
GMPPA,0.8533613152737498,0.28346456692913385,0.9923966216285223
CHPF,1.7294951735553488,0.2125984251968504,0.9923966216285223
STK11IP,0.0962685892544135,0.8740157480314961,1.0
EPHA4,0.04813837292000134,0.9291338582677166,1.0
AC009302.1,-0.3773828495210878,0.7480314960629921,1.0
HSPA9P1,-0.16368651215640861,0.8346456692913385,1.0
SGPP2,1.7772564436584655,0.07086614173228346,0.9923966216285223
FARSB,0.30500420363243563,0.16535433070866143,0.9923966216285223
AC016712.1,-0.6650570674830423,0.06299212598425197,0.9923966216285223
ACSL3,-0.29773616931862,0.4645669291338583,1.0
AP1S3,0.7217331119405053,0.5118110236220472,1.0
WDFY1,-0.04212340552097782,0.905511811023622,1.0
MRPL44,-1.0241749363942407,0.14960629921259844,0.9923966216285223
SERPINE2,0.054265209285713656,0.9448818897637795,1.0
CUL3,-0.09705324964584072,0.8188976377952756,1.0
DOCK10,-0.0437403635502136,0.9133858267716536,1.0
IRS1,-0.265482553585074,0.889763779527559,1.0
RHBDD1,0.9075491783580638,0.03937007874015748,0.9923966216285223
COL4A4,1.1197765021020043,0.33858267716535434,0.9923966216285223
MFF,-0.24299908488084654,0.33858267716535434,0.9923966216285223
AGFG1,-0.3515425300745596,0.14173228346456693,0.9923966216285223
CCL20,0.24399734554221997,0.7637795275590551,1.0
TRIP12,-0.039057194711123344,0.905511811023622,1.0
FBXO36,-0.12518435970763275,0.8346456692913385,1.0
SLC16A14,2.265783862196904,0.023622047244094488,0.9923966216285223
SP110,-0.04648249053171316,0.8740157480314961,1.0
SP140,0.41828922769357213,0.2047244094488189,0.9923966216285223
SP140L,-0.2227686946148415,0.33858267716535434,0.9923966216285223
SP100,0.005177262428501805,0.984251968503937,1.0
TPM3P8,-0.8522761750799184,0.3543307086614173,0.9923966216285223
CAB39,-0.17498917831218463,0.5590551181102362,1.0
ITM2C,1.6601543561076575,0.015748031496062992,0.9923966216285223
GPR55,1.9936885667210635,0.1732283464566929,0.9923966216285223
COX20P2,1.2255337209547197,0.1889763779527559,0.9923966216285223
SPATA3-AS1,0.7148225203380176,0.4881889763779528,1.0
PSMD1,0.3108492226877244,0.2755905511811024,0.9923966216285223
AC018738.1,-0.11889754717078471,0.8818897637795275,1.0
B3GNT7,-0.21133369086963905,0.8818897637795275,1.0
ZBTB8OSP2,0.14367846105301796,0.6141732283464567,1.0
NCL,-0.17731585843277387,0.49606299212598426,1.0
PTMA,-0.12867287934792948,0.7007874015748031,1.0
PDE6D,0.056300011147858875,0.8818897637795275,1.0
COPS7B,-0.31375103846535435,0.49606299212598426,1.0
DIS3L2,0.0120149338572908,0.9763779527559056,1.0
TIGD1,-0.12061024169543955,0.8976377952755905,1.0
EIF4E2,0.24040890501260126,0.25984251968503935,0.9923966216285223
GIGYF2,-0.27984688498461097,0.49606299212598426,1.0
INPP5D,-0.35940284788780197,0.10236220472440945,0.9923966216285223
ATG16L1,0.016743872318181197,0.9606299212598425,1.0
DGKD,-0.8726302459850981,0.23622047244094488,0.9923966216285223
USP40,1.2241544829134094,0.2992125984251969,0.9923966216285223
HJURP,0.796728284507604,0.3543307086614173,0.9923966216285223
ARL4C,-0.40798498191467125,0.3858267716535433,1.0
AGAP1,0.06646640607099163,0.952755905511811,1.0
ACKR3,-0.9484851563679517,0.25984251968503935,0.9923966216285223
COPS8,0.07311100104500134,0.7322834645669292,1.0
COL6A3,0.6057413182540432,0.5984251968503937,1.0
LRRFIP1,-0.011066049251406085,0.9763779527559056,1.0
UBE2F,-0.492421184302553,0.3937007874015748,1.0
SCLY,1.4569922051350075,0.10236220472440945,0.9923966216285223
ILKAP,0.07933303770187994,0.8503937007874016,1.0
HES6,0.3699382599419496,0.7480314960629921,1.0
PER2,-0.1392826586910454,0.6299212598425197,1.0
TRAF3IP1,-0.05870225609178892,0.9133858267716536,1.0
ASB1,0.45420959768693603,0.23622047244094488,0.9923966216285223
HDAC4,-0.6844413431623737,0.047244094488188976,0.9923966216285223
NDUFA10,-0.19643717974230057,0.5039370078740157,1.0
COPS9,0.15669509526240688,0.7637795275590551,1.0
ANKMY1,-2.156540201345779,0.031496062992125984,0.9923966216285223
DUSP28,0.7543684372426789,0.25984251968503935,0.9923966216285223
RNPEPL1,0.11128441069035855,0.889763779527559,1.0
CAPN10-AS1,-1.7954679078882694,0.10236220472440945,0.9923966216285223
CAPN10,-0.24954459211014024,0.905511811023622,1.0
MTERF4,-0.4375485530709957,0.2440944881889764,0.9923966216285223
PASK,0.8817356309542754,0.33070866141732286,0.9923966216285223
PPP1R7,0.2455368518180734,0.49606299212598426,1.0
HDLBP,1.2070003236377689,0.05511811023622047,0.9923966216285223
SEPT2,0.20319799553894669,0.12598425196850394,0.9923966216285223
FARP2,-0.20409748657449756,0.5826771653543307,1.0
STK25,-0.21333861607261628,0.8818897637795275,1.0
THAP4,-0.004349751279283165,0.9763779527559056,1.0
ATG4B,-0.5064380371838739,0.23622047244094488,0.9923966216285223
DTYMK,0.16605802389810975,0.7952755905511811,1.0
ING5,0.3428130248084802,0.25196850393700787,0.9923966216285223
D2HGDH,-0.5053499755293842,0.6692913385826772,1.0
PDCD1,-0.05963108641846393,0.968503937007874,1.0
RTP5,-0.8202428845131071,0.5039370078740157,1.0
LINC01881,-0.49703485301530614,0.41732283464566927,1.0
IL5RA,1.4282211525548376,0.11811023622047244,0.9923966216285223
TRNT1,-0.5787809100504306,0.3228346456692913,0.9923966216285223
CRBN,-0.24914175697381324,0.6535433070866141,1.0
AC024060.1,-0.931195567703224,0.30708661417322836,0.9923966216285223
SUMF1,-0.22184036473654123,0.5826771653543307,1.0
SETMAR,-0.7113607303279572,0.4566929133858268,1.0
ITPR1,0.04100749020710204,0.9133858267716536,1.0
BHLHE40-AS1,-1.3904606719170798,0.07874015748031496,0.9923966216285223
BHLHE40,-0.30290827510865714,0.5984251968503937,1.0
ARL8B,-0.10256886640163287,0.7086614173228346,1.0
EDEM1,0.5185232328965688,0.3228346456692913,0.9923966216285223
MRPS36P1,-0.2042853311028363,0.7401574803149606,1.0
LMCD1,0.9289277585537554,0.3858267716535433,1.0
RAD18,0.30948568840327084,0.2992125984251969,0.9923966216285223
SRGAP3,0.34579693418826585,0.7244094488188977,1.0
THUMPD3-AS1,-0.7741725518012146,0.15748031496062992,0.9923966216285223
THUMPD3,0.10346571039081365,0.7401574803149606,1.0
SETD5,-0.028943174355433143,0.8976377952755905,1.0
MTMR14,-0.09618963471526376,0.8582677165354331,1.0
BRPF1,0.8374503184532625,0.07874015748031496,0.9923966216285223
OGG1,-0.5248517094347811,0.6771653543307087,1.0
TADA3,0.12218302651530166,0.7480314960629921,1.0
ARPC4,-0.02762003440865879,0.9921259842519685,1.0
TTLL3,-0.8935250392250911,0.2283464566929134,0.9923966216285223
RPUSD3,0.19089056104567037,0.7244094488188977,1.0
JAGN1,-1.1636611584075984,0.09448818897637795,0.9923966216285223
IL17RE,-0.5889618613156785,0.4015748031496063,1.0
CRELD1,0.6308512681770879,0.23622047244094488,0.9923966216285223
EMC3,0.3309539679953861,0.14960629921259844,0.9923966216285223
CIDECP,-0.23931416813273998,0.7716535433070866,1.0
FANCD2,-0.27800521757038066,0.5984251968503937,1.0
BRK1,-0.012131049497587476,0.9606299212598425,1.0
VHL,-0.01363603300729288,0.9763779527559056,1.0
IRAK2,-0.5546207560657801,0.2283464566929134,0.9923966216285223
TATDN2,-0.0762953343970505,0.7716535433070866,1.0
LINC00852,-0.2735060336459221,0.8582677165354331,1.0
SEC13,0.535102316175986,0.2047244094488189,0.9923966216285223
ATG7,0.6303052078315696,0.4645669291338583,1.0
VGLL4,-0.6542977251960158,0.30708661417322836,0.9923966216285223
TAMM41,-0.16474816803641712,0.8267716535433071,1.0
PPARG,1.0069813446224032,0.12598425196850394,0.9923966216285223
TSEN2,0.9433131467027018,0.2047244094488189,0.9923966216285223
MKRN2,-0.009220122669971964,0.968503937007874,1.0
RAF1,-0.39003268434822136,0.5748031496062992,1.0
RPL32,-0.4340101495894597,0.031496062992125984,0.9923966216285223
IQSEC1,-0.0936241232414865,0.7007874015748031,1.0
NUP210,-0.2292266239010905,0.7401574803149606,1.0
HDAC11,0.21624735529075068,0.8110236220472441,1.0
CHCHD4,0.48830560754000363,0.3779527559055118,0.9979787009382448
TMEM43,1.4845273024199912e-05,1.0,1.0
XPC,0.199328816584587,0.41732283464566927,1.0
LSM3,0.3784174251509098,0.2992125984251969,0.9923966216285223
SLC6A6,0.21653856667811322,0.6377952755905512,1.0
CCDC174,-0.6421955476839791,0.2755905511811024,0.9923966216285223
FGD5-AS1,-0.6462003198410997,0.06299212598425197,0.9923966216285223
NR2C2,-0.4553756729194598,0.3700787401574803,0.9923966216285223
MRPS25,0.7773715546681927,0.07086614173228346,0.9923966216285223
RBSN,-0.06322390545805145,0.8976377952755905,1.0
CAPN7,0.14696002608796999,0.5511811023622047,1.0
SH3BP5-AS1,-0.3141757088758108,0.7480314960629921,1.0
METTL6,0.6750449091215893,0.2204724409448819,0.9923966216285223
EAF1,-0.8651807880265663,0.13385826771653545,0.9923966216285223
HACL1,-0.8919972536183685,0.3937007874015748,1.0
BTD,-1.122741980387291,0.25196850393700787,0.9923966216285223
ANKRD28,0.6114855814032483,0.015748031496062992,0.9923966216285223
DPH3,0.3348144120528902,0.4330708661417323,1.0
OXNAD1,-0.32942611919344067,0.33070866141732286,0.9923966216285223
RFTN1,0.13580130720351136,0.8031496062992126,1.0
AC090948.3,-1.1772575014058302,0.30708661417322836,0.9923966216285223
PLCL2,-0.2298429088241596,0.4015748031496063,1.0
TBC1D5,0.03367518192188168,0.8346456692913385,1.0
SATB1,-1.0902913597768267,0.2204724409448819,0.9923966216285223
SATB1-AS1,-1.6641281748566823,0.015748031496062992,0.9923966216285223
RAB5A,-0.22532231968621907,0.49606299212598426,1.0
KAT2B,0.08334880180310655,0.7165354330708661,1.0
SGO1,0.745827309599723,0.13385826771653545,0.9923966216285223
HMGB1P5,0.009352965333506269,0.984251968503937,1.0
UBE2E2,-0.9025160156836316,0.2755905511811024,0.9923966216285223
UBE2E1,-0.33661134724093866,0.13385826771653545,0.9923966216285223
NKIRAS1,0.4430405402278661,0.6850393700787402,1.0
RPL15,-0.0032179046289080304,0.9921259842519685,1.0
NR1D2,-1.1587849223028384,0.047244094488188976,0.9923966216285223
TOP2B,-0.4123309469452643,0.06299212598425197,0.9923966216285223
NGLY1,0.022607999392665334,0.952755905511811,1.0
OXSM,-0.23694636323535545,0.7637795275590551,1.0
SLC4A7,-0.07265168635783681,0.7007874015748031,1.0
AC098614.1,0.9462222913317055,0.06299212598425197,0.9923966216285223
LINC02084,-1.0266396495027754,0.023622047244094488,0.9923966216285223
EOMES,-0.08276928111961279,0.8740157480314961,1.0
CMC1,-0.5109657015948175,0.3464566929133858,0.9923966216285223
AZI2,0.29876454309912015,0.5275590551181102,1.0
TGFBR2,-0.30768662978552097,0.47244094488188976,1.0
AC096921.2,-0.02667234013851494,1.0,1.0
THRAP3P1,-0.10797294076152664,0.9291338582677166,1.0
STT3B,0.12197073004061476,0.5984251968503937,1.0
OSBPL10,1.8355648722984574,0.1889763779527559,0.9923966216285223
GPD1L,0.06172044274447597,0.8818897637795275,1.0
CMTM8,0.14808518120988357,0.8031496062992126,1.0
CMTM7,0.06424735164638928,0.7874015748031497,1.0
CMTM6,0.11169017936539571,0.7007874015748031,1.0
DYNC1LI1,-0.3064698475337382,0.3464566929133858,0.9923966216285223
RPL30P4,-0.38693630514769684,0.14960629921259844,0.9923966216285223
CNOT10,0.26884289842699083,0.2992125984251969,0.9923966216285223
CCR4,0.12254633117159486,0.8582677165354331,1.0
GLB1,0.7898984410488499,0.06299212598425197,0.9923966216285223
CRTAP,0.06600184216981564,0.7244094488188977,1.0
UBP1,-0.24560310736276314,0.5354330708661418,1.0
CLASP2,0.25673256186084625,0.5511811023622047,1.0
PDCD6IP,-0.15154349686169866,0.7401574803149606,1.0
AC105749.1,-1.7151232319621943,0.11023622047244094,0.9923966216285223
TRANK1,-0.2812605073368637,0.3543307086614173,0.9923966216285223
EPM2AIP1,-0.4146467051311209,0.25196850393700787,0.9923966216285223
MLH1,-0.09852801377404319,0.5590551181102362,1.0
RPL29P11,-0.8993142662158129,0.23622047244094488,0.9923966216285223
LRRFIP2,0.03836291349427512,0.9291338582677166,1.0
GOLGA4,-0.05541647737443345,0.8661417322834646,1.0
TCEA1P2,0.33599962462034316,0.5275590551181102,1.0
VILL,-0.6091022869474809,0.41732283464566927,1.0
PLCD1,-1.3343838849962166,0.29133858267716534,0.9923966216285223
ACAA1,-1.1840245704994912,0.14960629921259844,0.9923966216285223
MYD88,-0.5601326912336013,0.1968503937007874,0.9923966216285223
OXSR1,-0.5950412494741109,0.12598425196850394,0.9923966216285223
ACVR2B,-1.4805585493962896,0.12598425196850394,0.9923966216285223
EXOG,-0.08059465196467208,0.8346456692913385,1.0
WDR48,0.04098435191507477,0.8188976377952756,1.0
GORASP1,2.194789876454913,0.08661417322834646,0.9923966216285223
CSRNP1,-0.3582030528849822,0.5748031496062992,1.0
CX3CR1,-1.0495292202545246,0.5826771653543307,1.0
SLC25A38,-0.13553363474031865,0.6692913385826772,1.0
RPSA,-0.29820278091905195,0.33070866141732286,0.9923966216285223
EIF1B,0.07854860850053935,0.7559055118110236,1.0
ENTPD3-AS1,0.302652754328002,0.5511811023622047,1.0
RPL14,-0.30149761637981776,0.11811023622047244,0.9923966216285223
ZNF619,1.2347357079996042,0.08661417322834646,0.9923966216285223
ZNF621,-0.12882814718442415,0.7244094488188977,1.0
AC099560.2,-0.4145173741844488,0.28346456692913385,0.9923966216285223
CTNNB1,-0.40869216158826305,0.25984251968503935,0.9923966216285223
ULK4,-0.2224638051729948,0.7874015748031497,1.0
TRAK1,-0.15243240983846906,0.6614173228346457,1.0
AC092047.1,-1.2290443609513804,0.25984251968503935,0.9923966216285223
SEC22C,0.13855626357057105,0.5118110236220472,1.0
SS18L2,0.04748910741141099,0.8740157480314961,1.0
NKTR,-0.30841659992325,0.1968503937007874,0.9923966216285223
HIGD1A,-0.3301722340367075,0.2755905511811024,0.9923966216285223
POMGNT2,-1.0747029939287986,0.2125984251968504,0.9923966216285223
SNRK,-1.0651367543625678,0.05511811023622047,0.9923966216285223
ANO10,0.19549097299505247,0.8582677165354331,1.0
ABHD5,-0.10689022104855628,0.9133858267716536,1.0
TCAIM,-0.3837334530239396,0.5118110236220472,1.0
ZNF445,0.18844754441874034,0.5433070866141733,1.0
ZNF852,0.07285904873668803,0.905511811023622,1.0
ZKSCAN7,0.09244885821839399,0.9212598425196851,1.0
ZNF197,-0.5844744974997536,0.4251968503937008,1.0
KIAA1143,-0.2167968076896969,0.31496062992125984,0.9923966216285223
KIF15,-0.06869034294716592,0.7480314960629921,1.0
TMEM42,1.06322104955029,0.05511811023622047,0.9923966216285223
ZDHHC3,0.2316746416101605,0.4645669291338583,1.0
EXOSC7,-0.032529519172083354,0.9448818897637795,1.0
RPS24P8,-1.0752862302789974,0.29133858267716534,0.9923966216285223
LARS2,-0.3129997325956402,0.7322834645669292,1.0
LIMD1,0.20965638353693583,0.7401574803149606,1.0
SACM1L,0.059785025200823405,0.7952755905511811,1.0
LZTFL1,0.08033886306249016,0.8503937007874016,1.0
FYCO1,-0.08309152611507908,0.84251968503937,1.0
CXCR6,0.09018324203692796,0.8503937007874016,1.0
CCR3,-0.6953581541820164,0.4015748031496063,1.0
CCR1,0.6289757432649461,0.3543307086614173,0.9923966216285223
CCR2,1.249139757193725,0.4409448818897638,1.0
CCR5,0.38261292663335666,0.4645669291338583,1.0
CCRL2,-0.46502670945230373,0.7165354330708661,1.0
LRRC2,0.23473397811269203,0.7480314960629921,1.0
CCDC12,0.10653668520554493,0.6141732283464567,1.0
NBEAL2,0.8284074443789846,0.4094488188976378,1.0
SETD2,-0.16305564933030237,0.5590551181102362,1.0
KIF9,0.41720074076018765,0.7165354330708661,1.0
KLHL18,-0.939078427545252,0.06299212598425197,0.9923966216285223
AC099778.1,-0.45558006253638883,0.5984251968503937,1.0
PTPN23,0.0400970600748245,0.8818897637795275,1.0
SCAP,-0.782870133538049,0.4645669291338583,1.0
ELP6,0.3872140968043212,0.3228346456692913,0.9923966216285223
SMARCC1,-0.08068588404025956,0.6850393700787402,1.0
DHX30,-0.02808727749958262,0.937007874015748,1.0
MAP4,0.3428313291968408,0.03937007874015748,0.9923966216285223
CDC25A,0.40259015006088017,0.6299212598425197,1.0
NDUFB1P1,-0.1399382004576717,0.7322834645669292,1.0
ZNF589,-1.3245236110703238,0.05511811023622047,0.9923966216285223
NME6,0.004096163795380914,0.9921259842519685,1.0
CCDC51,-2.0562795374818106,0.023622047244094488,0.9923966216285223
TMA7,0.0605016057889074,0.7716535433070866,1.0
SHISA5,0.4428382011848466,0.2125984251968504,0.9923966216285223
UQCRC1,1.4165637170756664,0.015748031496062992,0.9923966216285223
SLC26A6,1.3109417574763407,0.18110236220472442,0.9923966216285223
NCKIPSD,-0.17549140682876185,0.5826771653543307,1.0
IP6K2,0.1945263991476862,0.44881889763779526,1.0
PRKAR2A,-0.06640355966202094,0.7401574803149606,1.0
SLC25A20,-0.5770486189008954,0.48031496062992124,1.0
ARIH2,-0.2996759181321398,0.25196850393700787,0.9923966216285223
P4HTM,0.2419512768069758,0.8031496062992126,1.0
DALRD3,-0.02489561747733182,0.984251968503937,1.0
NDUFAF3,0.38833895581630795,0.2677165354330709,0.9923966216285223
IMPDH2,-0.22948533466585452,0.5354330708661418,1.0
QRICH1,-0.3060577200756054,0.14173228346456693,0.9923966216285223
QARS,-0.2578964820487082,0.11023622047244094,0.9923966216285223
USP19,0.00514346441671254,0.9921259842519685,1.0
CCDC71,-0.40094014378389464,0.5196850393700787,1.0
C3orf62,-0.6187705732508091,0.18110236220472442,0.9923966216285223
USP4,-0.134693464843183,0.6062992125984252,1.0
GPX1,0.8035813779935195,0.2440944881889764,0.9923966216285223
RHOA,0.2270974898488589,0.5590551181102362,1.0
TCTA,-0.6760144368943735,0.8976377952755905,1.0
DAG1,0.5327569321936036,0.3937007874015748,1.0
APEH,0.4431486368049997,0.48031496062992124,1.0
GMPPB,1.2359128478434371,0.1732283464566929,0.9923966216285223
IP6K1,0.05117880051976176,0.9212598425196851,1.0
UBA7,0.28539258219893604,0.6220472440944882,1.0
TRAIP,0.17837722163488312,0.8661417322834646,1.0
MON1A,-0.7152842437650948,0.25984251968503935,0.9923966216285223
RBM6,-0.013286647762460468,1.0,1.0
RBM5,0.03903283203891661,0.8346456692913385,1.0
GNAI2,-0.2692919115900496,0.7795275590551181,1.0
IFRD2,0.26336956304721704,0.7637795275590551,1.0
NAT6,-0.988732507566493,0.25984251968503935,0.9923966216285223
TUSC2,-0.23825174691785733,0.3779527559055118,0.9979787009382448
RASSF1,-0.6304836061766288,0.15748031496062992,0.9923966216285223
NPRL2,-1.6692979069930671,0.047244094488188976,0.9923966216285223
CYB561D2,0.22091173190836155,0.4881889763779528,1.0
TMEM115,0.23908343578819147,0.8346456692913385,1.0
C3orf18,0.023999656626180865,0.968503937007874,1.0
HEMK1,0.08138739056245203,0.9291338582677166,1.0
CISH,0.2856992903749327,0.7637795275590551,1.0
MAPKAPK3,0.1586634102373301,0.7401574803149606,1.0
MANF,1.093297743286624,0.09448818897637795,0.9923966216285223
RBM15B,-0.27097332593532464,0.4015748031496063,1.0
DCAF1,-0.26073759038613975,0.3779527559055118,0.9979787009382448
RAD54L2,-0.05228514361126102,0.8818897637795275,1.0
TEX264,-0.17060928040748546,0.9291338582677166,1.0
RRP9,0.65377024195084,0.09448818897637795,0.9923966216285223
PARP3,0.6163797456468343,0.5433070866141733,1.0
PCBP4,1.002793300760552,0.4015748031496063,1.0
ABHD14B,-0.1800920091628484,0.6692913385826772,1.0
ABHD14A,0.11382518194919555,0.8582677165354331,1.0
RPL29,-0.02684963135981633,0.9763779527559056,1.0
DUSP7,0.38430202677122116,0.28346456692913385,0.9923966216285223
POC1A,0.5243107753414948,0.49606299212598426,1.0
ALAS1,-0.2473698273317222,0.6377952755905512,1.0
TWF2,-0.7681797549971772,0.4015748031496063,1.0
PPM1M,-0.2872517982157774,0.5669291338582677,1.0
WDR82,-0.28124968904318237,0.33070866141732286,0.9923966216285223
GLYCTK,-0.3295557630482384,0.6692913385826772,1.0
DNAH1,-0.5919980272136671,0.4881889763779528,1.0
AC092045.1,-0.3277079781227661,0.30708661417322836,0.9923966216285223
BAP1,-0.30570807717567483,0.41732283464566927,1.0
PHF7,-0.15462248858677619,0.5984251968503937,1.0
NISCH,-0.5493236598666673,0.14960629921259844,0.9923966216285223
NT5DC2,1.287435309967651,0.41732283464566927,1.0
SMIM4,-0.76327957671363,0.29133858267716534,0.9923966216285223
PBRM1,0.14457002362910565,0.2755905511811024,0.9923966216285223
GNL3,0.6480080210943422,0.14960629921259844,0.9923966216285223
GLT8D1,-0.5027734594364417,0.5275590551181102,1.0
SPCS1,0.7151054973306588,0.07086614173228346,0.9923966216285223
NEK4,-0.14400971782368766,0.8188976377952756,1.0
ITIH4,-1.0465982842011323,0.14960629921259844,0.9923966216285223
SFMBT1,0.3419632587945527,0.5590551181102362,1.0
RFT1,-0.3466247385848824,0.5433070866141733,1.0
PRKCD,0.6209274055864515,0.15748031496062992,0.9923966216285223
TKT,0.1381489255666768,0.5748031496062992,1.0
DCP1A,-0.14698635307465224,0.5826771653543307,1.0
SNORD63,-0.7921077342174374,0.33858267716535434,0.9923966216285223
IL17RB,0.4169852736093915,0.6220472440944882,1.0
AC012467.2,0.5042404793619516,0.4330708661417323,1.0
ACTR8,-0.08035016794497629,0.8661417322834646,1.0
SELENOK,0.4235849069086619,0.31496062992125984,0.9923966216285223
WNT5A,1.0730478859649117,0.33858267716535434,0.9923966216285223
CCDC66,-0.25641696903808153,0.4645669291338583,1.0
FAM208A,-0.24822534008522812,0.3858267716535433,1.0
ARHGEF3,-0.29217712264257845,0.4645669291338583,1.0
APPL1,-0.21702785267325186,0.13385826771653545,0.9923966216285223
ASB14,-1.0862599681187197,0.11023622047244094,0.9923966216285223
RNF7P1,-0.792454592301238,0.23622047244094488,0.9923966216285223
PDE12,-0.4665968243001375,0.1968503937007874,0.9923966216285223
ARF4,0.20344590799271334,0.5748031496062992,1.0
DENND6A,-1.060085057071583,0.03937007874015748,0.9923966216285223
SLMAP,-0.5317114742102929,0.2125984251968504,0.9923966216285223
FLNB,-1.333940758141346,0.16535433070866143,0.9923966216285223
ABHD6,0.41214619034036604,0.7559055118110236,1.0
RPP14,0.5876307102107585,0.25196850393700787,0.9923966216285223
PXK,-0.12958810520871822,0.8346456692913385,1.0
PDHB,0.37004362431154547,0.14173228346456693,0.9923966216285223
KCTD6,-0.13528524011152143,0.9133858267716536,1.0
FHIT,-0.0374909579410847,0.9606299212598425,1.0
RPL10AP6,-0.2600585722767921,0.29133858267716534,0.9923966216285223
AC104849.1,0.13993442460231664,0.905511811023622,1.0
C3orf14,-0.18634873382108008,0.889763779527559,1.0
THOC7,0.011576041773491141,0.984251968503937,1.0
ATXN7,-0.44946594661101713,0.13385826771653545,0.9923966216285223
PSMD6,-0.10466898370001232,0.7874015748031497,1.0
SLC25A26,-0.06602340598409029,0.905511811023622,1.0
LRIG1,-0.5314451147853729,0.06299212598425197,0.9923966216285223
KBTBD8,-0.41086234908159236,0.41732283464566927,1.0
SUCLG2,-0.1353900772037271,0.3700787401574803,0.9923966216285223
FAM19A1,0.08362522382642634,1.0,1.0
COPS8P2,0.029924891034407874,0.9763779527559056,1.0
PSMC1P1,-0.4461775601616198,0.4094488188976378,1.0
EOGT,-0.4248778217276108,0.3700787401574803,0.9923966216285223
TMF1,0.11598328098906663,0.5433070866141733,1.0
UBA3,0.0026346598813802302,1.0,1.0
ARL6IP5,0.1629838403180468,0.6062992125984252,1.0
FRMD4B,1.1953176295013606,0.08661417322834646,0.9923966216285223
FOXP1,-0.5627085873208575,0.06299212598425197,0.9923966216285223
EIF4E3,-0.3664850580133434,0.2677165354330709,0.9923966216285223
PROK2,-1.659759292272634,0.14173228346456693,0.9923966216285223
RYBP,-0.08276462277374907,0.7165354330708661,1.0
SHQ1,-0.8945075605471935,0.13385826771653545,0.9923966216285223
AC134050.1,-0.05839657714473301,0.952755905511811,1.0
PPP4R2,0.329751553484658,0.15748031496062992,0.9923966216285223
EBLN2,-0.29872855641851004,0.8267716535433071,1.0
HNRNPA3P6,-0.06271390342509164,0.889763779527559,1.0
FAM86DP,0.6141493694683099,0.29133858267716534,0.9923966216285223
ZNF717,-1.9392244329467967,0.03937007874015748,0.9923966216285223
AC026877.1,-1.3815758838872048,0.07874015748031496,0.9923966216285223
GBE1,-0.12357349027991349,0.8110236220472441,1.0
CYP51A1P1,1.0267479313628565,0.07086614173228346,0.9923966216285223
CHMP2B,-0.22416046517079025,0.3937007874015748,1.0
CGGBP1,0.11181484051161483,0.5984251968503937,1.0
ZNF654,-0.6088049521480592,0.09448818897637795,0.9923966216285223
C3orf38,0.16073384812114444,0.6062992125984252,1.0
ARL13B,-0.003476784389934373,1.0,1.0
DHFR2,0.7269234645218265,0.3464566929133858,0.9923966216285223
NSUN3,0.2998053491067796,0.84251968503937,1.0
HNRNPKP4,0.16446508169390528,0.7007874015748031,1.0
MTRNR2L12,-0.22227810228392464,0.6220472440944882,1.0
ARL6,0.07349103094116582,0.905511811023622,1.0
RIOX2,0.1328934959938195,0.7007874015748031,1.0
CLDND1,0.48777655267672326,0.2440944881889764,0.9923966216285223
CPOX,-0.5789488201784558,0.7874015748031497,1.0
GPR15,2.1615857235969953,0.023622047244094488,0.9923966216285223
WWP1P1,-0.38528465054174355,0.5039370078740157,1.0
CMSS1,0.7309948874478458,0.33070866141732286,0.9923966216285223
FILIP1L,1.0812328636459627,0.31496062992125984,0.9923966216285223
TBC1D23,0.6751476220595798,0.2755905511811024,0.9923966216285223
NIT2,-0.6087358335393525,0.2204724409448819,0.9923966216285223
TOMM70,0.14643570115386773,0.6220472440944882,1.0
TFG,0.23291896272815027,0.33070866141732286,0.9923966216285223
SENP7,0.2899348919105922,0.2283464566929134,0.9923966216285223
AC110994.2,-1.1039400283917447,0.07874015748031496,0.9923966216285223
TRMT10C,-0.1857515172338431,0.5748031496062992,1.0
PCNP,-0.031418608583755336,0.9133858267716536,1.0
AC073861.1,-0.5395382595772986,0.5275590551181102,1.0
ZBTB11,0.05723559306978121,0.8582677165354331,1.0
RPL24,-0.05647934548703404,0.7874015748031497,1.0
PDCL3P4,0.43405382285075333,0.6377952755905512,1.0
CEP97,0.17051099845139994,0.5433070866141733,1.0
NXPE3,0.6536739474486142,0.16535433070866143,0.9923966216285223
NFKBIZ,-0.4059012518143543,0.31496062992125984,0.9923966216285223
ALCAM,0.56598569381201,0.4409448818897638,1.0
CBLB,-0.4434873009748568,0.25196850393700787,0.9923966216285223
BBX,-0.3271207127784743,0.33858267716535434,0.9923966216285223
CD47,-0.38279496743992425,0.16535433070866143,0.9923966216285223
LINC01215,-1.8330120927363023,0.023622047244094488,0.9923966216285223
IFT57,0.20589963789832044,0.7244094488188977,1.0
CIP2A,0.1209439770283467,0.9133858267716536,1.0
DZIP3,-0.11544347487552464,0.984251968503937,1.0
TRAT1,0.010825325845244649,0.968503937007874,1.0
NECTIN3,-0.12484785210072502,0.7795275590551181,1.0
CD96,-0.011836668519249471,0.9763779527559056,1.0
ZBED2,2.1299582396888175,0.08661417322834646,0.9923966216285223
AC055748.1,-0.36860349011651605,0.6692913385826772,1.0
PLCXD2,0.3160634741996873,0.5511811023622047,1.0
PHLDB2,-0.4974973927212565,0.3858267716535433,1.0
ABHD10,-0.7797512949535332,0.07874015748031496,0.9923966216285223
GCSAM,-1.1235596832226413,0.10236220472440945,0.9923966216285223
CD200,-0.03546010585123316,0.9763779527559056,1.0
BTLA,0.645990267239716,0.5039370078740157,1.0
ATG3,-0.010607196676883035,0.968503937007874,1.0
SLC35A5,1.404173433605834,0.13385826771653545,0.9923966216285223
CCDC80,0.38503055754237736,0.5669291338582677,1.0
CD200R1,-0.4163587933555615,0.7086614173228346,1.0
AC074044.1,-0.7708486853124872,0.48031496062992124,1.0
GTPBP8,-0.7760997076655478,0.7401574803149606,1.0
NEPRO,-0.5150525623280693,0.41732283464566927,1.0
CFAP44,-0.4301818494754235,0.6299212598425197,1.0
SPICE1,-1.6309383646479825,0.2677165354330709,0.9923966216285223
SIDT1,-0.4377855235307342,0.2677165354330709,0.9923966216285223
USF3,-0.4667819011909131,0.25196850393700787,0.9923966216285223
NAA50,-0.2358583271019139,0.5354330708661418,1.0
ATP6V1A,-0.15269173266897873,0.6535433070866141,1.0
GRAMD1C,-0.38611176884902254,0.7165354330708661,1.0
ZDHHC23,-0.04620322869089155,0.9763779527559056,1.0
CCDC191,0.6587362472655109,0.2204724409448819,0.9923966216285223
QTRT2,-0.06796606645970238,0.8661417322834646,1.0
AC093010.2,0.12091642498588029,0.889763779527559,1.0
ZNF80,1.3554641384168324,0.05511811023622047,0.9923966216285223
TIGIT,0.49668332681378224,0.11811023622047244,0.9923966216285223
ZBTB20,0.22470646751711687,0.5590551181102362,1.0
BZW1P2,-0.4613274717779383,0.12598425196850394,0.9923966216285223
PTMAP8,1.0267887887982585,0.1968503937007874,0.9923966216285223
B4GALT4,-0.14695202508942806,0.7480314960629921,1.0
ARHGAP31,1.3698135508139737,0.06299212598425197,0.9923966216285223
TMEM39A,0.2652021464535492,0.41732283464566927,1.0
POGLUT1,0.195798988629174,0.6771653543307087,1.0
TIMMDC1,0.7226947273764504,0.047244094488188976,0.9923966216285223
CD80,0.020219365559884128,1.0,1.0
ADPRH,0.6391007486379503,0.4015748031496063,1.0
COX17,0.5032898423985426,0.18110236220472442,0.9923966216285223
GSK3B,-0.12349741894072519,0.6535433070866141,1.0
LRRC58,-0.29462477747343296,0.3228346456692913,0.9923966216285223
FSTL1,1.2431701310792596,0.29133858267716534,0.9923966216285223
NDUFB4,0.8408433191136098,0.015748031496062992,0.9923966216285223
RABL3,-0.24738996592160856,0.6299212598425197,1.0
GTF2E1,-0.30145430666738404,0.5984251968503937,1.0
NAP1L1P3,-0.8963955061593047,0.18110236220472442,0.9923966216285223
POLQ,0.8080710546936292,0.3464566929133858,0.9923966216285223
HCLS1,-0.11692817296615665,0.6535433070866141,1.0
RN7SL172P,-0.22854525052191366,0.7559055118110236,1.0
GOLGB1,0.33133448702139834,0.13385826771653545,0.9923966216285223
IQCB1,0.2226259309909917,0.47244094488188976,1.0
EAF2,1.7738947847581956,0.08661417322834646,0.9923966216285223
SLC15A2,0.3099353055102454,0.6220472440944882,1.0
CD86,2.3865058023065346,0.03937007874015748,0.9923966216285223
CCDC58,-0.25453673218927353,0.5905511811023622,1.0
FAM162A,-0.7625954636723389,0.8503937007874016,1.0
WDR5B,-1.2910539633784244,0.07874015748031496,0.9923966216285223
AC083798.2,-0.20152803451399892,0.8267716535433071,1.0
KPNA1,0.0993112883019922,0.8031496062992126,1.0
PARP9,-0.2881384670328435,0.6850393700787402,1.0
DTX3L,-0.5952044377671806,0.3464566929133858,0.9923966216285223
PARP15,-0.5187491773086581,0.16535433070866143,0.9923966216285223
PARP14,-0.529198534035138,0.2125984251968504,0.9923966216285223
HSPBAP1,-0.13456425620040857,0.7480314960629921,1.0
DIRC2,0.1367385257893705,0.8976377952755905,1.0
LINC02035,-1.1103486697363154,0.2125984251968504,0.9923966216285223
PDIA5,2.0437356290365667,0.023622047244094488,0.9923966216285223
SEC22A,0.9993572967358038,0.2283464566929134,0.9923966216285223
HACD2,-0.2702310243898518,0.3700787401574803,0.9923966216285223
CCDC14,-0.29169065300417163,0.4881889763779528,1.0
UMPS,0.1464767657741426,0.7007874015748031,1.0
ITGB5,0.02151842700722617,1.0,1.0
HEG1,-0.2863603423573071,0.48031496062992124,1.0
SLC12A8,0.42439766601511786,0.6220472440944882,1.0
ZNF148,-0.20419343091059794,0.2283464566929134,0.9923966216285223
SNX4,-0.36117584268155234,0.5511811023622047,1.0
OSBPL11,0.16922082124318916,0.6929133858267716,1.0
SLC41A3,-0.14730106675317245,0.6535433070866141,1.0
ZXDC,-0.39424919394464464,0.29133858267716534,0.9923966216285223
PLXNA1,-1.1328726245558172,0.2677165354330709,0.9923966216285223
TPRA1,-0.01858325113020065,0.968503937007874,1.0
MCM2,-0.3063696746987006,0.6299212598425197,1.0
ABTB1,-0.02210977251962909,0.9448818897637795,1.0
MGLL,2.6820267138768736,0.09448818897637795,0.9923966216285223
SEC61A1,1.5230228321443322,0.03937007874015748,0.9923966216285223
RUVBL1,0.09730302323764839,0.7874015748031497,1.0
EEFSEC,-1.5056660048857524,0.07874015748031496,0.9923966216285223
RPN1,1.2742488418328204,0.015748031496062992,0.9923966216285223
RAB7A,0.13167069003247178,0.5118110236220472,1.0
AC112484.4,-0.8496512327927043,0.3464566929133858,0.9923966216285223
ACAD9,-0.19140681608260213,0.8661417322834646,1.0
ISY1,-0.3216260984947734,0.1889763779527559,0.9923966216285223
CNBP,-0.22459727458004686,0.3464566929133858,0.9923966216285223
COPG1,0.5595920825293321,0.2125984251968504,0.9923966216285223
HMCES,-0.06016981085428519,0.8661417322834646,1.0
H1FX,0.6734943655835295,0.5275590551181102,1.0
RPL32P3,0.5614301463533535,0.3779527559055118,0.9979787009382448
MBD4,0.010922241675380029,0.9921259842519685,1.0
IFT122,-1.2530903123350123,0.08661417322834646,0.9923966216285223
PLXND1,0.6791095810475696,0.6692913385826772,1.0
TMCC1,0.5612907890957919,0.36220472440944884,0.9923966216285223
AC083799.1,-0.2519206313912772,0.48031496062992124,1.0
PIK3R4,-0.07018913347240296,0.8661417322834646,1.0
ATP2C1,-0.13662353356521084,0.7244094488188977,1.0
ASTE1,0.2102454868507193,0.6535433070866141,1.0
NUDT16,-0.5052434012790514,0.2440944881889764,0.9923966216285223
MRPL3,0.009913657718565005,0.9763779527559056,1.0
DNAJC13,-0.3170764815060112,0.2204724409448819,0.9923966216285223
UBA5,0.27891221674422884,0.6062992125984252,1.0
NPHP3,-0.48387436503866255,0.3937007874015748,1.0
SNORA33,-0.2538849667425851,0.8346456692913385,1.0
CDV3,-0.21483735347423139,0.25984251968503935,0.9923966216285223
TOPBP1,-0.14349808176728107,0.6771653543307087,1.0
SRPRB,0.6096167625760032,0.23622047244094488,0.9923966216285223
RAB6B,-1.868075198246316,0.05511811023622047,0.9923966216285223
SLCO2A1,2.079654065646356,0.05511811023622047,0.9923966216285223
RYK,-0.5075789098270276,0.3700787401574803,0.9923966216285223
ANAPC13,0.3474564326395573,0.41732283464566927,1.0
CEP63,-0.01693654569072045,0.937007874015748,1.0
PPP2R3A,-0.7620411301101423,0.3858267716535433,1.0
MSL2,-0.45180484493257644,0.07874015748031496,0.9923966216285223
PCCB,-0.020461098962306856,0.968503937007874,1.0
STAG1,-0.357843152802654,0.4881889763779528,1.0
AC117382.1,-1.102848382273878,0.13385826771653545,0.9923966216285223
SLC35G2,0.4410744202667898,0.6062992125984252,1.0
NCK1-AS1,0.4850592597345078,0.6929133858267716,1.0
NCK1,-0.2948815447372022,0.5590551181102362,1.0
DBR1,-0.26937064126722543,0.4881889763779528,1.0
ARMC8,-0.3198512453305362,0.2125984251968504,0.9923966216285223
CEP70,-0.14284139279584274,0.7952755905511811,1.0
FAIM,-0.34468019887788426,0.6614173228346457,1.0
PIK3CB,0.18611408804094776,0.5669291338582677,1.0
MRPS22,0.33143470882117176,0.4881889763779528,1.0
COPB2,0.2989109680407287,0.4409448818897638,1.0
SLC25A36,-0.4493824917608551,0.12598425196850394,0.9923966216285223
PXYLP1,0.8049655231245398,0.047244094488188976,0.9923966216285223
ZBTB38,0.3590923979464069,0.18110236220472442,0.9923966216285223
RASA2,-0.6147625976708442,0.015748031496062992,0.9923966216285223
RNF7,0.19314194498136406,0.4881889763779528,1.0
ATP1B3,0.41839947454223214,0.25984251968503935,0.9923966216285223
TFDP2,-0.5551682691620154,0.05511811023622047,0.9923966216285223
AC133435.1,-0.7229521975475004,0.29133858267716534,0.9923966216285223
GK5,-0.8998686524206096,0.07086614173228346,0.9923966216285223
XRN1,-0.3423176327223443,0.05511811023622047,0.9923966216285223
ATR,-0.05896984601446853,0.8188976377952756,1.0
PLS1,-1.292898288175478,0.11023622047244094,0.9923966216285223
TRPC1,0.4456979168575257,0.6692913385826772,1.0
AC021074.1,0.37474917685516473,0.8110236220472441,1.0
U2SURP,-0.09086879847521168,0.6614173228346457,1.0
CHST2,1.1552013027745325,0.4015748031496063,1.0
SLC9A9,-0.29321332784423637,0.5118110236220472,1.0
ST13P15,0.1560739630283985,0.8661417322834646,1.0
C3orf58,-0.5418744625011129,0.1889763779527559,0.9923966216285223
PLSCR1,-0.13704550119671932,0.6929133858267716,1.0
CPA3,0.7095400501037203,0.6062992125984252,1.0
GYG1,0.07215222255595499,0.8110236220472441,1.0
HLTF,0.009894600485582217,0.9763779527559056,1.0
HPS3,-0.22508184072691861,0.5826771653543307,1.0
TM4SF1,2.1598084654172336,0.06299212598425197,0.9923966216285223
WWTR1,1.015737517504212,0.28346456692913385,0.9923966216285223
COMMD2,0.3736248165329368,0.28346456692913385,0.9923966216285223
RNF13,-0.10534434072332743,0.7559055118110236,1.0
AC117395.1,-0.6601550346889287,0.1968503937007874,0.9923966216285223
AC022494.1,-0.8747952300547448,0.4645669291338583,1.0
TSC22D2,-0.8935389151928108,0.1968503937007874,0.9923966216285223
SERP1,0.2782409517842037,0.28346456692913385,0.9923966216285223
EIF2A,0.14624954370251864,0.4330708661417323,1.0
SELENOT,0.1594016089738446,0.5039370078740157,1.0
SIAH2,0.3145926061052471,0.4566929133858268,1.0
MED12L,-0.4181101202587246,0.5275590551181102,1.0
GPR171,0.06432345271253048,0.905511811023622,1.0
P2RY14,-2.2781794946313836,0.05511811023622047,0.9923966216285223
MBNL1,-0.2710861301332077,0.05511811023622047,0.9923966216285223
MBNL1-AS1,-0.563051467584943,0.4330708661417323,1.0
RAP2B,-1.0492143942254684,0.03937007874015748,0.9923966216285223
DHX36,-0.4573344470209477,0.09448818897637795,0.9923966216285223
C3orf33,-0.5958842610440365,0.5275590551181102,1.0
SLC33A1,0.3060324390479332,0.5118110236220472,1.0
GMPS,-0.21536308960790862,0.5433070866141733,1.0
SETP14,-0.3137475137960326,0.6850393700787402,1.0
KCNAB1,0.028247815746591964,0.984251968503937,1.0
SSR3,1.3025809846214393,0.023622047244094488,0.9923966216285223
TIPARP,-0.5183492039918658,0.3779527559055118,0.9979787009382448
PA2G4P4,-0.15536857703311702,0.7795275590551181,1.0
LEKR1,-1.598453792914448,0.031496062992125984,0.9923966216285223
CCNL1,-0.3079007664361262,0.10236220472440945,0.9923966216285223
RSRC1,-0.001378394538540384,1.0,1.0
MLF1,0.2199465910932874,0.8503937007874016,1.0
GFM1,0.28264473507285004,0.6062992125984252,1.0
LXN,0.7448876998314885,0.41732283464566927,1.0
MFSD1,-0.18697304398946812,0.6141732283464567,1.0
IL12A,-0.7323482328087021,0.3858267716535433,1.0
BRD7P2,-0.7778541057920751,0.11811023622047244,0.9923966216285223
IFT80,0.06465070715776067,0.8818897637795275,1.0
SMC4,0.05065528947763909,0.937007874015748,1.0
TRIM59,-0.3581960758220699,0.984251968503937,1.0
KPNA4,-0.2630971885358573,0.30708661417322836,0.9923966216285223
KRT8P12,0.41640340567416634,0.7480314960629921,1.0
PPM1L,-1.806707287035706,0.031496062992125984,0.9923966216285223
NMD3,-0.008342824825032125,0.968503937007874,1.0
PDCD10,-0.1980995802397567,0.6614173228346457,1.0
SERPINI1,0.8404033366025665,0.3464566929133858,0.9923966216285223
GOLIM4,1.100909202924918,0.14173228346456693,0.9923966216285223
AC074033.1,-0.27108019528781035,0.3464566929133858,0.9923966216285223
MYNN,-0.24501948673321472,0.5275590551181102,1.0
SEC62,0.37380635261186423,0.11023622047244094,0.9923966216285223
GPR160,-1.2094112403848167,0.14173228346456693,0.9923966216285223
PHC3,-0.34651234758453064,0.07874015748031496,0.9923966216285223
PRKCI,-0.1524952563670272,0.7244094488188977,1.0
SKIL,-0.2864272304680675,0.5984251968503937,1.0
RPL22L1,0.7567673525765013,0.2125984251968504,0.9923966216285223
EIF5A2,-0.4517540724436713,0.13385826771653545,0.9923966216285223
TNIK,-0.3616481737131938,0.14173228346456693,0.9923966216285223
PLD1,-0.10794261210238387,0.8346456692913385,1.0
FNDC3B,0.5603224694287734,0.4881889763779528,1.0
TNFSF10,0.34491862524710726,0.5905511811023622,1.0
NCEH1,0.6760492669406295,0.12598425196850394,0.9923966216285223
ECT2,0.3324284415043941,0.5590551181102362,1.0
AC069218.1,0.20416927306447974,0.7637795275590551,1.0
UBE2V1P2,0.6705298355954494,0.6614173228346457,1.0
TBL1XR1,0.08939861472511534,0.5669291338582677,1.0
ZMAT3,0.22918707320484621,0.4015748031496063,1.0
PIK3CA,-0.5692469335149353,0.14960629921259844,0.9923966216285223
LRRFIP1P1,-0.4215976593501547,0.6456692913385826,1.0
ZNF639,-0.3148579810963348,0.25984251968503935,0.9923966216285223
MFN1,0.1846196848845354,0.5590551181102362,1.0
GNB4,-0.21653492025735765,0.7637795275590551,1.0
ACTL6A,-0.3789924861933871,0.4015748031496063,1.0
MRPL47,0.13667268047266035,0.7637795275590551,1.0
NDUFB5,-0.14268891250431004,0.7637795275590551,1.0
USP13,-0.426576967507434,0.4251968503937008,1.0
TTC14,0.29058418782487916,0.30708661417322836,0.9923966216285223
CCDC39,0.027177935046113655,0.952755905511811,1.0
FXR1,-0.09784039903997854,0.7322834645669292,1.0
DNAJC19,-0.25486219955080713,0.5433070866141733,1.0
ATP11B,-0.21923841046628478,0.1889763779527559,0.9923966216285223
DCUN1D1,-0.3194468177655416,0.5590551181102362,1.0
MCCC1,-0.34078004053670163,0.2992125984251969,0.9923966216285223
LAMP3,0.16075351666784177,0.8740157480314961,1.0
MCF2L2,-0.43138044264707975,0.6220472440944882,1.0
LINC00888,1.2457881854840385,0.07874015748031496,0.9923966216285223
SNORA81,0.5372476054628361,0.5275590551181102,1.0
KLHL6,0.014166117709814685,0.9921259842519685,1.0
KLHL24,-0.5256852867796011,0.18110236220472442,0.9923966216285223
YEATS2,-0.38784483791785984,0.13385826771653545,0.9923966216285223
PARL,-0.32743051451812555,0.4881889763779528,1.0
ABCC5,0.07607158608211462,0.889763779527559,1.0
EIF2B5,0.05208863674545139,0.9212598425196851,1.0
AC131235.1,-0.8068622542027777,0.15748031496062992,0.9923966216285223
DVL3,-0.3411567324850786,0.3858267716535433,1.0
AP2M1,0.38676116547960593,0.031496062992125984,0.9923966216285223
ABCF3,0.08710527133082557,0.889763779527559,1.0
ALG3,0.9129314237288835,0.3937007874015748,1.0
ECE2,0.8522893465161707,0.1732283464566929,0.9923966216285223
PSMD2,0.38363978572197155,0.33858267716535434,0.9923966216285223
EIF4G1,0.4794074858941153,0.07874015748031496,0.9923966216285223
FAM131A,-0.8235785617700594,0.33858267716535434,0.9923966216285223
POLR2H,-0.4087596084972889,0.41732283464566927,1.0
MAGEF1,0.7933156311612231,0.4094488188976378,1.0
VPS8,-0.2696786780114455,0.7244094488188977,1.0
EHHADH,1.0005389539203202,0.2125984251968504,0.9923966216285223
MAP3K13,0.18397313160039364,0.7559055118110236,1.0
RPL4P4,-0.23586873597672664,0.16535433070866143,0.9923966216285223
TMEM41A,-0.028703043764774172,0.937007874015748,1.0
SENP2,0.23047681990627922,0.33858267716535434,0.9923966216285223
TRA2B,-0.1728050424501113,0.6141732283464567,1.0
ETV5,1.5543926126859056,0.2440944881889764,0.9923966216285223
TBCCD1,-0.3903523030976328,0.7559055118110236,1.0
DNAJB11,0.8472416370827887,0.25984251968503935,0.9923966216285223
EIF4A2,-0.39960912220375633,0.29133858267716534,0.9923966216285223
RFC4,-0.17621181785152285,0.7086614173228346,1.0
RPS20P14,-0.8156244956052001,0.047244094488188976,0.9923966216285223
ST6GAL1,-0.012083487134812998,0.984251968503937,1.0
RPL39L,1.0142887107058032,0.03937007874015748,0.9923966216285223
RTP4,-0.9044755738424224,0.2755905511811024,0.9923966216285223
BCL6,0.18821950482613303,0.7401574803149606,1.0
LPP,-0.7996513914226924,0.06299212598425197,0.9923966216285223
TPRG1,0.7913082602694361,0.6614173228346457,1.0
IL1RAP,-1.1768007949625665,0.2440944881889764,0.9923966216285223
CCDC50,0.8257214002437676,0.29133858267716534,0.9923966216285223
MB21D2,-0.012792860590874255,1.0,1.0
OPA1,-0.07879864596172226,0.8661417322834646,1.0
HES1,0.14958676414902672,0.8818897637795275,1.0
ATP13A3,0.0945278679144197,0.7244094488188977,1.0
TMEM44-AS1,-1.5774656694558429,0.09448818897637795,0.9923966216285223
TMEM44,0.055131062445763934,0.952755905511811,1.0
LSG1,-0.07185124712333568,0.7401574803149606,1.0
FAM43A,-0.8911124905504009,0.10236220472440945,0.9923966216285223
XXYLT1,0.8063609535587761,0.25196850393700787,0.9923966216285223
ACAP2,-0.2063765610907078,0.30708661417322836,0.9923966216285223
PPP1R2,-0.30552049835199124,0.4566929133858268,1.0
LINC00969,-1.0396241380496045,0.11811023622047244,0.9923966216285223
TNK2,-0.5340330544982423,0.7952755905511811,1.0
SDHAP1,0.6777970044763482,0.09448818897637795,0.9923966216285223
TFRC,-0.008788600292474413,0.984251968503937,1.0
SLC51A,0.04049536946534937,0.9291338582677166,1.0
PCYT1A,-0.10137292441928203,0.7874015748031497,1.0
TCTEX1D2,-0.8812878650158344,0.25984251968503935,0.9923966216285223
UBXN7,-0.08822755712099362,0.6771653543307087,1.0
RNF168,-0.5730264279164796,0.015748031496062992,0.9923966216285223
RPS29P3,-0.29170819830964145,0.47244094488188976,1.0
WDR53,-0.6414067958731842,0.2992125984251969,0.9923966216285223
FBXO45,-0.4049704984688782,0.16535433070866143,0.9923966216285223
NRROS,-0.06399612389249176,0.905511811023622,1.0
PIGX,-0.15325623192521043,0.7480314960629921,1.0
CEP19,-0.4198169406763106,0.7401574803149606,1.0
PAK2,0.05460646610514264,0.7795275590551181,1.0
SENP5,-0.4719386597488633,0.18110236220472442,0.9923966216285223
AC016949.1,0.412485577957711,0.7007874015748031,1.0
NCBP2,-0.2731280867942587,0.4645669291338583,1.0
NCBP2-AS2,-0.4339469793141788,0.23622047244094488,0.9923966216285223
MELTF-AS1,1.2550510443610117,0.11811023622047244,0.9923966216285223
DLG1,-0.14751698410752212,0.5590551181102362,1.0
BDH1,-1.2397911725740909,0.015748031496062992,0.9923966216285223
AC132008.2,0.41585424938262605,0.6377952755905512,1.0
RUBCN,0.23336938732649148,0.49606299212598426,1.0
FYTTD1,-0.08768319294861193,0.7322834645669292,1.0
LRCH3,-0.27121010539152834,0.3543307086614173,0.9923966216285223
AC144530.1,-0.33822977059517445,0.7637795275590551,1.0
IQCG,-0.7032888293962998,0.3858267716535433,1.0
RPL35A,-0.16848777568592155,0.5511811023622047,1.0
LMLN,-0.841700171940214,0.44881889763779526,1.0
ZNF595,-0.6953435235401462,0.5511811023622047,1.0
ZNF718,-2.0138002438994174,0.07086614173228346,0.9923966216285223
ZNF141,1.2559557881534826,0.11811023622047244,0.9923966216285223
AC079140.2,0.02770729777924208,0.937007874015748,1.0
ZNF721,-0.07838610068770713,0.8031496062992126,1.0
PIGG,-0.4050056487815237,0.48031496062992124,1.0
PDE6B,0.07812956900222412,0.905511811023622,1.0
ATP5I,0.74688689799894,0.2204724409448819,0.9923966216285223
PCGF3,0.458810345100523,0.4015748031496063,1.0
GAK,-0.16555000820419608,0.8740157480314961,1.0
TMEM175,-0.33999659243754143,0.7716535433070866,1.0
DGKQ,-0.6766545278521727,0.18110236220472442,0.9923966216285223
IDUA,-0.2070515318395696,0.9291338582677166,1.0
FGFRL1,0.26740988601902993,0.889763779527559,1.0
SPON2,-0.18812838594217585,0.8740157480314961,1.0
CTBP1,0.14114992000130755,0.889763779527559,1.0
CTBP1-AS2,-0.514241208911149,0.14173228346456693,0.9923966216285223
MAEA,0.23834611907215653,0.5905511811023622,1.0
UVSSA,-0.7237405089041311,0.15748031496062992,0.9923966216285223
SLBP,-0.35244761860724605,0.5039370078740157,1.0
AC016773.1,-0.12280465208115021,1.0,1.0
TMEM129,-0.7803868364796314,0.31496062992125984,0.9923966216285223
TACC3,-0.07231030556623708,0.968503937007874,1.0
LETM1,-0.2913023934659291,0.3464566929133858,0.9923966216285223
NSD2,-0.3161161564046031,0.47244094488188976,1.0
NELFA,-0.107296901491301,0.8661417322834646,1.0
C4orf48,-0.2085498855779826,0.8346456692913385,1.0
HAUS3,-0.37268521939423405,0.4645669291338583,1.0
MXD4,1.3708259091364496,0.30708661417322836,0.9923966216285223
ZFYVE28,0.28151038135964424,0.4251968503937008,1.0
RNF4,-0.22595337779451263,0.6299212598425197,1.0
FAM193A,0.1082996877735356,0.7401574803149606,1.0
TNIP2,0.24520908013792742,0.7874015748031497,1.0
SH3BP2,-0.14314852660479627,0.7322834645669292,1.0
ADD1,-0.26670518203645255,0.08661417322834646,0.9923966216285223
MFSD10,0.3589370273575243,0.7401574803149606,1.0
NOP14-AS1,-1.3655372865017013,0.11811023622047244,0.9923966216285223
NOP14,-0.13458235787470052,0.6141732283464567,1.0
GRK4,0.12661443437391484,0.8740157480314961,1.0
HTT,0.11850180919218412,0.889763779527559,1.0
RGS12,-0.9867162290994582,0.33070866141732286,0.9923966216285223
LRPAP1,0.7818477528699921,0.1968503937007874,0.9923966216285223
TMEM128,-0.2892041511703738,0.4566929133858268,1.0
LYAR,-0.7400041029418025,0.07874015748031496,0.9923966216285223
ZBTB49,-0.5103075428644606,0.4881889763779528,1.0
NSG1,-1.320520918404661,0.08661417322834646,0.9923966216285223
STX18,-0.08683816023657887,0.905511811023622,1.0
STX18-AS1,-0.6773666905799299,0.4645669291338583,1.0
EVC2,0.020396662321880754,0.984251968503937,1.0
CRMP1,0.9205826052585223,0.29133858267716534,0.9923966216285223
JAKMIP1,-0.21836967368613358,0.5905511811023622,1.0
WFS1,1.3815502426583663,0.2047244094488189,0.9923966216285223
MAN2B2,-0.44152866326311635,0.30708661417322836,0.9923966216285223
MRFAP1,-0.43204424396639673,0.29133858267716534,0.9923966216285223
AC093323.1,-0.1753760502770807,0.8661417322834646,1.0
LINC002481,-0.4106482379781853,0.5984251968503937,1.0
MRFAP1L1,-0.21181996850690954,0.5984251968503937,1.0
BLOC1S4,-0.4319242277286417,0.4330708661417323,1.0
KIAA0232,-0.28843782587327915,0.5196850393700787,1.0
TBC1D14,-1.728702078363518,0.031496062992125984,0.9923966216285223
TADA2B,-0.33176170184882725,0.28346456692913385,0.9923966216285223
GRPEL1,-0.20362526521525393,0.5590551181102362,1.0
AFAP1,-0.5114451198178016,0.2992125984251969,0.9923966216285223
GMPSP1,0.49177007613798507,0.5275590551181102,1.0
SH3TC1,-2.1114093581707385,0.07086614173228346,0.9923966216285223
ACOX3,0.4671532714684128,0.3700787401574803,0.9923966216285223
TRMT44,0.22116077219530328,0.8346456692913385,1.0
AC005674.2,0.2971677806171036,0.7637795275590551,1.0
WDR1,-0.027968938294197443,0.9212598425196851,1.0
ZNF518B,0.24035754454812075,0.4409448818897638,1.0
RAB28,-0.07670844660009113,0.8740157480314961,1.0
BOD1L1,-0.28867530370295214,0.4566929133858268,1.0
CPEB2,-1.646733982416127,0.031496062992125984,0.9923966216285223
FBXL5,0.023436965408357935,0.9291338582677166,1.0
FAM200B,-0.1514939495145846,0.5354330708661418,1.0
CD38,0.7139703274602152,0.4015748031496063,1.0
FGFBP2,-2.12045293507149,0.10236220472440945,0.9923966216285223
TAPT1,-0.5946845804321992,0.09448818897637795,0.9923966216285223
LDB2,0.841386310355162,0.2992125984251969,0.9923966216285223
QDPR,-0.06886581281901716,0.7480314960629921,1.0
LAP3,0.0612018390277802,0.937007874015748,1.0
MED28,-0.2313952419429084,0.6535433070866141,1.0
DCAF16,-0.78713790818981,0.13385826771653545,0.9923966216285223
NCAPG,0.15943681787964614,0.8188976377952756,1.0
LCORL,-0.2521073594378329,0.5590551181102362,1.0
AC114728.1,-0.7535333371440815,0.031496062992125984,0.9923966216285223
PACRGL,-0.5075504240917841,0.33070866141732286,0.9923966216285223
CDC42P6,-0.009955014972156562,0.984251968503937,1.0
DHX15,0.07695165332714193,0.8267716535433071,1.0
SOD3,-0.6664175212802506,0.6062992125984252,1.0
SEPSECS,-0.6815978880047688,0.5590551181102362,1.0
SEPSECS-AS1,-0.6513842446661124,0.5118110236220472,1.0
PI4K2B,0.047745352397878804,0.9448818897637795,1.0
ZCCHC4,0.0957832575962283,0.8031496062992126,1.0
ANAPC4,0.0030643757847039765,1.0,1.0
RPS29P11,0.5203313605254247,0.5196850393700787,1.0
SEL1L3,0.6495289437988196,0.16535433070866143,0.9923966216285223
SMIM20,-0.553988245009644,0.4251968503937008,1.0
RBPJ,0.22846009839061043,0.12598425196850394,0.9923966216285223
TBC1D19,0.05174541795329857,0.952755905511811,1.0
STIM2,-0.0018809190480419957,1.0,1.0
AC106047.1,0.6114507887434986,0.4881889763779528,1.0
AC016687.1,-1.1807502052664507,0.14173228346456693,0.9923966216285223
ARAP2,-0.5689332655017889,0.07874015748031496,0.9923966216285223
DTHD1,0.3232673533014401,0.36220472440944884,0.9923966216285223
RELL1,-0.33447347469062017,0.6299212598425197,1.0
PGM2,-1.0753041108677475,0.5511811023622047,1.0
TBC1D1,-0.41372582777494316,0.2047244094488189,0.9923966216285223
PTTG2,-0.29178758455428344,0.7007874015748031,1.0
KLF3,-1.4307425496151627,0.09448818897637795,0.9923966216285223
TLR10,2.6744336737983465,0.05511811023622047,0.9923966216285223
TLR1,-1.0655422125983112,0.2125984251968504,0.9923966216285223
TLR6,0.8496268324428426,0.4094488188976378,1.0
FAM114A1,1.0171269921842823,0.2677165354330709,0.9923966216285223
TMEM156,0.18683301013235187,0.49606299212598426,1.0
KLHL5,1.3417478475322042,0.06299212598425197,0.9923966216285223
WDR19,0.29723589623449653,0.7165354330708661,1.0
RFC1,-0.09133411115492152,0.7559055118110236,1.0
RPL9,-0.11716787866444633,0.7480314960629921,1.0
LIAS,0.133573714785868,0.7795275590551181,1.0
UGDH,0.3210509898989473,0.5039370078740157,1.0
SMIM14,-0.6011489104243477,0.15748031496062992,0.9923966216285223
UBE2K,-0.10381118738821016,0.7716535433070866,1.0
PDS5A,-0.3794819513686347,0.2992125984251969,0.9923966216285223
N4BP2,-0.10604113224732004,0.8346456692913385,1.0
RHOH,-0.07357882488063794,0.8346456692913385,1.0
RBM47,3.198655302244156,0.031496062992125984,0.9923966216285223
TMEM33,0.1341527801380149,0.48031496062992124,1.0
SLC30A9,-0.049713679405991584,0.8346456692913385,1.0
BEND4,-0.01916354388058661,1.0,1.0
ATP8A1,-0.6789337659107355,0.12598425196850394,0.9923966216285223
NDUFB4P12,1.2117714918946554,0.05511811023622047,0.9923966216285223
GUF1,-0.6256525697121456,0.12598425196850394,0.9923966216285223
GNPDA2,-1.4531492013781788,0.12598425196850394,0.9923966216285223
RAC1P2,-0.23341952704637592,0.6456692913385826,1.0
COMMD8,0.15411322769374802,0.7401574803149606,1.0
ATP10D,1.6208570551835249,0.07086614173228346,0.9923966216285223
AC107068.1,-0.195802066547621,0.8740157480314961,1.0
NFXL1,-0.2915480969099189,0.6535433070866141,1.0
TXK,-1.5292620994878803,0.09448818897637795,0.9923966216285223
TEC,-0.30940596850337276,0.7637795275590551,1.0
SLAIN2,-0.29665959637194295,0.2204724409448819,0.9923966216285223
FRYL,-0.4233825381935956,0.33070866141732286,0.9923966216285223
OCIAD1,0.07539515910210515,0.7952755905511811,1.0
OCIAD2,-0.23803099274230188,0.3543307086614173,0.9923966216285223
DCUN1D4,-1.123904132664955,0.07874015748031496,0.9923966216285223
SGCB,-0.6803305686735301,0.023622047244094488,0.9923966216285223
USP46,0.30098006312993997,0.8503937007874016,1.0
DANCR,1.0943875025758993,0.047244094488188976,0.9923966216285223
SCFD2,-0.20109529868915343,0.7007874015748031,1.0
FIP1L1,-0.15999534240382207,0.8582677165354331,1.0
AC110792.4,-1.0034132078013183,0.2440944881889764,0.9923966216285223
CHIC2,-0.6024297606326927,0.11023622047244094,0.9923966216285223
KIT,0.46746918343869104,0.5118110236220472,1.0
RPL38P3,-0.9896076214558871,0.2125984251968504,0.9923966216285223
SRD5A3,0.9493205834818101,0.3700787401574803,0.9923966216285223
TMEM165,0.18213396399841564,0.4881889763779528,1.0
CLOCK,-0.02108034036522266,0.968503937007874,1.0
EXOC1,0.0019478883544534753,1.0,1.0
CEP135,0.17122638081250852,0.5196850393700787,1.0
AASDH,-0.7209864176498719,0.2047244094488189,0.9923966216285223
PPAT,-0.05187689219417102,0.889763779527559,1.0
PAICS,0.028198111051797703,0.9606299212598425,1.0
SRP72,0.25122054427623297,0.41732283464566927,1.0
HOPX,-0.4571456424496372,0.25196850393700787,0.9923966216285223
AC022483.1,-0.25551598312438784,0.7637795275590551,1.0
SPINK2,-0.3137732464365639,0.7637795275590551,1.0
REST,-0.12515504436290303,0.5511811023622047,1.0
NOA1,0.23836370406858265,0.5984251968503937,1.0
POLR2B,-0.6545628363744189,0.06299212598425197,0.9923966216285223
IGFBP7,1.507759833520597,0.1968503937007874,0.9923966216285223
AC108161.1,-0.5459133938551601,0.5118110236220472,1.0
EXOC5P1,-0.1501112880534381,0.8582677165354331,1.0
AC115223.1,-0.5234143913177469,0.4094488188976378,1.0
CENPC,-0.39276460885603637,0.16535433070866143,0.9923966216285223
STAP1,1.077867621748199,0.3700787401574803,0.9923966216285223
UBA6,0.43009441813984495,0.12598425196850394,0.9923966216285223
UBA6-AS1,0.3747464600896264,0.5984251968503937,1.0
GCOM2,0.10917295675807326,0.8582677165354331,1.0
YTHDC1,-0.8289294740137221,0.023622047244094488,0.9923966216285223
MT2P1,-2.0500225461714874,0.11023622047244094,0.9923966216285223
ODAM,1.0946929574186133,0.44881889763779526,1.0
FDCSP,2.8845633153562478,0.2283464566929134,0.9923966216285223
JCHAIN,5.645473960828579,0.015748031496062992,0.9923966216285223
UTP3,-0.7318103875908761,0.1732283464566929,0.9923966216285223
RUFY3,-1.4362382119680603,0.10236220472440945,0.9923966216285223
GRSF1,0.22893475143048203,0.4409448818897638,1.0
MOB1B,0.2792714583323015,0.5905511811023622,1.0
DCK,-0.47300390837503414,0.31496062992125984,0.9923966216285223
SLC4A4,-1.2463575531092297,0.2047244094488189,0.9923966216285223
COX18,1.4744829574982936,0.10236220472440945,0.9923966216285223
ANKRD17,-0.3765800244208055,0.1968503937007874,0.9923966216285223
RASSF6,2.411920697762695,0.2125984251968504,0.9923966216285223
CXCL8,1.1380181323722178,0.48031496062992124,1.0
CXCL1,2.3260523603258503,0.05511811023622047,0.9923966216285223
CXCL3,0.8635456084795621,0.44881889763779526,1.0
AC093677.1,-0.3161819963183108,0.7165354330708661,1.0
CXCL2,1.543892814753318,0.2204724409448819,0.9923966216285223
MTHFD2L,-0.2599755216706514,0.8582677165354331,1.0
EREG,0.3289916453033521,0.7165354330708661,1.0
AREG,-1.1384332564836566,0.2755905511811024,0.9923966216285223
PARM1,3.1208763856716937,0.06299212598425197,0.9923966216285223
RCHY1,-0.6182780053003452,0.06299212598425197,0.9923966216285223
THAP6,0.17525401770116966,0.6614173228346457,1.0
G3BP2,-0.02538645617228319,0.9133858267716536,1.0
USO1,0.42228067723836205,0.25196850393700787,0.9923966216285223
NAAA,0.03574003420240324,0.9212598425196851,1.0
SDAD1,0.24805206145570136,0.3543307086614173,0.9923966216285223
NUP54,0.28514987663508684,0.5354330708661418,1.0
SCARB2,0.42042663858945417,0.11811023622047244,0.9923966216285223
SNX5P1,-0.5442464006002123,0.36220472440944884,0.9923966216285223
SEPT11,0.16281200566260257,0.5826771653543307,1.0
TXNP6,-0.7769792111039804,0.41732283464566927,1.0
CCNI,0.010722148162400913,0.9291338582677166,1.0
CCNG2,-0.05485760389809169,0.8740157480314961,1.0
CXCL13,1.7283930783489323,0.4015748031496063,1.0
CNOT6L,-0.6748294710821039,0.08661417322834646,0.9923966216285223
MRPL1,-0.6980290565967531,0.2440944881889764,0.9923966216285223
SERBP1P5,-0.607056863983237,0.1732283464566929,0.9923966216285223
BMP2K,-0.433462193606986,0.7165354330708661,1.0
PAQR3,-0.47548156160008404,0.16535433070866143,0.9923966216285223
ANTXR2,-0.18874089014668716,0.6456692913385826,1.0
PRDM8,-0.8014065388650238,0.2047244094488189,0.9923966216285223
RASGEF1B,-0.3402782544028966,0.7322834645669292,1.0
BIN2P1,-0.12034768953632868,0.8818897637795275,1.0
HNRNPD,-0.25608145645148994,0.3700787401574803,0.9923966216285223
HNRNPDL,-0.35024829832833504,0.1732283464566929,0.9923966216285223
ENOPH1,-0.6477255043172816,0.2440944881889764,0.9923966216285223
AC067942.1,-1.061856474961453,0.2677165354330709,0.9923966216285223
AC067942.2,-0.38887977642571503,0.6692913385826772,1.0
SCD5,-0.428663518316855,0.7874015748031497,1.0
SEC31A,0.6247958068869686,0.023622047244094488,0.9923966216285223
THAP9-AS1,-0.5677672024693514,0.023622047244094488,0.9923966216285223
THAP9,-1.0740310738393513,0.33070866141732286,0.9923966216285223
LIN54,0.6575056069725598,0.015748031496062992,0.9923966216285223
COPS4,0.022249832092088084,0.8818897637795275,1.0
PLAC8,-2.2682664724471557,0.015748031496062992,0.9923966216285223
COQ2,-1.1773621656028963,0.2283464566929134,0.9923966216285223
HPSE,0.13750243419481167,0.8110236220472441,1.0
HELQ,-0.18829221260197126,0.4409448818897638,1.0
MRPS18C,-0.3619893471442275,0.4094488188976378,1.0
ABRAXAS1,-1.6850042526796092,0.15748031496062992,0.9923966216285223
GPAT3,-0.3487338980774983,0.7086614173228346,1.0
PTPN13,-1.806328029874775,0.2204724409448819,0.9923966216285223
C4orf36,-0.7990540409252709,0.44881889763779526,1.0
AFF1,0.17485780808465545,0.48031496062992124,1.0
TECRP1,-0.544315475457176,0.7874015748031497,1.0
KLHL8,-0.3170582357260221,0.5196850393700787,1.0
HSD17B11,-0.06176372223106252,0.9212598425196851,1.0
NUDT9,0.26303014175783446,0.5826771653543307,1.0
SPARCL1,2.052835139587544,0.11023622047244094,0.9923966216285223
HSP90AB3P,-0.4118235595432509,0.11023622047244094,0.9923966216285223
SPP1,-0.9314264286594001,0.33070866141732286,0.9923966216285223
PKD2,-0.6679964721254072,0.3543307086614173,0.9923966216285223
ABCG2,-0.646845266890729,0.48031496062992124,1.0
PPM1K,-0.21495561235440608,0.41732283464566927,1.0
HERC6,-0.6034047983789868,0.30708661417322836,0.9923966216285223
HERC5,-0.11576394413141688,0.7401574803149606,1.0
HERC3,-0.41508059958631005,0.47244094488188976,1.0
NAP1L5,-1.1183911407393912,0.15748031496062992,0.9923966216285223
FAM13A,-1.9779959008738799,0.06299212598425197,0.9923966216285223
TIGD2,-0.7819064057170779,0.31496062992125984,0.9923966216285223
GPRIN3,-0.04908473122654744,0.8582677165354331,1.0
TMSB4XP8,-0.3270159697552,0.2992125984251969,0.9923966216285223
SMARCAD1,0.08272408368787865,0.8188976377952756,1.0
PDLIM5,0.34188356637078066,0.4094488188976378,1.0
COX7A2P2,0.3437829635676568,0.7401574803149606,1.0
RPL5P12,0.17272844040244384,0.8582677165354331,1.0
RAP1GDS1,-0.571455759280747,0.14173228346456693,0.9923966216285223
TSPAN5,0.285193080349444,0.30708661417322836,0.9923966216285223
EIF4E,0.43006622679698925,0.3543307086614173,0.9923966216285223
METAP1,-0.7128692941084154,0.07874015748031496,0.9923966216285223
ADH5,-0.21433033008300928,0.4645669291338583,1.0
TRMT10A,-0.5201127667926886,0.7322834645669292,1.0
DAPP1,0.5926689626202597,0.4881889763779528,1.0
LAMTOR3,-0.15541331208621845,0.6535433070866141,1.0
DNAJB14,-0.15826301492959605,0.41732283464566927,1.0
H2AFZ,0.10785852736007939,0.7874015748031497,1.0
PPP3CA,0.04007540029033496,0.8740157480314961,1.0
FLJ20021,1.2568290710649435,0.08661417322834646,0.9923966216285223
BANK1,2.135301670832166,0.23622047244094488,0.9923966216285223
SLC39A8,-0.3947263693871905,0.41732283464566927,1.0
NFKB1,-0.031034045488441464,0.9291338582677166,1.0
MANBA,-0.18717048196451946,0.6377952755905512,1.0
UBE2D3,-0.22854542549943702,0.2125984251968504,0.9923966216285223
CISD2,0.28162260718309273,0.36220472440944884,0.9923966216285223
SLC9B1,-0.20616204123693693,0.8110236220472441,1.0
SLC9B2,-0.8901624604848495,0.13385826771653545,0.9923966216285223
BDH2,-0.5285009945076031,0.4251968503937008,1.0
CENPE,0.43333458206051745,0.47244094488188976,1.0
TET2,-0.2930441069128369,0.4251968503937008,1.0
PPA2,0.1034769785844496,0.7322834645669292,1.0
EEF1A1P9,-1.4441232764723475,0.05511811023622047,0.9923966216285223
INTS12,-0.36402189148852493,0.48031496062992124,1.0
GSTCD,0.40176233713161125,0.30708661417322836,0.9923966216285223
TBCK,-0.3936045613654904,0.03937007874015748,0.9923966216285223
AIMP1,0.13279512169752206,0.8661417322834646,1.0
PAPSS1,1.2423134789882866,0.03937007874015748,0.9923966216285223
CYP2U1,0.06487146510009234,0.9448818897637795,1.0
HADH,-0.4753843651208225,0.2755905511811024,0.9923966216285223
LEF1,-1.2000652633742201,0.4409448818897638,1.0
RPL34,-0.35910705503901497,0.13385826771653545,0.9923966216285223
OSTC,0.5972993968624651,0.29133858267716534,0.9923966216285223
SEC24B,-0.13004081020320335,0.6062992125984252,1.0
MCUB,-0.8201982447003946,0.047244094488188976,0.9923966216285223
CASP6,-0.8719763762926473,0.07874015748031496,0.9923966216285223
PLA2G12A,0.05291630083178944,0.9133858267716536,1.0
GAR1,-0.3966382121292922,0.3937007874015748,1.0
ELOVL6,-0.15086418146073033,0.8818897637795275,1.0
FAM241A,-0.10549241145739607,0.8503937007874016,1.0
AP1AR,-0.5776971189143643,0.23622047244094488,0.9923966216285223
TIFA,-0.07497379388562031,0.8661417322834646,1.0
ALPK1,0.6543428591315055,0.4251968503937008,1.0
ZGRF1,-1.1362723080220385,0.2047244094488189,0.9923966216285223
LARP7,-0.14975771638286606,0.48031496062992124,1.0
RPL7AP30,0.4603686864697403,0.6535433070866141,1.0
AC004057.1,0.6062507605089635,0.6377952755905512,1.0
CAMK2D,-0.6747870396848334,0.03937007874015748,0.9923966216285223
CIR1P2,-1.0127443891217087,0.3464566929133858,0.9923966216285223
NT5C3AP1,-1.4066084057541095,0.13385826771653545,0.9923966216285223
SNHG8,-0.2636911571907916,0.29133858267716534,0.9923966216285223
METTL14,-0.1794588019224692,0.5433070866141733,1.0
SEC24D,0.9648207524502954,0.14960629921259844,0.9923966216285223
USP53,-0.8163723634017144,0.2440944881889764,0.9923966216285223
C4orf3,-0.216179743795073,0.5669291338582677,1.0
GTF2IP12,-0.4861997203361642,0.5748031496062992,1.0
AC093752.1,0.2432786914113496,0.5118110236220472,1.0
PDE5A,0.9194422794939966,0.33858267716535434,0.9923966216285223
MAD2L1,0.35880857447283443,0.5039370078740157,1.0
TNIP3,1.299917757417158,0.031496062992125984,0.9923966216285223
ANXA5,0.3064882972206373,0.48031496062992124,1.0
TMEM155,-0.7442588856242613,0.25984251968503935,0.9923966216285223
EXOSC9,-0.20172783909906666,0.6299212598425197,1.0
CCNA2,0.39689948114405116,0.7007874015748031,1.0
BBS7,0.45455107032513853,0.3858267716535433,1.0
KIAA1109,-0.6636674437388468,0.023622047244094488,0.9923966216285223
IL21,1.389719569543505,0.08661417322834646,0.9923966216285223
BBS12,0.3875953398085423,0.5590551181102362,1.0
SPATA5,-0.7829243673574613,0.14960629921259844,0.9923966216285223
SPRY1,0.275244490599146,0.8503937007874016,1.0
PLK4,0.3187509234678405,0.6299212598425197,1.0
MFSD8,0.21172535849835405,0.6692913385826772,1.0
ABHD18,-0.40192775864659147,0.36220472440944884,0.9923966216285223
LARP1B,0.3549342344531041,0.44881889763779526,1.0
PGRMC2,0.7259264878907361,0.05511811023622047,0.9923966216285223
JADE1,-0.5073163542988759,0.2677165354330709,0.9923966216285223
SCLT1,-0.20224083527549475,0.6141732283464567,1.0
C4orf33,-1.4905516230120006,0.14173228346456693,0.9923966216285223
NOCT,0.6837621524057971,0.5511811023622047,1.0
ELF2,-0.7204127501163695,0.14960629921259844,0.9923966216285223
PPP1R14BP3,-0.1303498604964628,0.889763779527559,1.0
NDUFC1,0.604860932612481,0.07086614173228346,0.9923966216285223
NAA15,-0.17392745771291107,0.5669291338582677,1.0
AC097376.2,-0.5018099504225599,0.6377952755905512,1.0
RAB33B,-0.3707918324531052,0.47244094488188976,1.0
SETD7,0.3771847862290949,0.5669291338582677,1.0
MGST2,0.727403133277007,0.2992125984251969,0.9923966216285223
MAML3,-0.8362041076615765,0.4330708661417323,1.0
SCOC,-0.5699001481140984,0.3228346456692913,0.9923966216285223
SCOC-AS1,-1.0531002755452366,0.2992125984251969,0.9923966216285223
ELMOD2,0.1873170660940291,0.6456692913385826,1.0
TBC1D9,2.8503050526937255,0.05511811023622047,0.9923966216285223
ZNF330,-0.8644453522746947,0.2204724409448819,0.9923966216285223
IL15,0.46428838963505026,0.5984251968503937,1.0
INPP4B,-0.2826838337540556,0.41732283464566927,1.0
AC104596.1,-0.898569497099732,0.33858267716535434,0.9923966216285223
USP38,0.11705097249834218,0.7007874015748031,1.0
SMARCA5,-0.159661152626553,0.16535433070866143,0.9923966216285223
ANAPC10,-0.14605351668144717,0.889763779527559,1.0
HSPD1P5,-0.6915631643879321,0.4409448818897638,1.0
ABCE1,-0.047149786423084095,0.8818897637795275,1.0
OTUD4,-0.23522816830389104,0.31496062992125984,0.9923966216285223
RTN3P1,0.5872088207514463,0.28346456692913385,0.9923966216285223
MMAA,0.1511520608921395,0.9133858267716536,1.0
ZNF827,-1.117809701216418,0.03937007874015748,0.9923966216285223
LSM6,0.1135853418383288,0.7559055118110236,1.0
SLC10A7,0.1023951536291996,0.7795275590551181,1.0
GTF2F2P1,-1.0229827375305856,0.2125984251968504,0.9923966216285223
TMEM184C,-0.027064069919306988,0.9212598425196851,1.0
PRMT9,-0.6260719013462426,0.11811023622047244,0.9923966216285223
ARHGAP10,-0.8155103966469031,0.23622047244094488,0.9923966216285223
NR3C2,-0.8403385949389066,0.41732283464566927,1.0
LRBA,-0.27221021165506265,0.5354330708661418,1.0
RPS3A,-0.2337779607768855,0.44881889763779526,1.0
GATB,0.9104605246116768,0.3228346456692913,0.9923966216285223
LINC02273,-1.2679639357570107,0.14173228346456693,0.9923966216285223
FBXW7,-0.30670736577048974,0.2125984251968504,0.9923966216285223
LINC02486,0.1109683230972387,0.9763779527559056,1.0
TMEM154,-0.557589175139305,0.08661417322834646,0.9923966216285223
ARFIP1,-0.33769156768440123,0.41732283464566927,1.0
FAM192BP,-0.6665325758601537,0.4330708661417323,1.0
TRIM2,0.7019091393717126,0.44881889763779526,1.0
MND1,-0.09511618640267905,0.8582677165354331,1.0
TMEM131L,-0.8217548615023036,0.1889763779527559,0.9923966216285223
SFRP2,0.33501326547031063,0.84251968503937,1.0
PLRG1,0.2593813670696905,0.4094488188976378,1.0
MAP9,-0.3285872446109712,0.5669291338582677,1.0
CTSO,-0.8779565184170535,0.28346456692913385,0.9923966216285223
FAM198B,1.9082371053853282,0.015748031496062992,0.9923966216285223
C4orf46,-0.10413057086281974,0.8188976377952756,1.0
ETFDH,-0.36668335389682305,0.5748031496062992,1.0
PPID,-0.687379786619144,0.1732283464566929,0.9923966216285223
FNIP2,-1.5728301816917165,0.03937007874015748,0.9923966216285223
AC093700.1,0.02003849421458348,1.0,1.0
RAPGEF2,0.43537202762798266,0.7165354330708661,1.0
NAF1,-0.7009951301490887,0.2204724409448819,0.9923966216285223
TMA16,-0.48688097073928827,0.31496062992125984,0.9923966216285223
MARCH1,-0.14683070484670502,0.8818897637795275,1.0
ANP32C,-1.7449589477550482,0.03937007874015748,0.9923966216285223
NACA3P,-0.8104065745327302,0.14173228346456693,0.9923966216285223
AC106872.5,-0.5000859839828047,0.6220472440944882,1.0
AC106872.2,0.2722620869158896,0.6141732283464567,1.0
TMEM192,0.1550175863972516,0.5669291338582677,1.0
KLHL2,0.28187834297116865,0.4015748031496063,1.0
MSMO1,0.1630818278740538,0.6614173228346457,1.0
DDX60,-0.14944663910977773,0.8582677165354331,1.0
DDX60L,0.1207114950017747,0.7322834645669292,1.0
PALLD,-1.2612193538579695,0.1732283464566929,0.9923966216285223
CBR4,-0.09992866695969127,0.84251968503937,1.0
NEK1,-0.2337019342752953,0.7322834645669292,1.0
CLCN3,0.30347521737569405,0.2125984251968504,0.9923966216285223
HPF1,0.8125724291771164,0.4015748031496063,1.0
HSP90AA6P,-0.7342526501307975,0.3858267716535433,1.0
GALNT7,-0.0492052692043039,0.8582677165354331,1.0
HMGB2,-0.10556188613545103,0.7716535433070866,1.0
AC097534.2,0.2618894028977916,0.8503937007874016,1.0
SAP30,0.08880657402372893,0.7559055118110236,1.0
FBXO8,-0.271260668365338,0.25984251968503935,0.9923966216285223
CEP44,0.33495446982676835,0.5748031496062992,1.0
HPGD,-0.04677026680457885,0.9291338582677166,1.0
SPCS3,0.5899226313107402,0.047244094488188976,0.9923966216285223
NEIL3,0.8085567046098943,0.6141732283464567,1.0
AGA,0.4291076218869101,0.2125984251968504,0.9923966216285223
DCTD,-0.2364441071503034,0.41732283464566927,1.0
CDKN2AIP,-0.73533170454541,0.015748031496062992,0.9923966216285223
ING2,0.3440202497006988,0.06299212598425197,0.9923966216285223
RWDD4,0.7975846161373923,0.6220472440944882,1.0
TRAPPC11,-0.48113706456255034,0.3543307086614173,0.9923966216285223
LINC02362,0.48486223814986706,0.8031496062992126,1.0
IRF2,0.3846122019194729,0.03937007874015748,0.9923966216285223
AC099343.3,0.36803673446463003,0.4645669291338583,1.0
AC099343.1,-0.898569497099732,0.33858267716535434,0.9923966216285223
CASP3,0.07347006395754185,0.8976377952755905,1.0
PRIMPOL,-0.7539524637434214,0.4330708661417323,1.0
CENPU,-1.114587378024651,0.25984251968503935,0.9923966216285223
ACSL1,0.26246459463320315,0.6535433070866141,1.0
SLC25A4,-0.2753027671289088,0.7007874015748031,1.0
CFAP97,-0.2673985437164328,0.30708661417322836,0.9923966216285223
SNX25,0.6516416214026677,0.14960629921259844,0.9923966216285223
LRP2BP,0.18231708147500103,0.7322834645669292,1.0
ANKRD37,0.07392122005975899,0.952755905511811,1.0
UFSP2,0.0005515885845452928,1.0,1.0
TLR3,0.6004274735167909,0.48031496062992124,1.0
CYP4V2,-0.4910645536933185,0.2125984251968504,0.9923966216285223
AC093909.1,0.6974888638232449,0.3228346456692913,0.9923966216285223
FRG1,-0.22770687613032603,0.6220472440944882,1.0
CCDC127,-0.3195138011762797,0.8582677165354331,1.0
SDHA,0.24918769641476324,0.25196850393700787,0.9923966216285223
PDCD6,-0.026298019501293624,0.952755905511811,1.0
EXOC3,0.27687108116858994,0.5669291338582677,1.0
PP7080,0.8284154907603347,0.4566929133858268,1.0
CEP72,0.8717999372377188,0.4409448818897638,1.0
TPPP,0.5901536689824964,0.5748031496062992,1.0
BRD9,0.09605111807757982,0.8503937007874016,1.0
TRIP13,0.32254885631432817,0.6220472440944882,1.0
SLC12A7,-0.521820574549517,0.47244094488188976,1.0
CLPTM1L,1.0880608503340827,0.10236220472440945,0.9923966216285223
AC026748.1,0.7248747238795059,0.4645669291338583,1.0
LPCAT1,0.4787725409786825,0.6535433070866141,1.0
AC026412.1,-0.3490701315903908,0.4881889763779528,1.0
MRPL36,-0.0662847657103054,0.889763779527559,1.0
NDUFS6,0.32044777609270536,0.5354330708661418,1.0
ICE1,-0.3083294492454218,0.49606299212598426,1.0
MED10,-0.35004153683574035,0.25984251968503935,0.9923966216285223
NSUN2,0.14237694705683346,0.6929133858267716,1.0
SRD5A1,0.592802063513274,0.14173228346456693,0.9923966216285223
PAPD7,0.2909210547420411,0.2283464566929134,0.9923966216285223
MTRR,0.3247677514213754,0.2125984251968504,0.9923966216285223
FASTKD3,-1.0021991825723582,0.33858267716535434,0.9923966216285223
FAM173B,0.1609802993234246,0.7322834645669292,1.0
CCT5,-0.7846301310483828,0.07874015748031496,0.9923966216285223
MARCH6,0.20051134836072748,0.3228346456692913,0.9923966216285223
ANKRD33B,-0.4180928232217642,0.7007874015748031,1.0
DAP,0.09106956029870883,0.8582677165354331,1.0
TRIO,0.8144153171002895,0.03937007874015748,0.9923966216285223
FAM105A,-0.766893278206652,0.2992125984251969,0.9923966216285223
CCT6P2,-1.0281117619581246,0.2204724409448819,0.9923966216285223
EEF1A1P13,-0.983969622326212,0.10236220472440945,0.9923966216285223
OTULIN,0.3532614780739012,0.25984251968503935,0.9923966216285223
ANKH,-0.026790592743838992,0.9763779527559056,1.0
ZNF622,-0.39029638109775444,0.2755905511811024,0.9923966216285223
RETREG1,-0.019089049165454952,0.968503937007874,1.0
RPS26P28,-1.0177621695307693,0.2125984251968504,0.9923966216285223
BASP1,2.253978456732674,0.12598425196850394,0.9923966216285223
GUSBP1,-0.5730999394768397,0.5590551181102362,1.0
HSPD1P1,0.06756918557321434,0.8503937007874016,1.0
AC010342.1,0.05039816010224585,0.937007874015748,1.0
MSNP1,0.8614630595976127,0.3937007874015748,1.0
DROSHA,0.32567512371923346,0.2125984251968504,0.9923966216285223
C5orf22,-0.018884278881655447,0.937007874015748,1.0
AC025458.1,-0.5742820434523006,0.2677165354330709,0.9923966216285223
GOLPH3,-0.12320460798689403,0.3228346456692913,0.9923966216285223
AC025181.2,-0.6414936845772878,0.49606299212598426,1.0
AC025181.1,0.90276926499822,0.1889763779527559,0.9923966216285223
MTMR12,-0.24345679122039066,0.3858267716535433,1.0
ZFR,0.007269552915171396,0.9763779527559056,1.0
SUB1,0.5791557085299281,0.29133858267716534,0.9923966216285223
AC010343.1,-0.1035322613475822,0.7322834645669292,1.0
TARS,0.3769123540293622,0.4409448818897638,1.0
AC138409.2,0.2964265564734241,0.7165354330708661,1.0
RAD1,-0.35147796482076554,0.8976377952755905,1.0
BRIX1,-0.5671431483957994,0.3228346456692913,0.9923966216285223
DNAJC21,-0.028077704843661344,0.8740157480314961,1.0
SPEF2,-0.7107824344680282,0.23622047244094488,0.9923966216285223
IL7R,-1.1454684660304206,0.15748031496062992,0.9923966216285223
LMBRD2,0.04802858245803243,0.905511811023622,1.0
SKP2,0.04813132470704051,0.9291338582677166,1.0
NADK2,-0.1390011238118274,0.8110236220472441,1.0
NIPBL,-0.26771318240253805,0.1968503937007874,0.9923966216285223
RPS4XP6,-0.9470354579778462,0.2125984251968504,0.9923966216285223
C5orf42,0.3690796848170663,0.5590551181102362,1.0
OFD1P17,-0.28828532836089593,0.4645669291338583,1.0
NUP155,-0.6909440762481953,0.2125984251968504,0.9923966216285223
WDR70,-0.22658774950881178,0.48031496062992124,1.0
RICTOR,-0.024819228845321284,0.8346456692913385,1.0
FYB1,-0.17312725492209502,0.5433070866141733,1.0
DAB2,-0.3157780782697619,0.6377952755905512,1.0
INTS6P1,-1.0616490822604505,0.2440944881889764,0.9923966216285223
TTC33,0.5182153750164891,0.28346456692913385,0.9923966216285223
PTGER4,-0.07169724643167541,0.8346456692913385,1.0
PRKAA1,-0.08155611830815168,0.8346456692913385,1.0
RPL37,-0.13727330017881556,0.6456692913385826,1.0
CARD6,1.2570747497400294,0.11023622047244094,0.9923966216285223
OXCT1,-0.029365554328958154,0.9212598425196851,1.0
C5orf51,-0.3972769338815443,0.5984251968503937,1.0
FBXO4,-0.5745120262593368,0.09448818897637795,0.9923966216285223
CCDC152,-1.3094047135447529,0.1732283464566929,0.9923966216285223
AC025171.1,-1.6550314526619556,0.031496062992125984,0.9923966216285223
ANXA2R,-0.6006821496918944,0.36220472440944884,0.9923966216285223
AC025171.2,-0.0672441471720937,0.9291338582677166,1.0
ZNF131,-0.43782303164953795,0.015748031496062992,0.9923966216285223
HMGCS1,0.21651438709805504,0.30708661417322836,0.9923966216285223
CCL28,-1.4824790622874988,0.047244094488188976,0.9923966216285223
TMEM267,0.373879193695958,0.5039370078740157,1.0
C5orf34,-1.381134260860256,0.16535433070866143,0.9923966216285223
PAIP1,-0.3389536835507978,0.7952755905511811,1.0
NNT-AS1,0.31853940924828894,0.6141732283464567,1.0
NNT,0.06410593703194234,0.8267716535433071,1.0
MRPS30,-0.523486009978039,0.11023622047244094,0.9923966216285223
AC093297.2,-0.3481977606411315,0.6929133858267716,1.0
EMB,0.1129385850294291,0.5748031496062992,1.0
PARP8,-0.7434513503345741,0.14960629921259844,0.9923966216285223
ITGA1,1.1147555904887803,0.07874015748031496,0.9923966216285223
PELO,-0.00025044121824180365,1.0,1.0
ITGA2,1.7537180242357098,0.047244094488188976,0.9923966216285223
MOCS2,0.2441829459569762,0.25984251968503935,0.9923966216285223
AC008966.1,0.9861981699803255,0.2992125984251969,0.9923966216285223
NDUFS4,-0.09726905549311926,0.7637795275590551,1.0
ARL15,-0.3216386560604656,0.5905511811023622,1.0
SNX18,-0.4706102966869814,0.49606299212598426,1.0
AC034238.1,-1.4413994815394804,0.047244094488188976,0.9923966216285223
GZMK,-0.6597523511836361,0.4881889763779528,1.0
GZMA,0.28356919216137655,0.5354330708661418,1.0
DHX29,0.28216022968416166,0.4094488188976378,1.0
SKIV2L2,-0.597963719053241,0.1889763779527559,0.9923966216285223
SLC38A9,-0.569321631700765,0.23622047244094488,0.9923966216285223
IL6ST,-0.16972660111806093,0.6535433070866141,1.0
AC016596.1,-0.33415868011525873,0.7401574803149606,1.0
RPL26P19,-0.4450158504309609,0.06299212598425197,0.9923966216285223
MAP3K1,0.2215764195549781,0.5039370078740157,1.0
MIER3,-1.0753106852599448,0.36220472440944884,0.9923966216285223
GPBP1,-0.39091413363715066,0.031496062992125984,0.9923966216285223
PLK2,-0.8621676993735297,0.31496062992125984,0.9923966216285223
GAPT,1.1157512205984568,0.33858267716535434,0.9923966216285223
PDE4D,-0.35038024845134963,0.48031496062992124,1.0
DEPDC1B,0.4474257047715531,0.5196850393700787,1.0
ERCC8,-0.18552401073961988,0.8818897637795275,1.0
NDUFAF2,0.06865970044002889,0.8976377952755905,1.0
SMIM15,0.32654488967130657,0.47244094488188976,1.0
ZSWIM6,-0.5112373861867932,0.18110236220472442,0.9923966216285223
AC122718.1,-1.2490706040724284,0.14173228346456693,0.9923966216285223
KIF2A,-0.26545710552392787,0.10236220472440945,0.9923966216285223
DIMT1,0.16897746552061133,0.5433070866141733,1.0
IPO11,0.3522726454216327,0.4409448818897638,1.0
SREK1IP1,0.23394705325189413,0.4094488188976378,1.0
CWC27,0.03919902234840844,0.8503937007874016,1.0
ADAMTS6,0.08949497433185916,0.8740157480314961,1.0
CENPK,0.028309580174814997,0.952755905511811,1.0
PPWD1,-0.4502332521821524,0.2047244094488189,0.9923966216285223
TRIM23,-0.26203962187535,0.6377952755905512,1.0
TRAPPC13,-0.7469233805853839,0.2125984251968504,0.9923966216285223
AC008560.1,1.2135711887557972,0.16535433070866143,0.9923966216285223
SGTB,-0.1680196870634587,0.5984251968503937,1.0
NLN,-0.27204746602111873,0.7244094488188977,1.0
ERBIN,-0.0967899286620959,0.7401574803149606,1.0
SREK1,-0.23359468611603784,0.3543307086614173,0.9923966216285223
MAST4,1.0657803546596316,0.07874015748031496,0.9923966216285223
CD180,2.413397571737277,0.07874015748031496,0.9923966216285223
PIK3R1,-0.4901188770296976,0.2283464566929134,0.9923966216285223
SLC30A5,0.5266886288037487,0.3700787401574803,0.9923966216285223
CCNB1,0.8391775891874058,0.5354330708661418,1.0
CENPH,-0.4766779659931695,0.23622047244094488,0.9923966216285223
MRPS36,0.1390982615706262,0.6535433070866141,1.0
CDK7,0.06701442766422527,0.889763779527559,1.0
CCDC125,0.9222656646484295,0.03937007874015748,0.9923966216285223
AK6,-0.12236212743748975,0.7401574803149606,1.0
TAF9,-0.7008460014552833,0.2047244094488189,0.9923966216285223
RAD17,-0.08320390822794899,0.8346456692913385,1.0
GTF2H2C,-0.513381202491082,0.4409448818897638,1.0
SMN2,1.592750018491397,0.1889763779527559,0.9923966216285223
SMN1,-0.34517755852871757,0.5511811023622047,1.0
GTF2H2,0.8049255278370113,0.44881889763779526,1.0
BDP1,-0.17251527206133055,0.7716535433070866,1.0
MCCC2,0.5559883420977361,0.1889763779527559,0.9923966216285223
MRPS27,-0.10271679578835968,0.7795275590551181,1.0
PTCD2,0.2707621069734123,0.6456692913385826,1.0
TNPO1,-0.3029343730229339,0.05511811023622047,0.9923966216285223
AC008953.1,0.13937456388003144,0.905511811023622,1.0
FCHO2,-2.0834916535720955,0.03937007874015748,0.9923966216285223
TMEM171,0.9071853782523025,0.4015748031496063,1.0
BTF3,-0.1616069580276367,0.6771653543307087,1.0
ANKRA2,-0.06614050142175554,0.8188976377952756,1.0
UTP15,-0.44155240192333434,0.4094488188976378,1.0
ARHGEF28,1.129314311912132,0.12598425196850394,0.9923966216285223
ENC1,-0.6454238995729451,0.3464566929133858,0.9923966216285223
HEXB,0.1887792993365256,0.5039370078740157,1.0
GFM2,-1.2694727973513364,0.11023622047244094,0.9923966216285223
NSA2,-0.23428529412789967,0.4881889763779528,1.0
FAM169A,-1.2310172198907687,0.14173228346456693,0.9923966216285223
GCNT4,-1.0961448692253553,0.4330708661417323,1.0
HMGCR,-0.2255214121143796,0.4645669291338583,1.0
COL4A3BP,-0.3152742152049468,0.11811023622047244,0.9923966216285223
POLK,0.17433601632995632,0.7007874015748031,1.0
POC5,-0.3203429806112599,0.33858267716535434,0.9923966216285223
AC113404.3,-0.3053867657000451,0.2755905511811024,0.9923966216285223
HMGN2P4,0.3604835491167173,0.6929133858267716,1.0
PDCD5P2,-0.4747676280254727,0.5275590551181102,1.0
IQGAP2,-0.4744101337943487,0.03937007874015748,0.9923966216285223
F2R,0.07653403704048412,0.7401574803149606,1.0
AGGF1,-0.32214729327825165,0.49606299212598426,1.0
WDR41,0.8199050882308856,0.28346456692913385,0.9923966216285223
RPL7P23,0.538082775147323,0.3700787401574803,0.9923966216285223
TBCA,-0.07466435914744007,0.8188976377952756,1.0
ACTBP2,0.12449804056296543,0.8110236220472441,1.0
AP3B1,-0.24278368894607105,0.1889763779527559,0.9923966216285223
SCAMP1-AS1,0.48855979457707743,0.5275590551181102,1.0
SCAMP1,-0.3948624578377302,0.2283464566929134,0.9923966216285223
ARSB,2.032728277301134,0.05511811023622047,0.9923966216285223
JMY,-0.847899591825457,0.07874015748031496,0.9923966216285223
AC020898.1,-0.23520841468127274,0.7637795275590551,1.0
HOMER1,0.6254218859952567,0.5905511811023622,1.0
PAPD4,-0.590788186748874,0.015748031496062992,0.9923966216285223
MTX3,-0.5768037560744386,0.11811023622047244,0.9923966216285223
SERINC5,-0.9145378687719972,0.16535433070866143,0.9923966216285223
RBMX2P5,-0.15664238750128812,0.9291338582677166,1.0
ZFYVE16,0.5899264337372676,0.06299212598425197,0.9923966216285223
DHFR,-0.4512551131238771,0.48031496062992124,1.0
MSH3,0.5120909138963032,0.10236220472440945,0.9923966216285223
RASGRF2,-1.7725230576095394,0.2283464566929134,0.9923966216285223
CKMT2-AS1,-0.9222069386186877,0.2440944881889764,0.9923966216285223
ZCCHC9,0.03824842812566942,0.905511811023622,1.0
SSBP2,-2.0397114431290992,0.11811023622047244,0.9923966216285223
SEM1P1,-0.8700701294595241,0.2125984251968504,0.9923966216285223
ATG10,-0.6813943250389651,0.13385826771653545,0.9923966216285223
RPS23,-0.6267357658007988,0.047244094488188976,0.9923966216285223
ATP6AP1L,-0.3890349236709547,0.7165354330708661,1.0
TMEM167A,0.4330780399613978,0.2047244094488189,0.9923966216285223
XRCC4,1.4098331793577246,0.047244094488188976,0.9923966216285223
VCAN,0.808995602366184,0.44881889763779526,1.0
RPL5P17,-0.46614522534105207,0.4645669291338583,1.0
AC026700.1,0.7194738663243916,0.41732283464566927,1.0
COX7C,0.08550040440426088,0.7007874015748031,1.0
AC091429.1,-0.23646621473812712,0.7637795275590551,1.0
RASA1,-0.620638982613432,0.15748031496062992,0.9923966216285223
CCNH,-0.5868787798098083,0.30708661417322836,0.9923966216285223
TMEM161B,0.040618489688776904,0.905511811023622,1.0
TMEM161B-AS1,-1.3180903440354936,0.36220472440944884,0.9923966216285223
MEF2C,3.0842218922403073,0.08661417322834646,0.9923966216285223
CETN3,-0.21729378195047833,0.6771653543307087,1.0
MBLAC2,-1.669996581653726,0.05511811023622047,0.9923966216285223
POLR3G,1.448373245808285,0.2283464566929134,0.9923966216285223
LYSMD3,-0.009419412374098712,0.9763779527559056,1.0
ARRDC3,0.17693728071815862,0.41732283464566927,1.0
FAM172A,-0.23287702650300712,0.41732283464566927,1.0
NPM1P27,-0.3018156532844074,0.3700787401574803,0.9923966216285223
KIAA0825,-0.3793278892497014,0.4645669291338583,1.0
AC093311.1,1.0269808593911733,0.2204724409448819,0.9923966216285223
SLF1,0.013428370008776724,1.0,1.0
MCTP1,-0.44862831528782876,0.5826771653543307,1.0
TTC37,0.17592788723087693,0.23622047244094488,0.9923966216285223
ARSK,-0.48468195728803165,0.3700787401574803,0.9923966216285223
RFESD,-0.12735265893536107,0.952755905511811,1.0
RHOBTB3,-1.1927606045373507,0.28346456692913385,0.9923966216285223
GLRX,0.47927594292512943,0.3543307086614173,0.9923966216285223
ELL2,1.3993303903346996,0.16535433070866143,0.9923966216285223
CAST,-0.19602251782599112,0.2755905511811024,0.9923966216285223
ERAP1,-0.05203265527443435,0.8740157480314961,1.0
AC009126.1,-0.10869755392586189,0.905511811023622,1.0
ERAP2,0.11205628591147843,0.8976377952755905,1.0
LNPEP,-0.08133964548254813,0.8031496062992126,1.0
RIOK2,-0.08304780069053574,0.8661417322834646,1.0
AC116347.1,-0.4670093640881774,0.3779527559055118,0.9979787009382448
RGMB,-1.5025160100720385,0.11023622047244094,0.9923966216285223
CHD1,-0.45535607230867203,0.031496062992125984,0.9923966216285223
FAM174A,0.060458924421291194,0.968503937007874,1.0
ST8SIA4,0.5896895826419977,0.03937007874015748,0.9923966216285223
SLCO4C1,0.05383058157790366,0.9291338582677166,1.0
PAM,-0.8852134890445216,0.13385826771653545,0.9923966216285223
GIN1,0.8312448776068502,0.3937007874015748,1.0
PPIP5K2,0.20749256183011777,0.4409448818897638,1.0
C5orf30,0.05020407976230867,0.8031496062992126,1.0
EFNA5,1.8538503502519852,0.023622047244094488,0.9923966216285223
FBXL17,-0.18321255023072425,0.41732283464566927,1.0
FER,-0.31109871471745887,0.8661417322834646,1.0
AC034207.1,-1.2111410491610488,0.30708661417322836,0.9923966216285223
PJA2,0.04145908993340175,0.905511811023622,1.0
AC012603.1,-1.2405762453980818,0.14173228346456693,0.9923966216285223
MAN2A1,0.07654897706792241,0.7165354330708661,1.0
SLC25A46,0.12235489065931215,0.7401574803149606,1.0
WDR36,0.007380288662144352,0.9921259842519685,1.0
AC010468.1,-0.9110910278379412,0.18110236220472442,0.9923966216285223
CAMK4,-0.5003050487248588,0.12598425196850394,0.9923966216285223
STARD4,-0.49364215718171867,0.05511811023622047,0.9923966216285223
NREP,-0.42116487945350767,0.6692913385826772,1.0
EPB41L4A-AS1,-0.1587947869255899,0.5748031496062992,1.0
APC,0.1670984830985125,0.5826771653543307,1.0
SRP19,0.21552548527745685,0.6771653543307087,1.0
REEP5,0.5287251957306633,0.06299212598425197,0.9923966216285223
DCP2,-0.3138625987611521,0.13385826771653545,0.9923966216285223
MCC,-1.2956466776538507,0.14960629921259844,0.9923966216285223
YTHDC2,-0.034640406034567306,0.9448818897637795,1.0
TRIM36,1.289271894725781,0.2125984251968504,0.9923966216285223
PGGT1B,-0.1533429807569684,0.6377952755905512,1.0
CCDC112,0.5367326328693647,0.5039370078740157,1.0
FEM1C,-0.029583787476370027,0.937007874015748,1.0
TMED7,-0.2528955386477225,0.4645669291338583,1.0
ATG12,-0.35042163107280544,0.08661417322834646,0.9923966216285223
AP3S1,0.18878182780729968,0.7322834645669292,1.0
AC034236.1,-0.2977681360529836,0.36220472440944884,0.9923966216285223
COMMD10,-0.502536779901976,0.2677165354330709,0.9923966216285223
DTWD2,-0.45994159998042905,0.5826771653543307,1.0
PTMAP2,0.10071992155937082,0.7716535433070866,1.0
MIR1244-2,-0.4774683046086938,0.36220472440944884,0.9923966216285223
DMXL1,-0.10191939450318888,0.6062992125984252,1.0
TNFAIP8,-0.138510235792765,0.5275590551181102,1.0
HSD17B4,0.043530614737488094,0.9291338582677166,1.0
SRFBP1,-0.4256172912751355,0.4645669291338583,1.0
SNX2,-0.3166968631177829,0.6377952755905512,1.0
SNX24,-0.22752325230238535,0.5905511811023622,1.0
CEP120,-0.39540614937762,0.2125984251968504,0.9923966216285223
CSNK1G3,-0.17648326585648366,0.5905511811023622,1.0
ZNF608,-0.07237073227709834,1.0,1.0
GRAMD2B,0.0017536805218312246,1.0,1.0
PHAX,-0.206281866697835,0.5433070866141733,1.0
LMNB1,-0.0962539533578246,0.8740157480314961,1.0
C5orf63,-0.3889199747364769,0.6062992125984252,1.0
PRRC1,0.32675808189263034,0.47244094488188976,1.0
LINC01184,1.4499129836928462,0.031496062992125984,0.9923966216285223
SLC12A2,-0.3510281254499166,0.2440944881889764,0.9923966216285223
ISOC1,-0.44616405644125123,0.05511811023622047,0.9923966216285223
AC113367.1,-1.1403768490605226,0.07086614173228346,0.9923966216285223
HINT1,0.05503935653736569,0.7952755905511811,1.0
LYRM7,0.2382551009619327,0.2992125984251969,0.9923966216285223
CDC42SE2,-0.39301025768936704,0.07874015748031496,0.9923966216285223
RAPGEF6,-0.7247456020677134,0.03937007874015748,0.9923966216285223
FNIP1,-0.5700613904144314,0.11023622047244094,0.9923966216285223
ACSL6,-0.9747088656208307,0.15748031496062992,0.9923966216285223
SLC22A5,0.45060289342604065,0.4645669291338583,1.0
C5orf56,0.09252926689340324,0.7007874015748031,1.0
AC116366.1,-0.46414021340891454,0.5905511811023622,1.0
IRF1,-0.5821885138933132,0.07086614173228346,0.9923966216285223
RAD50,0.4078797784938706,0.6692913385826772,1.0
KIF3A,-0.5889477387534559,0.28346456692913385,0.9923966216285223
CCNI2,-1.5517337022194895,0.10236220472440945,0.9923966216285223
SEPT8,0.10248407968529571,0.889763779527559,1.0
SHROOM1,0.05723913686998805,0.9212598425196851,1.0
UQCRQ,0.710121813479482,0.14960629921259844,0.9923966216285223
LEAP2,0.028463157754359703,0.9763779527559056,1.0
AFF4,-0.46918927131050303,0.03937007874015748,0.9923966216285223
ZCCHC10,-0.4992050313404057,0.11811023622047244,0.9923966216285223
HSPA4,-0.03203745744508435,0.905511811023622,1.0
C5orf15,0.4087289484679477,0.2125984251968504,0.9923966216285223
VDAC1,0.33402839576279586,0.4566929133858268,1.0
TCF7,-0.9973016710664471,0.14173228346456693,0.9923966216285223
SKP1,-0.3535591016153612,0.16535433070866143,0.9923966216285223
PPP2CA,-0.02742596424388033,0.937007874015748,1.0
AC104109.4,-0.21839142218523766,0.8267716535433071,1.0
UBE2B,-0.8381059074876136,0.05511811023622047,0.9923966216285223
CDKN2AIPNL,0.5429327787918972,0.36220472440944884,0.9923966216285223
JADE2,-0.6613625848040101,0.3464566929133858,0.9923966216285223
SAR1B,0.22875275804790185,0.4251968503937008,1.0
SEC24A,0.39568856383294726,0.47244094488188976,1.0
CAMLG,-0.3315479229036349,0.2204724409448819,0.9923966216285223
DDX46,-0.04081115108874389,0.84251968503937,1.0
C5orf24,0.06495429667857877,0.7086614173228346,1.0
TXNDC15,1.1019364082247503,0.023622047244094488,0.9923966216285223
PCBD2,-0.43457560266447137,0.36220472440944884,0.9923966216285223
MTND4P12,-0.6813258339265098,0.36220472440944884,0.9923966216285223
H2AFY,-0.24295257165717743,0.33858267716535434,0.9923966216285223
CXCL14,-0.44797666296371386,0.7637795275590551,1.0
TGFBI,-1.2955147708098753,0.25984251968503935,0.9923966216285223
SMAD5,-0.595236061510894,0.23622047244094488,0.9923966216285223
KLHL3,-1.1131798604492111,0.1889763779527559,0.9923966216285223
HNRNPA0,-0.3351883156026565,0.09448818897637795,0.9923966216285223
FAM13B,-0.056956723886322,0.8031496062992126,1.0
BRD8,-0.11551130266623577,0.7480314960629921,1.0
KIF20A,0.5041399779814153,0.6535433070866141,1.0
CDC23,-0.10130836345318972,0.8661417322834646,1.0
CDC25C,0.15732293074809411,0.905511811023622,1.0
FAM53C,-0.11056620060003919,0.8582677165354331,1.0
KDM3B,-0.15495134364129637,0.1732283464566929,0.9923966216285223
EGR1,-1.6208913822903908,0.031496062992125984,0.9923966216285223
ETF1,0.13617256227857677,0.6771653543307087,1.0
HSPA9,-0.041800203514608114,0.8346456692913385,1.0
CTNNA1,1.2036791573573815,0.07874015748031496,0.9923966216285223
SIL1,0.8499390654135759,0.11811023622047244,0.9923966216285223
MATR3,-0.33412095483488,0.1732283464566929,0.9923966216285223
PAIP2,-0.32937793071699684,0.33858267716535434,0.9923966216285223
SLC23A1,1.2140054881549296,0.07874015748031496,0.9923966216285223
MZB1,4.201457542831024,0.05511811023622047,0.9923966216285223
PROB1,0.7460503205868491,0.5669291338582677,1.0
SPATA24,0.7491488384243445,0.4330708661417323,1.0
DNAJC18,-0.3642015574186446,0.1732283464566929,0.9923966216285223
TMEM173,0.040512337182081026,0.905511811023622,1.0
UBE2D2,-0.035784653560908986,0.8582677165354331,1.0
CXXC5,1.072636208934008,0.10236220472440945,0.9923966216285223
MALINC1,-1.129971156357696,0.2755905511811024,0.9923966216285223
PURA,-0.19817151831753677,0.5984251968503937,1.0
IGIP,-0.9463083695918613,0.13385826771653545,0.9923966216285223
CYSTM1,0.4643828403148582,0.2283464566929134,0.9923966216285223
PFDN1,-0.22702615785717484,0.5039370078740157,1.0
HBEGF,-0.7377665073138404,0.49606299212598426,1.0
ANKHD1,-1.2774147236848337,0.31496062992125984,0.9923966216285223
SRA1,-0.09709835339255335,0.889763779527559,1.0
APBB3,0.7346051340711979,0.36220472440944884,0.9923966216285223
SLC35A4,0.30435978285492293,0.3858267716535433,1.0
NDUFA2,0.06984344725000557,0.9212598425196851,1.0
TMCO6,-0.583789872006891,0.41732283464566927,1.0
IK,0.04684791501733088,0.8188976377952756,1.0
WDR55,-0.30667421188066957,0.49606299212598426,1.0
HARS,0.008438615070959887,0.9763779527559056,1.0
HARS2,-0.5373171695793553,0.2047244094488189,0.9923966216285223
ZMAT2,0.29578311710169647,0.2755905511811024,0.9923966216285223
TAF7,-0.15618724471351086,0.5511811023622047,1.0
DIAPH1,-0.1301905015596958,0.7401574803149606,1.0
HDAC3,-0.1227234293496311,0.7874015748031497,1.0
FCHSD1,0.056555773286237176,0.9291338582677166,1.0
KIAA0141,-0.22594673857608427,0.8031496062992126,1.0
PCDH12,-1.303016710192877,0.1732283464566929,0.9923966216285223
RNF14,-0.46610013502202996,0.47244094488188976,1.0
GNPDA1,-0.07963108871987767,0.8976377952755905,1.0
NDFIP1,-0.0515147169381347,0.6692913385826772,1.0
AC091825.1,1.3971253686875025,0.05511811023622047,0.9923966216285223
ARHGAP26,-0.47741630145254454,0.29133858267716534,0.9923966216285223
NR3C1,-0.49577812428945656,0.11023622047244094,0.9923966216285223
YIPF5,0.2543852035481686,0.2755905511811024,0.9923966216285223
PRELID2,-0.06449708332073012,1.0,1.0
LARS,0.08787572977643787,0.7637795275590551,1.0
RBM27,-0.251710739525981,0.3464566929133858,0.9923966216285223
TCERG1,-0.03589767708135483,0.8503937007874016,1.0
PPP2R2B,0.06321668800688762,0.952755905511811,1.0
JAKMIP2,-0.04463279571363987,0.889763779527559,1.0
FBXO38,0.5173260963389756,0.36220472440944884,0.9923966216285223
ADRB2,-0.587602131962444,0.49606299212598426,1.0
GRPEL2,0.29027056500272863,0.48031496062992124,1.0
PCYOX1L,0.5570139110479357,0.23622047244094488,0.9923966216285223
CSNK1A1,-0.3716851341780405,0.25984251968503935,0.9923966216285223
AC021078.1,-1.211191445596774,0.07086614173228346,0.9923966216285223
PPARGC1B,1.9654364023646318,0.07086614173228346,0.9923966216285223
SLC26A2,0.007330035833027715,0.984251968503937,1.0
HMGXB3,0.24586323562491685,0.4881889763779528,1.0
RPL7P1,-0.6868682689606054,0.23622047244094488,0.9923966216285223
PDGFRB,-1.542672876777025,0.13385826771653545,0.9923966216285223
TCOF1,0.19885463313555096,0.6692913385826772,1.0
CD74,0.39866607542754195,0.48031496062992124,1.0
RPS14,-0.31431375475196077,0.6614173228346457,1.0
NDST1,1.0227522747209434,0.29133858267716534,0.9923966216285223
SYNPO,1.8029347100156394,0.031496062992125984,0.9923966216285223
RBM22,-0.03540575832809001,0.84251968503937,1.0
DCTN4,-0.07474022399642521,0.8976377952755905,1.0
SMIM3,-1.1629371508508144,0.29133858267716534,0.9923966216285223
ZNF300,0.34205897759570214,0.6850393700787402,1.0
GPX3,0.1865362228684999,0.9212598425196851,1.0
TNIP1,-0.5819535675591929,0.4645669291338583,1.0
ANXA6,0.07487531282727833,0.937007874015748,1.0
CCDC69,0.40599131486881657,0.2204724409448819,0.9923966216285223
GM2A,0.711413258305865,0.4409448818897638,1.0
SLC36A1,-0.955976738091731,0.1968503937007874,0.9923966216285223
SPARC,1.0683056151665,0.5039370078740157,1.0
AC011374.2,0.07728502028124007,0.84251968503937,1.0
ATOX1,2.1720469042806476,0.03937007874015748,0.9923966216285223
RPLP1P6,0.15053180366300167,0.8110236220472441,1.0
G3BP1,-0.2060879620448075,0.33070866141732286,0.9923966216285223
FAM114A2,-0.3251144718795702,0.5354330708661418,1.0
MFAP3,-0.07543491949761472,1.0,1.0
GALNT10,-0.47901080939533713,0.4330708661417323,1.0
SAP30L-AS1,0.09531519353943274,0.8582677165354331,1.0
SAP30L,0.543417314111716,0.08661417322834646,0.9923966216285223
LARP1,0.07852786418783708,0.7559055118110236,1.0
CNOT8,-0.41213748527847116,0.25984251968503935,0.9923966216285223
GEMIN5,-0.19918737687112875,0.4645669291338583,1.0
MRPL22,-0.25787502163993636,0.6692913385826772,1.0
KIF4B,1.116061546975305,0.15748031496062992,0.9923966216285223
AC008725.1,-1.0835957105762166,0.2283464566929134,0.9923966216285223
PPP1R2P3,-0.0851678337632864,0.905511811023622,1.0
TIMD4,-1.4148254827911892,0.25196850393700787,0.9923966216285223
HAVCR2,0.09760597858629083,0.905511811023622,1.0
MED7,0.45982880049256947,0.4409448818897638,1.0
ITK,-0.5436324139334667,0.11023622047244094,0.9923966216285223
CYFIP2,-0.3101490299991134,0.25984251968503935,0.9923966216285223
ADAM19,1.0251729576185955,0.07086614173228346,0.9923966216285223
THG1L,0.5227545598376286,0.33858267716535434,0.9923966216285223
LSM11,-0.7202050653138432,0.4251968503937008,1.0
CLINT1,-0.3190165855557918,0.11023622047244094,0.9923966216285223
AC008677.2,-0.5802676144770258,0.48031496062992124,1.0
EBF1,0.9310457545987807,0.4251968503937008,1.0
RNF145,-0.19300162790602293,0.3464566929133858,0.9923966216285223
UBLCP1,0.0010555002431100746,1.0,1.0
GAPDHP40,0.19299224382189628,0.7874015748031497,1.0
TTC1,0.058980469084986886,0.7795275590551181,1.0
PWWP2A,-0.48010179359840777,0.11023622047244094,0.9923966216285223
AC112191.2,-0.925044090761415,0.30708661417322836,0.9923966216285223
SLU7,-0.21707149753596067,0.2755905511811024,0.9923966216285223
PTTG1,0.49798259309786364,0.6062992125984252,1.0
MIR3142HG,-0.5882746675724975,0.4330708661417323,1.0
CCNG1,-0.37678627839235634,0.31496062992125984,0.9923966216285223
NUDCD2,-0.1739648948397008,0.7716535433070866,1.0
HMMR,-0.1525175828838048,0.952755905511811,1.0
MAT2B,-0.3233275817938983,0.3779527559055118,0.9979787009382448
AC026403.1,0.3041897576062391,0.5590551181102362,1.0
RARS,-0.26544083885987213,0.6220472440944882,1.0
PANK3,-0.30916224793746405,0.2755905511811024,0.9923966216285223
RPL10P9,-0.2561295362708096,0.7165354330708661,1.0
SPDL1,-0.1989457381064561,0.6850393700787402,1.0
DOCK2,0.18654287396524172,0.44881889763779526,1.0
C5orf58,1.2779755465679168,0.11811023622047244,0.9923966216285223
LCP2,-0.131800290651376,0.7007874015748031,1.0
NPM1,-0.2251594302643447,0.5354330708661418,1.0
FBXW11,-0.2778762787159268,0.3464566929133858,0.9923966216285223
STK10,-0.10169223429678187,0.8110236220472441,1.0
UBTD2,0.8694289625548315,0.14173228346456693,0.9923966216285223
NEURL1B,0.13207869313054887,0.8976377952755905,1.0
AC027309.2,-0.44121365101584153,0.1732283464566929,0.9923966216285223
DUSP1,-0.5712212472298663,0.33070866141732286,0.9923966216285223
ERGIC1,0.2799121197450791,0.49606299212598426,1.0
RPL26L1,-0.1750190990137508,0.8582677165354331,1.0
AC008429.2,0.1748305001267445,0.7401574803149606,1.0
ATP6V0E1,0.15182509878453132,0.30708661417322836,0.9923966216285223
CREBRF,-0.6463511005539653,0.07874015748031496,0.9923966216285223
BNIP1,0.6913046859418852,0.1732283464566929,0.9923966216285223
BOD1,-0.7356749845687856,0.3228346456692913,0.9923966216285223
CPEB4,0.6494028730969212,0.25196850393700787,0.9923966216285223
SFXN1,0.3162008162945309,0.2283464566929134,0.9923966216285223
THOC3,0.2141138650517851,0.4645669291338583,1.0
SIMC1,0.20226476264898885,0.7716535433070866,1.0
KIAA1191,-0.5327038800786621,0.07086614173228346,0.9923966216285223
ARL10,-3.10140766975624,0.023622047244094488,0.9923966216285223
NOP16,0.2629628877936683,0.7165354330708661,1.0
HIGD2A,0.36403232903746474,0.2677165354330709,0.9923966216285223
CLTB,-0.3190624005600755,0.7480314960629921,1.0
FAF2,0.42718493936479085,0.11811023622047244,0.9923966216285223
RNF44,-0.6757910330521764,0.09448818897637795,0.9923966216285223
TSPAN17,0.04358311747528765,0.9921259842519685,1.0
UIMC1,0.42553352667070676,0.1889763779527559,0.9923966216285223
ZNF346,-0.14929040654714143,0.7637795275590551,1.0
NSD1,0.03498937267817759,0.937007874015748,1.0
RAB24,0.13449773394914244,0.905511811023622,1.0
MXD3,-0.448894240582725,0.7952755905511811,1.0
PRELID1,-0.6737263096865203,0.5118110236220472,1.0
LMAN2,0.333233004647429,0.3464566929133858,0.9923966216285223
RGS14,0.603271443376407,0.6141732283464567,1.0
GRK6,0.10663847616205491,0.9291338582677166,1.0
PRR7,0.24933138192037418,0.8582677165354331,1.0
DBN1,0.3715808289045035,0.5905511811023622,1.0
PDLIM7,0.5951317561630565,0.6456692913385826,1.0
DOK3,3.135899171929135,0.11023622047244094,0.9923966216285223
DDX41,-0.2850225089479661,0.6929133858267716,1.0
FAM193B,0.04378711479636621,0.968503937007874,1.0
TMED9,0.8737015867304274,0.18110236220472442,0.9923966216285223
B4GALT7,1.374636753983055,0.15748031496062992,0.9923966216285223
AC139795.1,-0.4887918236473139,0.5039370078740157,1.0
AC106795.1,0.12189138711990388,0.7322834645669292,1.0
SUDS3P1,0.2956748751651519,0.25984251968503935,0.9923966216285223
AC136632.1,-0.1461185131019782,0.7322834645669292,1.0
RMND5B,-0.5619897147670305,0.33858267716535434,0.9923966216285223
NHP2,1.0900026336723174,0.3700787401574803,0.9923966216285223
HNRNPAB,0.03762348700780471,0.8976377952755905,1.0
PHYKPL,0.07318127892367254,0.8031496062992126,1.0
CLK4,-0.40807646908335204,0.33070866141732286,0.9923966216285223
ZNF354A,-0.6343419934574337,0.25984251968503935,0.9923966216285223
ZNF354B,-0.006328356401986479,0.984251968503937,1.0
ZNF879,0.07743558839674858,0.9291338582677166,1.0
ZNF354C,-0.48828316794009785,0.4409448818897638,1.0
RUFY1,0.6665223400224303,0.07874015748031496,0.9923966216285223
HNRNPH1,-0.2977932125842422,0.07086614173228346,0.9923966216285223
CANX,0.37613823415509806,0.16535433070866143,0.9923966216285223
MAML1,-0.1978094231954195,0.5196850393700787,1.0
MGAT4B,-0.8327677553781441,0.4330708661417323,1.0
SQSTM1,-0.4874324085415731,0.2047244094488189,0.9923966216285223
MRNIP,-0.8528482314976318,0.30708661417322836,0.9923966216285223
TBC1D9B,0.002446332186135436,0.9921259842519685,1.0
RNF130,-0.8868545699693264,0.14173228346456693,0.9923966216285223
MAPK9,-0.35916151045374445,0.3858267716535433,1.0
GFPT2,-0.4653114456588372,0.5433070866141733,1.0
CNOT6,-0.4884907889850849,0.14173228346456693,0.9923966216285223
MGAT1,0.2793556416520273,0.6535433070866141,1.0
HEIH,-0.5850856938316591,0.7401574803149606,1.0
LINC00847,1.0153225808212936,0.14173228346456693,0.9923966216285223
ZFP62,-0.8151775229518825,0.1732283464566929,0.9923966216285223
TRIM41,-0.24771779013679485,0.6535433070866141,1.0
RACK1,-0.15874974487672588,0.5118110236220472,1.0
TRIM52,-0.7128468285422489,0.08661417322834646,0.9923966216285223
TRIM52-AS1,-0.28833917115542507,0.6771653543307087,1.0
DUSP22,0.24858706478132664,0.5433070866141733,1.0
IRF4,1.0592493847153612,0.14960629921259844,0.9923966216285223
EXOC2,0.1318833597228517,0.9212598425196851,1.0
AL357054.4,0.453772169174978,0.5748031496062992,1.0
GMDS,1.2162123763516584,0.03937007874015748,0.9923966216285223
GMDS-AS1,0.21812988494067298,0.6771653543307087,1.0
WRNIP1,0.1556960371340672,0.7716535433070866,1.0
SERPINB1,-0.23424398223165177,0.16535433070866143,0.9923966216285223
SERPINB9,-0.27120848644720397,0.4566929133858268,1.0
SERPINB6,-0.49448722463778116,0.5511811023622047,1.0
LINC01011,-0.10191202766479623,0.8582677165354331,1.0
NQO2,0.35373454883450695,0.5039370078740157,1.0
RIPK1,-0.31233752434420836,0.18110236220472442,0.9923966216285223
TUBB2A,-0.06366013321009678,0.9448818897637795,1.0
PSMG4,0.544191316941439,0.11023622047244094,0.9923966216285223
PXDC1,2.1674565567183794,0.08661417322834646,0.9923966216285223
FAM50B,1.1063583602997809,0.30708661417322836,0.9923966216285223
GLRX3P2,-0.71584001518467,0.2677165354330709,0.9923966216285223
PRPF4B,-0.12410468127823648,0.6141732283464567,1.0
ECI2,1.0767618948018334,0.4251968503937008,1.0
CDYL,-0.19966548281806684,0.7165354330708661,1.0
RPP40,1.0669870776930162,0.18110236220472442,0.9923966216285223
LYRM4,0.5069551008469642,0.10236220472440945,0.9923966216285223
FARS2,0.9057529629699737,0.07086614173228346,0.9923966216285223
AL136968.2,-0.5959367817045518,0.48031496062992124,1.0
LY86,0.5307026402890174,0.7165354330708661,1.0
BTF3P7,-0.6722856871254563,0.4094488188976378,1.0
RREB1,0.8728741777932476,0.1732283464566929,0.9923966216285223
SSR1,0.6660094838646202,0.03937007874015748,0.9923966216285223
AL139095.2,-1.4751744895548198,0.06299212598425197,0.9923966216285223
RIOK1,0.2100696892900622,0.7952755905511811,1.0
SNRNP48,-1.2213400280330489,0.25196850393700787,0.9923966216285223
BLOC1S5,0.09923012565967948,0.8346456692913385,1.0
EEF1E1,0.15620873058562168,0.8188976377952756,1.0
SLC35B3,0.2510628596427509,0.6299212598425197,1.0
GCNT2,-0.7577542473263925,0.2755905511811024,0.9923966216285223
PAK1IP1,-0.08868557500553287,0.8110236220472441,1.0
TMEM14C,0.37689476264794486,0.5669291338582677,1.0
TMEM14B,-0.15311987601447896,0.6614173228346457,1.0
SMIM13,-0.7414294318584904,0.2440944881889764,0.9923966216285223
NEDD9,-0.22037390249109023,0.5275590551181102,1.0
TMEM170B,-1.7951925058457492,0.047244094488188976,0.9923966216285223
ADTRP,0.21187658339865512,0.84251968503937,1.0
HIVEP1,0.2539480962186662,0.4566929133858268,1.0
RPL15P3,0.09320623995030086,0.8503937007874016,1.0
PHACTR1,0.7787813186759451,0.5984251968503937,1.0
TBC1D7,0.9732619622201124,0.25196850393700787,0.9923966216285223
GFOD1,-0.28484461461198407,0.4094488188976378,1.0
RPS4XP7,-1.074421609447503,0.047244094488188976,0.9923966216285223
SIRT5,-1.1926614023501887,0.2992125984251969,0.9923966216285223
NOL7,0.5350698915693801,0.15748031496062992,0.9923966216285223
RANBP9,-0.30265052339065157,0.11023622047244094,0.9923966216285223
MCUR1,0.02020961554860623,0.968503937007874,1.0
CD83,-0.8522900294252471,0.1968503937007874,0.9923966216285223
JARID2,-0.20477475082141616,0.49606299212598426,1.0
DTNBP1,0.7002673988124846,0.09448818897637795,0.9923966216285223
ARPC3P5,-0.5086856593838007,0.4015748031496063,1.0
MYLIP,-0.6355172005022052,0.2125984251968504,0.9923966216285223
ATXN1,-0.15364422247080434,0.5748031496062992,1.0
AL137003.2,0.19171320147821458,0.7637795275590551,1.0
FAM8A1,-0.5271981974534636,0.1889763779527559,0.9923966216285223
NUP153,-0.4670300093836177,0.14173228346456693,0.9923966216285223
AL138724.1,-0.40340342495961057,0.7952755905511811,1.0
KIF13A,-0.8141896328535495,0.44881889763779526,1.0
TPMT,0.09530422002761973,0.7874015748031497,1.0
KDM1B,0.5836902497836967,0.11023622047244094,0.9923966216285223
DEK,-0.5283189956059253,0.047244094488188976,0.9923966216285223
E2F3,-0.21113868403088887,0.4409448818897638,1.0
CDKAL1,-0.29153872126630853,0.5039370078740157,1.0
SOX4,0.3172318165684711,0.7637795275590551,1.0
MRS2,-0.7235554233120842,0.3543307086614173,0.9923966216285223
ALDH5A1,-0.2368877306257713,0.6220472440944882,1.0
TDP2,0.06171870194273499,0.8346456692913385,1.0
ACOT13,-0.6031128434384172,0.937007874015748,1.0
AL031775.1,0.1325620004998156,0.905511811023622,1.0
C6orf62,-0.16394432405975667,0.2755905511811024,0.9923966216285223
GMNN,0.625309145885586,0.33858267716535434,0.9923966216285223
RIPOR2,-1.0678721404262967,0.08661417322834646,0.9923966216285223
PPIAP29,0.5624927782707552,0.4251968503937008,1.0
AL160400.1,-0.4610188049389681,0.41732283464566927,1.0
CMAHP,1.369357862067916,0.08661417322834646,0.9923966216285223
AL133268.1,0.31002414432953507,0.7165354330708661,1.0
CARMIL1,0.35361056056772777,0.6771653543307087,1.0
TRIM38,-0.269590978695077,0.44881889763779526,1.0
HIST1H3A,0.7349264944683087,0.5433070866141733,1.0
HIST1H4B,0.2941208217150866,0.7322834645669292,1.0
HIST1H3B,0.5535113930726017,0.6062992125984252,1.0
HIST1H1C,1.5601084805923842,0.2204724409448819,0.9923966216285223
HFE,1.7952904024672447,0.031496062992125984,0.9923966216285223
HIST1H4C,0.2978217816650659,0.5275590551181102,1.0
HIST1H2BC,-0.6901822914125524,0.36220472440944884,0.9923966216285223
HIST1H2AC,1.2617623544605192,0.1968503937007874,0.9923966216285223
HIST1H1E,0.6245815946819402,0.5196850393700787,1.0
HIST1H2BD,-0.1185518281697231,0.8661417322834646,1.0
AL353759.1,0.13836482698326213,0.84251968503937,1.0
HIST1H2BF,0.9030238620965907,0.3700787401574803,0.9923966216285223
HIST1H4E,0.540022708268042,0.5196850393700787,1.0
HIST1H2BG,0.6067132352400959,0.5984251968503937,1.0
HIST1H2AE,0.5225224851930421,0.6535433070866141,1.0
HIST1H1D,0.7055420034613951,0.15748031496062992,0.9923966216285223
HIST1H2BH,1.430604819496884,0.047244094488188976,0.9923966216285223
HIST1H3G,0.9737957884685854,0.11811023622047244,0.9923966216285223
HIST1H4H,-0.24661184205822773,0.7401574803149606,1.0
BTN3A2,0.17487907418922521,0.7165354330708661,1.0
BTN2A2,0.9160877898379196,0.031496062992125984,0.9923966216285223
BTN3A1,0.16679112112431138,0.5196850393700787,1.0
BTN2A3P,-0.39586436296875216,0.6850393700787402,1.0
BTN3A3,-0.24554407102746634,0.5354330708661418,1.0
BTN2A1,0.25019846724349737,0.5748031496062992,1.0
HCG11,0.32386761993274993,0.4094488188976378,1.0
HMGN4,-0.17788664650554198,0.7952755905511811,1.0
ABT1,0.11827334811826429,0.8346456692913385,1.0
ZNF322,0.07213339767091709,0.8740157480314961,1.0
HIST1H2BJ,0.45662558451699997,0.7244094488188977,1.0
HIST1H2AG,1.184530464842972,0.3858267716535433,1.0
HIST1H4I,0.3940530752147646,0.5984251968503937,1.0
HIST1H2BK,0.062231570453131546,0.937007874015748,1.0
HIST1H2AH,-1.130033850053537,0.16535433070866143,0.9923966216285223
PRSS16,0.7748577452659782,0.5826771653543307,1.0
ZNF204P,-0.3148204594681596,0.6771653543307087,1.0
ZNF391,-1.4079082584874696,0.2125984251968504,0.9923966216285223
ZNF184,-0.423344966446332,0.3858267716535433,1.0
HIST1H3H,0.216317754221226,0.8110236220472441,1.0
HIST1H2AJ,0.08084009562231098,0.952755905511811,1.0
HIST1H4J,0.05898449841175046,0.952755905511811,1.0
HIST1H2BN,-0.7418558646827518,0.2125984251968504,0.9923966216285223
HIST1H1B,-0.7651004522062459,0.41732283464566927,1.0
HIST1H2BO,0.32295511803895227,0.7795275590551181,1.0
AL121944.1,-1.4112982097843838,0.14960629921259844,0.9923966216285223
ZNF165,-2.5092294779902224,0.031496062992125984,0.9923966216285223
ZSCAN16-AS1,-0.2004910733323948,0.7559055118110236,1.0
ZSCAN16,-0.5349266146663196,0.6299212598425197,1.0
ZKSCAN8,-0.048030279243413965,0.952755905511811,1.0
ZSCAN9,0.622806540233745,0.49606299212598426,1.0
ZKSCAN4,-0.7848299166570901,0.5275590551181102,1.0
ZSCAN26,-0.6414184773231137,0.5039370078740157,1.0
PGBD1,0.37520693974344455,0.6929133858267716,1.0
ZSCAN31,-0.013416498422454293,1.0,1.0
ZKSCAN3,0.6714427749782885,0.41732283464566927,1.0
ZSCAN12,0.11376252591698055,0.84251968503937,1.0
TRIM27,0.28411026488117486,0.6535433070866141,1.0
GABBR1,0.32903420872837086,0.7401574803149606,1.0
SUMO2P1,-0.9422703778742907,0.13385826771653545,0.9923966216285223
ZFP57,-0.8379321586161963,0.3700787401574803,0.9923966216285223
HLA-F,-0.020790390696728167,0.952755905511811,1.0
HLA-F-AS1,0.16988832091287964,0.8346456692913385,1.0
HLA-H,0.04988306007662269,0.9212598425196851,1.0
HLA-A,0.15615068225152484,0.4251968503937008,1.0
ZNRD1,-0.45134868601364175,0.2755905511811024,0.9923966216285223
PPP1R11,-0.6515269623225315,0.07086614173228346,0.9923966216285223
TRIM26,0.015836224392960396,0.905511811023622,1.0
HLA-L,-1.3261049643945033,0.11811023622047244,0.9923966216285223
AL662795.2,-0.3682823870025338,0.5826771653543307,1.0
HCG18,-0.4904446154921427,0.2125984251968504,0.9923966216285223
TRIM39,-1.426091658771587,0.047244094488188976,0.9923966216285223
RPP21,-0.4380421585230696,0.4409448818897638,1.0
RANP1,-1.4598086983310234,0.031496062992125984,0.9923966216285223
HLA-E,-0.2345949941767813,0.5984251968503937,1.0
GNL1,-1.1220099786376365,0.031496062992125984,0.9923966216285223
PRR3,-0.025944367133599044,0.9291338582677166,1.0
ABCF1,-0.31986026959970104,0.2440944881889764,0.9923966216285223
PPP1R10,-0.024971220100019842,0.968503937007874,1.0
MRPS18B,-0.6774915839853248,0.2755905511811024,0.9923966216285223
ATAT1,1.0819824786685808,0.16535433070866143,0.9923966216285223
C6orf136,-1.0008797899562127,0.12598425196850394,0.9923966216285223
DHX16,0.22855546429241969,0.44881889763779526,1.0
PPP1R18,0.17276039093327356,0.4015748031496063,1.0
NRM,0.07450351128930865,0.8976377952755905,1.0
MDC1,-0.13057878415754587,0.6141732283464567,1.0
TUBB,-0.13562500395712718,0.7874015748031497,1.0
FLOT1,0.4436128990161716,0.49606299212598426,1.0
IER3,0.9272791262211271,0.48031496062992124,1.0
DDR1,-0.6143009594731028,0.5118110236220472,1.0
VARS2,1.3789985501186977,0.047244094488188976,0.9923966216285223
CCHCR1,-1.9853077877868466,0.03937007874015748,0.9923966216285223
TCF19,-0.17937571214348047,0.8346456692913385,1.0
AL662844.4,-0.4790086149408841,0.6062992125984252,1.0
HCG27,0.2674588683090554,0.6692913385826772,1.0
HLA-C,0.19706313642395834,0.5984251968503937,1.0
HLA-B,0.30009849766035757,0.3937007874015748,1.0
RPL3P2,-0.05223535730131523,0.9291338582677166,1.0
AL645933.2,0.11363999111650558,0.905511811023622,1.0
MICA,0.5484529151162296,0.7322834645669292,1.0
HCP5,0.03009251120338252,0.9448818897637795,1.0
MICB,-0.0007174500263049666,1.0,1.0
DDX39B,-0.5518025790718655,0.07086614173228346,0.9923966216285223
ATP6V1G2,-0.21407180286469019,0.8582677165354331,1.0
NFKBIL1,-0.3059133433077661,0.7007874015748031,1.0
LTA,-0.36929581057217575,0.6850393700787402,1.0
TNF,-0.7727553913755925,0.2755905511811024,0.9923966216285223
LTB,-0.3227651173802517,0.6062992125984252,1.0
LST1,0.14605703717076768,0.8661417322834646,1.0
NCR3,-1.0960289182729195,0.11023622047244094,0.9923966216285223
AIF1,-1.2376422402863034,0.031496062992125984,0.9923966216285223
PRRC2A,0.48641084851383454,0.6062992125984252,1.0
BAG6,0.3069388304968266,0.5590551181102362,1.0
APOM,0.6539418792292646,0.5590551181102362,1.0
C6orf47,0.13377341394987696,0.8740157480314961,1.0
GPANK1,1.2219859004268887,0.14960629921259844,0.9923966216285223
CSNK2B,0.23351607495409432,0.5748031496062992,1.0
LY6G5C,0.3888979006713089,0.7165354330708661,1.0
DDAH2,0.691374753545968,0.3937007874015748,1.0
CLIC1,0.18521269546096164,0.4645669291338583,1.0
VARS,0.2625244928338719,0.8188976377952756,1.0
LSM2,-0.07995175592813109,0.6929133858267716,1.0
HSPA1L,-0.8049018692378072,0.4094488188976378,1.0
HSPA1A,-0.1791696014062225,0.889763779527559,1.0
HSPA1B,-0.2899018736000851,0.8188976377952756,1.0
C6orf48,-0.5649203689559839,0.11811023622047244,0.9923966216285223
NEU1,0.11724236873619098,0.905511811023622,1.0
EHMT2,-0.15282837373616065,0.7086614173228346,1.0
NELFE,0.3521140043851343,0.3700787401574803,0.9923966216285223
SKIV2L,-1.2854503611959798,0.06299212598425197,0.9923966216285223
DXO,0.31006159344847095,0.08661417322834646,0.9923966216285223
STK19,-0.8355676120590192,0.4015748031496063,1.0
ATF6B,-0.44546603644510974,0.15748031496062992,0.9923966216285223
FKBPL,-0.3649782757765778,0.7007874015748031,1.0
PPT2,0.4572187953839528,0.5748031496062992,1.0
AGPAT1,1.0885622500313024,0.12598425196850394,0.9923966216285223
RNF5,0.1360608148020237,0.3937007874015748,1.0
AGER,-0.4176369394660786,0.5433070866141733,1.0
PBX2,-0.6096783829561554,0.3543307086614173,0.9923966216285223
GPSM3,-0.1434605076964237,0.7637795275590551,1.0
NOTCH4,0.13875143706116932,0.905511811023622,1.0
HLA-DRA,0.5854973876861127,0.4881889763779528,1.0
HLA-DRB5,-2.8280023612889407,0.13385826771653545,0.9923966216285223
HLA-DRB6,3.3770174957913626,0.05511811023622047,0.9923966216285223
HLA-DRB1,-0.08982056680560113,0.9133858267716536,1.0
HLA-DQA1,0.8212109279900517,0.3543307086614173,0.9923966216285223
HLA-DQB1,0.31051112140343395,0.6614173228346457,1.0
HLA-DQA2,3.354464650444288,0.07086614173228346,0.9923966216285223
HLA-DQB2,1.080405700067665,0.2440944881889764,0.9923966216285223
HLA-DOB,-0.013519611468676196,0.9763779527559056,1.0
TAP2,0.18029286689211244,0.3543307086614173,0.9923966216285223
PSMB8,-0.21960923120761944,0.6220472440944882,1.0
PSMB8-AS1,-0.0246771070716596,0.968503937007874,1.0
PSMB9,-0.008535414792334883,0.9921259842519685,1.0
TAP1,-0.5919430789381139,0.6850393700787402,1.0
HLA-DMB,0.2656390447296557,0.5511811023622047,1.0
HLA-DMA,0.47991062530736706,0.36220472440944884,0.9923966216285223
BRD2,-0.35599710934798523,0.47244094488188976,1.0
HLA-DOA,-0.26589024262064953,0.6377952755905512,1.0
HLA-DPA1,0.35850933707779475,0.2992125984251969,0.9923966216285223
HLA-DPB1,0.3391376624781568,0.15748031496062992,0.9923966216285223
RXRB,-0.25350781894730723,0.7086614173228346,1.0
SLC39A7,0.785159808213221,0.047244094488188976,0.9923966216285223
HSD17B8,1.716929427845197,0.015748031496062992,0.9923966216285223
RING1,0.029535625411100774,0.937007874015748,1.0
VPS52,0.6691097689074049,0.4330708661417323,1.0
RPS18,-0.3629820234270653,0.6220472440944882,1.0
B3GALT4,0.03720418679045823,0.9606299212598425,1.0
WDR46,0.22819071644411837,0.7401574803149606,1.0
PFDN6,0.23614999509628198,0.7716535433070866,1.0
RGL2,-0.8539690734939476,0.06299212598425197,0.9923966216285223
TAPBP,0.08758613842307561,0.9212598425196851,1.0
ZBTB22,-0.6862635828631372,0.5984251968503937,1.0
DAXX,-0.5983895795151284,0.08661417322834646,0.9923966216285223
KIFC1,0.6332872337967395,0.5748031496062992,1.0
PHF1,-0.5151177526979449,0.10236220472440945,0.9923966216285223
CUTA,0.15488092146107046,0.3228346456692913,0.9923966216285223
SYNGAP1,-0.39676838787874136,0.5354330708661418,1.0
BAK1,-0.12203257128245149,0.8110236220472441,1.0
ITPR3,0.6415073723971163,0.5039370078740157,1.0
UQCC2,-0.12179820844210187,0.968503937007874,1.0
LEMD2,-0.09197610393866995,0.7716535433070866,1.0
CYCSP55,0.9104573481757039,0.047244094488188976,0.9923966216285223
HMGA1,-0.10362117995499265,0.889763779527559,1.0
SMIM29,0.30076515301026596,0.6062992125984252,1.0
RPS10,-0.05291406419838651,0.8188976377952756,1.0
PACSIN1,1.723501221950647,0.15748031496062992,0.9923966216285223
C6orf106,0.32412626090700947,0.3464566929133858,0.9923966216285223
AL451165.2,-0.011405317241962365,0.984251968503937,1.0
AL139100.1,-0.06276767052820009,0.952755905511811,1.0
SNRPC,-0.15123577555454126,0.7165354330708661,1.0
UHRF1BP1,-0.9627265753416108,0.09448818897637795,0.9923966216285223
TAF11,-1.1013118710412755,0.015748031496062992,0.9923966216285223
ANKS1A,-0.22916378891467026,0.7480314960629921,1.0
ZNF76,-0.12573826500014418,0.8031496062992126,1.0
DEF6,0.2651408434686644,0.4566929133858268,1.0
PPARD,0.01272573586627379,0.984251968503937,1.0
FANCE,-0.5103116327107702,0.30708661417322836,0.9923966216285223
RPL10A,-0.25012288722018994,0.16535433070866143,0.9923966216285223
AL033519.2,-0.3486130861919099,0.13385826771653545,0.9923966216285223
FKBP5,-0.8291885761594173,0.023622047244094488,0.9923966216285223
SRPK1,-0.22314783952548556,0.6377952755905512,1.0
MAPK14,-0.2645674989035607,0.4645669291338583,1.0
MAPK13,-0.0764723897558337,0.8346456692913385,1.0
BRPF3,-0.48014602405077866,0.2204724409448819,0.9923966216285223
ETV7,0.30090648234918316,0.8582677165354331,1.0
KCTD20,0.20158995088601106,0.3700787401574803,0.9923966216285223
STK38,-0.48888640079624146,0.23622047244094488,0.9923966216285223
SRSF3,-0.1725328724168662,0.4251968503937008,1.0
CDKN1A,-0.02220176107395222,0.9763779527559056,1.0
CPNE5,1.9630449596210737,0.18110236220472442,0.9923966216285223
PPIL1,0.8738376986353957,0.18110236220472442,0.9923966216285223
C6orf89,0.2744363354565369,0.1732283464566929,0.9923966216285223
MTCH1,-0.3326364111394362,0.25196850393700787,0.9923966216285223
FGD2,1.8595327476286059,0.08661417322834646,0.9923966216285223
COX6A1P2,0.4433953484454447,0.30708661417322836,0.9923966216285223
PIM1,0.1376010765927278,0.7480314960629921,1.0
TBC1D22B,0.6494575012048731,0.11023622047244094,0.9923966216285223
RNF8,-0.5409744533113647,0.3228346456692913,0.9923966216285223
CMTR1,-0.19504382646995744,0.7559055118110236,1.0
CCDC167,0.5809491613408504,0.29133858267716534,0.9923966216285223
MDGA1,0.8719440887718752,0.33070866141732286,0.9923966216285223
ZFAND3,-0.2587312322243456,0.6771653543307087,1.0
BTBD9,0.024940368099432675,0.9606299212598425,1.0
GLO1,0.09721076114245353,0.7086614173228346,1.0
SAYSD1,-0.016592675119046163,0.984251968503937,1.0
KCNK5,-0.8008127313061275,0.4015748031496063,1.0
FO393411.1,-0.23238563281366886,0.2677165354330709,0.9923966216285223
UNC5CL,-0.19606183456168647,0.905511811023622,1.0
OARD1,-0.33737179082520097,0.4409448818897638,1.0
NFYA,-0.4663432187692398,0.11811023622047244,0.9923966216285223
ADCY10P1,0.739933382652295,0.2677165354330709,0.9923966216285223
FOXP4,0.12175174932467048,0.8503937007874016,1.0
TFEB,0.26958178045035175,0.8267716535433071,1.0
FRS3,1.0080861682832427,0.33070866141732286,0.9923966216285223
USP49,-1.557829759238464,0.16535433070866143,0.9923966216285223
MED20,0.2839860617845038,0.5905511811023622,1.0
BYSL,1.2710264131944569,0.07086614173228346,0.9923966216285223
CCND3,-0.6364090394985977,0.2440944881889764,0.9923966216285223
TAF8,0.060971495663739717,0.8188976377952756,1.0
MRPS10,0.3623425901593098,0.33070866141732286,0.9923966216285223
TRERF1,-0.3795836160065038,0.23622047244094488,0.9923966216285223
UBR2,-0.13698454452896147,0.6614173228346457,1.0
TBCC,0.2380324160194629,0.5196850393700787,1.0
BICRAL,-0.07565196516600192,0.8740157480314961,1.0
RPL7L1,0.01555531896037099,0.9448818897637795,1.0
C6orf226,0.7793640224045792,0.4330708661417323,1.0
CNPY3,0.4707951471291585,0.4015748031496063,1.0
AL035587.1,-0.5838969829124772,0.30708661417322836,0.9923966216285223
RPL24P4,-0.3135951189849253,0.2755905511811024,0.9923966216285223
PEX6,0.06740613348737656,0.9763779527559056,1.0
PPP2R5D,-1.355566951163587,0.2204724409448819,0.9923966216285223
MEA1,-0.3542774251542289,0.31496062992125984,0.9923966216285223
KLHDC3,0.5467303632155582,0.4566929133858268,1.0
RRP36,0.5038025682164973,0.14960629921259844,0.9923966216285223
CUL7,0.1404813524565971,0.8582677165354331,1.0
KLC4,-0.5317119014129563,0.5669291338582677,1.0
MRPL2,0.04037901295919344,0.9606299212598425,1.0
PTK7,0.07060642751352053,0.9291338582677166,1.0
SRF,0.41104887161340287,0.11023622047244094,0.9923966216285223
CUL9,-0.2033425673147642,0.7637795275590551,1.0
DNPH1,0.8724701755662707,0.25196850393700787,0.9923966216285223
ZNF318,-0.6317517791760849,0.2125984251968504,0.9923966216285223
RPL12P47,-0.5268657179296357,0.6535433070866141,1.0
ABCC10,0.3109014579889666,0.6614173228346457,1.0
TJAP1,-0.7494475389947839,0.047244094488188976,0.9923966216285223
POLR1C,0.10048105873157409,0.8818897637795275,1.0
YIPF3,0.1458415446700636,0.6771653543307087,1.0
XPO5,-0.42637481720910664,0.3937007874015748,1.0
AL355802.1,-0.37531001948825193,0.6535433070866141,1.0
POLH,-0.20135094981224633,0.6614173228346457,1.0
GTPBP2,0.501745532523656,0.09448818897637795,0.9923966216285223
MAD2L1BP,0.30377539061917425,0.5433070866141733,1.0
MRPS18A,-0.07154176834806125,0.889763779527559,1.0
VEGFA,2.2889364656810183,0.09448818897637795,0.9923966216285223
MRPL14,0.08858999165432913,0.905511811023622,1.0
TMEM63B,0.7717004077640681,0.5039370078740157,1.0
SLC29A1,0.6873332081664394,0.3858267716535433,1.0
HSP90AB1,-0.1826668509736944,0.5826771653543307,1.0
SLC35B2,0.4402872325793634,0.4330708661417323,1.0
NFKBIE,-0.09704183435250124,0.905511811023622,1.0
AARS2,1.3937071817137254,0.1732283464566929,0.9923966216285223
CDC5L,-0.4227154160023252,0.30708661417322836,0.9923966216285223
SUPT3H,0.13249990857830785,0.7716535433070866,1.0
RUNX2,0.7010119000010038,0.2047244094488189,0.9923966216285223
AL096865.1,1.4907597530025813,0.07086614173228346,0.9923966216285223
CLIC5,1.0882764461750312,0.06299212598425197,0.9923966216285223
ENPP4,-0.20805747268997266,0.28346456692913385,0.9923966216285223
ENPP5,-0.6387838089713318,0.5590551181102362,1.0
RCAN2,1.3713581704682323,0.13385826771653545,0.9923966216285223
CD2AP,-0.14740827423620306,0.5748031496062992,1.0
MUT,0.3313272125093585,0.5433070866141733,1.0
CENPQ,-0.4284492530424737,0.7244094488188977,1.0
AL158050.1,-0.10456255907885348,0.9133858267716536,1.0
IL17A,2.0551947280747216,0.2755905511811024,0.9923966216285223
IL17F,0.2881326095009963,0.84251968503937,1.0
MCM3,-0.23404156101355866,0.6692913385826772,1.0
PAQR8,0.5743595225910623,0.25984251968503935,0.9923966216285223
EFHC1,1.5085138905853048,0.08661417322834646,0.9923966216285223
TRAM2,1.1289189044300718,0.05511811023622047,0.9923966216285223
TRAM2-AS1,0.19711906756948538,0.6062992125984252,1.0
AL109918.1,2.0525045363957064,0.12598425196850394,0.9923966216285223
TMEM14A,0.20401981773258004,0.7165354330708661,1.0
GSTA4,0.6646186201730648,0.3700787401574803,0.9923966216285223
ICK,-0.6939352444495137,0.06299212598425197,0.9923966216285223
FBXO9,-0.3139971576453666,0.3464566929133858,0.9923966216285223
ELOVL5,-0.10634927816949258,0.6614173228346457,1.0
GCLC,-0.12150928126328164,0.7244094488188977,1.0
LRRC1,-0.33644980806806957,0.7401574803149606,1.0
DST,2.215457413931447,0.05511811023622047,0.9923966216285223
KIAA1586,-0.12747599076533422,0.7559055118110236,1.0
ZNF451,-0.22633564676372764,0.44881889763779526,1.0
BAG2,-1.2384296269523474,0.06299212598425197,0.9923966216285223
PRIM2,0.8119004934530158,0.7165354330708661,1.0
AL021368.2,-0.85805666693954,0.4094488188976378,1.0
PTP4A1,-0.08392486615841133,0.7480314960629921,1.0
PHF3,-0.4481151373118113,0.047244094488188976,0.9923966216285223
ADH5P4,-0.8283636672617143,0.2204724409448819,0.9923966216285223
LMBRD1,-0.2711538645302163,0.3464566929133858,0.9923966216285223
FAM135A,-0.4723156115730225,0.6062992125984252,1.0
SDHAF4,0.01134165153136002,1.0,1.0
SMAP1,0.14951821542481802,0.6850393700787402,1.0
OGFRL1,-0.35138693092009277,0.49606299212598426,1.0
KCNQ5,-0.218357644614545,0.8110236220472441,1.0
KHDC1,1.385845453185664,0.1968503937007874,0.9923966216285223
AC019205.2,-0.653352245918146,0.4251968503937008,1.0
EIF3EP1,0.38785424490941667,0.7480314960629921,1.0
RPL39P3,-0.33602511580295413,0.05511811023622047,0.9923966216285223
CGAS,-0.2669389837241747,0.48031496062992124,1.0
MTO1,-0.45806338706050553,0.31496062992125984,0.9923966216285223
EEF1A1,-0.5513994300060059,0.031496062992125984,0.9923966216285223
SLC17A5,0.442992841682472,0.4881889763779528,1.0
CD109,0.8493928802833652,0.31496062992125984,0.9923966216285223
COL12A1,-0.2963341915302835,0.968503937007874,1.0
COX7A2,0.32720316468333976,0.3700787401574803,0.9923966216285223
TMEM30A,-0.20119073760671569,0.15748031496062992,0.9923966216285223
SENP6,-0.17798199748262444,0.48031496062992124,1.0
MYO6,-0.12412501698866185,0.9212598425196851,1.0
IRAK1BP1,-1.2445555421456234,0.2125984251968504,0.9923966216285223
PHIP,0.001306845222210029,1.0,1.0
HMGN3,-0.2571794765756117,0.6929133858267716,1.0
ELOVL4,-1.18827098590768,0.1889763779527559,0.9923966216285223
GAPDHP63,-0.8761757349808077,0.25984251968503935,0.9923966216285223
TTK,0.651997202093697,0.4645669291338583,1.0
AL591135.1,0.39419659786824734,0.6377952755905512,1.0
BCKDHB,-0.006642047140606788,0.9763779527559056,1.0
FAM46A,-1.1613891058578063,0.06299212598425197,0.9923966216285223
IBTK,0.3513215932972571,0.3779527559055118,0.9979787009382448
TPBG,-1.1305292878217825,0.25196850393700787,0.9923966216285223
UBE3D,-0.957437922188163,0.2677165354330709,0.9923966216285223
DOPEY1,0.10142366140241865,0.8976377952755905,1.0
PGM3,1.57551284447193,0.06299212598425197,0.9923966216285223
RWDD2A,0.70940400820005,0.5275590551181102,1.0
ME1,-1.0457234046598196,0.33070866141732286,0.9923966216285223
CYB5R4,0.02512077813341751,0.9133858267716536,1.0
CEP162,0.259100994742095,0.5196850393700787,1.0
NT5E,-0.8356522064101299,0.3700787401574803,0.9923966216285223
SNX14,-0.08391064782527291,0.7480314960629921,1.0
SYNCRIP,0.07739539624564706,0.7637795275590551,1.0
SNHG5,-0.6005668171468388,0.25196850393700787,0.9923966216285223
ZNF292,-0.3552294288622466,0.1968503937007874,0.9923966216285223
SMIM8,0.5150013660905204,0.41732283464566927,1.0
SLC35A1,0.15532556402324982,0.8346456692913385,1.0
RARS2,-0.17340349060688265,0.6062992125984252,1.0
ORC3,-0.46659270026184974,0.1968503937007874,0.9923966216285223
AKIRIN2,-0.14639307031896642,0.6062992125984252,1.0
RNGTT,-0.48773136281869167,0.09448818897637795,0.9923966216285223
AL079342.2,-0.2196035819664297,0.905511811023622,1.0
PNRC1,-0.30674380082928465,0.2440944881889764,0.9923966216285223
PM20D2,-0.6317880462291159,0.23622047244094488,0.9923966216285223
UBE2J1,0.9674532415110839,0.12598425196850394,0.9923966216285223
RRAGD,-0.21693354262967635,0.905511811023622,1.0
LYRM2,0.08232851208587721,0.8346456692913385,1.0
MDN1,0.4318433690750485,0.2047244094488189,0.9923966216285223
CASP8AP2,-0.017701791421040447,0.9763779527559056,1.0
BACH2,-1.969555862411462,0.07086614173228346,0.9923966216285223
MAP3K7,-0.49559067070581797,0.15748031496062992,0.9923966216285223
MANEA,0.4518801900274383,0.5354330708661418,1.0
UFL1,-0.08704657302817687,0.8503937007874016,1.0
NDUFAF4,0.05707359631835107,0.937007874015748,1.0
MMS22L,0.008405724247380952,0.9763779527559056,1.0
FBXL4,-0.3703800154935908,0.49606299212598426,1.0
BDH2P1,-0.9192113152491568,0.31496062992125984,0.9923966216285223
COQ3,-0.8097452121931201,0.5511811023622047,1.0
PNISR,-0.4153448368866446,0.2440944881889764,0.9923966216285223
USP45,0.10373085772319124,0.8582677165354331,1.0
TSTD3,0.9789550629958347,0.29133858267716534,0.9923966216285223
CCNC,0.8618281739354234,0.14173228346456693,0.9923966216285223
ASCC3,0.19495075802004358,0.3937007874015748,1.0
AL133338.1,-0.4769307926603936,0.4645669291338583,1.0
AL133338.2,1.7359696107171094,0.015748031496062992,0.9923966216285223
HACE1,-1.1154923243792219,0.2440944881889764,0.9923966216285223
PREP,0.28943426068425193,0.30708661417322836,0.9923966216285223
ATG5,0.13043428536411739,0.6220472440944882,1.0
PRDM1,0.879898443523091,0.11811023622047244,0.9923966216285223
CRYBG1,-0.30615375309841486,0.2755905511811024,0.9923966216285223
RTN4IP1,-0.14976175366641065,0.8976377952755905,1.0
QRSL1,0.8480391972054457,0.13385826771653545,0.9923966216285223
CD24,0.9157345102043462,0.5039370078740157,1.0
C6orf203,0.288672952321821,0.6299212598425197,1.0
PDSS2,-0.690856529800453,0.3858267716535433,1.0
AL096816.1,-0.4807558111143009,0.6062992125984252,1.0
SCML4,-0.387564577129619,0.5590551181102362,1.0
SEC63,0.4625781104621973,0.3779527559055118,0.9979787009382448
RPL3P7,-0.7251659037651745,0.48031496062992124,1.0
OSTM1,-0.001002585860701899,1.0,1.0
SNX3,0.03451616601191532,0.8503937007874016,1.0
AFG1L,1.632985536331717,0.015748031496062992,0.9923966216285223
FOXO3,-0.3986421750119158,0.5118110236220472,1.0
ARMC2,-0.9934061430028289,0.33858267716535434,0.9923966216285223
AL445189.2,0.034376642783386924,0.9291338582677166,1.0
SESN1,-1.1498230537159317,0.03937007874015748,0.9923966216285223
CEP57L1,0.7917243571498096,0.31496062992125984,0.9923966216285223
CD164,0.054067328789205504,0.2047244094488189,0.9923966216285223
SMPD2,-0.3232111546071721,0.5118110236220472,1.0
MICAL1,-0.07592346586453314,0.905511811023622,1.0
ZBTB24,-0.6168083177380987,0.14960629921259844,0.9923966216285223
AK9,-0.8789595236673557,0.33858267716535434,0.9923966216285223
FIG4,-0.6000010708993129,0.28346456692913385,0.9923966216285223
CDC40,-0.14536539631329326,0.6771653543307087,1.0
CDK19,0.2386377897630032,0.25196850393700787,0.9923966216285223
AMD1,-0.16901613316935205,0.6929133858267716,1.0
GTF3C6,0.2189313049243351,0.7165354330708661,1.0
RPF2,0.1169180810223267,0.7559055118110236,1.0
SLC16A10,-1.8030458355555934,0.015748031496062992,0.9923966216285223
MFSD4B,0.22518093809912743,0.7007874015748031,1.0
REV3L,0.03844880461109579,0.905511811023622,1.0
TRAF3IP2-AS1,0.8815046504685937,0.33070866141732286,0.9923966216285223
TRAF3IP2,-0.6500756579230789,0.2125984251968504,0.9923966216285223
FYN,-0.24586584896912012,0.4645669291338583,1.0
TUBE1,0.7195008341655029,0.25196850393700787,0.9923966216285223
LAMA4,0.47908289745779675,0.6456692913385826,1.0
AL358942.1,-0.7224048513230319,0.36220472440944884,0.9923966216285223
RPS27AP11,-0.62020630335308,0.5433070866141733,1.0
MARCKS,3.9383934853954794,0.015748031496062992,0.9923966216285223
HDAC2,-0.20484844433653038,0.44881889763779526,1.0
NT5DC1,0.23615749294717858,0.5275590551181102,1.0
TSPYL4,-1.0132866976281303,0.05511811023622047,0.9923966216285223
DSE,-0.266303413230665,0.5511811023622047,1.0
TSPYL1,-0.7279447313438112,0.2283464566929134,0.9923966216285223
CBX3P9,-0.5905907039370746,0.2047244094488189,0.9923966216285223
CALHM6,-0.1845932910484369,0.8503937007874016,1.0
RWDD1,0.28190968786855386,0.3464566929133858,0.9923966216285223
ZUFSP,-0.23063629758830917,0.6299212598425197,1.0
KPNA5,-0.718850446625023,0.3779527559055118,0.9979787009382448
DCBLD1,-1.539711043466845,0.08661417322834646,0.9923966216285223
GOPC,-0.3971978025840759,0.07874015748031496,0.9923966216285223
NUS1,0.42605573155917664,0.2125984251968504,0.9923966216285223
AL450405.1,-1.3338654826302099,0.33858267716535434,0.9923966216285223
CEP85L,-0.7031324581556531,0.07874015748031496,0.9923966216285223
MCM9,-0.42554030254802644,0.5590551181102362,1.0
ASF1A,0.14994665646635763,0.6929133858267716,1.0
FAM184A,0.6308117297978995,0.49606299212598426,1.0
MAN1A1,0.9167153905266217,0.15748031496062992,0.9923966216285223
TBC1D32,-1.187758276485038,0.1889763779527559,0.9923966216285223
HSF2,-0.8382144775311415,0.07086614173228346,0.9923966216285223
Z99129.4,-0.6635519560430361,0.33070866141732286,0.9923966216285223
SERINC1,-0.3984980198487005,0.14960629921259844,0.9923966216285223
ATP5LP2,1.0104193756401303,0.29133858267716534,0.9923966216285223
HDDC2,-0.6197455460348724,0.28346456692913385,0.9923966216285223
NCOA7,0.10182493764810996,0.7716535433070866,1.0
HINT3,0.11274854563114278,0.8740157480314961,1.0
TRMT11,-0.45517607422921724,0.2047244094488189,0.9923966216285223
CENPW,0.8878789559794145,0.5669291338582677,1.0
PRELID1P1,1.9456468696196234,0.06299212598425197,0.9923966216285223
RNF146,-0.21576883678464887,0.8110236220472441,1.0
ECHDC1,-0.4658139084350825,0.2283464566929134,0.9923966216285223
YWHAZP4,0.03309915925786222,0.9212598425196851,1.0
THEMIS,-0.24641434954233787,0.5196850393700787,1.0
PTPRK,-0.6536357657159229,0.6062992125984252,1.0
ARHGAP18,0.3976946703947286,0.07874015748031496,0.9923966216285223
L3MBTL3,0.3605439679974731,0.3858267716535433,1.0
AL355581.1,-0.36461594318668133,0.6456692913385826,1.0
SAMD3,-0.19071695061812743,0.6141732283464567,1.0
TMEM200A,1.9325818152365306,0.015748031496062992,0.9923966216285223
EPB41L2,0.20375756644162424,0.7322834645669292,1.0
AKAP7,-0.9611517915165511,0.33070866141732286,0.9923966216285223
MED23,-0.13879205312042497,0.6771653543307087,1.0
CTGF,0.8363864943498645,0.4094488188976378,1.0
STX7,-0.37175195038288855,0.36220472440944884,0.9923966216285223
VNN2,-0.9469236216410439,0.2047244094488189,0.9923966216285223
SLC18B1,0.418018319706011,0.6850393700787402,1.0
RPS12,-0.32571406994699537,0.2125984251968504,0.9923966216285223
SNORD100,-0.9172917407306782,0.2125984251968504,0.9923966216285223
TBPL1,-0.3080287913883035,0.5590551181102362,1.0
SGK1,0.5992283347970915,0.06299212598425197,0.9923966216285223
HBS1L,0.10242785980774727,0.7480314960629921,1.0
MYB,-1.5806412483709988,0.2204724409448819,0.9923966216285223
AHI1,0.2675424829982953,0.7401574803149606,1.0
MTFR2,0.285987439589511,0.8188976377952756,1.0
BCLAF1,-0.25322137892333885,0.14960629921259844,0.9923966216285223
MAP7,-0.6421798959596611,0.48031496062992124,1.0
MAP3K5,0.07166853830450481,0.8503937007874016,1.0
PEX7,0.9317336426805811,0.3464566929133858,0.9923966216285223
IFNGR1,-1.2500933802926646,0.015748031496062992,0.9923966216285223
AL356234.1,-1.0343421695231247,0.2677165354330709,0.9923966216285223
AL357060.2,-0.21588247995334964,0.6535433070866141,1.0
TNFAIP3,-0.16199930340739854,0.6692913385826772,1.0
PERP,0.15257243493313322,0.6062992125984252,1.0
HEBP2,0.3908111590778107,0.29133858267716534,0.9923966216285223
CCDC28A,0.11954435814990916,0.5511811023622047,1.0
REPS1,-1.2315619581304995,0.2992125984251969,0.9923966216285223
ABRACL,-0.2965855053533568,0.3228346456692913,0.9923966216285223
HECA,-0.6500669470797309,0.03937007874015748,0.9923966216285223
TXLNB,0.4135378838235364,0.6692913385826772,1.0
CITED2,-0.19662772792791916,0.5748031496062992,1.0
VTA1,-0.5951072743458665,0.25196850393700787,0.9923966216285223
HIVEP2,-0.39552480337707063,0.2125984251968504,0.9923966216285223
AIG1,0.10625482923478025,0.8503937007874016,1.0
ADAT2,-0.19302332136855505,0.5039370078740157,1.0
PEX3,-0.2738006898916181,0.5905511811023622,1.0
FUCA2,0.5078815614083765,0.47244094488188976,1.0
PHACTR2,-0.4639119306216086,0.2125984251968504,0.9923966216285223
LTV1,0.17526100453998517,0.7716535433070866,1.0
PLAGL1,0.4945493745402336,0.5905511811023622,1.0
SF3B5,0.2735611111647227,0.6456692913385826,1.0
STX11,0.25586697911241796,0.5905511811023622,1.0
TPT1P4,-1.0154552579209328,0.05511811023622047,0.9923966216285223
UTRN,-0.3828008659162032,0.2283464566929134,0.9923966216285223
EPM2A,-0.10168661306600679,0.84251968503937,1.0
FBXO30,0.08947765818822528,0.8740157480314961,1.0
SHPRH,-0.17717029892500236,0.7559055118110236,1.0
KATNBL1P6,-1.4949652490263121,0.10236220472440945,0.9923966216285223
STXBP5,-0.24319934104850027,0.8740157480314961,1.0
UST,0.36064919267241,0.4566929133858268,1.0
TAB2,0.20742354951686526,0.36220472440944884,0.9923966216285223
ZC3H12D,1.4200699991464338,0.11023622047244094,0.9923966216285223
AL031133.1,-0.5093681837110207,0.5433070866141733,1.0
PPIL4,-0.006090583997088395,1.0,1.0
GINM1,0.3694899314545754,0.4015748031496063,1.0
RPS18P9,-0.17605268430552967,0.7795275590551181,1.0
KATNA1,0.6530701616789383,0.03937007874015748,0.9923966216285223
LATS1,0.06134961493075508,0.8031496062992126,1.0
NUP43,0.43234898227863905,0.49606299212598426,1.0
PCMT1,0.1385389175575895,0.36220472440944884,0.9923966216285223
LRP11,1.4630602293501922,0.11023622047244094,0.9923966216285223
ULBP2,0.48546154174951006,0.5748031496062992,1.0
BTF3P10,-0.23855042964126483,0.8267716535433071,1.0
PLEKHG1,0.30431498137499524,0.6614173228346457,1.0
PDCL3P5,-0.4080568974410248,0.33858267716535434,0.9923966216285223
MTHFD1L,0.0275730230536837,0.9606299212598425,1.0
AL133260.1,-0.09206176433329549,0.9133858267716536,1.0
AL356535.1,-0.8355145371278887,0.3700787401574803,0.9923966216285223
AKAP12,0.19786759742532256,0.8267716535433071,1.0
ZBTB2,-0.27871911822693907,0.2204724409448819,0.9923966216285223
RMND1,-0.11012409293517811,0.84251968503937,1.0
ARMT1,-0.5912949129415854,0.36220472440944884,0.9923966216285223
SYNE1,-0.8134955727764872,0.031496062992125984,0.9923966216285223
FBXO5,0.30535787652155655,0.7244094488188977,1.0
MTRF1L,0.014777792618754226,0.9763779527559056,1.0
RGS17,0.391422847394695,0.5433070866141733,1.0
AL590867.2,-0.2745174442897671,0.28346456692913385,0.9923966216285223
IPCEF1,-0.36739956771561033,0.3543307086614173,0.9923966216285223
SCAF8,-0.4860291444078788,0.11811023622047244,0.9923966216285223
TIAM2,-0.6051212542019844,0.25196850393700787,0.9923966216285223
TFB1M,-0.5840693340347087,0.3779527559055118,0.9979787009382448
ARID1B,-0.17052136745382196,0.6535433070866141,1.0
TMEM242,0.3122740150962322,0.3937007874015748,1.0
ZDHHC14,-0.504221918589614,0.25984251968503935,0.9923966216285223
SNX9,-0.16559195434827423,0.7165354330708661,1.0
SYNJ2,-0.17582127748274523,0.6929133858267716,1.0
SERAC1,0.8987475184686238,0.3464566929133858,0.9923966216285223
GTF2H5,0.5728171404384055,0.33070866141732286,0.9923966216285223
TULP4,-0.17823230381111177,0.48031496062992124,1.0
SRP72P2,0.8694316183008923,0.30708661417322836,0.9923966216285223
TMEM181,-0.40195860299374964,0.4881889763779528,1.0
TATDN2P2,-1.2963240390013775,0.2440944881889764,0.9923966216285223
DYNLT1,0.12243035041015737,0.8188976377952756,1.0
SYTL3,0.0841337626093015,0.889763779527559,1.0
EZR,0.10582986473869305,0.7322834645669292,1.0
C6orf99,-0.9441103015543222,0.2992125984251969,0.9923966216285223
RSPH3,-0.07134075610696256,0.952755905511811,1.0
AL035530.2,0.6625544392893916,0.4566929133858268,1.0
TAGAP,-0.18392534762952195,0.6377952755905512,1.0
SOD2,-0.366572200066865,0.28346456692913385,0.9923966216285223
WTAP,-0.18136549233903576,0.12598425196850394,0.9923966216285223
ACAT2,-0.15704235875877925,0.8031496062992126,1.0
TCP1,-0.7172523996751243,0.11811023622047244,0.9923966216285223
MRPL18,-0.2965728970516759,0.5433070866141733,1.0
IGF2R,0.01098768416692586,0.9448818897637795,1.0
AL353625.1,-1.0829053062328151,0.18110236220472442,0.9923966216285223
LPAL2,-0.6078730803430683,0.41732283464566927,1.0
AL139393.2,0.3045980789335494,0.7165354330708661,1.0
MAP3K4,0.08312508327645585,0.84251968503937,1.0
AGPAT4,-0.3753988966893127,0.8267716535433071,1.0
AGPAT4-IT1,1.4207555501702576,0.07086614173228346,0.9923966216285223
QKI,-0.351143015878546,0.29133858267716534,0.9923966216285223
SFT2D1,-0.05105949914559993,0.905511811023622,1.0
MPC1,0.1817808166934647,0.7086614173228346,1.0
RPS6KA2,0.7825652876779425,0.4015748031496063,1.0
RNASET2,-0.3253323603024487,0.7401574803149606,1.0
FGFR1OP,-0.08013156570805258,0.7086614173228346,1.0
AFDN,1.236447131400996,0.09448818897637795,0.9923966216285223
WDR27,-0.31744579077225366,0.7244094488188977,1.0
C6orf120,-0.09279375968132131,0.7401574803149606,1.0
PHF10,-0.33216780863825957,0.2047244094488189,0.9923966216285223
TCTE3,-0.44240153237189195,0.6614173228346457,1.0
ERMARD,-0.10380127678396489,0.9448818897637795,1.0
FAM120B,0.48448211611424163,0.6062992125984252,1.0
PSMB1,0.4214830894834103,0.11811023622047244,0.9923966216285223
TBP,0.11443039918184184,0.7795275590551181,1.0
PDCD2,-0.26564784423460974,0.4645669291338583,1.0
PDGFA,-1.3673727348970837,0.14173228346456693,0.9923966216285223
PRKAR1B,-0.3422035373099459,0.7165354330708661,1.0
AC147651.3,0.9109747240125379,0.18110236220472442,0.9923966216285223
DNAAF5,-0.21404745290217608,0.6614173228346457,1.0
SUN1,0.3643866339627708,0.25196850393700787,0.9923966216285223
ADAP1,-0.6407195209890171,0.6062992125984252,1.0
COX19,-0.4169280903875183,0.33858267716535434,0.9923966216285223
C7orf50,-0.07147465707129896,0.937007874015748,1.0
ZFAND2A,-0.5562156283628923,0.31496062992125984,0.9923966216285223
AC091729.3,-1.014956643701103,0.2440944881889764,0.9923966216285223
INTS1,-0.9203766794552237,0.6220472440944882,1.0
PSMG3,0.1820578504801853,0.7401574803149606,1.0
MAD1L1,0.05965829803667222,0.905511811023622,1.0
MRM2,-0.1568295951947558,0.8188976377952756,1.0
NUDT1,0.2898607634855104,0.7637795275590551,1.0
SNX8,-0.1449618453065593,0.8346456692913385,1.0
EIF3B,-0.03569159262067956,0.952755905511811,1.0
CHST12,0.1150672677876976,0.6929133858267716,1.0
LFNG,0.21936525269036178,0.7086614173228346,1.0
BRAT1,-1.1463513699639356,0.08661417322834646,0.9923966216285223
IQCE,0.7167805270021526,0.28346456692913385,0.9923966216285223
TTYH3,0.6046392679291106,0.14960629921259844,0.9923966216285223
GNA12,1.6513108029256598,0.09448818897637795,0.9923966216285223
CARD11,-0.7006415106544335,0.7165354330708661,1.0
FOXK1,-0.4266745373686751,0.4015748031496063,1.0
AP5Z1,0.9661421431786863,0.3779527559055118,0.9979787009382448
RNF216P1,-0.09169379578850201,0.7480314960629921,1.0
RBAK,-1.1405533826668348,0.15748031496062992,0.9923966216285223
WIPI2,-0.34969120462658054,0.3937007874015748,1.0
TNRC18,1.1482692849672955,0.07874015748031496,0.9923966216285223
AC092171.2,-0.5995717719774973,0.5984251968503937,1.0
ACTB,0.11425023434696158,0.6377952755905512,1.0
FSCN1,0.2167194467349205,0.8267716535433071,1.0
RNF216,-0.1364136069809856,0.5984251968503937,1.0
ZNF815P,0.41194524422332135,0.7480314960629921,1.0
CCZ1,-0.4274544474412063,0.6220472440944882,1.0
PMS2,-0.08036245515991824,0.8661417322834646,1.0
AIMP2,0.05234054494705376,0.952755905511811,1.0
EIF2AK1,-0.218250589790415,0.07086614173228346,0.9923966216285223
USP42,0.0280650962285085,0.952755905511811,1.0
CYTH3,-0.6227915257188661,0.5275590551181102,1.0
FAM220A,-1.2016410993778566,0.14173228346456693,0.9923966216285223
RAC1,0.03772571801616653,0.8503937007874016,1.0
DAGLB,-0.5233170222056245,0.6062992125984252,1.0
KDELR2,1.1011196850982907,0.023622047244094488,0.9923966216285223
C7orf26,0.17341704516847933,0.47244094488188976,1.0
ZNF853,-1.2602727616794582,0.2125984251968504,0.9923966216285223
ZNF316,0.11543042444799445,0.9133858267716536,1.0
ZNF12,-0.05786014956512053,0.952755905511811,1.0
PMS2CL,0.5485617718259117,0.5433070866141733,1.0
CCZ1B,0.4385720194212457,0.6141732283464567,1.0
C1GALT1,0.10476914604721888,0.5905511811023622,1.0
AC004982.1,-1.4104551204324252,0.1732283464566929,0.9923966216285223
MIOS,-0.7269537026447077,0.16535433070866143,0.9923966216285223
RPA3,-0.23024047944932668,0.6299212598425197,1.0
UMAD1,-0.211161012460217,0.4881889763779528,1.0
GLCCI1,0.14847008713643994,0.5905511811023622,1.0
ICA1,-0.7451370552615098,0.5590551181102362,1.0
NDUFA4,0.19034811359540527,0.4094488188976378,1.0
PHF14,-0.2807663058941898,0.4251968503937008,1.0
TMEM106B,-0.3232757234942616,0.4330708661417323,1.0
AC013470.3,-1.1487396291076477,0.31496062992125984,0.9923966216285223
ARL4A,-0.11783121532159413,0.7401574803149606,1.0
ETV1,1.5390473739567807,0.08661417322834646,0.9923966216285223
ANKMY2,-0.6858609801858391,0.33070866141732286,0.9923966216285223
BZW2,-0.13471817457923851,0.6456692913385826,1.0
TSPAN13,1.6507513594726047,0.25984251968503935,0.9923966216285223
AC003075.1,0.5711817307981222,0.4566929133858268,1.0
AHR,0.4333624668918796,0.29133858267716534,0.9923966216285223
SNX13,-0.331470125227586,0.3700787401574803,0.9923966216285223
HDAC9,0.14957759393168057,0.8661417322834646,1.0
TWISTNB,-0.17049914183383308,0.6614173228346457,1.0
RPL21P75,0.0664975353051811,0.905511811023622,1.0
MACC1,2.1313585925772456,0.05511811023622047,0.9923966216285223
RPL23P8,-0.6746554539382013,0.06299212598425197,0.9923966216285223
SP4,-0.5650471367197412,0.09448818897637795,0.9923966216285223
CDCA7L,-0.11599580011027832,0.9212598425196851,1.0
RAPGEF5,-0.1824942672133103,0.8110236220472441,1.0
EEF1A1P6,-0.6608007619449312,0.07874015748031496,0.9923966216285223
TOMM7,-0.2850951647917679,0.4251968503937008,1.0
SNHG26,0.09800673741369548,0.9291338582677166,1.0
FAM126A,-0.050619211582334955,0.8818897637795275,1.0
KLHL7,0.3132356714256268,0.4251968503937008,1.0
NUPL2,-0.6594861044353539,0.3543307086614173,0.9923966216285223
MALSU1,0.05766881597933082,0.937007874015748,1.0
TRA2A,-0.3131622185424865,0.2204724409448819,0.9923966216285223
CCDC126,-0.216793223544812,0.7795275590551181,1.0
FAM221A,-0.8297938442707065,0.29133858267716534,0.9923966216285223
MPP6,-1.0170346588222805,0.1968503937007874,0.9923966216285223
OSBPL3,0.004430146831028381,0.984251968503937,1.0
CYCS,0.14682156226458964,0.8346456692913385,1.0
C7orf31,0.8590281331906096,0.2283464566929134,0.9923966216285223
NFE2L3,0.7980524597017942,0.3543307086614173,0.9923966216285223
HNRNPA2B1,-0.08918790378446495,0.7559055118110236,1.0
CBX3,0.0636730949084523,0.8346456692913385,1.0
SNX10,-0.37032854545223515,0.31496062992125984,0.9923966216285223
SKAP2,-0.41990589798114186,0.44881889763779526,1.0
HIBADH,0.4182275323330362,0.5590551181102362,1.0
TAX1BP1,0.06582895562499758,0.8267716535433071,1.0
JAZF1,-0.15815713063086978,0.7559055118110236,1.0
CPVL,-0.22946738982623138,0.9212598425196851,1.0
CHN2,-1.803691535561315,0.023622047244094488,0.9923966216285223
WIPF3,0.5468513575552958,0.5748031496062992,1.0
SCRN1,0.0025228183258825254,1.0,1.0
FKBP14,0.6873683825166865,0.2992125984251969,0.9923966216285223
PLEKHA8,0.006589448670512699,0.9921259842519685,1.0
MTURN,-1.391305570194051,0.05511811023622047,0.9923966216285223
ZNRF2,-0.07013760857508977,0.84251968503937,1.0
AC006978.1,-0.12484363288500777,0.8267716535433071,1.0
NOD1,-1.3422875270206807,0.2125984251968504,0.9923966216285223
GGCT,-0.4027740541551639,0.4330708661417323,1.0
AC005154.1,-0.04852238821916233,0.9291338582677166,1.0
AC005154.3,-0.354513875946066,0.5984251968503937,1.0
GARS,0.23906348079579942,0.31496062992125984,0.9923966216285223
AQP1,0.7503832038090938,0.5905511811023622,1.0
LSM5,0.24130423793508005,0.5669291338582677,1.0
AVL9,-0.22448758942080538,0.5905511811023622,1.0
DPY19L1P1,-1.0355556776603527,0.3700787401574803,0.9923966216285223
KBTBD2,-0.597972219737831,0.023622047244094488,0.9923966216285223
RP9P,0.7812690469688173,0.23622047244094488,0.9923966216285223
NT5C3A,-0.6310180173391089,0.2992125984251969,0.9923966216285223
RP9,-0.49568328361604497,0.1889763779527559,0.9923966216285223
BBS9,-0.6334781184130807,0.5590551181102362,1.0
DPY19L1,0.24883904346429286,0.6850393700787402,1.0
HERPUD2,-0.16636537016962105,0.4015748031496063,1.0
AC018647.2,-0.5602159241613562,0.6692913385826772,1.0
SEPT7,-0.1419057362388383,0.6850393700787402,1.0
EEPD1,-1.3602149547877709,0.11023622047244094,0.9923966216285223
ANLN,0.15796052638557612,0.8661417322834646,1.0
AOAH,0.21279836737354163,0.7559055118110236,1.0
ELMO1,0.13060736018236963,0.8346456692913385,1.0
EPDR1,-0.48345446197778363,0.4330708661417323,1.0
SFRP4,-0.20844011890536007,1.0,1.0
STARD3NL,0.010879644996775184,0.984251968503937,1.0
TRGC2,-0.4183255054470898,0.3858267716535433,1.0
TRGC1,-1.2535319083433292,0.031496062992125984,0.9923966216285223
TRGV10,-1.4460991795605178,0.07086614173228346,0.9923966216285223
TRGV9,-1.4231336476269931,0.11811023622047244,0.9923966216285223
AC006033.2,0.4974527808456459,0.5748031496062992,1.0
TRGV7,-0.1151095072838646,0.952755905511811,1.0
TRG-AS1,0.5632539780128543,0.5433070866141733,1.0
TRGV4,-0.9246530918342577,0.23622047244094488,0.9923966216285223
TRGV3,-0.4793112608768708,0.5826771653543307,1.0
TRGV2,-0.568742744774565,0.49606299212598426,1.0
VPS41,0.26395042818662784,0.3464566929133858,0.9923966216285223
YAE1D1,0.0066495102164965125,0.9921259842519685,1.0
RALA,-0.1253884749861598,0.5590551181102362,1.0
AC004987.2,-0.3032733934611782,0.8582677165354331,1.0
RWDD4P2,-0.1561046731596274,0.8976377952755905,1.0
CDK13,-0.33023091453563325,0.25196850393700787,0.9923966216285223
MPLKIP,-0.024934851626157162,0.9921259842519685,1.0
TCP1P1,-0.7053216892476668,0.33858267716535434,0.9923966216285223
PSMA2,0.40031856733005666,0.3464566929133858,0.9923966216285223
MRPL32,-0.28511328310814843,0.4645669291338583,1.0
STK17A,-0.1850793247245175,0.5039370078740157,1.0
COA1,0.057462372719391475,0.8267716535433071,1.0
BLVRA,0.029290286227519502,0.9448818897637795,1.0
URGCP,-0.031696945471763494,0.952755905511811,1.0
UBE2D4,0.5738714705416914,0.3543307086614173,0.9923966216285223
POLR2J4,-1.4784051524867636,0.10236220472440945,0.9923966216285223
DBNL,-0.26364890296768806,0.41732283464566927,1.0
POLM,0.21662323311883602,0.7952755905511811,1.0
AEBP1,-0.8344790417313677,0.6062992125984252,1.0
POLD2,-0.7300433360519429,0.5118110236220472,1.0
YKT6,-0.28504770157172654,0.4566929133858268,1.0
NUDCD3,-0.5773970469332967,0.28346456692913385,0.9923966216285223
AC004453.1,-0.601350287763954,0.2125984251968504,0.9923966216285223
DDX56,-0.2779881229875314,0.6771653543307087,1.0
TMED4,0.429242242917379,0.11023622047244094,0.9923966216285223
OGDH,0.6017938603762767,0.14173228346456693,0.9923966216285223
ZMIZ2,-0.25548782022384664,0.6377952755905512,1.0
PPIA,0.11082534591269777,0.8110236220472441,1.0
H2AFV,0.1678502754906006,0.47244094488188976,1.0
PURB,-0.31623684584145817,0.2440944881889764,0.9923966216285223
AC004847.1,-0.48377382209232955,0.5275590551181102,1.0
MYO1G,-0.3805871403957237,0.7007874015748031,1.0
SNHG15,-0.32901493194636533,0.3228346456692913,0.9923966216285223
CCM2,-0.453287841413645,0.7401574803149606,1.0
TBRG4,-0.5438611116070762,0.023622047244094488,0.9923966216285223
SEPT7P2,-0.5281028242688377,0.13385826771653545,0.9923966216285223
IGFBP3,-1.78042699842832,0.11023622047244094,0.9923966216285223
TNS3,2.1539524272824186,0.05511811023622047,0.9923966216285223
HUS1,-0.21998123132579472,0.3779527559055118,0.9979787009382448
UPP1,-2.513244244883712,0.11811023622047244,0.9923966216285223
IKZF1,-0.19288634660959048,0.48031496062992124,1.0
FIGNL1,-0.6641559444345053,0.36220472440944884,0.9923966216285223
GRB10,0.8543116097003058,0.31496062992125984,0.9923966216285223
HAUS6P1,-0.005625205867420657,0.9921259842519685,1.0
SEC61G,0.8565805641882713,0.14960629921259844,0.9923966216285223
LANCL2,-0.7954826365904748,0.047244094488188976,0.9923966216285223
VOPP1,0.40480201373076063,0.36220472440944884,0.9923966216285223
PSPHP1,-0.2758526829722143,0.7480314960629921,1.0
NIPSNAP2,0.055471634385861,0.905511811023622,1.0
MRPS17,0.15678041691498024,0.8267716535433071,1.0
PSPH,0.08366259324416059,0.8582677165354331,1.0
CCT6A,-0.15378411910215473,0.4645669291338583,1.0
SUMF2,1.0719948981654612,0.2125984251968504,0.9923966216285223
CHCHD2,0.29422800895976664,0.36220472440944884,0.9923966216285223
AC073136.1,-0.5939278894308426,0.4015748031496063,1.0
AC073136.2,-1.2567270141977795,0.031496062992125984,0.9923966216285223
ZNF736,1.3146081785592267,0.05511811023622047,0.9923966216285223
ZNF680,-1.668254631816481,0.08661417322834646,0.9923966216285223
ZNF107,-0.8629908624601219,0.03937007874015748,0.9923966216285223
ZNF138,0.10579692528308993,0.8740157480314961,1.0
ZNF273,-0.6055306598944039,0.30708661417322836,0.9923966216285223
ZNF117,-0.2976987515398588,0.6220472440944882,1.0
ERV3-1,-0.9548218001489137,0.2440944881889764,0.9923966216285223
CCT6P3,0.43970476692904015,0.6299212598425197,1.0
ZNF92,-0.08996184790783879,0.8346456692913385,1.0
CCT6P1,-0.30058484044065725,0.8110236220472441,1.0
VKORC1L1,0.18805827579511458,0.5748031496062992,1.0
GUSB,0.7223868301627174,0.03937007874015748,0.9923966216285223
ASL,-0.15690025830949106,0.8110236220472441,1.0
CRCP,-0.002420863766068315,0.984251968503937,1.0
LINC00174,-0.49598353688890606,0.015748031496062992,0.9923966216285223
AC006001.3,0.06828178443047861,0.9291338582677166,1.0
RPL35P5,-0.20514219178007842,0.6456692913385826,1.0
KCTD7,0.5408162155051812,0.18110236220472442,0.9923966216285223
RABGEF1,-0.5192016773158166,0.23622047244094488,0.9923966216285223
AC073335.2,-0.829591074868798,0.49606299212598426,1.0
AC073335.1,-1.1532464638222457,0.023622047244094488,0.9923966216285223
TMEM248,-0.3384693409088815,0.08661417322834646,0.9923966216285223
SBDS,-0.15173963359197806,0.7322834645669292,1.0
TYW1,0.41154126771851907,0.5669291338582677,1.0
STAG3L4,-1.1037336773027295,0.14173228346456693,0.9923966216285223
AUTS2,-0.21322532272810601,0.7007874015748031,1.0
TYW1B,-0.377453898441964,0.7007874015748031,1.0
SBDSP1,-1.1444267376435442,0.08661417322834646,0.9923966216285223
POM121,-0.14224026419107894,0.6614173228346457,1.0
GTF2IP4,0.618635782946934,0.44881889763779526,1.0
NSUN5,-0.15792919836266828,0.9291338582677166,1.0
BAZ1B,-0.018557659720589648,0.952755905511811,1.0
BCL7B,-0.08397230417619816,0.7322834645669292,1.0
TBL2,1.2027349635750593,0.07874015748031496,0.9923966216285223
DNAJC30,0.18606684423708586,0.7716535433070866,1.0
BUD23,0.35303070093383493,0.3700787401574803,0.9923966216285223
STX1A,-0.46986704413807767,0.7165354330708661,1.0
ABHD11,0.04194303410842304,0.889763779527559,1.0
LIMK1,0.2511502546943247,0.5511811023622047,1.0
EIF4H,-0.08495740246318562,0.7874015748031497,1.0
LAT2,-0.01830177508321107,0.9606299212598425,1.0
RFC2,-0.45377961093280783,0.5433070866141733,1.0
CLIP2,0.4347852984789984,0.5748031496062992,1.0
GTF2I,1.1406214325710629,0.18110236220472442,0.9923966216285223
GTF2IRD2,-0.31053014545948265,0.7637795275590551,1.0
STAG3L2,0.027795264284714793,0.937007874015748,1.0
RCC1L,0.7893673254158231,0.5196850393700787,1.0
NCF1C,1.0001029746736307,0.5039370078740157,1.0
NSUN5P1,-0.8005774813840807,0.031496062992125984,0.9923966216285223
POM121C,-0.5375168491591396,0.05511811023622047,0.9923966216285223
PMS2P3,1.1674056136230349,0.031496062992125984,0.9923966216285223
HIP1,0.22230991934098832,0.6929133858267716,1.0
RHBDD2,-0.616426788540875,0.5118110236220472,1.0
POR,0.8096660343723907,0.5511811023622047,1.0
TMEM120A,-0.02026934666250657,0.9448818897637795,1.0
STYXL1,0.3690551118033887,0.33070866141732286,0.9923966216285223
MDH2,0.002705551021986885,1.0,1.0
HSPB1,-1.0339501595952125,0.4645669291338583,1.0
YWHAG,0.6166960705219244,0.07874015748031496,0.9923966216285223
DTX2,1.0085542429788608,0.4015748031496063,1.0
AC004980.1,-0.7602777500354598,0.48031496062992124,1.0
POMZP3,0.20362076962225362,0.8110236220472441,1.0
CCDC146,-0.6245509603490578,0.7165354330708661,1.0
FGL2,0.17429701609793868,0.8110236220472441,1.0
GSAP,-0.17733971859450826,0.7322834645669292,1.0
PTPN12,-0.45121104507167953,0.4251968503937008,1.0
APTR,-0.6287984142199319,0.5118110236220472,1.0
RSBN1L,0.28572258177308374,0.36220472440944884,0.9923966216285223
TMEM60,0.009191603349850475,0.984251968503937,1.0
PHTF2,0.056448796578366434,0.8661417322834646,1.0
KIAA1324L,0.31908974891881314,0.7559055118110236,1.0
AC005076.1,0.15304413399536543,0.905511811023622,1.0
DMTF1,-0.2554915463925225,0.28346456692913385,0.9923966216285223
TMEM243,-0.3496403817490199,0.4015748031496063,1.0
TP53TG1,1.0817601442226392,0.2204724409448819,0.9923966216285223
CROT,0.3993409027870056,0.44881889763779526,1.0
ABCB1,-0.5317323559083187,0.5354330708661418,1.0
SLC25A40,-0.3921870520775972,0.1889763779527559,0.9923966216285223
DBF4,0.12927149605218347,0.8110236220472441,1.0
SRI,-0.31908451942474425,0.14960629921259844,0.9923966216285223
GTPBP10,-0.8777196332130037,0.015748031496062992,0.9923966216285223
CDK14,3.3355973110043458,0.031496062992125984,0.9923966216285223
MTERF1,-0.11881400341915027,0.5984251968503937,1.0
AKAP9,-0.10139926899752183,0.6377952755905512,1.0
KRIT1,-0.07392071934692979,0.8188976377952756,1.0
ANKIB1,-0.11283753879972558,0.5669291338582677,1.0
GATAD1,0.16714549537322565,0.6929133858267716,1.0
PEX1,-0.08623566952340234,0.9763779527559056,1.0
RBM48,-0.19953196096182335,0.7244094488188977,1.0
FAM133B,-0.5665999230255467,0.3858267716535433,1.0
CDK6,0.23171433161825927,0.3779527559055118,0.9979787009382448
SAMD9,-0.27970143496110556,0.1889763779527559,0.9923966216285223
SAMD9L,0.4074605794036046,0.3228346456692913,0.9923966216285223
VPS50,-0.12267189723602456,0.7007874015748031,1.0
AC002075.2,1.583146669160043,0.05511811023622047,0.9923966216285223
BET1,0.031903601793530356,0.952755905511811,1.0
COL1A2,-0.05911585755660109,0.9763779527559056,1.0
CASD1,-0.4762074674643273,0.11811023622047244,0.9923966216285223
SGCE,1.407111309970755,0.047244094488188976,0.9923966216285223
PEG10,0.1778149534510174,0.8740157480314961,1.0
PON2,0.7142161626469403,0.4645669291338583,1.0
SLC25A13,0.69384903578838,0.5196850393700787,1.0
SEM1,0.06125995462118361,0.8346456692913385,1.0
SDHAF3,-0.20408358646193037,0.6535433070866141,1.0
OR7E38P,0.6192715447930577,0.5511811023622047,1.0
AC004967.1,-1.7061976896173108,0.03937007874015748,0.9923966216285223
LMTK2,0.04444091058463506,0.8976377952755905,1.0
TECPR1,0.9933076146490363,0.06299212598425197,0.9923966216285223
BRI3,0.27895389846721486,0.6299212598425197,1.0
RPS3AP26,-0.4789990493807226,0.1968503937007874,0.9923966216285223
TRRAP,0.10547988110147788,0.8267716535433071,1.0
AC004893.2,0.766148780682399,0.33070866141732286,0.9923966216285223
SMURF1,-0.135633141242387,0.8188976377952756,1.0
ARPC1A,0.24550179042272546,0.36220472440944884,0.9923966216285223
ARPC1B,0.3679933225939136,0.5984251968503937,1.0
PDAP1,0.7766258643565598,0.023622047244094488,0.9923966216285223
BUD31,0.024135747613509118,0.9212598425196851,1.0
PTCD1,-0.927368996845352,0.13385826771653545,0.9923966216285223
CPSF4,0.026934523538932886,0.952755905511811,1.0
ATP5J2,0.43763481847630814,0.18110236220472442,0.9923966216285223
ZNF789,-0.6028321902315206,0.5275590551181102,1.0
ZNF394,-0.10893133737332317,0.5984251968503937,1.0
ZKSCAN5,-0.7268495321423667,0.2204724409448819,0.9923966216285223
FAM200A,-0.856178780581169,0.4094488188976378,1.0
ZNF655,-0.2274544017576705,0.36220472440944884,0.9923966216285223
ZSCAN25,0.30950618910128425,0.6614173228346457,1.0
TRIM4,-0.008753188813171775,0.9921259842519685,1.0
ZKSCAN1,-0.23206144363015646,0.48031496062992124,1.0
ZSCAN21,-0.2847116561848342,0.8110236220472441,1.0
ZNF3,0.6526464622767048,0.7086614173228346,1.0
COPS6,-0.019385326224639066,0.9291338582677166,1.0
MCM7,0.07744864334050927,0.84251968503937,1.0
AP4M1,0.08541686071987065,0.952755905511811,1.0
CNPY4,0.4321941172928594,0.49606299212598426,1.0
LAMTOR4,-0.35431619737079423,0.6377952755905512,1.0
C7orf43,-0.03064566429824911,0.9448818897637795,1.0
STAG3,-2.8890696309150545,0.015748031496062992,0.9923966216285223
SPDYE3,-0.5041122626073138,0.5905511811023622,1.0
PMS2P1,-0.9878748348433923,0.3858267716535433,1.0
STAG3L5P,-0.938660076880381,0.09448818897637795,0.9923966216285223
STAG3L5P-PVRIG2P-PILRB,-0.7287437013007572,0.3464566929133858,0.9923966216285223
PILRB,-0.9191591426812811,0.2440944881889764,0.9923966216285223
ZCWPW1,-0.5339614750373327,0.5748031496062992,1.0
MEPCE,-0.4093799719998312,0.5118110236220472,1.0
PPP1R35,-1.2866148685329788,0.07086614173228346,0.9923966216285223
TSC22D4,0.06864319894009618,0.984251968503937,1.0
AGFG2,0.8663091604215989,0.07086614173228346,0.9923966216285223
PCOLCE,-0.9898692659100763,0.4251968503937008,1.0
MOSPD3,0.04685039441000782,0.9291338582677166,1.0
TFR2,1.2776704488354058,0.14960629921259844,0.9923966216285223
GNB2,-0.2678209468739645,0.8188976377952756,1.0
GIGYF1,-0.2952810928767553,0.7559055118110236,1.0
POP7,-0.17260153488550412,0.7480314960629921,1.0
SLC12A9,0.5784383398488617,0.2677165354330709,0.9923966216285223
TRIP6,1.4127351895915954,0.07874015748031496,0.9923966216285223
SRRT,-0.15208555418621827,0.6377952755905512,1.0
AC105446.1,-0.48279602174620007,0.5275590551181102,1.0
TRIM56,-0.30265001025412186,0.6062992125984252,1.0
SERPINE1,0.9556022454160168,0.29133858267716534,0.9923966216285223
AP1S1,0.29656071777237614,0.5748031496062992,1.0
PLOD3,-0.23512523258988205,0.8267716535433071,1.0
ZNHIT1,0.4309196338391601,0.4881889763779528,1.0
CLDN15,0.7677821185861116,0.4645669291338583,1.0
FIS1,0.39835899790997864,0.47244094488188976,1.0
IFT22,0.6384285014476601,0.3779527559055118,0.9979787009382448
CUX1,-0.29714531695419577,0.6535433070866141,1.0
PRKRIP1,-0.03665457951406914,0.8582677165354331,1.0
ORAI2,0.6779510541485898,0.08661417322834646,0.9923966216285223
ALKBH4,0.4602641192543522,0.6299212598425197,1.0
LRWD1,0.6565949053856324,0.4094488188976378,1.0
POLR2J,0.12659159515529605,0.8661417322834646,1.0
POLR2J3,-0.9339063191361265,0.3858267716535433,1.0
ARMC10,-0.4060109249078696,0.4566929133858268,1.0
NAPEPLD,-0.5005823762558759,0.41732283464566927,1.0
AC007683.1,0.4049642832979614,0.5748031496062992,1.0
DPY19L2P2,-0.7614004404622023,0.4645669291338583,1.0
PMPCB,-0.4561747156485625,0.2283464566929134,0.9923966216285223
DNAJC2,-0.027314805601377223,0.984251968503937,1.0
PSMC2,0.18018366378216744,0.47244094488188976,1.0
RPS29P16,0.5714064892917358,0.4251968503937008,1.0
ORC5,0.5243071929492915,0.4330708661417323,1.0
EIF4BP6,0.024641802822097603,0.9133858267716536,1.0
AC007384.1,0.4141560029151874,0.3700787401574803,0.9923966216285223
LINC01004,-1.09130923388111,0.13385826771653545,0.9923966216285223
KMT2E-AS1,0.4692122803555576,0.4645669291338583,1.0
KMT2E,-0.4605829706273763,0.10236220472440945,0.9923966216285223
SRPK2,0.1690519010245124,0.6456692913385826,1.0
PUS7,-0.577741120233946,0.36220472440944884,0.9923966216285223
RINT1,0.9787080746980474,0.33858267716535434,0.9923966216285223
YBX1P2,0.6595313599644301,0.4566929133858268,1.0
ATXN7L1,-0.2555893118088104,0.6377952755905512,1.0
CDHR3,-0.3945492007565716,0.6141732283464567,1.0
SYPL1,-1.1553378653479776,0.023622047244094488,0.9923966216285223
NAMPT,0.05186507723816014,0.889763779527559,1.0
CCDC71L,-0.246597020013823,0.5826771653543307,1.0
PIK3CG,0.12313850103014445,0.6141732283464567,1.0
PRKAR2B,0.9677055694096862,0.3228346456692913,0.9923966216285223
HBP1,-0.791782136869684,0.05511811023622047,0.9923966216285223
COG5,0.3138026896948771,0.48031496062992124,1.0
DUS4L,0.37173516415719265,0.6535433070866141,1.0
BCAP29,0.564926603535171,0.41732283464566927,1.0
AC002467.1,-0.08369655058381165,0.9291338582677166,1.0
CBLL1,-0.6257518369246329,0.047244094488188976,0.9923966216285223
DLD,-0.28708806882623694,0.5905511811023622,1.0
LAMB1,2.100031596783611,0.03937007874015748,0.9923966216285223
PNPLA8,-0.1818033840057689,0.4645669291338583,1.0
RPL7P32,-0.0186466815638735,1.0,1.0
THAP5,0.08855207972988577,0.7952755905511811,1.0
DNAJB9,0.01571574488646732,0.905511811023622,1.0
IMMP2L,0.349748229009641,0.6692913385826772,1.0
LRRN3,1.8422158690842272,0.08661417322834646,0.9923966216285223
ZNF277,-0.00610755855680889,0.984251968503937,1.0
IFRD1,-1.1041415706714695,0.07086614173228346,0.9923966216285223
LSMEM1,-0.3269840314774477,0.5984251968503937,1.0
TMEM168,-0.1819945983729756,0.7165354330708661,1.0
BMT2,-0.5560751564274318,0.07086614173228346,0.9923966216285223
SMIM30,-0.03311882988985726,0.952755905511811,1.0
MDFIC,-0.18050234682609023,0.3543307086614173,0.9923966216285223
AC073130.3,-1.5137122590720753,0.1732283464566929,0.9923966216285223
TES,-0.0600653488359546,0.8188976377952756,1.0
CAV1,2.931706988777627,0.015748031496062992,0.9923966216285223
CAPZA2,-0.31153950969771405,0.2755905511811024,0.9923966216285223
ST7,1.7106842669423923,0.10236220472440945,0.9923966216285223
LSM8,0.2285283613839777,0.6299212598425197,1.0
ING3,-0.347697436107822,0.36220472440944884,0.9923966216285223
FAM3C,0.36718600490880604,0.3543307086614173,0.9923966216285223
AASS,-1.1916003878196206,0.12598425196850394,0.9923966216285223
NDUFA5,0.11588893737247652,0.6220472440944882,1.0
WASL,0.05250230516444532,0.905511811023622,1.0
POT1,-0.0403324129124738,0.9291338582677166,1.0
AC010099.1,1.085154984512303,0.14960629921259844,0.9923966216285223
ZNF800,-0.5922364484270286,0.07086614173228346,0.9923966216285223
AC000123.3,-0.8211722128337496,0.30708661417322836,0.9923966216285223
GCC1,-0.6380109467474417,0.23622047244094488,0.9923966216285223
ARF5,-0.4484147413054349,0.6456692913385826,1.0
SND1,0.3498498934374865,0.4251968503937008,1.0
RBM28,-0.5026607852196419,0.2283464566929134,0.9923966216285223
IMPDH1,-0.2413580197541636,0.7716535433070866,1.0
HILPDA,0.2751851495238036,0.6850393700787402,1.0
METTL2B,0.7763377201728536,0.2440944881889764,0.9923966216285223
AC090114.2,0.8555615295379826,0.33858267716535434,0.9923966216285223
AC090114.1,-0.07577233965960328,0.8976377952755905,1.0
AC018638.5,-0.7244773095155788,0.4566929133858268,1.0
CALU,0.8206337290810932,0.09448818897637795,0.9923966216285223
CCDC136,0.20709284903569536,0.7952755905511811,1.0
ATP6V1F,0.22218481758496456,0.5748031496062992,1.0
IRF5,0.20359855803585347,0.5196850393700787,1.0
TNPO3,0.005001288419273386,0.9921259842519685,1.0
TSPAN33,-0.728268871184409,0.4881889763779528,1.0
AHCYL2,-0.34978543489816083,0.7322834645669292,1.0
AC009244.1,-0.45820784149304483,0.09448818897637795,0.9923966216285223
SMKR1,-0.8985523863709359,0.4094488188976378,1.0
NRF1,-0.37168388205909597,0.49606299212598426,1.0
UBE2H,0.026226639315956923,0.6141732283464567,1.0
ZC3HC1,0.4344068071922411,0.4094488188976378,1.0
KLHDC10,0.7497699421761972,0.13385826771653545,0.9923966216285223
TMEM209,0.17687403015520697,0.6377952755905512,1.0
CEP41,-1.4455799195409882,0.08661417322834646,0.9923966216285223
COPG2,0.04379350299726159,0.9921259842519685,1.0
AC016831.5,-1.1020318384647732,0.15748031496062992,0.9923966216285223
AC058791.1,-0.7476634731735463,0.31496062992125984,0.9923966216285223
LINC-PINT,-0.7705434925620374,0.12598425196850394,0.9923966216285223
MKLN1,-0.4534820798950969,0.25984251968503935,0.9923966216285223
AC009362.1,-0.12544988557346048,0.6929133858267716,1.0
PODXL,0.2784572086106949,0.7165354330708661,1.0
EEF1B2P6,-0.4224846060045637,0.2992125984251969,0.9923966216285223
CHCHD3,-0.2514228575848074,0.3228346456692913,0.9923966216285223
AC008038.1,-0.7525210768139683,0.047244094488188976,0.9923966216285223
EXOC4,-0.657983185649269,0.08661417322834646,0.9923966216285223
SLC35B4,-0.35690350372338653,0.5354330708661418,1.0
AKR1B1,0.1997794615232058,0.4409448818897638,1.0
BPGM,-0.3705762485333626,0.49606299212598426,1.0
CALD1,0.3069384781022151,0.7559055118110236,1.0
C7orf49,-0.18672536003616846,0.84251968503937,1.0
TMEM140,1.0352803451121566,0.18110236220472442,0.9923966216285223
WDR91,-0.41674464645613263,0.25984251968503935,0.9923966216285223
CNOT4,0.1585296533567755,0.6535433070866141,1.0
NUP205,-0.09451647321817624,0.5275590551181102,1.0
STMP1,0.11861337884766154,0.41732283464566927,1.0
MTPN,-0.12672023650921993,0.33858267716535434,0.9923966216285223
AC090498.1,0.44573245692025143,0.2755905511811024,0.9923966216285223
AC009245.1,-1.0318100797864447,0.4094488188976378,1.0
CREB3L2,0.43972342058992453,0.33858267716535434,0.9923966216285223
AC024082.2,-0.8871518755023469,0.44881889763779526,1.0
TRIM24,-0.3619013472416839,0.3464566929133858,0.9923966216285223
ZC3HAV1,-0.37143265196411424,0.3543307086614173,0.9923966216285223
TTC26,0.6421028622684966,0.5748031496062992,1.0
UBN2,-0.04347918526720562,0.9133858267716536,1.0
FMC1,-0.4233272285316887,0.6929133858267716,1.0
LUC7L2,-0.09981402398634742,0.6614173228346457,1.0
HIPK2,0.2542025939387056,0.5669291338582677,1.0
TBXAS1,0.6840150524162003,0.23622047244094488,0.9923966216285223
PARP12,0.14430914748996715,0.8031496062992126,1.0
KDM7A,-0.14055462129713625,0.6377952755905512,1.0
JHDM1D-AS1,-0.39372281883857196,0.6062992125984252,1.0
SLC37A3,-0.4786743073837574,0.5196850393700787,1.0
MKRN1,-0.4007694287500403,0.16535433070866143,0.9923966216285223
ADCK2,0.3516344031238998,0.5118110236220472,1.0
NDUFB2,-0.0022544638390078475,1.0,1.0
BRAF,-0.2013877389169636,0.5984251968503937,1.0
MRPS33,-0.38041382818948843,0.4251968503937008,1.0
AGK,-0.5258910074653755,0.33858267716535434,0.9923966216285223
AC004918.1,-0.09190760460667113,0.9291338582677166,1.0
KIAA1147,-1.1499897271186486,0.023622047244094488,0.9923966216285223
SSBP1,-0.06682567556642738,0.84251968503937,1.0
TRBV6-2,0.495827205635587,0.6377952755905512,1.0
TRBV7-9,0.4791481537162605,0.5984251968503937,1.0
TRBV14,0.10747041997427265,0.905511811023622,1.0
TRBV18,2.309591238033287,0.015748031496062992,0.9923966216285223
TRBV28,-0.056112665353918345,0.984251968503937,1.0
TRBV29-1,-0.11138506102507861,0.905511811023622,1.0
TRBC1,-0.21422256308642673,0.7244094488188977,1.0
TRBC2,-0.01621282810894975,0.9448818897637795,1.0
EPHB6,-0.5316669875425495,0.7007874015748031,1.0
GSTK1,0.12939651890500503,0.5905511811023622,1.0
CASP2,0.031801986393638515,0.8188976377952756,1.0
FAM131B,0.45862360777719324,0.6220472440944882,1.0
AC093673.1,-0.5348919361878499,0.49606299212598426,1.0
ZYX,0.14030527478902144,0.8976377952755905,1.0
EPHA1,0.7836763102724609,0.1968503937007874,0.9923966216285223
EPHA1-AS1,0.33139384606539846,0.6535433070866141,1.0
TCAF2,-1.3200329394682067,0.07874015748031496,0.9923966216285223
TCAF1,-0.9800994307593829,0.4251968503937008,1.0
ARHGEF5,0.3216222694835089,0.7165354330708661,1.0
TPK1,-0.9933686950917653,0.4251968503937008,1.0
CNTNAP2,0.7433261670531951,0.7244094488188977,1.0
AC005229.4,1.408044993587935,0.03937007874015748,0.9923966216285223
CUL1,-0.34032736118019,0.08661417322834646,0.9923966216285223
EZH2,0.02448141993748365,0.9763779527559056,1.0
PDIA4,1.3261817867454742,0.07874015748031496,0.9923966216285223
ZNF786,-0.5347638390670606,0.5275590551181102,1.0
ZNF398,-1.2181248207583582,0.09448818897637795,0.9923966216285223
AC004890.1,-1.3182745752657556,0.07874015748031496,0.9923966216285223
ZNF282,0.5774141666738788,0.2440944881889764,0.9923966216285223
ZNF212,-0.510459318946463,0.7165354330708661,1.0
ZNF783,0.20543822182501703,0.8503937007874016,1.0
ZNF777,-0.3622275684344225,0.7322834645669292,1.0
ZNF746,-0.41176834141541185,0.5669291338582677,1.0
ZNF767P,-1.181213084949027,0.09448818897637795,0.9923966216285223
KRBA1,-1.2210125285336046,0.25196850393700787,0.9923966216285223
ZNF862,-0.12493294346114192,0.8740157480314961,1.0
AC004877.2,-0.6156090975797291,0.4330708661417323,1.0
ATP6V0E2,0.17366211972610346,0.6614173228346457,1.0
LRRC61,0.7821483514870359,0.41732283464566927,1.0
ZBED6CL,0.43352059089635375,0.5826771653543307,1.0
REPIN1,-0.1922056400216059,0.7716535433070866,1.0
AC073111.5,1.4874868259631846,0.11023622047244094,0.9923966216285223
LINC00996,1.2445112713834012,0.11023622047244094,0.9923966216285223
GIMAP8,-0.38839725886202103,0.6456692913385826,1.0
GIMAP7,-0.17197821774543343,0.8503937007874016,1.0
GIMAP4,0.0784744706858671,0.952755905511811,1.0
GIMAP6,0.33235473893656753,0.7874015748031497,1.0
GIMAP2,-0.6561940278918232,0.2204724409448819,0.9923966216285223
GIMAP1,-0.697175158016095,0.47244094488188976,1.0
GIMAP5,-0.12805762468185566,0.905511811023622,1.0
TMEM176B,0.280904003171738,0.84251968503937,1.0
NOS3,0.7004469249916034,0.49606299212598426,1.0
ABCB8,0.2468103005024429,0.6692913385826772,1.0
ASIC3,-0.9519007084851789,0.16535433070866143,0.9923966216285223
CDK5,1.042405056754761,0.4015748031496063,1.0
FASTK,0.767934962654456,0.5275590551181102,1.0
TMUB1,0.5776262317340155,0.6220472440944882,1.0
AGAP3,-0.4832314328107792,0.47244094488188976,1.0
ABCF2,-3.266354468500765e-05,1.0,1.0
CHPF2,1.3787421051194846,0.1968503937007874,0.9923966216285223
SMARCD3,-0.02680535755536484,1.0,1.0
NUB1,-0.3529593644469422,0.2125984251968504,0.9923966216285223
WDR86-AS1,-1.2299966986260142,0.29133858267716534,0.9923966216285223
RHEB,0.0322163306097103,0.9448818897637795,1.0
PRKAG2,0.4059632988325994,0.12598425196850394,0.9923966216285223
PRKAG2-AS1,0.7834251858734453,0.10236220472440945,0.9923966216285223
GALNT11,-1.4627075985927642,0.2283464566929134,0.9923966216285223
KMT2C,0.12851618617484828,0.8031496062992126,1.0
SEPT7P6,0.5477722071086237,0.5039370078740157,1.0
LINC01003,-0.4133659515183461,0.3858267716535433,1.0
XRCC2,0.2542567947195229,0.7795275590551181,1.0
ACTR3B,-1.7566356341267901,0.047244094488188976,0.9923966216285223
PAXIP1-AS2,-0.6271780129561886,0.5433070866141733,1.0
PAXIP1,-0.09686954353450972,0.8740157480314961,1.0
AC093726.1,0.5055609194744686,0.5669291338582677,1.0
PAXIP1-AS1,0.09456297984374151,0.9448818897637795,1.0
AC144652.1,-1.5845510333948634,0.10236220472440945,0.9923966216285223
INSIG1,-0.4816046563446461,0.25196850393700787,0.9923966216285223
AC009403.1,0.4011645490558642,0.5826771653543307,1.0
RBM33,0.3163886802770284,0.30708661417322836,0.9923966216285223
LINC01006,-1.2440026104905988,0.2125984251968504,0.9923966216285223
LMBR1,-0.5725391867761402,0.36220472440944884,0.9923966216285223
NOM1,0.08710334152609445,0.8503937007874016,1.0
UBE3C,-0.009122321053815163,0.9921259842519685,1.0
RPS27AP12,0.9462220887904038,0.1889763779527559,0.9923966216285223
DNAJB6,-0.4610012717276053,0.28346456692913385,0.9923966216285223
PTPRN2,0.30785711889540135,0.7637795275590551,1.0
NCAPG2,0.33190816410765667,0.6220472440944882,1.0
ESYT2,-0.25897849232242454,0.25196850393700787,0.9923966216285223
WDR60,-0.8343115844812443,0.2440944881889764,0.9923966216285223
PLCXD1,0.5424571370584785,0.30708661417322836,0.9923966216285223
GTPBP6,-1.0572235649039445,0.3464566929133858,0.9923966216285223
PPP2R3B,0.0036175912450209236,1.0,1.0
IL3RA,-0.7562985024664094,0.33858267716535434,0.9923966216285223
SLC25A6,0.19716269561102528,0.7480314960629921,1.0
ASMTL,-0.3516662494874283,0.4881889763779528,1.0
P2RY8,-0.7381408649327277,0.10236220472440945,0.9923966216285223
AKAP17A,-0.6590286973511947,0.11811023622047244,0.9923966216285223
DHRSX,0.976551550084864,0.2755905511811024,0.9923966216285223
ZBED1,-0.1269534617223238,0.7637795275590551,1.0
CD99P1,0.7234632527821259,0.4881889763779528,1.0
CD99,0.05416651811992956,0.7716535433070866,1.0
ARSD,0.34923956723173566,0.49606299212598426,1.0
MXRA5,-0.03513668928530134,0.968503937007874,1.0
PRKX,0.13742322792502204,0.8110236220472441,1.0
BX890604.1,-0.23690236181750812,0.6141732283464567,1.0
AC078991.1,-1.4656804098349547,0.03937007874015748,0.9923966216285223
PUDP,0.6128728536196295,0.25196850393700787,0.9923966216285223
STS,0.6007082882793631,0.5196850393700787,1.0
PNPLA4,-0.7110868827961618,0.2677165354330709,0.9923966216285223
TBL1X,0.9209612844871868,0.12598425196850394,0.9923966216285223
EIF5P1,-0.7278500120933447,0.44881889763779526,1.0
WWC3,0.5561399382073047,0.4015748031496063,1.0
HCCS,1.3397689336397702,0.015748031496062992,0.9923966216285223
MSL3,-0.39883736335884556,0.07874015748031496,0.9923966216285223
PRPS2,-0.06221253275382921,0.905511811023622,1.0
TLR7,1.0624625720450047,0.2755905511811024,0.9923966216285223
TMSB4X,0.04370063225755416,0.7795275590551181,1.0
TCEANC,-0.18350782919038178,0.8267716535433071,1.0
RAB9A,-0.4478021896667075,0.3228346456692913,0.9923966216285223
TRAPPC2,0.08506092459518566,0.8582677165354331,1.0
OFD1,-0.808867818987709,0.023622047244094488,0.9923966216285223
GEMIN8,-0.5213759919038525,0.5433070866141733,1.0
FANCB,0.5234644909332662,0.4409448818897638,1.0
MOSPD2,-0.27605984269338446,0.6377952755905512,1.0
PIGA,-1.0773615567960522,0.06299212598425197,0.9923966216285223
CA5BP1,-0.9545452718197056,0.41732283464566927,1.0
CA5B,0.12166183352901516,0.8188976377952756,1.0
ZRSR2,-0.1066622990863415,0.7559055118110236,1.0
AP1S2,0.04268410849865667,0.9291338582677166,1.0
CTPS2,-0.3838043869167449,0.8110236220472441,1.0
SYAP1,0.06850579664380696,0.8582677165354331,1.0
TXLNG,-0.45893832857885286,0.2677165354330709,0.9923966216285223
RBBP7,-0.0852568158650211,0.7952755905511811,1.0
CBX1P2,0.38503055754237736,0.5669291338582677,1.0
NHS,0.05851671851347029,1.0,1.0
SCML1,-1.5910952949716486,0.1732283464566929,0.9923966216285223
CDKL5,-1.331421435241081,0.023622047244094488,0.9923966216285223
PHKA2,-1.585814863480946,0.10236220472440945,0.9923966216285223
PDHA1,0.08171397951341408,0.8503937007874016,1.0
SH3KBP1,-0.14762181534366725,0.5196850393700787,1.0
BCLAF3,0.04112108734461817,0.8582677165354331,1.0
EIF1AX,-0.1840275103636868,0.5275590551181102,1.0
RPS6KA3,-0.2685584877283649,0.2047244094488189,0.9923966216285223
CNKSR2,-0.18778556547537262,0.7795275590551181,1.0
KLHL34,-0.5941581522294849,0.49606299212598426,1.0
MBTPS2,0.9060797013169712,0.14173228346456693,0.9923966216285223
SMS,-0.15801355421652197,0.5669291338582677,1.0
FAM3C2,1.4088675987989348,0.15748031496062992,0.9923966216285223
PRDX4,2.087535041012785,0.031496062992125984,0.9923966216285223
ACOT9,0.5802901357182879,0.2283464566929134,0.9923966216285223
SAT1,0.005232367712496355,0.9921259842519685,1.0
APOO,0.625451786171519,0.06299212598425197,0.9923966216285223
RPL9P7,-0.9305364916028429,0.33070866141732286,0.9923966216285223
KLHL15,-1.0082727398375306,0.07874015748031496,0.9923966216285223
EIF2S3,0.02244995040947817,0.9212598425196851,1.0
ZFX,-0.0647096602612951,0.9212598425196851,1.0
AC004552.1,-0.008742839268566005,1.0,1.0
PDK3,-0.4838978807916976,0.1968503937007874,0.9923966216285223
AC004656.1,-0.8518487094458913,0.07874015748031496,0.9923966216285223
POLA1,-0.40422593394146844,0.31496062992125984,0.9923966216285223
EEF1B2P3,-0.441600256168206,0.3700787401574803,0.9923966216285223
AC097263.1,0.10486930674325468,0.9448818897637795,1.0
AC006210.2,0.7171775231097552,0.48031496062992124,1.0
CXorf21,-0.42697491246328023,0.7165354330708661,1.0
GK,0.9082472194893256,0.05511811023622047,0.9923966216285223
TAB3,-0.09304399621381965,0.7244094488188977,1.0
TBCAP1,0.19198982617703875,0.7401574803149606,1.0
LANCL3,0.5928283905130003,0.47244094488188976,1.0
CYBB,2.170211208532171,0.16535433070866143,0.9923966216285223
DYNLT3,-0.6394094236561596,0.047244094488188976,0.9923966216285223
RPGR,0.5008805766241533,0.3228346456692913,0.9923966216285223
MID1IP1,-1.225806935374016,0.10236220472440945,0.9923966216285223
GAPDHP1,-0.04997309707989839,0.9133858267716536,1.0
BCOR,-0.3847924320194336,0.2992125984251969,0.9923966216285223
ATP6AP2,-0.1304325762498566,0.6614173228346457,1.0
CXorf38,0.23155963734044427,0.6299212598425197,1.0
MED14,-0.24548108997967244,0.1732283464566929,0.9923966216285223
RPS2P55,0.36773887356032553,0.5984251968503937,1.0
USP9X,-0.019940935012811245,0.8740157480314961,1.0
DDX3X,-0.3730265200607441,0.36220472440944884,0.9923966216285223
CASK,0.3091363494932837,0.4409448818897638,1.0
GPR34,1.2177632392908726,0.13385826771653545,0.9923966216285223
GPR82,1.648877227832784,0.10236220472440945,0.9923966216285223
ATP5G2P4,0.5903863956588291,0.47244094488188976,1.0
AL034370.1,-0.11061427090397169,0.8503937007874016,1.0
FUNDC1,-0.5617187354455626,0.5196850393700787,1.0
KDM6A,-0.29159212147920144,0.4094488188976378,1.0
MIR222HG,0.003750484475254945,1.0,1.0
GAPDHP65,-0.3803988478782028,0.6456692913385826,1.0
KRBOX4,0.7042672547787499,0.12598425196850394,0.9923966216285223
ZNF674,0.1526365565294583,0.9291338582677166,1.0
ZNF674-AS1,0.5917584916297702,0.33858267716535434,0.9923966216285223
CHST7,0.23108094411654,0.6535433070866141,1.0
SLC9A7,0.7851390998550052,0.3228346456692913,0.9923966216285223
RP2,-0.6271333378044122,0.1732283464566929,0.9923966216285223
JADE3,0.7399382334386613,0.3858267716535433,1.0
NDUFB11,0.4363944637663115,0.29133858267716534,0.9923966216285223
RBM10,-0.15171824133582845,0.6220472440944882,1.0
UBA1,0.4880499106961631,0.3228346456692913,0.9923966216285223
CDK16,0.37392361606585833,0.6456692913385826,1.0
USP11,0.34039321773853803,0.3858267716535433,1.0
ZNF41,-0.2263955986047046,0.5905511811023622,1.0
NUS1P1,0.5136337628751204,0.48031496062992124,1.0
ARAF,0.23794065809108744,0.2125984251968504,0.9923966216285223
TIMP1,0.49616552323814345,0.7480314960629921,1.0
ELK1,0.09907921910120265,0.8818897637795275,1.0
UXT,-0.021285902258335376,0.9606299212598425,1.0
WASF4P,-0.778832241729885,0.1732283464566929,0.9923966216285223
ZNF81,0.5533510370507033,0.44881889763779526,1.0
ZNF182,0.003472337433429118,1.0,1.0
SLC38A5,0.5135766032678291,0.6141732283464567,1.0
FTSJ1,0.29012534025592807,0.29133858267716534,0.9923966216285223
PORCN,0.6466679159575328,0.12598425196850394,0.9923966216285223
EBP,-0.3243274273005179,0.30708661417322836,0.9923966216285223
TBC1D25,-0.14713407909855292,0.6456692913385826,1.0
RBM3,-0.37082623511397195,0.31496062992125984,0.9923966216285223
AC115618.3,-0.3589602849574385,0.6456692913385826,1.0
WDR13,-0.6480751815290402,0.5354330708661418,1.0
WAS,-0.19238463299504538,0.6929133858267716,1.0
SUV39H1,-0.1819853933288007,0.7401574803149606,1.0
AC231533.2,-0.7623748293393202,0.4645669291338583,1.0
HDAC6,-0.31344408227576537,0.16535433070866143,0.9923966216285223
TIMM17B,-0.15207857859615315,0.8661417322834646,1.0
PQBP1,-0.3952713927927638,0.8661417322834646,1.0
SLC35A2,1.1444843486646876,0.015748031496062992,0.9923966216285223
PIM2,1.0529803436012077,0.11023622047244094,0.9923966216285223
OTUD5,-0.04031699442778702,0.9133858267716536,1.0
GRIPAP1,-0.03371730201346956,0.9212598425196851,1.0
TFE3,-0.3193848569444544,0.8188976377952756,1.0
CCDC120,-0.9246182665613574,0.2440944881889764,0.9923966216285223
PRAF2,0.18659019612420602,0.6535433070866141,1.0
WDR45,0.0953534140016643,0.7480314960629921,1.0
GPKOW,0.05134615988211211,0.8740157480314961,1.0
PLP2,0.48155935094034774,0.14960629921259844,0.9923966216285223
PRICKLE3,-0.8870725044372436,0.3700787401574803,0.9923966216285223
FOXP3,0.9963217776182569,0.3464566929133858,0.9923966216285223
PPP1R3F,-0.5596010270374312,0.25984251968503935,0.9923966216285223
VDAC1P2,0.18697594461674427,0.7952755905511811,1.0
USP27X,0.0058209680904832695,1.0,1.0
CLCN5,-0.8092596228971201,0.29133858267716534,0.9923966216285223
GSPT2,0.18532285206394183,0.8267716535433071,1.0
MAGED1,1.0333696237366858,0.15748031496062992,0.9923966216285223
TSPYL2,-0.8577642242429508,0.31496062992125984,0.9923966216285223
KANTR,-0.85864869200027,0.2047244094488189,0.9923966216285223
KDM5C,0.29095623564697437,0.3937007874015748,1.0
SMC1A,0.1329836593198186,0.5354330708661418,1.0
HSD17B10,0.10457705852531785,0.7874015748031497,1.0
HUWE1,0.08236189461394527,0.7559055118110236,1.0
AC233279.1,-0.3177504184645734,0.5826771653543307,1.0
PHF8,-0.1045904971225351,0.905511811023622,1.0
FAM120C,0.23940975494408745,0.7244094488188977,1.0
TSR2,-0.17652193460025956,0.4566929133858268,1.0
GNL3L,0.031587104675873334,0.952755905511811,1.0
MAGED2,0.09036330505902779,0.8110236220472441,1.0
APEX2,-0.14299965269984138,0.7322834645669292,1.0
FAM104B,-0.7650723352490223,0.4409448818897638,1.0
MAGEH1,0.677483396572585,0.14173228346456693,0.9923966216285223
USP51,0.4105391522973796,0.6535433070866141,1.0
RRAGB,-0.5616429083081971,0.5354330708661418,1.0
AL445472.1,-0.18870310857965356,0.8818897637795275,1.0
UBQLN2,-0.28721087061800965,0.25984251968503935,0.9923966216285223
NBDY,0.43303057285523483,0.14173228346456693,0.9923966216285223
UQCRBP1,0.27237577786492384,0.7637795275590551,1.0
SPIN3,-0.1302963755844604,0.8503937007874016,1.0
SPIN2B,0.6510685456568859,0.3937007874015748,1.0
FAAH2,1.172014702213735,0.12598425196850394,0.9923966216285223
ZXDB,-0.9912362273668873,0.05511811023622047,0.9923966216285223
ZXDA,0.5282289004736387,0.6929133858267716,1.0
BX322784.1,0.7145539974788018,0.48031496062992124,1.0
LINC01278,0.13003216099250103,0.8976377952755905,1.0
SPIN4,0.8564127740969605,0.3858267716535433,1.0
ARHGEF9,0.6557308352846434,0.4645669291338583,1.0
BTF3P8,-0.011260675358266914,0.9763779527559056,1.0
HNRNPDP1,-0.993434275967501,0.3228346456692913,0.9923966216285223
AMER1,-0.4366615335048585,0.6456692913385826,1.0
LAS1L,-0.3331773800348268,0.2283464566929134,0.9923966216285223
MSN,-0.3019417035564267,0.2992125984251969,0.9923966216285223
AL158201.1,-1.3951894004428218,0.1968503937007874,0.9923966216285223
YIPF6,0.5635225855263295,0.25984251968503935,0.9923966216285223
RPL31P63,-0.4262907650870731,0.4881889763779528,1.0
SERBP1P1,-0.3813187983941493,0.4330708661417323,1.0
PJA1,-0.8937628984165151,0.05511811023622047,0.9923966216285223
CNOT7P1,-0.9945832436696478,0.18110236220472442,0.9923966216285223
IGBP1,-0.014881784607737814,0.952755905511811,1.0
PDZD11,0.3960100864690119,0.3700787401574803,0.9923966216285223
KIF4A,1.3937148801848664,0.3858267716535433,1.0
DLG3,-0.4805605807630009,0.4251968503937008,1.0
RPS23P8,-0.4688915426053981,0.33858267716535434,0.9923966216285223
SNX12,-0.8803020574557312,0.6062992125984252,1.0
FOXO4,-0.19631697962046735,0.9133858267716536,1.0
CXorf65,-0.7084090222807249,0.23622047244094488,0.9923966216285223
IL2RG,-0.04063809684152986,0.9448818897637795,1.0
MED12,-0.5674572159288243,0.09448818897637795,0.9923966216285223
AL590764.1,-0.490066336124936,0.6141732283464567,1.0
ZMYM3,-0.21869246541812748,0.7322834645669292,1.0
NONO,0.04892354207595062,0.7559055118110236,1.0
AL590762.3,1.099376337853203,0.05511811023622047,0.9923966216285223
TAF1,-0.20691148040359852,0.44881889763779526,1.0
AL590762.1,0.4521442844556878,0.5669291338582677,1.0
OGT,0.0024630659784001807,1.0,1.0
GCNA,-0.1505955807485444,0.7637795275590551,1.0
CXCR3,-0.1357785739447941,0.8661417322834646,1.0
NHSL2,0.21536537853355053,0.7401574803149606,1.0
RTL5,0.12585744574409508,0.905511811023622,1.0
PIN4,0.7951283210560911,0.2992125984251969,0.9923966216285223
ERCC6L,-0.22377374064849453,0.8267716535433071,1.0
RPS4X,-0.12491146613901094,0.84251968503937,1.0
HDAC8,-0.19886599573889496,0.6141732283464567,1.0
NAP1L2,-0.5735212303742387,0.6377952755905512,1.0
TOMM20P4,-0.2388893009858415,0.8346456692913385,1.0
CHIC1,0.09527736151967048,0.8661417322834646,1.0
XIST,0.30750464932533816,1.0,1.0
FTX,0.5321510950856001,0.3228346456692913,0.9923966216285223
USMG5P1,-0.46663760363358575,0.8031496062992126,1.0
AC004386.1,-0.6791837793592204,0.08661417322834646,0.9923966216285223
PABPC1P3,-0.511634012359238,0.08661417322834646,0.9923966216285223
RLIM,-1.0945514121271351,0.031496062992125984,0.9923966216285223
ABCB7,-0.8516093470984698,0.29133858267716534,0.9923966216285223
UPRT,-0.2025616788228648,0.6141732283464567,1.0
AL137013.1,0.284195992931767,0.6929133858267716,1.0
TTC3P1,-0.12025310041963788,0.7244094488188977,1.0
PBDC1,-0.8505098338528363,0.31496062992125984,0.9923966216285223
LDHBP2,-0.7783320710853827,0.07086614173228346,0.9923966216285223
MAGEE1,0.006015024741444108,0.984251968503937,1.0
ATRX,-0.08034351084348756,0.7086614173228346,1.0
MAGT1,0.626426780047149,0.14173228346456693,0.9923966216285223
COX7B,0.17503134254939035,0.33070866141732286,0.9923966216285223
ATP7A,0.40726647683976713,0.41732283464566927,1.0
AL356235.1,0.7300389786101528,0.29133858267716534,0.9923966216285223
PGK1,0.08233126859770223,0.7716535433070866,1.0
TAF9B,0.23296859217061971,0.7165354330708661,1.0
CYSLTR1,2.3019616592686916,0.06299212598425197,0.9923966216285223
P2RY10,0.1019157126321737,0.8031496062992126,1.0
GPR174,0.5773530950445944,0.36220472440944884,0.9923966216285223
ITM2A,0.23464535625691596,0.5905511811023622,1.0
BRWD3,-0.6336093633437319,0.36220472440944884,0.9923966216285223
VDAC1P1,0.0066898740685295,1.0,1.0
HMGN5,-1.4687961743527602,0.10236220472440945,0.9923966216285223
SH3BGRL,-0.026354326351216706,0.8661417322834646,1.0
TERF1P4,-0.38638875767066994,0.6299212598425197,1.0
APOOL,0.27607003561314336,0.8110236220472441,1.0
CHM,-0.203936897971154,0.5275590551181102,1.0
Z96811.1,-0.8725357081776524,0.5275590551181102,1.0
AL024493.1,0.06165238891040348,0.937007874015748,1.0
EIF4A1P10,0.05860526841791991,0.9212598425196851,1.0
AL121871.1,-0.7878827341012289,0.3228346456692913,0.9923966216285223
AL359263.1,0.03384402773039907,1.0,1.0
ST13P18,-0.294489138670174,0.5669291338582677,1.0
NAP1L3,-0.3270634796317442,0.6850393700787402,1.0
DIAPH2,0.006068542629083851,0.984251968503937,1.0
RPA4,-1.2086439444880237,0.14960629921259844,0.9923966216285223
CSTF2,0.8475003367383764,0.28346456692913385,0.9923966216285223
Z73417.1,1.122508047531185,0.28346456692913385,0.9923966216285223
TRMT2B,0.41324980402335143,0.28346456692913385,0.9923966216285223
CENPI,0.5862187147185374,0.49606299212598426,1.0
TIMM8A,-0.2245724298658187,0.8110236220472441,1.0
BTK,3.005317808401842,0.03937007874015748,0.9923966216285223
RPL36A,0.34949591200013375,0.4645669291338583,1.0
GLA,0.6142674708977776,0.12598425196850394,0.9923966216285223
HNRNPH2,0.1801616180097927,0.48031496062992124,1.0
ARMCX4,1.1790133879156879,0.11023622047244094,0.9923966216285223
AC234775.2,-1.9655538506350332,0.05511811023622047,0.9923966216285223
ARMCX6,-0.43728019418702735,0.5433070866141733,1.0
ARMCX3,-0.07132259201610047,0.84251968503937,1.0
AC234775.3,-0.29838081310639897,0.7322834645669292,1.0
ZMAT1,-0.9460271846292829,0.06299212598425197,0.9923966216285223
BEX5,-0.029939300882292574,0.952755905511811,1.0
ARMCX5,0.0982717032103726,0.8976377952755905,1.0
ARMCX5-GPRASP2,-0.31740494479034753,0.7874015748031497,1.0
GPRASP1,-1.389822000853712,0.1732283464566929,0.9923966216285223
BEX4,-1.253091042745726,0.07086614173228346,0.9923966216285223
TCEAL8,-0.42431312842973234,0.4409448818897638,1.0
BEX2,-0.6934362956622131,0.33070866141732286,0.9923966216285223
TCEAL9,0.09041390402026472,0.9133858267716536,1.0
BEX3,-0.6632518901074929,0.29133858267716534,0.9923966216285223
TCEAL4,0.0017482725172310865,0.9921259842519685,1.0
TCEAL3,0.2655119628750011,0.7322834645669292,1.0
TCEAL1,-0.7151039733119036,0.4330708661417323,1.0
MORF4L2,0.002754976855431579,0.9921259842519685,1.0
SLC25A53,0.562988343470904,0.13385826771653545,0.9923966216285223
ZCCHC18,-0.31882758494938,0.6614173228346457,1.0
FAM199X,-0.06791506834414918,0.84251968503937,1.0
KCTD9P2,-0.3126663028595058,0.6692913385826772,1.0
CXorf57,-1.063555981890326,0.1732283464566929,0.9923966216285223
MORC4,-0.6508909425443266,0.33858267716535434,0.9923966216285223
RBM41,-0.2627463613637797,0.4251968503937008,1.0
AL390039.1,-0.5230392769222574,0.4251968503937008,1.0
DNAJA1P3,-0.8282039963572,0.33858267716535434,0.9923966216285223
FRMPD3,-0.31140130115563713,0.8267716535433071,1.0
PRPS1,-0.28587756188509683,0.33858267716535434,0.9923966216285223
TSC22D3,-0.1157561051068896,0.8188976377952756,1.0
VSIG1,-0.6328138605932772,0.5669291338582677,1.0
PSMD10,0.5133140149777162,0.31496062992125984,0.9923966216285223
ATG4A,0.4277574292018427,0.3464566929133858,0.9923966216285223
NXT2,-0.6383039412339273,0.7401574803149606,1.0
ACSL4,0.3001962777730398,0.2755905511811024,0.9923966216285223
TMEM164,-0.19041529492695286,0.5905511811023622,1.0
AMMECR1,-0.08390160880861242,0.8346456692913385,1.0
GNG5P2,-0.09533117119761059,0.7716535433070866,1.0
PAK3,0.40087211628887176,0.6220472440944882,1.0
EIF4BP7,-0.07338509739081811,0.9448818897637795,1.0
ALG13,-0.17871199170448193,0.4251968503937008,1.0
AMOT,-0.8272770295083878,0.3543307086614173,0.9923966216285223
PLS3,1.6845070844934722,0.08661417322834646,0.9923966216285223
AC005000.1,-0.2078844190139586,0.6456692913385826,1.0
WDR44,-0.4835209004637244,0.2204724409448819,0.9923966216285223
DOCK11,-0.44289857792700893,0.12598425196850394,0.9923966216285223
IL13RA1,0.6614439175409101,0.4015748031496063,1.0
HNRNPA1P28,-0.09129253861935216,0.9291338582677166,1.0
PGRMC1,0.5700082391594252,0.15748031496062992,0.9923966216285223
SLC25A43,-0.31381045512987393,0.5748031496062992,1.0
SLC25A5,0.12803891828110814,0.7401574803149606,1.0
CXorf56,1.3087917806325793,0.03937007874015748,0.9923966216285223
UBE2A,-0.18929385557698541,0.5118110236220472,1.0
NKRF,-0.6673120748140073,0.11023622047244094,0.9923966216285223
SEPT6,-0.16004826686546814,0.6614173228346457,1.0
RPL39,-0.129328310675632,0.7559055118110236,1.0
UPF3B,-0.2960957620066518,0.4645669291338583,1.0
RNF113A,-0.2848446249954355,0.4409448818897638,1.0
NDUFA1,0.2758432394422208,0.4094488188976378,1.0
NKAP,-0.5184941280703734,0.15748031496062992,0.9923966216285223
NKAPP1,1.2712779261163027,0.09448818897637795,0.9923966216285223
ZBTB33,0.2939994136702673,0.6692913385826772,1.0
LAMP2,0.5132823718401305,0.023622047244094488,0.9923966216285223
CUL4B,-0.4104208394197757,0.1732283464566929,0.9923966216285223
MCTS1,0.09510473523074658,0.7952755905511811,1.0
C1GALT1C1,0.6490384798418005,0.23622047244094488,0.9923966216285223
GLUD2,-1.4020425723118024,0.08661417322834646,0.9923966216285223
HSPA8P1,-1.2708537933189405,0.12598425196850394,0.9923966216285223
AL590139.1,-0.5997729723697045,0.5590551181102362,1.0
THOC2,-0.36313254927209293,0.2440944881889764,0.9923966216285223
XIAP,0.2698880500022911,0.44881889763779526,1.0
STAG2,-0.5155375336251167,0.047244094488188976,0.9923966216285223
SH2D1A,-0.5467819207716751,0.11811023622047244,0.9923966216285223
TENM1,-2.1173117863705713,0.03937007874015748,0.9923966216285223
SASH3,0.10792848326797166,0.7716535433070866,1.0
AL023653.1,0.7843237937392702,0.41732283464566927,1.0
ZDHHC9,-0.6551440836304607,0.4094488188976378,1.0
UTP14A,0.18970602669171477,0.7244094488188977,1.0
BCORL1,-0.9662779798440928,0.1732283464566929,0.9923966216285223
ELF4,0.09298555753245985,0.8031496062992126,1.0
AIFM1,-0.09035657438528144,0.7244094488188977,1.0
RAB33A,-0.4175162619343342,0.7874015748031497,1.0
ZNF280C,-0.002339180970864607,1.0,1.0
SLC25A14,0.38067346546491887,0.5669291338582677,1.0
RBMX2,0.037467837185181097,0.9212598425196851,1.0
ENOX2,-0.1969280993682876,0.8188976377952756,1.0
STK26,-0.22240014840656652,0.3464566929133858,0.9923966216285223
RAP2C,-0.31275197760384366,0.2047244094488189,0.9923966216285223
MBNL3,-0.5970036110142329,0.047244094488188976,0.9923966216285223
AL009174.1,-0.15791496842805142,0.5748031496062992,1.0
PHF6,-0.6708392117275199,0.06299212598425197,0.9923966216285223
HPRT1,-0.680718902837377,0.2677165354330709,0.9923966216285223
FAM122B,-0.32122735970712846,0.4409448818897638,1.0
FAM122C,0.03412349696586636,0.9448818897637795,1.0
MOSPD1,0.12509220160164825,0.7874015748031497,1.0
SMIM10,0.5226276130754404,0.36220472440944884,0.9923966216285223
RTL8C,-0.00027600795248705623,1.0,1.0
RTL8A,1.0987739304957032,0.23622047244094488,0.9923966216285223
ZNF75D,0.34896254961496886,0.937007874015748,1.0
ZNF449,-1.4052484878252938,0.07086614173228346,0.9923966216285223
INTS6L,-0.7619766569518527,0.03937007874015748,0.9923966216285223
MMGT1,0.0386082903734728,0.8661417322834646,1.0
SLC9A6,-0.5712364953025668,0.23622047244094488,0.9923966216285223
FHL1,-1.2426547908673768,0.05511811023622047,0.9923966216285223
MAP7D3,-0.04498661636075063,0.9291338582677166,1.0
HTATSF1,0.1998771241234163,0.5511811023622047,1.0
LINC00892,0.6515039928399826,0.49606299212598426,1.0
CD40LG,-0.2303626502703704,0.7086614173228346,1.0
ARHGEF6,-0.29547634494022557,0.13385826771653545,0.9923966216285223
RBMX,-0.32868411033004463,0.031496062992125984,0.9923966216285223
SRRM1P3,-0.38922146992339446,0.2047244094488189,0.9923966216285223
ATP11C,-0.2320486815971874,0.5275590551181102,1.0
HNRNPA3P3,-0.23642426775330638,0.7401574803149606,1.0
LDOC1,-0.08879717498183193,0.952755905511811,1.0
FMR1,-0.2670929880159649,0.4409448818897638,1.0
FTH1P8,-0.32206548070659746,0.5984251968503937,1.0
IDS,-0.23925497901610093,0.3779527559055118,0.9979787009382448
CXorf40A,-0.8101425337734867,0.18110236220472442,0.9923966216285223
TMEM185A,-1.0656161900231638,0.2283464566929134,0.9923966216285223
CXorf40B,0.4329068583895781,0.2992125984251969,0.9923966216285223
BX322650.1,0.20215824097523027,0.5669291338582677,1.0
XRCC6P2,-0.8508250264737356,0.3228346456692913,0.9923966216285223
MAMLD1,-0.21120645109736036,0.7795275590551181,1.0
MTM1,-0.3656363262979445,0.29133858267716534,0.9923966216285223
MTMR1,-0.07425984918591144,0.8503937007874016,1.0
CD99L2,-0.1575667396953997,0.7559055118110236,1.0
HMGB3,0.8322046978405275,0.5905511811023622,1.0
RPL19P21,0.18075328427241844,0.7244094488188977,1.0
AF013593.1,0.016987069184384973,1.0,1.0
VMA21,0.28067658798760586,0.3543307086614173,0.9923966216285223
CETN2,-0.25712550584396165,0.6771653543307087,1.0
NSDHL,0.18662407300903805,0.7007874015748031,1.0
ZNF185,-0.6246175110539176,0.3543307086614173,0.9923966216285223
ZNF275,-0.30785360071426027,0.5275590551181102,1.0
CCNQ,0.0001158357309525293,1.0,1.0
BCAP31,0.21049672909040318,0.5511811023622047,1.0
ABCD1,0.18533442777301334,0.8267716535433071,1.0
IDH3G,-0.05028508707615664,0.952755905511811,1.0
SSR4,0.9771495668951822,0.25984251968503935,0.9923966216285223
PDZD4,0.3550471646612179,0.7480314960629921,1.0
CYCSP45,-0.13022527599579536,0.7401574803149606,1.0
ARHGAP4,-0.6041864830180774,0.6299212598425197,1.0
NAA10,0.3315988667701326,0.7952755905511811,1.0
HCFC1,0.2158882221896894,0.5433070866141733,1.0
TMEM187,0.9630197706403667,0.33858267716535434,0.9923966216285223
IRAK1,0.5091293055103874,0.33070866141732286,0.9923966216285223
MECP2,-0.4212921691877538,0.2677165354330709,0.9923966216285223
TKTL1,0.38705868311199076,0.7007874015748031,1.0
FLNA,-0.1172377965605289,0.8661417322834646,1.0
EMD,-0.1482323904048677,0.7244094488188977,1.0
RPL10,-0.3377098499234865,0.15748031496062992,0.9923966216285223
DNASE1L1,-1.8346979741410236,0.09448818897637795,0.9923966216285223
TAZ,-0.34137157636348014,0.6456692913385826,1.0
ATP6AP1,0.506662600604737,0.2677165354330709,0.9923966216285223
GDI1,0.1351179295250029,0.7874015748031497,1.0
FAM50A,-0.08272160394551253,0.9606299212598425,1.0
PLXNA3,-0.35140488179547447,0.4881889763779528,1.0
LAGE3,-0.5518892119092014,0.6377952755905512,1.0
UBL4A,0.5582211669886541,0.3543307086614173,0.9923966216285223
SLC10A3,-0.28367788776917147,0.6771653543307087,1.0
FAM3A,0.687642896842084,0.5826771653543307,1.0
G6PD,-0.08879580515746932,0.968503937007874,1.0
GAB3,0.14033528190532074,0.7165354330708661,1.0
DKC1,-0.3350931018689689,0.2755905511811024,0.9923966216285223
MPP1,-0.515749758065474,0.6692913385826772,1.0
F8,-0.7093138640877217,0.4566929133858268,1.0
F8A1,0.7010942019705513,0.015748031496062992,0.9923966216285223
FUNDC2,0.16483321106478055,0.7165354330708661,1.0
BRCC3,0.20015090888312947,0.5669291338582677,1.0
VBP1,0.1450450707942288,0.5433070866141733,1.0
RAB39B,-0.02275561441078011,0.9763779527559056,1.0
TMLHE,-0.6169006770844194,0.4645669291338583,1.0
VAMP7,-0.5159288460346616,0.031496062992125984,0.9923966216285223
WASH6P,0.5793531047555935,0.48031496062992124,1.0
RPL23AP53,1.0861662250784236,0.2204724409448819,0.9923966216285223
AC004908.2,0.23223361146684907,0.7165354330708661,1.0
FBXO25,-0.40471698623495467,0.5275590551181102,1.0
ERICH1,-0.11038983095130472,0.6299212598425197,1.0
CLN8,-0.8381175261707736,0.03937007874015748,0.9923966216285223
AC100810.1,-0.015555328796037049,0.9921259842519685,1.0
MYOM2,-2.4282639136837942,0.031496062992125984,0.9923966216285223
PAICSP4,0.16674381480665112,0.84251968503937,1.0
AC016065.1,1.1445090402292846,0.15748031496062992,0.9923966216285223
MCPH1,-0.5649949194193855,0.2125984251968504,0.9923966216285223
AGPAT5,-0.25594469233467887,0.36220472440944884,0.9923966216285223
PRAG1,0.00687126324507803,0.9921259842519685,1.0
MFHAS1,0.08970223948287259,0.8346456692913385,1.0
ERI1,0.08266422930267492,0.8110236220472441,1.0
PPP1R3B,0.192843208404895,0.7480314960629921,1.0
TNKS,-0.16847357148259157,0.7322834645669292,1.0
MSRA,-0.5174530762339073,0.48031496062992124,1.0
PINX1,-0.7548042764843119,0.5118110236220472,1.0
XKR6,0.7315233554186045,0.2755905511811024,0.9923966216285223
AF131215.6,-0.9070556190685282,0.36220472440944884,0.9923966216285223
MTMR9,0.37102607391426634,0.30708661417322836,0.9923966216285223
FAM167A,0.9148690234334098,0.2755905511811024,0.9923966216285223
AC022239.4,-0.7220402517935808,0.4330708661417323,1.0
NEIL2,0.26219365292971464,0.5511811023622047,1.0
SUB1P1,0.3666505099472337,0.15748031496062992,0.9923966216285223
FDFT1,0.04693129217847325,0.8503937007874016,1.0
CTSB,0.42451465302721836,0.2677165354330709,0.9923966216285223
LONRF1,1.2567663120508357,0.16535433070866143,0.9923966216285223
ZDHHC2,-0.35613430732385787,0.3779527559055118,0.9979787009382448
CNOT7,-0.10740256470397647,0.7244094488188977,1.0
VPS37A,-0.11882483662530507,0.6220472440944882,1.0
MTUS1,0.025716298241950764,0.984251968503937,1.0
PCM1,-0.3499892471751185,0.1968503937007874,0.9923966216285223
ASAH1,0.4901518167027943,0.14173228346456693,0.9923966216285223
NAT1,-0.22164168855491972,0.7559055118110236,1.0
CSGALNACT1,1.6323154689238866,0.03937007874015748,0.9923966216285223
INTS10,-0.09902574962138289,0.7559055118110236,1.0
ATP6V1B2,-0.38398284334960486,0.5433070866141733,1.0
DOK2,0.14892731029952966,0.9133858267716536,1.0
XPO7,0.040374314810086354,0.8503937007874016,1.0
DMTN,-0.21815052160328285,0.7480314960629921,1.0
FAM160B2,0.13489052107770227,0.8582677165354331,1.0
REEP4,0.2805311960315713,0.4409448818897638,1.0
BMP1,1.1778709122292885,0.2992125984251969,0.9923966216285223
POLR3D,0.6341300087650268,0.2047244094488189,0.9923966216285223
SLC39A14,0.8398901998998456,0.05511811023622047,0.9923966216285223
PPP3CC,0.8684433045279754,0.5433070866141733,1.0
AC037459.2,0.20346200406331816,0.8110236220472441,1.0
SORBS3,-0.7377842017327492,0.5354330708661418,1.0
PDLIM2,0.12261323478052599,0.7322834645669292,1.0
C8orf58,-0.09783713058381682,0.8661417322834646,1.0
CCAR2,-0.15731707219207003,0.905511811023622,1.0
EGR3,-1.65070979119943,0.14173228346456693,0.9923966216285223
TNFRSF10B,-1.4085561831624052,0.047244094488188976,0.9923966216285223
TNFRSF10D,-0.5936084308656528,0.6062992125984252,1.0
TNFRSF10A,-0.6423684957277329,0.4330708661417323,1.0
AC100861.1,0.713290367449396,0.44881889763779526,1.0
CHMP7,0.021430664488979012,0.968503937007874,1.0
R3HCC1,0.9641116801649989,0.4251968503937008,1.0
ENTPD4,-0.12077031789762227,0.7322834645669292,1.0
SLC25A37,-0.8739530501799235,0.1732283464566929,0.9923966216285223
NKX3-1,-0.5381306374565953,0.6220472440944882,1.0
ADAM28,0.7010520765859489,0.6062992125984252,1.0
DOCK5,-0.7768903179159465,0.3937007874015748,1.0
GNRH1,-1.404899642319745,0.14173228346456693,0.9923966216285223
KCTD9,-0.4519214375171794,0.6456692913385826,1.0
CDCA2,0.16418475772672725,0.7874015748031497,1.0
PPP2R2A,-0.4659552110053147,0.07874015748031496,0.9923966216285223
BNIP3L,-0.4232225019609448,0.25984251968503935,0.9923966216285223
DPYSL2,-0.004001330388588187,0.9921259842519685,1.0
TRIM35,0.1185534205146217,0.8031496062992126,1.0
PTK2B,0.22105750245562916,0.4330708661417323,1.0
EPHX2,-1.3691382582289893,0.12598425196850394,0.9923966216285223
CLU,1.0295257887845324,0.4094488188976378,1.0
CCDC25,-0.03370545214552578,0.8740157480314961,1.0
ESCO2,0.2905136209537025,0.7637795275590551,1.0
PBK,0.3102243077931881,0.7401574803149606,1.0
NUGGC,0.8488939131922173,0.1968503937007874,0.9923966216285223
ELP3,0.560454421861512,0.06299212598425197,0.9923966216285223
PNOC,1.5767113836411106,0.2125984251968504,0.9923966216285223
ZNF395,-0.8646561669418631,0.13385826771653545,0.9923966216285223
FZD3,-0.7062696951299152,0.4409448818897638,1.0
EXTL3,0.3373614128787845,0.7401574803149606,1.0
INTS9,-0.1263514431494679,0.7952755905511811,1.0
HMBOX1,-0.6017386255154191,0.14960629921259844,0.9923966216285223
KIF13B,-0.24316662650039156,0.5984251968503937,1.0
DUSP4,1.3481928928495632,0.09448818897637795,0.9923966216285223
SARAF,-0.38750333849133156,0.13385826771653545,0.9923966216285223
AC044849.2,-0.7167989036546207,0.3779527559055118,0.9979787009382448
LEPROTL1,-0.07279116775803196,0.84251968503937,1.0
RPS15AP24,-0.11110100024198921,0.6850393700787402,1.0
AC026979.3,-0.5682312897110195,0.1732283464566929,0.9923966216285223
DCTN6,-0.10166090958998808,0.7007874015748031,1.0
RBPMS,1.6904295311825246,0.07874015748031496,0.9923966216285223
GTF2E2,0.2155781832772412,0.4566929133858268,1.0
GSR,-0.3411654539898965,0.33070866141732286,0.9923966216285223
UBXN8,0.38913988551400003,0.2992125984251969,0.9923966216285223
PPP2CB,0.06568618068087417,0.7480314960629921,1.0
AC090281.1,0.4506107773555694,0.6062992125984252,1.0
WRN,-0.654590650711111,0.2755905511811024,0.9923966216285223
FUT10,-0.7190293465503972,0.2755905511811024,0.9923966216285223
MAK16,-0.21413523755059316,0.6771653543307087,1.0
RNF122,-0.2213080023352596,0.7244094488188977,1.0
AC087343.1,-0.06100049745491809,0.937007874015748,1.0
LSM12P1,-0.17273414867670978,0.9606299212598425,1.0
ZNF703,0.5761770121111143,0.6929133858267716,1.0
ERLIN2,0.2971293009445315,0.4409448818897638,1.0
PLPBP,-0.5091440118120669,0.11023622047244094,0.9923966216285223
RAB11FIP1,0.18939879417353378,0.7086614173228346,1.0
EIF4EBP1,0.7682067122842859,0.5118110236220472,1.0
ASH2L,-0.4132461685876123,0.5275590551181102,1.0
LSM1,-1.006464533439039,0.2440944881889764,0.9923966216285223
BAG4,-0.9154632058198597,0.06299212598425197,0.9923966216285223
DDHD2,-0.2635057958900697,0.3543307086614173,0.9923966216285223
PLPP5,1.1178100985660961,0.15748031496062992,0.9923966216285223
NSD3,-0.09010839574518226,0.5905511811023622,1.0
LETM2,1.1193697718289966,0.14173228346456693,0.9923966216285223
FGFR1,-1.4156079539833955,0.25984251968503935,0.9923966216285223
TACC1,-0.03816328044732309,0.8110236220472441,1.0
PLEKHA2,-0.3366164569452357,0.28346456692913385,0.9923966216285223
TM2D2,-0.4319553797188984,0.4645669291338583,1.0
ADAM9,1.2890408901478108,0.16535433070866143,0.9923966216285223
GOLGA7,-0.15420454749896617,0.6377952755905512,1.0
GINS4,-0.03314123848632189,0.984251968503937,1.0
GPAT4,0.2247401646710916,0.5354330708661418,1.0
ANK1,0.40578168585208596,0.7086614173228346,1.0
KAT6A,-0.38837158380926873,0.2047244094488189,0.9923966216285223
AC103724.4,-0.9899165889954173,0.33858267716535434,0.9923966216285223
AP3M2,-0.415008423411348,0.1732283464566929,0.9923966216285223
IKBKB,0.06391448472141192,0.8661417322834646,1.0
POLB,-0.6762887148770762,0.10236220472440945,0.9923966216285223
RPL5P23,-1.9508494543149268,0.015748031496062992,0.9923966216285223
VDAC3,0.16568542707989664,0.3779527559055118,0.9979787009382448
SLC20A2,0.6485709460133249,0.4251968503937008,1.0
SMIM19,-0.21621462508340805,0.5826771653543307,1.0
THAP1,-0.21573718946665377,0.6062992125984252,1.0
RNF170,0.40450903608978095,0.4094488188976378,1.0
HOOK3,0.1411023806044609,0.5354330708661418,1.0
FNTA,-0.22091851567475373,0.5590551181102362,1.0
HGSNAT,-0.16554023175888766,0.7086614173228346,1.0
RPL10AP2,-0.6398293296205178,0.23622047244094488,0.9923966216285223
SPIDR,-0.674610565910994,0.1732283464566929,0.9923966216285223
CEBPD,-1.5391632794585957,0.08661417322834646,0.9923966216285223
PRKDC,-0.2995836314295586,0.14173228346456693,0.9923966216285223
MCM4,-0.05940026911068763,0.9606299212598425,1.0
UBE2V2,-0.5635216379041488,0.25196850393700787,0.9923966216285223
PCMTD1,-0.21291884059592991,0.4409448818897638,1.0
RB1CC1,-0.19005137530297755,0.44881889763779526,1.0
ATP6V1H,0.4130799163616441,0.29133858267716534,0.9923966216285223
TCEA1,0.2409802857752048,0.5590551181102362,1.0
LYPLA1,-0.1184581568425287,0.6692913385826772,1.0
MRPL15,0.14035829898481733,0.8031496062992126,1.0
SEC11B,-0.4617786694394026,0.5984251968503937,1.0
TMEM68,0.6441581837291248,0.2755905511811024,0.9923966216285223
TGS1,-0.19831893722130456,0.4251968503937008,1.0
LYN,0.2886751185426837,0.7007874015748031,1.0
AC046176.1,-1.4827783355456865,0.14960629921259844,0.9923966216285223
RPS20,-0.24788167756403645,0.15748031496062992,0.9923966216285223
PLAG1,-0.45057018968124707,0.6692913385826772,1.0
CHCHD7,0.07932721347266103,0.7716535433070866,1.0
RPL37P6,-0.7701603896821618,0.11811023622047244,0.9923966216285223
IMPAD1,0.01677237561146505,0.8976377952755905,1.0
UBXN2B,0.4326616926635882,0.25196850393700787,0.9923966216285223
SDCBP,0.07158354697417835,0.905511811023622,1.0
NSMAF,-0.40981062365236554,0.3464566929133858,0.9923966216285223
AC068522.1,-0.582184157423318,0.5039370078740157,1.0
TOX,-0.10717682012742547,0.7952755905511811,1.0
AC090152.1,-0.6282777374259405,0.1968503937007874,0.9923966216285223
RAB2A,0.16776127379435568,0.4645669291338583,1.0
CHD7,0.09810402525428863,0.7795275590551181,1.0
AC022182.3,-0.7049860364220359,0.5984251968503937,1.0
NPM1P6,-0.46856553982470306,0.36220472440944884,0.9923966216285223
ASPH,0.22482851308555096,0.5669291338582677,1.0
GGH,0.9342209657847231,0.36220472440944884,0.9923966216285223
YTHDF3,-1.0260228006082803,0.023622047244094488,0.9923966216285223
AC011978.2,0.06362656994326898,0.952755905511811,1.0
ARMC1,-0.08930550803843929,0.7795275590551181,1.0
MTFR1,1.4185637758312994,0.07874015748031496,0.9923966216285223
AC055822.1,-0.22907747773468112,0.7559055118110236,1.0
PDE7A,-0.9902625298016448,0.031496062992125984,0.9923966216285223
RRS1,-0.09974240336656148,0.8818897637795275,1.0
ADHFE1,-1.3489172348087062,0.05511811023622047,0.9923966216285223
MYBL1,-1.2939024046281435,0.031496062992125984,0.9923966216285223
VCPIP1,-0.5512403198899847,0.03937007874015748,0.9923966216285223
SGK3,-0.7030909339590177,0.2204724409448819,0.9923966216285223
PTTG3P,-0.08426288139806903,0.9291338582677166,1.0
SNHG6,-0.09342848192708342,0.7874015748031497,1.0
AC110998.1,-0.021318129019300747,0.968503937007874,1.0
COPS5,-0.05949084486941025,0.9212598425196851,1.0
CSPP1,-0.33682677998341504,0.36220472440944884,0.9923966216285223
ARFGEF1,-0.07071331636272138,0.7874015748031497,1.0
AF201337.1,1.3340836615705247,0.09448818897637795,0.9923966216285223
AC084251.1,-0.6647931841298504,0.06299212598425197,0.9923966216285223
NCOA2,0.056445215867948484,0.7637795275590551,1.0
TRAM1,0.375164274002886,0.15748031496062992,0.9923966216285223
LACTB2,0.8256908972367012,0.015748031496062992,0.9923966216285223
MSC-AS1,0.7312517526848596,0.47244094488188976,1.0
MSC,0.7276671970760766,0.6299212598425197,1.0
TERF1,-0.03876194405781774,0.8346456692913385,1.0
SBSPON,0.49362252952079677,0.7007874015748031,1.0
RPL7,1.188019782715953,0.10236220472440945,0.9923966216285223
RDH10,-0.0811018049998884,0.8818897637795275,1.0
STAU2,-0.184095184431035,0.6535433070866141,1.0
UBE2W,-0.122387676223493,0.7716535433070866,1.0
ELOC,-0.04818851469536245,0.968503937007874,1.0
TMEM70,0.5721469155900323,0.2204724409448819,0.9923966216285223
LY96,0.8637080755235456,0.14960629921259844,0.9923966216285223
GDAP1,-0.7326251678653706,0.11811023622047244,0.9923966216285223
AC115837.1,-0.2164468196751148,0.14960629921259844,0.9923966216285223
PEX2,-0.6325543219766425,0.25984251968503935,0.9923966216285223
PKIA,0.46117064608428615,0.6771653543307087,1.0
ZC2HC1A,0.8828767674884621,0.3858267716535433,1.0
THAP12P7,-1.6490620050380391,0.06299212598425197,0.9923966216285223
MRPS28,-0.9234186687333024,0.25196850393700787,0.9923966216285223
AC036214.2,-0.21530993703784507,0.7874015748031497,1.0
TPD52,0.5249397197800914,0.25196850393700787,0.9923966216285223
AC009812.1,-1.8431910872308757,0.03937007874015748,0.9923966216285223
ZBTB10,-0.5519789291412014,0.41732283464566927,1.0
PAG1,0.09197279971014094,0.7007874015748031,1.0
UBE2HP1,-0.3597569274415169,0.7086614173228346,1.0
FABP5,-0.24431270707009434,0.84251968503937,1.0
FTH1P11,-0.38624152569646863,0.4015748031496063,1.0
IMPA1,0.07146943195818345,0.8031496062992126,1.0
ZFAND1,-0.29693674300337847,0.5748031496062992,1.0
SNX16,-0.193184554619374,0.6850393700787402,1.0
LRRCC1,-0.05002888390671156,0.889763779527559,1.0
E2F5,2.18145177167888,0.11811023622047244,0.9923966216285223
C8orf59,-0.11520962773088073,0.7480314960629921,1.0
WWP1,-0.3813109271008308,0.2047244094488189,0.9923966216285223
RMDN1,-0.6602186748145558,0.2440944881889764,0.9923966216285223
CPNE3,0.0646537070333224,0.8582677165354331,1.0
AF117829.1,-0.10566733596673683,0.8740157480314961,1.0
RIPK2,-0.3408372886661142,0.5511811023622047,1.0
OSGIN2,0.04913199988697947,0.8976377952755905,1.0
NBN,0.29714158594722306,0.06299212598425197,0.9923966216285223
DECR1,0.2913447887332934,0.30708661417322836,0.9923966216285223
TMEM64,-0.5488028536090619,0.14960629921259844,0.9923966216285223
NECAB1,1.4628062271114168,0.07086614173228346,0.9923966216285223
PIP4P2,-0.8058915295958586,0.28346456692913385,0.9923966216285223
OTUD6B-AS1,-0.4678612109384295,0.3700787401574803,0.9923966216285223
OTUD6B,-0.3651815822198161,0.4566929133858268,1.0
LRRC69,-0.07768880717151982,0.952755905511811,1.0
FAM92A,0.34701112977821036,0.6299212598425197,1.0
RBM12B,0.19229293547717585,0.5826771653543307,1.0
TMEM67,0.8135802794629767,0.3228346456692913,0.9923966216285223
PDP1,-0.10436028695469624,0.6771653543307087,1.0
RPL34P18,-0.4505816047574225,0.3228346456692913,0.9923966216285223
CDH17,0.7246011741681789,0.44881889763779526,1.0
GEM,1.4162399118487188,0.1968503937007874,0.9923966216285223
RAD54B,-0.719605407748309,0.4094488188976378,1.0
AC023632.6,-0.9960547478282613,0.25196850393700787,0.9923966216285223
VIRMA,0.05389590287431556,0.8661417322834646,1.0
DPY19L4,-0.033860028642538786,0.952755905511811,1.0
INTS8,0.4847251761424749,0.03937007874015748,0.9923966216285223
CCNE2,-0.41644702044878024,0.8110236220472441,1.0
NDUFAF6,0.9541832045111724,0.48031496062992124,1.0
TP53INP1,1.1262346629004938,0.13385826771653545,0.9923966216285223
PLEKHF2,-0.3899596998124846,0.3464566929133858,0.9923966216285223
AC024995.1,0.07820594321755081,0.952755905511811,1.0
UQCRB,-0.12333449720075329,0.7637795275590551,1.0
MTERF3,0.6915730733103049,0.10236220472440945,0.9923966216285223
PTDSS1,-0.036297173638160984,0.8818897637795275,1.0
CPQ,-0.5338799865500987,0.41732283464566927,1.0
MTDH,0.5351238569965027,0.08661417322834646,0.9923966216285223
LAPTM4B,-0.17802472141450254,0.8661417322834646,1.0
RPS23P1,-1.3445635498886381,0.13385826771653545,0.9923966216285223
RPL30,-0.7334555815628736,0.07086614173228346,0.9923966216285223
AP003352.1,-0.713247008927961,0.48031496062992124,1.0
RIDA,0.4355507342853646,0.6850393700787402,1.0
POP1,0.24800836550969496,0.6141732283464567,1.0
NIPAL2,0.6859387709388458,0.5748031496062992,1.0
STK3,0.6298888563782463,0.11023622047244094,0.9923966216285223
VPS13B,-0.2379042312382067,0.49606299212598426,1.0
COX6C,0.1296870639863137,0.6220472440944882,1.0
FBXO43,-0.85579872507763,0.47244094488188976,1.0
POLR2K,0.08611745372274004,0.8582677165354331,1.0
SPAG1,0.19200847196561854,0.6456692913385826,1.0
RNF19A,0.15068051211332278,0.7637795275590551,1.0
ANKRD46,0.11798011695586208,0.84251968503937,1.0
PABPC1,-0.3756695496130398,0.2677165354330709,0.9923966216285223
YWHAZ,-0.125103541853683,0.4251968503937008,1.0
ZNF706,0.4619061266552462,0.2677165354330709,0.9923966216285223
NACAP1,0.6681396271689806,0.30708661417322836,0.9923966216285223
NCALD,-0.5029547952150182,0.1732283464566929,0.9923966216285223
RRM2B,-0.41072130361174697,0.36220472440944884,0.9923966216285223
UBR5-AS1,-0.3716572361537054,0.7401574803149606,1.0
UBR5,-0.31384942159736884,0.2047244094488189,0.9923966216285223
KLF10,-0.7158477227244893,0.11023622047244094,0.9923966216285223
GASAL1,-0.08109755034808908,0.905511811023622,1.0
AZIN1,-0.012778077349905104,0.952755905511811,1.0
ATP6V1C1,-0.32837114977442905,0.4881889763779528,1.0
FZD6,0.6270700342118796,0.5275590551181102,1.0
CTHRC1,0.7062073448314716,0.4645669291338583,1.0
SLC25A32,0.645435788219519,0.23622047244094488,0.9923966216285223
DCAF13,-0.36396932738773646,0.4566929133858268,1.0
AC090686.1,-0.19604802163581558,0.7559055118110236,1.0
LRP12,-0.6678661148240752,0.4645669291338583,1.0
OXR1,0.24000728902403168,0.3858267716535433,1.0
TAGLN2P1,-0.057683473979271094,1.0,1.0
EIF3E,-0.34690340454681134,0.2047244094488189,0.9923966216285223
AC087620.1,-0.5353966027485639,0.31496062992125984,0.9923966216285223
EMC2,0.07419214269274033,0.905511811023622,1.0
NUDCD1,-0.5231411666380801,0.5039370078740157,1.0
ENY2,0.21169424463540487,0.5669291338582677,1.0
PKHD1L1,2.898552234947114,0.05511811023622047,0.9923966216285223
EBAG9,0.09425972311524333,0.8267716535433071,1.0
TRPS1,0.059736841195207724,0.9291338582677166,1.0
EIF3H,-0.1765911202523025,0.07086614173228346,0.9923966216285223
UTP23,0.004175218780764212,0.984251968503937,1.0
RAD21,-0.02760318674826223,0.8661417322834646,1.0
MED30,-0.4370424962438424,0.1889763779527559,0.9923966216285223
EXT1,0.005410198359522944,1.0,1.0
SAMD12,0.40428168244792406,0.84251968503937,1.0
TAF2,0.15969961538880195,0.2992125984251969,0.9923966216285223
DSCC1,-0.5876892680886328,0.29133858267716534,0.9923966216285223
COL14A1,-0.8733914627184377,0.4881889763779528,1.0
MRPL13,-0.3919773304924199,0.3228346456692913,0.9923966216285223
MTBP,0.1113267828449005,0.7559055118110236,1.0
SNTB1,-0.2166506094694256,0.5511811023622047,1.0
ZHX2,-0.20673071461811965,0.6062992125984252,1.0
DERL1,0.4821967628756765,0.18110236220472442,0.9923966216285223
TBC1D31,0.09008186969580745,0.8267716535433071,1.0
C8orf76,0.9748725982235968,0.14173228346456693,0.9923966216285223
ZHX1,-0.22620019420368997,0.6535433070866141,1.0
ATAD2,0.053494071824772504,0.889763779527559,1.0
WDYHV1,1.3934300957158552,0.047244094488188976,0.9923966216285223
FBXO32,-0.7930871204684244,0.1889763779527559,0.9923966216285223
FAM91A1,0.4638271670966141,0.12598425196850394,0.9923966216285223
TMEM65,-0.1673190319557154,0.5196850393700787,1.0
TRMT12,-0.9168361101393834,0.30708661417322836,0.9923966216285223
RNF139-AS1,-0.0468970423037931,0.952755905511811,1.0
RNF139,-0.007962994359196784,0.984251968503937,1.0
TATDN1,-0.7227625419367287,0.2283464566929134,0.9923966216285223
NDUFB9,-0.20260470104052697,0.5748031496062992,1.0
MTSS1,0.48874010450412175,0.28346456692913385,0.9923966216285223
SQLE,0.8958245404490484,0.10236220472440945,0.9923966216285223
WASHC5,0.18146043762198705,0.3700787401574803,0.9923966216285223
NSMCE2,0.3137625699545836,0.4094488188976378,1.0
TRIB1,2.6396444355023085,0.07086614173228346,0.9923966216285223
LINC00861,-0.4122000828183001,0.4251968503937008,1.0
FAM84B,-0.26491301706305004,0.6377952755905512,1.0
MYC,-0.04228811171903679,0.952755905511811,1.0
PVT1,-0.17467389326625415,0.7165354330708661,1.0
RNU1-106P,-0.0885707669736262,1.0,1.0
FAM49B,-0.030630220390143847,0.8976377952755905,1.0
ASAP1,-0.1301474967330991,0.84251968503937,1.0
EFR3A,0.03298645856811877,0.9291338582677166,1.0
TMEM71,-0.8987433325819083,0.07086614173228346,0.9923966216285223
PHF20L1,-0.41867826350797355,0.18110236220472442,0.9923966216285223
SLA,0.0727376341646071,0.8661417322834646,1.0
NDRG1,-0.3630735369369926,0.3937007874015748,1.0
ST13P6,-0.5219685979691899,0.4015748031496063,1.0
ST3GAL1,-0.5012130984059775,0.14960629921259844,0.9923966216285223
AC103706.1,-0.29410441073619964,0.7401574803149606,1.0
ZFAT,0.1729345177357513,0.8661417322834646,1.0
TRAPPC9,0.33477968275920666,0.5196850393700787,1.0
AC107375.1,0.14007564769176906,0.84251968503937,1.0
CHRAC1,0.01176602781651681,1.0,1.0
AGO2,0.02931539049730958,0.889763779527559,1.0
PTK2,1.2516434082967476,0.29133858267716534,0.9923966216285223
DENND3,-0.8825391971647187,0.25196850393700787,0.9923966216285223
SLC45A4,0.1398290300604501,0.905511811023622,1.0
PTP4A3,2.6718836996287703,0.05511811023622047,0.9923966216285223
TSNARE1,-1.6364781799200971,0.03937007874015748,0.9923966216285223
JRK,0.5486935419537211,0.2440944881889764,0.9923966216285223
THEM6,-0.20349414342630867,0.8267716535433071,1.0
CDC42P3,0.12665495545588357,0.8582677165354331,1.0
LY6E,-1.5294287896852863,0.4409448818897638,1.0
GLI4,0.6049930969339345,0.5118110236220472,1.0
MINCR,1.2463874793882452,0.14960629921259844,0.9923966216285223
ZNF696,1.5657286842105842,0.06299212598425197,0.9923966216285223
TOP1MT,-0.09994265566552052,0.9212598425196851,1.0
ZC3H3,0.36269057278598016,0.8582677165354331,1.0
GSDMD,-0.8958929437002459,0.4251968503937008,1.0
EEF1D,0.8052908726157151,0.4094488188976378,1.0
TIGD5,-1.6244452851976632,0.047244094488188976,0.9923966216285223
PYCR3,0.8041937509049084,0.2992125984251969,0.9923966216285223
TSTA3,0.19742637871503277,0.8661417322834646,1.0
ZNF623,-0.9273431169425654,0.2992125984251969,0.9923966216285223
ZNF707,-0.21265366581363399,0.8740157480314961,1.0
AC105219.1,-0.7670960048927813,0.3228346456692913,0.9923966216285223
SCRIB,0.09359421208056284,0.937007874015748,1.0
PUF60,0.48310266068485586,0.3779527559055118,0.9979787009382448
NRBP2,-1.581542728749221,0.05511811023622047,0.9923966216285223
PLEC,0.39770695198772454,0.7716535433070866,1.0
PARP10,0.23353627678291966,0.8267716535433071,1.0
GRINA,0.1398377191228959,0.937007874015748,1.0
EXOSC4,1.2529434965634059,0.16535433070866143,0.9923966216285223
GPAA1,1.0047288017430862,0.3779527559055118,0.9979787009382448
CYC1,0.020956651909362023,0.9606299212598425,1.0
SHARPIN,-0.09517259118248766,0.8346456692913385,1.0
MAF1,0.17044586438289588,0.8976377952755905,1.0
HGH1,0.04887583178085375,0.8976377952755905,1.0
MROH1,0.1742578787998159,0.7952755905511811,1.0
BOP1,-0.2888428718941283,0.6929133858267716,1.0
SCX,0.25221387766238235,0.6220472440944882,1.0
HSF1,-0.04518221804308542,0.9212598425196851,1.0
DGAT1,0.034562524365430836,0.968503937007874,1.0
SLC52A2,0.6001372795788082,0.5748031496062992,1.0
CPSF1,0.8019533334234916,0.5826771653543307,1.0
SLC39A4,0.3335106100419791,0.3779527559055118,0.9979787009382448
VPS28,-0.22755499964381265,0.8740157480314961,1.0
TONSL,0.32980264081927135,0.7165354330708661,1.0
CYHR1,-0.8747161022010399,0.5039370078740157,1.0
MFSD3,0.14990139152750603,0.8503937007874016,1.0
RECQL4,0.6742758330005214,0.5905511811023622,1.0
LRRC14,-0.8497034180948138,0.41732283464566927,1.0
C8orf82,0.8653495681130421,0.25196850393700787,0.9923966216285223
ZNF251,-0.4510940926970899,0.11023622047244094,0.9923966216285223
ZNF34,-0.470162049059101,0.5826771653543307,1.0
RPL8,-0.012658329042226413,0.9763779527559056,1.0
ZNF517,-0.31174949426151377,0.6850393700787402,1.0
ZNF7,-0.635467838158799,0.4015748031496063,1.0
COMMD5,0.15378684816051447,0.7716535433070866,1.0
ZNF250,-2.2965135366342615,0.015748031496062992,0.9923966216285223
ZNF16,-0.24138102507972659,0.8740157480314961,1.0
ZNF252P,1.3854303816802194,0.14960629921259844,0.9923966216285223
C8orf33,0.5624664707532512,0.2047244094488189,0.9923966216285223
WASHC1,1.4223173354863086,0.09448818897637795,0.9923966216285223
CBWD1,0.619209083769265,0.6535433070866141,1.0
DOCK8,0.25469504586503966,0.25196850393700787,0.9923966216285223
AL161725.1,-0.9242821932263714,0.1732283464566929,0.9923966216285223
KANK1,1.2513043634440892,0.14173228346456693,0.9923966216285223
SMARCA2,-0.13949050956302145,0.1732283464566929,0.9923966216285223
PUM3,0.4051241166810593,0.33070866141732286,0.9923966216285223
ATP5HP2,0.26030072374683577,0.7637795275590551,1.0
RFX3,-0.5377000202145301,0.12598425196850394,0.9923966216285223
RFX3-AS1,-1.217210004109701,0.1732283464566929,0.9923966216285223
SLC1A1,0.9769418927889792,0.3700787401574803,0.9923966216285223
PLPP6,0.8603905903198672,0.2204724409448819,0.9923966216285223
CDC37L1-AS1,-0.4901730083907039,0.5590551181102362,1.0
CDC37L1,-0.2887044212862788,0.5511811023622047,1.0
AK3,-0.0031838445176601837,0.984251968503937,1.0
RCL1,-0.7984257649724689,0.25196850393700787,0.9923966216285223
JAK2,0.07159588813545881,0.889763779527559,1.0
RLN2,0.40230546619454755,0.6299212598425197,1.0
RLN1,-0.15469685166525982,0.8582677165354331,1.0
PLGRKT,0.6066674027561545,0.14173228346456693,0.9923966216285223
CD274,1.1275392774732729,0.2125984251968504,0.9923966216285223
RIC1,0.01351421033233624,0.952755905511811,1.0
ERMP1,-0.004222768122618348,1.0,1.0
KIAA2026,0.02444138643751348,0.9212598425196851,1.0
RANBP6,-0.05417165877142516,0.8818897637795275,1.0
UHRF2,-0.6269097046252501,0.07086614173228346,0.9923966216285223
RPL23AP57,0.8993125781256133,0.08661417322834646,0.9923966216285223
AL354707.1,0.9414788520681885,0.44881889763779526,1.0
KDM4C,-0.20436441383836712,0.7165354330708661,1.0
SNRPEP2,0.6372075397759502,0.4645669291338583,1.0
RPL4P5,0.41848038277414235,0.28346456692913385,0.9923966216285223
DMAC1,-0.7757618753454594,0.6692913385826772,1.0
RPS26P3,-0.8595640587351531,0.5275590551181102,1.0
PRDX1P1,0.27079961951431497,0.7007874015748031,1.0
ZDHHC21,-0.05234745845404376,0.9291338582677166,1.0
LDHAP4,-0.506277416001137,0.5511811023622047,1.0
AL592293.2,-0.5799761834327324,0.2677165354330709,0.9923966216285223
TTC39B,-0.5827919367211951,0.18110236220472442,0.9923966216285223
SNAPC3,-0.1744213523720708,0.8503937007874016,1.0
PSIP1,-0.41406609491419744,0.14960629921259844,0.9923966216285223
CCDC171,-0.449769185538226,0.6535433070866141,1.0
CNTLN,0.5595891218673699,0.5669291338582677,1.0
RRAGA,0.3054370386459899,0.4409448818897638,1.0
HAUS6,-0.38624039890716055,0.31496062992125984,0.9923966216285223
PLIN2,0.17344998176292759,0.5196850393700787,1.0
AL161909.1,-0.5480856695764249,0.30708661417322836,0.9923966216285223
DENND4C,-0.5453852281706038,0.3858267716535433,1.0
RPS6,-0.33981773449698416,0.13385826771653545,0.9923966216285223
AL158206.1,0.3090384923287477,0.6929133858267716,1.0
MLLT3,0.2611100586362989,0.4251968503937008,1.0
FOCAD,1.0702212762068637,0.06299212598425197,0.9923966216285223
HACD4,-0.11420786825429108,0.7086614173228346,1.0
KLHL9,-0.06827466481496636,0.889763779527559,1.0
MTAP,-0.7736204810167511,0.11811023622047244,0.9923966216285223
CDKN2A,0.6764499125539256,0.44881889763779526,1.0
CDKN2B,0.37344502145517855,0.5433070866141733,1.0
CAAP1,-0.11793665599664305,0.9212598425196851,1.0
PLAA,-0.014988466591749905,0.968503937007874,1.0
IFT74,-1.2606912014315195,0.3937007874015748,1.0
C9orf72,-0.21076727746325075,0.6456692913385826,1.0
SLC4A1APP1,0.37434016300256623,0.5669291338582677,1.0
RBMXP2,-1.5850061035195198,0.07874015748031496,0.9923966216285223
ACO1,-0.4805494385612028,0.48031496062992124,1.0
DDX58,-0.37074533628634043,0.5118110236220472,1.0
TOPORS,-0.37946165501977536,0.2125984251968504,0.9923966216285223
SMIM27,-0.36753413130936874,0.7086614173228346,1.0
NDUFB6,0.189607752030442,0.6850393700787402,1.0
APTX,-0.3816689752714737,0.5275590551181102,1.0
DNAJA1,-0.3989725764922021,0.2755905511811024,0.9923966216285223
SMU1,-0.4581158551306972,0.07086614173228346,0.9923966216285223
B4GALT1,-0.4277850182718641,0.23622047244094488,0.9923966216285223
BAG1,0.2972219272619938,0.2755905511811024,0.9923966216285223
CHMP5,0.21186823913156516,0.6377952755905512,1.0
NFX1,0.21538004155574342,0.3464566929133858,0.9923966216285223
AQP3,0.3581167132268108,0.48031496062992124,1.0
NOL6,-0.2808848695373394,0.6377952755905512,1.0
ANXA2P2,0.23489152555415815,0.49606299212598426,1.0
PTENP1,-0.5670956939466505,0.08661417322834646,0.9923966216285223
UBE2R2,-0.19827550241372904,0.3700787401574803,0.9923966216285223
UBAP2,-0.3346018065469254,0.3700787401574803,0.9923966216285223
DCAF12,0.27189846194231304,0.33858267716535434,0.9923966216285223
UBAP1,-0.2257794481253903,0.41732283464566927,1.0
KIF24,-0.5805740810826661,0.47244094488188976,1.0
NUDT2,0.44342327071723053,0.14173228346456693,0.9923966216285223
MYORG,0.18789771033111502,0.8818897637795275,1.0
FAM219A,-0.010015324274118331,0.984251968503937,1.0
RPP25L,0.2279810125196624,0.47244094488188976,1.0
DCTN3,0.35150844481347043,0.08661417322834646,0.9923966216285223
SIGMAR1,0.1265818670378991,0.7559055118110236,1.0
GALT,-0.26285869609277324,0.3700787401574803,0.9923966216285223
IL11RA,0.18964818503964587,0.7165354330708661,1.0
DNAJB5,0.38951249113289865,0.48031496062992124,1.0
VCP,0.3776211310921562,0.08661417322834646,0.9923966216285223
FANCG,0.060664841940965,0.8976377952755905,1.0
PIGO,-0.07151735814480098,0.8818897637795275,1.0
STOML2,-0.21674138192810055,0.4566929133858268,1.0
FAM214B,0.6601418667589267,0.08661417322834646,0.9923966216285223
RPS29P17,-0.30635175339751,0.7637795275590551,1.0
CD72,-1.8603565638458899,0.07086614173228346,0.9923966216285223
SIT1,-0.14814988958986053,0.6850393700787402,1.0
ARHGEF39,-1.1188689561707124,0.2440944881889764,0.9923966216285223
TPM2,0.07638380372484166,0.9606299212598425,1.0
TLN1,0.2593995196076584,0.5511811023622047,1.0
CREB3,1.2187874375011862,0.18110236220472442,0.9923966216285223
GBA2,0.7940247279648043,0.18110236220472442,0.9923966216285223
RGP1,-0.6944784621071793,0.49606299212598426,1.0
HINT2,0.4429422701539192,0.5118110236220472,1.0
TMEM8B,-1.647577411300291,0.07086614173228346,0.9923966216285223
YBX1P10,-0.4681734392115602,0.49606299212598426,1.0
RECK,-0.4594057621891725,0.3858267716535433,1.0
GLIPR2,0.5116422379931311,0.28346456692913385,0.9923966216285223
CLTA,0.2017043979784381,0.5275590551181102,1.0
GNE,-0.5571817429004859,0.33858267716535434,0.9923966216285223
RNF38,-0.43629162663399246,0.07874015748031496,0.9923966216285223
MELK,-0.38840853240326023,0.9212598425196851,1.0
PAX5,0.14747023748454913,0.9291338582677166,1.0
EBLN3P,-0.38635107086168663,0.2283464566929134,0.9923966216285223
ZCCHC7,-0.08638517902454712,0.6692913385826772,1.0
GRHPR,-0.13383196863595792,0.7952755905511811,1.0
ZBTB5,-0.3842600250644881,0.25984251968503935,0.9923966216285223
POLR1E,-0.3792144698167945,0.33858267716535434,0.9923966216285223
FBXO10,0.9692653995553473,0.2440944881889764,0.9923966216285223
TRMT10B,-0.5749660717487823,0.8818897637795275,1.0
EXOSC3,-0.3908980715347301,0.6456692913385826,1.0
DCAF10,-0.5966250852900608,0.16535433070866143,0.9923966216285223
SLC25A51,-0.1983118684300864,0.29133858267716534,0.9923966216285223
ALDH1B1,-0.12695951613221146,0.8740157480314961,1.0
ANKRD18A,-0.7920283075444432,0.3700787401574803,0.9923966216285223
FRG1HP,0.759536941779944,0.09448818897637795,0.9923966216285223
AL353763.2,-0.3043181914300903,0.48031496062992124,1.0
CBWD6,-0.4736385278385786,0.6456692913385826,1.0
ANKRD20A7P,1.1416980442775804,0.29133858267716534,0.9923966216285223
LINC01410,0.3084615488038349,0.7165354330708661,1.0
CBWD5,0.12964498892436982,0.9212598425196851,1.0
CBWD3,-0.430863649024131,0.6062992125984252,1.0
PIP5K1B,2.1201843911944547,0.03937007874015748,0.9923966216285223
FAM122A,0.213099419794184,0.4015748031496063,1.0
FXN,-0.14623580793969104,0.7086614173228346,1.0
TJP2,-0.7668094932748017,0.06299212598425197,0.9923966216285223
PTAR1,-0.1421148886431114,0.6456692913385826,1.0
RPL24P8,0.03269961372793517,0.8740157480314961,1.0
SMC5,-0.3354517122727705,0.10236220472440945,0.9923966216285223
KLF9,-0.5428610404583374,0.29133858267716534,0.9923966216285223
RPL35AP21,-0.08204612685039869,0.8503937007874016,1.0
TMEM2,-1.102987358216284,0.07086614173228346,0.9923966216285223
ABHD17B,-0.27135600621520073,0.48031496062992124,1.0
C9orf85,-0.09040912646516919,0.8661417322834646,1.0
BTF3P4,-0.8946142614177766,0.10236220472440945,0.9923966216285223
ZFAND5,-0.5246359340150111,0.03937007874015748,0.9923966216285223
ANXA1,-0.030066250923228566,0.9763779527559056,1.0
C9orf40,0.13422789317469075,0.7401574803149606,1.0
CARNMT1,-0.8650397744146723,0.07874015748031496,0.9923966216285223
NMRK1,0.4239552712425372,0.23622047244094488,0.9923966216285223
OSTF1,-0.0805429291976516,0.7795275590551181,1.0
PCSK5,-1.1659981740310514,0.16535433070866143,0.9923966216285223
RFK,-0.3341269564414864,0.5590551181102362,1.0
RPSAP9,-0.012253762997876283,0.952755905511811,1.0
GCNT1,-0.0005412376348945536,1.0,1.0
VPS13A,-0.581223929576212,0.023622047244094488,0.9923966216285223
GNAQ,-1.1627117602386594,0.2440944881889764,0.9923966216285223
CEP78,-0.5495097310702146,0.13385826771653545,0.9923966216285223
PSAT1,0.7007149341078049,0.36220472440944884,0.9923966216285223
CHCHD2P9,0.9419249294330183,0.015748031496062992,0.9923966216285223
TLE4,-0.04116550693926424,0.8740157480314961,1.0
TLE1,0.8727681470142103,0.3543307086614173,0.9923966216285223
IDNK,0.0416703550138493,0.9291338582677166,1.0
UBQLN1,0.0844346165382932,0.6850393700787402,1.0
GKAP1,-0.27472160702401727,0.8818897637795275,1.0
KIF27,1.1164223638494808,0.12598425196850394,0.9923966216285223
C9orf64,-0.1767635364716429,0.8031496062992126,1.0
HNRNPK,-0.12409115483916722,0.47244094488188976,1.0
RMI1,0.08423787884767187,0.7952755905511811,1.0
AGTPBP1,-0.7386236382590505,0.12598425196850394,0.9923966216285223
AL353743.1,-0.42467252731926797,0.2755905511811024,0.9923966216285223
NAA35,0.224019981687273,0.5039370078740157,1.0
GOLM1,0.3306686568861603,0.5748031496062992,1.0
ISCA1,-0.4279541527651842,0.1732283464566929,0.9923966216285223
ZCCHC6,-0.21529847558846527,0.3228346456692913,0.9923966216285223
AL353678.1,-0.6963525588076793,0.2755905511811024,0.9923966216285223
CDC20P1,0.29484527147849504,0.7637795275590551,1.0
AL161787.1,-0.02169739288256256,0.984251968503937,1.0
CTSL,0.7750897938847081,0.33858267716535434,0.9923966216285223
CDK20,0.926057647971399,0.28346456692913385,0.9923966216285223
RPS10P3,-0.40199471060993863,0.5669291338582677,1.0
AL353726.1,-1.5589685157967983,0.07874015748031496,0.9923966216285223
SPIN1,-0.11461537322885729,0.7952755905511811,1.0
CKS2,0.31263976214574907,0.5590551181102362,1.0
SECISBP2,-0.4355172385955326,0.33070866141732286,0.9923966216285223
SEMA4D,-0.00033759531347499205,1.0,1.0
PA2G4P6,0.49942242240453405,0.4015748031496063,1.0
GADD45G,0.49135999913937867,0.84251968503937,1.0
SYK,1.4418456072350034,0.2755905511811024,0.9923966216285223
AUH,-0.053949910728603445,0.8818897637795275,1.0
NFIL3,-0.6774039764642059,0.3937007874015748,1.0
SPTLC1,0.3917843836393682,0.14960629921259844,0.9923966216285223
IARS,-0.34823438845641874,0.3543307086614173,0.9923966216285223
NOL8,-0.26138725874662594,0.3464566929133858,0.9923966216285223
CENPP,-0.6389358549396884,0.3464566929133858,0.9923966216285223
OGN,-1.4953003979567392,0.1732283464566929,0.9923966216285223
ASPN,-0.7522732020109362,0.6929133858267716,1.0
BICD2,-0.2775416255774692,0.31496062992125984,0.9923966216285223
ZNF484,0.16307700198085495,0.937007874015748,1.0
FGD3,-0.7769347491904499,0.1732283464566929,0.9923966216285223
SUSD3,0.5820700732919475,0.31496062992125984,0.9923966216285223
CARD19,1.068759826558249,0.3543307086614173,0.9923966216285223
NINJ1,0.6367802066679333,0.25984251968503935,0.9923966216285223
FAM120AOS,-0.09389100589558375,0.7637795275590551,1.0
FAM120A,-0.14143822846558507,0.4251968503937008,1.0
PHF2,0.01005216346076665,0.9763779527559056,1.0
PTPDC1,-0.008144786993031339,0.984251968503937,1.0
ZNF169,-0.25846920227609327,0.8818897637795275,1.0
AL691447.3,-0.8405352752935427,0.3858267716535433,1.0
MFSD14B,-0.15270892665123093,0.7716535433070866,1.0
FBP1,0.15967751225869398,0.8503937007874016,1.0
C9orf3,0.08992043032871555,0.8740157480314961,1.0
FANCC,0.1707394932334445,0.8976377952755905,1.0
PTCH1,0.07821930723658976,0.9212598425196851,1.0
LINC00476,-0.6474656401253247,0.2677165354330709,0.9923966216285223
ERCC6L2,-0.18730408529140607,0.6771653543307087,1.0
EIF4BP3,-0.8967383215905933,0.06299212598425197,0.9923966216285223
SLC35D2,0.14370474435934621,0.7952755905511811,1.0
ZNF367,0.1759220167701958,0.7716535433070866,1.0
AL133477.1,-1.222938047556723,0.14960629921259844,0.9923966216285223
HABP4,0.514180739194851,0.5984251968503937,1.0
CDC14B,-0.7555391155289524,0.2283464566929134,0.9923966216285223
AAED1,0.36514123444546254,0.23622047244094488,0.9923966216285223
ZNF510,-1.2689840619380384,0.015748031496062992,0.9923966216285223
ZNF782,-1.0284639022937243,0.1889763779527559,0.9923966216285223
MFSD14C,-1.6673990049610627,0.14173228346456693,0.9923966216285223
TDRD7,0.7570454868155152,0.5275590551181102,1.0
TSTD2,0.5431975793404287,0.49606299212598426,1.0
NCBP1,-0.16925025473663613,0.84251968503937,1.0
XPA,-0.36396827037774493,0.4566929133858268,1.0
TRMO,-0.03485929151985623,0.8976377952755905,1.0
ANP32B,-0.10202345170346305,0.7165354330708661,1.0
NANS,0.37653442570681417,0.33070866141732286,0.9923966216285223
TRIM14,-0.10131820817474235,0.8267716535433071,1.0
CORO2A,0.2586616806114552,0.5196850393700787,1.0
TBC1D2,-0.14206722767008362,0.8661417322834646,1.0
SEPT7P7,0.012498762457298307,1.0,1.0
ANKS6,-0.4014823773010705,0.3858267716535433,1.0
COL15A1,3.2083664703157195,0.047244094488188976,0.9923966216285223
TGFBR1,-0.5758107743765954,0.30708661417322836,0.9923966216285223
ALG2,0.21178594198664236,0.5984251968503937,1.0
SEC61B,0.9120484756446832,0.047244094488188976,0.9923966216285223
NR4A3,-0.07978201723761824,0.937007874015748,1.0
STX17-AS1,-0.4967715404229097,0.6220472440944882,1.0
STX17,-0.3086461667223874,0.1889763779527559,0.9923966216285223
ERP44,0.19632260777067945,0.30708661417322836,0.9923966216285223
INVS,-0.6596774575075486,0.3228346456692913,0.9923966216285223
TEX10,-0.09114958488642433,0.7637795275590551,1.0
MSANTD3,-0.5964650873659467,0.06299212598425197,0.9923966216285223
MRPL50,0.366336677523472,0.2992125984251969,0.9923966216285223
ZNF189,0.1853482347554003,0.7007874015748031,1.0
RNF20,0.06635903675866928,0.9133858267716536,1.0
SMC2,0.003336697091999241,0.9921259842519685,1.0
NIPSNAP3A,0.4650409540765539,0.49606299212598426,1.0
SLC44A1,0.4508754398593373,0.28346456692913385,0.9923966216285223
FSD1L,1.4133324797310622,0.2047244094488189,0.9923966216285223
RALGAPA1P1,-0.4483326044591005,0.33858267716535434,0.9923966216285223
FKTN,0.15512674983442531,0.5748031496062992,1.0
TMEM38B,-1.061181471543653,0.3228346456692913,0.9923966216285223
AL807761.2,-0.3363315950975223,0.5984251968503937,1.0
RAD23B,0.06745476727063338,0.8661417322834646,1.0
KLF4,0.22315015347341882,0.8188976377952756,1.0
AL669983.1,0.3591156854001496,0.6141732283464567,1.0
ELP1,0.14025497517242513,0.7244094488188977,1.0
FAM206A,-0.005140513827328164,1.0,1.0
CTNNAL1,0.20329006251560866,0.889763779527559,1.0
TMEM245,-0.41108188133467394,0.33070866141732286,0.9923966216285223
TXN,0.2907695799005552,0.5748031496062992,1.0
KIAA0368,-0.09415256726392407,0.7716535433070866,1.0
ZNF483,0.5742560224352802,0.3700787401574803,0.9923966216285223
DNAJC25,-0.0025306693505182665,0.984251968503937,1.0
UGCG,0.11509528801396929,0.7952755905511811,1.0
AL138756.1,0.5220324857366443,0.49606299212598426,1.0
SUSD1,-1.6553524643486277,0.023622047244094488,0.9923966216285223
PTBP3,-0.17187342124806193,0.18110236220472442,0.9923966216285223
HSDL2,-0.34540088155141824,0.41732283464566927,1.0
INIP,-0.05681734124223947,0.7795275590551181,1.0
SNX30,-0.37837954510472294,0.33858267716535434,0.9923966216285223
ZNF883,-2.3228503631445534,0.015748031496062992,0.9923966216285223
ZFP37,-0.5977258187671097,0.11811023622047244,0.9923966216285223
FKBP15,-0.10072163245738874,0.7165354330708661,1.0
SLC31A1,0.4868507360113048,0.14173228346456693,0.9923966216285223
CDC26,-1.3462974269123673,0.1968503937007874,0.9923966216285223
PRPF4,-0.4009472602581896,0.16535433070866143,0.9923966216285223
HDHD3,0.7504777150149726,0.41732283464566927,1.0
ALAD,-0.3941166367092084,0.28346456692913385,0.9923966216285223
POLE3,-0.30370159847418243,0.25984251968503935,0.9923966216285223
RGS3,-0.1967873960127715,0.7559055118110236,1.0
ZNF618,-0.5922041753770402,0.5039370078740157,1.0
AKNA,-0.42465698905431726,0.5354330708661418,1.0
WHRN,-0.15869410177853815,0.7165354330708661,1.0
ATP6V1G1,0.00510535128200118,0.984251968503937,1.0
TMEM268,0.49184721909142803,0.4645669291338583,1.0
TNFSF8,-0.3147515399573919,0.6614173228346457,1.0
ASTN2,1.8160947814205612,0.023622047244094488,0.9923966216285223
TRIM32,-0.38404563425631366,0.4251968503937008,1.0
TPT1P9,-0.6995271783328016,0.03937007874015748,0.9923966216285223
CDK5RAP2,0.07755015790387265,0.7007874015748031,1.0
MEGF9,-0.3265659204505349,0.31496062992125984,0.9923966216285223
FBXW2,0.12117160332719479,0.7165354330708661,1.0
PSMD5,0.42517137306322716,0.2755905511811024,0.9923966216285223
CUTALP,0.4771735629871312,0.6377952755905512,1.0
PHF19,0.4395724750951757,0.5511811023622047,1.0
TRAF1,-0.0241698538548345,0.937007874015748,1.0
C5,-0.060714895696770466,1.0,1.0
CNTRL,-0.1049282170323913,0.6614173228346457,1.0
RAB14,-0.11599114526208609,0.48031496062992124,1.0
GSN,0.9955946221679945,0.14173228346456693,0.9923966216285223
STOM,-0.07056053613863789,0.8110236220472441,1.0
DAB2IP,-0.9308650787405817,0.31496062992125984,0.9923966216285223
TTLL11,0.3946754909742526,0.7637795275590551,1.0
NDUFA8,0.26030385866193484,0.29133858267716534,0.9923966216285223
RBM18,-0.3135090829798406,0.16535433070866143,0.9923966216285223
MRRF,-0.06635144657732717,0.9291338582677166,1.0
TLK1P1,-0.451793502107976,0.33858267716535434,0.9923966216285223
SKA2P1,0.7738203433914417,0.11023622047244094,0.9923966216285223
PDCL,-0.335545147459662,0.5984251968503937,1.0
RC3H2,-0.5929107209252678,0.15748031496062992,0.9923966216285223
ZBTB6,-0.3139939744275937,0.4881889763779528,1.0
ZBTB26,0.17831622431948202,0.8818897637795275,1.0
AC007066.2,0.43717420027083365,0.6299212598425197,1.0
RABGAP1,-0.3892746739200703,0.1732283464566929,0.9923966216285223
STRBP,0.4312101665735648,0.2677165354330709,0.9923966216285223
DENND1A,0.5033951173325155,0.6692913385826772,1.0
NEK6,0.05779818088832389,0.9448818897637795,1.0
PSMB7,0.21786387774246307,0.4881889763779528,1.0
RPL35,0.5111373605600464,0.4566929133858268,1.0
ARPC5L,0.13882470770035837,0.7244094488188977,1.0
GOLGA1,0.7478079111257547,0.1968503937007874,0.9923966216285223
SCAI,0.5938793699481129,0.33858267716535434,0.9923966216285223
PPP6C,0.1815748631742169,0.2204724409448819,0.9923966216285223
RABEPK,0.6176734904443517,0.03937007874015748,0.9923966216285223
HSPA5,0.8634563346649315,0.11023622047244094,0.9923966216285223
GAPVD1,-0.22164920355547224,0.5196850393700787,1.0
MAPKAP1,0.48632915907691565,0.5826771653543307,1.0
PBX3,-0.7514706319660345,0.23622047244094488,0.9923966216285223
MVB12B,-0.41604640311016916,0.6850393700787402,1.0
ZBTB43,-0.16279189487036128,0.8346456692913385,1.0
ZBTB34,0.6307768073619648,0.14960629921259844,0.9923966216285223
RALGPS1,1.398165705518416,0.11811023622047244,0.9923966216285223
SLC2A8,-0.011277551414324627,1.0,1.0
ZNF79,1.9612433888325762,0.023622047244094488,0.9923966216285223
RPL12,-0.16340966068891127,0.36220472440944884,0.9923966216285223
LRSAM1,0.10349852787150171,0.905511811023622,1.0
FAM129B,1.357512413136294,0.29133858267716534,0.9923966216285223
STXBP1,-1.2077033733296,0.2440944881889764,0.9923966216285223
TTC16,-0.1143950407183052,1.0,1.0
TOR2A,0.06613743016895013,0.8976377952755905,1.0
SH2D3C,0.8252908516131519,0.07874015748031496,0.9923966216285223
CDK9,0.38782073873575484,0.8740157480314961,1.0
FPGS,0.17328694233351527,0.7952755905511811,1.0
ENG,0.27875011036682107,0.8110236220472441,1.0
AL162586.1,-0.8942148363383516,0.2440944881889764,0.9923966216285223
AK1,-0.4887117452501397,0.5905511811023622,1.0
ST6GALNAC6,-0.2680368469543648,0.7401574803149606,1.0
ST6GALNAC4,1.203828365638537,0.10236220472440945,0.9923966216285223
AL157935.1,1.226579285049596,0.29133858267716534,0.9923966216285223
DPM2,0.3534620758103353,0.7480314960629921,1.0
FAM102A,0.3873022334896081,0.5354330708661418,1.0
NAIF1,0.3418849949419398,0.5905511811023622,1.0
SLC25A25,1.0401774708473872,0.2125984251968504,0.9923966216285223
SLC25A25-AS1,-0.355498383323785,0.7244094488188977,1.0
PTGES2,0.5408465384861607,0.5669291338582677,1.0
LCN2,-0.06327294759996738,0.905511811023622,1.0
C9orf16,-0.18780472417092842,0.8582677165354331,1.0
CIZ1,-0.3198933165280895,0.6456692913385826,1.0
GOLGA2,0.5315362607897809,0.09448818897637795,0.9923966216285223
SWI5,-0.12804607462548567,0.905511811023622,1.0
TRUB2,-1.8290449975750596,0.09448818897637795,0.9923966216285223
COQ4,0.6060597074822294,0.23622047244094488,0.9923966216285223
SLC27A4,0.9273181526603098,0.13385826771653545,0.9923966216285223
TMSB4XP4,-0.06819032558799387,0.8818897637795275,1.0
URM1,0.30827118751499505,0.4251968503937008,1.0
ODF2,-0.02488364483166361,0.9133858267716536,1.0
GLE1,0.13958681568580378,0.8188976377952756,1.0
SPTAN1,0.002847479459792801,0.9921259842519685,1.0
WDR34,-0.13138298143492078,0.9133858267716536,1.0
SET,-0.20054788316802608,0.5748031496062992,1.0
PKN3,1.095004162636045,0.16535433070866143,0.9923966216285223
ZDHHC12,-0.6374553028356242,0.6614173228346457,1.0
AL441992.1,0.27980390368968777,0.7086614173228346,1.0
ZER1,0.4106906398388168,0.7165354330708661,1.0
TBC1D13,0.2516499239814185,0.6141732283464567,1.0
SPOUT1,0.2360417380500497,0.5669291338582677,1.0
KYAT1,-0.5561067642858473,0.5039370078740157,1.0
LRRC8A,-0.27887093923972195,0.7244094488188977,1.0
DOLK,-0.7110267287557597,0.4566929133858268,1.0
NUP188,1.4750273193611845,0.2283464566929134,0.9923966216285223
SH3GLB2,-0.2580123568730812,0.8818897637795275,1.0
MIGA2,0.0673626344672309,0.952755905511811,1.0
DOLPP1,1.5307530350660805,0.047244094488188976,0.9923966216285223
CRAT,-0.567007259394587,0.6456692913385826,1.0
PTPA,1.0406029587742252,0.5118110236220472,1.0
IER5L,-0.2828690272434138,0.7637795275590551,1.0
LINC00963,-0.029079625443959145,0.968503937007874,1.0
NTMT1,-0.41452542410911253,0.7165354330708661,1.0
ASB6,-0.19545333314739244,0.7401574803149606,1.0
TOR1B,0.21974346816828838,0.2755905511811024,0.9923966216285223
TOR1A,-0.15681894515337902,0.5984251968503937,1.0
C9orf78,-0.21494887053445488,0.18110236220472442,0.9923966216285223
USP20,0.16234817937456691,0.8661417322834646,1.0
FNBP1,-0.2939624496543942,0.11811023622047244,0.9923966216285223
GPR107,-0.2755559375723733,0.7559055118110236,1.0
NCS1,-0.05541666581766824,1.0,1.0
FUBP3,0.08180628489855479,0.8267716535433071,1.0
EXOSC2,0.017488464564400896,0.9763779527559056,1.0
ABL1,-0.47472811482557997,0.7165354330708661,1.0
NUP214,0.0885784410065833,0.6850393700787402,1.0
FAM78A,0.3020945916383839,0.3858267716535433,1.0
PRRC2B,0.6720726905623389,0.7795275590551181,1.0
POMT1,0.0647783499988277,0.952755905511811,1.0
UCK1,-0.8753591275498216,0.28346456692913385,0.9923966216285223
RAPGEF1,-0.160675977588161,0.84251968503937,1.0
MED27,-0.2490109540183325,0.8582677165354331,1.0
NTNG2,0.32792339920814295,0.6220472440944882,1.0
SETX,-0.01015301573251115,0.9763779527559056,1.0
TTF1,0.4772080007642616,0.3228346456692913,0.9923966216285223
DDX31,-0.5792731998991445,0.5511811023622047,1.0
GTF3C4,-0.22333445669259255,0.7559055118110236,1.0
TSC1,-0.07316695043984645,0.8818897637795275,1.0
EEF1A1P5,-0.7229480715803627,0.015748031496062992,0.9923966216285223
GTF3C5,-0.5855943025391035,0.33070866141732286,0.9923966216285223
RALGDS,-0.09618339043533997,0.8346456692913385,1.0
SURF6,-0.40978409984428765,0.4015748031496063,1.0
MED22,-0.39906361872351503,0.5748031496062992,1.0
RPL7A,0.08723405770319381,0.6535433070866141,1.0
SURF1,0.23894412883935612,0.7401574803149606,1.0
SURF2,-0.4576021761687161,0.44881889763779526,1.0
SURF4,0.2354443545349385,0.3464566929133858,0.9923966216285223
REXO4,0.6522573316400644,0.16535433070866143,0.9923966216285223
CACFD1,-0.035590977648742195,1.0,1.0
SLC2A6,1.584697737725893,0.015748031496062992,0.9923966216285223
SARDH,-0.8686398065246621,0.30708661417322836,0.9923966216285223
VAV2,-0.2674996782690582,0.8582677165354331,1.0
BRD3OS,0.14761388201347114,0.8346456692913385,1.0
BRD3,-0.25105399413760043,0.6850393700787402,1.0
WDR5,-0.6092335565349281,0.047244094488188976,0.9923966216285223
RXRA,0.438137223056696,0.2283464566929134,0.9923966216285223
COL5A1,0.0456996072046576,1.0,1.0
FCN1,-1.154446999508294,0.1732283464566929,0.9923966216285223
MRPS2,-0.6376207629143038,0.14960629921259844,0.9923966216285223
CAMSAP1,-0.35076074162579207,0.33070866141732286,0.9923966216285223
UBAC1,0.02420375122784968,0.905511811023622,1.0
NACC2,-0.18693486437407314,0.7322834645669292,1.0
TMEM250,-0.2641699546719418,0.7874015748031497,1.0
QSOX2,0.22961345395955535,0.5905511811023622,1.0
SNAPC4,-0.40578074870775716,0.6850393700787402,1.0
SDCCAG3,-0.5101883084745715,0.29133858267716534,0.9923966216285223
PMPCA,0.5126332787900911,0.5354330708661418,1.0
INPP5E,0.5523856832242631,0.2677165354330709,0.9923966216285223
SEC16A,0.39714396091018855,0.3464566929133858,0.9923966216285223
NOTCH1,0.43783122768070903,0.5669291338582677,1.0
EGFL7,1.4286813918794263,0.2125984251968504,0.9923966216285223
AGPAT2,0.806492693371262,0.33858267716535434,0.9923966216285223
SNHG7,0.3606491437198578,0.5354330708661418,1.0
TMEM141,1.1393119507566682,0.2204724409448819,0.9923966216285223
AL355987.4,-0.2267008942992217,0.8740157480314961,1.0
RABL6,0.6627932065213162,0.5748031496062992,1.0
PHPT1,0.5163262462478873,0.7637795275590551,1.0
MAMDC4,-0.2260837271392362,0.7716535433070866,1.0
EDF1,0.07780279861875705,0.9133858267716536,1.0
TRAF2,-0.513913502912316,0.6062992125984252,1.0
FBXW5,-1.10827355500298,0.44881889763779526,1.0
PTGDS,-1.0136609699266894,0.33070866141732286,0.9923966216285223
PAXX,-0.3037368840312471,0.8818897637795275,1.0
CLIC3,0.5446158058480559,0.6062992125984252,1.0
ABCA2,1.2187657582967222,0.4330708661417323,1.0
NPDC1,0.7591150178200099,0.11023622047244094,0.9923966216285223
SAPCD2,0.4835724967990256,0.41732283464566927,1.0
UAP1L1,0.6217008311371579,0.36220472440944884,0.9923966216285223
MAN1B1,0.752820035306911,0.4330708661417323,1.0
DPP7,-1.0086811647269838,0.4645669291338583,1.0
ANAPC2,0.5637146891768734,0.5118110236220472,1.0
SSNA1,0.3818249424890148,0.5511811023622047,1.0
TMEM203,0.4534963691049585,0.7716535433070866,1.0
TUBB4B,-0.12982604173065404,0.8818897637795275,1.0
NELFB,0.46366175292457124,0.7244094488188977,1.0
TOR4A,-0.27738420866820146,0.7637795275590551,1.0
NRARP,0.09526039997758784,0.8740157480314961,1.0
EXD3,-0.7879804708144613,0.31496062992125984,0.9923966216285223
NSMF,-0.30538005567084126,0.8818897637795275,1.0
MRPL41,0.6969289024403418,0.2440944881889764,0.9923966216285223
DPH7,0.16633762437124222,0.8267716535433071,1.0
ZMYND19,-0.052659267987483105,0.8976377952755905,1.0
ARRDC1,0.3358206663150818,0.8110236220472441,1.0
ARRDC1-AS1,1.3715976385422894,0.14173228346456693,0.9923966216285223
EHMT1,0.20047215049638556,0.3937007874015748,1.0
BET1L,0.38377321969213174,0.33070866141732286,0.9923966216285223
RIC8A,-0.5036219928819134,0.07874015748031496,0.9923966216285223
SIRT3,-0.5050461003729403,0.3700787401574803,0.9923966216285223
PSMD13,0.10021915455458874,0.7086614173228346,1.0
PGGHG,-0.6561369260858294,0.5826771653543307,1.0
IFITM2,0.13117986504630608,0.7322834645669292,1.0
IFITM1,-0.5524737756803946,0.5196850393700787,1.0
AC136475.1,-2.000539189391087,0.047244094488188976,0.9923966216285223
IFITM3,-0.17396839609790593,0.8188976377952756,1.0
SIGIRR,-0.7400806234529869,0.7086614173228346,1.0
ANO9,0.2788238153593978,0.7795275590551181,1.0
PTDSS2,0.929415781029644,0.18110236220472442,0.9923966216285223
RNH1,0.0288506711514529,0.968503937007874,1.0
HRAS,0.9157699473383545,0.30708661417322836,0.9923966216285223
RASSF7,0.14649851808402303,0.7244094488188977,1.0
PHRF1,0.4743020411009269,0.3937007874015748,1.0
IRF7,-0.04143341952554369,0.9448818897637795,1.0
DEAF1,0.18001078392882341,0.8582677165354331,1.0
EPS8L2,0.6695621627898065,0.44881889763779526,1.0
TMEM80,0.7874718937702818,0.11023622047244094,0.9923966216285223
TALDO1,0.27730341754631826,0.5905511811023622,1.0
GATD1,0.31033133725491036,0.5118110236220472,1.0
SLC25A22,0.0087291153664526,0.9921259842519685,1.0
PIDD1,-0.23837628557543744,0.9212598425196851,1.0
RPLP2,0.049057576166687156,0.9448818897637795,1.0
PNPLA2,-0.7929112108805656,0.33070866141732286,0.9923966216285223
CRACR2B,0.15057703375408038,0.8818897637795275,1.0
CD151,0.3409834902488309,0.6850393700787402,1.0
POLR2L,0.6187729402382924,0.5275590551181102,1.0
CHID1,1.390012284632752,0.1889763779527559,0.9923966216285223
AP2A2,-1.0391692235473178,0.18110236220472442,0.9923966216285223
TOLLIP,0.3147120054970616,0.5826771653543307,1.0
MOB2,-0.7035939960708415,0.5748031496062992,1.0
DUSP8,0.21891862268094808,0.905511811023622,1.0
CTSD,0.6585185799426574,0.36220472440944884,0.9923966216285223
LSP1,0.6081588682110084,0.31496062992125984,0.9923966216285223
C11orf21,-1.0789010364628444,0.14173228346456693,0.9923966216285223
TSPAN32,-1.7202622403106735,0.10236220472440945,0.9923966216285223
RPL26P30,0.47138477964588765,0.48031496062992124,1.0
CD81,-0.2569060220440713,0.7401574803149606,1.0
TSSC4,0.003178452071542326,1.0,1.0
KCNQ1OT1,-1.0680670754211308,0.2440944881889764,0.9923966216285223
CDKN1C,-1.6599050505994826,0.11023622047244094,0.9923966216285223
SLC22A18,-0.49504917786874714,0.6220472440944882,1.0
NAP1L4,-0.16917722249704603,0.7322834645669292,1.0
CARS,0.8199728672245827,0.07086614173228346,0.9923966216285223
OSBPL5,-1.0257730391892115,0.33858267716535434,0.9923966216285223
ZNF195,0.035246474220897994,0.9133858267716536,1.0
NUP98,-0.3268614962076901,0.5905511811023622,1.0
PGAP2,-0.10040386488414699,0.8503937007874016,1.0
RHOG,-0.05207826036468077,0.7795275590551181,1.0
STIM1,-0.22245583739776364,0.4330708661417323,1.0
RRM1,-0.3697313727851439,0.47244094488188976,1.0
TRIM21,0.13757397681157357,0.8188976377952756,1.0
TRIM68,-0.9882547825347414,0.3858267716535433,1.0
HBB,-0.46211899258112155,0.8661417322834646,1.0
TRIM5,0.9489580471788086,0.5511811023622047,1.0
TRIM22,-0.1670064647772218,0.6062992125984252,1.0
FAM160A2,-0.5437544133223806,0.33858267716535434,0.9923966216285223
SMPD1,0.4327672584689717,0.4015748031496063,1.0
APBB1,-0.6888259344293628,0.07874015748031496,0.9923966216285223
TRIM3,0.8787514702065835,0.5039370078740157,1.0
ARFIP2,0.2217998240746306,0.2283464566929134,0.9923966216285223
TIMM10B,0.22389433916935442,0.5826771653543307,1.0
DNHD1,-0.9576843654485165,0.33858267716535434,0.9923966216285223
RRP8,-0.31588039306431703,0.4251968503937008,1.0
TAF10,0.3031393541026466,0.047244094488188976,0.9923966216285223
TPP1,0.06874787767350199,0.7874015748031497,1.0
MRPL17,0.5371688162882844,0.1889763779527559,0.9923966216285223
GVINP1,-0.2038262137543292,0.6141732283464567,1.0
ZNF215,1.3905369845577273,0.13385826771653545,0.9923966216285223
PPFIBP2,-0.06463852981464013,0.9763779527559056,1.0
EIF3F,-0.12207722672438859,0.4094488188976378,1.0
RIC3,-0.010191887284160206,1.0,1.0
STK33,0.49140357572013027,0.5905511811023622,1.0
TRIM66,-0.9750346174012487,0.031496062992125984,0.9923966216285223
RPL27A,-0.39136117260961534,0.031496062992125984,0.9923966216285223
AKIP1,0.8170622748209246,0.2440944881889764,0.9923966216285223
TMEM9B,-0.20344829230982953,0.4251968503937008,1.0
NRIP3,-1.451165580888345,0.13385826771653545,0.9923966216285223
DENND5A,0.2670189204801545,0.5039370078740157,1.0
TMEM41B,0.26185425434066456,0.3779527559055118,0.9979787009382448
IPO7,-0.04784484344170625,0.7007874015748031,1.0
ZNF143,0.6857258917367668,0.11811023622047244,0.9923966216285223
WEE1,0.07122652756461267,0.937007874015748,1.0
RPL23AP65,-1.2780102536360776,0.09448818897637795,0.9923966216285223
SWAP70,1.7522044125181115,0.1889763779527559,0.9923966216285223
SBF2,-1.127079062376735,0.1889763779527559,0.9923966216285223
ADM,0.04525041017520004,0.952755905511811,1.0
AMPD3,-0.36555682625025776,0.30708661417322836,0.9923966216285223
RNF141,-0.06040409020922155,0.937007874015748,1.0
CTR9,-0.14703278059866332,0.5275590551181102,1.0
EIF4G2,-0.0070882003146586214,0.9921259842519685,1.0
ZBED5,0.10357799619339492,0.7165354330708661,1.0
ZBED5-AS1,0.6284640722526547,0.07874015748031496,0.9923966216285223
CSNK2A3,0.030670228864477345,0.968503937007874,1.0
USP47,-0.6644968938693037,0.12598425196850394,0.9923966216285223
DKK3,-0.0679071127219455,0.984251968503937,1.0
MICAL2,-0.001370594043506479,0.984251968503937,1.0
TEAD1,0.03219884923074323,0.952755905511811,1.0
ARNTL,0.03379923760012904,0.9606299212598425,1.0
BTBD10,0.22333280187459348,0.5275590551181102,1.0
FAR1,-0.31456281949898823,0.4251968503937008,1.0
SPON1,-1.5458278597025013,0.2047244094488189,0.9923966216285223
RRAS2,-0.7679755259348973,0.03937007874015748,0.9923966216285223
COPB1,-0.010284488974675376,0.952755905511811,1.0
PSMA1,0.29644490002695356,0.3700787401574803,0.9923966216285223
PDE3B,-0.1855277941573732,0.9291338582677166,1.0
CYP2R1,-0.4378445067432386,0.5433070866141733,1.0
C11orf58,-0.14656615944125484,0.6062992125984252,1.0
AC116533.1,-0.00521312375357752,1.0,1.0
RPS13,-0.1764876127322168,0.2755905511811024,0.9923966216285223
PIK3C2A,-0.6053498147859315,0.11811023622047244,0.9923966216285223
NUCB2,-0.1048442354765955,0.7874015748031497,1.0
NCR3LG1,-1.5213753853668748,0.11811023622047244,0.9923966216285223
AC124798.1,-0.9758034576480765,0.33858267716535434,0.9923966216285223
SERGEF,-1.4313696609523072,0.07874015748031496,0.9923966216285223
SAAL1,0.2576629183398014,0.6220472440944882,1.0
ST13P5,0.14525436121155844,0.7086614173228346,1.0
HPS5,0.40062067673110313,0.30708661417322836,0.9923966216285223
GTF2H1,0.14665261520862138,0.7401574803149606,1.0
LDHA,-0.13929261452709163,0.7086614173228346,1.0
TSG101,0.23217186759713915,0.047244094488188976,0.9923966216285223
UEVLD,0.918796050104354,0.12598425196850394,0.9923966216285223
SPTY2D1,0.08959938771536002,0.6850393700787402,1.0
AP006296.1,-0.2658970432096117,0.44881889763779526,1.0
ZDHHC13,-0.287039039324247,0.41732283464566927,1.0
E2F8,-1.017792538811909,0.4645669291338583,1.0
NAV2,-1.8688841679738593,0.06299212598425197,0.9923966216285223
HTATIP2,-0.43374590356060505,0.4409448818897638,1.0
PRMT3,-0.3219457915016033,0.5669291338582677,1.0
FANCF,0.23212431795991106,0.7244094488188977,1.0
SVIP,-0.13015698311090507,0.7007874015748031,1.0
CCDC34,0.048730555842750434,0.9133858267716536,1.0
LGR4,-2.0471232753429045,0.03937007874015748,0.9923966216285223
LIN7C,-0.44183753934452863,0.5196850393700787,1.0
AC104563.1,-0.7799012924639186,0.28346456692913385,0.9923966216285223
CBX3P1,1.0027384995758637,0.25196850393700787,0.9923966216285223
HSP90AA2P,-0.5926787349535996,0.3543307086614173,0.9923966216285223
KIF18A,-0.37962679294213864,0.4881889763779528,1.0
METTL15,-0.056196995580241715,0.9291338582677166,1.0
ARL14EP,-0.16223881022870135,0.6850393700787402,1.0
DNAJC24,0.28182832718064343,0.952755905511811,1.0
IMMP1L,0.03358920125599241,0.937007874015748,1.0
ELP4,0.4609332036774436,0.10236220472440945,0.9923966216285223
RCN1,0.061936754644730474,0.9133858267716536,1.0
EIF3M,-0.342258635375698,0.4094488188976378,1.0
PRRG4,0.10480610084623843,0.905511811023622,1.0
QSER1,-0.1018457974492204,0.8110236220472441,1.0
TCP11L1,1.1634966375109586,0.07874015748031496,0.9923966216285223
LINC00294,-0.8118531628117651,0.2204724409448819,0.9923966216285223
CSTF3,0.40972584246626376,0.25196850393700787,0.9923966216285223
AL136126.1,0.41882758100496353,0.48031496062992124,1.0
HIPK3,0.14074042185672297,0.2125984251968504,0.9923966216285223
CD59,-0.009126407299969053,0.968503937007874,1.0
FBXO3,0.549430282703506,0.07086614173228346,0.9923966216285223
LMO2,0.8832132377689916,0.41732283464566927,1.0
CAPRIN1,-0.2432090346870952,0.6062992125984252,1.0
NAT10,0.036770895880199994,0.9133858267716536,1.0
AL139174.1,0.34063464371841756,0.6456692913385826,1.0
CAT,-0.2268743621225724,0.5984251968503937,1.0
APIP,-0.13832950145585698,0.7952755905511811,1.0
PDHX,-0.8084447861968025,0.29133858267716534,0.9923966216285223
CD44,0.5604012087845884,0.047244094488188976,0.9923966216285223
CD44-AS1,1.2211143291957722,0.29133858267716534,0.9923966216285223
AL133330.1,-1.0063239750534312,0.3937007874015748,1.0
TRIM44,-0.3058549227485958,0.2047244094488189,0.9923966216285223
COMMD9,0.08337114647414445,0.7401574803149606,1.0
PRR5L,-0.2167346652870421,0.6377952755905512,1.0
TRAF6,-0.9360603524386137,0.16535433070866143,0.9923966216285223
API5,-0.10058612367448294,0.7559055118110236,1.0
TTC17,-0.2760874645745801,0.07086614173228346,0.9923966216285223
HSD17B12,0.34383476107999167,0.8267716535433071,1.0
ALKBH3,0.4438018732669389,0.41732283464566927,1.0
ACCS,0.730923867857922,0.41732283464566927,1.0
EXT2,-0.1894579554424527,0.5905511811023622,1.0
CD82,0.3383196498475902,0.5826771653543307,1.0
TSPAN18,-2.001380178547127,0.023622047244094488,0.9923966216285223
TP53I11,-0.055129579161312225,0.9606299212598425,1.0
PRDM11,-0.31784544357429856,0.7795275590551181,1.0
SLC35C1,0.2872446366089423,0.6929133858267716,1.0
CRY2,-0.3745884125801848,0.5826771653543307,1.0
PEX16,-0.5178750483446612,0.7244094488188977,1.0
PHF21A,0.2885235702118285,0.44881889763779526,1.0
DGKZ,-0.06779905070406134,0.889763779527559,1.0
MDK,-0.6758682122335168,0.5669291338582677,1.0
AMBRA1,0.42236939717936073,0.1889763779527559,0.9923966216285223
AC024293.1,0.0016197901721834995,1.0,1.0
HARBI1,-0.6683831505753373,0.41732283464566927,1.0
ATG13,-0.10232420655475849,0.7637795275590551,1.0
ARHGAP1,-0.16557596788624185,0.6062992125984252,1.0
CKAP5,0.4896900422395696,0.1732283464566929,0.9923966216285223
C11orf49,1.185795354072296,0.12598425196850394,0.9923966216285223
ARFGAP2,0.2454363661785135,0.9212598425196851,1.0
AC090589.1,-0.7429552275114153,0.11023622047244094,0.9923966216285223
DDB2,-0.20464489585452217,0.47244094488188976,1.0
ACP2,0.0992145876637558,0.8346456692913385,1.0
MADD,-0.14121901744637277,0.905511811023622,1.0
SPI1,1.123520733328291,0.4251968503937008,1.0
SLC39A13,0.08813849173973187,0.8818897637795275,1.0
PSMC3,0.12798445383029122,0.7165354330708661,1.0
CELF1,0.22968480522277712,0.4330708661417323,1.0
NDUFS3,0.5200223861485735,0.16535433070866143,0.9923966216285223
PTPMT1,0.15275919776589264,0.7952755905511811,1.0
MTCH2,-0.4152393277622197,0.3464566929133858,0.9923966216285223
AGBL2,0.18732991205323746,0.6062992125984252,1.0
FNBP4,-0.4055433746404091,0.047244094488188976,0.9923966216285223
NUP160,-0.1574402773800614,0.7559055118110236,1.0
PTPRJ,-0.044861716320689915,0.8740157480314961,1.0
TNKS1BP1,0.44869028512976605,0.29133858267716534,0.9923966216285223
SSRP1,-0.10518224184730052,0.7795275590551181,1.0
SLC43A3,0.3215504026190521,0.7086614173228346,1.0
SLC43A1,-0.11187065176241218,0.8110236220472441,1.0
TIMM10,0.04403777095734718,0.9212598425196851,1.0
UBE2L6,-0.18193914623371743,0.5354330708661418,1.0
RPS4XP13,-0.5917165122943855,0.4015748031496063,1.0
SERPING1,-1.2146532183848942,0.31496062992125984,0.9923966216285223
CLP1,1.2133304304566286,0.031496062992125984,0.9923966216285223
ZDHHC5,0.44041095193239155,0.09448818897637795,0.9923966216285223
MED19,1.0288770817715456,0.11811023622047244,0.9923966216285223
TMX2,0.11792243638912936,0.7637795275590551,1.0
SELENOH,-0.14954103747062986,0.905511811023622,1.0
CTNND1,-0.31261420918378535,0.6299212598425197,1.0
LPXN,-0.06397153633634112,0.7637795275590551,1.0
ZFP91,0.031423358914691946,0.8582677165354331,1.0
FAM111B,0.5422077535278769,0.7480314960629921,1.0
FAM111A-DT,1.6771328805931605,0.031496062992125984,0.9923966216285223
FAM111A,-0.10882620915015462,0.6377952755905512,1.0
MPEG1,0.9888221597072493,0.2677165354330709,0.9923966216285223
OSBP,-0.04429903433527471,0.7952755905511811,1.0
PATL1,0.095832657653526,0.44881889763779526,1.0
STX3,-0.12213077588933574,0.952755905511811,1.0
FABP5P7,1.256822217212286,0.2677165354330709,0.9923966216285223
MRPL16,0.11354969837195306,0.7637795275590551,1.0
MS4A6A,1.3167239108090705,0.14960629921259844,0.9923966216285223
MS4A7,-0.6313309667339799,0.44881889763779526,1.0
MS4A1,-0.12971515362236996,0.905511811023622,1.0
CCDC86,-1.0973244125438406,0.1889763779527559,0.9923966216285223
PRPF19,-0.08673313341240174,0.7874015748031497,1.0
TMEM109,-0.08189079151012457,0.6614173228346457,1.0
CD6,0.12457150861611765,0.6692913385826772,1.0
CD5,0.1678254938695023,0.8188976377952756,1.0
VPS37C,1.2144050728786993,0.1732283464566929,0.9923966216285223
DDB1,0.3133582245403552,0.36220472440944884,0.9923966216285223
TKFC,-0.23188432494325006,0.5118110236220472,1.0
CYB561A3,-1.1150557868682363,0.23622047244094488,0.9923966216285223
TMEM138,0.031532985733057295,0.9606299212598425,1.0
TMEM216,-0.5543158377674504,0.7480314960629921,1.0
CPSF7,-0.19114931157985193,0.5354330708661418,1.0
SDHAF2,-0.2650733443443869,0.5590551181102362,1.0
TMEM258,0.7313562037694865,0.08661417322834646,0.9923966216285223
FEN1,0.2671521292293626,0.7401574803149606,1.0
FADS2,-0.4990423860003843,0.5433070866141733,1.0
FADS1,-2.101190851682059,0.047244094488188976,0.9923966216285223
FADS3,-1.2045749874710592,0.30708661417322836,0.9923966216285223
FTH1,-0.39140450389225245,0.8188976377952756,1.0
INCENP,-0.9953375824452109,0.30708661417322836,0.9923966216285223
ASRGL1,-0.7469806418448015,0.4645669291338583,1.0
AHNAK,0.02235876120823832,0.9606299212598425,1.0
AP001363.1,0.20361010603901675,0.8110236220472441,1.0
TUT1,-0.01425217030562731,0.984251968503937,1.0
MTA2,0.1495737697267705,0.7086614173228346,1.0
EML3,0.7055067856142321,0.48031496062992124,1.0
B3GAT3,0.3824527023498776,0.48031496062992124,1.0
GANAB,0.44147635786441697,0.25984251968503935,0.9923966216285223
INTS5,0.023782928010041005,1.0,1.0
METTL12,-1.4074666944662653,0.023622047244094488,0.9923966216285223
UQCC3,-0.7802671852324234,0.31496062992125984,0.9923966216285223
UBXN1,-0.10777052312393653,0.7401574803149606,1.0
HNRNPUL2,0.06545127225551184,0.7952755905511811,1.0
TTC9C,-0.36425415817048723,0.6141732283464567,1.0
ZBTB3,1.8430871218108507,0.05511811023622047,0.9923966216285223
POLR2G,-0.14093785387409685,0.6456692913385826,1.0
TMEM223,-0.8410391174867304,0.2047244094488189,0.9923966216285223
TMEM179B,0.7045763844970057,0.2992125984251969,0.9923966216285223
NXF1,-0.27123011752557513,0.5354330708661418,1.0
STX5,0.28858614479272493,0.5669291338582677,1.0
WDR74,-0.07610071605827828,0.905511811023622,1.0
SNHG1,0.22737824742363344,0.7795275590551181,1.0
SLC3A2,0.5624774920417384,0.4251968503937008,1.0
RARRES3,-0.2258506880246225,0.4015748031496063,1.0
PLA2G16,-0.499378034918176,0.7244094488188977,1.0
ATL3,0.13496985550053076,0.6141732283464567,1.0
RTN3,0.33208185030602255,0.2440944881889764,0.9923966216285223
C11orf95,-0.4686969413363924,0.6220472440944882,1.0
C11orf84,0.07080371647813788,0.9212598425196851,1.0
MARK2,0.29201380334214466,0.6850393700787402,1.0
NAA40,-0.825916057544978,0.14960629921259844,0.9923966216285223
COX8A,0.27043224787849063,0.4330708661417323,1.0
OTUB1,-0.3294662206801,0.49606299212598426,1.0
STIP1,0.3432414742530385,0.48031496062992124,1.0
FERMT3,-0.04413096575774933,0.9606299212598425,1.0
TRPT1,0.9576467743140529,0.2204724409448819,0.9923966216285223
NUDT22,0.08673121303135178,0.8976377952755905,1.0
DNAJC4,0.3801559697518977,0.7559055118110236,1.0
VEGFB,0.09026749296389269,0.84251968503937,1.0
FKBP2,0.6738014631213618,0.3228346456692913,0.9923966216285223
PPP1R14B,0.3071148964129886,0.7637795275590551,1.0
PLCB3,0.7449843040835405,0.30708661417322836,0.9923966216285223
BAD,0.06723407861832542,0.905511811023622,1.0
GPR137,-0.653102926545027,0.6141732283464567,1.0
TRMT112,0.33121480696209815,0.2125984251968504,0.9923966216285223
PRDX5,0.36505272577211745,0.14960629921259844,0.9923966216285223
AP003774.4,-1.6235145827924264,0.07874015748031496,0.9923966216285223
CCDC88B,-0.20803589501462305,0.84251968503937,1.0
RPS6KA4,-0.39478000090484544,0.7401574803149606,1.0
RASGRP2,-1.4227417758482455,0.06299212598425197,0.9923966216285223
SF1,-0.39653012329727666,0.11811023622047244,0.9923966216285223
MAP4K2,-0.2789651442710168,0.6850393700787402,1.0
MEN1,-0.23132758139050758,0.5590551181102362,1.0
EHD1,-0.3419722265161482,0.7480314960629921,1.0
ATG2A,0.6821563468196787,0.30708661417322836,0.9923966216285223
PPP2R5B,1.4318295638083756,0.031496062992125984,0.9923966216285223
ARL2,0.5538367859123818,0.6062992125984252,1.0
SAC3D1,0.489825550596799,0.5826771653543307,1.0
NAALADL1,-0.2996115693598853,0.7165354330708661,1.0
CDCA5,0.33741248537257107,0.6614173228346457,1.0
ZFPL1,-0.4136504909238077,0.6692913385826772,1.0
TM7SF2,0.09023717238757167,0.889763779527559,1.0
FAU,-0.14976132465047698,0.8110236220472441,1.0
SYVN1,1.0541291649840439,0.10236220472440945,0.9923966216285223
MRPL49,0.3113496873555901,0.5433070866141733,1.0
CAPN1,0.1114722334288718,0.8740157480314961,1.0
POLA2,0.14549281344792098,0.7795275590551181,1.0
DPF2,0.22884927712832148,0.4881889763779528,1.0
SLC25A45,-1.111098697689414,0.03937007874015748,0.9923966216285223
FRMD8,-0.02848193965692225,0.937007874015748,1.0
NEAT1,-0.06402154889211609,0.8740157480314961,1.0
AP000769.1,1.7265734481674964,0.07086614173228346,0.9923966216285223
MALAT1,-0.3617649747958094,0.33070866141732286,0.9923966216285223
SCYL1,0.0667731420384512,0.8740157480314961,1.0
LTBP3,-0.7823932931600832,0.5511811023622047,1.0
SSSCA1,-0.12445761955169976,0.8188976377952756,1.0
FAM89B,0.32263083797376346,0.6692913385826772,1.0
EHBP1L1,0.8064148994921378,0.4330708661417323,1.0
MAP3K11,-0.39719541443032913,0.4566929133858268,1.0
PCNX3,0.2500692160923128,0.8346456692913385,1.0
SIPA1,-0.33774693872502937,0.7007874015748031,1.0
RELA,-0.2172567927020248,0.4409448818897638,1.0
RNASEH2C,-0.1386354321886909,0.8740157480314961,1.0
AP5B1,0.04347601851739369,0.905511811023622,1.0
CFL1,-0.10972408549468149,0.6535433070866141,1.0
MUS81,0.14444604759787882,0.7952755905511811,1.0
CTSW,0.39389807322219106,0.6614173228346457,1.0
FIBP,0.07735068436710879,0.8818897637795275,1.0
CCDC85B,-0.443723406571638,0.8188976377952756,1.0
C11orf68,0.4084901460840187,0.3779527559055118,0.9979787009382448
DRAP1,0.27258858497325633,0.7716535433070866,1.0
SART1,-0.0227282653581371,0.9921259842519685,1.0
EIF1AD,-0.35650982416079646,0.4645669291338583,1.0
BANF1,-0.20393698338599542,0.3228346456692913,0.9923966216285223
SF3B2,0.054339374058186785,0.6141732283464567,1.0
PACS1,-0.32228736959033544,0.4330708661417323,1.0
AP000759.1,0.16490154843421778,0.8740157480314961,1.0
RAB1B,1.338505795459405,0.10236220472440945,0.9923966216285223
YIF1A,0.18425773154440606,0.8110236220472441,1.0
BRMS1,0.143552065916686,0.8188976377952756,1.0
B4GAT1,-0.9932323267854097,0.25196850393700787,0.9923966216285223
SLC29A2,-0.23248832768836936,0.9212598425196851,1.0
MRPL11,-0.002927524345693655,0.9921259842519685,1.0
PELI3,-0.9747935451341221,0.30708661417322836,0.9923966216285223
DPP3,-0.03548919063885947,0.968503937007874,1.0
ZDHHC24,-0.1741096017598629,0.7007874015748031,1.0
CTSF,-0.31177146275600176,0.6456692913385826,1.0
CCS,-0.05489108382996655,0.8976377952755905,1.0
RBM14,-0.2368745860277297,0.5433070866141733,1.0
RBM4,-0.010757293674468205,1.0,1.0
RBM4B,-0.5646313479908063,0.33070866141732286,0.9923966216285223
AP001157.1,-1.086852158369898,0.11023622047244094,0.9923966216285223
C11orf80,0.43567698529471177,0.4881889763779528,1.0
RCE1,0.058823061245819375,0.8818897637795275,1.0
KDM2A,-0.26994542475044625,0.11023622047244094,0.9923966216285223
GRK2,-0.06101107481877399,0.9448818897637795,1.0
ANKRD13D,-0.2689452489550126,0.5748031496062992,1.0
SSH3,-1.751028140024866,0.07874015748031496,0.9923966216285223
RAD9A,0.49232011056656866,0.5433070866141733,1.0
CLCF1,-2.0174158467668453,0.031496062992125984,0.9923966216285223
PPP1CA,-0.11130910030852714,0.9291338582677166,1.0
TBC1D10C,-0.05007693858766071,0.8661417322834646,1.0
CARNS1,-1.5865949801413126,0.29133858267716534,0.9923966216285223
RPS6KB2,-1.520975366010721,0.13385826771653545,0.9923966216285223
CORO1B,0.6304288470625332,0.6456692913385826,1.0
TMEM134,0.5607986023204528,0.5669291338582677,1.0
AIP,-0.5924844320247011,0.6929133858267716,1.0
PITPNM1,-0.1988835264827742,0.7480314960629921,1.0
CDK2AP2,0.4911654574939046,0.3700787401574803,0.9923966216285223
GSTP1,0.34277952031874115,0.5590551181102362,1.0
NDUFV1,0.5244593298870646,0.7401574803149606,1.0
ACY3,1.5384759472366687,0.23622047244094488,0.9923966216285223
RPL37P2,-0.48739125613813794,0.1968503937007874,0.9923966216285223
UNC93B1,-0.1647323428022598,0.8976377952755905,1.0
NDUFS8,1.1523121833891796,0.2755905511811024,0.9923966216285223
TCIRG1,-0.8797111147054091,0.6377952755905512,1.0
CHKA,-1.139992206357021,0.15748031496062992,0.9923966216285223
KMT5B,0.17943160110005785,0.6062992125984252,1.0
C11orf24,0.6592755269435422,0.3228346456692913,0.9923966216285223
LRP5,0.28077696222425796,0.7795275590551181,1.0
PPP6R3,-0.12478014506098223,0.4251968503937008,1.0
TESMIN,0.40136923657255896,0.5984251968503937,1.0
CPT1A,0.1621029557603082,0.7480314960629921,1.0
MRPL21,0.3517224328618891,0.30708661417322836,0.9923966216285223
IGHMBP2,-0.4205087418652105,0.7007874015748031,1.0
TPCN2,0.9275320032816057,0.29133858267716534,0.9923966216285223
MYEOV,1.319330288613417,0.11811023622047244,0.9923966216285223
CCND1,1.2189531782954506,0.25196850393700787,0.9923966216285223
ORAOV1,-0.7643620328049914,0.2677165354330709,0.9923966216285223
PPFIA1,-0.36089539389015624,0.41732283464566927,1.0
CTTN,0.3184045875826702,0.6220472440944882,1.0
DHCR7,-0.8049481852325329,0.13385826771653545,0.9923966216285223
AP002387.1,-0.7463731202134625,0.5511811023622047,1.0
NADSYN1,0.04732139561459636,0.9212598425196851,1.0
FAM86C1,0.4990690475279971,0.6220472440944882,1.0
AP002495.1,1.468662050261842,0.1732283464566929,0.9923966216285223
RNF121,0.5300414630371266,0.12598425196850394,0.9923966216285223
IL18BP,-0.28342122329408426,0.6377952755905512,1.0
NUMA1,-0.3493745592884778,0.4330708661417323,1.0
LRTOMT,0.4043874027039803,0.6692913385826772,1.0
LAMTOR1,0.49764286214449527,0.2677165354330709,0.9923966216285223
ANAPC15,0.679863610819738,0.3543307086614173,0.9923966216285223
INPPL1,0.12134452086603753,0.8582677165354331,1.0
CLPB,0.48932146559503553,0.6062992125984252,1.0
ARAP1,-1.5292544823537582,0.03937007874015748,0.9923966216285223
ATG16L2,-0.15597092059197282,0.7559055118110236,1.0
FCHSD2,-0.11772243645724245,0.7165354330708661,1.0
RELT,0.7835722214530119,0.15748031496062992,0.9923966216285223
FAM168A,-0.31711599156551973,0.3937007874015748,1.0
PLEKHB1,-0.3463351362487801,0.7716535433070866,1.0
RAB6A,-0.07548551538158588,0.7322834645669292,1.0
MRPL48,0.5059040708839282,0.2283464566929134,0.9923966216285223
COA4,0.57416390672741,0.14960629921259844,0.9923966216285223
PAAF1,0.5735301156137869,0.4094488188976378,1.0
UCP2,0.11820009244637042,0.6377952755905512,1.0
UCP3,0.5913992225347384,0.31496062992125984,0.9923966216285223
C2CD3,-0.46621780828421766,0.23622047244094488,0.9923966216285223
PPME1,0.10757150890541434,0.8503937007874016,1.0
PGM2L1,-0.23166609729928567,0.5748031496062992,1.0
LIPT2,-0.800226400910034,0.30708661417322836,0.9923966216285223
AP001372.2,-1.1380708222697904,0.09448818897637795,0.9923966216285223
POLD3,-0.032349927190740146,0.9133858267716536,1.0
AP001324.1,-0.5358255381482291,0.30708661417322836,0.9923966216285223
RNF169,-0.06813937010701121,0.952755905511811,1.0
XRRA1,-0.09906276496546385,0.8740157480314961,1.0
AP000560.1,0.9921206727468801,0.29133858267716534,0.9923966216285223
SPCS2,0.6339944050457262,0.18110236220472442,0.9923966216285223
NEU3,0.9600139265441201,0.36220472440944884,0.9923966216285223
ARRB1,-0.5178137793808886,0.5905511811023622,1.0
RPS3,-0.20647075661943148,0.4566929133858268,1.0
GDPD5,-2.3913850557287604,0.031496062992125984,0.9923966216285223
SERPINH1,0.5447457885614084,0.6141732283464567,1.0
UVRAG,-0.9614894050861329,0.015748031496062992,0.9923966216285223
THAP12,-0.5021908949933884,0.23622047244094488,0.9923966216285223
AP002360.1,0.6241784665534945,0.5118110236220472,1.0
AP002360.2,-0.5230388976592695,0.4881889763779528,1.0
EMSY,-0.1120024712843799,0.889763779527559,1.0
ACER3,-0.36079286660636845,0.6692913385826772,1.0
CAPN5,0.39199270427480104,0.6692913385826772,1.0
MYO7A,1.8391943590868716,0.1889763779527559,0.9923966216285223
PAK1,-0.1974898652480439,0.7401574803149606,1.0
CLNS1A,0.15983303009445393,0.8188976377952756,1.0
RSF1,-0.2290268391037582,0.2755905511811024,0.9923966216285223
AAMDC,0.4161190119270287,0.6850393700787402,1.0
INTS4,-0.6742472325814735,0.3858267716535433,1.0
NDUFC2,0.21732528629503456,0.7480314960629921,1.0
ALG8,0.6636110815554774,0.031496062992125984,0.9923966216285223
KCTD21,0.2886617682823762,0.5590551181102362,1.0
USP35,0.9226698504447564,0.2440944881889764,0.9923966216285223
GAB2,0.9201577659119418,0.33858267716535434,0.9923966216285223
NARS2,0.2344985648396305,0.6771653543307087,1.0
ARL6IP1P3,0.4457375827213965,0.5196850393700787,1.0
RPS28P7,0.3932041184384687,0.7244094488188977,1.0
PRCP,0.5601332734350724,0.14173228346456693,0.9923966216285223
DDIAS,1.1882176988619415,0.015748031496062992,0.9923966216285223
RAB30,1.3620168560581503,0.16535433070866143,0.9923966216285223
RAB30-AS1,1.3067340004469599,0.12598425196850394,0.9923966216285223
PCF11,-0.5124008867565468,0.3464566929133858,0.9923966216285223
ANKRD42,0.12160712812214669,0.7716535433070866,1.0
CCDC90B,0.366943893734069,0.2755905511811024,0.9923966216285223
TMEM126B,-0.38064525731425913,0.12598425196850394,0.9923966216285223
TMEM126A,0.3048493823366929,0.3228346456692913,0.9923966216285223
CREBZF,-0.3436222784920755,0.2283464566929134,0.9923966216285223
SYTL2,-0.1304979218059632,0.8031496062992126,1.0
PICALM,0.15991874581011345,0.33070866141732286,0.9923966216285223
EED,-0.5053069458424382,0.14960629921259844,0.9923966216285223
HIKESHI,-0.4201005966710216,0.6220472440944882,1.0
ME3,-0.44331165704515696,0.7165354330708661,1.0
PRSS23,-1.673466465413867,0.08661417322834646,0.9923966216285223
TMEM135,-0.8821727919329785,0.13385826771653545,0.9923966216285223
RAB38,-0.3517316462683997,0.6929133858267716,1.0
CTSC,0.19431124807220534,0.6771653543307087,1.0
AP000648.3,-0.17923887588585297,0.7795275590551181,1.0
CHORDC1,-0.4516834394422098,0.08661417322834646,0.9923966216285223
SLC36A4,0.702642608354143,0.14173228346456693,0.9923966216285223
SMCO4,1.0612700075963946,0.33070866141732286,0.9923966216285223
AP004242.1,0.19657785468310296,0.8818897637795275,1.0
CEP295,0.033356158728879315,0.9212598425196851,1.0
SCARNA9,1.4308612652444264,0.10236220472440945,0.9923966216285223
TAF1D,-0.3412388069879082,0.3228346456692913,0.9923966216285223
C11orf54,0.42984101724698265,0.4330708661417323,1.0
MED17,-0.35606007627188063,0.6377952755905512,1.0
PANX1,-0.007780090927369976,1.0,1.0
AP002784.2,-0.1270931498385881,0.8031496062992126,1.0
MRE11,-0.4547180523240506,0.16535433070866143,0.9923966216285223
ANKRD49,-0.30497163478414,0.5905511811023622,1.0
FUT4,-0.710600016758705,0.12598425196850394,0.9923966216285223
CWC15,0.05094933219052855,0.7480314960629921,1.0
SRSF8,-0.23574825217795148,0.6141732283464567,1.0
ENDOD1,-0.4441308007020206,0.25196850393700787,0.9923966216285223
AP000787.1,-0.5622355610984242,0.5354330708661418,1.0
SESN3,-0.8604461881681909,0.18110236220472442,0.9923966216285223
FAM76B,-0.5713616384828555,0.015748031496062992,0.9923966216285223
CEP57,-0.412955852762698,0.1732283464566929,0.9923966216285223
MTMR2,0.3516821392945104,0.12598425196850394,0.9923966216285223
MAML2,-1.2530837940670576,0.05511811023622047,0.9923966216285223
CCDC82,-0.18211483924970207,0.2125984251968504,0.9923966216285223
JRKL,0.4360715162893367,0.6771653543307087,1.0
CEP126,0.40932484453075,0.5905511811023622,1.0
BIRC3,0.2416734932775224,0.6299212598425197,1.0
BIRC2,-0.16252149245168113,0.44881889763779526,1.0
TMEM123,-0.7274855840286891,0.023622047244094488,0.9923966216285223
DCUN1D5,-0.08649536417618009,0.9291338582677166,1.0
DYNC2H1,-0.4586005790054637,0.7401574803149606,1.0
PDGFD,-0.5356332837078814,0.25196850393700787,0.9923966216285223
AP002004.1,-0.10515792325430962,0.8267716535433071,1.0
CASP4,-0.3188630175598819,0.16535433070866143,0.9923966216285223
CASP1,0.43760673594499266,0.6141732283464567,1.0
CARD16,0.13002354621044443,0.7716535433070866,1.0
MSANTD4,0.8888236368865967,0.05511811023622047,0.9923966216285223
KBTBD3,0.4570089042764218,0.44881889763779526,1.0
AASDHPPT,0.15516387179528834,0.7322834645669292,1.0
AP001282.1,0.1257540015907337,0.889763779527559,1.0
AP000766.1,-0.7670023760793083,0.29133858267716534,0.9923966216285223
CWF19L2,-0.14121396578239942,0.6614173228346457,1.0
ALKBH8,0.05060422485567617,0.9212598425196851,1.0
SLC35F2,0.4468921301381563,0.5196850393700787,1.0
AP001024.1,-1.400804366966879,0.031496062992125984,0.9923966216285223
CUL5,-0.26915802698264635,0.3228346456692913,0.9923966216285223
ACAT1,0.48022395451125455,0.3464566929133858,0.9923966216285223
NPAT,-0.29068974525636904,0.3858267716535433,1.0
ATM,-0.48875743501612945,0.29133858267716534,0.9923966216285223
C11orf65,0.609879683814049,0.4251968503937008,1.0
KDELC2,0.3362056392639783,0.33858267716535434,0.9923966216285223
DDX10,0.0489079171073552,0.8582677165354331,1.0
RDX,0.5166467445528413,0.08661417322834646,0.9923966216285223
FDX1,0.03108394597356412,0.952755905511811,1.0
POU2AF1,2.5707213783913776,0.11811023622047244,0.9923966216285223
LAYN,1.0371027387745888,0.2440944881889764,0.9923966216285223
SIK2,-0.2587794579261762,0.4251968503937008,1.0
PPP2R1B,-0.6200546704463106,0.031496062992125984,0.9923966216285223
ALG9,0.27123172164973575,0.8267716535433071,1.0
FDXACB1,0.9705503048768255,0.4015748031496063,1.0
C11orf1,-0.017016105304073825,0.9921259842519685,1.0
RPL37AP8,-0.11891298826752617,0.8267716535433071,1.0
DIXDC1,0.03926657444164561,1.0,1.0
DLAT,0.49872005507428074,0.3228346456692913,0.9923966216285223
PPIHP1,0.9016380765866043,0.36220472440944884,0.9923966216285223
NKAPD1,-0.3030403785098228,0.3543307086614173,0.9923966216285223
TIMM8B,0.5831188358628703,0.1732283464566929,0.9923966216285223
SDHD,-0.43342412646139383,0.2125984251968504,0.9923966216285223
PTS,0.3509967633272346,0.3937007874015748,1.0
NCAM1,-1.3599545994488693,0.36220472440944884,0.9923966216285223
TTC12,-1.1685784104523842,0.2204724409448819,0.9923966216285223
ZW10,0.3371504199509845,0.4015748031496063,1.0
USP28,-0.024462015124994352,0.9921259842519685,1.0
ZBTB16,-0.9818454599814452,0.3228346456692913,0.9923966216285223
C11orf71,1.261362344785392,0.06299212598425197,0.9923966216285223
RBM7,-0.48697671881054205,0.2204724409448819,0.9923966216285223
REXO2,-0.16800847497190752,0.7559055118110236,1.0
CADM1,1.498422907719,0.07086614173228346,0.9923966216285223
BUD13,-0.22377496417667952,0.6062992125984252,1.0
ZPR1,0.3664618573203944,0.2755905511811024,0.9923966216285223
SIK3,-0.3765274361303961,0.2125984251968504,0.9923966216285223
AP000936.3,-0.8261731644323886,0.30708661417322836,0.9923966216285223
PAFAH1B2,0.08930423323164671,0.8661417322834646,1.0
SIDT2,1.1221455136044844,0.16535433070866143,0.9923966216285223
PCSK7,0.08450479326482352,0.8503937007874016,1.0
RNF214,-0.08516778679933346,0.8503937007874016,1.0
BACE1,-0.8386651151253688,0.36220472440944884,0.9923966216285223
BACE1-AS,-0.3382026061743342,0.6456692913385826,1.0
CEP164,0.28492847080500994,0.5984251968503937,1.0
IL10RA,-0.5496921559742596,0.03937007874015748,0.9923966216285223
SMIM35,1.1343193267368197,0.09448818897637795,0.9923966216285223
JAML,0.47526225642157716,0.2440944881889764,0.9923966216285223
MPZL3,-0.6711601616900218,0.33070866141732286,0.9923966216285223
CD3E,-0.1384542877360655,0.8267716535433071,1.0
CD3D,0.045178398788888074,0.8661417322834646,1.0
CD3G,0.05564533680467676,0.8582677165354331,1.0
UBE4A,-0.0967322921618301,0.8503937007874016,1.0
ATP5L,0.2469515543146521,0.15748031496062992,0.9923966216285223
KMT2A,-0.08198568474177215,0.7244094488188977,1.0
TMEM25,-0.5279256156940271,0.6220472440944882,1.0
IFT46,-1.3818534404146754,0.18110236220472442,0.9923966216285223
ARCN1,0.16012643945423122,0.6299212598425197,1.0
DDX6,-0.027603786362401017,0.9212598425196851,1.0
AP004609.3,-0.06704765302073379,0.8818897637795275,1.0
BCL9L,-1.1062132127358164,0.1889763779527559,0.9923966216285223
CCDC84,-0.5202138073371287,0.2755905511811024,0.9923966216285223
RPS25,-0.12375244348461578,0.5826771653543307,1.0
TRAPPC4,0.5312781104292004,0.3779527559055118,0.9979787009382448
SLC37A4,-0.5764110466134618,0.6377952755905512,1.0
HYOU1,1.4220432133959555,0.015748031496062992,0.9923966216285223
VPS11,-0.08922483267128634,0.7559055118110236,1.0
HMBS,0.8019688382554346,0.33858267716535434,0.9923966216285223
H2AFX,0.033928173878237544,0.9606299212598425,1.0
DPAGT1,0.23091090286054516,0.6299212598425197,1.0
C2CD2L,1.2281566963163981,0.023622047244094488,0.9923966216285223
HINFP,0.21595513132248456,0.6299212598425197,1.0
NLRX1,-0.20614759777252623,0.8110236220472441,1.0
CBL,-0.21390491562404712,0.48031496062992124,1.0
MCAM,1.1735465955787219,0.3858267716535433,1.0
RNF26,0.33469229795836064,0.5590551181102362,1.0
THY1,-0.34908198869400886,0.8110236220472441,1.0
OAF,1.6143063473741734,0.14960629921259844,0.9923966216285223
ARHGEF12,1.402350238788193,0.015748031496062992,0.9923966216285223
TBCEL,-0.15542434834761387,0.7637795275590551,1.0
SC5D,-0.3127879717264621,0.5984251968503937,1.0
SORL1,-0.9903590830617439,0.09448818897637795,0.9923966216285223
UBASH3B,-1.1722561213906366,0.16535433070866143,0.9923966216285223
CRTAM,0.2674826955842198,0.5748031496062992,1.0
JHY,0.3376779064416029,0.1889763779527559,0.9923966216285223
HSPA8,-0.27270272484090796,0.33858267716535434,0.9923966216285223
GRAMD1B,-0.1448049761726642,0.7244094488188977,1.0
SF3A3P2,0.18628434701742935,0.905511811023622,1.0
ZNF202,0.3917902155482227,0.30708661417322836,0.9923966216285223
VWA5A,1.0119286155857825,0.11023622047244094,0.9923966216285223
TBRG1,-0.4193054717039395,0.2677165354330709,0.9923966216285223
SIAE,-0.018634286137772627,0.984251968503937,1.0
SPA17,0.21910597460785608,0.7952755905511811,1.0
NRGN,-0.04301132696109988,0.9921259842519685,1.0
MSANTD2,-0.5514387003961034,0.2440944881889764,0.9923966216285223
CCDC15,-0.2423178419554537,0.5826771653543307,1.0
TMEM218,0.10574053220775737,0.8661417322834646,1.0
FEZ1,-1.1300046689730983,0.12598425196850394,0.9923966216285223
EI24,0.49383910670095865,0.2125984251968504,0.9923966216285223
STT3A,0.7369423970058406,0.08661417322834646,0.9923966216285223
CHEK1,0.4970780944594466,0.7086614173228346,1.0
HYLS1,-0.3998251964911361,0.5118110236220472,1.0
PUS3,0.6034978573477012,0.6299212598425197,1.0
NAP1L1P1,-1.1636563841100718,0.28346456692913385,0.9923966216285223
RPUSD4,-0.14948962461326554,0.8661417322834646,1.0
FAM118B,-0.2937253735118781,0.4251968503937008,1.0
SRPRA,0.46616279488951395,0.07874015748031496,0.9923966216285223
FOXRED1,2.023104561600501,0.015748031496062992,0.9923966216285223
TIRAP,-0.5409123984201115,0.33070866141732286,0.9923966216285223
DCPS,1.223561825851153,0.2677165354330709,0.9923966216285223
GSEC,-0.11904720388210421,0.8267716535433071,1.0
AP001000.1,-0.6661618759451207,0.4015748031496063,1.0
ETS1,-0.4302950806979169,0.11023622047244094,0.9923966216285223
FLI1,-0.2593617187243291,0.44881889763779526,1.0
TMEM45B,-0.8011363576231787,0.30708661417322836,0.9923966216285223
NFRKB,-0.9660095680975878,0.06299212598425197,0.9923966216285223
PRDM10,-0.15097715842893278,0.7480314960629921,1.0
APLP2,0.021821119844823045,0.9291338582677166,1.0
ZBTB44,-0.5835366646489275,0.09448818897637795,0.9923966216285223
AP003486.1,-0.7988454177500104,0.4881889763779528,1.0
SNX19,-0.2632513456765322,0.5984251968503937,1.0
JAM3,-1.1063673952423776,0.25196850393700787,0.9923966216285223
PTP4A2P2,0.17828890947365172,0.889763779527559,1.0
NCAPD3,0.7749068602516065,0.1732283464566929,0.9923966216285223
VPS26B,-0.13060413686264294,0.5826771653543307,1.0
THYN1,-0.6827395835057013,0.10236220472440945,0.9923966216285223
ACAD8,-0.5070890695341843,0.06299212598425197,0.9923966216285223
GLB1L3,-1.7985102089861045,0.06299212598425197,0.9923966216285223
B3GAT1,-0.09388405990770776,0.8503937007874016,1.0
ZMYND11,-0.39450933882227623,0.25196850393700787,0.9923966216285223
DIP2C,-0.4998702785074123,0.5354330708661418,1.0
LARP4B,0.16711567904375624,0.5826771653543307,1.0
GTPBP4,-0.23624785743483923,0.6614173228346457,1.0
IDI1,-0.5615980888823024,0.09448818897637795,0.9923966216285223
WDR37,-0.9621127004247789,0.08661417322834646,0.9923966216285223
PFKP,0.5099762597565771,0.4409448818897638,1.0
PITRM1,0.6889125692922047,0.09448818897637795,0.9923966216285223
KLF6,0.6926915288536311,0.1889763779527559,0.9923966216285223
NET1,0.5172455649866832,0.7322834645669292,1.0
FAM208B,-0.07340377228335804,0.8740157480314961,1.0
GDI2,0.009425452887175112,0.9291338582677166,1.0
ANKRD16,1.402655423091998,0.2440944881889764,0.9923966216285223
FBXO18,0.29680572329787225,0.5669291338582677,1.0
IL15RA,1.0961053637231104,0.05511811023622047,0.9923966216285223
IL2RA,1.5274154780027054,0.2283464566929134,0.9923966216285223
RBM17,0.3461671701511957,0.23622047244094488,0.9923966216285223
PFKFB3,0.6513288533390522,0.48031496062992124,1.0
PRKCQ,-0.29260941289887477,0.48031496062992124,1.0
PRKCQ-AS1,-0.2619929281308657,0.5354330708661418,1.0
SFMBT2,-0.1918771039098015,0.3937007874015748,1.0
KIN,-0.6080435793129295,0.4330708661417323,1.0
ATP5C1,0.06552957757477618,0.7401574803149606,1.0
TAF3,-0.43512026867824893,0.5039370078740157,1.0
GATA3,-0.1865392592865991,0.5196850393700787,1.0
CELF2,-0.21449021714501093,0.4330708661417323,1.0
CELF2-AS1,1.2896837062634878,0.11811023622047244,0.9923966216285223
USP6NL,0.148226385857825,0.9212598425196851,1.0
UPF2,-0.41838410959682104,0.2125984251968504,0.9923966216285223
DHTKD1,0.24055928187207076,0.5669291338582677,1.0
SEC61A2,-0.8294465780457154,0.31496062992125984,0.9923966216285223
NUDT5,-0.12626312852930077,0.6771653543307087,1.0
CDC123,0.2681795410350398,0.4409448818897638,1.0
CAMK1D,0.05658771627893788,0.9133858267716536,1.0
OPTN,-0.11868217160361194,0.7952755905511811,1.0
MCM10,-0.08316627793422704,0.9212598425196851,1.0
PHYH,0.0028134643330059994,0.9921259842519685,1.0
SEPHS1,0.21770229220141069,0.6692913385826772,1.0
PRPF18,0.48871754837444215,0.25984251968503935,0.9923966216285223
AL157392.3,0.048012199075727624,0.905511811023622,1.0
FRMD4A,1.230401164233816,0.29133858267716534,0.9923966216285223
FAM107B,-0.11847880124679833,0.6220472440944882,1.0
HSPA14,-0.4052417354976203,0.7244094488188977,1.0
SUV39H2,-0.7243395578366751,0.14960629921259844,0.9923966216285223
DCLRE1C,0.2035805274822451,0.7086614173228346,1.0
MEIG1,-0.1809137620352974,0.8110236220472441,1.0
RPP38,0.031571577901557735,0.9606299212598425,1.0
NMT2,-0.30774990821658754,0.3858267716535433,1.0
FAM171A1,1.0465521192183318,0.07086614173228346,0.9923966216285223
ITGA8,1.148827593662064,0.29133858267716534,0.9923966216285223
MINDY3,0.7949070776662639,0.05511811023622047,0.9923966216285223
PTER,0.0873692054220836,0.8976377952755905,1.0
C1QL3,0.03479177093241059,1.0,1.0
RSU1,-0.05444640500778686,0.7559055118110236,1.0
CUBN,0.94518258829196,0.2440944881889764,0.9923966216285223
TRDMT1,-0.7181617745855196,0.1732283464566929,0.9923966216285223
VIM-AS1,0.3564543983458295,0.5669291338582677,1.0
VIM,0.6826861149667316,0.14173228346456693,0.9923966216285223
HACD1,0.4330854836947897,0.6062992125984252,1.0
STAM,-0.6462530411590892,0.09448818897637795,0.9923966216285223
AL450384.2,-0.0373218827634596,0.952755905511811,1.0
NSUN6,0.6195499989458053,0.07874015748031496,0.9923966216285223
ARL5B,-0.07232836675074417,0.8818897637795275,1.0
MLLT10,-0.31945383875264,0.2204724409448819,0.9923966216285223
HNRNPRP1,0.02369150701873468,1.0,1.0
DNAJC1,0.51192808044736,0.11811023622047244,0.9923966216285223
COMMD3,0.8199524719398728,0.047244094488188976,0.9923966216285223
BMI1,-0.38989873600916614,0.2755905511811024,0.9923966216285223
PIP4K2A,-0.30833993299290263,0.1732283464566929,0.9923966216285223
MSRB2,-0.606346854654314,0.5039370078740157,1.0
YWHAZP3,0.13059525444004016,0.8031496062992126,1.0
OTUD1,0.016215334024489714,0.9606299212598425,1.0
ARHGAP21,0.9131495450306182,0.10236220472440945,0.9923966216285223
PRTFDC1,-0.0708434038403607,0.9763779527559056,1.0
THNSL1,-0.9758751526709586,0.28346456692913385,0.9923966216285223
APBB1IP,0.030752114309774647,0.905511811023622,1.0
PDSS1,-0.8478456136315216,0.31496062992125984,0.9923966216285223
ABI1,-0.3871506927115398,0.2992125984251969,0.9923966216285223
ANKRD26,-0.24052027401298393,0.48031496062992124,1.0
YME1L1,-0.09701344254658473,0.5984251968503937,1.0
MASTL,0.34354570162360876,0.8503937007874016,1.0
ACBD5,-0.13795338591992223,0.6614173228346457,1.0
RAB18,-0.10208868339283939,0.7244094488188977,1.0
MPP7,-1.485334346647079,0.05511811023622047,0.9923966216285223
WAC-AS1,-0.2635923999368046,0.5354330708661418,1.0
WAC,-0.12090498565781616,0.6062992125984252,1.0
BAMBI,-0.982779948414812,0.30708661417322836,0.9923966216285223
SVIL-AS1,0.05009544786163067,1.0,1.0
SVIL,-0.6629202702613295,0.5275590551181102,1.0
MTPAP,-0.23852138886173702,0.3779527559055118,0.9979787009382448
MAP3K8,-0.7701356911821593,0.08661417322834646,0.9923966216285223
ZNF438,1.228081299507661,0.18110236220472442,0.9923966216285223
ZEB1-AS1,0.7296010972507267,0.09448818897637795,0.9923966216285223
ZEB1,-0.2083913713661234,0.3858267716535433,1.0
ARHGAP12,-0.5745820826115562,0.25196850393700787,0.9923966216285223
KIF5B,0.15769487176401142,0.5039370078740157,1.0
RPS4XP11,-0.623053401144293,0.5118110236220472,1.0
PPIAP31,-1.2582294412591546,0.14960629921259844,0.9923966216285223
EPC1,-0.2809158583577194,0.31496062992125984,0.9923966216285223
CCDC7,-1.1359504055216028,0.23622047244094488,0.9923966216285223
AL365203.2,-0.8523844037238091,0.3543307086614173,0.9923966216285223
ITGB1,-0.2620208005237812,0.16535433070866143,0.9923966216285223
CUL2,-0.6336752802075765,0.25196850393700787,0.9923966216285223
CREM,-0.034293949676742486,0.937007874015748,1.0
AL117336.2,-0.830046632140639,0.31496062992125984,0.9923966216285223
CCNY,-0.10069689652901381,0.6456692913385826,1.0
NAMPTP1,0.216414913184086,0.7401574803149606,1.0
ZNF248,-0.8929295879316954,0.33070866141732286,0.9923966216285223
ZNF25,-0.17337442220663224,0.8503937007874016,1.0
ZNF33A,0.11800240481475921,0.8188976377952756,1.0
ZNF37A,0.08345837611230245,0.8267716535433071,1.0
HSD17B7P2,0.00019463489464688344,1.0,1.0
ZNF37BP,0.1584907963043758,0.7086614173228346,1.0
ZNF33B,-0.19396634341907504,0.7165354330708661,1.0
BMS1,-0.2514965701819696,0.48031496062992124,1.0
CSGALNACT2,0.05283519305412909,0.7637795275590551,1.0
RASGEF1A,0.5296735788190419,0.1968503937007874,0.9923966216285223
HNRNPF,-0.030649331745514985,0.9448818897637795,1.0
ZNF487,-0.004094514919184888,1.0,1.0
CAP1P2,-1.656129667513105,0.07874015748031496,0.9923966216285223
ZNF485,-0.7250542947681131,0.4566929133858268,1.0
ZNF32,-0.6051707551439762,0.4409448818897638,1.0
HNRNPA3P1,-1.0235909938937082,0.12598425196850394,0.9923966216285223
CXCL12,-0.47470527077993463,0.7322834645669292,1.0
RASSF4,-0.563991499770331,0.5196850393700787,1.0
ZNF22,-0.28063728085181516,0.5196850393700787,1.0
ALOX5,-0.11932867106122824,0.968503937007874,1.0
MARCH8,-0.11551289728583214,0.6062992125984252,1.0
ZFAND4,-0.09263871183858052,0.9212598425196851,1.0
WASHC2C,0.10918406757231569,0.7874015748031497,1.0
PARGP1,-2.4868240042725365,0.031496062992125984,0.9923966216285223
TIMM23,0.28026128932320393,0.5984251968503937,1.0
NCOA4,-0.04101673035683717,0.84251968503937,1.0
MAPK8,-0.17615432895234928,0.4330708661417323,1.0
WDFY4,1.6048431383292374,0.14173228346456693,0.9923966216285223
VSTM4,-0.6568774235800015,0.6062992125984252,1.0
C10orf128,-0.028489637780807264,0.8976377952755905,1.0
ERCC6,-0.4340488070648014,0.18110236220472442,0.9923966216285223
PARG,-0.30511529159533435,0.5433070866141733,1.0
TIMM23B,-0.4144899365694825,0.2204724409448819,0.9923966216285223
AGAP6,0.05275758565922839,0.8818897637795275,1.0
WASHC2A,0.02662107525088775,0.8976377952755905,1.0
ASAH2,-0.04932607240553066,0.905511811023622,1.0
DYNC1I2P1,0.4926999417454927,0.6614173228346457,1.0
SGMS1,0.5159684449759192,0.06299212598425197,0.9923966216285223
AC069547.1,-0.3014670367572969,0.7637795275590551,1.0
SGMS1-AS1,0.30846912137183513,0.5905511811023622,1.0
BEND3P1,0.07512326023214899,0.889763779527559,1.0
PGGT1BP1,0.3071732859901679,0.6456692913385826,1.0
ASAH2B,0.8652481046754468,0.07086614173228346,0.9923966216285223
CSTF2T,0.4206865429278501,0.4330708661417323,1.0
ZWINT,0.1650841131555767,0.8031496062992126,1.0
IPMK,0.12482526745755385,0.7952755905511811,1.0
CISD1,-0.2874613646992983,0.5826771653543307,1.0
UBE2D1,-0.07416477732237947,0.84251968503937,1.0
TFAM,-0.11449649299051856,0.7086614173228346,1.0
CCDC6,0.08512503979119757,0.5590551181102362,1.0
ANK3,-0.09151365088575059,0.9448818897637795,1.0
CDK1,0.41745433405629306,0.5511811023622047,1.0
ARID5B,0.5240891559120318,0.2755905511811024,0.9923966216285223
RTKN2,-1.4417423509315883,0.11023622047244094,0.9923966216285223
ZNF365,0.1506171831745875,0.9212598425196851,1.0
ADO,-0.0792961356123385,0.8582677165354331,1.0
EGR2,0.30390357270303703,0.7165354330708661,1.0
NRBF2,-0.6366823479945536,0.03937007874015748,0.9923966216285223
JMJD1C,-0.3620633098428261,0.2677165354330709,0.9923966216285223
TATDN1P1,-0.5747418324296376,0.7165354330708661,1.0
REEP3,0.15358743378224027,0.6141732283464567,1.0
RPL7AP50,-0.5243148805191535,0.6299212598425197,1.0
DBF4P1,-0.17326406522247328,0.7086614173228346,1.0
RPL12P8,0.372243604462984,0.6692913385826772,1.0
SIRT1,-0.6417461993233147,0.29133858267716534,0.9923966216285223
HERC4,-0.2602400504123237,0.44881889763779526,1.0
HNRNPH3,-0.35391857659494264,0.29133858267716534,0.9923966216285223
RUFY2,-0.9924017478826186,0.3543307086614173,0.9923966216285223
DNA2,0.6859387162209072,0.13385826771653545,0.9923966216285223
SLC25A16,0.5966427469040743,0.7007874015748031,1.0
TMEM14DP,-0.43170915972762547,0.5039370078740157,1.0
TET1,1.317314753077068,0.11811023622047244,0.9923966216285223
COX20P1,-0.5146474404207515,0.2992125984251969,0.9923966216285223
AL513534.1,0.5344079257590532,0.6062992125984252,1.0
CCAR1,0.09147508110841951,0.6377952755905512,1.0
DDX50,-0.17686529735140066,0.6929133858267716,1.0
DDX21,0.02016062768532123,0.9212598425196851,1.0
KIF1BP,-0.5520245202150784,0.5354330708661418,1.0
SRGN,0.059135463096739116,0.8582677165354331,1.0
VPS26A,0.022303679368191887,0.9133858267716536,1.0
SUPV3L1,-0.011543034820538978,0.9763779527559056,1.0
HKDC1,0.26837609649336314,0.84251968503937,1.0
HK1,0.3025206128430682,0.28346456692913385,0.9923966216285223
FAM241B,-0.1274275713328039,0.905511811023622,1.0
H2AFY2,-1.28866269089329,0.1732283464566929,0.9923966216285223
AIFM2,1.7323427740931203,0.031496062992125984,0.9923966216285223
TYSND1,0.34954669964435503,0.4251968503937008,1.0
SAR1A,0.13007545123491404,0.5984251968503937,1.0
CALM2P2,0.012677332857319978,0.984251968503937,1.0
PPA1,0.2938863627107571,0.6299212598425197,1.0
LRRC20,-0.46852084288609586,0.5984251968503937,1.0
CEP57L1P1,-0.4121919252751587,0.6692913385826772,1.0
EIF4EBP2,-0.37433431894162705,0.13385826771653545,0.9923966216285223
PRF1,-0.10946151706134977,0.8818897637795275,1.0
SGPL1,-0.38400634012354296,0.7874015748031497,1.0
PCBD1,0.23244351181729606,0.7086614173228346,1.0
VSIR,0.08854470271815096,0.905511811023622,1.0
PSAP,0.15790523388782063,0.5039370078740157,1.0
SPOCK2,-0.3274829837672293,0.2755905511811024,0.9923966216285223
ASCC1,-0.17720198626425354,0.8582677165354331,1.0
ANAPC16,-0.12137733704034126,0.7637795275590551,1.0
DDIT4,-0.5007157063615706,0.5748031496062992,1.0
DNAJB12,-0.19624534211027456,0.7559055118110236,1.0
MICU1,-0.4482901301752369,0.3700787401574803,0.9923966216285223
MCU,0.9585805604592337,0.015748031496062992,0.9923966216285223
NPM1P24,-1.2888286275716274,0.1889763779527559,0.9923966216285223
P4HA1,0.3258825754719368,0.33070866141732286,0.9923966216285223
ECD,-0.7955178169964974,0.08661417322834646,0.9923966216285223
FAM149B1,0.5681312055529748,0.4881889763779528,1.0
DNAJC9,-0.4595544122041,0.33070866141732286,0.9923966216285223
MRPS16,-0.00961472251821327,0.9921259842519685,1.0
ANXA7,-0.05750070464318391,0.8661417322834646,1.0
MSS51,0.06318831261484426,0.952755905511811,1.0
PPP3CB,-0.14770839033169114,0.25984251968503935,0.9923966216285223
PPP3CB-AS1,-1.0116030444202604,0.3464566929133858,0.9923966216285223
USP54,0.7419994727364121,0.2283464566929134,0.9923966216285223
AC022400.7,0.2275452680860175,0.7165354330708661,1.0
SEC24C,-0.5747081597726615,0.5275590551181102,1.0
FUT11,-0.13402625842559157,0.7322834645669292,1.0
CHCHD1,0.27049165374480477,0.6456692913385826,1.0
ZSWIM8,-0.1751452008695107,0.9291338582677166,1.0
CAMK2G,0.013004049191468248,0.9763779527559056,1.0
PLAU,-0.22067329042872053,0.8110236220472441,1.0
VCL,-0.7067473603265082,0.3700787401574803,0.9923966216285223
AP3M1,-0.0144687366213887,0.968503937007874,1.0
ADK,0.029076733339608474,0.9291338582677166,1.0
KAT6B,-0.8475846054534806,0.015748031496062992,0.9923966216285223
SAMD8,-0.18673605889150835,0.6614173228346457,1.0
VDAC2,0.11121154488300444,0.7559055118110236,1.0
COMTD1,0.35346600834688724,0.7401574803149606,1.0
KCNMA1,2.720760243844434,0.047244094488188976,0.9923966216285223
POLR3A,0.04971501390210431,0.7874015748031497,1.0
RPS24,-0.07472007459125507,0.4015748031496063,1.0
ZMIZ1,1.1104550206498187,0.03937007874015748,0.9923966216285223
PPIF,0.16710305163527117,0.8818897637795275,1.0
ZCCHC24,-0.7770884699978797,0.3464566929133858,0.9923966216285223
EIF5AL1,-0.13940214061992018,0.8740157480314961,1.0
NUTM2B-AS1,0.5469241768956952,0.5905511811023622,1.0
AL135925.1,-1.7869630739031819,0.05511811023622047,0.9923966216285223
TMEM254,0.07031479770715743,0.9448818897637795,1.0
ANXA11,-0.15990719012250043,0.5905511811023622,1.0
FAM213A,-0.16062690146014735,0.8740157480314961,1.0
TSPAN14,0.3868910529187568,0.5354330708661418,1.0
GHITM,-0.04677306561105343,0.905511811023622,1.0
CDHR1,0.4564956486394123,0.7007874015748031,1.0
CCSER2,-0.2422396599209602,0.41732283464566927,1.0
RPS3AP5,-0.5756143828301568,0.3858267716535433,1.0
WAPL,-0.2807943612057917,0.25984251968503935,0.9923966216285223
BMPR1A,-0.2906375579230902,0.36220472440944884,0.9923966216285223
MMRN2,1.9937391569726994,0.05511811023622047,0.9923966216285223
GLUD1,0.18082739343180343,0.4251968503937008,1.0
FAM35A,0.11547586065586568,0.6614173228346457,1.0
NUTM2A-AS1,-0.22628789375763692,0.84251968503937,1.0
LINC00863,0.10576442369487316,0.9212598425196851,1.0
MINPP1,0.07906419517384267,0.889763779527559,1.0
ATAD1,-0.20083631392266454,0.31496062992125984,0.9923966216285223
PTEN,-0.12977392319420655,0.47244094488188976,1.0
RPL11P3,0.2742242889800939,0.5590551181102362,1.0
RNLS,0.35747733370936063,0.6220472440944882,1.0
STAMBPL1,0.027743459567898476,0.952755905511811,1.0
FAS,0.38207979645251555,0.11023622047244094,0.9923966216285223
LIPA,-0.00694829389171403,0.984251968503937,1.0
IFIT2,-1.0027191417627224,0.10236220472440945,0.9923966216285223
IFIT3,-0.8580004213426182,0.4094488188976378,1.0
IFIT5,-0.7730167623097874,0.25984251968503935,0.9923966216285223
PANK1,0.8738472035904408,0.28346456692913385,0.9923966216285223
KIF20B,0.13259374506776922,0.7874015748031497,1.0
RPP30,-0.11641109903137625,0.7716535433070866,1.0
PCGF5,-0.007828281499542733,0.9606299212598425,1.0
HECTD2,-1.4284572033452596,0.11811023622047244,0.9923966216285223
TNKS2,0.032843522324502494,0.8582677165354331,1.0
SRP9P1,-0.6078925190884354,0.2677165354330709,0.9923966216285223
FGFBP3,-0.957285645790368,0.2283464566929134,0.9923966216285223
BTAF1,-0.2917137646089456,0.2992125984251969,0.9923966216285223
CPEB3,-0.1394556047643145,0.8031496062992126,1.0
NHP2P1,-1.0922351764433227,0.2755905511811024,0.9923966216285223
MARCH5,-0.04465018116512365,0.8976377952755905,1.0
IDE,0.36774573198749927,0.2440944881889764,0.9923966216285223
KIF11,0.07084411329028661,0.8976377952755905,1.0
EIF2S2P3,0.6030087560434461,0.29133858267716534,0.9923966216285223
HHEX,0.7038626912201851,0.3228346456692913,0.9923966216285223
EXOC6,-0.14617650107709235,0.6614173228346457,1.0
MYOF,0.5221737010341939,0.6062992125984252,1.0
CEP55,1.1354385471139796,0.4015748031496063,1.0
FRA10AC1,-0.35118894389049693,0.4566929133858268,1.0
SLC35G1,-0.36295210219016183,0.7086614173228346,1.0
PIPSL,-0.41349055503990106,0.5511811023622047,1.0
PLCE1,0.00921943876888176,1.0,1.0
NOC3L,0.31151220448760863,0.3543307086614173,0.9923966216285223
TBC1D12,-0.1209995830265218,0.9212598425196851,1.0
HELLS,-0.222501562316042,0.6771653543307087,1.0
PDLIM1,0.6484257644122833,0.2677165354330709,0.9923966216285223
ALDH18A1,-0.4989704870171048,0.4645669291338583,1.0
TCTN3,0.7149645670964011,0.08661417322834646,0.9923966216285223
ENTPD1,1.9304091428529322,0.15748031496062992,0.9923966216285223
ENTPD1-AS1,0.07428210191392681,0.968503937007874,1.0
CCNJ,-0.5009059685501829,0.2677165354330709,0.9923966216285223
ZNF518A,0.06788525676799395,0.7322834645669292,1.0
NPM1P25,0.0946048421285155,0.8110236220472441,1.0
BLNK,3.0047210007819816,0.07874015748031496,0.9923966216285223
TM9SF3,0.06530502544815864,0.7795275590551181,1.0
PIK3AP1,-0.1134624308534411,0.7244094488188977,1.0
RPL13AP5,0.01456426292091173,0.968503937007874,1.0
LCOR,-0.18628238615226067,0.3779527559055118,0.9979787009382448
ARHGAP19,0.5167997710201746,0.13385826771653545,0.9923966216285223
FRAT1,-0.04443780437718159,0.8267716535433071,1.0
FRAT2,-0.693347055387731,0.2125984251968504,0.9923966216285223
RRP12,0.6431726797093735,0.49606299212598426,1.0
PGAM1,-0.024929184212657773,0.968503937007874,1.0
EXOSC1,0.8130268556733435,0.14960629921259844,0.9923966216285223
ZDHHC16,0.6857818369831685,0.015748031496062992,0.9923966216285223
MMS19,0.6450643283306241,0.2047244094488189,0.9923966216285223
PI4K2A,-0.10687017635477147,0.8818897637795275,1.0
AVPI1,-0.23634111834992666,0.9133858267716536,1.0
ZFYVE27,-0.467929180106212,0.6929133858267716,1.0
GOLGA7B,-0.818317634639522,0.29133858267716534,0.9923966216285223
R3HCC1L,-0.047962631269943934,0.8976377952755905,1.0
PYROXD2,0.06428014147712413,0.952755905511811,1.0
HPS1,-0.3152290240455162,0.25984251968503935,0.9923966216285223
GOT1,0.36148975020432683,0.31496062992125984,0.9923966216285223
SLC25A28,-0.5989988342296506,0.25196850393700787,0.9923966216285223
ENTPD7,0.33621715184105705,0.6299212598425197,1.0
CUTC,-0.5046017301654704,0.3779527559055118,0.9979787009382448
COX15,0.6358248841183851,0.03937007874015748,0.9923966216285223
DNMBP,-0.4781004947295444,0.3858267716535433,1.0
ERLIN1,-0.6047896382311047,0.07086614173228346,0.9923966216285223
CHUK,-0.19261795249596503,0.5905511811023622,1.0
CWF19L1,-0.4214044564874202,0.2283464566929134,0.9923966216285223
BLOC1S2,-0.2800060000349589,0.2755905511811024,0.9923966216285223
SCD,-1.633233401053217,0.015748031496062992,0.9923966216285223
OLMALINC,-0.06781980942403276,0.905511811023622,1.0
SEC31B,-1.0700423941781638,0.07874015748031496,0.9923966216285223
NDUFB8,0.002625139413603428,1.0,1.0
HIF1AN,-0.3993461395952096,0.4645669291338583,1.0
SLF2,0.1662445665674026,0.5905511811023622,1.0
MRPL43,0.15982214710625264,0.6299212598425197,1.0
TWNK,-1.7151716952636786,0.11023622047244094,0.9923966216285223
LZTS2,0.21673397403641292,0.889763779527559,1.0
SFXN3,0.5573967312641073,0.2440944881889764,0.9923966216285223
BTRC,-0.4800369087428509,0.2047244094488189,0.9923966216285223
DPCD,1.2769620854873447,0.023622047244094488,0.9923966216285223
POLL,-0.15475630945465269,0.905511811023622,1.0
FBXW4,0.591083447767041,0.7480314960629921,1.0
NPM3,-0.2616537146012172,0.7401574803149606,1.0
MGEA5,-0.13228943594771891,0.6299212598425197,1.0
C10orf76,-0.5176596326107985,0.05511811023622047,0.9923966216285223
HPS6,0.23017913574118332,0.8188976377952756,1.0
LDB1,0.13129367172660267,0.7401574803149606,1.0
PPRC1,0.185392141264904,0.2992125984251969,0.9923966216285223
NOLC1,-0.3555912844773603,0.30708661417322836,0.9923966216285223
GBF1,0.273639165780307,0.5748031496062992,1.0
NFKB2,0.7292116162380031,0.5275590551181102,1.0
FBXL15,0.15251847757734494,0.8976377952755905,1.0
CUEDC2,-0.1006165616846264,0.8188976377952756,1.0
RPARP-AS1,-0.08283625843174436,0.8818897637795275,1.0
MFSD13A,-1.0818896434109844,0.18110236220472442,0.9923966216285223
ACTR1A,0.4732222742681609,0.2283464566929134,0.9923966216285223
SUFU,0.13290537829425997,0.7401574803149606,1.0
TRIM8,0.11183652948273703,0.7952755905511811,1.0
ARL3,0.546538733175943,0.33858267716535434,0.9923966216285223
SFXN2,-0.7409251829628345,0.16535433070866143,0.9923966216285223
WBP1L,-0.03376301257495573,0.952755905511811,1.0
BORCS7,-0.09258810766474745,0.7795275590551181,1.0
CNNM2,-0.647996502439586,0.5039370078740157,1.0
NT5C2,-0.4446894528498926,0.6929133858267716,1.0
PCGF6,0.19926881826331755,0.7795275590551181,1.0
TAF5,0.26901339585338,0.44881889763779526,1.0
USMG5,0.11127841338793942,0.7165354330708661,1.0
PDCD11,0.23803915008934773,0.4330708661417323,1.0
CALHM2,0.3018366251963016,0.6062992125984252,1.0
SH3PXD2A,0.2331319705952275,0.7244094488188977,1.0
AL133355.1,1.1829559109130052,0.13385826771653545,0.9923966216285223
STN1,-0.45665678568502743,0.5669291338582677,1.0
SLK,0.04771538892700811,0.889763779527559,1.0
SFR1,-1.4531081765728993,0.05511811023622047,0.9923966216285223
GSTO1,-0.2090613432086661,0.5826771653543307,1.0
ITPRIP,-0.35975665008473445,0.3700787401574803,0.9923966216285223
XPNPEP1,-0.10412857998693248,0.6929133858267716,1.0
ADD3,-0.6428055773587786,0.11023622047244094,0.9923966216285223
MXI1,-0.7293843502240192,0.4566929133858268,1.0
SMNDC1,-0.2132598593533661,0.2755905511811024,0.9923966216285223
DUSP5,0.7167393570626803,0.07086614173228346,0.9923966216285223
SMC3,-0.05617387854195588,0.8188976377952756,1.0
PDCD4-AS1,-0.5443395101337618,0.3700787401574803,0.9923966216285223
PDCD4,-0.34406489643099647,0.2047244094488189,0.9923966216285223
BBIP1,-0.016843858356865304,0.9763779527559056,1.0
AL158163.1,-1.6355574562743702,0.05511811023622047,0.9923966216285223
SHOC2,-0.14758818206340774,0.4251968503937008,1.0
GPAM,-0.23085954776359596,0.6850393700787402,1.0
ACSL5,-0.11431622711492917,0.7637795275590551,1.0
ZDHHC6,0.08482670979694351,0.7401574803149606,1.0
VTI1A,-0.25315627682862996,0.3543307086614173,0.9923966216285223
TCF7L2,-1.808204244450701,0.06299212598425197,0.9923966216285223
CASP7,0.003444849225991753,0.984251968503937,1.0
DCLRE1A,0.3825896363226122,0.5905511811023622,1.0
NHLRC2,0.026818042373828455,0.9212598425196851,1.0
CCDC186,-0.21702628085026543,0.06299212598425197,0.9923966216285223
AFAP1L2,0.2340749423506736,0.7716535433070866,1.0
ABLIM1,-0.12492630167967533,0.7874015748031497,1.0
FAM160B1,-0.47460975325995847,0.11811023622047244,0.9923966216285223
TRUB1,0.15169401386856896,0.7322834645669292,1.0
PDZD8,-0.06364768493253603,0.8661417322834646,1.0
RAB11FIP2,-0.49276208671860466,0.2677165354330709,0.9923966216285223
FAM204A,0.0013358432389605213,1.0,1.0
CACUL1,-0.047314828034721756,0.8818897637795275,1.0
RPL17P36,-0.9347939775011449,0.33070866141732286,0.9923966216285223
EIF3A,-0.20533249002821563,0.23622047244094488,0.9923966216285223
FAM45A,-0.5505133372961866,0.4251968503937008,1.0
SFXN4,-0.44682083561260644,0.7874015748031497,1.0
PRDX3,-0.10817613257215708,0.8110236220472441,1.0
GRK5,-0.25927394440913387,0.5826771653543307,1.0
RGS10,-0.15923794700375193,0.5669291338582677,1.0
TIAL1,0.010125110211017585,0.9291338582677166,1.0
BAG3,-0.11219946829935168,0.6929133858267716,1.0
INPP5F,-0.21860840262886017,0.7086614173228346,1.0
MCMBP,-0.1875347018540392,0.7322834645669292,1.0
SEC23IP,0.13161274658906308,0.5748031496062992,1.0
RPL21P16,-1.1311112906171736,0.2440944881889764,0.9923966216285223
WDR11,-0.34121147792812057,0.6062992125984252,1.0
FGFR2,0.8586696751783969,0.49606299212598426,1.0
ATE1,-0.21376579982681232,0.2125984251968504,0.9923966216285223
NSMCE4A,0.3652515652373314,0.11811023622047244,0.9923966216285223
PLEKHA1,-0.21811866906354904,0.7952755905511811,1.0
HTRA1,1.1214460611862909,0.2283464566929134,0.9923966216285223
CUZD1,-0.07584082905263156,1.0,1.0
C10orf88,0.47790109627505206,0.36220472440944884,0.9923966216285223
PSTK,0.04788537826458783,0.952755905511811,1.0
IKZF5,-0.08114497303312351,0.8976377952755905,1.0
ACADSB,-0.2500248181628413,0.3464566929133858,0.9923966216285223
BUB3,0.19193336031701058,0.29133858267716534,0.9923966216285223
CHST15,2.0290198866338494,0.09448818897637795,0.9923966216285223
OAT,-0.37447193506124776,0.2204724409448819,0.9923966216285223
LHPP,0.942068620412519,0.09448818897637795,0.9923966216285223
FAM53B,0.11761786586489542,0.9212598425196851,1.0
EEF1AKMT2,-0.209899865221975,0.8740157480314961,1.0
ABRAXAS2,0.5015296338198496,0.25984251968503935,0.9923966216285223
ZRANB1,-0.6066775381119047,0.031496062992125984,0.9923966216285223
CTBP2,-1.204451756765211,0.4566929133858268,1.0
EDRF1,0.06507164909004448,0.8503937007874016,1.0
UROS,-0.10719819112100826,0.7874015748031497,1.0
BCCIP,0.2808253869622632,0.6299212598425197,1.0
DHX32,0.5131581266274524,0.6850393700787402,1.0
ADAM12,-1.3358177123454889,0.2992125984251969,0.9923966216285223
PTPRE,-0.24190943059698,0.36220472440944884,0.9923966216285223
MKI67,0.3385168595931418,0.6535433070866141,1.0
MGMT,-0.3605602610784948,0.5984251968503937,1.0
C10orf143,-1.0015952900582772,0.2677165354330709,0.9923966216285223
CTAGE7P,-1.1964370579909245,0.03937007874015748,0.9923966216285223
GLRX3,-0.4573706559272859,0.5118110236220472,1.0
PPP2R2D,0.0394919197759922,0.9212598425196851,1.0
BNIP3,-0.8154740613040281,0.023622047244094488,0.9923966216285223
STK32C,-0.559955194756212,0.3700787401574803,0.9923966216285223
INPP5A,-0.621038878934975,0.2440944881889764,0.9923966216285223
ADAM8,0.09795034516686751,0.8031496062992126,1.0
TUBGCP2,-0.43000575397793384,0.4566929133858268,1.0
ZNF511,0.10620206493635287,0.7559055118110236,1.0
FUOM,0.5328612854154706,0.5275590551181102,1.0
ECHS1,0.735471384996897,0.3228346456692913,0.9923966216285223
PAOX,0.15210379109705885,0.9448818897637795,1.0
SCART1,-1.751383864264659,0.2283464566929134,0.9923966216285223
AC215219.1,-0.06024312516620256,0.9291338582677166,1.0
AC007406.5,-0.1296594279113048,0.8818897637795275,1.0
KDM5A,-0.08404289655162422,0.7874015748031497,1.0
CCDC77,0.1790872409183608,0.6614173228346457,1.0
NINJ2,0.5446006826047403,0.3464566929133858,0.9923966216285223
AC021054.1,-0.025231333461834815,0.984251968503937,1.0
WNK1,0.6103994017699694,0.05511811023622047,0.9923966216285223
RAD52,-0.6701687214345231,0.5275590551181102,1.0
ERC1,-0.7113408959689305,0.7559055118110236,1.0
WNT5B,0.962856067636873,0.3700787401574803,0.9923966216285223
ADIPOR2,-0.023585948265688828,0.952755905511811,1.0
RPS4XP14,-0.14090727709959716,0.952755905511811,1.0
CACNA2D4,-1.6354267136548193,0.10236220472440945,0.9923966216285223
DCP1B,0.02236143587204875,0.9448818897637795,1.0
CACNA1C-AS2,-0.9869401445403831,0.25196850393700787,0.9923966216285223
FKBP4,-0.056717643567586684,0.8582677165354331,1.0
ITFG2,-0.8491032349832963,0.6062992125984252,1.0
NRIP2,-0.8224910130881478,0.33858267716535434,0.9923966216285223
FOXM1,0.4178553637269551,0.6614173228346457,1.0
RHNO1,0.3697994155775808,0.4251968503937008,1.0
TULP3,0.2981511632541758,0.7559055118110236,1.0
AC005912.1,-0.28959483509424366,0.6299212598425197,1.0
CRACR2A,-0.1666679888053233,0.6929133858267716,1.0
AC005831.1,-0.7651935250612194,0.06299212598425197,0.9923966216285223
PARP11,-0.47985925374473704,0.4251968503937008,1.0
CCND2,0.16970081350812016,0.3543307086614173,0.9923966216285223
TIGAR,-0.30943697730145914,0.6771653543307087,1.0
C12orf4,-0.2926779434442599,0.7007874015748031,1.0
RAD51AP1,-0.13475596305786475,0.84251968503937,1.0
DYRK4,0.6755606893481119,0.33858267716535434,0.9923966216285223
NDUFA9,0.15371327003087387,0.8110236220472441,1.0
VWF,1.87509325060266,0.1732283464566929,0.9923966216285223
CD9,1.0882290629672906,0.1889763779527559,0.9923966216285223
TNFRSF1A,-0.9756461129999177,0.4251968503937008,1.0
LTBR,0.053023735229273505,1.0,1.0
AC005840.1,-0.7765209636993329,0.14960629921259844,0.9923966216285223
AC005840.2,-0.4367639682054938,0.5984251968503937,1.0
CD27-AS1,-0.540826578054177,0.5669291338582677,1.0
CD27,0.9214260303825292,0.23622047244094488,0.9923966216285223
TAPBPL,0.32155906612711327,0.5511811023622047,1.0
VAMP1,0.208437869459134,0.7795275590551181,1.0
AC005840.5,-0.29917254740093213,0.7795275590551181,1.0
MRPL51,0.4129725853220938,0.3543307086614173,0.9923966216285223
NCAPD2,0.18989935962583093,0.5905511811023622,1.0
GAPDH,0.45881684029528635,0.5354330708661418,1.0
IFFO1,-0.3475665104687513,0.3700787401574803,0.9923966216285223
NOP2,0.6061981390933244,0.29133858267716534,0.9923966216285223
CHD4,-0.10235789886466407,0.6220472440944882,1.0
LPAR5,0.4908632424857582,0.49606299212598426,1.0
ING4,0.014572737018574422,0.9763779527559056,1.0
COPS7A,0.1724009607213679,0.5984251968503937,1.0
MLF2,0.11159632801160058,0.49606299212598426,1.0
PTMS,0.6629625876389085,0.8031496062992126,1.0
LAG3,0.9684732560087248,0.5196850393700787,1.0
CD4,0.30802184189571946,0.5748031496062992,1.0
CDCA3,-0.17571577662103444,0.937007874015748,1.0
USP5,0.3581890987359735,0.5826771653543307,1.0
TPI1,-0.028043095346367508,0.9448818897637795,1.0
SPSB2,0.5587576371103773,0.47244094488188976,1.0
RPL13P5,-0.16524301163955468,0.937007874015748,1.0
DSTNP2,-0.08416557337360908,0.8661417322834646,1.0
ENO2,-0.3613057193056717,0.07086614173228346,0.9923966216285223
ATN1,0.36579055363292845,0.6141732283464567,1.0
C12orf57,-0.09334545473515554,0.9606299212598425,1.0
PTPN6,0.41107444407650995,0.2283464566929134,0.9923966216285223
PHB2,-0.0662447692107122,0.8818897637795275,1.0
EMG1,0.30804879869158164,0.5511811023622047,1.0
C1S,-0.5432499243692734,0.6456692913385826,1.0
C1R,0.11488705735489324,0.9212598425196851,1.0
C1RL,-1.0572087750309147,0.023622047244094488,0.9923966216285223
C1RL-AS1,0.026295143415844713,0.9763779527559056,1.0
CLSTN3,0.7565609912617939,0.4015748031496063,1.0
PEX5,-0.6251944641553107,0.2677165354330709,0.9923966216285223
AC131206.1,-0.47438627099812436,0.47244094488188976,1.0
SLC2A3,-0.27466348078344893,0.7007874015748031,1.0
FOXJ2,0.5676969058678338,0.4881889763779528,1.0
C3AR1,-1.1203371517750589,0.36220472440944884,0.9923966216285223
NECAP1,-0.15410273719169343,0.6771653543307087,1.0
HADHAP2,-0.7947477767010453,0.3228346456692913,0.9923966216285223
RIMKLB,-0.9264816265198652,0.3464566929133858,0.9923966216285223
PHC1,0.3399255195678481,0.7637795275590551,1.0
M6PR,-0.1133395126388912,0.3464566929133858,0.9923966216285223
KLRG1,-1.0125757604965866,0.11023622047244094,0.9923966216285223
A2M,-0.27696468926787743,0.5669291338582677,1.0
PZP,-0.7190405757444138,0.4330708661417323,1.0
A2MP1,-0.81579560204883,0.4015748031496063,1.0
LINC00987,-1.4353552239644518,0.14960629921259844,0.9923966216285223
AC092821.3,-0.6359485458588872,0.4015748031496063,1.0
KLRB1,-1.5224990921831028,0.08661417322834646,0.9923966216285223
AC010186.2,0.3330735144444703,0.6456692913385826,1.0
AC010186.3,-1.0903104943391995,0.023622047244094488,0.9923966216285223
CLEC2D,-0.34887440035988604,0.18110236220472442,0.9923966216285223
CLECL1,1.5891559404411089,0.1968503937007874,0.9923966216285223
CD69,0.12867132248146085,0.7559055118110236,1.0
KLRF1,-2.226162370658124,0.11811023622047244,0.9923966216285223
CLEC2B,0.36441168138620306,0.2440944881889764,0.9923966216285223
CLEC12A-AS1,0.2884337233723593,0.7165354330708661,1.0
CLEC12A,0.9368289843580457,0.2677165354330709,0.9923966216285223
CLEC7A,0.6748962310815361,0.5275590551181102,1.0
OLR1,0.7830980364622249,0.6062992125984252,1.0
GABARAPL1,-0.7847855316594403,0.2204724409448819,0.9923966216285223
KLRD1,-1.0468316580448978,0.25196850393700787,0.9923966216285223
AC022075.1,-1.0214886711516784,0.25196850393700787,0.9923966216285223
KLRK1,-1.0205254553586562,0.3228346456692913,0.9923966216285223
KLRC2,0.3714714695707426,0.7952755905511811,1.0
KLRC1,1.200156876162914,0.4566929133858268,1.0
AC068775.1,-0.6119654525708107,0.29133858267716534,0.9923966216285223
LINC02446,0.05624764499687096,0.952755905511811,1.0
KLRA1P,-0.14594700660719528,0.889763779527559,1.0
MAGOHB,0.5592491946454521,0.30708661417322836,0.9923966216285223
STYK1,-0.030840103428037224,0.9763779527559056,1.0
YBX3,-0.012935079388055826,0.9763779527559056,1.0
SMIM10L1,-0.28989809233096775,0.5354330708661418,1.0
ETV6,0.6426780144237334,0.15748031496062992,0.9923966216285223
MIR1244-4,-0.5469529271142576,0.5275590551181102,1.0
LOH12CR2,-0.08627743370329144,0.889763779527559,1.0
BORCS5,-0.2861528335090866,0.5275590551181102,1.0
DUSP16,-0.1371059067707181,0.7401574803149606,1.0
CREBL2,-0.006447327042117479,0.9921259842519685,1.0
GPR19,0.6035539206521214,0.14960629921259844,0.9923966216285223
CDKN1B,-0.1634525543371037,0.5748031496062992,1.0
AC008115.3,0.17810064365530298,0.7952755905511811,1.0
APOLD1,1.2543410249367497,0.2125984251968504,0.9923966216285223
AC007688.1,-1.3324897930217507,0.023622047244094488,0.9923966216285223
HEBP1,0.1086713131074104,0.8188976377952756,1.0
FAM234B,0.18278241279375074,0.8740157480314961,1.0
EMP1,2.646226719096807,0.03937007874015748,0.9923966216285223
ATF7IP,-0.03224451988393895,0.8740157480314961,1.0
AC010168.2,-0.970577003166714,0.30708661417322836,0.9923966216285223
HIST4H4,-1.5337911631751358,0.03937007874015748,0.9923966216285223
H2AFJ,-0.10772550405527204,0.8346456692913385,1.0
WBP11,0.0515193100983975,0.7716535433070866,1.0
MGP,0.9856986096405976,0.33858267716535434,0.9923966216285223
ERP27,-1.8147639076758115,0.015748031496062992,0.9923966216285223
ARHGDIB,-0.03036178558389757,0.8976377952755905,1.0
METTL8P1,0.5382776034851724,0.33858267716535434,0.9923966216285223
STRAP,-0.07244144015609244,0.8267716535433071,1.0
DERA,0.11685404707758984,0.8818897637795275,1.0
SUPT16HP1,-0.11282807875774115,0.84251968503937,1.0
AC023512.1,-0.4874481970873559,0.10236220472440945,0.9923966216285223
PLEKHA5,0.2858228014682025,0.48031496062992124,1.0
AEBP2,-0.7371643946856743,0.023622047244094488,0.9923966216285223
PDCD5P1,-0.04954514351971273,0.9291338582677166,1.0
TCP1P3,-1.2349422162115251,0.07874015748031496,0.9923966216285223
PYROXD1,-0.3944079983023876,0.41732283464566927,1.0
RECQL,-0.15263180111295238,0.6692913385826772,1.0
GOLT1B,-0.21449249513780622,0.5669291338582677,1.0
LDHB,-0.4438812292179861,0.2440944881889764,0.9923966216285223
CMAS,-0.2262283905449518,0.6456692913385826,1.0
ST8SIA1,0.34050459350502926,0.5275590551181102,1.0
C2CD5,-0.17537375800938548,0.2677165354330709,0.9923966216285223
ETNK1,0.08813806558494086,0.7401574803149606,1.0
SOX5,0.7179478603724603,0.6850393700787402,1.0
BCAT1,0.10512068420031628,0.937007874015748,1.0
LRMP,-0.4964180951586563,0.5590551181102362,1.0
ETFRF1,-0.02967387457875814,0.9606299212598425,1.0
KRAS,0.0790868138403189,0.7716535433070866,1.0
TDGP1,0.6529405922813429,0.4251968503937008,1.0
BHLHE41,2.247507297642243,0.2047244094488189,0.9923966216285223
SSPN,1.0419874664750393,0.4330708661417323,1.0
ITPR2,0.5612739365731967,0.09448818897637795,0.9923966216285223
INTS13,-0.04455750312393736,0.889763779527559,1.0
FGFR1OP2,-0.01085722407149703,0.968503937007874,1.0
AC024896.1,-0.719779679177126,0.4566929133858268,1.0
TM7SF3,0.16506714889795582,0.5275590551181102,1.0
MED21,-0.12064871101739882,0.5826771653543307,1.0
AC092747.4,-0.5939146421957289,0.3228346456692913,0.9923966216285223
STK38L,-0.011694851024805608,0.984251968503937,1.0
ARNTL2,1.5891239311111365,0.2283464566929134,0.9923966216285223
PPFIBP1,-0.533649251869587,0.5354330708661418,1.0
MRPS35,-0.04186753159884571,0.8661417322834646,1.0
KLHL42,-0.21015226400468912,0.4881889763779528,1.0
CCDC91,0.1929345181151918,0.5905511811023622,1.0
FAR2,0.6912526435066648,0.10236220472440945,0.9923966216285223
ERGIC2,0.10355800044568664,0.7952755905511811,1.0
OVCH1-AS1,-0.17116134353063872,0.8188976377952756,1.0
IPO8,-0.2813448290966125,0.2283464566929134,0.9923966216285223
CAPRIN2,-0.4769731223745044,0.33070866141732286,0.9923966216285223
DDX11,0.7644818230954686,0.28346456692913385,0.9923966216285223
SINHCAF,-0.3455189636092806,0.5196850393700787,1.0
DENND5B,3.385579850741248,0.03937007874015748,0.9923966216285223
ETFBKMT,0.485429592715344,0.4094488188976378,1.0
AMN1,0.1593609419351314,0.8031496062992126,1.0
AC023157.3,-0.2649157247648639,0.8110236220472441,1.0
AC023157.1,-0.46308050536366174,0.44881889763779526,1.0
H3F3C,0.06147101736578531,0.952755905511811,1.0
KIAA1551,-0.13946041621903582,0.6456692913385826,1.0
AC016957.2,-0.5441147569632045,0.6220472440944882,1.0
BICD1,0.66350148313155,0.023622047244094488,0.9923966216285223
AC048344.4,-0.4467689020630333,0.48031496062992124,1.0
AC026356.1,1.421004300148298,0.07874015748031496,0.9923966216285223
FGD4,1.2734405453001751,0.11023622047244094,0.9923966216285223
DNM1L,0.4240512976233388,0.4645669291338583,1.0
AC084824.1,-0.5995693871476355,0.15748031496062992,0.9923966216285223
YARS2,-0.27269681966382375,0.8267716535433071,1.0
ALG10,0.19398637642608074,0.7086614173228346,1.0
ALG10B,0.11687909020271903,0.8346456692913385,1.0
CPNE8,0.32836060250043486,0.6614173228346457,1.0
KIF21A,-0.03852910223187678,0.937007874015748,1.0
ABCD2,-0.1430456333557535,0.9606299212598425,1.0
SLC2A13,0.3136540971661157,0.5669291338582677,1.0
LRRK2,0.9936039465690341,0.36220472440944884,0.9923966216285223
GXYLT1,-0.4119449886977975,0.36220472440944884,0.9923966216285223
YAF2,-0.21340858193771606,0.25984251968503935,0.9923966216285223
PPHLN1,-0.1171942381855553,0.5984251968503937,1.0
ZCRB1,0.5594747024147324,0.14173228346456693,0.9923966216285223
AC079601.2,-0.16165448116752845,0.8110236220472441,1.0
PUS7L,-0.2065913491546434,0.5905511811023622,1.0
IRAK4,-0.24548636858320982,0.4409448818897638,1.0
TWF1,-0.6022857455680093,0.09448818897637795,0.9923966216285223
NELL2,0.4107262598973618,0.7559055118110236,1.0
PLEKHA8P1,0.09708125949669721,0.84251968503937,1.0
ANO6,-0.3848083060432197,0.1732283464566929,0.9923966216285223
AC008124.1,-0.38279194472708333,0.47244094488188976,1.0
ARID2,0.32381940663448194,0.29133858267716534,0.9923966216285223
SCAF11,-0.11049935757686491,0.4251968503937008,1.0
SLC38A1,-0.3674176374384732,0.09448818897637795,0.9923966216285223
SLC38A2,-0.2692141768447671,0.36220472440944884,0.9923966216285223
AMIGO2,-0.540554011944308,0.015748031496062992,0.9923966216285223
PCED1B,0.11027118199574559,0.8267716535433071,1.0
AC119044.1,-1.2816034095215212,0.23622047244094488,0.9923966216285223
PCED1B-AS1,-0.17893558684375765,0.6929133858267716,1.0
RPAP3,0.06320722620316488,0.8740157480314961,1.0
RAPGEF3,-0.21585212355423888,0.905511811023622,1.0
SLC48A1,0.2075954167978784,0.8267716535433071,1.0
HDAC7,-0.20854545433286287,0.7244094488188977,1.0
VDR,1.8984380471254365,0.1889763779527559,0.9923966216285223
TMEM106C,-0.6499065458952424,0.11023622047244094,0.9923966216285223
AC004801.6,0.3571873913774185,0.6377952755905512,1.0
SENP1,0.3758606903573538,0.3464566929133858,0.9923966216285223
PFKM,1.1648027023030136,0.023622047244094488,0.9923966216285223
ASB8,-0.0410242470633424,0.9133858267716536,1.0
CCDC184,0.25978192522732746,0.6535433070866141,1.0
ZNF641,-0.9014053953366172,0.07086614173228346,0.9923966216285223
KANSL2,-0.918914803006488,0.07086614173228346,0.9923966216285223
CCNT1,-0.42380187300155203,0.015748031496062992,0.9923966216285223
CACNB3,-0.010597004390536346,1.0,1.0
DDX23,0.27292682240775434,0.3858267716535433,1.0
RND1,-0.4559624172878807,0.6220472440944882,1.0
CCDC65,-1.756585967563021,0.03937007874015748,0.9923966216285223
FKBP11,1.425102968602613,0.023622047244094488,0.9923966216285223
ARF3,-0.11620560081650133,0.6929133858267716,1.0
WNT10B,-0.7669141859443105,0.5748031496062992,1.0
PRKAG1,-0.22147005261446573,0.4015748031496063,1.0
KMT2D,-0.12490179302376614,0.7086614173228346,1.0
RHEBL1,-0.7959247206004771,0.4409448818897638,1.0
LMBR1L,-1.6024775307887351,0.14960629921259844,0.9923966216285223
TUBA1B,-1.443867615740172,0.15748031496062992,0.9923966216285223
TUBA1A,-0.05701293862189161,0.889763779527559,1.0
TROAP,1.0948961716440495,0.15748031496062992,0.9923966216285223
SPATS2,0.8858986050353836,0.2283464566929134,0.9923966216285223
MCRS1,-0.19893766865346807,0.937007874015748,1.0
FMNL3,0.011748530766426235,0.9763779527559056,1.0
TMBIM6,0.3257136292907017,0.031496062992125984,0.9923966216285223
NCKAP5L,-2.002610405733811,0.031496062992125984,0.9923966216285223
BCDIN3D,-1.3316295033218588,0.015748031496062992,0.9923966216285223
RACGAP1,0.3903523941495566,0.5118110236220472,1.0
SMARCD1,-0.20982474781132776,0.5905511811023622,1.0
COX14,-0.5147780852614865,0.4330708661417323,1.0
AC074032.1,-0.009758677028708362,1.0,1.0
CERS5,-0.23026599149867089,0.6929133858267716,1.0
LIMA1,-0.29822842207808353,0.1732283464566929,0.9923966216285223
LARP4,0.08637381511591968,0.7874015748031497,1.0
DIP2B,-0.07851510975878728,0.9212598425196851,1.0
ATF1,-0.20860243539787415,0.5984251968503937,1.0
METTL7A,1.7965369744318478,0.03937007874015748,0.9923966216285223
SLC11A2,-0.2268817120768496,0.5039370078740157,1.0
LETMD1,-0.7001573866581152,0.07874015748031496,0.9923966216285223
CSRNP2,-0.07282908314251557,0.9448818897637795,1.0
TFCP2,0.3856643282063503,0.3464566929133858,0.9923966216285223
POU6F1,0.2665584413323292,0.6377952755905512,1.0
AC139768.1,-1.222029584352271,0.30708661417322836,0.9923966216285223
DAZAP2,-0.2020168936734965,0.33858267716535434,0.9923966216285223
SMAGP,-0.8314107188011386,0.31496062992125984,0.9923966216285223
BIN2,-0.47379429864152023,0.2440944881889764,0.9923966216285223
GALNT6,-0.14797105114381282,0.8740157480314961,1.0
SLC4A8,0.5352134333081597,0.5669291338582677,1.0
HNRNPA3P10,0.3740925693058039,0.7165354330708661,1.0
ACVR1B,0.2563982628681849,0.8661417322834646,1.0
GRASP,-0.4392021830769566,0.5511811023622047,1.0
NR4A1,-0.99516543670779,0.14960629921259844,0.9923966216285223
KRT86,-0.22365797012887656,0.952755905511811,1.0
KRT6A,2.445969564049282,0.023622047244094488,0.9923966216285223
KRT5,3.3104420413446545,0.03937007874015748,0.9923966216285223
EIF4B,-0.46523696065801445,0.015748031496062992,0.9923966216285223
SPRYD3,0.4353272615557269,0.28346456692913385,0.9923966216285223
HIGD1AP1,0.15217251102970208,0.7795275590551181,1.0
EIF4A1P4,0.1876366427814995,0.905511811023622,1.0
CSAD,-0.01653802929060344,0.968503937007874,1.0
ZNF740,1.0138788601679432,0.28346456692913385,0.9923966216285223
RARG,-0.7054399477948481,0.2992125984251969,0.9923966216285223
MFSD5,0.11683097548007071,0.5905511811023622,1.0
ESPL1,-0.32654732089709526,0.5984251968503937,1.0
PFDN5,-0.055438299711598304,0.8031496062992126,1.0
AC073611.1,-1.059344326114096,0.2125984251968504,0.9923966216285223
C12orf10,-1.8560876342076826,0.12598425196850394,0.9923966216285223
AAAS,0.03509770480629637,0.905511811023622,1.0
SP1,0.15908935878862884,0.4566929133858268,1.0
PRR13,-0.0426026430370694,0.9212598425196851,1.0
PCBP2,-0.3184855980599739,0.09448818897637795,0.9923966216285223
MAP3K12,-0.7585101582935323,0.44881889763779526,1.0
TARBP2,0.7689085057179499,0.48031496062992124,1.0
ATF7,-0.6351172764928004,0.3779527559055118,0.9979787009382448
ATP5G2,-0.060393896150282345,0.7637795275590551,1.0
CALCOCO1,-0.2984802138798024,0.4015748031496063,1.0
HOXC4,0.9230403692716118,0.23622047244094488,0.9923966216285223
SMUG1,0.1549660262496193,0.6771653543307087,1.0
CBX5,0.06409391777935092,0.8818897637795275,1.0
AC078778.1,1.932843860226868,0.05511811023622047,0.9923966216285223
HNRNPA1,-0.28607608939322127,0.4015748031496063,1.0
COPZ1,0.40892285598388334,0.14960629921259844,0.9923966216285223
ZNF385A,-0.23538836349164438,0.84251968503937,1.0
ITGA5,-0.30307474636276766,0.7401574803149606,1.0
GTSF1,0.7955435579251193,0.05511811023622047,0.9923966216285223
NCKAP1L,0.277733990085669,0.11023622047244094,0.9923966216285223
PDE1B,-0.44876987906437726,0.6929133858267716,1.0
TESPA1,-0.4765384495747602,0.3779527559055118,0.9979787009382448
PHC1P1,-0.4327180415669538,0.5118110236220472,1.0
BLOC1S1,0.1254136675501103,0.7401574803149606,1.0
RDH5,-1.1325266664879954,0.11023622047244094,0.9923966216285223
CD63,0.3453683767476319,0.3543307086614173,0.9923966216285223
AC009779.2,0.5492555659936444,0.6220472440944882,1.0
GDF11,-0.5889073587311473,0.25984251968503935,0.9923966216285223
ORMDL2,-0.5242304029086835,0.6299212598425197,1.0
PYM1,0.011100248058172113,0.968503937007874,1.0
DGKA,-0.380055100696687,0.30708661417322836,0.9923966216285223
CDK2,-0.17815986405155293,0.7795275590551181,1.0
RAB5B,0.0021940472621988505,1.0,1.0
SUOX,0.3928699367417008,0.5433070866141733,1.0
IKZF4,0.41259186009742477,0.4566929133858268,1.0
RPS26,-0.5117368009267835,0.2992125984251969,0.9923966216285223
PA2G4,0.11135417887121601,0.7874015748031497,1.0
RPL41,-0.47252591782393516,0.047244094488188976,0.9923966216285223
ZC3H10,-1.4968105000172505,0.031496062992125984,0.9923966216285223
ESYT1,-0.09333900290893826,0.7322834645669292,1.0
MYL6B,2.0623566245841918,0.031496062992125984,0.9923966216285223
MYL6,0.20602489421752956,0.25196850393700787,0.9923966216285223
AC073896.4,-0.22248648433262996,0.8267716535433071,1.0
SMARCC2,0.09284218949886913,0.8582677165354331,1.0
RNF41,-0.3164991692735333,0.7559055118110236,1.0
NABP2,-0.4579384313914714,0.44881889763779526,1.0
ANKRD52,-0.1309990628496358,0.7952755905511811,1.0
COQ10A,-0.31937756218231295,0.3464566929133858,0.9923966216285223
CS,0.009640301197419987,0.9448818897637795,1.0
CNPY2,0.34999428268998845,0.4015748031496063,1.0
PAN2,-1.4086997586404673,0.11811023622047244,0.9923966216285223
IL23A,0.005364758424827976,0.9921259842519685,1.0
STAT2,-0.4146791781740893,0.5433070866141733,1.0
TIMELESS,-0.14872170517902816,0.8110236220472441,1.0
SPRYD4,-0.22766277766888465,0.7637795275590551,1.0
HSPD1P4,1.3286410583566455,0.14173228346456693,0.9923966216285223
BAZ2A,-0.3343179666235434,0.12598425196850394,0.9923966216285223
ATP5B,-0.17033487867859254,0.4409448818897638,1.0
PTGES3,-0.010609364267843091,0.968503937007874,1.0
NACA,-0.2039069342231965,0.28346456692913385,0.9923966216285223
PRIM1,-0.19487867725621966,0.6692913385826772,1.0
ZBTB39,0.2918085456716244,0.6614173228346457,1.0
NEMP1,-0.276298628371765,0.5590551181102362,1.0
NAB2,-0.0059061310970704994,1.0,1.0
STAT6,-0.17542707123612278,0.49606299212598426,1.0
NXPH4,0.12212348897391756,0.9212598425196851,1.0
SHMT2,0.4890145083280464,0.3543307086614173,0.9923966216285223
R3HDM2,0.22030094235802,0.44881889763779526,1.0
ARHGAP9,0.0958935294939467,0.7086614173228346,1.0
MARS,0.473729366703707,0.28346456692913385,0.9923966216285223
DDIT3,-0.3766581899085639,0.6456692913385826,1.0
MBD6,-0.4486199063187559,0.14960629921259844,0.9923966216285223
DCTN2,0.17876572564285897,0.7716535433070866,1.0
PIP4K2C,-0.21903856167828373,0.5826771653543307,1.0
DTX3,-0.43914480432016667,0.44881889763779526,1.0
OS9,0.7848906481247666,0.2283464566929134,0.9923966216285223
AGAP2,0.758968195480056,0.23622047244094488,0.9923966216285223
TSPAN31,-0.07298710082991011,0.8740157480314961,1.0
MARCH9,-0.36262954565362726,0.5511811023622047,1.0
METTL1,0.7491774870675136,0.4251968503937008,1.0
EEF1AKMT3,1.263217221861185,0.08661417322834646,0.9923966216285223
TSFM,0.24754531022071724,0.6850393700787402,1.0
CTDSP2,-0.49125934447407626,0.18110236220472442,0.9923966216285223
AC084033.3,0.3529158472485787,0.7716535433070866,1.0
ATP23,-0.21440112225282615,0.5275590551181102,1.0
SLC16A7,-0.034777030709184586,0.9291338582677166,1.0
FAM19A2,0.9232068058930825,0.2204724409448819,0.9923966216285223
RPS3P6,0.9198742831054956,0.4330708661417323,1.0
USP15,-0.6346868924264291,0.015748031496062992,0.9923966216285223
MON2,-0.23238696223658728,0.49606299212598426,1.0
AC048341.2,-0.6387351684165605,0.4645669291338583,1.0
RPL14P1,-0.48363506549640434,0.05511811023622047,0.9923966216285223
TMEM5,-0.2977056816517454,0.8582677165354331,1.0
PABPC1P4,-0.8196471012596964,0.05511811023622047,0.9923966216285223
C12orf66,0.5539753045474936,0.5669291338582677,1.0
AC135279.2,0.4715206710938742,0.11811023622047244,0.9923966216285223
XPOT,0.21168952577910005,0.25984251968503935,0.9923966216285223
TBK1,-0.11093849439314596,0.5748031496062992,1.0
RASSF3,-0.581476301099749,0.09448818897637795,0.9923966216285223
GNS,0.0494781592721214,0.7480314960629921,1.0
LEMD3,0.472723472733656,0.08661417322834646,0.9923966216285223
AC026124.2,-0.5137921109869241,0.48031496062992124,1.0
LLPH,-0.03180058145379672,0.9448818897637795,1.0
TMBIM4,-1.4531892782158797,0.1968503937007874,0.9923966216285223
RBMS1P1,0.02619583150846916,0.952755905511811,1.0
HELB,-0.5266857985558815,0.29133858267716534,0.9923966216285223
CAND1,0.05096047211412991,0.84251968503937,1.0
DYRK2,-0.006881460431592323,0.968503937007874,1.0
IFNG-AS1,2.504897584511541,0.047244094488188976,0.9923966216285223
IFNG,1.2876493135603706,0.07086614173228346,0.9923966216285223
IL26,1.1356952208925954,0.11811023622047244,0.9923966216285223
MDM1,0.015338796901974483,0.9763779527559056,1.0
LINC02384,-0.31873307984904775,0.8110236220472441,1.0
RPSAP12,0.38707853538895065,0.49606299212598426,1.0
RAP1B,-0.2329438415197087,0.2204724409448819,0.9923966216285223
ATP5HP4,-0.23695370297451168,0.6771653543307087,1.0
AC090061.1,0.0002867218386775061,1.0,1.0
NUP107,0.14210791511215426,0.5905511811023622,1.0
SLC35E3,0.2909131193713357,0.3779527559055118,0.9979787009382448
MDM2,0.17416069633799136,0.5748031496062992,1.0
CPM,1.9387525624031894,0.15748031496062992,0.9923966216285223
CPSF6,-0.2397948753361101,0.6141732283464567,1.0
LYZ,0.9942654306657283,0.14960629921259844,0.9923966216285223
YEATS4,0.24439126629741992,0.5669291338582677,1.0
FRS2,-0.4280492975579415,0.5905511811023622,1.0
CCT2,-0.10120190051289768,0.6456692913385826,1.0
RAB3IP,0.010750950342035992,0.9921259842519685,1.0
LINC01481,-0.977675020893825,0.2125984251968504,0.9923966216285223
CNOT2,-0.2510017802196325,0.33070866141732286,0.9923966216285223
AC025569.1,0.6162254364654052,0.5275590551181102,1.0
ZFC3H1,0.08058161465412894,0.7874015748031497,1.0
THAP2,-0.5697689570295092,0.6771653543307087,1.0
TMEM19,0.961704529962577,0.10236220472440945,0.9923966216285223
RAB21,0.10562805757116767,0.6299212598425197,1.0
TBC1D15,-0.47845535391027205,0.15748031496062992,0.9923966216285223
ATXN7L3B,-0.6116735803311792,0.03937007874015748,0.9923966216285223
GLIPR1,-0.11038811699309559,0.8031496062992126,1.0
KRR1,0.375231615092507,0.36220472440944884,0.9923966216285223
PHLDA1,0.9013956478656748,0.18110236220472442,0.9923966216285223
NAP1L1,-0.42121038935424515,0.18110236220472442,0.9923966216285223
BBS10,0.3386077538103829,0.7637795275590551,1.0
OSBPL8,-0.17748452714468943,0.4015748031496063,1.0
AC107032.1,-0.5810257290157805,0.10236220472440945,0.9923966216285223
AC093014.1,1.1017171997123945,0.09448818897637795,0.9923966216285223
ZDHHC17,-0.5025999315255314,0.2204724409448819,0.9923966216285223
E2F7,1.0827836928189432,0.2204724409448819,0.9923966216285223
AC068993.1,-0.9181286604717114,0.2440944881889764,0.9923966216285223
PAWR,1.1654249219518225,0.2283464566929134,0.9923966216285223
PPP1R12A,0.13315103933262584,0.6141732283464567,1.0
AC078817.1,-1.054391759543547,0.05511811023622047,0.9923966216285223
CCDC59,-0.4267404687290961,0.2283464566929134,0.9923966216285223
METTL25,0.14282107821183,0.7086614173228346,1.0
TMTC2,2.1375145419862007,0.023622047244094488,0.9923966216285223
C12orf29,-0.2667592339529916,0.4015748031496063,1.0
CEP290,0.008378383288905944,1.0,1.0
TMTC3,-0.25447439346158296,0.5984251968503937,1.0
DUSP6,0.007857524502646207,0.9921259842519685,1.0
POC1B,-0.1555962003753244,0.8110236220472441,1.0
CENPCP1,-0.9348537349694035,0.10236220472440945,0.9923966216285223
ATP2B1,-0.0041812574090958066,0.9763779527559056,1.0
ATP2B1-AS1,-0.8310322098638387,0.44881889763779526,1.0
LUM,-0.8239820976230439,0.4330708661417323,1.0
DCN,-0.1262345851089406,0.8976377952755905,1.0
LINC01619,0.5064118491185132,0.6377952755905512,1.0
BTG1,-0.44217190953734686,0.28346456692913385,0.9923966216285223
AC025164.2,-0.14726036827252997,0.8346456692913385,1.0
EEA1,0.112049093424611,0.8031496062992126,1.0
RPL41P5,-0.6272480526170243,0.4015748031496063,1.0
NUDT4,-0.03419374397586328,0.937007874015748,1.0
UBE2N,0.05347464501874377,0.84251968503937,1.0
MRPL42,0.15019231147199985,0.5984251968503937,1.0
SOCS2,-1.1488658640545002,0.16535433070866143,0.9923966216285223
CRADD,1.014201871069342,0.015748031496062992,0.9923966216285223
PLXNC1,0.06413256544946755,0.8031496062992126,1.0
CEP83,-0.37487476880646753,0.25984251968503935,0.9923966216285223
AC023161.2,0.38744900596683784,0.5511811023622047,1.0
TMCC3,0.6185673563564409,0.5590551181102362,1.0
NDUFA12,0.12200660314126832,0.7244094488188977,1.0
NR2C1,-0.3043789141363713,0.5590551181102362,1.0
FGD6,-1.0351926645001077,0.6062992125984252,1.0
VEZT,-0.3046740918359969,0.5118110236220472,1.0
METAP2,-0.3651518793954711,0.2677165354330709,0.9923966216285223
SNRPF,-0.10791961728183441,0.7874015748031497,1.0
AMDHD1,-0.1666112098351782,0.952755905511811,1.0
LTA4H,-0.3138521795858029,0.023622047244094488,0.9923966216285223
ELK3,0.025633741947242328,0.952755905511811,1.0
CDK17,-0.3237213913849679,0.30708661417322836,0.9923966216285223
NEDD1,-0.49345653862942207,0.2047244094488189,0.9923966216285223
TMPO-AS1,0.5261530205526963,0.44881889763779526,1.0
TMPO,-0.007028415331927995,0.9921259842519685,1.0
SLC25A3,-0.14552662255696092,0.5275590551181102,1.0
IKBIP,0.6880031897083221,0.07086614173228346,0.9923966216285223
APAF1,-0.08060820224222898,0.952755905511811,1.0
AC008126.1,-0.40431512302822636,0.6062992125984252,1.0
RPS4XP1,-1.199810253102426,0.05511811023622047,0.9923966216285223
UHRF1BP1L,-0.2639314503812198,0.25984251968503935,0.9923966216285223
AC126474.2,0.27196669704148535,0.7637795275590551,1.0
GOLGA2P5,-0.31925769625174816,0.6220472440944882,1.0
ACTR6,-0.32929902509994324,0.44881889763779526,1.0
SCYL2,-0.0666461333856585,0.8188976377952756,1.0
GAS2L3,0.9736553884565611,0.30708661417322836,0.9923966216285223
AC063947.2,-0.1717399496463059,0.84251968503937,1.0
UTP20,-0.19902548474325243,0.7322834645669292,1.0
ARL1,0.37345178598580286,0.30708661417322836,0.9923966216285223
CHPT1,-0.15764106622756824,0.7874015748031497,1.0
GNPTAB,-0.053301029489134066,0.937007874015748,1.0
HSPE1P4,-1.2914903327995269,0.25196850393700787,0.9923966216285223
DRAM1,2.010186418000422,0.05511811023622047,0.9923966216285223
WASHC3,-0.47169629032233207,0.6377952755905512,1.0
NUP37,-0.15256180409733666,0.7007874015748031,1.0
PARPBP,1.2681022736832537,0.36220472440944884,0.9923966216285223
HELLPAR,-0.9259867074019125,0.44881889763779526,1.0
C12orf42,-1.4476573499133194,0.06299212598425197,0.9923966216285223
NT5DC3,0.5323984635167778,0.3858267716535433,1.0
TTC41P,0.4498003483892743,0.5590551181102362,1.0
HSP90B1,1.6137216272750923,0.047244094488188976,0.9923966216285223
C12orf73,0.13392660252834876,0.8110236220472441,1.0
TDG,0.07613953066300994,0.8031496062992126,1.0
GLT8D2,0.6931102694275235,0.3858267716535433,1.0
HCFC2,-0.14999686931323275,0.7952755905511811,1.0
NFYB,0.3765479468453261,0.2755905511811024,0.9923966216285223
TXNRD1,0.011964908197191981,0.968503937007874,1.0
RPL18AP3,-0.6443603001508196,0.5118110236220472,1.0
EID3,-1.5583948389386442,0.05511811023622047,0.9923966216285223
CHST11,0.28244635462793166,0.1968503937007874,0.9923966216285223
SLC41A2,2.185141784483116,0.07086614173228346,0.9923966216285223
C12orf45,0.7687853243036358,0.33070866141732286,0.9923966216285223
ALDH1L2,2.5438450262350165,0.015748031496062992,0.9923966216285223
WASHC4,-0.25768159587742545,0.3858267716535433,1.0
APPL2,-0.5179066844245028,0.3937007874015748,1.0
C12orf75,-0.16324605009411552,0.6456692913385826,1.0
CKAP4,2.3823362224860514,0.015748031496062992,0.9923966216285223
TCP11L2,-0.27279450137645256,0.8346456692913385,1.0
POLR3B,1.0617911437234486,0.015748031496062992,0.9923966216285223
RIC8B,0.11190969021167119,0.889763779527559,1.0
TMEM263,-0.12068544822766292,0.7795275590551181,1.0
MTERF2,0.9286185612739299,0.29133858267716534,0.9923966216285223
CRY1,-0.6569641359962111,0.2283464566929134,0.9923966216285223
BTBD11,-2.412438719869451,0.03937007874015748,0.9923966216285223
PWP1,-0.3101622956098593,0.4409448818897638,1.0
PRDM4,-0.17766985062010487,0.5984251968503937,1.0
FICD,0.33253179882989503,0.7874015748031497,1.0
SART3,-0.05744890215084553,0.8740157480314961,1.0
ISCU,-0.15373072970239665,0.3858267716535433,1.0
SELPLG,0.23181009173525347,0.47244094488188976,1.0
CORO1C,0.7452242141854706,0.2047244094488189,0.9923966216285223
SSH1,0.4184282738729799,0.25984251968503935,0.9923966216285223
USP30,-1.264109655154415,0.023622047244094488,0.9923966216285223
ALKBH2,-0.3306986691508098,0.7086614173228346,1.0
UNG,-0.12501835414137563,0.7637795275590551,1.0
ACACB,0.8043065311449014,0.31496062992125984,0.9923966216285223
KCTD10,-0.4768467924062749,0.30708661417322836,0.9923966216285223
UBE3B,0.16206184784794075,0.5354330708661418,1.0
MMAB,0.8849223661009695,0.11811023622047244,0.9923966216285223
MVK,-0.10107319774514112,0.905511811023622,1.0
FAM222A,-0.3668156270934151,0.7795275590551181,1.0
GLTP,-0.12598198601224997,0.6377952755905512,1.0
TCHP,0.12113067290704649,0.6614173228346457,1.0
GIT2,0.5034890938532053,0.07874015748031496,0.9923966216285223
ANKRD13A,0.03609891552125433,0.8661417322834646,1.0
C12orf76,0.9859552662291187,0.4566929133858268,1.0
IFT81,-0.4004075850806743,0.5748031496062992,1.0
ATP2A2,0.18376463950256472,0.6220472440944882,1.0
ANAPC7,0.10841307794642052,0.6535433070866141,1.0
ARPC3,0.06152990203872033,0.889763779527559,1.0
GPN3,0.1986782696375462,0.5590551181102362,1.0
RPL31P49,-1.095906437639722,0.14960629921259844,0.9923966216285223
FAM216A,-0.32529810990093644,0.7007874015748031,1.0
VPS29,-0.028525760635524477,0.9448818897637795,1.0
PPTC7,-0.4818660856090977,0.28346456692913385,0.9923966216285223
TCTN1,-1.187050818560556,0.2125984251968504,0.9923966216285223
HVCN1,-0.008199234550390955,0.9921259842519685,1.0
PPP1CC,-0.29771269987269733,0.3228346456692913,0.9923966216285223
SH2B3,-0.7787792347524967,0.13385826771653545,0.9923966216285223
ATXN2,-0.5040311718890722,0.1732283464566929,0.9923966216285223
BRAP,-0.08652971147373911,0.7874015748031497,1.0
ACAD10,-0.9575028112451269,0.05511811023622047,0.9923966216285223
ALDH2,1.9326346332148934,0.09448818897637795,0.9923966216285223
MAPKAPK5-AS1,-0.24545729202181654,0.30708661417322836,0.9923966216285223
MAPKAPK5,-0.3345708029984671,0.6456692913385826,1.0
TMEM116,-0.3998333685947326,0.16535433070866143,0.9923966216285223
ERP29,0.1016814535293662,0.7716535433070866,1.0
NAA25,-0.35741814526264815,0.2677165354330709,0.9923966216285223
TRAFD1,0.023262796369465377,0.9763779527559056,1.0
HECTD4,0.17184944643417754,0.5669291338582677,1.0
RPL6,-0.27770762214610123,0.2992125984251969,0.9923966216285223
PTPN11,-0.1223469410397735,0.4251968503937008,1.0
OAS1,0.5618001208523884,0.5196850393700787,1.0
OAS3,-0.10783750946078197,0.9291338582677166,1.0
OAS2,-0.01593046519881902,0.9921259842519685,1.0
DTX1,0.0891885586049479,0.905511811023622,1.0
DDX54,-0.4207255902375673,0.6220472440944882,1.0
RITA1,0.3835052921397586,0.28346456692913385,0.9923966216285223
TPCN1,-0.97404861320404,0.28346456692913385,0.9923966216285223
SLC8B1,0.10177750989353518,0.9133858267716536,1.0
PLBD2,0.38154317150300177,0.2283464566929134,0.9923966216285223
RBM19,0.7226248081072839,0.1732283464566929,0.9923966216285223
MED13L,-0.07375172940996588,0.8582677165354331,1.0
MAP1LC3B2,-1.0607738608630424,0.25984251968503935,0.9923966216285223
C12orf49,-0.07287874751612833,0.8503937007874016,1.0
RNFT2,0.09808756475802571,0.952755905511811,1.0
FBXW8,0.3405891112601078,0.5905511811023622,1.0
TESC,0.7809795928610472,0.5905511811023622,1.0
FBXO21,-0.08354583947214156,0.7716535433070866,1.0
RFC5,-0.3472589428107069,0.29133858267716534,0.9923966216285223
WSB2,0.10655780026413275,0.7795275590551181,1.0
VSIG10,0.3078264421154242,0.7165354330708661,1.0
PEBP1,-0.040135794369756894,0.8976377952755905,1.0
TAOK3,-0.5039845118774879,0.047244094488188976,0.9923966216285223
RPS2P5,-0.5091615109918077,0.4015748031496063,1.0
SUDS3,-0.26576864393528776,0.1732283464566929,0.9923966216285223
AC084880.1,0.2721104770508651,0.8661417322834646,1.0
PRKAB1,-1.7818791202924378,0.12598425196850394,0.9923966216285223
CIT,1.54408813482353,0.031496062992125984,0.9923966216285223
BICDL1,-0.2805464104656128,0.4251968503937008,1.0
RAB35,0.11147766626990485,0.84251968503937,1.0
AC004812.2,-0.7525313995825091,0.5039370078740157,1.0
GCN1,0.5221098892392391,0.30708661417322836,0.9923966216285223
RPLP0,0.12605186325901663,0.8582677165354331,1.0
PXN,-1.334559633237256,0.14960629921259844,0.9923966216285223
NME2P1,-0.6362204619557104,0.25196850393700787,0.9923966216285223
RNU4-2,-1.1597271683990895,0.3228346456692913,0.9923966216285223
RNU4-1,0.8984486772515108,0.29133858267716534,0.9923966216285223
COX6A1,0.1677377607110504,0.6456692913385826,1.0
TRIAP1,-0.5381329310598355,0.5196850393700787,1.0
GATC,-0.3609842921485562,0.41732283464566927,1.0
SRSF9,-0.46523140117271566,0.14173228346456693,0.9923966216285223
DYNLL1,0.13019114354445804,0.6377952755905512,1.0
COQ5,-0.17252387053040685,0.7401574803149606,1.0
RNF10,-0.010973564728748109,0.968503937007874,1.0
POP5,0.19889369168510207,0.6535433070866141,1.0
MLEC,1.0164608017604806,0.031496062992125984,0.9923966216285223
UNC119B,1.1136758853540087,0.16535433070866143,0.9923966216285223
ACADS,-0.401682423731095,0.6929133858267716,1.0
SPPL3,-0.008381721628667904,0.9291338582677166,1.0
C12orf43,-0.1960691268982071,0.7716535433070866,1.0
OASL,0.3379337588843816,0.5984251968503937,1.0
P2RX7,-0.12034473469651763,0.889763779527559,1.0
P2RX4,-1.1045707564145748,0.29133858267716534,0.9923966216285223
CAMKK2,0.4093134525044757,0.4330708661417323,1.0
ANAPC5,0.23933965122951228,0.3700787401574803,0.9923966216285223
RNF34,0.10588798117273868,0.14960629921259844,0.9923966216285223
KDM2B,-0.1639066903114461,0.48031496062992124,1.0
ORAI1,-0.1416659252486001,0.8503937007874016,1.0
MORN3,-0.3562538111661122,0.5511811023622047,1.0
TMEM120B,0.5270085757500524,0.5748031496062992,1.0
LINC01089,0.03442507487031321,1.0,1.0
SETD1B,0.1702962162538828,0.6062992125984252,1.0
PSMD9,0.6183559387733311,0.5275590551181102,1.0
BCL7A,-0.825276482724246,0.4566929133858268,1.0
MLXIP,-0.10303477582306009,0.7637795275590551,1.0
VPS33A,0.6677288766414096,0.2755905511811024,0.9923966216285223
CLIP1,0.1423772215935939,0.30708661417322836,0.9923966216285223
ZCCHC8,-0.31706533235211687,0.1732283464566929,0.9923966216285223
RSRC2,-0.09967796127762618,0.5511811023622047,1.0
KNTC1,-0.051814126468640254,0.9448818897637795,1.0
DENR,0.03348818011130561,0.9133858267716536,1.0
HIP1R,-1.2537742172517325,0.2440944881889764,0.9923966216285223
VPS37B,-0.4953321754972535,0.7559055118110236,1.0
AC027290.2,-0.11191717914045274,0.8110236220472441,1.0
PITPNM2,-2.0201849486152574,0.031496062992125984,0.9923966216285223
MPHOSPH9,0.0073681376739909155,0.9763779527559056,1.0
C12orf65,-0.3893992592676918,0.3700787401574803,0.9923966216285223
SBNO1,-0.11020647444029663,0.7244094488188977,1.0
KMT5A,-0.040325576924302275,0.9212598425196851,1.0
RILPL2,0.5554691384386912,0.3543307086614173,0.9923966216285223
SNRNP35,-0.15683502614712097,0.7874015748031497,1.0
TMED2,0.41410485642974937,0.4251968503937008,1.0
DDX55,0.018914495497679873,0.9606299212598425,1.0
EIF2B1,0.005283792924803521,0.9921259842519685,1.0
GTF2H3,-0.4663297507693924,0.5511811023622047,1.0
ATP6V0A2,0.025761225202532323,0.968503937007874,1.0
CCDC92,-0.06531878607215891,0.905511811023622,1.0
ZNF664,0.07211283842473826,0.84251968503937,1.0
NCOR2,-0.05298468650467569,0.937007874015748,1.0
SCARB1,0.6562178415506361,0.5984251968503937,1.0
UBC,0.14907402741311415,0.7086614173228346,1.0
DHX37,-0.4686425192627257,0.6141732283464567,1.0
BRI3BP,0.061208672087437854,0.905511811023622,1.0
AC122688.1,0.14981860372066813,0.8818897637795275,1.0
AACS,0.08037209325194938,0.905511811023622,1.0
AC122688.3,1.0417096920764233,0.2755905511811024,0.9923966216285223
LINC00944,-0.17509743742209594,0.84251968503937,1.0
SLC15A4,-0.36227800874861327,0.6299212598425197,1.0
STX2,-0.3486648007752997,0.33858267716535434,0.9923966216285223
RAN,0.0160697213063159,0.984251968503937,1.0
SFSWAP,-0.17680032947734503,0.5118110236220472,1.0
ULK1,0.16564320449095327,0.7637795275590551,1.0
PUS1,0.6674383534409252,0.5826771653543307,1.0
EP400,-0.2961865771949812,0.30708661417322836,0.9923966216285223
EP400NL,-1.3601865230991939,0.1732283464566929,0.9923966216285223
DDX51,0.21976780936341056,0.7401574803149606,1.0
NOC4L,-0.46046698643683204,0.6850393700787402,1.0
LINC02361,0.6246472665642493,0.5275590551181102,1.0
FBRSL1,-0.3338883611855952,0.4881889763779528,1.0
POLE,0.6059189316764284,0.31496062992125984,0.9923966216285223
PXMP2,-1.4790556986864734,0.1968503937007874,0.9923966216285223
PGAM5,0.37978318951017975,0.23622047244094488,0.9923966216285223
ANKLE2,0.05704777965152452,0.8582677165354331,1.0
GOLGA3,0.47401589827045587,0.15748031496062992,0.9923966216285223
CHFR,-0.229585561528725,0.5275590551181102,1.0
RPS11P5,-0.5962112722387829,0.30708661417322836,0.9923966216285223
ZNF605,-0.26268804008201885,0.6220472440944882,1.0
ZNF26,-0.35066504322873904,0.2204724409448819,0.9923966216285223
ZNF84,-0.3894973434738862,0.3700787401574803,0.9923966216285223
ZNF140,-0.7048719066248323,0.3228346456692913,0.9923966216285223
ZNF891,0.09944913000947109,0.937007874015748,1.0
ZNF10,-1.2699451422533141,0.12598425196850394,0.9923966216285223
ZNF268,0.0097663744866745,0.9606299212598425,1.0
SETD8P1,0.6743611648584524,0.4645669291338583,1.0
TERF1P5,-0.9404264664053221,0.13385826771653545,0.9923966216285223
MPHOSPH8,-0.01725665150037692,0.9606299212598425,1.0
PSPC1,-0.14588830045211232,0.7480314960629921,1.0
ZMYM5,-0.20848405513952617,0.47244094488188976,1.0
ZMYM2,-0.631021823528032,0.10236220472440945,0.9923966216285223
CRYL1,0.13199538042908276,0.7637795275590551,1.0
IFT88,-1.0308743363798785,0.07086614173228346,0.9923966216285223
EEF1AKMT1,1.2068834690049495,0.18110236220472442,0.9923966216285223
XPO4,-0.3368131529511267,0.2125984251968504,0.9923966216285223
RPSAP54,-0.5843371699449793,0.5748031496062992,1.0
LATS2,-0.778471087882592,0.48031496062992124,1.0
SAP18,-0.19603333770841402,0.2755905511811024,0.9923966216285223
SKA3,1.0569432448270528,0.5354330708661418,1.0
MRPL57,0.17678357231667707,0.7086614173228346,1.0
LINC00539,-0.3087733983647065,0.7874015748031497,1.0
ZDHHC20,0.11804109865562751,0.49606299212598426,1.0
MICU2,-0.310252987391622,0.28346456692913385,0.9923966216285223
RPS7P10,-0.09161174562234553,0.5118110236220472,1.0
FGF9,-0.8160719954949027,0.3700787401574803,0.9923966216285223
FTH1P7,-0.3237663605100818,0.7086614173228346,1.0
SACS,-0.6462395231610207,0.015748031496062992,0.9923966216285223
MIPEP,0.30460207112901516,0.7165354330708661,1.0
SPATA13,-0.18186742494269748,0.5590551181102362,1.0
IPO7P2,-1.171031824708596,0.13385826771653545,0.9923966216285223
PARP4,0.2108591602353389,0.3228346456692913,0.9923966216285223
CENPJ,0.6319485676874512,0.18110236220472442,0.9923966216285223
RPL34P27,-0.7562063481979235,0.023622047244094488,0.9923966216285223
PABPC3,-0.5889566318435646,0.07086614173228346,0.9923966216285223
MTMR6,0.12284339412891843,0.6456692913385826,1.0
NUP58,-0.33504921401034515,0.30708661417322836,0.9923966216285223
RNF6,-0.0042321835817498155,1.0,1.0
CDK8,-0.23317863827459595,0.7086614173228346,1.0
USP12,-0.0664250988054853,0.6141732283464567,1.0
RPL21,-1.283756090100531,0.2755905511811024,0.9923966216285223
RASL11A,-0.3095663917659275,0.7952755905511811,1.0
GTF3A,-0.049978426602829806,0.905511811023622,1.0
MTIF3,0.1450709014867062,0.6299212598425197,1.0
LNX2,-1.4461167759040114,0.18110236220472442,0.9923966216285223
POLR1D,-0.2159352679532418,0.3779527559055118,0.9979787009382448
ATP5EP2,-0.03307525926954291,0.8661417322834646,1.0
PAN3,-0.3519951387256288,0.2992125984251969,0.9923966216285223
FLT1,1.4238332425648526,0.1889763779527559,0.9923966216285223
POMP,0.020246501255378746,0.9448818897637795,1.0
SLC46A3,0.018510665648209468,0.9763779527559056,1.0
GAPDHP69,-0.6293398124957355,0.6850393700787402,1.0
SLC7A1,1.1010422992300084,0.047244094488188976,0.9923966216285223
UBL3,0.022194337150376775,0.8661417322834646,1.0
KATNAL1,0.13638666932593502,0.8346456692913385,1.0
LINC00426,0.35192937540485136,0.18110236220472442,0.9923966216285223
HMGB1,-0.040559578045174405,0.9133858267716536,1.0
USPL1,-0.8424072729395382,0.03937007874015748,0.9923966216285223
ALOX5AP,0.44025876650141704,0.33070866141732286,0.9923966216285223
HSPH1,-0.5028121366643452,0.2755905511811024,0.9923966216285223
B3GLCT,-0.770435940977336,0.2047244094488189,0.9923966216285223
BRCA2,-0.24890012166206166,0.6692913385826772,1.0
N4BP2L1,-0.4091231470155252,0.2125984251968504,0.9923966216285223
N4BP2L2,-0.0853721998987762,0.7874015748031497,1.0
PDS5B,-0.0650340002495966,0.8582677165354331,1.0
RFC3,0.43443776208752016,0.6377952755905512,1.0
AL161891.1,-0.6759999242089804,0.5118110236220472,1.0
SPART,-1.3434140887712638,0.29133858267716534,0.9923966216285223
RFXAP,-0.5605206518210504,0.7244094488188977,1.0
ALG5,0.5365691670793744,0.3937007874015748,1.0
EXOSC8,-0.06862105873906277,0.8582677165354331,1.0
SUPT20H,-0.10115088790086446,0.6692913385826772,1.0
POSTN,0.29109769141449204,0.7952755905511811,1.0
UFM1,0.1454175265669715,0.5905511811023622,1.0
PROSER1,-0.008920626490586336,1.0,1.0
NHLRC3,-0.12428297807819888,0.8661417322834646,1.0
COG6,0.2957076605161095,0.3464566929133858,0.9923966216285223
FOXO1,-0.22972875834186635,0.4094488188976378,1.0
MRPS31,0.21267559258311497,0.6850393700787402,1.0
SLC25A15,0.03356251206442784,1.0,1.0
ELF1,-0.1940162802136829,0.3228346456692913,0.9923966216285223
WBP4,-0.20085692820462508,0.5669291338582677,1.0
KBTBD6,1.4838843959716859,0.14173228346456693,0.9923966216285223
CALM2P3,-0.5446945102126906,0.3543307086614173,0.9923966216285223
KBTBD7,-0.5895458962855429,0.5826771653543307,1.0
MTRF1,-0.21702198482265533,0.5433070866141733,1.0
NAA16,-0.3284012831741485,0.5511811023622047,1.0
RGCC,0.23819125342773617,0.7086614173228346,1.0
VWA8,-0.4891078327461438,0.08661417322834646,0.9923966216285223
DGKH,-0.21919994626770567,0.7007874015748031,1.0
AKAP11,-0.033499860801862624,0.7401574803149606,1.0
EPSTI1,-0.28908258096624007,0.6614173228346457,1.0
DNAJC15,0.27847798195207396,0.4566929133858268,1.0
LACC1,2.185224279931366,0.023622047244094488,0.9923966216285223
DGKZP1,-0.47418328740483373,0.6850393700787402,1.0
TSC22D1,0.02571634688121982,0.968503937007874,1.0
SMARCE1P5,0.5361020354952362,0.5590551181102362,1.0
NUFIP1,-0.3377504998109204,0.29133858267716534,0.9923966216285223
GPALPP1,0.02470286159984969,0.9291338582677166,1.0
GTF2F2,-0.17942790634952388,0.6929133858267716,1.0
TPT1,-0.13632416959595872,0.1968503937007874,0.9923966216285223
TPT1-AS1,-0.449613085276358,0.5669291338582677,1.0
SLC25A30,0.8272392511857967,0.2047244094488189,0.9923966216285223
COG3,0.2102114370286392,0.5039370078740157,1.0
ZC3H13,-0.11345587942685587,0.7007874015748031,1.0
LCP1,-0.046003205979973316,0.8188976377952756,1.0
LRRC63,1.8047577361014286,0.05511811023622047,0.9923966216285223
RUBCNL,-0.033664517719812714,1.0,1.0
COX17P1,0.07000737582042671,0.8661417322834646,1.0
LRCH1,0.5663305475377189,0.2283464566929134,0.9923966216285223
ESD,-0.25749060261656,0.48031496062992124,1.0
NAP1L4P3,-0.5052696398953191,0.11811023622047244,0.9923966216285223
SUCLA2,-0.10421908082750475,0.952755905511811,1.0
NUDT15,-0.8099097138399527,0.33858267716535434,0.9923966216285223
MED4,-0.09174047166764154,0.6456692913385826,1.0
ITM2B,-0.5036318103950208,0.2755905511811024,0.9923966216285223
RB1,0.014534659181523857,0.952755905511811,1.0
PCNPP5,0.009573233205939946,1.0,1.0
LPAR6,0.50545344998927,0.48031496062992124,1.0
RCBTB2,0.912669686320152,0.13385826771653545,0.9923966216285223
CYSLTR2,-0.04713763227175849,1.0,1.0
PSME2P2,0.03537050255073204,0.9606299212598425,1.0
FNDC3A,0.46930268767160843,0.33858267716535434,0.9923966216285223
COX7CP1,-1.1920817582585381,0.18110236220472442,0.9923966216285223
CDADC1,-0.49988046842461253,0.5354330708661418,1.0
CAB39L,1.3454553242134581,0.11811023622047244,0.9923966216285223
SETDB2,-0.4662467985617482,0.2992125984251969,0.9923966216285223
PHF11,-0.14809018852725853,0.6377952755905512,1.0
RCBTB1,-0.6117588129181097,0.4015748031496063,1.0
EBPL,0.24736312164613494,0.5748031496062992,1.0
KPNA3,0.10987564720739584,0.6456692913385826,1.0
SPRYD7,-0.22072774159226682,0.7165354330708661,1.0
DLEU2,-0.34091640600793127,0.905511811023622,1.0
TRIM13,0.04155317303658279,0.952755905511811,1.0
DLEU1,-0.35246156810114626,0.6220472440944882,1.0
ST13P4,-0.4127693340937997,0.18110236220472442,0.9923966216285223
RPL34P26,-1.0562976659057766,0.023622047244094488,0.9923966216285223
RNASEH2B,0.2575358953754323,0.33858267716535434,0.9923966216285223
INTS6,-0.5014124589973097,0.11023622047244094,0.9923966216285223
INTS6-AS1,0.3542495521749103,0.7165354330708661,1.0
RPS4XP16,0.7326993243161843,0.33858267716535434,0.9923966216285223
WDFY2,-0.6334933330513701,0.7795275590551181,1.0
DHRS12,-0.5000791580380648,0.33070866141732286,0.9923966216285223
AL162377.1,-1.4403065206885126,0.25196850393700787,0.9923966216285223
ALG11,-1.0248390264967235,0.12598425196850394,0.9923966216285223
UTP14C,0.2475672972290761,0.6929133858267716,1.0
NEK3,0.533764804759103,0.6692913385826772,1.0
VPS36,0.4018403989741044,0.07086614173228346,0.9923966216285223
AL359513.1,0.4332070508378578,0.7165354330708661,1.0
CKAP2,0.28283731763174735,0.5511811023622047,1.0
MRPS31P4,-0.020852938163458123,1.0,1.0
HNRNPA1L2,-0.4035119313407969,0.7007874015748031,1.0
SUGT1,0.36169260162213224,0.2283464566929134,0.9923966216285223
RPL13AP25,-0.12150740155245998,0.7401574803149606,1.0
DIAPH3,1.2541799123361193,0.4409448818897638,1.0
TDRD3,0.2548285173863656,0.2440944881889764,0.9923966216285223
HNRNPA3P5,-0.08387448284885002,0.8976377952755905,1.0
ZDHHC20P4,-0.13267287061468136,0.8818897637795275,1.0
MZT1,0.4281913970429754,0.2125984251968504,0.9923966216285223
BORA,-0.16972666335294617,0.7480314960629921,1.0
DIS3,-0.2545033545900468,0.4094488188976378,1.0
PIBF1,-0.3267003984132071,0.5039370078740157,1.0
KLF5,-0.6353028938327225,0.4881889763779528,1.0
FABP5P1,0.10280840033882743,0.952755905511811,1.0
KLF12,-0.29413117971330216,0.4409448818897638,1.0
LINC00402,-1.861893615943206,0.03937007874015748,0.9923966216285223
TBC1D4,0.27308625505552175,0.6771653543307087,1.0
COMMD6,-0.1893404749605505,0.5433070866141733,1.0
UCHL3,1.1893006519642317,0.16535433070866143,0.9923966216285223
LMO7,0.8528658859199658,0.14960629921259844,0.9923966216285223
KCTD12,0.8545024130889187,0.2677165354330709,0.9923966216285223
DHX9P1,-0.5783144493127346,0.3858267716535433,1.0
CLN5,0.46159001644103226,0.47244094488188976,1.0
FBXL3,-0.47158606647919665,0.23622047244094488,0.9923966216285223
MYCBP2,-0.09961179130351372,0.48031496062992124,1.0
SLAIN1,-0.3447034438999874,0.4015748031496063,1.0
RNF219,-0.8970591529378953,0.49606299212598426,1.0
RBM26,-0.17787569083115606,0.5511811023622047,1.0
NDFIP2,1.0397707468546065,0.14173228346456693,0.9923966216285223
SPRY2,-1.2078566115693403,0.2755905511811024,0.9923966216285223
PTMAP5,-0.3591380842290146,0.3700787401574803,0.9923966216285223
MIR17HG,-1.8130744506247258,0.03937007874015748,0.9923966216285223
TGDS,0.030834879686391314,0.9448818897637795,1.0
GPR180,0.509417415717738,0.31496062992125984,0.9923966216285223
BRD7P5,-0.7460627534391246,0.2283464566929134,0.9923966216285223
ABCC4,-0.8284993156825275,0.1732283464566929,0.9923966216285223
DNAJC3-AS1,-0.053706012868456554,0.9212598425196851,1.0
DNAJC3,0.15622400552059368,0.6929133858267716,1.0
UGGT2,1.9194473417733422,0.11811023622047244,0.9923966216285223
MBNL2,0.1715998671584753,0.6456692913385826,1.0
RAP2A,-0.6389179624553201,0.30708661417322836,0.9923966216285223
IPO5,-0.39054900103595624,0.1889763779527559,0.9923966216285223
STK24,-0.7824862172217797,0.23622047244094488,0.9923966216285223
DOCK9,0.23760385579740273,0.6220472440944882,1.0
UBAC2,0.07581281559433695,0.9291338582677166,1.0
GPR18,-0.8045362461861565,0.15748031496062992,0.9923966216285223
GPR183,0.43128367532899503,0.30708661417322836,0.9923966216285223
LINC01232,0.32673967801293347,0.7637795275590551,1.0
TM9SF2,0.7052608017920559,0.047244094488188976,0.9923966216285223
CLYBL,-1.2437620252374062,0.2047244094488189,0.9923966216285223
PCCA,0.23175006264066678,0.8110236220472441,1.0
GGACT,-0.9174643876521911,0.3779527559055118,0.9979787009382448
RPS26P47,-0.19594894677448882,1.0,1.0
TMTC4,-0.4213567141962029,0.48031496062992124,1.0
TPP2,-0.25799282550197944,0.4409448818897638,1.0
TEX30,-0.3307043833838206,0.5905511811023622,1.0
KDELC1,0.4528530287997744,0.6377952755905512,1.0
BIVM,-0.6175016081333258,0.2440944881889764,0.9923966216285223
ERCC5,-0.9966048816615793,0.2677165354330709,0.9923966216285223
EFNB2,-0.7046763453262439,0.48031496062992124,1.0
ARGLU1,-0.14815790653502336,0.47244094488188976,1.0
LIG4,0.22397714006696567,0.4645669291338583,1.0
ABHD13,-0.44221103343819657,0.1732283464566929,0.9923966216285223
TNFSF13B,-0.9246231243993481,0.2283464566929134,0.9923966216285223
IRS2,-2.293540833981842,0.031496062992125984,0.9923966216285223
COL4A1,2.8350206839363232,0.023622047244094488,0.9923966216285223
COL4A2,2.8465899680327515,0.03937007874015748,0.9923966216285223
NAXD,-0.5798484904807895,0.16535433070866143,0.9923966216285223
CARS2,-0.7341535417246834,0.2992125984251969,0.9923966216285223
ING1,-0.16359392962314967,0.4094488188976378,1.0
ANKRD10,-0.0755970208967014,0.7165354330708661,1.0
ANKRD10-IT1,-0.8476522032113643,0.47244094488188976,1.0
PARP1P1,0.2392876720601067,0.5984251968503937,1.0
ARHGEF7,-0.19418793205557527,0.5118110236220472,1.0
TUBGCP3,-0.1382659859162958,0.7007874015748031,1.0
AL139384.1,0.35241246459421927,0.6220472440944882,1.0
ATP11A,-0.9101251657167957,0.4881889763779528,1.0
MCF2L,0.6008045182523924,0.47244094488188976,1.0
PCID2,0.15417827276941054,0.5669291338582677,1.0
CUL4A,-0.5263764585452426,0.25984251968503935,0.9923966216285223
LAMP1,-0.27548236789168445,0.3937007874015748,1.0
DCUN1D2,-0.0948552371058824,0.9606299212598425,1.0
TMCO3,-0.020480267480991188,0.9921259842519685,1.0
TFDP1,-0.1293032152526079,0.8110236220472441,1.0
GAS6,1.3095892742893873,0.3700787401574803,0.9923966216285223
RASA3,-0.4328190221495012,0.4566929133858268,1.0
CDC16,-0.04997453856600309,0.8818897637795275,1.0
UPF3A,-0.11775695807263453,0.6377952755905512,1.0
CHAMP1,0.038148601336674304,0.952755905511811,1.0
TTC5,0.12093193443138528,0.7401574803149606,1.0
CCNB1IP1,-0.7479517564429621,0.12598425196850394,0.9923966216285223
PARP2,0.3470624585612305,0.4645669291338583,1.0
TEP1,-0.0036705485917583047,0.9921259842519685,1.0
OSGEP,-0.17100617782837357,0.6614173228346457,1.0
APEX1,-0.27250419323237196,0.3858267716535433,1.0
PIP4P1,-0.6193381933439852,0.047244094488188976,0.9923966216285223
PNP,-0.6495705004085366,0.2677165354330709,0.9923966216285223
ANG,0.8209377934509321,0.44881889763779526,1.0
RNASE6,2.168730670896327,0.06299212598425197,0.9923966216285223
METTL17,-1.5890417181911287,0.10236220472440945,0.9923966216285223
NDRG2,0.2702129249034355,0.5118110236220472,1.0
ARHGEF40,1.9823298633191975,0.09448818897637795,0.9923966216285223
SMARCE1P3,0.7775544801574843,0.5748031496062992,1.0
LINC00641,-0.22469019205825802,0.7480314960629921,1.0
HNRNPC,-0.09433554868988914,0.5433070866141733,1.0
SUPT16H,-0.21394099232060793,0.33070866141732286,0.9923966216285223
CHD8,-0.1800085752277214,0.4645669291338583,1.0
RAB2B,0.026626587566699556,0.9448818897637795,1.0
TOX4,0.059119672522045086,0.7874015748031497,1.0
METTL3,-0.6826098923597508,0.25984251968503935,0.9923966216285223
TRAV4,0.3450834151842086,0.5826771653543307,1.0
TRAV5,0.4775190943471673,0.6062992125984252,1.0
TRAV6,-0.3023989739207682,0.7007874015748031,1.0
TRAV8-2,0.7462260304818025,0.2677165354330709,0.9923966216285223
TRAV13-1,0.2818030486212806,0.6850393700787402,1.0
TRAV13-2,0.9066018033078733,0.4015748031496063,1.0
TRAV17,0.3788459582901449,0.7637795275590551,1.0
TRAV19,-0.037308511553737045,0.9763779527559056,1.0
TRAV20,-0.37971173879028175,0.7322834645669292,1.0
TRAV26-1,0.343656822731232,0.7480314960629921,1.0
TRAV29DV5,-0.7919631105968024,0.48031496062992124,1.0
TRDC,-0.41197840640209504,0.6771653543307087,1.0
TRAC,0.2093503052912542,0.5354330708661418,1.0
DAD1,0.7928781658258801,0.05511811023622047,0.9923966216285223
ABHD4,0.5240955804339475,0.3700787401574803,0.9923966216285223
OXA1L,0.2519084573408543,0.13385826771653545,0.9923966216285223
SLC7A7,1.5592757779350366,0.07086614173228346,0.9923966216285223
MRPL52,0.5887629863784944,0.2992125984251969,0.9923966216285223
MMP14,0.15935939000767618,0.937007874015748,1.0
LRP10,0.05900101501217758,0.7244094488188977,1.0
RBM23,0.1455343218311942,0.2755905511811024,0.9923966216285223
PRMT5,-0.7439824551423471,0.25196850393700787,0.9923966216285223
HAUS4,0.8829114198281669,0.36220472440944884,0.9923966216285223
C14orf93,1.0124888860681567,0.16535433070866143,0.9923966216285223
PSMB5,0.24862410241200728,0.5433070866141733,1.0
CDH24,0.5444130899078607,0.6850393700787402,1.0
ACIN1,-0.2287583864434417,0.12598425196850394,0.9923966216285223
C14orf119,-0.011753169220694915,0.9606299212598425,1.0
HOMEZ,-1.0392278054452335,0.2125984251968504,0.9923966216285223
PPP1R3E,-0.24855606551459042,0.6535433070866141,1.0
PABPN1,-0.03080260714349059,0.905511811023622,1.0
NGDN,-0.16571185203040706,0.5748031496062992,1.0
AP1G2,-0.28141750114179365,0.7637795275590551,1.0
DHRS4-AS1,-0.12734912219199312,0.8110236220472441,1.0
DHRS4,0.10236869671699722,0.905511811023622,1.0
DHRS4L2,0.8057571934554759,0.4566929133858268,1.0
PCK2,0.5573810248291169,0.16535433070866143,0.9923966216285223
DCAF11,-0.14929636322722573,0.7716535433070866,1.0
FITM1,1.1994825627776855,0.08661417322834646,0.9923966216285223
PSME1,-0.28824189354352825,0.4251968503937008,1.0
EMC9,0.795471464015499,0.4251968503937008,1.0
AL136295.2,-0.7078473133490313,0.3700787401574803,0.9923966216285223
PSME2,0.05895025943432497,0.8346456692913385,1.0
IRF9,-0.9417231304766585,0.2440944881889764,0.9923966216285223
REC8,-0.6349519275991362,0.5196850393700787,1.0
TM9SF1,0.5566949053996484,0.6062992125984252,1.0
AL136295.7,1.4962478183523658,0.11811023622047244,0.9923966216285223
CHMP4A,-0.6728528748798297,0.5118110236220472,1.0
NEDD8,0.4328259521570983,0.33858267716535434,0.9923966216285223
GMPR2,-0.09016752208950685,0.7952755905511811,1.0
TINF2,-0.002569798339328244,1.0,1.0
RABGGTA,1.169576375616872,0.1889763779527559,0.9923966216285223
DHRS1,-0.2641445967869167,0.5590551181102362,1.0
NOP9,1.4099165328633712,0.12598425196850394,0.9923966216285223
LTB4R,-0.4793916207221218,0.3937007874015748,1.0
ADCY4,0.4978831631776257,0.5511811023622047,1.0
RIPK3,-0.3726850121421639,0.7244094488188977,1.0
CBLN3,-0.7347654408651152,0.23622047244094488,0.9923966216285223
KHNYN,-0.2143342290173469,0.6377952755905512,1.0
GZMH,0.37381198690393624,0.6456692913385826,1.0
GZMB,1.83978740129389,0.2440944881889764,0.9923966216285223
BNIP3P1,0.18845693533633767,0.84251968503937,1.0
G2E3,0.2225339698600326,0.48031496062992124,1.0
SCFD1,0.13172127024924674,0.7165354330708661,1.0
AL049830.1,-0.31288886793800663,0.6850393700787402,1.0
COCH,1.3970657389920054,0.25196850393700787,0.9923966216285223
STRN3,0.6250649331207354,0.1968503937007874,0.9923966216285223
AP4S1,-0.16251725725784505,0.905511811023622,1.0
HECTD1,-0.3423918700989992,0.07874015748031496,0.9923966216285223
HEATR5A,-1.1927592120303974,0.1968503937007874,0.9923966216285223
AL139353.3,-0.5903524086957876,0.4094488188976378,1.0
DTD2,0.01688439282420351,0.9291338582677166,1.0
NUBPL,-0.6414378582395166,0.3543307086614173,0.9923966216285223
ARHGAP5,-0.9559871785417746,0.18110236220472442,0.9923966216285223
SPTSSA,0.01854292737216312,0.9763779527559056,1.0
EAPP,-0.2967487877491628,0.4566929133858268,1.0
SNX6,-0.17244923029649062,0.28346456692913385,0.9923966216285223
RPS19P3,-0.0874974468708345,0.8503937007874016,1.0
CFL2,-0.18572503632178483,0.6850393700787402,1.0
RPL12P6,-1.2239769733862722,0.031496062992125984,0.9923966216285223
BAZ1A,-0.173415950701159,0.44881889763779526,1.0
AL121603.2,-0.0038551426743180794,0.9921259842519685,1.0
SRP54-AS1,-1.124918332764355,0.11811023622047244,0.9923966216285223
SRP54,0.556498934277287,0.1732283464566929,0.9923966216285223
FAM177A1,-0.2764985240185833,0.4645669291338583,1.0
PPP2R3C,0.3040830743057157,0.4645669291338583,1.0
KIAA0391,0.5532401818885044,0.5118110236220472,1.0
PSMA6,-0.4121782806681904,0.6535433070866141,1.0
NFKBIA,-0.3757510112614515,0.2440944881889764,0.9923966216285223
RALGAPA1,-0.20784884896391187,0.6850393700787402,1.0
BRMS1L,-0.026903890750001214,0.9448818897637795,1.0
MBIP,0.04642534221232264,0.9212598425196851,1.0
SEC23A,-0.08999467392843918,0.8110236220472441,1.0
GEMIN2,-1.4532886919502137,0.09448818897637795,0.9923966216285223
TRAPPC6B,0.24268257324940556,0.4566929133858268,1.0
PNN,-0.30404598748190814,0.3858267716535433,1.0
CTAGE5,0.3395489896474162,0.08661417322834646,0.9923966216285223
FBXO33,-0.9448123887304245,0.06299212598425197,0.9923966216285223
HNRNPUP1,0.02325788596924383,0.937007874015748,1.0
AL109766.1,0.3442826127716754,0.49606299212598426,1.0
DOCK11P1,0.6829030768236866,0.3700787401574803,0.9923966216285223
C14orf28,-0.797545721579556,0.4094488188976378,1.0
KLHL28,-0.4141390857413727,0.2283464566929134,0.9923966216285223
TOGARAM1,0.11272305318601106,0.7952755905511811,1.0
PRPF39,0.27549582701632946,0.4566929133858268,1.0
FKBP3,-0.1592944614333014,0.7322834645669292,1.0
FANCM,-0.025698115392365217,0.984251968503937,1.0
MIS18BP1,-0.08757944874765844,0.7716535433070866,1.0
DNAJC19P9,-0.5092745194512265,0.49606299212598426,1.0
RPS29,-0.1952435446191192,0.6299212598425197,1.0
LRR1,0.18131638870086597,0.8031496062992126,1.0
RPL36AL,0.4533493959148558,0.12598425196850394,0.9923966216285223
DNAAF2,-0.4971725432861023,0.25984251968503935,0.9923966216285223
POLE2,-0.03771551636920112,0.968503937007874,1.0
KLHDC1,0.3957599464705235,0.6850393700787402,1.0
KLHDC2,-0.26846310480181135,0.7795275590551181,1.0
NEMF,-0.5975754535587932,0.31496062992125984,0.9923966216285223
RN7SL2,-0.43853774675682056,0.6692913385826772,1.0
AL627171.1,-1.3668897865398302,0.1732283464566929,0.9923966216285223
ARF6,0.03360830519398661,0.8031496062992126,1.0
LINC01588,0.019892422322517422,0.9921259842519685,1.0
VCPKMT,-0.7962687079802784,0.11811023622047244,0.9923966216285223
SOS2,-0.904196294287229,0.015748031496062992,0.9923966216285223
L2HGDH,0.6275572754678178,0.2992125984251969,0.9923966216285223
ATP5S,-0.662870780183626,0.06299212598425197,0.9923966216285223
CDKL1,-0.959157375370208,0.30708661417322836,0.9923966216285223
MAP4K5,-0.24680313448163727,0.3464566929133858,0.9923966216285223
SAV1,-0.8372296286450203,0.1889763779527559,0.9923966216285223
NIN,-0.4278037596268529,0.33070866141732286,0.9923966216285223
AL606834.3,0.4287127498443688,0.6299212598425197,1.0
TMX1,-0.09699380922476486,0.7322834645669292,1.0
GNG2,-0.27108866541053533,0.5511811023622047,1.0
RTRAF,0.100065607504769,0.6535433070866141,1.0
COX5AP2,-0.4026378145485414,0.7322834645669292,1.0
PTGDR,0.05667936222321934,0.952755905511811,1.0
PTGER2,-1.6305968647503888,0.2755905511811024,0.9923966216285223
TXNDC16,0.5537981371468175,0.3937007874015748,1.0
ERO1A,0.09980613207648492,0.7007874015748031,1.0
PSMC6,0.14802607158817516,0.6850393700787402,1.0
STYX,0.12396835077190982,0.5354330708661418,1.0
GNPNAT1,0.6311249137834611,0.06299212598425197,0.9923966216285223
DDHD1,-1.0944822746739247,0.05511811023622047,0.9923966216285223
ATP5C1P1,-0.7151593417088092,0.4015748031496063,1.0
CDKN3,0.6045344290972956,0.3464566929133858,0.9923966216285223
CNIH1,0.3397249987010378,0.30708661417322836,0.9923966216285223
GMFB,-0.196962849390788,0.6771653543307087,1.0
CGRRF1,0.3704355341104879,0.2047244094488189,0.9923966216285223
GCH1,-0.5865253582100687,0.1889763779527559,0.9923966216285223
WDHD1,0.02125882080139263,0.9921259842519685,1.0
SOCS4,0.45791458877697266,0.36220472440944884,0.9923966216285223
MAPK1IP1L,0.0496361996087753,0.8031496062992126,1.0
LGALS3,0.8579274703891064,0.03937007874015748,0.9923966216285223
DLGAP5,0.38342268806210456,0.6299212598425197,1.0
AL158801.5,-0.34511916870772064,0.44881889763779526,1.0
FBXO34,0.03968375580545125,0.937007874015748,1.0
ATG14,-0.6003352327030065,0.13385826771653545,0.9923966216285223
KTN1,0.09331447912512658,0.5748031496062992,1.0
PELI2,-1.4913966288317448,0.047244094488188976,0.9923966216285223
TMEM260,-0.18154876101725836,0.7559055118110236,1.0
EXOC5,-0.09887174517867958,0.7244094488188977,1.0
AP5M1,-0.17396817166443412,0.5590551181102362,1.0
NAA30,-0.18391684956243637,0.3700787401574803,0.9923966216285223
ACTR10,0.16992528319423172,0.6141732283464567,1.0
PSMA3,-0.04559163567721214,0.952755905511811,1.0
AL132989.1,0.002143331769500989,1.0,1.0
PSMA3-AS1,-0.5028444398876255,0.09448818897637795,0.9923966216285223
ARID4A,-0.5950350096519692,0.10236220472440945,0.9923966216285223
TIMM9,-0.7756695492720063,0.16535433070866143,0.9923966216285223
KIAA0586,-0.007963926692426071,0.9763779527559056,1.0
HNRNPCP1,-1.144249646800075,0.23622047244094488,0.9923966216285223
AL049873.1,-0.4801697415417445,0.09448818897637795,0.9923966216285223
DAAM1,0.30656682389070244,0.5748031496062992,1.0
L3HYPDH,0.2993810911592756,0.7322834645669292,1.0
JKAMP,-0.5350773753381306,0.28346456692913385,0.9923966216285223
PCNX4,-0.27338756733404246,0.5590551181102362,1.0
DHRS7,0.008364204379351925,1.0,1.0
PPM1A,-0.24050116476242778,0.14173228346456693,0.9923966216285223
RBM8B,-0.4433624086639565,0.5039370078740157,1.0
MNAT1,-0.4919249496496363,0.2755905511811024,0.9923966216285223
TRMT5,-0.6341764534473748,0.5354330708661418,1.0
SLC38A6,0.24075584970453168,0.5196850393700787,1.0
PRKCH,-0.6167322263827844,0.06299212598425197,0.9923966216285223
TMEM30B,-0.9649304848446896,0.29133858267716534,0.9923966216285223
AL359220.1,0.1321339880485941,0.905511811023622,1.0
HIF1A,0.3039074166499258,0.2992125984251969,0.9923966216285223
SNAPC1,0.5668321559541711,0.3464566929133858,0.9923966216285223
PPP2R5E,-0.2849479714581795,0.3700787401574803,0.9923966216285223
WDR89,-0.5646974369962932,0.2125984251968504,0.9923966216285223
HSPE1P2,-0.13518762632288883,0.8582677165354331,1.0
SGPP1,-0.8628926209585357,0.07874015748031496,0.9923966216285223
SYNE2,-0.25574248773907726,0.3700787401574803,0.9923966216285223
MTHFD1,-0.2882514615361256,0.4881889763779528,1.0
AL122035.2,-0.5990983462908279,0.6220472440944882,1.0
ZBTB25,-0.42542904124932335,0.18110236220472442,0.9923966216285223
AKAP5,-0.21493056198846627,0.7165354330708661,1.0
ZBTB1,-0.8933297393004009,0.015748031496062992,0.9923966216285223
HSPA2,-0.6624087262299359,0.3700787401574803,0.9923966216285223
PLEKHG3,-0.6733440580299295,0.3858267716535433,1.0
CHURC1,-0.051524793523103796,0.952755905511811,1.0
RAB15,0.2534685523590383,0.6850393700787402,1.0
FNTB,-1.1955928227851702,0.1732283464566929,0.9923966216285223
MAX,-0.33505314803689057,0.1732283464566929,0.9923966216285223
AL139022.1,-0.15690025830949106,0.8110236220472441,1.0
FUT8,1.169609064118859,0.031496062992125984,0.9923966216285223
YBX1P1,-0.01614588578696008,0.9763779527559056,1.0
GPHN,0.6602003619021892,0.48031496062992124,1.0
MPP5,0.8160743326400146,0.03937007874015748,0.9923966216285223
ATP6V1D,0.40188734268990345,0.25196850393700787,0.9923966216285223
EIF2S1,-0.20768419354793632,0.6062992125984252,1.0
TMEM229B,0.6642994253391055,0.47244094488188976,1.0
PIGH,-1.0731140228656741,0.08661417322834646,0.9923966216285223
VTI1B,0.1717675815990347,0.7952755905511811,1.0
RDH11,0.07003304720142278,0.8267716535433071,1.0
ZFYVE26,-0.10973235805251047,0.8582677165354331,1.0
AL049779.3,0.5806056624579394,0.5748031496062992,1.0
RAD51B,-1.2674274932110359,0.2204724409448819,0.9923966216285223
ZFP36L1,-0.3513813771092309,0.3464566929133858,0.9923966216285223
ACTN1,-0.2383450820409494,0.8740157480314961,1.0
DCAF5,-0.23838091721600563,0.4409448818897638,1.0
EXD2,-0.9503901992726163,0.25196850393700787,0.9923966216285223
ERH,0.17806898720216768,0.6299212598425197,1.0
SLC39A9,0.597994000005766,0.08661417322834646,0.9923966216285223
PLEKHD1,-1.0888214831493988,0.25196850393700787,0.9923966216285223
SUSD6,0.039835560075927035,0.8661417322834646,1.0
SRSF5,-0.461879776748539,0.1732283464566929,0.9923966216285223
RPL7AP6,-0.23719840302005846,0.4566929133858268,1.0
COX16,-0.32236383246242095,0.6456692913385826,1.0
SYNJ2BP,-0.18829843038982919,0.7086614173228346,1.0
MED6,-0.2190761920981883,0.7637795275590551,1.0
TTC9,-0.03476699370198233,0.9133858267716536,1.0
MAP3K9,0.02272949166051985,0.968503937007874,1.0
PCNX1,-0.42635245806604516,0.2677165354330709,0.9923966216285223
SIPA1L1,-0.2055675591140167,0.6456692913385826,1.0
DPF3,0.8537450848208925,0.14960629921259844,0.9923966216285223
DCAF4,0.4904239661242564,0.6377952755905512,1.0
ZFYVE1,0.5752654232426009,0.6141732283464567,1.0
RBM25,-0.1894010637293082,0.4330708661417323,1.0
PSEN1,0.09437457264293769,0.7874015748031497,1.0
NUMB,0.3454563723800268,0.30708661417322836,0.9923966216285223
RIOX1,1.1236420249209094,0.1732283464566929,0.9923966216285223
ACOT2,-0.09113778682704687,0.952755905511811,1.0
ACOT4,-0.1284987731316125,0.905511811023622,1.0
DNAL1,-0.3975995404204351,0.7637795275590551,1.0
PNMA1,-0.7588527009597366,0.10236220472440945,0.9923966216285223
ELMSAN1,-0.4424053086299953,0.25196850393700787,0.9923966216285223
PTGR2,-1.114337630419809,0.2755905511811024,0.9923966216285223
FAM161B,-0.8561354339184779,0.3937007874015748,1.0
COQ6,0.18601545808047182,0.7165354330708661,1.0
ENTPD5,0.0396950675637493,0.9606299212598425,1.0
ALDH6A1,-0.17197585240216418,0.5984251968503937,1.0
LIN52,0.5171111667132626,0.2440944881889764,0.9923966216285223
ABCD4,-0.2422504415589639,0.5433070866141733,1.0
NPC2,1.1358701134813725,0.047244094488188976,0.9923966216285223
RAP1AP,0.5534659031485583,0.31496062992125984,0.9923966216285223
ISCA2,0.25773451724705865,0.5039370078740157,1.0
LTBP2,-0.9447589400664129,0.29133858267716534,0.9923966216285223
AREL1,0.09520877022612684,0.7874015748031497,1.0
FCF1,0.24689168003148154,0.5039370078740157,1.0
YLPM1,-0.014046055975203586,0.9212598425196851,1.0
DLST,-0.431465981225557,0.33858267716535434,0.9923966216285223
EIF2B2,0.13241459313681503,0.6614173228346457,1.0
MLH3,-0.00851842001488956,0.9921259842519685,1.0
ACYP1,0.07549041674455648,0.8503937007874016,1.0
NEK9,-0.10980408360903393,0.8188976377952756,1.0
TMED10,0.5548707198248071,0.09448818897637795,0.9923966216285223
FOS,-0.16877017815962425,0.8267716535433071,1.0
JDP2,0.4072838099288283,0.6692913385826772,1.0
BATF,0.9098651670525433,0.28346456692913385,0.9923966216285223
FLVCR2,1.134283995734513,0.15748031496062992,0.9923966216285223
AC007182.2,-0.23924803789637128,0.41732283464566927,1.0
TTLL5,-0.2067164322404329,0.6141732283464567,1.0
ERG28,0.12351447539129179,0.7480314960629921,1.0
IFT43,0.6769005203909519,0.4881889763779528,1.0
TGFB3,1.0145576091767983,0.25984251968503935,0.9923966216285223
GPATCH2L,-0.34592008221907466,0.4645669291338583,1.0
VASH1,1.4458792821743593,0.12598425196850394,0.9923966216285223
ANGEL1,-0.3386656386972655,0.7480314960629921,1.0
AF111169.1,-1.2501872066759816,0.023622047244094488,0.9923966216285223
IRF2BPL,-1.065221451337223,0.015748031496062992,0.9923966216285223
CIPC,0.36177418970129116,0.6771653543307087,1.0
GSTZ1,0.6186249991900536,0.44881889763779526,1.0
TMED8,0.19981140385163787,0.7165354330708661,1.0
VIPAS39,-0.1827693995673858,0.6141732283464567,1.0
AHSA1,0.31494158858825916,0.41732283464566927,1.0
SPTLC2,-0.46721732565181373,0.48031496062992124,1.0
ALKBH1,-0.26221632843970344,0.5354330708661418,1.0
SLIRP,0.3143426683457413,0.5196850393700787,1.0
SNW1,-0.22262483283498025,0.4645669291338583,1.0
ADCK1,-0.6558970612105588,0.41732283464566927,1.0
CEP128,0.8198890960829237,0.2204724409448819,0.9923966216285223
GTF2A1,0.10634003502063649,0.8031496062992126,1.0
DYNLL1P1,-1.6650492479515058,0.03937007874015748,0.9923966216285223
DYNLL1P2,-0.17097195138853327,0.7480314960629921,1.0
SEL1L,0.9059997598211735,0.05511811023622047,0.9923966216285223
ENSAP2,0.08176878827659784,0.9448818897637795,1.0
FLRT2,0.8361651123319543,0.3228346456692913,0.9923966216285223
GALC,-0.8309082500563556,0.05511811023622047,0.9923966216285223
GPR65,-0.4633602781585733,0.30708661417322836,0.9923966216285223
LINC01146,-1.0287569966882621,0.2125984251968504,0.9923966216285223
SPATA7,-1.2503455244801573,0.30708661417322836,0.9923966216285223
ZC3H14,-0.6965028920265315,0.031496062992125984,0.9923966216285223
FOXN3,-0.5234249126843444,0.05511811023622047,0.9923966216285223
EFCAB11,0.8173845753121229,0.36220472440944884,0.9923966216285223
TDP1,-0.14897299532867248,0.7401574803149606,1.0
PSMC1,0.8855478619680426,0.29133858267716534,0.9923966216285223
NRDE2,-1.0123285736645626,0.14960629921259844,0.9923966216285223
AL512791.2,-0.8126031731445587,0.2283464566929134,0.9923966216285223
CALM1,-0.33394009090035937,0.13385826771653545,0.9923966216285223
AL122020.1,-1.0404501966108524,0.3937007874015748,1.0
RPS6KA5,-1.1476147587636607,0.11023622047244094,0.9923966216285223
DGLUCY,-0.21065896453883948,0.7874015748031497,1.0
GPR68,0.04864658860527893,0.905511811023622,1.0
AL135818.1,0.6094319364398735,0.6456692913385826,1.0
CCDC88C,-0.3519347685649663,0.2204724409448819,0.9923966216285223
PPP4R3A,-0.32997814426659833,0.05511811023622047,0.9923966216285223
CATSPERB,-0.3418615458910159,0.7401574803149606,1.0
AL121839.2,-0.6933437972651135,0.2440944881889764,0.9923966216285223
TC2N,-0.7781701075735121,0.10236220472440945,0.9923966216285223
FBLN5,-0.24748434833690758,0.7716535433070866,1.0
TRIP11,-0.021738923687028233,0.9133858267716536,1.0
ATXN3,-0.5751104420270776,0.11811023622047244,0.9923966216285223
NDUFB1,-0.15753311035884554,0.6220472440944882,1.0
CPSF2,-0.23821428695254632,0.6377952755905512,1.0
RIN3,0.28887722447937403,0.84251968503937,1.0
LGMN,2.805162108862543,0.07086614173228346,0.9923966216285223
GOLGA5,-0.36581867496901666,0.36220472440944884,0.9923966216285223
ITPK1,0.42096961371606856,0.5039370078740157,1.0
MOAP1,-0.8717072199465683,0.03937007874015748,0.9923966216285223
TMEM251,-0.5625947018888646,0.4330708661417323,1.0
GON7,-0.6085871413683659,0.4330708661417323,1.0
UBR7,0.29407666109150377,0.5826771653543307,1.0
BTBD7,-0.3836005795813344,0.4251968503937008,1.0
ASB2,-0.7820663728673929,0.2204724409448819,0.9923966216285223
DDX24,-0.21003665659685922,0.41732283464566927,1.0
IFI27L1,0.6076871830586317,0.23622047244094488,0.9923966216285223
IFI27,1.0288064754465793,0.29133858267716534,0.9923966216285223
IFI27L2,0.6454943080989004,0.12598425196850394,0.9923966216285223
SERPINA1,1.5681370443329143,0.2125984251968504,0.9923966216285223
DICER1,-0.06439716836733744,0.7952755905511811,1.0
SYNE3,0.1960526685901538,0.4566929133858268,1.0
AL133467.1,2.142204632649002,0.11811023622047244,0.9923966216285223
SNHG10,0.37731606801627815,0.6929133858267716,1.0
GLRX5,-0.5112209228821731,0.4015748031496063,1.0
ATG2B,-0.13745407917454866,0.7637795275590551,1.0
GSKIP,-0.4321971120185166,0.1968503937007874,0.9923966216285223
PAPOLA,0.02223081021475437,0.7480314960629921,1.0
AL163051.2,-0.24022631650009174,0.9212598425196851,1.0
VRK1,-0.07164978019432855,0.8188976377952756,1.0
LINC01550,-1.109983031334632,0.3937007874015748,1.0
RPL3P4,-0.2759675958487744,0.2755905511811024,0.9923966216285223
AL162151.2,-0.6273262888567643,0.44881889763779526,1.0
BCL11B,-0.41934035050728724,0.2992125984251969,0.9923966216285223
SETD3,-0.204621855936991,0.2755905511811024,0.9923966216285223
CCNK,0.46662832693588285,0.8661417322834646,1.0
EVL,-0.09317591100110079,0.8661417322834646,1.0
YY1,-0.026029084745768927,0.9133858267716536,1.0
WARS,-0.6027115711280144,0.2755905511811024,0.9923966216285223
AL157871.3,0.40997130361152734,0.6377952755905512,1.0
WDR25,-0.06173865154182678,0.952755905511811,1.0
AL355032.1,-0.13909699247941631,0.7952755905511811,1.0
LINC00239,-0.1361857847686494,0.905511811023622,1.0
PPP2R5C,-0.165814453621131,0.2677165354330709,0.9923966216285223
DYNC1H1,0.13194347026788922,0.6771653543307087,1.0
HSP90AA1,-0.4847980250094839,0.3228346456692913,0.9923966216285223
WDR20,-0.8259107601553644,0.30708661417322836,0.9923966216285223
ZNF839,0.3634062347915503,0.6929133858267716,1.0
CINP,0.03724379887192786,0.905511811023622,1.0
TECPR2,0.3460544564290253,0.6535433070866141,1.0
RCOR1,-0.21507068515737604,0.6141732283464567,1.0
TRAF3,0.5744056892445659,0.3464566929133858,0.9923966216285223
TNFAIP2,2.1208742593284162,0.015748031496062992,0.9923966216285223
EIF5,-0.12339619376270505,0.30708661417322836,0.9923966216285223
MARK3,0.13602420554832673,0.3543307086614173,0.9923966216285223
CKB,0.2870099708486291,0.6535433070866141,1.0
BAG5,-0.9376070995648655,0.07086614173228346,0.9923966216285223
KLC1,0.10034147740891397,0.9291338582677166,1.0
APOPT1,1.0782158737290808,0.14173228346456693,0.9923966216285223
AL049840.4,0.7182120044271789,0.5196850393700787,1.0
XRCC3,1.4333652971688775,0.11811023622047244,0.9923966216285223
ZFYVE21,-0.28765781033362003,0.7874015748031497,1.0
PPP1R13B,-0.528187358326532,0.6377952755905512,1.0
C14orf2,0.14291967922750892,0.4330708661417323,1.0
INF2,0.6166086279868337,0.5196850393700787,1.0
SIVA1,-0.4137004352400009,0.5354330708661418,1.0
AKT1,-0.04262126085072104,0.968503937007874,1.0
ZBTB42,-0.88344149530904,0.11811023622047244,0.9923966216285223
PLD4,-1.5310039666002324,0.1732283464566929,0.9923966216285223
CDCA4,0.9907520214696675,0.16535433070866143,0.9923966216285223
GPR132,-0.5986297269028258,0.13385826771653545,0.9923966216285223
JAG2,0.32276897505881985,0.7952755905511811,1.0
BRF1,0.3115646070268827,0.7637795275590551,1.0
BTBD6,0.15349882285442185,0.5748031496062992,1.0
PACS2,-0.06058187537580073,0.9763779527559056,1.0
AL928654.5,-0.8126018359939458,0.12598425196850394,0.9923966216285223
MTA1,0.2723130412772816,0.7401574803149606,1.0
CRIP2,0.5300101356181579,0.7244094488188977,1.0
TEDC1,1.1314707753375592,0.2755905511811024,0.9923966216285223
IGHA2,4.713238165673307,0.015748031496062992,0.9923966216285223
IGHE,1.6331353547248848,0.07874015748031496,0.9923966216285223
IGHG4,6.40829045748643,0.05511811023622047,0.9923966216285223
IGHG2,5.616026869336758,0.06299212598425197,0.9923966216285223
IGHGP,2.8883436245197567,0.09448818897637795,0.9923966216285223
IGHA1,4.110604775101462,0.047244094488188976,0.9923966216285223
IGHG1,7.064515275528865,0.023622047244094488,0.9923966216285223
IGHG3,5.7041485413021675,0.07086614173228346,0.9923966216285223
IGHM,1.3039445760303199,0.5433070866141733,1.0
FAM30A,0.4257823375104204,0.7716535433070866,1.0
IGHV6-1,2.6241227289610527,0.44881889763779526,1.0
AC246787.1,-0.4029986013713822,0.11811023622047244,0.9923966216285223
IGHV3-7,1.7157502882765243,0.25196850393700787,0.9923966216285223
IGHV1-18,3.1910893612033537,0.1732283464566929,0.9923966216285223
IGHV3-23,1.0231162893871477,0.44881889763779526,1.0
IGHV4-59,-0.49776588582875125,0.6850393700787402,1.0
IGHV3-74,1.3107851307525369,0.44881889763779526,1.0
AC025884.1,-0.1806633761568266,0.8582677165354331,1.0
AC100757.1,0.6745882716056031,0.44881889763779526,1.0
HERC2P2,0.2963547978450558,0.4881889763779528,1.0
WHAMMP3,-0.1463467568427319,0.7952755905511811,1.0
NIPA1,0.11137164823031309,0.6850393700787402,1.0
NIPA2,-0.3337907618087721,0.28346456692913385,0.9923966216285223
CYFIP1,1.5033585237532838,0.15748031496062992,0.9923966216285223
TUBGCP5,-0.5045032311879183,0.4330708661417323,1.0
SNRPN,0.6503267539610453,0.14173228346456693,0.9923966216285223
RPL5P1,-0.8484059915745239,0.09448818897637795,0.9923966216285223
SNHG14,-0.24295373562482503,0.14173228346456693,0.9923966216285223
PWAR5,0.482621600225545,0.4251968503937008,1.0
UBE3A,-0.12270635588887746,0.2283464566929134,0.9923966216285223
ATP10A,-1.015169072139689,0.2204724409448819,0.9923966216285223
AC023449.2,-1.4328496744191188,0.047244094488188976,0.9923966216285223
HERC2,-0.5198336310987104,0.15748031496062992,0.9923966216285223
RPL41P2,-0.47259425386714615,0.5039370078740157,1.0
HERC2P9,-0.2046062028561555,0.8346456692913385,1.0
APBA2,-1.768587230555335,0.031496062992125984,0.9923966216285223
NSMCE3,-0.41009383568309676,0.25984251968503935,0.9923966216285223
TJP1,1.495565255760559,0.05511811023622047,0.9923966216285223
HMGN2P5,-0.2403172576461472,0.7401574803149606,1.0
AC127502.1,-1.376812876670131,0.2204724409448819,0.9923966216285223
AC127502.2,-0.7128164791245424,0.13385826771653545,0.9923966216285223
ARHGAP11B,0.8933018562614099,0.08661417322834646,0.9923966216285223
AC091057.3,0.3456964614923379,0.7637795275590551,1.0
FAN1,0.42359933827263596,0.4251968503937008,1.0
AC087481.3,1.309952565806864,0.023622047244094488,0.9923966216285223
MTMR10,0.01840283989243563,0.937007874015748,1.0
AC012236.1,3.157873537227115,0.023622047244094488,0.9923966216285223
KLF13,0.12965013619291366,0.7086614173228346,1.0
AC026951.1,0.1444481011849279,0.9291338582677166,1.0
AC135983.2,-0.7688731198413827,0.48031496062992124,1.0
ARHGAP11A,0.44269560923658346,0.30708661417322836,0.9923966216285223
FMN1,-0.5645679061898465,0.5905511811023622,1.0
AVEN,0.1811442126373617,0.7637795275590551,1.0
EMC7,0.5792993046290436,0.06299212598425197,0.9923966216285223
PGBD4,-0.09128944513213577,0.9212598425196851,1.0
KATNBL1,-0.8549666873997905,0.2125984251968504,0.9923966216285223
EMC4,-0.005329961066040667,0.984251968503937,1.0
SLC12A6,-0.14988401702489185,0.7952755905511811,1.0
NOP10,0.31103686064633784,0.11023622047244094,0.9923966216285223
LPCAT4,1.0524202249852435,0.031496062992125984,0.9923966216285223
GOLGA8A,-0.417592688448881,0.6220472440944882,1.0
AC025678.3,-1.9363132991633436,0.05511811023622047,0.9923966216285223
HNRNPLP2,-0.44504436523084134,0.6220472440944882,1.0
GOLGA8B,-0.5198988943553786,0.10236220472440945,0.9923966216285223
AQR,-0.4876742662364437,0.11811023622047244,0.9923966216285223
ZNF770,-0.5298174680464784,0.25984251968503935,0.9923966216285223
ANP32AP1,-1.3299683789430725,0.14960629921259844,0.9923966216285223
DPH6,0.5053767318690632,0.6771653543307087,1.0
C15orf41,1.8232856397965713,0.023622047244094488,0.9923966216285223
SPRED1,0.42429375310170103,0.6535433070866141,1.0
FAM98B,-0.24240698839113684,0.6692913385826772,1.0
RASGRP1,-0.03422730151589093,0.9212598425196851,1.0
AC116158.1,-0.33097057112641526,0.7480314960629921,1.0
AC104261.1,0.8832414745757746,0.1968503937007874,0.9923966216285223
C15orf53,0.9721941101799324,0.4094488188976378,1.0
THBS1,-0.3715328540436287,0.7874015748031497,1.0
EIF2AK4,0.39861607807520993,0.11023622047244094,0.9923966216285223
SRP14,0.15367600491115674,0.4409448818897638,1.0
SRP14-AS1,-0.23545784068778963,0.8110236220472441,1.0
BMF,1.3648578206654003,0.25984251968503935,0.9923966216285223
BUB1B,1.1798944349987135,0.3937007874015748,1.0
PLCB2,-0.39957857873609637,0.6535433070866141,1.0
INAFM2,-0.955013089602252,0.4330708661417323,1.0
KNSTRN,-0.015773177432171437,0.9763779527559056,1.0
IVD,-0.07002105171913797,0.7559055118110236,1.0
BAHD1,-1.025977952220067,0.11023622047244094,0.9923966216285223
CHST14,-0.2882446285039202,0.6929133858267716,1.0
CCDC32,0.35346963927872177,0.6929133858267716,1.0
RPUSD2,0.8794424714023648,0.33858267716535434,0.9923966216285223
KNL1,0.5029366451261028,0.30708661417322836,0.9923966216285223
RAD51-AS1,-0.7027849785617002,0.4015748031496063,1.0
RAD51,0.029354934368647,0.9921259842519685,1.0
RMDN3,0.2276390381268829,0.7716535433070866,1.0
DNAJC17,-0.5737260396345791,0.5275590551181102,1.0
ZFYVE19,-0.17692411584655554,0.7165354330708661,1.0
SPINT1,0.1751170700035516,0.8582677165354331,1.0
VPS18,-0.7527108508200411,0.4881889763779528,1.0
INO80,-0.12164892938334582,0.7795275590551181,1.0
CHP1,-0.0015821096023671544,1.0,1.0
OIP5-AS1,0.10565905383188667,0.5433070866141733,1.0
OIP5,-0.2142849449467228,0.8582677165354331,1.0
NUSAP1,0.11034413996212411,0.8503937007874016,1.0
NDUFAF1,0.5002361864608673,0.25196850393700787,0.9923966216285223
RTF1,0.002455103575890405,0.9921259842519685,1.0
LTK,-2.4906494426246377,0.015748031496062992,0.9923966216285223
RPAP1,0.3670113978153755,0.5275590551181102,1.0
ELOCP2,-0.2857893402265417,0.7401574803149606,1.0
MGA,0.009034445743833608,0.9763779527559056,1.0
MAPKBP1,0.5962903161049413,0.5984251968503937,1.0
SPTBN5,-0.3043236760677308,0.5748031496062992,1.0
AC020659.1,-0.8334729135100636,0.2755905511811024,0.9923966216285223
EHD4,1.2351081863446192,0.015748031496062992,0.9923966216285223
VPS39,-0.20412505899819244,0.6299212598425197,1.0
TMEM87A,-0.16438471616713546,0.7244094488188977,1.0
GANC,-0.5166339117707563,0.28346456692913385,0.9923966216285223
ZNF106,-0.48968142196068953,0.18110236220472442,0.9923966216285223
SNAP23,-0.4515449220012746,0.1889763779527559,0.9923966216285223
LRRC57,-0.783886317091687,0.6771653543307087,1.0
HAUS2,-0.09301803594925051,0.8582677165354331,1.0
MYL12BP1,-1.5242710466515532,0.14960629921259844,0.9923966216285223
STARD9,-0.8900343134772042,0.36220472440944884,0.9923966216285223
CDAN1,-0.4868931652063879,0.5748031496062992,1.0
TTBK2,-0.19792472382826265,0.6220472440944882,1.0
UBR1,-0.15938919800257523,0.5511811023622047,1.0
RPS3AP47,-1.5854130966617617,0.13385826771653545,0.9923966216285223
TMEM62,-0.7477875154350904,0.48031496062992124,1.0
CCNDBP1,0.3523865384860807,0.12598425196850394,0.9923966216285223
LCMT2,-0.6050124097662737,0.5275590551181102,1.0
ADAL,-0.18608603738957763,0.7559055118110236,1.0
ZSCAN29,-0.09331095491913466,0.8503937007874016,1.0
TUBGCP4,-0.517296066380756,0.30708661417322836,0.9923966216285223
TP53BP1,-1.0374720352711715,0.14173228346456693,0.9923966216285223
MAP1A,-0.4410504212186538,0.6850393700787402,1.0
PPIP5K1,0.10680867246456427,0.952755905511811,1.0
CATSPER2,-1.0074612980321702,0.4094488188976378,1.0
PDIA3,0.2820572143168807,0.3543307086614173,0.9923966216285223
SERF2,0.3377621027749331,0.4645669291338583,1.0
MFAP1,-0.8191136327196213,0.07086614173228346,0.9923966216285223
WDR76,0.9199936005169311,0.3464566929133858,0.9923966216285223
PIN4P1,0.2776482415099468,0.7244094488188977,1.0
CASC4,0.2181746811114218,0.3937007874015748,1.0
CTDSPL2,-0.8312949097820486,0.25196850393700787,0.9923966216285223
EIF3J-AS1,0.12881901445757338,0.9212598425196851,1.0
EIF3J,-0.11696880883770788,0.7716535433070866,1.0
SPG11,-0.2858937644709769,0.1889763779527559,0.9923966216285223
PATL2,-0.17958434385335664,0.6299212598425197,1.0
B2M,0.0263225014554056,0.937007874015748,1.0
TRIM69,0.1422235254311479,0.7322834645669292,1.0
SORD,-0.6043369617274159,0.5039370078740157,1.0
GATM,1.3256059915287008,0.28346456692913385,0.9923966216285223
SPATA5L1,0.11360641293789264,0.8582677165354331,1.0
C15orf48,1.4027481047134147,0.18110236220472442,0.9923966216285223
SLC30A4,-0.9566653958628475,0.30708661417322836,0.9923966216285223
BLOC1S6,-0.2349414978367257,0.4330708661417323,1.0
SQOR,-0.033683099607103806,0.905511811023622,1.0
AC044787.1,0.4649462947358476,0.3700787401574803,0.9923966216285223
MYEF2,-0.4123292034769972,0.48031496062992124,1.0
DUT,-0.2505511222219585,0.5511811023622047,1.0
CEP152,0.07314632075578054,0.8818897637795275,1.0
EID1,-0.3936433854372332,0.2204724409448819,0.9923966216285223
SECISBP2L,-0.1789786715714934,0.4566929133858268,1.0
COPS2,-0.037990476524700334,0.889763779527559,1.0
GALK2,-1.212000250086199,0.28346456692913385,0.9923966216285223
FAM227B,-0.25153511003860807,0.2992125984251969,0.9923966216285223
AC022306.1,-0.47711987909375564,0.5039370078740157,1.0
DTWD1,-0.18391797240615482,0.5511811023622047,1.0
ATP8B4,0.49218712389019714,0.6850393700787402,1.0
SLC27A2,0.8542284092507195,0.11811023622047244,0.9923966216285223
GABPB1,-0.5917066119064982,0.3228346456692913,0.9923966216285223
GABPB1-AS1,-0.6753540523282844,0.4094488188976378,1.0
USP8,-0.37504475760071454,0.05511811023622047,0.9923966216285223
TRPM7,-0.6321395015760922,0.2204724409448819,0.9923966216285223
SPPL2A,-0.3432955554417205,0.15748031496062992,0.9923966216285223
AP4E1,-0.6931634156433963,0.047244094488188976,0.9923966216285223
LYSMD2,0.10728316638127566,0.8188976377952756,1.0
TMOD2,0.610065345564156,0.6929133858267716,1.0
TMOD3,-0.058441800744350125,0.84251968503937,1.0
LEO1,-0.33786543547433645,0.4094488188976378,1.0
MAPK6,0.07568353065156952,0.8661417322834646,1.0
AC023906.1,-0.8902804453578574,0.1732283464566929,0.9923966216285223
GNB5,-0.5867072390571426,0.2283464566929134,0.9923966216285223
MYO5C,-0.3411893304915048,0.4645669291338583,1.0
MYO5A,0.028562553510785627,0.937007874015748,1.0
ARPP19,-0.24648238602961925,0.2125984251968504,0.9923966216285223
FAM214A,0.1686005187752908,0.5196850393700787,1.0
RSL24D1,-0.5282924174142671,0.1732283464566929,0.9923966216285223
RAB27A,0.11532449969716829,0.5354330708661418,1.0
AC018926.2,0.4301880165067069,0.5590551181102362,1.0
PIGBOS1,0.07410280711956796,0.9212598425196851,1.0
PIGB,-0.6057075022458385,0.5590551181102362,1.0
CCPG1,0.01937763956422378,0.9291338582677166,1.0
C15orf65,0.3402498181620004,0.6220472440944882,1.0
NEDD4,0.08192721450606788,0.9133858267716536,1.0
CNOT6LP1,0.028582852533356906,0.984251968503937,1.0
RFX7,-0.028875704975710015,0.968503937007874,1.0
TEX9,1.9216447906632395,0.11811023622047244,0.9923966216285223
MNS1,1.3214939559068282,0.25196850393700787,0.9923966216285223
ZNF280D,0.2017903618131287,0.3543307086614173,0.9923966216285223
TCF12,-0.243475014606779,0.29133858267716534,0.9923966216285223
LINC00926,0.054600749816593463,1.0,1.0
POLR2M,-0.25003716073569215,0.44881889763779526,1.0
AQP9,0.6476830026983178,0.6850393700787402,1.0
ADAM10,-0.10792586413435057,0.7952755905511811,1.0
MINDY2,-0.2998311159523155,0.5433070866141733,1.0
RNF111,0.18489257987470786,0.4330708661417323,1.0
SLTM,-0.14006420927665086,0.5354330708661418,1.0
CCNB2,0.07767077515007781,0.9291338582677166,1.0
MYO1E,1.207877394242619,0.25196850393700787,0.9923966216285223
FAM81A,0.3571873913774185,0.6377952755905512,1.0
GTF2A2,0.17327200613226434,0.4330708661417323,1.0
BNIP2,-0.3802038334754574,0.015748031496062992,0.9923966216285223
RPS3AP6,-0.4630233973085538,0.25984251968503935,0.9923966216285223
ANXA2,0.5520573919337082,0.16535433070866143,0.9923966216285223
ICE2,0.05286977097988288,0.6299212598425197,1.0
RORA,-0.8176001338858496,0.08661417322834646,0.9923966216285223
VPS13C,-0.3983753054608492,0.2125984251968504,0.9923966216285223
TPM1,-0.1783374423458608,0.8503937007874016,1.0
LACTB,0.04016490279285723,0.9606299212598425,1.0
RPS27L,0.9684869138252763,0.015748031496062992,0.9923966216285223
RAB8B,-0.1334867419363226,0.6141732283464567,1.0
APH1B,-0.6187232289781974,0.09448818897637795,0.9923966216285223
USP3,-0.4732828593005127,0.2755905511811024,0.9923966216285223
HERC1,0.054553960513455735,0.7480314960629921,1.0
DAPK2,0.15722358372392087,0.8740157480314961,1.0
FAM96A,-0.1388864211805112,0.7165354330708661,1.0
SNX1,0.47250847599216605,0.06299212598425197,0.9923966216285223
SNX22,-0.29681278738232586,0.8818897637795275,1.0
PPIB,1.2469293951313842,0.1889763779527559,0.9923966216285223
CSNK1G1,-0.04076283909049039,0.9133858267716536,1.0
PCLAF,-0.027019486986834984,0.9763779527559056,1.0
TRIP4,-0.009326624302932629,0.9921259842519685,1.0
ZNF609,-0.447167126836689,0.1889763779527559,0.9923966216285223
OAZ2,-0.33745877205300623,0.3464566929133858,0.9923966216285223
PIF1,0.4241445270326034,0.5433070866141733,1.0
PLEKHO2,0.06479289764139828,0.8976377952755905,1.0
ANKDD1A,-0.8479790542885776,0.3700787401574803,0.9923966216285223
SPG21,-0.027361914967729994,0.9133858267716536,1.0
MTFMT,-0.5404157948538946,0.15748031496062992,0.9923966216285223
PDCD7,-0.3005948531974445,0.2047244094488189,0.9923966216285223
CLPX,-0.29314937521050943,0.3858267716535433,1.0
PARP16,-0.8035501170361261,0.14173228346456693,0.9923966216285223
RNU5A-1,-0.523966057518674,0.5826771653543307,1.0
RNU5B-1,1.1701045277724407,0.07874015748031496,0.9923966216285223
DPP8,-0.22111161946822833,0.6299212598425197,1.0
HACD3,-0.13414015909720778,0.6850393700787402,1.0
INTS14,-0.14297175222394465,0.6220472440944882,1.0
SLC24A1,0.021017130257428462,0.968503937007874,1.0
DENND4A,-0.06576003913912398,0.8110236220472441,1.0
RAB11A,0.12293636658536489,0.5826771653543307,1.0
AC011939.1,0.5515599392331454,0.6456692913385826,1.0
DIS3L,0.45306412843778787,0.1732283464566929,0.9923966216285223
TIPIN,-0.2945700584084041,0.8267716535433071,1.0
MAP2K1,-0.04230631920361816,0.9133858267716536,1.0
SNAPC5,-0.5609700886210978,0.14173228346456693,0.9923966216285223
RPL4,-0.2613694988111277,0.06299212598425197,0.9923966216285223
ZWILCH,0.0453881370971283,0.8976377952755905,1.0
SMAD3,-1.0157465136207877,0.11811023622047244,0.9923966216285223
AAGAB,-0.17345133920138345,0.5905511811023622,1.0
IQCH-AS1,1.0229711966977963,0.30708661417322836,0.9923966216285223
C15orf61,-0.19258565646109638,0.8031496062992126,1.0
MAP2K5,-0.1568862308998269,0.8267716535433071,1.0
PIAS1,-0.11948764516772403,0.6929133858267716,1.0
CLN6,-0.3156007666529712,0.7480314960629921,1.0
FEM1B,-0.5115545315367456,0.14173228346456693,0.9923966216285223
ANP32A,-0.18222477535236248,0.4645669291338583,1.0
GLCE,0.4474463695720128,0.41732283464566927,1.0
KIF23,0.7120245510739212,0.5748031496062992,1.0
RPLP1,0.25572474680055457,0.6456692913385826,1.0
TLE3,-0.16382142032787428,0.7007874015748031,1.0
UACA,-0.8224596790345324,0.33858267716535434,0.9923966216285223
HMGB1P6,0.18967198534798602,0.6692913385826772,1.0
AC064799.1,-0.6133600318024977,0.2440944881889764,0.9923966216285223
MYO9A,-0.06421386391504313,0.8976377952755905,1.0
PKM,0.47474898784129493,0.4094488188976378,1.0
PARP6,-0.3733009695772429,0.33070866141732286,0.9923966216285223
HEXA,0.4504839656791271,0.4566929133858268,1.0
TMEM202-AS1,0.1302438296894204,0.9212598425196851,1.0
ARIH1,-0.13042898919519796,0.5590551181102362,1.0
BBS4,-0.15505600288821597,0.8110236220472441,1.0
ADPGK,-0.35238120734173783,0.5748031496062992,1.0
NEO1,-1.221279207384426,0.23622047244094488,0.9923966216285223
NPTN,-0.07110719273942756,0.9448818897637795,1.0
NPTN-IT1,-0.21135942993187706,0.8818897637795275,1.0
LOXL1-AS1,-0.8432577051003443,0.3464566929133858,0.9923966216285223
PML,-0.023955537342785327,0.905511811023622,1.0
SEMA7A,-0.14430075287358202,0.8582677165354331,1.0
UBL7,0.2904615332311682,0.8503937007874016,1.0
UBL7-AS1,-1.0215791012213669,0.05511811023622047,0.9923966216285223
ARID3B,-0.30133525667796235,0.5984251968503937,1.0
CLK3,-0.5640550989474002,0.5196850393700787,1.0
EDC3,-0.653730378616989,0.5275590551181102,1.0
CSK,0.0999980631003865,0.8818897637795275,1.0
ULK3,-0.26959355733945767,0.7007874015748031,1.0
SCAMP2,0.8029053738223482,0.07874015748031496,0.9923966216285223
MPI,0.5164184814458119,0.6535433070866141,1.0
FAM219B,0.6423711362232343,0.18110236220472442,0.9923966216285223
COX5A,0.10559353764260049,0.8267716535433071,1.0
RPP25,-0.062133863290567914,0.952755905511811,1.0
SCAMP5,2.1541642163889705,0.015748031496062992,0.9923966216285223
PPCDC,0.948736079517031,0.30708661417322836,0.9923966216285223
C15orf39,-0.5474441934272718,0.6692913385826772,1.0
ANP32BP1,-0.5212703391112368,0.48031496062992124,1.0
COMMD4,-0.7762610264189052,0.5748031496062992,1.0
MAN2C1,-0.9388793445267729,0.2755905511811024,0.9923966216285223
SIN3A,-0.3235626364327331,0.2283464566929134,0.9923966216285223
PTPN9,0.05892531212188423,0.889763779527559,1.0
SNUPN,-0.6259367654399628,0.5275590551181102,1.0
IMP3,-0.3083962971445544,0.3543307086614173,0.9923966216285223
UBE2Q2,0.03485283453983179,0.8976377952755905,1.0
FBXO22,-0.1786443750612392,0.5748031496062992,1.0
ETFA,-0.199584580131841,0.6220472440944882,1.0
SCAPER,-0.033658711884755554,0.889763779527559,1.0
RCN2,0.027534335959389367,0.9212598425196851,1.0
PSTPIP1,-0.7035510794419713,0.6535433070866141,1.0
TSPAN3,0.0020196190231196454,1.0,1.0
PEAK1,-0.19773853868660263,0.8267716535433071,1.0
HMG20A,0.29263153292649813,0.5590551181102362,1.0
TBC1D2B,0.24357034825406743,0.8661417322834646,1.0
CIB2,-0.4513936342171796,0.6850393700787402,1.0
DNAJA4,-1.3022845993716023,0.25984251968503935,0.9923966216285223
WDR61,-0.2552575418709475,0.49606299212598426,1.0
IREB2,-0.17533779789560455,0.6062992125984252,1.0
PSMA4,-0.28907056806585274,0.3937007874015748,1.0
MORF4L1,-0.33235146302916885,0.23622047244094488,0.9923966216285223
CTSH,2.351906720901309,0.11811023622047244,0.9923966216285223
TMED3,0.5956510311391936,0.23622047244094488,0.9923966216285223
MTHFS,1.0597025576121617,0.14173228346456693,0.9923966216285223
ST20,1.550855230360145,0.11023622047244094,0.9923966216285223
AC015871.3,-0.4716933697778205,0.5590551181102362,1.0
BCL2A1,0.2688636663798478,0.5354330708661418,1.0
ZFAND6,0.027250464301638466,0.8976377952755905,1.0
FAH,-1.339659726498235,0.10236220472440945,0.9923966216285223
ABHD17C,-0.05016578299047181,0.905511811023622,1.0
MESD,0.3556670648175153,0.2440944881889764,0.9923966216285223
TLNRD1,-0.048509665593718054,0.7086614173228346,1.0
IL16,0.33331047939715575,0.5984251968503937,1.0
EFL1,0.6374072935984949,0.1732283464566929,0.9923966216285223
RPL9P9,-0.6903560002748641,0.15748031496062992,0.9923966216285223
RPS17,-0.05828768631491066,0.8188976377952756,1.0
WHAMM,-0.47876972869628975,0.14960629921259844,0.9923966216285223
HOMER2,-1.1779734026327573,0.12598425196850394,0.9923966216285223
FAM103A1,-0.9345660790385382,0.33070866141732286,0.9923966216285223
C15orf40,0.08048496223955937,0.8031496062992126,1.0
BTBD1,-0.07991120905114357,0.7559055118110236,1.0
HDGFL3,-1.0877303851455316,0.33070866141732286,0.9923966216285223
UBE2Q2P1,0.17969374221418688,0.7637795275590551,1.0
ZSCAN2,1.5708955189708478,0.047244094488188976,0.9923966216285223
SCAND2P,-0.2508986372484342,0.7322834645669292,1.0
NMB,1.0151351581024801,0.30708661417322836,0.9923966216285223
SEC11A,0.09615181742759216,0.8031496062992126,1.0
ZNF592,0.18125360448325267,0.5748031496062992,1.0
PDE8A,1.3726240954527476,0.13385826771653545,0.9923966216285223
ADAMTS7P4,-0.3323967342746359,0.7874015748031497,1.0
AKAP13,-0.10593613083078512,0.7322834645669292,1.0
AC104046.1,-0.826643781128301,0.4330708661417323,1.0
MRPL46,0.9381967524552142,0.2677165354330709,0.9923966216285223
MRPS11,0.0760031376188004,0.9606299212598425,1.0
DET1,-0.661717329934645,0.49606299212598426,1.0
AEN,2.437741929109694,0.031496062992125984,0.9923966216285223
ISG20,-0.12317873527633694,0.8740157480314961,1.0
HAPLN3,0.96026470979818,0.4645669291338583,1.0
MFGE8,0.15038010904287713,0.9291338582677166,1.0
ABHD2,-0.017031707365819493,0.9763779527559056,1.0
FANCI,0.5819235687976105,0.5118110236220472,1.0
POLG,0.2179571959975508,0.4645669291338583,1.0
MIR9-3HG,0.6559763946216539,0.3700787401574803,0.9923966216285223
RHCG,0.20522682808545967,0.9212598425196851,1.0
TICRR,-0.9006583643581804,0.30708661417322836,0.9923966216285223
AP3S2,-1.1070909777635456,0.2992125984251969,0.9923966216285223
ZNF710-AS1,-0.8076281717389362,0.3937007874015748,1.0
IDH2,-0.09428969446515634,0.8740157480314961,1.0
SEMA4B,0.9002498483722303,0.07874015748031496,0.9923966216285223
RPS12P26,-0.7413090820105421,0.3937007874015748,1.0
CIB1,-0.2375721054085176,0.8503937007874016,1.0
GDPGP1,-0.6627742232679164,0.3543307086614173,0.9923966216285223
NGRN,-0.20225806852592676,0.7559055118110236,1.0
IQGAP1,0.26549955312938245,0.33070866141732286,0.9923966216285223
CRTC3,-0.3362657249741092,0.41732283464566927,1.0
AC103739.1,1.309952565806864,0.023622047244094488,0.9923966216285223
HSPE1P3,-0.03420487833655983,0.9606299212598425,1.0
BLM,0.08125079965661453,0.8818897637795275,1.0
FURIN,0.2162034797376977,0.6377952755905512,1.0
MAN2A2,-0.336645674251141,0.7165354330708661,1.0
UNC45A,0.5510179988892112,0.1732283464566929,0.9923966216285223
RCCD1,0.8989414822716775,0.41732283464566927,1.0
PRC1,0.5404666390377253,0.5039370078740157,1.0
VPS33B,-1.0223696727060734,0.31496062992125984,0.9923966216285223
SLCO3A1,-0.9849272784822749,0.3464566929133858,0.9923966216285223
FAM174B,1.163051584105103,0.41732283464566927,1.0
HMGN1P38,-0.894410375923357,0.4409448818897638,1.0
AC091544.3,0.6174211904580267,0.5984251968503937,1.0
LINC01578,-0.343061338124131,0.13385826771653545,0.9923966216285223
CHD2,-0.037042674510445295,0.905511811023622,1.0
AC104390.1,-0.985682203713133,0.3858267716535433,1.0
MCTP2,-0.11458465330145495,0.8818897637795275,1.0
NR2F2,2.2696741462186987,0.023622047244094488,0.9923966216285223
SYNM,-0.0225927279683642,0.984251968503937,1.0
LRRC28,0.3706338303372334,0.5826771653543307,1.0
HSP90B2P,1.3021236975131911,0.07086614173228346,0.9923966216285223
MEF2A,0.28949457288741076,0.5118110236220472,1.0
LYSMD4,-0.41005842325656205,0.7165354330708661,1.0
ADAMTS17,0.3427394507263297,0.7165354330708661,1.0
AC027020.2,0.7482925299172605,0.44881889763779526,1.0
LINS1,-0.6377605387100136,0.16535433070866143,0.9923966216285223
ASB7,0.4955677097571085,0.41732283464566927,1.0
LRRK1,1.6733298207553282,0.2755905511811024,0.9923966216285223
CHSY1,0.2470747180789452,0.3937007874015748,1.0
SELENOS,0.9547282939385644,0.07086614173228346,0.9923966216285223
SNRPA1,-0.13924045620783243,0.5984251968503937,1.0
TM2D3,-0.09167719480125669,0.7322834645669292,1.0
TARSL2,-0.22679092462339945,0.6299212598425197,1.0
AC027559.1,0.5234789640128072,0.5118110236220472,1.0
POLR3K,0.46018586955828145,0.44881889763779526,1.0
SNRNP25,0.24166040146798462,0.6614173228346457,1.0
MPG,0.533348236340283,0.5748031496062992,1.0
NPRL3,-0.6664533284030039,0.6220472440944882,1.0
HBA2,0.48932337529165526,0.7795275590551181,1.0
HBA1,-0.9250728403048876,0.5275590551181102,1.0
Z69706.1,0.24273178546522267,0.7716535433070866,1.0
LUC7L,-0.19845366060315506,0.6850393700787402,1.0
FAM234A,0.6548362315515766,0.5590551181102362,1.0
AXIN1,0.0078704418844735,0.9763779527559056,1.0
MRPL28,-0.17767096568834084,0.9212598425196851,1.0
TMEM8A,0.1750460820168076,0.8582677165354331,1.0
NME4,-0.6595613286838118,0.5748031496062992,1.0
RAB11FIP3,0.07274921004172263,0.8661417322834646,1.0
CAPN15,0.2030201818998889,0.8740157480314961,1.0
PIGQ,1.6110497633523881,0.10236220472440945,0.9923966216285223
RAB40C,1.1018844304315993,0.3700787401574803,0.9923966216285223
METTL26,-0.13835268208557583,0.937007874015748,1.0
MCRIP2,0.33203744874944574,0.7165354330708661,1.0
WDR90,-0.056316757124959205,0.952755905511811,1.0
RHOT2,-0.6878181038357569,0.4566929133858268,1.0
JMJD8,0.08811027181876163,0.9212598425196851,1.0
METRN,0.212138093854898,0.9212598425196851,1.0
FAM173A,1.4001808990628812,0.2440944881889764,0.9923966216285223
NARFL,-0.11768339294924512,0.9212598425196851,1.0
RPUSD1,-0.3293777854200195,0.7874015748031497,1.0
CHTF18,-0.2595820074710238,0.8031496062992126,1.0
TPSB2,1.4804792932520807,0.5196850393700787,1.0
TPSAB1,1.0614786393029991,0.5196850393700787,1.0
UBE2I,-0.03587403855563753,0.937007874015748,1.0
TSR3,-0.20265537088558339,0.8582677165354331,1.0
GNPTG,0.3380582012771116,0.6377952755905512,1.0
UNKL,-0.014919384652506196,0.9921259842519685,1.0
C16orf91,0.07866543712821139,0.8582677165354331,1.0
TELO2,0.06687408932992467,0.9448818897637795,1.0
TMEM204,-0.039414854643248454,0.9606299212598425,1.0
CRAMP1,0.02497321947996456,0.952755905511811,1.0
JPT2,0.2482544163644116,0.6062992125984252,1.0
MAPK8IP3,-0.5828682921652559,0.6220472440944882,1.0
NME3,-0.43791469589468024,0.7637795275590551,1.0
MRPS34,0.029831779520756996,0.9763779527559056,1.0
NUBP2,0.24797821987318613,0.8110236220472441,1.0
HAGH,0.018372877654535102,0.984251968503937,1.0
FAHD1,-0.3262224580650983,0.8582677165354331,1.0
MSRB1,-0.28321106647098615,0.7559055118110236,1.0
NDUFB10,0.5744421996176978,0.3937007874015748,1.0
RPS2,-0.11697403479022128,0.6299212598425197,1.0
SNHG9,-0.8745772115408479,0.2992125984251969,0.9923966216285223
TBL3,1.128412862289507,0.2755905511811024,0.9923966216285223
GFER,0.9732648454714181,0.15748031496062992,0.9923966216285223
SYNGR3,-0.20462263104915834,0.9212598425196851,1.0
TSC2,-0.03661492912224151,0.984251968503937,1.0
PKD1,-0.09939651313114473,1.0,1.0
SNHG19,-0.4182611171320887,0.5354330708661418,1.0
TRAF7,0.1914302962949752,0.8188976377952756,1.0
BRICD5,-0.7019411524753094,0.33858267716535434,0.9923966216285223
PGP,0.7337841149380391,0.2992125984251969,0.9923966216285223
E4F1,0.06012341638794361,0.952755905511811,1.0
ECI1,0.0004681268881001621,1.0,1.0
RNPS1,0.08775859495962024,0.7716535433070866,1.0
CCNF,0.7320336824562181,0.4251968503937008,1.0
TEDC2,1.8715460822248713,0.015748031496062992,0.9923966216285223
TBC1D24,-0.1254051863585457,0.8503937007874016,1.0
AMDHD2,1.375314847990616,0.25196850393700787,0.9923966216285223
PDPK1,-0.36273124307389804,0.4409448818897638,1.0
ERVK13-1,-0.8413821759267672,0.07874015748031496,0.9923966216285223
KCTD5,0.25318727871375923,0.5826771653543307,1.0
AC092117.2,-1.274885526653312,0.11023622047244094,0.9923966216285223
PRSS27,1.1062113587073215,0.25196850393700787,0.9923966216285223
SRRM2,-0.25318488402495554,0.2440944881889764,0.9923966216285223
ELOB,-0.21684092141229705,0.7874015748031497,1.0
PRSS22,1.4900770512137442,0.2125984251968504,0.9923966216285223
FLYWCH2,1.0756589332171225,0.33070866141732286,0.9923966216285223
FLYWCH1,-0.20526974633876716,0.8267716535433071,1.0
HCFC1R1,0.3451105670670591,0.5433070866141733,1.0
THOC6,-0.12830059767317437,0.9291338582677166,1.0
MMP25-AS1,-0.9831921853807235,0.05511811023622047,0.9923966216285223
IL32,-0.39523750321404094,0.3700787401574803,0.9923966216285223
AC108134.3,-0.48382842024202277,0.6535433070866141,1.0
ZNF213-AS1,-1.378881475582679,0.1968503937007874,0.9923966216285223
ZNF213,1.203925717027818,0.25984251968503935,0.9923966216285223
AC108134.2,-1.706690538543336,0.11023622047244094,0.9923966216285223
ZNF200,-0.7295217369020683,0.14173228346456693,0.9923966216285223
LINC00921,-0.12158601655319545,0.9212598425196851,1.0
ZNF263,-0.9623326754411523,0.11023622047244094,0.9923966216285223
ZNF75A,-0.7466777375014821,0.06299212598425197,0.9923966216285223
ZNF174,0.7715375236893003,0.44881889763779526,1.0
ZNF597,-0.7187457488159974,0.4330708661417323,1.0
NAA60,-0.4321646264193828,0.3228346456692913,0.9923966216285223
CLUAP1,-0.5736449914528796,0.6141732283464567,1.0
NLRC3,-0.15443546753483695,0.7480314960629921,1.0
SLX4,-0.23041984425492545,0.7952755905511811,1.0
DNASE1,0.16831033321127142,0.7322834645669292,1.0
TRAP1,0.03918818931102219,0.9606299212598425,1.0
CREBBP,-0.17345895716438875,0.3858267716535433,1.0
ADCY9,-1.1029790945122453,0.25984251968503935,0.9923966216285223
LINC01569,0.09518383210515902,0.9763779527559056,1.0
TFAP4,0.10955923128143663,0.8582677165354331,1.0
CORO7,-0.5178011106360478,0.6456692913385826,1.0
DNAJA3,0.12635156547063264,0.7165354330708661,1.0
NMRAL1,-0.08359927173405968,0.937007874015748,1.0
HMOX2,-0.12680757354076366,0.5669291338582677,1.0
CDIP1,0.727187999510428,0.4094488188976378,1.0
SUB1P3,0.7643357883672337,0.11023622047244094,0.9923966216285223
UBALD1,-0.03293829822939376,0.952755905511811,1.0
MGRN1,0.8972497285542782,0.3228346456692913,0.9923966216285223
NUDT16L1,-0.5888375700008854,0.33858267716535434,0.9923966216285223
ANKS3,0.3079142596789237,0.84251968503937,1.0
ZNF500,0.18371586896401526,0.8661417322834646,1.0
GLYR1,0.27339038892829404,0.36220472440944884,0.9923966216285223
UBN1,-0.26935303509870856,0.25196850393700787,0.9923966216285223
NAGPA,1.3486027308051924,0.031496062992125984,0.9923966216285223
METTL22,0.7592071484872158,0.3779527559055118,0.9979787009382448
ABAT,-0.586397094679826,0.33070866141732286,0.9923966216285223
TMEM186,-0.44096173835148234,0.5905511811023622,1.0
PMM2,0.1127477585407588,0.7401574803149606,1.0
CARHSP1,0.0698370659394909,0.84251968503937,1.0
USP7,-0.2278871237454725,0.31496062992125984,0.9923966216285223
C16orf72,-0.1462666172286653,0.6377952755905512,1.0
ATF7IP2,-1.1572666130340297,0.13385826771653545,0.9923966216285223
NUBP1,0.0829641530323606,0.905511811023622,1.0
CIITA,0.999790999023823,0.4566929133858268,1.0
AC133065.6,1.1473807825467972,0.2204724409448819,0.9923966216285223
AC133065.2,-0.09030030776585374,0.9291338582677166,1.0
CLEC16A,-0.8378643449881737,0.4330708661417323,1.0
RMI2,0.6364380700385865,0.6377952755905512,1.0
SOCS1,-0.5383566860153115,0.6929133858267716,1.0
LITAF,-0.9919289743188715,0.031496062992125984,0.9923966216285223
SNN,-1.2987819782331735,0.10236220472440945,0.9923966216285223
TXNDC11,0.6310637973911817,0.23622047244094488,0.9923966216285223
ZC3H7A,-0.3758770758818537,0.3937007874015748,1.0
RSL1D1,-0.20291436071566338,0.18110236220472442,0.9923966216285223
GSPT1,0.010508327003497797,0.968503937007874,1.0
TNFRSF17,3.3828092673419192,0.015748031496062992,0.9923966216285223
SNX29,-0.26518692592979676,0.6456692913385826,1.0
CPPED1,0.5584320055071483,0.18110236220472442,0.9923966216285223
AC092324.1,-0.07636102952218327,0.84251968503937,1.0
ERCC4,-0.6406373069379776,0.3858267716535433,1.0
MKL2,0.783780343268726,0.12598425196850394,0.9923966216285223
MIR193BHG,-0.25659711380338956,0.8110236220472441,1.0
PARN,-0.5818158801107502,0.18110236220472442,0.9923966216285223
BFAR,0.04425575841921958,0.9212598425196851,1.0
NOMO1,1.547522821375379,0.11023622047244094,0.9923966216285223
NPIPA1,0.26731088737821374,0.7165354330708661,1.0
PDXDC1,0.03384824109253959,0.9212598425196851,1.0
NTAN1,0.32858685978337787,0.6692913385826772,1.0
RRN3,-0.19424537895937544,0.7637795275590551,1.0
NPIPP1,-0.023728622585343473,0.968503937007874,1.0
PKD1P6,0.2066300433542665,0.952755905511811,1.0
NPIPA5,0.33569333282008573,0.5590551181102362,1.0
C16orf45,0.11106214659671476,0.9212598425196851,1.0
MARF1,-0.660305014999274,0.031496062992125984,0.9923966216285223
NDE1,0.47067247171972326,0.11023622047244094,0.9923966216285223
AC026401.3,-0.29685806496965217,0.9291338582677166,1.0
MYH11,-0.3118664355632257,0.6929133858267716,1.0
AF001548.2,-0.8852222277350653,0.44881889763779526,1.0
FOPNL,0.12102409797215596,0.6062992125984252,1.0
ABCC1,0.15793283873248143,0.5748031496062992,1.0
XYLT1,0.06447140860404144,0.9133858267716536,1.0
NOMO2,0.8735959414985431,0.4015748031496063,1.0
RPS15A,-0.027812195871161904,0.8818897637795275,1.0
ARL6IP1,0.03985763476545223,0.8582677165354331,1.0
SMG1,-0.07119789107586083,0.7165354330708661,1.0
COQ7,-1.0077860536831054,0.11023622047244094,0.9923966216285223
ITPRIPL2,0.3713491032683063,0.6929133858267716,1.0
GDE1,0.05219811490484272,0.905511811023622,1.0
CCP110,-0.2828200582992375,0.6141732283464567,1.0
C16orf62,0.31220422197076036,0.30708661417322836,0.9923966216285223
KNOP1,-0.3102186672896412,0.8110236220472441,1.0
THUMPD1,-0.25872655342244055,0.49606299212598426,1.0
ERI2,-0.35530063636920883,0.6377952755905512,1.0
REXO5,0.7688821107988715,0.41732283464566927,1.0
DCUN1D3,-1.1745369572101594,0.2125984251968504,0.9923966216285223
LYRM1,-0.6118459824892355,0.2283464566929134,0.9923966216285223
TMEM159,-0.36063417623762106,0.3464566929133858,0.9923966216285223
SMG1P3,0.7888099418523595,0.3779527559055118,0.9979787009382448
METTL9,-0.3400278023005212,0.07086614173228346,0.9923966216285223
IGSF6,0.2843015297025495,0.7795275590551181,1.0
RRN3P1,-0.2847498411891154,0.6377952755905512,1.0
NPIPB4,-1.1325299335399113,0.16535433070866143,0.9923966216285223
SMG1P4,-1.37519640425002,0.12598425196850394,0.9923966216285223
UQCRC2,-0.17053122367432128,0.5433070866141733,1.0
C16orf52,-0.34522778710504687,0.4566929133858268,1.0
EEF2K,-0.6844511990948412,0.7401574803149606,1.0
POLR3E,0.026668948179790597,0.9291338582677166,1.0
CDR2,-0.27049049688838256,0.5118110236220472,1.0
RRN3P3,-0.18606336454440786,0.8503937007874016,1.0
NPIPB5,-1.5631360756692891,0.09448818897637795,0.9923966216285223
USP31,-1.390821484819393,0.1968503937007874,0.9923966216285223
COG7,0.5155247688745783,0.5905511811023622,1.0
GGA2,-0.36188868195394974,0.36220472440944884,0.9923966216285223
EARS2,1.5862970836107289,0.03937007874015748,0.9923966216285223
UBFD1,0.16713253699970743,0.4251968503937008,1.0
NDUFAB1,0.283185172231188,0.5669291338582677,1.0
PALB2,-0.34991404056476716,0.5826771653543307,1.0
DCTN5,-0.032515524569648235,0.8976377952755905,1.0
PLK1,0.4236646722596378,0.6456692913385826,1.0
PRKCB,-0.2941556253198794,0.33858267716535434,0.9923966216285223
RBBP6,-0.09695474118164515,0.6850393700787402,1.0
TNRC6A,0.356916419010993,0.07874015748031496,0.9923966216285223
ARHGAP17,-0.03470842685920772,0.8818897637795275,1.0
LCMT1,0.2017275567169441,0.84251968503937,1.0
AC008741.2,0.49309787647817194,0.48031496062992124,1.0
HMGN2P3,0.2669078224322661,0.7401574803149606,1.0
LINC02195,2.2933766967552702,0.023622047244094488,0.9923966216285223
KDM8,-0.8483191634673155,0.1968503937007874,0.9923966216285223
NSMCE1,-0.6020248613854884,0.10236220472440945,0.9923966216285223
IL4R,-0.08865328905123881,0.8740157480314961,1.0
IL21R,0.7221265852219227,0.06299212598425197,0.9923966216285223
GTF3C1,-0.9214468904867785,0.11811023622047244,0.9923966216285223
KIAA0556,0.7395091375636975,0.4645669291338583,1.0
XPO6,-0.6335031625912508,0.1968503937007874,0.9923966216285223
GAPDHP35,0.05333504390153365,0.9763779527559056,1.0
SBK1,-0.3181273159237117,0.6692913385826772,1.0
APOBR,-0.30693719689985155,0.8346456692913385,1.0
SGF29,-0.1960079857446,0.8976377952755905,1.0
SULT1A1,0.2962905782129983,0.7559055118110236,1.0
EIF3C,0.13641181575725758,0.9212598425196851,1.0
ATXN2L,-0.10037338032583953,0.937007874015748,1.0
TUFM,0.5188852844355338,0.18110236220472442,0.9923966216285223
SH2B1,-0.6297449665329808,0.3700787401574803,0.9923966216285223
CD19,0.9259522671602385,0.49606299212598426,1.0
NFATC2IP,-0.2805295517320374,0.7165354330708661,1.0
AC109460.2,-0.850993405488981,0.41732283464566927,1.0
LAT,-0.08545903032133939,0.9291338582677166,1.0
RRN3P2,0.4353483062336765,0.6771653543307087,1.0
NPIPB11,-0.5839166752900615,0.5039370078740157,1.0
SMG1P2,-0.03777324530511361,0.9606299212598425,1.0
SPN,0.001231052874242522,0.9921259842519685,1.0
QPRT,0.3953053773118833,0.6535433070866141,1.0
C16orf54,-0.36583392318497765,0.29133858267716534,0.9923966216285223
KIF22,-0.2434361936068088,0.7401574803149606,1.0
MVP,0.2803051952971609,0.7244094488188977,1.0
CDIPT,-0.18258283446667445,0.4015748031496063,1.0
KCTD13,0.20040522384696757,0.4566929133858268,1.0
AC120114.4,-1.4167952041146248,0.047244094488188976,0.9923966216285223
TMEM219,0.7662088131701035,0.15748031496062992,0.9923966216285223
TAOK2,0.013584956273224869,0.9921259842519685,1.0
HIRIP3,-0.3430610844876538,0.28346456692913385,0.9923966216285223
INO80E,0.20895421921427726,0.7874015748031497,1.0
ALDOA,-0.09707608838478254,0.84251968503937,1.0
PPP4C,0.3848596857270854,0.4645669291338583,1.0
YPEL3,-0.012620707592089886,0.9921259842519685,1.0
GDPD3,0.392201824076724,0.6850393700787402,1.0
MAPK3,0.28743236639019365,0.5826771653543307,1.0
CORO1A,-0.8734040395252185,0.5669291338582677,1.0
CD2BP2,-0.487036340309297,0.2755905511811024,0.9923966216285223
TBC1D10B,0.4285192267254585,0.08661417322834646,0.9923966216285223
ZNF48,-0.6648756801167495,0.5039370078740157,1.0
SEPT1,0.6132759989612939,0.5590551181102362,1.0
DCTPP1,-0.09510323185741143,0.889763779527559,1.0
SEPHS2,-0.11090070165323151,0.8582677165354331,1.0
ITGAL,-0.2771638578598363,0.4566929133858268,1.0
ZNF747,0.9083679822942323,0.4015748031496063,1.0
ZNF764,0.8803868083746971,0.15748031496062992,0.9923966216285223
ZNF688,-0.7685153103382429,0.5039370078740157,1.0
ZNF785,1.6339879104183461,0.07874015748031496,0.9923966216285223
ZNF689,0.2916485118821859,0.6299212598425197,1.0
PRR14,-0.660433099595783,0.6062992125984252,1.0
FBRS,-0.4935377757637056,0.8031496062992126,1.0
SRCAP,-0.03912787971380194,0.9212598425196851,1.0
PHKG2,-0.3212154261148781,0.31496062992125984,0.9923966216285223
BCL7C,-0.0835761462679625,0.952755905511811,1.0
FBXL19,0.8327201323429536,0.2125984251968504,0.9923966216285223
ORAI3,0.21808364931064173,0.8031496062992126,1.0
SETD1A,-1.0112870546749304,0.3464566929133858,0.9923966216285223
STX4,-0.20567724556317302,0.7244094488188977,1.0
ZNF646,-0.14875469178344147,0.8582677165354331,1.0
VKORC1,1.012079214116874,0.28346456692913385,0.9923966216285223
BCKDK,0.9168545391046816,0.25984251968503935,0.9923966216285223
KAT8,-0.33691007075894586,0.5039370078740157,1.0
AC135050.6,-0.8535074971707921,0.08661417322834646,0.9923966216285223
FUS,-0.3788148061947201,0.5118110236220472,1.0
PYCARD,1.1440179122524285,0.33858267716535434,0.9923966216285223
ITGAM,-2.369032492737275,0.09448818897637795,0.9923966216285223
ITGAX,-0.5887737066256826,0.4015748031496063,1.0
ARMC5,-0.31546884765877437,0.8740157480314961,1.0
CLUHP3,-1.1350150949652522,0.14960629921259844,0.9923966216285223
ZNF720,0.18232830166437264,0.7559055118110236,1.0
ZNF267,-0.3537661228226874,0.2125984251968504,0.9923966216285223
BCLAF1P2,-0.23187775690665102,0.7086614173228346,1.0
SHCBP1,1.2028415518226865,0.29133858267716534,0.9923966216285223
VPS35,-0.14484365063882887,0.5039370078740157,1.0
ORC6,0.33040464279263126,0.6220472440944882,1.0
C16orf87,0.25185256413828583,0.7086614173228346,1.0
GPT2,1.0232105896396462,0.4330708661417323,1.0
DNAJA2,-0.1867283054698543,0.3937007874015748,1.0
NETO2,1.5476184109748807,0.031496062992125984,0.9923966216285223
ITFG1,-0.4186701686615253,0.5196850393700787,1.0
PHKB,0.11827245048834278,0.7874015748031497,1.0
NDUFA5P11,-0.4454531835359101,0.33070866141732286,0.9923966216285223
LONP2,0.1656197229772065,0.6771653543307087,1.0
SIAH1,0.3254020027686759,0.5196850393700787,1.0
N4BP1,0.36744928608597416,0.2440944881889764,0.9923966216285223
CNEP1R1,0.19873396385621778,0.7322834645669292,1.0
HEATR3,-0.12435169055081197,0.7874015748031497,1.0
PAPD5,-0.6096458962716378,0.07086614173228346,0.9923966216285223
ADCY7,-0.11144634437067102,0.889763779527559,1.0
BRD7,-0.5286123024424327,0.10236220472440945,0.9923966216285223
NKD1,1.264260731835189,0.11023622047244094,0.9923966216285223
SNX20,0.09824987313342959,0.7480314960629921,1.0
NOD2,-0.21955999819894645,0.84251968503937,1.0
AC007728.2,-0.4337834798877458,0.5748031496062992,1.0
CYLD,0.03064083775764459,0.8818897637795275,1.0
HNRNPA1P48,-0.7339440177086729,0.13385826771653545,0.9923966216285223
AC026462.1,-0.17191811193017514,0.6614173228346457,1.0
CHD9,-0.2857796769456975,0.3858267716535433,1.0
RBL2,-0.6243348791958265,0.05511811023622047,0.9923966216285223
AKTIP,-0.12400304041021393,0.8346456692913385,1.0
RPGRIP1L,-0.18036997082921147,0.7007874015748031,1.0
FTO,0.5826415333516817,0.09448818897637795,0.9923966216285223
CRNDE,1.5988978285031457,0.18110236220472442,0.9923966216285223
MMP2,0.45644667677019246,0.7952755905511811,1.0
LPCAT2,1.196729097621294,0.11023622047244094,0.9923966216285223
GNAO1,0.11432731699071574,0.9133858267716536,1.0
AMFR,-0.30956540508861163,0.3700787401574803,0.9923966216285223
NUDT21,-0.12104121051257799,0.8188976377952756,1.0
OGFOD1,-0.19173391524552397,0.7874015748031497,1.0
BBS2,-1.3083956884009078,0.2047244094488189,0.9923966216285223
MT2A,-1.075797109281737,0.09448818897637795,0.9923966216285223
MT1L,-1.3144675263949401,0.18110236220472442,0.9923966216285223
MT1E,-1.5718632089053282,0.07086614173228346,0.9923966216285223
MT1F,0.13223537147620057,0.7795275590551181,1.0
MT1G,-1.5415776500353933,0.2440944881889764,0.9923966216285223
MT1X,-0.2836760596624286,0.5984251968503937,1.0
NUP93,0.5359631640413562,0.15748031496062992,0.9923966216285223
RPS24P17,-0.8084723930200823,0.49606299212598426,1.0
HERPUD1,1.2567861208572264,0.05511811023622047,0.9923966216285223
NLRC5,0.23132838183702287,0.5354330708661418,1.0
CPNE2,-0.6320357243661858,0.44881889763779526,1.0
FAM192A,-0.21223844548683868,0.12598425196850394,0.9923966216285223
RSPRY1,0.10105030883163124,0.7637795275590551,1.0
PLLP,0.6980900855135725,0.2440944881889764,0.9923966216285223
CCL22,1.3718484582474848,0.4881889763779528,1.0
CIAPIN1,-0.863427570805217,0.11023622047244094,0.9923966216285223
COQ9,0.6140013268504889,0.29133858267716534,0.9923966216285223
POLR2C,-0.16289077467725122,0.7401574803149606,1.0
CCDC102A,-1.0468503406406344,0.2283464566929134,0.9923966216285223
ADGRG5,0.4223395532187384,0.3779527559055118,0.9979787009382448
ADGRG1,-0.06431442104785967,0.968503937007874,1.0
KATNB1,-0.2977223682590022,0.7480314960629921,1.0
ZNF319,-0.06975068553385277,0.9448818897637795,1.0
USB1,0.33251398768693274,0.5118110236220472,1.0
CFAP20,-0.015909339613334517,0.9606299212598425,1.0
CSNK2A2,-0.012776574343297042,0.937007874015748,1.0
GINS3,0.24578356688600422,0.7795275590551181,1.0
SETD6,-0.42676611775000817,0.3700787401574803,0.9923966216285223
CNOT1,-0.34286035910124824,0.3700787401574803,0.9923966216285223
AC009118.3,0.566345060626818,0.33858267716535434,0.9923966216285223
SLC38A7,-0.473787222522009,0.6377952755905512,1.0
GOT2,0.32000769243307214,0.2204724409448819,0.9923966216285223
RPS27AP16,-0.40273283274469307,0.2283464566929134,0.9923966216285223
LINC00920,0.18458996944355954,0.905511811023622,1.0
TK2,0.6181708238243075,0.4094488188976378,1.0
CMTM3,0.11531114886460703,0.41732283464566927,1.0
DYNC1LI2,-0.016980116210442375,0.9291338582677166,1.0
NAE1,-0.4302792031948348,0.3228346456692913,0.9923966216285223
PDP2,0.2956930488870797,0.7165354330708661,1.0
FAM96B,0.16783796303326426,0.48031496062992124,1.0
CES2,-0.4016952743131248,0.6850393700787402,1.0
CBFB,0.1651531284653549,0.5118110236220472,1.0
C16orf70,0.3224665748627631,0.2125984251968504,0.9923966216285223
TRADD,0.38684892683892524,0.3858267716535433,1.0
E2F4,-0.03312994695942262,0.905511811023622,1.0
TMEM208,1.021224867390253,0.09448818897637795,0.9923966216285223
FHOD1,0.6103416136649287,0.1968503937007874,0.9923966216285223
PLEKHG4,-0.5707720145257436,0.2677165354330709,0.9923966216285223
ATP6V0D1,0.6611243842381773,0.13385826771653545,0.9923966216285223
AC009061.2,0.7140793256508281,0.3543307086614173,0.9923966216285223
RIPOR1,1.5361856872626323,0.09448818897637795,0.9923966216285223
CTCF,0.03594695544171422,0.84251968503937,1.0
CARMIL2,0.7617020736998952,0.7637795275590551,1.0
ACD,0.025818020107892803,1.0,1.0
PARD6A,0.4532402883475195,0.5433070866141733,1.0
GFOD2,-0.3576600838553432,0.8740157480314961,1.0
RANBP10,-0.4719387085774396,0.5196850393700787,1.0
CENPT,-0.08196234103504008,0.8582677165354331,1.0
THAP11,0.026846037391929478,0.937007874015748,1.0
NUTF2,0.5431442293177007,0.31496062992125984,0.9923966216285223
PSKH1,-0.010334790017360262,0.984251968503937,1.0
AC040162.1,-0.5058670615857699,0.5511811023622047,1.0
LCAT,-0.9997558452547979,0.3700787401574803,0.9923966216285223
SLC12A4,-0.47084383400759044,0.6220472440944882,1.0
DUS2,-0.7055979141766591,0.4251968503937008,1.0
DDX28,-0.3758451700643062,0.6614173228346457,1.0
NFATC3,-0.5732394911931391,0.5905511811023622,1.0
PLA2G15,-2.209457005106572,0.023622047244094488,0.9923966216285223
SLC7A6,-0.3748625242488881,0.1732283464566929,0.9923966216285223
SLC7A6OS,-0.7427552417579029,0.48031496062992124,1.0
PRMT7,-0.025257385212104744,0.9763779527559056,1.0
SMPD3,1.22695245033263,0.29133858267716534,0.9923966216285223
ZFP90,0.1112065160443354,0.8267716535433071,1.0
TANGO6,-0.9226836140228398,0.2677165354330709,0.9923966216285223
CHTF8,0.43071170046247875,0.15748031496062992,0.9923966216285223
UTP4,-0.2676965434351075,0.41732283464566927,1.0
SNTB2,-0.15322148869809382,0.6220472440944882,1.0
VPS4A,-0.6823101847304622,0.1968503937007874,0.9923966216285223
COG8,0.029172982338369735,0.968503937007874,1.0
NIP7,-0.30847881981173586,0.23622047244094488,0.9923966216285223
TERF2,-0.14864774163287464,0.5433070866141733,1.0
CYB5B,-0.06540139980246451,0.889763779527559,1.0
NFAT5,-0.11323885850873072,0.7874015748031497,1.0
NQO1,0.5514570973499993,0.5511811023622047,1.0
NOB1,-0.059689066620119746,0.8976377952755905,1.0
AC092115.1,0.011642373030637643,0.952755905511811,1.0
WWP2,-0.0017069831833236293,0.9763779527559056,1.0
PDPR,0.7033678589559287,0.3543307086614173,0.9923966216285223
SMG1P7,0.06659361116022344,0.905511811023622,1.0
EXOSC6,0.3099997415789115,0.18110236220472442,0.9923966216285223
AARS,1.3536466578495085,0.10236220472440945,0.9923966216285223
DDX19B,0.17412922441525414,0.48031496062992124,1.0
DDX19A,-0.6407577311212709,0.16535433070866143,0.9923966216285223
ST3GAL2,-0.0536571647946289,0.8976377952755905,1.0
FUK,1.668412714565233,0.11811023622047244,0.9923966216285223
COG4,0.6702428027342244,0.5984251968503937,1.0
SF3B3,0.08297527735091048,0.5039370078740157,1.0
VAC14,0.13392591634842121,0.7874015748031497,1.0
CMTR2,-0.3597021448881508,0.5748031496062992,1.0
PHLPP2,-1.0382316267513398,0.28346456692913385,0.9923966216285223
AP1G1,-0.23700715628564417,0.3464566929133858,0.9923966216285223
ATXN1L,-0.13849539556193324,0.7165354330708661,1.0
IST1,-0.020115580095158236,0.952755905511811,1.0
ZNF821,-0.039359526672707146,1.0,1.0
ATP5A1P3,0.966839240314239,0.23622047244094488,0.9923966216285223
DHODH,-0.12554541212298198,0.905511811023622,1.0
TXNL4B,0.17621305725809266,0.6535433070866141,1.0
DHX38,-0.11484916871214912,0.7559055118110236,1.0
AC004943.2,-0.05120005369598868,0.952755905511811,1.0
ZFHX3,-0.5795584470294308,0.6062992125984252,1.0
PSMD7,-0.19922945225756283,0.7874015748031497,1.0
NPIPB15,-0.47184497639083034,0.3228346456692913,0.9923966216285223
GLG1,0.16934971529122755,0.5275590551181102,1.0
RFWD3,-0.2199674678163488,0.4330708661417323,1.0
MLKL,0.04617028778235799,0.9133858267716536,1.0
FA2H,0.6719809788844295,0.49606299212598426,1.0
WDR59,-0.17025559238765542,0.9212598425196851,1.0
ZNRF1,0.5567324331643135,0.4251968503937008,1.0
ZFP1,0.05139237771657568,0.8582677165354331,1.0
CFDP1,-0.2768972472059472,0.5511811023622047,1.0
TMEM170A,-0.552821573053258,0.1732283464566929,0.9923966216285223
GABARAPL2,0.02533946500387607,0.9133858267716536,1.0
ADAT1,-0.13254482022052816,0.7086614173228346,1.0
KARS,0.21151984271758906,0.3228346456692913,0.9923966216285223
TERF2IP,-0.08433291521165387,0.8031496062992126,1.0
RPL18P13,-0.23996506777850657,0.8110236220472441,1.0
MON1B,-0.39194596868205167,0.3700787401574803,0.9923966216285223
WWOX,1.2707282958906494,0.16535433070866143,0.9923966216285223
AC079414.3,0.7192453282142823,0.4094488188976378,1.0
MAF,-0.13484248162443357,0.7401574803149606,1.0
CDYL2,-0.17322237212895342,0.8582677165354331,1.0
CMC2,0.19266428616647158,0.47244094488188976,1.0
CENPN,-1.2908699028307784,0.11023622047244094,0.9923966216285223
AC092718.4,0.30309021387499424,0.6141732283464567,1.0
ATMIN,-0.20778787424916345,0.6377952755905512,1.0
GAN,0.41068285486496325,0.25984251968503935,0.9923966216285223
CMIP,0.10688795142536556,0.7559055118110236,1.0
PLCG2,0.866585187512297,0.3779527559055118,0.9979787009382448
SDR42E1,0.0480420806448425,1.0,1.0
MPHOSPH6,-0.402257367647497,0.25984251968503935,0.9923966216285223
HSBP1,0.15107383579237244,0.7244094488188977,1.0
MLYCD,0.19850106802084255,0.5984251968503937,1.0
MBTPS1,0.2737232170356245,0.3779527559055118,0.9979787009382448
HSDL1,-0.268639192422369,0.5905511811023622,1.0
TAF1C,-0.06416778691110991,0.8740157480314961,1.0
TLDC1,-0.3540039554356089,0.8031496062992126,1.0
COTL1,0.19803431843224928,0.6692913385826772,1.0
KLHL36,0.11984828708393458,0.6929133858267716,1.0
USP10,0.07149657958776601,0.6692913385826772,1.0
ZDHHC7,0.22226586931763492,0.5669291338582677,1.0
KIAA0513,0.7877379039912382,0.1889763779527559,0.9923966216285223
FAM92B,2.0152746545688367,0.1732283464566929,0.9923966216285223
GSE1,-0.6775023862080731,0.047244094488188976,0.9923966216285223
GINS2,0.5551247396352883,0.5669291338582677,1.0
C16orf74,-0.14177501431742767,0.8110236220472441,1.0
EMC8,0.26938886650656535,0.7165354330708661,1.0
COX4I1,0.07394900347632927,0.7086614173228346,1.0
IRF8,-1.0494248745774435,0.4409448818897638,1.0
LINC02132,0.6291263864880701,0.49606299212598426,1.0
MTHFSD,0.042047950519081834,0.968503937007874,1.0
FBXO31,-0.10031789386060508,0.9133858267716536,1.0
MAP1LC3B,-0.20648992997139448,0.1889763779527559,0.9923966216285223
ZCCHC14,-0.32922928169879917,0.6850393700787402,1.0
KLHDC4,-0.08797680938268826,0.8661417322834646,1.0
SLC7A5,1.3308171075551334,0.3543307086614173,0.9923966216285223
BANP,0.7747332590593743,0.1889763779527559,0.9923966216285223
ZFPM1,0.4058307550299327,0.6220472440944882,1.0
ZC3H18,0.03009885025521264,0.937007874015748,1.0
CYBA,0.05344941492186939,0.952755905511811,1.0
MVD,-0.06382557173138181,0.952755905511811,1.0
SNAI3,-0.8154393961490767,0.36220472440944884,0.9923966216285223
RNF166,0.1934622024061059,0.952755905511811,1.0
PIEZO1,-0.733511070281033,0.5433070866141733,1.0
CDT1,0.2696573342658466,0.8110236220472441,1.0
APRT,0.059824650067074714,0.8661417322834646,1.0
GALNS,-0.8037437714219644,0.14960629921259844,0.9923966216285223
TRAPPC2L,0.01237742475596626,0.952755905511811,1.0
CBFA2T3,0.9962698436327497,0.5511811023622047,1.0
ACSF3,-0.1327710817027845,0.8582677165354331,1.0
AC009113.1,0.4429143404817779,0.4330708661417323,1.0
ZNF778,-0.6705046488642461,0.48031496062992124,1.0
ANKRD11,0.04208804753497475,0.8740157480314961,1.0
AC137932.3,-0.04843176433086116,0.952755905511811,1.0
SPG7,0.503297495567538,0.47244094488188976,1.0
RPL13,-0.2967965393168974,0.3937007874015748,1.0
CHMP1A,-0.06974200388349772,0.7559055118110236,1.0
SPATA33,0.6269834680623712,0.31496062992125984,0.9923966216285223
CDK10,-1.1496565301318435,0.3228346456692913,0.9923966216285223
SPATA2L,0.20137309145981885,0.8582677165354331,1.0
VPS9D1,1.584130793016716,0.08661417322834646,0.9923966216285223
VPS9D1-AS1,0.6875200284174077,0.5905511811023622,1.0
ZNF276,-0.5609170160658299,0.15748031496062992,0.9923966216285223
FANCA,1.0010961672734098,0.31496062992125984,0.9923966216285223
SPIRE2,-0.9405885704329031,0.30708661417322836,0.9923966216285223
TCF25,-0.6363465126566368,0.9763779527559056,1.0
DEF8,0.09789428061144267,0.8503937007874016,1.0
AFG3L1P,0.31021138297041473,0.5354330708661418,1.0
RFLNB,-0.3481830602666536,0.5984251968503937,1.0
VPS53,-0.06441957993908787,0.9212598425196851,1.0
FAM57A,0.9741538642598903,0.29133858267716534,0.9923966216285223
GEMIN4,-0.37446419833312317,0.6929133858267716,1.0
GLOD4,-0.5615626917483816,0.2677165354330709,0.9923966216285223
MRM3,-1.1072303351424764,0.1732283464566929,0.9923966216285223
NXN,1.162203437298233,0.14960629921259844,0.9923966216285223
TIMM22,0.33560897424284253,0.5039370078740157,1.0
ABR,-0.044746405830672575,0.9763779527559056,1.0
YWHAE,0.4931857237318198,0.2204724409448819,0.9923966216285223
CRK,-0.3499597810756949,0.3779527559055118,0.9979787009382448
MYO1C,1.2114923220458795,0.25196850393700787,0.9923966216285223
INPP5K,0.4059651785405154,0.6456692913385826,1.0
PITPNA,0.34866558001835024,0.11023622047244094,0.9923966216285223
SLC43A2,1.5425956998240422,0.09448818897637795,0.9923966216285223
RILP,0.8920920738664404,0.3228346456692913,0.9923966216285223
PRPF8,0.11774500466138615,0.7637795275590551,1.0
MIR22HG,0.37945778837193656,0.6456692913385826,1.0
SERPINF1,-0.20001414156262576,0.8582677165354331,1.0
SMYD4,-0.21854131700176316,0.4566929133858268,1.0
RPA1,-0.4916817298949585,0.28346456692913385,0.9923966216285223
HIC1,-0.9677470329301467,0.5511811023622047,1.0
SMG6,0.6676671688239222,0.3228346456692913,0.9923966216285223
SRR,-0.1361910843619074,0.8976377952755905,1.0
TSR1,-0.20300591410373592,0.6929133858267716,1.0
SGSM2,-0.25731474922386877,0.7637795275590551,1.0
MNT,-0.22207851624701913,0.48031496062992124,1.0
METTL16,0.05163358074277191,0.905511811023622,1.0
PAFAH1B1,0.11094335654537701,0.2125984251968504,0.9923966216285223
CLUH,0.3056401143643033,0.7559055118110236,1.0
RAP1GAP2,-1.6255416463147752,0.1889763779527559,0.9923966216285223
TRPV3,1.1084636452078627,0.3700787401574803,0.9923966216285223
TRPV1,0.18209837973196485,0.8582677165354331,1.0
SHPK,1.4226266891851858,0.11023622047244094,0.9923966216285223
CTNS,0.9967676807858536,0.14173228346456693,0.9923966216285223
TAX1BP3,0.8473448872444216,0.29133858267716534,0.9923966216285223
P2RX5-TAX1BP3,-0.2738786417017405,0.6929133858267716,1.0
P2RX5,0.18771027629872394,0.6850393700787402,1.0
ITGAE,0.6914371370384442,0.03937007874015748,0.9923966216285223
HASPIN,-0.4866041650555968,0.5511811023622047,1.0
NCBP3,-0.17951542194126535,0.7401574803149606,1.0
ATP2A3,0.38024070684642997,0.4645669291338583,1.0
ZZEF1,-0.8347475061965026,0.11811023622047244,0.9923966216285223
CYB5D2,-0.09264654154603225,0.8503937007874016,1.0
ANKFY1,-0.28808673656268,0.5433070866141733,1.0
UBE2G1,0.33218295214231386,0.11811023622047244,0.9923966216285223
SPNS3,0.8607991050217232,0.4645669291338583,1.0
AC127521.1,-0.9517591669156902,0.14173228346456693,0.9923966216285223
MYBBP1A,0.7077948830869505,0.49606299212598426,1.0
TXNP4,-0.16022449302404151,0.8740157480314961,1.0
PELP1,0.1535178370410577,0.8346456692913385,1.0
ARRB2,-0.34805028023930173,0.33070866141732286,0.9923966216285223
MED11,-1.149551867693557,0.08661417322834646,0.9923966216285223
CXCL16,0.7160285661708816,0.5118110236220472,1.0
PSMB6,0.11634030290585962,0.7952755905511811,1.0
PLD2,1.1532272681823534,0.2125984251968504,0.9923966216285223
MINK1,-0.39004410452483596,0.7086614173228346,1.0
CHRNE,0.1531268550229754,0.84251968503937,1.0
SLC25A11,-0.059097775407700226,0.8582677165354331,1.0
RNF167,-0.1356449957334087,0.7007874015748031,1.0
PFN1,-0.11319083667934215,0.7637795275590551,1.0
ENO3,-0.35627764015869934,0.6850393700787402,1.0
SPAG7,-0.02797860003619146,0.952755905511811,1.0
CAMTA2,0.25176954290742115,0.8976377952755905,1.0
KIF1C,-0.595369265662387,0.5511811023622047,1.0
ZFP3,-0.4141863695410273,0.7952755905511811,1.0
ZNF232,-0.2023387814017954,0.905511811023622,1.0
AC012146.1,0.8142013384532469,0.3228346456692913,0.9923966216285223
SCIMP,-0.1737519659686826,0.937007874015748,1.0
RABEP1,-0.27766656328236117,0.4409448818897638,1.0
NUP88,-0.220812754605741,0.6062992125984252,1.0
RPAIN,-0.46121618138805154,0.5669291338582677,1.0
C1QBP,-0.3522620281519586,0.30708661417322836,0.9923966216285223
DHX33,-0.206294599513122,0.7086614173228346,1.0
DERL2,0.24775136117825358,0.41732283464566927,1.0
MIS12,-0.14640156243233804,0.6929133858267716,1.0
NLRP1,-0.9288058472677916,0.11023622047244094,0.9923966216285223
BTF3P14,-0.7652355112441254,0.4409448818897638,1.0
PIMREG,0.2902373455570926,0.7795275590551181,1.0
KIAA0753,0.2502781247435508,0.33070866141732286,0.9923966216285223
TXNDC17,0.603239116750494,0.2755905511811024,0.9923966216285223
MED31,-0.19484918177599653,0.7637795275590551,1.0
XAF1,-0.4782750579464419,0.6614173228346457,1.0
ALOX12-AS1,1.132473997468097,0.25196850393700787,0.9923966216285223
AC040977.1,-1.3040771860267728,0.29133858267716534,0.9923966216285223
RNASEK,-0.6513623338580476,0.5275590551181102,1.0
SLC16A11,-0.026702449211198687,0.952755905511811,1.0
ACADVL,0.48180478745716915,0.11811023622047244,0.9923966216285223
DVL2,-0.7670398271398788,0.2677165354330709,0.9923966216285223
PHF23,-0.5939412181266981,0.09448818897637795,0.9923966216285223
CTDNEP1,-1.4171434828287839,0.023622047244094488,0.9923966216285223
ELP5,-0.0356808489823246,0.937007874015748,1.0
CLDN7,0.5176754068588696,0.4566929133858268,1.0
EIF5A,0.3138181918412366,0.5984251968503937,1.0
ACAP1,-0.349567732086574,0.7401574803149606,1.0
TMEM256,0.20443786702178635,0.3779527559055118,0.9979787009382448
NLGN2,-1.3063096998297496,0.07874015748031496,0.9923966216285223
CHRNB1,0.1448123992312067,0.7716535433070866,1.0
ZBTB4,-0.365151541780695,0.3543307086614173,0.9923966216285223
POLR2A,-0.17103711028205915,0.7559055118110236,1.0
TNFSF12,0.04084054742302179,0.9212598425196851,1.0
SENP3,-0.9661514063139771,0.5118110236220472,1.0
EIF4A1,-0.604776858239533,0.2047244094488189,0.9923966216285223
MPDU1,0.5537162053995215,0.5196850393700787,1.0
FXR2,0.056361645701692,0.8818897637795275,1.0
SAT2,-0.00679602547552971,0.984251968503937,1.0
TP53,0.2559060255233492,0.2992125984251969,0.9923966216285223
AC087388.1,0.28778165458966143,0.6299212598425197,1.0
WRAP53,0.13565403899630812,0.7716535433070866,1.0
KDM6B,-0.023475027032548113,0.984251968503937,1.0
TMEM88,1.210826338862843,0.2125984251968504,0.9923966216285223
NAA38,0.39860741170492364,0.4330708661417323,1.0
CHD3,-0.4807010440244426,0.2440944881889764,0.9923966216285223
LINC02581,-1.2571999373126637,0.031496062992125984,0.9923966216285223
TRAPPC1,-0.013467343132331777,1.0,1.0
CNTROB,-0.4735194677392305,0.41732283464566927,1.0
PER1,-0.5515203174210761,0.6535433070866141,1.0
VAMP2,-0.1691084700265364,0.5275590551181102,1.0
TMEM107,0.526237661433461,0.03937007874015748,0.9923966216285223
BORCS6,-0.4611674889563351,0.5196850393700787,1.0
AURKB,-0.05141915305824618,0.8661417322834646,1.0
LINC00324,-0.11402576935116482,0.7244094488188977,1.0
CTC1,0.017025124044690365,0.952755905511811,1.0
PFAS,-0.2363114980052048,0.7480314960629921,1.0
SLC25A35,-0.12277013694607364,0.889763779527559,1.0
RPL26,-0.12517058297217432,0.5196850393700787,1.0
NDEL1,-0.49464035695955655,0.33070866141732286,0.9923966216285223
MYH10,-0.8348779341461283,0.36220472440944884,0.9923966216285223
PIK3R6,0.8912577900234515,0.3228346456692913,0.9923966216285223
PIK3R5,-0.663664852412678,0.11811023622047244,0.9923966216285223
STX8,-0.27011481782952096,0.4566929133858268,1.0
GAS7,-0.34263850547408037,0.952755905511811,1.0
RPS27AP1,-0.00885846916918176,1.0,1.0
SCO1,-0.36679032546109,0.49606299212598426,1.0
ADPRM,-0.31863490453304877,0.5826771653543307,1.0
TMEM220,-0.9629505171465795,0.25984251968503935,0.9923966216285223
ZNF18,-0.5920507468747593,0.5275590551181102,1.0
MAP2K4,-0.5685940667752813,0.05511811023622047,0.9923966216285223
ARHGAP44,0.06419650922655507,0.952755905511811,1.0
ELAC2,-0.09616651786353447,0.84251968503937,1.0
COX10-AS1,-1.3598335197665454,0.08661417322834646,0.9923966216285223
COX10,0.1262020779967603,0.7401574803149606,1.0
HS3ST3B1,-0.06629581096307291,0.9921259842519685,1.0
RPS18P12,-0.5706078181929106,0.6062992125984252,1.0
PMP22,0.8881502813838047,0.3464566929133858,0.9923966216285223
TVP23C,0.8604241464038069,0.25196850393700787,0.9923966216285223
TRIM16,1.312056295186012,0.09448818897637795,0.9923966216285223
ZNF286A,-1.191569944640181,0.07874015748031496,0.9923966216285223
ZSWIM7,-0.2856377244415911,0.6614173228346457,1.0
TTC19,-0.25772268117109753,0.49606299212598426,1.0
NCOR1,0.20292999538056566,0.4566929133858268,1.0
AC002553.1,1.0414001300529623,0.2440944881889764,0.9923966216285223
PIGL,-0.38493322584174194,0.4330708661417323,1.0
CENPV,-0.029285950137211136,0.9763779527559056,1.0
UBB,-0.531399141484961,0.2992125984251969,0.9923966216285223
TRPV2,0.6662180214793105,0.2677165354330709,0.9923966216285223
LRRC75A-AS1,-0.3029532849514829,0.6220472440944882,1.0
AC093484.5,0.6816039292134104,0.36220472440944884,0.9923966216285223
LRRC75A,0.039223690987680415,0.905511811023622,1.0
ZNF287,0.27416451030124867,0.8346456692913385,1.0
AC005822.1,-0.49270930299368965,0.6062992125984252,1.0
ZNF624,-0.2651293821311884,0.84251968503937,1.0
UPF3AP1,-0.8181501820463541,0.28346456692913385,0.9923966216285223
TNFRSF13B,0.20068918568543603,0.9212598425196851,1.0
MPRIP,-0.19675103576793873,0.3858267716535433,1.0
PLD6,0.27239483826934174,0.7795275590551181,1.0
FLCN,-0.3762113215101004,0.5354330708661418,1.0
COPS3,-0.6374789561477714,0.06299212598425197,0.9923966216285223
RPL13P12,-0.2182345351031909,0.6456692913385826,1.0
MED9,0.43479700461717563,0.5275590551181102,1.0
RASD1,-2.3567076410739056,0.03937007874015748,0.9923966216285223
PEMT,-0.704666747956231,0.5118110236220472,1.0
SREBF1,-0.9172895111525832,0.10236220472440945,0.9923966216285223
TOM1L2,0.8224881168635259,0.11811023622047244,0.9923966216285223
ATPAF2,0.8612076447497823,0.03937007874015748,0.9923966216285223
GID4,-0.9149046010468336,0.1889763779527559,0.9923966216285223
DRG2,-0.2671493888201928,0.8031496062992126,1.0
ALKBH5,-0.28024382723126884,0.10236220472440945,0.9923966216285223
LLGL1,0.13567242082615194,0.8582677165354331,1.0
FLII,0.23990600012593344,0.8188976377952756,1.0
MIEF2,-0.6904339229793219,0.3228346456692913,0.9923966216285223
TOP3A,0.6034505937497436,0.2677165354330709,0.9923966216285223
SMCR8,0.6689253685023213,0.33858267716535434,0.9923966216285223
SHMT1,-1.0248084304765137,0.3937007874015748,1.0
CCDC144B,0.635460248523013,0.5826771653543307,1.0
AC026271.1,0.2848576634803628,0.4094488188976378,1.0
ZNF286B,0.3282520932411088,0.7795275590551181,1.0
UBE2SP2,-1.2306830937131519,0.2125984251968504,0.9923966216285223
TVP23B,0.20943673572072363,0.7795275590551181,1.0
PRPSAP2,0.00585608924196368,1.0,1.0
SNORD3B-1,0.4437831651575648,0.7322834645669292,1.0
AC007952.4,0.37192016966088826,0.8110236220472441,1.0
SNORD3A,0.004455313105356851,1.0,1.0
SNORD3C,0.3479565434058136,0.7165354330708661,1.0
EPN2,0.7114537806612424,0.30708661417322836,0.9923966216285223
RPS2P46,-1.6076616911378503,0.047244094488188976,0.9923966216285223
ALDH3A2,0.1662076392046581,0.6929133858267716,1.0
ULK2,-0.7692463896666677,0.07874015748031496,0.9923966216285223
AC015726.1,0.7925758759900583,0.2677165354330709,0.9923966216285223
AKAP10,-0.35594319880432224,0.25984251968503935,0.9923966216285223
SPECC1,-0.5423470724021038,0.6692913385826772,1.0
KCTD9P1,-0.46555372011910867,0.5748031496062992,1.0
UPF3AP2,-0.05349475761361688,0.8818897637795275,1.0
TNPO1P3,-1.4241511071190511,0.047244094488188976,0.9923966216285223
USP22,-0.13835055426416787,0.7559055118110236,1.0
DHRS7B,0.45195094663981195,0.47244094488188976,1.0
TMEM11,-0.15262810741473842,0.7086614173228346,1.0
NATD1,-0.33954719158233004,0.5118110236220472,1.0
MAP2K3,0.1050378815128914,0.8110236220472441,1.0
RPL21P120,-0.8965900360383985,0.2440944881889764,0.9923966216285223
RPL34P31,-0.7816871724479846,0.05511811023622047,0.9923966216285223
WSB1,-0.5295990986547734,0.031496062992125984,0.9923966216285223
LGALS9,-0.2842608372079294,0.6692913385826772,1.0
LYRM9,-0.7168655734140256,0.33858267716535434,0.9923966216285223
NLK,1.2090108081969624,0.047244094488188976,0.9923966216285223
TMEM97,0.9163581970050894,0.2204724409448819,0.9923966216285223
IFT20,-0.48701871468403546,0.4094488188976378,1.0
TNFAIP1,0.19744601851892263,0.7401574803149606,1.0
POLDIP2,-0.05148402322128742,0.8740157480314961,1.0
TMEM199,0.22770528403464718,0.6299212598425197,1.0
SARM1,0.47402924398597335,0.5905511811023622,1.0
RPS7P1,-0.16135352626234578,0.5511811023622047,1.0
UNC119,0.24719945414743183,0.6141732283464567,1.0
PIGS,-0.02167771840753918,0.9448818897637795,1.0
SPAG5,0.4598297189121485,0.5748031496062992,1.0
KIAA0100,-0.16767029736772,0.6062992125984252,1.0
SDF2,-0.16982175400168398,0.6299212598425197,1.0
SUPT6H,-0.05344566518370808,0.8503937007874016,1.0
PROCA1,-1.0075642052289981,0.2125984251968504,0.9923966216285223
RPL23A,-0.15554217864789077,0.6062992125984252,1.0
AC010761.1,0.765706996321706,0.3858267716535433,1.0
NEK8,0.37977479993076946,0.5511811023622047,1.0
TRAF4,-0.34551672579859316,0.2440944881889764,0.9923966216285223
FAM222B,-0.22922867857292495,0.36220472440944884,0.9923966216285223
ERAL1,-0.013492290046552391,0.984251968503937,1.0
FLOT2,0.0066451941413960824,0.9921259842519685,1.0
PHF12,-0.18220975614449397,0.7086614173228346,1.0
AC024619.4,-0.3185744741911596,0.4409448818897638,1.0
MYO18A,0.7046163223564714,0.4566929133858268,1.0
TWF1P1,1.167823792564752,0.16535433070866143,0.9923966216285223
NUFIP2,-0.26308260673924977,0.28346456692913385,0.9923966216285223
TAOK1,-0.1029285290290538,0.7401574803149606,1.0
ABHD15,0.058356088901312386,0.8976377952755905,1.0
TP53I13,0.0017592518281350777,1.0,1.0
GIT1,-0.2512672973549561,0.84251968503937,1.0
ANKRD13B,-1.0220299772255754,0.4094488188976378,1.0
SSH2,-0.1972534682588396,0.6299212598425197,1.0
NSRP1,0.5317475675397176,0.4094488188976378,1.0
BLMH,0.0755268183928548,0.7795275590551181,1.0
CPD,0.31939618348597865,0.31496062992125984,0.9923966216285223
GOSR1,-0.24950568177509425,0.5196850393700787,1.0
LRRC37BP1,0.7147768539341302,0.15748031496062992,0.9923966216285223
SUZ12P1,-0.13792834140030275,0.6771653543307087,1.0
CRLF3,-0.17474887333152367,0.6614173228346457,1.0
ATAD5,-0.22116208869296994,0.6141732283464567,1.0
TEFM,1.2229307603746609,0.09448818897637795,0.9923966216285223
RNF135,1.5605760021560644,0.11023622047244094,0.9923966216285223
AC138207.8,-0.474175390964223,0.5826771653543307,1.0
NF1,-0.5583370105355039,0.11811023622047244,0.9923966216285223
EVI2B,-0.09807356116793464,0.7244094488188977,1.0
EVI2A,0.06541193842057336,0.8346456692913385,1.0
RAB11FIP4,0.2077811545536674,0.7165354330708661,1.0
COPRS,0.17460407008987033,0.7637795275590551,1.0
UTP6,0.4396881273078339,0.2440944881889764,0.9923966216285223
SUZ12,-0.07983723523167097,0.6929133858267716,1.0
LRRC37B,0.0006952830722082304,1.0,1.0
AC090616.7,0.7038458975776352,0.5275590551181102,1.0
RHOT1,-0.06728250455715479,0.8188976377952756,1.0
UBL5P2,-0.010615138153487136,1.0,1.0
C17orf75,0.09753585594798242,0.7952755905511811,1.0
ZNF207,-0.26552181832309785,0.28346456692913385,0.9923966216285223
PSMD11,0.1618518804325273,0.4330708661417323,1.0
CDK5R1,-1.2715488917226008,0.33070866141732286,0.9923966216285223
MYO1D,0.8183528311579855,0.29133858267716534,0.9923966216285223
TLK2P1,-0.3510751417515694,0.5196850393700787,1.0
ZNF830,0.24348260528905552,0.2283464566929134,0.9923966216285223
LIG3,-0.4877518941137353,0.4251968503937008,1.0
RFFL,0.11450508639052837,0.889763779527559,1.0
RAD51D,-0.48369358077111535,0.41732283464566927,1.0
NLE1,-1.309151251307315,0.07086614173228346,0.9923966216285223
AC022916.1,0.22247075922072135,0.8031496062992126,1.0
SLFN5,0.4671382695055293,0.3228346456692913,0.9923966216285223
AC022706.1,0.2742097786147961,0.6062992125984252,1.0
SLFN11,0.25323540147118884,0.6771653543307087,1.0
SLFN12,0.6438764476081529,0.11811023622047244,0.9923966216285223
SLFN13,0.04404013092771031,0.9133858267716536,1.0
AC015911.4,-0.6602396761742417,0.4566929133858268,1.0
SLFN12L,-0.36829643562559955,0.3543307086614173,0.9923966216285223
AC015911.8,-0.010726346888288774,0.984251968503937,1.0
AC015911.3,-0.9361558244380292,0.15748031496062992,0.9923966216285223
TOMM20P2,-1.0862577828516828,0.03937007874015748,0.9923966216285223
LINC02001,0.25950582418193546,0.5511811023622047,1.0
PEX12,-1.6335877513924808,0.09448818897637795,0.9923966216285223
AP2B1,0.11794783419788946,0.5039370078740157,1.0
TAF15,0.03692766631730038,0.8503937007874016,1.0
AC015849.3,0.8179938236935215,0.25984251968503935,0.9923966216285223
HEATR9,0.34195024622747416,0.6692913385826772,1.0
AC015849.6,-1.0002897797414658,0.2440944881889764,0.9923966216285223
CCL5,0.17725578337389436,0.7244094488188977,1.0
RDM1,-0.1412771765224895,0.905511811023622,1.0
AC243829.4,1.653866083520024,0.015748031496062992,0.9923966216285223
CCL3,0.5554519605823394,0.5196850393700787,1.0
CCL4,-0.10483504002750976,0.8031496062992126,1.0
AC243829.1,0.41681510351282847,0.6850393700787402,1.0
CCL3L3,0.20151574593189192,0.8503937007874016,1.0
CCL4L2,0.9188432169891882,0.14173228346456693,0.9923966216285223
ZNHIT3,-0.4627744554657225,0.28346456692913385,0.9923966216285223
MYO19,-0.20726618437357436,0.9763779527559056,1.0
PIGW,-1.4110878194918928,0.23622047244094488,0.9923966216285223
GGNBP2,0.14704500975669177,0.6692913385826772,1.0
DHRS11,1.162122727834562,0.18110236220472442,0.9923966216285223
AATF,-0.15414432880326334,0.4645669291338583,1.0
ACACA,-0.02513062439809044,0.952755905511811,1.0
TADA2A,-0.06893439778535004,0.7637795275590551,1.0
DUSP14,-1.153911734395198,0.25984251968503935,0.9923966216285223
SYNRG,-0.04371666964244714,0.8346456692913385,1.0
DDX52,-0.2778321851801264,0.9133858267716536,1.0
TBC1D3L,1.0832696973309064,0.05511811023622047,0.9923966216285223
MRPL45,-0.04402298224019052,0.9133858267716536,1.0
SOCS7,-0.1212073496659345,0.7952755905511811,1.0
EPOP,1.0773809804570624,0.015748031496062992,0.9923966216285223
AC006449.6,0.3804738139824734,0.6535433070866141,1.0
MLLT6,-0.3126901249308691,0.4094488188976378,1.0
CISD3,0.15930117305220337,0.7401574803149606,1.0
PSMB3,0.3957250109802839,0.33070866141732286,0.9923966216285223
PIP4K2B,-0.5670989298198039,0.12598425196850394,0.9923966216285223
CWC25,-0.23873931971478957,0.36220472440944884,0.9923966216285223
RPL23,-0.09484647991368611,0.41732283464566927,1.0
LASP1,0.17204244371321575,0.6062992125984252,1.0
LINC00672,0.5009211127171471,0.49606299212598426,1.0
PLXDC1,-0.10629068562804456,0.8661417322834646,1.0
CACNB1,-1.118673759279143,0.2283464566929134,0.9923966216285223
RPL19,-0.04766310082942837,0.905511811023622,1.0
FBXL20,-0.012449936560262387,0.968503937007874,1.0
AC005288.1,0.130945530804353,0.8661417322834646,1.0
MED1,0.18976909448750678,0.49606299212598426,1.0
CDK12,0.209976786975818,0.2125984251968504,0.9923966216285223
AC009283.1,0.03148597943320919,0.968503937007874,1.0
STARD3,0.2711924944146471,0.7559055118110236,1.0
TCAP,0.9267722647581111,0.18110236220472442,0.9923966216285223
PGAP3,-0.5671073100882085,0.5905511811023622,1.0
MIEN1,-0.011351436285318428,0.9921259842519685,1.0
IKZF3,0.07915726238388743,0.7637795275590551,1.0
GSDMB,0.7838918886757127,0.15748031496062992,0.9923966216285223
ORMDL3,0.45352324236055974,0.3228346456692913,0.9923966216285223
PSMD3,-0.42201226260672,0.3779527559055118,0.9979787009382448
MED24,0.3555278427577031,0.4330708661417323,1.0
THRA,-1.0454150550424748,0.047244094488188976,0.9923966216285223
NR1D1,-1.403341851799293,0.11811023622047244,0.9923966216285223
MSL1,-0.10096148239323544,0.3700787401574803,0.9923966216285223
CASC3,-0.11610600658455006,0.5984251968503937,1.0
RAPGEFL1,-0.05114892192181886,0.9763779527559056,1.0
WIPF2,-0.08251181345013858,0.7007874015748031,1.0
CDC6,0.8199118922726019,0.33070866141732286,0.9923966216285223
RARA,0.5039097829416672,0.6535433070866141,1.0
TOP2A,0.18681686638396222,0.7480314960629921,1.0
IGFBP4,0.32403611778916597,0.7086614173228346,1.0
AC004585.1,-0.2274407781829284,0.7952755905511811,1.0
CCR7,0.0694251399157082,0.952755905511811,1.0
SMARCE1,0.13148017360722797,0.3700787401574803,0.9923966216285223
KRT10,0.10413569834634995,0.7637795275590551,1.0
TMEM99,0.5972499113726006,0.30708661417322836,0.9923966216285223
KRT14,1.834566732846061,0.1732283464566929,0.9923966216285223
KRT16,0.28245140100134014,0.7637795275590551,1.0
EIF1,-0.18579721393819604,0.5354330708661418,1.0
JUP,-0.032158743899751485,1.0,1.0
NT5C3B,0.4241686588439457,0.6141732283464567,1.0
AC125257.1,-1.550541958882123,0.11811023622047244,0.9923966216285223
ACLY,0.17113933425754713,0.44881889763779526,1.0
CNP,0.028563712983892486,0.9133858267716536,1.0
DNAJC7,0.11751210561321113,0.7637795275590551,1.0
NKIRAS2,0.19767896949939967,0.5196850393700787,1.0
DHX58,0.24921413061153075,0.7165354330708661,1.0
KAT2A,0.7392548642487642,0.33858267716535434,0.9923966216285223
RAB5C,-0.18275386924780967,0.7480314960629921,1.0
GHDC,0.8982961734533479,0.33070866141732286,0.9923966216285223
STAT5B,-0.21141123002404072,0.4330708661417323,1.0
STAT5A,0.2603998300461585,0.5433070866141733,1.0
STAT3,-0.20973137877740822,0.3779527559055118,0.9979787009382448
CAVIN1,1.281134445194276,0.25984251968503935,0.9923966216285223
ATP6V0A1,0.7186212312413984,0.6377952755905512,1.0
PTP4A2P1,-0.9574762684592792,0.29133858267716534,0.9923966216285223
NAGLU,1.2568094672479466,0.16535433070866143,0.9923966216285223
HSD17B1,0.692169557134409,0.4330708661417323,1.0
COASY,0.5322657777014941,0.41732283464566927,1.0
MLX,0.11149620284158157,0.7007874015748031,1.0
PSMC3IP,0.20484279566323038,0.84251968503937,1.0
RETREG3,-0.14695887863021273,0.6062992125984252,1.0
TUBG1,1.407949479835422,0.18110236220472442,0.9923966216285223
TUBG2,0.3655945329661128,0.7480314960629921,1.0
CNTNAP1,-0.8806297192379821,0.33858267716535434,0.9923966216285223
EZH1,0.14494658996732301,0.6377952755905512,1.0
RAMP2,2.055375857838126,0.1732283464566929,0.9923966216285223
VPS25,-0.0353219924796182,0.937007874015748,1.0
COA3,0.2460222293021337,0.33070866141732286,0.9923966216285223
BECN1,-0.5480713898280851,0.8267716535433071,1.0
PSME3,0.21413420841190334,0.13385826771653545,0.9923966216285223
AOC2,0.7112913900047196,0.3543307086614173,0.9923966216285223
RUNDC1,-0.1791721566103841,0.7637795275590551,1.0
RPL27,0.06940036190388099,0.7401574803149606,1.0
IFI35,0.3782810642427168,0.7007874015748031,1.0
VAT1,-0.27753505317726956,0.4409448818897638,1.0
BRCA1,0.6366136367505968,0.5196850393700787,1.0
NBR2,0.7013948341903937,0.4094488188976378,1.0
AC060780.1,0.11836944783746084,0.8110236220472441,1.0
NBR1,-0.21377160173986187,0.6141732283464567,1.0
TMEM106A,0.4816811339908069,0.6299212598425197,1.0
AC109326.1,0.5759337256285741,0.8503937007874016,1.0
LINC00910,0.2300853021016449,0.7401574803149606,1.0
ARL4D,-0.9352706815087131,0.2440944881889764,0.9923966216285223
DHX8,-0.2873252634450143,0.5118110236220472,1.0
MEOX1,0.4852417589977933,0.4330708661417323,1.0
AC055813.1,-0.8321184715597694,0.18110236220472442,0.9923966216285223
DUSP3,-0.5975914145729075,0.5118110236220472,1.0
TMEM101,0.2296264047408929,0.6141732283464567,1.0
LSM12,-0.3552381931120463,0.3543307086614173,0.9923966216285223
G6PC3,0.700301164796965,0.11811023622047244,0.9923966216285223
HDAC5,-0.18455959943210587,0.8188976377952756,1.0
ASB16-AS1,-0.9051922298067527,0.36220472440944884,0.9923966216285223
TMUB2,-0.19804353359139615,0.8267716535433071,1.0
ATXN7L3,-0.2945019721532063,0.7165354330708661,1.0
UBTF,-0.07111076039923514,0.9133858267716536,1.0
AC003102.1,0.057547369170554585,0.905511811023622,1.0
SLC25A39,0.31744399380965405,0.6299212598425197,1.0
GRN,1.3003191455347958,0.13385826771653545,0.9923966216285223
GPATCH8,-0.03594987166667618,0.84251968503937,1.0
CCDC43,0.14235769815921007,0.8267716535433071,1.0
DBF4B,-0.01633693453318008,0.9763779527559056,1.0
EFTUD2,-0.287634978658053,0.4015748031496063,1.0
KIF18B,0.4826968463209491,0.5748031496062992,1.0
DCAKD,-0.12048882752773604,0.84251968503937,1.0
NMT1,0.10312113231059072,0.5275590551181102,1.0
ACBD4,0.4467125298092025,0.6456692913385826,1.0
HEXIM1,-0.35152853739572265,0.6771653543307087,1.0
AC008105.3,-0.49635677740593653,0.2047244094488189,0.9923966216285223
FMNL1,0.012560921859997798,0.984251968503937,1.0
MAP3K14,-1.2884345307406626,0.07086614173228346,0.9923966216285223
ARHGAP27,0.6361710325076104,0.49606299212598426,1.0
PLEKHM1,-1.5020363229056786,0.14960629921259844,0.9923966216285223
LRRC37A4P,-0.7039361929602919,0.3464566929133858,0.9923966216285223
LINC02210,0.48792797551229095,0.3543307086614173,0.9923966216285223
KANSL1,-0.3519269869527326,0.14960629921259844,0.9923966216285223
KANSL1-AS1,-0.37311946958128184,0.6614173228346457,1.0
LRRC37A2,0.9942520424448629,0.2992125984251969,0.9923966216285223
NSF,0.8000848346714671,0.05511811023622047,0.9923966216285223
RPS7P11,-0.5066920423417196,0.49606299212598426,1.0
GOSR2,0.20037118120847897,0.5826771653543307,1.0
CDC27,0.46768260283038465,0.03937007874015748,0.9923966216285223
EFCAB13,-0.242917989275518,0.7637795275590551,1.0
MRPL45P2,1.4475345350089388,0.07086614173228346,0.9923966216285223
NPEPPS,-0.24855552579603923,0.5590551181102362,1.0
KPNB1,-0.0826342172800345,0.7322834645669292,1.0
TBKBP1,-1.380675166935731,0.2125984251968504,0.9923966216285223
TBX21,-1.0048239516669168,0.07874015748031496,0.9923966216285223
OSBPL7,-0.9314372580654378,0.06299212598425197,0.9923966216285223
MRPL10,-0.595758813664097,0.05511811023622047,0.9923966216285223
SCRN2,-0.5507273853874957,0.4566929133858268,1.0
AC018521.5,-0.9328783616391638,0.2677165354330709,0.9923966216285223
SP2,-0.07283918413549717,0.8740157480314961,1.0
PNPO,-0.9170054004355084,0.10236220472440945,0.9923966216285223
COPZ2,-0.1855750336936719,0.8346456692913385,1.0
NFE2L1,0.14984193423259384,0.5590551181102362,1.0
CBX1,-0.19406361655013793,0.6456692913385826,1.0
SNX11,-0.02398760821063295,0.9763779527559056,1.0
SKAP1,0.03381539014921575,0.905511811023622,1.0
HOXB2,0.7365644543660279,0.08661417322834646,0.9923966216285223
HOXB3,-0.18219006006121763,0.6850393700787402,1.0
HOXB4,-0.6001110282851707,0.6535433070866141,1.0
LINC02086,1.204251363706926,0.14960629921259844,0.9923966216285223
CALCOCO2,0.5025215873073208,0.15748031496062992,0.9923966216285223
ATP5G1,0.7459614951511115,0.16535433070866143,0.9923966216285223
UBE2Z,0.20526893915747202,0.29133858267716534,0.9923966216285223
SNF8,-0.23044140299104043,0.1889763779527559,0.9923966216285223
GNGT2,0.38371525888589453,0.5905511811023622,1.0
ABI3,-0.07120641997809152,0.8582677165354331,1.0
ZNF652,-0.0599599671133193,0.8582677165354331,1.0
PHB,-0.498950603695405,0.5748031496062992,1.0
EIF4EP2,-0.10026449522394687,1.0,1.0
SPOP,-0.00924098287852182,0.952755905511811,1.0
SLC35B1,0.7872100241352582,0.07874015748031496,0.9923966216285223
FAM117A,-0.022190670573625226,0.9448818897637795,1.0
KAT7,-0.11226579597024067,0.5748031496062992,1.0
ITGA3,1.3711148032149274,0.2125984251968504,0.9923966216285223
PDK2,0.04167864508324404,0.9212598425196851,1.0
PPP1R9B,0.1509738343998528,0.8582677165354331,1.0
COL1A1,-0.22358386311830447,0.8818897637795275,1.0
XYLT2,0.4128796718482515,0.5669291338582677,1.0
MRPL27,-0.2908570643941868,0.5748031496062992,1.0
LRRC59,0.3364364068326182,0.4409448818897638,1.0
ACSF2,-0.34993811092485005,0.7244094488188977,1.0
RSAD1,0.018178855707496666,0.9606299212598425,1.0
SPATA20,0.6832521103845886,0.11023622047244094,0.9923966216285223
ANKRD40,0.02272324075016563,0.9291338582677166,1.0
LUC7L3,-0.15241665941532911,0.8110236220472441,1.0
TOB1,-0.4017049914285131,0.41732283464566927,1.0
SPAG9,0.09639400650550733,0.7086614173228346,1.0
NME1,0.5796558024401532,0.44881889763779526,1.0
MBTD1,-1.0333341500368274,0.11023622047244094,0.9923966216285223
UTP18,-0.3381685178360101,0.5118110236220472,1.0
COX11,0.2289327644796728,0.6692913385826772,1.0
STXBP4,-0.009778314083050965,1.0,1.0
HLF,-0.944982071654414,0.4015748031496063,1.0
MMD,0.16305461369897678,0.7480314960629921,1.0
PCTP,-0.2562943960662105,0.6062992125984252,1.0
C17orf67,-1.1024842213575616,0.2125984251968504,0.9923966216285223
DGKE,-0.14861739588940281,0.8188976377952756,1.0
TRIM25,0.6794162556639414,0.12598425196850394,0.9923966216285223
COIL,-0.6488408652259512,0.3937007874015748,1.0
SCPEP1,0.4163905907090122,0.5984251968503937,1.0
AKAP1,0.4728037144989692,0.47244094488188976,1.0
MSI2,0.1641794247649342,0.4251968503937008,1.0
MRPS23,-0.07586597455690924,0.8582677165354331,1.0
VEZF1,-0.7597594171958457,0.06299212598425197,0.9923966216285223
SRSF1,-0.14182010729323125,0.7795275590551181,1.0
DYNLL2,-0.4963434867819583,0.2755905511811024,0.9923966216285223
AC015813.6,-1.2251076177447553,0.047244094488188976,0.9923966216285223
MKS1,-0.7299593404781635,0.36220472440944884,0.9923966216285223
TSPOAP1,-0.2417735779920216,0.4566929133858268,1.0
AC004687.1,-2.0106217917960514,0.2125984251968504,0.9923966216285223
SUPT4H1,-0.33560811218092557,0.18110236220472442,0.9923966216285223
HSF5,-1.4144892198712053,0.09448818897637795,0.9923966216285223
MTMR4,-0.25131291373436415,0.6535433070866141,1.0
RAD51C,-0.4319108688451685,0.4094488188976378,1.0
TRIM37,-0.34103996240884804,0.12598425196850394,0.9923966216285223
SKA2,0.22505463642500612,0.5669291338582677,1.0
PRR11,0.28191891822484116,0.6220472440944882,1.0
AC099850.3,-0.2337747228120548,0.7874015748031497,1.0
SMG8,0.5382757243305156,0.49606299212598426,1.0
YPEL2,0.48448638670772004,0.4566929133858268,1.0
DHX40,0.23052756141990294,0.5905511811023622,1.0
AC091271.1,0.17903847778393667,0.952755905511811,1.0
CLTC,0.19742237671840357,0.4566929133858268,1.0
PTRH2,0.45004679126883174,0.3464566929133858,0.9923966216285223
VMP1,0.3889454874442233,0.11811023622047244,0.9923966216285223
TUBD1,0.15015494756786874,0.7244094488188977,1.0
RPS6KB1,-0.22062524983408593,0.5039370078740157,1.0
RNFT1,-0.0022845193446432432,0.984251968503937,1.0
HEATR6,-0.3242501440424963,0.7874015748031497,1.0
AC025048.6,-0.9355145763297776,0.2992125984251969,0.9923966216285223
USP32,-0.16476937612838816,0.905511811023622,1.0
RPL12P38,-0.5580892713920456,0.2283464566929134,0.9923966216285223
APPBP2,-0.7691291635170607,0.2047244094488189,0.9923966216285223
PPM1D,-0.21458054738818433,0.6692913385826772,1.0
BCAS3,-0.8218901066419373,0.3228346456692913,0.9923966216285223
NACA2,-0.49819310241960757,0.3543307086614173,0.9923966216285223
BRIP1,-0.7729493971593988,0.30708661417322836,0.9923966216285223
INTS2,-0.4660897419274592,0.3858267716535433,1.0
MED13,-0.40016529837882153,0.11023622047244094,0.9923966216285223
POLRMTP1,-0.10070468217100514,0.9763779527559056,1.0
AC008026.2,-0.868846047301348,0.3543307086614173,0.9923966216285223
METTL2A,-0.27726617194505954,0.6771653543307087,1.0
TLK2,-0.4640296001852242,0.18110236220472442,0.9923966216285223
TANC2,-1.3670891586650302,0.2204724409448819,0.9923966216285223
CYB561,0.9459956285817266,0.49606299212598426,1.0
ACE,-0.5482826079357039,0.5275590551181102,1.0
DCAF7,0.06384640444808198,0.8740157480314961,1.0
TACO1,0.6715033160060524,0.5669291338582677,1.0
MAP3K3,0.3551231871287892,0.8031496062992126,1.0
STRADA,0.4838815170874664,0.5354330708661418,1.0
LIMD2,-0.1682213423594705,0.889763779527559,1.0
AC046185.3,-1.2169683612377362,0.3228346456692913,0.9923966216285223
CCDC47,0.12472270229015248,0.7559055118110236,1.0
DDX42,-0.3344848361103976,0.1889763779527559,0.9923966216285223
FTSJ3,0.13733633163704528,0.6614173228346457,1.0
PSMC5,-0.23714183974697534,0.47244094488188976,1.0
SMARCD2,-0.10206708884739779,0.8031496062992126,1.0
CD79B,0.3593976853282803,0.7086614173228346,1.0
PRR29,-1.2266712354211493,0.1732283464566929,0.9923966216285223
ERN1,-0.9666163166095636,0.07874015748031496,0.9923966216285223
SNHG25,-0.2433406105118383,0.6692913385826772,1.0
SNORD104,0.3531974686438457,0.7795275590551181,1.0
TEX2,-0.6215071692921601,0.2204724409448819,0.9923966216285223
PECAM1,1.0743875394872795,0.11811023622047244,0.9923966216285223
POLG2,-0.2106578836558981,0.889763779527559,1.0
DDX5,-0.031843832114574866,0.889763779527559,1.0
CEP95,-0.0028873897231695977,0.9921259842519685,1.0
SMURF2,-0.5505677955090515,0.3228346456692913,0.9923966216285223
MINOS1P2,-1.1803501784112653,0.16535433070866143,0.9923966216285223
ARHGAP27P1-BPTFP1-KPNA2P3,-1.8832979865459971,0.09448818897637795,0.9923966216285223
AC132812.1,0.1808044827919557,0.8346456692913385,1.0
PLEKHM1P1,0.019151429304232526,0.9448818897637795,1.0
AMZ2P1,-0.7768773482711135,0.30708661417322836,0.9923966216285223
GNA13,-0.22755701479094892,0.2755905511811024,0.9923966216285223
RGS9,0.6020707224602688,0.3937007874015748,1.0
AXIN2,0.24741424216340668,0.7165354330708661,1.0
CEP112,1.6945972828013813,0.11023622047244094,0.9923966216285223
PRKCA,-0.8517974204876144,0.25984251968503935,0.9923966216285223
HELZ,0.1203560708660083,0.7086614173228346,1.0
PSMD12,0.1172837592369751,0.5669291338582677,1.0
PITPNC1,-0.26294896126706213,0.33858267716535434,0.9923966216285223
NOL11,0.17727453281220829,0.7401574803149606,1.0
BPTF,-0.46740455090535526,0.023622047244094488,0.9923966216285223
C17orf58,-0.05812202091800023,0.9212598425196851,1.0
KPNA2,0.5697473361735739,0.4094488188976378,1.0
LINC00674,-0.8946894631227638,0.3779527559055118,0.9979787009382448
LRRC37A16P,-0.6640890928723977,0.5275590551181102,1.0
AC005332.9,-0.657303370843151,0.4094488188976378,1.0
AC005332.6,1.0405692062394947,0.25984251968503935,0.9923966216285223
AC005332.8,1.072897342463615,0.3937007874015748,1.0
AC005332.10,0.4617332902179472,0.5826771653543307,1.0
AC005332.5,-1.5314585811847539,0.047244094488188976,0.9923966216285223
AC005332.7,-0.31598343492248704,0.6614173228346457,1.0
AMZ2,-0.06675153858079508,0.8031496062992126,1.0
ARSG,1.2071997855757988,0.16535433070866143,0.9923966216285223
SLC16A6,1.2276952778737904,0.05511811023622047,0.9923966216285223
WIPI1,0.4693616019595801,0.30708661417322836,0.9923966216285223
PRKAR1A,0.1021935111670329,0.6456692913385826,1.0
ABCA5,0.19200260033398653,0.49606299212598426,1.0
MAP2K6,0.2138791498834971,0.7716535433070866,1.0
AC002546.1,0.8203150886497768,0.4015748031496063,1.0
AC002545.1,-0.30817350178210323,0.6929133858267716,1.0
SLC39A11,-0.2661880028419543,0.8188976377952756,1.0
AC025198.1,-0.19941018824182732,0.7795275590551181,1.0
COG1,-0.9994125482846177,0.16535433070866143,0.9923966216285223
FAM104A,0.9324276234049735,0.03937007874015748,0.9923966216285223
C17orf80,1.166224097851833,0.14960629921259844,0.9923966216285223
CDC42EP4,0.778272510260813,0.3779527559055118,0.9979787009382448
RPL38,-0.11558483852824608,0.5354330708661418,1.0
CD300A,-0.7410745692019178,0.4409448818897638,1.0
RAB37,0.06973708800965372,0.8582677165354331,1.0
SLC9A3R1,-0.13193565330405121,0.5511811023622047,1.0
NAT9,0.4238298140395158,0.6377952755905512,1.0
TMEM104,0.15092616265807246,0.7401574803149606,1.0
FDXR,0.6661135982981614,0.5748031496062992,1.0
HID1,1.3230996984358439,0.2047244094488189,0.9923966216285223
MRPL58,-0.25907515862840924,0.5433070866141733,1.0
KCTD2,-0.4019128479411007,0.4566929133858268,1.0
ATP5H,0.20201005594390686,0.49606299212598426,1.0
ARMC7,-0.8550280779092567,0.4330708661417323,1.0
NT5C,-0.8184038669598448,0.5984251968503937,1.0
JPT1,-0.22744843922485636,0.6377952755905512,1.0
SUMO2,-0.12514785403628714,0.3700787401574803,0.9923966216285223
NUP85,0.1929748006444214,0.5511811023622047,1.0
GGA3,-0.2117303691062009,0.3779527559055118,0.9979787009382448
MRPS7,0.6081252376347237,0.3858267716535433,1.0
MIF4GD,-0.23757624748369732,0.7244094488188977,1.0
SLC25A19,0.07108227169552594,0.9212598425196851,1.0
GRB2,0.20523632821131876,0.3858267716535433,1.0
TMEM94,0.3868823049559986,0.5039370078740157,1.0
TSEN54,-0.6456855426631076,0.1968503937007874,0.9923966216285223
LLGL2,-0.6182232024794709,0.7322834645669292,1.0
MYO15B,-2.2557071093303662,0.05511811023622047,0.9923966216285223
RECQL5,0.4083506864498545,0.4881889763779528,1.0
SAP30BP,-0.17399465416288074,0.5748031496062992,1.0
GALK1,0.14038156121883216,0.905511811023622,1.0
H3F3B,-0.20574683973311458,0.5196850393700787,1.0
UNK,0.8574345843884839,0.3543307086614173,0.9923966216285223
UNC13D,-0.4861866253198599,0.5118110236220472,1.0
WBP2,-0.5302947828111702,0.4409448818897638,1.0
TRIM47,0.11010567800340398,0.8110236220472441,1.0
TRIM65,-0.834953517617278,0.14960629921259844,0.9923966216285223
FBF1,0.12028788871583762,0.8582677165354331,1.0
ACOX1,0.8805262683306525,0.03937007874015748,0.9923966216285223
SRP68,-0.09622819095311819,0.8740157480314961,1.0
EXOC7,-0.4163119887404698,0.5039370078740157,1.0
RNF157,0.28747498314055253,0.6850393700787402,1.0
UBALD2,0.36778712773496824,0.6614173228346457,1.0
PRPSAP1,-0.2855867645822787,0.6220472440944882,1.0
UBE2O,1.0926702085811981,0.07874015748031496,0.9923966216285223
RHBDF2,0.3818906975482199,0.6850393700787402,1.0
CYGB,-0.1810233425262162,0.952755905511811,1.0
SNHG16,-1.3034277350405046,0.023622047244094488,0.9923966216285223
MXRA7,-0.31877832611726253,0.6614173228346457,1.0
JMJD6,-0.9211127431343691,0.18110236220472442,0.9923966216285223
METTL23,-0.2945108147610158,0.5748031496062992,1.0
SRSF2,-0.5157533486288681,0.10236220472440945,0.9923966216285223
MFSD11,-0.1587035450712171,0.8346456692913385,1.0
SEC14L1,0.5830620000936122,0.25984251968503935,0.9923966216285223
SEPT9,-0.1608765267054899,0.7637795275590551,1.0
TNRC6C,-0.8221986055677082,0.023622047244094488,0.9923966216285223
TNRC6C-AS1,-1.1684395450844836,0.031496062992125984,0.9923966216285223
TMC6,-0.8832104329446002,0.4094488188976378,1.0
TMC8,-0.5910395808109721,0.1968503937007874,0.9923966216285223
SYNGR2,-0.0854326194077153,0.905511811023622,1.0
TK1,0.07976963701705397,0.905511811023622,1.0
AFMID,0.2608185838205759,0.8267716535433071,1.0
BIRC5,-0.07096980522534313,0.937007874015748,1.0
SOCS3,1.1208424126250423,0.07086614173228346,0.9923966216285223
PGS1,1.1285059069700014,0.25984251968503935,0.9923966216285223
CYTH1,-0.7644852312193775,0.031496062992125984,0.9923966216285223
USP36,-0.4081618712584181,0.4881889763779528,1.0
TIMP2,0.8178123542407643,0.6220472440944882,1.0
LGALS3BP,-0.8038202533762107,0.23622047244094488,0.9923966216285223
CANT1,0.6571229046533267,0.09448818897637795,0.9923966216285223
ENGASE,-0.09493910945931949,0.9763779527559056,1.0
CBX8,0.5725886418537136,0.5590551181102362,1.0
CBX4,0.23474374200726622,0.4566929133858268,1.0
GAA,0.21577946213900345,0.8582677165354331,1.0
EIF4A3,0.017534743987158485,0.9606299212598425,1.0
AC087741.1,-0.9606124612880187,0.29133858267716534,0.9923966216285223
SGSH,-0.8406763872701948,0.2283464566929134,0.9923966216285223
SLC26A11,-0.6836215794665348,0.2204724409448819,0.9923966216285223
RNF213,-0.1273206509278122,0.5748031496062992,1.0
ENDOV,0.8178435652097718,0.33070866141732286,0.9923966216285223
RPTOR,0.29426401323394447,0.8346456692913385,1.0
CEP131,0.17586838692045426,0.8582677165354331,1.0
TEPSIN,-0.01974684224853185,0.937007874015748,1.0
NDUFAF8,0.3085897707526133,0.6220472440944882,1.0
SLC38A10,0.37552947793776825,0.47244094488188976,1.0
ACTG1,0.09234444113567442,0.8110236220472441,1.0
FAAP100,0.4042281753859811,0.5669291338582677,1.0
NPLOC4,1.046719827693277,0.09448818897637795,0.9923966216285223
OXLD1,0.25404473058866106,0.7874015748031497,1.0
CCDC137,-0.3768296417742336,0.4330708661417323,1.0
ARL16,-0.052575547644173604,0.905511811023622,1.0
MRPL12,0.481078182178063,0.5590551181102362,1.0
MCRIP1,0.3989156021739255,0.5354330708661418,1.0
P4HB,1.3209865733170791,0.30708661417322836,0.9923966216285223
ARHGDIA,1.2616591105665922,0.16535433070866143,0.9923966216285223
ALYREF,0.11014407251096614,0.8740157480314961,1.0
ANAPC11,-0.4343985996535631,0.5905511811023622,1.0
PCYT2,-0.5262597133532383,0.4881889763779528,1.0
SIRT7,-0.36318554416431237,0.33858267716535434,0.9923966216285223
MAFG,-0.17384808430082455,0.8818897637795275,1.0
ASPSCR1,-0.0923645578642418,0.952755905511811,1.0
CENPX,-0.27274383676218994,0.7952755905511811,1.0
DCXR,0.3869526757432791,0.3228346456692913,0.9923966216285223
RFNG,-0.4837624293292295,0.3543307086614173,0.9923966216285223
GPS1,0.3540721465204544,0.7952755905511811,1.0
DUS1L,0.46735125689233037,0.5826771653543307,1.0
FASN,0.39266817649016383,0.7952755905511811,1.0
CCDC57,0.10081290963493617,0.8976377952755905,1.0
SLC16A3,-0.2600975376284831,0.84251968503937,1.0
CSNK1D,-0.173842531319635,0.6692913385826772,1.0
AC132872.1,-0.48375424785120824,0.3464566929133858,0.9923966216285223
CD7,0.2158725572734168,0.889763779527559,1.0
OGFOD3,1.3598953824894238,0.06299212598425197,0.9923966216285223
HEXDC,-0.4519738216799305,0.6850393700787402,1.0
C17orf62,0.4172030915716567,0.7952755905511811,1.0
NARF,-0.21770196656292384,0.6535433070866141,1.0
FOXK2,0.8776234019061455,0.047244094488188976,0.9923966216285223
WDR45B,-0.12213462524468,0.4881889763779528,1.0
RAB40B,1.3140716924394105,0.10236220472440945,0.9923966216285223
FN3KRP,0.01706318954640995,0.9763779527559056,1.0
TBCD,-0.05534193727292136,0.9212598425196851,1.0
B3GNTL1,0.5642291318440521,0.44881889763779526,1.0
METRNL,0.10958769306311922,0.9133858267716536,1.0
USP14,-0.04644257121156059,0.8503937007874016,1.0
THOC1,-0.6842527479712901,0.11811023622047244,0.9923966216285223
TYMS,-0.2631957670017142,0.7086614173228346,1.0
ENOSF1,-0.3500466475061952,0.47244094488188976,1.0
YES1,-1.060843523617824,0.015748031496062992,0.9923966216285223
METTL4,-0.08033897464000361,0.7874015748031497,1.0
NDC80,-0.09740727824650097,0.9212598425196851,1.0
SMCHD1,-0.3128668334016975,0.06299212598425197,0.9923966216285223
EMILIN2,-0.2552199014003693,0.7716535433070866,1.0
LPIN2,-0.5118001587144505,0.1732283464566929,0.9923966216285223
AP000919.1,-0.3313470132575773,0.25984251968503935,0.9923966216285223
MYL12A,-0.2159258191340907,0.5196850393700787,1.0
MYL12B,-0.08984647853482741,0.6771653543307087,1.0
TGIF1,-0.44787992996290704,0.41732283464566927,1.0
DLGAP1-AS1,0.1794938016981491,0.889763779527559,1.0
LINC00526,-0.36248697659993834,0.6456692913385826,1.0
LINC00667,-0.16811841048910825,0.4645669291338583,1.0
ZBTB14,-0.274148513342686,0.5748031496062992,1.0
RPL6P27,-0.06761292167243305,0.7086614173228346,1.0
PTPRM,-0.07006366056064994,0.952755905511811,1.0
RAB12,-0.09344384331681077,0.8661417322834646,1.0
NDUFV2,0.4458129391334622,0.48031496062992124,1.0
NDUFV2-AS1,-1.0219589737990937,0.13385826771653545,0.9923966216285223
ANKRD12,-0.19615665902710866,0.4330708661417323,1.0
TWSG1,0.5192075049409532,0.2125984251968504,0.9923966216285223
RALBP1,-0.10248435695552516,0.5590551181102362,1.0
PPP4R1,-0.10884633959725587,0.7244094488188977,1.0
RAB31,2.0169426221030404,0.1732283464566929,0.9923966216285223
VAPA,-0.25160800891007096,0.3543307086614173,0.9923966216285223
APCDD1,0.4183853506856854,0.7637795275590551,1.0
NAPG,-0.4244035114495466,0.6299212598425197,1.0
CHMP1B,-0.9464064863620409,0.14173228346456693,0.9923966216285223
MPPE1,0.10293433411151165,0.8267716535433071,1.0
IMPA2,-0.30170930363995163,0.6220472440944882,1.0
CCDC58P3,-0.1762891194688252,0.8346456692913385,1.0
TUBB6,0.6284256957672838,0.6377952755905512,1.0
AFG3L2,-0.1396043706745438,0.8740157480314961,1.0
SPIRE1,-0.24459013076041147,0.952755905511811,1.0
PSMG2,-0.14605842285586057,0.6692913385826772,1.0
CEP76,-0.3571638389465219,0.2204724409448819,0.9923966216285223
AP005482.3,-0.3853520387980094,0.5039370078740157,1.0
LINC01882,-1.6218101410394914,0.11811023622047244,0.9923966216285223
AP005482.1,-1.0807198399014075,0.30708661417322836,0.9923966216285223
PTPN2,0.04444529379450568,0.8031496062992126,1.0
SEH1L,-0.5348239698223924,0.5275590551181102,1.0
CEP192,0.44292750831492445,0.2283464566929134,0.9923966216285223
LDLRAD4,0.8460591258313039,0.047244094488188976,0.9923966216285223
AP005131.6,-0.5626815406096133,0.44881889763779526,1.0
FAM210A,0.289406925315276,0.7086614173228346,1.0
RNMT,-0.4131104831008656,0.5039370078740157,1.0
ZNF519,-0.5482610348503187,0.6220472440944882,1.0
ANKRD20A5P,-0.09016224972585829,0.905511811023622,1.0
AP005212.5,-1.150298339426789,0.11811023622047244,0.9923966216285223
ROCK1,-0.11576346189467124,0.6456692913385826,1.0
ESCO1,-0.05842677082257808,0.8740157480314961,1.0
SNRPD1,0.10264863424409043,0.8031496062992126,1.0
ABHD3,0.22874914950081848,0.29133858267716534,0.9923966216285223
MIB1,0.06408989125417897,0.8267716535433071,1.0
CTAGE1,0.09388609313888407,0.8031496062992126,1.0
RBBP8,0.262362015062215,0.6614173228346457,1.0
TMEM241,0.5306874330589606,0.5039370078740157,1.0
RIOK3,-0.22714451285633963,0.4330708661417323,1.0
C18orf8,-0.5052156364805702,0.18110236220472442,0.9923966216285223
NPC1,-1.548871622821634,0.05511811023622047,0.9923966216285223
TTC39C,0.02431187833275139,0.952755905511811,1.0
TTC39C-AS1,0.4458434956755284,0.6062992125984252,1.0
AC090772.4,0.4292939382393395,0.7007874015748031,1.0
OSBPL1A,0.36895090936471053,0.6220472440944882,1.0
IMPACT,0.13581354904354104,0.7165354330708661,1.0
SS18,-0.17295759092109098,0.2677165354330709,0.9923966216285223
PSMA8,0.2273039984811034,0.889763779527559,1.0
DHFRP1,-0.975946293057647,0.2440944881889764,0.9923966216285223
TAF4B,1.1309388547248282,0.33070866141732286,0.9923966216285223
AC007996.1,1.217759487046134,0.10236220472440945,0.9923966216285223
AC018371.2,-1.465912037424227,0.11023622047244094,0.9923966216285223
B4GALT6,-1.3846524040402555,0.11023622047244094,0.9923966216285223
AC017100.1,-0.5379729786978791,0.5275590551181102,1.0
TRAPPC8,-0.37547136574070983,0.10236220472440945,0.9923966216285223
RNF125,-0.9299611979409708,0.05511811023622047,0.9923966216285223
AC009831.4,-0.395887942582265,0.5511811023622047,1.0
AC011825.1,0.06269485225550597,0.905511811023622,1.0
RNF138,-0.6172785499952154,0.06299212598425197,0.9923966216285223
MAPRE2,-0.08462994308017002,0.7795275590551181,1.0
ZNF397,-0.5813824206756242,0.4330708661417323,1.0
ZSCAN30,-0.27224824413268545,0.7322834645669292,1.0
ZNF271P,-0.13032506504077013,0.6377952755905512,1.0
ZNF24,-0.11057560915613251,0.7637795275590551,1.0
INO80C,0.8482301103086458,0.07874015748031496,0.9923966216285223
GALNT1,0.1507516147296748,0.4015748031496063,1.0
C18orf21,0.3109685399099398,0.5354330708661418,1.0
RPRD1A,0.46725932264345094,0.4409448818897638,1.0
SLC39A6,-0.21158246908325662,0.5354330708661418,1.0
ELP2,0.29230948776705645,0.6062992125984252,1.0
TPGS2,0.10730279477169269,0.6929133858267716,1.0
KIAA1328,-1.0721385544851472,0.11811023622047244,0.9923966216285223
RPL7AP66,-0.20076268609143555,0.7322834645669292,1.0
PIK3C3,-0.25328206842326395,0.4645669291338583,1.0
SETBP1,1.658215630020154,0.11023622047244094,0.9923966216285223
SLC14A1,-0.7605629611204923,0.30708661417322836,0.9923966216285223
EPG5,-0.006589852600403567,0.9921259842519685,1.0
PSTPIP2,-1.175726481849856,0.18110236220472442,0.9923966216285223
ATP5A1,0.05653224335757656,0.8976377952755905,1.0
HAUS1,0.169028897984,0.7637795275590551,1.0
C18orf25,-0.4655334022005766,0.2047244094488189,0.9923966216285223
PIAS2,-1.4080877866790353,0.15748031496062992,0.9923966216285223
IER3IP1,-0.40917577069668454,0.30708661417322836,0.9923966216285223
TPMTP1,0.22828220151385503,0.8582677165354331,1.0
SMAD2,-0.5103145846078636,0.2125984251968504,0.9923966216285223
SMAD7,-0.8758231509826828,0.14960629921259844,0.9923966216285223
DYM,0.0031835032408658037,0.9763779527559056,1.0
C18orf32,-0.5642873471731615,0.3700787401574803,0.9923966216285223
RPL17,0.5837758017854049,0.4015748031496063,1.0
ACAA2,-0.18127339708075407,0.6456692913385826,1.0
MYO5B,1.1002501558060205,0.33070866141732286,0.9923966216285223
MBD1,-0.021188584726566262,0.9448818897637795,1.0
CXXC1,0.6035006314610314,0.23622047244094488,0.9923966216285223
SKA1,0.06666986599714075,0.905511811023622,1.0
ME2,-0.2647513543095954,0.5039370078740157,1.0
ELAC1,-0.37175690028040664,0.7480314960629921,1.0
SMAD4,-0.45205100124994857,0.2992125984251969,0.9923966216285223
MEX3C,-0.29285003033831547,0.3779527559055118,0.9979787009382448
MBD2,0.258730760437035,0.2755905511811024,0.9923966216285223
POLI,-0.5360431662242462,0.25196850393700787,0.9923966216285223
C18orf54,0.36775669737687267,0.7322834645669292,1.0
SNRPGP2,0.04457509662729109,0.952755905511811,1.0
RAB27B,-0.1338349810135422,0.7165354330708661,1.0
TCF4,2.108258359864455,0.11023622047244094,0.9923966216285223
TXNL1,0.1336860378069522,0.6850393700787402,1.0
WDR7,-0.3216137659978955,0.5984251968503937,1.0
FECH,-0.1293495139722931,0.7086614173228346,1.0
NARS,0.15856039666578958,0.5196850393700787,1.0
AC027097.1,-0.9100765083963127,0.3543307086614173,0.9923966216285223
AC027097.2,1.4829295638938302,0.1732283464566929,0.9923966216285223
NEDD4L,-0.4643661364199405,0.5905511811023622,1.0
MALT1,-0.13228040625653037,0.33858267716535434,0.9923966216285223
ZNF532,0.9573246532978965,0.31496062992125984,0.9923966216285223
SEC11C,1.4656791489846421,0.03937007874015748,0.9923966216285223
LMAN1,1.02155061426925,0.06299212598425197,0.9923966216285223
PMAIP1,-0.1783737686352147,0.6456692913385826,1.0
FAM60CP,-0.01596952709442334,0.984251968503937,1.0
RPS3AP49,-1.4686988138937782,0.08661417322834646,0.9923966216285223
PIGN,0.3447592488653757,0.25984251968503935,0.9923966216285223
KIAA1468,-0.6849655189919783,0.1968503937007874,0.9923966216285223
ZCCHC2,-0.17434766753712516,0.5984251968503937,1.0
PHLPP1,-0.3430084228373391,0.7322834645669292,1.0
BCL2,-0.3345222333909872,0.5354330708661418,1.0
KDSR,0.5038559284173578,0.41732283464566927,1.0
VPS4B,0.22163268126246383,0.3543307086614173,0.9923966216285223
HMSD,0.99565553612381,0.31496062992125984,0.9923966216285223
SERPINB8,0.19628892693314626,0.4881889763779528,1.0
AC022968.1,0.4179966607084138,0.6614173228346457,1.0
TMX3,-0.40701445425622573,0.3464566929133858,0.9923966216285223
CCDC102B,0.8236797573237753,0.29133858267716534,0.9923966216285223
CD226,-0.4571628323244896,0.5196850393700787,1.0
RTTN,-0.39474146083996686,0.2440944881889764,0.9923966216285223
SOCS6,0.4000054330867162,0.6220472440944882,1.0
TIMM21,0.3058928745056564,0.33070866141732286,0.9923966216285223
CYB5A,0.1536172360204473,0.8110236220472441,1.0
FAUP1,-0.09912459558541364,0.8740157480314961,1.0
CNDP2,0.40687271067962083,0.03937007874015748,0.9923966216285223
LINC00909,-0.30391454883793223,0.7007874015748031,1.0
ZNF407,-0.46489878742931534,0.44881889763779526,1.0
AC015819.1,-0.723492619964575,0.36220472440944884,0.9923966216285223
ZADH2,-0.4419813715357632,0.30708661417322836,0.9923966216285223
TSHZ1,-0.4161424869935635,0.2047244094488189,0.9923966216285223
ZNF236,0.3448149469661912,0.3937007874015748,1.0
MBP,-0.3963847691961133,0.2755905511811024,0.9923966216285223
ATP9B,-0.34381619885629444,0.5118110236220472,1.0
NFATC1,-0.7338678024452219,0.30708661417322836,0.9923966216285223
CTDP1,-0.4700879395975952,0.6377952755905512,1.0
PQLC1,0.30387094570225814,0.7401574803149606,1.0
HSBP1L1,-0.06757381767986792,0.952755905511811,1.0
TXNL4A,0.2563831379477639,0.4881889763779528,1.0
RBFA,-0.9253931287231141,0.2440944881889764,0.9923966216285223
ADNP2,-0.4312308263155611,0.28346456692913385,0.9923966216285223
PARD6G,-1.0368560155883004,0.1968503937007874,0.9923966216285223
C20orf96,-0.28479765806712987,0.7795275590551181,1.0
ZCCHC3,-0.26331524563975517,0.5196850393700787,1.0
SOX12,-1.6431122825562254,0.07086614173228346,0.9923966216285223
TRIB3,-0.7574229725871944,0.29133858267716534,0.9923966216285223
RBCK1,-0.31159448663219536,0.2125984251968504,0.9923966216285223
TBC1D20,-0.1854012742617055,0.5826771653543307,1.0
CSNK2A1,0.2013387408801215,0.11023622047244094,0.9923966216285223
FAM110A,-0.07233355497574223,0.6062992125984252,1.0
PSMF1,0.5170212451777054,0.023622047244094488,0.9923966216285223
SNPH,0.07358514570160568,0.889763779527559,1.0
SDCBP2-AS1,-0.6633394506428685,0.5748031496062992,1.0
FKBP1A,0.3306765878466953,0.33070866141732286,0.9923966216285223
NSFL1C,0.5180613979277275,0.18110236220472442,0.9923966216285223
SIRPB1,-0.011677225544761916,0.984251968503937,1.0
SIRPG,-0.1355851362976903,0.6456692913385826,1.0
STK35,-0.4092593587056852,0.1968503937007874,0.9923966216285223
SNRPB,0.015545018549343759,0.9763779527559056,1.0
NOP56,-0.2698057139892782,0.4251968503937008,1.0
IDH3B,0.29142244950858576,0.6692913385826772,1.0
CPXM1,0.39142367143228607,0.7637795275590551,1.0
PCED1A,-1.2746859278752938,0.1968503937007874,0.9923966216285223
VPS16,-0.0600749859619798,0.9133858267716536,1.0
PTPRA,-0.37611447518938856,0.2125984251968504,0.9923966216285223
MRPS26,0.15433823137402403,0.7637795275590551,1.0
UBOX5,0.7321019072507425,0.44881889763779526,1.0
FASTKD5,-0.4168619580967361,0.36220472440944884,0.9923966216285223
DDRGK1,1.63415102366005,0.3464566929133858,0.9923966216285223
ITPA,-0.007186000787412716,0.9763779527559056,1.0
C20orf194,-1.0499233659355651,0.36220472440944884,0.9923966216285223
ATRN,0.8346253192154789,0.3858267716535433,1.0
SF3A3P1,-0.25592360122680424,0.7874015748031497,1.0
C20orf27,0.5669612273926461,0.6929133858267716,1.0
CENPB,0.5655449749864845,0.5039370078740157,1.0
CDC25B,-0.3859225658325194,0.2677165354330709,0.9923966216285223
AP5S1,0.6159058709108542,0.15748031496062992,0.9923966216285223
MAVS,0.28676216301004676,0.44881889763779526,1.0
PANK2,0.1707673914097887,0.7007874015748031,1.0
RNF24,-0.014483770676253727,0.984251968503937,1.0
FTLP3,-0.36288029341618344,0.3700787401574803,0.9923966216285223
SMOX,-0.8251858515139829,0.3700787401574803,0.9923966216285223
RPS4XP2,-1.0539383871277224,0.14960629921259844,0.9923966216285223
PRNP,-0.2141473486731531,0.5826771653543307,1.0
RASSF2,0.2111191202423388,0.5984251968503937,1.0
SLC23A2,0.0718922376261606,0.8976377952755905,1.0
TMEM230,-0.030006312309861727,0.8740157480314961,1.0
PCNA,-0.1344458448988881,0.8267716535433071,1.0
CDS2,-0.2904379380910722,0.3858267716535433,1.0
UBE2D3P1,-0.21955074755552229,0.44881889763779526,1.0
GPCPD1,0.39101607306569797,0.29133858267716534,0.9923966216285223
C20orf196,-0.07921410019398012,0.8031496062992126,1.0
CHGB,-0.23564740979721832,1.0,1.0
TRMT6,-0.25983468814098476,0.6141732283464567,1.0
MCM8,-0.07006206328200282,0.8976377952755905,1.0
CRLS1,-0.14999315044671757,0.6771653543307087,1.0
AL109618.1,-0.06785208702181666,0.7716535433070866,1.0
TMX4,-0.31120220772806295,0.2755905511811024,0.9923966216285223
PLCB1,-1.4616766672498027,0.2677165354330709,0.9923966216285223
ANKEF1,1.0863349183365751,0.2755905511811024,0.9923966216285223
SDAD1P2,-0.42305892103897635,0.5118110236220472,1.0
MKKS,-0.47178764958076336,0.4015748031496063,1.0
SLX4IP,-0.3038394225526475,0.5826771653543307,1.0
AL035456.1,0.15530047101470723,0.8503937007874016,1.0
JAG1,1.449840927464214,0.2125984251968504,0.9923966216285223
PA2G4P2,0.10599748673354714,0.952755905511811,1.0
TASP1,-1.217050680707394,0.2755905511811024,0.9923966216285223
GAPDHP2,-0.32142018015570817,0.7401574803149606,1.0
ESF1,0.024253734162034135,0.968503937007874,1.0
NDUFAF5,0.1263355513075286,0.8188976377952756,1.0
KIF16B,-1.11210144706761,0.15748031496062992,0.9923966216285223
SNRPB2,-0.11616495619546985,0.7874015748031497,1.0
DSTN,-0.4185774407420295,0.3937007874015748,1.0
RRBP1,1.6847743756962954,0.08661417322834646,0.9923966216285223
SNX5,-0.24175012089284031,0.6062992125984252,1.0
MGME1,0.06213563607767458,0.905511811023622,1.0
PET117,-1.151877437754589,0.2755905511811024,0.9923966216285223
KAT14,-1.846829046508733,0.1732283464566929,0.9923966216285223
ZNF133,-0.5210771670370069,0.5433070866141733,1.0
DZANK1,-0.9099485093955408,0.2047244094488189,0.9923966216285223
POLR3F,-1.0196172043233753,0.09448818897637795,0.9923966216285223
RBBP9,-0.39315682306777067,0.36220472440944884,0.9923966216285223
RPS19P1,-0.5876506721328489,0.14173228346456693,0.9923966216285223
SEC23B,0.5401877125954533,0.16535433070866143,0.9923966216285223
SMIM26,-0.46474981765177503,0.3543307086614173,0.9923966216285223
DTD1,-0.5348305299702112,0.07874015748031496,0.9923966216285223
NAA20,0.23234301631218912,0.6377952755905512,1.0
CRNKL1,-0.38942080751084607,0.05511811023622047,0.9923966216285223
RALGAPA2,-0.05137574575802262,0.905511811023622,1.0
RPL24P2,-0.47297100164563965,0.5196850393700787,1.0
KIZ,-0.10334945551396757,0.8267716535433071,1.0
RPS15AP1,-0.4895380782126093,0.28346456692913385,0.9923966216285223
AL117332.1,-0.22881112460974729,0.8582677165354331,1.0
XRN2,-0.010729809400308099,0.9763779527559056,1.0
THBD,1.129541272464822,0.2755905511811024,0.9923966216285223
CD93,0.7019927314621812,0.41732283464566927,1.0
NXT1,0.16838769831232536,0.7480314960629921,1.0
LINC01431,-1.9435355971900796,0.031496062992125984,0.9923966216285223
GZF1,-0.0870937737379327,0.905511811023622,1.0
NAPB,-0.08435274081882538,0.8503937007874016,1.0
CST3,-0.44954627432153016,0.7401574803149606,1.0
AL035661.1,-0.03181103979867661,1.0,1.0
CST7,0.18119332691756007,0.8031496062992126,1.0
APMAP,-0.5117122507855081,0.14960629921259844,0.9923966216285223
ACSS1,0.5020392071645516,0.2440944881889764,0.9923966216285223
ENTPD6,-0.26941815038071115,0.6850393700787402,1.0
PYGB,-0.058940438511553506,0.952755905511811,1.0
ABHD12,0.4384938556725291,0.5511811023622047,1.0
GINS1,0.6324802190428978,0.5748031496062992,1.0
NANP,0.13018203217857938,0.8582677165354331,1.0
FRG1CP,0.6537154008579495,0.49606299212598426,1.0
FRG1BP,0.4356916628368914,0.7322834645669292,1.0
AL121723.1,-0.9953691033207566,0.14960629921259844,0.9923966216285223
HM13,1.1877325327048256,0.05511811023622047,0.9923966216285223
MCTS2P,-0.8640390024995408,0.3543307086614173,0.9923966216285223
ID1,-1.8086290862841548,0.05511811023622047,0.9923966216285223
BCL2L1,0.010816492751321682,0.9921259842519685,1.0
TPX2,0.48719566502719847,0.5433070866141733,1.0
PDRG1,0.32462779214931636,0.6456692913385826,1.0
HCK,1.8409197539585822,0.023622047244094488,0.9923966216285223
TM9SF4,0.12492831639254831,0.6929133858267716,1.0
TSPY26P,-0.3052387564495693,0.7480314960629921,1.0
PLAGL2,-0.3002126850042224,0.33858267716535434,0.9923966216285223
POFUT1,0.47117919267117925,0.3700787401574803,0.9923966216285223
KIF3B,0.38350936633818833,0.33858267716535434,0.9923966216285223
ASXL1,0.09965172196160577,0.7086614173228346,1.0
NOL4L,-0.6106993627108404,0.2755905511811024,0.9923966216285223
COMMD7,0.0696016332495164,0.8503937007874016,1.0
MAPRE1,0.05951002710578912,0.7795275590551181,1.0
AL035071.1,-0.4173676280310543,0.6929133858267716,1.0
CDK5RAP1,0.1811190503913096,0.8188976377952756,1.0
SNTA1,1.5054521150988507,0.07874015748031496,0.9923966216285223
CBFA2T2,-0.2136058700221044,0.5669291338582677,1.0
NECAB3,1.0199655252434643,0.2755905511811024,0.9923966216285223
E2F1,-0.3687084520498507,0.5984251968503937,1.0
PXMP4,0.5066014970366193,0.5669291338582677,1.0
ZNF341,-0.30670221849763535,0.7716535433070866,1.0
RPL31P2,0.14680028113058308,0.84251968503937,1.0
CHMP4B,-0.24992601003124904,0.2440944881889764,0.9923966216285223
RALY,0.06290426069174515,0.952755905511811,1.0
EIF2S2,0.25327567957584574,0.5275590551181102,1.0
XPOTP1,0.954422652298917,0.36220472440944884,0.9923966216285223
AL035458.1,0.5676399402455372,0.2047244094488189,0.9923966216285223
AHCY,0.024116747486935708,0.9606299212598425,1.0
ITCH,0.012003434093348808,0.9763779527559056,1.0
DYNLRB1,0.7063823913047704,0.11811023622047244,0.9923966216285223
MAP1LC3A,-0.12093820567640012,0.9291338582677166,1.0
PIGU,-1.0156822718705683,0.2440944881889764,0.9923966216285223
NCOA6,-0.32717925065177145,0.2440944881889764,0.9923966216285223
TP53INP2,-0.5652787929015206,0.41732283464566927,1.0
GGT7,-0.09634283111853037,0.8661417322834646,1.0
GSS,-0.017656474319864834,0.952755905511811,1.0
TRPC4AP,-0.8879667795375346,0.1968503937007874,0.9923966216285223
EDEM2,0.7343246745890895,0.2440944881889764,0.9923966216285223
MMP24OS,0.6165989425258047,0.33858267716535434,0.9923966216285223
EIF6,0.30253547040229734,0.2992125984251969,0.9923966216285223
UQCC1,0.13392878475180536,0.84251968503937,1.0
CEP250,-0.03480196222508791,0.905511811023622,1.0
FO393401.1,1.400922508982795,0.23622047244094488,0.9923966216285223
ERGIC3,0.2774487193452426,0.28346456692913385,0.9923966216285223
SPAG4,0.5213649642414246,0.49606299212598426,1.0
CPNE1,0.08972055021431657,0.8267716535433071,1.0
RBM12,-0.033784291713288894,0.905511811023622,1.0
NFS1,0.48225991925766953,0.3228346456692913,0.9923966216285223
ROMO1,0.5506154417325648,0.2047244094488189,0.9923966216285223
RBM39,-0.23860842592321418,0.12598425196850394,0.9923966216285223
PHF20,-0.7855248403234238,0.05511811023622047,0.9923966216285223
SCAND1,0.22520995018760925,0.8346456692913385,1.0
NORAD,-0.20952468572935956,0.4409448818897638,1.0
AAR2,-0.04718214730006087,0.905511811023622,1.0
DLGAP4,0.5644173473086038,0.5039370078740157,1.0
MYL9,0.8699320221365945,0.44881889763779526,1.0
TGIF2,-0.20883996050093323,0.5748031496062992,1.0
SLA2,0.30998250937515426,0.4566929133858268,1.0
NDRG3,-0.015011391472873115,0.9763779527559056,1.0
DSN1,-0.3072250312849256,0.6299212598425197,1.0
SOGA1,0.913416470818671,0.2755905511811024,0.9923966216285223
SAMHD1,0.14022812746597957,0.8346456692913385,1.0
RBL1,0.032349861751371556,0.9291338582677166,1.0
RPN2,0.5688236320303552,0.13385826771653545,0.9923966216285223
MANBAL,0.3040474614263893,0.5354330708661418,1.0
BLCAP,-0.6964530875438131,0.08661417322834646,0.9923966216285223
CTNNBL1,0.026448647689344185,0.9133858267716536,1.0
TTI1,0.21403731165650353,0.5433070866141733,1.0
RPRD1B,0.05044392071705861,0.8740157480314961,1.0
SNHG17,-1.0488238862812702,0.06299212598425197,0.9923966216285223
SNHG11,0.8846937847794059,0.1968503937007874,0.9923966216285223
RALGAPB,-0.3380796804619344,0.3700787401574803,0.9923966216285223
ACTR5,-0.7794017481051365,0.6456692913385826,1.0
PPP1R16B,0.26593771226989027,0.8818897637795275,1.0
FAM83D,0.47432645722487443,0.7165354330708661,1.0
DHX35,0.12190160627008106,0.889763779527559,1.0
TOP1,0.3789542329392068,0.2440944881889764,0.9923966216285223
PLCG1,-0.39000420087521626,0.3700787401574803,0.9923966216285223
ZHX3,0.39237940891571044,0.7401574803149606,1.0
CHD6,-0.29783715486946605,0.7165354330708661,1.0
SRSF6,-0.27303358761432683,0.2992125984251969,0.9923966216285223
IFT52,0.16193641368832346,0.7322834645669292,1.0
MYBL2,0.4494019345263074,0.7480314960629921,1.0
TOX2,0.6542880028753837,0.4094488188976378,1.0
OSER1,-0.5355328580288568,0.06299212598425197,0.9923966216285223
OSER1-AS1,-1.6990159785422336,0.16535433070866143,0.9923966216285223
FITM2,0.6118080908582026,0.48031496062992124,1.0
RPL37AP1,-0.7898124593100491,0.07086614173228346,0.9923966216285223
TTPAL,0.7391529015480263,0.15748031496062992,0.9923966216285223
SERINC3,-0.04578048212685726,0.8267716535433071,1.0
PKIG,1.179216429560336,0.1889763779527559,0.9923966216285223
ADA,0.3328808720993335,0.1732283464566929,0.9923966216285223
YWHAB,-0.05217051889195723,0.8188976377952756,1.0
PABPC1L,0.2002028011856476,0.33858267716535434,0.9923966216285223
TOMM34,-0.08914633958017149,0.8503937007874016,1.0
STK4,-0.29268706377776965,0.14960629921259844,0.9923966216285223
PI3,1.048567492883604,0.33070866141732286,0.9923966216285223
SLPI,1.1775541941432215,0.33858267716535434,0.9923966216285223
SDC4,-0.5070008221718232,0.6771653543307087,1.0
SYS1,-0.17906363642328316,0.5669291338582677,1.0
PIGT,0.31141925918973,0.49606299212598426,1.0
RPS2P7,-1.6439894132563329,0.09448818897637795,0.9923966216285223
DNTTIP1,0.3281176433279156,0.5118110236220472,1.0
UBE2C,0.8226959890539645,0.4330708661417323,1.0
ACOT8,0.4814838648533586,0.5196850393700787,1.0
ZSWIM3,-0.9325019530894036,0.2047244094488189,0.9923966216285223
CTSA,-0.3271202276333467,0.6692913385826772,1.0
PCIF1,0.2681736797923522,0.6771653543307087,1.0
ZNF335,-0.26951588699087736,0.5039370078740157,1.0
MMP9,0.46590168624692563,0.7401574803149606,1.0
NCOA5,-0.20245669723617077,0.5826771653543307,1.0
CD40,1.3553824376892742,0.41732283464566927,1.0
SLC35C2,-0.2298872736415145,0.6614173228346457,1.0
ELMO2,0.1344618448932886,0.8031496062992126,1.0
TP53RK,0.27054775993937863,0.6771653543307087,1.0
EYA2,1.3399735757978897,0.2125984251968504,0.9923966216285223
ZMYND8,0.02628943467513345,0.9133858267716536,1.0
NCOA3,0.2524460738640686,0.2440944881889764,0.9923966216285223
PREX1,0.3083573909634607,0.2755905511811024,0.9923966216285223
AL133342.1,0.021577707698216653,0.984251968503937,1.0
ARFGEF2,0.4477419559099731,0.33858267716535434,0.9923966216285223
CSE1L,-0.16675233924889366,0.6692913385826772,1.0
STAU1,-0.10366411200307724,0.7086614173228346,1.0
ARPC3P1,-0.2916537867057736,0.5826771653543307,1.0
DDX27,0.002823754291823022,0.9606299212598425,1.0
ZNFX1,-0.3186405033248798,0.47244094488188976,1.0
ZFAS1,-0.18995026698340745,0.4015748031496063,1.0
B4GALT5,-0.5220671905183059,0.2677165354330709,0.9923966216285223
SNRPFP1,-0.8504545122548728,0.3937007874015748,1.0
SLC9A8,-0.08880831128809508,0.889763779527559,1.0
SPATA2,0.31558409559576717,0.36220472440944884,0.9923966216285223
RNF114,0.037863424224390485,0.8582677165354331,1.0
SNAI1,-1.4237159097934264,0.2125984251968504,0.9923966216285223
TMEM189,0.23366944922162158,0.5590551181102362,1.0
CEBPB,-0.510743451276122,0.1968503937007874,0.9923966216285223
PTPN1,0.4987822138452813,0.13385826771653545,0.9923966216285223
PARD6B,0.11884918390990862,0.889763779527559,1.0
BCAS4,0.10957161809309124,0.8582677165354331,1.0
ADNP,-0.3314867581325869,0.047244094488188976,0.9923966216285223
DPM1,-0.2128841024970729,0.5826771653543307,1.0
MOCS3,-0.578942555443176,0.5669291338582677,1.0
NFATC2,0.29915655532763985,0.4251968503937008,1.0
ATP9A,2.386655590471093,0.07874015748031496,0.9923966216285223
ZFP64,-0.2545002072277174,0.7086614173228346,1.0
ERP29P1,0.10319516176308308,0.8582677165354331,1.0
TSHZ2,1.3928734228129716,0.07874015748031496,0.9923966216285223
ZNF217,0.19059379421280287,0.4094488188976378,1.0
BCAS1,-0.9254664504110104,0.36220472440944884,0.9923966216285223
PFDN4,-0.2976312348478407,0.5669291338582677,1.0
RPL12P4,-0.29041267550192273,0.30708661417322836,0.9923966216285223
FAM210B,0.3347545192997794,0.3543307086614173,0.9923966216285223
AURKA,0.47236489192880704,0.5039370078740157,1.0
CSTF1,-0.022487533963787776,0.9291338582677166,1.0
CASS4,-1.1244067158749362,0.33858267716535434,0.9923966216285223
RTFDC1,0.34776353597592546,0.06299212598425197,0.9923966216285223
RAE1,-0.4140723934473849,0.3937007874015748,1.0
AL109955.1,-0.9172917407306782,0.2125984251968504,0.9923966216285223
RBM38,-1.4631169543139313,0.2677165354330709,0.9923966216285223
HMGB1P1,-0.41688252123499003,0.5748031496062992,1.0
ZBP1,0.5872177908233844,0.10236220472440945,0.9923966216285223
PMEPA1,0.08242430058631722,0.8740157480314961,1.0
NKILA,0.0006295991694023062,1.0,1.0
PPP4R1L,0.7182417959418443,0.47244094488188976,1.0
RAB22A,-0.11833314157443908,0.6771653543307087,1.0
VAPB,-0.8878147798968392,0.14960629921259844,0.9923966216285223
STX16,0.09407950524265285,0.6141732283464567,1.0
NPEPL1,0.09991061616064423,0.8582677165354331,1.0
GNAS,0.23889366817667756,0.07874015748031496,0.9923966216285223
NELFCD,-0.051584517492084814,0.937007874015748,1.0
CTSZ,0.7642827036232704,0.36220472440944884,0.9923966216285223
ATP5E,0.262333028298368,0.07086614173228346,0.9923966216285223
PRELID3B,-0.217124890740382,0.2283464566929134,0.9923966216285223
ZNF831,-0.5520837826178999,0.2047244094488189,0.9923966216285223
SYCP2,0.4888367718251816,0.5826771653543307,1.0
FAM217B,0.2431093753137219,0.6850393700787402,1.0
PPP1R3D,-0.7664482327113209,0.31496062992125984,0.9923966216285223
TAF4,0.16776509406202322,0.6299212598425197,1.0
AL137077.2,-1.6590950466033627,0.09448818897637795,0.9923966216285223
LSM14B,0.42064253452525513,0.41732283464566927,1.0
PSMA7,0.029372081760562274,0.889763779527559,1.0
SS18L1,0.6846821653822124,0.5275590551181102,1.0
MTG2,-0.02466979664054758,0.9921259842519685,1.0
OSBPL2,0.17737561362771137,0.8188976377952756,1.0
ADRM1,0.24373825406229477,0.8110236220472441,1.0
LAMA5,1.966683019885317,0.05511811023622047,0.9923966216285223
RPS21,-0.25713287119799944,0.11023622047244094,0.9923966216285223
CABLES2,0.5789107035491825,0.28346456692913385,0.9923966216285223
SLCO4A1,0.9300606396861124,0.4409448818897638,1.0
AL357033.4,-0.4022120013835375,0.6929133858267716,1.0
MRGBP,-0.16635254852569048,0.7480314960629921,1.0
OGFR,0.07596365396352445,0.8661417322834646,1.0
COL9A3,0.2644062420661729,0.84251968503937,1.0
TCFL5,-1.353323212063335,0.10236220472440945,0.9923966216285223
DIDO1,-0.03679760815241728,0.8976377952755905,1.0
GID8,-0.2509257202225461,0.6377952755905512,1.0
SLC17A9,1.7240000216840023,0.05511811023622047,0.9923966216285223
YTHDF1,-0.2896453612391614,0.2992125984251969,0.9923966216285223
ARFGAP1,-0.8774684047706809,0.5354330708661418,1.0
PPDPF,0.11230579089898107,0.7795275590551181,1.0
HELZ2,0.6772024851130074,0.3700787401574803,0.9923966216285223
GMEB2,1.1330100760066468,0.3543307086614173,0.9923966216285223
MHENCR,0.26739057221169205,0.6220472440944882,1.0
STMN3,0.0994751417046098,0.952755905511811,1.0
ARFRP1,0.5747191059177528,0.6614173228346457,1.0
AL121845.4,0.34273542623373776,0.5433070866141733,1.0
SLC2A4RG,-0.7770300161124353,0.41732283464566927,1.0
ZBTB46,-0.003648488835798158,1.0,1.0
AL118506.1,-1.3281768683370667,0.11811023622047244,0.9923966216285223
TPD52L2,0.12410160990120556,0.7874015748031497,1.0
DNAJC5,-0.029994270713084248,0.9448818897637795,1.0
UCKL1,-0.12935679118006416,0.7795275590551181,1.0
SAMD10,0.09270169595427458,0.937007874015748,1.0
PRPF6,0.1619713910592644,0.7401574803149606,1.0
TCEA2,-0.32257588123045533,0.6141732283464567,1.0
RGS19,0.36699622067776705,0.2755905511811024,0.9923966216285223
PCMTD2,-0.57539224258195,0.09448818897637795,0.9923966216285223
CDC34,-0.9162344930254647,0.48031496062992124,1.0
GZMM,-1.418123987358757,0.4566929133858268,1.0
BSG,-0.34196083915090547,0.7874015748031497,1.0
POLRMT,0.03985108619367095,0.952755905511811,1.0
RNF126,-0.3147629586510696,0.6850393700787402,1.0
PTBP1,0.1633765304284207,0.5826771653543307,1.0
MED16,-0.4249136393066778,0.6850393700787402,1.0
R3HDM4,0.009931881734960513,0.9921259842519685,1.0
ARID3A,1.4457314464772573,0.15748031496062992,0.9923966216285223
WDR18,1.2341760042103416,0.23622047244094488,0.9923966216285223
TMEM259,-0.7329544421071845,0.5669291338582677,1.0
CNN2,-0.29923627288967847,0.6220472440944882,1.0
ABCA7,-0.36710350830401417,0.7244094488188977,1.0
ARHGAP45,0.27766078449972476,0.6220472440944882,1.0
POLR2E,0.07803683644401982,0.9212598425196851,1.0
GPX4,-0.2203225940320106,0.9448818897637795,1.0
SBNO2,0.544874150545529,0.7322834645669292,1.0
STK11,-0.38766418466887154,0.6692913385826772,1.0
ATP5D,0.32286575977846477,0.937007874015748,1.0
MIDN,-0.5516395092924773,0.48031496062992124,1.0
CIRBP,-0.17269139902103614,0.5039370078740157,1.0
C19orf24,-0.12531647493385556,0.9448818897637795,1.0
MUM1,0.5549502716950987,0.3464566929133858,0.9923966216285223
NDUFS7,0.4815598808829442,0.6377952755905512,1.0
DAZAP1,0.45834142730199723,0.2204724409448819,0.9923966216285223
RPS15,0.5228336168671595,0.6456692913385826,1.0
C19orf25,-1.0158898120774982,0.33858267716535434,0.9923966216285223
REEP6,0.04088914663573595,1.0,1.0
ADAMTSL5,0.24123507226529384,0.7165354330708661,1.0
MEX3D,-0.21691924258361395,0.5748031496062992,1.0
MBD3,-0.5126074697766017,0.5984251968503937,1.0
UQCR11,0.31886265790019497,0.5039370078740157,1.0
TCF3,0.388039366801447,0.5669291338582677,1.0
ATP8B3,-0.7931735024085218,0.48031496062992124,1.0
REXO1,0.4026313429126054,0.6692913385826772,1.0
KLF16,-1.285043936429016,0.4251968503937008,1.0
AC012615.1,-0.11959961203724645,0.937007874015748,1.0
ABHD17A,-0.34251417090234115,0.7716535433070866,1.0
SCAMP4,-0.4568632715069465,0.6299212598425197,1.0
CSNK1G2,-0.2727412109133587,0.8188976377952756,1.0
BTBD2,-0.06886383231880977,0.9448818897637795,1.0
MKNK2,0.18942767908844438,0.7952755905511811,1.0
MOB3A,0.05040006086791138,0.952755905511811,1.0
AP3D1,0.5868019599997476,0.12598425196850394,0.9923966216285223
DOT1L,-0.5971163352741611,0.4251968503937008,1.0
PLEKHJ1,-0.2856909763047417,0.7401574803149606,1.0
SF3A2,-0.29683514805228306,0.6456692913385826,1.0
OAZ1,-0.24273954808725584,0.49606299212598426,1.0
LSM7,0.8229343561636124,0.6141732283464567,1.0
SPPL2B,-0.46409355378842676,0.6299212598425197,1.0
TIMM13,0.04568659211327031,0.9606299212598425,1.0
LMNB2,0.34433687530522405,0.6535433070866141,1.0
GADD45B,-1.4848997846139937,0.14960629921259844,0.9923966216285223
GNG7,1.593065334657794,0.07086614173228346,0.9923966216285223
SLC39A3,0.8325521451513955,0.4409448818897638,1.0
SGTA,-1.0892896377337369,0.44881889763779526,1.0
THOP1,-0.33914116317676424,0.7244094488188977,1.0
ZNF554,-0.28444023723044953,0.8346456692913385,1.0
ZNF555,-0.3985202142820983,0.6299212598425197,1.0
ZNF57,0.379564925438145,0.5039370078740157,1.0
ZNF77,-0.8135593183945713,0.36220472440944884,0.9923966216285223
AES,-0.8743296115228087,0.6141732283464567,1.0
GNA15,-0.515545579100456,0.6614173228346457,1.0
S1PR4,-0.6586088290645451,0.6614173228346457,1.0
NCLN,0.924637460456494,0.25196850393700787,0.9923966216285223
NFIC,0.10382534399997123,0.8661417322834646,1.0
DOHH,-0.2677443339144663,0.7952755905511811,1.0
FZR1,0.2081646875111205,0.8740157480314961,1.0
MFSD12,-0.2514508556481465,0.8582677165354331,1.0
HMG20B,0.9860276604423213,0.49606299212598426,1.0
CACTIN,0.6368913328135144,0.30708661417322836,0.9923966216285223
PIP5K1C,0.004895845749529393,0.9921259842519685,1.0
APBA3,0.6656363261058282,0.30708661417322836,0.9923966216285223
MRPL54,-0.026660999687354803,0.952755905511811,1.0
MATK,-0.6511541957831382,0.6299212598425197,1.0
DAPK3,0.17981542458655797,0.8582677165354331,1.0
EEF2,-0.1585189070703361,0.5669291338582677,1.0
PIAS4,0.9949781521416616,0.48031496062992124,1.0
ZBTB7A,0.23304533824731521,0.5984251968503937,1.0
MAP2K2,-0.17664330379235604,0.8031496062992126,1.0
SIRT6,-1.0897589346033891,0.33070866141732286,0.9923966216285223
EBI3,-0.15046146300799457,0.8976377952755905,1.0
CCDC94,-0.674013827652493,0.4330708661417323,1.0
TMIGD2,0.12841918421874343,0.8976377952755905,1.0
MPND,0.36360749358083244,0.5826771653543307,1.0
SH3GL1,-0.10281476189601335,0.7244094488188977,1.0
CHAF1A,0.2589811253970389,0.7401574803149606,1.0
UBXN6,-0.49219921302869807,0.5748031496062992,1.0
AC011498.7,0.5485311203568792,0.5748031496062992,1.0
HDGFL2,0.5667562662920274,0.6929133858267716,1.0
TNFAIP8L1,1.9741821887058468,0.031496062992125984,0.9923966216285223
MYDGF,1.9229616288699463,0.031496062992125984,0.9923966216285223
DPP9,0.6777326289053702,0.3779527559055118,0.9979787009382448
FEM1A,0.46661207798999005,0.6456692913385826,1.0
TICAM1,-0.7235909560758285,0.18110236220472442,0.9923966216285223
PLIN3,0.20480129230828048,0.937007874015748,1.0
UHRF1,-0.6341197787566624,0.2992125984251969,0.9923966216285223
KDM4B,-0.24918677236186326,0.84251968503937,1.0
SNRPEP4,-0.2217517879938491,0.7401574803149606,1.0
SAFB2,-0.09849213272489798,0.6614173228346457,1.0
SAFB,0.01998680587060786,0.937007874015748,1.0
RPL36,-0.02644018930895342,0.9212598425196851,1.0
C19orf70,-0.3483151067030765,0.7952755905511811,1.0
LONP1,0.5248092751773179,0.6692913385826772,1.0
DUS3L,-0.5282385218014103,0.6220472440944882,1.0
NDUFA11,0.4834346981002513,0.33070866141732286,0.9923966216285223
VMAC,-0.6653221633482262,0.3700787401574803,0.9923966216285223
CAPS,1.5652949766076638,0.16535433070866143,0.9923966216285223
RANBP3,0.4028399484916614,0.6377952755905512,1.0
RFX2,1.2491015351862598,0.1889763779527559,0.9923966216285223
MLLT1,-0.09593771530512019,0.5511811023622047,1.0
CLPP,0.09422288078765106,0.9291338582677166,1.0
ALKBH7,-0.4680036442577604,0.6377952755905512,1.0
PSPN,-0.3311248372695792,0.6929133858267716,1.0
GTF2F1,-0.40620388901775595,0.29133858267716534,0.9923966216285223
KHSRP,0.07376461525966427,0.9133858267716536,1.0
SLC25A23,0.2822478223118452,0.6062992125984252,1.0
DENND1C,0.10771273369649847,0.8740157480314961,1.0
TNFSF9,0.4435132711481762,0.5669291338582677,1.0
CD70,1.6425806779996854,0.1889763779527559,0.9923966216285223
TNFSF14,-0.46394728179260714,0.36220472440944884,0.9923966216285223
C3,-0.541242143318071,0.6850393700787402,1.0
GPR108,0.336156818901884,0.5039370078740157,1.0
SH2D3A,-0.1479450688198476,0.7322834645669292,1.0
VAV1,-0.49498385729940697,0.5826771653543307,1.0
ZNF557,-1.2108523324550577,0.28346456692913385,0.9923966216285223
INSR,1.2670898140398168,0.11811023622047244,0.9923966216285223
ZNF358,-0.17655142351733066,0.952755905511811,1.0
MCOLN1,0.5933069663438806,0.48031496062992124,1.0
PNPLA6,0.35841689894222295,0.6299212598425197,1.0
XAB2,0.14594390645209332,0.937007874015748,1.0
PET100,0.7721240101155256,0.4330708661417323,1.0
STXBP2,-0.7669839627545629,0.5905511811023622,1.0
EVI5L,0.5655991900284003,0.6220472440944882,1.0
MAP2K7,-0.3979012938870454,0.6614173228346457,1.0
SNAPC2,-1.178363439191027,0.2440944881889764,0.9923966216285223
TIMM44,0.058467208666360904,0.952755905511811,1.0
ELAVL1,0.0375175195212627,0.8740157480314961,1.0
CERS4,0.5482301763179274,0.7165354330708661,1.0
CD320,-0.3333446635774515,0.4566929133858268,1.0
RPS28,-0.8276501463707282,0.4015748031496063,1.0
RAB11B-AS1,-1.0650324873227484,0.2047244094488189,0.9923966216285223
RAB11B,-0.01645185751508471,0.9606299212598425,1.0
MARCH2,0.6126077291694689,0.33070866141732286,0.9923966216285223
HNRNPM,-0.2678873498229315,0.2992125984251969,0.9923966216285223
ZNF414,-0.11830052812814262,0.8503937007874016,1.0
MYO1F,-0.1620870028696757,0.7401574803149606,1.0
ADAMTS10,-1.9109889815718089,0.031496062992125984,0.9923966216285223
ZNF558,-0.10049000538334729,0.8110236220472441,1.0
ZNF317,-0.4146551887771257,0.5039370078740157,1.0
AC011451.1,-0.3626382956120918,0.7007874015748031,1.0
ZNF699,-1.8074737029245842,0.03937007874015748,0.9923966216285223
ZNF559,-1.5102032848305755,0.12598425196850394,0.9923966216285223
ZNF266,-0.5097885481881992,0.3464566929133858,0.9923966216285223
ZNF426,-0.0038593920492435707,0.9921259842519685,1.0
ZNF121,-0.9706897677600761,0.031496062992125984,0.9923966216285223
ZNF561,-0.1354556164177083,0.8661417322834646,1.0
ZNF561-AS1,0.5145869258345397,0.5039370078740157,1.0
ZNF562,0.7571588645737712,0.09448818897637795,0.9923966216285223
UBE2L4,-0.7132830940093084,0.4566929133858268,1.0
FBXL12,0.22615841837075656,0.4566929133858268,1.0
UBL5,0.3326762148098954,0.3464566929133858,0.9923966216285223
PIN1,1.157065798976364,0.3228346456692913,0.9923966216285223
OLFM2,0.3173563754781621,0.5354330708661418,1.0
COL5A3,-0.31930000756103016,0.7559055118110236,1.0
C19orf66,-0.05188252489986489,0.8503937007874016,1.0
P2RY11,-0.8132065286399537,0.2992125984251969,0.9923966216285223
EIF3G,-0.4930417247991148,0.6850393700787402,1.0
DNMT1,-0.45702031851131597,0.16535433070866143,0.9923966216285223
S1PR2,-0.2258869772263159,0.5039370078740157,1.0
MRPL4,0.3936877433778603,0.6377952755905512,1.0
ICAM1,-0.3792569603021998,0.6456692913385826,1.0
TYK2,-0.014896935065152661,0.9921259842519685,1.0
CDC37,-0.30715955712459486,0.7401574803149606,1.0
PDE4A,-0.37100833577149395,0.6850393700787402,1.0
KEAP1,0.08415735443907746,0.9291338582677166,1.0
S1PR5,-1.3733445028528832,0.2755905511811024,0.9923966216285223
KRI1,-0.18633882309619132,0.7086614173228346,1.0
CDKN2D,-0.3732151432454085,0.36220472440944884,0.9923966216285223
SLC44A2,-0.44680376782648956,0.3937007874015748,1.0
ILF3-AS1,-0.27995358814235516,0.7322834645669292,1.0
ILF3,-0.020901795840790882,0.9291338582677166,1.0
QTRT1,-0.5063910422377367,0.6062992125984252,1.0
DNM2,0.34703435030725505,0.7244094488188977,1.0
AC007229.1,0.0058446944614578555,1.0,1.0
TIMM29,-0.5385595723830545,0.6614173228346457,1.0
SMARCA4,-0.1289485872214069,0.5826771653543307,1.0
LDLR,-0.43831092437811314,0.8818897637795275,1.0
SPC24,-0.1333965420667722,0.84251968503937,1.0
KANK2,2.068036268749013,0.015748031496062992,0.9923966216285223
RAB3D,0.09412857105095496,0.889763779527559,1.0
TMEM205,0.7066421697800496,0.10236220472440945,0.9923966216285223
CCDC159,-0.6677551876307248,0.5275590551181102,1.0
PLPPR2,-1.0763407927247666,0.2125984251968504,0.9923966216285223
SWSAP1,-0.3970129618701099,0.6535433070866141,1.0
EPOR,0.8125699944181779,0.49606299212598426,1.0
PRKCSH,-0.27885119416062487,0.7086614173228346,1.0
ECSIT,-0.6527532904705762,0.33858267716535434,0.9923966216285223
AC008481.1,-0.41494419576420216,0.5433070866141733,1.0
ELOF1,-0.11224575498027534,0.8976377952755905,1.0
ZNF627,-0.4214936682115278,0.6692913385826772,1.0
ACP5,0.8337382536224913,0.14173228346456693,0.9923966216285223
ZNF823,0.2531335145457634,0.6692913385826772,1.0
ZNF441,0.5375302980612746,0.6062992125984252,1.0
ZNF440,2.5372936474585464,0.023622047244094488,0.9923966216285223
ZNF439,-1.332289220228604,0.2125984251968504,0.9923966216285223
ZNF700,-0.2428766964239535,0.6535433070866141,1.0
AC008770.1,0.43748690852613015,0.3858267716535433,1.0
ZNF844,-0.5978268429805129,0.5511811023622047,1.0
ZNF136,0.045841615955442894,0.9448818897637795,1.0
ZNF44,-0.020355268285507044,0.968503937007874,1.0
AC012618.1,-1.1398802361699638,0.33858267716535434,0.9923966216285223
ZNF442,-0.1598649923829769,0.8818897637795275,1.0
ZNF799,-0.7819792113135113,0.23622047244094488,0.9923966216285223
ZNF791,-0.08892867619818023,0.6456692913385826,1.0
RPL10P16,-0.9719312480591609,0.015748031496062992,0.9923966216285223
MAN2B1,0.8777807615282667,0.33070866141732286,0.9923966216285223
WDR83,0.03366901846112613,1.0,1.0
WDR83OS,0.4829413318285374,0.33070866141732286,0.9923966216285223
DHPS,0.8266871865631304,0.5039370078740157,1.0
TNPO2,0.5170979573814698,0.30708661417322836,0.9923966216285223
TRIR,0.11650932566345773,0.7795275590551181,1.0
ASNA1,0.3781136920105128,0.7795275590551181,1.0
HOOK2,-1.1462813516583747,0.2204724409448819,0.9923966216285223
JUNB,-0.40912725675013384,0.6929133858267716,1.0
PRDX2,-0.060971912620892965,0.9448818897637795,1.0
RNASEH2A,-0.050928611533232804,0.952755905511811,1.0
DNASE2,0.19172934382409235,0.36220472440944884,0.9923966216285223
GCDH,0.821055955879598,0.09448818897637795,0.9923966216285223
RPS6P25,-0.8174235090740272,0.08661417322834646,0.9923966216285223
FARSA,0.11276034530210577,0.6535433070866141,1.0
CALR,0.5826765519586257,0.07874015748031496,0.9923966216285223
RAD23A,-0.22823286785576613,0.4330708661417323,1.0
GADD45GIP1,-0.09828416489782787,0.952755905511811,1.0
NFIX,-0.466687271883508,0.6850393700787402,1.0
TRMT1,-1.8125573464227676,0.16535433070866143,0.9923966216285223
NACC1,0.27204019775166266,0.8267716535433071,1.0
STX10,0.02942971609528655,0.9921259842519685,1.0
IER2,-1.1079886073409675,0.07874015748031496,0.9923966216285223
CCDC130,-0.2509607601279442,0.84251968503937,1.0
MRI1,0.526008709009218,0.3858267716535433,1.0
C19orf53,-0.023117527377198854,0.9448818897637795,1.0
ZSWIM4,0.9668027902825889,0.3228346456692913,0.9923966216285223
AC020916.1,1.0641282901033362,0.2283464566929134,0.9923966216285223
CC2D1A,0.5888391935466166,0.5118110236220472,1.0
DCAF15,-0.06367364696828925,0.968503937007874,1.0
RFX1,0.556458097693616,0.1889763779527559,0.9923966216285223
IL27RA,-0.2759990407546713,0.5196850393700787,1.0
EEF1DP1,-0.5125257466729609,0.10236220472440945,0.9923966216285223
MISP3,1.0392531963817346,0.09448818897637795,0.9923966216285223
SAMD1,0.3950519357758395,0.023622047244094488,0.9923966216285223
PRKACA,0.19295580386854283,0.7795275590551181,1.0
ASF1B,-0.13729115700604666,0.8346456692913385,1.0
ADGRL1,-1.7594544780270562,0.14960629921259844,0.9923966216285223
ADGRE5,0.10250430837640412,0.9291338582677166,1.0
DDX39A,-0.004611631641025404,0.984251968503937,1.0
PKN1,0.590769842252798,0.5511811023622047,1.0
GIPC1,-0.2472956567559117,0.6771653543307087,1.0
SNRPGP15,0.2297220187600817,0.7007874015748031,1.0
DNAJB1,-0.8816203010437356,0.18110236220472442,0.9923966216285223
TECR,0.31350487519157566,0.7952755905511811,1.0
NDUFB7,-0.027212338082837295,0.9921259842519685,1.0
ITGB1P1,-0.2933057959693093,0.3937007874015748,1.0
ZNF333,-0.2501413189969779,0.8031496062992126,1.0
ILVBL,-0.569661619771006,0.30708661417322836,0.9923966216285223
NOTCH3,0.1274162612363141,0.8110236220472441,1.0
BRD4,-0.11304685701797634,0.8110236220472441,1.0
AKAP8,0.21657173863488133,0.15748031496062992,0.9923966216285223
AKAP8L,0.7707519733061701,0.44881889763779526,1.0
WIZ,0.47513655126289134,0.16535433070866143,0.9923966216285223
RASAL3,-0.08368657666222212,0.905511811023622,1.0
CYP4F22,-0.08199611597548806,0.8582677165354331,1.0
RPL23AP2,-0.6048537148954303,0.047244094488188976,0.9923966216285223
TPM4,0.4447075055332306,0.2440944881889764,0.9923966216285223
RAB8A,-0.023056536489440838,0.937007874015748,1.0
HSH2D,0.5561319487336673,0.33858267716535434,0.9923966216285223
FAM32A,0.11078381098854617,0.6614173228346457,1.0
AP1M1,-0.5570826821183319,0.6456692913385826,1.0
KLF2,-0.9345808856656035,0.2047244094488189,0.9923966216285223
EPS15L1,0.03566100104069658,0.937007874015748,1.0
CHERP,-0.5942967128791532,0.5748031496062992,1.0
SLC35E1,-0.19533072441628985,0.5196850393700787,1.0
MED26,0.04278101224612718,0.9763779527559056,1.0
SMIM7,-1.207784582487725,0.3464566929133858,0.9923966216285223
AC024075.2,-1.0060578176918105,0.2125984251968504,0.9923966216285223
AC024075.1,0.17733330478080434,0.8031496062992126,1.0
SIN3B,-0.038838045184110825,0.952755905511811,1.0
HAUS8,-0.5563600870172665,0.3779527559055118,0.9979787009382448
MYO9B,0.03544955980991116,0.8818897637795275,1.0
USE1,-0.5298264639586163,0.07874015748031496,0.9923966216285223
OCEL1,1.0471730006771882,0.36220472440944884,0.9923966216285223
NR2F6,0.3606471872803956,0.5748031496062992,1.0
BABAM1,-0.3340349380986529,0.5196850393700787,1.0
ABHD8,-0.8953517776079021,0.30708661417322836,0.9923966216285223
MRPL34,0.1914044586432455,0.5433070866141733,1.0
DDA1,0.30059670532622196,0.7322834645669292,1.0
ANO8,0.34064895079478674,0.6929133858267716,1.0
GTPBP3,0.11141585326681458,0.8267716535433071,1.0
PLVAP,1.8679057818169136,0.13385826771653545,0.9923966216285223
BST2,0.45403949120287823,0.4409448818897638,1.0
BISPR,-0.5730356454179257,0.5118110236220472,1.0
MVB12A,0.37906329391543814,0.7480314960629921,1.0
SLC27A1,-2.214605359658665,0.031496062992125984,0.9923966216285223
AC010618.3,1.7248733837036898,0.07086614173228346,0.9923966216285223
PGLS,-0.022802366192554047,1.0,1.0
FAM129C,-0.3430324034087704,0.7559055118110236,1.0
COLGALT1,-0.02311075846138433,0.968503937007874,1.0
FCHO1,0.08466094658770817,0.9606299212598425,1.0
INSL3,0.004011781416856541,1.0,1.0
JAK3,0.7857411475559521,0.08661417322834646,0.9923966216285223
RPL18A,-1.1097084056642865,0.3858267716535433,1.0
CCDC124,0.3142445279839703,0.8346456692913385,1.0
ARRDC2,-0.6867426025911536,0.48031496062992124,1.0
IL12RB1,-0.13965306206317418,0.7007874015748031,1.0
MAST3,-1.07222729793452,0.15748031496062992,0.9923966216285223
MPV17L2,-0.03330383528090053,0.968503937007874,1.0
KIAA1683,-0.8729653559778222,0.2755905511811024,0.9923966216285223
JUND,0.04772407664052736,0.9606299212598425,1.0
LSM4,0.34098779564701065,0.28346456692913385,0.9923966216285223
PGPEP1,-0.14196126607721649,0.8188976377952756,1.0
SSBP4,0.5920446102535535,0.7322834645669292,1.0
ISYNA1,-0.03706917548085498,0.9763779527559056,1.0
ELL,-0.30743867076718434,0.3937007874015748,1.0
FKBP8,-0.27864080020210524,0.8031496062992126,1.0
KXD1,0.2979518177515903,0.6141732283464567,1.0
UBA52,0.09284067562249732,0.8740157480314961,1.0
REX1BD,0.3457461084969107,0.8346456692913385,1.0
KLHL26,-1.0438499232892267,0.2755905511811024,0.9923966216285223
CRTC1,0.9591881613278277,0.4330708661417323,1.0
UPF1,-0.40373626182668243,0.5039370078740157,1.0
COPE,0.9246905295624632,0.33070866141732286,0.9923966216285223
DDX49,0.9631728537787501,0.11811023622047244,0.9923966216285223
SUGP2,-0.1735635068383985,0.6614173228346457,1.0
ARMC6,0.3953184231378144,0.5748031496062992,1.0
SLC25A42,0.5734628933929709,0.3228346456692913,0.9923966216285223
TMEM161A,-0.5076093769668204,0.6456692913385826,1.0
BORCS8,0.04808359971131049,1.0,1.0
RFXANK,-1.0677746004744435,0.1889763779527559,0.9923966216285223
NR2C2AP,-0.4309290221458122,0.6692913385826772,1.0
SUGP1,0.5233029287558715,0.33858267716535434,0.9923966216285223
MAU2,-0.16486936072741987,0.8031496062992126,1.0
GATAD2A,-0.3042876675560988,0.33858267716535434,0.9923966216285223
NDUFA13,1.4138725899572986,0.14960629921259844,0.9923966216285223
PBX4,0.11574192727504773,0.8188976377952756,1.0
LPAR2,0.4362328013407897,0.1968503937007874,0.9923966216285223
GMIP,-0.19860100201925768,0.7165354330708661,1.0
ATP13A1,-0.30116915928458265,0.8031496062992126,1.0
ZNF101,-0.09901115776660863,0.8267716535433071,1.0
ZNF14,-0.9615714426186788,0.047244094488188976,0.9923966216285223
ZNF506,-0.06894353708182077,0.7401574803149606,1.0
ZNF253,-0.46430110285539605,0.49606299212598426,1.0
ZNF93,-1.2062965807243242,0.3779527559055118,0.9979787009382448
ZNF682,0.027008213879932352,0.9763779527559056,1.0
ZNF90,-0.38043503773182286,0.5590551181102362,1.0
AC011447.3,1.1215109449549658,0.2125984251968504,0.9923966216285223
ZNF486,-1.4908829493321436,0.031496062992125984,0.9923966216285223
AC011447.7,-0.05380488390963145,1.0,1.0
AC078899.1,-0.45147135922865766,0.6456692913385826,1.0
ZNF826P,0.25292053057921304,0.6377952755905512,1.0
ZNF737,-2.2724875387814856,0.023622047244094488,0.9923966216285223
ZNF626,-1.7133939917310936,0.06299212598425197,0.9923966216285223
ZNF66,-0.37160624825349475,0.5984251968503937,1.0
ZNF85,-0.8888667909061629,0.2204724409448819,0.9923966216285223
ZNF430,-0.5079596974545932,0.2440944881889764,0.9923966216285223
ZNF714,-0.16526882469020254,0.5826771653543307,1.0
ZNF431,-0.3225077920094197,0.5039370078740157,1.0
ZNF708,-0.17859483057798453,0.28346456692913385,0.9923966216285223
ZNF738,0.5408350055225841,0.49606299212598426,1.0
ZNF493,-0.8321317021329859,0.14960629921259844,0.9923966216285223
ZNF429,0.18521826566699406,0.5669291338582677,1.0
ZNF100,0.5968246088723412,0.3937007874015748,1.0
ZNF43,0.24382285010737448,0.6062992125984252,1.0
ZNF257,-0.564975608134646,0.6220472440944882,1.0
RPL34P34,-1.1035618285429973,0.06299212598425197,0.9923966216285223
RPL34P33,-1.4398553520784745,0.07874015748031496,0.9923966216285223
SNX6P1,0.2751148504773928,0.7716535433070866,1.0
ZNF91,-0.861661024587943,0.047244094488188976,0.9923966216285223
ZNF675,-0.7795581682215822,0.07874015748031496,0.9923966216285223
ZNF681,-0.5587018162824489,0.3858267716535433,1.0
RPSAP58,-0.48663743783910185,0.28346456692913385,0.9923966216285223
ZNF726,0.688072900951253,0.4094488188976378,1.0
ZNF254,-0.69711606241066,0.2204724409448819,0.9923966216285223
LINC00662,0.21101182400545104,0.7637795275590551,1.0
AC006504.5,1.939238414380664,0.015748031496062992,0.9923966216285223
UQCRFS1,0.22113651491406916,0.5275590551181102,1.0
POP4,0.14159524277474045,0.6456692913385826,1.0
PLEKHF1,-0.45747972587681973,0.5748031496062992,1.0
C19orf12,0.19121914391151407,0.5590551181102362,1.0
CCNE1,0.9412821650961676,0.3700787401574803,0.9923966216285223
URI1,-0.47052567133520906,0.07874015748031496,0.9923966216285223
ZNF507,-0.0016313927155051644,0.9921259842519685,1.0
DPY19L3,-0.8215971828261135,0.12598425196850394,0.9923966216285223
PDCD5,0.44909672527223776,0.23622047244094488,0.9923966216285223
ANKRD27,-1.0179642555528656,0.41732283464566927,1.0
AC008736.1,-1.270631117161828,0.2125984251968504,0.9923966216285223
NUDT19,-0.577089424270889,0.06299212598425197,0.9923966216285223
CEP89,-0.2412522711294982,0.5590551181102362,1.0
FAAP24,0.5848318981470937,0.5196850393700787,1.0
GPATCH1,-0.24978896379191617,0.3543307086614173,0.9923966216285223
CEBPG,-0.8066688599086174,0.14960629921259844,0.9923966216285223
PEPD,-0.08734767172780167,0.8031496062992126,1.0
LSM14A,-0.2039131198413191,0.1968503937007874,0.9923966216285223
KIAA0355,-0.30953062308555257,0.5118110236220472,1.0
GPI,0.43074754508925484,0.33858267716535434,0.9923966216285223
PDCD2L,-1.0748974153871158,0.2992125984251969,0.9923966216285223
UBA2,-0.31328615636976487,0.31496062992125984,0.9923966216285223
ZNF302,0.24921955778225335,0.3543307086614173,0.9923966216285223
AC020910.4,0.11369301124529985,0.8582677165354331,1.0
ZNF181,-1.708825133118557,0.11811023622047244,0.9923966216285223
ZNF599,-0.4707991125793414,0.6535433070866141,1.0
AC008555.1,-0.6965132100544474,0.3700787401574803,0.9923966216285223
AC008555.2,-0.13355190282742768,0.937007874015748,1.0
AC008555.5,-1.111195991506106,0.07874015748031496,0.9923966216285223
ZNF30,-0.2586460888173958,0.7637795275590551,1.0
AC008555.8,-0.7981233182923082,0.48031496062992124,1.0
ZNF792,0.39091665636650763,0.4409448818897638,1.0
GRAMD1A,0.26770845645077657,0.7716535433070866,1.0
FXYD7,-0.5111381389067451,0.6220472440944882,1.0
FXYD5,-0.1993407777517664,0.84251968503937,1.0
LSR,0.737151766734099,0.3464566929133858,0.9923966216285223
USF2,-0.3491106052509698,0.7480314960629921,1.0
CD22,0.08387565340368264,1.0,1.0
TMEM147,0.666088405992364,0.23622047244094488,0.9923966216285223
HAUS5,0.5214143810322147,0.4094488188976378,1.0
RBM42,0.2077578991500726,0.6535433070866141,1.0
COX6B1,0.1872689146116393,0.5118110236220472,1.0
ZBTB32,0.2762290218055121,0.84251968503937,1.0
KMT2B,0.0809924676791609,0.8818897637795275,1.0
U2AF1L4,0.3992519810756412,0.5669291338582677,1.0
PSENEN,0.8692890215149403,0.1732283464566929,0.9923966216285223
ARHGAP33,0.6141216985429017,0.5748031496062992,1.0
NFKBID,-0.12563003172225518,0.8818897637795275,1.0
HCST,0.034941418129142754,0.9448818897637795,1.0
TYROBP,-1.621052863826871,0.3464566929133858,0.9923966216285223
SDHAF1,0.0772556797323154,0.84251968503937,1.0
ALKBH6,0.6206644598961464,0.48031496062992124,1.0
POLR2I,-0.4888586835029951,0.6456692913385826,1.0
TBCB,0.062182011754758015,0.889763779527559,1.0
CAPNS1,0.2724434980952246,0.6771653543307087,1.0
ZNF146,-0.12698925968258035,0.6929133858267716,1.0
LINC00665,0.47741849518195245,0.6062992125984252,1.0
ZFP14,-0.5757412774914878,0.3858267716535433,1.0
ZFP82,0.40820047677977556,0.6850393700787402,1.0
ZNF566,-0.4740474306351077,0.29133858267716534,0.9923966216285223
ZNF260,-0.29832737303014945,0.5118110236220472,1.0
ZNF529,-0.46564456311519375,0.3464566929133858,0.9923966216285223
ZNF382,0.3230173660011544,0.6850393700787402,1.0
ZNF461,-0.9571241218518374,0.33070866141732286,0.9923966216285223
ZNF567,-0.21276439879185638,0.7480314960629921,1.0
ZNF850,0.6032101629732347,0.5275590551181102,1.0
ZNF790-AS1,0.9810901930308321,0.1732283464566929,0.9923966216285223
ZNF790,-0.030490219231490423,0.984251968503937,1.0
ZNF345,-0.5614998592744027,0.5984251968503937,1.0
ZNF829,-0.40081838939848335,0.7007874015748031,1.0
ZNF568,-0.020496067220082903,0.952755905511811,1.0
ZNF420,-0.11735037366083345,0.8267716535433071,1.0
ZNF585A,0.3133208346570271,0.7244094488188977,1.0
ZNF585B,-0.3223630106408306,0.9133858267716536,1.0
ZNF383,-0.5871674932784252,0.25984251968503935,0.9923966216285223
HKR1,0.13869968059896953,0.7874015748031497,1.0
ZNF527,-1.5880192099923618,0.12598425196850394,0.9923966216285223
ZNF569,-0.02357604004407987,0.9763779527559056,1.0
ZNF570,-0.18376960888142513,0.6771653543307087,1.0
ZNF793,0.8048982144479346,0.2755905511811024,0.9923966216285223
ZNF571,-0.17182636359679537,0.8188976377952756,1.0
ZFP30,0.43887372208954867,0.6850393700787402,1.0
SELENOKP1,0.06310024850052098,0.8740157480314961,1.0
AC093227.1,-0.555232718795533,0.5275590551181102,1.0
ZNF573,-0.9352793724834834,0.3700787401574803,0.9923966216285223
AC016582.2,0.15477531975369918,0.952755905511811,1.0
SIPA1L3,0.5031995096383794,0.30708661417322836,0.9923966216285223
SPINT2,-0.08165243210461748,0.889763779527559,1.0
YIF1B,0.6173526674299317,0.5905511811023622,1.0
KCNK6,1.1979280627672333,0.5039370078740157,1.0
CATSPERG,-1.9023778552978157,0.023622047244094488,0.9923966216285223
PSMD8,0.6845096385327079,0.08661417322834646,0.9923966216285223
FAM98C,0.7376723811556585,0.4881889763779528,1.0
RYR1,0.03594581887826864,0.952755905511811,1.0
MAP4K1,0.2947308977834755,0.33070866141732286,0.9923966216285223
EIF3K,-0.003937133313494101,1.0,1.0
ACTN4,-0.016887208509705154,0.984251968503937,1.0
ECH1,0.23312799730007416,0.7322834645669292,1.0
HNRNPL,0.1841543540984656,0.6850393700787402,1.0
RINL,-0.00025446304256249164,1.0,1.0
SIRT2,0.5197615678196703,0.30708661417322836,0.9923966216285223
NFKBIB,0.2740017796575911,0.5196850393700787,1.0
MRPS12,-0.31271700301274485,0.6456692913385826,1.0
PAK4,0.37211371503519897,0.7165354330708661,1.0
IFNL1,0.7027654668710381,0.36220472440944884,0.9923966216285223
LRFN1,-0.09482296893854647,0.8110236220472441,1.0
GMFG,-0.16929427640159211,0.5669291338582677,1.0
SAMD4B,-0.02678401534042507,0.9448818897637795,1.0
PAF1,-0.18896454672922225,0.889763779527559,1.0
MED29,-0.4091897578999175,0.2755905511811024,0.9923966216285223
ZFP36,-0.36673645419763723,0.4409448818897638,1.0
PLEKHG2,-0.6079372807877643,0.5039370078740157,1.0
RPS16,0.19565065036610463,0.23622047244094488,0.9923966216285223
SUPT5H,0.001526688340451443,0.9921259842519685,1.0
TIMM50,-0.7170381824751191,0.16535433070866143,0.9923966216285223
EID2B,-0.23229202009892513,0.84251968503937,1.0
EID2,0.1812643453550553,0.5511811023622047,1.0
DYRK1B,-0.5920200256835151,0.5905511811023622,1.0
FBL,-0.3004515263886276,0.06299212598425197,0.9923966216285223
FCGBP,0.4670094572019847,0.6692913385826772,1.0
PSMC4,0.24293553455605377,0.5433070866141733,1.0
ZNF546,0.9998866047825841,0.2755905511811024,0.9923966216285223
ZNF780B,-0.9119205174037899,0.23622047244094488,0.9923966216285223
ZNF780A,-1.6710502686684492,0.06299212598425197,0.9923966216285223
MAP3K10,0.5430299461420083,0.5433070866141733,1.0
AKT2,-0.17039289882907038,0.36220472440944884,0.9923966216285223
C19orf47,-0.20952371923507318,0.8661417322834646,1.0
PLD3,0.8516812413733597,0.4566929133858268,1.0
SERTAD1,-0.4679042854760782,0.3700787401574803,0.9923966216285223
SERTAD3,-0.47496409185735233,0.4251968503937008,1.0
BLVRB,1.4713821739728115,0.047244094488188976,0.9923966216285223
SHKBP1,0.04703395307936464,0.937007874015748,1.0
LTBP4,0.18334611248608423,0.8582677165354331,1.0
COQ8B,0.48089073291158657,0.47244094488188976,1.0
ITPKC,1.491595209485352,0.03937007874015748,0.9923966216285223
C19orf54,0.43596428832181644,0.3543307086614173,0.9923966216285223
SNRPA,0.4442149367251558,0.4094488188976378,1.0
EGLN2,-0.2138754217179697,0.4645669291338583,1.0
HNRNPUL1,0.11055435497217836,0.8110236220472441,1.0
TGFB1,-0.11677884985383269,0.9133858267716536,1.0
CCDC97,-0.20804475235130404,0.6692913385826772,1.0
TMEM91,-0.0007738835293968904,1.0,1.0
B9D2,0.8280866571967017,0.2677165354330709,0.9923966216285223
EXOSC5,0.5013930672718208,0.7244094488188977,1.0
DMAC2,0.045027155230310534,0.9448818897637795,1.0
AC243960.2,-0.40316483736735087,0.44881889763779526,1.0
LINC01480,1.3860241974863687,0.2677165354330709,0.9923966216285223
AC243960.1,-0.5439521213798137,0.5039370078740157,1.0
CEACAM21,0.6193012716175228,0.4330708661417323,1.0
RPS19,-0.07029339106004961,0.8740157480314961,1.0
CD79A,3.0111911053488,0.14960629921259844,0.9923966216285223
ARHGEF1,-0.6577895561284031,0.5275590551181102,1.0
AC010616.1,-0.11313930476470668,0.9212598425196851,1.0
RABAC1,0.6689273391436634,0.6456692913385826,1.0
ATP1A3,0.33813066965272753,0.7559055118110236,1.0
ZNF574,-0.30536864237417305,0.7086614173228346,1.0
POU2F2,0.8122934709031382,0.2755905511811024,0.9923966216285223
DEDD2,0.09444709848723942,0.8031496062992126,1.0
ZNF526,-0.34353069799600844,0.8110236220472441,1.0
GSK3A,0.3729951357460113,0.4881889763779528,1.0
ERF,0.35152313895937803,0.8031496062992126,1.0
CIC,-0.167853426412643,0.6614173228346457,1.0
PAFAH1B3,-0.9744489799329097,0.4094488188976378,1.0
MEGF8,0.5737062875070906,0.2755905511811024,0.9923966216285223
CEACAM1,0.5388210753143567,0.6692913385826772,1.0
LYPD3,-0.08535923176413007,0.968503937007874,1.0
PHLDB3,-1.1337052649544908,0.11811023622047244,0.9923966216285223
ETHE1,0.11645521681318094,0.7244094488188977,1.0
ZNF575,-0.6557239750978767,0.4566929133858268,1.0
XRCC1,-0.7762712236872966,0.10236220472440945,0.9923966216285223
IRGQ,0.2326107653387388,0.7401574803149606,1.0
ZNF576,-0.7412397363137013,0.48031496062992124,1.0
ZNF428,-0.19673028010250349,0.6929133858267716,1.0
PLAUR,0.2655101528596271,0.84251968503937,1.0
SMG9,0.8876035154812163,0.023622047244094488,0.9923966216285223
KCNN4,1.2409445379679087,0.23622047244094488,0.9923966216285223
ZNF283,-0.204478849896079,0.7637795275590551,1.0
ZNF45,0.40883983194222706,0.4094488188976378,1.0
ZNF230,-0.08149169300965253,0.9212598425196851,1.0
ZNF222,0.668576240087428,0.47244094488188976,1.0
ZNF224,-0.6042937323456936,0.16535433070866143,0.9923966216285223
ZNF225,-0.24617448982606094,0.8110236220472441,1.0
ZNF234,-1.1554141470676735,0.2204724409448819,0.9923966216285223
ZNF226,0.23519766104769246,0.6456692913385826,1.0
ZNF227,-1.1330077396515854,0.08661417322834646,0.9923966216285223
ZNF235,0.4497941445283944,0.6377952755905512,1.0
ZNF180,-0.0616293785131834,0.937007874015748,1.0
BCL3,0.3083825859695235,0.7480314960629921,1.0
BCAM,0.606351239849413,0.4330708661417323,1.0
TOMM40,0.7451597530065004,0.5196850393700787,1.0
CLPTM1,1.1925387209708314,0.47244094488188976,1.0
RELB,0.9288136220598084,0.16535433070866143,0.9923966216285223
CLASRP,0.2843291461189734,0.6771653543307087,1.0
ZNF296,-0.7145842935339015,0.6062992125984252,1.0
GEMIN7,0.5016339555234142,0.31496062992125984,0.9923966216285223
MARK4,0.3004861640093619,0.6929133858267716,1.0
PPP1R37,-0.6171368714249805,0.5275590551181102,1.0
TRAPPC6A,0.7610402977935484,0.5118110236220472,1.0
BLOC1S3,-0.02714933548114029,0.968503937007874,1.0
ERCC2,1.3717014342984388,0.14960629921259844,0.9923966216285223
CD3EAP,-1.2412670944099078,0.2440944881889764,0.9923966216285223
ERCC1,-0.15281785398202974,0.6220472440944882,1.0
FOSB,-0.3340705892110627,0.5669291338582677,1.0
PPM1N,0.7248598271156361,0.48031496062992124,1.0
VASP,0.16632730532924356,0.36220472440944884,0.9923966216285223
OPA3,0.1303629718203263,0.84251968503937,1.0
EML2,0.006295418456922164,0.9763779527559056,1.0
GIPR,0.025713730084397035,0.937007874015748,1.0
SNRPD2,0.5796733845452362,0.13385826771653545,0.9923966216285223
QPCTL,0.7933023934277121,0.3779527559055118,0.9979787009382448
FBXO46,0.06498705084782763,0.9291338582677166,1.0
DMPK,-0.21151280565589792,0.9291338582677166,1.0
DMWD,0.3904912419780091,0.7086614173228346,1.0
SYMPK,0.2682104962678604,0.8267716535433071,1.0
IRF2BP1,-0.21723489236169335,0.4330708661417323,1.0
MYPOP,0.21601218819939572,0.6062992125984252,1.0
CCDC61,-0.2247941332783019,0.84251968503937,1.0
PPP5C,-0.08615404438151608,0.937007874015748,1.0
CALM3,0.060249907616025666,0.8740157480314961,1.0
PRKD2,0.006422492871421603,0.9921259842519685,1.0
STRN4,-0.21307856892760935,0.6850393700787402,1.0
FKRP,-0.17918958415179542,0.8031496062992126,1.0
SLC1A5,0.47320602927528554,0.2755905511811024,0.9923966216285223
AP2S1,0.43943808125670536,0.7007874015748031,1.0
ARHGAP35,-0.057108196614303,0.8740157480314961,1.0
TMEM160,0.17193249371749886,0.905511811023622,1.0
ZC3H4,0.6309653210978654,0.1732283464566929,0.9923966216285223
SAE1,0.018379527144364083,0.9448818897637795,1.0
BBC3,-1.2468702269338088,0.11023622047244094,0.9923966216285223
CCDC9,0.7674732071407679,0.5826771653543307,1.0
INAFM1,0.04602036722772329,0.9212598425196851,1.0
C5AR1,0.8185169363230735,0.6299212598425197,1.0
KPTN,1.0238638148202068,0.2440944881889764,0.9923966216285223
NAPA-AS1,0.8397422639565193,0.3543307086614173,0.9923966216285223
NAPA,0.2866887084330225,1.0,1.0
BICRA,-0.06326896296854123,0.8188976377952756,1.0
NOP53,0.058322101796087544,0.968503937007874,1.0
SELENOW,0.05973171079297046,0.8110236220472441,1.0
LIG1,-0.10862767329949197,0.8267716535433071,1.0
ZSWIM9,-0.37634369073699414,0.48031496062992124,1.0
CARD8,0.07326836436804296,0.6771653543307087,1.0
CARD8-AS1,-0.5067216046602656,0.2125984251968504,0.9923966216285223
EMP3,-0.3433927532824317,0.8661417322834646,1.0
TMEM143,0.8926971948739801,0.2125984251968504,0.9923966216285223
KDELR1,1.0863636997186221,0.023622047244094488,0.9923966216285223
GRWD1,0.665568217376113,0.14173228346456693,0.9923966216285223
KCNJ14,-0.5883241597186801,0.36220472440944884,0.9923966216285223
CYTH2,0.5166714508628809,0.47244094488188976,1.0
LMTK3,1.2955513538685892,0.14960629921259844,0.9923966216285223
RPL18,-0.2855176336537033,0.7952755905511811,1.0
CA11,0.7636798921343366,0.3858267716535433,1.0
RASIP1,0.6706983259987714,0.5275590551181102,1.0
BCAT2,-0.8582118135620291,0.47244094488188976,1.0
PPP1R15A,0.19167617297718476,0.7244094488188977,1.0
NUCB1,0.41791565648115636,0.5669291338582677,1.0
BAX,0.45163666735294505,0.08661417322834646,0.9923966216285223
FTL,0.01219491058780875,0.9606299212598425,1.0
GYS1,0.16413107757110534,0.6220472440944882,1.0
RUVBL2,0.4186139468536272,0.30708661417322836,0.9923966216285223
SNRNP70,0.26120554332425616,0.7007874015748031,1.0
LIN7B,0.08589501427927226,0.8582677165354331,1.0
SLC6A16,1.5335523300489273,0.12598425196850394,0.9923966216285223
CD37,-0.10950644090596295,0.8818897637795275,1.0
PIH1D1,0.2649101871243067,0.7480314960629921,1.0
ALDH16A1,0.42487700087133096,0.5748031496062992,1.0
RPL13A,-0.18572987007224206,0.3700787401574803,0.9923966216285223
RPS11,0.12245207942769554,0.7795275590551181,1.0
FCGRT,-0.048335190949588824,0.937007874015748,1.0
NOSIP,-1.5898972813071177,0.05511811023622047,0.9923966216285223
PRR12,-0.44441124371929686,0.6692913385826772,1.0
RRAS,2.14337514090493,0.015748031496062992,0.9923966216285223
SCAF1,0.9646040375874216,0.5039370078740157,1.0
IRF3,-0.0024969091886424266,1.0,1.0
BCL2L12,0.6781176276515968,0.7244094488188977,1.0
PRMT1,0.053018076365686895,0.9212598425196851,1.0
AC011495.1,-1.802215157693761,0.15748031496062992,0.9923966216285223
AP2A1,1.0072605632952634,0.05511811023622047,0.9923966216285223
FUZ,-0.5626815406096133,0.44881889763779526,1.0
MED25,0.7230651799215617,0.6220472440944882,1.0
PTOV1-AS1,0.15922535164183316,0.7165354330708661,1.0
PTOV1,-0.24421425282839682,0.7480314960629921,1.0
PNKP,0.8549041067176986,0.1732283464566929,0.9923966216285223
AKT1S1,-0.8035894218704382,0.36220472440944884,0.9923966216285223
TBC1D17,0.03173556239998376,0.9291338582677166,1.0
NUP62,0.08447818944485697,0.8582677165354331,1.0
ATF5,0.14696684879197797,0.8818897637795275,1.0
VRK3,-0.35729889302396245,0.18110236220472442,0.9923966216285223
ZNF473,1.0085778705412067,0.2992125984251969,0.9923966216285223
NR1H2,0.033576050347635444,0.952755905511811,1.0
NAPSB,-0.2074691759038816,0.8267716535433071,1.0
POLD1,0.06767431352034081,0.968503937007874,1.0
SPIB,1.3779863492873943,0.4015748031496063,1.0
EMC10,-0.18610838627802018,0.7716535433070866,1.0
JOSD2,-0.02447845344254218,1.0,1.0
CLEC11A,-0.6558625532913469,0.6220472440944882,1.0
C19orf48,-1.2707722414992002,0.2283464566929134,0.9923966216285223
SIGLEC17P,-1.2488012581599328,0.28346456692913385,0.9923966216285223
ETFB,0.3263616250596848,0.7874015748031497,1.0
CLDND2,-0.44516602939821204,0.7007874015748031,1.0
NKG7,-0.372472804674679,0.4251968503937008,1.0
SIGLEC10,-0.1915502526428745,0.8267716535433071,1.0
ZNF175,0.5271478245567287,0.47244094488188976,1.0
ZNF577,-0.021826270738817266,1.0,1.0
ZNF649,0.0076771602438927555,1.0,1.0
ZNF613,-1.4777994937038812,0.11023622047244094,0.9923966216285223
ZNF350,-0.07865890094327543,0.889763779527559,1.0
ZNF615,-0.350968826506894,0.44881889763779526,1.0
ZNF614,0.026634585896783136,0.984251968503937,1.0
ZNF432,-0.4886227717303182,0.6535433070866141,1.0
AC011468.1,-0.14022422155582048,0.7322834645669292,1.0
ZNF841,-0.6593487235832292,0.4330708661417323,1.0
ZNF616,1.519768791887358,0.14960629921259844,0.9923966216285223
RPL37P23,-0.4738780633641957,0.2047244094488189,0.9923966216285223
ZNF836,-1.150454207698635,0.09448818897637795,0.9923966216285223
PPP2R1A,-0.29540471003240576,0.8661417322834646,1.0
ZNF766,-0.8045082146696396,0.2440944881889764,0.9923966216285223
ZNF480,0.009958225491089934,0.984251968503937,1.0
ZNF880,-0.9616399581775115,0.3543307086614173,0.9923966216285223
ZNF528-AS1,-1.6364610284889958,0.031496062992125984,0.9923966216285223
ZNF528,-1.510186992292725,0.2047244094488189,0.9923966216285223
ZNF578,-0.8006586984012557,0.2755905511811024,0.9923966216285223
ZNF808,0.4990093822138646,0.6299212598425197,1.0
ZNF701,-0.616884642134965,0.25196850393700787,0.9923966216285223
ZNF83,0.12527271725649314,0.8346456692913385,1.0
AC022150.4,-0.0013469734178066517,1.0,1.0
ZNF611,-1.578124229833945,0.07086614173228346,0.9923966216285223
ZNF600,-0.3024380093428265,0.6141732283464567,1.0
ZNF28,0.312164733637851,0.7795275590551181,1.0
ZNF468,-0.45144901074498156,0.33070866141732286,0.9923966216285223
ZNF320,0.3119789979183709,0.7716535433070866,1.0
ZNF816,-0.19946617600767103,0.6850393700787402,1.0
ZNF160,0.19524609125492853,0.6692913385826772,1.0
ZNF347,-0.584177037997123,0.5039370078740157,1.0
AC092070.2,-0.12335920899279151,0.7952755905511811,1.0
NDUFV2P1,0.5255227351494831,0.4409448818897638,1.0
ZNF677,0.816225667896604,0.5039370078740157,1.0
ZNF845,0.32225372538497776,0.6692913385826772,1.0
ZNF525,0.27459796274983495,0.6062992125984252,1.0
ZNF765,-0.43400786541986136,0.4881889763779528,1.0
TPM3P9,-1.051406379140873,0.33070866141732286,0.9923966216285223
ZNF761,-0.7548186911572472,0.09448818897637795,0.9923966216285223
ZNF813,-0.5539544479232237,0.47244094488188976,1.0
ZNF331,-0.237434056750085,0.7795275590551181,1.0
SEPT7P8,-0.12872748849742788,0.8346456692913385,1.0
MYADM,0.030789444277660394,0.9133858267716536,1.0
NDUFA3,0.3091097018451894,0.6771653543307087,1.0
TFPT,1.0851689045597561,0.25196850393700787,0.9923966216285223
PRPF31,-0.6054793862251464,0.23622047244094488,0.9923966216285223
CNOT3,0.5006205439988749,0.3543307086614173,0.9923966216285223
LENG1,1.1606108809583389,0.30708661417322836,0.9923966216285223
MBOAT7,-0.04255005201324691,0.9606299212598425,1.0
TSEN34,0.21593815136423977,0.4881889763779528,1.0
RPS9,-0.4138254499865237,0.6141732283464567,1.0
LAIR1,0.04958924777290452,0.952755905511811,1.0
LENG8,-0.020359194216216903,0.9763779527559056,1.0
LAIR2,-1.6554512367613294,0.08661417322834646,0.9923966216285223
KIR3DX1,1.1116528685772522,0.14173228346456693,0.9923966216285223
LILRB1,-0.750430169655262,0.3543307086614173,0.9923966216285223
LILRB4,0.7662585958858401,0.44881889763779526,1.0
KIR2DL3,-0.3783555534450098,0.7165354330708661,1.0
KIR2DL1,-0.9994435246725708,0.5590551181102362,1.0
KIR2DL4,0.4494237113440993,0.8188976377952756,1.0
KIR2DS4,-1.1157111320077755,0.3464566929133858,0.9923966216285223
KIR3DL2,-2.2307280992132528,0.10236220472440945,0.9923966216285223
AC245128.3,-0.4835911591698667,0.6062992125984252,1.0
NCR1,1.0630716181627176,0.09448818897637795,0.9923966216285223
NLRP7,0.14188890632599782,0.905511811023622,1.0
NLRP2,0.18279235503791558,0.9291338582677166,1.0
RDH13,0.3947797892678082,0.4566929133858268,1.0
PPP1R12C,-0.21473717972162643,0.7559055118110236,1.0
TMEM86B,-1.370078350021279,0.08661417322834646,0.9923966216285223
PPP6R1,-0.02789567188603259,0.9606299212598425,1.0
HSPBP1,-0.5093204124760855,0.3779527559055118,0.9979787009382448
KMT5C,-1.0227693048819693,0.25196850393700787,0.9923966216285223
TMEM238,1.4222360036460975,0.16535433070866143,0.9923966216285223
RPL28,-0.06112455921334892,0.984251968503937,1.0
UBE2S,-0.5488880884805951,0.5905511811023622,1.0
ISOC2,0.6996339521735369,0.5748031496062992,1.0
ZNF628,0.6480632707581707,0.5275590551181102,1.0
NAT14,-1.154446999508294,0.1732283464566929,0.9923966216285223
ZNF579,-1.9807836728203585,0.031496062992125984,0.9923966216285223
FIZ1,0.49073494395126893,0.3464566929133858,0.9923966216285223
ZNF524,-0.29113882420826664,0.7559055118110236,1.0
ZNF865,0.9371718608188346,0.3543307086614173,0.9923966216285223
ZNF784,1.2338043484488725,0.2125984251968504,0.9923966216285223
ZNF580,1.2312949224530438,0.10236220472440945,0.9923966216285223
ZNF581,-0.4049310617125421,0.6614173228346457,1.0
U2AF2,0.48813530537014493,0.25984251968503935,0.9923966216285223
EPN1,0.1635589970360174,0.8188976377952756,1.0
ZNF787,0.4869756048941807,0.4881889763779528,1.0
ZNF444,-2.0706990333177013,0.10236220472440945,0.9923966216285223
ZNF542P,0.34611696168663064,0.7086614173228346,1.0
ZNF582,-1.0852618058457353,0.23622047244094488,0.9923966216285223
ZNF583,0.102489520461432,0.8503937007874016,1.0
ZFP28,0.06979096753772018,0.8976377952755905,1.0
ZNF470,-0.4827127478328366,0.6141732283464567,1.0
ZNF71,0.6634019322790761,0.5905511811023622,1.0
ZNF264,0.15906287397586105,0.7874015748031497,1.0
ZNF805,-0.5639725525978001,0.5039370078740157,1.0
AC005261.4,-0.9006092129175447,0.14960629921259844,0.9923966216285223
AC005261.2,0.22364192601126565,0.6141732283464567,1.0
AC005261.5,0.7700732747773151,0.4330708661417323,1.0
ZNF543,0.5958383850814084,0.5275590551181102,1.0
ZNF304,-0.15023373840345933,0.8346456692913385,1.0
TRAPPC2B,0.3673557869154114,0.5511811023622047,1.0
ZNF548,-0.463892643567978,0.3779527559055118,0.9979787009382448
ZNF17,-0.3311356146753406,0.6929133858267716,1.0
ZNF419,0.2279032368113394,0.7795275590551181,1.0
ZNF773,-0.7795720739817091,0.3228346456692913,0.9923966216285223
ZNF549,-0.6917195137292811,0.4409448818897638,1.0
ZNF550,0.07607998004707106,0.9606299212598425,1.0
ZIK1,-0.5785122306596562,0.3937007874015748,1.0
ZNF134,0.13850652375566286,0.8346456692913385,1.0
ZNF211,-0.5646968681791691,0.7244094488188977,1.0
ZNF551,-0.7067023931892615,0.23622047244094488,0.9923966216285223
ZNF154,0.5474313045536521,0.6614173228346457,1.0
ZNF671,0.43332009045137365,0.30708661417322836,0.9923966216285223
ZNF776,-0.6468060285427999,0.33070866141732286,0.9923966216285223
ZNF586,-0.004849650227678026,1.0,1.0
ZNF552,-0.053239542197394574,0.952755905511811,1.0
ZNF587B,0.04534724453083783,0.952755905511811,1.0
ZNF814,0.4965988540571211,0.29133858267716534,0.9923966216285223
ZNF587,0.8316650994218353,0.4015748031496063,1.0
AC010326.4,0.6603642025165788,0.36220472440944884,0.9923966216285223
ZNF417,1.0693919783291417,0.03937007874015748,0.9923966216285223
ZNF256,-1.2272342521431368,0.25984251968503935,0.9923966216285223
ZNF606,0.18919190534330577,0.7637795275590551,1.0
AC008969.1,-0.49019815261377353,0.5511811023622047,1.0
ZSCAN18,-0.26935999956654233,0.7874015748031497,1.0
ZNF329,0.7070623098609374,0.49606299212598426,1.0
ZNF274,0.22337322286354633,0.8110236220472441,1.0
ZNF544,0.48119450527628604,0.7165354330708661,1.0
AC020915.4,-0.027244944893550116,0.9448818897637795,1.0
ZNF8,-1.088414258590323,0.28346456692913385,0.9923966216285223
ERVK3-1,0.14186354089341435,0.8031496062992126,1.0
ZSCAN22,-0.3825204545335261,0.6456692913385826,1.0
RPS5,-0.062181238660595994,0.7874015748031497,1.0
ZNF584,-1.9413047569461424,0.031496062992125984,0.9923966216285223
ZNF324,-1.1794330256010226,0.33858267716535434,0.9923966216285223
SLC27A5,0.5363567179246531,0.5039370078740157,1.0
ZBTB45,-0.7467383419849498,0.48031496062992124,1.0
TRIM28,-0.2688776160135795,0.7637795275590551,1.0
CHMP2A,0.48027880685189484,0.31496062992125984,0.9923966216285223
UBE2M,-0.250709887227897,0.8267716535433071,1.0
MZF1-AS1,0.5367854045474356,0.5984251968503937,1.0
MZF1,-0.35558841329475177,0.8110236220472441,1.0
CENPBD1P1,0.029434622708629732,0.9291338582677166,1.0
RPS4Y1,-0.9577696488956056,0.6850393700787402,1.0
ZFY,-0.49029513834917005,0.84251968503937,1.0
VDAC1P6,0.5389309092658987,0.49606299212598426,1.0
EIF4A1P2,0.3413771171286992,0.4330708661417323,1.0
PRKY,-0.8442280719675184,0.6062992125984252,1.0
TTTY15,-0.5946401217366644,0.7637795275590551,1.0
USP9Y,-0.680229015183967,0.6062992125984252,1.0
DDX3Y,-0.9379073896339047,0.6062992125984252,1.0
UTY,-0.7830688988046319,0.6062992125984252,1.0
PSMA6P1,-0.24107631030895416,0.7322834645669292,1.0
BCORP1,-0.6983686553187021,0.5275590551181102,1.0
TXLNGY,-0.6072307125587484,0.9212598425196851,1.0
AC010889.1,-0.3738182855158324,0.6850393700787402,1.0
KDM5D,-0.26709635437464385,1.0,1.0
EIF1AY,-0.6852856954952444,0.7637795275590551,1.0
IL17RA,-0.08717028282937189,0.7795275590551181,1.0
HDHD5,-0.34421263287492954,0.5748031496062992,1.0
ADA2,0.9744112221276806,0.015748031496062992,0.9923966216285223
ATP6V1E1,-0.044550190675662904,0.8267716535433071,1.0
BCL2L13,-0.20718934139818757,0.7322834645669292,1.0
BID,0.013114977184336851,0.9763779527559056,1.0
LINC00528,-0.2919134290576979,0.7637795275590551,1.0
MICAL3,-0.09289719908820482,0.905511811023622,1.0
AC016027.1,-1.0860634091092862,0.28346456692913385,0.9923966216285223
PEX26,0.03358737176094895,0.8818897637795275,1.0
DGCR2,0.3912286539500931,0.5275590551181102,1.0
DGCR11,-0.7466554283028677,0.44881889763779526,1.0
ESS2,-0.018718292537787562,0.984251968503937,1.0
SLC25A1,0.3853990428833036,0.8110236220472441,1.0
HIRA,-0.5161234447560572,0.44881889763779526,1.0
C22orf39,-0.2348281220491466,0.5433070866141733,1.0
MRPL40,0.8134540556576422,0.15748031496062992,0.9923966216285223
UFD1,-0.2261555588646793,0.4330708661417323,1.0
CDC45,0.3448818342465345,0.6062992125984252,1.0
AC000089.1,-1.7363321059126497,0.047244094488188976,0.9923966216285223
RTL10,-0.2866066491079051,0.6220472440944882,1.0
TXNRD2,1.3680186576537006,0.16535433070866143,0.9923966216285223
COMT,0.702420038471864,0.2283464566929134,0.9923966216285223
TANGO2,1.1947253908115218,0.2125984251968504,0.9923966216285223
AC006547.1,-0.18493967929369326,0.8582677165354331,1.0
DGCR8,1.281343547686252,0.14173228346456693,0.9923966216285223
TRMT2A,-0.4248136353772276,0.7874015748031497,1.0
RANBP1,0.10363630515113265,0.8818897637795275,1.0
ZDHHC8,-0.498086802321942,0.6377952755905512,1.0
RTN4R,-0.5531579907162533,0.49606299212598426,1.0
DGCR6L,0.24070432374271444,0.8346456692913385,1.0
ZNF74,-0.19862862758402589,0.5905511811023622,1.0
KLHL22,0.4705005130774076,0.6377952755905512,1.0
MED15,0.5534331680790952,0.7165354330708661,1.0
PI4KA,0.39530744381470795,0.6141732283464567,1.0
SNAP29,0.3291801189025243,0.2204724409448819,0.9923966216285223
CRKL,-0.32862985107778986,0.25984251968503935,0.9923966216285223
LZTR1,-0.28080621036198394,0.84251968503937,1.0
THAP7,-0.6577769853279065,0.49606299212598426,1.0
HIC2,-0.6742492260920772,0.5748031496062992,1.0
PI4KAP2,-0.34222168127150865,0.6535433070866141,1.0
UBE2L3,0.10982866886437481,0.5433070866141733,1.0
YDJC,-0.18880319258707257,0.7244094488188977,1.0
SDF2L1,1.3523311169400154,0.1889763779527559,0.9923966216285223
PPIL2,0.6507192374778776,0.4566929133858268,1.0
YPEL1,-0.8062739133776269,0.2440944881889764,0.9923966216285223
MAPK1,-0.444460067760132,0.23622047244094488,0.9923966216285223
PPM1F,-0.893139473478147,0.1968503937007874,0.9923966216285223
IGLV6-57,1.1887456457490215,0.2440944881889764,0.9923966216285223
AC245060.5,0.10702827313961794,0.984251968503937,1.0
AC245060.4,0.4353507767400169,0.48031496062992124,1.0
IGLV1-51,2.0779928408119996,0.3858267716535433,1.0
IGLV1-47,1.4446824785548253,0.29133858267716534,0.9923966216285223
IGLV7-46,1.296796281781508,0.4881889763779528,1.0
IGLV1-44,2.999225411295429,0.23622047244094488,0.9923966216285223
ZNF280B,0.044158750441212646,0.952755905511811,1.0
IGLV2-23,2.9004962009434054,0.1968503937007874,0.9923966216285223
IGLV3-21,3.2992824798045413,0.2125984251968504,0.9923966216285223
IGLV3-19,2.176971591899242,0.1732283464566929,0.9923966216285223
IGLV2-14,2.306498494947369,0.29133858267716534,0.9923966216285223
IGLV2-11,1.9345513975041497,0.5669291338582677,1.0
IGLV2-8,0.29195805472227854,0.84251968503937,1.0
IGLV3-1,1.5030968658840036,0.4094488188976378,1.0
IGLL5,1.9270117193160408,0.2125984251968504,0.9923966216285223
IGLC2,5.777716114664052,0.023622047244094488,0.9923966216285223
IGLC3,4.479632529765034,0.09448818897637795,0.9923966216285223
IGLC7,2.199433764784497,0.7244094488188977,1.0
AC245054.2,-0.06478543070366793,0.9763779527559056,1.0
GNAZ,-1.0983115639345482,0.11811023622047244,0.9923966216285223
BCR,-0.3771418848997281,0.6299212598425197,1.0
RGL4,0.1618625985574753,0.8503937007874016,1.0
ZNF70,-0.4791059515595778,0.4645669291338583,1.0
CHCHD10,0.3066237564657248,0.6850393700787402,1.0
SMARCB1,-0.4056690436842816,0.7795275590551181,1.0
DERL3,4.4573695254943875,0.03937007874015748,0.9923966216285223
SLC2A11,-0.17905031884866807,0.937007874015748,1.0
CABIN1,0.6055720531294035,0.4645669291338583,1.0
SPECC1L,0.3275643607850731,0.6456692913385826,1.0
GUCD1,0.7410021566487641,0.14960629921259844,0.9923966216285223
SNRPD3,0.004668040567546328,0.984251968503937,1.0
GGT1,0.27338416210962024,0.7952755905511811,1.0
KIAA1671,0.41091658575631573,0.4645669291338583,1.0
LRP5L,0.2059674191683336,0.6929133858267716,1.0
CRYBB2P1,0.6789247840443546,0.18110236220472442,0.9923966216285223
GRK3,0.5213876344614126,0.5590551181102362,1.0
HPS4,-0.10551953827949667,0.8188976377952756,1.0
SRRD,-0.8570744374795125,0.3464566929133858,0.9923966216285223
TFIP11,-0.06956491210737603,0.905511811023622,1.0
TPST2,0.6629957276960887,0.07874015748031496,0.9923966216285223
HMGB1P10,-0.7925044582637768,0.3779527559055118,0.9979787009382448
MIAT,0.5275261813016741,0.3464566929133858,0.9923966216285223
MIATNB,-0.1500770918828218,0.7322834645669292,1.0
MN1,-0.25471553613762365,0.7322834645669292,1.0
PITPNB,-0.17033361080171705,0.4251968503937008,1.0
TTC28-AS1,-0.576403823809112,0.6299212598425197,1.0
CHEK2,-0.5524263312234821,0.6220472440944882,1.0
HSCB,1.0697738249547566,0.11023622047244094,0.9923966216285223
CCDC117,0.3493926371704337,0.3700787401574803,0.9923966216285223
XBP1,1.5666543688759385,0.05511811023622047,0.9923966216285223
Z93930.2,-0.6639642675029136,0.5275590551181102,1.0
RHBDD3,0.32534470979393193,0.7244094488188977,1.0
EWSR1,-0.22368675288991646,0.2755905511811024,0.9923966216285223
GAS2L1,1.0305629384011292,0.08661417322834646,0.9923966216285223
AP1B1,0.6235422807794055,0.3937007874015748,1.0
NEFH,-2.1447031447507108,0.14960629921259844,0.9923966216285223
THOC5,-0.14155469002116128,0.9606299212598425,1.0
NIPSNAP1,-0.7669936729403739,0.1732283464566929,0.9923966216285223
NF2,0.8073400495392269,0.2677165354330709,0.9923966216285223
UQCR10,-0.1117490301471209,0.7952755905511811,1.0
ASCC2,0.3633719738007395,0.2992125984251969,0.9923966216285223
MTMR3,-1.5705537552942013,0.12598425196850394,0.9923966216285223
AC003681.1,-0.14840287115521233,0.8110236220472441,1.0
LIF,1.7144528419813758,0.07086614173228346,0.9923966216285223
OSM,0.1726077211628203,0.7480314960629921,1.0
TBC1D10A,0.9713226419615575,0.3858267716535433,1.0
SF3A1,-0.3707049524074941,0.1732283464566929,0.9923966216285223
CCDC157,0.06497454877519981,0.8582677165354331,1.0
RNF215,0.16118385384453138,0.8031496062992126,1.0
AC004832.6,-0.8556281304132254,0.3779527559055118,0.9979787009382448
PES1,-1.0301535263034,0.3543307086614173,0.9923966216285223
SLC35E4,0.5016390184874477,0.5748031496062992,1.0
DUSP18,-0.05453770998230789,0.968503937007874,1.0
OSBP2,0.6853535112344569,0.33858267716535434,0.9923966216285223
MORC2,0.4497430645752445,0.5354330708661418,1.0
TUG1,-0.16969921767562468,0.5590551181102362,1.0
SMTN,0.3807645188653306,0.7165354330708661,1.0
SELENOM,-0.1913515864558626,0.9291338582677166,1.0
RNF185,0.6866072544976745,0.07874015748031496,0.9923966216285223
LIMK2,-0.38960888883363065,0.5039370078740157,1.0
PIK3IP1,-0.6645482218991408,0.05511811023622047,0.9923966216285223
PATZ1,-0.38917709538923173,0.5039370078740157,1.0
DRG1,0.12375221063973196,0.4645669291338583,1.0
EIF4ENIF1,-0.03756058985832755,0.9291338582677166,1.0
SFI1,-0.6525819704240519,0.4566929133858268,1.0
PISD,-0.11042133114293762,0.7165354330708661,1.0
PRR14L,-0.17301733448203738,0.6771653543307087,1.0
DEPDC5,0.06967279353089983,0.8346456692913385,1.0
YWHAH,-0.06170950977369838,0.9291338582677166,1.0
Z74021.1,-0.5258046475322979,0.1889763779527559,0.9923966216285223
RTCB,0.22501108133935155,0.4330708661417323,1.0
FBXO7,-0.23105594794154438,0.4094488188976378,1.0
HMGXB4,0.697906555822323,0.25196850393700787,0.9923966216285223
TOM1,-0.4148958934083389,0.6377952755905512,1.0
HMOX1,0.7430551029755346,0.30708661417322836,0.9923966216285223
MCM5,0.32226182659301905,0.6456692913385826,1.0
APOL6,-0.27816129569152626,0.5590551181102362,1.0
RBFOX2,-1.3804367394828354,0.08661417322834646,0.9923966216285223
APOL3,-0.7036207260801328,0.2125984251968504,0.9923966216285223
APOL2,-0.010553416168780139,0.984251968503937,1.0
APOL1,0.6525279491014362,0.4251968503937008,1.0
MYH9,-0.04249957448243791,0.8582677165354331,1.0
RPS15AP38,-0.12200941118089226,0.5748031496062992,1.0
TXN2,0.07604053520466092,0.6850393700787402,1.0
FOXRED2,-0.3965965163625853,0.7165354330708661,1.0
EIF3D,0.13019743122371974,0.6062992125984252,1.0
IFT27,0.5232331294464965,0.7086614173228346,1.0
NCF4,1.366874250543249,0.16535433070866143,0.9923966216285223
CSF2RB,2.9615066231015446,0.07086614173228346,0.9923966216285223
TST,2.4564547136616746,0.031496062992125984,0.9923966216285223
MPST,0.6453678805962149,0.6456692913385826,1.0
KCTD17,0.2951436241023728,0.8976377952755905,1.0
IL2RB,0.08871933069326232,0.7086614173228346,1.0
C1QTNF6,-1.3296641258516253,0.15748031496062992,0.9923966216285223
SSTR3,1.122863501177691,0.29133858267716534,0.9923966216285223
RAC2,0.22070852180450373,0.2440944881889764,0.9923966216285223
CYTH4,0.4937311515575393,0.16535433070866143,0.9923966216285223
MFNG,0.26213339965567517,0.41732283464566927,1.0
GGA1,-0.1315215919274948,0.7244094488188977,1.0
SH3BP1,0.33156954811994677,0.6299212598425197,1.0
LGALS1,0.6863604621523685,0.49606299212598426,1.0
TRIOBP,-0.15926403927277466,0.7716535433070866,1.0
H1F0,0.916005779296849,0.2125984251968504,0.9923966216285223
ANKRD54,-0.039227697703496656,0.9133858267716536,1.0
EIF3L,-0.4683281121748699,0.6062992125984252,1.0
MICALL1,0.6052086252894235,0.10236220472440945,0.9923966216285223
AL031587.6,0.34035078584382306,0.7086614173228346,1.0
PLA2G6,-0.6720380256582392,0.5748031496062992,1.0
MAFF,-0.9008879965886782,0.2125984251968504,0.9923966216285223
TMEM184B,0.7365398680598538,0.14173228346456693,0.9923966216285223
CSNK1E,0.40450887713192785,0.25196850393700787,0.9923966216285223
DDX17,0.049022672329876116,0.6929133858267716,1.0
DMC1,-0.7970960095085657,0.5748031496062992,1.0
CBY1,0.04022708124217278,0.9448818897637795,1.0
TOMM22,0.34414397312960965,0.2755905511811024,0.9923966216285223
JOSD1,-0.3643801513455358,0.5905511811023622,1.0
GTPBP1,-0.09124034813405224,0.889763779527559,1.0
SUN2,-0.7282942519994167,0.5905511811023622,1.0
AL021707.8,-0.40224513424696706,0.5196850393700787,1.0
AL021707.6,0.24646019946216224,0.7795275590551181,1.0
DNAL4,0.26862764987765053,0.6850393700787402,1.0
NPTXR,-0.8273846889492955,0.47244094488188976,1.0
CBX6,0.06297908968425858,0.8503937007874016,1.0
APOBEC3C,0.6385340957543537,0.11023622047244094,0.9923966216285223
APOBEC3F,2.2656588004076372,0.015748031496062992,0.9923966216285223
APOBEC3G,0.7928534886596417,0.06299212598425197,0.9923966216285223
AL031846.1,0.7328770150738797,0.5984251968503937,1.0
APOBEC3H,0.9939040873821687,0.16535433070866143,0.9923966216285223
CBX7,-0.2250447048548727,0.5669291338582677,1.0
PDGFB,-1.51673721137945,0.18110236220472442,0.9923966216285223
RPL3,-0.44224595621523033,0.14173228346456693,0.9923966216285223
SYNGR1,0.9637587732427848,0.2125984251968504,0.9923966216285223
TAB1,0.1625098477867013,0.7480314960629921,1.0
MGAT3,1.8205048319656463,0.07874015748031496,0.9923966216285223
MIEF1,0.5014238427121027,0.41732283464566927,1.0
ATF4,0.1858923438369171,0.6771653543307087,1.0
RPS19BP1,0.4849973761263353,0.3937007874015748,1.0
GRAP2,-0.08694177159254934,0.889763779527559,1.0
Z82206.1,1.3997318132753633,0.11811023622047244,0.9923966216285223
TNRC6B,-0.1839517239227897,0.4645669291338583,1.0
ADSL,0.934253291251756,0.25196850393700787,0.9923966216285223
MKL1,-0.5916020592962763,0.5196850393700787,1.0
SLC25A17,0.2730047691133528,0.48031496062992124,1.0
ST13,-0.4269956026858557,0.03937007874015748,0.9923966216285223
XPNPEP3,0.1968352938306328,0.7795275590551181,1.0
RBX1,0.06568737081900711,0.8110236220472441,1.0
AL080243.2,-0.14576722141834786,0.937007874015748,1.0
EP300,0.01929205426062275,0.9448818897637795,1.0
L3MBTL2,0.005058690235333785,0.9763779527559056,1.0
RANGAP1,-0.15587333009292248,0.8188976377952756,1.0
ZC3H7B,-0.2791494174911904,0.6535433070866141,1.0
TEF,-0.8872866817063483,0.4330708661417323,1.0
TOB2,-0.20884590632186928,0.7559055118110236,1.0
PHF5A,0.09956663010869127,0.8188976377952756,1.0
ACO2,0.6352642014457537,0.5118110236220472,1.0
POLR3H,-0.17635802324536254,0.8110236220472441,1.0
PMM1,0.4743308238639474,0.25984251968503935,0.9923966216285223
DESI1,0.6312172765824462,0.15748031496062992,0.9923966216285223
XRCC6,-0.1788007838749932,0.5748031496062992,1.0
SNU13,-0.13264477943183284,0.4015748031496063,1.0
C22orf46,0.0003988973658235473,1.0,1.0
MEI1,0.6490622102793386,0.2204724409448819,0.9923966216285223
AL021453.1,0.09524779944494277,0.8503937007874016,1.0
SREBF2,-0.30877065875986176,0.4645669291338583,1.0
TNFRSF13C,0.5441361146207426,0.6220472440944882,1.0
CENPM,-0.7804662136390923,0.29133858267716534,0.9923966216285223
SEPT3,1.992767893461691,0.023622047244094488,0.9923966216285223
NAGA,0.16443072611681053,0.9212598425196851,1.0
SMDT1,0.047937121088226675,0.8031496062992126,1.0
NDUFA6,0.6254036014518576,0.06299212598425197,0.9923966216285223
OLA1P1,-0.1229404585114029,0.889763779527559,1.0
TCF20,-0.0956299339076816,0.6929133858267716,1.0
RRP7A,-0.5235333477450803,0.12598425196850394,0.9923966216285223
SERHL2,-0.799147794283417,0.29133858267716534,0.9923966216285223
POLDIP3,-0.06237659826422526,0.8503937007874016,1.0
Z93241.1,0.4244549236594337,0.6299212598425197,1.0
CYB5R3,0.05708549608615243,0.9133858267716536,1.0
ATP5L2,-0.7351482624406387,0.49606299212598426,1.0
RPL5P34,-0.2234795347496803,0.6299212598425197,1.0
ARFGAP3,0.42298305709650386,0.2755905511811024,0.9923966216285223
PACSIN2,0.43354535146574946,0.5826771653543307,1.0
TTLL1,0.26385012931963336,0.7716535433070866,1.0
BIK,0.7870613729840068,0.5748031496062992,1.0
MCAT,-0.6420657139541404,0.5118110236220472,1.0
TSPO,0.6671672133984634,0.5118110236220472,1.0
TTLL12,-0.21935862125264238,0.8031496062992126,1.0
SAMM50,-0.05803245126672607,0.8740157480314961,1.0
AL035398.1,-0.6440397410313441,0.1889763779527559,0.9923966216285223
PARVB,0.4709839640710758,0.5196850393700787,1.0
PARVG,-0.048488598093952895,0.9291338582677166,1.0
AL031595.2,-0.7560906765706183,0.4409448818897638,1.0
RTL6,0.23143571076460923,0.8110236220472441,1.0
PRR5,-0.5541768946513002,0.6614173228346457,1.0
NUP50-AS1,-0.8612737794048679,0.25984251968503935,0.9923966216285223
NUP50,0.15354010445117527,0.5196850393700787,1.0
KIAA0930,1.1337632476054118,0.023622047244094488,0.9923966216285223
FAM118A,0.15246988258038208,0.8110236220472441,1.0
FBLN1,-0.44002550831956855,0.6850393700787402,1.0
Z95331.1,-0.6752080056345512,0.4330708661417323,1.0
ATXN10,0.057285873604392634,0.7559055118110236,1.0
PRR34-AS1,-0.9211630181285972,0.14960629921259844,0.9923966216285223
PPARA,0.6528908334959009,0.09448818897637795,0.9923966216285223
CDPF1,-1.042134164347921,0.3700787401574803,0.9923966216285223
TTC38,0.4966224994058672,0.44881889763779526,1.0
GTSE1,0.7340730625254954,0.33070866141732286,0.9923966216285223
TRMU,0.2746763149260514,0.7086614173228346,1.0
GRAMD4,-0.28082946556713306,0.1889763779527559,0.9923966216285223
CERK,-0.43077336104905406,0.11811023622047244,0.9923966216285223
AL118516.1,-0.719588077902185,0.3858267716535433,1.0
TBC1D22A,-0.8792303709543754,0.2283464566929134,0.9923966216285223
BRD1,-0.18166249639736165,0.4645669291338583,1.0
ZBED4,-0.4006282147733655,0.2755905511811024,0.9923966216285223
CRELD2,1.491150593573404,0.03937007874015748,0.9923966216285223
PIM3,0.0034451519932403585,1.0,1.0
TRABD,-0.029104206505453867,0.9921259842519685,1.0
SELENOO,-0.7374465192140438,0.5511811023622047,1.0
TUBGCP6,-0.10272771835693018,0.9212598425196851,1.0
HDAC10,0.7025913826450232,0.6456692913385826,1.0
MAPK11,0.15763463405302813,0.7952755905511811,1.0
PLXNB2,1.5637641237244713,0.1732283464566929,0.9923966216285223
DENND6B,1.6938377522005013,0.33070866141732286,0.9923966216285223
PPP6R2,0.7846402818352187,0.3228346456692913,0.9923966216285223
SBF1,0.7540674547780735,0.6535433070866141,1.0
ADM2,1.1206410252563552,0.3228346456692913,0.9923966216285223
LMF2,0.7742313076703056,0.4330708661417323,1.0
NCAPH2,0.10121817258198451,0.9448818897637795,1.0
SCO2,0.4590195407995168,0.33070866141732286,0.9923966216285223
U62317.3,-0.4811138918073459,0.5748031496062992,1.0
TYMP,1.0950731827558378,0.07086614173228346,0.9923966216285223
ODF3B,0.5893182689718859,0.5748031496062992,1.0
KLHDC7B,-0.14834789299999507,0.8582677165354331,1.0
ARSA,0.0438960474717871,0.9448818897637795,1.0
SHANK3,2.0434146821299275,0.06299212598425197,0.9923966216285223
AC002056.1,0.708008275266504,0.33858267716535434,0.9923966216285223
RPL23AP82,0.600580545965008,0.4330708661417323,1.0
RABL2B,0.2732429104419083,0.36220472440944884,0.9923966216285223
FP565260.1,-1.9844348507067644,0.023622047244094488,0.9923966216285223
FP565260.7,-0.006151071467286773,0.984251968503937,1.0
CU639417.1,0.22257146670335537,0.952755905511811,1.0
ANKRD20A11P,-0.9618348821914442,0.2992125984251969,0.9923966216285223
HSPA13,0.51878974236089,0.3543307086614173,0.9923966216285223
SAMSN1,-0.12407418021878858,0.8188976377952756,1.0
NRIP1,-1.6251410513072226,0.03937007874015748,0.9923966216285223
USP25,-0.5836049498553395,0.14960629921259844,0.9923966216285223
BTG3,0.45634432121744695,0.06299212598425197,0.9923966216285223
C21orf91,-0.017672719193138953,0.9448818897637795,1.0
PPIAP22,-0.11389993144674193,0.5433070866141733,1.0
AP000568.1,-1.243921322997433,0.1889763779527559,0.9923966216285223
LINC01684,-0.11565052450395918,0.9291338582677166,1.0
RPL13AP7,-0.26085555655358794,0.7480314960629921,1.0
MIR155HG,0.15274183331670876,0.8582677165354331,1.0
MRPL39,-0.9154003621686373,0.15748031496062992,0.9923966216285223
JAM2,1.5617488598891,0.03937007874015748,0.9923966216285223
ATP5J,0.5177113122637609,0.18110236220472442,0.9923966216285223
GABPA,0.22567640158712354,0.30708661417322836,0.9923966216285223
APP,0.2105845971708611,0.5826771653543307,1.0
ADAMTS1,-0.5640294233488734,0.6220472440944882,1.0
N6AMT1,0.10841755276080689,0.8346456692913385,1.0
LTN1,0.008476233631305341,0.984251968503937,1.0
RWDD2B,0.58253258259675,0.1732283464566929,0.9923966216285223
USP16,-0.06825483476406369,0.8267716535433071,1.0
CCT8,-0.03709564565993251,0.9212598425196851,1.0
MAP3K7CL,0.1810778551173211,0.8740157480314961,1.0
BACH1,0.6934279402236285,0.4330708661417323,1.0
AP000240.1,1.8116134854066264,0.06299212598425197,0.9923966216285223
TIAM1,1.691978251313285,0.1732283464566929,0.9923966216285223
SOD1,0.05787812167555906,0.8188976377952756,1.0
AP000254.1,-0.652909225054942,0.4330708661417323,1.0
SCAF4,0.19249365907721394,0.5826771653543307,1.0
MIS18A,-0.08796182379896589,0.8582677165354331,1.0
URB1,0.1654462996969488,0.6692913385826772,1.0
URB1-AS1,0.2926552102310995,0.7874015748031497,1.0
EVA1C,-1.9241359441369539,0.023622047244094488,0.9923966216285223
C21orf59,-0.2816110380595114,0.5748031496062992,1.0
SYNJ1,-0.044250673748289504,0.9291338582677166,1.0
PAXBP1,-0.5340248904404783,0.13385826771653545,0.9923966216285223
IFNAR2,0.21174352339986502,0.6535433070866141,1.0
IL10RB,0.03938626994387473,0.905511811023622,1.0
IFNAR1,0.48207025760926214,0.07086614173228346,0.9923966216285223
IFNGR2,2.2410714747849134,0.07086614173228346,0.9923966216285223
TMEM50B,-0.20958702399294804,0.44881889763779526,1.0
GART,0.0122991358555824,0.984251968503937,1.0
SON,-0.16130927787619775,0.5039370078740157,1.0
DONSON,-0.0831947125343735,0.8582677165354331,1.0
CRYZL1,0.5355815357322262,0.7244094488188977,1.0
ATP5O,0.23527074967433403,0.4645669291338583,1.0
LINC00649,0.19229819718994712,0.6535433070866141,1.0
MRPS6,0.11437146261789177,0.7322834645669292,1.0
SLC5A3,0.36731702549715983,0.3228346456692913,0.9923966216285223
RCAN1,0.5894879801043409,0.23622047244094488,0.9923966216285223
RUNX1,-0.35859075011654795,0.3228346456692913,0.9923966216285223
SETD4,-0.4490740271143836,0.6535433070866141,1.0
CBR1,-0.741233078322328,0.5433070866141733,1.0
MEMO1P1,-0.28732404366091724,0.7637795275590551,1.0
DOPEY2,0.5451618732386732,0.2755905511811024,0.9923966216285223
MORC3,-0.33515882935739594,0.25196850393700787,0.9923966216285223
CHAF1B,0.8904825243174685,0.13385826771653545,0.9923966216285223
HLCS,0.14291856181481633,0.7637795275590551,1.0
PIGP,0.2836783915034573,0.44881889763779526,1.0
TTC3,-0.2675543260535438,0.16535433070866143,0.9923966216285223
DSCR3,-0.3172736087337107,0.3779527559055118,0.9979787009382448
DYRK1A,-0.05260441530981819,0.6929133858267716,1.0
ETS2,-0.28215402167881054,0.6692913385826772,1.0
PSMG1,-0.5452909931181251,0.49606299212598426,1.0
BRWD1,-0.16133007274349076,0.5590551181102362,1.0
HMGN1,-0.08379682100273378,0.8346456692913385,1.0
WRB,-1.3566410355859122,0.25984251968503935,0.9923966216285223
SH3BGR,0.30517395768075817,0.7401574803149606,1.0
BACE2,0.39447659501250754,0.6220472440944882,1.0
MX2,-0.3673784156238895,0.2992125984251969,0.9923966216285223
MX1,0.4591713673669924,0.44881889763779526,1.0
PRDM15,1.2934260988526072,0.03937007874015748,0.9923966216285223
C2CD2,-0.5434321257726327,0.5984251968503937,1.0
ZBTB21,-0.5125248120201711,0.2047244094488189,0.9923966216285223
ABCG1,1.033469492313114,0.07086614173228346,0.9923966216285223
TMPRSS3,0.7718875051689672,0.5669291338582677,1.0
UBASH3A,0.31413291029892143,0.6929133858267716,1.0
SLC37A1,0.8732655728003116,0.2992125984251969,0.9923966216285223
WDR4,0.08697617243188827,0.984251968503937,1.0
NDUFV3,1.0305437753869233,0.5275590551181102,1.0
PKNOX1,-0.4420390395726237,0.2047244094488189,0.9923966216285223
U2AF1,-0.9734752040894734,0.31496062992125984,0.9923966216285223
RRP1B,-0.5637383842198016,0.015748031496062992,0.9923966216285223
PDXK,0.5488027602074403,0.41732283464566927,1.0
CSTB,0.3420440575808552,0.3700787401574803,0.9923966216285223
RRP1,0.9181300800730852,0.25984251968503935,0.9923966216285223
AGPAT3,0.04168172710914675,0.9212598425196851,1.0
TRAPPC10,-0.2826351995019367,0.6692913385826772,1.0
PWP2,0.3190392915144644,0.6220472440944882,1.0
PFKL,-0.8450422523842054,0.33858267716535434,0.9923966216285223
AP001062.1,-0.09487358647860722,0.889763779527559,1.0
UBE2G2,-0.045962257617135904,0.9606299212598425,1.0
SUMO3,-0.20207713367830582,0.5748031496062992,1.0
PTTG1IP,0.17323325177850002,0.47244094488188976,1.0
ITGB2,-0.22847182239512343,0.4881889763779528,1.0
ITGB2-AS1,-0.2979341813243259,0.5984251968503937,1.0
AP001505.2,1.4924060448798417,0.16535433070866143,0.9923966216285223
SSR4P1,0.6999629529573569,0.48031496062992124,1.0
ADARB1,-0.7648783183221308,0.1732283464566929,0.9923966216285223
POFUT2,0.4830376973639896,0.33858267716535434,0.9923966216285223
LINC00205,-0.7808612579182803,0.3779527559055118,0.9979787009382448
SLC19A1,-0.3286621932070619,0.6771653543307087,1.0
COL6A1,-0.42353846222525293,0.8503937007874016,1.0
COL6A2,1.042544161648764,0.47244094488188976,1.0
LSS,-1.158519973264413,0.18110236220472442,0.9923966216285223
MCM3AP-AS1,-0.01714936970572256,1.0,1.0
MCM3AP,-0.8460086657529566,0.1732283464566929,0.9923966216285223
YBEY,0.24247046671580996,0.889763779527559,1.0
C21orf58,0.8554918452240972,0.18110236220472442,0.9923966216285223
PCNT,-0.10575786824507816,0.7165354330708661,1.0
DIP2A,-0.0009874571842232172,1.0,1.0
S100B,-0.22078060999729865,0.8267716535433071,1.0
PRMT2,-0.17751606460975466,0.4251968503937008,1.0
DSTNP1,-1.0987757863172414,0.23622047244094488,0.9923966216285223
MT-TF,-0.7856097789190462,0.5511811023622047,1.0
MT-RNR1,-0.1736251842056422,0.6141732283464567,1.0
MT-TV,-0.05643988934976285,0.937007874015748,1.0
MT-RNR2,-0.1631869972832387,0.2283464566929134,0.9923966216285223
MT-TL1,0.4016918725796854,0.5748031496062992,1.0
MT-ND1,-0.10924968483511321,0.5196850393700787,1.0
MT-ND2,-0.19354262118977417,0.3464566929133858,0.9923966216285223
MT-TY,0.37699586385883976,0.5984251968503937,1.0
MT-CO1,-0.0845837167314265,0.5748031496062992,1.0
MT-CO2,-0.19239617304822154,0.10236220472440945,0.9923966216285223
MT-ATP8,-0.07403929882370619,0.8031496062992126,1.0
MT-ATP6,-0.1105471521375776,0.33858267716535434,0.9923966216285223
MT-CO3,-0.22375990763862852,0.023622047244094488,0.9923966216285223
MT-ND3,-0.2622927196647975,0.25984251968503935,0.9923966216285223
MT-ND4L,-0.1737183366941455,0.3779527559055118,0.9979787009382448
MT-ND4,-0.11217766070215518,0.2992125984251969,0.9923966216285223
MT-ND5,0.01406345097183248,0.937007874015748,1.0
MT-ND6,-0.1460380514798274,0.2047244094488189,0.9923966216285223
MT-CYB,-0.08720541637721446,0.5039370078740157,1.0
MT-TP,-0.24351528706673164,0.6535433070866141,1.0
AC011043.1,0.6260120819581747,0.41732283464566927,1.0
AL592183.1,0.7698629580209988,0.4094488188976378,1.0
AC240274.1,-0.9811514524486136,0.33858267716535434,0.9923966216285223
