gene,log2FC,p_perm,FDR
CICP27,1.2463502691587398,0.3228346456692913,1.0
AL627309.7,-1.0468652960851141,0.5984251968503937,1.0
MTND1P23,0.6076051962136335,0.7637795275590551,1.0
MTND2P28,-1.959753737949451,0.2283464566929134,1.0
MTCO1P12,0.3112959666750392,0.8582677165354331,1.0
MTCO2P12,-1.2432239641025764,0.3228346456692913,1.0
MTATP6P1,-0.3105142402473726,0.5826771653543307,1.0
MTCO3P12,-1.449429036763901,0.2755905511811024,1.0
AL669831.4,-0.06334385150969979,1.0,1.0
AL645608.8,0.05310259268407469,1.0,1.0
ISG15,-1.319076579755642,0.6692913385826772,1.0
SDF4,-0.6042616366758051,0.8818897637795275,1.0
B3GALT6,-0.4156481825560683,0.7637795275590551,1.0
UBE2J2,-0.4417958567352387,0.8346456692913385,1.0
ACAP3,-0.5472843850438247,0.6377952755905512,1.0
CPTP,1.2391755668155706,0.47244094488188976,1.0
MXRA8,-0.2879974685235267,0.84251968503937,1.0
AURKAIP1,-0.32163641824485323,0.9291338582677166,1.0
CCNL2,2.295898290134394,0.08661417322834646,1.0
MRPL20,-0.8053348263349513,0.6614173228346457,1.0
ANKRD65,2.0679148930967655,0.1732283464566929,1.0
VWA1,2.1177221270269717,0.1732283464566929,1.0
SSU72,0.7448160477915771,0.11811023622047244,1.0
AL691432.2,0.2691890659374092,1.0,1.0
MIB2,-1.1490706713696184,0.29133858267716534,1.0
CDK11B,-1.1931123605629526,0.4015748031496063,1.0
SLC35E2B,-1.7387758400325688,0.2283464566929134,1.0
NADK,-1.4019269079537553,0.08661417322834646,1.0
GNB1,-0.4952380525884834,0.3779527559055118,1.0
FAAP20,-1.2707038689011523,0.29133858267716534,1.0
SKI,-1.031265295985583,0.6850393700787402,1.0
RER1,0.19880680220853542,0.7637795275590551,1.0
PANK4,-0.7117346600904751,0.6062992125984252,1.0
TNFRSF14,0.14501080221811247,0.9212598425196851,1.0
FAM213B,0.3386938117526177,0.84251968503937,1.0
TPRG1L,-2.56583480780907,0.18110236220472442,1.0
WRAP73,0.04593122383134629,0.984251968503937,1.0
LRRC47,-0.8606102188566829,0.5511811023622047,1.0
CEP104,-1.0701049291545985,0.3700787401574803,1.0
C1orf174,-2.1036373586255044,0.09448818897637795,1.0
NPHP4,-0.6018219718632133,0.5905511811023622,1.0
KCNAB2,-2.1094518440291155,0.15748031496062992,1.0
RPL22,-0.7382380909620609,0.4881889763779528,1.0
ICMT,-1.0705401657374438,0.5669291338582677,1.0
ACOT7,-0.10154708188049777,1.0,1.0
NOL9,-0.3872577192312533,0.6062992125984252,1.0
KLHL21,-0.6728761028962653,0.5590551181102362,1.0
PHF13,-0.1685454769591197,0.952755905511811,1.0
CAMTA1,-0.5824446495631417,0.6929133858267716,1.0
VAMP3,0.3104856696637954,0.7952755905511811,1.0
UTS2,-1.8727450158118175,0.2440944881889764,1.0
TNFRSF9,0.6680285628261746,0.6692913385826772,1.0
PARK7,1.2342201460578286,0.4409448818897638,1.0
Y_RNA,-0.7313690288578396,0.937007874015748,1.0
RERE,-0.6068035123953219,0.4094488188976378,1.0
AL096855.1,-0.4915997637318562,0.6850393700787402,1.0
ENO1,0.7528660387672428,0.3779527559055118,1.0
SLC2A5,-1.7306635448560794,0.3464566929133858,1.0
GPR157,-0.08965035085791007,0.9448818897637795,1.0
H6PD,-0.11169602093985098,0.937007874015748,1.0
SPSB1,1.07649481107884,0.4330708661417323,1.0
PIK3CD,-1.2334325471875136,0.8110236220472441,1.0
PIK3CD-AS1,0.9261476825015785,0.44881889763779526,1.0
CLSTN1,1.4390646487058962,0.25984251968503935,1.0
CTNNBIP1,1.4171064554531116,0.5275590551181102,1.0
LZIC,-2.1550996629303296,0.05511811023622047,1.0
RBP7,-0.2758952312346139,0.968503937007874,1.0
UBE4B,-0.9700010646074615,0.6929133858267716,1.0
KIF1B,-0.019463047744233464,0.9763779527559056,1.0
PGD,-0.9651454892926079,0.2047244094488189,1.0
DFFA,-1.0367104790776918,0.3858267716535433,1.0
CASZ1,-0.20830440463280642,0.9212598425196851,1.0
TARDBP,0.040751592346239374,0.984251968503937,1.0
SRM,2.1210123676132495,0.18110236220472442,1.0
EXOSC10,-0.46775357706009646,0.84251968503937,1.0
MTOR,-1.6931087789700725,0.2125984251968504,1.0
FBXO44,-1.1621144299608752,0.2755905511811024,1.0
FBXO6,-2.4163012490679177,0.09448818897637795,1.0
MAD2L2,-1.2386577866422526,0.4094488188976378,1.0
AGTRAP,0.9331262917995868,0.7480314960629921,1.0
MTHFR,-2.107915281985426,0.13385826771653545,1.0
KIAA2013,-0.8713218184479126,0.5433070866141733,1.0
PLOD1,-0.044350128353450646,0.968503937007874,1.0
MFN2,1.6321784268955062,0.1968503937007874,1.0
MIIP,-0.05320694935709014,0.952755905511811,1.0
TNFRSF8,1.06552644485461,0.4094488188976378,1.0
TNFRSF1B,-0.7152657326078904,0.9606299212598425,1.0
VPS13D,1.0086115222056051,0.5511811023622047,1.0
PRDM2,-0.7483727821817672,0.25196850393700787,1.0
KAZN,-0.4999793371207111,0.7559055118110236,1.0
EFHD2,-0.5180087072826076,0.7874015748031497,1.0
CASP9,-1.2508483843725822,0.33858267716535434,1.0
DNAJC16,-0.7967419489374377,0.44881889763779526,1.0
DDI2,0.7368829471597298,0.4566929133858268,1.0
PLEKHM2,-1.4411887935675083,0.29133858267716534,1.0
UQCRHL,-0.11899500738648872,0.9212598425196851,1.0
AL450998.1,2.168147918663542,0.12598425196850394,1.0
FLJ37453,1.9277978911629023,0.07086614173228346,1.0
SPEN,-0.811680466017977,0.16535433070866143,1.0
ZBTB17,1.1881528715432152,0.29133858267716534,1.0
ANO7L1,0.6301568118711762,0.6850393700787402,1.0
FBXO42,-0.7658043422590821,0.5590551181102362,1.0
SZRD1,1.436254467512717,0.3858267716535433,1.0
NECAP2,-0.6982505353480519,0.12598425196850394,1.0
CROCCP2,-0.25569063539818115,0.8818897637795275,1.0
EIF1AXP1,-1.651612242161138,0.2283464566929134,1.0
SDHB,-0.8577605960383012,0.09448818897637795,1.0
PADI2,-1.6748417907144502,0.49606299212598426,1.0
PADI1,1.2999934302074192,0.8818897637795275,1.0
PADI4,-3.5713028282741544,0.18110236220472442,1.0
ARHGEF10L,1.0337832582843125,0.5590551181102362,1.0
IFFO2,0.3109544501253598,0.84251968503937,1.0
UBR4,-0.05910771414740523,0.9921259842519685,1.0
EMC1,-0.6679399463332611,0.5748031496062992,1.0
AKR7A2,0.8747745931293573,0.48031496062992124,1.0
PQLC2,-0.7830613120991627,0.5275590551181102,1.0
CAPZB,-0.06561976029572314,0.8976377952755905,1.0
MINOS1,0.33724078555230363,0.7165354330708661,1.0
AL031727.1,0.437119090581918,0.8346456692913385,1.0
NBL1,-0.48211959890634204,0.6062992125984252,1.0
OTUD3,0.997384192093555,0.4881889763779528,1.0
CAMK2N1,3.0378002992225173,0.05511811023622047,1.0
MUL1,-2.070348776503235,0.09448818897637795,1.0
CDA,-0.30416886483013705,0.8188976377952756,1.0
DDOST,0.21078987068719712,0.8582677165354331,1.0
HP1BP3,-0.2971324829912234,0.5511811023622047,1.0
EIF4G3,-0.8264152515008396,0.7952755905511811,1.0
ECE1,-0.6001959945182236,0.9763779527559056,1.0
AL031728.1,1.2526141940655506,0.33070866141732286,1.0
ALPL,1.5204143159610233,0.5590551181102362,1.0
USP48,-0.14117157021800697,0.84251968503937,1.0
CDC42,-0.3860356627327075,0.3937007874015748,1.0
ZBTB40,0.18308344648294583,0.9212598425196851,1.0
C1QC,0.14174408233813485,0.9212598425196851,1.0
KDM1A,-0.9327861660271739,0.3700787401574803,1.0
LUZP1,-0.5427279374691292,0.6850393700787402,1.0
HNRNPR,1.5815450118662708,0.3858267716535433,1.0
E2F2,0.03983531536489027,1.0,1.0
ID3,-0.6008368413167036,0.7637795275590551,1.0
RPL11,-0.4154290469132924,0.5905511811023622,1.0
ELOA,-0.55894871947781,0.7637795275590551,1.0
PITHD1,1.2854597396379477,0.4251968503937008,1.0
LYPLA2,1.0543956533728038,0.41732283464566927,1.0
FUCA1,0.14103244858519548,0.968503937007874,1.0
PNRC2,-2.695338660358318,0.1889763779527559,1.0
SRSF10,0.3123925735230175,0.6850393700787402,1.0
NIPAL3,1.2349384921677902,0.4330708661417323,1.0
RCAN3,-0.7422426316369659,0.6062992125984252,1.0
SRRM1,-1.1334688710224583,0.03937007874015748,1.0
CLIC4,1.0374572014944925,0.4251968503937008,1.0
RUNX3,-1.3549969026826965,0.3779527559055118,1.0
SYF2,-0.35320605078235,0.31496062992125984,1.0
RSRP1,-1.137555410322042,0.11023622047244094,1.0
TMEM50A,0.07380904912935637,0.8346456692913385,1.0
TMEM57,-0.08704803879100087,0.905511811023622,1.0
LDLRAP1,-1.2327753481507648,0.4094488188976378,1.0
MAN1C1,0.517038018263221,0.6850393700787402,1.0
MTFR1L,-0.8204300158031697,0.4645669291338583,1.0
PAQR7,-1.2223303276951727,0.29133858267716534,1.0
STMN1,-1.167639559295575,0.5275590551181102,1.0
PDIK1L,2.1689657249668985,0.09448818897637795,1.0
CEP85,-0.34378672397948185,0.6850393700787402,1.0
SH3BGRL3,-0.94626790013226,0.29133858267716534,1.0
CD52,-0.5336338118005628,0.8818897637795275,1.0
DHDDS,0.09244753836593667,0.9606299212598425,1.0
HMGN2,-2.4561435244041543,0.11811023622047244,1.0
RPS6KA1,-0.8160462710041863,0.8346456692913385,1.0
ARID1A,-0.2830646343447141,0.3228346456692913,1.0
ZDHHC18,0.04875830861637809,0.968503937007874,1.0
SFN,1.220313460468101,0.48031496062992124,1.0
NUDC,1.0992025625709956,0.4015748031496063,1.0
KDF1,1.3698588906384839,0.3700787401574803,1.0
FAM46B,2.1333603015430898,0.29133858267716534,1.0
SLC9A1,1.2371369289407825,0.3779527559055118,1.0
NPM1P39,-0.9773202510213714,0.4094488188976378,1.0
WDTC1,-1.9119220372382655,0.1968503937007874,1.0
TMEM222,-1.1786744163889125,0.4645669291338583,1.0
SYTL1,0.24673568688209713,0.7952755905511811,1.0
GPR3,-1.6753923124311545,0.09448818897637795,1.0
WASF2,-0.24885290325789544,0.7637795275590551,1.0
AHDC1,0.7412806561780021,0.5905511811023622,1.0
FGR,-0.8863938303598182,0.6456692913385826,1.0
AL031729.1,-1.0560778634318144,0.29133858267716534,1.0
IFI6,-0.24812774031458407,0.8818897637795275,1.0
AL020997.1,0.02421861134522052,1.0,1.0
STX12,1.202463368237015,0.07874015748031496,1.0
PPP1R8,-0.35063885279781837,0.8110236220472441,1.0
THEMIS2,0.03990209746512541,0.9606299212598425,1.0
RPA2,0.5591358281901968,0.4409448818897638,1.0
XKR8,0.8906159674410583,0.7086614173228346,1.0
EYA3,-2.268630603194506,0.07086614173228346,1.0
SPCS2P4,0.5740249839535947,0.7086614173228346,1.0
PTAFR,-1.4934637539519517,0.7559055118110236,1.0
DNAJC8,0.9108516961785336,0.25196850393700787,1.0
ATPIF1,-1.4554239183435556,0.47244094488188976,1.0
SESN2,1.9755177044219803,0.07874015748031496,1.0
MED18,1.170302347289502,0.30708661417322836,1.0
PHACTR4,-0.7880017629013443,0.44881889763779526,1.0
SNHG3,-0.19090368971728422,0.7480314960629921,1.0
TRNAU1AP,-0.9062342470063887,0.5590551181102362,1.0
SNHG12,-1.751406352722909,0.29133858267716534,1.0
TAF12,0.7639813004690974,0.6220472440944882,1.0
GMEB1,0.3894673141792442,0.7401574803149606,1.0
YTHDF2,0.881178761271423,0.5511811023622047,1.0
EPB41,-0.5175726870797863,0.4251968503937008,1.0
AL138785.1,-2.598871397000234,0.05511811023622047,1.0
Metazoa_SRP,-0.3704837345699499,0.8818897637795275,1.0
SRSF4,1.079934523660758,0.7244094488188977,1.0
MATN1-AS1,-1.5409250942816433,0.1732283464566929,1.0
LAPTM5,-0.6811247481356482,0.5826771653543307,1.0
PUM1,-2.0314856199184472,0.12598425196850394,1.0
SNRNP40,-0.4007633080393682,0.7637795275590551,1.0
ZCCHC17,0.726794011455905,0.5275590551181102,1.0
SERINC2,1.6735202678098118,0.4251968503937008,1.0
TINAGL1,3.0992937993310337,0.06299212598425197,1.0
PEF1,1.11879281564552,0.44881889763779526,1.0
PTP4A2,-0.13917138768674064,0.7637795275590551,1.0
KHDRBS1,-0.2559303965968578,0.7244094488188977,1.0
TMEM39B,0.43566536924478416,0.84251968503937,1.0
KPNA6,-0.00018377437802108432,1.0,1.0
TXLNA,1.7948542207167149,0.1968503937007874,1.0
TMEM234,-1.331127188996707,0.2755905511811024,1.0
EIF3I,-0.2150314267503779,0.5669291338582677,1.0
LCK,0.9911623151180637,0.36220472440944884,1.0
HDAC1,-0.9922223329809654,0.5905511811023622,1.0
MARCKSL1,0.05537994533773105,0.952755905511811,1.0
BSDC1,-0.0686759828205874,0.8661417322834646,1.0
ZBTB8OS,1.4370152076075033,0.25196850393700787,1.0
RBBP4,-0.6785843896038559,0.5984251968503937,1.0
YARS,-0.25990351087757,0.8346456692913385,1.0
S100PBP,-0.30882127989864294,0.7874015748031497,1.0
TMEM54,0.9663947872890526,0.7244094488188977,1.0
RNF19B,0.3584459432939049,0.6299212598425197,1.0
AK2,1.3488215584188863,0.3779527559055118,1.0
ZNF362,-0.937520422907339,0.44881889763779526,1.0
AL513327.1,0.5850932950558065,0.5826771653543307,1.0
PHC2,-0.8297748181185058,0.905511811023622,1.0
SMIM12,-3.117709907980046,0.10236220472440945,1.0
SFPQ,-0.09724414581720708,0.968503937007874,1.0
ZMYM4,-0.6409066223325901,0.5984251968503937,1.0
RPL5P4,0.5398867332942004,0.6850393700787402,1.0
KIAA0319L,-2.1250346753136835,0.08661417322834646,1.0
NCDN,0.6768610503980509,0.44881889763779526,1.0
PSMB2,-0.5074109823637949,0.4409448818897638,1.0
C1orf216,-0.818300540088664,0.5669291338582677,1.0
CLSPN,0.20093497078797506,0.8582677165354331,1.0
AGO4,-1.6551625956404141,0.33858267716535434,1.0
AGO1,0.8435307749966907,0.49606299212598426,1.0
AGO3,-1.299173640888791,0.36220472440944884,1.0
ADPRHL2,-1.0868475196042167,0.4566929133858268,1.0
TRAPPC3,-1.1050101256395264,0.3779527559055118,1.0
MAP7D1,1.6315932027426472,0.2440944881889764,1.0
THRAP3,-1.0764667592357169,0.8267716535433071,1.0
STK40,0.2340170163022819,0.5826771653543307,1.0
LSM10,-2.976349906057497,0.10236220472440945,1.0
MRPS15,-1.764006964191645,0.2204724409448819,1.0
CSF3R,0.36347414423651614,0.7795275590551181,1.0
ZC3H12A,-1.027929218832373,0.2992125984251969,1.0
MEAF6,-0.9360068059573856,0.5590551181102362,1.0
SNIP1,-1.5555973083085468,0.28346456692913385,1.0
GNL2,1.7620815532205358,0.09448818897637795,1.0
YRDC,-0.2169041288261333,0.9212598425196851,1.0
C1orf122,-2.1363992618965977,0.13385826771653545,1.0
MTF1,-1.7046304056701969,0.2440944881889764,1.0
SF3A3,-0.6237215593624215,0.6692913385826772,1.0
FHL3,-3.0694944957275676,0.09448818897637795,1.0
UTP11,0.4870504742218442,0.7322834645669292,1.0
RRAGC,0.018284158667795758,0.984251968503937,1.0
MYCBP,-2.8393025459469134,0.07874015748031496,1.0
AKIRIN1,-0.006599657227249089,1.0,1.0
NDUFS5,-0.9588316201454266,0.6141732283464567,1.0
MACF1,-0.7346626257081859,0.9291338582677166,1.0
PABPC4,1.4925259215643587,0.28346456692913385,1.0
CAP1,-1.3395553696897444,0.5669291338582677,1.0
PPT1,-0.032275757520437764,0.984251968503937,1.0
RLF,0.2970473415061923,0.6850393700787402,1.0
ZMPSTE24,0.1790840508454794,0.7559055118110236,1.0
COL9A2,-1.0500560569708157,0.4881889763779528,1.0
SMAP2,-0.3663470258456094,0.7401574803149606,1.0
NFYC-AS1,-0.9996875129952405,0.5669291338582677,1.0
NFYC,0.09793340903507808,0.84251968503937,1.0
CITED4,1.3519484846827527,0.6377952755905512,1.0
HIVEP3,1.9448522166186912,0.1732283464566929,1.0
FOXJ3,1.255586558303854,0.4409448818897638,1.0
PPCS,-0.655217939060174,0.7244094488188977,1.0
CCDC30,0.41169301393273816,0.7007874015748031,1.0
YBX1,-0.44440942989831367,0.6456692913385826,1.0
SVBP,0.08151312236654862,0.9212598425196851,1.0
SLC2A1,-0.37176733857406896,0.8582677165354331,1.0
EBNA1BP2,-2.1878125072044075,0.16535433070866143,1.0
C1orf210,-0.09591938648387144,1.0,1.0
ELOVL1,-1.0138952823200755,0.5905511811023622,1.0
MED8,1.7311680277433323,0.18110236220472442,1.0
SZT2,0.16621070678387273,0.8582677165354331,1.0
KDM4A,-1.500562662465301,0.2125984251968504,1.0
IPO13,-0.5529329402333054,0.6850393700787402,1.0
ATP6V0B,-0.4785985198259972,0.3543307086614173,1.0
B4GALT2,-0.33764768513134513,0.6850393700787402,1.0
DMAP1,-0.4611815045327652,0.7007874015748031,1.0
RNF220,-1.6321339601524096,0.11811023622047244,1.0
C1orf228,-0.917776006546918,0.5118110236220472,1.0
KIF2C,-0.7187894380756508,0.5669291338582677,1.0
RPS8,0.027081199929943622,0.9763779527559056,1.0
RPS15AP11,-1.5329938528426044,0.33070866141732286,1.0
PLK3,0.7111844440102066,0.5748031496062992,1.0
BTBD19,0.11428318451124664,0.9606299212598425,1.0
HECTD3,1.3335176990000468,0.2047244094488189,1.0
UROD,-1.8559819058425484,0.1889763779527559,1.0
TESK2,0.11152505679395164,0.8346456692913385,1.0
PRDX1,-0.5050719142243083,0.8740157480314961,1.0
AKR1A1,-0.030215262042074365,0.9606299212598425,1.0
NASP,-1.3841951966174473,0.36220472440944884,1.0
CCDC17,-1.5139015793799393,0.1732283464566929,1.0
GPBP1L1,-0.19135823177743916,0.6771653543307087,1.0
TMEM69,1.2527145505419153,0.44881889763779526,1.0
LRRC41,-0.2940188590879913,0.7874015748031497,1.0
UQCRH,0.29926687272805363,0.6929133858267716,1.0
NSUN4,-1.2188479307017737,0.4094488188976378,1.0
MKNK1,1.2710793561637326,0.4645669291338583,1.0
MOB3C,-1.124251225473186,0.48031496062992124,1.0
ATPAF1,0.4393347472991971,0.7637795275590551,1.0
EFCAB14,0.41129990542821027,0.5118110236220472,1.0
PDZK1IP1,2.0106057978917216,0.29133858267716534,1.0
TAL1,1.3698588906384839,0.3700787401574803,1.0
CMPK1,0.04089244518763646,0.9921259842519685,1.0
FAF1,-1.0569662313784678,0.44881889763779526,1.0
CDKN2C,-0.4733911185428361,0.8110236220472441,1.0
RNF11,-0.5800630763878587,0.6456692913385826,1.0
EPS15,0.050747793082852155,0.9133858267716536,1.0
OSBPL9,-1.402923228404604,0.3779527559055118,1.0
NRDC,1.721096443335071,0.41732283464566927,1.0
TXNDC12,-1.373324230653549,0.6220472440944882,1.0
BTF3L4,2.688854967823593,0.06299212598425197,1.0
CC2D1B,-0.4099642022393435,0.7874015748031497,1.0
PRPF38A,0.9781937247103061,0.5433070866141733,1.0
ZCCHC11,-1.4354686321603878,0.2283464566929134,1.0
GPX7,0.9247728066312199,0.5669291338582677,1.0
FAM159A,-0.6556208651377569,0.5433070866141733,1.0
ZYG11B,-1.8020251949332002,0.07086614173228346,1.0
RPS13P2,-1.0002170522370992,0.6062992125984252,1.0
ECHDC2,0.1305104214414896,1.0,1.0
SCP2,0.253321552293297,0.8346456692913385,1.0
MAGOH,0.3721345540306409,0.7165354330708661,1.0
YIPF1,0.41186096619656887,0.6062992125984252,1.0
HSPB11,-0.5183074327654085,0.7322834645669292,1.0
LRRC42,0.8113738888168279,0.5275590551181102,1.0
TMEM59,-0.029737818870420263,0.952755905511811,1.0
TCEANC2,-2.9501703950403515,0.023622047244094488,1.0
MRPL37,-0.8652434609667752,0.6062992125984252,1.0
SSBP3,-0.2868509925612517,0.8346456692913385,1.0
TTC22,1.0622661771384916,0.7244094488188977,1.0
DHCR24,-1.3791524373720825,0.4094488188976378,1.0
USP24,0.4821736157469645,0.5905511811023622,1.0
PLPP3,1.407100997199584,0.2125984251968504,1.0
OMA1,-1.0805666285000737,0.48031496062992124,1.0
TACSTD2,0.16614855186442679,0.8976377952755905,1.0
MYSM1,-0.23628243547534566,0.7244094488188977,1.0
JUN,0.5535144056927415,0.41732283464566927,1.0
FGGY,0.320896289794689,0.7401574803149606,1.0
NFIA,1.0188053965001953,0.5039370078740157,1.0
TM2D1,-0.2949351445703323,0.8503937007874016,1.0
USP1,-1.8381660703722376,0.33858267716535434,1.0
ATG4C,-1.927197814157523,0.09448818897637795,1.0
ALG6,-0.5611126403088125,0.6929133858267716,1.0
ITGB3BP,0.1639057592988138,0.8582677165354331,1.0
PGM1,-2.496596527913135,0.09448818897637795,1.0
RAVER2,-0.13712870854671189,0.968503937007874,1.0
JAK1,-1.3059524866351717,0.84251968503937,1.0
AK4,0.6978061442482795,0.7637795275590551,1.0
LEPROT,-0.81199826986846,0.28346456692913385,1.0
PDE4B,0.2165509144559863,0.8582677165354331,1.0
TCTEX1D1,0.003311688662352985,1.0,1.0
MIER1,-0.1695678758748862,0.7322834645669292,1.0
SLC35D1,-0.25337027153267155,0.9212598425196851,1.0
SERBP1,0.028609776216764082,1.0,1.0
GADD45A,-0.21856056775815347,0.7007874015748031,1.0
GNG12,1.2844997222149401,0.5196850393700787,1.0
WLS,2.052843826141644,0.16535433070866143,1.0
SRSF11,-0.364116610841422,0.6220472440944882,1.0
ANKRD13C,0.5099091941082374,0.7165354330708661,1.0
ZRANB2,-1.0113215628183516,0.5984251968503937,1.0
FPGT,0.03920133540263593,1.0,1.0
CRYZ,-0.23162596442855277,0.9212598425196851,1.0
ACADM,-0.9519017051140335,0.44881889763779526,1.0
RABGGTB,0.32396173694891583,0.7165354330708661,1.0
PIGK,-1.47586215068976,0.2755905511811024,1.0
AC113935.1,-0.37110141486048587,0.8582677165354331,1.0
USP33,-2.5408105676046677,0.11811023622047244,1.0
MIGA1,-0.26289849978177005,0.9212598425196851,1.0
FUBP1,-0.6356378868988806,0.8031496062992126,1.0
DNAJB4,0.5082802063923646,0.6535433070866141,1.0
IFI44L,-2.743977767058693,0.1968503937007874,1.0
IFI44,-0.5393718941333363,0.7401574803149606,1.0
PRKACB,-1.2969000683197116,0.41732283464566927,1.0
SAMD13,-0.5191770791783619,0.7244094488188977,1.0
RPF1,0.042100856624816885,0.952755905511811,1.0
GNG5,0.480178109303103,0.31496062992125984,1.0
SPATA1,-1.515587884225603,0.1732283464566929,1.0
CTBS,0.1997233871904358,0.5590551181102362,1.0
C1orf52,-0.8295572023575115,0.6220472440944882,1.0
BCL10,0.48036090257509123,0.11023622047244094,1.0
CYR61,1.2965382272908565,0.2755905511811024,1.0
ODF2L,-0.44169219726000497,0.7795275590551181,1.0
CLCA2,1.5825206895228492,0.3464566929133858,1.0
CLCA4,2.1413218194989705,0.2755905511811024,1.0
SH3GLB1,0.22571071883528404,0.6850393700787402,1.0
SELENOF,-0.8618830041729968,0.8976377952755905,1.0
HS2ST1,1.7151416183970494,0.29133858267716534,1.0
LMO4,-0.9524022345107426,0.5905511811023622,1.0
PKN2,-1.4790402027799123,0.5118110236220472,1.0
ELOCP19,1.2454583105225996,0.25196850393700787,1.0
GTF2B,-1.544813692720914,0.10236220472440945,1.0
KYAT3,-0.367774172323021,0.8503937007874016,1.0
RBMXL1,-0.7089724079111752,0.8661417322834646,1.0
GBP3,-1.5043481003401178,0.31496062992125984,1.0
GBP1,-1.502171314393161,0.6062992125984252,1.0
PTGES3P1,-0.49688434470140486,0.7637795275590551,1.0
GBP2,0.48439537797294907,0.8740157480314961,1.0
GBP4,-1.2077096339750364,0.5433070866141733,1.0
GBP5,-1.3738312294587978,0.6220472440944882,1.0
GBP6,1.9344165110337757,0.25984251968503935,1.0
GBP1P1,-0.7663854797986074,0.7244094488188977,1.0
LRRC8B,-0.3161208016301229,0.8818897637795275,1.0
LRRC8C,-1.1854329213510368,0.3543307086614173,1.0
LRRC8D,-1.9338353451443069,0.13385826771653545,1.0
ZNF326,-0.44009188224177187,0.7401574803149606,1.0
ZNF644,0.1118970136913231,0.9212598425196851,1.0
CDC7,1.0830509903561212,0.33070866141732286,1.0
HSP90B3P,-0.1125964239585715,0.9291338582677166,1.0
TGFBR3,-0.6440795598847597,0.5275590551181102,1.0
RPAP2,-0.5872859750972634,0.6850393700787402,1.0
GFI1,-1.2006015169092468,0.33070866141732286,1.0
EVI5,0.24603246814018842,0.7952755905511811,1.0
RPL5,-0.5346612385789911,0.33070866141732286,1.0
FAM69A,1.6308041243039981,0.1732283464566929,1.0
MTF2,-1.393221262153605,0.2677165354330709,1.0
TMED5,-1.0371095669384198,0.84251968503937,1.0
CCDC18,-2.0988500996005484,0.09448818897637795,1.0
CCDC18-AS1,-2.188430869529616,0.13385826771653545,1.0
DR1,0.4954866417651358,0.4330708661417323,1.0
FNBP1L,-0.9317543698431919,0.7244094488188977,1.0
DNTTIP2,0.2493725280142698,0.7795275590551181,1.0
GCLM,0.19510633922336051,0.84251968503937,1.0
ABCD3,-2.1143675239860964,0.11023622047244094,1.0
F3,1.5236290244437383,0.36220472440944884,1.0
CNN3,1.3404801491348222,0.3779527559055118,1.0
ALG14,0.5937648966348112,0.5275590551181102,1.0
TMEM56,-3.667840582290048,0.05511811023622047,1.0
RPL7P9,-2.906345985066476,0.10236220472440945,1.0
PTBP2,-1.652032539041901,0.2125984251968504,1.0
DPYD,-1.163132271789907,0.6535433070866141,1.0
AL445433.1,0.9655510539107679,0.49606299212598426,1.0
PALMD,1.89675191033243,0.4094488188976378,1.0
AGL,-2.8562388838028663,0.08661417322834646,1.0
SLC35A3,0.5676483035144115,0.7086614173228346,1.0
TRMT13,1.0333376360164133,0.33070866141732286,1.0
RTCA,-2.3699972101256224,0.08661417322834646,1.0
CDC14A,0.37691259893091056,0.7952755905511811,1.0
BCAS2P2,1.5163096599064727,0.2125984251968504,1.0
SLC30A7,-1.3063099447391622,0.36220472440944884,1.0
S1PR1,-0.05717378118703409,1.0,1.0
COL11A1,-0.2797726001830394,1.0,1.0
RNPC3,0.15966186490178114,0.7637795275590551,1.0
AMY2B,-0.3101159285860895,0.84251968503937,1.0
AC114491.1,-2.007362754443094,0.16535433070866143,1.0
VAV3,-1.144569855539757,0.5511811023622047,1.0
SLC25A24,-0.9190889420508097,0.5511811023622047,1.0
FAM102B,0.42328592106258234,0.84251968503937,1.0
HENMT1,-0.0271570438529527,1.0,1.0
PRPF38B,-0.5175716982989069,0.29133858267716534,1.0
STXBP3,0.07038302245031325,0.9212598425196851,1.0
GPSM2,0.7173891291913769,0.7244094488188977,1.0
CLCC1,-0.4641883007342842,0.7637795275590551,1.0
WDR47,0.795868963121332,0.5118110236220472,1.0
BX679664.3,-1.2241193102577335,0.2440944881889764,1.0
TAF13,-0.5522214018583176,0.937007874015748,1.0
AL356488.3,0.9383977467863907,0.4251968503937008,1.0
TMEM167B,-0.02888745179561969,0.9291338582677166,1.0
KIAA1324,0.4684989625234075,0.7322834645669292,1.0
SARS,0.7802068740963919,0.5118110236220472,1.0
PSRC1,-2.3923676461766683,0.05511811023622047,1.0
SORT1,-2.5921317482168127,0.15748031496062992,1.0
PSMA5,-1.631261628206798,0.2677165354330709,1.0
CYB561D1,-1.7637106023559952,0.2125984251968504,1.0
GNAI3,-1.1525911842442573,0.9921259842519685,1.0
AMPD2,1.1322634963984157,0.4645669291338583,1.0
CSF1,-0.5743302910001917,0.7322834645669292,1.0
AHCYL1,1.0153293259475449,0.6220472440944882,1.0
STRIP1,-0.6195260690908975,0.6220472440944882,1.0
AL160006.1,-0.4658804115918054,0.7637795275590551,1.0
RBM15,0.6189468107062788,0.5826771653543307,1.0
AL355488.1,0.42120952014498236,0.6850393700787402,1.0
LAMTOR5,1.8333543024804033,0.2125984251968504,1.0
AL365361.1,-1.057438130981459,0.5118110236220472,1.0
CD53,-1.2336965438880352,0.968503937007874,1.0
LRIF1,0.8742047425834905,0.5118110236220472,1.0
DRAM2,-0.7376265602827841,0.5984251968503937,1.0
CEPT1,-1.3143111802683314,0.2755905511811024,1.0
DENND2D,0.4277465135594021,0.7480314960629921,1.0
ATP5F1,-0.5590258166951765,0.5196850393700787,1.0
C1orf162,-2.486175654572119,0.12598425196850394,1.0
RAP1A,-1.5348349917283919,0.6299212598425197,1.0
FAM212B,-1.431862527424565,0.3937007874015748,1.0
DDX20,0.6056753833135946,0.4881889763779528,1.0
CTTNBP2NL,0.06980516827525851,1.0,1.0
ST7L,-0.5788590565776524,0.6850393700787402,1.0
CAPZA1,-0.28001681359124575,0.4566929133858268,1.0
MOV10,1.0143038918459732,0.31496062992125984,1.0
SLC16A1,1.583152174178961,0.10236220472440945,1.0
LRIG2,-0.6993803055660595,0.6220472440944882,1.0
MAGI3,2.40026852299902,0.13385826771653545,1.0
AL391058.1,1.4683417974391697,0.15748031496062992,1.0
PHTF1,-0.6653068121618144,0.9212598425196851,1.0
RSBN1,1.455700197268584,0.2125984251968504,1.0
PTPN22,-2.4469503027210484,0.07874015748031496,1.0
BCL2L15,-0.35807025249243785,0.7244094488188977,1.0
AP4B1,-0.9043587457317896,0.5511811023622047,1.0
HIPK1,0.6573819271229855,0.2125984251968504,1.0
OLFML3,0.2306083296354966,0.8582677165354331,1.0
TRIM33,-0.2891846903209734,0.41732283464566927,1.0
BCAS2,0.38557499791479444,0.4251968503937008,1.0
DENND2C,0.40237097390747123,0.84251968503937,1.0
NRAS,-1.308135709671268,0.4566929133858268,1.0
CSDE1,0.06097441807599324,0.84251968503937,1.0
SIKE1,0.8984643361632378,0.4330708661417323,1.0
TSPAN2,-1.4067157278628826,0.5984251968503937,1.0
LINC01765,-1.5925159671147395,0.25196850393700787,1.0
SLC22A15,-3.0283055743509246,0.031496062992125984,1.0
ATP1A1,1.0412011515792212,0.48031496062992124,1.0
CD58,-0.8725879020909044,0.8031496062992126,1.0
CD2,2.175524343268953,0.12598425196850394,1.0
CD101,-0.41842657496873814,0.8818897637795275,1.0
MAN1A2,-0.49808989491164546,0.48031496062992124,1.0
FAM46C,0.11773575706077732,0.9448818897637795,1.0
PNRC2P1,-0.47500690060144013,0.6850393700787402,1.0
GDAP2,-0.8837628411817211,0.5905511811023622,1.0
WDR3,0.04793988564417395,0.952755905511811,1.0
AL359752.1,-0.43766851978663235,0.7637795275590551,1.0
NOTCH2,-1.0425970882088205,0.6929133858267716,1.0
SEC22B,0.6440244481731447,0.5118110236220472,1.0
AC244669.1,0.5648937450101685,0.7244094488188977,1.0
U1,-1.0121546713601604,0.3937007874015748,1.0
NBPF26,-0.011944626242798462,1.0,1.0
LINC00623,-0.6205802189414507,0.7165354330708661,1.0
FCGR1B,-0.8417049580000269,0.5826771653543307,1.0
AC244453.2,-0.6458742952675409,0.6850393700787402,1.0
SRGAP2C,-0.06613394491780467,1.0,1.0
EMBP1,0.1740478910552773,1.0,1.0
FCGR1CP,0.18905319286500544,0.84251968503937,1.0
NBPF15,0.4076154533616876,0.7952755905511811,1.0
NBPF20,-1.9082554792046684,0.09448818897637795,1.0
RNF115,-0.23460286452599854,0.8267716535433071,1.0
POLR3C,0.25013170732440737,0.84251968503937,1.0
PEX11B,-1.295260830688655,0.29133858267716534,1.0
RBM8A,-1.4784984297820438,0.33070866141732286,1.0
LIX1L,0.6952365235514271,0.5826771653543307,1.0
POLR3GL,-1.1689849804724144,0.3779527559055118,1.0
TXNIP,-0.2776347250403539,0.7480314960629921,1.0
NBPF12,-1.3799950872677993,0.3858267716535433,1.0
PRKAB2,-0.6731606276085506,0.6062992125984252,1.0
FMO5,0.3823117684636528,0.84251968503937,1.0
PDIA3P1,-1.1758244787899157,0.30708661417322836,1.0
CHD1L,1.7057587123481122,0.11811023622047244,1.0
BCL9,-0.0745860866000847,1.0,1.0
ACP6,-0.504151897469229,0.8346456692913385,1.0
NBPF11,-1.4582929872357464,0.29133858267716534,1.0
NBPF14,0.84251489307638,0.44881889763779526,1.0
NBPF9,-0.1453123082977421,0.952755905511811,1.0
AC245297.3,-1.1797754631267419,0.3937007874015748,1.0
NBPF19,-0.4352333680136291,0.8346456692913385,1.0
LINC00869,-1.945824606072023,0.16535433070866143,1.0
FCGR1A,-0.4683710429607375,0.8110236220472441,1.0
HIST2H2BF,0.5543112353013582,0.7165354330708661,1.0
AC239868.2,-1.290312232731681,0.2440944881889764,1.0
HIST2H2BE,-0.9269402709082692,0.7637795275590551,1.0
SF3B4,1.21194449485162,0.5905511811023622,1.0
VPS45,-0.6177523694276985,0.6062992125984252,1.0
PLEKHO1,-1.6123865088084557,0.18110236220472442,1.0
ANP32E,1.3553277707242755,0.4251968503937008,1.0
APH1A,-1.8544323185030165,0.05511811023622047,1.0
C1orf54,0.12444631295821318,0.84251968503937,1.0
MRPS21,-0.36658008667439423,0.6771653543307087,1.0
PRPF3,-0.8060672994678502,0.18110236220472442,1.0
RPRD2,-0.6413753236194852,0.7322834645669292,1.0
TARS2,-0.18550917594268368,0.8582677165354331,1.0
ECM1,2.2798920056047445,0.33070866141732286,1.0
AL356356.1,-0.9722729427835888,0.5275590551181102,1.0
ADAMTSL4,1.3361625875274754,0.4330708661417323,1.0
ADAMTSL4-AS1,0.5538375600619787,0.7874015748031497,1.0
RN7SL473P,-0.20023025191194366,0.9291338582677166,1.0
RN7SL600P,0.49022781387193115,0.6377952755905512,1.0
MCL1,-0.3675257509528773,0.84251968503937,1.0
ENSA,0.14775131089859972,0.8110236220472441,1.0
GOLPH3L,0.08729278576587562,0.9763779527559056,1.0
CTSS,-0.7682142485550525,0.33858267716535434,1.0
CTSK,0.11277088001956637,0.952755905511811,1.0
ARNT,-0.04294646575478067,0.952755905511811,1.0
SETDB1,-1.4813675448033947,0.18110236220472442,1.0
MINDY1,-1.7488012359750997,0.14173228346456693,1.0
PRUNE1,-0.49125948507998096,0.7401574803149606,1.0
BNIPL,0.5160783671930922,0.7716535433070866,1.0
C1orf56,1.947283318707196,0.31496062992125984,1.0
CDC42SE1,0.05030935406733761,0.889763779527559,1.0
MLLT11,0.0913449882523647,0.8818897637795275,1.0
GABPB2,0.07529981414615516,0.937007874015748,1.0
TNFAIP8L2,-1.0900885329149603,0.3858267716535433,1.0
SCNM1,-1.1443467402103846,0.4015748031496063,1.0
LYSMD1,-1.385807916785489,0.2440944881889764,1.0
VPS72,-0.2895382190232061,0.8346456692913385,1.0
PIP5K1A,-0.45767126338102826,0.7401574803149606,1.0
PSMD4,1.1337522687016053,0.7007874015748031,1.0
ZNF687,-0.9353924804267657,0.5669291338582677,1.0
PI4KB,-0.4983399772641368,0.7637795275590551,1.0
RFX5,-0.227328192952025,0.7952755905511811,1.0
PSMB4,-0.5738581910950513,0.984251968503937,1.0
POGZ,-0.9365850017724657,0.7244094488188977,1.0
TUFT1,2.025039764755832,0.16535433070866143,1.0
SNX27,-1.00785505235352,0.6692913385826772,1.0
THEM4,-1.4663928561150223,0.09448818897637795,1.0
S100A10,0.17026413975210364,0.952755905511811,1.0
S100A11,0.5951909592861515,0.4251968503937008,1.0
CRNN,2.5495354279784994,0.33858267716535434,1.0
CRCT1,3.0502523820367795,0.33070866141732286,1.0
KPRP,0.2561925537806853,0.84251968503937,1.0
IVL,1.6433731736022512,0.4645669291338583,1.0
SPRR1A,1.8255583175815566,0.5590551181102362,1.0
SPRR3,1.7444598642877702,0.6377952755905512,1.0
SPRR1B,2.0330191581221095,0.5590551181102362,1.0
SPRR2D,3.8936262745993124,0.23622047244094488,1.0
SPRR2A,1.8177689016293348,0.5196850393700787,1.0
SPRR2B,3.163576525435105,0.33070866141732286,1.0
SPRR2E,1.9188863355110497,0.6456692913385826,1.0
SPRR2F,1.7127648749446465,0.5590551181102362,1.0
SPRR2C,0.9829484132136099,0.7322834645669292,1.0
SPRR2G,1.8572863538338384,0.44881889763779526,1.0
S100A9,-0.61529122854094,0.7007874015748031,1.0
S100A12,-0.8171153284010648,0.6456692913385826,1.0
S100A8,-0.29618740023107115,0.6929133858267716,1.0
S100A7,2.7406413264446243,0.4094488188976378,1.0
S100A6,-0.7068281435412072,0.28346456692913385,1.0
S100A4,-0.06050237883752452,0.8818897637795275,1.0
S100A2,1.6768925017766776,0.4409448818897638,1.0
S100A16,1.2069459778144287,0.6614173228346457,1.0
S100A14,1.0083793972807529,0.7244094488188977,1.0
S100A13,0.63707735415353,0.6850393700787402,1.0
CHTOP,-1.8918844997793944,0.3543307086614173,1.0
SNAPIN,-2.1884317378980502,0.06299212598425197,1.0
ILF2,-0.399717750646575,0.6929133858267716,1.0
GATAD2B,0.4452383863071132,0.937007874015748,1.0
DENND4B,0.29622215640631033,0.7480314960629921,1.0
CRTC2,0.13552796531485978,0.8740157480314961,1.0
SLC39A1,0.8395342985188661,0.6220472440944882,1.0
JTB,-0.3949621723419465,0.2047244094488189,1.0
RAB13,-1.5843316715555247,0.2992125984251969,1.0
RPS27,-0.33548028887865566,0.8818897637795275,1.0
AL358472.1,1.19715698608284,0.3779527559055118,1.0
TPM3,-0.4757770133792132,0.33858267716535434,1.0
C1orf43,-0.20483563364664548,0.7559055118110236,1.0
UBAP2L,0.641015240443636,0.2125984251968504,1.0
HAX1,-0.16927416143352225,0.9763779527559056,1.0
ATP8B2,0.9049429911084756,0.5748031496062992,1.0
IL6R-AS1,-1.680666132868926,0.1968503937007874,1.0
IL6R,-1.4784133167213822,0.7559055118110236,1.0
UBE2Q1,1.464413220666442,0.3464566929133858,1.0
ADAR,-1.6842186917734105,0.5354330708661418,1.0
KCNN3,0.8176176829821813,0.4881889763779528,1.0
PMVK,-1.3393953043565991,0.4015748031496063,1.0
PBXIP1,1.1433205132397664,0.6692913385826772,1.0
PYGO2,-0.8124818463972421,0.5039370078740157,1.0
SHC1,2.0259832583154758,0.18110236220472442,1.0
CKS1B,0.11805479367016125,1.0,1.0
ZBTB7B,-1.5121934355196616,0.4566929133858268,1.0
EFNA3,1.8985821980339737,0.44881889763779526,1.0
SLC50A1,1.8426687227090395,0.33070866141732286,1.0
DPM3,-0.7461842725650754,0.6377952755905512,1.0
THBS3,-2.5311231650402517,0.07086614173228346,1.0
MTX1,-1.953526617717056,0.09448818897637795,1.0
GBA,-2.452148432338736,0.06299212598425197,1.0
SCAMP3,-0.3005068263777013,0.8818897637795275,1.0
CLK2,0.7709536101886929,0.5748031496062992,1.0
RUSC1,-0.7952882277651918,0.6299212598425197,1.0
ASH1L,-1.084055858953274,0.6220472440944882,1.0
YY1AP1,-0.6875927845166823,0.5984251968503937,1.0
DAP3,0.3475735834638951,0.8503937007874016,1.0
GON4L,1.796280432341057,0.14173228346456693,1.0
SYT11,-0.1692010198687579,0.9212598425196851,1.0
RIT1,0.05577677080179555,0.9212598425196851,1.0
KHDC4,-2.3582816713448027,0.05511811023622047,1.0
ARHGEF2,-0.9434551675999394,0.13385826771653545,1.0
SSR2,-0.12122607990516521,0.8188976377952756,1.0
LAMTOR2,0.03997294630237924,0.937007874015748,1.0
RAB25,1.491210617635783,0.5433070866141733,1.0
LMNA,1.7150889261586628,0.28346456692913385,1.0
SEMA4A,-0.4319046181152659,0.49606299212598426,1.0
SLC25A44,-1.3818516334699842,0.4566929133858268,1.0
PMF1,0.641152645186112,0.6220472440944882,1.0
PAQR6,-0.4274821546691496,0.7637795275590551,1.0
SMG5,-1.6544179684412883,0.2440944881889764,1.0
TMEM79,1.4519631828911264,0.7244094488188977,1.0
CCT3,1.3645967009246809,0.2677165354330709,1.0
C1orf61,-0.6643219561215931,0.6850393700787402,1.0
MEF2D,-1.1879474171665008,0.9448818897637795,1.0
NAXE,-1.0206439600912303,0.47244094488188976,1.0
CRABP2,-0.08211237023149298,0.952755905511811,1.0
ISG20L2,0.0077352726823942675,0.968503937007874,1.0
RRNAD1,-1.4561005238872404,0.30708661417322836,1.0
HDGF,-0.4116980440003939,0.5669291338582677,1.0
PRCC,-0.4700115713999957,0.7322834645669292,1.0
SH2D2A,-0.9119323298728039,0.5590551181102362,1.0
ARHGEF11,-0.9969227095736888,0.47244094488188976,1.0
ETV3,-0.45312224600518025,0.7480314960629921,1.0
FCRL5,1.6083908968047298,0.4015748031496063,1.0
FCRL2,0.8286258198958631,0.48031496062992124,1.0
ELL2P1,-0.36930421623944243,0.7480314960629921,1.0
CD1C,0.3105715169033829,0.8188976377952756,1.0
MNDA,-2.49259864407537,0.5039370078740157,1.0
PYHIN1,0.576534445864413,0.6535433070866141,1.0
IFI16,0.30850877658285647,0.7795275590551181,1.0
AIM2,-1.5429003514239459,0.4566929133858268,1.0
ACKR1,2.5506316156824,0.1732283464566929,1.0
DUSP23,-1.76194881781846,0.2125984251968504,1.0
CFAP45,-0.4258909432834246,0.6850393700787402,1.0
AL590560.3,-1.1978307679914866,0.29133858267716534,1.0
TAGLN2,-0.123680757028092,0.8976377952755905,1.0
LINC01133,-0.20315123587525608,0.84251968503937,1.0
PEA15,0.59698781669747,0.6535433070866141,1.0
DCAF8,-0.16930733028782097,0.937007874015748,1.0
PEX19,-0.005678196897355381,1.0,1.0
COPA,-0.10875604001449446,0.7874015748031497,1.0
SUMO1P3,-0.3128740176790734,0.84251968503937,1.0
NCSTN,-1.4250434011280175,0.6614173228346457,1.0
NHLH1,0.08723743238782866,1.0,1.0
SLAMF6,-1.195852330605442,0.4015748031496063,1.0
CD84,0.889032415732212,0.5118110236220472,1.0
SLAMF1,0.2734512519707517,0.905511811023622,1.0
AL121985.1,-0.21979443805803167,0.84251968503937,1.0
CD48,-0.04009750835595938,0.952755905511811,1.0
SLAMF7,-0.832233858180679,0.7086614173228346,1.0
LY9,0.35000339709052564,0.7716535433070866,1.0
AL354714.2,1.1973262093406443,0.41732283464566927,1.0
F11R,-0.8507635042457355,0.889763779527559,1.0
TSTD1,-0.6983058918821783,0.8031496062992126,1.0
USF1,-1.7046700666791876,0.2125984251968504,1.0
ARHGAP30,-2.0738847743892315,0.2204724409448819,1.0
NECTIN4,0.1522314600774899,0.8110236220472441,1.0
PFDN2,0.18269123181165803,0.9291338582677166,1.0
NIT1,-0.2662682889304606,0.8110236220472441,1.0
DEDD,-1.74364111232408,0.11811023622047244,1.0
UFC1,-0.20147269689966185,0.8976377952755905,1.0
B4GALT3,1.5870404962618354,0.28346456692913385,1.0
NDUFS2,1.9173765246485512,0.11023622047244094,1.0
FCER1G,-1.7742703321526765,0.7952755905511811,1.0
TOMM40L,0.07873961936833362,1.0,1.0
MPZ,-0.027958521472554843,0.952755905511811,1.0
SDHC,-0.8472039715389164,0.6062992125984252,1.0
RNU6-481P,0.5714103971492936,0.5275590551181102,1.0
AL592295.3,2.076070261832248,0.11023622047244094,1.0
FCGR2A,0.6974997924661004,0.6141732283464567,1.0
HSPA6,0.008832209856312723,0.9921259842519685,1.0
FCGR3A,-0.5455513848732485,0.7322834645669292,1.0
FCGR2C,0.5809624973297063,0.7716535433070866,1.0
FCGR3B,-0.39895293301882795,0.8346456692913385,1.0
FCGR2B,0.7862105966171651,0.7165354330708661,1.0
ATF6,-0.7183475542729809,0.937007874015748,1.0
AL391825.1,-0.13017921496600238,1.0,1.0
UHMK1,-0.5447183666798856,0.7716535433070866,1.0
UAP1,1.0632406354960025,0.44881889763779526,1.0
RGS5,2.4940015946262997,0.06299212598425197,1.0
PBX1,1.8352593041867813,0.28346456692913385,1.0
MGST3,0.6975954212827982,0.5590551181102362,1.0
ALDH9A1,1.3983140502260323,0.1732283464566929,1.0
TMCO1,-1.117459613809566,0.5511811023622047,1.0
UCK2,1.0098950364266448,0.5669291338582677,1.0
AL596087.1,0.343622598209846,0.7637795275590551,1.0
POGK,-1.4834589819933748,0.48031496062992124,1.0
POU2F1,0.07367528049039596,0.952755905511811,1.0
CD247,-0.6580724741589656,0.7244094488188977,1.0
CREG1,-0.22912299171237027,0.6141732283464567,1.0
RCSD1,-2.447391948420491,0.047244094488188976,1.0
MPZL1,2.584939990994104,0.14173228346456693,1.0
MPC2,-1.8377027663091043,0.05511811023622047,1.0
DCAF6,-1.367686189751086,0.2204724409448819,1.0
TIPRL,0.013185969317909052,0.968503937007874,1.0
RPL34P1,-2.0769864513771314,0.05511811023622047,1.0
SFT2D2,-0.16240275957862238,0.952755905511811,1.0
TBX19,1.4728551732667177,0.16535433070866143,1.0
XCL2,-1.5413323085556658,0.29133858267716534,1.0
XCL1,1.2557283207110053,0.25196850393700787,1.0
ATP1B1,1.6575821841046119,0.3937007874015748,1.0
BLZF1,0.292347756118009,0.7795275590551181,1.0
SLC19A2,-0.6168940641960781,0.6220472440944882,1.0
F5,1.579496457784194,0.28346456692913385,1.0
SELP,1.9088565728416276,0.2125984251968504,1.0
SELL,-0.773631117684447,0.6692913385826772,1.0
SELE,4.44534292627315,0.05511811023622047,1.0
KIFAP3,-0.5616750736545171,0.7480314960629921,1.0
FMO2,1.5358078783660276,0.3543307086614173,1.0
PRRC2C,-0.3364075957906767,0.2283464566929134,1.0
PFN1P1,-1.4841999095400362,0.2677165354330709,1.0
VAMP4,-1.0953462016885442,0.33858267716535434,1.0
PIGC,-2.1715080321379463,0.13385826771653545,1.0
SUCO,-1.2760890742172748,0.4409448818897638,1.0
FASLG,0.4259601419652337,0.84251968503937,1.0
PRDX6,-0.5327203895862107,0.5826771653543307,1.0
KLHL20,-1.6243196769733714,0.29133858267716534,1.0
DARS2,-0.4007622408116909,0.84251968503937,1.0
GAS5,-0.14727294279172964,0.8110236220472441,1.0
ZBTB37,-2.794569791376037,0.047244094488188976,1.0
RC3H1,-1.4998125215156666,0.48031496062992124,1.0
RABGAP1L,0.9355875615598981,0.7480314960629921,1.0
CACYBP,-0.6514719843603958,0.7401574803149606,1.0
MRPS14,-2.7837229011277804,0.031496062992125984,1.0
KIAA0040,-2.5617666166873025,0.2440944881889764,1.0
AL513329.1,1.1056258729633999,0.3228346456692913,1.0
RPS29P5,1.4167014584446327,0.2677165354330709,1.0
RFWD2,-1.4960293426146531,0.47244094488188976,1.0
AL590723.1,-0.6522995937071865,0.6062992125984252,1.0
RASAL2,1.9757995717150165,0.1732283464566929,1.0
RALGPS2,-0.6552772511270764,0.2440944881889764,1.0
FAM20B,1.0243003192200701,0.4251968503937008,1.0
TOR3A,-0.05921314107070552,0.9763779527559056,1.0
ABL2,2.0846587354883312,0.10236220472440945,1.0
SOAT1,0.7198150815720732,0.6456692913385826,1.0
TOR1AIP2,-1.0711946290157357,0.6377952755905512,1.0
TOR1AIP1,-0.03420863605280822,0.9448818897637795,1.0
CEP350,-1.4649759510171885,0.41732283464566927,1.0
QSOX1,-0.9482951656036365,0.6771653543307087,1.0
ACBD6,0.16631268396228105,0.905511811023622,1.0
XPR1,1.7885699203621237,0.23622047244094488,1.0
STX6,0.9565465859089333,0.4881889763779528,1.0
MR1,0.9253408611020166,0.48031496062992124,1.0
IER5,-0.17440891885775933,0.7401574803149606,1.0
EIF1P3,-0.13650135484273118,0.7952755905511811,1.0
GLUL,-0.03971735637106022,0.9212598425196851,1.0
TEDDM1,0.1992216260050652,0.9212598425196851,1.0
RNASEL,0.5056548405850276,0.7716535433070866,1.0
RGS16,0.6523338346484622,0.5590551181102362,1.0
NPL,-0.8514164972369089,0.8188976377952756,1.0
DHX9,0.07836049089741737,0.952755905511811,1.0
LAMC1,0.3112721057873403,0.84251968503937,1.0
SMG7,-0.356953310382254,0.2755905511811024,1.0
NCF2,-1.757854622534314,0.7559055118110236,1.0
ARPC5,-1.1382148808334858,0.2440944881889764,1.0
TSEN15,0.9641818811010436,0.4566929133858268,1.0
C1orf21,-0.24559364622569335,0.8818897637795275,1.0
EDEM3,-2.814801660608626,0.1889763779527559,1.0
FAM129A,0.8078609080261412,0.49606299212598426,1.0
RNF2,-0.3534625271544658,0.8110236220472441,1.0
TRMT1L,0.2164691746027212,0.9763779527559056,1.0
SWT1,0.48592224100569137,0.7952755905511811,1.0
AL356273.3,-0.25736563196802376,0.952755905511811,1.0
IVNS1ABP,-0.5359211463989446,1.0,1.0
AL078644.1,0.465455283578863,0.7165354330708661,1.0
GS1-279B7.1,0.3338770611779589,0.7637795275590551,1.0
TPR,-0.4312493794753456,0.9763779527559056,1.0
C1orf27,0.9125238762709067,0.5196850393700787,1.0
PTGS2,-0.10627648356380703,0.8740157480314961,1.0
PACERR,0.18437917512313318,0.905511811023622,1.0
RGS18,0.15204170190448085,0.889763779527559,1.0
RGS1,1.565310010459159,0.11811023622047244,1.0
AL136454.1,1.2978649101199293,0.2125984251968504,1.0
RGS2,-0.33234428441542363,0.9606299212598425,1.0
LINC01032,0.6998581036793623,0.6062992125984252,1.0
UCHL5,-0.5315783656928317,0.7322834645669292,1.0
TROVE2,1.0877571569742353,0.6456692913385826,1.0
GLRX2,-2.829988981560643,0.05511811023622047,1.0
CDC73,0.17644765103820337,0.6929133858267716,1.0
CFH,-0.17318188212566943,0.8818897637795275,1.0
ZBTB41,-1.2785477036085302,0.4015748031496063,1.0
DENND1B,0.7992608362703844,0.5196850393700787,1.0
NEK7,1.678652549048894,0.16535433070866143,1.0
PTPRC,-0.4371490775486677,0.9212598425196851,1.0
AL157402.2,-0.5023318955818856,0.6377952755905512,1.0
PEBP1P3,-0.5594439261454238,0.5905511811023622,1.0
ZNF281,-1.332550072097436,0.5354330708661418,1.0
DDX59,-1.6033863341229129,0.15748031496062992,1.0
CAMSAP2,1.4668709414331644,0.4094488188976378,1.0
INAVA,0.5780494575474512,0.7244094488188977,1.0
KIF21B,-1.1253022275939015,0.5748031496062992,1.0
PKP1,0.49749458241222966,0.8110236220472441,1.0
LAD1,-0.2888461131714215,0.952755905511811,1.0
CSRP1,1.815316942194505,0.23622047244094488,1.0
IPO9,-0.4224017220639118,0.8740157480314961,1.0
TIMM17A,3.0034341448624153,0.031496062992125984,1.0
RNPEP,-0.4680806938693225,0.6456692913385826,1.0
ELF3,2.6012059168787163,0.1732283464566929,1.0
ARL8A,-1.419493071085487,0.3700787401574803,1.0
PTPN7,0.4867752386766968,0.7795275590551181,1.0
PPP1R12B,0.0403862294633659,0.952755905511811,1.0
AC099336.2,-0.6047320711096407,0.6692913385826772,1.0
KDM5B,1.0845280412337477,0.47244094488188976,1.0
PCAT6,-0.881044985847915,0.5590551181102362,1.0
RABIF,-1.6897638218944184,0.2992125984251969,1.0
KLHL12,1.5739424103993205,0.23622047244094488,1.0
ADIPOR1,0.21196936433305336,0.7322834645669292,1.0
CYB5R1,-2.7611725663564224,0.09448818897637795,1.0
TMEM183A,1.3018678123450331,0.3464566929133858,1.0
CHI3L1,0.049230218006841575,0.984251968503937,1.0
CHIT1,-0.7499937332619488,0.6062992125984252,1.0
LINC01353,0.9494417507430315,0.5433070866141733,1.0
LINC01136,0.019954591387337572,0.9921259842519685,1.0
BTG2,-0.515545266043187,0.6929133858267716,1.0
FMOD,0.2989145762219574,0.84251968503937,1.0
ATP2B4,1.0252427097049903,0.5275590551181102,1.0
LAX1,0.6977617010954906,0.6377952755905512,1.0
SNRPE,-0.9359202431156521,0.3937007874015748,1.0
ETNK2,0.16031867422772939,0.8818897637795275,1.0
PPP1R15B,-1.9182720439908758,0.5748031496062992,1.0
PIK3C2B,1.456806018979814,0.3700787401574803,1.0
MDM4,1.4048309849630902,0.3464566929133858,1.0
RBBP5,-0.8198107885480708,0.6062992125984252,1.0
DSTYK,-0.43264231612507364,0.8188976377952756,1.0
NUAK2,0.5808421826985581,0.5433070866141733,1.0
SNRPGP10,-0.3167980994191244,0.8267716535433071,1.0
ELK4,0.1957702301927977,0.905511811023622,1.0
NUCKS1,1.0192530625039211,0.2992125984251969,1.0
RAB29,-0.7991187516288614,0.6141732283464567,1.0
SRGAP2,-1.1715230238208028,0.3543307086614173,1.0
IKBKE,-0.39344453817433556,0.6692913385826772,1.0
RASSF5,-1.178407760804916,0.952755905511811,1.0
EIF2D,-0.29050217792987976,0.9763779527559056,1.0
DYRK3,-0.2929744548328619,0.7874015748031497,1.0
MAPKAPK2,-0.250417596894259,0.6299212598425197,1.0
AL591846.1,-0.12988020203912187,0.937007874015748,1.0
IL24,-1.0849451652473017,0.33858267716535434,1.0
FCMR,-0.4477922408533179,0.8110236220472441,1.0
PFKFB2,-0.4914367599402867,0.7637795275590551,1.0
YOD1,-0.9367595091153005,0.4566929133858268,1.0
C4BPA,-1.1626443053602888,0.3700787401574803,1.0
CD55,-0.00944602802406358,0.9921259842519685,1.0
CR1,0.7527258747835006,0.3779527559055118,1.0
CD46,-0.450594668305345,0.6850393700787402,1.0
C1orf132,0.8965820534999307,0.6220472440944882,1.0
PLXNA2,-1.1630614259634882,0.2125984251968504,1.0
MIR205HG,0.5667956042277393,0.7244094488188977,1.0
CAMK1G,0.12383952663704978,0.8582677165354331,1.0
LAMB3,1.3900318492996333,0.44881889763779526,1.0
AL031316.1,1.1065465525294433,0.4330708661417323,1.0
G0S2,0.2741738577311672,0.7637795275590551,1.0
TRAF3IP3,-0.053490166777284465,1.0,1.0
C1orf74,0.7509241571327053,0.5275590551181102,1.0
IRF6,-0.059733812734753755,0.968503937007874,1.0
ST13P19,1.229649962786924,0.3700787401574803,1.0
RCOR3,-0.8591217413862013,0.6220472440944882,1.0
TRAF5,-0.46746924534968715,0.7086614173228346,1.0
LPGAT1,-0.3276136725027943,0.5669291338582677,1.0
PPP2R5A,-1.0184352362817402,0.16535433070866143,1.0
ATF3,0.7029592857792366,0.5275590551181102,1.0
NSL1,-1.2783150726709365,0.4094488188976378,1.0
TATDN3,-1.6340296616886067,0.2755905511811024,1.0
FLVCR1,-4.783072765428885,0.023622047244094488,1.0
ANGEL2,-0.8819509440799767,0.5275590551181102,1.0
RPS6KC1,0.3312391391711311,0.7874015748031497,1.0
AL445305.1,1.3498250640750515,0.2755905511811024,1.0
CENPF,0.5857624249957711,0.7637795275590551,1.0
KCTD3,-2.2090769642276005,0.11811023622047244,1.0
GPATCH2,-1.1952587725792723,0.3543307086614173,1.0
RRP15,0.020991248162244958,0.952755905511811,1.0
LYPLAL1,-0.341819786977672,0.7795275590551181,1.0
EPRS,-0.2582781386037434,0.905511811023622,1.0
BPNT1,-1.908377547532204,0.1732283464566929,1.0
IARS2,-1.0821451151722343,0.3700787401574803,1.0
RAB3GAP2,-0.48793467949536007,0.7874015748031497,1.0
MORF4L1P1,-0.21855940158046483,0.5905511811023622,1.0
MARC1,0.3333807357354601,0.84251968503937,1.0
HLX,-0.6103748636381825,0.7874015748031497,1.0
MIA3,-1.4399661259461158,0.4330708661417323,1.0
AIDA,-1.676875207217428,0.2440944881889764,1.0
BROX,-0.44862578208213577,0.5118110236220472,1.0
FAM177B,0.8444368318167725,0.41732283464566927,1.0
TLR5,-0.9236842230217168,0.5984251968503937,1.0
SUSD4,0.22724662240164206,0.9212598425196851,1.0
CAPN2,0.34654028265575354,0.8661417322834646,1.0
TP53BP2,-0.823460073652492,0.4881889763779528,1.0
GTF2IP20,-0.2585561661553668,0.84251968503937,1.0
AC138393.1,0.7074823509918783,0.7637795275590551,1.0
FBXO28,-1.5770559796516932,0.30708661417322836,1.0
DEGS1,-1.6725168284104717,0.28346456692913385,1.0
NVL,-1.5038986064426816,0.1732283464566929,1.0
CNIH4,0.47433781211669324,0.36220472440944884,1.0
WDR26,-0.3108470668041665,0.889763779527559,1.0
LBR,-1.846567268937025,0.44881889763779526,1.0
ENAH,-0.1844398931416502,0.8346456692913385,1.0
SRP9,-0.39701051194690784,0.6692913385826772,1.0
EPHX1,0.3386732831563888,0.9606299212598425,1.0
AL591895.1,-1.3022713839722024,0.4094488188976378,1.0
TMEM63A,-2.4729545153389187,0.07086614173228346,1.0
PYCR2,-0.05607815022099594,0.9763779527559056,1.0
SDE2,-1.0730515872504824,0.5826771653543307,1.0
H3F3A,-0.8734307239496122,0.23622047244094488,1.0
ACBD3,0.5764842435706901,0.5905511811023622,1.0
PARP1,0.36944114959955954,0.8031496062992126,1.0
ITPKB,-0.11226041188036717,0.905511811023622,1.0
COQ8A,-0.3216097467898744,0.8582677165354331,1.0
ARF1,0.27994047185048565,0.5354330708661418,1.0
MRPL55,-1.9792192343324368,0.09448818897637795,1.0
GUK1,-1.3878281066374099,0.44881889763779526,1.0
IBA57,-1.604792325040543,0.1732283464566929,1.0
TRIM11,-0.39011817804245874,0.7874015748031497,1.0
RNF187,0.4894008802032559,0.6456692913385826,1.0
FTH1P2,-0.790342527285806,0.4015748031496063,1.0
RHOU,-0.3974825264357419,0.7637795275590551,1.0
RAB4A,0.6730633258016745,0.4881889763779528,1.0
CCSAP,-1.4902630588576447,0.33858267716535434,1.0
NUP133,-1.4317182095714192,0.2440944881889764,1.0
TAF5L,-1.8292747599958188,0.2047244094488189,1.0
GALNT2,1.369711141924816,0.33858267716535434,1.0
COG2,1.004007394445939,0.3779527559055118,1.0
C1orf198,-0.5703146551074845,0.6850393700787402,1.0
TTC13,-2.164125673777477,0.07874015748031496,1.0
FAM89A,-0.6953125899737663,0.5275590551181102,1.0
GNPAT,-1.6448938463911378,0.2755905511811024,1.0
EXOC8,0.6850994216673798,0.5275590551181102,1.0
SPRTN,0.5325458102521599,0.7401574803149606,1.0
EGLN1,-1.3044362807455254,0.6141732283464567,1.0
AL445524.1,-0.2689319859006698,0.905511811023622,1.0
TSNAX,-1.1453013513137433,0.5433070866141733,1.0
DISC1,-1.5675630957540192,0.2440944881889764,1.0
SIPA1L2,0.9775122146447202,0.5511811023622047,1.0
NTPCR,-1.5377850480641313,0.1968503937007874,1.0
TARBP1,0.32320293766448094,0.8267716535433071,1.0
IRF2BP2,0.4064945676491094,0.44881889763779526,1.0
AL391832.2,1.8670283309420088,0.2204724409448819,1.0
AL391832.3,1.6821442575965575,0.3700787401574803,1.0
TOMM20,-0.2022072617076045,0.889763779527559,1.0
ARID4B,-0.4661449479162698,0.7716535433070866,1.0
GGPS1,-2.687733328568181,0.08661417322834646,1.0
LYST,-0.09558601224877172,0.7165354330708661,1.0
NID1,0.725421700246665,0.7244094488188977,1.0
ERO1B,0.7319614452386332,0.6929133858267716,1.0
LGALS8,-0.5491833593622202,0.9133858267716536,1.0
MTR,-1.508333810414281,0.13385826771653545,1.0
FH,-1.0749401594775527,0.4330708661417323,1.0
CEP170,0.3955235228519385,0.7480314960629921,1.0
SDCCAG8,-1.7246095105870363,0.29133858267716534,1.0
ZBTB18,-0.023601472399097823,0.9606299212598425,1.0
ADSS,0.939242148832852,0.5984251968503937,1.0
DESI2,-0.9913163302241172,0.5196850393700787,1.0
HNRNPU,0.3724748008968888,0.31496062992125984,1.0
EFCAB2,-0.21395640899502677,0.9448818897637795,1.0
SMYD3,0.3817430371331971,0.8110236220472441,1.0
CNST,-0.19578810624344367,0.7795275590551181,1.0
SCCPDH,-0.47446338759004125,0.7165354330708661,1.0
AHCTF1,-0.3666432445569896,0.9763779527559056,1.0
AL390728.6,-2.7789930692327247,0.031496062992125984,1.0
AL390728.4,-0.7040270125532486,0.6377952755905512,1.0
NLRP3,1.9399050592226734,0.3858267716535433,1.0
OR2B11,-0.10228136852771819,0.9212598425196851,1.0
SH3BP5L,-1.3187948383111352,0.3228346456692913,1.0
ZNF672,-0.3143312699412464,0.952755905511811,1.0
ZNF692,-0.5677237334947787,0.6850393700787402,1.0
SH3YL1,-0.6489268687401695,0.7086614173228346,1.0
ACP1,-0.15697763218282068,0.952755905511811,1.0
TMEM18,0.41229581272291504,0.7874015748031497,1.0
PXDN,1.5801974542783186,0.1732283464566929,1.0
EIPR1,0.5533752188075445,0.7637795275590551,1.0
TRAPPC12,0.41798193491935764,0.7165354330708661,1.0
ADI1,-1.730138438914897,0.2047244094488189,1.0
RPS7,0.1679894656549239,0.8031496062992126,1.0
CMPK2,-0.6444349168135881,0.7559055118110236,1.0
RSAD2,-2.2047093958996316,0.4330708661417323,1.0
RNF144A,-1.1901510956785655,0.44881889763779526,1.0
LINC01871,2.0853370150501886,0.1732283464566929,1.0
LINC01814,-0.9792797694609126,0.7244094488188977,1.0
ID2,-2.811170163457069,0.13385826771653545,1.0
KIDINS220,-0.2584576337072102,0.3937007874015748,1.0
MBOAT2,-0.780279940749331,0.15748031496062992,1.0
ITGB1BP1,-1.4354833085437813,0.2677165354330709,1.0
CPSF3,-0.2643075886074784,0.8188976377952756,1.0
IAH1,0.258520310584734,0.8267716535433071,1.0
ADAM17,-0.42348310230779296,0.8346456692913385,1.0
YWHAQ,0.27038106132421635,0.6929133858267716,1.0
GRHL1,1.8263304464062378,0.2992125984251969,1.0
HPCAL1,-0.16809617886815875,0.9921259842519685,1.0
ODC1,-1.073850567231862,0.4566929133858268,1.0
NOL10,0.0712013197163277,1.0,1.0
PDIA6,0.355834446668831,0.8582677165354331,1.0
PQLC3,0.5834385695098393,0.7244094488188977,1.0
ROCK2,-0.33165399855549627,0.6456692913385826,1.0
E2F6,0.9562008676992338,0.44881889763779526,1.0
LPIN1,0.7077319609533554,0.5433070866141733,1.0
TRIB2,-1.26583809559695,0.2204724409448819,1.0
FAM84A,1.2303770637294256,0.7244094488188977,1.0
DDX1,-0.08111926095310995,0.9291338582677166,1.0
FAM49A,1.3854812858860388,0.41732283464566927,1.0
SMC6,-1.7299947467034529,0.28346456692913385,1.0
GEN1,-0.28292412102722597,0.84251968503937,1.0
TTC32,-2.075386577931508,0.06299212598425197,1.0
LAPTM4A,0.09939365026284186,0.8031496062992126,1.0
SDC1,2.5353221935984296,0.2047244094488189,1.0
PUM2,0.08872063671885133,0.8503937007874016,1.0
RHOB,-0.281994408349421,0.7401574803149606,1.0
HS1BP3,-0.9244937627045511,0.4330708661417323,1.0
ATAD2B,-1.8430221576873982,0.25984251968503935,1.0
UBXN2A,-0.35320146770025174,0.8110236220472441,1.0
SF3B6,-1.4472670230602063,0.3543307086614173,1.0
FAM228B,-0.46401828382374877,0.7401574803149606,1.0
TP53I3,0.08663917072298544,1.0,1.0
ITSN2,-0.015200062748255583,0.968503937007874,1.0
NCOA1,-0.22322466408157027,0.6692913385826772,1.0
PTRHD1,-0.8160495689284757,0.5275590551181102,1.0
DNAJC27,0.9693907063007321,0.5590551181102362,1.0
DNAJC27-AS1,-0.7590674757637719,0.7244094488188977,1.0
DNMT3A,0.4486956622485345,0.5748031496062992,1.0
DTNB,-0.27316119112000425,0.8267716535433071,1.0
ASXL2,0.1554623234575292,0.84251968503937,1.0
KIF3C,0.32569929490699834,0.7795275590551181,1.0
TRMT112P6,2.0794046064980063,0.2125984251968504,1.0
RAB10,-1.4214504864404427,0.6850393700787402,1.0
HADHA,0.17559155393097825,0.8740157480314961,1.0
HADHB,0.0003707469534131036,1.0,1.0
SELENOI,0.20116150862805648,0.84251968503937,1.0
SLC35F6,-0.11358693477537285,1.0,1.0
TMEM214,0.8235157908664377,0.5354330708661418,1.0
OST4,-0.09820851076570847,0.9291338582677166,1.0
PREB,0.6635777034181416,0.6062992125984252,1.0
ATRAID,-0.49506617538262754,0.7322834645669292,1.0
MPV17,-1.155298852724365,0.3779527559055118,1.0
GTF3C2,-0.07414838759405029,0.968503937007874,1.0
EIF2B4,-1.9512731243538863,0.1732283464566929,1.0
SNX17,-2.7677217217915144,0.09448818897637795,1.0
PPM1G,1.3362004595369097,0.3700787401574803,1.0
FTH1P3,0.4005509660899056,0.7637795275590551,1.0
NRBP1,-0.9390825259402549,0.5984251968503937,1.0
FNDC4,1.13195182405897,0.44881889763779526,1.0
ZNF512,0.868677244878781,0.5433070866141733,1.0
GPN1,-2.1537326770540357,0.13385826771653545,1.0
SUPT7L,0.2872508985305875,0.889763779527559,1.0
SLC4A1AP,0.7227762884595208,0.2677165354330709,1.0
MRPL33,0.038535823990323514,0.8503937007874016,1.0
RBKS,-0.26529797408981404,0.8267716535433071,1.0
BABAM2,-1.1224750121101703,0.8188976377952756,1.0
FLJ31356,-0.7720056816180547,0.6850393700787402,1.0
FOSL2,0.6367273250340357,0.3700787401574803,1.0
AC104695.3,-0.5741580606590642,0.9448818897637795,1.0
AC104695.2,1.4201233708308707,0.3543307086614173,1.0
PLB1,-0.5737659266790032,0.7165354330708661,1.0
PPP1CB,0.9778898701693688,0.07086614173228346,1.0
SPDYA,-0.4108552617672854,0.6850393700787402,1.0
WDR43,0.12855430055537576,0.952755905511811,1.0
CLIP4,0.23623960756561635,0.84251968503937,1.0
YPEL5,0.2448935499293743,0.4409448818897638,1.0
LBH,0.4799429408382134,0.7401574803149606,1.0
LCLAT1,-1.950849440300059,0.09448818897637795,1.0
GALNT14,0.8683599947176339,0.44881889763779526,1.0
EHD3,1.7516134548933242,0.4094488188976378,1.0
MEMO1,-1.3933911124941663,0.13385826771653545,1.0
DPY30,-1.9445376189254402,0.1889763779527559,1.0
SPAST,-0.7246487052114907,0.7165354330708661,1.0
AL121658.1,-1.3995293415251902,0.1732283464566929,1.0
SLC30A6,0.3203894001858014,0.8503937007874016,1.0
NLRC4,1.0399666770041316,0.5748031496062992,1.0
YIPF4,-0.8173520854472338,0.06299212598425197,1.0
BIRC6,-0.07567425436490005,0.7637795275590551,1.0
RASGRP3,0.8296706589356786,0.5275590551181102,1.0
FAM98A,1.037576733626436,0.5275590551181102,1.0
CRIM1,0.5806024583794926,0.7007874015748031,1.0
FEZ2,-2.002407390199081,0.12598425196850394,1.0
AC007382.1,0.98215727175826,0.33070866141732286,1.0
STRN,0.9882945932347607,0.05511811023622047,1.0
HEATR5B,-1.4446638614054663,0.3464566929133858,1.0
EIF2AK2,-1.138331249781766,0.16535433070866143,1.0
CEBPZOS,-1.2399041432058433,0.4409448818897638,1.0
CEBPZ,0.2630797557095592,0.7480314960629921,1.0
NDUFAF7,0.28083962094973813,0.8267716535433071,1.0
PRKD3,0.41924829469994984,0.7165354330708661,1.0
QPCT,-0.3790819420563194,0.5905511811023622,1.0
CDC42EP3,-1.327894496486933,0.8110236220472441,1.0
CYP1B1,-1.6802139863217311,0.30708661417322836,1.0
ATL2,-0.19248347182484027,0.8818897637795275,1.0
RPLP0P6,0.5653640996574207,0.7874015748031497,1.0
HNRNPLL,1.7231455265989952,0.2283464566929134,1.0
GALM,-2.1721829352618944,0.14173228346456693,1.0
SRSF7,-0.09921590780803857,0.8582677165354331,1.0
SOS1,-0.9272051970462858,0.7086614173228346,1.0
AC007388.1,0.8237056935322936,0.7244094488188977,1.0
SLC8A1-AS1,1.1315826534105569,0.49606299212598426,1.0
SLC8A1,0.07021601501312702,0.952755905511811,1.0
EML4,-1.3265978961342864,0.4566929133858268,1.0
COX7A2L,-0.753819018782548,0.3937007874015748,1.0
MTA3,-0.7038388094756913,0.7637795275590551,1.0
OXER1,-0.6033920451941754,0.6062992125984252,1.0
ZFP36L2,-0.22981448380649017,0.7007874015748031,1.0
THADA,-0.2598696365597095,0.8346456692913385,1.0
LRPPRC,0.41781617429964335,0.84251968503937,1.0
PPM1B,-2.5101245740100335,0.08661417322834646,1.0
PREPL,-0.24739776841034988,0.8818897637795275,1.0
CAMKMT,-3.0871619664394077,0.015748031496062992,1.0
AC012354.2,-0.15013116650339642,0.9291338582677166,1.0
SRBD1,0.48977812073699667,0.5590551181102362,1.0
EPAS1,2.6328599741641225,0.031496062992125984,1.0
RHOQ,0.34238917830654003,0.8661417322834646,1.0
CRIPT,-0.10697309517230824,0.984251968503937,1.0
SOCS5,-1.5852488745273434,0.11023622047244094,1.0
MCFD2,0.3561130463887814,0.7716535433070866,1.0
CALM2,-0.718244405321582,0.4094488188976378,1.0
MSH6,0.6149985136167802,0.5275590551181102,1.0
FBXO11,0.678661763040671,0.5118110236220472,1.0
FOXN2,-1.4772721328339506,0.1732283464566929,1.0
PPP1R21,-0.8530537612922853,0.6692913385826772,1.0
ERLEC1,0.7091585483428329,0.6929133858267716,1.0
PSME4,-0.4193946489223439,0.8976377952755905,1.0
ACYP2,3.1692285688440007,0.09448818897637795,1.0
SPTBN1,0.22727063477463938,0.84251968503937,1.0
RTN4,-0.2706744357868409,0.6692913385826772,1.0
RPS27A,-0.20830980169530555,0.6141732283464567,1.0
MTIF2,-0.9326995767812005,0.5354330708661418,1.0
CCDC88A,-0.9080627981397762,0.5984251968503937,1.0
CFAP36,-0.28896257490711275,0.8582677165354331,1.0
PPP4R3B,0.19412024106227044,0.8582677165354331,1.0
PNPT1,-0.12805704119412997,0.9763779527559056,1.0
VRK2,-1.1999335966214346,0.41732283464566927,1.0
FANCL,-2.745399520539482,0.031496062992125984,1.0
AC007238.1,-1.531600638820315,0.1968503937007874,1.0
BCL11A,-0.366430254254309,0.7637795275590551,1.0
PAPOLG,0.10458052689477215,0.952755905511811,1.0
REL,-0.40365262807809543,0.6062992125984252,1.0
PUS10,0.42672976914265504,0.7007874015748031,1.0
AHSA2,-1.1820506101007768,0.3543307086614173,1.0
USP34,-0.4985896374588239,0.6377952755905512,1.0
XPO1,-0.09220662986640171,0.9291338582677166,1.0
CCT4,-1.8596613209694541,0.2125984251968504,1.0
COMMD1,-1.4161693666574886,0.4094488188976378,1.0
B3GNT2,-2.058772699948635,0.1732283464566929,1.0
EHBP1,0.6143314834499765,0.7480314960629921,1.0
MDH1,0.6512755938507597,0.5748031496062992,1.0
AC016734.1,0.15159510787629582,0.905511811023622,1.0
AC096664.2,-0.018593151699263455,1.0,1.0
UGP2,-1.0150626483615586,0.047244094488188976,1.0
VPS54,-1.2829689079905044,0.4881889763779528,1.0
AC012368.2,1.3175778334103492,0.33070866141732286,1.0
PELI1,0.37713333088268985,0.6141732283464567,1.0
AC012368.1,-1.2469930639091382,0.6220472440944882,1.0
LINC00309,-0.6920798560313965,0.6692913385826772,1.0
LGALSL,-0.16868905501395215,0.7716535433070866,1.0
AFTPH,0.18332017614572482,0.5748031496062992,1.0
SERTAD2,-1.651256733690838,0.28346456692913385,1.0
SLC1A4,0.030785028523238722,1.0,1.0
CEP68,0.4841001526587103,0.5905511811023622,1.0
RAB1A,0.44406855902445663,0.28346456692913385,1.0
AC007318.1,-0.6017253244269254,0.6850393700787402,1.0
ACTR2,-0.03010424825331448,0.9291338582677166,1.0
SPRED2,0.6725569809411609,0.5433070866141733,1.0
C1D,-2.379346220881806,0.2440944881889764,1.0
PNO1,-1.0845821574633572,0.3937007874015748,1.0
PPP3R1,-1.2664208618258002,0.8110236220472441,1.0
PLEK,-0.22493511238305963,0.968503937007874,1.0
FBXO48,2.163943862272833,0.2125984251968504,1.0
ARHGAP25,-1.3002795823408153,0.7401574803149606,1.0
LINC01888,0.24694988635466308,0.8110236220472441,1.0
GFPT1,0.43628219924227496,0.8740157480314961,1.0
NFU1,0.7723107393994233,0.5196850393700787,1.0
AAK1,-2.4284641037213675,0.047244094488188976,1.0
ANXA4,0.12108141040367437,0.8582677165354331,1.0
GMCL1,0.09899549986745937,0.952755905511811,1.0
SNRNP27,-0.38428288924920917,0.7480314960629921,1.0
MXD1,0.03786102180835549,0.968503937007874,1.0
ASPRV1,-1.1850386386741367,0.4330708661417323,1.0
PCBP1-AS1,0.6989206370770322,0.1732283464566929,1.0
C2orf42,-1.2053303926494172,0.2440944881889764,1.0
TIA1,-0.42016421021726025,0.6850393700787402,1.0
PCYOX1,2.538472017488136,0.05511811023622047,1.0
SNRPG,0.20889834129145335,0.7322834645669292,1.0
FAM136A,2.056909326059631,0.12598425196850394,1.0
TGFA,-0.6152184369909861,0.889763779527559,1.0
TEX261,-2.686674895678501,0.11811023622047244,1.0
NAGK,1.0412013758692371,0.11811023622047244,1.0
MCEE,-1.0809224690382813,0.3700787401574803,1.0
MPHOSPH10,-1.0898365768636789,0.48031496062992124,1.0
PAIP2B,0.5010376299213473,0.8110236220472441,1.0
ZNF638,-1.1475496417447104,0.7007874015748031,1.0
DYSF,1.1403063519411392,0.7322834645669292,1.0
SFXN5,-1.3366341993407025,0.23622047244094488,1.0
PRADC1,0.22346431361409536,0.84251968503937,1.0
TPRKB,-0.7673578021513636,0.6850393700787402,1.0
DUSP11,-2.4633333143313796,0.08661417322834646,1.0
STAMBP,-1.104381687604966,0.5118110236220472,1.0
DGUOK,-0.8965919126650297,0.6456692913385826,1.0
TET3,0.024905749757440532,0.968503937007874,1.0
BOLA3,2.202944040798191,0.13385826771653545,1.0
MOB1A,-0.3738461349642783,0.7716535433070866,1.0
MTHFD2,-1.5219398723985131,0.1732283464566929,1.0
DCTN1,0.20387307587332382,0.905511811023622,1.0
MOGS,-1.073094714109975,0.3543307086614173,1.0
CCDC142,-1.7661526949800326,0.2125984251968504,1.0
TTC31,-0.4506646107356963,0.6850393700787402,1.0
PCGF1,-0.18322565782026823,0.8740157480314961,1.0
AUP1,-2.050725239964504,0.047244094488188976,1.0
DOK1,-0.8165697392043145,0.5748031496062992,1.0
M1AP,-2.341588150979728,0.1732283464566929,1.0
HK2,0.07679053468548425,0.937007874015748,1.0
POLE4,-2.9526009452405786,0.07086614173228346,1.0
MRPL19,-0.9323739884989024,0.3700787401574803,1.0
GCFC2,-0.6439446846585724,0.6062992125984252,1.0
SUCLG1,0.4114152319257034,0.7007874015748031,1.0
TMSB10,-0.6581392446683063,0.3700787401574803,1.0
KCMF1,-0.08988005647749109,0.8503937007874016,1.0
TCF7L1,-0.6313810100964588,0.6062992125984252,1.0
TGOLN2,-1.5798591638788828,0.5669291338582677,1.0
RETSAT,-0.2518124124975365,0.7637795275590551,1.0
ELMOD3,-1.3698766700532439,0.2440944881889764,1.0
CAPG,0.9430528159271026,0.6062992125984252,1.0
MAT2A,-0.2449399850755536,0.7637795275590551,1.0
GGCX,-2.0827649169191815,0.1968503937007874,1.0
VAMP8,-0.39690157621101463,0.7795275590551181,1.0
VAMP5,-0.5607184526761739,0.6614173228346457,1.0
RNF181,1.178995006888952,0.16535433070866143,1.0
USP39,-1.5244360892776794,0.2125984251968504,1.0
C2orf68,-1.6063492479301416,0.12598425196850394,1.0
GNLY,-1.6978848762156478,0.25196850393700787,1.0
ST3GAL5,1.2882189008005747,0.3700787401574803,1.0
PTCD3,-0.3544637857161139,0.8110236220472441,1.0
IMMT,1.4852133416828026,0.3858267716535433,1.0
MRPL35,0.6460557100405773,0.5511811023622047,1.0
KDM3A,-0.4050932706757635,0.2440944881889764,1.0
CHMP3,-0.6269067426020714,0.30708661417322836,1.0
AC015971.1,-0.536564212923035,0.6850393700787402,1.0
RNF103,-0.8646904652643168,0.7401574803149606,1.0
RMND5A,0.5700408871861535,0.5039370078740157,1.0
CD8A,-0.33103428558102,0.8346456692913385,1.0
CD8B,-0.4998978125054443,0.6850393700787402,1.0
CYTOR,-0.05842981383960888,0.968503937007874,1.0
KRCC1,-1.272418257145583,0.5590551181102362,1.0
THNSL2,-0.5809106559227419,0.6850393700787402,1.0
EIF2AK3,-0.9236293147049319,0.4645669291338583,1.0
RPIA,-1.197635264742145,0.5669291338582677,1.0
ANKRD36BP2,-0.6546754744711893,0.7637795275590551,1.0
IGKC,1.0710937656357729,0.6220472440944882,1.0
IGKV4-1,-3.128964016966755,0.2047244094488189,1.0
IGKV1-5,-1.7361379159573214,0.7244094488188977,1.0
IGKV3-20,-0.02674070081171509,0.968503937007874,1.0
IGKV2-30,1.031757961571647,0.7244094488188977,1.0
MAL,1.9709050460159094,0.5275590551181102,1.0
MRPS5,1.05960884266942,0.5275590551181102,1.0
PROM2,0.10218567275104418,1.0,1.0
ANKRD36C,-2.173631921399798,0.13385826771653545,1.0
DUSP2,-0.9757327920610779,0.889763779527559,1.0
STARD7,-0.7514675301371847,0.7165354330708661,1.0
TMEM127,-0.18240616101257334,0.5039370078740157,1.0
CIAO1,-0.9428311484076004,0.5275590551181102,1.0
SNRNP200,0.10831521989161619,0.937007874015748,1.0
ARID5A,-1.1669806371401643,0.5984251968503937,1.0
KANSL3,0.054825603704864,0.9763779527559056,1.0
CNNM3,0.15759106751111185,1.0,1.0
ANKRD36,-1.0428869830478122,0.4330708661417323,1.0
ANKRD36B,0.081414184133618,1.0,1.0
COX5B,-0.2779855414549921,0.5748031496062992,1.0
ACTR1B,-0.3735529987912076,0.8346456692913385,1.0
TMEM131,-1.159477355301041,0.4409448818897638,1.0
INPP4A,-0.33346064109566287,0.7952755905511811,1.0
COA5,-0.04289777335546363,1.0,1.0
UNC50,-0.7277632455459275,0.6456692913385826,1.0
MGAT4A,-1.429119078669014,0.3858267716535433,1.0
LIPT1,-1.4254766423018503,0.1968503937007874,1.0
MITD1,-1.543448483640875,0.3779527559055118,1.0
MRPL30,-1.2446752921205826,0.30708661417322836,1.0
TXNDC9,-1.1681050624828333,0.3228346456692913,1.0
EIF5B,-0.09017792793199852,0.968503937007874,1.0
REV1,-1.5424534785805968,0.4015748031496063,1.0
PDCL3,-1.7910302060838075,0.1732283464566929,1.0
RPL31,-0.3780451590194325,0.6141732283464567,1.0
CNOT11,-0.5701272686205625,0.889763779527559,1.0
RNF149,0.11377068903107634,0.9291338582677166,1.0
SNORD89,2.5623871349911305,0.05511811023622047,1.0
MIR5696,1.3044209167707195,0.25196850393700787,1.0
MAP4K4,0.06670031934071652,0.84251968503937,1.0
LINC01127,0.4261780975101672,0.5590551181102362,1.0
IL1R2,-0.5871886626078764,1.0,1.0
IL1R1,-0.6427300375429086,0.984251968503937,1.0
IL1RL2,0.4062486970242265,0.6535433070866141,1.0
IL18R1,-0.010836659549861238,0.9921259842519685,1.0
IL18RAP,-2.34025047663231,0.25984251968503935,1.0
AC007278.1,-1.0139286873370348,0.6456692913385826,1.0
SLC9A4,-1.6343004955173397,0.29133858267716534,1.0
MFSD9,-0.7267638506141463,0.6220472440944882,1.0
MRPS9,0.45590234689901665,0.7007874015748031,1.0
TGFBRAP1,0.4280760935299819,0.7874015748031497,1.0
C2orf49,-1.728620417403571,0.29133858267716534,1.0
NCK2,0.20906850737566618,0.7952755905511811,1.0
UXS1,-0.5253167227850915,0.7637795275590551,1.0
GCC2,-1.5319340400786592,0.31496062992125984,1.0
LIMS1,-0.6979407703406162,0.905511811023622,1.0
RANBP2,1.529236167953039,0.023622047244094488,1.0
SEPT10,1.3793548833908797,0.47244094488188976,1.0
SOWAHC,0.43476897793405045,0.84251968503937,1.0
BCL2L11,1.2565148413524687,0.4330708661417323,1.0
MIR4435-2HG,-0.051086958890384615,0.9921259842519685,1.0
TMEM87B,-0.6747786865695975,0.6456692913385826,1.0
ZC3H8,0.5425166714707776,0.7165354330708661,1.0
ZC3H6,-0.9505356890341776,0.905511811023622,1.0
TTL,-1.8935362592578424,0.12598425196850394,1.0
CHCHD5,1.1905469263238027,0.4409448818897638,1.0
AC079922.1,-0.6408093858213046,0.5669291338582677,1.0
SLC20A1,-0.7053899740454659,0.7795275590551181,1.0
CKAP2L,0.39650651633025835,0.6850393700787402,1.0
IL1A,0.22518359065557725,0.8976377952755905,1.0
IL1B,0.03455137607273784,0.984251968503937,1.0
AC079753.1,0.3921700739361649,0.7874015748031497,1.0
IL36G,2.920072412790022,0.1732283464566929,1.0
IL36A,0.6629376054931126,0.84251968503937,1.0
IL36RN,0.6654399362534598,0.84251968503937,1.0
IL1RN,1.3835376753382462,0.10236220472440945,1.0
PSD4,-1.2082893192120485,0.5354330708661418,1.0
PAX8-AS1,1.240952541504351,0.2755905511811024,1.0
CBWD2,-1.4633167407426497,0.2755905511811024,1.0
SLC35F5,-0.2956554224518113,0.6062992125984252,1.0
AC110769.2,-0.5813148355846409,0.7637795275590551,1.0
ACTR3,-0.2524837277333205,0.49606299212598426,1.0
DDX18,0.4824337123523694,0.31496062992125984,1.0
AC009404.1,-0.9943648278630435,0.4251968503937008,1.0
CCDC93,-0.39640882711148695,0.7165354330708661,1.0
AC009303.4,-1.9857570684300714,0.1732283464566929,1.0
INSIG2,1.2372374211080297,0.4566929133858268,1.0
C2orf76,-0.10328967298308944,0.9212598425196851,1.0
DBI,-0.25153216795726596,0.8582677165354331,1.0
PTPN4,-0.7092204420325641,0.6220472440944882,1.0
TMEM185B,-0.2107789937715423,1.0,1.0
RALB,0.3941677584194716,0.4330708661417323,1.0
CLASP1,-0.40771655230649717,0.8582677165354331,1.0
NIFK,-0.2743417164793054,0.905511811023622,1.0
TSN,0.8809926036618574,0.4881889763779528,1.0
YWHAZP2,-1.6756911461404274,0.09448818897637795,1.0
GYPC,-1.982788187593198,0.1732283464566929,1.0
BIN1,-0.3402379207593338,0.9212598425196851,1.0
ERCC3,0.9662442582734228,0.5590551181102362,1.0
MAP3K2,-0.6028863622874248,0.5118110236220472,1.0
IWS1,-0.16496449717370165,0.7559055118110236,1.0
WDR33,-0.39994861583454533,0.6535433070866141,1.0
POLR2D,1.3273409701398726,0.33070866141732286,1.0
AMMECR1L,-0.7963232887745832,0.5826771653543307,1.0
AC012306.2,-2.779121943314322,0.015748031496062992,1.0
SAP130,-3.3942434027037307,0.023622047244094488,1.0
UGGT1,-1.1488257507170312,0.4409448818897638,1.0
MZT2B,-1.336776471547629,0.44881889763779526,1.0
CCDC115,1.4778907103933039,0.30708661417322836,1.0
IMP4,0.306380860822969,0.7795275590551181,1.0
PTPN18,-0.18084449965278449,0.968503937007874,1.0
FAM168B,-2.9761635351703735,0.05511811023622047,1.0
PLEKHB2,-1.2727136237404313,0.6614173228346457,1.0
RHOQP2,-0.37604256539895276,0.7637795275590551,1.0
MZT2A,-0.8398641910128009,0.6220472440944882,1.0
MGAT5,-0.785628457087149,0.2204724409448819,1.0
CCNT2,-0.3366237379515442,0.8503937007874016,1.0
RAB3GAP1,-1.330344848202361,0.30708661417322836,1.0
ZRANB3,-0.6171080399434881,0.6062992125984252,1.0
R3HDM1,0.7378566257983186,0.5275590551181102,1.0
UBXN4,-1.0793162774681893,0.023622047244094488,1.0
MCM6,0.34093299591023585,0.8110236220472441,1.0
DARS,-1.838925810213646,0.08661417322834646,1.0
DARS-AS1,-2.0027821535493873,0.2283464566929134,1.0
CXCR4,-0.21855485731545876,0.8582677165354331,1.0
HNRNPKP2,0.5749612660325816,0.6692913385826772,1.0
HNMT,-0.09510922800590627,1.0,1.0
SPOPL,-0.48269070400800285,0.13385826771653545,1.0
ARHGAP15,0.5916215390836292,0.6062992125984252,1.0
MTND4P22,0.5394247229321381,0.7637795275590551,1.0
AC092652.2,-0.554055007757289,0.7480314960629921,1.0
GTDC1,0.4944188872368054,0.6377952755905512,1.0
ZEB2,-0.10168513594791584,0.9921259842519685,1.0
AC009951.1,0.9186384074540531,0.7244094488188977,1.0
MBD5,0.3042331206452138,0.84251968503937,1.0
EPC2,-2.127149314925158,0.2440944881889764,1.0
MMADHC,1.586128062493719,0.2283464566929134,1.0
RND3,1.180246207729469,0.7244094488188977,1.0
RBM43,-0.3108686986382052,0.8582677165354331,1.0
NMI,-1.772442183812097,0.4566929133858268,1.0
TNFAIP6,-1.7860220985940725,0.6220472440944882,1.0
RN7SL124P,0.6505572428492169,0.6850393700787402,1.0
RIF1,1.0164234804616696,0.6141732283464567,1.0
ARL5A,0.9488153465312648,0.3700787401574803,1.0
CACNB4,-0.6522038733707323,0.6062992125984252,1.0
STAM2,-1.4256661896890717,0.29133858267716534,1.0
PRPF40A,-1.474561412295449,0.5433070866141733,1.0
ARL6IP6,-1.5215512685270283,0.3779527559055118,1.0
NR4A2,-1.3391469567038188,0.7795275590551181,1.0
GPD2,-0.953833366488757,0.5433070866141733,1.0
ERMN,0.8303756233765252,0.4645669291338583,1.0
CYTIP,-0.3207672227282714,0.952755905511811,1.0
PKP4,-2.2433225719352947,0.14960629921259844,1.0
DAPL1,1.6381566161507835,0.4094488188976378,1.0
BAZ2B,-0.7852778282888195,0.2125984251968504,1.0
AC009506.1,-0.18457123497071581,0.905511811023622,1.0
MARCH7,-1.5911374594026073,0.3700787401574803,1.0
CD302,-0.49326694151727146,0.7480314960629921,1.0
LY75,-2.1172167877103587,0.06299212598425197,1.0
RBMS1,-0.0316499103467045,0.9291338582677166,1.0
TANK,-0.11715507703180172,0.7637795275590551,1.0
PSMD14,1.5022631330192038,0.33858267716535434,1.0
AC009487.2,1.7596667806905049,0.11811023622047244,1.0
IFIH1,0.1310530009386861,0.937007874015748,1.0
GCA,-0.526185425745604,0.7007874015748031,1.0
KCNH7,1.4612352091413257,0.2125984251968504,1.0
COBLL1,0.22844232570283662,0.84251968503937,1.0
GALNT3,-2.4320719690596104,0.1732283464566929,1.0
TTC21B,0.41758951101989283,0.84251968503937,1.0
SCN9A,-2.3476935653428486,0.05511811023622047,1.0
STK39,1.5911221776646642,0.31496062992125984,1.0
CERS6,-0.7336239498096768,0.6062992125984252,1.0
DHRS9,-1.5638140355033272,0.2440944881889764,1.0
PPIG,-0.1836751643394683,0.905511811023622,1.0
SSB,-0.8161866401610305,0.5984251968503937,1.0
UBR3,0.3961466356196235,0.7716535433070866,1.0
EIF2S2P4,-1.1911310534284205,0.2755905511811024,1.0
GORASP2,0.6635229305928667,0.47244094488188976,1.0
TLK1,-0.10095465147045157,0.7244094488188977,1.0
AC007969.1,-1.9926683247054195,0.09448818897637795,1.0
CYBRD1,0.8913024957304767,0.5196850393700787,1.0
DYNC1I2,2.2150360932741804,0.18110236220472442,1.0
SLC25A12,-2.287879205571329,0.03937007874015748,1.0
HAT1,0.18730390589902512,0.7952755905511811,1.0
ITGA6,2.0245996463888263,0.09448818897637795,1.0
AC078883.2,-0.9046267453304961,0.7244094488188977,1.0
AC078883.1,1.6558003845129603,0.25196850393700787,1.0
PDK1,0.2698501408584226,0.84251968503937,1.0
MAP3K20,1.9239238066470041,0.28346456692913385,1.0
SP3,-1.352629797765963,0.41732283464566927,1.0
OLA1,1.0235846908672488,0.5511811023622047,1.0
CIR1,-0.44944568221260184,0.33858267716535434,1.0
SCRN3,0.21478230439944568,0.84251968503937,1.0
GPR155,1.4236289666739799,0.48031496062992124,1.0
WIPF1,-0.6369263280487019,0.6299212598425197,1.0
H3F3AP4,-0.04583113807756778,0.9448818897637795,1.0
ATF2,-0.15323677603521402,0.889763779527559,1.0
ATP5G3,0.053133551555821334,0.9212598425196851,1.0
LNPK,-1.4634046687287436,0.33858267716535434,1.0
AC016739.1,-0.9497833072606312,0.1889763779527559,1.0
MTX2,-0.5131107648884725,0.6929133858267716,1.0
HNRNPA3,-0.3196771953395423,0.952755905511811,1.0
NFE2L2,0.23205949611213406,0.7401574803149606,1.0
DNAJC19P5,-0.11028658174680928,1.0,1.0
AC079305.1,-0.059299602534377716,1.0,1.0
AGPS,0.2142958046134842,0.8661417322834646,1.0
PRKRA,-0.4839034849651698,0.84251968503937,1.0
PLEKHA3,-0.48993516832474393,0.7874015748031497,1.0
TTN,-0.1068291613389678,0.952755905511811,1.0
SESTD1,-2.4798206646728316,0.14173228346456693,1.0
CWC22,1.541522040296604,0.31496062992125984,1.0
FTH1P20,0.07579987705566715,0.9212598425196851,1.0
UBE2E3,0.40320922593473885,0.5984251968503937,1.0
ITGA4,0.18253472735509613,0.889763779527559,1.0
CERKL,0.8579506801230385,0.5118110236220472,1.0
SAP18P2,-1.9599857656877364,0.06299212598425197,1.0
SSFA2,-2.010869944074037,0.10236220472440945,1.0
DNAJC10,0.8973529613096334,0.5039370078740157,1.0
NCKAP1,1.1593213974730303,0.5590551181102362,1.0
AC096667.1,0.07284330396369665,0.937007874015748,1.0
ZNF804A,-1.1908126689187124,0.4094488188976378,1.0
ZC3H15,-0.040266168351085874,0.952755905511811,1.0
ITGAV,0.6929957157234279,0.5433070866141733,1.0
CALCRL,2.666322439938893,0.1732283464566929,1.0
COL3A1,0.84191160468629,0.5748031496062992,1.0
COL5A2,-0.09093845024358549,1.0,1.0
WDR75,-0.15191442389074217,1.0,1.0
SLC40A1,-2.164953595181206,0.12598425196850394,1.0
ASNSD1,-1.2408132321860563,0.23622047244094488,1.0
ORMDL1,0.7487343416275083,0.5826771653543307,1.0
PMS1,-0.7979682377162233,0.4015748031496063,1.0
HNRNPCP2,-0.9574147315748105,0.905511811023622,1.0
HIBCH,-1.0018431192432258,0.30708661417322836,1.0
INPP1,-0.7536027160999286,0.5748031496062992,1.0
MFSD6,1.4991515703305294,0.33070866141732286,1.0
AC006460.2,-0.8471982058189684,0.33858267716535434,1.0
NAB1,1.062754124559734,0.49606299212598426,1.0
GLS,-1.2645229644167761,0.5590551181102362,1.0
STAT1,-0.5134921019077421,0.5669291338582677,1.0
STAT4,-2.15208301738336,0.031496062992125984,1.0
NABP1,0.6727799955965779,0.3858267716535433,1.0
STK17B,-0.7612008578095928,0.5905511811023622,1.0
AC114760.2,-0.6938215753685737,0.5905511811023622,1.0
HECW2,0.7676054479909107,0.6535433070866141,1.0
GTF3C3,-0.22561800956559086,0.8582677165354331,1.0
ANKRD44,-1.5291024321823699,0.4251968503937008,1.0
SF3B1,-0.08785909975466932,0.8976377952755905,1.0
COQ10B,-0.9716482143274039,0.7322834645669292,1.0
HSPD1,-1.2257097899003053,0.6377952755905512,1.0
HSPE1,-1.5643721952536702,0.1968503937007874,1.0
MOB4,-0.13085415909529496,0.9291338582677166,1.0
RFTN2,-0.6555663452127638,0.5905511811023622,1.0
C2orf69,0.7690964493677019,0.6456692913385826,1.0
SPATS2L,1.0990719444615054,0.5669291338582677,1.0
KCTD18,-1.0955800872065957,0.44881889763779526,1.0
BZW1,0.05614148924592355,0.968503937007874,1.0
CLK1,-1.6524579283527387,0.44881889763779526,1.0
PPIL3,-1.1982198810870854,0.4094488188976378,1.0
NIF3L1,0.2436522435466606,0.8582677165354331,1.0
ORC2,1.596193234333441,0.14173228346456693,1.0
FAM126B,0.3048621271316412,0.5826771653543307,1.0
NDUFB3,-1.242275813307904,0.6614173228346457,1.0
CFLAR,-0.3374375099393525,0.8818897637795275,1.0
CFLAR-AS1,-0.5313252003475561,0.7165354330708661,1.0
CASP10,0.046930531337729064,0.968503937007874,1.0
CASP8,-0.2639746176246911,0.5984251968503937,1.0
TRAK2,0.28424857069242515,0.7322834645669292,1.0
STRADB,0.15478001090676674,0.9212598425196851,1.0
SUMO1,-0.20034771917036664,0.6771653543307087,1.0
NOP58,1.4424288990872474,0.1968503937007874,1.0
BMPR2,-0.6397547720215719,0.6141732283464567,1.0
FAM117B,-0.5988603057184063,0.6299212598425197,1.0
WDR12,1.4845038152945622,0.3700787401574803,1.0
NBEAL1,-2.2804689048270674,0.13385826771653545,1.0
CYP20A1,1.156635739028993,0.4330708661417323,1.0
ABI2,-0.869672427573029,0.4330708661417323,1.0
CD28,0.2605963695527693,0.7165354330708661,1.0
CTLA4,1.0609623324439719,0.5118110236220472,1.0
ICOS,0.46563344635975246,0.7007874015748031,1.0
INO80D,-1.500255603288756,0.2755905511811024,1.0
NDUFS1,0.2955350441790623,0.84251968503937,1.0
EEF1B2,0.1940269067197118,0.84251968503937,1.0
FASTKD2,0.6751486654413985,0.5748031496062992,1.0
KLF7,-1.4891667867590277,0.3464566929133858,1.0
CREB1,-1.0392628348331971,0.10236220472440945,1.0
METTL21A,-1.3439487629108187,0.4251968503937008,1.0
CCNYL1,-0.869335719486644,0.5354330708661418,1.0
PLEKHM3,-2.567932211849403,0.11023622047244094,1.0
IDH1,-0.11947312198650595,0.9212598425196851,1.0
PIKFYVE,-0.8133154575129962,0.7244094488188977,1.0
RPE,0.9245994121301548,0.7244094488188977,1.0
KANSL1L,-2.333357817870892,0.08661417322834646,1.0
LANCL1,-1.443865355163106,0.23622047244094488,1.0
IKZF2,0.8106783269306468,0.5984251968503937,1.0
SPAG16,-0.010481220958293846,1.0,1.0
BARD1,-0.8969408528248389,0.3858267716535433,1.0
ATIC,1.143222620769626,0.33070866141732286,1.0
FN1,0.2708396674181285,0.84251968503937,1.0
MREG,-0.48549984780535693,0.8818897637795275,1.0
PECR,-1.0067293847075882,0.4015748031496063,1.0
XRCC5,-1.1945565996021141,0.6456692913385826,1.0
SMARCAL1,-0.6171080399434881,0.6062992125984252,1.0
RPL37A,0.09550506568504957,0.8976377952755905,1.0
IGFBP5,-0.8523721299149587,0.6850393700787402,1.0
CXCR2,0.21854844827516295,0.84251968503937,1.0
CXCR1,0.14714813126873594,0.9291338582677166,1.0
ARPC2,-0.11609802069871833,0.7086614173228346,1.0
AAMP,0.46371581496916514,0.8267716535433071,1.0
PNKD,-1.4683555032406148,0.33070866141732286,1.0
TMBIM1,0.44332994819415283,0.5669291338582677,1.0
CATIP,-1.3159600474951278,0.30708661417322836,1.0
SLC11A1,1.3878582473509429,0.29133858267716534,1.0
CTDSP1,-0.22030952951397076,0.6929133858267716,1.0
USP37,0.7153519920892326,0.5590551181102362,1.0
CNOT9,-0.5593437386616418,0.7401574803149606,1.0
ZNF142,0.9001499370989731,0.44881889763779526,1.0
STK36,-0.7222331450283767,0.5669291338582677,1.0
TTLL4,0.0027497858087048854,0.984251968503937,1.0
CYP27A1,-0.7635144805999659,0.6062992125984252,1.0
CNPPD1,-2.5768892050356795,0.08661417322834646,1.0
RETREG2,-0.5346074233011588,0.18110236220472442,1.0
ZFAND2B,0.2774716285953276,0.8346456692913385,1.0
ATG9A,-2.3030994024833418,0.2440944881889764,1.0
ANKZF1,0.579547044219145,0.7165354330708661,1.0
STK16,-1.0098681514459473,0.48031496062992124,1.0
TUBA4A,0.20251284084772614,0.9606299212598425,1.0
DNAJB2,0.11244371799470931,0.905511811023622,1.0
DNPEP,-0.42377124357316065,0.7637795275590551,1.0
GMPPA,1.7957344680183374,0.1732283464566929,1.0
CHPF,0.3096100704602065,0.8267716535433071,1.0
EPHA4,0.32062766382334607,0.7795275590551181,1.0
AC016712.1,-1.5028695105930803,0.2440944881889764,1.0
ACSL3,-0.5314549498676406,0.968503937007874,1.0
WDFY1,-1.9182984677868435,0.2440944881889764,1.0
MRPL44,-3.562934444892884,0.015748031496062992,1.0
SERPINE2,2.114789202906301,0.1732283464566929,1.0
CUL3,-0.632948937354957,0.3700787401574803,1.0
DOCK10,-1.0532842018587654,0.4645669291338583,1.0
RHBDD1,-1.3519708325903197,0.4330708661417323,1.0
MFF,-1.1434457699679372,0.36220472440944884,1.0
AGFG1,-1.2924642258330552,0.5039370078740157,1.0
CCL20,0.8159421706292864,0.5748031496062992,1.0
TRIP12,0.5948862213010218,0.031496062992125984,1.0
SLC16A14,-0.34370329788326404,0.7244094488188977,1.0
SP110,-1.214914273067464,0.7637795275590551,1.0
SP140,-0.3272797341909621,0.7165354330708661,1.0
SP140L,0.7316055464929958,0.3779527559055118,1.0
SP100,-1.573674195312436,0.7244094488188977,1.0
TPM3P8,0.752044121374988,0.4330708661417323,1.0
CAB39,-0.5234413943733625,0.30708661417322836,1.0
ITM2C,-0.46796040016644014,0.7952755905511811,1.0
PSMD1,-0.9286129244932178,0.5748031496062992,1.0
AC018738.1,1.0820382786110123,0.4881889763779528,1.0
AC017104.3,-0.6527999415840107,0.5669291338582677,1.0
NCL,0.797720369950353,0.25196850393700787,1.0
PTMA,0.3227491647362468,0.6456692913385826,1.0
PDE6D,-0.9440340263257971,0.41732283464566927,1.0
COPS7B,-1.3262065626417479,0.2440944881889764,1.0
DIS3L2,0.22346431361409536,0.84251968503937,1.0
EIF4E2,0.27670516512346666,0.6850393700787402,1.0
GIGYF2,0.7008269253275667,0.5433070866141733,1.0
INPP5D,-1.6202177827889086,0.3858267716535433,1.0
ATG16L1,-1.5776806286071356,0.09448818897637795,1.0
DGKD,-0.5246773142626413,0.7401574803149606,1.0
ARL4C,-0.3202479105458327,0.6929133858267716,1.0
COPS8,-0.9756658856302312,0.5433070866141733,1.0
COL6A3,0.9197308047443107,0.5196850393700787,1.0
LRRFIP1,-0.27722077472721196,0.905511811023622,1.0
RBM44,-1.1943700953097296,0.30708661417322836,1.0
UBE2F,-0.12309672861406895,0.9212598425196851,1.0
ILKAP,-0.4811755976552523,0.7637795275590551,1.0
PER2,-1.5860633304633651,0.14960629921259844,1.0
HDAC4,-1.50697127596003,0.2125984251968504,1.0
NDUFA10,0.3656040874978528,0.6692913385826772,1.0
COPS9,0.6678707083802271,0.6299212598425197,1.0
DUSP28,-3.2753377818783713,0.047244094488188976,1.0
RNPEPL1,-1.9763725660415234,0.2440944881889764,1.0
CAPN10,-1.039829794144764,0.3228346456692913,1.0
C2orf54,1.785905666945873,0.2755905511811024,1.0
MTERF4,0.3734442601122625,0.8740157480314961,1.0
PPP1R7,0.2862612537313929,0.7795275590551181,1.0
HDLBP,0.06321367108354092,0.9133858267716536,1.0
SEPT2,-1.470688065290255,0.4251968503937008,1.0
FARP2,-1.8114495888104734,0.1732283464566929,1.0
STK25,0.4289447172581591,0.7637795275590551,1.0
THAP4,1.2831612873216653,0.3700787401574803,1.0
ATG4B,-3.1205189208565627,0.07086614173228346,1.0
DTYMK,-1.2416772652692551,0.44881889763779526,1.0
ING5,-0.998153334893686,0.3543307086614173,1.0
LINC01881,-0.38506722107062674,0.7322834645669292,1.0
TRNT1,-1.4291122674294479,0.2677165354330709,1.0
CRBN,0.3489839520778846,0.8110236220472441,1.0
SUMF1,-1.1102666043522191,0.3937007874015748,1.0
ITPR1,1.4090756543332845,0.33858267716535434,1.0
BHLHE40,1.3916818569463754,0.06299212598425197,1.0
ARL8B,0.07092032311083063,0.937007874015748,1.0
EDEM1,-0.8031416837392635,0.7322834645669292,1.0
THUMPD3-AS1,-2.7311622602320527,0.11023622047244094,1.0
THUMPD3,-1.305603564538126,0.33858267716535434,1.0
SETD5,0.15212300373316,0.7795275590551181,1.0
MTMR14,-1.3869993837120935,0.36220472440944884,1.0
TADA3,-1.8459296110767869,0.3543307086614173,1.0
ARPC4,-0.7778215075838002,0.48031496062992124,1.0
TTLL3,-0.5887221322919245,0.6692913385826772,1.0
RPUSD3,1.2483739412247026,0.5275590551181102,1.0
JAGN1,1.255704969474714,0.31496062992125984,1.0
CRELD1,0.5209700904616261,0.6850393700787402,1.0
AC018809.2,-0.8341145967831454,0.4881889763779528,1.0
EMC3,-1.1386876147198053,0.48031496062992124,1.0
CIDECP,0.6723362877912651,0.5275590551181102,1.0
FANCD2,-1.8559141143399829,0.09448818897637795,1.0
BRK1,-0.3277811179052579,0.7086614173228346,1.0
VHL,-0.649553844546233,0.3858267716535433,1.0
IRAK2,0.5967275397277771,0.6614173228346457,1.0
TATDN2,0.5369016395158486,0.7007874015748031,1.0
LINC00852,-1.4490067291142914,0.29133858267716534,1.0
GHRLOS,-1.0575420421181572,0.3228346456692913,1.0
SEC13,0.4598956555205671,0.8110236220472441,1.0
HRH1,1.0460950707763854,0.4645669291338583,1.0
ATG7,0.3043138566783612,0.7952755905511811,1.0
VGLL4,1.3673255426700444,0.31496062992125984,1.0
MKRN2,-0.7483612864586284,0.5275590551181102,1.0
RAF1,-1.8771659544772819,0.2992125984251969,1.0
TMEM40,2.6447425414389336,0.1732283464566929,1.0
RPL32,-0.38266586686821213,0.6377952755905512,1.0
IQSEC1,1.8304116268124018,0.25196850393700787,1.0
NUP210,0.308074388912972,0.7637795275590551,1.0
TMEM43,0.23020423582462168,0.6377952755905512,1.0
XPC,-0.3554146907523503,0.8346456692913385,1.0
LSM3,-1.2728719022345878,0.3937007874015748,1.0
SLC6A6,0.08396638724528405,0.9133858267716536,1.0
CCDC174,1.8678722012639604,0.07874015748031496,1.0
FGD5-AS1,-0.5089210323060902,0.9133858267716536,1.0
NR2C2,-1.5952865089277082,0.30708661417322836,1.0
MRPS25,1.4984980984792848,0.14173228346456693,1.0
RBSN,-1.0497349074111102,0.41732283464566927,1.0
CAPN7,1.7341911530403333,0.10236220472440945,1.0
SH3BP5-AS1,-1.051421275370302,0.33858267716535434,1.0
SH3BP5,0.8536967559831601,0.5433070866141733,1.0
METTL6,0.14103244858519548,0.968503937007874,1.0
EAF1,-1.907119445660081,0.25196850393700787,1.0
BTD,-0.5213447908950986,0.7401574803149606,1.0
ANKRD28,0.2842540849031949,0.7322834645669292,1.0
DPH3,-0.36551744112224505,0.5984251968503937,1.0
OXNAD1,2.1729076877395603,0.14173228346456693,1.0
RFTN1,0.8238914581312927,0.7244094488188977,1.0
PLCL2,-2.7399512644268667,0.015748031496062992,1.0
TBC1D5,-1.773438129574306,0.29133858267716534,1.0
SATB1,-0.17770504531520892,0.7559055118110236,1.0
RAB5A,0.3527630478944568,0.4881889763779528,1.0
KAT2B,0.9989978014169791,0.14960629921259844,1.0
HMGB1P5,0.058754283687336706,0.952755905511811,1.0
UBE2E2,1.122724191937783,0.4015748031496063,1.0
UBE2E1,-0.3663099593286603,0.8110236220472441,1.0
NKIRAS1,-2.4141334093695708,0.10236220472440945,1.0
RPL15,0.1300292569376129,0.8976377952755905,1.0
NR1D2,-1.5275134942274065,0.25984251968503935,1.0
TOP2B,0.09809985578356617,0.937007874015748,1.0
NGLY1,-0.05224587690276783,0.984251968503937,1.0
SLC4A7,0.6746005992291078,0.6220472440944882,1.0
AC098614.1,1.0879318833686744,0.4409448818897638,1.0
LINC02084,0.4361873819290998,0.6850393700787402,1.0
EOMES,0.14064913755269481,1.0,1.0
CMC1,-0.7265511036368006,0.5748031496062992,1.0
AZI2,-0.7586095302270341,0.5433070866141733,1.0
TGFBR2,-0.35069360496788704,0.5748031496062992,1.0
AC096921.2,1.422986739196919,0.15748031496062992,1.0
STT3B,0.6584352458393168,0.41732283464566927,1.0
GPD1L,-2.249168339721662,0.09448818897637795,1.0
CMTM7,-2.2630265659131044,0.07874015748031496,1.0
CMTM6,-0.21756722566261466,0.6850393700787402,1.0
DYNC1LI1,-1.4280504067391062,0.3858267716535433,1.0
RPL30P4,-0.4422404714892876,0.5433070866141733,1.0
CNOT10,-0.46126864922356203,0.8818897637795275,1.0
GLB1,-0.6755248904781563,0.7874015748031497,1.0
TMPPE,0.01541274994888897,0.9763779527559056,1.0
CRTAP,-0.5936648823633606,0.7637795275590551,1.0
UBP1,-0.012964388722262576,0.984251968503937,1.0
CLASP2,-1.061597426168631,0.3700787401574803,1.0
PDCD6IP,-1.4281065721234754,0.41732283464566927,1.0
TRANK1,-0.9956863974258958,0.6062992125984252,1.0
EPM2AIP1,-2.1209158940699915,0.2204724409448819,1.0
MLH1,0.28367180295342553,0.8582677165354331,1.0
LRRFIP2,-0.44430364191874805,0.6377952755905512,1.0
GOLGA4,-0.0014444374074695787,1.0,1.0
TCEA1P2,0.6957359261779001,0.5669291338582677,1.0
ITGA9,-0.09901881968303639,1.0,1.0
CTDSPL,-2.880590061387305,0.09448818897637795,1.0
VILL,0.4431401552189178,0.7795275590551181,1.0
ACAA1,-0.46755520620487845,0.905511811023622,1.0
MYD88,-0.3352490972451596,0.6692913385826772,1.0
OXSR1,-1.035149231051057,0.7795275590551181,1.0
WDR48,0.010527442485286365,1.0,1.0
GORASP1,1.003912620265342,0.5275590551181102,1.0
TTC21A,-0.7889659644653879,0.5748031496062992,1.0
CSRNP1,0.6277009401473226,0.49606299212598426,1.0
AC092053.3,0.2513400051753556,0.7952755905511811,1.0
AC092053.2,1.452042300800727,0.1968503937007874,1.0
CX3CR1,-2.1167335232719857,0.14960629921259844,1.0
SLC25A38,-1.1076724919929104,0.4094488188976378,1.0
RPSA,-0.19191350966378273,0.8346456692913385,1.0
EIF1B,-1.6744651574510225,0.30708661417322836,1.0
RPL14,0.19533618412189924,0.84251968503937,1.0
ZNF621,0.799923726876126,0.3700787401574803,1.0
AC099560.2,-0.13308240188602394,0.8110236220472441,1.0
CTNNB1,-0.49933207523613454,0.31496062992125984,1.0
TRAK1,1.4115342139124811,0.29133858267716534,1.0
SEC22C,-1.1886615850340625,0.3858267716535433,1.0
SS18L2,0.580087778653052,0.44881889763779526,1.0
NKTR,-1.1001964896692966,0.6535433070866141,1.0
LINC02158,1.1300005972793936,0.48031496062992124,1.0
HIGD1A,0.11103304875245001,0.9606299212598425,1.0
SNRK,-1.1168054752128551,0.6456692913385826,1.0
ANO10,0.2780614211388479,0.8582677165354331,1.0
ABHD5,-0.7067686180827266,0.905511811023622,1.0
TCAIM,1.8236704906182815,0.11023622047244094,1.0
LINC00694,0.5912456876558192,0.5905511811023622,1.0
ZNF445,-0.5118919656547458,0.8976377952755905,1.0
ZNF197,-2.0042668903382186,0.09448818897637795,1.0
KIAA1143,0.06124755655873182,0.984251968503937,1.0
TMEM42,-2.264465846055617,0.05511811023622047,1.0
ZDHHC3,-0.7619539401890059,0.3700787401574803,1.0
SACM1L,0.10890886249962817,0.905511811023622,1.0
LZTFL1,-0.28669627165746303,0.84251968503937,1.0
XCR1,1.9396576943179649,0.29133858267716534,1.0
CCR3,-0.9879274778547731,0.5826771653543307,1.0
CCR1,1.1969023347829504,0.49606299212598426,1.0
CCR5,1.2854444190593375,0.3543307086614173,1.0
CCRL2,-0.1256648927664079,0.952755905511811,1.0
LTF,-5.613088865892921,0.07874015748031496,1.0
CCDC12,-1.0735264449120852,0.4566929133858268,1.0
NBEAL2,-1.896016231917256,0.2755905511811024,1.0
SETD2,0.3403797782014033,0.5354330708661418,1.0
KLHL18,0.9053040287784642,0.5354330708661418,1.0
AC099778.1,0.26383315366166427,0.8976377952755905,1.0
PTPN23,-1.9047849614506034,0.2204724409448819,1.0
SCAP,0.19386927512404162,0.8110236220472441,1.0
SMARCC1,1.0142308625109617,0.6299212598425197,1.0
MAP4,-0.100916833059987,0.905511811023622,1.0
NDUFB1P1,-0.3984082396952715,0.7322834645669292,1.0
CAMP,-5.247104502570047,0.08661417322834646,1.0
NME6,-1.4382788198875802,0.13385826771653545,1.0
SPINK8,0.12081979391910358,1.0,1.0
TMA7,-0.4741383854353809,0.7322834645669292,1.0
SHISA5,-0.3055757605588374,0.5196850393700787,1.0
PFKFB4,-1.1808484613235803,0.4645669291338583,1.0
UQCRC1,1.0107032361571864,0.49606299212598426,1.0
SLC26A6,-2.6753052608872654,0.05511811023622047,1.0
NCKIPSD,-0.652727623876569,0.6062992125984252,1.0
IP6K2,-0.1947348157690496,0.8740157480314961,1.0
PRKAR2A,-0.9199647109781273,0.6220472440944882,1.0
SLC25A20,-0.4481923304782307,0.7086614173228346,1.0
ARIH2,0.3005396817216379,0.8346456692913385,1.0
NDUFAF3,0.39319286943255705,0.7795275590551181,1.0
IMPDH2,-1.7799376886203686,0.14960629921259844,1.0
QRICH1,1.029089179475211,0.4094488188976378,1.0
QARS,-1.1221370701062776,0.5275590551181102,1.0
USP19,-1.6318366589131181,0.2677165354330709,1.0
LAMB2,-0.27509366531604207,0.84251968503937,1.0
KLHDC8B,0.6481163666538483,0.7637795275590551,1.0
C3orf62,-1.2097564180289773,0.5118110236220472,1.0
USP4,-1.4619993437598335,0.29133858267716534,1.0
GPX1,0.12564340943193297,0.84251968503937,1.0
RHOA,0.1403409803469131,0.7165354330708661,1.0
TCTA,-2.5521349684011625,0.08661417322834646,1.0
APEH,-1.9210478368439117,0.2755905511811024,1.0
GMPPB,0.09286287633871537,1.0,1.0
IP6K1,-3.4852460395475853,0.06299212598425197,1.0
UBA7,-2.5562814745726414,0.08661417322834646,1.0
RBM6,-0.7463698792547024,0.7322834645669292,1.0
RBM5,-1.3708376404964255,0.4566929133858268,1.0
GNAI2,-0.8921927238665344,0.4094488188976378,1.0
TUSC2,0.018852463622170745,0.968503937007874,1.0
RASSF1,-0.5282278824390647,0.6929133858267716,1.0
NPRL2,-0.21838980225151527,0.84251968503937,1.0
CYB561D2,-1.5450095592537507,0.30708661417322836,1.0
HEMK1,-0.6986673011692056,0.5433070866141733,1.0
CISH,0.13644707607452577,1.0,1.0
MAPKAPK3,-0.3446474530312109,0.49606299212598426,1.0
LINC02019,-1.3413612389849805,0.2440944881889764,1.0
MANF,-0.34130917064906807,0.8188976377952756,1.0
RBM15B,1.8438773205584846,0.13385826771653545,1.0
RAD54L2,0.7244088676658318,0.5905511811023622,1.0
ABHD14B,-2.2018427826981415,0.09448818897637795,1.0
RPL29,0.20375962447326668,0.7637795275590551,1.0
ALAS1,-0.4206421490275374,0.7874015748031497,1.0
TWF2,-0.6686535448642661,0.7322834645669292,1.0
PPM1M,-0.4579265769011771,0.8582677165354331,1.0
WDR82,-0.2017508602717175,0.7874015748031497,1.0
DNAH1,1.3216114739623195,0.25196850393700787,1.0
AC092045.1,0.7463045533564241,0.5118110236220472,1.0
BAP1,0.4990446047655279,0.7480314960629921,1.0
NISCH,-1.6555280289101626,0.11811023622047244,1.0
NT5DC2,0.703490514536802,0.5748031496062992,1.0
SMIM4,0.38568430028617007,0.9606299212598425,1.0
PBRM1,0.06843706152075946,0.952755905511811,1.0
GNL3,2.1370069882128595,0.05511811023622047,1.0
GLT8D1,-0.19279867873445733,0.8740157480314961,1.0
SPCS1,-0.3381193063001158,0.6220472440944882,1.0
NEK4,0.3958936601584586,0.7637795275590551,1.0
RFT1,-0.47367138705451217,0.6850393700787402,1.0
PRKCD,-1.4875475390452406,0.6456692913385826,1.0
TKT,-0.6397381393562238,0.47244094488188976,1.0
DCP1A,-1.1265383183598683,0.5196850393700787,1.0
ACTR8,-1.2517330456036517,0.2755905511811024,1.0
SELENOK,0.6378666752001179,0.10236220472440945,1.0
WNT5A,-0.7099658891299052,0.6850393700787402,1.0
CCDC66,-1.4586772901610778,0.2755905511811024,1.0
FAM208A,-0.36307509845499464,0.5748031496062992,1.0
ARHGEF3,-1.758079640272201,0.18110236220472442,1.0
APPL1,0.05996512099865292,0.952755905511811,1.0
PDE12,-0.6127151237388224,0.6929133858267716,1.0
ARF4,0.31604488816188336,0.3858267716535433,1.0
DENND6A,-0.6325303847612518,0.6220472440944882,1.0
SLMAP,-0.6584262931847977,0.905511811023622,1.0
FLNB,1.8785151910511368,0.2125984251968504,1.0
DNASE1L3,2.591973672514026,0.10236220472440945,1.0
ABHD6,2.1689657249668985,0.09448818897637795,1.0
RPP14,-0.4615486566375866,0.7637795275590551,1.0
PXK,-0.07967170743513563,0.905511811023622,1.0
PDHB,0.2623033526102865,0.8346456692913385,1.0
RPL10AP6,-0.7045394088958217,0.2047244094488189,1.0
THOC7,-0.43740538213022884,0.6535433070866141,1.0
ATXN7,-2.0214320186157364,0.1968503937007874,1.0
PSMD6-AS2,0.25293764077817316,0.7637795275590551,1.0
PSMD6,-0.9200540855102819,0.8740157480314961,1.0
LRIG1,0.013150513010069087,1.0,1.0
SUCLG2,-0.9082016483485633,0.5905511811023622,1.0
PSMC1P1,0.41382158027649574,0.8031496062992126,1.0
EOGT,0.25000004935324216,0.8267716535433071,1.0
TMF1,-0.698143004072679,0.9763779527559056,1.0
UBA3,0.614573840788498,0.7322834645669292,1.0
ARL6IP5,-0.2472014821873163,0.7401574803149606,1.0
FRMD4B,0.8505405821061416,0.33858267716535434,1.0
FOXP1,-0.8427416808514856,0.905511811023622,1.0
EIF4E3,-0.10871491785243581,0.7559055118110236,1.0
GPR27,0.2607926714861346,0.7480314960629921,1.0
PROK2,0.47813905227655695,0.8110236220472441,1.0
LINC00877,-0.27672984981475146,0.9448818897637795,1.0
RYBP,0.2614500095702086,0.6456692913385826,1.0
GXYLT2,-1.6086545267591132,0.13385826771653545,1.0
FTH1P23,-1.5040990340673481,0.25196850393700787,1.0
PPP4R2,-1.5657418060782362,0.5118110236220472,1.0
EBLN2,-1.0564289572031553,0.44881889763779526,1.0
HNRNPA3P6,0.4815892797290693,0.4015748031496063,1.0
AC026877.1,-0.21052108714889606,0.9212598425196851,1.0
GBE1,-1.7935460033840318,0.1732283464566929,1.0
CHMP2B,-1.5178973743119597,0.3464566929133858,1.0
CGGBP1,-2.1683698115670067,0.36220472440944884,1.0
ZNF654,-1.8245671418199643,0.28346456692913385,1.0
C3orf38,-0.36665085856807034,0.8818897637795275,1.0
PROS1,-0.07027240626702347,0.9212598425196851,1.0
ARL13B,-1.3115427482401334,0.3543307086614173,1.0
STX19,1.4334220233820039,0.4015748031496063,1.0
NSUN3,1.9150921668322476,0.13385826771653545,1.0
HNRNPKP4,-0.08124497446089496,0.905511811023622,1.0
MTRNR2L12,-2.420563135428306,0.023622047244094488,1.0
CLDND1,0.6503282284411824,0.11811023622047244,1.0
CPOX,0.7759589715627312,0.3700787401574803,1.0
ST3GAL6,-0.7563522645786094,0.6692913385826772,1.0
TBC1D23,-0.43320714720054543,0.1889763779527559,1.0
NIT2,-0.8082629423364024,0.5669291338582677,1.0
TOMM70,0.37818869345483774,0.7874015748031497,1.0
TMEM45A,-1.068018959806095,0.5590551181102362,1.0
TFG,0.3389916237701094,0.5984251968503937,1.0
SENP7,0.21972345820992523,0.905511811023622,1.0
AC110994.2,-1.1046561832745958,0.4330708661417323,1.0
TRMT10C,-0.12906481898302347,1.0,1.0
PCNP,1.0396627405197352,0.6771653543307087,1.0
AC073861.1,-0.21359903300368277,0.7165354330708661,1.0
ZBTB11,0.18242074459459356,0.905511811023622,1.0
RPL24,0.5647951421327013,0.5433070866141733,1.0
CEP97,-1.323711895438782,0.36220472440944884,1.0
NXPE3,-3.0489489641452456,0.023622047244094488,1.0
NFKBIZ,-0.121292059787514,0.8346456692913385,1.0
ALCAM,0.35155578312345037,0.7637795275590551,1.0
CBLB,1.0267407222526908,0.3858267716535433,1.0
BBX,-1.0463599101323098,0.6929133858267716,1.0
CD47,-1.1211499107477456,0.07086614173228346,1.0
LINC01215,0.684893621453339,0.44881889763779526,1.0
IFT57,-0.24811854852369608,1.0,1.0
TRAT1,1.51808047414022,0.1732283464566929,1.0
CD96,0.04755181144807841,0.952755905511811,1.0
ZBED2,2.0255340090886103,0.29133858267716534,1.0
ABHD10,-0.12950869186670722,0.9212598425196851,1.0
ATG3,-1.4639270384672258,0.7952755905511811,1.0
SLC35A5,-1.249166409464662,0.4566929133858268,1.0
CCDC80,-0.6210050403241854,0.6850393700787402,1.0
CD200R1,-1.084865188815021,0.7244094488188977,1.0
GTPBP8,-1.12344877529182,0.44881889763779526,1.0
NEPRO,0.9751508984809734,0.4566929133858268,1.0
SIDT1,0.32241942149177194,0.7952755905511811,1.0
USF3,-1.476494075594938,0.1889763779527559,1.0
NAA50,0.057411543763553397,0.905511811023622,1.0
ATP6V1A,0.04287897821567288,0.9212598425196851,1.0
GRAMD1C,0.9838947549694819,0.5039370078740157,1.0
QTRT2,0.7379747464857238,0.5275590551181102,1.0
TIGIT,-0.18227974573470274,0.952755905511811,1.0
ZBTB20,-2.2349801023538354,0.13385826771653545,1.0
BZW1P2,0.32084796140626537,0.7007874015748031,1.0
B4GALT4,-0.8456084222163381,0.5275590551181102,1.0
ARHGAP31,1.2489933629238326,0.25196850393700787,1.0
TMEM39A,-1.4462095087649038,0.3543307086614173,1.0
TIMMDC1,-0.24454930141883535,0.952755905511811,1.0
COX17,-0.2024373282266989,0.7401574803149606,1.0
GSK3B,0.30743975214957864,0.2125984251968504,1.0
LRRC58,0.30302450434750394,0.8188976377952756,1.0
FSTL1,1.8752278370875357,0.18110236220472442,1.0
NDUFB4,0.388087303642461,0.6299212598425197,1.0
RABL3,-1.14982673338731,0.2440944881889764,1.0
FBXO40,-0.854484439869822,0.4881889763779528,1.0
HCLS1,-0.6245872529999783,0.6141732283464567,1.0
RN7SL172P,1.0007068766072167,0.4566929133858268,1.0
GOLGB1,0.08570544517640588,0.8582677165354331,1.0
IQCB1,-1.15205901566343,0.4409448818897638,1.0
EAF2,-2.919223467993282,0.047244094488188976,1.0
CD86,-0.47988340607897095,0.6850393700787402,1.0
CSTA,0.5625887860154393,0.7322834645669292,1.0
FAM162A,1.091160811702868,0.3700787401574803,1.0
KPNA1,-1.9771818782596844,0.25984251968503935,1.0
PARP9,-1.8742383575413015,0.3937007874015748,1.0
DTX3L,0.6577205808679318,0.3858267716535433,1.0
PARP15,-2.1302957007415966,0.06299212598425197,1.0
PARP14,-1.5154365539327754,0.5275590551181102,1.0
HSPBAP1,1.0444583263997291,0.5433070866141733,1.0
DIRC2,-1.5118017745181063,0.25984251968503935,1.0
LINC02035,0.05691468145705603,0.968503937007874,1.0
SEC22A,-0.564785068381672,0.6377952755905512,1.0
HACD2,-0.10202995739249432,1.0,1.0
MYLK,1.2234765599903543,0.4094488188976378,1.0
KALRN,0.7897613989122878,0.7637795275590551,1.0
HEG1,0.7065931932370475,0.6220472440944882,1.0
ZNF148,1.6128249091489772,0.18110236220472442,1.0
SNX4,-0.9928047780403042,0.5039370078740157,1.0
OSBPL11,-1.0372545849010324,0.8031496062992126,1.0
ZXDC,-0.9759614489865238,0.5511811023622047,1.0
PLXNA1,0.18472278196662373,0.9212598425196851,1.0
TPRA1,-0.5269345483106571,0.7165354330708661,1.0
ABTB1,-0.2811312921388822,0.6299212598425197,1.0
MGLL,1.1148553770455045,0.4881889763779528,1.0
SEC61A1,0.21947150783354252,0.8582677165354331,1.0
RPN1,0.2399277516668139,0.7637795275590551,1.0
RAB7A,-0.2732385110019564,0.6299212598425197,1.0
FTH1P4,-2.010814343222167,0.09448818897637795,1.0
ACAD9,-0.4787187150738518,0.6850393700787402,1.0
KIAA1257,-0.07004477366758355,0.9291338582677166,1.0
ISY1,0.970214294467759,0.5748031496062992,1.0
CNBP,0.3204879952058617,0.13385826771653545,1.0
COPG1,1.920304442375055,0.12598425196850394,1.0
HMCES,1.1027350276208896,0.3858267716535433,1.0
RPL32P3,0.5699889055257258,0.6062992125984252,1.0
EFCAB12,0.6982894453825315,0.6220472440944882,1.0
MBD4,-0.21853858682456817,0.937007874015748,1.0
PLXND1,2.3938178101805936,0.1732283464566929,1.0
TMCC1,0.2965365792959762,0.6377952755905512,1.0
AC083799.1,-0.9341739090225376,0.6220472440944882,1.0
PIK3R4,1.3266336653115054,0.2677165354330709,1.0
ATP2C1,-0.7893603460254957,0.5354330708661418,1.0
NUDT16,0.4021114852288772,0.7795275590551181,1.0
MRPL3,-0.9470937448243277,0.4015748031496063,1.0
ACPP,0.9784078313876985,0.4094488188976378,1.0
DNAJC13,-0.9280865490121246,0.5511811023622047,1.0
UBA5,0.012401289365711943,0.9763779527559056,1.0
NPHP3,-0.6542686419181694,0.5748031496062992,1.0
CDV3,0.8881255594940125,0.25196850393700787,1.0
TOPBP1,-0.5438273266293421,0.7086614173228346,1.0
SRPRB,2.8070905737134337,0.13385826771653545,1.0
SLCO2A1,1.6804157664996855,0.2125984251968504,1.0
RYK,-1.403799355602009,0.2440944881889764,1.0
ANAPC13,-1.2228030749594936,0.3543307086614173,1.0
CEP63,-0.9730085016119503,0.7322834645669292,1.0
EPHB1,-0.4933825996071719,0.7007874015748031,1.0
KY,-0.6430376058529306,0.6850393700787402,1.0
PPP2R3A,0.28031529139844213,0.7637795275590551,1.0
MSL2,0.7695766380417393,0.7716535433070866,1.0
PCCB,-0.45016047090854083,0.6850393700787402,1.0
STAG1,-1.1463499709565146,0.5275590551181102,1.0
NCK1,-0.6493823870693363,0.6692913385826772,1.0
IL20RB,0.8493474145575344,0.5748031496062992,1.0
DBR1,-1.0149198216355195,0.3700787401574803,1.0
ARMC8,0.45215823954572576,0.6535433070866141,1.0
PIK3CB,-1.2312591586704529,0.5039370078740157,1.0
MRPS22,1.82194701350582,0.2283464566929134,1.0
COPB2,1.0739426090269522,0.06299212598425197,1.0
RBP1,0.6376732338106805,0.6850393700787402,1.0
SLC25A36,-0.43569840809676563,0.7480314960629921,1.0
ZBTB38,0.09311752489993852,0.9763779527559056,1.0
RASA2,-0.6407807465587743,0.9763779527559056,1.0
RNF7,-0.7327287833582155,0.7874015748031497,1.0
ATP1B3,1.8534249449058207,0.031496062992125984,1.0
TFDP2,-0.7200770296627588,0.6377952755905512,1.0
AC133435.1,0.982515130431513,0.5669291338582677,1.0
GK5,0.01527756600076735,0.984251968503937,1.0
XRN1,-0.8673937286304056,0.11811023622047244,1.0
ATR,-0.08595289661794148,0.952755905511811,1.0
PCOLCE2,0.28790724372764387,0.7244094488188977,1.0
AC021074.1,-0.403766187122915,0.8503937007874016,1.0
U2SURP,-0.3859496986152431,0.5590551181102362,1.0
CHST2,-0.9804703820891212,0.33070866141732286,1.0
C3orf58,-0.8137903667018374,0.5826771653543307,1.0
AC069528.2,0.8208845113720133,0.6220472440944882,1.0
PLSCR1,0.18473041631275855,0.6692913385826772,1.0
CPA3,-0.9391979771569865,0.48031496062992124,1.0
GYG1,-0.9464366418982184,0.7007874015748031,1.0
TM4SF1,2.491732093567533,0.2755905511811024,1.0
WWTR1,-0.5625931853425523,0.6850393700787402,1.0
COMMD2,0.36865854027150924,0.8346456692913385,1.0
RNF13,-0.9297252114875354,0.9763779527559056,1.0
PFN2,-0.8844347788737391,0.5669291338582677,1.0
TSC22D2,-1.3240228006473345,0.11811023622047244,1.0
SERP1,-0.200352147590527,0.6141732283464567,1.0
EIF2A,1.0100641801538206,0.5511811023622047,1.0
SELENOT,-0.9500166057135981,0.7637795275590551,1.0
SIAH2,-0.34622194618336444,0.6456692913385826,1.0
AC020636.1,-0.015271391504386722,1.0,1.0
GPR171,-1.1086330542853307,0.44881889763779526,1.0
P2RY14,-0.42170836692863034,0.7795275590551181,1.0
GPR87,2.1165778044745,0.1732283464566929,1.0
P2RY13,-0.9216433316308317,0.4251968503937008,1.0
AC108718.1,-2.0234841534180306,0.13385826771653545,1.0
MBNL1,-0.43670547301960205,0.3937007874015748,1.0
RAP2B,1.2898191833332984,0.4566929133858268,1.0
DHX36,-0.933826901613692,0.5039370078740157,1.0
MME,0.08912098280501457,0.8818897637795275,1.0
SLC33A1,-1.1645750274437965,0.33858267716535434,1.0
GMPS,-0.23189237496118642,0.9212598425196851,1.0
SETP14,0.07839626571359815,0.84251968503937,1.0
SSR3,1.478000755811033,0.4251968503937008,1.0
TIPARP,0.5591204175029638,0.18110236220472442,1.0
LEKR1,-0.2293946445077415,0.8582677165354331,1.0
CCNL1,-0.3902438314125085,0.6299212598425197,1.0
AC092944.1,-0.8952208410222351,0.6220472440944882,1.0
PTX3,-0.3718752554810072,0.8582677165354331,1.0
RSRC1,-1.5868304019836197,0.2283464566929134,1.0
LXN,-0.6690144900121282,0.6062992125984252,1.0
MFSD1,-0.5025549011371231,0.3228346456692913,1.0
BRD7P2,-1.302665612255875,0.2755905511811024,1.0
SMC4,-0.27317452192792624,0.8740157480314961,1.0
KPNA4,-0.3521841862944468,0.3228346456692913,1.0
KRT8P12,-1.2201332846756026,0.4645669291338583,1.0
NMD3,0.7345059078956213,0.5905511811023622,1.0
PDCD10,0.04799397252845772,0.9212598425196851,1.0
GOLIM4,0.2943169573776112,0.7952755905511811,1.0
AC074033.1,-0.09045955643350112,0.9606299212598425,1.0
MYNN,-0.9950376855603196,0.5511811023622047,1.0
SEC62,-0.07886708457994995,0.9212598425196851,1.0
GPR160,-1.4488889753011565,0.5433070866141733,1.0
PHC3,-0.4890131610579904,0.7165354330708661,1.0
PRKCI,2.1260428312534194,0.14173228346456693,1.0
SKIL,0.007353896928814052,1.0,1.0
RPL22L1,1.3798581924704427,0.2677165354330709,1.0
EIF5A2,-0.69127460171236,0.4330708661417323,1.0
TNIK,-1.7269856983199674,0.28346456692913385,1.0
PLD1,0.00446588054163044,1.0,1.0
FNDC3B,0.6167635347797642,0.4251968503937008,1.0
TNFSF10,-0.1673731714591291,0.8740157480314961,1.0
ECT2,0.2249424461659335,0.84251968503937,1.0
UBE2V1P2,0.8124462126538817,0.3700787401574803,1.0
TBL1XR1,1.1995587620988877,0.5748031496062992,1.0
ZMAT3,0.712879400696599,0.4645669291338583,1.0
PIK3CA,0.09514908885934403,0.889763779527559,1.0
LRRFIP1P1,-0.5182602362923454,0.6062992125984252,1.0
ZNF639,-1.2824627976904923,0.3543307086614173,1.0
MFN1,0.030685708407022005,0.952755905511811,1.0
GNB4,-1.6771035945241675,0.1889763779527559,1.0
MRPL47,-0.7717652063955631,0.6692913385826772,1.0
NDUFB5,-0.4516732475796421,0.7874015748031497,1.0
TTC14,-0.20969498869173586,0.905511811023622,1.0
AC108734.3,-1.3067735998530376,0.29133858267716534,1.0
FXR1,-0.12653295625426608,0.7480314960629921,1.0
ATP11B,-1.4059317583200022,0.5354330708661418,1.0
DCUN1D1,-0.09999189724617352,0.8740157480314961,1.0
MCCC1,-0.5761243816077921,0.6062992125984252,1.0
LAMP3,-0.31058744195728893,0.9212598425196851,1.0
B3GNT5,0.8472812220273251,0.49606299212598426,1.0
LINC00888,-0.42644719103887274,0.7637795275590551,1.0
KLHL6,-0.9512227962615434,0.5511811023622047,1.0
KLHL24,-1.343638772116233,0.14960629921259844,1.0
YEATS2,0.7273765819030558,0.5275590551181102,1.0
PARL,1.718986707841888,0.23622047244094488,1.0
ABCC5,0.056321443618669864,0.937007874015748,1.0
EIF2B5,-1.6345079274692103,0.30708661417322836,1.0
AC131235.1,0.21308633850722458,0.8503937007874016,1.0
DVL3,0.5964649413854044,0.3700787401574803,1.0
AP2M1,0.008697022770169482,0.9606299212598425,1.0
ABCF3,-0.8462992195871393,0.4330708661417323,1.0
ALG3,-1.6924976963240679,0.28346456692913385,1.0
PSMD2,-0.03359977505986933,0.9448818897637795,1.0
EIF4G1,-0.1834583078805876,0.7637795275590551,1.0
FAM131A,0.6465656161397155,0.5826771653543307,1.0
MAGEF1,-0.9436517402744682,0.5905511811023622,1.0
VPS8,0.030314735456832054,0.984251968503937,1.0
MAP3K13,-1.4523725911718381,0.16535433070866143,1.0
RPL4P4,1.6371907087027617,0.25984251968503935,1.0
TMEM41A,-0.8034981033836697,0.36220472440944884,1.0
SENP2,-0.44396606045719267,0.7637795275590551,1.0
TRA2B,-1.5904437532621563,0.4015748031496063,1.0
ETV5,1.114518818542474,0.3700787401574803,1.0
TBCCD1,-2.096036044321011,0.05511811023622047,1.0
DNAJB11,0.8531508913829482,0.16535433070866143,1.0
FETUB,2.1580780851403807,0.29133858267716534,1.0
EIF4A2,-0.1789439834239026,0.7480314960629921,1.0
RFC4,0.6703618594311584,0.5748031496062992,1.0
RPS20P14,-0.5911201177256018,0.6535433070866141,1.0
ST6GAL1,-1.478488064914318,0.36220472440944884,1.0
BCL6,0.38275813044420914,0.7322834645669292,1.0
BCL6-AS1,0.9357352053909374,0.3937007874015748,1.0
LINC01991,1.3026236010150538,0.29133858267716534,1.0
LPP-AS2,-3.0932162572393076,0.015748031496062992,1.0
LPP,0.30122313678099477,0.6850393700787402,1.0
TPRG1,2.600165033196956,0.2125984251968504,1.0
IL1RAP,0.2587078861956078,0.9606299212598425,1.0
GCNT1P3,1.1306071390816337,0.41732283464566927,1.0
CCDC50,0.9722769637166647,0.5275590551181102,1.0
OPA1,1.1294838647106928,0.4330708661417323,1.0
HES1,2.580628472256226,0.1889763779527559,1.0
ATP13A3,2.0232494395767437,0.41732283464566927,1.0
LINC00884,0.07214869979715077,1.0,1.0
AC108676.1,0.6398210242766365,0.48031496062992124,1.0
TMEM44-AS1,-1.8496455117504655,0.09448818897637795,1.0
LSG1,-2.562766938725433,0.07874015748031496,1.0
FAM43A,3.1863020145654795,0.015748031496062992,1.0
ACAP2,-0.2731378931202375,0.6692913385826772,1.0
PPP1R2,0.08560824899696318,0.889763779527559,1.0
LINC00969,-0.12525034649585942,0.952755905511811,1.0
TNK2,-2.3275809507803165,0.2125984251968504,1.0
TFRC,0.8029784466087211,0.6377952755905512,1.0
ZDHHC19,0.5697954889972463,0.7165354330708661,1.0
SLC51A,0.6595878067977416,0.5905511811023622,1.0
PCYT1A,-0.39719804581238805,0.30708661417322836,1.0
UBXN7,0.15446628176838217,0.8346456692913385,1.0
RNF168,-1.0928022611189125,0.5039370078740157,1.0
RPS29P3,-0.009199353825170009,1.0,1.0
WDR53,-1.883344818218769,0.09448818897637795,1.0
FBXO45,-1.8389289941580094,0.2677165354330709,1.0
PIGX,-1.661756039886856,0.2283464566929134,1.0
CEP19,-1.7021895101208564,0.3543307086614173,1.0
PAK2,0.12345339539867872,0.8267716535433071,1.0
SENP5,0.4381539179299505,0.6220472440944882,1.0
NCBP2,0.906424602645453,0.4881889763779528,1.0
DLG1,-0.7118044530289649,0.6535433070866141,1.0
BDH1,-0.5444109653733017,0.8818897637795275,1.0
AC132008.2,-0.3060024637522314,0.6692913385826772,1.0
RUBCN,-0.7903236117653387,0.25984251968503935,1.0
FYTTD1,-1.8074643485100514,0.30708661417322836,1.0
LRCH3,-0.1374261846783158,0.8976377952755905,1.0
AC144530.1,-0.03490255197016667,1.0,1.0
IQCG,-0.2948998060613881,0.9212598425196851,1.0
RPL35A,-0.03501527750765909,0.9448818897637795,1.0
LMLN,-0.7522766102836169,0.5118110236220472,1.0
FAM157A,0.37242168500271466,0.84251968503937,1.0
ZNF721,-1.3634062999054728,0.2992125984251969,1.0
PIGG,-0.7523026050425472,0.5748031496062992,1.0
ATP5I,1.469319663533319,0.28346456692913385,1.0
PCGF3,-0.2665371944541093,0.7322834645669292,1.0
GAK,-0.36652240049035356,0.7952755905511811,1.0
TMEM175,-1.6960043815232606,0.2440944881889764,1.0
DGKQ,-2.8953708136425504,0.023622047244094488,1.0
SPON2,-3.3713114882740745,0.015748031496062992,1.0
CTBP1,-0.9652078593379487,0.5984251968503937,1.0
MAEA,0.6497331333523721,0.5433070866141733,1.0
UVSSA,0.14677240718909923,0.889763779527559,1.0
SLBP,0.6059545482350428,0.5433070866141733,1.0
TACC3,0.5738998185351143,0.6377952755905512,1.0
LETM1,0.6010242177383969,0.6535433070866141,1.0
NSD2,0.6453612195415612,0.5748031496062992,1.0
NELFA,-0.28096561465329817,0.84251968503937,1.0
MXD4,-1.37759682086745,0.29133858267716534,1.0
RNF4,-0.26428799972570394,0.8582677165354331,1.0
FAM193A,-0.19347064002866476,0.889763779527559,1.0
TNIP2,1.7484153636018602,0.15748031496062992,1.0
SH3BP2,0.4500007330436189,0.6692913385826772,1.0
ADD1,0.9811192490435392,0.7874015748031497,1.0
MFSD10,-3.029841852935178,0.13385826771653545,1.0
LRPAP1,-1.5673701467523058,0.1732283464566929,1.0
LYAR,-1.3313631519043088,0.30708661417322836,1.0
NSG1,-0.2535160221405568,1.0,1.0
WFS1,1.3995458109289272,0.4094488188976378,1.0
PPP2R2C,1.0590247112911866,0.5275590551181102,1.0
MAN2B2,1.425023986492202,0.11023622047244094,1.0
MRFAP1,-1.7732297453523662,0.2440944881889764,1.0
S100P,-2.8760959778340043,0.2283464566929134,1.0
MRFAP1L1,0.24410426692017717,0.889763779527559,1.0
BLOC1S4,-3.2911585164134634,0.015748031496062992,1.0
KIAA0232,-0.9362050291214032,0.15748031496062992,1.0
TBC1D14,0.6404557343047674,0.5590551181102362,1.0
TADA2B,-0.87390134434398,0.6850393700787402,1.0
GRPEL1,1.4826131920945222,0.25984251968503935,1.0
ACOX3,0.22153557213056874,0.9212598425196851,1.0
SLC2A9,-1.0735758159608513,0.29133858267716534,1.0
AC005674.2,-0.428880487118688,0.8110236220472441,1.0
WDR1,-0.497513480399018,0.4881889763779528,1.0
ZNF518B,-1.361318235941368,0.33858267716535434,1.0
RAB28,-0.5842451240543214,0.7007874015748031,1.0
BOD1L1,-0.12875946695653084,0.905511811023622,1.0
CPEB2,-0.6695486813442351,0.8346456692913385,1.0
CC2D2A,-0.029499186967059998,1.0,1.0
AC116651.1,-1.6128872577250113,0.3700787401574803,1.0
FBXL5,-1.6768892772841397,0.5590551181102362,1.0
FAM200B,-0.15355549337636099,0.9606299212598425,1.0
BST1,-1.8769301767004087,0.31496062992125984,1.0
CD38,0.7233784374765118,0.7165354330708661,1.0
FGFBP2,-1.4783463301500341,0.29133858267716534,1.0
TAPT1,-0.4869127520704444,0.937007874015748,1.0
LAP3,-1.3271584514385513,0.3543307086614173,1.0
MED28,-1.0371524226879947,0.5275590551181102,1.0
DCAF16,-0.3730142418964295,0.8267716535433071,1.0
LCORL,-0.16679594480695425,1.0,1.0
AC114728.1,-0.8691190577143835,0.4330708661417323,1.0
CDC42P6,-0.8068179997269076,0.6692913385826772,1.0
DHX15,-0.8870370662255977,0.6299212598425197,1.0
SOD3,-0.6515154421626776,0.6850393700787402,1.0
SEPSECS-AS1,-1.0531070968686207,0.3779527559055118,1.0
ANAPC4,-0.7819776448908349,0.5669291338582677,1.0
SEL1L3,0.4780497512780659,0.7637795275590551,1.0
SMIM20,0.6308351521256932,0.6850393700787402,1.0
RBPJ,-1.0940569026020803,0.9763779527559056,1.0
STIM2,-1.6809059463581102,0.2125984251968504,1.0
ARAP2,-0.8353511606441675,0.5748031496062992,1.0
PGM2,0.32802389267470655,0.7086614173228346,1.0
TBC1D1,-1.5592353341904968,0.30708661417322836,1.0
KLF3,-1.3284605916994412,0.6614173228346457,1.0
TLR10,1.0590919536106984,0.4330708661417323,1.0
TLR1,0.8382318738346664,0.4645669291338583,1.0
TLR6,1.6396069458107148,0.41732283464566927,1.0
FAM114A1,1.0002178243490039,0.6062992125984252,1.0
TMEM156,-0.9110729834486784,0.41732283464566927,1.0
KLHL5,0.6083436937372388,0.6535433070866141,1.0
WDR19,-1.1438197318029864,0.44881889763779526,1.0
RFC1,-1.1443792502445818,0.44881889763779526,1.0
RPL9,-0.10834309592005198,0.889763779527559,1.0
LIAS,1.1807942962660511,0.36220472440944884,1.0
UGDH,-0.18970113890654106,1.0,1.0
SMIM14,-1.010765202573456,0.6535433070866141,1.0
UBE2K,0.13875703473822387,0.8740157480314961,1.0
PDS5A,0.9454059302139313,0.6141732283464567,1.0
N4BP2,-1.9538016875440338,0.12598425196850394,1.0
RHOH,-1.694739641189896,0.31496062992125984,1.0
RBM47,0.8915215695867023,0.3779527559055118,1.0
NSUN7,0.47103527678765555,0.7165354330708661,1.0
TMEM33,0.07852434842958811,0.9212598425196851,1.0
SLC30A9,-0.3665418437400838,0.8582677165354331,1.0
ATP8A1,-2.074258059078155,0.16535433070866143,1.0
NDUFB4P12,-1.7860372704193646,0.2440944881889764,1.0
GUF1,-0.4835292749361617,0.7795275590551181,1.0
RAC1P2,0.13216210914022497,0.8503937007874016,1.0
COMMD8,0.08476995719509217,0.937007874015748,1.0
ATP10D,-1.2748216159263257,0.28346456692913385,1.0
NFXL1,0.34260809477679244,0.7716535433070866,1.0
CNGA1,0.5229249624797911,0.7637795275590551,1.0
TEC,-1.9706503584773918,0.09448818897637795,1.0
SLAIN2,0.0038046633814206032,0.9921259842519685,1.0
FRYL,-1.5352057593854012,0.23622047244094488,1.0
OCIAD1,-1.2389695674691152,0.4094488188976378,1.0
OCIAD2,-2.3155852809293602,0.06299212598425197,1.0
DCUN1D4,-0.07075625381900941,0.9212598425196851,1.0
USP46,0.5889083062105083,0.6850393700787402,1.0
DANCR,-1.8356077484375932,0.18110236220472442,1.0
FIP1L1,-2.615442642466641,0.05511811023622047,1.0
CHIC2,0.3786759676940097,0.6299212598425197,1.0
SRD5A3,1.266880945975198,0.36220472440944884,1.0
TMEM165,-0.9478144758772604,0.7007874015748031,1.0
CLOCK,0.7004077001614166,0.6692913385826772,1.0
NMU,0.7988591782934833,0.7244094488188977,1.0
EXOC1,-2.009412469564058,0.023622047244094488,1.0
CEP135,-0.3942777344741395,0.8110236220472441,1.0
PAICS,2.00707073036216,0.1889763779527559,1.0
SRP72,-1.0121285292333262,0.6141732283464567,1.0
HOPX,0.6690692353663943,0.8346456692913385,1.0
REST,-0.340563152976495,0.6299212598425197,1.0
NOA1,-0.8753492938935028,0.3937007874015748,1.0
POLR2B,-0.8454946277749293,0.5511811023622047,1.0
IGFBP7,2.363459231254858,0.07874015748031496,1.0
AC115223.1,1.639066988519958,0.4251968503937008,1.0
AC116049.1,-0.650489218694787,0.6692913385826772,1.0
CENPC,0.5993708969931468,0.7244094488188977,1.0
STAP1,0.878259446524636,0.4881889763779528,1.0
UBA6,-0.24854415562180332,0.905511811023622,1.0
TMPRSS11D,1.8632968915369457,0.3700787401574803,1.0
TMPRSS11A,0.5457525531858074,0.7637795275590551,1.0
TMPRSS11BNL,2.2559174761184253,0.1732283464566929,1.0
TMPRSS11B,-0.11854617679460633,1.0,1.0
YTHDC1,-0.0012929437918343112,1.0,1.0
TMPRSS11E,0.7325538720714302,0.6692913385826772,1.0
SULT1B1,-1.3462831825688282,0.5590551181102362,1.0
ODAM,1.2668894937084894,0.44881889763779526,1.0
FDCSP,1.6189042066988604,0.4251968503937008,1.0
JCHAIN,1.452087561527875,0.48031496062992124,1.0
UTP3,0.40720767459846474,0.7480314960629921,1.0
RUFY3,-0.8237455812546681,0.5905511811023622,1.0
GRSF1,-0.3137494662036939,0.8267716535433071,1.0
DCK,-1.1165223294921047,0.4015748031496063,1.0
ANKRD17,0.37127174395154494,0.5354330708661418,1.0
RASSF6,1.4888635081279689,0.3700787401574803,1.0
CXCL8,0.20655981246492772,0.9133858267716536,1.0
CXCL6,-0.34257305294681295,0.8582677165354331,1.0
CXCL1,-0.6358727741833423,0.9921259842519685,1.0
CXCL3,-1.2111322212030249,0.4566929133858268,1.0
CXCL2,-0.640465654276408,0.8110236220472441,1.0
EPGN,-0.20315123587525608,0.84251968503937,1.0
EREG,0.5606038051702331,0.7637795275590551,1.0
AREG,3.2457933151598466,0.023622047244094488,1.0
RCHY1,-2.386992623411844,0.09448818897637795,1.0
THAP6,-1.486531940537248,0.29133858267716534,1.0
G3BP2,1.3175015062324453,0.4015748031496063,1.0
USO1,-0.41786483236036176,0.8661417322834646,1.0
NAAA,-1.5014187319908787,0.29133858267716534,1.0
SDAD1,0.19386640032865987,0.8110236220472441,1.0
NUP54,0.13010095828754253,0.9212598425196851,1.0
SCARB2,0.7493528617908574,0.5984251968503937,1.0
SHROOM3,0.11007942081789124,1.0,1.0
SEPT11,0.47981289667547866,0.6692913385826772,1.0
TXNP6,-2.6422129328010215,0.14173228346456693,1.0
CCNI,-0.13243309610910892,0.47244094488188976,1.0
CCNG2,-1.5766749490846772,0.3228346456692913,1.0
CXCL13,-0.392790352869858,0.7637795275590551,1.0
CNOT6L,0.7535184061027369,0.8267716535433071,1.0
MRPL1,-0.12341339541429353,0.952755905511811,1.0
ANXA3,-1.0376716285309193,0.2992125984251969,1.0
LINC01094,0.4980678772056737,0.8110236220472441,1.0
BMP2K,0.8710726903390631,0.47244094488188976,1.0
ANTXR2,0.6787641464846477,0.5118110236220472,1.0
PRDM8,2.306590157395645,0.2204724409448819,1.0
RASGEF1B,0.2851111375445776,0.8582677165354331,1.0
BIN2P1,0.017012233738721294,1.0,1.0
HNRNPD,-0.09414027836469341,0.8818897637795275,1.0
HNRNPDL,-1.35886759223507,0.6377952755905512,1.0
ENOPH1,-0.8176999860276777,0.3543307086614173,1.0
SEC31A,0.5848700937873801,0.33858267716535434,1.0
THAP9-AS1,-0.46974991015409095,0.47244094488188976,1.0
THAP9,0.36669817735098453,0.7637795275590551,1.0
LIN54,-1.3620910681109457,0.2992125984251969,1.0
COPS4,-0.31417709666950744,0.8582677165354331,1.0
PLAC8,-4.148189089080537,0.07874015748031496,1.0
COQ2,0.3303712012662059,0.8346456692913385,1.0
HPSE,-0.23385737689368957,0.9133858267716536,1.0
HELQ,-2.339856698861851,0.09448818897637795,1.0
GPAT3,-1.0245457666853097,0.6850393700787402,1.0
WDFY3,-0.21838936181118385,1.0,1.0
WDFY3-AS2,1.2087494650657864,0.33070866141732286,1.0
ARHGAP24,-0.8279248863836732,0.6062992125984252,1.0
PTPN13,-0.9556275842056274,0.5354330708661418,1.0
AFF1,0.46424673625966495,0.6535433070866141,1.0
TECRP1,0.0033023685393294144,1.0,1.0
KLHL8,0.01313876296321137,0.984251968503937,1.0
HSD17B11,-1.3473858208028728,0.7401574803149606,1.0
SPARCL1,1.897692121382386,0.2125984251968504,1.0
HSP90AB3P,-2.1830415606993765,0.09448818897637795,1.0
SPP1,1.8711953111855122,0.25196850393700787,1.0
PKD2,-0.9424288738589958,0.4881889763779528,1.0
PPM1K,1.0550805505846679,0.44881889763779526,1.0
HERC6,-0.1813423261929894,0.952755905511811,1.0
HERC5,-1.0959899106735733,0.5748031496062992,1.0
HERC3,-1.724701954039709,0.16535433070866143,1.0
FAM13A-AS1,-1.6865554361984423,0.2440944881889764,1.0
FAM13A,-0.6238947911407646,0.6535433070866141,1.0
GPRIN3,0.7029699214385388,0.5984251968503937,1.0
TMSB4XP8,-1.177604467111741,0.023622047244094488,1.0
SMARCAD1,1.441565802190928,0.41732283464566927,1.0
PDLIM5,1.9420134601825576,0.13385826771653545,1.0
RAP1GDS1,0.8617312138257831,0.5039370078740157,1.0
TSPAN5,-1.6405581877338347,0.2440944881889764,1.0
EIF4E,0.6349867354772707,0.6456692913385826,1.0
METAP1,-0.16116415143039697,0.952755905511811,1.0
ADH5,-0.6233290634433715,0.6220472440944882,1.0
DAPP1,-1.4306573454450326,0.4645669291338583,1.0
LAMTOR3,0.06425765693646568,0.8503937007874016,1.0
DNAJB14,1.450448054492477,0.30708661417322836,1.0
H2AFZ,-1.4580026844715874,0.6062992125984252,1.0
PPP3CA,-1.464494807455031,0.7244094488188977,1.0
SLC39A8,0.061259144696840906,1.0,1.0
NFKB1,0.4416927468903289,0.25984251968503935,1.0
MANBA,-1.7386980807266812,0.14960629921259844,1.0
UBE2D3,0.10751094561308072,0.8661417322834646,1.0
CISD2,-1.497669976900353,0.2283464566929134,1.0
AC004069.1,-0.6681518708228071,0.5984251968503937,1.0
TET2,-0.9454008805988279,0.9606299212598425,1.0
TET2-AS1,0.2959268966065445,0.7795275590551181,1.0
PPA2,0.47122233209601383,0.6062992125984252,1.0
INTS12,0.34749637251364573,0.7637795275590551,1.0
AIMP1,0.05110626775030669,0.984251968503937,1.0
PAPSS1,0.5528140002814634,0.7007874015748031,1.0
SGMS2,0.27836420165047926,0.905511811023622,1.0
LEF1,-1.4724639181056065,0.23622047244094488,1.0
RPL34,-0.16737855635606458,0.7637795275590551,1.0
OSTC,1.4076328459690464,0.33070866141732286,1.0
SEC24B,0.5465764434595832,0.5590551181102362,1.0
CASP6,0.7813433263105931,0.6062992125984252,1.0
PLA2G12A,1.1555535245375486,0.5039370078740157,1.0
GAR1,0.2778473681204612,0.8661417322834646,1.0
HSBP1P2,-1.1244461512102089,0.4094488188976378,1.0
PITX2,0.3145071180100847,0.84251968503937,1.0
FAM241A,-1.3814975777027616,0.33858267716535434,1.0
AP1AR,-1.4586805732296872,0.33070866141732286,1.0
TIFA,-0.8609301471389461,0.07874015748031496,1.0
ALPK1,-1.6982659714970714,0.3700787401574803,1.0
LARP7,-0.7589949913400558,0.12598425196850394,1.0
CAMK2D,1.0371674345082966,0.41732283464566927,1.0
CIR1P2,-1.1941351586837103,0.41732283464566927,1.0
NT5C3AP1,-1.50711284857828,0.29133858267716534,1.0
SNHG8,-1.0944103112090744,0.36220472440944884,1.0
METTL14,-1.2871616866062472,0.28346456692913385,1.0
SEC24D,1.6178810265972143,0.14960629921259844,1.0
USP53,0.518873214857964,0.5354330708661418,1.0
C4orf3,0.3574797638457383,0.5748031496062992,1.0
AC093752.1,2.0020260806753294,0.18110236220472442,1.0
PDE5A,1.1641933389809935,0.3700787401574803,1.0
PRDM5,0.745709562387431,0.5826771653543307,1.0
ANXA5,-0.8091103738883296,0.30708661417322836,1.0
EXOSC9,-0.9404459162750414,0.5039370078740157,1.0
KIAA1109,-1.8449229704396197,0.14960629921259844,1.0
ANKRD50,1.091908484631019,0.4881889763779528,1.0
MFSD8,0.41165090289167594,0.6850393700787402,1.0
ABHD18,0.3444717056069795,0.7322834645669292,1.0
LARP1B,-0.25231943838131654,0.8267716535433071,1.0
PGRMC2,-0.23583934242797833,0.7874015748031497,1.0
JADE1,0.07529681842032909,0.937007874015748,1.0
SCLT1,-1.2876954112580634,0.7559055118110236,1.0
C4orf33,0.1274075750723367,0.9212598425196851,1.0
SLC7A11,0.9253169627921737,0.44881889763779526,1.0
NOCT,-0.5538558250043166,0.6850393700787402,1.0
ELF2,0.0002148106236479208,1.0,1.0
PPP1R14BP3,0.75055194199197,0.6220472440944882,1.0
NDUFC1,-1.8108872329703205,0.2047244094488189,1.0
NAA15,0.6418593967335124,0.5826771653543307,1.0
AC097376.2,-0.850383683324635,0.7716535433070866,1.0
RAB33B,-1.26974424211573,0.4330708661417323,1.0
MGST2,2.2208567296428976,0.05511811023622047,1.0
H3F3AP6,-0.2318986661055611,0.8818897637795275,1.0
MAML3,1.8150981350878457,0.09448818897637795,1.0
SCOC,1.451759039898187,0.41732283464566927,1.0
ELMOD2,-2.9632290735529665,0.031496062992125984,1.0
ZNF330,1.5920958525980047,0.18110236220472442,1.0
IL15,-0.0983217414567864,1.0,1.0
INPP4B,1.5612778847281215,0.2204724409448819,1.0
USP38,1.053495280546945,0.48031496062992124,1.0
GAB1,0.2500403989525273,0.7165354330708661,1.0
SMARCA5,-0.08083515555273646,0.8582677165354331,1.0
ABCE1,-0.21001194339099927,0.905511811023622,1.0
OTUD4,-0.9392060329437721,0.3858267716535433,1.0
RTN3P1,-0.347678218456525,0.5826771653543307,1.0
ZNF827,-0.9456017861487289,0.3228346456692913,1.0
LSM6,-0.35846168927877997,0.7874015748031497,1.0
TMEM184C,-0.512858892519322,0.6929133858267716,1.0
PRMT9,-2.666328620994259,0.05511811023622047,1.0
LRBA,-1.0065062069211141,0.3858267716535433,1.0
RPS3A,0.030784703858712348,0.968503937007874,1.0
SH3D19,-0.8340857109189417,0.6456692913385826,1.0
FBXW7,0.45031759996871834,0.5196850393700787,1.0
TMEM154,-0.07784129634479875,0.84251968503937,1.0
ARFIP1,-1.1855508806826096,0.5590551181102362,1.0
FAM192BP,0.8484552707430925,0.44881889763779526,1.0
TRIM2,-0.16138935587242464,1.0,1.0
TMEM131L,-0.023806864746567236,0.984251968503937,1.0
TLR2,-0.3726016738007747,0.9212598425196851,1.0
RNF175,-0.7061904216056756,0.7165354330708661,1.0
AC020703.1,1.507734442547823,0.1732283464566929,1.0
PLRG1,-1.3342406207421038,0.33858267716535434,1.0
MAP9,0.28031529139844213,0.7637795275590551,1.0
CTSO,-0.10327289949731111,0.9212598425196851,1.0
FTH1P21,0.4436757918431189,0.6929133858267716,1.0
FAM198B,1.6725141492631033,0.25196850393700787,1.0
C4orf46,-0.33718449595135336,0.6850393700787402,1.0
ETFDH,0.6837081077550979,0.6377952755905512,1.0
PPID,-0.4581541345349285,0.7874015748031497,1.0
RAPGEF2,-0.9794222657864129,0.7559055118110236,1.0
NAF1,-0.19141690718630677,0.84251968503937,1.0
TMA16,0.49684316640162307,0.6377952755905512,1.0
MARCH1,-0.6309394353757816,0.6062992125984252,1.0
ANP32C,-1.3336020297362596,0.2125984251968504,1.0
NACA3P,-2.1781298473667663,0.10236220472440945,1.0
TMEM192,-0.8816892470768567,0.44881889763779526,1.0
KLHL2,-1.147250087294121,0.6220472440944882,1.0
GK3P,1.3285939342400535,0.25196850393700787,1.0
MSMO1,-0.5994796249419432,0.7559055118110236,1.0
CPE,1.5739811464376672,0.3700787401574803,1.0
DDX60,-1.2174019039722466,0.3700787401574803,1.0
DDX60L,-1.2150656268040008,0.6456692913385826,1.0
PALLD,0.18551825826706603,0.8582677165354331,1.0
CBR4,-0.4161924839780189,0.7637795275590551,1.0
NEK1,0.32987939663752996,0.7637795275590551,1.0
CLCN3,0.7397449479705023,0.6377952755905512,1.0
HPF1,-1.225019410013533,0.29133858267716534,1.0
GALNT7,-1.1341134987261356,0.44881889763779526,1.0
HMGB2,-1.681016967058798,0.11811023622047244,1.0
SAP30,-2.79999277742033,0.047244094488188976,1.0
FBXO8,1.2596523460342701,0.5669291338582677,1.0
CEP44,-0.8657319634748779,0.5196850393700787,1.0
HPGD,1.0744208172808727,0.4251968503937008,1.0
SPCS3,-0.5810140151184671,0.968503937007874,1.0
NEIL3,-1.0191532149753426,0.4094488188976378,1.0
AGA,0.09131448995036351,0.905511811023622,1.0
DCTD,0.8472651548275887,0.5275590551181102,1.0
CDKN2AIP,-0.3486987866529294,0.9212598425196851,1.0
ING2,0.05120616540662137,0.952755905511811,1.0
RWDD4,0.7753800030190448,0.5590551181102362,1.0
TRAPPC11,-0.47415202521801936,0.6456692913385826,1.0
LINC02362,-1.0804625337116955,0.4094488188976378,1.0
IRF2,-1.2655948152476046,0.7401574803149606,1.0
AC099343.3,-2.471107783756814,0.09448818897637795,1.0
CASP3,0.19090517273946928,0.9291338582677166,1.0
PRIMPOL,1.28846427737553,0.25196850393700787,1.0
CENPU,0.06771699799362407,0.9763779527559056,1.0
ACSL1,-0.9407858453656388,0.937007874015748,1.0
SLED1,0.9869836779736607,0.44881889763779526,1.0
AC084871.1,-0.005451981711352971,1.0,1.0
MIR3945HG,-0.6027227694232549,0.8818897637795275,1.0
MIR3945,0.8547826017847591,0.5984251968503937,1.0
LINC01093,-0.017905146064203903,1.0,1.0
CFAP97,-1.0198712571496285,0.4330708661417323,1.0
UFSP2,0.7855595286308912,0.5433070866141733,1.0
CYP4V2,0.34348332597456066,0.7637795275590551,1.0
AC093909.1,-0.07487814924875158,0.8818897637795275,1.0
LINC01262,1.6822084057525464,0.2125984251968504,1.0
FRG1,-2.119929338132025,0.12598425196850394,1.0
CCDC127,0.8830593505935797,0.44881889763779526,1.0
SDHA,-0.8439445162270792,0.33858267716535434,1.0
PDCD6,-0.2169673018269478,0.8267716535433071,1.0
EXOC3,1.664110723274518,0.1889763779527559,1.0
BRD9,-1.772636408670956,0.2440944881889764,1.0
CLPTM1L,-1.0023182418840029,0.5590551181102362,1.0
LPCAT1,-0.2736383264877196,0.9133858267716536,1.0
NDUFS6,1.0901304871763609,0.5590551181102362,1.0
ICE1,-0.5843109949817911,0.6929133858267716,1.0
MED10,0.07415529023894729,0.9212598425196851,1.0
NSUN2,-0.6239970788349098,0.6535433070866141,1.0
SRD5A1,0.009239886279884812,1.0,1.0
PAPD7,0.6689047734869349,0.6220472440944882,1.0
MTRR,0.1288929420068885,0.968503937007874,1.0
CCT5,-2.918575760946219,0.07086614173228346,1.0
MARCH6,-0.4565545588557418,0.41732283464566927,1.0
ROPN1L,-1.5623373966418943,0.3700787401574803,1.0
LINC01513,-1.8309496499238795,0.09448818897637795,1.0
ANKRD33B,-1.1655277586204387,0.49606299212598426,1.0
DAP,0.1337803199062626,0.889763779527559,1.0
TRIO,-0.2299623502160959,0.9212598425196851,1.0
FAM105A,-3.0469218768730317,0.09448818897637795,1.0
OTULIN,-0.488607121969467,0.6771653543307087,1.0
ANKH,-0.9592312730454466,0.5039370078740157,1.0
ZNF622,-1.3641230523873777,0.41732283464566927,1.0
RETREG1,-1.5197595869690659,0.18110236220472442,1.0
BASP1,-0.16836156540681024,0.9921259842519685,1.0
LINC02217,0.7523637506103804,0.5748031496062992,1.0
HSPD1P1,1.0567867917260179,0.44881889763779526,1.0
MSNP1,0.16446481355172304,0.9212598425196851,1.0
DROSHA,-1.810552680401102,0.09448818897637795,1.0
C5orf22,0.7741807304399896,0.6850393700787402,1.0
GOLPH3,1.057757220376219,0.5196850393700787,1.0
MTMR12,-1.2608561597075263,0.31496062992125984,1.0
ZFR,-2.1400883481910173,0.16535433070866143,1.0
SUB1,-0.430704623158908,0.7086614173228346,1.0
AC010343.1,-0.9977361864935479,0.5826771653543307,1.0
TARS,-3.731260301742446,0.023622047244094488,1.0
RAD1,0.8146738102287492,0.5748031496062992,1.0
DNAJC21,1.2074709490911024,0.3858267716535433,1.0
IL7R,0.8312632535804716,0.5905511811023622,1.0
LMBRD2,-1.4985044442263542,0.14173228346456693,1.0
SKP2,-1.2200869519975523,0.25984251968503935,1.0
NADK2,1.1649076219767034,0.4094488188976378,1.0
SLC1A3,0.8652621523881476,0.7244094488188977,1.0
NIPBL,-0.7042939925584566,0.3779527559055118,1.0
C5orf42,1.1503947112311923,0.33858267716535434,1.0
WDR70,-0.8082629423364024,0.5669291338582677,1.0
RICTOR,0.1825452333298676,0.8188976377952756,1.0
FYB1,-0.6807046593804049,0.8346456692913385,1.0
DAB2,-0.5811703579625815,0.6220472440944882,1.0
INTS6P1,-1.2965838723418313,0.29133858267716534,1.0
TTC33,0.5604714332876772,0.5748031496062992,1.0
PTGER4,-1.7294727020480853,0.3858267716535433,1.0
PRKAA1,-2.4051450520754614,0.1968503937007874,1.0
RPL37,-0.11051099432216027,0.8346456692913385,1.0
CARD6,-1.1992765357938344,0.36220472440944884,1.0
OXCT1,0.7510161739132423,0.5669291338582677,1.0
C5orf51,-1.7850195911608222,0.15748031496062992,1.0
ANXA2R,-0.71384817833566,0.3700787401574803,1.0
AC025171.2,0.40538009515174545,0.8031496062992126,1.0
ZNF131,-0.3674820053953587,0.6929133858267716,1.0
HMGCS1,-1.1677630142955873,0.4330708661417323,1.0
NNT,0.8406492639460519,0.4330708661417323,1.0
MRPS30,-0.9314544942065516,0.3700787401574803,1.0
EMB,-0.2312013659483263,0.9212598425196851,1.0
PARP8,-1.6429176135944648,0.3543307086614173,1.0
ITGA1,1.0991841334413097,0.44881889763779526,1.0
PELO,0.6667201914957426,0.6299212598425197,1.0
MOCS2,-0.9712389148742568,0.6535433070866141,1.0
NDUFS4,-1.0495211807923832,0.3937007874015748,1.0
ARL15,0.48987200588381197,0.7401574803149606,1.0
SNX18,-0.5919675868505916,0.9921259842519685,1.0
GZMA,-0.612991388594792,0.7637795275590551,1.0
DHX29,-0.12472004274236514,0.937007874015748,1.0
SKIV2L2,-0.7409972042676163,0.6141732283464567,1.0
IL6ST,1.541644803574548,0.023622047244094488,1.0
ANKRD55,-0.7129053684301864,0.6062992125984252,1.0
RPL26P19,-0.8188086590136372,0.4015748031496063,1.0
MAP3K1,-0.4332611934410142,0.5039370078740157,1.0
MIER3,0.42826429813015787,0.6692913385826772,1.0
GPBP1,-0.2998475156495388,0.7952755905511811,1.0
PLK2,1.0164835409115214,0.4645669291338583,1.0
GAPT,-1.0732988599409277,0.7244094488188977,1.0
PDE4D,0.13041733897832186,0.937007874015748,1.0
SMIM15,-1.8242160439587534,0.2440944881889764,1.0
ZSWIM6,2.2479617786135893,0.015748031496062992,1.0
AC122718.1,-0.5916452942758048,0.6692913385826772,1.0
KIF2A,0.9987254076681946,0.5275590551181102,1.0
DIMT1,-0.9524809763502291,0.5511811023622047,1.0
IPO11,-1.008960766942452,0.4094488188976378,1.0
SREK1IP1,-0.8407532670755189,0.5511811023622047,1.0
CWC27,-2.269936833598356,0.12598425196850394,1.0
PPWD1,-1.41982088935276,0.10236220472440945,1.0
TRIM23,-0.16723079689896903,0.905511811023622,1.0
SGTB,0.04126438035678959,0.968503937007874,1.0
ERBIN,-1.4054630859978534,0.5590551181102362,1.0
SREK1,0.040042017209629854,0.9763779527559056,1.0
PIK3R1,0.06449475005273353,0.905511811023622,1.0
SLC30A5,0.5788681157164837,0.6220472440944882,1.0
MRPS36,-1.3036809404232503,0.3779527559055118,1.0
CDK7,0.9467854861929981,0.6220472440944882,1.0
CCDC125,-1.2745817372576633,0.08661417322834646,1.0
AK6,-2.4434069237548584,0.08661417322834646,1.0
TAF9,-0.7176471529498718,0.6456692913385826,1.0
RAD17,-0.05412761941182054,0.9763779527559056,1.0
AC139495.3,-0.2521578588043931,0.9212598425196851,1.0
SMN2,-0.4433060331781309,0.6850393700787402,1.0
SMN1,-1.8372374420576794,0.09448818897637795,1.0
NAIP,0.9798498147163932,0.49606299212598426,1.0
BDP1,-0.7772872675705687,0.6377952755905512,1.0
MCCC2,-0.6971559013606068,0.7637795275590551,1.0
MRPS27,0.14142457601672787,1.0,1.0
TNPO1,0.1911354368354683,0.8740157480314961,1.0
FCHO2,-0.5496164262658958,0.6614173228346457,1.0
BTF3,-0.137765307841625,0.8976377952755905,1.0
ANKRA2,-0.40848001980854076,0.6850393700787402,1.0
ENC1,-0.6001711357240497,0.5275590551181102,1.0
HEXB,-0.020968838266617773,1.0,1.0
GFM2,0.5002963388992655,0.6850393700787402,1.0
NSA2,-0.696815362372095,0.4015748031496063,1.0
HMGCR,-0.49255150359199806,0.33070866141732286,1.0
COL4A3BP,-0.24295376055394602,0.6456692913385826,1.0
POLK,-0.5345177984177347,0.7637795275590551,1.0
POC5,-1.4726274785005877,0.18110236220472442,1.0
AC113404.3,-0.060028200966566025,0.9212598425196851,1.0
HMGN2P4,0.0345894234433719,1.0,1.0
IQGAP2,-0.7435650498652135,0.5590551181102362,1.0
F2R,0.5471550449181517,0.7165354330708661,1.0
F2RL1,1.90793088942236,0.2204724409448819,1.0
AGGF1,-0.2833112365082697,0.905511811023622,1.0
WDR41,0.9946597450857413,0.5590551181102362,1.0
TBCA,-0.2604726967791269,0.6535433070866141,1.0
ACTBP2,0.017093887713561573,1.0,1.0
AP3B1,-0.267106311770096,0.30708661417322836,1.0
SCAMP1,-0.7678049672672165,0.5118110236220472,1.0
LHFPL2,-1.2210572736615946,0.5669291338582677,1.0
ARSB,-0.355577322132961,0.7716535433070866,1.0
JMY,-0.8958491520209448,0.5984251968503937,1.0
PAPD4,-1.0927875222552714,0.5511811023622047,1.0
MTX3,-1.0795980375793082,0.5275590551181102,1.0
SERINC5,-1.1581127455491411,0.3858267716535433,1.0
RBMX2P5,-0.5285040329831983,0.6850393700787402,1.0
ZFYVE16,-0.0694111591491211,0.8188976377952756,1.0
AC008771.1,-0.22964759846690086,0.8582677165354331,1.0
FAM151B,-0.3439558884912952,0.7401574803149606,1.0
ANKRD34B,0.7949726249077738,0.5590551181102362,1.0
DHFR,-1.9859201236902262,0.13385826771653545,1.0
MSH3,0.9551334265483971,0.4251968503937008,1.0
ZCCHC9,-0.25085564974691366,0.8582677165354331,1.0
SSBP2,-0.6718202232346866,0.7637795275590551,1.0
ATG10,0.8052215874256616,0.5590551181102362,1.0
RPS23,-0.6403121346160532,0.3700787401574803,1.0
TMEM167A,0.25130910687781416,0.48031496062992124,1.0
XRCC4,-1.6114164355750273,0.2755905511811024,1.0
VCAN,-1.7592121551581794,0.31496062992125984,1.0
COX7C,-0.32954582161521984,0.7637795275590551,1.0
RASA1,0.4625082920344745,0.7007874015748031,1.0
AC018754.1,-0.64805512748499,0.5748031496062992,1.0
CCNH,0.048114773445982806,0.9291338582677166,1.0
TMEM161B,-0.39303850342518387,0.6850393700787402,1.0
TMEM161B-AS1,-0.8646905528686339,0.4566929133858268,1.0
MEF2C,-0.28193473064140306,0.8661417322834646,1.0
AC074131.1,-1.3933422225330274,0.23622047244094488,1.0
CETN3,-0.652198905970897,0.5905511811023622,1.0
LYSMD3,0.8882918924102583,0.6692913385826772,1.0
LUCAT1,1.0595168675309683,0.3700787401574803,1.0
ARRDC3,1.4034494607701848,0.3858267716535433,1.0
FAM172A,-1.1835591668996335,0.36220472440944884,1.0
NPM1P27,0.05379263370849241,0.968503937007874,1.0
KIAA0825,0.017102108998621635,1.0,1.0
SLF1,-0.8385324440964879,0.5590551181102362,1.0
MCTP1,0.20577673355395731,0.7952755905511811,1.0
TTC37,1.5018804403861092,0.3937007874015748,1.0
RHOBTB3,-0.11449333775514525,0.9212598425196851,1.0
GLRX,-2.2132543196498773,0.1732283464566929,1.0
AC008592.5,-1.0328350078266337,0.4330708661417323,1.0
ELL2,0.6051195978363157,0.4566929133858268,1.0
CAST,-0.08094287618248064,0.937007874015748,1.0
ERAP1,0.8737112414103001,0.4566929133858268,1.0
ERAP2,0.7739217023209766,0.6299212598425197,1.0
LNPEP,-1.2528701412846912,0.4881889763779528,1.0
AC116347.1,-1.5808787734801184,0.15748031496062992,1.0
CHD1,-1.1988393604710135,0.968503937007874,1.0
FAM174A,0.3959670855809394,0.5275590551181102,1.0
ST8SIA4,-1.3113721328138936,0.6220472440944882,1.0
SLCO4C1,-0.9243018442511417,0.6692913385826772,1.0
PAM,0.8505885793997146,0.5354330708661418,1.0
PPIP5K2,-1.3397229908490758,0.31496062992125984,1.0
FBXL17,0.19842477837586658,0.937007874015748,1.0
AC008467.1,0.37889995439431123,0.7795275590551181,1.0
PJA2,-0.920525587701734,0.889763779527559,1.0
MAN2A1,-0.11724191542885265,0.8740157480314961,1.0
SLC25A46,1.3840733017670126,0.1968503937007874,1.0
WDR36,-0.5955330125466154,0.6850393700787402,1.0
CAMK4,-0.64917047161903,0.5590551181102362,1.0
STARD4,-0.7885169623801926,0.4015748031496063,1.0
NREP,0.11123694583101051,0.9212598425196851,1.0
EPB41L4A,0.1458955528684418,0.84251968503937,1.0
EPB41L4A-AS1,-0.03567655031171446,1.0,1.0
APC,-2.257295099314695,0.3858267716535433,1.0
SRP19,-0.11797090011160716,0.8267716535433071,1.0
REEP5,-0.6190916512583682,0.1968503937007874,1.0
DCP2,0.026821087552090006,0.952755905511811,1.0
YTHDC2,-0.328072517643335,0.8818897637795275,1.0
PGGT1B,-0.12216868137693382,0.952755905511811,1.0
CCDC112,-1.1139359046194772,0.4094488188976378,1.0
FEM1C,1.8965770387268774,0.1732283464566929,1.0
TMED7,0.6500058041346883,0.4251968503937008,1.0
ATG12,0.13721904670951268,0.984251968503937,1.0
AP3S1,-0.5443647305844452,0.5590551181102362,1.0
AC034236.1,-0.18828864303333592,0.7874015748031497,1.0
COMMD10,-0.9351939640531151,0.4330708661417323,1.0
PTMAP2,0.19748948505494557,0.7874015748031497,1.0
MIR1244-2,0.6667956559642003,0.6614173228346457,1.0
DMXL1,-1.3803079914529546,0.25984251968503935,1.0
TNFAIP8,-0.7541737153276244,0.3464566929133858,1.0
HSD17B4,0.8719897070298019,0.44881889763779526,1.0
SNX2,0.15773049031798791,0.5196850393700787,1.0
PPIC,-1.4719370817475457,0.2992125984251969,1.0
CEP120,-0.8014433050625138,0.5275590551181102,1.0
CSNK1G3,1.1431860410694035,0.41732283464566927,1.0
GRAMD2B,-0.40848001980854076,0.6850393700787402,1.0
ALDH7A1,0.34335951970195966,0.9606299212598425,1.0
LMNB1,-0.39401387918518704,0.968503937007874,1.0
MARCH3,0.6838642686209222,0.48031496062992124,1.0
PRRC1,1.3122192815690266,0.3543307086614173,1.0
LINC01184,-2.0456339134807533,0.09448818897637795,1.0
SLC12A2,-0.18394764264565344,0.952755905511811,1.0
ISOC1,0.3510802810393374,0.84251968503937,1.0
AC113367.1,-1.48041523694055,0.25196850393700787,1.0
HINT1,-0.8114097937627562,0.3700787401574803,1.0
LYRM7,-0.8390278794524746,0.48031496062992124,1.0
CDC42SE2,-1.8729089104551484,0.15748031496062992,1.0
RAPGEF6,-1.0816668842405033,0.4409448818897638,1.0
FNIP1,-1.2729018318872845,0.7480314960629921,1.0
P4HA2,0.5625752640687254,0.6850393700787402,1.0
SLC22A4,-0.2607959923722647,0.9291338582677166,1.0
SLC22A5,-0.7975691876962934,0.3858267716535433,1.0
C5orf56,-1.5978862056694818,0.3700787401574803,1.0
AC116366.1,-0.9237558743290135,0.5354330708661418,1.0
IRF1,-1.9723877521805182,0.5590551181102362,1.0
KIF3A,-0.7591610034764944,0.5433070866141733,1.0
SHROOM1,2.440090549619058,0.09448818897637795,1.0
UQCRQ,0.5451971677155161,0.5748031496062992,1.0
AFF4,1.4870391193714418,0.33070866141732286,1.0
ZCCHC10,-0.3052174835209973,0.8976377952755905,1.0
HSPA4,1.0547516953925204,0.5433070866141733,1.0
C5orf15,-1.8201920274977277,0.06299212598425197,1.0
VDAC1,-0.047123400201599,0.984251968503937,1.0
TCF7,0.5133113572362404,0.6850393700787402,1.0
SKP1,-0.3306732399339296,0.6850393700787402,1.0
PPP2CA,0.017111207098246872,0.984251968503937,1.0
UBE2B,-0.175943275276774,0.7795275590551181,1.0
JADE2,-1.5196709359839873,0.14960629921259844,1.0
SAR1B,-0.03270022221663904,0.9448818897637795,1.0
SEC24A,-0.3855303605713156,0.7952755905511811,1.0
CAMLG,0.4937954494820014,0.4566929133858268,1.0
DDX46,-1.7922258764019396,0.2047244094488189,1.0
C5orf24,1.4868460326351522,0.16535433070866143,1.0
TXNDC15,-0.7428463740912918,0.6456692913385826,1.0
PCBD2,0.9160525404966233,0.48031496062992124,1.0
PITX1,0.26302117962399274,0.9212598425196851,1.0
H2AFY,-0.6164644070117005,0.31496062992125984,1.0
CXCL14,-0.7013902198943358,0.6062992125984252,1.0
TGFBI,1.9444390228222326,0.2125984251968504,1.0
SMAD5,-0.4918275909210832,0.7637795275590551,1.0
KLHL3,1.3881275054968887,0.29133858267716534,1.0
HNRNPA0,-0.481722404967603,0.31496062992125984,1.0
FAM13B,0.3914946407010689,0.6220472440944882,1.0
BRD8,1.2049608709688457,0.3700787401574803,1.0
FAM53C,-1.2425359147084531,0.7480314960629921,1.0
KDM3B,0.5823233795340417,0.5905511811023622,1.0
EGR1,-1.0817040784870784,0.1889763779527559,1.0
ETF1,0.04474551569784424,0.9763779527559056,1.0
HSPA9,0.13753353518965028,0.6850393700787402,1.0
CTNNA1,1.807804277111321,0.023622047244094488,1.0
MATR3,-1.104409976745468,0.7086614173228346,1.0
PAIP2,1.5906658206063415,0.29133858267716534,1.0
MZB1,0.4291290617346277,0.7559055118110236,1.0
TMEM173,1.4437533542289573,0.36220472440944884,1.0
UBE2D2,-0.0176059936836781,1.0,1.0
CXXC5,1.1058584988575841,0.5196850393700787,1.0
PURA,-1.3044630463339026,0.25196850393700787,1.0
CYSTM1,-0.2430494136010921,0.8346456692913385,1.0
AC011379.1,1.1626400990484722,0.41732283464566927,1.0
PFDN1,-0.8193587479397153,0.6377952755905512,1.0
HBEGF,-0.13685193363953063,0.9212598425196851,1.0
ANKHD1,-0.7742256903322953,0.5275590551181102,1.0
ANKHD1-EIF4EBP3,0.5282567347650928,0.6692913385826772,1.0
SRA1,-1.5607990561492366,0.3228346456692913,1.0
APBB3,1.9972847848117814,0.14960629921259844,1.0
SLC35A4,0.08581065877987282,0.937007874015748,1.0
CD14,1.6006769769141673,0.5196850393700787,1.0
NDUFA2,0.6718689624766316,0.5433070866141733,1.0
TMCO6,1.6723581481035037,0.2440944881889764,1.0
IK,0.12472875885826973,0.8346456692913385,1.0
WDR55,-0.5999313609343382,0.6929133858267716,1.0
HARS,-0.5271383135240431,0.6377952755905512,1.0
HARS2,0.4620876275808694,0.7795275590551181,1.0
ZMAT2,-0.34025177847131793,0.5748031496062992,1.0
TAF7,-0.1326878899813897,0.8503937007874016,1.0
DIAPH1,-0.40930291177760303,0.6220472440944882,1.0
HDAC3,0.2801174816473231,0.8110236220472441,1.0
FCHSD1,-0.06060081111364868,0.952755905511811,1.0
ARAP3,-1.2152949419179206,0.5196850393700787,1.0
PCDH1,0.8655856874848109,0.6062992125984252,1.0
KIAA0141,-1.164053107685108,0.3937007874015748,1.0
RNF14,0.8486310546368657,0.6062992125984252,1.0
GNPDA1,-0.48892716630088695,0.7637795275590551,1.0
NDFIP1,-1.176614887523523,0.5511811023622047,1.0
ARHGAP26,-0.26509181798811277,0.952755905511811,1.0
NR3C1,-0.9230545202606688,0.952755905511811,1.0
YIPF5,-0.5526589504302448,0.48031496062992124,1.0
SH3RF2,-0.14458229786160537,0.84251968503937,1.0
LARS,0.5686257726150332,0.6220472440944882,1.0
RBM27,1.0080048851922725,0.4566929133858268,1.0
TCERG1,-0.7751472029381081,0.6692913385826772,1.0
DPYSL3,-0.8203228576411028,0.5118110236220472,1.0
JAKMIP2,0.9660308668617368,0.5669291338582677,1.0
SPINK5,1.8003800149896412,0.5511811023622047,1.0
SPINK7,1.2865051854304723,0.7322834645669292,1.0
FBXO38,-1.1107686288447542,0.48031496062992124,1.0
ADRB2,-1.5222191917419488,0.2283464566929134,1.0
GRPEL2,0.40403277323585396,0.8346456692913385,1.0
CSNK1A1,0.045470545805551765,0.889763779527559,1.0
AC021078.1,0.8107775061147491,0.4645669291338583,1.0
SLC26A2,0.6265087630624226,0.6220472440944882,1.0
HMGXB3,0.8990216480408063,0.3700787401574803,1.0
CSF1R,-0.9795899660810026,0.4330708661417323,1.0
RPL7P1,-0.6597168372477142,0.6614173228346457,1.0
TCOF1,-0.56240426195952,0.6692913385826772,1.0
CD74,0.1416447324913861,0.7795275590551181,1.0
RPS14,-0.565698965968231,0.5748031496062992,1.0
NDST1,-3.0129022124081732,0.023622047244094488,1.0
RBM22,-1.5700315108489526,0.29133858267716534,1.0
DCTN4,-0.5428153270571889,0.8582677165354331,1.0
SMIM3,0.4468430705484612,0.7480314960629921,1.0
GPX3,0.27731869422119004,0.9212598425196851,1.0
TNIP1,0.46173448745199774,0.3937007874015748,1.0
ANXA6,-1.066223883843013,0.5669291338582677,1.0
CCDC69,-0.22911091801562034,0.6062992125984252,1.0
GM2A,-0.9991402851511255,0.47244094488188976,1.0
SLC36A1,-0.5751588910392123,0.6692913385826772,1.0
AC011374.1,0.038663703477057165,1.0,1.0
SPARC,2.0092027246103976,0.2992125984251969,1.0
ATOX1,-1.4116071314581369,0.33858267716535434,1.0
G3BP1,-0.012525292136218447,0.9921259842519685,1.0
FAM114A2,-2.0098785076926884,0.07086614173228346,1.0
GALNT10,-0.34570589804851926,0.84251968503937,1.0
SAP30L,-2.38258301561326,0.12598425196850394,1.0
CIR1P1,0.10532987638049218,0.8582677165354331,1.0
LARP1,0.20599502715394102,0.8582677165354331,1.0
CNOT8,0.12847437205227452,0.889763779527559,1.0
MRPL22,0.3345488214850736,0.8267716535433071,1.0
MED7,1.3336768773489205,0.1732283464566929,1.0
ITK,-0.04851759878210782,1.0,1.0
CYFIP2,-1.9636981830891962,0.23622047244094488,1.0
ADAM19,-1.587082234794814,0.44881889763779526,1.0
NIPAL4,-1.3496470102203637,0.4094488188976378,1.0
CLINT1,-1.1549060041986117,0.2440944881889764,1.0
EBF1,1.0068978269164015,0.29133858267716534,1.0
RNF145,0.13550612703655052,0.7244094488188977,1.0
UBLCP1,0.9180112980186763,0.6614173228346457,1.0
GAPDHP40,-2.4631417034164618,0.13385826771653545,1.0
TTC1,-0.9898586616585643,0.8267716535433071,1.0
PWWP2A,0.6072258501319707,0.6299212598425197,1.0
CCNJL,0.9330654488239789,0.5433070866141733,1.0
SLU7,-0.07068108532627271,0.84251968503937,1.0
PTTG1,-0.14636363308731237,0.8582677165354331,1.0
CCNG1,-1.7070936221045168,0.3858267716535433,1.0
NUDCD2,-0.47081371617844114,0.6850393700787402,1.0
MAT2B,-2.066770181684106,0.15748031496062992,1.0
AC026403.1,1.1115778967865202,0.4566929133858268,1.0
RARS,-0.4582785358745618,0.7322834645669292,1.0
PANK3,-1.4280020964838087,0.3779527559055118,1.0
RPL10P9,-1.998427416808394,0.28346456692913385,1.0
SPDL1,-0.4643110939338023,0.6850393700787402,1.0
DOCK2,-0.7012901936511131,0.25196850393700787,1.0
C5orf58,0.8393789388503201,0.49606299212598426,1.0
LCP2,-0.01753300232174304,0.9763779527559056,1.0
AC034199.1,-1.1418441666116692,0.6377952755905512,1.0
LINC01366,1.031878437877916,0.4251968503937008,1.0
NPM1,-0.10957302694550375,0.905511811023622,1.0
FBXW11,-0.6499042691685859,0.6535433070866141,1.0
STK10,-1.2541665715244044,0.7007874015748031,1.0
AC027309.2,0.18172864081495987,0.8346456692913385,1.0
AC022217.2,0.8244618562157253,0.7244094488188977,1.0
AC022217.3,-0.863096464910539,0.7007874015748031,1.0
DUSP1,0.18255246864433516,0.84251968503937,1.0
ERGIC1,0.4066558028565197,0.6850393700787402,1.0
RPL26L1,-0.3813348196982589,0.7637795275590551,1.0
ATP6V0E1,-0.3992857385563795,0.5511811023622047,1.0
CREBRF,-0.38573975604036903,0.49606299212598426,1.0
BOD1,0.3546980426829345,0.7637795275590551,1.0
CPEB4,-0.38990015544704626,0.7952755905511811,1.0
SFXN1,-1.2531405173526968,0.3858267716535433,1.0
HRH2,-0.3028760062393596,0.8110236220472441,1.0
KIAA1191,1.507067770920897,0.2204724409448819,1.0
HIGD2A,-0.015053668397060127,0.952755905511811,1.0
CLTB,1.9837048414042417,0.2992125984251969,1.0
FAF2,1.345944423348456,0.2440944881889764,1.0
RNF44,0.9616905308557158,0.8110236220472441,1.0
HK3,-1.9377318815095363,0.33858267716535434,1.0
UIMC1,-0.4957784097378788,0.984251968503937,1.0
NSD1,-1.1064233660169318,0.5984251968503937,1.0
RAB24,-2.1570081148804547,0.13385826771653545,1.0
MXD3,0.6132367835667294,0.7244094488188977,1.0
PRELID1,-1.2838517078731746,0.1732283464566929,1.0
LMAN2,1.2649251971074218,0.5433070866141733,1.0
RGS14,-1.3752927374449402,0.2283464566929134,1.0
GRK6,-2.1844578892872786,0.11811023622047244,1.0
PRR7,0.0841926356867353,0.952755905511811,1.0
DBN1,-0.719754757486486,0.5275590551181102,1.0
AC145098.2,0.5805462081740176,0.7401574803149606,1.0
PDLIM7,1.1402449624344042,0.7007874015748031,1.0
DOK3,-1.7019656774341563,0.7244094488188977,1.0
DDX41,-0.21519270724627848,0.8503937007874016,1.0
FAM193B,-0.9691577205915598,0.5354330708661418,1.0
TMED9,-0.10887259326587984,0.8503937007874016,1.0
AC106795.1,2.9769915528817594,0.031496062992125984,1.0
AC136632.1,-0.02103860699856419,0.984251968503937,1.0
N4BP3,2.2541061186745504,0.1732283464566929,1.0
RMND5B,-0.5552055071638984,0.7795275590551181,1.0
HNRNPAB,0.5388330082962653,0.7007874015748031,1.0
PHYKPL,-0.3959868286748667,0.7007874015748031,1.0
CLK4,-2.4092009145872293,0.047244094488188976,1.0
ZNF354A,-2.67532148415621,0.2047244094488189,1.0
RUFY1,0.9264968702339029,0.6062992125984252,1.0
HNRNPH1,-0.4241691729950272,0.4094488188976378,1.0
CANX,-0.24485199950500558,0.6771653543307087,1.0
MAML1,-0.4226709899825969,0.7007874015748031,1.0
MGAT4B,-0.33891882510925675,0.84251968503937,1.0
SQSTM1,-1.500963184351492,0.3937007874015748,1.0
MRNIP,-0.895735411749603,0.5354330708661418,1.0
TBC1D9B,-1.6306523859552269,0.2440944881889764,1.0
RNF130,-1.0897494943006842,0.7007874015748031,1.0
MAPK9,-0.27544825601265455,0.8346456692913385,1.0
CNOT6,-1.2822534429853865,0.4566929133858268,1.0
MGAT1,0.8990128064336451,0.6535433070866141,1.0
HEIH,-2.0999441587694254,0.08661417322834646,1.0
BTNL8,0.010004825568333597,1.0,1.0
BTNL3,-1.1223886501172953,0.5275590551181102,1.0
TRIM41,-2.113388903450234,0.1732283464566929,1.0
RACK1,-0.16906822670421118,0.7795275590551181,1.0
TRIM52,0.09071450591070818,0.952755905511811,1.0
TRIM52-AS1,-0.759343640354744,0.6062992125984252,1.0
DUSP22,0.649457217968517,0.25196850393700787,1.0
IRF4,-1.7347549513164506,0.2440944881889764,1.0
EXOC2,0.5207683269598331,0.6614173228346457,1.0
FOXC1,1.6005099698542442,0.25196850393700787,1.0
GMDS,0.9953097581581081,0.5118110236220472,1.0
WRNIP1,-2.580328692720229,0.047244094488188976,1.0
SERPINB1,0.14397783729794256,0.6771653543307087,1.0
SERPINB9P1,-0.4453910026192047,0.6929133858267716,1.0
SERPINB9,1.140646265348943,0.2992125984251969,1.0
SERPINB6,0.19131038673012402,0.8740157480314961,1.0
NQO2,1.5749059955980078,0.31496062992125984,1.0
RIPK1,-0.12511651229104714,0.8740157480314961,1.0
TUBB2A,1.581351084167391,0.4094488188976378,1.0
PSMG4,-0.4640439762284134,0.6692913385826772,1.0
PXDC1,0.0864419175464648,0.9212598425196851,1.0
PRPF4B,-1.21912520994249,0.4251968503937008,1.0
CDYL,1.1713143630425384,0.4409448818897638,1.0
AL136968.2,-3.2694804513595117,0.031496062992125984,1.0
F13A1,0.3812280614101551,0.84251968503937,1.0
RREB1,1.9605661943679147,0.2047244094488189,1.0
SSR1,-0.19289566621765264,0.6929133858267716,1.0
RIOK1,-0.37095712644279577,0.7952755905511811,1.0
DSP,3.5507562103493977,0.10236220472440945,1.0
SNRNP48,-0.810645336593824,0.6062992125984252,1.0
EEF1E1,-0.5810259072207928,0.6614173228346457,1.0
SLC35B3,0.7751498503217908,0.6456692913385826,1.0
TFAP2A,0.6737539102956225,0.7480314960629921,1.0
PAK1IP1,2.1378527954731066,0.12598425196850394,1.0
TMEM14C,-0.27709989571387705,0.8661417322834646,1.0
TMEM14B,0.6572501715255905,0.6535433070866141,1.0
MAK,1.8815394962541903,0.2204724409448819,1.0
NEDD9,0.2038647334934076,0.8661417322834646,1.0
TMEM170B,-1.6588118623077674,0.33070866141732286,1.0
HIVEP1,0.5327639530336397,0.6220472440944882,1.0
EDN1,2.7514123698822814,0.1732283464566929,1.0
RPL15P3,-0.4806466359389474,0.5511811023622047,1.0
PHACTR1,0.36482128201016906,0.6141732283464567,1.0
AL008729.1,-1.2030966720527276,0.5433070866141733,1.0
TBC1D7,0.415604803674011,0.7322834645669292,1.0
GFOD1,-1.903395766413985,0.12598425196850394,1.0
SIRT5,-1.0512190350178143,0.29133858267716534,1.0
NOL7,-0.8074767717085414,0.6535433070866141,1.0
RANBP9,-0.6807157570993212,0.7244094488188977,1.0
MCUR1,0.35000478964596615,0.8267716535433071,1.0
CD83,-1.5903619723062263,0.5511811023622047,1.0
JARID2,0.18061797438702687,0.7401574803149606,1.0
DTNBP1,-0.9471971006209028,0.5275590551181102,1.0
ARPC3P5,-1.1370894770158981,0.30708661417322836,1.0
MYLIP,-1.4283163863235204,0.5669291338582677,1.0
ATXN1,0.4134133735729888,0.6535433070866141,1.0
AL137003.2,1.849315131790113,0.1732283464566929,1.0
FAM8A1,-0.48920491130448873,0.4409448818897638,1.0
NUP153,0.2767770311561186,0.5354330708661418,1.0
KIF13A,-1.6429899698453765,0.16535433070866143,1.0
TPMT,-0.8601491678116377,0.48031496062992124,1.0
KDM1B,0.08766443686191572,0.905511811023622,1.0
DEK,-1.670850974053585,0.4094488188976378,1.0
RNF144B,-1.083900495317856,0.4881889763779528,1.0
ID4,0.9923522454868742,0.5669291338582677,1.0
MBOAT1,0.5514401160506011,0.6062992125984252,1.0
E2F3,0.35012162761328813,0.6535433070866141,1.0
SOX4,1.1000441566329964,0.41732283464566927,1.0
KIAA0319,-1.0232488503593424,0.5275590551181102,1.0
TDP2,0.8706910358356348,0.25196850393700787,1.0
ACOT13,-0.3539735991144646,0.8582677165354331,1.0
AL031775.1,0.32715785920459006,0.7086614173228346,1.0
C6orf62,0.29290028413838076,0.7165354330708661,1.0
RIPOR2,-0.11817834167704966,0.8740157480314961,1.0
CARMIL1,1.3233629096233155,0.3700787401574803,1.0
TRIM38,-2.1154646434561046,0.1732283464566929,1.0
HIST1H1C,2.3956611500677423,0.05511811023622047,1.0
HIST1H4C,-2.0771777230247293,0.15748031496062992,1.0
HIST1H2BC,-0.5693614935702751,0.7244094488188977,1.0
HIST1H2AC,-0.6478093709560699,0.4015748031496063,1.0
HIST1H2BD,-0.4064052986020772,0.7874015748031497,1.0
HIST1H2BG,0.11260267232634447,1.0,1.0
BTN3A2,-0.9121291166445316,0.7007874015748031,1.0
BTN2A2,-0.6698954761889131,0.6929133858267716,1.0
BTN3A1,-1.4927496830040097,0.3700787401574803,1.0
BTN3A3,-2.0400455297998827,0.05511811023622047,1.0
BTN2A1,-2.256308216928036,0.2125984251968504,1.0
HCG11,-2.3405509539157916,0.05511811023622047,1.0
HMGN4,-1.3215155485986552,0.25196850393700787,1.0
ABT1,0.2367905749941115,0.8818897637795275,1.0
HIST1H4I,-0.7698575238559231,0.6850393700787402,1.0
HIST1H2BK,-0.10945995044552781,1.0,1.0
ZNF184,-1.0540888652964548,0.3464566929133858,1.0
AL121944.1,0.17034507998174075,0.8582677165354331,1.0
ZNF165,-1.0768801070356293,0.3543307086614173,1.0
ZSCAN16-AS1,-1.2033109471736458,0.49606299212598426,1.0
ZKSCAN8,-1.0733955394433088,0.44881889763779526,1.0
ZSCAN26,-1.1753985782911136,0.3700787401574803,1.0
TRIM27,-0.9425290128927624,0.6535433070866141,1.0
GABBR1,-2.5251681690219203,0.07874015748031496,1.0
SUMO2P1,-1.310377019766529,0.13385826771653545,1.0
HLA-F,-1.4937411382728145,0.6614173228346457,1.0
HLA-F-AS1,-1.500183936047458,0.2677165354330709,1.0
HLA-V,-2.9777276885412753,0.1732283464566929,1.0
HLA-A,-0.7035217270930847,0.4645669291338583,1.0
ZNRD1,0.5638631039453506,0.7007874015748031,1.0
PPP1R11,-0.06524696111722417,0.9606299212598425,1.0
TRIM26,-1.7453153663936436,0.06299212598425197,1.0
AL662795.2,-2.2329949876666886,0.2283464566929134,1.0
HCG18,-0.07313191130367258,0.9291338582677166,1.0
TRIM39,-0.9265012092523399,0.6299212598425197,1.0
HLA-E,-0.47740127002790267,0.5905511811023622,1.0
GNL1,-2.419670788774301,0.11023622047244094,1.0
PRR3,0.08337880077160253,0.9212598425196851,1.0
ABCF1,-1.0366665220988507,0.6692913385826772,1.0
PPP1R10,-0.433815833848918,0.6062992125984252,1.0
MRPS18B,0.5639870706449719,0.8110236220472441,1.0
DHX16,0.1568780915874668,0.905511811023622,1.0
PPP1R18,-1.3629354916102399,0.968503937007874,1.0
NRM,0.3596963053376889,0.8267716535433071,1.0
MDC1,0.051783163278835254,0.9763779527559056,1.0
TUBB,-0.8271822626006893,0.4566929133858268,1.0
FLOT1,0.39498139323700965,0.47244094488188976,1.0
IER3,-0.9414884963020924,0.33070866141732286,1.0
LINC00243,1.4040483731121107,0.2440944881889764,1.0
DDR1,1.2820756018478587,0.41732283464566927,1.0
MUC21,2.033245699094009,0.4881889763779528,1.0
CCHCR1,-0.931431321805198,0.4645669291338583,1.0
TCF19,0.418479756220145,0.8110236220472441,1.0
HCG27,-1.3265998926753007,0.29133858267716534,1.0
HLA-C,-0.7958344343320185,0.8031496062992126,1.0
HLA-B,-0.37258845014531694,0.8267716535433071,1.0
MICA,0.9064276421062378,0.5669291338582677,1.0
HCP5,-0.46317729757150516,0.4094488188976378,1.0
MICB,-0.6595110973551863,0.5275590551181102,1.0
DDX39B,0.4827677322513626,0.84251968503937,1.0
ATP6V1G2,0.2486878000389804,0.8818897637795275,1.0
TNF,-2.410578213555104,0.2047244094488189,1.0
LTB,-1.2865645050372176,0.6692913385826772,1.0
LST1,-0.9046142997709685,0.31496062992125984,1.0
AIF1,-0.8630249785131898,0.9763779527559056,1.0
PRRC2A,0.19688275463157545,0.905511811023622,1.0
BAG6,-0.28450718593664526,0.84251968503937,1.0
GPANK1,0.1377798002849766,0.8110236220472441,1.0
CSNK2B,1.691810294666503,0.3543307086614173,1.0
LY6G5C,-0.5287365122788491,0.6850393700787402,1.0
MPIG6B,-0.17861434772197526,0.84251968503937,1.0
LY6G6C,0.22152946208401625,0.8976377952755905,1.0
DDAH2,0.7254233222889437,0.6929133858267716,1.0
CLIC1,-0.1661004830789521,0.9212598425196851,1.0
VARS,1.9173047675081607,0.1732283464566929,1.0
LSM2,-0.4584293852061787,0.7401574803149606,1.0
HSPA1L,-1.679031665745745,0.25196850393700787,1.0
HSPA1A,-0.948987455417126,0.11023622047244094,1.0
HSPA1B,-2.6569705241209665,0.08661417322834646,1.0
C6orf48,-1.5256042512135215,0.23622047244094488,1.0
NEU1,-1.0927203379555124,0.49606299212598426,1.0
EHMT2,-0.10401053000317151,0.952755905511811,1.0
NELFE,-0.21693608426685707,0.9212598425196851,1.0
SKIV2L,-2.2310285080590253,0.13385826771653545,1.0
DXO,1.701016257871598,0.07086614173228346,1.0
STK19,-0.6536268562849746,0.6850393700787402,1.0
ATF6B,-1.7729437388476352,0.05511811023622047,1.0
AGPAT1,0.14219555250420512,0.8110236220472441,1.0
RNF5,-0.8986430577131497,0.5826771653543307,1.0
AGER,-0.2676011684028121,0.8267716535433071,1.0
PBX2,-0.8006863518036376,0.8582677165354331,1.0
GPSM3,-0.8012372370568803,0.48031496062992124,1.0
NOTCH4,0.34802616802342135,0.7795275590551181,1.0
HLA-DRA,1.225344226368203,0.1968503937007874,1.0
HLA-DRB6,2.1765233009936367,0.18110236220472442,1.0
HLA-DRB1,0.0530806366009271,1.0,1.0
HLA-DQA1,0.29150867604112873,0.8267716535433071,1.0
HLA-DQB1,-0.5877511001288589,0.7401574803149606,1.0
HLA-DQA2,2.7433518583427725,0.05511811023622047,1.0
TAP2,-0.85476202127533,0.84251968503937,1.0
PSMB8,-1.1124495848162432,0.7086614173228346,1.0
PSMB8-AS1,-1.0415706161583236,0.6535433070866141,1.0
PSMB9,-0.39173307995460505,0.6062992125984252,1.0
TAP1,0.37477831582663157,0.7637795275590551,1.0
HLA-DMB,-2.0480729912319764,0.12598425196850394,1.0
HLA-DMA,0.656347296460966,0.7637795275590551,1.0
BRD2,-0.7201828052153676,0.07874015748031496,1.0
HLA-DOA,1.7596667806905049,0.11811023622047244,1.0
HLA-DPA1,3.0403638834895084,0.08661417322834646,1.0
HLA-DPB1,2.437697913216846,0.2440944881889764,1.0
RXRB,-1.012345361612697,0.48031496062992124,1.0
SLC39A7,-1.010271884242528,0.5354330708661418,1.0
RING1,0.8064886483706806,0.6062992125984252,1.0
RPS18,-0.1674948762157591,0.7795275590551181,1.0
PFDN6,0.18256847129297737,0.9212598425196851,1.0
RGL2,0.2837141275347008,0.18110236220472442,1.0
TAPBP,-1.6020573333341241,0.5748031496062992,1.0
ZBTB22,-0.11371533895094754,0.905511811023622,1.0
DAXX,1.8129392379954892,0.2283464566929134,1.0
PHF1,-2.0248031367197816,0.09448818897637795,1.0
CUTA,0.6344910628589533,0.44881889763779526,1.0
SYNGAP1,0.09358453178595383,1.0,1.0
BAK1,-0.8080772049471618,0.47244094488188976,1.0
UQCC2,0.8213945851662114,0.4645669291338583,1.0
LEMD2,0.269622930428683,0.8976377952755905,1.0
HMGA1,0.6346787192959997,0.3700787401574803,1.0
SMIM29,-2.071144372975722,0.18110236220472442,1.0
RPS10,-0.5505725338263332,0.5748031496062992,1.0
C6orf106,-0.5351972407748402,0.07086614173228346,1.0
AL451165.2,-0.37414177253561753,0.8110236220472441,1.0
SNRPC,0.28060506474839153,0.8346456692913385,1.0
TAF11,0.2690355718752997,0.7322834645669292,1.0
ANKS1A,0.2950397370136386,0.8976377952755905,1.0
DEF6,-2.1705965050231133,0.06299212598425197,1.0
PPARD,-0.1519390023570324,0.952755905511811,1.0
RPL10A,-0.19968046092527914,0.7716535433070866,1.0
TEAD3,1.8465089196623181,0.14173228346456693,1.0
AL033519.2,-0.8899323668876955,0.48031496062992124,1.0
FKBP5,1.2906185306616806,0.4566929133858268,1.0
SRPK1,-0.37919808645732633,0.937007874015748,1.0
SLC26A8,0.27137230483632147,0.9291338582677166,1.0
MAPK14,-1.5346520014475944,0.6456692913385826,1.0
MAPK13,0.6519809591823096,0.41732283464566927,1.0
BRPF3,-1.1365966327590726,0.1968503937007874,1.0
PNPLA1,1.0968064657008119,0.4094488188976378,1.0
ETV7,-0.3942740536149836,0.7637795275590551,1.0
KCTD20,1.003219969917188,0.07874015748031496,1.0
STK38,-0.8302042705306327,0.14960629921259844,1.0
SRSF3,-0.06870894655403958,0.7165354330708661,1.0
CDKN1A,1.239098345580011,0.015748031496062992,1.0
CPNE5,1.365901120584129,0.30708661417322836,1.0
PPIL1,-0.12502683072161713,0.968503937007874,1.0
C6orf89,-0.43060318431634226,0.968503937007874,1.0
MTCH1,0.1568244848961422,0.5275590551181102,1.0
FGD2,0.69750229695806,0.7086614173228346,1.0
COX6A1P2,-0.38341764431540026,0.84251968503937,1.0
PIM1,0.9693763082503644,0.36220472440944884,1.0
RNF8,-1.5638606646774305,0.13385826771653545,1.0
CMTR1,-3.3384853508665264,0.023622047244094488,1.0
ZFAND3,0.6540640916874123,0.25196850393700787,1.0
BTBD9,-1.8301311956104094,0.13385826771653545,1.0
GLO1,2.0035524649977132,0.1889763779527559,1.0
SAYSD1,1.0369722034811937,0.4409448818897638,1.0
FO393411.1,1.0517244016510734,0.5826771653543307,1.0
OARD1,-0.3312361669852155,0.8188976377952756,1.0
NFYA,-1.460599612351253,0.36220472440944884,1.0
ADCY10P1,-2.023215632084807,0.08661417322834646,1.0
TREML2,0.7773494346504997,0.5433070866141733,1.0
TREML3P,1.2991117129048448,0.3779527559055118,1.0
TREML4,1.687102043918716,0.33070866141732286,1.0
RNA5SP207,0.963709701782844,0.6062992125984252,1.0
AL391903.3,-0.26215788788688155,0.7637795275590551,1.0
TREM1,-0.9214600312412529,0.9133858267716536,1.0
AL391903.1,-0.06334385150969979,1.0,1.0
TFEB,-0.8807843190188125,0.6456692913385826,1.0
USP49,-1.0801719013159425,0.3858267716535433,1.0
MED20,-0.7419480391618686,0.44881889763779526,1.0
CCND3,-1.0960379751289357,0.07874015748031496,1.0
TAF8,-1.4588011680429296,0.30708661417322836,1.0
C6orf132,0.7380475262145514,0.7559055118110236,1.0
MRPS10,0.2657757845837705,0.8818897637795275,1.0
TRERF1,-2.5330005578512305,0.07874015748031496,1.0
UBR2,-1.3533228789609506,0.6456692913385826,1.0
TBCC,-1.8618460194469426,0.09448818897637795,1.0
BICRAL,-0.8767090374613762,0.8740157480314961,1.0
RPL7L1,0.3438004043427161,0.84251968503937,1.0
CNPY3,-0.5625009997433317,0.7322834645669292,1.0
RPL24P4,0.3629824384352416,0.8267716535433071,1.0
KLHDC3,-1.439887628804665,0.2440944881889764,1.0
RRP36,1.4186756082078391,0.2440944881889764,1.0
KLC4,-1.2077548804213634,0.30708661417322836,1.0
MRPL2,0.587910785543641,0.6850393700787402,1.0
SRF,-1.4928456536963255,0.6299212598425197,1.0
CUL9,-1.0998819463955485,0.2283464566929134,1.0
ZNF318,-1.6202308852180218,0.09448818897637795,1.0
RPL12P47,0.3930088278302164,0.9606299212598425,1.0
ABCC10,1.615975160736589,0.11023622047244094,1.0
TJAP1,-1.0560192869848237,0.4645669291338583,1.0
YIPF3,-0.66166775763568,0.937007874015748,1.0
GTPBP2,-1.597565788082688,0.33070866141732286,1.0
MAD2L1BP,-2.67604970974781,0.047244094488188976,1.0
VEGFA,-0.404969642764585,0.968503937007874,1.0
SLC29A1,0.661359581037805,0.6850393700787402,1.0
HSP90AB1,-0.35448909112423,0.2992125984251969,1.0
SLC35B2,-0.6655563670200868,0.6141732283464567,1.0
NFKBIE,0.4902812351994621,0.8582677165354331,1.0
CDC5L,0.08829774144563451,0.8740157480314961,1.0
RUNX2,-0.3640423629425005,0.5826771653543307,1.0
ENPP4,-1.4877208921274157,0.33070866141732286,1.0
TNFRSF21,1.9078316935978863,0.1732283464566929,1.0
CD2AP,-1.4643886767764487,0.2755905511811024,1.0
MUT,-1.764799276259117,0.08661417322834646,1.0
CENPQ,-0.9335715664096561,0.25984251968503935,1.0
CRISP3,-3.66131788691513,0.1732283464566929,1.0
FTH1P5,-1.3917735993324003,0.23622047244094488,1.0
AL158050.1,-0.1845519895404184,0.84251968503937,1.0
IL17A,2.4757675644245865,0.1732283464566929,1.0
MCM3,1.0583819476486191,0.5590551181102362,1.0
EFHC1,-1.4402032981821205,0.2125984251968504,1.0
TRAM2,0.3537841844532168,0.8346456692913385,1.0
TMEM14A,-0.7685631984917606,0.4881889763779528,1.0
GSTA4,-0.2440963455105738,0.9212598425196851,1.0
ICK,0.31153054418541526,0.84251968503937,1.0
FBXO9,-0.45418239434825036,0.6141732283464567,1.0
GCM1,-0.7702586074563964,0.6456692913385826,1.0
ELOVL5,-0.34283357956119254,0.6614173228346457,1.0
GCLC,-0.9747101760499887,0.3858267716535433,1.0
AL033384.1,0.8723686049100275,0.7244094488188977,1.0
DST,0.8396524816166635,0.5433070866141733,1.0
FTH1P15,-0.18325176645491958,0.8582677165354331,1.0
ZNF451,-0.8784327983690252,0.5275590551181102,1.0
PTP4A1,0.1464405872137826,0.7480314960629921,1.0
PHF3,-1.5195054617245631,0.3779527559055118,1.0
AL354719.2,-0.3974825264357419,0.7637795275590551,1.0
LMBRD1,0.3946752734715462,0.5275590551181102,1.0
FAM135A,0.041622430760207774,0.968503937007874,1.0
SDHAF4,-0.7222228258407761,0.6850393700787402,1.0
SMAP1,1.6829586936541863,0.2204724409448819,1.0
OGFRL1,-0.5881971679695628,0.2992125984251969,1.0
RPL39P3,-0.5327116706882862,0.5354330708661418,1.0
CGAS,-3.0559809422060087,0.07086614173228346,1.0
MTO1,-0.7808555745355148,0.49606299212598426,1.0
EEF1A1,-0.4939456865688632,0.3779527559055118,1.0
SLC17A5,-0.811346043491278,0.5511811023622047,1.0
COL12A1,0.3315636914251312,0.84251968503937,1.0
COX7A2,-1.2110821123055429,0.13385826771653545,1.0
TMEM30A,-1.925914057689388,0.11811023622047244,1.0
SENP6,-0.2916945559334545,0.4566929133858268,1.0
MYO6,0.1984306994672771,1.0,1.0
PHIP,-0.7480597617490359,0.28346456692913385,1.0
HMGN3,0.586956915386597,0.7007874015748031,1.0
SH3BGRL2,1.425206666598755,0.5275590551181102,1.0
ELOVL4,1.134847300510816,0.5669291338582677,1.0
GAPDHP63,-2.1889650696372542,0.29133858267716534,1.0
FAM46A,-1.8141329607297574,0.2440944881889764,1.0
IBTK,1.0700960776558825,0.4251968503937008,1.0
UBE3D,1.9133495842411272,0.44881889763779526,1.0
PGM3,-0.13201931291332403,1.0,1.0
ME1,0.22358309806341392,0.9763779527559056,1.0
CYB5R4,-1.289018918742448,0.6535433070866141,1.0
CEP162,-2.854709288447068,0.031496062992125984,1.0
SNX14,-0.5322831105233292,0.8346456692913385,1.0
SYNCRIP,0.4183208090667767,0.6771653543307087,1.0
SNHG5,-2.0106200024381664,0.10236220472440945,1.0
ZNF292,0.5415235759345878,0.6692913385826772,1.0
SMIM8,-2.051156922567454,0.1732283464566929,1.0
SLC35A1,-3.283915499641826,0.031496062992125984,1.0
RARS2,-0.46025318142954474,0.84251968503937,1.0
ORC3,-0.43818002163040193,0.7637795275590551,1.0
AKIRIN2,-0.7076824522333194,0.1732283464566929,1.0
RNGTT,-0.8408803501531592,0.4566929133858268,1.0
PNRC1,0.5423700585021436,0.44881889763779526,1.0
RN7SL336P,0.412456452330356,0.7637795275590551,1.0
SRSF12,-0.04367407574138493,0.952755905511811,1.0
PM20D2,-0.26989473822575416,0.8110236220472441,1.0
UBE2J1,0.08605073375863537,0.9133858267716536,1.0
RRAGD,-0.13474676468871927,0.8503937007874016,1.0
LYRM2,0.10721071712572172,0.937007874015748,1.0
MDN1,-0.7198284321894697,0.5669291338582677,1.0
CASP8AP2,0.8156856075459231,0.47244094488188976,1.0
MAP3K7,-0.42467809592445604,0.7637795275590551,1.0
MANEA,-0.8588024003187049,0.48031496062992124,1.0
UFL1,-1.9376754338511062,0.13385826771653545,1.0
FBXL4,-0.25161179356373475,0.905511811023622,1.0
PNISR,-0.33205463969114746,0.5433070866141733,1.0
USP45,2.04688954370935,0.1732283464566929,1.0
CCNC,-2.4430279780590984,0.07086614173228346,1.0
ASCC3,1.5144398415656055,0.2283464566929134,1.0
PREP,-1.4247700200466809,0.2440944881889764,1.0
ATG5,-0.3057003998534791,0.7086614173228346,1.0
PRDM1,0.6482711477135767,0.8188976377952756,1.0
CRYBG1,0.13038289223690125,0.8740157480314961,1.0
QRSL1,-0.6185506617818028,0.7637795275590551,1.0
CD24,0.49760254777067825,0.7795275590551181,1.0
C6orf203,0.5603936825518853,0.7244094488188977,1.0
PDSS2,-0.5338005036978057,0.6850393700787402,1.0
SCML4,0.8571634913968531,0.5748031496062992,1.0
SEC63,-0.3083394765738712,0.6692913385826772,1.0
Z98200.1,-0.6263480772557297,0.48031496062992124,1.0
OSTM1,-1.1388883964539849,0.6535433070866141,1.0
SNX3,-0.7494701428047428,0.30708661417322836,1.0
FOXO3,0.13268589042918588,0.8188976377952756,1.0
SESN1,-0.7193991275050688,0.5748031496062992,1.0
CEP57L1,-1.7164451307355733,0.3228346456692913,1.0
CD164,-1.1829169428042459,0.03937007874015748,1.0
MICAL1,-1.196317192341792,0.1968503937007874,1.0
ZBTB24,0.17541989521007295,0.937007874015748,1.0
AK9,-0.2731279219315714,0.8346456692913385,1.0
FIG4,0.6187929349191634,0.6614173228346457,1.0
CDC40,-1.0608291752149244,0.44881889763779526,1.0
CDK19,-0.2942895140215409,0.5669291338582677,1.0
AMD1,-0.8675536801542902,0.1968503937007874,1.0
GTF3C6,1.6050445169734031,0.2440944881889764,1.0
RPF2,-0.08152326419664335,1.0,1.0
REV3L,1.2943196495139362,0.33070866141732286,1.0
TRAF3IP2,0.8857579414639458,0.5275590551181102,1.0
FYN,0.031473420276287634,0.9763779527559056,1.0
MARCKS,0.9468120093699905,0.2755905511811024,1.0
LINC01268,-0.8372360504174505,0.6377952755905512,1.0
HDAC2,0.6111643598030554,0.2283464566929134,1.0
NT5DC1,0.14037828852952705,0.8818897637795275,1.0
TSPYL4,-0.3047122208655282,0.8110236220472441,1.0
DSE,-0.2652482204022597,0.968503937007874,1.0
TSPYL1,0.3474253218614871,0.7795275590551181,1.0
CBX3P9,-0.5116857181689782,0.7165354330708661,1.0
CALHM6,-1.9421578034958844,0.30708661417322836,1.0
RWDD1,-0.11566496424175998,0.9133858267716536,1.0
ZUFSP,-1.96868910959413,0.13385826771653545,1.0
GOPC,1.360928731764992,0.23622047244094488,1.0
NUS1,-1.1798746843136985,0.3700787401574803,1.0
AL450405.1,0.2117012206427491,0.9448818897637795,1.0
CEP85L,0.18807049603381198,0.8110236220472441,1.0
MCM9,-1.30358035372207,0.33858267716535434,1.0
ASF1A,-1.4120918810823144,0.3228346456692913,1.0
MAN1A1,1.2791596361779058,0.16535433070866143,1.0
GJA1,1.1068501111648092,0.33070866141732286,1.0
SERINC1,-1.645719102095824,0.5511811023622047,1.0
SMPDL3A,1.1411171840482375,0.33070866141732286,1.0
ATP5LP2,-0.9246316465186805,0.30708661417322836,1.0
RNF217,-0.8982854125725923,0.6062992125984252,1.0
TPD52L1,0.9182069218829412,0.6062992125984252,1.0
HDDC2,-1.594793218682129,0.29133858267716534,1.0
NCOA7,-1.390389893060481,0.2755905511811024,1.0
HINT3,-2.2638388512355956,0.06299212598425197,1.0
PRELID1P1,0.09797867777141889,0.952755905511811,1.0
RNF146,0.552295286383643,0.7322834645669292,1.0
ECHDC1,1.0012974773105388,0.5511811023622047,1.0
THEMIS,0.2930051215840065,0.84251968503937,1.0
ARHGAP18,0.40177656659258254,0.7637795275590551,1.0
L3MBTL3,0.5821557107971822,0.6850393700787402,1.0
SAMD3,-0.33432489629334927,0.7637795275590551,1.0
ARG1,-3.1429306229737,0.15748031496062992,1.0
MED23,0.4813635742261795,0.7322834645669292,1.0
CTGF,-0.6369117498334793,0.6535433070866141,1.0
STX7,0.5421266221478991,0.11023622047244094,1.0
VNN1,-0.534386727946468,0.6929133858267716,1.0
VNN3,-0.8481760064672637,0.8582677165354331,1.0
VNN2,-0.16400469712863774,0.937007874015748,1.0
RPS12,-0.12147489465661643,0.8740157480314961,1.0
TBPL1,-0.5558103294853933,0.7874015748031497,1.0
SGK1,0.11458281112769875,0.9448818897637795,1.0
AL078590.2,-1.0502913034260497,0.4881889763779528,1.0
HBS1L,0.0651394842972457,0.9763779527559056,1.0
AHI1,-0.029479913161997162,1.0,1.0
BCLAF1,-1.2551436223371377,0.8031496062992126,1.0
MAP7,0.6548627619213758,0.6456692913385826,1.0
MAP3K5,-0.33432858270724175,0.5118110236220472,1.0
IFNGR1,-1.0454083618777723,0.9606299212598425,1.0
AL357060.2,0.379241419768503,0.7637795275590551,1.0
TNFAIP3,-0.515589831786464,0.8661417322834646,1.0
PERP,0.8485783143686696,0.7795275590551181,1.0
HEBP2,0.03400972876824415,0.9921259842519685,1.0
CCDC28A,-0.48204804491902564,0.25196850393700787,1.0
REPS1,-1.7804928402068798,0.2125984251968504,1.0
ABRACL,-1.8696718914099044,0.08661417322834646,1.0
HECA,0.14061159058972983,0.6377952755905512,1.0
AL031772.1,-0.3803988941592279,0.7637795275590551,1.0
TXLNB,-2.342203796747992,0.05511811023622047,1.0
AL592429.1,-0.9911118867989399,0.5669291338582677,1.0
CITED2,-2.1252121065562353,0.1732283464566929,1.0
VTA1,-1.0735179473194991,0.4330708661417323,1.0
HIVEP2,1.2705620623991063,0.5354330708661418,1.0
AIG1,0.5543666187550294,0.48031496062992124,1.0
PHACTR2,-0.13625039680632156,0.9133858267716536,1.0
PLAGL1,0.2886263172561421,0.7874015748031497,1.0
SF3B5,-1.206643911997765,0.36220472440944884,1.0
STX11,-0.04601019214736368,0.952755905511811,1.0
TPT1P4,-1.762598146156508,0.23622047244094488,1.0
UTRN,-0.7766588229223466,0.8188976377952756,1.0
FBXO30,-0.7426996158855721,0.48031496062992124,1.0
SHPRH,-0.5103609760206148,0.6062992125984252,1.0
RAB32,-2.0660836228691135,0.11811023622047244,1.0
KATNBL1P6,0.006296686318749245,1.0,1.0
STXBP5-AS1,1.5223544186718918,0.33070866141732286,1.0
STXBP5,-1.0206600802635206,0.7244094488188977,1.0
SASH1,1.8014263163394806,0.25196850393700787,1.0
TAB2,0.4453009659987579,0.1968503937007874,1.0
PPIL4,2.1094488645619887,0.031496062992125984,1.0
GINM1,-0.5856060229532689,0.8110236220472441,1.0
KATNA1,-0.26118986477022377,0.9212598425196851,1.0
LATS1,-1.8050762844682413,0.2440944881889764,1.0
PCMT1,-2.4592032230700926,0.2204724409448819,1.0
LRP11,1.8276314878455182,0.1732283464566929,1.0
RAET1E,0.7599617574796218,0.6456692913385826,1.0
MTHFD1L,0.6027048165257871,0.6220472440944882,1.0
AL356535.1,-0.9651257085440872,0.3543307086614173,1.0
ZBTB2,-0.19898913401249296,1.0,1.0
ARMT1,0.07939667362725222,0.905511811023622,1.0
CCDC170,-0.9502393399525824,0.4566929133858268,1.0
SYNE1,-1.4934843025058409,0.4645669291338583,1.0
FBXO5,0.7541940192767058,0.6850393700787402,1.0
MTRF1L,0.22001900401498542,0.8818897637795275,1.0
AL590867.2,-0.3010212304906661,0.7322834645669292,1.0
IPCEF1,0.6578424458676633,0.8740157480314961,1.0
SCAF8,0.4511271923303881,0.6220472440944882,1.0
TIAM2,-0.8317201799612788,0.48031496062992124,1.0
TFB1M,-0.30107651880671993,0.84251968503937,1.0
ARID1B,-0.9957587579005209,0.5275590551181102,1.0
TMEM242,-1.2682309297933514,0.3228346456692913,1.0
ZDHHC14,-0.9235936055506758,0.5275590551181102,1.0
SNX9,2.130421949709528,0.11023622047244094,1.0
SYNJ2,-1.3272067227913085,0.3858267716535433,1.0
SERAC1,-1.5315641611899105,0.1732283464566929,1.0
GTF2H5,-1.9329956818079475,0.11023622047244094,1.0
TULP4,0.753988014456048,0.6220472440944882,1.0
TMEM181,-1.133356630476967,0.4015748031496063,1.0
DYNLT1,0.17403485491790605,0.8188976377952756,1.0
SYTL3,0.5062628382054877,0.5748031496062992,1.0
EZR,0.4066574255298594,0.3464566929133858,1.0
RSPH3,-0.020550922653172154,1.0,1.0
AL035530.2,0.8844612809243144,0.4566929133858268,1.0
TAGAP,-0.5073735644681943,0.8661417322834646,1.0
SOD2,0.04299823864779739,0.937007874015748,1.0
WTAP,0.1783076742562777,0.8346456692913385,1.0
TCP1,-1.21927204295773,0.4330708661417323,1.0
MRPL18,-1.922675309136118,0.2440944881889764,1.0
IGF2R,0.42961531665595487,0.5118110236220472,1.0
AL353625.1,0.16767507121047842,0.8346456692913385,1.0
SLC22A1,-0.6453542052237535,0.6850393700787402,1.0
CAHM,-0.8658759876014428,0.5275590551181102,1.0
QKI,-1.2239541458664638,0.8740157480314961,1.0
SFT2D1,-1.1607440426380844,0.7401574803149606,1.0
MPC1,-2.6816723292034856,0.03937007874015748,1.0
RPS6KA2,-0.2974605822584405,0.8818897637795275,1.0
RNASET2,-1.943733503726902,0.4566929133858268,1.0
FGFR1OP,-0.5651122915228117,0.6771653543307087,1.0
AFDN,-0.8536888193726115,0.5905511811023622,1.0
THBS2,-0.9645737138919558,0.4881889763779528,1.0
C6orf120,1.5397586844801014,0.2204724409448819,1.0
PHF10,-0.2565566570739115,0.8346456692913385,1.0
FAM120B,-0.020811589106269235,1.0,1.0
PSMB1,0.27142394253466495,0.6456692913385826,1.0
TBP,-0.8763485304918606,0.5039370078740157,1.0
PDCD2,-0.14859031063813033,0.952755905511811,1.0
AC215522.2,-0.2721320439663204,0.7637795275590551,1.0
SUN1,-1.5133697616526627,0.2755905511811024,1.0
ADAP1,-0.3606330304225709,0.84251968503937,1.0
COX19,-2.180812085385486,0.18110236220472442,1.0
C7orf50,0.6236362856025615,0.7007874015748031,1.0
ZFAND2A,-1.5787196001494186,0.3543307086614173,1.0
PSMG3,2.2436943236694886,0.18110236220472442,1.0
NUDT1,-0.5663540734057309,0.6062992125984252,1.0
EIF3B,-2.2208649643116676,0.13385826771653545,1.0
CHST12,0.41765763353630714,0.7322834645669292,1.0
LFNG,1.1014898808225202,0.4330708661417323,1.0
IQCE,-0.7306671590836067,0.5984251968503937,1.0
GNA12,0.1691272261510075,0.9212598425196851,1.0
FOXK1,-0.2773743539416782,0.905511811023622,1.0
AP5Z1,1.7091735382911255,0.29133858267716534,1.0
RBAK,-2.1071210344534883,0.09448818897637795,1.0
WIPI2,-0.0025101441377071154,1.0,1.0
TNRC18,0.25362470804689785,0.7322834645669292,1.0
AC092171.2,-0.5096772583898684,0.6062992125984252,1.0
ACTB,-0.43954778916559967,0.4330708661417323,1.0
FSCN1,-1.448026136832566,0.25196850393700787,1.0
RNF216,-1.6702357668424317,0.16535433070866143,1.0
CCZ1,0.5408420438767747,0.7165354330708661,1.0
EIF2AK1,-0.4783030791301943,0.4566929133858268,1.0
USP42,0.31014043920851675,0.7952755905511811,1.0
FAM220A,-1.4747246293775222,0.2125984251968504,1.0
RAC1,-0.060671318217044856,0.9448818897637795,1.0
DAGLB,0.44315088148223314,0.7795275590551181,1.0
KDELR2,-0.31912281396695796,0.7244094488188977,1.0
C7orf26,-1.3322585621131613,0.3779527559055118,1.0
ZNF316,-0.6386308468159845,0.8346456692913385,1.0
ZNF12,-0.8076120490017331,0.48031496062992124,1.0
CCZ1B,-1.369621762601034,0.25196850393700787,1.0
C1GALT1,-1.094257071071505,0.023622047244094488,1.0
AC004982.1,-0.13389167301277216,1.0,1.0
MIOS,-0.30327324076599793,0.8346456692913385,1.0
RPA3,1.1240022715300664,0.3228346456692913,1.0
UMAD1,-2.83212230788755,0.03937007874015748,1.0
GLCCI1,-0.7398993598483745,0.2755905511811024,1.0
ICA1,-3.1485623851755395,0.09448818897637795,1.0
NDUFA4,-2.5697394748679523,0.11023622047244094,1.0
PHF14,-0.6206957037452796,0.5984251968503937,1.0
TMEM106B,-0.41572185166718834,0.7007874015748031,1.0
ARL4A,0.45340378352273936,0.7874015748031497,1.0
BZW2,0.8391746734437345,0.5275590551181102,1.0
TSPAN13,-1.1540022943979462,0.3700787401574803,1.0
AHR,-1.092985197604813,0.3700787401574803,1.0
SNX13,-0.918604379743809,0.7874015748031497,1.0
HDAC9,0.059937273304247585,1.0,1.0
TWISTNB,1.4402051127020532,0.41732283464566927,1.0
RPL21P75,-0.19097099999708655,0.9212598425196851,1.0
MACC1,1.9142305216161248,0.14960629921259844,1.0
AC005083.1,1.2560423832025196,0.5669291338582677,1.0
RPL23P8,-1.01329089654695,0.6220472440944882,1.0
SP4,-0.06766683213010083,0.984251968503937,1.0
CDCA7L,-2.838531599776659,0.07086614173228346,1.0
EEF1A1P6,-2.073746650810758,0.05511811023622047,1.0
TOMM7,-0.6784233572019733,0.30708661417322836,1.0
FAM126A,-0.8847672008956873,0.6299212598425197,1.0
NUPL2,0.682742119622872,0.5748031496062992,1.0
MALSU1,-1.1967592528413857,0.33858267716535434,1.0
TRA2A,0.20010509511856878,0.5905511811023622,1.0
CCDC126,-0.39490645082218667,0.7637795275590551,1.0
OSBPL3,1.1680854833039822,0.3858267716535433,1.0
CYCS,0.6907548763410043,0.5590551181102362,1.0
NFE2L3,-1.499157845965202,0.18110236220472442,1.0
AC004520.1,1.5973545844046069,0.1889763779527559,1.0
HNRNPA2B1,-0.3192349676329851,0.6850393700787402,1.0
CBX3,-0.6757065707830341,0.33070866141732286,1.0
SNX10,-1.2535837063540711,0.9606299212598425,1.0
SKAP2,-0.5538614931487214,0.6456692913385826,1.0
HOTAIRM1,0.954830882067647,0.3228346456692913,1.0
HOXA5,-0.027817101218394313,1.0,1.0
HIBADH,0.4558780239108762,0.7637795275590551,1.0
TAX1BP1,0.16618473028777903,0.5826771653543307,1.0
JAZF1,-0.5678173239122017,0.7637795275590551,1.0
CREB5,-0.728776099029611,0.9448818897637795,1.0
CPVL,-0.9734471599564646,0.4094488188976378,1.0
SCRN1,-0.2235630491250964,0.9763779527559056,1.0
PLEKHA8,-1.5232942768071753,0.3228346456692913,1.0
MTURN,-1.634238398364141,0.30708661417322836,1.0
ZNRF2,-0.749072594462759,0.6535433070866141,1.0
AC006978.1,0.9239414752646433,0.47244094488188976,1.0
LINC01176,-0.6637463674973776,0.6850393700787402,1.0
GGCT,0.2679989536379537,0.905511811023622,1.0
AC005154.1,-2.3196640262871804,0.14173228346456693,1.0
GARS,-1.5235921296617314,0.2125984251968504,1.0
AQP1,2.9166666306852465,0.1732283464566929,1.0
LSM5,-1.7359076970965845,0.1889763779527559,1.0
AVL9,0.4043449530451477,0.7007874015748031,1.0
KBTBD2,-1.250324231379551,0.6456692913385826,1.0
FKBP9,-0.3985325686522827,0.7637795275590551,1.0
NT5C3A,-1.8439723894448115,0.2047244094488189,1.0
DPY19L1,0.30573934065406516,0.7637795275590551,1.0
HERPUD2,-0.9869937777024802,0.07874015748031496,1.0
SEPT7,0.2031566292185616,0.5511811023622047,1.0
EEPD1,-1.1713894122748174,0.29133858267716534,1.0
AOAH,-1.4677837798426445,0.3700787401574803,1.0
ELMO1,-1.6410710645713475,0.2677165354330709,1.0
GPR141,-1.626860885332989,0.23622047244094488,1.0
NME8,-2.458980947963091,0.07874015748031496,1.0
SFRP4,-0.5503097808894482,0.7244094488188977,1.0
STARD3NL,0.25251007639743417,0.7952755905511811,1.0
TRGC2,-1.664998785068978,0.2440944881889764,1.0
TRGC1,-0.11352850574424966,0.9212598425196851,1.0
TRG-AS1,2.205462314079417,0.16535433070866143,1.0
VPS41,1.115430828868262,0.5669291338582677,1.0
RALA,-0.9036276066690663,0.6062992125984252,1.0
CDK13,1.5496600187463159,0.2440944881889764,1.0
MPLKIP,-2.522456771284194,0.03937007874015748,1.0
INHBA,-0.7701175161828209,0.6220472440944882,1.0
PSMA2,-1.7453848989032146,0.13385826771653545,1.0
MRPL32,0.5295462985864701,0.6929133858267716,1.0
STK17A,-0.6368947597759345,0.8582677165354331,1.0
COA1,-0.7278890449940865,0.6692913385826772,1.0
BLVRA,-1.4970736922095513,0.13385826771653545,1.0
MRPS24,-0.01832776311585027,1.0,1.0
LINC00957,-1.135039621977931,0.25196850393700787,1.0
DBNL,-0.58719683654419,0.33858267716535434,1.0
AEBP1,0.6686180128008139,0.7637795275590551,1.0
YKT6,0.05409052067572606,0.9921259842519685,1.0
NUDCD3,0.5688923759691269,0.6220472440944882,1.0
AC004453.1,-0.15278125364050332,0.8740157480314961,1.0
DDX56,-0.3848641913223787,0.7007874015748031,1.0
TMED4,-0.9680543021223666,0.6456692913385826,1.0
OGDH,-1.6460906896577403,0.14960629921259844,1.0
ZMIZ2,-1.1949231771334468,0.5275590551181102,1.0
PPIA,0.1130604921932461,0.952755905511811,1.0
H2AFV,-1.662627260591174,0.44881889763779526,1.0
PURB,-1.63847061841836,0.4251968503937008,1.0
AC004854.2,0.1560802084069628,1.0,1.0
AC004847.1,0.29452991017954244,0.84251968503937,1.0
MYO1G,-0.2046989258185734,0.905511811023622,1.0
CCM2,-0.5088329498861377,0.6062992125984252,1.0
TBRG4,-1.1467614546357665,0.2440944881889764,1.0
HUS1,-3.208859649295511,0.031496062992125984,1.0
UPP1,1.193235563872208,0.49606299212598426,1.0
ABCA13,-0.6415642034015219,0.8818897637795275,1.0
IKZF1,-0.4149841945775137,0.4409448818897638,1.0
FIGNL1,1.0644463235001562,0.44881889763779526,1.0
GRB10,1.4215279387335595,0.3543307086614173,1.0
SEC61G,-0.027188826151749446,0.968503937007874,1.0
LANCL2,0.3446739313238769,0.8031496062992126,1.0
VOPP1,-0.49043123833528135,0.84251968503937,1.0
PSPHP1,1.0721845770450664,0.49606299212598426,1.0
NIPSNAP2,-1.0700235124525002,0.3700787401574803,1.0
PSPH,0.5511848987908234,0.9606299212598425,1.0
CCT6A,-0.8584889816539532,0.5511811023622047,1.0
CHCHD2,-0.02987371616273027,0.9763779527559056,1.0
AC006970.1,-0.11962635531350307,0.952755905511811,1.0
AC099654.2,-0.6342592553610722,0.6377952755905512,1.0
ZNF736,-0.7043224662702722,0.5275590551181102,1.0
ZNF107,-1.4941006975856501,0.2755905511811024,1.0
ZNF138,1.3925970580539926,0.4094488188976378,1.0
ZNF117,-1.2456727058521881,0.5669291338582677,1.0
ERV3-1,0.3305596628660581,0.5590551181102362,1.0
ZNF92,-0.2267322645552987,0.8582677165354331,1.0
VKORC1L1,2.342728628449568,0.11023622047244094,1.0
GUSB,-2.0883830413563116,0.08661417322834646,1.0
CRCP,-1.9645651390049215,0.14960629921259844,1.0
TPST1,-1.4294612950813275,0.23622047244094488,1.0
LINC00174,-0.26103126345570793,0.8582677165354331,1.0
AC006001.3,-1.0988070027346049,0.5275590551181102,1.0
RPL35P5,2.2620993541829333,0.11811023622047244,1.0
KCTD7,-0.041558124097473836,1.0,1.0
RABGEF1,-0.4624616974124516,0.9763779527559056,1.0
AC073335.2,0.1811966513996075,0.84251968503937,1.0
AC073335.1,0.3434635747323307,0.8267716535433071,1.0
TMEM248,-1.2945820471959077,0.3858267716535433,1.0
SBDS,-0.12806937818289033,0.889763779527559,1.0
TYW1,-0.34437559204744983,0.7637795275590551,1.0
AUTS2,0.4145303031293903,0.84251968503937,1.0
GTF2IP4,-2.2921333177453067,0.047244094488188976,1.0
NCF1B,0.08698351719619257,0.905511811023622,1.0
NSUN5,-1.7444873240987098,0.29133858267716534,1.0
BAZ1B,-0.8738379436782626,0.6929133858267716,1.0
BCL7B,1.208842165734838,0.4645669291338583,1.0
BUD23,0.3490278530408455,0.84251968503937,1.0
STX1A,-0.2629344167334877,0.9212598425196851,1.0
ABHD11,0.2705301480139439,0.8110236220472441,1.0
CLDN4,1.9872976972533414,0.36220472440944884,1.0
ELN,0.24903201210192472,0.9212598425196851,1.0
LIMK1,0.21902522509389932,0.9212598425196851,1.0
EIF4H,-0.3035470673438274,0.7480314960629921,1.0
LAT2,-0.7880951842495891,0.9291338582677166,1.0
RFC2,-0.09547115319610588,1.0,1.0
NCF1,-2.5156599618775406,0.03937007874015748,1.0
NCF1C,-0.6221903675107638,0.5826771653543307,1.0
NSUN5P1,1.3361879348553756,0.25196850393700787,1.0
POM121C,-0.5307193836374093,0.905511811023622,1.0
HIP1,1.1235284030479686,0.7007874015748031,1.0
RHBDD2,0.8184957585470531,0.33858267716535434,1.0
POR,0.3948195607245166,0.7637795275590551,1.0
TMEM120A,-1.1081460615093928,0.6929133858267716,1.0
STYXL1,-1.646179644795486,0.2047244094488189,1.0
MDH2,-1.3813351745383782,0.3464566929133858,1.0
SRRM3,1.7957311960521405,0.25196850393700787,1.0
HSPB1,2.987146199801642,0.047244094488188976,1.0
YWHAG,-1.010198467755906,0.8582677165354331,1.0
DTX2,-0.027128671015741013,1.0,1.0
CCDC146,-1.0637684569748354,0.6220472440944882,1.0
FGL2,-1.1524666869810796,0.7322834645669292,1.0
GSAP,-0.07939098918783216,0.952755905511811,1.0
PTPN12,0.6208033377146176,0.11811023622047244,1.0
APTR,0.6167630307593925,0.5275590551181102,1.0
RSBN1L,0.6893981070545028,0.7480314960629921,1.0
TMEM60,-2.468211147357934,0.09448818897637795,1.0
PHTF2,-0.5511496025578806,0.7165354330708661,1.0
GNAI1,1.8195348508140827,0.3228346456692913,1.0
CD36,-0.45922488778783066,0.7952755905511811,1.0
DMTF1,-1.898451326089133,0.2755905511811024,1.0
TMEM243,1.0406049425818957,0.33858267716535434,1.0
TP53TG1,-0.17419457613838407,0.8818897637795275,1.0
CROT,1.201650388194111,0.4094488188976378,1.0
SLC25A40,-3.2844770128187672,0.031496062992125984,1.0
DBF4,-1.5095979793594156,0.29133858267716534,1.0
SRI,-1.4446451104570603,0.2283464566929134,1.0
STEAP4,0.28089164648286236,0.6929133858267716,1.0
GTPBP10,-0.904177360229989,0.44881889763779526,1.0
CDK14,-1.2336501456933195,0.31496062992125984,1.0
MTERF1,0.3100587324391437,0.8267716535433071,1.0
AKAP9,-0.6163060452659934,0.31496062992125984,1.0
KRIT1,0.9708740789019439,0.5118110236220472,1.0
ANKIB1,-0.2646476805493374,0.6062992125984252,1.0
GATAD1,-2.467937559397728,0.09448818897637795,1.0
PEX1,-0.3255438574058984,0.905511811023622,1.0
RBM48,-0.40931227534702064,0.7401574803149606,1.0
CDK6,0.4031955507393019,0.7716535433070866,1.0
SAMD9,0.06361380177820308,0.9921259842519685,1.0
SAMD9L,-0.7830691985439158,0.33070866141732286,1.0
BET1,0.7690328586546498,0.5275590551181102,1.0
COL1A2,1.3713490060499032,0.5669291338582677,1.0
CASD1,-1.8430569719799847,0.13385826771653545,1.0
PPP1R9A,1.803776328309437,0.44881889763779526,1.0
PON2,-0.3051680842820965,0.7637795275590551,1.0
SLC25A13,-0.7435557402591861,0.6220472440944882,1.0
SEM1,-0.17015719194940626,0.8661417322834646,1.0
SDHAF3,0.2729927081111372,0.7716535433070866,1.0
LMTK2,-0.9879740323950665,0.6220472440944882,1.0
TECPR1,0.5522153082145351,0.5590551181102362,1.0
BRI3,-0.9118790729747346,0.1968503937007874,1.0
BAIAP2L1,-0.2529263761505336,1.0,1.0
RPS3AP26,-2.1819093793720876,0.11811023622047244,1.0
TRRAP,-0.42669046327487714,0.7795275590551181,1.0
SMURF1,0.6005815634030827,0.7086614173228346,1.0
ARPC1A,1.468714328339515,0.2755905511811024,1.0
ARPC1B,-1.273141100875975,0.4330708661417323,1.0
PDAP1,-0.5379009320851482,0.9291338582677166,1.0
BUD31,1.5280775167420764,0.2755905511811024,1.0
CPSF4,1.8524986705466715,0.2125984251968504,1.0
ATP5J2,0.3466841797420903,0.5984251968503937,1.0
ZNF394,-1.2240008976709538,0.5196850393700787,1.0
ZKSCAN5,-0.31482682951409924,0.8582677165354331,1.0
ZNF655,-1.4191667676792106,0.4645669291338583,1.0
ZSCAN25,-0.32532146274251794,0.84251968503937,1.0
TRIM4,-0.9826647364745336,0.4015748031496063,1.0
ZKSCAN1,-1.4439325533616931,0.1889763779527559,1.0
ZNF3,-0.17835390046249677,0.8582677165354331,1.0
COPS6,1.551250478831193,0.3543307086614173,1.0
MCM7,0.06720134204807016,0.8582677165354331,1.0
LAMTOR4,-1.431405000787727,0.031496062992125984,1.0
C7orf43,0.006965259884968766,1.0,1.0
PILRB,-1.1409011818773998,0.44881889763779526,1.0
PILRA,-0.8463834199070428,0.9291338582677166,1.0
ZCWPW1,-0.7884970268153872,0.5354330708661418,1.0
MEPCE,-1.8155583119882097,0.2125984251968504,1.0
C7orf61,-2.129289265439003,0.09448818897637795,1.0
TSC22D4,-1.2883655061569446,0.5039370078740157,1.0
AGFG2,1.5469478228235296,0.33070866141732286,1.0
PCOLCE,0.535265610079233,0.8267716535433071,1.0
MOSPD3,-0.39000412825409025,0.7244094488188977,1.0
GNB2,1.2901600692162507,0.5511811023622047,1.0
GIGYF1,-1.747471814569848,0.2204724409448819,1.0
POP7,-0.16000394266178364,1.0,1.0
EPHB4,0.4203836396066172,0.7874015748031497,1.0
SLC12A9,-0.5939754660075574,0.8188976377952756,1.0
TRIP6,-0.8496459891013721,0.3700787401574803,1.0
SRRT,-0.4635119415869364,0.7007874015748031,1.0
TRIM56,-1.2452614983274692,0.07086614173228346,1.0
SERPINE1,1.779362850539605,0.1732283464566929,1.0
ZNHIT1,-0.3354477029683478,0.7637795275590551,1.0
CLDN15,-0.22667949278946786,0.84251968503937,1.0
FIS1,0.9923174329383899,0.5354330708661418,1.0
CUX1,-0.23650381344433757,0.6929133858267716,1.0
SH2B2,1.3001535267760953,0.3700787401574803,1.0
PRKRIP1,-1.4909638090359567,0.31496062992125984,1.0
AC073517.1,-2.53571448624726,0.1732283464566929,1.0
ORAI2,0.027308237559676485,0.984251968503937,1.0
LRWD1,-0.6612199679773729,0.6535433070866141,1.0
POLR2J,-0.06289451716466843,0.984251968503937,1.0
POLR2J3,-1.3188996416176386,0.29133858267716534,1.0
FBXL13,-0.6556298291563851,0.5826771653543307,1.0
NFE4,-0.5818819133532855,0.8346456692913385,1.0
ARMC10,-0.0030328555086152065,1.0,1.0
PMPCB,0.11983821205432199,0.9291338582677166,1.0
DNAJC2,0.9459033960243308,0.6377952755905512,1.0
PSMC2,1.5483672446584738,0.23622047244094488,1.0
EIF4BP6,-0.05551291851790974,0.952755905511811,1.0
LINC01004,0.0020056192283761654,1.0,1.0
KMT2E-AS1,-2.8647475672874787,0.06299212598425197,1.0
KMT2E,-0.003548843489007858,1.0,1.0
SRPK2,0.07688224422857814,0.8503937007874016,1.0
RWDD4P1,-1.8705686045450902,0.09448818897637795,1.0
AC004884.2,-1.0469169441663477,0.5669291338582677,1.0
ATXN7L1,0.5017028258763117,0.7322834645669292,1.0
SYPL1,2.0062038161459474,0.05511811023622047,1.0
NAMPT,0.29762308473162413,0.6535433070866141,1.0
AC004917.1,1.432705038521098,0.4094488188976378,1.0
CCDC71L,1.0854630854531004,0.2677165354330709,1.0
PIK3CG,-1.042919936640553,0.6692913385826772,1.0
HBP1,-1.1799532431425321,0.4645669291338583,1.0
COG5,-0.026655234235732905,1.0,1.0
BCAP29,-2.7473691461155876,0.13385826771653545,1.0
CBLL1,0.011788731521881868,0.984251968503937,1.0
DLD,-1.4322719667187265,0.2677165354330709,1.0
LAMB1,2.098136593009232,0.16535433070866143,1.0
PNPLA8,-0.8219137595934649,0.984251968503937,1.0
THAP5,-0.2389131311356989,0.6850393700787402,1.0
DNAJB9,-0.3330745552687606,0.968503937007874,1.0
DOCK4,1.9023498073047467,0.2677165354330709,1.0
ZNF277,-2.1437342568927167,0.10236220472440945,1.0
IFRD1,-1.3103576479998003,0.9291338582677166,1.0
LSMEM1,0.8020726629658985,0.5905511811023622,1.0
TMEM168,-1.0960248065821738,0.30708661417322836,1.0
BMT2,-0.8498849292497095,0.5354330708661418,1.0
SMIM30,-0.48054708525455614,0.7480314960629921,1.0
MDFIC,-0.170273012041104,0.968503937007874,1.0
TFEC,-1.5471025362063224,0.31496062992125984,1.0
TES,0.3528410333235792,0.8582677165354331,1.0
CAV2,-0.34079998313669324,0.905511811023622,1.0
CAV1,3.832488022527257,0.015748031496062992,1.0
CAPZA2,-0.25200327952029333,0.7322834645669292,1.0
ST7,1.8010994273869547,0.3700787401574803,1.0
LSM8,-1.1474902684676906,0.4409448818897638,1.0
ING3,-1.4227790927112585,0.2677165354330709,1.0
FAM3C,-0.14245765352011475,0.9212598425196851,1.0
NDUFA5,0.5208818015905559,0.2992125984251969,1.0
WASL,-0.07600661811148157,0.9448818897637795,1.0
POT1,0.7477372245634046,0.5354330708661418,1.0
ZNF800,-0.5968217195695775,0.7007874015748031,1.0
GCC1,0.40088645935445966,0.7795275590551181,1.0
ARF5,-0.7969181269386693,0.4015748031496063,1.0
SND1,1.1385320266517494,0.5275590551181102,1.0
LRRC4,-0.5302282415374489,0.7165354330708661,1.0
RBM28,-0.16775820492062388,0.952755905511811,1.0
IMPDH1,-0.17733648451741324,0.905511811023622,1.0
HILPDA,2.578032875928425,0.2125984251968504,1.0
AC090114.1,-0.41761489278511454,0.6850393700787402,1.0
AC018638.5,0.19057456016273422,0.84251968503937,1.0
CALU,1.1266249631257743,0.48031496062992124,1.0
ATP6V1F,-0.5004426099949404,0.5905511811023622,1.0
IRF5,-3.2553989912280126,0.015748031496062992,1.0
TNPO3,0.7687498963722827,0.6535433070866141,1.0
AHCYL2,2.4063882879186855,0.06299212598425197,1.0
AC009244.1,0.9095098938710453,0.3464566929133858,1.0
NRF1,-0.47338317447159906,0.7401574803149606,1.0
UBE2H,0.19514411333641224,0.30708661417322836,1.0
KLHDC10,-0.037850864101238724,0.9763779527559056,1.0
TMEM209,-1.7442878881814958,0.10236220472440945,1.0
LINC00513,0.11523300898806643,0.9212598425196851,1.0
AC016831.1,0.5342641616536872,0.6850393700787402,1.0
AC016831.5,1.2314020325959916,0.2992125984251969,1.0
AC058791.1,1.3425481559172008,0.33858267716535434,1.0
LINC-PINT,0.30905441279628754,0.7007874015748031,1.0
MKLN1,0.6768673052866658,0.49606299212598426,1.0
AC009362.1,0.06035565029920864,1.0,1.0
EEF1B2P6,1.064144729060021,0.49606299212598426,1.0
CHCHD3,-1.2786164420862556,0.3700787401574803,1.0
AC008038.1,-1.139477154551578,0.3700787401574803,1.0
EXOC4,-0.39740589969201756,0.84251968503937,1.0
AKR1B1,-2.6174771683297298,0.031496062992125984,1.0
AKR1B10,1.0805892900949754,0.5275590551181102,1.0
BPGM,1.6466853512033386,0.25984251968503935,1.0
CALD1,2.2650065708376674,0.2125984251968504,1.0
TMEM140,-0.3291040777493697,0.7952755905511811,1.0
WDR91,-0.5707772254533385,0.6850393700787402,1.0
CNOT4,0.15630780149563783,0.8976377952755905,1.0
NUP205,-1.3663692507654797,0.14960629921259844,1.0
STMP1,-0.6787482728039205,0.5590551181102362,1.0
SLC13A4,1.658223966613844,0.2125984251968504,1.0
MTPN,0.226647838473367,0.7244094488188977,1.0
AC090498.1,1.7588762261270963,0.1968503937007874,1.0
CREB3L2,-1.697672798631999,0.2755905511811024,1.0
TRIM24,-0.3206925947003949,0.8110236220472441,1.0
ZC3HAV1,-1.8916493887398929,0.28346456692913385,1.0
UBN2,0.9810512167528134,0.4330708661417323,1.0
LUC7L2,-0.9754993930289761,0.5748031496062992,1.0
HIPK2,-0.3815947881063817,0.6377952755905512,1.0
TBXAS1,-1.072861140750005,0.7480314960629921,1.0
PARP12,-3.7475381720596803,0.023622047244094488,1.0
KDM7A,-1.2552213440734938,0.6456692913385826,1.0
JHDM1D-AS1,0.828614005488542,0.44881889763779526,1.0
SLC37A3,-0.6067135512203614,0.7874015748031497,1.0
MKRN1,-1.4337603664799836,0.5984251968503937,1.0
NDUFB2,-2.9145461380767923,0.13385826771653545,1.0
BRAF,-1.2199855045110848,0.5669291338582677,1.0
MRPS33,0.36423023292679524,0.7401574803149606,1.0
KIAA1147,0.48969053833938525,0.7007874015748031,1.0
SSBP1,-0.3670248686146511,0.5511811023622047,1.0
MGAM,-1.4279108739929747,0.6614173228346457,1.0
CLEC5A,0.5256990567329161,0.7322834645669292,1.0
TRBC1,-1.0495322894343229,0.5984251968503937,1.0
TRBC2,0.5682882704229222,0.7795275590551181,1.0
EPHB6,0.3326187934735867,0.84251968503937,1.0
GSTK1,-0.40208201659068,0.44881889763779526,1.0
CASP2,1.0894178359415436,0.3700787401574803,1.0
AC093673.1,0.33464077134265136,0.7007874015748031,1.0
ZYX,-1.871803144119248,0.4251968503937008,1.0
EPHA1-AS1,1.9339113944395971,0.14173228346456693,1.0
TCAF2,2.1750266632241133,0.1732283464566929,1.0
TPK1,1.6216300534749908,0.2440944881889764,1.0
CUL1,-1.325613050151278,0.33858267716535434,1.0
EZH2,1.4467006528806254,0.4251968503937008,1.0
PDIA4,-0.18083960454513992,0.7952755905511811,1.0
ZNF398,-1.8576956312910848,0.2047244094488189,1.0
ZNF282,-1.8026462905576797,0.29133858267716534,1.0
ZNF212,0.10743893644528035,0.84251968503937,1.0
ZNF746,-1.4276456075763604,0.3937007874015748,1.0
ZNF467,-1.7356657744780626,0.4015748031496063,1.0
ZNF862,-0.14525225799568364,1.0,1.0
LRRC61,-0.3224933839835675,0.84251968503937,1.0
RARRES2,-1.1017029832483043,0.29133858267716534,1.0
REPIN1,-0.3505747559732937,0.7952755905511811,1.0
GIMAP8,-0.10214245612759965,1.0,1.0
GIMAP7,-0.1393552501971389,1.0,1.0
GIMAP4,0.3253099064800109,0.6456692913385826,1.0
GIMAP6,0.23963078323940867,0.84251968503937,1.0
GIMAP2,1.1708424089281648,0.28346456692913385,1.0
GIMAP1,-0.42415557899979073,0.7637795275590551,1.0
TMEM176B,-1.0686845081949818,0.4094488188976378,1.0
TMEM176A,-0.3777970714925736,0.8267716535433071,1.0
CHPF2,0.7096364770167898,0.5275590551181102,1.0
SMARCD3,0.5960048547665568,0.84251968503937,1.0
NUB1,-0.5149274726672299,0.41732283464566927,1.0
RHEB,-2.0151926169649936,0.16535433070866143,1.0
PRKAG2,0.10327999446227132,0.84251968503937,1.0
GALNT11,-0.9541920114614257,0.4094488188976378,1.0
KMT2C,-1.0030822180261865,0.8503937007874016,1.0
LINC01003,-0.012355404903668044,1.0,1.0
INSIG1,0.4866673336062979,0.7322834645669292,1.0
RBM33,-1.4055000744814619,0.33858267716535434,1.0
RNF32,-0.6307562108230484,0.5275590551181102,1.0
LMBR1,0.10975670583102026,0.952755905511811,1.0
NOM1,-0.41841908303493436,0.7637795275590551,1.0
UBE3C,0.33021267414626676,0.8346456692913385,1.0
AC004898.1,-1.1426220413153023,0.3779527559055118,1.0
DNAJB6,-0.36839629473420654,0.3779527559055118,1.0
PTPRN2,0.21454479171909302,0.84251968503937,1.0
NCAPG2,0.15819286339385497,0.8582677165354331,1.0
ESYT2,1.3210561616899743,0.18110236220472442,1.0
WDR60,-1.303712318405784,0.4409448818897638,1.0
PLCXD1,0.5729185324445898,0.6850393700787402,1.0
CSF2RA,-0.7846428104696965,0.8818897637795275,1.0
SLC25A6,-0.5575634243722432,0.5433070866141733,1.0
P2RY8,0.5249681692288775,0.6929133858267716,1.0
AKAP17A,-1.6498355277834111,0.23622047244094488,1.0
DHRSX,-0.21807088640973937,0.8582677165354331,1.0
ZBED1,-3.1808871406498644,0.09448818897637795,1.0
CD99P1,-0.08339884290171051,0.968503937007874,1.0
CD99,0.6261588669975184,0.3228346456692913,1.0
ARSD,-0.8100126306389881,0.6141732283464567,1.0
MXRA5,0.10253563542616839,1.0,1.0
PRKX,-2.133229608078415,0.08661417322834646,1.0
PUDP,-2.364477335255867,0.05511811023622047,1.0
PNPLA4,-0.45278839936186266,0.7401574803149606,1.0
TBL1X,1.0957397442220582,0.13385826771653545,1.0
WWC3,1.5312054551566785,0.3228346456692913,1.0
HCCS,2.321309429021449,0.13385826771653545,1.0
MSL3,-0.30500491736617086,0.984251968503937,1.0
PRPS2,-0.06540426410561628,0.84251968503937,1.0
TLR8,0.539678253630095,0.5433070866141733,1.0
TMSB4X,-0.8221350970220005,0.14960629921259844,1.0
RAB9A,-0.4732989287231937,0.7401574803149606,1.0
TRAPPC2,0.659551855824799,0.5590551181102362,1.0
OFD1,-1.9827049758378044,0.10236220472440945,1.0
MOSPD2,-0.1329460283660504,0.905511811023622,1.0
PIGA,-0.07587479416688137,0.9606299212598425,1.0
BMX,-2.8615114548437868,0.12598425196850394,1.0
ACE2,-0.6212203071208402,0.6850393700787402,1.0
CA5B,-1.6889506727861288,0.09448818897637795,1.0
ZRSR2,-1.298205268425467,0.2440944881889764,1.0
AP1S2,-0.9040532570611353,0.07086614173228346,1.0
SYAP1,0.30210529031804256,0.6771653543307087,1.0
TXLNG,1.1402706120726798,0.3700787401574803,1.0
RBBP7,-1.2691647260183583,0.44881889763779526,1.0
REPS2,-1.359572560655768,0.3700787401574803,1.0
NHS,-1.0776713815907342,0.33858267716535434,1.0
SCML1,1.543650013367724,0.2125984251968504,1.0
CDKL5,-0.8941855703512709,0.5511811023622047,1.0
PHKA2,-1.017247090556733,0.4094488188976378,1.0
PDHA1,-2.020750845128428,0.30708661417322836,1.0
SH3KBP1,-0.2166438193468565,0.84251968503937,1.0
BCLAF3,-0.5101781677226689,0.8031496062992126,1.0
EIF1AX,-1.078612206865921,0.5039370078740157,1.0
RPS6KA3,-0.45051502520524966,0.952755905511811,1.0
SMS,2.061400525927864,0.05511811023622047,1.0
PRDX4,0.08272449030847762,0.9606299212598425,1.0
ACOT9,-0.40347157616774343,0.968503937007874,1.0
SAT1,-0.12273364182409985,0.8503937007874016,1.0
KLHL15,1.106206598135664,0.49606299212598426,1.0
EIF2S3,1.0946846169265472,0.5433070866141733,1.0
ZFX,-0.39323537180333634,0.8582677165354331,1.0
PDK3,-0.37020486479003223,0.8110236220472441,1.0
AC004656.1,-1.8696946745981295,0.13385826771653545,1.0
EEF1B2P3,-0.11320726254876945,0.9212598425196851,1.0
AC097263.1,1.3363654630473811,0.3700787401574803,1.0
CXorf21,-0.3092266513734607,0.7952755905511811,1.0
FTLP2,-0.3581238547789023,0.8503937007874016,1.0
GK,1.5425145393347002,0.3937007874015748,1.0
GK-IT1,0.3988154522823075,0.84251968503937,1.0
AC112496.1,0.8477276125370574,0.49606299212598426,1.0
GK-AS1,1.485624628482833,0.25196850393700787,1.0
TAB3,-1.8252726588658352,0.3228346456692913,1.0
TBCAP1,-0.23221341446955845,0.8582677165354331,1.0
CYBB,-3.187977673652534,0.06299212598425197,1.0
DYNLT3,-0.033128409786510105,0.968503937007874,1.0
RPGR,-0.6356604501429706,0.9291338582677166,1.0
MID1IP1,-1.483488087638671,0.7322834645669292,1.0
GAPDHP1,-0.7646808572181865,0.3937007874015748,1.0
BCOR,0.4898679407626685,0.7165354330708661,1.0
ATP6AP2,-0.5351454992419784,0.3858267716535433,1.0
CXorf38,-2.15702128029186,0.1968503937007874,1.0
MED14,-0.31575114039085594,0.8818897637795275,1.0
SDCBPP3,-0.3247536904541082,0.8582677165354331,1.0
USP9X,-0.5110387723287229,0.6614173228346457,1.0
DDX3X,0.050815678837050626,0.952755905511811,1.0
CASK,-0.5673865208715898,0.6220472440944882,1.0
GPR34,2.5031765823560796,0.09448818897637795,1.0
AL034370.1,-2.129684924163412,0.10236220472440945,1.0
FUNDC1,-1.7928221743045532,0.11023622047244094,1.0
KDM6A,-0.6535501969825752,0.8976377952755905,1.0
CXorf36,2.128600857013547,0.10236220472440945,1.0
MIR222HG,0.6693424676632045,0.7480314960629921,1.0
GAPDHP65,-2.0026807976849845,0.2204724409448819,1.0
ZNF674,-1.0445836035481093,0.41732283464566927,1.0
ZNF674-AS1,0.13998453420438173,1.0,1.0
CHST7,0.4214569607396057,0.7165354330708661,1.0
AL512633.1,-0.44412586009848354,0.6062992125984252,1.0
RP2,-1.8774611008586914,0.1968503937007874,1.0
NDUFB11,1.8939396740854164,0.23622047244094488,1.0
RBM10,-0.34011056722892796,0.8582677165354331,1.0
UBA1,1.537709656355248,0.4645669291338583,1.0
CDK16,-0.4941600520532172,0.6850393700787402,1.0
USP11,1.3714611596138202,0.1889763779527559,1.0
ARAF,-1.3697842237943645,0.14960629921259844,1.0
TIMP1,2.066623513779647,0.4094488188976378,1.0
CFP,-1.6358256086602792,0.10236220472440945,1.0
ELK1,-0.3389446005547876,0.8110236220472441,1.0
UXT,0.1998575567218781,0.8740157480314961,1.0
WASF4P,-1.3971650991613376,0.31496062992125984,1.0
ZNF81,-0.8223009438411361,0.41732283464566927,1.0
ZNF182,-1.254989828008501,0.2755905511811024,1.0
SLC38A5,0.515607283067536,0.7637795275590551,1.0
FTSJ1,-1.731555800952452,0.13385826771653545,1.0
TBC1D25,0.4794519533000581,0.6771653543307087,1.0
RBM3,-0.47240487720336954,0.5196850393700787,1.0
WDR13,-0.8763466999976641,0.5511811023622047,1.0
WAS,-1.8710435507990422,0.6535433070866141,1.0
HDAC6,-0.8831663160085677,0.5039370078740157,1.0
TIMM17B,-1.5817513514266133,0.25196850393700787,1.0
PQBP1,1.4033543074008379,0.3858267716535433,1.0
SLC35A2,-0.5553395178228442,0.31496062992125984,1.0
PIM2,-0.33126187805627794,0.9291338582677166,1.0
OTUD5,-0.27372115589060275,0.5275590551181102,1.0
KCND1,-0.84059888040305,0.5354330708661418,1.0
GRIPAP1,-1.5991441870316363,0.29133858267716534,1.0
TFE3,-0.1713756037984817,0.7480314960629921,1.0
CCDC120,0.2846837259438513,0.8582677165354331,1.0
PRAF2,-1.0092510656097706,0.3700787401574803,1.0
WDR45,0.3327774411470621,0.33070866141732286,1.0
GPKOW,-0.3048333998920021,0.84251968503937,1.0
PLP2,-0.6553255318131637,0.48031496062992124,1.0
VDAC1P2,0.5281481548511232,0.7244094488188977,1.0
MAGED1,-0.42327876030325084,0.7874015748031497,1.0
TSPYL2,0.9511384330249388,0.5748031496062992,1.0
KDM5C,-0.2123997038607479,0.7244094488188977,1.0
SMC1A,0.6078338469753266,0.5433070866141733,1.0
HSD17B10,-0.4931366271567099,0.7165354330708661,1.0
HUWE1,-0.7499518218144443,0.6614173228346457,1.0
AC233279.1,-1.1419452458723773,0.33070866141732286,1.0
PHF8,-1.701940489600914,0.08661417322834646,1.0
TSR2,0.298546898880371,0.8582677165354331,1.0
GNL3L,-0.009169156292357705,1.0,1.0
MAGED2,-1.4417314971100899,0.2755905511811024,1.0
APEX2,0.5930799868393144,0.6220472440944882,1.0
FAM104B,-1.9270937078587886,0.13385826771653545,1.0
RRAGB,0.35240349462330656,0.7952755905511811,1.0
UBQLN2,-0.05718683793465651,1.0,1.0
UQCRBP1,-1.6461377920232967,0.2440944881889764,1.0
LAS1L,-1.2585281071697916,0.29133858267716534,1.0
MSN,-0.35455481402222055,0.905511811023622,1.0
AL034397.3,-1.4325582979759286,0.84251968503937,1.0
YIPF6,1.5013719708270212,0.1732283464566929,1.0
IGBP1,0.11930262248865109,0.8188976377952756,1.0
PDZD11,2.2337197408324796,0.07086614173228346,1.0
DLG3,1.303164016480784,0.3700787401574803,1.0
RPS23P8,-0.8586780397952971,0.4094488188976378,1.0
SNX12,-1.7111221063923026,0.36220472440944884,1.0
FOXO4,-1.3195110248285165,0.2992125984251969,1.0
CXorf65,-0.6661661078529937,0.6929133858267716,1.0
IL2RG,-1.6013429177188359,0.7716535433070866,1.0
MED12,0.2789575262943864,0.8110236220472441,1.0
NONO,1.534496416517669,0.33858267716535434,1.0
TAF1,-0.08843097933054489,0.968503937007874,1.0
OGT,1.6743890587353079,0.2204724409448819,1.0
NHSL2,-1.4514695484552051,0.4094488188976378,1.0
RPS26P11,-0.06893960972246527,0.9212598425196851,1.0
PIN4,-0.38514032885633176,0.8031496062992126,1.0
RPS4X,-0.02153870952956538,0.9606299212598425,1.0
XIST,-0.56366317250285,0.7637795275590551,1.0
FTX,0.8969858305435494,0.5905511811023622,1.0
USMG5P1,0.21170137417019674,0.8110236220472441,1.0
PABPC1P3,-0.08334240165079887,0.9212598425196851,1.0
RLIM,-0.607653849559509,0.8976377952755905,1.0
ABCB7,-0.13985058313917176,0.9212598425196851,1.0
TTC3P1,-0.19865805394006064,0.9212598425196851,1.0
PBDC1,-0.15266558875767777,1.0,1.0
ATRX,-1.6420490222863346,0.4645669291338583,1.0
MAGT1,1.4885330591287733,0.1889763779527559,1.0
COX7B,-0.3787066724933821,0.84251968503937,1.0
ATP7A,-0.20771220446389815,0.905511811023622,1.0
PGK1,0.42750735521609506,0.6062992125984252,1.0
TAF9B,0.07631654560283452,0.8818897637795275,1.0
CYSLTR1,-3.0015854699073827,0.08661417322834646,1.0
P2RY10,0.9737351821759117,0.49606299212598426,1.0
ITM2A,2.8406555479491926,0.023622047244094488,1.0
BRWD3,-0.31153484902974515,0.5748031496062992,1.0
SH3BGRL,-0.8353026894339841,0.09448818897637795,1.0
TERF1P4,-1.3144607706134794,0.23622047244094488,1.0
APOOL,-0.1867428770174432,1.0,1.0
POF1B,0.1380289453535286,1.0,1.0
CHM,-0.12084012707337743,0.8346456692913385,1.0
EIF4A1P10,-0.48100360439624623,0.6850393700787402,1.0
NAP1L3,1.3275535657037294,0.3700787401574803,1.0
DIAPH2,-1.8494194272907127,0.2283464566929134,1.0
TSPAN6,2.040682402192739,0.2047244094488189,1.0
TRMT2B,-0.5607317390056867,0.7637795275590551,1.0
BTK,-0.9875842241807575,0.5984251968503937,1.0
RPL36A,-0.6134907709781161,0.7165354330708661,1.0
GLA,-0.5896292510712913,0.8346456692913385,1.0
HNRNPH2,0.5008169781585412,0.5118110236220472,1.0
ARMCX3,2.067058560274698,0.05511811023622047,1.0
AL672207.1,2.1202369751818964,0.2125984251968504,1.0
ZMAT1,-0.37671651017763663,0.7086614173228346,1.0
BEX5,-0.04181232678937752,1.0,1.0
BEX4,-2.24649021264016,0.13385826771653545,1.0
TCEAL8,-0.16436979944171926,0.937007874015748,1.0
BEX3,0.8353888962875136,0.6614173228346457,1.0
TCEAL4,1.3976420576406925,0.41732283464566927,1.0
TCEAL3,0.943802158600812,0.5669291338582677,1.0
MORF4L2,-0.2772562437390693,0.5669291338582677,1.0
SLC25A53,1.0737327226667905,0.25196850393700787,1.0
FAM199X,1.0780631192215333,0.4645669291338583,1.0
AL390039.1,-0.3554127256682338,0.7480314960629921,1.0
DNAJA1P3,-0.014005822002870039,1.0,1.0
PRPS1,-0.32053665756649097,0.84251968503937,1.0
TSC22D3,-0.08679477138192482,0.8503937007874016,1.0
PSMD10,0.1649966917331338,0.889763779527559,1.0
NXT2,-0.7856592915041216,0.49606299212598426,1.0
ACSL4,-0.6072317128403162,0.8818897637795275,1.0
TMEM164,2.043386294888034,0.23622047244094488,1.0
AMMECR1,-0.9269141521689392,0.5669291338582677,1.0
GNG5P2,-1.8137709292280193,0.1732283464566929,1.0
ALG13,-0.402606973938453,0.8346456692913385,1.0
PLS3,0.007371668227706962,1.0,1.0
AC005000.1,-0.9274256330384278,0.5275590551181102,1.0
WDR44,0.4174257409858928,0.7480314960629921,1.0
DOCK11,-0.2680878804725202,0.7007874015748031,1.0
IL13RA1,1.1072671644031349,0.33858267716535434,1.0
PGRMC1,-0.49609987623012985,0.7637795275590551,1.0
SLC25A43,2.619140179518595,0.09448818897637795,1.0
SLC25A5,0.5907031383994754,0.3779527559055118,1.0
CXorf56,-0.554826315095976,0.6220472440944882,1.0
UBE2A,0.03483069477434775,0.952755905511811,1.0
SEPT6,-1.6206846864558706,0.2204724409448819,1.0
RPL39,-0.46299136003491803,0.5984251968503937,1.0
UPF3B,-2.007737005381541,0.2992125984251969,1.0
RNF113A,-2.2201770715222517,0.10236220472440945,1.0
NDUFA1,-0.5912784955814034,0.48031496062992124,1.0
NKAP,-0.7938753530018383,0.6692913385826772,1.0
ZBTB33,1.0649087651052163,0.4015748031496063,1.0
LAMP2,-0.5502852315379849,0.23622047244094488,1.0
CUL4B,-2.276840318774702,0.2440944881889764,1.0
MCTS1,-0.40805104215168475,0.7401574803149606,1.0
C1GALT1C1,1.2251009920294789,0.3937007874015748,1.0
AL590139.1,-0.28590884082254275,0.9763779527559056,1.0
THOC2,0.1163142090106084,0.8740157480314961,1.0
XIAP,-1.4171753022260756,0.3779527559055118,1.0
STAG2,-0.2987193769751988,0.4566929133858268,1.0
SH2D1A,0.2832607154546487,0.8267716535433071,1.0
SASH3,-1.4865546299703611,0.14960629921259844,1.0
ZDHHC9,-2.1318826257575965,0.05511811023622047,1.0
BCORL1,-1.0564849025636431,0.41732283464566927,1.0
ELF4,-1.5731312960854495,0.25196850393700787,1.0
AIFM1,-1.6176272790032455,0.30708661417322836,1.0
SLC25A14,-0.15812280150271052,1.0,1.0
RBMX2,-1.5811508656657993,0.2440944881889764,1.0
FAM45BP,-1.4131530733692323,0.13385826771653545,1.0
ENOX2,0.5864933684787015,0.7244094488188977,1.0
STK26,0.06535987304051716,0.9212598425196851,1.0
RAP2C,-0.2128603389623276,0.5748031496062992,1.0
MBNL3,-0.4815976011573615,0.7244094488188977,1.0
AL009174.1,-2.4181848654120874,0.11811023622047244,1.0
HPRT1,0.6136443045220372,0.5118110236220472,1.0
FAM122B,-0.8104516486461719,0.44881889763779526,1.0
FAM122C,-0.18450743091479915,0.9212598425196851,1.0
MOSPD1,-0.9701978815487111,0.41732283464566927,1.0
RTL8B,1.2059236089470242,0.5669291338582677,1.0
RTL8C,0.36474210070998137,0.9606299212598425,1.0
RTL8A,-1.0296051432376563,0.5275590551181102,1.0
ZNF75D,-1.3196268300154457,0.30708661417322836,1.0
INTS6L,-1.1766552647936668,0.3700787401574803,1.0
MMGT1,-1.3353121427309063,0.25196850393700787,1.0
SLC9A6,-1.5741132948635526,0.2125984251968504,1.0
MAP7D3,-0.7607233787682282,0.6062992125984252,1.0
HTATSF1,0.857780906597438,0.5354330708661418,1.0
CD40LG,0.37395189064797973,0.7795275590551181,1.0
ARHGEF6,-1.7290217361452274,0.2283464566929134,1.0
RBMX,0.15534689298796422,0.952755905511811,1.0
FGF13,-0.2016930773734089,0.8582677165354331,1.0
ATP11C,-0.42619508478476376,0.7637795275590551,1.0
LDOC1,1.6409837152906432,0.3700787401574803,1.0
FMR1,-0.27029138932972785,0.6377952755905512,1.0
FTH1P8,0.46396520833791577,0.5984251968503937,1.0
AFF2,0.5828074326494019,0.6850393700787402,1.0
IDS,0.2799162134622639,0.5984251968503937,1.0
CXorf40A,-0.04609938879768927,0.9212598425196851,1.0
CXorf40B,0.0477472712922995,0.952755905511811,1.0
MTM1,-2.277374837749005,0.047244094488188976,1.0
MTMR1,-1.6687917430214574,0.29133858267716534,1.0
VMA21,-0.875123829048396,0.41732283464566927,1.0
CETN2,-0.0857748451116489,0.9763779527559056,1.0
ZNF185,0.5145096499182698,0.7795275590551181,1.0
ZNF275,1.6370647426773237,0.2440944881889764,1.0
CCNQ,-1.3670062293789618,0.13385826771653545,1.0
SLC6A8,0.9394091863858489,0.5669291338582677,1.0
BCAP31,0.22062882786693638,0.6377952755905512,1.0
IDH3G,-0.3252995881452385,0.8818897637795275,1.0
SSR4,0.7372704366229943,0.5590551181102362,1.0
CYCSP45,-1.1273405864666493,0.3228346456692913,1.0
ARHGAP4,-1.1162885347564302,0.44881889763779526,1.0
NAA10,-0.07204915395277345,0.9763779527559056,1.0
RENBP,-0.8966833998546888,0.4645669291338583,1.0
HCFC1,0.5365796587713989,0.6614173228346457,1.0
IRAK1,0.6560535598667672,0.3700787401574803,1.0
MECP2,0.28748658942300676,0.5669291338582677,1.0
FLNA,-0.7070008747210563,0.6771653543307087,1.0
EMD,-0.1439737897614135,0.8661417322834646,1.0
RPL10,-0.1298461895010421,0.8188976377952756,1.0
DNASE1L1,1.3122206358804323,0.5669291338582677,1.0
TAZ,-1.2594890919637594,0.5669291338582677,1.0
ATP6AP1,-0.011268266437806318,1.0,1.0
GDI1,-0.07621281806521374,0.905511811023622,1.0
FAM50A,0.8328452097418138,0.5748031496062992,1.0
PLXNA3,1.6414016985075626,0.29133858267716534,1.0
SLC10A3,0.346721111056149,0.7952755905511811,1.0
G6PD,-1.5237960118922733,0.4566929133858268,1.0
GAB3,-0.10333384240632659,0.889763779527559,1.0
DKC1,-0.6142563197690256,0.7401574803149606,1.0
MPP1,0.3072045605696694,0.6141732283464567,1.0
F8,0.9271653273204179,0.3543307086614173,1.0
F8A1,-1.1562339942295585,0.4645669291338583,1.0
FUNDC2,0.820171049427616,0.5039370078740157,1.0
BRCC3,0.8764086215953393,0.4645669291338583,1.0
VBP1,-1.030060167315611,0.5433070866141733,1.0
RAB39B,2.095871050134851,0.1732283464566929,1.0
VAMP7,0.2679215567918831,0.9133858267716536,1.0
FBXO25,-2.1243080907611693,0.05511811023622047,1.0
ERICH1,0.34305188116387786,0.6692913385826772,1.0
CLN8,-1.078781570376913,0.4330708661417323,1.0
AC100810.1,2.716710643859213,0.09448818897637795,1.0
KBTBD11,-0.863613388851965,0.5275590551181102,1.0
AC016065.1,0.09723264149070787,1.0,1.0
MCPH1,0.2997010790689103,0.7637795275590551,1.0
DEFB1,-0.28805276467488183,0.84251968503937,1.0
DEFA4,0.34613059827637427,1.0,1.0
DEFA3,0.0751377174908554,1.0,1.0
DEFB4A,0.33252096751172666,1.0,1.0
FAM86B3P,1.7295913232400761,0.3543307086614173,1.0
MFHAS1,-0.10761452705521157,0.9212598425196851,1.0
ERI1,0.4515767131914137,0.7952755905511811,1.0
PPP1R3B,0.5340315229290606,0.8188976377952756,1.0
AC022784.7,1.2361783573053267,0.29133858267716534,1.0
TNKS,-0.9674159545083931,0.4645669291338583,1.0
MSRA,-2.3800458048673248,0.2440944881889764,1.0
SOX7,2.1813042922693806,0.05511811023622047,1.0
MTMR9,-1.2975705005377907,0.3700787401574803,1.0
SUB1P1,-0.39729356186145504,0.7795275590551181,1.0
FDFT1,0.3961678073253987,0.4881889763779528,1.0
CTSB,1.0030751991351465,0.3543307086614173,1.0
LONRF1,-3.3959142484572613,0.07874015748031496,1.0
ZDHHC2,-2.8808465777166603,0.05511811023622047,1.0
CNOT7,1.1467817769827846,0.47244094488188976,1.0
VPS37A,-0.8932581853955348,0.49606299212598426,1.0
PCM1,-0.3825032687461891,0.905511811023622,1.0
ASAH1,0.007332835915391911,1.0,1.0
NAT1,-0.7213860738668136,0.5748031496062992,1.0
CSGALNACT1,-0.8629805735028464,0.8110236220472441,1.0
INTS10,2.04077221615056,0.023622047244094488,1.0
ATP6V1B2,-0.049773892704874534,0.9212598425196851,1.0
XPO7,-0.6525415716223835,0.7401574803149606,1.0
DMTN,1.863330534155779,0.44881889763779526,1.0
FAM160B2,-1.3507278095118607,0.3543307086614173,1.0
REEP4,0.9720550735370712,0.47244094488188976,1.0
POLR3D,1.0425615024230583,0.5275590551181102,1.0
SLC39A14,1.286169424406796,0.3700787401574803,1.0
PDLIM2,-0.2271968085623044,0.8661417322834646,1.0
C8orf58,-1.3696257894051893,0.1732283464566929,1.0
CCAR2,-1.610724103454857,0.25984251968503935,1.0
BIN3,0.14438183431665785,0.905511811023622,1.0
AC105046.1,-1.6922757410253864,0.13385826771653545,1.0
EGR3,-1.7540277328431806,0.6220472440944882,1.0
TNFRSF10B,-1.1018312744649212,0.5118110236220472,1.0
TNFRSF10C,0.08019449023568193,0.9133858267716536,1.0
TNFRSF10D,-0.10120707688467512,0.9212598425196851,1.0
TNFRSF10A,-1.0121945752519705,0.5354330708661418,1.0
CHMP7,-1.1966320901323755,0.3228346456692913,1.0
ENTPD4,-0.9688564055810502,0.6535433070866141,1.0
SLC25A37,0.8067619339199439,0.5748031496062992,1.0
NKX3-1,1.040296109036952,0.44881889763779526,1.0
ADAM28,-2.3608357429371836,0.09448818897637795,1.0
DOCK5,-0.0019118079833333468,1.0,1.0
GNRH1,0.028341667345670896,1.0,1.0
KCTD9,-0.10529654373494646,0.9291338582677166,1.0
PPP2R2A,0.13947684453128062,0.7637795275590551,1.0
SDAD1P1,-1.7349309790091656,0.09448818897637795,1.0
BNIP3L,-0.12547098585738858,0.7874015748031497,1.0
DPYSL2,0.2639119924912703,0.8110236220472441,1.0
PTK2B,-1.494821112869884,0.6456692913385826,1.0
CLU,-0.004423125613970402,1.0,1.0
CCDC25,-0.35589231494850937,0.8110236220472441,1.0
ELP3,-0.9864878093447258,0.5354330708661418,1.0
PNOC,1.436921022045085,0.29133858267716534,1.0
ZNF395,1.266804731637666,0.4015748031496063,1.0
EXTL3,-0.7993001020340968,0.5905511811023622,1.0
INTS9,-0.41761489278511454,0.6850393700787402,1.0
HMBOX1,-1.0605294542949677,0.48031496062992124,1.0
DUSP4,0.1871522996101338,0.9291338582677166,1.0
SARAF,-0.513346347817369,0.4094488188976378,1.0
AC044849.2,-1.24093019937562,0.1732283464566929,1.0
LEPROTL1,0.23507965010232912,0.49606299212598426,1.0
RPS15AP24,-0.4175335175183781,0.6692913385826772,1.0
AC026979.3,-0.581265128336548,0.6062992125984252,1.0
DCTN6,-0.8942983096775816,0.6062992125984252,1.0
RBPMS,0.986831616494974,0.4645669291338583,1.0
GTF2E2,0.18188244408405696,0.84251968503937,1.0
GSR,-1.7482332973356494,0.18110236220472442,1.0
PPP2CB,-0.40476376903975986,0.8740157480314961,1.0
WRN,-2.230083514808083,0.031496062992125984,1.0
RNF122,-1.2437103058666412,0.41732283464566927,1.0
LSM12P1,-1.577722758961713,0.14173228346456693,1.0
ERLIN2,-0.36253213799373407,0.7637795275590551,1.0
PLPBP,0.8743075965212368,0.5590551181102362,1.0
RAB11FIP1,-0.11464918179167327,0.8661417322834646,1.0
EIF4EBP1,1.213148322867017,0.5669291338582677,1.0
ASH2L,-2.41306231521643,0.11023622047244094,1.0
BAG4,-0.9275085023409275,0.6220472440944882,1.0
DDHD2,-0.8383699367573441,0.3858267716535433,1.0
PLPP5,-1.566747004041142,0.28346456692913385,1.0
NSD3,-0.2926967068798385,0.4094488188976378,1.0
LETM2,0.3973318663634058,0.7480314960629921,1.0
TACC1,-1.5393681655640261,0.5196850393700787,1.0
PLEKHA2,-0.48985147925862016,0.2283464566929134,1.0
TM2D2,-0.17796715713240374,0.8818897637795275,1.0
ADAM9,-0.9013522612287925,0.5196850393700787,1.0
TCIM,1.6989005812452072,0.2125984251968504,1.0
GOLGA7,0.05019390877761776,0.9291338582677166,1.0
GINS4,1.4918924404663714,0.25196850393700787,1.0
GPAT4,0.6946330297800429,0.6062992125984252,1.0
KAT6A,-0.17015181184119932,0.8582677165354331,1.0
AC103724.4,-0.6456553561637379,0.7637795275590551,1.0
AP3M2,-0.5681324633991904,0.5748031496062992,1.0
PLAT,0.05011378801294275,1.0,1.0
AC083973.1,-0.6782722992941201,0.6062992125984252,1.0
IKBKB,1.0860342352739734,0.4645669291338583,1.0
POLB,-1.674811075349508,0.1889763779527559,1.0
VDAC3,1.2402340144683084,0.4330708661417323,1.0
SLC20A2,1.184063366156985,0.4015748031496063,1.0
SMIM19,-1.12919948369758,0.4881889763779528,1.0
THAP1,-2.0725319769910593,0.13385826771653545,1.0
RNF170,0.14507091839872954,0.905511811023622,1.0
HOOK3,-1.1639744870191029,0.5669291338582677,1.0
FNTA,2.094848465984806,0.23622047244094488,1.0
HGSNAT,0.6173943977508074,0.7480314960629921,1.0
RPL10AP2,-2.0073534003693485,0.09448818897637795,1.0
SPIDR,-1.9662599323460608,0.3464566929133858,1.0
CEBPD,0.30648580520145874,0.6929133858267716,1.0
PRKDC,1.043633304855156,0.2047244094488189,1.0
MCM4,-0.34810205471689737,0.6062992125984252,1.0
UBE2V2,-0.3227976599588138,0.8110236220472441,1.0
PCMTD1,0.43320597081683676,0.6377952755905512,1.0
RB1CC1,-0.12785274842932193,0.8267716535433071,1.0
ATP6V1H,-1.5180841370198515,0.3464566929133858,1.0
TCEA1,-0.3139515338559491,0.84251968503937,1.0
LYPLA1,0.15728782357877336,0.8582677165354331,1.0
SEC11B,0.6748358191654682,0.44881889763779526,1.0
TGS1,1.2841775639877935,0.30708661417322836,1.0
LYN,0.43513016996474896,0.6692913385826772,1.0
AC046176.1,-1.2329471440937794,0.2440944881889764,1.0
RPS20,-0.33373977306200686,0.6141732283464567,1.0
CHCHD7,1.668051115753796,0.15748031496062992,1.0
SDR16C5,2.077703626433462,0.1732283464566929,1.0
RPL37P6,-0.03553045151700274,0.968503937007874,1.0
IMPAD1,0.2312337750155149,0.8110236220472441,1.0
FAM110B,-0.276287795052772,0.8740157480314961,1.0
UBXN2B,-0.804467256109894,0.9921259842519685,1.0
SDCBP,0.0933824046108338,0.9291338582677166,1.0
NSMAF,-1.062322582306983,0.8188976377952756,1.0
AC068522.1,-1.9203772392995706,0.25196850393700787,1.0
RAB2A,0.38605980448959265,0.33858267716535434,1.0
CHD7,-0.3478024608368031,0.7480314960629921,1.0
AC022182.3,0.2609424987807081,0.8267716535433071,1.0
ASPH,0.8303748302111345,0.7244094488188977,1.0
AC091173.1,0.5328916445778275,0.84251968503937,1.0
GGH,-2.755694626651957,0.09448818897637795,1.0
YTHDF3,-0.39364698413977095,0.9921259842519685,1.0
ARMC1,0.2155981091443333,0.905511811023622,1.0
MTFR1,0.3324577306911827,0.8740157480314961,1.0
AC055822.1,0.6446991130008246,0.7007874015748031,1.0
PDE7A,0.5604205022562354,0.5433070866141733,1.0
VCPIP1,-1.5882414124968092,0.2992125984251969,1.0
SGK3,-1.4553178052540496,0.3228346456692913,1.0
SNHG6,-1.5827623481325208,0.33858267716535434,1.0
COPS5,-0.8145472618122471,0.6220472440944882,1.0
CSPP1,2.1901473947952246,0.06299212598425197,1.0
ARFGEF1,-1.1546376671290233,0.5748031496062992,1.0
AF201337.1,2.437054189179102,0.047244094488188976,1.0
AC084251.1,-1.736563473386309,0.09448818897637795,1.0
NCOA2,-0.5937701480720294,0.16535433070866143,1.0
TRAM1,-0.14459626626259503,0.8582677165354331,1.0
LACTB2,-1.9310087930311886,0.1732283464566929,1.0
TERF1,-1.1501733224833264,0.2992125984251969,1.0
RDH10,2.9888547468599573,0.023622047244094488,1.0
STAU2,-3.2032553462089277,0.047244094488188976,1.0
UBE2W,0.7821693239304581,0.13385826771653545,1.0
ELOC,0.21689152025599778,0.6692913385826772,1.0
TMEM70,0.4738231527547905,0.7322834645669292,1.0
LY96,0.7823665898290937,0.5275590551181102,1.0
AC087672.3,1.190735863145062,0.44881889763779526,1.0
AC115837.1,-1.6122860567573252,0.07086614173228346,1.0
PEX2,0.6776464079866296,0.2677165354330709,1.0
HEY1,0.034997181387196985,0.968503937007874,1.0
TPD52,0.912125244518406,0.6299212598425197,1.0
ZBTB10,-0.7856525586894134,0.44881889763779526,1.0
PAG1,-1.2295908312615005,0.8503937007874016,1.0
AC079209.1,1.9899122783714998,0.2440944881889764,1.0
UBE2HP1,-0.10344187010114259,0.952755905511811,1.0
FTH1P11,-1.4292633826105279,0.7952755905511811,1.0
IMPA1,-1.1773037516171547,0.3858267716535433,1.0
ZFAND1,-2.0057413182700876,0.2125984251968504,1.0
CHMP4C,2.5378442604433604,0.18110236220472442,1.0
SNX16,-0.9887628728570594,0.5118110236220472,1.0
C8orf59,-1.5044411718723367,0.2283464566929134,1.0
CA2,-0.6331170378735371,0.6062992125984252,1.0
WWP1,-0.8821885567047185,0.49606299212598426,1.0
RMDN1,-0.6494882529216577,0.6456692913385826,1.0
CPNE3,-0.5195356403458868,0.9212598425196851,1.0
AF117829.1,-0.7667147204615556,0.6614173228346457,1.0
RIPK2,0.9188906591611063,0.29133858267716534,1.0
OSGIN2,-0.6390270174543149,0.8188976377952756,1.0
NBN,-1.6772500621874302,0.6062992125984252,1.0
DECR1,-1.2397179243617398,0.5905511811023622,1.0
PIP4P2,-0.21133976438605284,0.8110236220472441,1.0
OTUD6B-AS1,0.13876778937536383,0.8661417322834646,1.0
OTUD6B,1.8856876413949297,0.1732283464566929,1.0
TRIQK,-2.6441501948327018,0.09448818897637795,1.0
RBM12B,-1.025022373176404,0.4015748031496063,1.0
PDP1,1.055177906105012,0.5039370078740157,1.0
RPL34P18,-0.5629632111473644,0.3779527559055118,1.0
VIRMA,-0.8967347544415114,0.5039370078740157,1.0
ESRP1,1.3678289436603248,0.4094488188976378,1.0
INTS8,-0.5414878514855852,0.7165354330708661,1.0
NDUFAF6,-0.7073167942049878,0.7007874015748031,1.0
TP53INP1,0.13712345630214884,0.937007874015748,1.0
PLEKHF2,-1.1903335846339065,0.3464566929133858,1.0
UQCRB,-0.2624600229586447,0.7322834645669292,1.0
PTDSS1,1.0338628173743123,0.5984251968503937,1.0
SDC2,1.2291967558242805,0.41732283464566927,1.0
CPQ,0.7695585836433043,0.2047244094488189,1.0
MTDH,0.40029271750759676,0.7086614173228346,1.0
RPL30,-0.36697225930871813,0.6692913385826772,1.0
NIPAL2,-0.28339048266425193,0.84251968503937,1.0
STK3,1.2754885054680418,0.3779527559055118,1.0
VPS13B,-1.6335227537267265,0.33858267716535434,1.0
COX6C,-0.1287819714920646,0.9291338582677166,1.0
POLR2K,-1.069531087512848,0.2204724409448819,1.0
SPAG1,-1.8252232498119705,0.2047244094488189,1.0
RNF19A,-0.8030682308321202,0.3779527559055118,1.0
ANKRD46,-0.17368974209935106,0.937007874015748,1.0
PABPC1,0.2975915072490629,0.7716535433070866,1.0
AC027373.1,-1.6017783677596404,0.1732283464566929,1.0
YWHAZ,-0.14182499378595814,0.6850393700787402,1.0
ZNF706,-0.44318548133441293,0.8346456692913385,1.0
RRM2B,-1.487288024925772,0.2992125984251969,1.0
UBR5-AS1,-2.8065230381167448,0.06299212598425197,1.0
UBR5,-0.5151501903334781,0.25196850393700787,1.0
KLF10,-1.8985443929924246,0.3543307086614173,1.0
GASAL1,1.450464178736583,0.3700787401574803,1.0
AZIN1,-0.3586167325384739,0.4015748031496063,1.0
AP003696.1,-0.9370122226516159,0.5669291338582677,1.0
AZIN1-AS1,-0.7775031183827364,0.5669291338582677,1.0
AP003354.2,-0.30329466562340723,0.9448818897637795,1.0
ATP6V1C1,-0.9827299203367268,0.7874015748031497,1.0
SLC25A32,0.10738501133568423,0.8582677165354331,1.0
DCAF13,-2.323117954660788,0.07086614173228346,1.0
OXR1,-1.1888873476759163,0.3779527559055118,1.0
TAGLN2P1,-0.08645582666407536,0.9212598425196851,1.0
ANGPT1,-0.6365849903025884,0.6850393700787402,1.0
EIF3E,-0.38994551842034575,0.6771653543307087,1.0
EMC2,-1.4778694104196433,0.2677165354330709,1.0
ENY2,-1.9480795556228836,0.2204724409448819,1.0
EBAG9,1.4861519172638937,0.2992125984251969,1.0
TRPS1,1.6469090613304984,0.047244094488188976,1.0
EIF3H,0.4655520644597937,0.5984251968503937,1.0
UTP23,-0.05207976670428538,0.968503937007874,1.0
RAD21,-1.5293702392322626,0.7401574803149606,1.0
MED30,-2.0550317089677756,0.16535433070866143,1.0
EXT1,1.6019263529539236,0.2677165354330709,1.0
MAL2,0.683254417545129,0.7322834645669292,1.0
NOV,-2.1121172435325155,0.18110236220472442,1.0
TAF2,-0.9829523640016404,0.5748031496062992,1.0
COL14A1,-1.152359783579148,0.5669291338582677,1.0
MRPL13,0.13876176644221339,0.9763779527559056,1.0
SNTB1,-1.3054017260166417,0.3228346456692913,1.0
ZHX2,0.5886054204459392,0.5118110236220472,1.0
DERL1,-1.4535484077984595,0.28346456692913385,1.0
FAM83A,1.076353296744521,0.6141732283464567,1.0
C8orf76,0.5815946481620056,0.6692913385826772,1.0
ZHX1,0.491366090973711,0.7401574803149606,1.0
ATAD2,-0.04240390060250565,1.0,1.0
FAM91A1,-1.0127075003960568,0.8346456692913385,1.0
TMEM65,0.26921201672185235,0.6377952755905512,1.0
TRMT12,1.0667502623890566,0.29133858267716534,1.0
RNF139,0.9159873207469729,0.5196850393700787,1.0
TATDN1,-2.828754847565886,0.05511811023622047,1.0
NDUFB9,-1.5846507854508105,0.2283464566929134,1.0
MTSS1,-0.398895879389624,0.8110236220472441,1.0
SQLE,1.0905417846978662,0.5669291338582677,1.0
WASHC5,1.0684097330150029,0.47244094488188976,1.0
NSMCE2,0.23232602015070913,0.937007874015748,1.0
TRIB1,-0.4474234956564409,0.8818897637795275,1.0
LINC00861,-0.14593702068089764,1.0,1.0
FAM84B,0.4773890756049295,0.7007874015748031,1.0
FAM49B,-0.5117910893937321,0.905511811023622,1.0
AC022973.3,1.1201108300814198,0.33070866141732286,1.0
RNU7-181P,1.622957621014323,0.11023622047244094,1.0
ASAP1,-1.1987219680803243,0.8661417322834646,1.0
EFR3A,-2.407922002084767,0.15748031496062992,1.0
LRRC6,1.6724050975722509,0.29133858267716534,1.0
TMEM71,-1.2413969596850247,0.8188976377952756,1.0
PHF20L1,-0.11213129332443383,0.905511811023622,1.0
AF230666.1,1.111615914932507,0.23622047244094488,1.0
TG,1.0753681729023328,0.5275590551181102,1.0
SLA,-1.0393456560679573,0.984251968503937,1.0
NDRG1,0.47851462056311256,0.4409448818897638,1.0
ST13P6,0.3133635771655765,0.7874015748031497,1.0
ST3GAL1,0.1278082374792211,0.84251968503937,1.0
CHRAC1,-1.2198932577889856,0.31496062992125984,1.0
AGO2,-0.595994362933256,0.905511811023622,1.0
DENND3,-1.1278341888235817,0.937007874015748,1.0
AC040970.1,-1.3397430044603165,0.36220472440944884,1.0
SLC45A4,-0.26910604523285464,0.8110236220472441,1.0
AC011676.5,1.2339048806746242,0.3700787401574803,1.0
PTP4A3,-0.6293959134099238,0.7165354330708661,1.0
SLURP1,1.612504839787647,0.5669291338582677,1.0
LYPD2,1.4891556494989127,0.4881889763779528,1.0
LY6D,-1.0569876128417979,0.5590551181102362,1.0
CDC42P3,-0.3751748134912325,0.6850393700787402,1.0
LY6E,-1.8087128018104055,0.3700787401574803,1.0
TOP1MT,-0.7850363710698675,0.3700787401574803,1.0
ZC3H3,-0.13345451432312738,1.0,1.0
GSDMD,-0.8598194696860317,0.6220472440944882,1.0
MROH6,-1.197080282652947,0.4094488188976378,1.0
EEF1D,-1.9207459214693277,0.13385826771653545,1.0
TSTA3,-0.788369089678842,0.5669291338582677,1.0
ZNF623,0.08863869769212163,0.8582677165354331,1.0
AC105219.1,1.1327130713195703,0.5196850393700787,1.0
FAM83H,1.5019940840993586,0.29133858267716534,1.0
SCRIB,-0.39984955192408034,0.7637795275590551,1.0
PUF60,0.9281029110995065,0.5511811023622047,1.0
PLEC,-1.5635598803541393,0.5669291338582677,1.0
PARP10,-0.20553081527844674,0.9212598425196851,1.0
GRINA,0.9730843624631609,0.6220472440944882,1.0
AC109322.1,-0.9490284233634085,0.5669291338582677,1.0
EXOSC4,0.9103654037107174,0.5748031496062992,1.0
GPAA1,-0.6770914119623419,0.7165354330708661,1.0
CYC1,-0.5957492148435521,0.5511811023622047,1.0
SHARPIN,0.03699299420942115,1.0,1.0
MAF1,1.0785923080058772,0.5984251968503937,1.0
MROH1,0.28150748446699847,0.9212598425196851,1.0
DGAT1,-1.3340546836282605,0.4094488188976378,1.0
SLC52A2,-3.0506132788333593,0.015748031496062992,1.0
VPS28,-1.0124090222909494,0.6062992125984252,1.0
CYHR1,-0.7350052050013869,0.6062992125984252,1.0
RPL8,0.1433960837001731,0.8818897637795275,1.0
ZNF7,-0.5555447975166508,0.7874015748031497,1.0
COMMD5,1.5685712436057648,0.11811023622047244,1.0
ZNF250,0.011262643482667478,1.0,1.0
ZNF252P,-0.26422093673132485,0.8582677165354331,1.0
C8orf33,-1.6513518744025268,0.13385826771653545,1.0
WASHC1,-0.5522849705210755,0.6062992125984252,1.0
CBWD1,0.0650682698210745,1.0,1.0
C9orf66,-0.11512730430321083,1.0,1.0
DOCK8,-0.25925316432614576,0.5590551181102362,1.0
AL161725.1,0.5035631991035574,0.5826771653543307,1.0
KANK1,-0.7775031183827364,0.5669291338582677,1.0
SMARCA2,-0.5494764406066652,0.2677165354330709,1.0
VLDLR,-0.21761293383497282,0.84251968503937,1.0
PUM3,-1.184415571918402,0.3858267716535433,1.0
RFX3,-0.796188513725979,0.49606299212598426,1.0
CDC37L1,-0.7307348023640413,0.6062992125984252,1.0
AK3,-0.7348382603352679,0.6377952755905512,1.0
RCL1,0.7426247338461027,0.4645669291338583,1.0
JAK2,-0.3580585689269178,0.48031496062992124,1.0
PLGRKT,1.3131273396979566,0.2677165354330709,1.0
CD274,-0.42472462655933363,0.7480314960629921,1.0
RIC1,1.5092396067093152,0.29133858267716534,1.0
KIAA2026,-1.221429504871602,0.5984251968503937,1.0
UHRF2,-1.0706048836524737,0.4566929133858268,1.0
KDM4C,-0.15053128835752339,0.968503937007874,1.0
ACTG1P14,-1.8372374420576794,0.09448818897637795,1.0
DMAC1,1.3267960947771509,0.3700787401574803,1.0
ZDHHC21,-0.672025254714202,0.7637795275590551,1.0
LDHAP4,-2.213641047038564,0.09448818897637795,1.0
AL592293.2,-0.2444831216809389,0.8818897637795275,1.0
TTC39B,-1.172143502690162,0.4881889763779528,1.0
SNAPC3,-0.8498139998798306,0.6062992125984252,1.0
PSIP1,-0.4796975534711425,0.33858267716535434,1.0
FTH1P12,-1.0811486177658696,0.49606299212598426,1.0
CNTLN,-1.5915359575243992,0.36220472440944884,1.0
RRAGA,-2.028370936074333,0.1732283464566929,1.0
HAUS6,-1.1797116527757836,0.3228346456692913,1.0
PLIN2,-0.5678927958171212,0.7401574803149606,1.0
AL161909.1,-0.3405110100682407,0.7165354330708661,1.0
RPS6,-0.5593434816444205,0.3464566929133858,1.0
MLLT3,1.204561794988828,0.25196850393700787,1.0
HACD4,-2.3865742988304914,0.05511811023622047,1.0
KLHL9,-0.8014471588833336,0.5118110236220472,1.0
MTAP,1.1087667234112857,0.3858267716535433,1.0
CDKN2B,0.5465674548321489,0.7559055118110236,1.0
CAAP1,1.1638710986921545,0.44881889763779526,1.0
PLAA,1.4753209521863089,0.3858267716535433,1.0
IFT74,-3.2164651217424294,0.023622047244094488,1.0
C9orf72,0.5024803019775934,0.3779527559055118,1.0
SLC4A1APP1,-0.3822466750047051,0.7637795275590551,1.0
ACO1,-1.3144883604095337,0.4015748031496063,1.0
DDX58,-1.3333875003280484,0.4881889763779528,1.0
TOPORS,-0.731262132076373,0.7401574803149606,1.0
SMIM27,-1.9843792158318228,0.2047244094488189,1.0
NDUFB6,0.17345726808054263,0.7086614173228346,1.0
APTX,0.06158717261806057,0.952755905511811,1.0
DNAJA1,-0.6104721780868285,0.6220472440944882,1.0
SMU1,0.07178527920812439,0.905511811023622,1.0
B4GALT1,0.6841919702068049,0.3937007874015748,1.0
BAG1,0.08292096006552896,0.905511811023622,1.0
CHMP5,-0.10008843276293877,0.8740157480314961,1.0
NFX1,2.136917819065119,0.14173228346456693,1.0
AQP3,1.5098176060690083,0.5196850393700787,1.0
ANXA2P2,-0.10021444163976723,1.0,1.0
PTENP1,-0.5830491240309872,0.9606299212598425,1.0
PRSS3,0.1813347803560066,1.0,1.0
UBE2R2,0.6934689137081946,0.2125984251968504,1.0
UBAP2,0.667898496802112,0.6535433070866141,1.0
DCAF12,0.5753626553403448,0.6535433070866141,1.0
UBAP1,-0.19251146349693293,0.7322834645669292,1.0
RNA5SP282,0.6922071605903936,0.7637795275590551,1.0
NUDT2,-0.5607821499300496,0.6929133858267716,1.0
FAM219A,-1.6780131368141933,0.2440944881889764,1.0
RPP25L,-0.17486594992274784,1.0,1.0
DCTN3,1.4130106200110673,0.3543307086614173,1.0
SIGMAR1,-0.9744490125871611,0.30708661417322836,1.0
GALT,-1.0647444016599208,0.3700787401574803,1.0
VCP,0.15753045735661075,0.8110236220472441,1.0
PIGO,-1.9091994477818646,0.05511811023622047,1.0
FAM214B,-1.0770073402262312,0.6299212598425197,1.0
TPM2,0.7907073995474467,0.44881889763779526,1.0
TLN1,-1.5776199590365376,0.6850393700787402,1.0
CREB3,0.2716306533382207,0.8110236220472441,1.0
GBA2,0.07192590589158243,0.952755905511811,1.0
HINT2,1.6647646528285203,0.3700787401574803,1.0
GLIPR2,-1.088204583499528,1.0,1.0
CLTA,-0.142914019713408,0.7637795275590551,1.0
GNE,1.621439751835371,0.4881889763779528,1.0
RNF38,-2.0479513730039787,0.11811023622047244,1.0
PAX5,0.8413545800519646,0.5669291338582677,1.0
EBLN3P,0.9853553403915329,0.06299212598425197,1.0
ZCCHC7,-0.19455571856926213,0.9763779527559056,1.0
GRHPR,-0.06172880567629435,1.0,1.0
EXOSC3,0.4161865999114531,0.8031496062992126,1.0
DCAF10,0.05011520901566957,0.9606299212598425,1.0
SLC25A51,0.2414590640092873,0.905511811023622,1.0
SHB,1.3978892592108456,0.3464566929133858,1.0
CNTNAP3,-0.41038163858898047,0.8582677165354331,1.0
CBWD6,-0.9477519639194059,0.5433070866141733,1.0
LINC01410,-3.31889196978217,0.047244094488188976,1.0
PGM5,0.11479397405963443,1.0,1.0
LINC01506,-1.4319764184634076,0.3937007874015748,1.0
PIP5K1B,-0.2116186061585421,0.8740157480314961,1.0
FAM122A,-2.735043148784212,0.09448818897637795,1.0
FXN,0.49635923010087113,0.6850393700787402,1.0
TJP2,1.19836736752432,0.33070866141732286,1.0
PTAR1,0.7311959551627609,0.6692913385826772,1.0
RPL24P8,1.5734846901792672,0.2125984251968504,1.0
SMC5,-1.1495798237633692,0.4015748031496063,1.0
KLF9,1.1043735726162567,0.4566929133858268,1.0
RPL35AP21,0.664115067741426,0.6692913385826772,1.0
TMEM2,-1.0192258079855172,0.03937007874015748,1.0
ABHD17B,-1.3669210402154994,0.2677165354330709,1.0
C9orf85,-0.18584985678864108,0.952755905511811,1.0
HSPB1P1,1.2360941348060897,0.8818897637795275,1.0
ZFAND5,-0.5013563721942944,0.3464566929133858,1.0
ANXA1,-0.08166288736497229,0.937007874015748,1.0
TRPM6,-1.1072326951894786,0.4015748031496063,1.0
NMRK1,-0.27614868896729483,0.84251968503937,1.0
OSTF1,-0.2209175483787842,0.6062992125984252,1.0
PCSK5,1.2043582921338305,0.4094488188976378,1.0
RFK,-0.7834747664850545,0.5748031496062992,1.0
GCNT1,-1.0741193124173563,0.5669291338582677,1.0
PRUNE2,-2.0494020007819804,0.29133858267716534,1.0
VPS13A,1.256896142300537,0.4251968503937008,1.0
GNAQ,-0.06839277159595891,0.8503937007874016,1.0
CEP78,-2.122940444754669,0.13385826771653545,1.0
CHCHD2P9,-1.345224788877223,0.30708661417322836,1.0
TLE4,0.09878296714271428,0.8188976377952756,1.0
TLE1,-1.8717656147756834,0.12598425196850394,1.0
FRMD3,-2.599115092008501,0.10236220472440945,1.0
IDNK,-0.6211638666557369,0.6850393700787402,1.0
UBQLN1,1.634986264423281,0.2047244094488189,1.0
GKAP1,1.0811734365966639,0.49606299212598426,1.0
KIF27,-1.4479742942126013,0.2125984251968504,1.0
HNRNPK,-0.2559260516953943,0.6456692913385826,1.0
RMI1,-0.7971347342184734,0.5984251968503937,1.0
AGTPBP1,0.20907807522416277,0.7165354330708661,1.0
AL353743.1,-0.23523701456755441,0.8740157480314961,1.0
NAA35,-0.7232994323290833,0.5433070866141733,1.0
ISCA1,0.010477730733427393,0.9763779527559056,1.0
ZCCHC6,0.27468186028730024,0.5275590551181102,1.0
DAPK1,0.13931309490512112,0.937007874015748,1.0
AL161787.1,-1.6126469565379407,0.33858267716535434,1.0
CTSL,1.4756831324249282,0.1732283464566929,1.0
SPIN1,-1.6297778896132842,0.29133858267716534,1.0
CKS2,-1.1787782610083313,0.41732283464566927,1.0
SECISBP2,-1.0723785274745428,0.6062992125984252,1.0
SEMA4D,-0.6772721222184908,0.9448818897637795,1.0
GADD45G,-0.7244493179824634,0.6850393700787402,1.0
SYK,-0.006712869813209288,1.0,1.0
AUH,-0.7082085746276838,0.5748031496062992,1.0
NFIL3,0.028768810723044602,0.9763779527559056,1.0
SPTLC1,0.0705660313706371,0.8976377952755905,1.0
IARS,0.4443535297686121,0.7637795275590551,1.0
NOL8,0.15299436171475822,0.8267716535433071,1.0
OGN,-1.0365621681925603,0.5669291338582677,1.0
ASPN,-0.5022111230274091,0.7244094488188977,1.0
BICD2,-0.626799005821149,0.3228346456692913,1.0
FGD3,-0.593767647672351,0.9921259842519685,1.0
SUSD3,-2.4339361422730854,0.1732283464566929,1.0
CARD19,-0.42606163237789385,0.7637795275590551,1.0
NINJ1,0.007688951652731646,0.9921259842519685,1.0
FAM120AOS,-1.006380356661853,0.4330708661417323,1.0
FAM120A,-0.9518878569773257,0.2204724409448819,1.0
PHF2,0.18030826714197623,0.8582677165354331,1.0
MFSD14B,0.9847704227074896,0.7007874015748031,1.0
FBP1,-1.068765249230079,0.30708661417322836,1.0
C9orf3,1.425249053159021,0.3543307086614173,1.0
ERCC6L2,-0.7259985833633266,0.6062992125984252,1.0
SLC35D2,-2.248466553610176,0.10236220472440945,1.0
CDC14B,-1.7727983683642,0.29133858267716534,1.0
MFSD14C,-0.14061011481627794,0.952755905511811,1.0
TDRD7,-2.0654863196426696,0.08661417322834646,1.0
XPA,-1.0543969485591078,0.3700787401574803,1.0
TRMO,-0.7053855929322079,0.6692913385826772,1.0
ANP32B,-0.6115488017707964,0.5826771653543307,1.0
NANS,1.4890218565792641,0.30708661417322836,1.0
TRIM14,-0.6961000950873466,0.5984251968503937,1.0
CORO2A,-0.4669356462087193,0.7795275590551181,1.0
TBC1D2,-1.24934711004679,0.4015748031496063,1.0
COL15A1,3.7733820510125398,0.05511811023622047,1.0
TGFBR1,-1.38316075758294,0.4330708661417323,1.0
ALG2,-0.12216916933578048,0.9133858267716536,1.0
SEC61B,-0.02664510167081957,0.968503937007874,1.0
NR4A3,-0.3768795139711507,0.6062992125984252,1.0
STX17,1.6903381192253875,0.1732283464566929,1.0
ERP44,-0.9241757474700885,0.10236220472440945,1.0
TEX10,-0.9270431108745065,0.44881889763779526,1.0
MRPL50,1.1268044550146095,0.4094488188976378,1.0
ZNF189,-1.8472666719630602,0.14173228346456693,1.0
RNF20,-2.6180798504909593,0.11023622047244094,1.0
SMC2,0.4408814136300647,0.84251968503937,1.0
NIPSNAP3A,0.2083456928678018,0.84251968503937,1.0
ABCA1,-0.4201904642814167,0.8582677165354331,1.0
SLC44A1,-1.389931334592505,0.25984251968503935,1.0
AL512649.1,-0.16539898976850098,0.84251968503937,1.0
ZNF462,1.8420574965684064,0.1732283464566929,1.0
RAD23B,-0.11798950232544492,0.6535433070866141,1.0
KLF4,1.0588058843140944,0.2992125984251969,1.0
ELP1,-0.5055947914246991,0.7637795275590551,1.0
FAM206A,0.5543164236875651,0.5748031496062992,1.0
TMEM245,0.38739379960530274,0.7559055118110236,1.0
TXN,-0.027480695810194966,0.9763779527559056,1.0
KIAA0368,-1.1056859140941668,0.4094488188976378,1.0
PTGR1,1.0592389033348328,0.5275590551181102,1.0
DNAJC25,-1.3394561703536332,0.4094488188976378,1.0
C9orf84,1.512718068500043,0.44881889763779526,1.0
UGCG,-1.5708904113300832,0.4330708661417323,1.0
PTBP3,-0.21049107962478608,0.7401574803149606,1.0
HSDL2,0.4610797912064841,0.30708661417322836,1.0
INIP,-1.2542873216949675,0.4015748031496063,1.0
SNX30,-0.4182376051154151,0.8110236220472441,1.0
FKBP15,-0.025473824513790433,0.984251968503937,1.0
SLC31A1,-1.3482178756172618,0.33070866141732286,1.0
CDC26,-0.03215565845558377,1.0,1.0
PRPF4,0.5944951948377657,0.5905511811023622,1.0
BSPRY,0.9033785354937951,0.6062992125984252,1.0
ALAD,-1.0635531609965665,0.5433070866141733,1.0
POLE3,1.5311771081248486,0.2677165354330709,1.0
RGS3,0.647678133974324,0.5826771653543307,1.0
COL27A1,-0.9495682041886491,0.4094488188976378,1.0
ORM1,-0.3805681232685778,0.968503937007874,1.0
AKNA,-0.013830668976955174,1.0,1.0
ATP6V1G1,0.14004342293865513,0.7401574803149606,1.0
TMEM268,-1.3405668393969412,0.2204724409448819,1.0
TNFSF15,0.023392270201110676,1.0,1.0
TNFSF8,-2.3424741080968543,0.09448818897637795,1.0
TLR4,0.08343709287601353,0.9763779527559056,1.0
TPT1P9,-0.058031956533813656,0.9606299212598425,1.0
CDK5RAP2,1.5101845886653633,0.2440944881889764,1.0
MEGF9,-0.610709794949722,0.12598425196850394,1.0
FBXW2,-2.4262957879533205,0.15748031496062992,1.0
PSMD5,-2.2421618733215323,0.2047244094488189,1.0
CUTALP,0.6604900347896265,0.7322834645669292,1.0
PHF19,-2.3854242083277133,0.05511811023622047,1.0
TRAF1,0.5829279550326372,0.5275590551181102,1.0
CNTRL,-1.3763615179423758,0.3543307086614173,1.0
RAB14,-0.5860439462772637,0.12598425196850394,1.0
GSN,-1.2470111110949818,0.07086614173228346,1.0
STOM,-1.1632420604349347,0.15748031496062992,1.0
GGTA1P,-0.1902919577255251,0.8582677165354331,1.0
NDUFA8,1.6517579041087704,0.2677165354330709,1.0
RBM18,-0.31727159740471844,0.7165354330708661,1.0
MRRF,0.161531889431052,0.84251968503937,1.0
PTGS1,-2.0576467027727334,0.07874015748031496,1.0
RC3H2,0.6465442146488849,0.6062992125984252,1.0
RABGAP1,1.6105712137805206,0.29133858267716534,1.0
STRBP,0.7307951237607941,0.6062992125984252,1.0
DENND1A,-0.688863212109978,0.6850393700787402,1.0
NEK6,-0.5275614081841722,0.7401574803149606,1.0
PSMB7,0.29349513293012475,0.7480314960629921,1.0
NR6A1,-1.340065723012009,0.33858267716535434,1.0
RPL35,1.3396150554379913,0.4251968503937008,1.0
ARPC5L,0.22640489875046388,0.7637795275590551,1.0
GOLGA1,-2.1037982025378095,0.18110236220472442,1.0
PPP6C,0.3113634334121498,0.3700787401574803,1.0
RABEPK,-1.6309123793461602,0.2440944881889764,1.0
HSPA5,-0.1323684911538887,0.9291338582677166,1.0
GAPVD1,-0.517468228383712,0.48031496062992124,1.0
MAPKAP1,-0.9955056618503284,0.5905511811023622,1.0
PBX3,-1.7921670831956598,0.047244094488188976,1.0
ZBTB43,-1.8059319961400728,0.30708661417322836,1.0
ZBTB34,-1.4343155834526438,0.3464566929133858,1.0
RALGPS1,-0.6530706006695111,0.5748031496062992,1.0
RPL12,-0.017522632402959815,1.0,1.0
LRSAM1,-1.3211707604155216,0.29133858267716534,1.0
FAM129B,2.357658226515697,0.3464566929133858,1.0
TOR2A,-0.6201642910107908,0.5275590551181102,1.0
SH2D3C,0.3914013191800221,0.7480314960629921,1.0
CDK9,-1.046283101576213,0.4330708661417323,1.0
FPGS,1.5158316668712946,0.33070866141732286,1.0
ST6GALNAC4,1.7506983213248222,0.3700787401574803,1.0
DPM2,-0.3136228611157188,0.889763779527559,1.0
FAM102A,1.7163815502362223,0.2125984251968504,1.0
PTGES2,0.31568545630144706,0.84251968503937,1.0
LCN2,-3.0481744623702878,0.33858267716535434,1.0
C9orf16,-1.211105691622897,0.5669291338582677,1.0
CIZ1,-0.07883220495610765,1.0,1.0
GOLGA2,-0.6330540446429636,0.8582677165354331,1.0
SWI5,-3.131101321898896,0.023622047244094488,1.0
TRUB2,-0.39562256131061235,0.7637795275590551,1.0
TMSB4XP4,-1.1936575323218777,0.30708661417322836,1.0
URM1,-0.6958738255440728,0.5748031496062992,1.0
ODF2,0.04359523926139919,0.952755905511811,1.0
GLE1,0.43378833279311957,0.5905511811023622,1.0
SPTAN1,0.6060433541553976,0.8188976377952756,1.0
SET,0.44170960211989296,0.5590551181102362,1.0
ZDHHC12,-1.7704238644007821,0.33858267716535434,1.0
ZER1,-0.7443292500390652,0.6850393700787402,1.0
TBC1D13,-0.5585391019298372,0.6062992125984252,1.0
LRRC8A,0.2995767355843313,0.8188976377952756,1.0
SH3GLB2,-0.9058061409900993,0.5433070866141733,1.0
MIGA2,1.246163224840002,0.5275590551181102,1.0
DOLPP1,1.6691218675667554,0.2047244094488189,1.0
PTPA,-1.52727404935799,0.29133858267716534,1.0
LINC01503,2.644612132877384,0.031496062992125984,1.0
LINC00963,0.6834682363125717,0.4330708661417323,1.0
PTGES,-2.429366314084941,0.1968503937007874,1.0
TOR1B,-0.6417537634345285,0.7086614173228346,1.0
TOR1A,-0.052026272831589004,1.0,1.0
C9orf78,-0.6372622840479698,0.8267716535433071,1.0
FNBP1,-0.22373567324090438,0.7480314960629921,1.0
GPR107,-0.5272719839463553,0.7401574803149606,1.0
FUBP3,1.6753709913053476,0.18110236220472442,1.0
EXOSC2,-0.2190540728581325,0.9212598425196851,1.0
ABL1,1.2124403270814512,0.4094488188976378,1.0
AIF1L,1.150854284146534,0.7244094488188977,1.0
NUP214,-2.1117155499912452,0.09448818897637795,1.0
FAM78A,-2.3739967537442155,0.10236220472440945,1.0
PRRC2B,-0.36343591261575714,0.84251968503937,1.0
RAPGEF1,0.015519114982628146,0.984251968503937,1.0
MED27,1.5903235639382631,0.2125984251968504,1.0
NTNG2,-2.0255009557471233,0.25984251968503935,1.0
SETX,-1.8439420877664174,0.36220472440944884,1.0
TTF1,-1.2788156931906967,0.29133858267716534,1.0
GTF3C4,0.06242076368136229,1.0,1.0
TSC1,0.3627251419130191,0.8110236220472441,1.0
EEF1A1P5,-1.1924944118670338,0.03937007874015748,1.0
GTF3C5,-0.035915901787724636,1.0,1.0
RALGDS,2.1385835936641207,0.05511811023622047,1.0
SURF6,-1.6672077372030993,0.23622047244094488,1.0
MED22,-0.5071896915137226,0.7165354330708661,1.0
RPL7A,-0.5801402604737529,0.5511811023622047,1.0
SURF1,0.12413554804415083,0.9212598425196851,1.0
SURF2,-1.2136042388712123,0.30708661417322836,1.0
SURF4,0.5212368118250259,0.4330708661417323,1.0
CACFD1,0.17512154459175655,0.8818897637795275,1.0
BRD3,-2.787806784433207,0.09448818897637795,1.0
RXRA,0.3240787900887163,0.6141732283464567,1.0
COL5A1,1.051740172845214,0.5275590551181102,1.0
FCN1,-3.1913452582350974,0.14173228346456693,1.0
CAMSAP1,-0.18828861106147343,0.952755905511811,1.0
UBAC1,-0.9214301380631991,0.4330708661417323,1.0
NACC2,0.1257670840074674,0.9212598425196851,1.0
SNAPC4,-0.9647454701115572,0.4881889763779528,1.0
SDCCAG3,-1.3652192984838434,0.23622047244094488,1.0
INPP5E,-0.34437559204744983,0.7637795275590551,1.0
SEC16A,-0.7415770111843498,0.968503937007874,1.0
NOTCH1,-0.9028138256545635,0.7086614173228346,1.0
EGFL7,2.4226056121810164,0.1732283464566929,1.0
AGPAT2,0.6252083125983616,0.6850393700787402,1.0
SNHG7,0.2777947000845242,0.905511811023622,1.0
TMEM141,-0.2834223889294978,0.84251968503937,1.0
RABL6,-0.9017894391807979,0.5905511811023622,1.0
PHPT1,-0.6676110404502016,0.7637795275590551,1.0
EDF1,2.1572557570923427,0.2440944881889764,1.0
PTGDS,0.18052736744787157,0.84251968503937,1.0
PAXX,-1.971953011937299,0.13385826771653545,1.0
CLIC3,2.381523323856951,0.25196850393700787,1.0
ABCA2,1.1000548042317893,0.41732283464566927,1.0
FUT7,-0.053956684763035945,0.952755905511811,1.0
NPDC1,1.5745201744816957,0.1732283464566929,1.0
MAN1B1,-0.10712876342382605,0.9212598425196851,1.0
DPP7,-0.3416125287999787,0.84251968503937,1.0
SSNA1,-0.13486611938634452,0.8818897637795275,1.0
CYSRT1,2.0515029555167494,0.44881889763779526,1.0
TUBB4B,-0.627130841409703,0.7165354330708661,1.0
TOR4A,-1.851643917642131,0.2125984251968504,1.0
NRARP,1.8561752225872314,0.2125984251968504,1.0
MRPL41,2.519386248111033,0.07086614173228346,1.0
ARRDC1,-1.60766192908554,0.30708661417322836,1.0
EHMT1,1.2441531739054943,0.3700787401574803,1.0
BET1L,0.07377243997024863,0.9291338582677166,1.0
RIC8A,-0.6758423820390145,0.5669291338582677,1.0
SIRT3,-1.0405032269006589,0.2440944881889764,1.0
PSMD13,0.18052295898768556,0.6614173228346457,1.0
PGGHG,2.7925319248730593,0.18110236220472442,1.0
IFITM2,-0.0752599817695625,0.9606299212598425,1.0
AC136475.2,-0.38290588820047944,0.6850393700787402,1.0
IFITM1,-0.864143706574283,0.7637795275590551,1.0
AC136475.1,-1.987632196141312,0.11811023622047244,1.0
IFITM3,-1.277336826039713,0.8503937007874016,1.0
AC136475.7,-1.4078548645534097,0.29133858267716534,1.0
AC136475.5,1.3596018739921258,0.3858267716535433,1.0
AC136475.9,-0.5826428626102094,0.7165354330708661,1.0
PKP3,0.13097025003358898,1.0,1.0
SIGIRR,-1.0735758159608513,0.29133858267716534,1.0
RNH1,0.6881116472397042,0.7322834645669292,1.0
HRAS,0.7879406237283989,0.5669291338582677,1.0
PHRF1,-0.5882438439254271,0.6850393700787402,1.0
IRF7,-0.44049650154927633,0.5275590551181102,1.0
DEAF1,0.9666530054192285,0.7244094488188977,1.0
EPS8L2,1.6158133274119595,0.4645669291338583,1.0
TMEM80,-2.41726742269942,0.047244094488188976,1.0
TALDO1,-0.8227750770795357,0.3228346456692913,1.0
RPLP2,0.08335925440040803,0.8503937007874016,1.0
PNPLA2,-1.327899004057179,0.14173228346456693,1.0
CD151,-1.3262393439268683,0.4094488188976378,1.0
POLR2L,-0.5187984173459244,0.7874015748031497,1.0
AP2A2,-1.1419590799231358,0.33858267716535434,1.0
TOLLIP,-1.366966956051427,0.44881889763779526,1.0
MOB2,-0.6073668914260089,0.6692913385826772,1.0
DUSP8,-1.2161582306048422,0.29133858267716534,1.0
CTSD,-2.413392189448558,0.09448818897637795,1.0
LSP1,-1.680090569528227,0.6614173228346457,1.0
C11orf21,-2.8628962554774087,0.07874015748031496,1.0
TSPAN32,-0.8635200899948656,0.5669291338582677,1.0
CD81,0.8835899437014043,0.4881889763779528,1.0
TSSC4,-0.9806220053874378,0.29133858267716534,1.0
KCNQ1,-1.588477959415726,0.2440944881889764,1.0
KCNQ1OT1,-0.0021034189414441684,1.0,1.0
CDKN1C,1.7264364747258363,0.2125984251968504,1.0
SLC22A18,-2.543993535628196,0.08661417322834646,1.0
PHLDA2,-1.2208489964724012,0.4094488188976378,1.0
NAP1L4,1.703619195216382,0.2677165354330709,1.0
CARS,1.634201055768325,0.047244094488188976,1.0
ZNF195,1.7615207638116424,0.23622047244094488,1.0
CHRNA10,-1.414428004874891,0.3858267716535433,1.0
NUP98,0.31648635613467935,0.5511811023622047,1.0
PGAP2,0.32854682237452515,0.8582677165354331,1.0
RHOG,-0.0680830993895647,0.9921259842519685,1.0
STIM1,-1.1116090582523794,0.5039370078740157,1.0
RRM1,0.362900627681767,0.7007874015748031,1.0
TRIM21,-1.6431277137755331,0.14960629921259844,1.0
OR52K3P,-1.8827932540418337,0.2125984251968504,1.0
HBB,-1.864123282449269,0.3700787401574803,1.0
TRIM5,-1.9762046265378257,0.18110236220472442,1.0
TRIM22,-1.2114508197415113,0.5826771653543307,1.0
AC022762.2,-0.23092124308954198,0.905511811023622,1.0
FAM160A2,-3.3822877198298387,0.031496062992125984,1.0
ARFIP2,-0.0006859125042262271,1.0,1.0
TIMM10B,-0.9305242080775205,0.33858267716535434,1.0
RRP8,0.7262691686181539,0.4566929133858268,1.0
TAF10,-0.27591886172518976,0.7165354330708661,1.0
TPP1,-0.4949891719028905,0.4251968503937008,1.0
GVINP1,-1.5318449258524698,0.2440944881889764,1.0
CYB5R2,-0.22667949278946786,0.84251968503937,1.0
EIF3F,0.18234175506279415,0.9212598425196851,1.0
TRIM66,-0.7386506872850371,0.5118110236220472,1.0
RPL27A,-0.7350319268385999,0.2992125984251969,1.0
ST5,1.4522567425024553,0.44881889763779526,1.0
TMEM9B,-1.1449629692605128,0.4645669291338583,1.0
NRIP3,1.8085480281389306,0.1732283464566929,1.0
DENND5A,-0.8605759664119033,0.9606299212598425,1.0
TMEM41B,1.4624521575498477,0.33858267716535434,1.0
IPO7,-1.0963125081905627,0.5511811023622047,1.0
AC132192.2,0.4082618451720681,0.7086614173228346,1.0
ZNF143,-2.174634248990269,0.14960629921259844,1.0
SWAP70,-1.2114086568154803,0.3228346456692913,1.0
SBF2,-1.3183278553151583,0.33070866141732286,1.0
AC080023.2,0.2877366538211339,0.7637795275590551,1.0
ADM,0.45376733048967033,0.6692913385826772,1.0
AMPD3,0.03950372207583008,1.0,1.0
RNF141,0.20796867723911294,0.7007874015748031,1.0
MRVI1-AS1,0.8148722052090615,0.5669291338582677,1.0
MRVI1,0.632822390793105,0.6692913385826772,1.0
CTR9,2.2442373535373736,0.05511811023622047,1.0
EIF4G2,0.09771625298274778,0.7559055118110236,1.0
ZBED5,-0.5125232468329517,0.7952755905511811,1.0
ZBED5-AS1,-1.536935979025412,0.29133858267716534,1.0
USP47,0.21218141273923585,0.7165354330708661,1.0
MICAL2,1.4001079010588762,0.3858267716535433,1.0
MICALCL,1.3042764424347144,0.44881889763779526,1.0
ARNTL,-1.3238890494545483,0.3700787401574803,1.0
BTBD10,-1.0734568538112619,0.07874015748031496,1.0
FAR1,-1.738929928803885,0.29133858267716534,1.0
COPB1,0.52413491711641,0.6692913385826772,1.0
PSMA1,2.026014701910418,0.07086614173228346,1.0
PDE3B,-1.7257002419010767,0.2204724409448819,1.0
INSC,-1.6705015954901556,0.14173228346456693,1.0
AC073172.1,0.08057198222976081,0.9212598425196851,1.0
SOX6,-0.4658804115918054,0.7637795275590551,1.0
C11orf58,-2.03851868367681,0.07086614173228346,1.0
AC116533.1,-0.2878560893662305,0.6929133858267716,1.0
RPS13,-0.22278950378723295,0.7244094488188977,1.0
PIK3C2A,0.2891045429668626,0.84251968503937,1.0
NUCB2,0.4847160494846152,0.7952755905511811,1.0
SAA1,0.6342388915813801,0.7244094488188977,1.0
HPS5,1.223305590633196,0.4251968503937008,1.0
GTF2H1,0.20886330872794812,0.7716535433070866,1.0
LDHA,-0.3367265828903747,0.47244094488188976,1.0
TSG101,0.349861506950246,0.5905511811023622,1.0
UEVLD,-0.6720465675616958,0.6220472440944882,1.0
SPTY2D1,-0.669098446109996,0.25984251968503935,1.0
AP006296.1,-0.144458418248941,0.9291338582677166,1.0
ZDHHC13,-0.42602675482029806,0.6614173228346457,1.0
HTATIP2,-1.1093584039405213,0.5826771653543307,1.0
PRMT3,-1.9754633329642135,0.13385826771653545,1.0
SVIP,-2.386716469434714,0.15748031496062992,1.0
MUC15,-0.10490691525981743,1.0,1.0
LIN7C,-0.36785298167078984,0.7637795275590551,1.0
HSP90AA2P,-2.3969459419295704,0.015748031496062992,1.0
METTL15,-0.05393553379586735,1.0,1.0
ARL14EP,-0.7199002871140265,0.5669291338582677,1.0
RCN1,0.5121426383629502,0.7637795275590551,1.0
EIF3M,-0.46839405113858534,0.7007874015748031,1.0
PRRG4,-0.0046206743977705855,0.9921259842519685,1.0
QSER1,-1.4047008387628745,0.2755905511811024,1.0
LINC00294,-0.305295841497062,0.84251968503937,1.0
CSTF3,-1.1721832726601362,0.33070866141732286,1.0
HIPK3,-0.9438566984702028,0.937007874015748,1.0
CD59,0.09716713398528132,0.8661417322834646,1.0
FBXO3,-0.7350023253490532,0.6456692913385826,1.0
LMO2,-2.381492660388174,0.2047244094488189,1.0
CAPRIN1,1.3520832893579806,0.3228346456692913,1.0
NAT10,-2.2642842762801783,0.05511811023622047,1.0
ABTB2,-0.5725055809768209,0.5511811023622047,1.0
CAT,-1.020328122229098,0.6535433070866141,1.0
EHF,0.36444629302617093,0.905511811023622,1.0
APIP,0.4445998529056987,0.7322834645669292,1.0
PDHX,-1.0767066622795194,0.3700787401574803,1.0
CD44,1.5175104337106173,0.08661417322834646,1.0
CD44-AS1,0.9852832839007505,0.5275590551181102,1.0
AL133330.1,0.025299432143126133,1.0,1.0
TRIM44,-2.1987372412550217,0.10236220472440945,1.0
PRR5L,-0.3689808603863054,0.8346456692913385,1.0
TRAF6,-1.2060989865264637,0.36220472440944884,1.0
API5,0.8763124178828603,0.5196850393700787,1.0
TTC17,-1.9981395418140542,0.11023622047244094,1.0
HSD17B12,-1.4634828999890246,0.2755905511811024,1.0
ALKBH3,1.342299689310858,0.4251968503937008,1.0
EXT2,-0.6816976073143151,0.49606299212598426,1.0
CD82,2.048213184705748,0.23622047244094488,1.0
TP53I11,-1.8208893762300127,0.30708661417322836,1.0
SLC35C1,0.3677815069824042,0.8818897637795275,1.0
PHF21A,-1.1196751797483628,0.905511811023622,1.0
DGKZ,-1.5621486551100894,0.28346456692913385,1.0
MDK,0.5627186305052989,0.6850393700787402,1.0
AMBRA1,-0.8108612065101056,0.5669291338582677,1.0
AC024293.1,-0.2522900285257066,0.7244094488188977,1.0
ATG13,-0.29100526060224396,0.7007874015748031,1.0
ARHGAP1,0.3307483457393321,0.5905511811023622,1.0
CKAP5,-1.4689524746710503,0.3228346456692913,1.0
ARFGAP2,0.7086266055415651,0.5669291338582677,1.0
AC090589.1,0.42972330065632525,0.7322834645669292,1.0
DDB2,-0.8915461183309826,0.3700787401574803,1.0
ACP2,0.05914118897621279,0.9212598425196851,1.0
MYBPC3,0.3856371927162936,0.8346456692913385,1.0
SPI1,-0.6251840218207452,0.6377952755905512,1.0
AC090559.1,0.1761832270206014,0.905511811023622,1.0
PSMC3,-1.9671919507815043,0.2440944881889764,1.0
CELF1,-1.3582696402123657,0.4881889763779528,1.0
NDUFS3,-2.7046688584344163,0.07874015748031496,1.0
MTCH2,-1.026400128835406,0.5196850393700787,1.0
FNBP4,-1.194627039335936,0.3464566929133858,1.0
NUP160,-0.3137069787134892,0.7874015748031497,1.0
PTPRJ,-0.9137118592045406,0.889763779527559,1.0
APLNR,1.8519460749233179,0.1732283464566929,1.0
TNKS1BP1,-1.448976873631442,0.29133858267716534,1.0
SSRP1,0.5924029983380703,0.5826771653543307,1.0
SLC43A3,1.304540182282961,0.4330708661417323,1.0
TIMM10,-1.4033868939375784,0.4094488188976378,1.0
UBE2L6,-1.6475091248071223,0.4015748031496063,1.0
SERPING1,-2.102302763818619,0.2047244094488189,1.0
CLP1,0.3324897847524595,0.8110236220472441,1.0
ZDHHC5,0.3627144542190992,0.4330708661417323,1.0
MED19,-0.5208270883708654,0.7401574803149606,1.0
TMX2,1.5279886963280958,0.2992125984251969,1.0
CTNND1,1.2087379777700806,0.41732283464566927,1.0
LPXN,0.2081042074575934,0.8267716535433071,1.0
ZFP91,-0.8014620813848685,0.29133858267716534,1.0
FAM111A,-2.3987464622206844,0.047244094488188976,1.0
MPEG1,-0.6209262237465598,0.7244094488188977,1.0
OSBP,1.6177544070786896,0.31496062992125984,1.0
PATL1,-0.998209625689122,0.023622047244094488,1.0
STX3,-1.7558950313942638,0.6535433070866141,1.0
FABP5P7,0.7186965415240945,0.7480314960629921,1.0
MRPL16,-0.8178498658301008,0.4566929133858268,1.0
TCN1,-3.5407673932226893,0.11023622047244094,1.0
MS4A3,-0.8220908301529364,0.6535433070866141,1.0
MS4A2,0.4293189275086824,0.6692913385826772,1.0
MS4A6A,-1.5892161724117035,0.41732283464566927,1.0
MS4A7,-0.8999319289108092,0.5275590551181102,1.0
MS4A1,0.14410205196690185,1.0,1.0
PRPF19,0.007709168628881269,1.0,1.0
TMEM109,0.9116847421283243,0.4566929133858268,1.0
TMEM132A,-0.66907041442432,0.6220472440944882,1.0
SLC15A3,-0.04633451213804207,0.984251968503937,1.0
CD6,-0.6019511035319192,0.49606299212598426,1.0
CD5,-0.27455805114052545,0.84251968503937,1.0
VPS37C,-0.36214410783192497,0.8110236220472441,1.0
AP000437.1,0.412867504881793,0.84251968503937,1.0
DDB1,1.7524591305010961,0.18110236220472442,1.0
TKFC,-0.6358969575518043,0.5275590551181102,1.0
TMEM216,-1.7711761965217963,0.1732283464566929,1.0
CPSF7,0.7332985105215446,0.905511811023622,1.0
SDHAF2,-0.7415489474879253,0.5984251968503937,1.0
TMEM258,-0.3925462893251668,0.49606299212598426,1.0
FEN1,-1.3345634131565671,0.29133858267716534,1.0
FADS3,-1.355151136897596,0.25196850393700787,1.0
BEST1,-0.6958988509476942,0.9448818897637795,1.0
FTH1,-1.087023870751052,0.6850393700787402,1.0
AP003733.4,-1.3965612976560324,0.48031496062992124,1.0
INCENP,-0.4376799650548471,0.6850393700787402,1.0
AHNAK,0.7339730572994752,0.2440944881889764,1.0
MTA2,1.0147159037774491,0.5354330708661418,1.0
EML3,-0.4289994272290927,0.9291338582677166,1.0
B3GAT3,-0.8567752002170134,0.30708661417322836,1.0
GANAB,0.8105268769781757,0.5748031496062992,1.0
UBXN1,-0.5658948053612867,0.6535433070866141,1.0
HNRNPUL2,-0.4888751606428752,0.44881889763779526,1.0
TTC9C,-0.792733241741401,0.6062992125984252,1.0
POLR2G,0.8053267845449468,0.6377952755905512,1.0
TMEM179B,-1.7342672181153493,0.18110236220472442,1.0
NXF1,-0.22518016187804601,0.7952755905511811,1.0
STX5,0.8648047210237997,0.5905511811023622,1.0
SNHG1,0.6504177582171353,0.5669291338582677,1.0
SLC3A2,-0.1753328072848026,0.8267716535433071,1.0
RARRES3,-1.854746787262218,0.23622047244094488,1.0
PLA2G16,1.8420574965684064,0.1732283464566929,1.0
ATL3,1.1243159628786916,0.2992125984251969,1.0
RTN3,-0.27884090826343844,0.7086614173228346,1.0
MARK2,0.017370686153816983,0.9763779527559056,1.0
COX8A,-0.21950894411240363,0.8031496062992126,1.0
OTUB1,-0.5671366770326847,0.6377952755905512,1.0
STIP1,-0.5882852405207855,0.8346456692913385,1.0
FERMT3,-1.0382041116502148,0.6692913385826772,1.0
TRPT1,-0.38344895989978656,0.7637795275590551,1.0
DNAJC4,-1.6430198149777513,0.29133858267716534,1.0
VEGFB,1.8844785085387197,0.3464566929133858,1.0
FKBP2,0.8865439929788903,0.16535433070866143,1.0
PPP1R14B,1.062248502069869,0.7244094488188977,1.0
PLCB3,1.2623023563127271,0.33070866141732286,1.0
GPR137,0.13758694300427488,1.0,1.0
TRMT112,-0.9317425659757648,0.29133858267716534,1.0
PRDX5,-0.22146030349735568,0.7952755905511811,1.0
CCDC88B,-2.0661045218752108,0.15748031496062992,1.0
RASGRP2,-0.8488755842461244,0.8110236220472441,1.0
PYGM,0.10320282788092738,0.84251968503937,1.0
SF1,-0.15799999754025862,0.984251968503937,1.0
MAP4K2,-1.66666300161023,0.1889763779527559,1.0
MEN1,-1.5907438480010088,0.13385826771653545,1.0
CDC42BPG,1.6993747098396157,0.25196850393700787,1.0
EHD1,-0.09501448604007123,0.937007874015748,1.0
MIR194-2HG,-1.209074866312367,0.44881889763779526,1.0
ATG2A,0.13414006681937973,0.9763779527559056,1.0
PPP2R5B,-2.1956298652229718,0.07086614173228346,1.0
BATF2,-2.6468637493319305,0.05511811023622047,1.0
ARL2,-0.6324154775607036,0.6535433070866141,1.0
TM7SF2,1.7403036422052536,0.25196850393700787,1.0
FAU,0.32968252781315677,0.6692913385826772,1.0
SYVN1,0.5354101070264687,0.6771653543307087,1.0
MRPL49,0.8512711811700705,0.7244094488188977,1.0
CAPN1,-2.0214081236369106,0.33070866141732286,1.0
CDC42EP2,-0.46273903248269477,0.9212598425196851,1.0
DPF2,-1.0394819309718426,0.4409448818897638,1.0
SLC25A45,-2.2184672350372816,0.11023622047244094,1.0
FRMD8,0.5154714882017437,0.18110236220472442,1.0
NEAT1,-0.4102078000880329,0.7086614173228346,1.0
AP000769.1,-1.7153033365577992,0.33858267716535434,1.0
MALAT1,-0.27092952773769063,0.8110236220472441,1.0
SCYL1,-0.761573982687654,0.6535433070866141,1.0
FAM89B,-0.18780862536640086,0.8582677165354331,1.0
EHBP1L1,-1.16113664638667,0.5511811023622047,1.0
MAP3K11,0.5443588171075748,0.5905511811023622,1.0
PCNX3,-0.08389161445038074,1.0,1.0
SIPA1,-0.8375794943520347,0.6692913385826772,1.0
RELA,0.26104883151181557,0.5433070866141733,1.0
RNASEH2C,0.19863094665004688,0.952755905511811,1.0
AP001266.2,-0.30107651880671993,0.84251968503937,1.0
AP5B1,-0.4553129351955638,0.7007874015748031,1.0
CFL1,-0.6037065990918808,0.4094488188976378,1.0
MUS81,0.20728951732994694,0.952755905511811,1.0
CTSW,-0.47766200814679793,0.7952755905511811,1.0
FIBP,-1.9547153448153132,0.1732283464566929,1.0
CCDC85B,0.42078226666510554,0.7795275590551181,1.0
FOSL1,1.1411714274802112,0.5590551181102362,1.0
C11orf68,0.09645473390387327,0.952755905511811,1.0
DRAP1,-0.8636585957608389,0.6614173228346457,1.0
SART1,-1.701184631616865,0.4015748031496063,1.0
EIF1AD,-0.6399364540939163,0.5511811023622047,1.0
BANF1,1.1813770454438846,0.4330708661417323,1.0
CST6,-0.05429139866396482,1.0,1.0
SF3B2,-1.066233643987295,0.6614173228346457,1.0
PACS1,-0.24019253339539404,0.8740157480314961,1.0
YIF1A,0.34563213906979207,0.9212598425196851,1.0
BRMS1,0.4273419666489464,0.6535433070866141,1.0
MRPL11,-0.6209824154487635,0.6614173228346457,1.0
CCS,-1.7774026742970037,0.09448818897637795,1.0
RBM14,-0.3926846122377592,0.7480314960629921,1.0
RBM4,0.6520893833507597,0.6220472440944882,1.0
RBM4B,0.08663917072298544,1.0,1.0
KDM2A,-0.7457854677972104,0.3228346456692913,1.0
GRK2,-1.6652321945244726,0.5039370078740157,1.0
ANKRD13D,0.8548710526096066,0.7559055118110236,1.0
SSH3,0.9593424669628128,0.5275590551181102,1.0
RAD9A,-2.128294431929613,0.09448818897637795,1.0
CLCF1,-1.6513518744025268,0.13385826771653545,1.0
PPP1CA,1.0828200233277054,0.6220472440944882,1.0
TBC1D10C,-0.9275748885236625,0.7401574803149606,1.0
RPS6KB2,0.1738246707769162,0.952755905511811,1.0
CORO1B,0.04482057709830167,0.905511811023622,1.0
TMEM134,-1.3040488313540326,0.3937007874015748,1.0
AIP,-0.9392286529057294,0.6062992125984252,1.0
PITPNM1,1.222887158659392,0.44881889763779526,1.0
CDK2AP2,1.2777725859618378,0.3937007874015748,1.0
GSTP1,-1.9713929926608644,0.3779527559055118,1.0
NDUFV1,-1.6334207802535785,0.29133858267716534,1.0
ALDH3B2,0.858967495862546,0.7086614173228346,1.0
RPL37P2,-1.5702160971720045,0.2755905511811024,1.0
UNC93B1,-0.171455941397741,1.0,1.0
ALDH3B1,-1.8531091620532836,0.2283464566929134,1.0
NDUFS8,-1.0384659138611858,0.5669291338582677,1.0
TCIRG1,-0.2471145440900231,0.9291338582677166,1.0
KMT5B,0.6046911314234062,0.14173228346456693,1.0
PPP6R3,0.4028261506444464,0.7007874015748031,1.0
CPT1A,-1.5725479208415236,0.30708661417322836,1.0
MRPL21,-0.9434842093898166,0.5433070866141733,1.0
IGHMBP2,-1.2801366408052501,0.29133858267716534,1.0
TPCN2,-1.3977691475941174,0.23622047244094488,1.0
IFITM9P,-1.1995610031913464,0.30708661417322836,1.0
ORAOV1,-2.815925619776418,0.06299212598425197,1.0
PPFIA1,-0.6696248337782826,0.9448818897637795,1.0
CTTN,3.369761910190926,0.05511811023622047,1.0
DHCR7,-0.28263729429288853,0.8976377952755905,1.0
NADSYN1,-0.9536338604825856,0.5354330708661418,1.0
IL18BP,-0.5251976119500164,0.7401574803149606,1.0
NUMA1,-0.4390022121944368,0.7637795275590551,1.0
LRTOMT,-2.291639941647164,0.05511811023622047,1.0
LAMTOR1,-1.551574315001921,0.14173228346456693,1.0
FOLR3,-0.765911182418122,0.5669291338582677,1.0
INPPL1,-0.7903507481209324,0.6456692913385826,1.0
ARAP1,1.1937729380720081,0.4566929133858268,1.0
STARD10,1.1217589725935495,0.4094488188976378,1.0
ATG16L2,-0.1490566098502395,0.8976377952755905,1.0
FCHSD2,-1.6129644622095265,0.1889763779527559,1.0
AP002761.4,0.1352877548078819,0.968503937007874,1.0
RELT,-0.4039668046528968,0.968503937007874,1.0
FAM168A,-2.5955707162633206,0.06299212598425197,1.0
AP000763.3,-0.23150516893191786,0.905511811023622,1.0
RAB6A,0.2086827256589343,0.7480314960629921,1.0
MRPL48,0.05914118897621279,0.9212598425196851,1.0
COA4,-2.658344895713495,0.047244094488188976,1.0
PAAF1,0.8825302565304158,0.5196850393700787,1.0
UCP2,-0.21703901630547762,0.6850393700787402,1.0
C2CD3,-0.1064994173459124,0.905511811023622,1.0
PPME1,0.41533572503292504,0.8267716535433071,1.0
PGM2L1,-1.7220136158465122,0.2755905511811024,1.0
KCNE3,-1.7859963784109723,0.047244094488188976,1.0
POLD3,-1.7389589900729416,0.23622047244094488,1.0
AP001324.1,0.033007659359349795,0.9763779527559056,1.0
RNF169,-1.1233046813223093,0.48031496062992124,1.0
SPCS2,0.39035836673372204,0.7716535433070866,1.0
NEU3,-0.06290686001922863,1.0,1.0
ARRB1,0.9094679149895892,0.5039370078740157,1.0
RPS3,-0.2339604319025037,0.5118110236220472,1.0
SERPINH1,0.17271443275689535,1.0,1.0
DGAT2,3.0846695987563377,0.10236220472440945,1.0
AP003031.2,2.249456513193493,0.09448818897637795,1.0
UVRAG,-0.19936830737986178,0.7952755905511811,1.0
THAP12,0.0925097101529273,0.952755905511811,1.0
EMSY,-0.3209385727394678,0.8818897637795275,1.0
ACER3,-1.3082098751887172,0.2992125984251969,1.0
PAK1,-0.15246770530238418,0.8661417322834646,1.0
AP003680.1,0.3947176094017266,0.7165354330708661,1.0
CLNS1A,-0.9421873716098195,0.44881889763779526,1.0
RSF1,-0.981721399498082,0.889763779527559,1.0
FTH1P16,-0.20209196032408228,0.8110236220472441,1.0
NDUFC2,-0.4655519783134965,0.6850393700787402,1.0
ALG8,-0.7775031183827364,0.5669291338582677,1.0
KCTD21,0.022919985589989977,1.0,1.0
GAB2,-1.0066122353362346,0.905511811023622,1.0
AP003086.1,-0.09871778378731344,0.952755905511811,1.0
RPS28P7,1.7022782434847423,0.5039370078740157,1.0
PRCP,-1.4036187527116075,0.4094488188976378,1.0
DDIAS,-1.9201244376597386,0.09448818897637795,1.0
RAB30,1.2643158525470581,0.5354330708661418,1.0
RAB30-AS1,-1.238944225909913,0.36220472440944884,1.0
PCF11,-0.6068463131113262,0.2992125984251969,1.0
ANKRD42,-0.6691130730624761,0.6377952755905512,1.0
CCDC90B,-1.239157082721289,0.3858267716535433,1.0
TMEM126B,-2.1399643166146296,0.08661417322834646,1.0
TMEM126A,-0.09306676053541962,0.905511811023622,1.0
CREBZF,0.6793957088362506,0.6535433070866141,1.0
SYTL2,1.6357587287012758,0.2125984251968504,1.0
PICALM,0.2766467226584819,0.6771653543307087,1.0
EED,-0.996334595497582,0.5275590551181102,1.0
HIKESHI,1.635338854534273,0.14173228346456693,1.0
PRSS23,-0.694014613768474,0.5984251968503937,1.0
FZD4,-0.05893649427250147,1.0,1.0
RAB38,0.8253780380690723,0.6850393700787402,1.0
CTSC,0.5974409039748947,0.4094488188976378,1.0
CHORDC1,-2.3639471829535212,0.18110236220472442,1.0
SLC36A4,-0.1689894760338868,0.9212598425196851,1.0
SMCO4,1.6558493762666808,0.25984251968503935,1.0
AP004242.1,-0.47912922096014166,0.6850393700787402,1.0
CEP295,-0.9115163994296754,0.3858267716535433,1.0
TAF1D,-0.27386959804624134,0.8740157480314961,1.0
C11orf54,-0.2393462665180106,0.905511811023622,1.0
MED17,1.1546845945784643,0.4881889763779528,1.0
AP002784.2,-0.4506335950349687,0.41732283464566927,1.0
MRE11,0.16957202972126684,0.952755905511811,1.0
ANKRD49,-1.297312478348411,0.4015748031496063,1.0
PIWIL4,-1.7455798823985615,0.13385826771653545,1.0
FUT4,-1.6189274638262772,0.2047244094488189,1.0
CWC15,0.4852358143424622,0.1732283464566929,1.0
SRSF8,-1.4911496652679816,0.3858267716535433,1.0
SESN3,0.17874775254451514,0.889763779527559,1.0
FAM76B,-2.437181748673819,0.1732283464566929,1.0
CEP57,-0.9534345408531482,0.5039370078740157,1.0
MTMR2,0.40263169288792566,0.8582677165354331,1.0
MAML2,1.3092556238748894,0.44881889763779526,1.0
CCDC82,-1.5602606548627476,0.3858267716535433,1.0
JRKL,-0.18457888981365245,0.905511811023622,1.0
YAP1,0.941669447462405,0.7637795275590551,1.0
BIRC3,-1.9579847339351897,0.4015748031496063,1.0
BIRC2,-0.14380441754147455,0.9133858267716536,1.0
TMEM123,-2.5230224955825156,0.07874015748031496,1.0
MMP8,-3.9451776676155856,0.09448818897637795,1.0
DCUN1D5,0.5281481548511232,0.7244094488188977,1.0
CASP4,-0.8776420904656952,0.905511811023622,1.0
CASP5,0.478551936730514,0.6850393700787402,1.0
CASP1,-1.2253794230399455,0.7086614173228346,1.0
CARD16,-1.2720654086539538,0.905511811023622,1.0
CARD17,0.8213021799822141,0.5669291338582677,1.0
MSANTD4,-0.5144789869258353,0.7637795275590551,1.0
AASDHPPT,-0.37331872477203554,0.7401574803149606,1.0
CWF19L2,-0.7013375204030963,0.84251968503937,1.0
ALKBH8,0.6301568118711762,0.6850393700787402,1.0
SLC35F2,0.14633985938887983,0.9212598425196851,1.0
AP001024.1,0.9050188589604675,0.5590551181102362,1.0
CUL5,-0.056710141089207244,0.968503937007874,1.0
ACAT1,-0.4806021599912631,0.6850393700787402,1.0
NPAT,-0.8146498421409056,0.5984251968503937,1.0
ATM,-0.5405973127413519,0.6850393700787402,1.0
KDELC2,1.7541522816887285,0.2047244094488189,1.0
DDX10,0.6157134873075834,0.7559055118110236,1.0
RDX,-1.0258706320972824,0.41732283464566927,1.0
FDX1,1.0051452640617566,0.5275590551181102,1.0
POU2AF1,0.8924345967627199,0.6062992125984252,1.0
LAYN,0.31241532731073285,0.84251968503937,1.0
SIK2,0.30217731683863747,0.84251968503937,1.0
PPP2R1B,0.7433940877414882,0.4645669291338583,1.0
C11orf1,0.9296581057953526,0.5275590551181102,1.0
CRYAB,0.9498362037375854,0.6929133858267716,1.0
DLAT,-0.21031512947921716,0.8582677165354331,1.0
NKAPD1,1.1659777737576056,0.5039370078740157,1.0
TIMM8B,2.2601701879218465,0.2204724409448819,1.0
SDHD,-1.1557298937769276,0.41732283464566927,1.0
IL18,-0.8996078589281016,0.6692913385826772,1.0
PTS,-0.18960870754718862,0.8661417322834646,1.0
USP28,-0.9929234255327671,0.2755905511811024,1.0
NNMT,1.5554770951269261,0.29133858267716534,1.0
C11orf71,-0.5805991114013158,0.6692913385826772,1.0
RBM7,-1.6269890930138553,0.3858267716535433,1.0
REXO2,1.4292348408820685,0.4251968503937008,1.0
CADM1,0.23124571167829022,0.8582677165354331,1.0
BUD13,-1.458296447736801,0.3464566929133858,1.0
ZPR1,-0.48580275881060797,0.7637795275590551,1.0
SIK3,-1.7018423194139745,0.2125984251968504,1.0
PAFAH1B2,1.3291474232795184,0.3779527559055118,1.0
PCSK7,-1.4841112108768804,0.33858267716535434,1.0
RNF214,-0.5137912943543381,0.7637795275590551,1.0
BACE1,-0.003981913658610781,1.0,1.0
CEP164,-0.7961608163158469,0.48031496062992124,1.0
TMPRSS13,2.242110769907246,0.1732283464566929,1.0
IL10RA,0.6027820488803988,0.14960629921259844,1.0
TMPRSS4,-1.8183354582686797,0.29133858267716534,1.0
JAML,-0.05689114614114921,0.9763779527559056,1.0
MPZL3,-0.09134246263612411,0.8582677165354331,1.0
MPZL2,-0.546272959261445,0.7007874015748031,1.0
CD3E,-0.25338191976366087,0.8582677165354331,1.0
CD3D,0.8035980535851159,0.5196850393700787,1.0
CD3G,-0.0665537001100085,0.9763779527559056,1.0
UBE4A,-0.12382178918837683,0.8740157480314961,1.0
ATP5L,0.3184890385995347,0.5984251968503937,1.0
KMT2A,-1.0123552233570416,0.2677165354330709,1.0
ARCN1,-1.4761799130075923,0.25196850393700787,1.0
DDX6,0.07765280839622157,0.9133858267716536,1.0
BCL9L,-1.8760540152827128,0.1732283464566929,1.0
CCDC84,-0.6623126242072248,0.7637795275590551,1.0
RPS25,-0.2660756160005677,0.8267716535433071,1.0
TRAPPC4,-1.018696569037762,0.16535433070866143,1.0
HYOU1,1.8230876372042504,0.2125984251968504,1.0
VPS11,0.9893051384435245,0.3228346456692913,1.0
H2AFX,-0.4992451877272388,0.8031496062992126,1.0
DPAGT1,0.6119486018433964,0.7480314960629921,1.0
C2CD2L,-1.3333779053683827,0.3543307086614173,1.0
HINFP,-2.6450310220008832,0.09448818897637795,1.0
NLRX1,0.6161860385095697,0.7322834645669292,1.0
CCDC153,-0.8525006438789994,0.3700787401574803,1.0
CBL,-1.4920030597423848,0.41732283464566927,1.0
MCAM,1.8712620920661223,0.1732283464566929,1.0
NECTIN1,1.1879482437255027,0.6220472440944882,1.0
TRIM29,2.5182968083064363,0.23622047244094488,1.0
ARHGEF12,-1.9254505719005859,0.2677165354330709,1.0
SC5D,-0.5181551479742441,0.7322834645669292,1.0
SORL1,0.1473947516257592,0.889763779527559,1.0
UBASH3B,-1.2211496582217913,0.4094488188976378,1.0
CRTAM,-0.05468506652227956,0.9291338582677166,1.0
HSPA8,-1.0169750271783844,0.07086614173228346,1.0
GRAMD1B,-0.5940720985621533,0.6220472440944882,1.0
VWA5A,1.044664540276497,0.5669291338582677,1.0
TBRG1,-0.3212379390667852,0.6850393700787402,1.0
SIAE,-0.6482506651066515,0.6062992125984252,1.0
TMEM218,-0.2799535542394187,0.8110236220472441,1.0
EI24,0.49222251957597063,0.7559055118110236,1.0
STT3A,0.21869203656114444,0.8346456692913385,1.0
FAM118B,1.4688744191047964,0.29133858267716534,1.0
SRPRA,-0.5842545533772219,0.8976377952755905,1.0
FOXRED1,-0.8389323365263328,0.5039370078740157,1.0
DCPS,-1.8874333270252146,0.09448818897637795,1.0
GSEC,2.232192230718174,0.1732283464566929,1.0
ST3GAL4,0.38304705619765866,0.84251968503937,1.0
AP001000.1,1.1992859031702707,0.3858267716535433,1.0
ETS1,1.500644219919817,0.3779527559055118,1.0
FLI1,-1.3961331016158054,0.4015748031496063,1.0
SENCR,-0.1316438637302657,0.952755905511811,1.0
ARHGAP32,1.4086244882343864,0.25196850393700787,1.0
BARX2,2.799706551896487,0.05511811023622047,1.0
TMEM45B,-1.2637076087605879,0.2677165354330709,1.0
NFRKB,0.6767698123697987,0.5905511811023622,1.0
PRDM10,-0.867988614344672,0.3700787401574803,1.0
APLP2,0.2927252452543492,0.33858267716535434,1.0
ZBTB44,-0.4742523101328686,0.7007874015748031,1.0
SNX19,-0.15263275115759578,0.8582677165354331,1.0
PTP4A2P2,-0.41002640411797475,0.7637795275590551,1.0
NCAPD3,-0.1174235225225726,0.9212598425196851,1.0
VPS26B,-1.216595213094624,0.3543307086614173,1.0
THYN1,-1.9834447381587654,0.09448818897637795,1.0
ACAD8,-1.5373526713925343,0.33070866141732286,1.0
ZMYND11,-2.051250785294976,0.13385826771653545,1.0
LARP4B,-1.7680451563061834,0.18110236220472442,1.0
GTPBP4,1.9069231072670338,0.2204724409448819,1.0
IDI1,0.6199990819099659,0.2440944881889764,1.0
WDR37,-1.3436610597232543,0.2440944881889764,1.0
PFKP,0.8895244639327107,0.5669291338582677,1.0
PITRM1,0.641833840207019,0.9606299212598425,1.0
KLF6,0.354398032800221,0.5826771653543307,1.0
NET1,0.9685379914442098,0.5354330708661418,1.0
CALML5,0.3303377906939984,0.9212598425196851,1.0
CALML3,0.45141377997858134,0.7244094488188977,1.0
FAM208B,0.8237722354673056,0.44881889763779526,1.0
GDI2,-0.21519302533955287,0.6299212598425197,1.0
FBXO18,-1.1990373102909484,0.3700787401574803,1.0
RBM17,-0.6577382154363374,0.29133858267716534,1.0
PFKFB3,0.8824492375514854,0.25984251968503935,1.0
AL137145.1,0.9425733954438291,0.41732283464566927,1.0
SFMBT2,0.21479852584677772,0.84251968503937,1.0
KIN,0.9673475920589547,0.4645669291338583,1.0
ATP5C1,0.08078727365205918,0.9212598425196851,1.0
TAF3,-0.389895580222821,0.7874015748031497,1.0
CELF2,-0.17368018268082785,0.8267716535433071,1.0
USP6NL,-0.28348425988547943,0.9133858267716536,1.0
UPF2,0.9457836704032827,0.023622047244094488,1.0
DHTKD1,0.27578648130106576,0.7795275590551181,1.0
SEC61A2,0.21883135976677126,0.8976377952755905,1.0
NUDT5,-1.0342631929787052,0.6299212598425197,1.0
CDC123,0.5756683770188378,0.5905511811023622,1.0
AL512770.1,-0.3900508374784182,0.7165354330708661,1.0
CAMK1D,-0.15102789665235328,0.8346456692913385,1.0
OPTN,-0.36064356846231416,0.9212598425196851,1.0
SEPHS1,-0.9657906596894157,0.4094488188976378,1.0
BEND7,-1.9983501231695184,0.09448818897637795,1.0
PRPF18,-3.4726595861084912,0.023622047244094488,1.0
FAM107B,-1.5148216925084474,0.5433070866141733,1.0
HSPA14,0.20795274809059094,0.8582677165354331,1.0
DCLRE1C,0.5076365535086289,0.7244094488188977,1.0
MINDY3,-2.3564548625444464,0.09448818897637795,1.0
PTER,0.31335256369463615,0.7952755905511811,1.0
RSU1,-0.5114617151833079,0.5590551181102362,1.0
TRDMT1,-0.19136838596244476,0.84251968503937,1.0
VIM-AS1,-0.43480337028279337,0.6377952755905512,1.0
VIM,-0.5255654564541796,0.5826771653543307,1.0
STAM,-1.0202566270367759,0.5275590551181102,1.0
NSUN6,0.1377914907574409,0.905511811023622,1.0
ARL5B,-0.6010127780551198,0.8031496062992126,1.0
PLXDC2,0.039421729167658626,0.968503937007874,1.0
NEBL,-0.16624047284301735,0.8976377952755905,1.0
MLLT10,-0.6329945798836167,0.6456692913385826,1.0
DNAJC1,-0.5554559856395298,0.7480314960629921,1.0
COMMD3,-0.3750466273625441,0.8110236220472441,1.0
BMI1,-0.3130979739335499,0.7637795275590551,1.0
PIP4K2A,-1.12004793807332,0.6141732283464567,1.0
MSRB2,-0.5430084472085945,0.6220472440944882,1.0
YWHAZP3,-1.4863870812268614,0.29133858267716534,1.0
OTUD1,-2.1344652416603536,0.06299212598425197,1.0
KIAA1217,1.3832397635325906,0.3700787401574803,1.0
ARHGAP21,1.6995878355950416,0.2125984251968504,1.0
APBB1IP,-0.9618902068717929,0.9606299212598425,1.0
ABI1,0.18906461215195058,0.6614173228346457,1.0
ANKRD26,1.0392229207852122,0.4251968503937008,1.0
YME1L1,-0.6560429400586294,0.15748031496062992,1.0
MASTL,-1.7387256979900725,0.2125984251968504,1.0
ACBD5,-0.6307765856779262,0.7401574803149606,1.0
RAB18,0.0003511484264571152,1.0,1.0
MPP7,0.34895514369041436,0.7401574803149606,1.0
WAC-AS1,-0.0019392539481453142,1.0,1.0
WAC,-0.29759283615849164,0.6614173228346457,1.0
SVIL,-1.3337779276324637,0.6141732283464567,1.0
JCAD,1.0820382786110123,0.4881889763779528,1.0
MAP3K8,-0.6838321264512386,0.905511811023622,1.0
ZNF438,0.24821314859526034,0.9133858267716536,1.0
AL359532.1,-0.26434582739282586,0.84251968503937,1.0
DDX10P1,-1.6697242447266474,0.29133858267716534,1.0
ZEB1-AS1,0.5608456180774963,0.6220472440944882,1.0
ZEB1,-1.3051605156994546,0.2992125984251969,1.0
ARHGAP12,-0.4519492978436732,0.7165354330708661,1.0
KIF5B,0.23647254345764157,0.7165354330708661,1.0
EPC1,-0.4915833606824771,0.8582677165354331,1.0
CCDC7,0.08472968352434829,1.0,1.0
ITGB1,0.8956241705569048,0.48031496062992124,1.0
PARD3,2.46006083071775,0.05511811023622047,1.0
AL392046.2,-0.09283153847698578,0.84251968503937,1.0
CUL2,-2.2385729457389325,0.10236220472440945,1.0
CREM,1.0541270512983,0.4330708661417323,1.0
AL117336.2,1.1771034812806358,0.36220472440944884,1.0
CCNY,-0.11997284115955242,0.84251968503937,1.0
NAMPTP1,0.16539491983901478,0.9291338582677166,1.0
ZNF33A,-1.7059115873166153,0.23622047244094488,1.0
ZNF37A,-0.1687668059915035,0.9133858267716536,1.0
ZNF37BP,-1.460974629171064,0.3858267716535433,1.0
ZNF33B,0.0034351427569943027,1.0,1.0
BMS1,-0.4947000819655687,0.6850393700787402,1.0
CSGALNACT2,-1.8939703035758395,0.25984251968503935,1.0
RASGEF1A,0.09451976691694286,0.952755905511811,1.0
HNRNPF,-1.5222964113262547,0.6299212598425197,1.0
ZNF487,0.0483449753111751,0.9763779527559056,1.0
CAP1P2,-1.678010233162828,0.13385826771653545,1.0
HNRNPA3P1,-1.9827117920944468,0.05511811023622047,1.0
CXCL12,-2.231694269267309,0.1732283464566929,1.0
RASSF4,0.5048235098042186,0.8031496062992126,1.0
ZNF22,-0.8192039876502717,0.5118110236220472,1.0
ALOX5,-0.4513901932399058,0.5354330708661418,1.0
MARCH8,-0.6908025598348102,0.8661417322834646,1.0
ZFAND4,0.6004530678809759,0.5275590551181102,1.0
WASHC2C,0.1476821705044582,0.8582677165354331,1.0
TIMM23,-1.7331145232858456,0.2125984251968504,1.0
NCOA4,-0.05006482994435224,0.9448818897637795,1.0
MAPK8,-1.5486963529647952,0.2992125984251969,1.0
WDFY4,-0.3293134038594563,0.84251968503937,1.0
C10orf128,0.8723070455745439,0.49606299212598426,1.0
ERCC6,-1.153200685462415,0.3858267716535433,1.0
WASHC2A,-1.7988969809374096,0.2125984251968504,1.0
DYNC1I2P1,0.6195633411034538,0.6535433070866141,1.0
SGMS1,-0.8534815414117705,0.6220472440944882,1.0
CSTF2T,-1.402306230501915,0.2755905511811024,1.0
IPMK,-0.35072359436606515,0.968503937007874,1.0
CISD1,2.2735334157460407,0.13385826771653545,1.0
UBE2D1,-0.0726663842350126,0.9448818897637795,1.0
TFAM,0.9854918098869865,0.44881889763779526,1.0
CCDC6,-0.3048572465580621,0.8346456692913385,1.0
ANK3,1.3758249114924734,0.44881889763779526,1.0
CDK1,-0.08600789957539678,1.0,1.0
ARID5B,1.4768127163756026,0.14960629921259844,1.0
RTKN2,2.9629668767584687,0.05511811023622047,1.0
ZNF365,0.6032685769227977,0.84251968503937,1.0
EGR2,-0.2013723454866625,0.8740157480314961,1.0
NRBF2,0.036924691976393476,0.984251968503937,1.0
JMJD1C,0.7378620916344563,0.4330708661417323,1.0
TATDN1P1,-0.3725139412142793,0.6692913385826772,1.0
REEP3,0.5637597561409957,0.6220472440944882,1.0
SIRT1,-0.5211467000013168,0.6062992125984252,1.0
HERC4,0.5308669626793106,0.6062992125984252,1.0
PBLD,-0.0024266524172704695,1.0,1.0
HNRNPH3,-0.7313508672581541,0.2047244094488189,1.0
RUFY2,-1.4277469172705577,0.29133858267716534,1.0
TMEM14DP,-0.1379053883232011,1.0,1.0
CCAR1,-0.23368461153998332,0.6141732283464567,1.0
DDX50,1.7371078984700405,0.1968503937007874,1.0
DDX21,-0.5603975167916131,0.952755905511811,1.0
KIF1BP,1.3792607890933855,0.2677165354330709,1.0
SRGN,-0.16773171243205987,0.9763779527559056,1.0
VPS26A,-2.1550235292113813,0.2992125984251969,1.0
HK1,0.4300825391414902,0.8346456692913385,1.0
SAR1A,-0.2899285718336344,0.4330708661417323,1.0
CALM2P2,-2.1243866608232684,0.07874015748031496,1.0
PPA1,0.5480941264943446,0.7322834645669292,1.0
EIF4EBP2,-0.7082997507392195,0.14173228346456693,1.0
PRF1,-1.8812170860260793,0.2283464566929134,1.0
SGPL1,-0.39130133853267335,0.8346456692913385,1.0
PCBD1,-1.1249188675487907,0.3543307086614173,1.0
CDH23,-0.2718787802492768,0.9212598425196851,1.0
C10orf105,0.023200947060762367,1.0,1.0
VSIR,-1.7581086954191427,0.5354330708661418,1.0
PSAP,-0.7103582510336679,0.2440944881889764,1.0
SPOCK2,0.47700863132002347,0.7480314960629921,1.0
ASCC1,1.335323273029279,0.15748031496062992,1.0
ANAPC16,-0.06402448469431654,0.8976377952755905,1.0
DDIT4,-0.333497387653356,0.8110236220472441,1.0
DNAJB12,-0.5219774563099469,0.8582677165354331,1.0
MICU1,-0.030584236321955505,0.968503937007874,1.0
MCU,-0.5054902887893702,0.8188976377952756,1.0
P4HA1,-0.6967285284957709,0.8031496062992126,1.0
ECD,0.8206094062592606,0.5433070866141733,1.0
FAM149B1,-1.2945009652500252,0.2755905511811024,1.0
MRPS16,-0.8008562431240913,0.49606299212598426,1.0
ANXA7,1.3800349806853376,0.4015748031496063,1.0
PPP3CB,0.6688792579086749,0.7559055118110236,1.0
AC022400.7,-0.36864582172040894,0.6850393700787402,1.0
FUT11,-1.7480628666363125,0.28346456692913385,1.0
CHCHD1,0.46128923125608834,0.5669291338582677,1.0
ZSWIM8,-1.0100547397494055,0.5275590551181102,1.0
CAMK2G,-0.9899777867154498,0.6456692913385826,1.0
PLAU,-0.9747693205046808,0.8976377952755905,1.0
C10orf55,0.7132091499586108,0.5039370078740157,1.0
VCL,-1.2316202615312841,0.5748031496062992,1.0
AP3M1,-0.8252866321468568,0.6456692913385826,1.0
ADK,0.5130031680730136,0.7322834645669292,1.0
KAT6B,1.6078499506848605,0.1889763779527559,1.0
SAMD8,-1.9933574697083731,0.10236220472440945,1.0
VDAC2,0.8577496589987224,0.48031496062992124,1.0
COMTD1,0.42892843698090055,0.84251968503937,1.0
POLR3A,-1.6019376702629153,0.1732283464566929,1.0
RPS24,-0.24288562260004376,0.7322834645669292,1.0
ZMIZ1,-0.6826619495034754,0.8818897637795275,1.0
PPIF,0.534832675389179,0.5669291338582677,1.0
ZCCHC24,-2.8463191040522307,0.05511811023622047,1.0
NUTM2B-AS1,0.6968848560527494,0.5826771653543307,1.0
TMEM254,0.6861168797561032,0.6850393700787402,1.0
ANXA11,0.017754766205299255,0.984251968503937,1.0
FAM213A,0.2386415113579503,0.84251968503937,1.0
TSPAN14,0.04546846795566317,0.9133858267716536,1.0
GHITM,-0.3034194239368464,0.7007874015748031,1.0
C10orf99,0.9321545215904361,0.7637795275590551,1.0
CCSER2,0.1142035611551444,0.7874015748031497,1.0
WAPL,-1.25330930825681,0.5196850393700787,1.0
GLUD1,-0.3608023838630636,0.6456692913385826,1.0
FAM35A,0.20187219216159447,0.7401574803149606,1.0
NUTM2A-AS1,-1.301447904019209,0.30708661417322836,1.0
PAPSS2,0.4215586084678722,0.7637795275590551,1.0
ATAD1,-2.485374056569615,0.10236220472440945,1.0
PTEN,0.03425511494926958,0.9291338582677166,1.0
RPL11P3,-1.033760514398347,0.47244094488188976,1.0
RNLS,0.99749299221563,0.5669291338582677,1.0
LIPN,0.3479747152412096,0.8582677165354331,1.0
ANKRD22,-1.0322541964996388,0.5354330708661418,1.0
STAMBPL1,-1.2744964994557937,0.3228346456692913,1.0
FAS,-1.4475823965923782,0.4566929133858268,1.0
LIPA,-0.26890255457378176,0.7322834645669292,1.0
IFIT2,-2.6280091823208123,0.33070866141732286,1.0
IFIT3,-2.0785247734746486,0.4409448818897638,1.0
IFIT1,-1.8696612344478902,0.36220472440944884,1.0
IFIT5,-2.222545626107168,0.11023622047244094,1.0
KIF20B,-0.6990243814178085,0.6692913385826772,1.0
RPP30,-1.6807520452514324,0.28346456692913385,1.0
PCGF5,-1.5227211625094288,0.023622047244094488,1.0
PPP1R3C,0.9703835707458426,0.7244094488188977,1.0
TNKS2,-1.0169285565796233,0.6771653543307087,1.0
BTAF1,0.9191150982115484,0.5196850393700787,1.0
CPEB3,-0.9972652727249085,0.3543307086614173,1.0
MARCH5,1.8647676096798849,0.047244094488188976,1.0
IDE,0.01579037971548214,1.0,1.0
KIF11,-1.737095280685451,0.29133858267716534,1.0
EIF2S2P3,-0.24844623748368955,0.9212598425196851,1.0
HHEX,-1.3290960289469371,0.4015748031496063,1.0
EXOC6,-1.6011738391689434,0.2125984251968504,1.0
FRA10AC1,-2.128915215833551,0.11023622047244094,1.0
PIPSL,-1.2837515569146345,0.33858267716535434,1.0
NOC3L,-0.45066959647597593,0.6850393700787402,1.0
HELLS,0.4265092135367945,0.7165354330708661,1.0
PDLIM1,0.955110442850525,0.4094488188976378,1.0
ENTPD1,-0.06851211309734762,0.937007874015748,1.0
ENTPD1-AS1,-0.8422712249398289,0.4015748031496063,1.0
CC2D2B,0.37381631053945785,0.7165354330708661,1.0
ZNF518A,-1.6336348951937398,0.18110236220472442,1.0
BLNK,-0.8868253247095867,0.7244094488188977,1.0
TM9SF3,0.16852230790347456,0.6850393700787402,1.0
PIK3AP1,-0.17549302596640004,0.7401574803149606,1.0
RPL13AP5,0.2663060404589084,0.7086614173228346,1.0
LCOR,-1.2313083673875918,0.6377952755905512,1.0
ARHGAP19,-0.8340870782005636,0.5748031496062992,1.0
FRAT1,-0.5177360199472179,0.6377952755905512,1.0
FRAT2,-2.219104731359561,0.1968503937007874,1.0
RRP12,-0.322579953451295,0.8740157480314961,1.0
PGAM1,-0.08609503132287255,0.889763779527559,1.0
EXOSC1,-0.30876878941495534,0.8346456692913385,1.0
ZDHHC16,1.022612061301904,0.29133858267716534,1.0
MMS19,-0.7369492178918284,0.5669291338582677,1.0
AVPI1,1.5927398313425525,0.31496062992125984,1.0
ZFYVE27,0.9125526500120436,0.33858267716535434,1.0
R3HCC1L,-2.2241200746494174,0.1732283464566929,1.0
HPS1,-2.2197505324528604,0.047244094488188976,1.0
SLC25A28,-0.8646140863070502,0.5748031496062992,1.0
ENTPD7,-0.5348870814131312,0.7244094488188977,1.0
CUTC,-1.6008420944885824,0.30708661417322836,1.0
COX15,-0.8502692179634534,0.5511811023622047,1.0
DNMBP,-2.0342714784558034,0.09448818897637795,1.0
ERLIN1,0.48563992124275845,0.44881889763779526,1.0
CHUK,-1.0829085917345092,0.5118110236220472,1.0
CWF19L1,-0.7874128974762375,0.4330708661417323,1.0
BLOC1S2,0.7814630698889982,0.14960629921259844,1.0
SCD,-0.3120390976635239,0.8582677165354331,1.0
SEC31B,-0.5612540324696575,0.6062992125984252,1.0
NDUFB8,-2.647822636231824,0.08661417322834646,1.0
HIF1AN,-0.3331592157851242,0.5984251968503937,1.0
SLF2,-0.3781584193965539,0.7559055118110236,1.0
MRPL43,-1.4286609807288597,0.3858267716535433,1.0
SFXN3,-0.04609938879768927,0.9212598425196851,1.0
BTRC,0.8465793436179785,0.5275590551181102,1.0
MGEA5,-0.5397709519578955,0.6850393700787402,1.0
C10orf76,-1.9954429136905654,0.07086614173228346,1.0
LDB1,-1.3152619052326262,0.33858267716535434,1.0
PPRC1,-2.5767157285413123,0.09448818897637795,1.0
NOLC1,-0.8668600242572522,0.7322834645669292,1.0
GBF1,-2.448229301031141,0.09448818897637795,1.0
NFKB2,-0.9764055714136735,0.8818897637795275,1.0
CUEDC2,-0.8377004109531876,0.6062992125984252,1.0
MFSD13A,-1.40837211319041,0.2125984251968504,1.0
ACTR1A,0.9006826164577237,0.13385826771653545,1.0
AL391121.1,-1.05163082480516,0.4015748031496063,1.0
TRIM8,1.4456072906907496,0.3779527559055118,1.0
ARL3,-0.9876458814053146,0.47244094488188976,1.0
WBP1L,1.011141351622875,0.5354330708661418,1.0
BORCS7,0.36236990469790165,0.7401574803149606,1.0
CNNM2,0.6275254615881005,0.6456692913385826,1.0
NT5C2,1.1842923173049393,0.2755905511811024,1.0
PCGF6,0.18145079535797226,0.84251968503937,1.0
TAF5,0.3436693192160992,0.7244094488188977,1.0
USMG5,-0.22294492994475235,0.7480314960629921,1.0
CALHM2,1.3458249483361493,0.2125984251968504,1.0
SH3PXD2A,-0.00843956981511651,1.0,1.0
SH3PXD2A-AS1,-0.4869436321057409,0.8818897637795275,1.0
STN1,0.7614461161349197,0.49606299212598426,1.0
SLK,-0.5831501087934381,0.05511811023622047,1.0
COL17A1,-0.2832029638439888,0.9212598425196851,1.0
SFR1,-2.371653829426004,0.08661417322834646,1.0
CFAP43,-1.5956580093483843,0.2204724409448819,1.0
GSTO1,-0.7800584069268046,0.33070866141732286,1.0
GSTO2,0.32860963589761116,0.8110236220472441,1.0
ITPRIP,-1.3118108994311264,0.7086614173228346,1.0
AL162742.1,-0.25067804975810315,0.8818897637795275,1.0
CFAP58-AS1,-0.4403472842306084,0.7795275590551181,1.0
XPNPEP1,-0.7767846051146086,0.49606299212598426,1.0
ADD3,-1.8405488760295983,0.28346456692913385,1.0
MXI1,-0.5359005123484746,0.8818897637795275,1.0
SMNDC1,-0.8480883829061856,0.7795275590551181,1.0
DUSP5,0.4431398907313904,0.48031496062992124,1.0
SMC3,-2.091540936263498,0.25984251968503935,1.0
PDCD4-AS1,-0.6992881803236983,0.6771653543307087,1.0
PDCD4,-1.0887558375912114,0.8582677165354331,1.0
BBIP1,-0.6663655426563304,0.6299212598425197,1.0
AL158163.1,1.865147579256125,0.1732283464566929,1.0
SHOC2,-0.17210112046523207,0.6929133858267716,1.0
ACSL5,0.8986828018545565,0.5826771653543307,1.0
AL157786.1,-1.5395939779051988,0.4094488188976378,1.0
ZDHHC6,0.47147751619936074,0.6850393700787402,1.0
VTI1A,-0.15073630030793783,0.8818897637795275,1.0
TCF7L2,-0.0042607275783863585,1.0,1.0
CASP7,0.20070124223282382,0.9212598425196851,1.0
CCDC186,1.23384590906372,0.6062992125984252,1.0
ABLIM1,0.6405724044771395,0.8110236220472441,1.0
FAM160B1,-2.004713252668618,0.047244094488188976,1.0
AL391988.1,0.25874877381310957,0.8267716535433071,1.0
PDZD8,1.0349243121902374,0.6220472440944882,1.0
RAB11FIP2,-2.3215718844101323,0.10236220472440945,1.0
FAM204A,-1.5174690472879195,0.2755905511811024,1.0
CACUL1,0.8242545144849931,0.2992125984251969,1.0
RPL17P36,-1.4617486152163663,0.3543307086614173,1.0
EIF3A,-0.9782950955759597,0.8582677165354331,1.0
FAM45A,-0.9147318699359177,0.6299212598425197,1.0
SFXN4,0.8448750218345809,0.5748031496062992,1.0
PRDX3,-0.46257417206870866,0.9291338582677166,1.0
GRK5,0.9621493321434929,0.3937007874015748,1.0
RGS10,-0.4364878920090489,0.7716535433070866,1.0
TIAL1,-0.9843986182806477,0.1968503937007874,1.0
BAG3,2.157186544621593,0.1732283464566929,1.0
INPP5F,0.10078979374824693,1.0,1.0
MCMBP,-0.1499830782695435,0.905511811023622,1.0
SEC23IP,0.5182583797354825,0.6692913385826772,1.0
WDR11,-0.5977679539937355,0.6062992125984252,1.0
ATE1,-1.1524951739162685,0.4566929133858268,1.0
NSMCE4A,-1.6750427136916493,0.12598425196850394,1.0
PLEKHA1,0.47737127928003575,0.6929133858267716,1.0
HTRA1,-1.2551882374366194,0.4094488188976378,1.0
IKZF5,-0.9132107311799553,0.49606299212598426,1.0
ACADSB,-1.2684785743358507,0.29133858267716534,1.0
BUB3,-0.6279193534306513,0.7086614173228346,1.0
CHST15,-0.54053440069268,0.9212598425196851,1.0
OAT,0.14773227388818855,0.905511811023622,1.0
LHPP,1.9859992369334865,0.1889763779527559,1.0
FAM53B,-0.9281021997641712,0.5118110236220472,1.0
ABRAXAS2,-1.538949317736133,0.25984251968503935,1.0
ZRANB1,-2.5105274014687677,0.07874015748031496,1.0
CTBP2,-1.0858994871068237,0.5669291338582677,1.0
EDRF1,-0.37254614857603574,0.6850393700787402,1.0
BCCIP,0.7232926761014427,0.6220472440944882,1.0
DHX32,1.9864802044385974,0.1732283464566929,1.0
PTPRE,-1.595960605861615,0.9133858267716536,1.0
MKI67,0.3539671764788621,0.84251968503937,1.0
GLRX3,-0.6357306979857209,0.6692913385826772,1.0
PPP2R2D,-0.013032638970032373,0.984251968503937,1.0
BNIP3,1.0683744531309864,0.6377952755905512,1.0
AL162274.2,0.2547836256809852,0.8582677165354331,1.0
INPP5A,-0.9642462624563901,0.48031496062992124,1.0
AL592071.1,-0.8696578736233447,0.6062992125984252,1.0
ADAM8,-0.07651685486612791,0.9291338582677166,1.0
TUBGCP2,-1.6414370816948896,0.2125984251968504,1.0
ZNF511,-0.8554946073623497,0.4645669291338583,1.0
ECHS1,0.5352734325860333,0.6850393700787402,1.0
AC215219.1,-2.0543616018451325,0.10236220472440945,1.0
KDM5A,-1.1127040702099436,0.8110236220472441,1.0
NINJ2,-2.0891896449591933,0.29133858267716534,1.0
AC021054.1,0.2279026895108136,0.7480314960629921,1.0
WNK1,0.32887058061616337,0.4015748031496063,1.0
ERC1,-0.1084016480587191,0.9291338582677166,1.0
ADIPOR2,0.9371660065292198,0.5984251968503937,1.0
FKBP4,0.7732706837453472,0.7244094488188977,1.0
ITFG2,-0.07743281580975592,0.952755905511811,1.0
AC005912.1,-0.6337841202394916,0.48031496062992124,1.0
CRACR2A,-0.4584471006825801,0.7559055118110236,1.0
AC005831.1,-0.8556172251879025,0.4881889763779528,1.0
PARP11,-0.5193711511212835,0.6850393700787402,1.0
CCND2,-1.5076878531173756,0.3228346456692913,1.0
TIGAR,0.6878041524040364,0.6377952755905512,1.0
C12orf4,0.5199710700354059,0.6929133858267716,1.0
NDUFA9,-2.691786522226947,0.05511811023622047,1.0
VWF,1.1237233322247766,0.3700787401574803,1.0
CD9,-0.0021586511573961076,1.0,1.0
PLEKHG6,2.118523600941644,0.11023622047244094,1.0
TNFRSF1A,0.5033979486009521,0.5118110236220472,1.0
SCNN1A,-0.03277478594238614,1.0,1.0
LTBR,0.9439668388504261,0.33070866141732286,1.0
CD27-AS1,0.041321991381813694,0.952755905511811,1.0
TAPBPL,0.474033121343445,0.7165354330708661,1.0
VAMP1,-2.723169680196935,0.023622047244094488,1.0
MRPL51,0.23560880261907702,0.7401574803149606,1.0
NCAPD2,-0.4320660458747494,0.7480314960629921,1.0
GAPDH,0.6256863395615406,0.7165354330708661,1.0
IFFO1,-2.886603744749328,0.047244094488188976,1.0
NOP2,0.08118870215667906,0.9291338582677166,1.0
CHD4,1.6502724020617752,0.2677165354330709,1.0
ING4,-0.22671639092872975,0.9212598425196851,1.0
COPS7A,0.5101522381610994,0.7795275590551181,1.0
MLF2,-0.6389058626375697,0.1732283464566929,1.0
PTMS,-0.8049824423890612,0.6929133858267716,1.0
LAG3,-0.7205642929713579,0.44881889763779526,1.0
CD4,-1.391877291375753,0.3779527559055118,1.0
CDCA3,0.2368164101664879,0.8818897637795275,1.0
TPI1,0.2160765685361019,0.7716535433070866,1.0
SPSB2,-2.1147411378521452,0.13385826771653545,1.0
DSTNP2,-1.1849200493336471,0.33070866141732286,1.0
ATN1,1.8784191505722956,0.18110236220472442,1.0
C12orf57,-1.4575554028119098,0.29133858267716534,1.0
PTPN6,-2.0314189020175615,0.2283464566929134,1.0
PHB2,0.20464028267687784,0.8740157480314961,1.0
EMG1,-1.104935166655724,0.3228346456692913,1.0
C1S,0.36266086663594654,0.8110236220472441,1.0
C1R,-0.18667686349853962,0.9212598425196851,1.0
C1RL,-0.026369222540004955,1.0,1.0
C1RL-AS1,-0.5404345880258642,0.6850393700787402,1.0
CLSTN3,-3.5624760108589877,0.023622047244094488,1.0
SLC2A14,0.5097153659371272,0.7322834645669292,1.0
SLC2A3,0.6663019235862233,0.4881889763779528,1.0
FOXJ2,-1.206238434361727,0.4566929133858268,1.0
C3AR1,0.16190015945938363,0.937007874015748,1.0
NECAP1,0.7382536645219453,0.5590551181102362,1.0
CLEC4A,-1.0133983444397594,0.4566929133858268,1.0
LINC00937,0.4196717897495137,0.7165354330708661,1.0
CLEC4D,-1.6700591150652766,0.4251968503937008,1.0
CLEC4E,-1.1967562697687377,0.9921259842519685,1.0
AC092746.1,-0.7389686883667567,0.5275590551181102,1.0
A2ML1,0.13308586266365996,0.8740157480314961,1.0
M6PR,0.30421719405225645,0.7480314960629921,1.0
A2M,0.10288305524783725,0.9212598425196851,1.0
KLRB1,-0.19852088968301507,0.9212598425196851,1.0
CLEC2D,-0.37582358354599243,0.8110236220472441,1.0
CD69,-2.3368461111556194,0.1889763779527559,1.0
CLEC2B,0.8881114428048074,0.5905511811023622,1.0
CLEC12A,-3.1963056311744813,0.2125984251968504,1.0
CLEC1B,-2.144163415065031,0.2125984251968504,1.0
CLEC12B,-2.6370069836443384,0.09448818897637795,1.0
CLEC9A,-0.6956039925808184,0.5118110236220472,1.0
CLEC1A,1.1595339413057921,0.33070866141732286,1.0
CLEC7A,0.9221314633868358,0.6771653543307087,1.0
OLR1,-1.8213374564078082,0.48031496062992124,1.0
TMEM52B,-0.941212079065834,0.6220472440944882,1.0
GABARAPL1,0.361795374923247,0.3937007874015748,1.0
KLRD1,-1.096506016501706,0.5669291338582677,1.0
STYK1,2.1054595330732155,0.29133858267716534,1.0
YBX3,1.8808009183202863,0.031496062992125984,1.0
SMIM10L1,0.3067244673904992,0.8582677165354331,1.0
ETV6,-0.9930184423680322,0.984251968503937,1.0
MANSC1,-0.4423152489813571,1.0,1.0
LOH12CR2,-0.3945191837624167,0.7165354330708661,1.0
BORCS5,1.3162757416874742,0.25984251968503935,1.0
DUSP16,1.3516377119706906,0.33070866141732286,1.0
CREBL2,-0.42958319546461476,0.7637795275590551,1.0
CDKN1B,-2.1016929850580897,0.2047244094488189,1.0
GPRC5A,-0.1257659521958474,0.905511811023622,1.0
HEBP1,-2.555495911532314,0.09448818897637795,1.0
EMP1,2.2717799813084762,0.33070866141732286,1.0
ATF7IP,-0.4615991828935897,0.5275590551181102,1.0
PLBD1,-1.5317972636287136,0.13385826771653545,1.0
HIST4H4,1.0964821132582352,0.4881889763779528,1.0
H2AFJ,1.3055493694864788,0.5118110236220472,1.0
WBP11,-0.7966552726457108,0.15748031496062992,1.0
ERP27,-3.353335530987637,0.015748031496062992,1.0
ARHGDIB,-1.0908349984857857,0.5196850393700787,1.0
STRAP,-0.9683575893345426,0.5118110236220472,1.0
DERA,-0.7419158365064982,0.49606299212598426,1.0
MGST1,-0.4476566886760103,0.7637795275590551,1.0
AC023512.1,-0.6201642910107908,0.5275590551181102,1.0
PLEKHA5,0.5479456507724842,0.7637795275590551,1.0
AEBP2,0.21965094050069656,0.8110236220472441,1.0
PYROXD1,1.121249266320599,0.4566929133858268,1.0
RECQL,-0.8788482422687953,0.4251968503937008,1.0
GOLT1B,1.592561134749416,0.14173228346456693,1.0
LDHB,-0.593817858590012,0.7795275590551181,1.0
CMAS,1.7879574383436858,0.2992125984251969,1.0
C2CD5,-1.0355406720956442,0.3779527559055118,1.0
ETNK1,0.17625077021769453,0.7559055118110236,1.0
LRMP,0.33467146079638255,0.6771653543307087,1.0
AC023510.2,1.6065362782037764,0.3700787401574803,1.0
KRAS,0.2527643738949701,0.7165354330708661,1.0
AC087239.1,0.00025173799482125503,1.0,1.0
BHLHE41,-2.2198175120090267,0.1732283464566929,1.0
SSPN,-0.9136443676419204,0.5275590551181102,1.0
ITPR2,-0.003768015425802851,1.0,1.0
INTS13,-2.1577187713988777,0.09448818897637795,1.0
FGFR1OP2,-0.7626276682916391,0.1889763779527559,1.0
TM7SF3,0.048648897397459034,0.9448818897637795,1.0
MED21,-0.5065156021110832,0.6062992125984252,1.0
AC092747.4,-1.0471898455815098,0.30708661417322836,1.0
STK38L,-0.8512497657976832,0.8267716535433071,1.0
ARNTL2,0.28357066885566384,0.8740157480314961,1.0
PPFIBP1,0.11840772983342518,0.9212598425196851,1.0
MRPS35,-0.4818963736117572,0.6850393700787402,1.0
KLHL42,-0.5663540734057309,0.6062992125984252,1.0
CCDC91,0.15378858834421916,0.905511811023622,1.0
FAR2,-0.8757525497319323,0.5590551181102362,1.0
ERGIC2,-0.49313281512786267,0.6377952755905512,1.0
TMTC1,-0.7888776749387076,0.44881889763779526,1.0
IPO8,-1.916940713005773,0.23622047244094488,1.0
CAPRIN2,-0.4594947777370535,0.6220472440944882,1.0
DDX11,-0.1713728429375645,0.84251968503937,1.0
SINHCAF,-1.0488513419115837,0.4094488188976378,1.0
DENND5B,-0.18493735989531146,1.0,1.0
AMN1,-1.6863494992071315,0.2283464566929134,1.0
AC023157.3,0.16455390586966523,0.8267716535433071,1.0
AC023157.2,0.8186734791739867,0.6614173228346457,1.0
AC023157.1,-0.9151554637418657,0.937007874015748,1.0
H3F3C,-0.05598566470578037,0.968503937007874,1.0
AC023050.1,0.0030264401353632397,1.0,1.0
KIAA1551,-0.5075263226914135,0.6850393700787402,1.0
AC016957.2,-0.6398717196644284,0.5590551181102362,1.0
FGD4,0.6898638179620953,0.3858267716535433,1.0
DNM1L,-0.767237928339835,0.5669291338582677,1.0
AC084824.1,-0.8683150567478315,0.5905511811023622,1.0
KIF21A,1.6707263756861481,0.4094488188976378,1.0
LINC02555,-0.5288577156908225,0.7637795275590551,1.0
AC079630.1,-1.2662702763524587,0.3779527559055118,1.0
LRRK2,-0.3406524705334082,0.6299212598425197,1.0
GXYLT1,-2.824063043265475,0.03937007874015748,1.0
YAF2,-0.8915704225374843,0.6692913385826772,1.0
PPHLN1,-0.2962650117024559,0.7952755905511811,1.0
ZCRB1,-1.4567205412953212,0.2283464566929134,1.0
PUS7L,-1.0378510476931453,0.3543307086614173,1.0
IRAK4,0.5693143452032015,0.1968503937007874,1.0
TWF1,1.485923890875093,0.2755905511811024,1.0
AC008124.1,-0.8536089308177628,0.5118110236220472,1.0
ARID2,-0.1682615438412789,0.952755905511811,1.0
SCAF11,-1.0014939035562973,0.9448818897637795,1.0
SLC38A1,1.3963208075696691,0.2755905511811024,1.0
SLC38A2,-0.20462959488854526,0.7637795275590551,1.0
PCED1B,-0.1260652919499925,0.9212598425196851,1.0
PCED1B-AS1,-0.26555995326959136,0.8503937007874016,1.0
RPAP3,-0.27506697000300084,0.7795275590551181,1.0
AC004241.3,1.460701959582962,0.29133858267716534,1.0
AC004241.1,0.0932481753084562,0.968503937007874,1.0
ENDOU,3.0561910385924635,0.05511811023622047,1.0
SLC48A1,-0.6638135868028945,0.6929133858267716,1.0
HDAC7,0.08417050341633114,0.952755905511811,1.0
VDR,0.7909615701804613,0.6377952755905512,1.0
SENP1,1.2993206367138628,0.25196850393700787,1.0
ASB8,1.1831993950961097,0.4015748031496063,1.0
ZNF641,-0.4095066685667721,0.8661417322834646,1.0
KANSL2,-0.713410821433526,0.5275590551181102,1.0
CCNT1,-1.178280904055578,0.5590551181102362,1.0
DDX23,1.2428359621965681,0.3700787401574803,1.0
FKBP11,-0.5432079779815622,0.6929133858267716,1.0
ARF3,-0.12268014038368502,0.8503937007874016,1.0
PRKAG1,-0.37364136157239436,0.8976377952755905,1.0
KMT2D,-0.7887063547145869,0.8976377952755905,1.0
LMBR1L,0.39287490820584736,0.6535433070866141,1.0
TUBA1A,-1.4224078529392434,0.7165354330708661,1.0
SPATS2,1.7778866615586386,0.18110236220472442,1.0
MCRS1,-0.1202415516963562,0.905511811023622,1.0
FMNL3,-0.10987036956093599,0.9763779527559056,1.0
TMBIM6,-0.04569163568176826,0.8503937007874016,1.0
NCKAP5L,1.0022695160202129,0.4251968503937008,1.0
SMARCD1,-0.8477052131100598,0.5905511811023622,1.0
COX14,-0.4988520902880007,0.7165354330708661,1.0
CERS5,-2.7254130298704773,0.07086614173228346,1.0
LIMA1,-0.16635018340898333,0.9212598425196851,1.0
LARP4,-0.24667205829623473,0.8582677165354331,1.0
DIP2B,-0.281554850426331,0.5748031496062992,1.0
ATF1,0.12023973883238082,0.889763779527559,1.0
METTL7A,-1.8581068102052676,0.2677165354330709,1.0
SLC11A2,0.9058134617486426,0.4645669291338583,1.0
CSRNP2,-2.092952239278303,0.05511811023622047,1.0
TFCP2,-0.3670186631957386,0.8188976377952756,1.0
DAZAP2,-0.19370155354026686,0.9212598425196851,1.0
SMAGP,0.6736111552244268,0.6062992125984252,1.0
BIN2,-0.7302938800224705,0.2125984251968504,1.0
ACVR1B,-0.5263043717346503,0.7086614173228346,1.0
NR4A1,-0.18472015124250563,0.8346456692913385,1.0
KRT80,0.3189102213028221,0.8740157480314961,1.0
KRT6B,1.6965643555994925,0.6220472440944882,1.0
KRT6C,1.9184781984797254,0.5511811023622047,1.0
KRT6A,1.9335656845389817,0.5118110236220472,1.0
KRT5,2.3205366917947554,0.2992125984251969,1.0
KRT1,0.987512773490379,0.7244094488188977,1.0
KRT76,1.2017306342874572,0.7480314960629921,1.0
KRT3,1.069299240996426,0.8818897637795275,1.0
KRT4,2.0290566309666085,0.5275590551181102,1.0
KRT78,1.3285448996980018,0.7244094488188977,1.0
EIF4B,-1.5801659934721748,0.3464566929133858,1.0
AC068888.2,-1.08603948151048,0.33070866141732286,1.0
SPRYD3,0.4261199629714554,0.6377952755905512,1.0
CSAD,0.5594244289087715,0.7480314960629921,1.0
ZNF740,0.8027860386957308,0.5039370078740157,1.0
RARG,0.9093364752729487,0.6535433070866141,1.0
MFSD5,-0.29467840154347225,0.8740157480314961,1.0
ESPL1,0.41315866008037294,0.84251968503937,1.0
PFDN5,-0.2555916646154559,0.5196850393700787,1.0
AAAS,-2.0073534003693485,0.09448818897637795,1.0
SP1,-1.1815451529781518,0.905511811023622,1.0
PRR13,-0.2585258505469863,0.6377952755905512,1.0
PCBP2,-0.45436526041088054,0.7480314960629921,1.0
TARBP2,0.42749986908810444,0.9606299212598425,1.0
ATF7,-1.8978264405867722,0.30708661417322836,1.0
ATP5G2,-0.34787915107824574,0.5984251968503937,1.0
CALCOCO1,0.15186774081503351,0.8267716535433071,1.0
SMUG1,-0.14396896629851863,0.905511811023622,1.0
CBX5,-0.6196316206125805,0.6929133858267716,1.0
HNRNPA1,-0.21376310290185785,0.7165354330708661,1.0
NFE2,-1.57203862060262,0.30708661417322836,1.0
COPZ1,-0.432044143099759,0.4094488188976378,1.0
GPR84,-0.9495930232051331,0.6141732283464567,1.0
ZNF385A,2.338159023897183,0.1732283464566929,1.0
ITGA5,1.017642006109901,0.5669291338582677,1.0
NCKAP1L,-1.7603312976792216,0.16535433070866143,1.0
PDE1B,-1.0265385786177244,0.6062992125984252,1.0
BLOC1S1,-0.6299600275929462,0.5748031496062992,1.0
CD63,-0.3379389773214152,0.6062992125984252,1.0
AC009779.2,-2.5855847752153087,0.05511811023622047,1.0
ORMDL2,-0.5600258073015243,0.6850393700787402,1.0
PYM1,-0.7988489415164488,0.7165354330708661,1.0
DGKA,-0.9925083854566443,0.29133858267716534,1.0
CDK2,-0.1733836497496397,0.8740157480314961,1.0
RAB5B,-0.14399176340220965,0.8818897637795275,1.0
AC034102.1,-1.7833405562622473,0.28346456692913385,1.0
SUOX,-1.7729811657754677,0.2755905511811024,1.0
IKZF4,1.4703479689023167,0.2125984251968504,1.0
RPS26,-0.30694261225926733,0.84251968503937,1.0
PA2G4,0.6470048323647037,0.6141732283464567,1.0
RPL41,-0.055840483874077584,0.952755905511811,1.0
ESYT1,-1.4399569037830027,0.29133858267716534,1.0
MYL6,-0.3419440936843685,0.49606299212598426,1.0
AC073896.4,-0.44829983308100774,0.6377952755905512,1.0
SMARCC2,-2.610913996936405,0.047244094488188976,1.0
RNF41,-0.41043011563832277,0.5039370078740157,1.0
NABP2,-0.4611815045327652,0.7007874015748031,1.0
CS,-0.5114349551222173,0.5354330708661418,1.0
PAN2,-0.7867439347000105,0.6062992125984252,1.0
STAT2,-1.7179087413250125,0.36220472440944884,1.0
BAZ2A,0.35882530838424387,0.07086614173228346,1.0
ATP5B,0.5023633395622422,0.3858267716535433,1.0
PTGES3,0.21064064175485786,0.8346456692913385,1.0
NACA,-0.41990307082023026,0.5748031496062992,1.0
STAT6,-0.2960128470589716,0.6771653543307087,1.0
LRP1,-1.6519320473174548,0.29133858267716534,1.0
SHMT2,-0.0720490599165311,0.905511811023622,1.0
NDUFA4L2,1.804726291774342,0.7244094488188977,1.0
R3HDM2,-0.07597180754037414,0.8503937007874016,1.0
GLI1,0.9389133580674104,0.44881889763779526,1.0
ARHGAP9,-1.460766269894199,0.8346456692913385,1.0
MARS,-0.8189476858423683,0.6141732283464567,1.0
DDIT3,-1.1680427333977725,0.6614173228346457,1.0
MIR616,-1.449783324337984,0.4881889763779528,1.0
MBD6,-0.19293418386633476,0.7952755905511811,1.0
DCTN2,0.17899375809510243,0.889763779527559,1.0
PIP4K2C,-2.8349236236837814,0.047244094488188976,1.0
OS9,-0.04305621439187313,0.984251968503937,1.0
AGAP2,-0.6092946255022773,0.7007874015748031,1.0
TSPAN31,-1.2777516535136557,0.2440944881889764,1.0
MARCH9,-2.324305744864818,0.09448818897637795,1.0
AVIL,-0.4117317299692318,0.7637795275590551,1.0
CTDSP2,-0.22216055247332456,0.7007874015748031,1.0
AC084033.3,0.4036434628922767,0.6062992125984252,1.0
ATP23,-0.09724326292241403,0.84251968503937,1.0
SLC16A7,0.3308936479985096,0.7480314960629921,1.0
FAM19A2,-1.1509802134049805,0.3700787401574803,1.0
USP15,-0.39123989141626403,0.8188976377952756,1.0
MON2,-0.288306847425575,0.7952755905511811,1.0
LINC01465,-0.8341145967831454,0.4881889763779528,1.0
AC048341.2,-1.3649721602376497,0.2204724409448819,1.0
PPM1H,-0.9335715664096561,0.25984251968503935,1.0
RPL14P1,0.04875538083033426,0.9448818897637795,1.0
TMEM5,1.3886721950057899,0.4094488188976378,1.0
PABPC1P4,0.2527927979202982,0.8110236220472441,1.0
AC135279.2,0.047178386293937,0.9291338582677166,1.0
XPOT,0.7424135378807639,0.6377952755905512,1.0
TBK1,0.7109873512711058,0.15748031496062992,1.0
RASSF3,-0.9849042770796208,0.9291338582677166,1.0
AC025262.2,1.2489933629238326,0.25196850393700787,1.0
GNS,-0.9374693323691865,0.889763779527559,1.0
TBC1D30,0.0763238177611989,1.0,1.0
LEMD3,-1.7319650285312007,0.28346456692913385,1.0
MSRB3,-0.7688588093899622,0.5669291338582677,1.0
LLPH,-0.1817410882470729,0.9291338582677166,1.0
TMBIM4,-1.909288831181179,0.33070866141732286,1.0
IRAK3,-0.19396900896046,0.8740157480314961,1.0
RBMS1P1,-0.5619994492419345,0.7637795275590551,1.0
HELB,0.26704076862952597,0.8976377952755905,1.0
CAND1,-0.6117032349968472,0.7165354330708661,1.0
DYRK2,-0.8561064082461098,0.5275590551181102,1.0
IFNG,0.10523484291819485,1.0,1.0
MDM1,-1.712239157775413,0.2440944881889764,1.0
RAP1B,0.35452862900433946,0.7165354330708661,1.0
ATP5HP4,-1.7041942679854423,0.10236220472440945,1.0
NUP107,-0.05014632976233724,1.0,1.0
SLC35E3,-1.2374837449018834,0.3937007874015748,1.0
MDM2,0.7207383917310191,0.09448818897637795,1.0
CPM,-2.4482990365905293,0.13385826771653545,1.0
CPSF6,-0.7922887558023901,0.6929133858267716,1.0
LYZ,-3.2513055981182006,0.2283464566929134,1.0
FRS2,-1.6478109836424064,0.2755905511811024,1.0
CCT2,-1.5475785562642752,0.30708661417322836,1.0
RAB3IP,-0.7398668126097019,0.5748031496062992,1.0
LINC01481,-0.2693610250989722,0.7637795275590551,1.0
CNOT2,-0.1898029761334259,0.8110236220472441,1.0
ZFC3H1,-0.6731891293294003,0.8503937007874016,1.0
THAP2,-1.672907896671107,0.3858267716535433,1.0
TMEM19,-0.57145900669734,0.6062992125984252,1.0
RAB21,-1.2598539278426717,0.905511811023622,1.0
TBC1D15,-0.7101077896720343,0.9921259842519685,1.0
ATXN7L3B,0.6628864768900034,0.5039370078740157,1.0
GLIPR1,0.30357142330025333,0.5196850393700787,1.0
KRR1,-1.7859239581404727,0.2125984251968504,1.0
PHLDA1,0.929571531604239,0.4409448818897638,1.0
NAP1L1,-0.40337763349647293,0.5433070866141733,1.0
OSBPL8,-1.108822963890785,0.889763779527559,1.0
AC107032.1,0.9383842640042466,0.4566929133858268,1.0
ZDHHC17,-1.1845687632781576,0.5275590551181102,1.0
CSRP2,2.1387242944253924,0.1732283464566929,1.0
PAWR,-1.0111679628618673,0.5590551181102362,1.0
PPP1R12A,-1.7608079639420513,0.5118110236220472,1.0
LIN7A,1.9503753141861866,0.12598425196850394,1.0
CCDC59,-0.15226396275131648,0.8188976377952756,1.0
METTL25,-0.09558567856413247,1.0,1.0
C12orf29,0.5753032573721266,0.7637795275590551,1.0
CEP290,-0.9566180359930592,0.5118110236220472,1.0
DUSP6,-1.2862275719255418,0.7795275590551181,1.0
POC1B,-0.5122739101478073,0.9291338582677166,1.0
AC025034.1,0.28419107935167,0.84251968503937,1.0
ATP2B1,-0.3067048619678294,0.984251968503937,1.0
ATP2B1-AS1,-0.5871024796810733,0.8976377952755905,1.0
LUM,1.7398734874599302,0.44881889763779526,1.0
DCN,-0.06970998701838749,1.0,1.0
BTG1,-0.10530165772295774,0.7874015748031497,1.0
AC025164.2,0.773493681791572,0.7244094488188977,1.0
EEA1,0.21446036291307236,0.9133858267716536,1.0
NUDT4,-0.5076493319003603,0.7637795275590551,1.0
UBE2N,-0.6371235680187555,0.7401574803149606,1.0
MRPL42,-0.04932399298712786,0.968503937007874,1.0
CRADD,-1.0747674930201634,0.3700787401574803,1.0
PLXNC1,0.09657995232955763,0.8661417322834646,1.0
AC123567.2,1.194900409938061,0.25196850393700787,1.0
AC073655.2,-0.5522849705210755,0.6062992125984252,1.0
CEP83,-0.6627175687327036,0.49606299212598426,1.0
TMCC3,0.7265456345029104,0.5118110236220472,1.0
NDUFA12,-0.2992105372802576,0.8582677165354331,1.0
NR2C1,-0.12714644909207662,0.9212598425196851,1.0
VEZT,-1.4260235452445549,0.2755905511811024,1.0
METAP2,2.1295307042677636,0.23622047244094488,1.0
SNRPF,-0.10393781061625118,0.952755905511811,1.0
HAL,-0.49512633546764917,0.9291338582677166,1.0
LTA4H,-0.3135736574984058,0.7480314960629921,1.0
ELK3,0.7175437776730123,0.3700787401574803,1.0
CDK17,-1.5613056562223342,0.10236220472440945,1.0
CFAP54,0.6620688861717274,0.6692913385826772,1.0
NEDD1,-1.3944005880967516,0.33070866141732286,1.0
TMPO,-2.331934026731894,0.14173228346456693,1.0
SLC25A3,-0.09983707717287249,0.8267716535433071,1.0
IKBIP,0.756566300320114,0.5905511811023622,1.0
APAF1,-1.731190280306818,0.2204724409448819,1.0
RPS4XP1,-0.6115129282428975,0.7244094488188977,1.0
UHRF1BP1L,-0.6911792695101715,0.905511811023622,1.0
AC126474.2,-1.2974948490553904,0.3543307086614173,1.0
GOLGA2P5,-0.378976000042893,0.7637795275590551,1.0
ACTR6,0.656452131544224,0.7007874015748031,1.0
SCYL2,-0.15766478721960286,0.6692913385826772,1.0
ARL1,-0.5183949299053969,0.7165354330708661,1.0
CHPT1,-1.1891838714674852,0.33858267716535434,1.0
GNPTAB,-1.1924587761335919,0.4330708661417323,1.0
DRAM1,-1.1851854216077022,0.3464566929133858,1.0
WASHC3,0.1596146523547124,0.937007874015748,1.0
NT5DC3,-0.570336801692733,0.7244094488188977,1.0
HSP90B1,0.08758619333219642,0.905511811023622,1.0
TDG,-1.291140206910305,0.2755905511811024,1.0
HCFC2,-1.2498465737902773,0.25196850393700787,1.0
NFYB,0.6800850761219062,0.6535433070866141,1.0
TXNRD1,1.2423522603116126,0.49606299212598426,1.0
RPL18AP3,-1.2068247944977037,0.44881889763779526,1.0
CHST11,0.9659075235625671,0.36220472440944884,1.0
C12orf45,1.9597443757887238,0.13385826771653545,1.0
ALDH1L2,0.4824367214968961,0.84251968503937,1.0
WASHC4,0.8711287043375089,0.8818897637795275,1.0
APPL2,-0.5800700065340267,0.31496062992125984,1.0
C12orf75,-1.1294595859030943,0.44881889763779526,1.0
CKAP4,-0.7928293966487869,0.48031496062992124,1.0
TCP11L2,-2.1978169408278014,0.2204724409448819,1.0
POLR3B,0.5287943490156192,0.7637795275590551,1.0
TMEM263,-0.7558708292836891,0.6377952755905512,1.0
CRY1,-0.7483218244011671,0.5905511811023622,1.0
PWP1,-1.252393547446491,0.3543307086614173,1.0
PRDM4,-2.705401944117374,0.047244094488188976,1.0
FICD,1.8491828957611858,0.3700787401574803,1.0
SART3,-0.7005168687545007,0.6377952755905512,1.0
ISCU,-0.2239006923016884,0.7007874015748031,1.0
SELPLG,-1.5985435892349278,0.5196850393700787,1.0
CORO1C,0.11145745053152467,0.84251968503937,1.0
SSH1,-0.7031920353199013,0.8110236220472441,1.0
ALKBH2,0.8353119632983995,0.44881889763779526,1.0
UNG,0.6078300701919379,0.6377952755905512,1.0
KCTD10,-0.65188461217598,0.7637795275590551,1.0
UBE3B,0.058719711505644145,0.9448818897637795,1.0
MMAB,-0.855512281089604,0.7244094488188977,1.0
MVK,1.0840543256124262,0.6062992125984252,1.0
GLTP,0.04480499174880492,1.0,1.0
TCHP,-1.3373192378937522,0.25984251968503935,1.0
GIT2,-2.055457492127974,0.047244094488188976,1.0
ANKRD13A,-1.5832770054753507,0.4015748031496063,1.0
ATP2A2,1.284469574905474,0.4409448818897638,1.0
ANAPC7,-2.353709147131794,0.07874015748031496,1.0
ARPC3,-0.15281108448924918,0.6692913385826772,1.0
GPN3,-0.5499685796090499,0.6456692913385826,1.0
RPL31P49,-0.7554938147024899,0.6692913385826772,1.0
VPS29,0.35556065733078857,0.7007874015748031,1.0
PPTC7,-1.2421411243654852,0.47244094488188976,1.0
HVCN1,-1.8858138234033248,0.25196850393700787,1.0
PPP1CC,-0.6793671324419481,0.3228346456692913,1.0
SH2B3,-0.04415983248481581,0.968503937007874,1.0
ATXN2,-1.1105543446596484,0.4094488188976378,1.0
AC137055.1,-0.8687068378629649,0.44881889763779526,1.0
BRAP,-1.3938069036774516,0.08661417322834646,1.0
ALDH2,-1.040343237697944,0.6299212598425197,1.0
MAPKAPK5-AS1,0.007292448949198116,1.0,1.0
MAPKAPK5,0.714138620557522,0.5748031496062992,1.0
ERP29,-0.3299652918538074,0.7322834645669292,1.0
TRAFD1,-1.5346796552956716,0.33070866141732286,1.0
HECTD4,-1.7468544935891082,0.07086614173228346,1.0
RPL6,-0.8043034072751389,0.28346456692913385,1.0
PTPN11,-1.2763347071184912,0.25984251968503935,1.0
RPH3A,-1.4750724553632963,0.30708661417322836,1.0
OAS1,0.3267924195703573,0.8582677165354331,1.0
OAS3,-0.29567616006966624,0.8503937007874016,1.0
OAS2,-1.2605791065559644,0.5039370078740157,1.0
TPCN1,1.1764112528766877,0.5118110236220472,1.0
SLC8B1,-1.772484495036587,0.29133858267716534,1.0
MED13L,-0.4213624230930346,0.6299212598425197,1.0
LINC00173,-0.8259605944901987,0.6062992125984252,1.0
MAP1LC3B2,0.3549049660460648,0.7165354330708661,1.0
C12orf49,0.8533682516652084,0.7165354330708661,1.0
TESC,-1.3384305232098392,0.5669291338582677,1.0
RFC5,0.64040796252677,0.5984251968503937,1.0
WSB2,-0.20641335545115336,0.9448818897637795,1.0
VSIG10,-1.1726516544623795,0.41732283464566927,1.0
PEBP1,-0.7277370483377021,0.7007874015748031,1.0
TAOK3,-1.289846881833176,0.9133858267716536,1.0
RPS2P5,0.47728639976192566,0.8818897637795275,1.0
SUDS3,-1.0475190395819003,0.5669291338582677,1.0
HSPB8,0.2857237830886985,0.8740157480314961,1.0
AC084880.1,0.34075715585871746,0.7637795275590551,1.0
PRKAB1,-1.9184248983809415,0.10236220472440945,1.0
CIT,-0.05777910617460269,1.0,1.0
BICDL1,0.9522051977405518,0.33070866141732286,1.0
RAB35,-0.8256926749934745,0.84251968503937,1.0
GCN1,-0.985561919237093,0.49606299212598426,1.0
RPLP0,0.9892376116110411,0.4881889763779528,1.0
PXN,-1.0043927944299345,0.7716535433070866,1.0
COX6A1,0.08905630967457068,0.889763779527559,1.0
TRIAP1,-0.46320886319155985,0.7637795275590551,1.0
GATC,-0.4122321126890376,0.7637795275590551,1.0
SRSF9,2.1137674079251414,0.1968503937007874,1.0
DYNLL1,0.35622814851473183,0.7874015748031497,1.0
RNF10,0.2907459206500267,0.3779527559055118,1.0
POP5,-0.3126178102475502,0.6850393700787402,1.0
MLEC,0.4929993824642689,0.6220472440944882,1.0
SPPL3,-0.2053192965437658,0.968503937007874,1.0
C12orf43,0.2128751201534591,0.937007874015748,1.0
OASL,-1.9562516129798895,0.33070866141732286,1.0
CAMKK2,-1.9902010621647648,0.2440944881889764,1.0
ANAPC5,1.427312217249777,0.36220472440944884,1.0
RNF34,-1.7245052319324436,0.13385826771653545,1.0
ORAI1,-1.0852652092784716,0.5748031496062992,1.0
SETD1B,-0.9781376052083823,0.5039370078740157,1.0
MLXIP,1.5064578892930989,0.2047244094488189,1.0
VPS33A,2.109953376695776,0.11023622047244094,1.0
CLIP1,0.565868637454976,0.1732283464566929,1.0
ZCCHC8,-1.223661185919851,0.5433070866141733,1.0
RSRC2,-1.0450575759900556,0.7086614173228346,1.0
KNTC1,-0.13504419665682788,1.0,1.0
AC026333.3,-0.24775844056403873,0.8582677165354331,1.0
HCAR2,-0.04980460914925189,0.9212598425196851,1.0
HCAR3,-0.6502098561291518,0.5826771653543307,1.0
DENR,-0.3512512087905355,0.7086614173228346,1.0
HIP1R,-0.03812072553345036,1.0,1.0
VPS37B,-1.4541860983222836,0.3937007874015748,1.0
AC027290.2,0.38982257431419587,0.44881889763779526,1.0
MPHOSPH9,-1.6439322310958384,0.13385826771653545,1.0
C12orf65,-0.6486668895811529,0.5275590551181102,1.0
SBNO1,-0.8628735658524294,0.7244094488188977,1.0
KMT5A,1.5848676190015363,0.2755905511811024,1.0
RILPL2,-1.4323703726524268,0.84251968503937,1.0
SNRNP35,1.8501478250242531,0.14173228346456693,1.0
TMED2,-0.8687939130711646,0.8976377952755905,1.0
DDX55,-0.5144115873228472,0.6850393700787402,1.0
EIF2B1,-0.5735852746147974,0.6850393700787402,1.0
GTF2H3,-0.7166883473936367,0.5511811023622047,1.0
ATP6V0A2,1.3829045699548803,0.2125984251968504,1.0
CCDC92,0.7216993021064328,0.48031496062992124,1.0
ZNF664,2.210903846526979,0.07874015748031496,1.0
NCOR2,-1.7374961533573634,0.25196850393700787,1.0
UBC,0.22480575714961404,0.49606299212598426,1.0
BRI3BP,0.0663495604973463,1.0,1.0
SLC15A4,0.42251783064780035,0.7007874015748031,1.0
GLT1D1,-0.7790266254049012,0.8346456692913385,1.0
NLRP9P1,0.9704171781219486,0.31496062992125984,1.0
RAN,-0.4035587487467609,0.8818897637795275,1.0
SFSWAP,-0.5672743443405857,0.2992125984251969,1.0
ULK1,-1.8945138766488192,0.14960629921259844,1.0
EP400,0.9205983541995306,0.3858267716535433,1.0
EP400NL,-3.6816112967025325,0.03937007874015748,1.0
DDX51,-1.2025793188587106,0.23622047244094488,1.0
FBRSL1,-2.69935488468973,0.05511811023622047,1.0
ANKLE2,1.4681021039291862,0.3700787401574803,1.0
GOLGA3,-0.1890786670468252,0.905511811023622,1.0
CHFR,0.0964109187956188,0.8976377952755905,1.0
RPS11P5,-1.9002503067144918,0.1889763779527559,1.0
ZNF10,-1.267089579481253,0.4094488188976378,1.0
SETD8P1,-0.6883902257693679,0.6850393700787402,1.0
MPHOSPH8,-0.8062493249386877,0.8031496062992126,1.0
PSPC1,-1.2215983763199216,0.3464566929133858,1.0
ZMYM5,0.5735701802770183,0.4645669291338583,1.0
ZMYM2,-0.06714870280199925,0.952755905511811,1.0
GJB2,0.7342594071146316,0.7559055118110236,1.0
GJB6,-1.6737513949489715,0.5590551181102362,1.0
CRYL1,2.3390530998358794,0.1732283464566929,1.0
IFT88,-2.6128456271290323,0.08661417322834646,1.0
LATS2,-0.4663850351280887,0.8740157480314961,1.0
SAP18,0.13100448248858676,0.8661417322834646,1.0
MRPL57,0.27032815544942057,0.8661417322834646,1.0
ZDHHC20,0.40390456673471054,0.4094488188976378,1.0
MICU2,-1.0684412657267437,0.4409448818897638,1.0
RPS7P10,-0.7813286373032511,0.5511811023622047,1.0
FTH1P7,-1.1998451226087994,0.6220472440944882,1.0
SACS,-0.035047113517696626,0.9212598425196851,1.0
SPATA13,-0.47495073678391186,0.9291338582677166,1.0
PARP4,-0.10548836720395238,0.952755905511811,1.0
RPL34P27,-0.5752702594520693,0.5433070866141733,1.0
PABPC3,0.06584094035448373,0.968503937007874,1.0
MTMR6,-1.2115598915347539,0.6456692913385826,1.0
NUP58,-1.287703016225196,0.5826771653543307,1.0
RNF6,-3.148374918854838,0.031496062992125984,1.0
USP12,-0.31374845272550855,0.905511811023622,1.0
RPL21,0.8012709132608691,0.5984251968503937,1.0
GTF3A,-1.0833460151555534,0.48031496062992124,1.0
MTIF3,-1.4931033234944526,0.1968503937007874,1.0
LNX2,0.9135231300627857,0.5275590551181102,1.0
POLR1D,-0.7647125845149239,0.7795275590551181,1.0
ATP5EP2,-1.299488743066206,0.023622047244094488,1.0
PAN3,-1.9093815041308817,0.1889763779527559,1.0
FLT1,2.735836446578208,0.11023622047244094,1.0
POMP,0.07904694256661848,0.7716535433070866,1.0
SLC46A3,0.14342990724186855,0.9212598425196851,1.0
SLC7A1,0.7924380406887077,0.47244094488188976,1.0
UBL3,0.3159690760119407,0.6771653543307087,1.0
HMGB1,0.2452556009617055,0.7795275590551181,1.0
USPL1,-1.7248647460116993,0.2283464566929134,1.0
ALOX5AP,-2.0833479027159143,0.6692913385826772,1.0
HSPH1,0.30089484972637326,0.7165354330708661,1.0
EEF1DP3,-0.803691220995063,0.4881889763779528,1.0
FRY,-1.3184489806426205,0.4251968503937008,1.0
BRCA2,0.009239886279884812,1.0,1.0
N4BP2L1,0.7454395413700953,0.5275590551181102,1.0
N4BP2L2,-1.6729202994285428,0.4330708661417323,1.0
PDS5B,-0.7810123836625111,0.8661417322834646,1.0
SPART,-1.7543589669926827,0.33858267716535434,1.0
ALG5,0.5284929855775005,0.6535433070866141,1.0
SUPT20H,-0.8392073930436275,0.7401574803149606,1.0
CSNK1A1L,-1.082364485399448,0.4330708661417323,1.0
UFM1,0.4886968355059693,0.4330708661417323,1.0
PROSER1,-1.0879326807920198,0.41732283464566927,1.0
NHLRC3,-0.3145916039699277,0.8031496062992126,1.0
COG6,0.24903201210192472,0.9212598425196851,1.0
FOXO1,0.6983478325949983,0.5511811023622047,1.0
MRPS31,-0.2724706147214362,0.8818897637795275,1.0
ELF1,-0.721622656538468,0.4015748031496063,1.0
WBP4,-2.643147473321044,0.11023622047244094,1.0
CALM2P3,-0.7109935235580328,0.4330708661417323,1.0
KBTBD7,-0.5756430977047176,0.7165354330708661,1.0
MTRF1,-0.1774493815227739,1.0,1.0
NAA16,0.9098488910365119,0.5748031496062992,1.0
RGCC,0.918584748965591,0.7716535433070866,1.0
VWA8,0.21169172394548252,0.905511811023622,1.0
DGKH,0.0012491109581274085,1.0,1.0
AKAP11,-0.19384127529604966,0.8346456692913385,1.0
EPSTI1,-2.041795030627993,0.2992125984251969,1.0
DNAJC15,0.08790006739627998,1.0,1.0
CCDC122,1.2709420873033204,0.4094488188976378,1.0
LACC1,-2.010073325061456,0.09448818897637795,1.0
TSC22D1,1.2008805029784448,0.4094488188976378,1.0
GPALPP1,-0.5369558809918422,0.6220472440944882,1.0
GTF2F2,-2.36169271743139,0.11023622047244094,1.0
TPT1,0.08511979192813968,0.8818897637795275,1.0
TPT1-AS1,0.44419223291466814,0.7322834645669292,1.0
COG3,-0.2764026324890567,0.8818897637795275,1.0
ZC3H13,-0.48732883323302545,0.8740157480314961,1.0
LCP1,-0.6312717497331182,0.7795275590551181,1.0
RUBCNL,-0.6242522945256264,1.0,1.0
RNU2-6P,-0.16621595997486716,0.952755905511811,1.0
COX17P1,0.7006144749927657,0.6850393700787402,1.0
LRCH1,-0.011018560029903313,1.0,1.0
ESD,-0.19863205854628507,0.9763779527559056,1.0
NAP1L4P3,-0.6432241274607425,0.6850393700787402,1.0
SUCLA2,0.3817430371331971,0.8110236220472441,1.0
MED4,-1.433271530761647,0.2992125984251969,1.0
ITM2B,0.10943492438755875,0.8661417322834646,1.0
RB1,0.11771620256805537,0.937007874015748,1.0
LPAR6,-0.798512382371587,0.6141732283464567,1.0
RCBTB2,-1.5834932555846821,0.3858267716535433,1.0
FNDC3A,-0.5407382820137672,0.937007874015748,1.0
CDADC1,0.5585376733405258,0.7165354330708661,1.0
CAB39L,0.096801995981326,0.9606299212598425,1.0
SETDB2,-1.8460547936775389,0.11023622047244094,1.0
PHF11,-1.0091915239115874,0.09448818897637795,1.0
RCBTB1,-1.8304677021076516,0.10236220472440945,1.0
ARL11,0.6164955274375368,0.6377952755905512,1.0
EBPL,1.1868584281916825,0.33070866141732286,1.0
KPNA3,-1.0256378534366104,0.41732283464566927,1.0
SPRYD7,1.5123931543213445,0.4094488188976378,1.0
DLEU2,-2.108476468414388,0.07086614173228346,1.0
TRIM13,-0.023548379850565127,0.9763779527559056,1.0
RPL34P26,-0.19379040781140233,0.8818897637795275,1.0
RNASEH2B,-2.2182843818794358,0.05511811023622047,1.0
INTS6,-1.0866851374309023,0.6692913385826772,1.0
WDFY2,-0.6298624691212034,0.7559055118110236,1.0
DHRS12,2.0844154838428315,0.2047244094488189,1.0
FABP5P2,-0.13389167301277216,1.0,1.0
UTP14C,-1.7878651896567126,0.12598425196850394,1.0
VPS36,-1.5138533800434857,0.2047244094488189,1.0
CKAP2,-1.0427649845778912,0.4330708661417323,1.0
SUGT1,0.6242087347603178,0.6456692913385826,1.0
OLFM4,-5.823448779640448,0.05511811023622047,1.0
TDRD3,1.5540211421412513,0.33070866141732286,1.0
HNRNPA3P5,-0.11387488788443312,0.9212598425196851,1.0
ZDHHC20P4,1.4593115204876308,0.3700787401574803,1.0
DACH1,-0.5481378666737298,0.7637795275590551,1.0
H3F3BP1,-0.1284299898894019,1.0,1.0
MZT1,2.0983956561591737,0.10236220472440945,1.0
DIS3,0.5571691912751655,0.6062992125984252,1.0
PIBF1,-0.005676888003041114,1.0,1.0
KLF5,-0.9947165788498538,0.44881889763779526,1.0
FABP5P1,0.9823878501381369,0.6456692913385826,1.0
KLF12,-0.5781478977783365,0.6850393700787402,1.0
TBC1D4,-0.46141275683706606,0.6850393700787402,1.0
COMMD6,-0.847505353901921,0.16535433070866143,1.0
UCHL3,0.39330511237164534,0.8031496062992126,1.0
LMO7,1.127244230638055,0.5590551181102362,1.0
KCTD12,-1.000058887527104,0.5433070866141733,1.0
CLN5,-1.2780800906196885,0.3858267716535433,1.0
FBXL3,-2.5660802473809055,0.18110236220472442,1.0
MYCBP2,0.10352064596146171,0.84251968503937,1.0
SCEL,1.155521134286336,0.5984251968503937,1.0
RBM26,1.6458096401340905,0.25984251968503935,1.0
NDFIP2,0.6908642071938251,0.7086614173228346,1.0
PTMAP5,-0.9971612407445969,0.48031496062992124,1.0
DNAJC3-AS1,1.6537440382063817,0.2204724409448819,1.0
DNAJC3,-0.7320642795719792,0.9763779527559056,1.0
MBNL2,-0.016746156765096387,0.9921259842519685,1.0
RAP2A,0.4488422867661068,0.7795275590551181,1.0
IPO5,0.8512150477270302,0.48031496062992124,1.0
STK24,1.0748424487312662,0.48031496062992124,1.0
UBAC2,0.4153961369726815,0.8110236220472441,1.0
GPR18,-0.3072399663444231,0.7637795275590551,1.0
GPR183,2.255690103203779,0.047244094488188976,1.0
LINC01232,-0.16148390459610118,0.905511811023622,1.0
TM9SF2,-0.14949252208418962,0.8818897637795275,1.0
TPP2,-1.1440482706318011,0.33070866141732286,1.0
EFNB2,0.8327482906819728,0.41732283464566927,1.0
ARGLU1,0.015136679934010466,0.968503937007874,1.0
LIG4,0.5933850188192151,0.5433070866141733,1.0
ABHD13,-2.2462704083688627,0.1732283464566929,1.0
TNFSF13B,-0.6872384446590463,0.9212598425196851,1.0
IRS2,-0.91748023014945,0.968503937007874,1.0
COL4A1,2.859232241188425,0.07874015748031496,1.0
COL4A2,2.5024774754670083,0.11811023622047244,1.0
RAB20,2.2092788879351284,0.3858267716535433,1.0
NAXD,0.5850514101750943,0.6692913385826772,1.0
CARS2,-1.7360277359983485,0.33070866141732286,1.0
ING1,0.080471595574231,0.937007874015748,1.0
ANKRD10,-2.3913746057878136,0.11811023622047244,1.0
ANKRD10-IT1,1.53597281895256,0.1968503937007874,1.0
ARHGEF7,-0.8231226636415285,0.5748031496062992,1.0
TUBGCP3,-2.0113959846443437,0.1732283464566929,1.0
AL139384.1,-2.8570877627134816,0.015748031496062992,1.0
ATP11A,-1.6600957646408752,0.1889763779527559,1.0
PCID2,0.9365224997531107,0.41732283464566927,1.0
CUL4A,-1.095282794898854,0.3700787401574803,1.0
LAMP1,-0.44752817435708003,0.5275590551181102,1.0
DCUN1D2,-0.4197487158656773,0.7637795275590551,1.0
TMCO3,0.878151570636347,0.49606299212598426,1.0
TFDP1,-0.4088571911201271,0.6850393700787402,1.0
TMEM255B,1.2201091207484875,0.4094488188976378,1.0
RASA3,-0.10974269905323775,0.889763779527559,1.0
CDC16,-0.07503460086936586,0.9212598425196851,1.0
UPF3A,0.40322243842634053,0.7322834645669292,1.0
CHAMP1,-0.7788281585167429,0.49606299212598426,1.0
TTC5,-0.64917047161903,0.5590551181102362,1.0
CCNB1IP1,-0.39562256131061235,0.7637795275590551,1.0
TEP1,-1.7366911911009213,0.10236220472440945,1.0
OSGEP,-2.1530608749956075,0.12598425196850394,1.0
APEX1,1.360020084560443,0.25196850393700787,1.0
PIP4P1,-0.8743834272506721,0.031496062992125984,1.0
PNP,0.3113772465354101,0.7007874015748031,1.0
RNASE6,-0.3637017293956628,0.7559055118110236,1.0
RNASE3,-0.41437635220751723,0.84251968503937,1.0
RNASE2,-2.412260981144395,0.30708661417322836,1.0
METTL17,-0.05883580653621201,0.9212598425196851,1.0
NDRG2,1.5139064242274114,0.4645669291338583,1.0
ARHGEF40,1.056711224987211,0.5118110236220472,1.0
LINC00641,-0.8851807996606129,0.6141732283464567,1.0
HNRNPC,0.09617120685480351,0.8976377952755905,1.0
RPGRIP1,-0.9986185036149049,0.48031496062992124,1.0
SUPT16H,-1.0864923048424093,0.4015748031496063,1.0
CHD8,-0.5510402392652844,0.8661417322834646,1.0
RAB2B,-0.6260882085041022,0.6929133858267716,1.0
TOX4,1.384308095974415,0.41732283464566927,1.0
METTL3,-1.3819149762794252,0.2677165354330709,1.0
TRAC,-0.41457426486750926,0.9921259842519685,1.0
DAD1,0.14319572388547108,0.7716535433070866,1.0
ABHD4,-2.230210189192783,0.07874015748031496,1.0
OXA1L,-1.1091606408653623,0.5748031496062992,1.0
SLC7A7,-1.179753254499666,0.36220472440944884,1.0
MRPL52,0.3760264576312964,0.8661417322834646,1.0
MMP14,0.8044679802834114,0.7244094488188977,1.0
LRP10,-0.21814745172368966,0.8976377952755905,1.0
REM2,-0.639376142682432,0.8110236220472441,1.0
RBM23,-0.2241120749625889,0.6062992125984252,1.0
HAUS4,0.778111083398717,0.5905511811023622,1.0
C14orf93,-2.2502963348178455,0.09448818897637795,1.0
PSMB5,-1.0018052937666795,0.5433070866141733,1.0
ACIN1,-2.00034925155595,0.10236220472440945,1.0
C14orf119,0.33111602578517196,0.7165354330708661,1.0
CEBPE,-0.47744372361423926,0.7244094488188977,1.0
SLC7A8,-0.3854679707980313,0.84251968503937,1.0
PPP1R3E,-1.2008611121775212,0.3858267716535433,1.0
PABPN1,-0.18439426952348725,0.6850393700787402,1.0
NGDN,-1.57294064842054,0.28346456692913385,1.0
ZFHX2,1.9864802044385974,0.1732283464566929,1.0
PCK2,1.2486943971337214,0.29133858267716534,1.0
DCAF11,-0.3568204317745245,0.6062992125984252,1.0
PSME1,-0.4609616097041531,0.5275590551181102,1.0
PSME2,-0.45566041069546825,0.8582677165354331,1.0
AL136295.5,-1.6640664874070983,0.23622047244094488,1.0
IRF9,0.3900171265646353,0.8740157480314961,1.0
REC8,-2.555723310023331,0.10236220472440945,1.0
CHMP4A,1.040296109036952,0.44881889763779526,1.0
NEDD8,-0.5057390754993056,0.5118110236220472,1.0
GMPR2,-0.057997956937530404,0.9763779527559056,1.0
TINF2,0.09519613451579456,0.9212598425196851,1.0
TGM1,1.240311860903001,0.7244094488188977,1.0
DHRS1,-0.9668743025481548,0.5826771653543307,1.0
LTB4R,-2.5422588963112656,0.18110236220472442,1.0
ADCY4,1.7526859339575538,0.1889763779527559,1.0
RIPK3,-0.2793784760568918,0.9212598425196851,1.0
KHNYN,0.5244280813629048,0.6141732283464567,1.0
CMA1,1.2324643400098214,0.5669291338582677,1.0
CTSG,0.5275730246564739,0.84251968503937,1.0
GZMH,0.25243544787483163,0.8582677165354331,1.0
GZMB,-0.1386830346058674,0.8818897637795275,1.0
G2E3,-1.42339394537088,0.09448818897637795,1.0
SCFD1,1.0063993693825295,0.5039370078740157,1.0
STRN3,-0.9126538469472809,0.4881889763779528,1.0
HECTD1,0.09254247692423512,0.8976377952755905,1.0
HEATR5A,-0.17220821100673067,0.84251968503937,1.0
ARHGAP5,-0.609040351995827,0.7244094488188977,1.0
EGLN3,0.4914781179482475,0.7637795275590551,1.0
SPTSSA,1.1600013231831112,0.48031496062992124,1.0
EAPP,-1.2528352120374633,0.4015748031496063,1.0
SNX6,-1.740864504651766,0.2440944881889764,1.0
RPS19P3,0.3291823543097312,0.7401574803149606,1.0
CFL2,-0.6201414168227425,0.5118110236220472,1.0
BAZ1A,-0.33610891490373973,0.889763779527559,1.0
AL121603.2,-0.7269195796222414,0.6456692913385826,1.0
SRP54,1.0192948456059945,0.4645669291338583,1.0
FAM177A1,-0.1663201625026387,0.8267716535433071,1.0
PPP2R3C,-0.7708409805983658,0.7952755905511811,1.0
NFKBIA,-0.5307087056011923,0.8740157480314961,1.0
RALGAPA1,-0.4963412087228072,0.7244094488188977,1.0
PAX9,1.186052440378759,0.6062992125984252,1.0
SEC23A,-1.8497312036854083,0.14960629921259844,1.0
TRAPPC6B,-0.8491140596349522,0.5039370078740157,1.0
PNN,-0.8932992417785943,0.1732283464566929,1.0
CTAGE5,-1.074945401563471,0.7165354330708661,1.0
FBXO33,0.4598228785936609,0.7007874015748031,1.0
HNRNPUP1,0.576266308700363,0.49606299212598426,1.0
DOCK11P1,1.1680869493467232,0.4094488188976378,1.0
KLHL28,-0.44187588104563735,0.7480314960629921,1.0
PRPF39,-3.102381081310496,0.047244094488188976,1.0
FKBP3,-1.3336801606812572,0.1732283464566929,1.0
MIS18BP1,-1.0481263906117384,0.4881889763779528,1.0
RPS29,-0.07265143826990084,0.9448818897637795,1.0
LRR1,-0.28715751436704906,0.84251968503937,1.0
RPL36AL,0.39098711712923073,0.6062992125984252,1.0
DNAAF2,-2.38824706517613,0.047244094488188976,1.0
NEMF,-0.7186282042022798,0.905511811023622,1.0
ARF6,-0.1546916709967867,0.84251968503937,1.0
LINC01588,-0.7712781290315809,0.5669291338582677,1.0
VCPKMT,-0.8878279448363573,0.6929133858267716,1.0
SOS2,0.2018332345640026,0.84251968503937,1.0
ATP5S,-1.5196019428381446,0.2283464566929134,1.0
MAP4K5,0.19513605946216028,0.9212598425196851,1.0
SAV1,2.3709375777236343,0.03937007874015748,1.0
NIN,-1.4248397351786908,0.5905511811023622,1.0
AL606834.3,0.5022791732956855,0.6535433070866141,1.0
PYGL,-1.8264923746108108,0.4251968503937008,1.0
ABHD12B,0.020593591795645905,1.0,1.0
TMX1,-0.5136832455196298,0.7559055118110236,1.0
FRMD6,-1.1419452458723773,0.33070866141732286,1.0
GNG2,0.5599575564369639,0.6220472440944882,1.0
AL358333.2,-0.9664506635280221,0.29133858267716534,1.0
RTRAF,-1.4961834337852888,0.12598425196850394,1.0
PTGER2,-0.4918632498665234,0.7165354330708661,1.0
TXNDC16,-0.5712545491905321,0.5590551181102362,1.0
ERO1A,1.4097693447149497,0.47244094488188976,1.0
PSMC6,0.45709276648068853,0.6692913385826772,1.0
STYX,-1.7011214680792421,0.2283464566929134,1.0
DDHD1,-1.953685609069538,0.13385826771653545,1.0
CNIH1,0.3174027821240819,0.8267716535433071,1.0
GMFB,-0.643424581371993,0.6456692913385826,1.0
CGRRF1,0.04782028304677666,0.9763779527559056,1.0
GCH1,-1.1281853433201752,0.5826771653543307,1.0
SOCS4,-0.7858429609211868,0.5984251968503937,1.0
MAPK1IP1L,-0.9437043334941455,0.7559055118110236,1.0
LGALS3,-1.3763249297554792,0.5275590551181102,1.0
AL158801.5,-2.039388673992696,0.11023622047244094,1.0
FBXO34,0.8340853113369002,0.5511811023622047,1.0
ATG14,2.26792443716408,0.11811023622047244,1.0
KTN1,-0.19399873022275838,0.7716535433070866,1.0
AL138995.1,0.06669689091099906,1.0,1.0
PELI2,-0.9910743924248449,0.7401574803149606,1.0
TMEM260,-0.9904455689344629,0.5118110236220472,1.0
EXOC5,1.9976861762102995,0.2047244094488189,1.0
AP5M1,-0.42457710040353014,0.7401574803149606,1.0
NAA30,-1.5610829573841594,0.14173228346456693,1.0
ACTR10,0.6099802457042651,0.5433070866141733,1.0
PSMA3,-0.3180863132535796,0.6535433070866141,1.0
AL132989.1,0.41161042287266136,0.8346456692913385,1.0
PSMA3-AS1,-0.7578649008290776,0.06299212598425197,1.0
ARID4A,-0.600574336190201,0.44881889763779526,1.0
TIMM9,0.9245445353930339,0.4566929133858268,1.0
KIAA0586,-0.9155902850883779,0.48031496062992124,1.0
AL049873.1,-2.797262439264228,0.11023622047244094,1.0
DAAM1,2.1584390844879664,0.18110236220472442,1.0
JKAMP,1.756452111258516,0.07086614173228346,1.0
RTN1,0.11455180666877496,1.0,1.0
PCNX4,-2.4554152199720902,0.047244094488188976,1.0
DHRS7,-0.5118082212182573,0.30708661417322836,1.0
PPM1A,-1.314623856058308,0.6377952755905512,1.0
RBM8B,0.28376443110168603,0.8582677165354331,1.0
PRKCH,1.2047595892088738,0.2125984251968504,1.0
AL355916.1,1.4586341686033872,0.33070866141732286,1.0
HIF1A,0.1601452902374847,0.7480314960629921,1.0
HIF1A-AS2,2.0574829405136073,0.13385826771653545,1.0
SNAPC1,-0.09380297333399534,0.952755905511811,1.0
RHOJ,1.9179841448824497,0.1732283464566929,1.0
PPP2R5E,0.30697987053476883,0.7165354330708661,1.0
WDR89,-0.01056058064397547,1.0,1.0
HSPE1P2,1.0541767883234807,0.4881889763779528,1.0
SGPP1,-0.9786534405195519,0.44881889763779526,1.0
SYNE2,-0.851807751155472,0.2440944881889764,1.0
ZBTB25,0.5128592790888082,0.7086614173228346,1.0
ZBTB1,-1.6954154673668462,0.3228346456692913,1.0
HSPA2,-0.472816864880061,0.6929133858267716,1.0
PLEKHG3,-1.9024863769699807,0.18110236220472442,1.0
CHURC1,1.7285405381058805,0.2283464566929134,1.0
FNTB,1.034687920783043,0.5118110236220472,1.0
MAX,-0.7152208391594037,0.14960629921259844,1.0
FUT8,1.930771295254952,0.13385826771653545,1.0
YBX1P1,-1.0354325292630033,0.5354330708661418,1.0
MPP5,0.3819700228859828,0.49606299212598426,1.0
ATP6V1D,0.452347293462652,0.49606299212598426,1.0
EIF2S1,0.418657744447386,0.7244094488188977,1.0
VTI1B,-2.273024568274707,0.14173228346456693,1.0
RDH11,-0.2081572671928429,0.952755905511811,1.0
RAD51B,1.4625736743038076,0.2125984251968504,1.0
ZFP36L1,1.0712195623220726,0.36220472440944884,1.0
ACTN1,-0.2908595902451623,0.6299212598425197,1.0
DCAF5,0.0809280140378803,0.952755905511811,1.0
ERH,-0.7943090062912033,0.7480314960629921,1.0
SLC39A9,1.1352905357211913,0.3937007874015748,1.0
SUSD6,0.10603231927530388,0.9448818897637795,1.0
AL133445.2,0.23623960756561635,0.84251968503937,1.0
SRSF5,-0.6476036748313092,0.3700787401574803,1.0
RPL7AP6,-0.02506400928408592,0.9606299212598425,1.0
SYNJ2BP,-1.663791306799838,0.13385826771653545,1.0
MED6,-1.1353881129291494,0.4094488188976378,1.0
TTC9,1.3918538959020967,0.33070866141732286,1.0
MAP3K9,1.3279934788419188,0.33070866141732286,1.0
AC004816.1,0.038663703477057165,1.0,1.0
PCNX1,0.5309460991972657,0.4330708661417323,1.0
SIPA1L1,0.41364302708327205,0.29133858267716534,1.0
ZFYVE1,-0.6545478571171695,0.7322834645669292,1.0
RBM25,-0.6237577040967617,0.2125984251968504,1.0
PSEN1,-0.41400804434027894,0.25984251968503935,1.0
PAPLN,-0.2829622315702405,0.84251968503937,1.0
NUMB,-0.03411532169336606,0.9921259842519685,1.0
PNMA1,-0.0783514603580936,1.0,1.0
ELMSAN1,-1.2650551286627847,0.4645669291338583,1.0
LIN52,0.3088970461107614,0.8582677165354331,1.0
ABCD4,0.6832299133509006,0.4881889763779528,1.0
NPC2,-0.19659718195818332,0.6377952755905512,1.0
ISCA2,-0.2581943899091921,0.8582677165354331,1.0
AREL1,1.3615988358400282,0.2677165354330709,1.0
FCF1,-2.0526575680170525,0.1968503937007874,1.0
YLPM1,-1.4878267249154598,0.11023622047244094,1.0
DLST,1.1562303965591285,0.4409448818897638,1.0
EIF2B2,-1.5312187526769094,0.1732283464566929,1.0
NEK9,-1.1712963626797892,0.49606299212598426,1.0
TMED10,-0.18825735794786702,0.6299212598425197,1.0
FOS,-0.8486462618812336,0.48031496062992124,1.0
LINC01220,0.7126167642614099,0.6377952755905512,1.0
AF111167.2,-1.5293701956970716,0.13385826771653545,1.0
JDP2,-0.1896712209956144,0.9212598425196851,1.0
BATF,0.193729934649447,0.889763779527559,1.0
FLVCR2,1.2611272065394343,0.5669291338582677,1.0
AC007182.2,-1.2286259618713187,0.4251968503937008,1.0
TTLL5,0.4592225914306547,0.7165354330708661,1.0
ERG28,0.48849487315111606,0.6929133858267716,1.0
GPATCH2L,-1.3530281084771891,0.33070866141732286,1.0
VASH1,0.9949147237686744,0.5669291338582677,1.0
IRF2BPL,-0.08563776831585646,0.9291338582677166,1.0
AC007686.3,-1.580204681951408,0.11811023622047244,1.0
LINC02288,-0.8282676103549936,0.4881889763779528,1.0
LINC02289,0.025804502948070906,1.0,1.0
CIPC,0.42609411862561797,0.7637795275590551,1.0
TMED8,-0.018504200667001314,1.0,1.0
VIPAS39,-1.6936296788023293,0.29133858267716534,1.0
AHSA1,0.7512914404318947,0.5984251968503937,1.0
SPTLC2,-0.36663135418073045,0.8110236220472441,1.0
SLIRP,1.9766605875789294,0.25196850393700787,1.0
SNW1,-0.7353297550657878,0.8503937007874016,1.0
DIO2,0.1910352031544993,0.905511811023622,1.0
CEP128,-1.1396131052871687,0.41732283464566927,1.0
GTF2A1,-1.7053296270458338,0.06299212598425197,1.0
DYNLL1P2,-0.6990831120113541,0.8818897637795275,1.0
SEL1L,0.6042200370406814,0.3937007874015748,1.0
GALC,-0.4816711881553353,0.968503937007874,1.0
RNU6-835P,-0.007261488363760282,1.0,1.0
GPR65,-0.7672798938520877,0.9448818897637795,1.0
ZC3H14,-0.00756633191834899,1.0,1.0
FOXN3,-0.03918166006429402,1.0,1.0
TDP1,-2.3604164037556363,0.05511811023622047,1.0
NRDE2,-0.8975622970429833,0.4645669291338583,1.0
CALM1,-0.6149883524923805,0.49606299212598426,1.0
TTC7B,-1.0921741942346577,0.5354330708661418,1.0
RPS6KA5,-1.5817934224709749,0.3858267716535433,1.0
DGLUCY,-1.212379972447045,0.47244094488188976,1.0
GPR68,-0.34908418923978246,0.7637795275590551,1.0
AL135818.1,-0.5920047184207098,0.6692913385826772,1.0
AL135818.2,0.022243292449656282,1.0,1.0
CCDC88C,-0.6431521357355101,0.6850393700787402,1.0
PPP4R3A,-1.4143559773036287,0.4881889763779528,1.0
TC2N,-0.49425957348643923,0.6456692913385826,1.0
TRIP11,-0.7690132411321531,0.7401574803149606,1.0
ATXN3,-0.2338789223422162,0.905511811023622,1.0
NDUFB1,-1.0703679672596307,0.12598425196850394,1.0
CPSF2,0.5065799643183553,0.5748031496062992,1.0
SLC24A4,-0.9768096638101653,0.44881889763779526,1.0
RIN3,-0.5297981235849556,0.7559055118110236,1.0
GOLGA5,0.16915047830130403,0.8582677165354331,1.0
ITPK1,-1.859746527818006,0.11023622047244094,1.0
MOAP1,0.7205497795583975,0.6299212598425197,1.0
TMEM251,-0.3388129012176826,0.8110236220472441,1.0
GON7,-0.6884771932390017,0.5196850393700787,1.0
UBR7,0.024591798341861093,0.968503937007874,1.0
BTBD7,-0.2665035132063456,0.7322834645669292,1.0
DDX24,-1.0750020261691233,0.6220472440944882,1.0
IFI27,2.546258355952043,0.25196850393700787,1.0
IFI27L2,-1.034277279934403,0.41732283464566927,1.0
SERPINA1,-0.843271928247944,0.9606299212598425,1.0
DICER1,1.3347655388854287,0.6062992125984252,1.0
CLMN,0.22746183840357004,0.8582677165354331,1.0
SYNE3,-0.125184518331094,0.952755905511811,1.0
GLRX5,-1.5562081737614315,0.13385826771653545,1.0
ATG2B,-2.1038513241715693,0.15748031496062992,1.0
GSKIP,-2.599940909276995,0.07874015748031496,1.0
PAPOLA,-0.7024286838622604,0.33858267716535434,1.0
VRK1,-1.0760267271930126,0.4881889763779528,1.0
RPL3P4,0.3727006479496078,0.5669291338582677,1.0
BCL11B,0.2924548648640606,0.8346456692913385,1.0
SETD3,-1.4513923178908485,0.25984251968503935,1.0
CCNK,-0.2965311600514382,0.952755905511811,1.0
CCDC85C,-0.37672223800864113,0.7637795275590551,1.0
EVL,-0.9689312199243729,0.3700787401574803,1.0
YY1,-1.4900112782382102,0.47244094488188976,1.0
WARS,-2.136253761626859,0.1732283464566929,1.0
PPP2R5C,-0.03396250210473628,0.8503937007874016,1.0
AL118558.3,0.4121389918669476,0.7795275590551181,1.0
DYNC1H1,-0.8753511166188122,0.5511811023622047,1.0
HSP90AA1,-1.5679118401602778,0.07874015748031496,1.0
WDR20,-1.1526840114208112,0.33858267716535434,1.0
ZNF839,1.1243219787155283,0.4094488188976378,1.0
CINP,-1.3532102249474875,0.30708661417322836,1.0
TECPR2,-0.2971042869071203,0.8661417322834646,1.0
RCOR1,-0.4385916155544489,0.2125984251968504,1.0
TRAF3,-0.0642369253600652,0.952755905511811,1.0
TNFAIP2,-0.19871378100680026,0.84251968503937,1.0
NDUFB4P11,-1.7609407722609336,0.1889763779527559,1.0
EIF5,-0.3977072445856864,0.3464566929133858,1.0
MARK3,-0.6936042043263075,0.18110236220472442,1.0
CKB,1.823896114282285,0.44881889763779526,1.0
BAG5,-2.2920532586414333,0.05511811023622047,1.0
KLC1,-0.6392585779180511,0.7637795275590551,1.0
APOPT1,1.063243399421904,0.5196850393700787,1.0
AL049840.3,1.0475537442586584,0.44881889763779526,1.0
AL049840.4,-1.598561752059248,0.30708661417322836,1.0
ZFYVE21,0.4645604005470907,0.7637795275590551,1.0
PPP1R13B,1.9071305586226799,0.1732283464566929,1.0
C14orf2,-0.14768400809364834,0.7401574803149606,1.0
SIVA1,1.3805910290208576,0.3937007874015748,1.0
AKT1,-1.1076875129407737,0.5748031496062992,1.0
GPR132,-1.3879770956834472,0.41732283464566927,1.0
BTBD6,-2.3877721535854284,0.1968503937007874,1.0
CRIP2,1.6276621320139164,0.3543307086614173,1.0
IGHA2,2.749205792124806,0.2047244094488189,1.0
IGHG4,0.7428657340995075,0.8110236220472441,1.0
IGHG2,3.330457304159924,0.29133858267716534,1.0
IGHGP,-3.34911174877256,0.29133858267716534,1.0
IGHA1,-1.0044440324962496,0.6850393700787402,1.0
IGHG1,4.006242996187718,0.1889763779527559,1.0
IGHG3,2.8662886695122163,0.30708661417322836,1.0
IGHM,0.5634080217645385,0.7165354330708661,1.0
AC246787.1,0.28582514118672675,0.8188976377952756,1.0
IGHV3-7,2.265680368806087,0.3700787401574803,1.0
AC100757.1,2.6293219795986813,0.06299212598425197,1.0
HERC2P2,0.3376149657953711,0.7952755905511811,1.0
NIPA2,-0.565712782287755,0.6220472440944882,1.0
CYFIP1,2.163823012199407,0.07874015748031496,1.0
SNRPN,-0.09565828255612518,0.952755905511811,1.0
SNHG14,0.4265092135367945,0.7165354330708661,1.0
UBE3A,-1.2218924533063045,0.33858267716535434,1.0
HERC2,-2.298950349333252,0.09448818897637795,1.0
HERC2P9,-0.004819088845757991,1.0,1.0
NSMCE3,-0.24686381708526506,0.8346456692913385,1.0
TJP1,-0.00029090979820756147,1.0,1.0
HMGN2P5,-0.5508336593315346,0.8582677165354331,1.0
AC127502.2,-1.6495366438370818,0.2283464566929134,1.0
ARHGAP11B,0.17512154459175655,0.8818897637795275,1.0
AC087481.3,-0.19628451692208837,0.8582677165354331,1.0
MTMR10,0.17250800519781695,0.937007874015748,1.0
AC012236.1,1.0307602008062173,0.4881889763779528,1.0
KLF13,-1.396652216454179,0.2755905511811024,1.0
AC135983.2,0.3734533465952443,0.7795275590551181,1.0
ARHGAP11A,-0.12025370507306388,1.0,1.0
AVEN,2.033773177709753,0.1732283464566929,1.0
EMC7,-1.4988876620634306,0.25984251968503935,1.0
KATNBL1,1.0883668344363215,0.4251968503937008,1.0
EMC4,0.5122199113570769,0.44881889763779526,1.0
SLC12A6,-0.3827201583408666,0.9448818897637795,1.0
NOP10,-0.23430061798066504,0.5984251968503937,1.0
LPCAT4,0.9744842407212677,0.48031496062992124,1.0
GOLGA8A,0.28076354318319097,0.8582677165354331,1.0
GOLGA8B,-0.6940631809773872,0.6692913385826772,1.0
AQR,-0.23013887085771967,0.8818897637795275,1.0
ZNF770,0.6469679810485425,0.7637795275590551,1.0
ANP32AP1,-0.5954682065685715,0.6692913385826772,1.0
FAM98B,-1.358795710822956,0.25984251968503935,1.0
RASGRP1,-0.9918259780419025,0.5039370078740157,1.0
THBS1,0.4089415873413502,0.8110236220472441,1.0
EIF2AK4,-1.36648451039073,0.2755905511811024,1.0
SRP14,-0.1917027838182399,0.7165354330708661,1.0
PAK6,-0.8630352464731534,0.5669291338582677,1.0
PLCB2,-1.280498307805173,0.5039370078740157,1.0
AC020658.5,-1.7575535463550578,0.13385826771653545,1.0
INAFM2,1.9819317418352114,0.2755905511811024,1.0
IVD,0.08468206936287381,0.952755905511811,1.0
BAHD1,0.8556795687897234,0.5669291338582677,1.0
KNL1,-0.8523768590801275,0.5669291338582677,1.0
SPINT1,0.6854049849805128,0.7322834645669292,1.0
RHOV,2.040466263872963,0.28346456692913385,1.0
VPS18,-1.2459069372618798,0.3228346456692913,1.0
INO80,-0.16556091856121946,0.8582677165354331,1.0
CHP1,0.422783648004164,0.6850393700787402,1.0
OIP5-AS1,0.47061127046607076,0.6614173228346457,1.0
NUSAP1,-2.138853931546457,0.13385826771653545,1.0
NDUFAF1,-0.37166599074286655,0.7874015748031497,1.0
RTF1,-0.18801215601979315,0.8582677165354331,1.0
ELOCP2,-0.6729559158234772,0.5590551181102362,1.0
MGA,-0.09060433955959946,0.905511811023622,1.0
EHD4,1.4231570646518317,0.03937007874015748,1.0
VPS39,1.2671867800741383,0.2992125984251969,1.0
TMEM87A,0.006307029537045761,1.0,1.0
GANC,2.0155561166972835,0.14173228346456693,1.0
ZNF106,-1.2022352752310645,0.6220472440944882,1.0
SNAP23,1.3353574196154492,0.4566929133858268,1.0
LRRC57,-0.897941016751435,0.48031496062992124,1.0
TTBK2,-0.6637676795102576,0.49606299212598426,1.0
UBR1,0.22062639204723578,0.8582677165354331,1.0
CCNDBP1,-0.042345092434278975,0.8976377952755905,1.0
TGM7,-0.5205512732808357,0.7244094488188977,1.0
ADAL,-1.2850417607707767,0.4881889763779528,1.0
ZSCAN29,-1.1154816245955967,0.2755905511811024,1.0
TP53BP1,0.034986454859600835,1.0,1.0
PDIA3,-0.7876605952473152,0.8740157480314961,1.0
SERF2,-0.2998527863740543,0.6535433070866141,1.0
MFAP1,-0.19119030577985274,0.7795275590551181,1.0
CASC4,-0.8857803145019414,0.7244094488188977,1.0
CTDSPL2,0.5624820544837008,0.5590551181102362,1.0
EIF3J-AS1,-1.798259702520229,0.1732283464566929,1.0
EIF3J,-0.21061641607923853,0.6377952755905512,1.0
SPG11,-0.3637583484954008,0.7007874015748031,1.0
PATL2,-1.3312401005339978,0.4015748031496063,1.0
B2M,-0.306623509637026,0.8188976377952756,1.0
TRIM69,0.4824612285744676,0.5748031496062992,1.0
SORD,0.6759203903309472,0.84251968503937,1.0
DUOX2,1.2633692784870885,0.6456692913385826,1.0
GATM,-2.157204619758103,0.13385826771653545,1.0
SPATA5L1,0.09719855151764634,0.952755905511811,1.0
C15orf48,1.403480635047404,0.6614173228346457,1.0
AC025580.1,0.6920355439877697,0.7637795275590551,1.0
AC025580.2,2.0780103579356597,0.1732283464566929,1.0
SLC30A4,2.4568389208162937,0.07086614173228346,1.0
BLOC1S6,-1.1925150683575563,0.7086614173228346,1.0
SQOR,-0.7903616681221983,0.09448818897637795,1.0
SLC12A1,0.34513379570106184,0.937007874015748,1.0
DUT,-1.3236546639045308,0.4645669291338583,1.0
FBN1,1.2462967107396485,0.3700787401574803,1.0
EID1,-0.9933305183814021,0.6692913385826772,1.0
SECISBP2L,0.5362353661686914,0.7637795275590551,1.0
COPS2,-1.6970308131354344,0.2125984251968504,1.0
AC022306.1,-1.4665640705082754,0.14173228346456693,1.0
DTWD1,-0.7189189389735822,0.5748031496062992,1.0
ATP8B4,-2.029671534342887,0.29133858267716534,1.0
SLC27A2,-0.6624159094664772,0.6850393700787402,1.0
HDC,-1.9082554792046684,0.09448818897637795,1.0
GABPB1,-0.7930516215172538,0.6141732283464567,1.0
GABPB1-AS1,0.28357340979663537,0.8110236220472441,1.0
USP8,-0.9602290937635765,0.07874015748031496,1.0
TRPM7,0.35536392773598013,0.8110236220472441,1.0
SPPL2A,-1.2790285335796385,0.44881889763779526,1.0
AP4E1,0.08240577738316213,1.0,1.0
TNFAIP8L3,0.09821837116876941,0.9212598425196851,1.0
DMXL2,-1.4259582746502897,0.4409448818897638,1.0
LYSMD2,-0.4189495314299867,0.7795275590551181,1.0
TMOD2,-0.6791627735104058,0.6141732283464567,1.0
TMOD3,-0.32360008467101053,0.7007874015748031,1.0
LEO1,1.5289110822092007,0.1889763779527559,1.0
MAPK6,1.973483311660993,0.05511811023622047,1.0
AC090970.3,0.7470757947398328,0.5826771653543307,1.0
GNB5,1.0546011206738712,0.33070866141732286,1.0
MYO5A,-1.4731426360766333,0.3228346456692913,1.0
ARPP19,-0.5819434191132817,0.36220472440944884,1.0
FAM214A,-0.5079010060921272,0.44881889763779526,1.0
RSL24D1,0.6655097512917383,0.6220472440944882,1.0
RAB27A,-0.49532308412257997,0.5354330708661418,1.0
AC018926.2,0.023980473088994314,0.952755905511811,1.0
PIGBOS1,0.7303038021560928,0.5826771653543307,1.0
PIGB,-1.2673546679495535,0.33858267716535434,1.0
CCPG1,-1.8108744177557865,0.15748031496062992,1.0
RFX7,-0.5682721876369978,0.5511811023622047,1.0
ZNF280D,-0.5427064197754978,0.7165354330708661,1.0
TCF12,0.48642710262889066,0.7559055118110236,1.0
CGNL1,1.8599279913330382,0.1732283464566929,1.0
MYZAP,-0.20315123587525608,0.84251968503937,1.0
ALDH1A2,0.0843299102587971,0.952755905511811,1.0
AQP9,0.38077267609370047,0.7007874015748031,1.0
MTCO3P23,1.1284621915731647,0.2755905511811024,1.0
MTND3P12,1.423670445388583,0.25196850393700787,1.0
AC066616.2,0.8971414260590218,0.6692913385826772,1.0
MTND5P32,-0.5801296540877923,0.7637795275590551,1.0
MTCYBP23,1.6878532917931313,0.14960629921259844,1.0
ADAM10,1.6585486570582155,0.36220472440944884,1.0
MINDY2,-1.4396967962328575,0.07086614173228346,1.0
RNF111,-1.3444330647239338,0.2047244094488189,1.0
SLTM,-0.7370497674618237,0.4881889763779528,1.0
CCNB2,-0.3820540653639214,0.8818897637795275,1.0
MYO1E,0.03151950975842266,0.9212598425196851,1.0
GTF2A2,1.64484604353109,0.2047244094488189,1.0
BNIP2,-1.225896072175046,0.7874015748031497,1.0
RPS3AP6,-0.45541532834787635,0.5905511811023622,1.0
ANXA2,1.2717053280027786,0.33858267716535434,1.0
ICE2,0.8652512415274987,0.41732283464566927,1.0
RORA,0.9920771462284517,0.48031496062992124,1.0
VPS13C,-1.5764216538052116,0.2047244094488189,1.0
LACTB,-0.23972488722926144,0.5669291338582677,1.0
RPS27L,-0.17599866314224766,0.7480314960629921,1.0
RAB8B,-1.5681095760252983,0.5039370078740157,1.0
APH1B,0.6560391881935352,0.6456692913385826,1.0
AC007950.2,-0.30862641635514754,0.8346456692913385,1.0
USP3,-1.073393074658672,0.5275590551181102,1.0
HERC1,-1.0115766472222947,0.5748031496062992,1.0
DAPK2,0.5686454793595157,0.6220472440944882,1.0
FAM96A,-0.7075912499979591,0.7480314960629921,1.0
SNX1,-0.023846811121372546,0.984251968503937,1.0
PPIB,1.1772569747261619,0.23622047244094488,1.0
CSNK1G1,0.4516812293776944,0.6692913385826772,1.0
TRIP4,-1.1792873813187343,0.3464566929133858,1.0
ZNF609,-1.5886570025625741,0.2125984251968504,1.0
OAZ2,0.3143616123245927,0.6929133858267716,1.0
PLEKHO2,-0.3444590934785934,0.47244094488188976,1.0
ANKDD1A,-0.4052452419342263,0.7637795275590551,1.0
SPG21,-1.2154144093650832,0.031496062992125984,1.0
MTFMT,-0.26893725939756674,0.905511811023622,1.0
PDCD7,-0.2747451640091574,0.7874015748031497,1.0
CLPX,0.13951271856315284,0.8031496062992126,1.0
PARP16,-1.2091742288255607,0.30708661417322836,1.0
DPP8,-0.7389881044209989,0.2677165354330709,1.0
HACD3,-0.8625272221352915,0.5275590551181102,1.0
INTS14,1.9404356931221622,0.11023622047244094,1.0
DENND4A,-1.5191174337411946,0.31496062992125984,1.0
RAB11A,0.07671280780248946,0.9291338582677166,1.0
AC011939.1,-0.3740201947361619,0.6850393700787402,1.0
DIS3L,-1.3731460295666547,0.2047244094488189,1.0
MAP2K1,1.4587119750369606,0.3464566929133858,1.0
SNAPC5,0.015796875441775438,1.0,1.0
RPL4,-0.6509131789613711,0.4881889763779528,1.0
SMAD3,0.6502233225016498,0.6850393700787402,1.0
AAGAB,-0.10572559767233125,0.9291338582677166,1.0
C15orf61,0.6673116964325794,0.5590551181102362,1.0
PIAS1,-1.8173424132278209,0.2677165354330709,1.0
AC107871.1,-1.6021977909202316,0.2047244094488189,1.0
FEM1B,-1.0218957737342211,0.49606299212598426,1.0
ANP32A,-0.6592946906973101,0.9133858267716536,1.0
GLCE,-1.840945355167211,0.29133858267716534,1.0
PAQR5,0.5264821147373302,0.7322834645669292,1.0
RPLP1,0.7087785642927971,0.47244094488188976,1.0
TLE3,-0.6989500101859525,0.905511811023622,1.0
UACA,2.558914440509461,0.11811023622047244,1.0
HMGB1P6,-0.5382295973819833,0.6692913385826772,1.0
AC064799.1,-2.7004619902604925,0.05511811023622047,1.0
MYO9A,-0.770968513232635,0.5275590551181102,1.0
PKM,-0.30342647068184014,0.8661417322834646,1.0
PARP6,0.8176551669497298,0.5275590551181102,1.0
HEXA,-2.3861786916969736,0.10236220472440945,1.0
ARIH1,-1.174524625765037,0.7559055118110236,1.0
ADPGK,-1.5642216007690841,0.2992125984251969,1.0
NPTN,-0.10619005471302323,0.8582677165354331,1.0
PML,-1.7882083570812188,0.25196850393700787,1.0
UBL7,-0.6723787091849043,0.6850393700787402,1.0
ARID3B,-0.24868912867434112,0.7480314960629921,1.0
CLK3,-1.3909236125988564,0.4645669291338583,1.0
EDC3,-0.7830971191253935,0.5905511811023622,1.0
CSK,0.12238975888121484,0.8267716535433071,1.0
ULK3,0.5723659825920859,0.6299212598425197,1.0
SCAMP2,-0.23239734535630951,0.6220472440944882,1.0
FAM219B,0.8387512052981773,0.7244094488188977,1.0
COX5A,-1.075531501590441,0.6141732283464567,1.0
PPCDC,1.5503525518813142,0.3858267716535433,1.0
C15orf39,1.5578020887056345,0.3464566929133858,1.0
COMMD4,-2.39226578460919,0.09448818897637795,1.0
SIN3A,1.8920371733146162,0.047244094488188976,1.0
PTPN9,-0.23210422397108021,1.0,1.0
IMP3,1.2267149662841197,0.3228346456692913,1.0
UBE2Q2,-1.858365383796798,0.18110236220472442,1.0
ETFA,-0.6681502061174349,0.6535433070866141,1.0
SCAPER,1.3425316840305341,0.16535433070866143,1.0
RCN2,-1.8432906848107002,0.2125984251968504,1.0
PSTPIP1,-1.9417402823683827,0.2755905511811024,1.0
TSPAN3,-0.5453674954239718,0.44881889763779526,1.0
PEAK1,-2.2193494372679896,0.09448818897637795,1.0
HMG20A,-0.5229354933636956,0.7637795275590551,1.0
TBC1D2B,-0.8031872165747624,0.4881889763779528,1.0
DNAJA4,-1.7696203204271896,0.09448818897637795,1.0
WDR61,0.5862896334927904,0.7637795275590551,1.0
IREB2,0.056486275786212126,0.984251968503937,1.0
PSMA4,-1.4457627563024742,0.30708661417322836,1.0
MORF4L1,1.2766499581887638,0.6220472440944882,1.0
CTSH,0.3507779245755378,0.8582677165354331,1.0
TMED3,-0.34580180455771625,0.8740157480314961,1.0
MTHFS,-1.1534974304828278,0.4094488188976378,1.0
ST20,-0.19948749218110695,0.9606299212598425,1.0
AC015871.3,0.6287722570122201,0.7322834645669292,1.0
ST20-AS1,-0.4964109433976298,0.8110236220472441,1.0
BCL2A1,-0.15867323622900997,0.968503937007874,1.0
AC015871.5,-0.4811652772185382,0.8346456692913385,1.0
ZFAND6,-1.288247589229763,0.5590551181102362,1.0
ABHD17C,-0.18428028649007144,0.9291338582677166,1.0
MESD,0.526038509138731,0.6299212598425197,1.0
TLNRD1,1.5000039931436655,0.36220472440944884,1.0
IL16,-1.9463426231346106,0.33070866141732286,1.0
RPL9P9,-0.5383149126564648,0.5984251968503937,1.0
RPS17,-0.06944837343187249,0.905511811023622,1.0
WHAMM,-0.7389447596313374,0.5433070866141733,1.0
HOMER2,1.0185158264295715,0.7244094488188977,1.0
C15orf40,0.7428335108862509,0.6141732283464567,1.0
BTBD1,-0.14402900791269424,0.9212598425196851,1.0
TM6SF1,-1.0546986917568215,0.4015748031496063,1.0
HDGFL3,-0.05269161822863033,1.0,1.0
SH3GL3,-0.13096782616330405,0.9212598425196851,1.0
UBE2Q2P1,0.9670824769514608,0.49606299212598426,1.0
SEC11A,-1.6318137626873268,0.4015748031496063,1.0
ZNF592,-0.45345374335950117,0.6692913385826772,1.0
PDE8A,-0.4358501987056176,0.6850393700787402,1.0
AKAP13,-0.25482397257927847,0.6141732283464567,1.0
AC104046.1,0.16346242353502882,1.0,1.0
AEN,-0.6881425053141269,0.6062992125984252,1.0
ISG20,0.2141623127234462,0.8503937007874016,1.0
MFGE8,0.9770165250295041,0.33070866141732286,1.0
ABHD2,-1.3772939380968605,0.6771653543307087,1.0
FANCI,0.44031197514684783,0.7637795275590551,1.0
RHCG,2.019977664017005,0.28346456692913385,1.0
ANPEP,-1.5574254618535566,0.4566929133858268,1.0
AP3S2,-1.0118604365969976,0.4094488188976378,1.0
ARPIN,0.27774199217059237,0.9212598425196851,1.0
ZNF710,-1.478019544363124,0.29133858267716534,1.0
AC087284.1,-0.18924802667938856,0.8818897637795275,1.0
ZNF710-AS1,-0.11449333775514525,0.9212598425196851,1.0
IDH2,-0.34309887072756773,0.7795275590551181,1.0
SEMA4B,0.1867216874922777,0.84251968503937,1.0
CIB1,-0.5803019874558251,0.7165354330708661,1.0
IQGAP1,-0.27377578750158094,0.8110236220472441,1.0
CRTC3,0.7858500653830225,0.5433070866141733,1.0
BLM,-0.5834508968903918,0.6614173228346457,1.0
FURIN,0.46002066024005384,0.2755905511811024,1.0
FES,-0.9491432639112451,0.6692913385826772,1.0
MAN2A2,-0.3961930321381182,0.8582677165354331,1.0
UNC45A,-0.15847095106715603,1.0,1.0
SLCO3A1,0.23251364497339733,0.7952755905511811,1.0
AC116903.2,-1.9556039789604847,0.13385826771653545,1.0
AC091544.3,-0.925887653111109,0.4881889763779528,1.0
AC106028.3,0.9806229083726123,0.48031496062992124,1.0
LINC01578,-0.22614351874779093,0.5039370078740157,1.0
CHD2,0.3999444470609079,0.4015748031496063,1.0
LINC02207,-0.19509273202006083,0.8818897637795275,1.0
AC103996.2,-0.6019511035319192,0.49606299212598426,1.0
MCTP2,-0.43946976380950353,0.9606299212598425,1.0
NR2F2,2.449182869621312,0.07874015748031496,1.0
ARRDC4,2.008757327619098,0.07874015748031496,1.0
IGF1R,-0.9822776691932829,0.5433070866141733,1.0
LRRC28,-2.636311214806232,0.05511811023622047,1.0
HSP90B2P,0.790796826913708,0.6062992125984252,1.0
MEF2A,0.34196941171872464,0.4409448818897638,1.0
CERS3,1.1817141523516916,0.8818897637795275,1.0
AC027020.2,-0.2625079283395222,0.84251968503937,1.0
LINS1,-0.17178848243403633,0.9291338582677166,1.0
ASB7,-2.6224477994803252,0.06299212598425197,1.0
LRRK1,-0.3114973034972648,0.9291338582677166,1.0
AC019254.1,0.41741356376004046,0.7165354330708661,1.0
CHSY1,-0.6384171624465917,0.9448818897637795,1.0
SELENOS,-0.06797634041591483,0.9212598425196851,1.0
SNRPA1,-0.33550798142008853,0.8582677165354331,1.0
TM2D3,-2.2763254288673846,0.2677165354330709,1.0
TARSL2,-1.3250502587561832,0.2125984251968504,1.0
POLR3K,1.1816274670625968,0.4881889763779528,1.0
SNRNP25,-0.44906833444584004,0.6062992125984252,1.0
HBA2,-0.9364984408917327,0.6692913385826772,1.0
HBA1,-0.8628394152478192,0.6377952755905512,1.0
LUC7L,-1.8591360112470645,0.14173228346456693,1.0
FAM234A,0.190463074088274,1.0,1.0
AXIN1,-0.7787791717775927,0.7165354330708661,1.0
MRPL28,-1.1833363543546733,0.49606299212598426,1.0
TMEM8A,1.6697047802164087,0.2677165354330709,1.0
NME4,-0.09887279662622017,1.0,1.0
METTL26,-0.37327706564030394,0.84251968503937,1.0
RHOT2,-0.2980943200261841,0.8110236220472441,1.0
JMJD8,0.02807023270933473,1.0,1.0
TPSB2,1.4284532397310112,0.5748031496062992,1.0
TPSAB1,2.7030772414080877,0.18110236220472442,1.0
UBE2I,-1.4122576539175187,0.3464566929133858,1.0
GNPTG,-0.7787002679181964,0.44881889763779526,1.0
UNKL,-1.7868759107154895,0.09448818897637795,1.0
C16orf91,-1.0085745708282303,0.4094488188976378,1.0
CLCN7,-1.3253344426939044,0.30708661417322836,1.0
AL031600.2,-1.543351526546432,0.33070866141732286,1.0
CRAMP1,-0.09700732983486882,1.0,1.0
JPT2,0.18151365477519055,0.8740157480314961,1.0
MAPK8IP3,-0.5050340450541899,0.7637795275590551,1.0
MRPS34,0.49950866188688403,0.7795275590551181,1.0
NUBP2,-1.962646705552705,0.2440944881889764,1.0
HAGH,-0.5464907314369245,0.6929133858267716,1.0
FAHD1,-0.448314021950341,0.6850393700787402,1.0
MSRB1,-2.3587512032691533,0.11811023622047244,1.0
NDUFB10,0.9493621153106253,0.5905511811023622,1.0
RPS2,-0.41318817978245903,0.5275590551181102,1.0
SNHG9,-1.1176064413558855,0.4015748031496063,1.0
TSC2,-2.2270542783773752,0.14960629921259844,1.0
TRAF7,-0.6635669998598699,0.6850393700787402,1.0
PGP,-0.8609611286544787,0.5669291338582677,1.0
ECI1,0.46008866629539336,0.7637795275590551,1.0
RNPS1,1.308308292195079,0.3464566929133858,1.0
TBC1D24,0.43784375382227214,0.84251968503937,1.0
PDPK1,-1.990452224977382,0.15748031496062992,1.0
ERVK13-1,-0.5522849705210755,0.6062992125984252,1.0
KCTD5,0.6127943173732482,0.7086614173228346,1.0
PRSS27,1.273435761310954,0.6377952755905512,1.0
SRRM2,-0.2828453938873752,0.8031496062992126,1.0
ELOB,0.35265346280464094,0.7401574803149606,1.0
PRSS22,0.037931736557082374,0.9212598425196851,1.0
FLYWCH2,0.1476753484220399,1.0,1.0
AC004233.3,-1.3950217661522502,0.23622047244094488,1.0
TNFRSF12A,-0.6880588531913762,0.6062992125984252,1.0
HCFC1R1,-1.0378933577130214,0.5039370078740157,1.0
MMP25,-1.5935205400588721,0.6377952755905512,1.0
MMP25-AS1,-0.27432958507749095,0.7637795275590551,1.0
IL32,-0.21075714538562185,0.8818897637795275,1.0
AC108134.3,-0.5532003215495287,0.6850393700787402,1.0
ZNF213,0.33708698009248783,0.8582677165354331,1.0
ZNF200,-0.13633596953491978,0.9212598425196851,1.0
MEFV,-1.366779337309275,0.6692913385826772,1.0
LINC00921,-0.7140175984897459,0.6456692913385826,1.0
ZNF263,0.4410463216561158,0.6535433070866141,1.0
AJ003147.3,0.060638170833190896,0.9212598425196851,1.0
ZNF75A,-1.0457622680796208,0.44881889763779526,1.0
ZNF597,0.12867800875654134,0.968503937007874,1.0
NAA60,-1.3650884278125566,0.3937007874015748,1.0
DNASE1,-1.7188351543374045,0.2755905511811024,1.0
CREBBP,-0.1224287613469226,0.8503937007874016,1.0
CORO7,-0.91597688287542,0.5039370078740157,1.0
VASN,0.9389952385044772,0.7244094488188977,1.0
DNAJA3,1.7999436275806204,0.2125984251968504,1.0
NMRAL1,0.2644779492538012,0.84251968503937,1.0
HMOX2,0.48292011903761933,0.7637795275590551,1.0
CDIP1,-2.1400904146403126,0.09448818897637795,1.0
SUB1P3,0.11617086910188945,0.9291338582677166,1.0
UBALD1,2.0630615869012106,0.2283464566929134,1.0
MGRN1,0.8311397375910161,0.6220472440944882,1.0
NUDT16L1,1.4171054878269,0.29133858267716534,1.0
ROGDI,-0.9559990110597183,0.5669291338582677,1.0
GLYR1,0.33258718443114255,0.6692913385826772,1.0
UBN1,-1.7642487137275724,0.2992125984251969,1.0
PPL,1.6030025656740436,0.47244094488188976,1.0
METTL22,-1.997558824001969,0.09448818897637795,1.0
ABAT,-0.26253669556378867,0.8818897637795275,1.0
CARHSP1,0.08046865269848213,0.8976377952755905,1.0
USP7,0.5434475714785831,0.29133858267716534,1.0
C16orf72,1.0827840119486334,0.11811023622047244,1.0
ATF7IP2,0.9359236754577946,0.5275590551181102,1.0
EMP2,1.8380147477677566,0.1732283464566929,1.0
CLEC16A,-0.9816778247175797,0.4094488188976378,1.0
SOCS1,-1.729361263182084,0.09448818897637795,1.0
AC099489.1,1.6065698213336566,0.33858267716535434,1.0
LITAF,0.010149362572429155,0.9921259842519685,1.0
SNN,-0.6080463134253344,0.7795275590551181,1.0
TXNDC11,-1.5102050029266119,0.2755905511811024,1.0
AC007613.1,-0.2527588016018667,0.8582677165354331,1.0
ZC3H7A,-0.9176695453636761,0.11023622047244094,1.0
RSL1D1,-0.5676855040210307,0.7401574803149606,1.0
GSPT1,0.0543801617430244,0.8976377952755905,1.0
TNFRSF17,-0.09064819816972403,1.0,1.0
SNX29,-0.24570945107937892,0.9212598425196851,1.0
CPPED1,0.3111694488696646,0.7480314960629921,1.0
AC092324.1,-0.5941586858629182,0.6062992125984252,1.0
PARN,-2.134163316666698,0.1968503937007874,1.0
BFAR,-0.6184010384062493,0.7165354330708661,1.0
NOMO1,0.8482089160874988,0.3858267716535433,1.0
NPIPA1,-1.4256885962927437,0.30708661417322836,1.0
PDXDC1,-1.3908045376695386,0.3858267716535433,1.0
RRN3,0.9104478919979253,0.5039370078740157,1.0
NPIPP1,-0.35256990219100137,0.7637795275590551,1.0
C16orf45,-0.5344896675768687,0.7637795275590551,1.0
MARF1,0.7148642584015379,0.9133858267716536,1.0
NDE1,0.28530944188059504,0.6850393700787402,1.0
AC026401.3,1.0029434316018833,0.5275590551181102,1.0
MYH11,-1.2615181643691193,0.30708661417322836,1.0
AF001548.2,-0.6604905372570058,0.4330708661417323,1.0
FOPNL,-0.4260506012645111,0.7559055118110236,1.0
ABCC1,-1.1514669987352324,0.3700787401574803,1.0
XYLT1,0.6208278428791516,0.6535433070866141,1.0
RPS15A,-0.30917179237838965,0.6692913385826772,1.0
ARL6IP1,-0.5166488440809189,0.2992125984251969,1.0
SMG1,-1.2218331088796468,0.7401574803149606,1.0
COQ7,-0.5695406619695489,0.7874015748031497,1.0
GDE1,-2.287947752353745,0.2125984251968504,1.0
CCP110,-0.2656744315108588,0.7401574803149606,1.0
C16orf62,1.2781564316289986,0.2992125984251969,1.0
THUMPD1,-0.6345533187171695,0.5748031496062992,1.0
DCUN1D3,-0.12308346577059037,0.984251968503937,1.0
LYRM1,-1.1744513186528138,0.5590551181102362,1.0
TMEM159,-0.933625142430909,0.5826771653543307,1.0
METTL9,-0.8049294201458945,0.1889763779527559,1.0
AC005632.2,-1.0018063809430604,0.49606299212598426,1.0
IGSF6,-1.441008764000598,0.8188976377952756,1.0
RNU6-1005P,0.06512304170382177,0.968503937007874,1.0
RRN3P1,0.7739575101616285,0.4566929133858268,1.0
UQCRC2,-0.5176334722489666,0.7480314960629921,1.0
C16orf52,-2.7441749452879574,0.031496062992125984,1.0
EEF2K,1.8979977495046416,0.07874015748031496,1.0
CDR2,0.7496737696346509,0.5511811023622047,1.0
RRN3P3,0.9227417617690515,0.44881889763779526,1.0
COG7,-2.0153700665095955,0.09448818897637795,1.0
GGA2,-0.8811175695773334,0.4566929133858268,1.0
UBFD1,0.8982810851450729,0.5196850393700787,1.0
NDUFAB1,-0.13746379613081494,0.8976377952755905,1.0
DCTN5,-0.6917200496382456,0.6299212598425197,1.0
PRKCB,-1.6272523661998832,0.5433070866141733,1.0
RBBP6,-1.624343440970068,0.4094488188976378,1.0
TNRC6A,-1.1148623550765442,0.4330708661417323,1.0
ARHGAP17,-0.1739343285866113,0.9291338582677166,1.0
LCMT1,-0.7730061513307948,0.44881889763779526,1.0
HMGN2P3,-2.098737315491269,0.09448818897637795,1.0
NSMCE1,0.10601595415204357,1.0,1.0
FLJ21408,1.115719403618094,0.44881889763779526,1.0
AC106739.1,0.3805521128040342,1.0,1.0
IL4R,0.4190345775968929,0.5905511811023622,1.0
IL21R,-0.03315745543540727,1.0,1.0
GTF3C1,-0.10697144855210583,0.8818897637795275,1.0
KIAA0556,-1.8564128425225697,0.14960629921259844,1.0
XPO6,-1.1629973414229386,0.8503937007874016,1.0
TPRKBP2,0.19384226585032427,0.84251968503937,1.0
GAPDHP35,-1.7367501975850959,0.29133858267716534,1.0
CLN3,-0.471744362314082,0.6062992125984252,1.0
APOBR,-1.2643884717938914,0.5433070866141733,1.0
IL27,1.182462709287951,0.44881889763779526,1.0
SGF29,-0.867600828762821,0.4330708661417323,1.0
SULT1A1,-3.440904979323063,0.07086614173228346,1.0
ATXN2L,-2.1618557606864464,0.13385826771653545,1.0
TUFM,0.6201908877365971,0.7007874015748031,1.0
NFATC2IP,-1.870489138231019,0.2440944881889764,1.0
SMG1P2,-0.038577199899425985,0.968503937007874,1.0
SPN,-0.9678501360122764,0.5905511811023622,1.0
QPRT,-0.35544929338113596,0.7637795275590551,1.0
C16orf54,-0.7835979108294602,0.07086614173228346,1.0
KIF22,-0.07582724474055436,0.952755905511811,1.0
MVP,0.5783347760360771,0.7480314960629921,1.0
CDIPT,-0.24328131784349694,0.31496062992125984,1.0
KCTD13,1.36040550824631,0.2677165354330709,1.0
TMEM219,-0.8854664158642853,0.2047244094488189,1.0
TAOK2,-0.6016981635517773,0.6692913385826772,1.0
HIRIP3,0.47474167668130063,1.0,1.0
ALDOA,0.20327795816633465,0.8267716535433071,1.0
PPP4C,0.6007326932572603,0.3464566929133858,1.0
YPEL3,-0.31136134173091534,0.44881889763779526,1.0
AC012645.1,0.5707215120257181,0.7165354330708661,1.0
GDPD3,-2.390216624479609,0.09448818897637795,1.0
MAPK3,-1.3928488076422703,0.49606299212598426,1.0
CORO1A,-2.145098382932839,0.36220472440944884,1.0
CD2BP2,-0.08334742282614993,0.9448818897637795,1.0
TBC1D10B,-1.3696877263566005,0.36220472440944884,1.0
DCTPP1,-0.5228800319474531,0.6062992125984252,1.0
SEPHS2,-0.5920907637250421,0.3700787401574803,1.0
ITGAL,-2.1264432632013097,0.11811023622047244,1.0
ZNF764,-1.0690484689516688,0.3858267716535433,1.0
ZNF688,-0.19865805394006064,0.9212598425196851,1.0
PRR14,-0.6873927546353951,0.6456692913385826,1.0
FBRS,-1.2088402941444922,0.31496062992125984,1.0
PHKG2,-3.8031313531219815,0.031496062992125984,1.0
BCL7C,-1.9597433922809493,0.09448818897637795,1.0
ORAI3,-1.9739513015030312,0.13385826771653545,1.0
STX4,-1.1875532954213144,0.5748031496062992,1.0
AC135050.3,-1.4427205184539325,0.29133858267716534,1.0
ZNF646,-2.468179882179342,0.09448818897637795,1.0
VKORC1,0.28710105671294883,0.8818897637795275,1.0
BCKDK,-1.5692068446235488,0.25196850393700787,1.0
KAT8,0.6878611316082544,0.5669291338582677,1.0
AC135050.5,1.8309549107992662,0.1732283464566929,1.0
AC135050.6,0.17068888132814397,0.8740157480314961,1.0
FUS,-0.018700091738626412,0.984251968503937,1.0
PYCARD,-0.724155564568826,0.7480314960629921,1.0
ITGAM,-1.7881423486237926,0.4566929133858268,1.0
ITGAX,1.2950228822615655,0.3543307086614173,1.0
ARMC5,0.11606373120825664,0.9448818897637795,1.0
AC106730.1,2.2354014652306073,0.1732283464566929,1.0
ZNF720,-1.606267540632972,0.09448818897637795,1.0
AC034105.2,-0.7428565266733675,0.5590551181102362,1.0
ZNF267,0.12888641042521698,0.8976377952755905,1.0
BCLAF1P2,1.4719886036618468,0.2992125984251969,1.0
VPS35,0.061887388013366795,0.937007874015748,1.0
C16orf87,2.065216675572478,0.14173228346456693,1.0
DNAJA2,-0.8945355789143647,0.8031496062992126,1.0
ITFG1,-1.5187380305790936,0.2755905511811024,1.0
PHKB,-0.6031239181440795,0.7007874015748031,1.0
NDUFA5P11,-1.6407584036348042,0.29133858267716534,1.0
LONP2,-1.5567355549850563,0.31496062992125984,1.0
SIAH1,-1.072654822494305,0.3858267716535433,1.0
N4BP1,-0.7950069624234262,1.0,1.0
AC026470.3,0.9646314075341618,0.44881889763779526,1.0
CNEP1R1,0.4126030159651992,0.8267716535433071,1.0
PAPD5,-0.8534824889384751,0.7007874015748031,1.0
BRD7,-1.7946103295480267,0.13385826771653545,1.0
AC007608.3,0.038663703477057165,1.0,1.0
SNX20,-1.3750468841536847,0.4094488188976378,1.0
NOD2,-0.5451811229821111,0.7165354330708661,1.0
AC007728.2,-0.20568938562600803,0.9212598425196851,1.0
CYLD,-1.4051079848965342,0.6771653543307087,1.0
HNRNPA1P48,-0.023609605544539836,0.984251968503937,1.0
AC026462.1,-1.2502369408848901,0.5826771653543307,1.0
CHD9,0.27679578576525543,0.8661417322834646,1.0
AC007342.3,-0.39004385476568704,0.7165354330708661,1.0
AC007342.5,-1.0516474851744744,0.4645669291338583,1.0
AC007342.9,-0.12820251992402465,0.9212598425196851,1.0
RBL2,-1.5400603899546779,0.23622047244094488,1.0
AKTIP,-0.631387164915135,0.6062992125984252,1.0
FTO,0.7009967460261965,0.4645669291338583,1.0
IRX3,1.6726360101146258,0.4094488188976378,1.0
CRNDE,0.2637089757201898,0.84251968503937,1.0
MMP2,1.7725983622166366,0.3228346456692913,1.0
LPCAT2,-1.863875907107115,0.2992125984251969,1.0
CAPNS2,1.4988609357613747,0.5669291338582677,1.0
AMFR,-0.6288417482210491,0.7480314960629921,1.0
NUDT21,-1.1366737881350342,0.4566929133858268,1.0
OGFOD1,-1.1283114130847829,0.33858267716535434,1.0
BBS2,-0.3214009828272848,0.8267716535433071,1.0
MT2A,-3.4374350820129638,0.10236220472440945,1.0
MT1E,-0.6286432811714451,0.7244094488188977,1.0
MT1F,-2.6435044426514263,0.05511811023622047,1.0
MT1X,-0.3450682932187512,0.8267716535433071,1.0
HERPUD1,-0.34514390758555535,0.7795275590551181,1.0
NLRC5,-1.1554180638723386,0.5590551181102362,1.0
CPNE2,-3.138492158961953,0.11811023622047244,1.0
FAM192A,0.4503996754644186,0.28346456692913385,1.0
RSPRY1,-1.0307800409414911,0.5275590551181102,1.0
CIAPIN1,-1.3119212631747796,0.18110236220472442,1.0
COQ9,-0.07322639229699157,1.0,1.0
POLR2C,-1.2525827989004075,0.3779527559055118,1.0
DOK4,1.7018986466183517,0.33070866141732286,1.0
ADGRG1,1.760364500589087,0.05511811023622047,1.0
ADGRG3,-0.9435703330535059,0.9921259842519685,1.0
AC018552.2,1.5388947374305988,0.2677165354330709,1.0
KATNB1,-0.5965626179875723,0.7637795275590551,1.0
KIFC3,0.8037374550618788,0.5748031496062992,1.0
ZNF319,0.6198455912612495,0.6456692913385826,1.0
USB1,1.027819570300223,0.5118110236220472,1.0
CFAP20,-0.6830636671901726,0.6299212598425197,1.0
CSNK2A2,0.8307745484552473,0.6062992125984252,1.0
NDRG4,0.667162426073562,0.7165354330708661,1.0
CNOT1,2.34557963943195,0.10236220472440945,1.0
GOT2,-0.10737492593999298,0.9212598425196851,1.0
RPS27AP16,-0.6943836688441003,0.4566929133858268,1.0
TK2,-0.032179248042786046,0.937007874015748,1.0
CKLF,-0.40456493463614085,0.6929133858267716,1.0
CMTM2,0.4949448609686158,0.5590551181102362,1.0
CMTM3,-1.5751521061040332,0.2677165354330709,1.0
DYNC1LI2,-0.44613966683730233,0.5669291338582677,1.0
RRAD,0.401484746048666,0.7244094488188977,1.0
FAM96B,-0.3188677775329607,0.8582677165354331,1.0
CES2,-1.8724398550175378,0.29133858267716534,1.0
CBFB,-0.263395173184068,0.7086614173228346,1.0
TRADD,-1.0732263513052431,0.3700787401574803,1.0
E2F4,-0.20095085239311938,0.9212598425196851,1.0
TMEM208,-0.3100929489011395,0.8346456692913385,1.0
FHOD1,-1.63368304034618,0.30708661417322836,1.0
ATP6V0D1,0.11188455690388821,0.9133858267716536,1.0
AC009061.2,-1.1985278384085827,0.4881889763779528,1.0
RIPOR1,0.1732798026577118,0.8740157480314961,1.0
CTCF,1.3617638809977235,0.30708661417322836,1.0
GFOD2,-1.2978440563108284,0.4409448818897638,1.0
RANBP10,-1.792119560547833,0.09448818897637795,1.0
THAP11,-1.1156530993364437,0.33858267716535434,1.0
NUTF2,0.5086186073251051,0.4015748031496063,1.0
DPEP2,-0.4152202740982327,0.48031496062992124,1.0
DUS2,0.017093887713561573,1.0,1.0
NFATC3,-1.4214025026856127,0.29133858267716534,1.0
SLC7A6,0.9669162102213913,0.3700787401574803,1.0
SMPD3,-0.14875675124373244,0.9212598425196851,1.0
CHTF8,-0.7032563402863778,0.6929133858267716,1.0
UTP4,-1.201295656533237,0.3700787401574803,1.0
SNTB2,-3.4482051514800527,0.031496062992125984,1.0
VPS4A,-1.951687206365127,0.09448818897637795,1.0
COG8,0.49464859138545825,0.7637795275590551,1.0
NIP7,-0.5390432795311657,0.6141732283464567,1.0
TERF2,-1.6824073138723814,0.12598425196850394,1.0
CYB5B,0.11030034589180593,0.905511811023622,1.0
NFAT5,0.26065641079047275,0.6141732283464567,1.0
WWP2,-1.4432605131343488,0.48031496062992124,1.0
PDPR,0.19518022602182772,1.0,1.0
EXOSC6,0.4645472585462225,0.7480314960629921,1.0
AARS,0.5415404188230482,0.7480314960629921,1.0
DDX19A,-0.6418386029693792,0.6299212598425197,1.0
ST3GAL2,-0.26174699481121877,0.8188976377952756,1.0
FUK,1.3275535657037294,0.3700787401574803,1.0
SF3B3,0.22927006867029842,0.8740157480314961,1.0
AP1G1,-1.0433904172634803,0.905511811023622,1.0
ATXN1L,1.0069103516593745,0.5196850393700787,1.0
IST1,0.001081419262557226,0.984251968503937,1.0
HP,-2.54390670337784,0.25196850393700787,1.0
DHX38,1.0485782780164015,0.33070866141732286,1.0
ZFHX3,1.357274193396972,0.4094488188976378,1.0
PSMD7,-0.2784074858305745,0.8267716535433071,1.0
GLG1,0.9224520018151026,0.7322834645669292,1.0
RFWD3,-0.7775089397316086,0.5433070866141733,1.0
MLKL,-1.12208760000164,0.8346456692913385,1.0
WDR59,0.986908267680493,0.48031496062992124,1.0
ZNRF1,0.5506008916962952,0.7401574803149606,1.0
CFDP1,-0.11354202968393778,0.9133858267716536,1.0
TMEM170A,-0.09566478948501977,0.937007874015748,1.0
GABARAPL2,-0.8849141860067853,0.07874015748031496,1.0
ADAT1,-1.32208556656733,0.33858267716535434,1.0
KARS,0.5609899371315406,0.5669291338582677,1.0
TERF2IP,-1.7257800447350577,0.3464566929133858,1.0
MON1B,-0.1549967904517704,0.905511811023622,1.0
MAF,0.4979642128285455,0.6692913385826772,1.0
CDYL2,0.2632038822217706,0.84251968503937,1.0
CMC2,-1.2077411506210383,0.33070866141732286,1.0
ATMIN,-0.08135136026921774,0.968503937007874,1.0
GAN,2.2664058497453743,0.3700787401574803,1.0
CMIP,-0.6468075988870039,0.4330708661417323,1.0
AC099524.1,-0.592056493152799,0.8110236220472441,1.0
PLCG2,-1.210321192515666,0.7322834645669292,1.0
MPHOSPH6,0.32269614875249397,0.8110236220472441,1.0
HSBP1,0.17863049069871906,0.8267716535433071,1.0
NECAB2,-0.931769943397309,0.5275590551181102,1.0
MBTPS1,-2.8139972452600848,0.023622047244094488,1.0
HSDL1,-0.9929234255327671,0.2755905511811024,1.0
TAF1C,0.9007988713888206,0.48031496062992124,1.0
COTL1,-0.7466023713613907,0.6141732283464567,1.0
KLHL36,-1.9949684911814325,0.2047244094488189,1.0
USP10,0.32670358824874235,0.5905511811023622,1.0
CRISPLD2,-0.7387607889363377,0.952755905511811,1.0
ZDHHC7,-0.4004217195324862,0.6692913385826772,1.0
KIAA0513,-0.8604199198870024,0.6062992125984252,1.0
GSE1,-0.756055676287283,0.6220472440944882,1.0
EMC8,-0.7075340873936993,0.6614173228346457,1.0
COX4I1,-0.4502996425274368,0.4881889763779528,1.0
IRF8,-0.012907840319462904,1.0,1.0
MAP1LC3B,-0.38485325821009475,0.7086614173228346,1.0
ZCCHC14,-1.5227219238853666,0.31496062992125984,1.0
SLC7A5,2.5861136258258743,0.12598425196850394,1.0
BANP,-0.6422830162188582,0.9291338582677166,1.0
ZC3H18,0.5417383700569474,0.6692913385826772,1.0
CYBA,-0.5840602651620781,0.7874015748031497,1.0
MVD,0.12811553514292195,0.9212598425196851,1.0
RNF166,-3.71018154565723,0.031496062992125984,1.0
PIEZO1,0.21874055194159658,0.9606299212598425,1.0
APRT,1.120302857784493,0.4015748031496063,1.0
GALNS,-0.5811285007947884,0.7244094488188977,1.0
TRAPPC2L,1.1974057538175513,0.4330708661417323,1.0
CBFA2T3,-0.2330867355560522,0.9212598425196851,1.0
AC009113.1,-1.8560246719845412,0.09448818897637795,1.0
ANKRD11,-1.0847125330042937,0.8188976377952756,1.0
SPG7,0.452337533802984,0.7637795275590551,1.0
RPL13,0.08654093356347126,0.937007874015748,1.0
CHMP1A,-0.3890715647433236,0.5905511811023622,1.0
CDK10,0.2508571635169652,0.8110236220472441,1.0
SPATA2L,0.6987204578458467,0.6850393700787402,1.0
VPS9D1,0.5648997829569691,0.7322834645669292,1.0
VPS9D1-AS1,0.47408628529033336,0.7637795275590551,1.0
ZNF276,-0.5051182190764045,0.8582677165354331,1.0
TCF25,-0.7069858073494508,0.1889763779527559,1.0
DEF8,-0.7491277876296811,0.8031496062992126,1.0
AFG3L1P,-0.20368024816405028,0.905511811023622,1.0
DBNDD1,0.4387822344472756,0.7244094488188977,1.0
FAM157C,-0.20418339158095078,0.84251968503937,1.0
DOC2B,1.1443237975493097,0.44881889763779526,1.0
RFLNB,-1.5856861982094035,0.5039370078740157,1.0
VPS53,-2.8370187370396316,0.05511811023622047,1.0
GLOD4,1.2016629864825563,0.4094488188976378,1.0
TIMM22,-0.11629307915286113,1.0,1.0
YWHAE,0.3742665282867854,0.5590551181102362,1.0
CRK,-0.036233155598048405,0.968503937007874,1.0
MYO1C,0.39888481043729085,0.84251968503937,1.0
INPP5K,0.36022740057801483,0.7007874015748031,1.0
PITPNA,-1.0108758791806265,0.84251968503937,1.0
SLC43A2,-0.5984316548410762,0.9291338582677166,1.0
SCARF1,-0.09128844114617252,0.9448818897637795,1.0
RILP,-0.08550784898491659,1.0,1.0
PRPF8,-2.0669001421992936,0.1889763779527559,1.0
TLCD2,0.08040253062232816,0.937007874015748,1.0
MIR22HG,-0.8856264561665155,0.8818897637795275,1.0
SERPINF1,-1.346123964963569,0.3700787401574803,1.0
RPA1,0.8184322544514409,0.48031496062992124,1.0
DPH1,0.7362067821813156,0.6220472440944882,1.0
AC090617.6,0.5555340548704848,0.7637795275590551,1.0
HIC1,-0.10866419717776554,0.9212598425196851,1.0
SMG6,-0.7907822991946168,0.5669291338582677,1.0
SGSM2,-1.3947436379672182,0.4094488188976378,1.0
MNT,0.27707156288194446,0.7637795275590551,1.0
METTL16,-0.8054837193701379,0.5590551181102362,1.0
PAFAH1B1,-0.43073081783171663,0.2283464566929134,1.0
RAP1GAP2,1.52715984854449,0.2992125984251969,1.0
CTNS,-0.3893493547355771,0.84251968503937,1.0
TAX1BP3,2.088650059880648,0.1968503937007874,1.0
ITGAE,-0.8293940456937148,0.5984251968503937,1.0
NCBP3,-1.081944257710198,0.5590551181102362,1.0
CAMKK1,-1.8738371204761881,0.11023622047244094,1.0
P2RX1,-0.41105315129342834,0.6850393700787402,1.0
ATP2A3,-1.2516472487829047,0.5196850393700787,1.0
ZZEF1,-0.6117906247136329,0.7165354330708661,1.0
CYB5D2,0.12509572300243077,0.9212598425196851,1.0
ANKFY1,0.42537226300012154,0.7637795275590551,1.0
UBE2G1,0.49718633628739184,0.4645669291338583,1.0
SPNS2,0.9381292458727205,0.5669291338582677,1.0
TXNP4,-0.14017246039359232,0.889763779527559,1.0
PELP1,0.08373142923620991,1.0,1.0
ARRB2,0.052384860909755915,0.9448818897637795,1.0
MED11,0.9612344133258164,0.5669291338582677,1.0
CXCL16,0.4885799529579016,0.8740157480314961,1.0
ZMYND15,-0.1755165433218897,1.0,1.0
AC233723.2,1.311685650091562,0.33070866141732286,1.0
PSMB6,0.8383192789598399,0.1889763779527559,1.0
PLD2,2.989178259164441,0.047244094488188976,1.0
MINK1,0.3419671597561842,0.8582677165354331,1.0
CHRNE,1.7383852475568669,0.15748031496062992,1.0
C17orf107,0.4753558308233521,0.7637795275590551,1.0
GP1BA,-0.44505992360009805,0.7637795275590551,1.0
SLC25A11,-0.7468151309748361,0.1889763779527559,1.0
RNF167,-0.24571436922985868,0.5039370078740157,1.0
PFN1,-0.3595206806153204,0.7244094488188977,1.0
ENO3,1.0228247816296112,0.33070866141732286,1.0
SPAG7,-0.061138807257904215,1.0,1.0
CAMTA2,1.2670555539465607,0.2992125984251969,1.0
KIF1C,-0.9048767085005274,0.6456692913385826,1.0
RABEP1,-1.729664518996326,0.06299212598425197,1.0
NUP88,0.14058726243569097,1.0,1.0
RPAIN,-0.9254538408812385,0.6062992125984252,1.0
DERL2,0.2867658699741593,0.8267716535433071,1.0
MIS12,0.3293200227124986,0.8267716535433071,1.0
NLRP1,-0.918851706282287,0.6535433070866141,1.0
TXNDC17,-0.03377519236716786,0.984251968503937,1.0
MED31,-0.22386400734781398,0.9291338582677166,1.0
XAF1,-0.9246143720217543,0.5748031496062992,1.0
ALOX12-AS1,-2.6554443933794074,0.07086614173228346,1.0
AC040977.1,0.15327656297301528,0.905511811023622,1.0
ALOX12,1.3766782309314176,0.5118110236220472,1.0
RNASEK,2.5437068117027923,0.08661417322834646,1.0
C17orf49,0.4041298927809449,0.7637795275590551,1.0
ACADVL,0.14571915582754258,0.8582677165354331,1.0
DVL2,-2.016415031374458,0.07874015748031496,1.0
PHF23,0.8316397336786929,0.5748031496062992,1.0
CTDNEP1,-1.6512750678418748,0.3700787401574803,1.0
ELP5,0.4745070137549816,0.6377952755905512,1.0
CLDN7,-0.2164911492051842,0.8818897637795275,1.0
EIF5A,0.827392588003864,0.5984251968503937,1.0
ACAP1,-1.8640532351183676,0.23622047244094488,1.0
TMEM256,1.6566177301950944,0.11811023622047244,1.0
ZBTB4,0.3290691522411402,0.8110236220472441,1.0
POLR2A,-1.3452016015573154,0.5433070866141733,1.0
TNFSF12,-1.880613072026886,0.13385826771653545,1.0
SENP3,-2.613983955356601,0.05511811023622047,1.0
EIF4A1,1.2134450671540944,0.4015748031496063,1.0
MPDU1,-1.6675793849738385,0.13385826771653545,1.0
FXR2,-0.15952948793399435,0.9291338582677166,1.0
SAT2,-0.8835626349659045,0.47244094488188976,1.0
TP53,-0.32501847048415855,0.7637795275590551,1.0
KDM6B,0.14369620561029706,0.9212598425196851,1.0
TMEM88,-0.5571778996972441,0.7952755905511811,1.0
NAA38,0.5088809711760924,0.7165354330708661,1.0
AC104581.4,-1.968420643048519,0.25196850393700787,1.0
CHD3,0.6975469247492896,0.8110236220472441,1.0
KCNAB3,-0.8558072535134977,0.5669291338582677,1.0
TRAPPC1,-0.9199294441649055,0.44881889763779526,1.0
CNTROB,-0.7246400067561388,0.3700787401574803,1.0
PER1,-1.6061970575380493,0.31496062992125984,1.0
VAMP2,-0.11650333011964165,0.8110236220472441,1.0
TMEM107,-1.700951307334853,0.09448818897637795,1.0
BORCS6,-0.8985480956121603,0.5669291338582677,1.0
LINC00324,-1.5509120847980018,0.3464566929133858,1.0
CTC1,-2.5136643538302748,0.031496062992125984,1.0
PFAS,-0.5100226930409224,0.7322834645669292,1.0
RPL26,0.12878304829942877,0.8582677165354331,1.0
RNF222,-0.4283659637913637,0.7795275590551181,1.0
NDEL1,0.18696949947345054,0.8346456692913385,1.0
MYH10,1.5914224666876011,0.09448818897637795,1.0
PIK3R5,-0.8220517651799506,0.984251968503937,1.0
AC002091.2,0.5846917490494015,0.5905511811023622,1.0
STX8,-0.5279649283630103,0.7874015748031497,1.0
GAS7,-0.5375773021362624,0.7480314960629921,1.0
SCO1,0.5767061282183601,0.6535433070866141,1.0
MAP2K4,-0.6784591093514525,0.9763779527559056,1.0
HS3ST3B1,0.017466094656101827,1.0,1.0
AC005224.3,1.875362631067889,0.10236220472440945,1.0
RPS18P12,0.8626248015287028,0.5905511811023622,1.0
PMP22,0.931488157466174,0.5748031496062992,1.0
TRIM16,0.9158356238146959,0.7165354330708661,1.0
TTC19,-0.28399088112065307,0.8582677165354331,1.0
NCOR1,-0.10487189598900226,0.937007874015748,1.0
UBB,-1.9614264761602462,0.15748031496062992,1.0
TRPV2,1.3042577541458893,0.3858267716535433,1.0
LRRC75A-AS1,0.11172548420327866,0.9133858267716536,1.0
MPRIP,1.1514083689393169,0.3464566929133858,1.0
FLCN,-0.07564742481099085,0.968503937007874,1.0
COPS3,-0.8467846334797811,0.5590551181102362,1.0
RPL13P12,-1.2701953181916248,0.2677165354330709,1.0
SREBF1,0.2546074501146611,0.8582677165354331,1.0
TOM1L2,1.5034002673477256,0.2755905511811024,1.0
GID4,0.8340177690596653,0.6850393700787402,1.0
ALKBH5,1.0929797559409429,0.4881889763779528,1.0
FLII,-0.9598590256147883,0.5511811023622047,1.0
TOP3A,-2.242469818392338,0.08661417322834646,1.0
SMCR8,-1.522109371997208,0.2125984251968504,1.0
LGALS9C,-0.2698704363454152,0.8818897637795275,1.0
AC026271.1,0.7482757931905405,0.6062992125984252,1.0
TRIM16L,1.4435005819134634,0.5669291338582677,1.0
TVP23B,-0.9039337279913457,0.5984251968503937,1.0
PRPSAP2,-0.8085225631823696,0.6535433070866141,1.0
SNORD3A,-1.4594899472911989,0.47244094488188976,1.0
EPN2,-0.75458664014178,0.7244094488188977,1.0
ALDH3A2,0.09959611213831066,0.984251968503937,1.0
AKAP10,-0.6242465009606706,0.7716535433070866,1.0
SPECC1,-0.03842002896088248,0.9212598425196851,1.0
UPF3AP2,0.10048163560805345,1.0,1.0
USP22,0.4394935613270623,0.7874015748031497,1.0
DHRS7B,-1.7413414366149138,0.1732283464566929,1.0
TMEM11,1.140045508622618,0.3858267716535433,1.0
NATD1,-1.3834321176630646,0.33858267716535434,1.0
MAP2K3,-1.2549110613333312,0.7007874015748031,1.0
RPL34P31,-0.04929683279834274,1.0,1.0
WSB1,-1.8618787673232866,0.6456692913385826,1.0
LGALS9,0.0045701935403590355,1.0,1.0
NLK,0.19196250758600142,0.905511811023622,1.0
TMEM97,0.6235701237089697,0.5826771653543307,1.0
IFT20,0.0906003551789949,1.0,1.0
TNFAIP1,0.5482177416077856,0.7086614173228346,1.0
POLDIP2,0.4924986810257712,0.7637795275590551,1.0
TMEM199,-0.42696892250675833,0.7637795275590551,1.0
RPS7P1,1.1160070648472296,0.2125984251968504,1.0
UNC119,0.7216478367044652,0.5748031496062992,1.0
PIGS,-2.4667442990939628,0.10236220472440945,1.0
SPAG5,-0.05862685271316592,1.0,1.0
KIAA0100,-0.7410761737752054,0.5748031496062992,1.0
SDF2,0.6138440397906546,0.9291338582677166,1.0
SUPT6H,-0.40494147248357937,0.3779527559055118,1.0
RPL23A,-0.36734728335926414,0.7874015748031497,1.0
FAM222B,1.6297550591177976,0.2204724409448819,1.0
ERAL1,0.8667213007853263,0.3858267716535433,1.0
FLOT2,-0.9348066056490856,0.84251968503937,1.0
AC024267.3,1.1244788570765163,0.5039370078740157,1.0
PHF12,1.1261183607999525,0.6535433070866141,1.0
AC024619.4,-2.0644742062930757,0.05511811023622047,1.0
TWF1P1,-0.4472925251719979,0.7637795275590551,1.0
NUFIP2,-1.78447502043986,0.25984251968503935,1.0
TAOK1,1.4973691293681162,0.47244094488188976,1.0
GIT1,-1.5294947206165161,0.13385826771653545,1.0
SSH2,-1.133355546241452,0.889763779527559,1.0
AC104564.6,0.7551323148525642,0.5590551181102362,1.0
NSRP1,-0.3961910801615245,0.9448818897637795,1.0
BLMH,-0.42769116426099507,0.7165354330708661,1.0
CPD,0.4134082458836934,0.6141732283464567,1.0
GOSR1,0.21710023567864267,0.8740157480314961,1.0
SUZ12P1,-0.8715512334689206,0.5275590551181102,1.0
CRLF3,-0.2655868699313748,0.4330708661417323,1.0
RNF135,-2.3577914806836926,0.14173228346456693,1.0
NF1,0.1582976356376422,0.8188976377952756,1.0
EVI2B,-2.128440935479171,0.5590551181102362,1.0
EVI2A,0.6040472248389008,0.6535433070866141,1.0
RAB11FIP4,0.29100740726122254,0.6377952755905512,1.0
COPRS,1.4367561687227688,0.47244094488188976,1.0
UTP6,-1.2076159586107944,0.3700787401574803,1.0
SUZ12,-0.8688400107176033,0.23622047244094488,1.0
LRRC37B,-1.6533928486302847,0.1732283464566929,1.0
RHOT1,-0.19576655583606506,0.6692913385826772,1.0
C17orf75,1.66907105921588,0.23622047244094488,1.0
ZNF207,-0.8944016112211193,0.12598425196850394,1.0
PSMD11,0.3930115857237664,0.8346456692913385,1.0
MYO1D,1.4434251460857077,0.3700787401574803,1.0
TLK2P1,-0.9674128950710679,0.5275590551181102,1.0
ZNF830,-1.3474155325006034,0.33858267716535434,1.0
LIG3,-1.6147771068427959,0.13385826771653545,1.0
RFFL,-0.20281370455057068,0.905511811023622,1.0
SLFN5,-0.6707288192903196,0.6692913385826772,1.0
SLFN11,-1.5175511829550858,0.2283464566929134,1.0
SLFN12L,0.12441026361505436,0.9212598425196851,1.0
AP2B1,-1.569591009496314,0.25196850393700787,1.0
TAF15,-2.4708791155337755,0.09448818897637795,1.0
CCL5,1.0956277191982862,0.5196850393700787,1.0
CCL3,0.20566212066002398,0.905511811023622,1.0
CCL4,1.3037334048661178,0.4015748031496063,1.0
CCL3L3,0.3586906977124684,0.9133858267716536,1.0
CCL4L2,1.508879989781108,0.4645669291338583,1.0
ZNHIT3,-0.7750627483503918,0.6062992125984252,1.0
MYO19,-0.5226419068094735,0.6062992125984252,1.0
GGNBP2,-0.15593003204582256,0.8582677165354331,1.0
AATF,-0.9184794219198675,0.14960629921259844,1.0
ACACA,0.9960607831353256,0.5275590551181102,1.0
DUSP14,1.0725604144140262,0.6456692913385826,1.0
SYNRG,1.2234765865797574,0.4015748031496063,1.0
DDX52,-2.5608074991348024,0.05511811023622047,1.0
TBC1D3L,0.9127120438940581,0.5118110236220472,1.0
ARHGAP23,1.405978395478843,0.2125984251968504,1.0
AC006449.6,-0.7257518114711528,0.6141732283464567,1.0
MLLT6,0.3350649196136555,0.47244094488188976,1.0
PCGF2,1.1924458394163113,0.5669291338582677,1.0
PSMB3,-1.1765491941041644,0.5433070866141733,1.0
PIP4K2B,0.4071896874738039,0.7795275590551181,1.0
CWC25,-0.2824411238479341,1.0,1.0
RPL23,-0.36093382246331807,0.5433070866141733,1.0
LASP1,-0.5890519528776572,0.1968503937007874,1.0
LINC00672,0.34644267042210375,0.7165354330708661,1.0
PLXDC1,-0.15742317030068498,0.9212598425196851,1.0
RPL19,0.28478891069272283,0.6771653543307087,1.0
FBXL20,-1.381040316078772,0.2992125984251969,1.0
MED1,0.5070404999125717,0.7165354330708661,1.0
CDK12,-1.6552415581714777,0.12598425196850394,1.0
STARD3,-0.6742113375174243,0.5826771653543307,1.0
MIEN1,-0.08218863505904173,0.9763779527559056,1.0
IKZF3,0.5252258188961063,0.6929133858267716,1.0
GSDMB,-0.6343491075584984,0.4330708661417323,1.0
ORMDL3,0.400418899074547,0.7322834645669292,1.0
PSMD3,0.6761309153287773,0.6535433070866141,1.0
CSF3,1.8009151323425552,0.1732283464566929,1.0
MED24,0.7447023100992836,0.6062992125984252,1.0
THRA,-1.5392473226909202,0.33858267716535434,1.0
NR1D1,-0.9296900108249329,0.4094488188976378,1.0
MSL1,-1.883368149101555,0.5196850393700787,1.0
CASC3,-1.4594509667841669,0.3858267716535433,1.0
RAPGEFL1,0.8581828495790846,0.6062992125984252,1.0
WIPF2,0.5557346743323244,0.33858267716535434,1.0
CDC6,-1.117711380329403,0.31496062992125984,1.0
RARA,-1.924330180180477,0.29133858267716534,1.0
RARA-AS1,-1.121516928347826,0.3858267716535433,1.0
TOP2A,-0.15518700883136027,0.952755905511811,1.0
IGFBP4,1.7924758116376185,0.31496062992125984,1.0
CCR7,-0.9650182018248565,0.4094488188976378,1.0
SMARCE1,1.2115272789314255,0.3543307086614173,1.0
KRT10,1.7135103137060126,0.4881889763779528,1.0
TMEM99,-1.0676719818442315,0.4094488188976378,1.0
KRT23,-0.3888853693424581,0.8110236220472441,1.0
KRT13,2.2157933737484456,0.30708661417322836,1.0
KRT15,1.921356578276604,0.1732283464566929,1.0
KRT14,3.7134882162122658,0.06299212598425197,1.0
KRT16,2.5060343701213075,0.33858267716535434,1.0
KRT17,1.4429739110712476,0.48031496062992124,1.0
EIF1,-0.26902601432833784,0.2283464566929134,1.0
JUP,1.9909461385013305,0.4251968503937008,1.0
ACLY,-0.7469338518788056,0.7795275590551181,1.0
CNP,1.8197338172976223,0.15748031496062992,1.0
DNAJC7,-0.9715267406570403,0.48031496062992124,1.0
NKIRAS2,-0.3109680654976774,0.8740157480314961,1.0
DHX58,-2.3723827411130114,0.14173228346456693,1.0
RAB5C,0.1684853933267716,0.7165354330708661,1.0
GHDC,0.7832162858676581,0.5748031496062992,1.0
STAT5B,-1.2622503633334041,0.8267716535433071,1.0
AC099811.5,1.2877680926980293,0.3700787401574803,1.0
STAT5A,1.0594992860068375,0.5275590551181102,1.0
STAT3,0.25016441895080277,0.6062992125984252,1.0
CAVIN1,1.3837486733969193,0.36220472440944884,1.0
ATP6V0A1,-0.41151345416952045,0.7874015748031497,1.0
PTP4A2P1,-1.0250572897487824,0.2755905511811024,1.0
COASY,-1.3328799213474265,0.2440944881889764,1.0
MLX,1.7402132913581618,0.11023622047244094,1.0
RETREG3,-1.4959984486302518,0.18110236220472442,1.0
TUBG1,0.6963790295149828,0.7244094488188977,1.0
CNTNAP1,0.5354961475215432,0.6220472440944882,1.0
EZH1,0.46767077802669776,0.6535433070866141,1.0
RAMP2,2.6118488059603466,0.07086614173228346,1.0
VPS25,0.3600260709237837,0.7795275590551181,1.0
COA3,0.22154531413113743,0.8267716535433071,1.0
BECN1,-0.9616051051819441,0.4409448818897638,1.0
PSME3,-0.358241362232941,0.3779527559055118,1.0
AOC2,0.6722493851442861,0.6456692913385826,1.0
LINC00671,-1.5737447579685917,0.4094488188976378,1.0
RUNDC1,-1.292342090197054,0.2992125984251969,1.0
RPL27,-0.18061153025094168,0.6614173228346457,1.0
IFI35,-1.7025611514630097,0.33858267716535434,1.0
VAT1,-1.6798719549548764,0.4015748031496063,1.0
BRCA1,-1.3986660580441945,0.3543307086614173,1.0
NBR2,0.4947395366012126,0.7952755905511811,1.0
AC060780.1,0.02211974854386467,1.0,1.0
NBR1,-0.3345571695633236,0.33070866141732286,1.0
AC109326.1,-0.613359690378362,0.7165354330708661,1.0
LINC00910,-2.7763738579138866,0.015748031496062992,1.0
ARL4D,0.9504159690504403,0.6062992125984252,1.0
DHX8,0.49021334785484827,0.7795275590551181,1.0
DUSP3,2.1864356464319052,0.1889763779527559,1.0
TMEM101,-2.973063451274287,0.031496062992125984,1.0
LSM12,0.9265871356785832,0.3700787401574803,1.0
G6PC3,1.2751246012834143,0.33858267716535434,1.0
HDAC5,-0.6800508022827882,0.6377952755905512,1.0
TMUB2,-0.312098915905235,0.7480314960629921,1.0
ATXN7L3,0.26530171040062456,0.5433070866141733,1.0
UBTF,-0.6582160168065654,0.6771653543307087,1.0
SLC25A39,0.05263717974870552,0.9606299212598425,1.0
GRN,-1.013385042528924,0.2440944881889764,1.0
GPATCH8,-0.15844206618827572,0.952755905511811,1.0
CCDC43,0.5288863657961561,0.7637795275590551,1.0
EFTUD2,-0.5590293783408966,0.7637795275590551,1.0
NMT1,-0.33175759021746165,0.8267716535433071,1.0
HEXIM1,-0.3574108989938729,0.5354330708661418,1.0
AC008105.3,-1.1562539523129969,0.5590551181102362,1.0
FMNL1,-1.1105950843597228,0.8110236220472441,1.0
ARHGAP27,-0.5474611611649207,0.5118110236220472,1.0
PLEKHM1,1.1835290281403812,0.5984251968503937,1.0
LRRC37A4P,-1.3989523134472344,0.2440944881889764,1.0
LINC02210,2.022852714043414,0.1732283464566929,1.0
KANSL1,-1.478228596499882,0.23622047244094488,1.0
LRRC37A2,1.2023179925603091,0.3779527559055118,1.0
NSF,1.9608595872418007,0.07874015748031496,1.0
RPS7P11,-1.4724482720677323,0.30708661417322836,1.0
GOSR2,0.5841060351070251,0.6850393700787402,1.0
CDC27,-0.7298127748222125,0.6929133858267716,1.0
NPEPPS,-0.7194644903631406,0.11023622047244094,1.0
KPNB1,-0.3969217200435775,0.5984251968503937,1.0
TBKBP1,-0.21911943529250943,0.9212598425196851,1.0
MRPL10,1.9040631835173456,0.11023622047244094,1.0
AC018521.5,0.39331173397021857,0.7637795275590551,1.0
SP2,-1.5143059503235166,0.29133858267716534,1.0
NFE2L1,0.7273714634097499,0.5748031496062992,1.0
CBX1,-2.3789170223905853,0.1968503937007874,1.0
SNX11,-0.8069793630400284,0.2755905511811024,1.0
SKAP1,0.32858897883995075,0.8346456692913385,1.0
HOXB2,-0.07865042614820505,1.0,1.0
CALCOCO2,-1.7973062180348167,0.2755905511811024,1.0
ATP5G1,1.7226515338403887,0.2440944881889764,1.0
UBE2Z,-1.4937578317486557,0.2755905511811024,1.0
SNF8,-2.381736904001123,0.07086614173228346,1.0
ABI3,0.4698666079132623,0.8110236220472441,1.0
PHOSPHO1,-0.4176540807324267,0.84251968503937,1.0
ZNF652,-1.1978425687916863,0.5275590551181102,1.0
SPOP,0.22840387300889642,0.5354330708661418,1.0
SLC35B1,1.8186303591814776,0.10236220472440945,1.0
FAM117A,0.3170331090463452,0.84251968503937,1.0
KAT7,0.8379164900498877,0.5984251968503937,1.0
PPP1R9B,-1.189495233862401,0.4251968503937008,1.0
COL1A1,-0.32310528360356017,0.84251968503937,1.0
TMEM92-AS1,0.07393784940496406,0.9763779527559056,1.0
MRPL27,0.07875169037091578,0.8740157480314961,1.0
LRRC59,-1.7288672059129873,0.11811023622047244,1.0
RSAD1,-0.7003876799177846,0.5669291338582677,1.0
SPATA20,-0.24988655217557576,0.905511811023622,1.0
ANKRD40,0.5753879877290187,0.6062992125984252,1.0
LUC7L3,-0.18304515315440906,0.8740157480314961,1.0
TOB1,1.0967441937216886,0.7401574803149606,1.0
SPAG9,0.024299283623208545,0.9921259842519685,1.0
AC005920.2,0.7488770892521381,0.49606299212598426,1.0
NME1,-0.9779156262253572,0.48031496062992124,1.0
MBTD1,-1.8095863013430447,0.2283464566929134,1.0
UTP18,-1.6787899004730915,0.23622047244094488,1.0
COX11,-1.148960172108826,0.31496062992125984,1.0
PCTP,-0.6102482325847389,0.7637795275590551,1.0
DGKE,1.068032846769087,0.4094488188976378,1.0
TRIM25,1.2595634918462695,0.2755905511811024,1.0
AC015912.3,0.6088877692690473,1.0,1.0
COIL,-0.725298795588649,0.6220472440944882,1.0
SCPEP1,0.32145916274826236,0.84251968503937,1.0
MSI2,2.0106255431935587,0.031496062992125984,1.0
MRPS23,0.8083467206082994,0.5275590551181102,1.0
CUEDC1,0.2567292111997559,0.8582677165354331,1.0
VEZF1,-0.23016609686260558,0.5748031496062992,1.0
SRSF1,1.1847053498154776,0.4566929133858268,1.0
DYNLL2,-1.4939162550299558,0.2440944881889764,1.0
MPO,0.41976971314691935,0.9212598425196851,1.0
TSPOAP1,-1.3702484784613795,0.33858267716535434,1.0
TSPOAP1-AS1,-0.19555719762635237,1.0,1.0
AC004687.1,-0.2802875302975356,0.889763779527559,1.0
SUPT4H1,-0.6992130184069438,0.1889763779527559,1.0
MTMR4,-0.6734270785124505,0.6220472440944882,1.0
RAD51C,0.30826879846651045,0.7952755905511811,1.0
TRIM37,-0.38326028662027634,0.7480314960629921,1.0
SKA2,1.0213049391446745,0.4251968503937008,1.0
PRR11,-0.595433612215152,0.6141732283464567,1.0
YPEL2,1.1671758335388374,0.3700787401574803,1.0
DHX40,-0.5415228487218569,0.2755905511811024,1.0
AC091271.1,-1.7553359680115244,0.2204724409448819,1.0
CLTC,-0.21956276185079648,0.6141732283464567,1.0
PTRH2,0.3304350565807157,0.7165354330708661,1.0
VMP1,-1.0947850411818,0.905511811023622,1.0
AC040904.1,-0.5469279958581588,0.7637795275590551,1.0
TUBD1,-0.8570684118389752,0.4330708661417323,1.0
RPS6KB1,0.7730071317395328,0.6456692913385826,1.0
RNFT1,-0.1326734363844415,0.952755905511811,1.0
WFDC21P,0.8048225790425176,0.6850393700787402,1.0
AC025048.6,0.2534961206302715,0.84251968503937,1.0
CA4,-0.9363857035239139,0.6456692913385826,1.0
USP32,-0.48382734716983666,0.905511811023622,1.0
AC104763.1,-0.43726188980234326,0.7795275590551181,1.0
APPBP2,0.23108057333731136,0.8110236220472441,1.0
PPM1D,-2.2455288179064086,0.12598425196850394,1.0
BCAS3,1.6670987611494366,0.2677165354330709,1.0
NACA2,-0.06180647591750166,0.937007874015748,1.0
MED13,1.060219119039255,0.7165354330708661,1.0
TLK2,-2.6630522920795063,0.08661417322834646,1.0
TANC2,-0.9815716774243559,0.5433070866141733,1.0
CYB561,0.6261198596835991,0.5354330708661418,1.0
DCAF7,-0.9093927485573872,0.6692913385826772,1.0
MAP3K3,-0.8719673447666825,0.7322834645669292,1.0
STRADA,-1.9818950788912613,0.09448818897637795,1.0
LIMD2,-2.0539066331938,0.31496062992125984,1.0
CCDC47,-0.6747472906124834,0.9763779527559056,1.0
DDX42,-2.744291097630807,0.08661417322834646,1.0
FTSJ3,-2.2456574932034883,0.07086614173228346,1.0
PSMC5,0.5505567112464202,0.5433070866141733,1.0
SMARCD2,-1.1584091075747907,0.3858267716535433,1.0
ERN1,-0.40765953102793073,0.889763779527559,1.0
SNHG25,-0.47639747709483604,0.9291338582677166,1.0
TEX2,0.1104791991493701,0.9291338582677166,1.0
PECAM1,0.5264251733418677,0.48031496062992124,1.0
MILR1,2.4110147740222394,0.03937007874015748,1.0
DDX5,-0.3575127810796648,0.8267716535433071,1.0
CEP95,-1.9144143592719982,0.14960629921259844,1.0
SMURF2,0.054026408317648045,0.968503937007874,1.0
ARHGAP27P1-BPTFP1-KPNA2P3,-1.5696141715554193,0.1968503937007874,1.0
AC132812.1,-1.9240843222985649,0.05511811023622047,1.0
PLEKHM1P1,-0.8124016493010149,0.7165354330708661,1.0
AMZ2P1,-1.1354311796060754,0.48031496062992124,1.0
GNA13,-1.0547837558563709,0.8661417322834646,1.0
RGS9,-0.49836532575185455,0.7637795275590551,1.0
HELZ,-0.2349509868693045,0.8110236220472441,1.0
PSMD12,-1.7462894833581624,0.28346456692913385,1.0
PITPNC1,-1.0767666463922687,0.5039370078740157,1.0
NOL11,-0.46134052714599516,0.6456692913385826,1.0
BPTF,-0.3737946583756031,0.29133858267716534,1.0
C17orf58,0.686298471351436,0.8818897637795275,1.0
KPNA2,-0.3636365517637494,0.8503937007874016,1.0
AC005332.9,-2.003136014576617,0.18110236220472442,1.0
AC005332.7,-0.8870328481350781,0.3228346456692913,1.0
AMZ2,-0.159019985037955,0.937007874015748,1.0
ARSG,0.2676238502324404,0.7952755905511811,1.0
SLC16A6,1.219794645947693,0.12598425196850394,1.0
WIPI1,-1.3404947587453322,0.36220472440944884,1.0
PRKAR1A,-0.24645457763988965,0.7795275590551181,1.0
ABCA5,0.4857107422474336,0.7007874015748031,1.0
MAP2K6,-2.318070134730842,0.13385826771653545,1.0
KCNJ2-AS1,0.2896943617232868,0.8188976377952756,1.0
KCNJ2,-1.6032420050213751,0.4566929133858268,1.0
SLC39A11,-1.5388025923828208,0.2047244094488189,1.0
COG1,-1.4468778412810068,0.2125984251968504,1.0
CDC42EP4,-0.9562197646211126,0.41732283464566927,1.0
RPL38,0.11724131872316867,0.8503937007874016,1.0
CD300A,-1.4221017151349624,0.5354330708661418,1.0
CD300LB,-0.23938320006931013,0.8818897637795275,1.0
RAB37,-1.757117046760584,0.2047244094488189,1.0
CD300LF,-2.1201404146540423,0.3779527559055118,1.0
SLC9A3R1,-1.558154053959563,0.33858267716535434,1.0
NAT9,-0.1111579528601303,1.0,1.0
KCTD2,1.0840827856501127,0.4409448818897638,1.0
ATP5H,-0.12808907974344574,0.8740157480314961,1.0
SLC16A5,-1.1953000373008142,0.29133858267716534,1.0
ARMC7,-1.306057436110317,0.3543307086614173,1.0
NT5C,-2.1174829575308474,0.13385826771653545,1.0
JPT1,-0.22711763854478928,0.7874015748031497,1.0
SUMO2,-0.6170357959681478,0.4566929133858268,1.0
NUP85,-0.9187917408173716,0.5511811023622047,1.0
GGA3,-2.1933003087322236,0.15748031496062992,1.0
MIF4GD,-0.9313744730485352,0.5039370078740157,1.0
GRB2,-0.1244678196540896,0.8188976377952756,1.0
TMEM94,-0.8627953484991785,0.6456692913385826,1.0
TSEN54,-0.9422022511711696,0.5196850393700787,1.0
LLGL2,-0.18023042831402702,0.968503937007874,1.0
MYO15B,0.28709107895004893,0.8110236220472441,1.0
SAP30BP,-1.3516039191877889,0.33858267716535434,1.0
ITGB4,1.619610252942723,0.25196850393700787,1.0
H3F3B,0.17845975979748374,0.6299212598425197,1.0
UNK,0.8063673769653708,0.5196850393700787,1.0
UNC13D,-0.8716897666111181,0.5826771653543307,1.0
WBP2,0.357890377725373,0.7244094488188977,1.0
ACOX1,-0.30644249675457313,0.5984251968503937,1.0
SRP68,-1.02919841621459,0.5275590551181102,1.0
EXOC7,-0.12016477617224952,0.9212598425196851,1.0
UBALD2,-0.43141479309412567,0.2992125984251969,1.0
PRPSAP1,-0.18369173109551906,0.9291338582677166,1.0
SPHK1,1.2439149387635957,0.25196850393700787,1.0
RHBDF2,-2.572896179042124,0.11023622047244094,1.0
CYGB,1.8312435914726124,0.1732283464566929,1.0
SNHG16,-1.1611840764270787,0.2755905511811024,1.0
ST6GALNAC1,-0.8359740029365659,0.6850393700787402,1.0
MXRA7,1.3391062161234897,0.47244094488188976,1.0
JMJD6,-0.2082641848831912,0.7952755905511811,1.0
METTL23,1.1775599825112084,0.33070866141732286,1.0
SRSF2,-0.7829272779174667,0.2047244094488189,1.0
MFSD11,-2.8405728540098494,0.031496062992125984,1.0
SEC14L1,0.19493542230818406,0.7795275590551181,1.0
SEPT9,-0.45035531477849844,0.7165354330708661,1.0
TNRC6C,0.1284777242918227,0.84251968503937,1.0
TNRC6C-AS1,-0.5126161222746293,0.6929133858267716,1.0
TMC6,-1.9370932861502608,0.30708661417322836,1.0
TMC8,-3.503889994623498,0.05511811023622047,1.0
SYNGR2,-0.5260723639946905,0.7007874015748031,1.0
SOCS3,1.5701954290077245,0.3464566929133858,1.0
AC061992.1,0.3287085323129808,0.7795275590551181,1.0
PGS1,0.42233267051048884,0.49606299212598426,1.0
DNAH17,1.6709168307802766,0.29133858267716534,1.0
CYTH1,1.1256077649043874,0.8110236220472441,1.0
USP36,0.5468443246101904,0.7244094488188977,1.0
TIMP2,-2.067709531767483,0.2047244094488189,1.0
LGALS3BP,-0.01964035412802989,0.9921259842519685,1.0
CANT1,-0.20985089901458753,0.7007874015748031,1.0
CBX4,0.30553672144162825,0.6377952755905512,1.0
GAA,-1.2423699825594008,0.4015748031496063,1.0
EIF4A3,-0.6125608645697485,0.5039370078740157,1.0
SLC26A11,-1.3453650751612487,0.2755905511811024,1.0
RNF213,-0.5557067259191628,0.5275590551181102,1.0
BAIAP2-AS1,-0.28209805322160797,0.8188976377952756,1.0
TEPSIN,-0.3416117401997414,0.952755905511811,1.0
SLC38A10,1.4788882111771495,0.4251968503937008,1.0
ACTG1,-0.6675142429523451,0.10236220472440945,1.0
NPLOC4,0.5164742645280231,0.5984251968503937,1.0
CCDC137,1.6073259742264572,0.1732283464566929,1.0
ARL16,0.2734237123385648,0.8031496062992126,1.0
MCRIP1,-0.4842156134804454,0.8110236220472441,1.0
P4HB,0.18796380651035705,0.8818897637795275,1.0
ARHGDIA,-0.5252291658772121,0.7637795275590551,1.0
ALYREF,-0.43957296379159594,0.5748031496062992,1.0
ANAPC11,-0.012210335780529658,1.0,1.0
SIRT7,-1.3467038672177853,0.30708661417322836,1.0
MAFG,-0.7214392834671024,0.7480314960629921,1.0
CENPX,1.573135962328576,0.4094488188976378,1.0
DCXR,0.7144087836284294,0.7637795275590551,1.0
RFNG,0.3809511839309456,0.7874015748031497,1.0
DUS1L,-0.8783211871480254,0.5748031496062992,1.0
CCDC57,-1.1462155074115747,0.4015748031496063,1.0
AC132872.2,-1.2418544102276987,0.3700787401574803,1.0
SLC16A3,-1.2851760059943533,0.6220472440944882,1.0
CSNK1D,-0.06702197256951159,0.952755905511811,1.0
AC132872.4,-1.6750533309799192,0.30708661417322836,1.0
AC132872.1,-0.4336502918188314,0.984251968503937,1.0
CD7,-1.2380339255458113,0.44881889763779526,1.0
SECTM1,0.6356613416894845,0.6377952755905512,1.0
OGFOD3,-0.7880800677328827,0.6456692913385826,1.0
HEXDC,-1.5797228054657153,0.25196850393700787,1.0
C17orf62,0.697965065326235,0.6062992125984252,1.0
NARF,-0.9675406700073408,0.6771653543307087,1.0
FOXK2,-1.8936818311486117,0.14173228346456693,1.0
WDR45B,0.12698345753912577,0.8110236220472441,1.0
FN3KRP,0.6721715294731121,0.5984251968503937,1.0
TBCD,-0.9133109985651252,0.5669291338582677,1.0
ZNF750,0.7629398430691194,0.7007874015748031,1.0
B3GNTL1,1.266485415008901,0.3543307086614173,1.0
METRNL,0.694898200967037,0.5669291338582677,1.0
USP14,0.08075769719126313,0.968503937007874,1.0
TYMS,-0.5944315916139697,0.7244094488188977,1.0
ENOSF1,-0.963727825292718,0.4330708661417323,1.0
YES1,0.5936201333556428,0.7322834645669292,1.0
METTL4,-0.4498133433729037,0.8110236220472441,1.0
NDC80,-0.7894142362615498,0.6062992125984252,1.0
SMCHD1,-0.47137401031615767,0.5590551181102362,1.0
EMILIN2,0.6622121049287943,0.7165354330708661,1.0
LPIN2,1.6140436831776137,0.25984251968503935,1.0
AP000919.1,0.22108703024775078,0.889763779527559,1.0
MYL12A,-0.7063029525991631,0.13385826771653545,1.0
MYL12B,0.16489689371551108,0.7401574803149606,1.0
TGIF1,-1.0541926068679315,0.4645669291338583,1.0
DLGAP1-AS1,0.5340835867174638,0.7637795275590551,1.0
DLGAP1-AS2,0.007187757980625431,1.0,1.0
LINC00667,-0.9828102579445643,0.44881889763779526,1.0
ZBTB14,-0.8759687351409464,0.3700787401574803,1.0
EPB41L3,2.025513290254456,0.44881889763779526,1.0
RPL6P27,-0.23974086511078951,0.6929133858267716,1.0
RAB12,0.25176390021759865,0.8346456692913385,1.0
NDUFV2-AS1,0.00015387237782293894,1.0,1.0
ANKRD12,-1.4089473299960344,0.8661417322834646,1.0
AP001033.2,0.18147925148300015,0.8818897637795275,1.0
TWSG1,0.3109061572807901,0.84251968503937,1.0
RALBP1,-0.5829715466504881,0.23622047244094488,1.0
PPP4R1,0.42449395338830875,0.30708661417322836,1.0
RAB31,-0.4117302821921065,0.44881889763779526,1.0
VAPA,0.5842452190883725,0.14173228346456693,1.0
NAPG,0.35756183837845645,0.6299212598425197,1.0
CHMP1B,-0.494125862779228,0.29133858267716534,1.0
MPPE1,-0.3981828734128574,0.7637795275590551,1.0
IMPA2,0.05640943305886026,0.937007874015748,1.0
TUBB6,0.19052873766265632,0.905511811023622,1.0
PSMG2,0.11334896434554986,0.9291338582677166,1.0
PTPN2,-0.9261567540910258,0.8503937007874016,1.0
SEH1L,1.012720308267906,0.4881889763779528,1.0
CEP192,-2.0323771380915128,0.13385826771653545,1.0
LDLRAD4,-0.7043016622160096,0.5984251968503937,1.0
FAM210A,-0.37208345933145326,0.8031496062992126,1.0
RNMT,-0.4846503175601131,0.7637795275590551,1.0
ROCK1,-0.6711190064063874,0.6377952755905512,1.0
ESCO1,1.6888032865975466,0.14173228346456693,1.0
SNRPD1,0.08816147603057312,0.9291338582677166,1.0
ABHD3,-0.479721257670648,0.7874015748031497,1.0
MIB1,-2.109681718179897,0.1968503937007874,1.0
CTAGE1,0.1698765693272235,0.9212598425196851,1.0
RBBP8,-0.30000284442559577,0.8267716535433071,1.0
TMEM241,-0.5894347374063713,0.6929133858267716,1.0
RIOK3,0.012062265722015297,0.9763779527559056,1.0
C18orf8,-1.1994900178840284,0.2755905511811024,1.0
NPC1,-1.2053303926494172,0.2440944881889764,1.0
TTC39C,-1.8008173214796397,0.2125984251968504,1.0
AC090772.4,-1.6434896843466542,0.14173228346456693,1.0
OSBPL1A,-1.250611689606243,0.4566929133858268,1.0
IMPACT,-0.8599339711856366,0.5433070866141733,1.0
SS18,0.597733194079014,0.6299212598425197,1.0
KCTD1,0.9838156938016525,0.6850393700787402,1.0
DSC2,0.9091381727583006,0.5511811023622047,1.0
DSG1,1.3616766538335288,0.6062992125984252,1.0
DSG3,2.2276410375584863,0.3464566929133858,1.0
TRAPPC8,1.1789221465228863,0.4566929133858268,1.0
RNF125,0.38000218292561705,0.7480314960629921,1.0
RNF138,-0.7683413405661348,0.2283464566929134,1.0
MAPRE2,-0.162606036837305,0.952755905511811,1.0
ZNF397,-0.2666071736242239,0.8503937007874016,1.0
ZSCAN30,0.1255610835409422,0.952755905511811,1.0
ZNF271P,-1.5841726600916248,0.33858267716535434,1.0
ZNF24,-1.360075117122899,0.3700787401574803,1.0
INO80C,-1.0080944335619009,0.48031496062992124,1.0
GALNT1,1.6598270019830608,0.3779527559055118,1.0
C18orf21,-3.098809917173839,0.031496062992125984,1.0
RPRD1A,-0.3384740215389974,0.905511811023622,1.0
SLC39A6,-1.1414160020524298,0.4015748031496063,1.0
ELP2,-0.20157889600383916,0.905511811023622,1.0
TPGS2,-1.05185998236305,0.4330708661417323,1.0
PIK3C3,0.40128245197471824,0.4015748031496063,1.0
EPG5,-2.7904502585497064,0.047244094488188976,1.0
PSTPIP2,-1.2104831192870193,0.14173228346456693,1.0
ATP5A1,-1.277179235545094,0.3858267716535433,1.0
HAUS1,0.09503480501798656,0.9291338582677166,1.0
C18orf25,-2.192177823940433,0.11811023622047244,1.0
LOXHD1,-0.6307562108230484,0.5275590551181102,1.0
PIAS2,-0.11310325515190978,0.952755905511811,1.0
IER3IP1,0.37684916243211397,0.7952755905511811,1.0
SMAD2,-0.7737086443974928,0.015748031496062992,1.0
SMAD7,-2.054084459910388,0.18110236220472442,1.0
DYM,-0.9458387969502939,0.4251968503937008,1.0
C18orf32,0.917425825597313,0.5275590551181102,1.0
ACAA2,-1.2208067470377024,0.1732283464566929,1.0
MBD1,-0.6986085340516093,0.7559055118110236,1.0
CXXC1,0.2129442673571873,0.8582677165354331,1.0
ME2,-1.157243746613072,0.5511811023622047,1.0
SMAD4,-2.285170190651134,0.06299212598425197,1.0
MEX3C,2.104383312059244,0.06299212598425197,1.0
MBD2,0.01766436152641404,0.9763779527559056,1.0
POLI,-1.5039438206861233,0.3779527559055118,1.0
SNRPGP2,0.1940282112450178,0.8661417322834646,1.0
DYNAP,-0.13774896334936493,0.952755905511811,1.0
RAB27B,-0.8043083747276748,0.6062992125984252,1.0
TCF4,1.3331947846655545,0.4094488188976378,1.0
TXNL1,0.6502677439907041,0.31496062992125984,1.0
WDR7,-0.4192177822629637,0.7007874015748031,1.0
NARS,0.03113854579047448,0.937007874015748,1.0
ATP8B1,2.1934478585295114,0.29133858267716534,1.0
MALT1,1.7582806140394958,0.11023622047244094,1.0
ZNF532,0.5445166886503714,0.7637795275590551,1.0
SEC11C,0.07755773069559524,0.937007874015748,1.0
LMAN1,0.23123949211429284,0.889763779527559,1.0
PMAIP1,1.7572130467228906,0.3464566929133858,1.0
FAM60CP,-1.608720678418404,0.4094488188976378,1.0
PIGN,-1.6421842101401476,0.4094488188976378,1.0
KIAA1468,-0.17757369140550816,0.8110236220472441,1.0
ZCCHC2,-2.0361670686318143,0.2125984251968504,1.0
PHLPP1,-0.04754721137829354,0.952755905511811,1.0
BCL2,2.4519374226163597,0.07874015748031496,1.0
KDSR,0.28490692473811885,0.8267716535433071,1.0
VPS4B,0.5765055422287331,0.2677165354330709,1.0
SERPINB5,2.1817005899361113,0.25196850393700787,1.0
SERPINB13,0.20393373157033734,0.952755905511811,1.0
SERPINB4,1.478894350154952,0.41732283464566927,1.0
SERPINB11,2.1466602755259383,0.11023622047244094,1.0
SERPINB3,1.8140915711226353,0.41732283464566927,1.0
SERPINB2,0.1060077011824685,1.0,1.0
SERPINB10,-1.2958356460130032,0.5669291338582677,1.0
SERPINB8,-0.15497745485353187,0.905511811023622,1.0
AC022968.1,-1.9639008508601365,0.09448818897637795,1.0
TMX3,-2.40010450965633,0.07874015748031496,1.0
CD226,-0.04268877083958067,1.0,1.0
RTTN,-0.4442854726883464,0.7637795275590551,1.0
SOCS6,1.6064412730400868,0.4094488188976378,1.0
TIMM21,-0.6445366885423978,0.6062992125984252,1.0
CYB5A,0.30422534041380955,0.84251968503937,1.0
FAUP1,-1.3957098176404816,0.29133858267716534,1.0
CNDP2,0.9078029513544243,0.5354330708661418,1.0
ZNF407,0.3485580731881375,0.6692913385826772,1.0
ZADH2,-0.01979804300682586,0.968503937007874,1.0
TSHZ1,-0.15626071222476856,0.9212598425196851,1.0
ZNF516,-1.2720466698996642,0.4566929133858268,1.0
ZNF236,-0.7235847956982466,0.5905511811023622,1.0
MBP,0.11548021949232457,0.8740157480314961,1.0
AC018529.2,-2.062402998903866,0.09448818897637795,1.0
ATP9B,-0.7391319231109605,0.5590551181102362,1.0
AC125437.1,-0.9902553625175068,0.29133858267716534,1.0
NFATC1,0.6250718195658278,0.7795275590551181,1.0
CTDP1,-1.491290825521559,0.29133858267716534,1.0
PQLC1,0.9586064575763578,0.5118110236220472,1.0
HSBP1L1,0.649659555677115,0.6456692913385826,1.0
TXNL4A,-0.4387263859056554,0.7952755905511811,1.0
ADNP2,-1.103086680652821,0.31496062992125984,1.0
ZCCHC3,-0.5299901042334669,0.7322834645669292,1.0
RBCK1,0.23695238250978168,0.6535433070866141,1.0
TBC1D20,0.4346188826779569,0.6692913385826772,1.0
CSNK2A1,-0.5715187204300225,0.4409448818897638,1.0
FAM110A,1.310494077658709,0.36220472440944884,1.0
PSMF1,1.2958154400621602,0.48031496062992124,1.0
SDCBP2,1.56202595856338,0.4881889763779528,1.0
FKBP1A,-0.027245770274630488,0.968503937007874,1.0
NSFL1C,-0.36624563517379327,0.7795275590551181,1.0
SIRPB2,-1.6757580363090834,0.25984251968503935,1.0
SIRPB1,-1.4746392578182457,0.7086614173228346,1.0
SIRPG,1.4577561362094893,0.2125984251968504,1.0
SIRPA,-0.9857306095359482,0.968503937007874,1.0
STK35,-1.3663132539705183,0.2204724409448819,1.0
AL121899.1,0.9347625390889724,0.6062992125984252,1.0
TGM3,1.7011741211189069,0.4251968503937008,1.0
SNRPB,0.010934948009218903,1.0,1.0
NOP56,0.9930069603070901,0.5275590551181102,1.0
IDH3B,0.5779169401812965,0.5905511811023622,1.0
VPS16,-1.016083467484263,0.4015748031496063,1.0
PTPRA,-0.8082233428577661,0.16535433070866143,1.0
FASTKD5,-0.0229863754917925,1.0,1.0
DDRGK1,-1.138959760269461,0.4094488188976378,1.0
C20orf194,-1.6097973630121754,0.29133858267716534,1.0
ATRN,-1.2484849126252877,0.4094488188976378,1.0
C20orf27,-0.6241283037619356,0.8818897637795275,1.0
CENPB,0.11534954817325782,1.0,1.0
CDC25B,-0.7978597054207532,0.5354330708661418,1.0
MAVS,-1.504053413033751,0.25196850393700787,1.0
PANK2,-2.666130612103758,0.06299212598425197,1.0
RNF24,-0.5571493182269265,0.5669291338582677,1.0
FTLP3,-1.0689625687835687,0.2440944881889764,1.0
SMOX,0.5380562529977582,0.8031496062992126,1.0
RPS4XP2,1.2767254776720145,0.4881889763779528,1.0
PRNP,-0.08915524144387232,0.968503937007874,1.0
RASSF2,-1.311269244693115,0.7559055118110236,1.0
SLC23A2,-0.4407532148251103,0.7165354330708661,1.0
TMEM230,0.0279908617082949,0.9212598425196851,1.0
PCNA,-0.2364156344470958,0.905511811023622,1.0
CDS2,-0.363640660260768,0.6850393700787402,1.0
UBE2D3P1,-1.0407459113043593,0.7401574803149606,1.0
GPCPD1,1.2697184487272057,0.05511811023622047,1.0
C20orf196,-0.6906742953907118,0.5669291338582677,1.0
TRMT6,0.31770021408075566,0.84251968503937,1.0
MCM8,-0.13603992669998732,0.9212598425196851,1.0
CRLS1,0.5408278342851869,0.7637795275590551,1.0
FERMT1,0.0613295531851239,1.0,1.0
AL109618.1,-0.900907951451846,0.44881889763779526,1.0
BMP2,0.40486896954242013,0.7637795275590551,1.0
TMX4,0.612905594872057,0.5118110236220472,1.0
PLCB1,1.5506569954770926,0.2125984251968504,1.0
PLCB4,1.1973758318560965,0.4094488188976378,1.0
MKKS,0.12887041050676862,0.889763779527559,1.0
SLX4IP,0.9763603118740247,0.41732283464566927,1.0
JAG1,0.9642188026887147,0.3700787401574803,1.0
ESF1,1.3533417225129245,0.33858267716535434,1.0
NDUFAF5,0.06969630992828635,0.9212598425196851,1.0
KIF16B,1.4561744341194283,0.33070866141732286,1.0
SNRPB2,-1.0681229620089083,0.5511811023622047,1.0
DSTN,1.3282376067682131,0.31496062992125984,1.0
RRBP1,0.09530244675669053,0.984251968503937,1.0
SNX5,-0.19964170607959986,0.7480314960629921,1.0
MGME1,-1.911289776546638,0.18110236220472442,1.0
POLR3F,-0.5728159207194119,0.6850393700787402,1.0
RBBP9,-0.24968960230150195,0.8818897637795275,1.0
SEC23B,-2.0557957873447656,0.07086614173228346,1.0
SMIM26,-0.3408985269230773,0.7637795275590551,1.0
DTD1,-1.5459026059331071,0.25196850393700787,1.0
NAA20,0.5992042982337882,0.7007874015748031,1.0
CRNKL1,-1.3418511550740115,0.28346456692913385,1.0
RALGAPA2,-0.2863165741303755,0.49606299212598426,1.0
KIZ,0.5327822243637925,0.6220472440944882,1.0
RPS15AP1,-1.9674087598849719,0.16535433070866143,1.0
AL117332.1,0.06390904088043303,1.0,1.0
XRN2,0.9849603377818097,0.12598425196850394,1.0
THBD,1.8488196178255407,0.47244094488188976,1.0
CD93,1.9296726925317333,0.29133858267716534,1.0
AL118508.3,1.8660648938505981,0.08661417322834646,1.0
NXT1,0.1503296761108368,0.8582677165354331,1.0
GZF1,-1.0440206041183964,0.5748031496062992,1.0
NAPB,-1.8696948664900959,0.07874015748031496,1.0
CST3,1.8599791831657422,0.2992125984251969,1.0
AL035661.1,-2.6803562356878787,0.07874015748031496,1.0
CST7,0.9773749546968844,0.5433070866141733,1.0
APMAP,-1.0317122434224348,0.33070866141732286,1.0
ACSS1,-1.8581248658346556,0.13385826771653545,1.0
PYGB,-1.1611690691395233,0.33858267716535434,1.0
ABHD12,-0.716147938292873,0.7322834645669292,1.0
HM13,0.18425131343925205,0.84251968503937,1.0
ID1,2.1411998723205765,0.11023622047244094,1.0
BCL2L1,-0.4560731743505606,0.9212598425196851,1.0
TPX2,-0.7428850135215195,0.7244094488188977,1.0
AL031658.1,-0.09700732983486882,1.0,1.0
HCK,-1.358708030910078,0.9448818897637795,1.0
TM9SF4,-1.1994304635892652,0.41732283464566927,1.0
PLAGL2,-0.06891912566067182,0.937007874015748,1.0
KIF3B,-0.43849633592813353,0.7874015748031497,1.0
ASXL1,-1.0079348790292832,0.48031496062992124,1.0
NOL4L,-0.17027983529745372,0.7322834645669292,1.0
COMMD7,-0.8294528780255701,0.6929133858267716,1.0
MAPRE1,-0.12655266236599516,0.8031496062992126,1.0
AL035071.1,-1.1286175963257383,0.4566929133858268,1.0
CDK5RAP1,-0.03248440826579002,1.0,1.0
SNTA1,-0.1963695518439127,0.9212598425196851,1.0
CBFA2T2,-0.46171521056682296,0.7874015748031497,1.0
CHMP4B,-0.12303623149972776,0.8976377952755905,1.0
RALY,0.5125192849386719,0.3937007874015748,1.0
EIF2S2,0.4893341576678951,0.4330708661417323,1.0
AL035458.1,-0.8940140631373139,0.48031496062992124,1.0
AHCY,-0.5280994196564928,0.6850393700787402,1.0
ITCH,-0.381628281140606,0.9921259842519685,1.0
DYNLRB1,0.8994854616091663,0.6535433070866141,1.0
MAP1LC3A,1.9018268044282083,0.3228346456692913,1.0
NCOA6,0.49343034704268973,0.7559055118110236,1.0
TP53INP2,-0.7166534174524379,0.2440944881889764,1.0
ACSS2,-1.0315938383538317,0.41732283464566927,1.0
TRPC4AP,-1.012468813145715,0.5984251968503937,1.0
EDEM2,-1.0793237490522856,0.5039370078740157,1.0
MMP24OS,1.4954941841874998,0.4409448818897638,1.0
EIF6,1.6168030084666354,0.23622047244094488,1.0
CEP250,-0.21108985712702144,0.8346456692913385,1.0
ERGIC3,0.0028406754435099657,0.9921259842519685,1.0
CPNE1,0.04209938520265499,0.905511811023622,1.0
RBM12,-0.09846983065055381,0.9212598425196851,1.0
ROMO1,-0.32568799427048933,0.7795275590551181,1.0
RBM39,-0.0030397156802983716,1.0,1.0
PHF20,-1.1610633933800294,0.5275590551181102,1.0
SCAND1,-0.2540488722338995,0.84251968503937,1.0
NORAD,-0.2938801138913183,0.6692913385826772,1.0
EPB41L1,-0.05429139866396482,1.0,1.0
DLGAP4,-1.2081436437806374,0.48031496062992124,1.0
MYL9,1.0018009658760278,0.48031496062992124,1.0
TGIF2,-0.6157080668754524,0.6929133858267716,1.0
SLA2,-0.6996934974254181,0.5984251968503937,1.0
NDRG3,-2.414191560756858,0.05511811023622047,1.0
DSN1,-0.2124965783599464,0.9291338582677166,1.0
SOGA1,0.7823036328956191,0.7244094488188977,1.0
SAMHD1,-0.5585628291984417,0.4881889763779528,1.0
RPN2,1.0972397739033148,0.2204724409448819,1.0
MANBAL,2.801810620822224,0.11023622047244094,1.0
BLCAP,-1.5662539271858757,0.2204724409448819,1.0
CTNNBL1,-0.5076216180453694,0.7165354330708661,1.0
TTI1,1.4925418612962713,0.3700787401574803,1.0
RPRD1B,-1.7906028425833407,0.11023622047244094,1.0
TGM2,1.6334511757814616,0.44881889763779526,1.0
BPI,-3.977563594496573,0.15748031496062992,1.0
RALGAPB,-0.5905264747277381,0.8110236220472441,1.0
PPP1R16B,-1.1036731227277676,0.33858267716535434,1.0
FAM83D,1.8799256921620606,0.29133858267716534,1.0
MAFB,1.4744556464039276,0.23622047244094488,1.0
TOP1,0.524363552602602,0.1968503937007874,1.0
PLCG1,0.08285251112208325,0.952755905511811,1.0
CHD6,-0.6190069964156577,0.6456692913385826,1.0
SRSF6,-0.6899276894360709,0.2047244094488189,1.0
OSER1,-0.15021241677435615,1.0,1.0
OSER1-AS1,0.879484070047087,0.5118110236220472,1.0
RPL37AP1,-1.4048658451167988,0.1968503937007874,1.0
TTPAL,-0.7482778802010239,0.937007874015748,1.0
SERINC3,-0.13910324173146016,0.9763779527559056,1.0
YWHAB,-0.3464058697342942,0.5354330708661418,1.0
PABPC1L,-1.5644893323730074,0.2677165354330709,1.0
STK4,-0.04896130530618059,0.9212598425196851,1.0
PI3,1.8071606134153297,0.06299212598425197,1.0
SLPI,0.350579811204196,0.6929133858267716,1.0
SDC4,1.2609035385631582,0.44881889763779526,1.0
SYS1,-0.8950642768682315,0.5275590551181102,1.0
PIGT,-1.9912564271437123,0.2440944881889764,1.0
DNTTIP1,0.04338015228901648,0.968503937007874,1.0
CTSA,-1.368368621712656,0.3700787401574803,1.0
PCIF1,-0.7273783769134301,0.10236220472440945,1.0
ZNF335,-0.19594812624023117,0.952755905511811,1.0
MMP9,-2.9256713683115683,0.25984251968503935,1.0
CD40,0.46169727433504937,0.7637795275590551,1.0
SLC35C2,0.1465447981095993,0.937007874015748,1.0
ELMO2,-0.8274125022983627,0.5354330708661418,1.0
ZMYND8,-0.9390132460895244,0.5984251968503937,1.0
NCOA3,-0.7524943902062997,0.6062992125984252,1.0
SULF2,-0.9869685058840263,0.6692913385826772,1.0
PREX1,-0.2283378477684348,0.889763779527559,1.0
AL133342.1,0.578656076692844,0.84251968503937,1.0
ARFGEF2,0.5926879578758122,0.5433070866141733,1.0
CSE1L,-0.34437559204744983,0.7637795275590551,1.0
STAU1,-2.015385511603186,0.29133858267716534,1.0
ARPC3P1,0.5179992626723182,0.7401574803149606,1.0
DDX27,-0.886913252630019,0.8110236220472441,1.0
ZNFX1,-1.2931984745875118,0.6062992125984252,1.0
ZFAS1,-0.7861465616546921,0.1732283464566929,1.0
B4GALT5,0.35629075325003967,0.4881889763779528,1.0
SLC9A8,-0.6774779299641951,0.9921259842519685,1.0
AL162615.1,0.9514358438451663,0.33070866141732286,1.0
SPATA2,-0.44639344397751435,0.7165354330708661,1.0
RNF114,-1.4810445826448508,0.2204724409448819,1.0
TMEM189,-0.6096032862017834,0.6850393700787402,1.0
CEBPB,0.25024324577466217,0.8031496062992126,1.0
SMIM25,-0.06423497272237633,0.9921259842519685,1.0
LINC01270,2.237981750736383,0.2125984251968504,1.0
PTPN1,0.10550192105693679,0.8740157480314961,1.0
ADNP,-1.1865613544184948,0.5275590551181102,1.0
DPM1,0.23005680991290012,0.7952755905511811,1.0
NFATC2,-0.2948537646091496,0.8582677165354331,1.0
ATP9A,-1.035150042101606,0.3858267716535433,1.0
ZFP64,0.7509241571327053,0.5275590551181102,1.0
TSHZ2,-0.4270492507212731,0.7952755905511811,1.0
ZNF217,1.1616851976925981,0.3858267716535433,1.0
PFDN4,-0.6055983053748113,0.6535433070866141,1.0
RPL12P4,-1.838507199887288,0.2677165354330709,1.0
FAM210B,0.05175704953366589,0.9921259842519685,1.0
AURKA,-2.444867850298092,0.2125984251968504,1.0
CSTF1,-0.6716361134079332,0.8740157480314961,1.0
CASS4,-0.14983482053081065,0.9606299212598425,1.0
RTFDC1,-1.366421629933761,0.889763779527559,1.0
GCNT7,-2.7462073930364848,0.047244094488188976,1.0
RAE1,-1.5612114845919387,0.3937007874015748,1.0
RBM38,-2.084685295467673,0.2755905511811024,1.0
ZBP1,-1.2442785996553072,0.48031496062992124,1.0
PMEPA1,0.22777592992122164,0.8740157480314961,1.0
PPP4R1L,0.10154607267006899,0.7559055118110236,1.0
RAB22A,-0.45435659418134033,0.8661417322834646,1.0
VAPB,-1.2962407921274535,0.23622047244094488,1.0
STX16,0.23705120642329192,0.6062992125984252,1.0
NPEPL1,-1.9079895044521717,0.1968503937007874,1.0
GNAS,-0.11069055193090982,0.8188976377952756,1.0
NELFCD,-1.2141280378566601,0.41732283464566927,1.0
CTSZ,-1.660896394156694,0.14960629921259844,1.0
ATP5E,-0.04314203976912978,0.9291338582677166,1.0
PRELID3B,1.0943020342101817,0.48031496062992124,1.0
SYCP2,0.9097645894794452,0.44881889763779526,1.0
FAM217B,-1.0298095333778825,0.5039370078740157,1.0
PPP1R3D,-0.05106916693527408,0.952755905511811,1.0
MIR646HG,1.0137522646468113,0.3700787401574803,1.0
TAF4,-0.16233179054174318,1.0,1.0
AL137077.2,-2.7310065904611087,0.05511811023622047,1.0
LSM14B,0.3546078728963127,0.6929133858267716,1.0
PSMA7,-1.8503979323127524,0.2204724409448819,1.0
SS18L1,-0.4190155010311529,0.7637795275590551,1.0
MTG2,-0.33415027610916326,0.8818897637795275,1.0
OSBPL2,0.21301333346369944,0.7322834645669292,1.0
ADRM1,0.2708396674181285,0.84251968503937,1.0
LAMA5,2.7746088742896378,0.06299212598425197,1.0
RPS21,0.004420555755999089,1.0,1.0
CABLES2,-0.5761243816077921,0.6062992125984252,1.0
MRGBP,-2.0225427595925494,0.09448818897637795,1.0
OGFR,-0.369957568215193,0.6850393700787402,1.0
COL9A3,-0.8805920820971804,0.5748031496062992,1.0
DIDO1,-0.6965556019483508,0.6692913385826772,1.0
GID8,0.2669364905051328,0.6929133858267716,1.0
SLC17A9,1.8927355049292562,0.1732283464566929,1.0
YTHDF1,-1.5552632626376761,0.1889763779527559,1.0
ARFGAP1,-2.1594647978416033,0.1732283464566929,1.0
PPDPF,0.9302376208384784,0.6220472440944882,1.0
PTK6,0.8868357893872392,0.7007874015748031,1.0
HELZ2,-1.590839156374197,0.3779527559055118,1.0
GMEB2,-1.0125452145623883,0.5669291338582677,1.0
MHENCR,-0.9983191949084641,0.5669291338582677,1.0
ARFRP1,-1.9308577094908332,0.09448818897637795,1.0
SLC2A4RG,-0.37917195729901465,0.84251968503937,1.0
ZBTB46,1.0368173940556558,0.49606299212598426,1.0
TPD52L2,0.5776533884192743,0.28346456692913385,1.0
DNAJC5,-0.08257065212072501,0.905511811023622,1.0
UCKL1,0.6087998393679945,0.7559055118110236,1.0
PRPF6,-2.6798994264949307,0.047244094488188976,1.0
TCEA2,-0.26058955844857556,1.0,1.0
RGS19,-0.3193920414699738,0.7952755905511811,1.0
OPRL1,-1.4004964758609066,0.2125984251968504,1.0
PCMTD2,1.5742534470351384,0.2440944881889764,1.0
CDC34,0.9513870695906528,0.6220472440944882,1.0
GZMM,-1.6099000645838517,0.09448818897637795,1.0
BSG,-1.4578955021556128,0.33858267716535434,1.0
POLRMT,0.07744614848392306,1.0,1.0
RNF126,0.8192209550843064,0.5275590551181102,1.0
PTBP1,-1.2298719696168119,0.5748031496062992,1.0
AZU1,-0.24845995299095547,0.9212598425196851,1.0
ELANE,-0.7938152716348932,0.6850393700787402,1.0
CFD,0.137145722099838,0.905511811023622,1.0
R3HDM4,-0.43925261585300124,0.7165354330708661,1.0
ARID3A,-0.8164504376971884,0.7637795275590551,1.0
TMEM259,-1.6494186372960387,0.29133858267716534,1.0
CNN2,0.05118857657875697,0.9606299212598425,1.0
ABCA7,-0.2733282632542604,0.889763779527559,1.0
ARHGAP45,-1.0090998884085591,0.5984251968503937,1.0
POLR2E,-0.7422299180722502,0.7480314960629921,1.0
GPX4,0.640148395302603,0.6692913385826772,1.0
SBNO2,0.3800185311644233,0.8267716535433071,1.0
ATP5D,0.5956401997749885,0.7165354330708661,1.0
MIDN,0.2879587551068479,0.8110236220472441,1.0
CIRBP,-0.1451025130454937,0.7952755905511811,1.0
C19orf24,-0.8885770086052074,0.5748031496062992,1.0
MUM1,0.468955043247661,0.6850393700787402,1.0
DAZAP1,-0.9407992394706235,0.5748031496062992,1.0
RPS15,-0.7781676397437298,0.5826771653543307,1.0
UQCR11,-0.5185509171268001,0.7874015748031497,1.0
TCF3,0.3614058011875536,0.8110236220472441,1.0
KLF16,-0.42316760731678826,0.84251968503937,1.0
ABHD17A,-0.2504472913996698,0.9212598425196851,1.0
SCAMP4,1.228706297598333,0.44881889763779526,1.0
CSNK1G2,-0.3911885790079497,0.5118110236220472,1.0
BTBD2,-0.2782505852984376,0.9291338582677166,1.0
MKNK2,0.8998027006943232,0.3779527559055118,1.0
MOB3A,-0.8572437366874723,0.2204724409448819,1.0
AP3D1,0.2396831578469314,0.7401574803149606,1.0
DOT1L,-0.4212698152932912,0.7637795275590551,1.0
PLEKHJ1,-0.12393434688194893,0.905511811023622,1.0
SF3A2,-1.7816933422277588,0.2204724409448819,1.0
OAZ1,-0.6942642280446769,0.25984251968503935,1.0
PEAK3,-1.9266758773383943,0.15748031496062992,1.0
LINGO3,-0.2989476857670559,0.7165354330708661,1.0
SPPL2B,-0.8738333711551369,0.6062992125984252,1.0
TIMM13,-2.671827975494864,0.05511811023622047,1.0
GADD45B,-0.9193595898697673,0.30708661417322836,1.0
GNG7,-0.48855473709365294,0.7874015748031497,1.0
SGTA,-0.1650854906675976,1.0,1.0
AES,-1.1018726540625963,0.4094488188976378,1.0
GNA15,0.6329286643177796,0.7401574803149606,1.0
S1PR4,-1.514880985641109,0.36220472440944884,1.0
NCLN,-1.783091194506802,0.2440944881889764,1.0
NFIC,-0.4536979705089115,0.4094488188976378,1.0
FZR1,-1.3368989439058112,0.1732283464566929,1.0
HMG20B,0.5971825705293115,0.7874015748031497,1.0
CACTIN,-2.0825474332811327,0.09448818897637795,1.0
PIP5K1C,-2.3750892731073363,0.14960629921259844,1.0
APBA3,-0.46563730575627604,0.6850393700787402,1.0
MRPL54,0.7189715049455336,0.6614173228346457,1.0
DAPK3,-0.20249681341052983,0.9212598425196851,1.0
EEF2,-0.5913001192611675,0.41732283464566927,1.0
PIAS4,-0.5442107781593066,0.7637795275590551,1.0
ZBTB7A,-0.017281344157915157,0.9921259842519685,1.0
MAP2K2,0.3356127538944964,0.8582677165354331,1.0
STAP2,2.04688954370935,0.1732283464566929,1.0
SH3GL1,1.389548472702173,0.48031496062992124,1.0
CHAF1A,-1.1422402420679802,0.4015748031496063,1.0
UBXN6,-1.1719773450473665,0.4015748031496063,1.0
PLIN5,0.06230362262226663,0.952755905511811,1.0
AC011498.4,1.2632704572402864,0.33070866141732286,1.0
LRG1,-1.359577869195327,0.8740157480314961,1.0
SEMA6B,1.7371969046005176,0.29133858267716534,1.0
MYDGF,-0.28435773285064103,0.8582677165354331,1.0
DPP9,-1.327511552239749,0.2755905511811024,1.0
TICAM1,0.027252722402444363,0.9763779527559056,1.0
PLIN3,0.4084093365598349,0.29133858267716534,1.0
KDM4B,-0.7830026279500393,0.8818897637795275,1.0
TINCR,0.45141377997858134,0.7244094488188977,1.0
SNRPEP4,-0.7067040849111663,0.6299212598425197,1.0
SAFB2,0.45840056564516196,0.3700787401574803,1.0
SAFB,-2.7665805265147547,0.047244094488188976,1.0
RPL36,-0.14703983180349312,0.8818897637795275,1.0
FUT3,1.3499171394510758,0.5275590551181102,1.0
NDUFA11,1.2148517568037147,0.4645669291338583,1.0
RANBP3,0.9003976964133007,0.44881889763779526,1.0
RFX2,0.4901476560221534,0.7007874015748031,1.0
MLLT1,0.4184206428392052,0.3937007874015748,1.0
CLPP,0.9500556793260282,0.4645669291338583,1.0
ALKBH7,0.9394502209422755,0.5118110236220472,1.0
GTF2F1,1.8386586947306789,0.2677165354330709,1.0
KHSRP,1.2961077296666117,0.3858267716535433,1.0
SLC25A23,0.9603326208747884,0.6062992125984252,1.0
CRB3,1.5332235564259382,0.5669291338582677,1.0
DENND1C,-0.7996799139742135,0.5748031496062992,1.0
AC010503.4,-0.13389167301277216,1.0,1.0
TNFSF14,-0.1278591810501144,0.9921259842519685,1.0
C3,0.2875287178657844,0.7322834645669292,1.0
GPR108,-1.4183763617898233,0.3858267716535433,1.0
TRIP10,1.4944241616044787,0.25196850393700787,1.0
SH2D3A,1.8941650895700048,0.2204724409448819,1.0
VAV1,-1.5560583793083484,0.41732283464566927,1.0
ADGRE1,0.17269797126596576,0.9291338582677166,1.0
ZNF557,-0.7793200684272334,0.49606299212598426,1.0
INSR,0.601408595110015,0.7637795275590551,1.0
MCOLN1,1.1286151874095833,0.5118110236220472,1.0
PNPLA6,-0.3582639879323084,0.8582677165354331,1.0
XAB2,-1.4565549479937414,0.29133858267716534,1.0
PET100,1.1335098003004975,0.5590551181102362,1.0
STXBP2,-0.6745924703109258,0.7165354330708661,1.0
RETN,-1.4990484762904766,0.7244094488188977,1.0
MCEMP1,-0.4212597199666446,0.952755905511811,1.0
TRAPPC5,0.24685997968625717,0.8110236220472441,1.0
MAP2K7,-1.053073855154782,0.4015748031496063,1.0
ELAVL1,-1.6188299823807797,0.2440944881889764,1.0
CERS4,-1.0013555058853298,0.5669291338582677,1.0
CD320,1.897260352602673,0.29133858267716534,1.0
RPS28,-1.3328278282135457,0.49606299212598426,1.0
RAB11B,2.266540011782878,0.1732283464566929,1.0
MARCH2,0.17119892028409112,0.952755905511811,1.0
HNRNPM,0.876264200358424,0.7559055118110236,1.0
PRAM1,-1.2383702872814975,0.5039370078740157,1.0
MYO1F,-0.16803183736458038,0.8267716535433071,1.0
AC130469.2,-0.6076070480761795,0.5748031496062992,1.0
ZNF317,-1.0009128325057244,0.3228346456692913,1.0
ZNF266,-1.9238506882717221,0.13385826771653545,1.0
ZNF426,-0.0674328596979088,1.0,1.0
ZNF121,0.950836342280174,0.6929133858267716,1.0
ZNF561,1.952568920664941,0.1732283464566929,1.0
ZNF562,-1.81685247290718,0.09448818897637795,1.0
ZNF812P,2.2817724901698146,0.1732283464566929,1.0
ZNF846,-0.1303345207552331,1.0,1.0
UBL5,0.019526235400933345,0.9606299212598425,1.0
PIN1,-0.7672677463106573,0.6062992125984252,1.0
C19orf66,-0.39267631849733053,0.6141732283464567,1.0
EIF3G,-0.29037731752563234,0.9212598425196851,1.0
DNMT1,0.03893073039977679,0.937007874015748,1.0
S1PR2,0.6508689218021138,0.7637795275590551,1.0
ICAM1,-0.9402635423092285,0.7559055118110236,1.0
AC011511.5,1.142102769969016,0.33070866141732286,1.0
TYK2,0.492228954941349,0.5590551181102362,1.0
CDC37,0.2765491784793275,0.905511811023622,1.0
KEAP1,0.9092024535657424,0.5905511811023622,1.0
KRI1,-3.5046027638416524,0.015748031496062992,1.0
CDKN2D,-0.9311758606372793,0.2283464566929134,1.0
AP1M2,2.1747794024604055,0.16535433070866143,1.0
SLC44A2,0.012736224029663568,1.0,1.0
ILF3-AS1,-1.3334475367999228,0.3779527559055118,1.0
ILF3,-0.3080319907462572,0.7480314960629921,1.0
DNM2,-0.20442802619213563,0.8740157480314961,1.0
C19orf38,-3.2656116746120523,0.10236220472440945,1.0
YIPF2,1.8076871439702067,0.1732283464566929,1.0
SMARCA4,-1.4271643967417118,0.2283464566929134,1.0
LDLR,0.0010599364425152302,1.0,1.0
AC011472.2,-1.109376948616422,0.6299212598425197,1.0
RAB3D,0.3170346051593653,0.8346456692913385,1.0
TMEM205,0.08078718620068148,0.9763779527559056,1.0
CCDC159,0.2625506089164342,0.8582677165354331,1.0
PLPPR2,-0.2944346108845899,0.8267716535433071,1.0
SWSAP1,-0.9094361207970307,0.48031496062992124,1.0
EPOR,-1.8031930470380815,0.11023622047244094,1.0
RGL3,-0.8263397170182711,0.3858267716535433,1.0
PRKCSH,-0.6311370431317918,0.7007874015748031,1.0
ELOF1,1.364780526288818,0.3464566929133858,1.0
ACP5,-0.922736850855963,0.5984251968503937,1.0
ZNF700,-2.3087469061746537,0.09448818897637795,1.0
AC008770.1,-0.6432241274607425,0.6850393700787402,1.0
ZNF844,-2.96928558146093,0.09448818897637795,1.0
ZNF136,0.6121544544824773,0.5748031496062992,1.0
ZNF44,-0.10577120987854194,0.9763779527559056,1.0
ZNF791,-1.113968594034298,0.3858267716535433,1.0
RPL10P16,-2.6844674415826466,0.03937007874015748,1.0
MAN2B1,0.2888049750583519,0.9212598425196851,1.0
WDR83OS,-0.036044214103130745,0.968503937007874,1.0
TNPO2,-1.3718358647067008,0.30708661417322836,1.0
TRIR,-0.6894073292017486,0.2755905511811024,1.0
ASNA1,-0.5829589780486368,0.6692913385826772,1.0
HOOK2,-0.15389773902117954,0.952755905511811,1.0
JUNB,-0.342214485980449,0.5669291338582677,1.0
PRDX2,1.4456023383187517,0.33070866141732286,1.0
DNASE2,-1.2243225917874758,0.33858267716535434,1.0
RPS6P25,0.7509241571327053,0.5275590551181102,1.0
CALR,0.6626356906658626,0.5039370078740157,1.0
RAD23A,1.2637393458932649,0.44881889763779526,1.0
NFIX,-0.2773407515988273,0.7874015748031497,1.0
LYL1,-2.26825387384654,0.09448818897637795,1.0
TRMT1,-1.732947121779413,0.09448818897637795,1.0
NACC1,-1.2192928299688062,0.29133858267716534,1.0
STX10,-1.34333438153014,0.4094488188976378,1.0
IER2,-1.1317749746977785,0.12598425196850394,1.0
CCDC130,-3.15080390299567,0.047244094488188976,1.0
C19orf53,1.6255715284811942,0.28346456692913385,1.0
ZSWIM4,-2.660270192721099,0.11023622047244094,1.0
AC020916.1,-1.1055423061724268,0.7086614173228346,1.0
CC2D1A,0.6399411219766546,0.6692913385826772,1.0
DCAF15,-1.3086755396408334,0.4094488188976378,1.0
RFX1,-1.1643198865484594,0.5039370078740157,1.0
EEF1DP1,0.6526682000800745,0.3228346456692913,1.0
SAMD1,-1.1062451253954269,0.5118110236220472,1.0
PRKACA,0.8631205859339302,0.8110236220472441,1.0
ASF1B,-1.439887628804665,0.2440944881889764,1.0
ADGRL1,1.1426780071849425,0.5039370078740157,1.0
ADGRE5,-0.8818969325821344,0.29133858267716534,1.0
DDX39A,-0.35645215602185365,0.7559055118110236,1.0
PKN1,1.4544820661670173,0.33858267716535434,1.0
GIPC1,0.4958818957329445,0.8031496062992126,1.0
DNAJB1,-0.4716338419479058,0.6062992125984252,1.0
TECR,-0.16756067225277627,0.9212598425196851,1.0
NDUFB7,-0.3257903767161001,0.84251968503937,1.0
CLEC17A,-1.296540571121972,0.2755905511811024,1.0
ADGRE3,-0.7342583197824837,0.8346456692913385,1.0
ZNF333,0.29916530836360167,0.6850393700787402,1.0
ADGRE2,1.5079065935564602,0.5669291338582677,1.0
OR7C1,-0.1106479638456136,0.9212598425196851,1.0
EPHX3,2.127442709872093,0.29133858267716534,1.0
BRD4,0.40088262011625986,0.5354330708661418,1.0
AKAP8,-0.025340534325017927,0.9763779527559056,1.0
AKAP8L,-0.4108640316912917,0.7637795275590551,1.0
WIZ,0.3573050910172264,0.7716535433070866,1.0
RASAL3,0.8689586905851794,0.5039370078740157,1.0
CYP4F22,1.340586652168131,0.3228346456692913,1.0
RPL23AP2,0.4084181261093329,0.7165354330708661,1.0
CYP4F3,-1.0379903478337962,0.29133858267716534,1.0
TPM4,1.4050887182060432,0.06299212598425197,1.0
RAB8A,0.1653202182160598,0.7086614173228346,1.0
HSH2D,-1.751712754532753,0.31496062992125984,1.0
FAM32A,0.03437965168402535,0.8582677165354331,1.0
AP1M1,-1.5005122900395587,0.4015748031496063,1.0
KLF2,-0.7299765897606925,0.4566929133858268,1.0
EPS15L1,-1.5756345414207544,0.1889763779527559,1.0
SLC35E1,0.39900321405040096,0.5039370078740157,1.0
SMIM7,0.5565665663470845,0.6535433070866141,1.0
AC024075.1,1.0218396829337317,0.4094488188976378,1.0
SIN3B,0.49633719471197235,0.8110236220472441,1.0
MYO9B,0.9349216652221859,0.84251968503937,1.0
USE1,-1.1369073041432698,0.2125984251968504,1.0
NR2F6,0.36165376075666944,0.84251968503937,1.0
BABAM1,-0.34372518216602943,0.84251968503937,1.0
MRPL34,-0.7471054452822057,0.6220472440944882,1.0
DDA1,-2.121816125124845,0.23622047244094488,1.0
ANO8,0.0895693554904129,1.0,1.0
GTPBP3,-0.6264701025887325,0.5984251968503937,1.0
PLVAP,3.474051188082059,0.06299212598425197,1.0
BST2,-1.1904962505386747,0.14173228346456693,1.0
BISPR,-1.2019901303010005,0.4330708661417323,1.0
MVB12A,-1.205778360560206,0.2125984251968504,1.0
PGLS,-1.9652439761460663,0.2755905511811024,1.0
COLGALT1,-0.5435727717897021,0.7401574803149606,1.0
FCHO1,0.5350179209970611,0.7165354330708661,1.0
INSL3,-0.2891835814357262,0.8110236220472441,1.0
JAK3,-0.6664857618435756,0.9606299212598425,1.0
RPL18A,-0.4113199727111936,0.8346456692913385,1.0
CCDC124,0.18041374574861013,0.9212598425196851,1.0
ARRDC2,-2.043881950697246,0.2755905511811024,1.0
IL12RB1,-0.4715927414795704,0.8346456692913385,1.0
MAST3,0.6045438659485317,0.84251968503937,1.0
IFI30,-1.8395400353074747,0.2440944881889764,1.0
JUND,-0.18791224198308143,0.5196850393700787,1.0
LSM4,-1.2322545638330813,0.33858267716535434,1.0
PGPEP1,-0.37517089884871657,0.8110236220472441,1.0
GDF15,1.7330615906691673,0.2125984251968504,1.0
LRRC25,0.08923773831521675,0.9212598425196851,1.0
ISYNA1,-0.5295807104216144,0.6850393700787402,1.0
ELL,1.0471434456588358,0.5275590551181102,1.0
FKBP8,-0.12356969496746384,0.9763779527559056,1.0
KXD1,-1.6743371653978498,0.2755905511811024,1.0
UBA52,-0.3259376619929979,0.6929133858267716,1.0
UPF1,0.3324926755965003,0.8110236220472441,1.0
COPE,1.1286986303506303,0.5590551181102362,1.0
SUGP2,-1.0385614246215478,0.5748031496062992,1.0
BORCS8,-1.2144255483034505,0.4330708661417323,1.0
SUGP1,0.7643662316875295,0.6771653543307087,1.0
MAU2,-1.2868058435412006,0.47244094488188976,1.0
GATAD2A,1.7078705330758748,0.1732283464566929,1.0
NDUFA13,1.897260352602673,0.29133858267716534,1.0
LPAR2,-1.4452529757388977,0.6692913385826772,1.0
GMIP,-1.2688763700049361,0.41732283464566927,1.0
ATP13A1,-0.5620473650811821,0.84251968503937,1.0
ZNF101,-1.5041857079455516,0.28346456692913385,1.0
ZNF506,0.5337921561181331,0.7637795275590551,1.0
ZNF253,0.06242076368136229,1.0,1.0
ZNF93,-2.6263964328736504,0.09448818897637795,1.0
ZNF486,-1.1336741372323127,0.3543307086614173,1.0
ZNF737,-0.526654377223291,0.5984251968503937,1.0
ZNF626,2.3639345895682817,0.12598425196850394,1.0
ZNF66,-1.28062370042317,0.3543307086614173,1.0
ZNF430,-0.6494822867917045,0.6456692913385826,1.0
ZNF714,0.9743015944896841,0.4094488188976378,1.0
ZNF431,-0.7736955213592427,0.6062992125984252,1.0
ZNF708,-0.6437452280085827,0.7637795275590551,1.0
ZNF738,-0.17032872862899362,0.905511811023622,1.0
ZNF493,-0.40489875277399046,0.7952755905511811,1.0
LINC00664,-0.9955138153501948,0.5511811023622047,1.0
ZNF429,-0.9122824976179,0.6929133858267716,1.0
AC123912.2,2.6677241021739695,0.11023622047244094,1.0
MTDHP3,0.10667576285818159,0.84251968503937,1.0
ZNF100,-1.8745977797377247,0.25196850393700787,1.0
ZNF43,-1.7677201856040121,0.13385826771653545,1.0
ZNF91,0.3403608471951629,0.84251968503937,1.0
ZNF675,0.36964425283528857,0.8031496062992126,1.0
ZNF681,-1.1015664809511743,0.44881889763779526,1.0
RPSAP58,-2.5054266140970545,0.13385826771653545,1.0
ZNF254,2.4079659113767793,0.06299212598425197,1.0
AC006504.5,-0.08600789957539678,1.0,1.0
AC011524.1,-2.4175868216407714,0.1732283464566929,1.0
UQCRFS1,-0.2167708249607787,0.8976377952755905,1.0
POP4,-0.5936579991339137,0.6692913385826772,1.0
C19orf12,-1.672998977237584,0.14960629921259844,1.0
URI1,1.4100404724037991,0.33858267716535434,1.0
TSHZ3,0.38645386120976166,0.8110236220472441,1.0
ZNF507,-1.7056675545304296,0.29133858267716534,1.0
DPY19L3,0.03981428964279221,1.0,1.0
PDCD5,0.8057766856847688,0.5511811023622047,1.0
ANKRD27,-0.5550697088078116,0.7244094488188977,1.0
GPATCH1,0.21257635420605214,0.889763779527559,1.0
CEBPG,0.02167437944545858,1.0,1.0
LSM14A,-0.06115344830912228,0.937007874015748,1.0
KIAA0355,-0.030637585810207035,0.952755905511811,1.0
GPI,-0.521910821559429,0.9212598425196851,1.0
UBA2,-0.2368261493449899,0.8503937007874016,1.0
GRAMD1A,0.25785375874021277,0.7952755905511811,1.0
AC020907.3,0.3604779345257494,0.6220472440944882,1.0
SCN1B,-0.2158237168742203,1.0,1.0
FXYD3,1.4642240678164518,0.5354330708661418,1.0
FXYD5,0.7732217709936315,0.6299212598425197,1.0
USF2,1.422146452409891,0.36220472440944884,1.0
LINC01531,-0.6753555577771703,0.5275590551181102,1.0
FFAR2,-1.4619108052913425,0.7165354330708661,1.0
KRTDAP,2.2853527867130783,0.5196850393700787,1.0
DMKN,0.5518271803254096,0.7637795275590551,1.0
SBSN,2.6356248295891285,0.4015748031496063,1.0
TMEM147,1.3095949785221865,0.4645669291338583,1.0
HAUS5,-0.8471982058189684,0.33858267716535434,1.0
RBM42,-0.22462149284693256,0.8582677165354331,1.0
COX6B1,0.1165114511686971,0.8267716535433071,1.0
KMT2B,-1.0765025332547062,0.4566929133858268,1.0
IGFLR1,0.09723264149070787,1.0,1.0
U2AF1L4,-1.1481966207850376,0.33070866141732286,1.0
PSENEN,-0.5590308981172623,0.9763779527559056,1.0
ARHGAP33,-0.24380155712903528,0.9212598425196851,1.0
NFKBID,-0.15787280260035352,0.952755905511811,1.0
AD000864.1,-0.48960893319759435,0.7637795275590551,1.0
HCST,-1.2832672694393268,0.44881889763779526,1.0
TYROBP,-1.1658046742806754,0.47244094488188976,1.0
SDHAF1,-1.5802860655849078,0.09448818897637795,1.0
TBCB,-1.1942894336633434,0.4015748031496063,1.0
CAPNS1,-0.33871091761617844,0.7952755905511811,1.0
COX7A1,-1.746894294020479,0.09448818897637795,1.0
ZNF146,0.10842625808828155,0.9763779527559056,1.0
ZNF260,1.9448522166186912,0.1732283464566929,1.0
ZNF383,1.8027335465996992,0.3700787401574803,1.0
HKR1,-0.6975330251401575,0.6062992125984252,1.0
ZNF570,-0.2981405660168752,0.7637795275590551,1.0
SELENOKP1,-2.0121059062467843,0.13385826771653545,1.0
SIPA1L3,-1.1204263108692232,0.31496062992125984,1.0
SPINT2,-0.5547333452012495,0.5826771653543307,1.0
C19orf33,-0.37107205172376256,0.8818897637795275,1.0
YIF1B,-1.152349706413776,0.4094488188976378,1.0
KCNK6,-1.0433316447685965,0.4645669291338583,1.0
PSMD8,-0.10796860143720455,0.9763779527559056,1.0
FAM98C,-1.4345749762298976,0.25196850393700787,1.0
RASGRP4,-1.5505921393376294,0.5275590551181102,1.0
MAP4K1,-0.9340946516890203,0.44881889763779526,1.0
EIF3K,-0.15712551456833257,0.8346456692913385,1.0
ACTN4,-0.5825310868211968,0.5590551181102362,1.0
ECH1,-1.86687728812474,0.30708661417322836,1.0
HNRNPL,-0.40008251655064875,0.7480314960629921,1.0
RINL,-0.6022310901518142,0.6456692913385826,1.0
SIRT2,1.1571297482227592,0.47244094488188976,1.0
NFKBIB,-2.001384911602311,0.1889763779527559,1.0
PAK4,0.2632038822217706,0.84251968503937,1.0
NCCRP1,1.0844521756180554,0.7086614173228346,1.0
LRFN1,-1.4585154681461918,0.2047244094488189,1.0
GMFG,-1.5845129480472915,0.8818897637795275,1.0
AC011445.2,-0.043469604770481673,1.0,1.0
SAMD4B,0.6537558348030235,0.25984251968503935,1.0
PAF1,-0.18721697638978885,0.8188976377952756,1.0
MED29,1.7844055833704822,0.11811023622047244,1.0
ZFP36,-0.4858711306944663,0.7086614173228346,1.0
PLEKHG2,-1.0052466319765454,0.6220472440944882,1.0
RPS16,0.34348294311279126,0.47244094488188976,1.0
SUPT5H,0.8529881810195805,0.7086614173228346,1.0
TIMM50,-0.29542470860176584,1.0,1.0
CLC,-2.2968224743290855,0.33070866141732286,1.0
DYRK1B,1.56508011683638,0.3700787401574803,1.0
FBL,-0.41629945286891346,0.8346456692913385,1.0
PRR13P5,-1.0148172739164198,0.3700787401574803,1.0
PSMC4,-0.09525417089810961,0.952755905511811,1.0
ZNF780B,0.6585046744655398,0.5275590551181102,1.0
AKT2,-1.1772875875471929,0.6692913385826772,1.0
C19orf47,0.8754525500909174,0.6062992125984252,1.0
PLD3,0.09129430342254174,1.0,1.0
SERTAD1,-1.784584941596259,0.14173228346456693,1.0
SERTAD3,-2.5427490521224776,0.047244094488188976,1.0
BLVRB,0.5820374451631039,0.7637795275590551,1.0
SHKBP1,-0.4599051947194486,0.905511811023622,1.0
COQ8B,-1.0175164445746925,0.5433070866141733,1.0
ITPKC,1.740904931161127,0.14960629921259844,1.0
C19orf54,-0.7227131795041117,0.5275590551181102,1.0
SNRPA,-0.5987702518244673,0.6850393700787402,1.0
EGLN2,-1.586059875261717,0.25984251968503935,1.0
CYP2A6,-2.3088383917042132,0.05511811023622047,1.0
CYP2S1,1.6005099698542442,0.25196850393700787,1.0
HNRNPUL1,-0.0032103386680208956,1.0,1.0
TGFB1,-1.883150298074367,0.3228346456692913,1.0
CCDC97,-1.6970078172995948,0.1732283464566929,1.0
TMEM91,-1.021310943156458,0.48031496062992124,1.0
B9D2,-1.5238905559564324,0.1732283464566929,1.0
AC243960.2,-2.524229881665905,0.10236220472440945,1.0
AC243960.3,-0.36231483567238554,0.7637795275590551,1.0
CEACAM21,-2.195559663412032,0.09448818897637795,1.0
CEACAM4,-1.382750029653322,0.41732283464566927,1.0
CEACAM5,0.8606637343729662,0.7637795275590551,1.0
CEACAM6,-1.0377182199493222,0.6220472440944882,1.0
CEACAM3,-0.8690164377367049,0.8582677165354331,1.0
HNRNPA1P52,0.25690594055142735,0.9212598425196851,1.0
RPS19,-0.01504996600293218,0.984251968503937,1.0
CD79A,-0.222032924638075,0.9212598425196851,1.0
ARHGEF1,-1.5986649885174264,0.4015748031496063,1.0
RABAC1,0.5822105582937098,0.7637795275590551,1.0
POU2F2,-0.8456040416245099,0.6456692913385826,1.0
DEDD2,0.3635878846571936,0.5039370078740157,1.0
GSK3A,0.5837831671451328,0.7559055118110236,1.0
ERF,0.701955508089148,0.6220472440944882,1.0
CIC,2.5830140401433286,0.07874015748031496,1.0
CNFN,2.016780776555408,0.5196850393700787,1.0
LIPE-AS1,-2.3634549670982223,0.05511811023622047,1.0
CXCL17,1.1096694981808226,0.5669291338582677,1.0
CEACAM1,-1.3793583212760456,0.12598425196850394,1.0
CEACAM8,-3.347281778333055,0.16535433070866143,1.0
AC005392.2,0.07791357321378745,1.0,1.0
CD177,0.30845241940030377,0.9133858267716536,1.0
LYPD3,2.6478256649393037,0.1968503937007874,1.0
ETHE1,-0.06599969498547198,0.952755905511811,1.0
XRCC1,1.040331011607356,0.36220472440944884,1.0
IRGQ,0.9534779682766084,0.3543307086614173,1.0
ZNF428,-0.6347917276906052,0.5275590551181102,1.0
CADM4,-0.17862689397352272,0.8818897637795275,1.0
PLAUR,-0.3650830825159854,0.952755905511811,1.0
RN7SL368P,0.28277561339627155,0.6929133858267716,1.0
AC005622.1,0.9876215938486148,0.5275590551181102,1.0
ZNF230,-1.985118620488777,0.12598425196850394,1.0
ZNF222,1.6998382676384365,0.11811023622047244,1.0
ZNF224,-0.5570750252966685,0.7795275590551181,1.0
ZNF226,-1.896830889133494,0.10236220472440945,1.0
CEACAM19,0.19419375512534476,0.9763779527559056,1.0
BCL3,-0.07107553396534882,0.952755905511811,1.0
AC092066.1,-0.7163106688977725,0.5275590551181102,1.0
NECTIN2,-1.1066103029885794,0.44881889763779526,1.0
CLPTM1,0.938654244458097,0.5669291338582677,1.0
RELB,-0.016225730820621287,1.0,1.0
CLASRP,0.8321866402111961,0.5433070866141733,1.0
GEMIN7,-1.8129585536990895,0.14960629921259844,1.0
MARK4,-1.2234909579028872,0.33070866141732286,1.0
PPP1R37,0.21312892379634074,1.0,1.0
TRAPPC6A,-0.8798762397731817,0.4881889763779528,1.0
BLOC1S3,-2.6009262457084943,0.06299212598425197,1.0
ERCC1,-1.1017691080768046,0.2125984251968504,1.0
FOSB,-0.4825229951731096,0.5511811023622047,1.0
PPM1N,1.19455036948542,0.29133858267716534,1.0
VASP,-0.3223452830407343,0.9133858267716536,1.0
OPA3,1.5181183135937957,0.15748031496062992,1.0
GPR4,0.5626938406446862,0.6771653543307087,1.0
EML2,-0.8180783754119729,0.5905511811023622,1.0
SNRPD2,0.43789491416577064,0.7716535433070866,1.0
QPCTL,0.7426247338461027,0.4645669291338583,1.0
FBXO46,-0.5400007194467031,0.7874015748031497,1.0
AC007191.1,-0.01056058064397547,1.0,1.0
DMPK,0.9894975907092469,0.5669291338582677,1.0
DMWD,-1.279676528360963,0.29133858267716534,1.0
SYMPK,-1.8885143039946501,0.09448818897637795,1.0
MYPOP,-0.3996539715693317,0.7874015748031497,1.0
PGLYRP1,-4.2984642654365315,0.06299212598425197,1.0
CALM3,0.14117340696605218,0.7480314960629921,1.0
PRKD2,0.9195446951890185,0.7716535433070866,1.0
STRN4,-0.3911131609485201,0.4881889763779528,1.0
SLC1A5,-2.0075570729629844,0.14173228346456693,1.0
AP2S1,1.3791705070206413,0.5039370078740157,1.0
ARHGAP35,-0.36964049946981836,0.84251968503937,1.0
ZC3H4,-0.39687689540430426,0.8818897637795275,1.0
SAE1,0.5701436310656129,0.4094488188976378,1.0
BBC3,0.031683249843698524,0.9763779527559056,1.0
CCDC9,-0.2143663770554327,0.9212598425196851,1.0
INAFM1,-0.1203818818916691,0.952755905511811,1.0
C5AR1,-0.33130885407314103,0.905511811023622,1.0
C5AR2,-0.7566818977951382,0.9291338582677166,1.0
DHX34,0.7490736812702004,0.6220472440944882,1.0
KPTN,0.4833805925764685,0.8031496062992126,1.0
NAPA,-0.288807074086848,0.8818897637795275,1.0
BICRA,-0.6835119955552225,0.6220472440944882,1.0
EHD2,0.4247122969467996,0.6535433070866141,1.0
NOP53,-1.3628347690482125,0.33858267716535434,1.0
SELENOW,-0.22989917755474565,0.9212598425196851,1.0
LIG1,0.1923052013039952,0.9212598425196851,1.0
CARD8,-1.3937286570009677,0.7007874015748031,1.0
CARD8-AS1,0.48088650828847923,0.5590551181102362,1.0
EMP3,-1.8728751792484006,0.4330708661417323,1.0
KDELR1,0.49692532754191365,0.5039370078740157,1.0
CYTH2,-1.9619709862152703,0.2440944881889764,1.0
LMTK3,1.1195844554295484,0.5669291338582677,1.0
SULT2B1,2.690523276565464,0.44881889763779526,1.0
RPL18,-0.34663771907567487,0.8188976377952756,1.0
PPP1R15A,-0.3972275106969452,0.7322834645669292,1.0
TULP2,-0.48590528729823124,0.7322834645669292,1.0
NUCB1,-1.5870147919653954,0.3543307086614173,1.0
BAX,-1.1118459463889119,0.5118110236220472,1.0
FTL,-0.7883349785390106,0.4645669291338583,1.0
GYS1,-0.5878585466342288,0.7874015748031497,1.0
RUVBL2,-1.0351984903122875,0.4094488188976378,1.0
SNRNP70,-1.0232273646714125,0.5748031496062992,1.0
SLC6A16,0.4021213078661312,0.7795275590551181,1.0
CD37,-1.3781875257229572,0.18110236220472442,1.0
PIH1D1,-0.18402838174103087,0.9212598425196851,1.0
ALDH16A1,-0.20029919955308495,0.84251968503937,1.0
RPL13A,0.29154980565850863,0.7401574803149606,1.0
RPS11,0.3499789365880712,0.6377952755905512,1.0
FCGRT,-0.1524600662235036,0.7795275590551181,1.0
RCN3,1.3279463563637153,0.3700787401574803,1.0
NOSIP,-0.033105784803914684,1.0,1.0
RRAS,-0.732071368840667,0.7244094488188977,1.0
SCAF1,-1.7853833368100864,0.2440944881889764,1.0
IRF3,-0.027281683048252514,0.984251968503937,1.0
BCL2L12,-1.5799864615443098,0.29133858267716534,1.0
PRMT1,-1.3113501790525801,0.33858267716535434,1.0
AC011495.1,-0.2565979584493663,0.8346456692913385,1.0
AP2A1,-1.504105663373282,0.2755905511811024,1.0
MED25,0.7377866474734844,0.7637795275590551,1.0
PTOV1-AS1,-0.704719876655076,0.5826771653543307,1.0
PTOV1,-0.273459046446769,0.8818897637795275,1.0
PNKP,-0.24767181465871113,0.8110236220472441,1.0
AKT1S1,-0.20516200460168887,1.0,1.0
TBC1D17,-0.050896659360875285,1.0,1.0
NUP62,-1.2881296664987785,0.3858267716535433,1.0
ATF5,-0.5468070748402045,0.8110236220472441,1.0
VRK3,-2.337340905969902,0.2047244094488189,1.0
NR1H2,-0.1070514527116746,0.952755905511811,1.0
CLEC11A,-0.8628805139236356,0.44881889763779526,1.0
KLK5,-1.039980882523803,0.7244094488188977,1.0
KLK7,1.5772089621355105,0.48031496062992124,1.0
KLK11,1.220318712565391,0.5196850393700787,1.0
KLK12,2.962776322984008,0.1732283464566929,1.0
KLK13,1.347822127740093,0.5196850393700787,1.0
SIGLEC9,-0.8544785005794973,0.6220472440944882,1.0
CD33,0.8183824858922399,0.5826771653543307,1.0
VSIG10L,0.9084529758401145,0.6535433070866141,1.0
NKG7,0.051877755461610775,0.9763779527559056,1.0
SIGLEC10,1.7976075426395028,0.5275590551181102,1.0
SIGLEC5,-0.8227995774204309,0.5669291338582677,1.0
AC018755.4,0.05433038045587901,0.952755905511811,1.0
SIGLEC14,-0.6760338249763937,0.8110236220472441,1.0
SPACA6,0.2978362952235325,0.8110236220472441,1.0
HAS1,1.2065010929765614,0.44881889763779526,1.0
FPR1,-1.4738077535359153,0.9606299212598425,1.0
FPR2,-0.9314727055163665,0.905511811023622,1.0
ZNF350,-1.8922386685133243,0.18110236220472442,1.0
ZNF432,-0.19524579262788566,0.9212598425196851,1.0
ZNF841,1.070950447540779,0.4881889763779528,1.0
RPL37P23,-0.31470773073549063,0.7165354330708661,1.0
ZNF836,-0.09257963763478783,1.0,1.0
PPP2R1A,0.45511881643298846,0.3858267716535433,1.0
ZNF766,0.28896199966745595,0.84251968503937,1.0
ZNF480,-0.5208005332350392,0.7086614173228346,1.0
ZNF808,-0.16178548087584899,0.952755905511811,1.0
ZNF701,-0.7599943674388827,0.4881889763779528,1.0
ZNF83,-1.0272265424434348,0.48031496062992124,1.0
ZNF611,-3.041513960698445,0.023622047244094488,1.0
ZNF600,-0.7618459785538472,0.41732283464566927,1.0
ZNF28,-2.5763806818446984,0.03937007874015748,1.0
ZNF160,-2.6635255303567726,0.05511811023622047,1.0
AC092070.2,-1.8462642139512095,0.09448818897637795,1.0
NDUFV2P1,-0.609905609486211,0.6062992125984252,1.0
TPM3P9,-1.8946383775407802,0.2677165354330709,1.0
ZNF331,0.5138307288551234,0.5984251968503937,1.0
NLRP12,-0.07453690693344761,0.952755905511811,1.0
MYADM,-1.8679780068434804,0.6062992125984252,1.0
VSTM1,-2.5606902200667934,0.15748031496062992,1.0
OSCAR,-1.2952728807505949,0.5118110236220472,1.0
NDUFA3,-0.6541905683939726,0.6377952755905512,1.0
CNOT3,0.7591817588691299,0.5748031496062992,1.0
TMC4,-1.0301548837158692,0.48031496062992124,1.0
MBOAT7,-1.4420535721250483,0.6771653543307087,1.0
TSEN34,0.7965248916187591,0.08661417322834646,1.0
RPS9,0.010574213339335614,1.0,1.0
LILRB3,0.1446561273922491,0.8582677165354331,1.0
LILRA6,-1.616079910437576,0.3779527559055118,1.0
LILRB2,0.052908831325460426,0.984251968503937,1.0
AC245884.12,-1.9184801576384811,0.05511811023622047,1.0
AC245884.2,-0.40024555332704126,0.7637795275590551,1.0
LILRA5,-0.6867073508543218,0.984251968503937,1.0
AC245884.11,-1.230227944238032,0.3700787401574803,1.0
LAIR1,0.14601331982815235,0.9212598425196851,1.0
LENG8,-0.60237396340785,0.7874015748031497,1.0
LILRA2,-1.0436619445952093,0.6850393700787402,1.0
LILRA1,0.22390879043508471,0.952755905511811,1.0
FCAR,0.14705548968414917,0.889763779527559,1.0
AC245128.3,-1.137887793477482,0.5511811023622047,1.0
NCR1,-0.1767971592607278,0.952755905511811,1.0
EPS8L1,2.1618120174740887,0.1732283464566929,1.0
PPP1R12C,1.4902789898175595,0.2283464566929134,1.0
TMEM86B,-0.1331493733654998,0.952755905511811,1.0
PPP6R1,-2.386025004095657,0.09448818897637795,1.0
HSPBP1,1.1302721355769536,0.7244094488188977,1.0
RPL28,-0.798617000517674,0.6299212598425197,1.0
UBE2S,-1.472328253875208,0.3464566929133858,1.0
ZNF524,0.24559908301296285,0.84251968503937,1.0
ZNF865,-0.4997110017247328,0.7637795275590551,1.0
ZNF580,-0.6780602217827958,0.6850393700787402,1.0
ZNF581,-0.8966460856529348,0.4881889763779528,1.0
U2AF2,0.6842911690981373,0.8267716535433071,1.0
EPN1,0.06316252879538187,0.952755905511811,1.0
ZNF787,-1.3665564922871898,0.3937007874015748,1.0
ZNF583,-0.9902553625175068,0.29133858267716534,1.0
ZNF264,0.5555507693575086,0.7086614173228346,1.0
AC005261.4,0.28031529139844213,0.7637795275590551,1.0
AC005261.2,1.9727936004660687,0.047244094488188976,1.0
TRAPPC2B,-0.7573166699172715,0.6456692913385826,1.0
ZNF548,-0.49874035369428915,0.7637795275590551,1.0
ZNF776,-2.1156553341400404,0.07874015748031496,1.0
ZNF586,-0.93862006756424,0.5118110236220472,1.0
ZNF552,1.166330425636432,0.44881889763779526,1.0
ZNF587B,-0.27432958507749095,0.7637795275590551,1.0
ZNF814,-0.04534529164872225,0.9291338582677166,1.0
ZNF587,0.5499729245743956,0.5275590551181102,1.0
ZSCAN18,0.19607669139958173,1.0,1.0
ZNF274,-1.1235952591787282,0.33858267716535434,1.0
ZNF8,-1.2320171398564228,0.2283464566929134,1.0
ERVK3-1,1.1915890444573447,0.30708661417322836,1.0
RPS5,-0.08560427873999465,0.9133858267716536,1.0
LINC02560,1.1275103714250319,0.8818897637795275,1.0
TRIM28,1.7450356851525664,0.33070866141732286,1.0
CHMP2A,-0.05433761974575013,0.952755905511811,1.0
UBE2M,0.7929351181259277,0.6692913385826772,1.0
MZF1-AS1,-1.317102198791138,0.4566929133858268,1.0
CENPBD1P1,-1.0321126305942678,0.4015748031496063,1.0
RPS4Y1,-0.714862343697368,0.6850393700787402,1.0
ZFY,0.9535420498977409,0.44881889763779526,1.0
EIF4A1P2,0.701802684375743,0.6377952755905512,1.0
PRKY,-0.16929615350785499,0.9212598425196851,1.0
USP9Y,1.057094586297095,0.44881889763779526,1.0
DDX3Y,-0.73718535325265,0.9212598425196851,1.0
UTY,-0.28849564519524984,0.84251968503937,1.0
PSMA6P1,-0.1391919517387108,0.9212598425196851,1.0
TTTY14,-2.550660190901194,0.1732283464566929,1.0
CD24P4,1.080967231249296,0.5669291338582677,1.0
TXLNGY,0.23162905568246472,1.0,1.0
KDM5D,0.4535861655108909,0.84251968503937,1.0
EIF1AY,0.2954898853127994,1.0,1.0
AP000547.3,1.4832107679094828,0.4094488188976378,1.0
IL17RA,-1.9829719437051692,0.25196850393700787,1.0
TMEM121B,-1.0477186232539382,0.44881889763779526,1.0
HDHD5,1.4161570282039158,0.4094488188976378,1.0
ADA2,-0.7253959681224131,0.7007874015748031,1.0
ATP6V1E1,0.6774475494539427,0.18110236220472442,1.0
BCL2L13,-2.5639127579055923,0.12598425196850394,1.0
BID,-1.819609488487031,0.1889763779527559,1.0
LINC00528,-0.0400964986097776,0.9921259842519685,1.0
PEX26,-2.6105769748678043,0.031496062992125984,1.0
DGCR2,-1.4090449159792016,0.14173228346456693,1.0
ESS2,0.1032103533679507,1.0,1.0
SLC25A1,-0.0038757703643594876,1.0,1.0
CLTCL1,-0.7751965320102688,0.6062992125984252,1.0
HIRA,-1.155109569646692,0.3464566929133858,1.0
C22orf39,1.0569125751195125,0.3464566929133858,1.0
MRPL40,-0.3095399599759927,0.7637795275590551,1.0
UFD1,-1.9667366028023539,0.1732283464566929,1.0
RTL10,-0.369642275183514,0.8110236220472441,1.0
COMT,-0.5264071526343526,0.7874015748031497,1.0
TANGO2,-1.1855165976936162,0.1732283464566929,1.0
AC006547.1,-0.1989042396270826,0.8818897637795275,1.0
DGCR8,0.01448246381985796,1.0,1.0
RANBP1,-0.06638140933334702,0.952755905511811,1.0
MED15,-2.6817636312238338,0.09448818897637795,1.0
PI4KA,-2.0664380829845266,0.13385826771653545,1.0
SNAP29,-0.07408695046980984,0.8110236220472441,1.0
CRKL,-2.1425569506424043,0.1889763779527559,1.0
HIC2,0.29204472805760706,0.9212598425196851,1.0
UBE2L3,-0.4513212218686089,0.5118110236220472,1.0
SDF2L1,-0.2386886872320444,0.8818897637795275,1.0
MAPK1,0.1361640006569118,0.7795275590551181,1.0
PPM1F,1.4591914162159068,0.41732283464566927,1.0
AC245452.1,0.5755938517726613,0.49606299212598426,1.0
IGLV4-69,0.8333369897339543,1.0,1.0
IGLV8-61,0.03129784669025759,1.0,1.0
AC245060.4,0.4279700090985883,0.6220472440944882,1.0
IGLV1-44,0.3383213042595701,0.8110236220472441,1.0
IGLV2-23,0.8025760066338748,0.4881889763779528,1.0
IGLV2-14,0.45822961287658437,1.0,1.0
IGLV2-11,1.6235464890822913,0.16535433070866143,1.0
IGLV2-8,-4.167472863629918,0.1732283464566929,1.0
IGLC2,1.5807784122426387,0.5905511811023622,1.0
IGLC3,2.911818381990363,0.2677165354330709,1.0
IGLC7,0.16266784532910683,1.0,1.0
BCR,-0.8490537348328664,0.5669291338582677,1.0
AP000347.1,0.3255757552726042,0.7322834645669292,1.0
RGL4,-0.4339721499432616,0.84251968503937,1.0
CHCHD10,-0.646326714750393,0.6062992125984252,1.0
SMARCB1,0.190463074088274,1.0,1.0
DERL3,1.739874878876587,0.3858267716535433,1.0
CABIN1,-0.005127030186997228,1.0,1.0
AP000354.1,1.141860910378678,0.3858267716535433,1.0
SPECC1L,0.49841921650868803,0.7401574803149606,1.0
ADORA2A-AS1,0.527323188736176,0.8110236220472441,1.0
UPB1,-0.1603881046965827,0.889763779527559,1.0
GUCD1,-0.6079131757332021,0.7322834645669292,1.0
SNRPD3,-0.8221860496257385,0.11811023622047244,1.0
GGT1,-1.0591048810042802,0.29133858267716534,1.0
LRRC75B,1.293607937011387,0.5669291338582677,1.0
LRP5L,-0.7878847559630173,0.6062992125984252,1.0
CRYBB2P1,-1.3132301088578633,0.33858267716535434,1.0
GRK3,0.7228044229333427,0.5275590551181102,1.0
HPS4,1.4833238937885995,0.30708661417322836,1.0
TPST2,-1.6856598974911412,0.2283464566929134,1.0
MIAT,1.2720530558465961,0.4566929133858268,1.0
PITPNB,0.3018947949775348,0.8582677165354331,1.0
CHEK2,1.1395604050235302,0.4094488188976378,1.0
CCDC117,-2.005826331811112,0.2204724409448819,1.0
XBP1,-0.05895420106096605,0.9606299212598425,1.0
KREMEN1,2.4094886625425964,0.06299212598425197,1.0
EWSR1,-1.546590979982458,0.5196850393700787,1.0
AP1B1,-0.8458789870338337,0.4330708661417323,1.0
THOC5,-0.2742520639763435,0.8582677165354331,1.0
NIPSNAP1,0.47203575016597177,0.7637795275590551,1.0
UQCR10,-0.6514571122343602,0.33070866141732286,1.0
ASCC2,0.21211697129471752,0.8661417322834646,1.0
MTMR3,0.34183425834680214,0.8582677165354331,1.0
AC003681.1,0.37325401348253084,0.7322834645669292,1.0
LIF,2.107061244633006,0.11811023622047244,1.0
OSM,-0.09568484725008375,0.8818897637795275,1.0
AC004264.2,-0.18098318241028055,0.84251968503937,1.0
TBC1D10A,0.38568430028617007,0.9606299212598425,1.0
SF3A1,-1.1875457297153407,0.7559055118110236,1.0
CCDC157,-2.0049325783327006,0.09448818897637795,1.0
DUSP18,-1.1254433785339333,0.30708661417322836,1.0
TUG1,-1.1523106179111346,0.6771653543307087,1.0
SMTN,0.6168978531685796,1.0,1.0
RNF185,-0.3020148112704373,0.6220472440944882,1.0
LIMK2,0.4577820940510424,0.5354330708661418,1.0
PIK3IP1,-0.404792957781952,0.8503937007874016,1.0
PATZ1,-0.8184902874019516,0.5275590551181102,1.0
DRG1,0.7647673173187517,0.5748031496062992,1.0
EIF4ENIF1,-1.3854370760179286,0.2755905511811024,1.0
SFI1,-1.5609013406666772,0.09448818897637795,1.0
PISD,1.8531334583181422,0.2440944881889764,1.0
PRR14L,-1.2165783507365049,0.48031496062992124,1.0
DEPDC5,-0.8969408528248389,0.3858267716535433,1.0
YWHAH,-3.4488361558087446,0.07874015748031496,1.0
Z74021.1,1.1897337990968144,0.44881889763779526,1.0
SLC5A1,0.10427170116538043,0.9212598425196851,1.0
RTCB,-0.5729695763443772,0.6692913385826772,1.0
FBXO7,-1.8396981499907334,0.23622047244094488,1.0
TIMP3,0.1275942403305077,1.0,1.0
HMGXB4,1.9162992489000095,0.10236220472440945,1.0
AL008635.1,0.675624779932607,0.4645669291338583,1.0
TOM1,0.3832904712115788,0.7244094488188977,1.0
HMOX1,-0.7354991048712884,0.5905511811023622,1.0
MCM5,-0.16395263177852915,0.9212598425196851,1.0
APOL6,-0.8501333372790016,0.3228346456692913,1.0
RBFOX2,1.452748985047444,0.5669291338582677,1.0
APOL3,0.6371982074920748,0.6220472440944882,1.0
APOL2,-1.1624832973438686,0.5039370078740157,1.0
APOL1,-0.761996046008528,0.6299212598425197,1.0
MYH9,-0.1731527013109755,0.8188976377952756,1.0
RPS15AP38,0.06636577263391308,1.0,1.0
TXN2,-0.5791957710667877,0.1732283464566929,1.0
EIF3D,1.1488715315050904,0.4094488188976378,1.0
NCF4,-1.7942365878323754,0.5039370078740157,1.0
CSF2RB,-0.7685369201406287,0.9212598425196851,1.0
TST,1.5006636667683102,0.3700787401574803,1.0
MPST,1.1321090246415895,0.5275590551181102,1.0
IL2RB,0.3888896994993871,0.8110236220472441,1.0
RAC2,-2.092581201254882,0.7322834645669292,1.0
CYTH4,0.5665905184580229,0.6377952755905512,1.0
MFNG,-0.11245729156606865,0.952755905511811,1.0
CDC42EP1,1.5643706780583335,0.41732283464566927,1.0
GGA1,0.22659121940977123,0.6299212598425197,1.0
SH3BP1,2.2500093954452574,0.031496062992125984,1.0
LGALS1,1.1699125700184934,0.4566929133858268,1.0
TRIOBP,-0.8921870419384375,0.29133858267716534,1.0
H1F0,0.35902734086817034,0.8661417322834646,1.0
EIF3L,0.8974199190831069,0.4645669291338583,1.0
AL031587.6,-0.7775031183827364,0.5669291338582677,1.0
PLA2G6,-1.5271227280225972,0.09448818897637795,1.0
MAFF,-0.09357878645684625,0.905511811023622,1.0
TMEM184B,0.6843697369818633,0.1889763779527559,1.0
CSNK1E,1.4812878613035605,0.2755905511811024,1.0
KDELR3,-1.672147290347771,0.1732283464566929,1.0
DDX17,-0.286052243351973,0.6614173228346457,1.0
TOMM22,0.7547487091429579,0.7165354330708661,1.0
JOSD1,-0.2833282310420202,0.7637795275590551,1.0
GTPBP1,0.5262019694588576,0.7637795275590551,1.0
SUN2,-1.079957586501736,0.5275590551181102,1.0
AL021707.8,-0.23485558368283277,0.8267716535433071,1.0
AL021707.1,-0.9498350936247683,0.3700787401574803,1.0
AL021707.6,-1.0246395626481113,0.5354330708661418,1.0
AL021707.7,1.7210479884695982,0.2677165354330709,1.0
DNAL4,-0.09116646597659961,0.9212598425196851,1.0
CBX6,-0.3049416387908046,0.9921259842519685,1.0
APOBEC3A,0.293171385792129,0.6771653543307087,1.0
APOBEC3C,1.157008462236389,0.4251968503937008,1.0
APOBEC3G,-1.2405747851708933,0.4330708661417323,1.0
CBX7,-0.9074091710473309,0.6220472440944882,1.0
RPL3,-0.6101718109992991,0.25196850393700787,1.0
MIEF1,-0.7568014742508704,0.5196850393700787,1.0
ATF4,-0.19561282159983318,0.7480314960629921,1.0
RPS19BP1,1.2985511997150505,0.47244094488188976,1.0
GRAP2,-0.32879188490297584,0.7637795275590551,1.0
TNRC6B,-1.124155756528049,0.7716535433070866,1.0
MKL1,-1.6100731555324628,0.3858267716535433,1.0
ST13,-1.5320988860720726,0.2677165354330709,1.0
RBX1,1.4568787235569483,0.33858267716535434,1.0
AL080243.2,-0.29796476776314074,0.84251968503937,1.0
EP300,-1.471660420659437,0.6377952755905512,1.0
L3MBTL2,0.08120580079955908,0.9291338582677166,1.0
RANGAP1,1.4601787765769805,0.2440944881889764,1.0
ZC3H7B,-1.8098917043463931,0.09448818897637795,1.0
TOB2,-3.1389726079435016,0.031496062992125984,1.0
PHF5A,-0.7018116460695509,0.6456692913385826,1.0
PMM1,-1.1935132517274918,0.48031496062992124,1.0
DESI1,-0.5629540757569531,0.6456692913385826,1.0
XRCC6,1.232455964886844,0.3937007874015748,1.0
SNU13,-0.6239460353884869,0.4015748031496063,1.0
C22orf46,-0.9828102579445643,0.44881889763779526,1.0
MEI1,-1.511635654894177,0.33858267716535434,1.0
AL021453.1,-0.09271381707402848,0.968503937007874,1.0
SREBF2,1.3750181590036592,0.3937007874015748,1.0
NAGA,1.01164928003426,0.4645669291338583,1.0
SMDT1,-0.28541910600357845,0.7874015748031497,1.0
NDUFA6,0.8299677296944128,0.5590551181102362,1.0
NDUFA6-AS1,0.14103244858519548,0.968503937007874,1.0
TCF20,1.8190138134091423,0.09448818897637795,1.0
NFAM1,-1.1490989004038115,0.7716535433070866,1.0
RRP7A,0.8011035532565985,0.6062992125984252,1.0
POLDIP3,-0.7137534691837275,0.6929133858267716,1.0
CYB5R3,0.7339254312091965,0.7007874015748031,1.0
RPL5P34,-0.005772209263932737,1.0,1.0
ARFGAP3,0.5523044474086882,0.25984251968503935,1.0
PACSIN2,-1.0651517695885353,0.6535433070866141,1.0
MCAT,0.802096172685481,0.49606299212598426,1.0
TSPO,-0.5564063109757305,0.8031496062992126,1.0
TTLL12,-0.18720229073761518,1.0,1.0
AL035398.1,-1.1995971111533374,0.31496062992125984,1.0
PARVB,1.2177179330063765,0.3700787401574803,1.0
PARVG,-1.7242294499709452,0.3228346456692913,1.0
NUP50-AS1,-1.089320959829391,0.4251968503937008,1.0
NUP50,-2.079783914633153,0.1889763779527559,1.0
KIAA0930,0.2314069739840967,0.8818897637795275,1.0
FAM118A,1.0974468167304439,0.3700787401574803,1.0
FBLN1,0.19363506304564093,0.84251968503937,1.0
ATXN10,-0.7732822696176089,0.5748031496062992,1.0
PRR34-AS1,0.0864764254354613,0.8818897637795275,1.0
PPARA,-0.11044494846327624,1.0,1.0
TTC38,0.11710995489142317,0.952755905511811,1.0
GRAMD4,-1.5493621768232881,0.1732283464566929,1.0
CERK,-1.744852513668559,0.3543307086614173,1.0
AL118516.1,-0.11045140870347359,0.9763779527559056,1.0
TBC1D22A,0.7412967967303317,0.5669291338582677,1.0
BRD1,0.8142528614084221,0.5196850393700787,1.0
ZBED4,-1.332192297909057,0.1732283464566929,1.0
CRELD2,0.45291676670065506,0.5433070866141733,1.0
PIM3,1.1192034522395664,0.6062992125984252,1.0
PANX2,-0.6513407340408085,0.6850393700787402,1.0
TRABD,-1.144406183490335,0.4645669291338583,1.0
SELENOO,-1.7345882915922783,0.2125984251968504,1.0
TUBGCP6,-1.3319628610115117,0.29133858267716534,1.0
HDAC10,-0.8336454336740622,0.6062992125984252,1.0
PLXNB2,1.5247536521640646,0.5669291338582677,1.0
PPP6R2,-1.182829078531341,0.4015748031496063,1.0
LMF2,-0.8012505684740696,0.5984251968503937,1.0
NCAPH2,-0.3588347481211285,0.8818897637795275,1.0
SCO2,-1.602363683935768,0.29133858267716534,1.0
TYMP,0.7649916129573606,0.28346456692913385,1.0
ODF3B,1.1087678020348255,0.5748031496062992,1.0
U62317.2,-0.7477247696973985,0.6456692913385826,1.0
ARSA,0.36260566352473855,0.7874015748031497,1.0
RABL2B,-1.555443353676183,0.16535433070866143,1.0
CU639417.1,0.6050385682663895,0.6850393700787402,1.0
HSPA13,0.5198267850110772,0.6377952755905512,1.0
SAMSN1,0.17589864608330252,0.968503937007874,1.0
AF130351.1,-1.494770135844559,0.29133858267716534,1.0
NRIP1,-1.3720438470235683,0.3228346456692913,1.0
USP25,-1.0319596464972136,0.6299212598425197,1.0
BTG3,0.26158665987547014,0.952755905511811,1.0
C21orf91,-0.5202408135954784,0.5826771653543307,1.0
PPIAP22,-1.4120307106314431,0.3543307086614173,1.0
AP000568.1,0.34850652729898546,0.8818897637795275,1.0
ATP5J,-0.2566895407324994,0.5748031496062992,1.0
GABPA,-1.5728725250687337,0.12598425196850394,1.0
APP,-0.16941519381690728,0.8976377952755905,1.0
ADAMTS1,0.8893484343428201,0.5669291338582677,1.0
LTN1,1.2287635786435285,0.3858267716535433,1.0
USP16,0.1761340908576825,0.7007874015748031,1.0
CCT8,-0.4654788180124516,0.5511811023622047,1.0
BACH1,-1.086633662866646,0.7716535433070866,1.0
GAPDHP14,1.1888793419059747,0.44881889763779526,1.0
BACH1-IT1,-0.17471734752220458,0.8582677165354331,1.0
AP000240.1,1.367255898629811,0.25196850393700787,1.0
TIAM1,2.4807933158822384,0.2125984251968504,1.0
SOD1,-0.7168872073519292,0.2125984251968504,1.0
SCAF4,0.07708479982500238,0.952755905511811,1.0
SYNJ1,0.41027592769836563,0.6850393700787402,1.0
PAXBP1,0.6876677029165092,0.6062992125984252,1.0
IFNAR2,0.6017086556044351,0.3779527559055118,1.0
IL10RB-AS1,-0.37708014326512895,0.7952755905511811,1.0
IL10RB,-0.56025875684906,0.984251968503937,1.0
IFNAR1,-0.6935498059746861,0.952755905511811,1.0
IFNGR2,0.23360848617061247,0.6535433070866141,1.0
TMEM50B,-0.8971782824696257,0.5984251968503937,1.0
GART,-0.964829424002658,0.48031496062992124,1.0
SON,-0.4928555587340986,0.5511811023622047,1.0
DONSON,0.4025933818182219,0.7952755905511811,1.0
CRYZL1,-0.2562828896666871,0.7637795275590551,1.0
ITSN1,0.8857460050514,0.5669291338582677,1.0
ATP5O,-1.4764993172365184,0.2440944881889764,1.0
MRPS6,-0.7813493872612511,0.7086614173228346,1.0
SLC5A3,-0.12150470282099457,0.905511811023622,1.0
KCNE1,-1.618204428618741,0.2677165354330709,1.0
RCAN1,-1.2795910454372381,0.2992125984251969,1.0
RUNX1,-2.3235526799240396,0.07874015748031496,1.0
CBR1,1.2555340491385085,0.29133858267716534,1.0
CBR3-AS1,-0.1689500224572389,1.0,1.0
CBR3,-0.13389167301277216,1.0,1.0
DOPEY2,-1.3124814389469537,0.33858267716535434,1.0
MORC3,-1.3477843891639614,0.4015748031496063,1.0
PIGP,1.2237253699244701,0.31496062992125984,1.0
TTC3,-1.6806960178552264,0.16535433070866143,1.0
DSCR3,-0.11119452834098276,0.8818897637795275,1.0
AP001437.1,-0.24474464102835025,0.84251968503937,1.0
DYRK1A,0.2993182570649946,0.5511811023622047,1.0
KCNJ15,-1.0600809356529268,0.889763779527559,1.0
ERG,-0.12297776816951966,1.0,1.0
ETS2,-1.1149758134328325,0.9448818897637795,1.0
PSMG1,0.5776617720619539,0.6062992125984252,1.0
BRWD1,-1.579853891283466,0.28346456692913385,1.0
HMGN1,-0.4004711520883637,0.6771653543307087,1.0
WRB,-3.4196140159451294,0.015748031496062992,1.0
BACE2,-0.06143199663290133,1.0,1.0
FAM3B,-1.3807325925744203,0.5905511811023622,1.0
MX2,-0.27247913643549815,0.8661417322834646,1.0
MX1,-1.234819220473903,0.5826771653543307,1.0
ZBTB21,1.2979479951155062,0.4015748031496063,1.0
ABCG1,2.51871465416884,0.1968503937007874,1.0
TFF3,-2.3755789559205254,0.1732283464566929,1.0
SLC37A1,-0.6560547003108304,0.6850393700787402,1.0
NDUFV3,1.593619965401937,0.2125984251968504,1.0
PKNOX1,-0.16024845919649078,0.952755905511811,1.0
U2AF1,-1.1460340724293827,0.33858267716535434,1.0
RRP1B,-1.1467614546357665,0.2440944881889764,1.0
PDXK,-2.1872454535443935,0.2440944881889764,1.0
CSTB,0.5709872553726765,0.8031496062992126,1.0
AGPAT3,0.20355321624212586,0.7874015748031497,1.0
TRAPPC10,0.7809705958345372,0.31496062992125984,1.0
PFKL,-0.45462945440432967,0.6850393700787402,1.0
UBE2G2,-0.6097954442151607,0.7637795275590551,1.0
SUMO3,-0.47940999950226537,0.5511811023622047,1.0
PTTG1IP,-0.810124881759144,0.8661417322834646,1.0
ITGB2,-0.37558245375728383,0.5118110236220472,1.0
ITGB2-AS1,-1.2275101799319095,0.31496062992125984,1.0
AP001505.2,0.10617297484022514,0.9212598425196851,1.0
ADARB1,-0.6702407885936488,0.6850393700787402,1.0
POFUT2,-1.7414487782229502,0.2283464566929134,1.0
COL18A1,0.2524753067361283,1.0,1.0
SLC19A1,-1.5980668012560786,0.23622047244094488,1.0
COL6A1,1.6419605229492094,0.4094488188976378,1.0
COL6A2,1.109600003506657,0.5669291338582677,1.0
YBEY,-0.08937334141771958,0.952755905511811,1.0
PCNT,-1.9294353905226684,0.14173228346456693,1.0
DIP2A,-0.17229756750721048,0.9291338582677166,1.0
PRMT2,-1.373850292507088,0.49606299212598426,1.0
MT-TF,-0.8884817223307979,0.6850393700787402,1.0
MT-RNR1,-0.32033221585641236,0.937007874015748,1.0
MT-TV,-0.34867891454121747,0.4094488188976378,1.0
MT-RNR2,-0.35858204934814175,0.8267716535433071,1.0
MT-TL1,0.2818571156087186,0.6614173228346457,1.0
MT-ND1,-0.476727938655662,0.4566929133858268,1.0
MT-TM,0.30054827455656197,0.7637795275590551,1.0
MT-ND2,-0.27781904195546403,0.6220472440944882,1.0
MT-CO1,-0.5379142147674827,0.6535433070866141,1.0
MT-CO2,-0.4540374179857132,0.4881889763779528,1.0
MT-ATP8,-0.20956987036798402,0.8503937007874016,1.0
MT-ATP6,-0.2935398423768998,0.6614173228346457,1.0
MT-CO3,-0.664380935691872,0.4566929133858268,1.0
MT-ND3,-0.24617925570310284,0.6141732283464567,1.0
MT-ND4L,-0.39790071730831755,0.6141732283464567,1.0
MT-ND4,-0.3974981117663461,0.4566929133858268,1.0
MT-ND5,0.17764706787459872,0.7795275590551181,1.0
MT-ND6,-0.10139252107631336,0.905511811023622,1.0
MT-CYB,-0.1438408955395012,0.8110236220472441,1.0
AC240274.1,-2.301902682303747,0.05511811023622047,1.0
