gene,log2FC,p_perm,FDR
MTND1P23,1.1731800027718076,0.6388888888888888,0.9393265826953157
MTND2P28,-0.9527184220668552,0.05555555555555555,0.6630636913063691
MTCO1P12,-0.3134859322346224,0.6944444444444444,0.9526327507514194
MTCO2P12,1.1874290367674827,0.4166666666666667,0.8228048921195339
MTATP6P1,-0.3228927257354055,0.5555555555555556,0.9063324119086202
MTCO3P12,-0.9673080088439026,0.25,0.7407166969618281
AL669831.4,-2.0637938644401013,0.2777777777777778,0.7530160238642064
LINC01128,-0.4987049955128664,0.7777777777777778,0.9616866541443916
AL645608.8,0.2680498656961393,1.0,1.0
HES4,0.7545625544285918,0.6666666666666666,0.9393265826953157
ISG15,3.004626423359693,0.25,0.7407166969618281
AGRN,2.5217520779865494,0.05555555555555555,0.6630636913063691
AL390719.1,2.13492048323572,0.3333333333333333,0.7714672075726842
TNFRSF18,1.0279325785036328,0.5833333333333334,0.9145140606393699
TNFRSF4,2.6177167696130135,0.16666666666666666,0.6630636913063691
SDF4,1.9166981460200745,0.4722222222222222,0.8663629460895975
B3GALT6,1.367741289400794,0.1388888888888889,0.6630636913063691
UBE2J2,2.8389780743261492,0.1388888888888889,0.6630636913063691
ACAP3,2.1788260469898435,0.16666666666666666,0.6630636913063691
INTS11,-0.41260852345867804,0.8888888888888888,0.9842040002156449
CPTP,-0.5841012505354728,0.6944444444444444,0.9526327507514194
DVL1,0.018391127045808586,1.0,1.0
AURKAIP1,0.9034410099543795,0.3333333333333333,0.7714672075726842
CCNL2,0.09236789246359756,0.9166666666666666,0.9920484365613835
MRPL20,3.5412628907613444,0.05555555555555555,0.6630636913063691
ANKRD65,1.843096921311243,0.16666666666666666,0.6630636913063691
VWA1,2.0823236002221064,0.16666666666666666,0.6630636913063691
ATAD3C,0.45158963729393364,0.75,0.9526327507514194
ATAD3B,0.5394293924343225,0.6666666666666666,0.9393265826953157
ATAD3A,2.077594149814502,0.16666666666666666,0.6630636913063691
SSU72,0.579769556981212,0.3055555555555556,0.7689432926530413
FNDC10,1.5291225179322678,0.4166666666666667,0.8228048921195339
AL691432.2,0.592579701492173,0.75,0.9526327507514194
MIB2,0.9069988129103403,0.5833333333333334,0.9145140606393699
CDK11B,2.2649431026717863,0.08333333333333333,0.6630636913063691
SLC35E2B,0.5298330044275752,0.7222222222222222,0.9526327507514194
NADK,3.271362169177984,0.05555555555555555,0.6630636913063691
GNB1,0.43558586178488135,0.05555555555555555,0.6630636913063691
FAAP20,-0.29068190709465336,0.8055555555555556,0.9696444353796996
SKI,-0.4312320300586334,0.2222222222222222,0.7242375194388904
RER1,0.4363172556318702,0.3055555555555556,0.7689432926530413
TNFRSF14,1.9830060610676008,0.08333333333333333,0.6630636913063691
FAM213B,-0.4391686730242803,0.3888888888888889,0.8209476821872752
MEGF6,0.5159073707528985,0.75,0.9526327507514194
TPRG1L,0.30855515846200277,0.6944444444444444,0.9526327507514194
WRAP73,2.1051697979812984,0.19444444444444445,0.6998773221170698
TP73-AS1,2.08986360276025,0.2222222222222222,0.7242375194388904
SMIM1,0.9576167424586297,0.6666666666666666,0.9393265826953157
LRRC47,-0.64335829824069,0.4444444444444444,0.8447628037832934
CEP104,-0.047155155701770646,0.8333333333333334,0.9696444353796996
DFFB,0.41380945381956247,0.75,0.9526327507514194
C1orf174,3.119664144858719,0.1111111111111111,0.6630636913063691
NPHP4,-1.7808584611624538,0.4166666666666667,0.8228048921195339
KCNAB2,0.9625950380940607,0.8055555555555556,0.9696444353796996
RPL22,-0.46948678602398886,0.2222222222222222,0.7242375194388904
ICMT,1.6155603470766082,0.16666666666666666,0.6630636913063691
GPR153,1.496282701990617,0.4722222222222222,0.8663629460895975
ACOT7,-0.72187594736865,0.2222222222222222,0.7242375194388904
NOL9,-0.715259074631077,0.5,0.8663629460895975
ZBTB48,-0.5651574645004098,0.7222222222222222,0.9526327507514194
KLHL21,0.4259041875905223,0.9444444444444444,1.0
PHF13,0.9872970714338369,0.6944444444444444,0.9526327507514194
DNAJC11,0.5147624440037979,0.75,0.9526327507514194
CAMTA1,-0.42459130171345283,0.5,0.8663629460895975
VAMP3,-0.16320968203605712,0.6111111111111112,0.9285893964279902
PER3,-0.6382130736741995,0.7222222222222222,0.9526327507514194
UTS2,-0.47554937016226884,0.6388888888888888,0.9393265826953157
TNFRSF9,3.015628169686942,0.2222222222222222,0.7242375194388904
PARK7,0.8327653439055416,0.2222222222222222,0.7242375194388904
Y_RNA,-0.018576587286912805,1.0,1.0
ERRFI1,0.3082579608001259,0.8333333333333334,0.9696444353796996
RERE,-0.3269927454345867,0.3333333333333333,0.7714672075726842
ENO1,0.7117874601582104,0.16666666666666666,0.6630636913063691
GPR157,0.34659086475902945,0.8333333333333334,0.9696444353796996
H6PD,1.0304879006267758,0.2222222222222222,0.7242375194388904
SPSB1,1.9047871572062713,0.25,0.7407166969618281
SLC25A33,0.6740660130774905,0.8333333333333334,0.9696444353796996
TMEM201,2.7325086368863847,0.05555555555555555,0.6630636913063691
PIK3CD,-0.3587467916104332,0.5,0.8663629460895975
PIK3CD-AS2,2.0891969924075453,0.25,0.7407166969618281
CLSTN1,-0.5536721299650189,0.3333333333333333,0.7714672075726842
CTNNBIP1,1.4760340435952142,0.3333333333333333,0.7714672075726842
LZIC,0.05496550903975095,0.9444444444444444,1.0
NMNAT1,0.8272313508112088,0.75,0.9526327507514194
UBE4B,0.2244442567634648,0.5833333333333334,0.9145140606393699
KIF1B,1.378271856724652,0.4444444444444444,0.8447628037832934
PGD,0.7504865607146662,0.6666666666666666,0.9393265826953157
DFFA,0.01185764400806022,0.9444444444444444,1.0
PEX14,0.4373193595216902,0.7777777777777778,0.9616866541443916
CASZ1,2.3082092445836055,0.16666666666666666,0.6630636913063691
TARDBP,-0.9072738574649568,0.05555555555555555,0.6630636913063691
SRM,1.8171257447494202,0.25,0.7407166969618281
EXOSC10,0.3559840792558564,0.4722222222222222,0.8663629460895975
MTOR,3.139886035548069,0.08333333333333333,0.6630636913063691
UBIAD1,2.589220843682063,0.16666666666666666,0.6630636913063691
FBXO44,0.13648469131837526,0.9444444444444444,1.0
FBXO6,2.930697680598048,0.05555555555555555,0.6630636913063691
MAD2L2,4.109951932506445,0.05555555555555555,0.6630636913063691
AGTRAP,2.3529856302976544,0.05555555555555555,0.6630636913063691
MTHFR,2.0819847123916033,0.1111111111111111,0.6630636913063691
CLCN6,1.0001333125158776,0.6111111111111112,0.9285893964279902
KIAA2013,3.5479663253155893,0.1111111111111111,0.6630636913063691
PLOD1,3.034683932497961,0.08333333333333333,0.6630636913063691
MFN2,1.4526912638733296,0.4444444444444444,0.8447628037832934
MIIP,1.7565110273545472,0.3333333333333333,0.7714672075726842
TNFRSF8,1.820733127663614,0.16666666666666666,0.6630636913063691
TNFRSF1B,0.6115049144289482,0.7222222222222222,0.9526327507514194
VPS13D,0.11297532873918303,0.8333333333333334,0.9696444353796996
PRDM2,-0.6074809004784214,0.2777777777777778,0.7530160238642064
KAZN,2.1522986917348983,0.3055555555555556,0.7689432926530413
EFHD2,0.09167559722810203,0.7777777777777778,0.9616866541443916
CASP9,-0.9857923102451189,0.5833333333333334,0.9145140606393699
DNAJC16,0.646674456886799,0.8888888888888888,0.9842040002156449
DDI2,1.435766927467046,0.4722222222222222,0.8663629460895975
PLEKHM2,2.0705625608772893,0.3611111111111111,0.797730450683016
UQCRHL,-0.5332292875029143,0.5,0.8663629460895975
AL450998.1,-0.15423844405769316,0.9166666666666666,0.9920484365613835
FLJ37453,-0.25840477256283956,1.0,1.0
SPEN,-0.3695809926420468,0.05555555555555555,0.6630636913063691
ZBTB17,1.406776399191331,0.4166666666666667,0.8228048921195339
FBXO42,1.0669753362503687,0.5555555555555556,0.9063324119086202
SZRD1,-1.6628644423455183,0.3333333333333333,0.7714672075726842
NECAP2,0.10641149274278128,0.8888888888888888,0.9842040002156449
NBPF1,-1.65719787042678,0.05555555555555555,0.6630636913063691
CROCCP2,-1.0227130291609088,0.08333333333333333,0.6630636913063691
MST1P2,-0.665720660704878,0.8888888888888888,0.9842040002156449
EIF1AXP1,0.157517117621917,0.75,0.9526327507514194
CROCC,-0.4700145742364459,0.75,0.9526327507514194
BX284668.5,1.6040867181802774,0.25,0.7407166969618281
ATP13A2,3.0043570320068835,0.1111111111111111,0.6630636913063691
SDHB,-0.3540606388378498,0.3611111111111111,0.797730450683016
PADI2,-0.719433149471354,0.1111111111111111,0.6630636913063691
RCC2,1.8316656380867933,0.25,0.7407166969618281
KLHDC7A,1.267259094389264,0.6111111111111112,0.9285893964279902
ALDH4A1,-0.7244402934618002,0.05555555555555555,0.6630636913063691
IFFO2,1.4965338292911592,0.4722222222222222,0.8663629460895975
UBR4,0.44272940079329537,0.1111111111111111,0.6630636913063691
EMC1,1.7824144266287951,0.1388888888888889,0.6630636913063691
MRTO4,1.8907870599742356,0.25,0.7407166969618281
AKR7A2,1.79260312700431,0.19444444444444445,0.6998773221170698
PQLC2,-1.4754283724371078,0.2777777777777778,0.7530160238642064
CAPZB,0.4840126405589231,0.3333333333333333,0.7714672075726842
MINOS1,1.754337032282815,0.3333333333333333,0.7714672075726842
AL031727.1,1.358570569020661,0.7222222222222222,0.9526327507514194
NBL1,0.5792792980473751,0.75,0.9526327507514194
TMCO4,1.7028654423301928,0.25,0.7407166969618281
OTUD3,1.3230231382138624,0.3055555555555556,0.7689432926530413
Z98257.1,0.24193981833372824,0.8333333333333334,0.9696444353796996
UBXN10-AS1,4.336772687654552,0.05555555555555555,0.6630636913063691
UBXN10,4.317538072214863,0.05555555555555555,0.6630636913063691
CAMK2N1,3.0454382061879888,0.05555555555555555,0.6630636913063691
MUL1,2.843176768696078,0.05555555555555555,0.6630636913063691
DDOST,-0.18109892959131013,0.6388888888888888,0.9393265826953157
HP1BP3,0.2563995294905608,0.3333333333333333,0.7714672075726842
EIF4G3,-0.021201173587649613,0.9166666666666666,0.9920484365613835
ECE1,0.5902397267563182,0.2777777777777778,0.7530160238642064
USP48,-0.4710726611820659,0.2222222222222222,0.7242375194388904
LDLRAD2,-0.574795588008904,0.8888888888888888,0.9842040002156449
HSPG2,1.385437273091903,0.2222222222222222,0.7242375194388904
LINC00339,2.914718465169803,0.05555555555555555,0.6630636913063691
CDC42,0.033658810295081665,0.7222222222222222,0.9526327507514194
ZBTB40,0.8789771009853946,0.7777777777777778,0.9616866541443916
C1QB,0.39823205312103527,1.0,1.0
KDM1A,-0.44294520133048554,0.5,0.8663629460895975
LUZP1,3.633468869266207,0.05555555555555555,0.6630636913063691
HNRNPR,-0.6755610925084197,0.25,0.7407166969618281
ZNF436,-0.09227501060671717,0.9722222222222222,1.0
ID3,3.1880371648961257,0.16666666666666666,0.6630636913063691
RPL11,-0.5050676710801749,0.1388888888888889,0.6630636913063691
ELOA,-0.6667655659676281,0.19444444444444445,0.6998773221170698
PITHD1,-0.14521864099783333,0.8888888888888888,0.9842040002156449
LYPLA2,2.3546463840477942,0.16666666666666666,0.6630636913063691
GALE,-0.49937583072079406,0.6666666666666666,0.9393265826953157
HMGCL,-0.2378650889200462,0.5833333333333334,0.9145140606393699
FUCA1,0.7690428057322927,0.6666666666666666,0.9393265826953157
PNRC2,0.00020383110827015827,1.0,1.0
SRSF10,-0.05996779935928043,0.9444444444444444,1.0
NIPAL3,3.2974449926278018,0.1111111111111111,0.6630636913063691
RCAN3,2.065198043878846,0.08333333333333333,0.6630636913063691
SRRM1,-0.7704053497072856,0.05555555555555555,0.6630636913063691
CLIC4,1.1018168105343351,0.2777777777777778,0.7530160238642064
RUNX3,0.5867992044566739,0.1111111111111111,0.6630636913063691
SYF2,-0.35988655959477533,0.3611111111111111,0.797730450683016
RSRP1,0.019607930205663315,0.9444444444444444,1.0
RHD,-0.23338903339620853,0.9166666666666666,0.9920484365613835
TMEM50A,-0.14728159577015543,0.6944444444444444,0.9526327507514194
TMEM57,0.3430775033199023,0.4166666666666667,0.8228048921195339
LDLRAP1,1.60355172296889,0.3333333333333333,0.7714672075726842
MAN1C1,2.4573076304202948,0.08333333333333333,0.6630636913063691
SELENON,1.55771179920667,0.3333333333333333,0.7714672075726842
MTFR1L,-0.5055077179144094,0.25,0.7407166969618281
PAQR7,0.5876228643049286,0.4444444444444444,0.8447628037832934
STMN1,0.1119307942173311,0.8888888888888888,0.9842040002156449
PAFAH2,1.3129707566028332,0.6944444444444444,0.9526327507514194
SLC30A2,1.779946431782042,0.3333333333333333,0.7714672075726842
TRIM63,-2.6237500333721724,0.08333333333333333,0.6630636913063691
PDIK1L,-1.3441470153919681,0.1111111111111111,0.6630636913063691
CEP85,0.5323561180039853,0.3055555555555556,0.7689432926530413
SH3BGRL3,3.338496284985325,0.08333333333333333,0.6630636913063691
UBXN11,1.8260604691673463,0.2222222222222222,0.7242375194388904
CD52,1.5878634351435137,0.05555555555555555,0.6630636913063691
DHDDS,-0.14383211821305508,0.7777777777777778,0.9616866541443916
HMGN2,1.49589213400734,0.1111111111111111,0.6630636913063691
RPS6KA1,1.8115016226939167,0.3055555555555556,0.7689432926530413
ARID1A,-0.2701149424659821,0.08333333333333333,0.6630636913063691
PIGV,0.4718251302494687,0.8333333333333334,0.9696444353796996
ZDHHC18,0.6883378201324089,0.8611111111111112,0.9842040002156449
SFN,1.4012218090722603,0.2222222222222222,0.7242375194388904
GPN2,0.5440166927897492,0.7222222222222222,0.9526327507514194
GPATCH3,2.3726332852407217,0.05555555555555555,0.6630636913063691
NUDC,-0.453270408826274,0.19444444444444445,0.6998773221170698
SLC9A1,0.16871926189697017,0.7777777777777778,0.9616866541443916
NPM1P39,3.2594394192158354,0.05555555555555555,0.6630636913063691
WDTC1,3.0048425905369114,0.08333333333333333,0.6630636913063691
TMEM222,3.1654416177856364,0.16666666666666666,0.6630636913063691
WASF2,2.5880556632754637,0.1388888888888889,0.6630636913063691
AHDC1,1.0594430036102782,0.4444444444444444,0.8447628037832934
FGR,1.0859010653309689,0.5833333333333334,0.9145140606393699
AL031729.1,0.058902382028217515,0.9166666666666666,0.9920484365613835
IFI6,0.4925351385270984,0.7222222222222222,0.9526327507514194
FAM76A,1.762587841103484,0.08333333333333333,0.6630636913063691
AL020997.1,2.1109856655808237,0.2222222222222222,0.7242375194388904
STX12,2.739586359143892,0.1111111111111111,0.6630636913063691
PPP1R8,-0.09853446059470095,0.8611111111111112,0.9842040002156449
THEMIS2,-0.46986088171945184,0.9444444444444444,1.0
RPA2,-0.30284780146641843,0.7222222222222222,0.9526327507514194
EYA3,0.4719318121084912,0.3055555555555556,0.7689432926530413
SPCS2P4,-0.06937592728879505,0.9444444444444444,1.0
PTAFR,0.6802075607503717,0.1388888888888889,0.6630636913063691
DNAJC8,0.2176530721934995,0.5,0.8663629460895975
ATPIF1,-0.41176663193293184,0.08333333333333333,0.6630636913063691
SESN2,0.08895512679652473,0.8888888888888888,0.9842040002156449
MED18,0.03584541020593823,1.0,1.0
PHACTR4,1.1992004822507374,0.1111111111111111,0.6630636913063691
CR391992.1,-2.1885079174528634,0.2777777777777778,0.7530160238642064
RCC1,3.0546627617566458,0.05555555555555555,0.6630636913063691
SNHG3,1.2879371879009174,0.4444444444444444,0.8447628037832934
TRNAU1AP,-0.8122655851437774,0.25,0.7407166969618281
SNHG12,0.5900933339592136,0.75,0.9526327507514194
TAF12,0.015530791944054378,0.9722222222222222,1.0
GMEB1,0.48988621133160404,0.2777777777777778,0.7530160238642064
YTHDF2,-0.9497159927578807,0.19444444444444445,0.6998773221170698
EPB41,-0.14473547044509205,0.8888888888888888,0.9842040002156449
AL138785.1,-0.6934240738850335,0.75,0.9526327507514194
Metazoa_SRP,0.4568141332992366,0.75,0.9526327507514194
SRSF4,0.3870717015267102,0.4166666666666667,0.8228048921195339
MECR,2.6926140513486505,0.08333333333333333,0.6630636913063691
LAPTM5,1.2281839136334565,0.19444444444444445,0.6998773221170698
SDC3,-0.2521558741436847,0.6944444444444444,0.9526327507514194
PUM1,-0.19151849778677388,0.5555555555555556,0.9063324119086202
SNRNP40,-1.4769190853060534,0.05555555555555555,0.6630636913063691
ZCCHC17,0.3417278029491637,0.6666666666666666,0.9393265826953157
SERINC2,1.5541783003490637,0.4166666666666667,0.8228048921195339
TINAGL1,2.853670132456088,0.2222222222222222,0.7242375194388904
PEF1,2.6008518886289322,0.05555555555555555,0.6630636913063691
COL16A1,0.17609456892922382,1.0,1.0
PTP4A2,0.09852131463016534,0.6944444444444444,0.9526327507514194
KHDRBS1,0.3491383379798654,0.3611111111111111,0.797730450683016
TMEM39B,1.5918406323708398,0.3055555555555556,0.7689432926530413
KPNA6,0.8196260165874829,0.08333333333333333,0.6630636913063691
TXLNA,1.9073090351217066,0.1111111111111111,0.6630636913063691
CCDC28B,3.473095769748435,0.05555555555555555,0.6630636913063691
TMEM234,2.69612201801943,0.05555555555555555,0.6630636913063691
EIF3I,0.4103233826763333,0.7777777777777778,0.9616866541443916
HDAC1,0.5212622747194207,0.1111111111111111,0.6630636913063691
MARCKSL1,0.17855340873514436,0.8888888888888888,0.9842040002156449
BSDC1,-0.13195856559913377,0.8055555555555556,0.9696444353796996
ZBTB8A,-0.16834065534141196,0.8333333333333334,0.9696444353796996
ZBTB8OS,0.6284570597360477,0.3333333333333333,0.7714672075726842
RBBP4,0.46616249592893766,0.5,0.8663629460895975
KIAA1522,0.8506319997420952,0.1111111111111111,0.6630636913063691
YARS,0.24923576863733654,0.7222222222222222,0.9526327507514194
S100PBP,1.0666715967007052,0.16666666666666666,0.6630636913063691
RNF19B,0.7280776959144513,0.3611111111111111,0.797730450683016
AL031602.1,0.24039410194142086,0.8888888888888888,0.9842040002156449
AK2,0.5740196071704124,0.16666666666666666,0.6630636913063691
TRIM62,0.694494586751071,0.6388888888888888,0.9393265826953157
ZNF362,0.545204879529738,0.5833333333333334,0.9145140606393699
PHC2,1.180995888829142,0.6111111111111112,0.9285893964279902
SMIM12,1.7177421956930958,0.3055555555555556,0.7689432926530413
AC114490.1,0.5743975941064543,0.75,0.9526327507514194
ZMYM6,-0.15275422990189913,0.8611111111111112,0.9842040002156449
ZMYM1,-0.4489388262119425,0.7222222222222222,0.9526327507514194
EFCAB14P1,-1.7522242720457557,0.2777777777777778,0.7530160238642064
SFPQ,-0.12968637029533348,0.75,0.9526327507514194
ZMYM4,-0.2874856827643031,0.5277777777777778,0.8876686975890985
RPL5P4,-0.9436457947070638,0.16666666666666666,0.6630636913063691
KIAA0319L,3.127027507704196,0.16666666666666666,0.6630636913063691
NCDN,1.7013149038360647,0.19444444444444445,0.6998773221170698
PSMB2,0.8363289184552887,0.1388888888888889,0.6630636913063691
C1orf216,2.7194230833754025,0.05555555555555555,0.6630636913063691
CLSPN,2.701880947005134,0.08333333333333333,0.6630636913063691
AGO4,-0.21383471389695963,0.9166666666666666,0.9920484365613835
AGO1,-0.3474118586089645,0.3333333333333333,0.7714672075726842
AGO3,-0.5859434661363494,0.08333333333333333,0.6630636913063691
ADPRHL2,-1.3053118254185465,0.19444444444444445,0.6998773221170698
TRAPPC3,-0.3461421889361409,0.4444444444444444,0.8447628037832934
MAP7D1,-0.5692956327504417,0.3333333333333333,0.7714672075726842
THRAP3,0.2396001268071588,0.05555555555555555,0.6630636913063691
EVA1B,0.16538709661095696,0.9166666666666666,0.9920484365613835
STK40,2.3584552841841724,0.08333333333333333,0.6630636913063691
LSM10,3.764332837761513,0.05555555555555555,0.6630636913063691
MRPS15,2.138765516152637,0.16666666666666666,0.6630636913063691
CSF3R,-1.5507560132444453,0.5,0.8663629460895975
LINC01137,2.2189709786420275,0.16666666666666666,0.6630636913063691
ZC3H12A,1.361867890768501,0.2222222222222222,0.7242375194388904
MEAF6,-0.16260847930445266,0.6388888888888888,0.9393265826953157
SNIP1,0.350471519715009,0.8888888888888888,0.9842040002156449
GNL2,1.9178041669406078,0.1111111111111111,0.6630636913063691
C1orf109,0.34886800023766185,0.8888888888888888,0.9842040002156449
CDCA8,2.2206718395137806,0.16666666666666666,0.6630636913063691
YRDC,-0.6918084018303579,0.16666666666666666,0.6630636913063691
C1orf122,2.615488034633988,0.2777777777777778,0.7530160238642064
MTF1,2.730603092357563,0.1388888888888889,0.6630636913063691
SF3A3,-0.4308355628163403,0.6388888888888888,0.9393265826953157
FHL3,1.1240399462614734,0.1111111111111111,0.6630636913063691
UTP11,-0.25641124500449486,0.6388888888888888,0.9393265826953157
RRAGC,-0.5040372169363332,0.6111111111111112,0.9285893964279902
MYCBP,0.583788225333997,0.8333333333333334,0.9696444353796996
AKIRIN1,-0.7340666485068033,0.3611111111111111,0.797730450683016
NDUFS5,-0.4447656661019739,0.2777777777777778,0.7530160238642064
MACF1,-0.24699226773087002,0.6111111111111112,0.9285893964279902
PABPC4,0.35743208155754047,0.3611111111111111,0.797730450683016
PPIE,1.1274224907146997,0.5833333333333334,0.9145140606393699
TRIT1,0.9661239095610199,0.5833333333333334,0.9145140606393699
CAP1,-0.2735944342917893,0.75,0.9526327507514194
PPT1,-0.16758101104304668,0.7222222222222222,0.9526327507514194
RLF,-0.5382022163667646,0.2222222222222222,0.7242375194388904
ZMPSTE24,0.010629975517607804,1.0,1.0
COL9A2,2.693054961481444,0.05555555555555555,0.6630636913063691
SMAP2,0.8641915098880215,0.2777777777777778,0.7530160238642064
ZFP69B,1.8049644941822107,0.16666666666666666,0.6630636913063691
ZFP69,3.0422794467067313,0.05555555555555555,0.6630636913063691
EXO5,0.7066396953276257,0.6666666666666666,0.9393265826953157
ZNF684,2.0531614446501747,0.16666666666666666,0.6630636913063691
RIMS3,0.051599412702496794,1.0,1.0
NFYC,0.8138814708492292,0.1111111111111111,0.6630636913063691
SCMH1,0.3601932037634108,0.8888888888888888,0.9842040002156449
HIVEP3,2.9733263274497874,0.05555555555555555,0.6630636913063691
FOXJ3,1.5053950071672038,0.5555555555555556,0.9063324119086202
PPCS,2.151536121491262,0.3611111111111111,0.797730450683016
CCDC30,2.3558279185963578,0.1388888888888889,0.6630636913063691
PPIH,0.7296189610749289,0.6388888888888888,0.9393265826953157
YBX1,-0.2334436914863698,0.5277777777777778,0.8876686975890985
P3H1,1.8415460826440841,0.2222222222222222,0.7242375194388904
SVBP,-0.13745628542095334,1.0,1.0
ERMAP,0.8053510668483118,0.5,0.8663629460895975
ATP6V1E1P1,-3.546270011928857,0.05555555555555555,0.6630636913063691
SLC2A1,-1.0342507542167314,0.6111111111111112,0.9285893964279902
EBNA1BP2,0.655799844889235,0.16666666666666666,0.6630636913063691
TIE1,2.4327245809343343,0.08333333333333333,0.6630636913063691
CDC20,2.826814626553172,0.05555555555555555,0.6630636913063691
ELOVL1,-0.07561033887302049,0.8611111111111112,0.9842040002156449
MED8,2.4756523536447443,0.05555555555555555,0.6630636913063691
SZT2,1.0118643574834523,0.6666666666666666,0.9393265826953157
KDM4A,1.3348184358555941,0.3611111111111111,0.797730450683016
ST3GAL3,2.0260567030032477,0.2222222222222222,0.7242375194388904
IPO13,1.546398268099392,0.16666666666666666,0.6630636913063691
DPH2,-0.7234669404494807,0.6666666666666666,0.9393265826953157
ATP6V0B,0.39513165853933696,0.2222222222222222,0.7242375194388904
B4GALT2,3.101688446401611,0.05555555555555555,0.6630636913063691
AL356653.1,0.6588396005028248,0.75,0.9526327507514194
DMAP1,2.5555257938694984,0.16666666666666666,0.6630636913063691
ERI3,2.1609627520393575,0.16666666666666666,0.6630636913063691
RNF220,0.5754369265163524,0.4444444444444444,0.8447628037832934
TMEM53,0.701457932605719,0.5833333333333334,0.9145140606393699
C1orf228,1.877479021409059,0.4166666666666667,0.8228048921195339
KIF2C,1.9103649830708953,0.4444444444444444,0.8447628037832934
RPS8,0.2818885678105474,0.3333333333333333,0.7714672075726842
RPS15AP11,-1.1021713717991073,0.2222222222222222,0.7242375194388904
PLK3,1.206539577978596,0.7222222222222222,0.9526327507514194
BTBD19,0.3390887405734021,0.8333333333333334,0.9696444353796996
PTCH2,-0.8052177520998074,0.8888888888888888,0.9842040002156449
EIF2B3,-1.1764320161419493,0.3333333333333333,0.7714672075726842
HECTD3,1.279779555096102,0.6388888888888888,0.9393265826953157
UROD,-1.0577943959750433,0.1388888888888889,0.6630636913063691
MUTYH,2.9665541634944104,0.05555555555555555,0.6630636913063691
TESK2,-0.425071149205694,0.8888888888888888,0.9842040002156449
PRDX1,-0.7600483441315902,0.05555555555555555,0.6630636913063691
AKR1A1,-0.03590032217285,0.9722222222222222,1.0
NASP,0.22054485927906153,0.7222222222222222,0.9526327507514194
GPBP1L1,-0.03243665635223891,0.9166666666666666,0.9920484365613835
TMEM69,-0.9128529613882748,0.25,0.7407166969618281
IPP,0.7886422092122112,0.5833333333333334,0.9145140606393699
MAST2,2.154219131357111,0.16666666666666666,0.6630636913063691
TMA16P2,1.8686410462287792,0.16666666666666666,0.6630636913063691
PIK3R3,0.4212501472636001,0.9166666666666666,0.9920484365613835
POMGNT1,0.7822224766110026,0.6111111111111112,0.9285893964279902
LRRC41,0.6177273127139862,0.8055555555555556,0.9696444353796996
UQCRH,-0.3702581390061006,0.5,0.8663629460895975
NSUN4,2.5214450658364127,0.2222222222222222,0.7242375194388904
MKNK1,-1.4370810422967621,0.4166666666666667,0.8228048921195339
MOB3C,1.518826313650574,0.3333333333333333,0.7714672075726842
ATPAF1,1.178915762199289,0.6388888888888888,0.9393265826953157
EFCAB14,-0.7421626930854206,0.1388888888888889,0.6630636913063691
TAL1,-0.10427671753092138,0.7777777777777778,0.9616866541443916
STIL,1.118682754421968,0.6666666666666666,0.9393265826953157
CMPK1,0.05416609680597073,0.8888888888888888,0.9842040002156449
TRABD2B,0.03528215132394985,1.0,1.0
SPATA6,-0.9547635952043159,0.3055555555555556,0.7689432926530413
FAF1,1.2234823469687384,0.6944444444444444,0.9526327507514194
CDKN2C,2.1557421299584116,0.05555555555555555,0.6630636913063691
RNF11,-0.5550684007084046,0.3333333333333333,0.7714672075726842
EPS15,-0.024662786598818265,0.9444444444444444,1.0
OSBPL9,-0.07500740832453978,0.8888888888888888,0.9842040002156449
NRDC,1.396149591492481,0.6944444444444444,0.9526327507514194
RAB3B,-1.0881928107372467,0.8888888888888888,0.9842040002156449
TXNDC12,0.19605121003911385,0.4444444444444444,0.8447628037832934
KTI12,0.4171994085364117,0.75,0.9526327507514194
BTF3L4,-0.6352475869194638,0.19444444444444445,0.6998773221170698
ZFYVE9,-0.8024788259175599,0.3611111111111111,0.797730450683016
CC2D1B,2.2418288891158435,0.08333333333333333,0.6630636913063691
PRPF38A,-0.07604563154600275,0.8611111111111112,0.9842040002156449
ZCCHC11,-0.5634400763116787,0.2777777777777778,0.7530160238642064
GPX7,-0.3276816667502942,0.6944444444444444,0.9526327507514194
COA7,-0.5577519816448069,0.7222222222222222,0.9526327507514194
ZYG11B,0.5669980848472145,0.25,0.7407166969618281
RPS13P2,0.25323464742725754,0.6944444444444444,0.9526327507514194
ECHDC2,1.158694338874628,0.4444444444444444,0.8447628037832934
SCP2,-0.2223330023497514,0.5277777777777778,0.8876686975890985
C1orf123,1.0886451542556417,0.5,0.8663629460895975
MAGOH,0.7003670227625847,0.5,0.8663629460895975
LRP8,0.9063386726351836,0.5,0.8663629460895975
NDC1,1.5390628928504961,0.4444444444444444,0.8447628037832934
YIPF1,1.6281237650903964,0.1111111111111111,0.6630636913063691
HSPB11,0.06894349372510788,0.9444444444444444,1.0
LRRC42,0.965636307535994,0.5833333333333334,0.9145140606393699
TMEM59,-0.35442160804895195,0.25,0.7407166969618281
TCEANC2,1.9281200320171272,0.2222222222222222,0.7242375194388904
CYB5RL,2.220063765909541,0.16666666666666666,0.6630636913063691
MRPL37,1.885436508940371,0.3888888888888889,0.8209476821872752
SSBP3,-0.26817744245620556,0.5833333333333334,0.9145140606393699
ACOT11,-3.087043969934324,0.08333333333333333,0.6630636913063691
DHCR24,-0.8597094008445967,0.7777777777777778,0.9616866541443916
USP24,1.482247700564589,0.4444444444444444,0.8447628037832934
OMA1,-0.44291346888006977,0.5555555555555556,0.9063324119086202
TACSTD2,0.21392957312317984,0.9166666666666666,0.9920484365613835
MYSM1,3.2095360501015486,0.1388888888888889,0.6630636913063691
JUN,-0.6595091881780046,0.4444444444444444,0.8447628037832934
LINC01358,0.19452628457366572,0.8333333333333334,0.9696444353796996
FGGY,-0.14556842482225463,0.9722222222222222,1.0
NFIA,-0.1858367266395673,0.6388888888888888,0.9393265826953157
TM2D1,-0.8741839637233033,0.1388888888888889,0.6630636913063691
USP1,0.2367349969483099,0.5833333333333334,0.9145140606393699
DOCK7,-0.4099325397258822,0.5833333333333334,0.9145140606393699
ATG4C,-0.7476608832439231,0.3333333333333333,0.7714672075726842
ALG6,2.119529038955054,0.2222222222222222,0.7242375194388904
ITGB3BP,1.2327894390679188,0.5,0.8663629460895975
PGM1,2.348368121017756,0.05555555555555555,0.6630636913063691
JAK1,-0.7881565437752727,0.2222222222222222,0.7242375194388904
LEPROT,-0.13940149011070613,0.8055555555555556,0.9696444353796996
LEPR,2.111237209867341,0.08333333333333333,0.6630636913063691
PDE4B,1.7121352501029188,0.4722222222222222,0.8663629460895975
SGIP1,-1.080186026010495,0.5555555555555556,0.9063324119086202
TCTEX1D1,-1.1087794657717618,0.25,0.7407166969618281
MIER1,-0.9029096109888322,0.1388888888888889,0.6630636913063691
SLC35D1,-0.5866559780364264,0.05555555555555555,0.6630636913063691
SERBP1,0.3188431943037253,0.2222222222222222,0.7242375194388904
GADD45A,-0.058842720602468646,0.9722222222222222,1.0
LRRC40,-0.2896050117801856,0.5833333333333334,0.9145140606393699
SRSF11,-0.5214323235240768,0.1111111111111111,0.6630636913063691
ANKRD13C,2.373686526210677,0.3055555555555556,0.7689432926530413
HHLA3,1.863826069708323,0.16666666666666666,0.6630636913063691
PTGER3,1.6146030382804581,0.2777777777777778,0.7530160238642064
ZRANB2,0.21218151554347475,0.7222222222222222,0.9526327507514194
FPGT,3.186975545635442,0.05555555555555555,0.6630636913063691
CRYZ,1.384585787896464,0.1388888888888889,0.6630636913063691
TYW3,0.17821952048603773,0.6666666666666666,0.9393265826953157
ACADM,-0.3209533282776347,0.4444444444444444,0.8447628037832934
RABGGTB,-0.19212893891951932,0.7777777777777778,0.9616866541443916
TPI1P1,-0.43283509400112274,0.8888888888888888,0.9842040002156449
PIGK,0.5710726300515434,0.2222222222222222,0.7242375194388904
AC113935.1,2.9502967024127558,0.1111111111111111,0.6630636913063691
ZZZ3,-0.625238102502574,0.19444444444444445,0.6998773221170698
USP33,-0.20902397459641797,0.5555555555555556,0.9063324119086202
MIGA1,-0.87869000985987,0.25,0.7407166969618281
AC138392.1,0.2956885849751272,0.8888888888888888,0.9842040002156449
NSRP1P1,-1.0881928107372467,0.8888888888888888,0.9842040002156449
FUBP1,0.6561180722626929,0.4444444444444444,0.8447628037832934
DNAJB4,2.8798148972457103,0.1111111111111111,0.6630636913063691
AC103591.3,-1.3941695536063157,0.4722222222222222,0.8663629460895975
AC103591.1,0.9045289255416278,0.5833333333333334,0.9145140606393699
IFI44L,-2.0599050295799626,0.3888888888888889,0.8209476821872752
IFI44,-1.1591461422274962,0.19444444444444445,0.6998773221170698
AC104837.1,0.2167453499837605,0.8333333333333334,0.9696444353796996
ADGRL4,2.7923079396197226,0.16666666666666666,0.6630636913063691
TTLL7,0.42394029611802697,0.4722222222222222,0.8663629460895975
PRKACB,-1.394127791614804,0.05555555555555555,0.6630636913063691
AL450063.1,1.8868833323264698,0.16666666666666666,0.6630636913063691
SAMD13,-2.2974958180785254,0.1111111111111111,0.6630636913063691
RPF1,0.47476629058743836,0.3333333333333333,0.7714672075726842
GNG5,0.7928880769460331,0.1388888888888889,0.6630636913063691
CTBS,3.305405411837632,0.08333333333333333,0.6630636913063691
SSX2IP,2.2252853919465716,0.1111111111111111,0.6630636913063691
C1orf52,0.46244978731391395,0.5833333333333334,0.9145140606393699
BCL10,-0.46569279219824544,0.4722222222222222,0.8663629460895975
CYR61,0.9540732371918702,0.5833333333333334,0.9145140606393699
ZNHIT6,0.05043524055647364,0.9166666666666666,0.9920484365613835
ODF2L,0.8482711402602758,0.6388888888888888,0.9393265826953157
SH3GLB1,0.17348087328471795,0.5555555555555556,0.9063324119086202
SELENOF,0.25924211197657687,0.4722222222222222,0.8663629460895975
HS2ST1,-0.46948875911270527,0.3888888888888889,0.8209476821872752
LINC01140,0.3018079559596858,0.9166666666666666,0.9920484365613835
AC099062.1,1.450197737841255,0.2222222222222222,0.7242375194388904
LMO4,-0.7073270329292125,0.25,0.7407166969618281
PKN2,-1.2679435098742085,0.05555555555555555,0.6630636913063691
GTF2B,1.035812310898275,0.6388888888888888,0.9393265826953157
KYAT3,-1.3215169041303283,0.2777777777777778,0.7530160238642064
RBMXL1,0.9041242951689266,0.75,0.9526327507514194
GBP3,2.186959370737169,0.3333333333333333,0.7714672075726842
GBP1,0.9181621198066636,0.5,0.8663629460895975
PTGES3P1,0.9759679490597244,0.8055555555555556,0.9696444353796996
GBP2,0.4490929249631681,0.8611111111111112,0.9842040002156449
GBP4,0.9996241365026839,0.5,0.8663629460895975
GBP5,-2.407265097134294,0.2777777777777778,0.7530160238642064
LRRC8B,0.7372507740177752,0.75,0.9526327507514194
LRRC8C,3.8693281058291404,0.05555555555555555,0.6630636913063691
LRRC8D,1.4539546316236795,0.3333333333333333,0.7714672075726842
ZNF326,1.4021655357493015,0.6944444444444444,0.9526327507514194
ZNF644,-0.3388864580097666,0.4444444444444444,0.8447628037832934
CDC7,1.1534091651911917,0.5277777777777778,0.8876686975890985
HSP90B3P,1.3705485809153424,0.5833333333333334,0.9145140606393699
TGFBR3,0.326292905616685,0.8333333333333334,0.9696444353796996
GLMN,-1.0617973849209463,0.5,0.8663629460895975
RPAP2,-0.07708940405143405,0.75,0.9526327507514194
GFI1,0.9949659817498988,0.5833333333333334,0.9145140606393699
EVI5,-0.1887046127850205,0.75,0.9526327507514194
RPL5,-0.3202242154472099,0.2777777777777778,0.7530160238642064
MTF2,-0.9408736278386156,0.1388888888888889,0.6630636913063691
TMED5,-0.21443973603294264,0.5833333333333334,0.9145140606393699
CCDC18,0.08972629265721555,0.8888888888888888,0.9842040002156449
CCDC18-AS1,-0.6412446321237981,0.4166666666666667,0.8228048921195339
DR1,0.3246243458838487,0.5833333333333334,0.9145140606393699
FNBP1L,0.9665167184696242,0.6944444444444444,0.9526327507514194
DNTTIP2,-0.908075525279183,0.1388888888888889,0.6630636913063691
GCLM,-0.9619265763355065,0.3333333333333333,0.7714672075726842
ARHGAP29,0.09557831775090309,1.0,1.0
ABCD3,0.1456953666695764,0.6666666666666666,0.9393265826953157
F3,2.087787862442574,0.16666666666666666,0.6630636913063691
CNN3,2.1819106493117606,0.2222222222222222,0.7242375194388904
ALG14,0.5422563739984958,0.8333333333333334,0.9696444353796996
EEF1A1P11,-1.7450035514106257,0.2777777777777778,0.7530160238642064
RPL7P9,-0.45438125966714793,0.3611111111111111,0.797730450683016
PTBP2,-1.7656044443391306,0.16666666666666666,0.6630636913063691
DPYD,-0.12173286619476897,0.9166666666666666,0.9920484365613835
SEC63P1,-2.334537983097179,0.3055555555555556,0.7689432926530413
SNX7,1.0239694336182705,0.5,0.8663629460895975
AL445433.1,-0.47996337223350416,0.3888888888888889,0.8209476821872752
PALMD,1.8461089677169498,0.16666666666666666,0.6630636913063691
AGL,0.6241861580012009,0.3333333333333333,0.7714672075726842
SLC35A3,9.653423615141321e-05,1.0,1.0
SASS6,2.6607726285395588,0.05555555555555555,0.6630636913063691
TRMT13,1.6531030567440816,0.1388888888888889,0.6630636913063691
DBT,0.2933886552212144,0.6666666666666666,0.9393265826953157
RTCA,-0.24428779576813042,0.6666666666666666,0.9393265826953157
CDC14A,1.98274988972415,0.1388888888888889,0.6630636913063691
VCAM1,1.8694160039811774,0.16666666666666666,0.6630636913063691
EXTL2,0.2911085592979603,0.75,0.9526327507514194
SLC30A7,0.07725480650909411,0.9444444444444444,1.0
DPH5,1.4068385509831578,0.4166666666666667,0.8228048921195339
AC093157.1,0.9241599254230148,0.5,0.8663629460895975
S1PR1,0.3870190146887027,0.8611111111111112,0.9842040002156449
AL109741.2,-1.2424970004058487,0.4722222222222222,0.8663629460895975
RPSAP19,-0.05740155419611992,1.0,1.0
RNPC3,0.8154736877182236,0.16666666666666666,0.6630636913063691
AMY2B,0.8309882270300437,0.75,0.9526327507514194
AL512844.1,-0.8428426041834967,0.5833333333333334,0.9145140606393699
PRMT6,0.9138399609809498,0.5833333333333334,0.9145140606393699
AC114491.1,0.9715231276615768,0.25,0.7407166969618281
VAV3,0.026575650421476027,0.9722222222222222,1.0
SLC25A24,-0.28662622208336064,0.6944444444444444,0.9526327507514194
FAM102B,2.3438167220718085,0.08333333333333333,0.6630636913063691
HENMT1,0.47775433255792965,0.75,0.9526327507514194
PRPF38B,-0.7473781046760681,0.1388888888888889,0.6630636913063691
STXBP3,-0.6085639569828389,0.4166666666666667,0.8228048921195339
GPSM2,1.8026265689897096,0.4444444444444444,0.8447628037832934
CLCC1,0.733348706764354,0.8055555555555556,0.9696444353796996
WDR47,1.2814433763226423,0.4166666666666667,0.8228048921195339
BX679664.3,-0.09633359762508942,0.8888888888888888,0.9842040002156449
TAF13,2.723779382304929,0.08333333333333333,0.6630636913063691
TMEM167B,-0.5655619207851039,0.08333333333333333,0.6630636913063691
SARS,-0.4633723317696541,0.25,0.7407166969618281
SORT1,2.07957085949112,0.1388888888888889,0.6630636913063691
PSMA5,0.41774499760772343,0.4166666666666667,0.8228048921195339
CYB561D1,1.1973308976491945,0.5555555555555556,0.9063324119086202
GNAI3,0.05920616834486214,0.8611111111111112,0.9842040002156449
AMPD2,1.5858244931873997,0.3333333333333333,0.7714672075726842
GSTM4,-1.5495679178771264,0.1388888888888889,0.6630636913063691
GSTM2,-1.3389323647358344,0.5833333333333334,0.9145140606393699
GSTM3,-4.369105725941057,0.08333333333333333,0.6630636913063691
CSF1,0.9043624547568836,0.3888888888888889,0.8209476821872752
AHCYL1,-0.44977856727942633,0.1111111111111111,0.6630636913063691
STRIP1,1.672831066913107,0.2222222222222222,0.7242375194388904
KCNC4,-1.3728543770593704,0.3333333333333333,0.7714672075726842
RBM15,1.8986546346336257,0.3333333333333333,0.7714672075726842
LAMTOR5,0.04463484937678164,0.8888888888888888,0.9842040002156449
AL365361.1,0.662635253847267,0.5,0.8663629460895975
CD53,-0.3091661853565997,0.3055555555555556,0.7689432926530413
LRIF1,2.33390126613972,0.3055555555555556,0.7689432926530413
DRAM2,0.6537067357824093,0.7777777777777778,0.9616866541443916
CEPT1,-0.3099006223147791,0.6666666666666666,0.9393265826953157
DENND2D,-0.9350764182042761,0.16666666666666666,0.6630636913063691
CHI3L2,-0.1411340187286727,1.0,1.0
WDR77,2.8194353077928627,0.05555555555555555,0.6630636913063691
ATP5F1,-0.4227391288704121,0.25,0.7407166969618281
C1orf162,-0.16918852758703995,0.75,0.9526327507514194
ADORA3,0.6816905310232104,0.75,0.9526327507514194
RAP1A,-0.3036541059901605,0.4444444444444444,0.8447628037832934
FAM212B,0.9814144165306629,0.5,0.8663629460895975
DDX20,0.6241471490385666,0.7222222222222222,0.9526327507514194
CTTNBP2NL,1.0954340183501459,0.6666666666666666,0.9393265826953157
ST7L,1.0758553446642887,0.3888888888888889,0.8209476821872752
CAPZA1,0.3152795883098305,0.5277777777777778,0.8876686975890985
MOV10,1.6170079634912466,0.25,0.7407166969618281
RHOC,1.6635819212027694,0.3611111111111111,0.797730450683016
SLC16A1,0.3113031625330649,0.8055555555555556,0.9696444353796996
LRIG2,0.22113502170784782,0.9444444444444444,1.0
MAGI3,0.8874577559823948,0.5277777777777778,0.8876686975890985
AL391058.1,1.0417852741659122,0.6666666666666666,0.9393265826953157
PHTF1,2.3439495356791746,0.08333333333333333,0.6630636913063691
RSBN1,-0.9144711877513849,0.2777777777777778,0.7530160238642064
PTPN22,-0.04748693753100319,1.0,1.0
AP4B1,2.4873756629670525,0.1388888888888889,0.6630636913063691
DCLRE1B,1.2044071941640524,0.4166666666666667,0.8228048921195339
HIPK1,-0.04257684651527338,0.9166666666666666,0.9920484365613835
TRIM33,-0.13214828323086536,0.8611111111111112,0.9842040002156449
BCAS2,-0.11244769529369236,0.9166666666666666,0.9920484365613835
DENND2C,0.3776044926989952,0.75,0.9526327507514194
NRAS,3.0853965462784156,0.16666666666666666,0.6630636913063691
CSDE1,-0.22731562090773672,0.2777777777777778,0.7530160238642064
SIKE1,1.9267742061348518,0.05555555555555555,0.6630636913063691
TSPAN2,-0.726497727718815,0.7222222222222222,0.9526327507514194
VANGL1,4.1885093351357,0.05555555555555555,0.6630636913063691
U3,0.13101238407920146,1.0,1.0
ATP1A1,-0.5254668332711354,0.05555555555555555,0.6630636913063691
CD58,-0.42378336191737187,0.1111111111111111,0.6630636913063691
NAP1L4P1,0.21273593741840635,0.8333333333333334,0.9696444353796996
CD2,2.31573580293607,0.1111111111111111,0.6630636913063691
TTF2,1.6618085282002508,0.3333333333333333,0.7714672075726842
MAN1A2,0.15067929393818247,0.7222222222222222,0.9526327507514194
FAM46C,0.6368622442481247,0.9444444444444444,1.0
PNRC2P1,0.7987319003113462,0.6111111111111112,0.9285893964279902
GDAP2,3.4080142195235266,0.05555555555555555,0.6630636913063691
WDR3,1.0283335782659253,0.5555555555555556,0.9063324119086202
ZNF697,0.03992092944594372,1.0,1.0
NOTCH2,-0.34439276037104527,0.5277777777777778,0.8876686975890985
SEC22B,-0.6350124196918898,0.25,0.7407166969618281
AC244669.1,-0.91961980151265,0.4444444444444444,0.8447628037832934
U1,0.029163867282891776,1.0,1.0
NBPF8,-0.13369755214209444,1.0,1.0
NBPF26,-0.13617478866492827,1.0,1.0
RNVU1-19,-0.684596679508906,0.7777777777777778,0.9616866541443916
LINC00623,1.6056443649300964,0.3333333333333333,0.7714672075726842
RNVU1-4,-0.8145531158932342,0.8888888888888888,0.9842040002156449
SRGAP2C,1.3177799433845037,0.5,0.8663629460895975
NBPF15,0.7660874633072119,0.75,0.9526327507514194
NBPF25P,-0.574795588008904,0.8888888888888888,0.9842040002156449
GPR89A,0.5478045518212555,0.6666666666666666,0.9393265826953157
RNF115,-0.23526826906887788,0.6944444444444444,0.9526327507514194
POLR3C,1.0966867924453783,0.5833333333333334,0.9145140606393699
PEX11B,1.7579569278046159,0.19444444444444445,0.6998773221170698
RBM8A,0.24669630334387538,0.6111111111111112,0.9285893964279902
LIX1L,1.637288278874312,0.4444444444444444,0.8447628037832934
POLR3GL,-0.07565309018395538,0.8888888888888888,0.9842040002156449
TXNIP,-1.6418105501084774,0.19444444444444445,0.6998773221170698
NOTCH2NL,0.08946524109618637,1.0,1.0
NBPF12,-0.4622706021617078,0.7222222222222222,0.9526327507514194
PRKAB2,0.8968842236104986,0.6111111111111112,0.9285893964279902
FMO5,-1.6472571755498686,0.1111111111111111,0.6630636913063691
PDIA3P1,0.582302015572651,0.2222222222222222,0.7242375194388904
CCT8P1,-1.7154767015768675,0.05555555555555555,0.6630636913063691
CHD1L,0.5175557557178401,0.25,0.7407166969618281
BCL9,-0.6844248557595058,0.1111111111111111,0.6630636913063691
ACP6,0.08130832310692648,1.0,1.0
GJA5,1.8511816825257568,0.16666666666666666,0.6630636913063691
GPR89B,-0.1844670704096898,1.0,1.0
NBPF11,0.008925278988296537,1.0,1.0
RNU1-120P,-1.2661955042582345,0.7222222222222222,0.9526327507514194
NBPF14,0.817901604210689,0.5,0.8663629460895975
PDE4DIP,0.047983759199748954,1.0,1.0
NBPF9,1.6987113831728546,0.16666666666666666,0.6630636913063691
AC245297.3,-1.5750924402245152,0.05555555555555555,0.6630636913063691
NBPF19,1.3627292372639495,0.3611111111111111,0.797730450683016
LINC00869,1.4971399589865544,0.4166666666666667,0.8228048921195339
HIST2H2BE,-0.9789683308526231,0.5555555555555556,0.9063324119086202
BOLA1,1.1771189261367583,0.5,0.8663629460895975
SV2A,2.777792568799029,0.05555555555555555,0.6630636913063691
SF3B4,-0.04305391698838257,0.9444444444444444,1.0
OTUD7B,1.9772732036148577,0.3333333333333333,0.7714672075726842
VPS45,0.9881890674566751,0.6388888888888888,0.9393265826953157
PLEKHO1,-0.39274000633678274,0.8888888888888888,0.9842040002156449
ANP32E,-0.4757328568168706,0.25,0.7407166969618281
APH1A,-0.19308735003427646,0.6944444444444444,0.9526327507514194
C1orf54,-0.6147479695678657,0.8888888888888888,0.9842040002156449
MRPS21,-0.1307254297576499,0.8055555555555556,0.9696444353796996
PRPF3,1.0137833145828181,0.7777777777777778,0.9616866541443916
RPRD2,-0.2674311570218313,0.6666666666666666,0.9393265826953157
TARS2,-1.1547608092974828,0.2777777777777778,0.7530160238642064
ECM1,4.507085967541375,0.05555555555555555,0.6630636913063691
MCL1,0.3472330882085739,0.5555555555555556,0.9063324119086202
ENSA,0.013993789735586404,0.8888888888888888,0.9842040002156449
GOLPH3L,-0.7147660773209852,0.05555555555555555,0.6630636913063691
CTSS,-0.49679198481244224,0.3333333333333333,0.7714672075726842
CTSK,0.5345794381653837,0.75,0.9526327507514194
ARNT,0.4869622751402689,0.2222222222222222,0.7242375194388904
SETDB1,0.74908738107615,0.75,0.9526327507514194
CERS2,1.5931268135265833,0.3333333333333333,0.7714672075726842
MINDY1,2.574960409939247,0.08333333333333333,0.6630636913063691
PRUNE1,2.0166847356357467,0.25,0.7407166969618281
C1orf56,-0.3122821767420474,0.9166666666666666,0.9920484365613835
CDC42SE1,0.6359822790161687,0.3333333333333333,0.7714672075726842
MLLT11,1.5371280832602108,0.3055555555555556,0.7689432926530413
GABPB2,0.11393031010266919,0.9444444444444444,1.0
TNFAIP8L2,1.8449476134382126,0.3333333333333333,0.7714672075726842
SCNM1,0.6899486134457358,0.6944444444444444,0.9526327507514194
VPS72,-0.39498760685869616,0.4444444444444444,0.8447628037832934
PIP5K1A,3.3407286818545963,0.1111111111111111,0.6630636913063691
PSMD4,0.33762796829166586,0.3055555555555556,0.7689432926530413
PI4KB,0.9949019690505647,0.6666666666666666,0.9393265826953157
RFX5,-0.6291161151520948,0.4444444444444444,0.8447628037832934
SELENBP1,0.6123595796304713,0.7777777777777778,0.9616866541443916
PSMB4,0.13212806228793106,0.9166666666666666,0.9920484365613835
POGZ,0.009865693939826947,1.0,1.0
TUFT1,0.5422174448281472,0.8333333333333334,0.9696444353796996
SNX27,1.128170231320834,0.5555555555555556,0.9063324119086202
MRPL9,2.835031308563226,0.05555555555555555,0.6630636913063691
TDRKH,1.1622100869917018,0.4722222222222222,0.8663629460895975
THEM4,-0.6906979650915694,0.3055555555555556,0.7689432926530413
S100A10,-0.029547556662583574,0.9444444444444444,1.0
S100A11,2.1342799574278972,0.05555555555555555,0.6630636913063691
SPRR3,1.3488991832716697,0.5,0.8663629460895975
SPRR2D,1.4668676462727888,0.3055555555555556,0.7689432926530413
SPRR2A,2.3135522647597306,0.25,0.7407166969618281
SPRR2E,0.5806186325280188,0.7222222222222222,0.9526327507514194
S100A9,0.9254830115227799,0.6111111111111112,0.9285893964279902
S100A8,0.9845631652664455,0.3055555555555556,0.7689432926530413
S100A6,0.7386421957306908,0.05555555555555555,0.6630636913063691
S100A4,0.5060309623648589,0.16666666666666666,0.6630636913063691
S100A2,2.6811223826232222,0.16666666666666666,0.6630636913063691
S100A13,-0.46724894920678217,0.8888888888888888,0.9842040002156449
CHTOP,-1.179935252473089,0.1111111111111111,0.6630636913063691
SNAPIN,-0.23062513041281996,0.7777777777777778,0.9616866541443916
ILF2,0.1066358163207104,0.8333333333333334,0.9696444353796996
INTS3,-1.1379551909641665,0.7222222222222222,0.9526327507514194
SLC27A3,0.6495575255175767,0.5555555555555556,0.9063324119086202
GATAD2B,1.7650074764005539,0.3333333333333333,0.7714672075726842
AL513523.1,-1.1184778297333122,0.4444444444444444,0.8447628037832934
DENND4B,-0.38044493856490114,0.6388888888888888,0.9393265826953157
CRTC2,2.01014658052367,0.2777777777777778,0.7530160238642064
SLC39A1,1.8540790974841874,0.25,0.7407166969618281
CREB3L4,-0.7359804096352935,0.6666666666666666,0.9393265826953157
JTB,0.41359989449831236,0.4722222222222222,0.8663629460895975
RAB13,2.3387762254914155,0.05555555555555555,0.6630636913063691
RPS27,-0.6178905073446277,0.1111111111111111,0.6630636913063691
AL358472.1,0.09471323219306793,0.9444444444444444,1.0
TPM3,-0.1652339790540811,0.4444444444444444,0.8447628037832934
C1orf43,0.3718079948818209,0.7777777777777778,0.9616866541443916
UBAP2L,2.680835930043552,0.1111111111111111,0.6630636913063691
HAX1,-0.3190523141620547,0.6944444444444444,0.9526327507514194
AQP10,2.8633167855546198,0.16666666666666666,0.6630636913063691
ATP8B2,-0.0014841961725515773,1.0,1.0
IL6R,0.30693920570952304,0.8055555555555556,0.9696444353796996
SHE,2.219677839272939,0.2222222222222222,0.7242375194388904
UBE2Q1,-0.04636536261059554,0.75,0.9526327507514194
ADAR,-0.15209872318689044,0.7222222222222222,0.9526327507514194
PMVK,1.3979043571429886,0.6111111111111112,0.9285893964279902
PBXIP1,0.1559641749260603,0.7777777777777778,0.9616866541443916
PYGO2,-0.20870851326248463,0.75,0.9526327507514194
SHC1,2.7538651351985064,0.1111111111111111,0.6630636913063691
CKS1B,2.7701720502229685,0.05555555555555555,0.6630636913063691
FLAD1,-0.03307861668214018,1.0,1.0
ZBTB7B,2.885769828649721,0.16666666666666666,0.6630636913063691
ADAM15,1.877233904086478,0.16666666666666666,0.6630636913063691
EFNA3,2.024601818061717,0.16666666666666666,0.6630636913063691
SLC50A1,0.21192750220148593,0.5833333333333334,0.9145140606393699
DPM3,2.063658627208624,0.2777777777777778,0.7530160238642064
THBS3,1.6970428798128983,0.1388888888888889,0.6630636913063691
GBA,0.5119037485458647,0.75,0.9526327507514194
FAM189B,2.638851154197072,0.2222222222222222,0.7242375194388904
SCAMP3,0.8795442077922608,0.05555555555555555,0.6630636913063691
CLK2,0.12762788828325,0.8055555555555556,0.9696444353796996
FDPS,-0.4647671400220519,0.7777777777777778,0.9616866541443916
RUSC1,-0.8247880340976064,0.05555555555555555,0.6630636913063691
ASH1L,0.5499734926148037,0.3611111111111111,0.797730450683016
ASH1L-AS1,1.8686410462287792,0.16666666666666666,0.6630636913063691
YY1AP1,1.4327599192753993,0.2777777777777778,0.7530160238642064
DAP3,-0.5935114299400617,0.3055555555555556,0.7689432926530413
GON4L,1.9501135639131255,0.08333333333333333,0.6630636913063691
SYT11,2.5246364163471813,0.05555555555555555,0.6630636913063691
RIT1,1.0596860767528877,0.75,0.9526327507514194
KHDC4,1.7125427452949478,0.2222222222222222,0.7242375194388904
ARHGEF2,0.5183399609138633,0.3055555555555556,0.7689432926530413
SSR2,-0.22948552892147767,0.4722222222222222,0.8663629460895975
UBQLN4,1.4756118219832708,0.2777777777777778,0.7530160238642064
LAMTOR2,0.42597265586997146,0.4722222222222222,0.8663629460895975
LMNA,1.1684583891371823,0.3055555555555556,0.7689432926530413
SEMA4A,2.440558029431536,0.1111111111111111,0.6630636913063691
SLC25A44,-1.5638176340711665,0.25,0.7407166969618281
PMF1,0.0315764696215215,1.0,1.0
PAQR6,0.07343966883939679,0.9444444444444444,1.0
SMG5,-0.678203106319172,0.6666666666666666,0.9393265826953157
GLMP,-1.7566766552016744,0.3888888888888889,0.8209476821872752
CCT3,0.43376801404360243,0.6666666666666666,0.9393265826953157
MEF2D,1.7381155693821047,0.6111111111111112,0.9285893964279902
NAXE,1.935957063167713,0.19444444444444445,0.6998773221170698
GPATCH4,-0.32654032937746624,0.8333333333333334,0.9696444353796996
ISG20L2,-0.007684078753993795,1.0,1.0
RRNAD1,2.3168665237726174,0.16666666666666666,0.6630636913063691
MRPL24,0.8198415032239805,0.7777777777777778,0.9616866541443916
HDGF,0.2403407830700317,0.4722222222222222,0.8663629460895975
PRCC,-0.03806030626975154,0.8888888888888888,0.9842040002156449
SH2D2A,4.4748253704414935,0.05555555555555555,0.6630636913063691
NTRK1,1.2533337206515571,0.5,0.8663629460895975
ARHGEF11,2.6496602526662185,0.1388888888888889,0.6630636913063691
ETV3,0.5017807820729017,0.3055555555555556,0.7689432926530413
FCRL5,1.2599362768980287,0.5555555555555556,0.9063324119086202
FCRL3,-1.596458181769316,0.3888888888888889,0.8209476821872752
ELL2P1,0.6900923155521144,0.75,0.9526327507514194
CD1C,1.0813533460794442,0.4166666666666667,0.8228048921195339
MNDA,-1.3363126684888438,0.5833333333333334,0.9145140606393699
IFI16,-0.2041122786188767,0.4722222222222222,0.8663629460895975
ACKR1,4.302945497913779,0.16666666666666666,0.6630636913063691
FCER1A,-0.4432730463821608,0.4444444444444444,0.8447628037832934
DUSP23,1.7680674299944914,0.3055555555555556,0.7689432926530413
TAGLN2,1.0143110277899954,0.05555555555555555,0.6630636913063691
PIGM,0.6583967415432794,0.6944444444444444,0.9526327507514194
IGSF8,0.3436501600146009,0.7222222222222222,0.9526327507514194
ATP1A4,1.4031175856969846,0.3888888888888889,0.8209476821872752
CASQ1,2.167487495532439,0.3333333333333333,0.7714672075726842
PEA15,0.8620178584466132,0.1111111111111111,0.6630636913063691
DCAF8,0.5866328545129669,0.3333333333333333,0.7714672075726842
PEX19,-0.7379928154738629,0.19444444444444445,0.6998773221170698
COPA,-0.19268679859497517,0.5555555555555556,0.9063324119086202
SUMO1P3,1.9175783972295535,0.16666666666666666,0.6630636913063691
NCSTN,-0.22441000355543572,0.6111111111111112,0.9285893964279902
SLAMF6,-0.6366040486522957,0.6666666666666666,0.9393265826953157
CD84,-0.4323498796154901,0.3055555555555556,0.7689432926530413
CD48,0.28696598867074297,0.4444444444444444,0.8447628037832934
SLAMF7,1.7623177241330894,0.4444444444444444,0.8447628037832934
AL354714.2,1.2335332494826479,0.4166666666666667,0.8228048921195339
F11R,-0.31717491354994376,0.3611111111111111,0.797730450683016
TSTD1,-0.020602158091850065,0.9722222222222222,1.0
USF1,-0.11338540819014176,0.9444444444444444,1.0
ARHGAP30,0.03647968874377927,0.9722222222222222,1.0
PFDN2,-0.5085154268326608,0.5,0.8663629460895975
NIT1,1.9829445362135538,0.1388888888888889,0.6630636913063691
DEDD,1.4061812113044438,0.4444444444444444,0.8447628037832934
UFC1,-0.6832363530499679,0.3333333333333333,0.7714672075726842
USP21,0.030794915795406386,1.0,1.0
PPOX,-0.40158750816255084,1.0,1.0
B4GALT3,0.6457329296284988,0.75,0.9526327507514194
NDUFS2,0.0599799729442152,0.8611111111111112,0.9842040002156449
FCER1G,0.18588157121658355,0.25,0.7407166969618281
SDHC,-0.6675993166410068,0.3611111111111111,0.797730450683016
FCGR2A,0.3407681328535688,0.6111111111111112,0.9285893964279902
HSPA6,-0.3055549851135486,1.0,1.0
FCGR3A,-1.2939589495917674,0.3888888888888889,0.8209476821872752
FCGR3B,0.5513642130101281,1.0,1.0
FCGR2B,1.4131947147594563,0.25,0.7407166969618281
DUSP12,1.3170394116546187,0.3888888888888889,0.8209476821872752
ATF6,-0.3271741596149278,0.2777777777777778,0.7530160238642064
UHMK1,-0.40820572714117187,0.3611111111111111,0.797730450683016
UAP1,1.6842481285157684,0.16666666666666666,0.6630636913063691
HSD17B7,-0.4008955105974379,0.7777777777777778,0.9616866541443916
RGS5,1.4621612139020992,0.25,0.7407166969618281
NUF2,3.652207009033059,0.05555555555555555,0.6630636913063691
PBX1,-0.13444518249044446,0.6388888888888888,0.9393265826953157
AL390119.1,0.1845992318807499,1.0,1.0
MGST3,0.02272092163934225,1.0,1.0
ALDH9A1,-0.6745829940383121,0.25,0.7407166969618281
TMCO1,-0.431457994826558,0.3055555555555556,0.7689432926530413
AL596087.1,-1.4178670624298686,0.19444444444444445,0.6998773221170698
POGK,0.8363632306797486,0.1388888888888889,0.6630636913063691
TADA1,-1.7454108277690386,0.3888888888888889,0.8209476821872752
POU2F1,0.2913390519957657,0.6111111111111112,0.9285893964279902
CREG1,-0.8366893061901601,0.08333333333333333,0.6630636913063691
RCSD1,-0.35431671880367244,0.5555555555555556,0.9063324119086202
MPZL1,0.9105463190095248,0.5555555555555556,0.9063324119086202
MPC2,0.22358436921418168,0.4722222222222222,0.8663629460895975
DCAF6,-0.1548498426753495,0.75,0.9526327507514194
GCSHP5,1.0900136496204416,0.3333333333333333,0.7714672075726842
TIPRL,-0.12837763726275586,0.8055555555555556,0.9696444353796996
RPL34P1,0.12332072166621,0.8611111111111112,0.9842040002156449
SFT2D2,-0.6461279464890533,0.08333333333333333,0.6630636913063691
TBX19,0.38695481519678065,1.0,1.0
ATP1B1,0.08456143873639643,0.9444444444444444,1.0
NME7,0.41390634828361783,0.8055555555555556,0.9696444353796996
BLZF1,-1.036529791471283,0.05555555555555555,0.6630636913063691
SLC19A2,0.14467502377336072,1.0,1.0
SELP,3.1147614886569333,0.16666666666666666,0.6630636913063691
SELL,-0.6013514100761337,0.5555555555555556,0.9063324119086202
SELE,4.196131313637561,0.16666666666666666,0.6630636913063691
METTL18,-0.4076146563981551,0.9166666666666666,0.9920484365613835
SCYL3,2.0581952302886335,0.16666666666666666,0.6630636913063691
KIFAP3,3.0938615403879304,0.08333333333333333,0.6630636913063691
GORAB,-0.08018345264650684,0.9722222222222222,1.0
PRRX1,0.08946524109618637,1.0,1.0
FMO4,1.9888820515244006,0.2222222222222222,0.7242375194388904
PRRC2C,-0.005176708741393199,1.0,1.0
PFN1P1,-0.28166535975804585,0.8333333333333334,0.9696444353796996
VAMP4,-0.3034552075779553,0.75,0.9526327507514194
METTL13,1.4193917400962799,0.3888888888888889,0.8209476821872752
PIGC,1.6022260302770523,0.2777777777777778,0.7530160238642064
SUCO,-0.49464084097364314,0.3333333333333333,0.7714672075726842
FASLG,3.6313439883988403,0.05555555555555555,0.6630636913063691
TNFSF4,0.5529257881893908,0.7222222222222222,0.9526327507514194
AL645568.1,2.3142070501999568,0.16666666666666666,0.6630636913063691
PRDX6,0.220456865140795,0.1111111111111111,0.6630636913063691
KLHL20,-0.8056718659377546,0.2222222222222222,0.7242375194388904
CENPL,1.9811258638186866,0.4444444444444444,0.8447628037832934
DARS2,0.7895665308679544,0.5,0.8663629460895975
GAS5,-0.49311584177512646,0.3611111111111111,0.797730450683016
ZBTB37,2.5949736775018764,0.08333333333333333,0.6630636913063691
RC3H1,1.1792134822235942,0.1111111111111111,0.6630636913063691
RABGAP1L,0.10562632390600424,1.0,1.0
CACYBP,-0.16748299061583705,0.8055555555555556,0.9696444353796996
MRPS14,-0.18248964406748325,0.7777777777777778,0.9616866541443916
KIAA0040,-0.9791888398554542,0.08333333333333333,0.6630636913063691
RPS29P5,1.879300917768337,0.1388888888888889,0.6630636913063691
RFWD2,-0.20120317781732222,0.3611111111111111,0.797730450683016
AL359075.1,0.4149797633565382,0.8611111111111112,0.9842040002156449
RASAL2,1.61568229999473,0.25,0.7407166969618281
AL365357.1,0.25499730696262546,1.0,1.0
RALGPS2,2.0468082541524173,0.1388888888888889,0.6630636913063691
FAM20B,0.24376848874554558,0.7222222222222222,0.9526327507514194
TOR3A,1.3176005665886306,0.4166666666666667,0.8228048921195339
ABL2,1.6816251095501369,0.3055555555555556,0.7689432926530413
SOAT1,0.9139665431142832,0.7222222222222222,0.9526327507514194
TOR1AIP2,0.2402487347583273,0.6666666666666666,0.9393265826953157
TOR1AIP1,-0.18232613687732524,0.5555555555555556,0.9063324119086202
CEP350,-0.12119507469545088,0.6944444444444444,0.9526327507514194
QSOX1,1.6660085433579286,0.16666666666666666,0.6630636913063691
ACBD6,-1.7700029524369212,0.16666666666666666,0.6630636913063691
XPR1,0.3390550778065644,0.5,0.8663629460895975
STX6,2.703268306570968,0.1111111111111111,0.6630636913063691
MR1,-0.3423485188669364,0.3888888888888889,0.8209476821872752
IER5,-0.5612736952301125,0.3333333333333333,0.7714672075726842
EIF1P3,-0.18058956487890132,0.8333333333333334,0.9696444353796996
GLUL,0.1903941309864816,0.3611111111111111,0.797730450683016
RNASEL,-0.8696145701725619,0.2777777777777778,0.7530160238642064
RGS16,2.5332683981015003,0.2777777777777778,0.7530160238642064
NPL,1.0493980242805443,0.3333333333333333,0.7714672075726842
DHX9,-0.37304370652350904,0.3888888888888889,0.8209476821872752
LAMC1,1.2911383041708806,0.5,0.8663629460895975
LAMC2,1.756274399533054,0.16666666666666666,0.6630636913063691
SMG7,-0.1378266430227688,0.6944444444444444,0.9526327507514194
NCF2,0.6345879098023641,0.7222222222222222,0.9526327507514194
ARPC5,-0.10954452059425535,0.8055555555555556,0.9696444353796996
RGL1,-0.574795588008904,0.8888888888888888,0.9842040002156449
TSEN15,-0.36013473268667706,0.5833333333333334,0.9145140606393699
C1orf21,-0.05107003484353889,0.9444444444444444,1.0
EDEM3,-0.1026425862480913,0.7777777777777778,0.9616866541443916
FAM129A,-0.1101273138691381,0.8611111111111112,0.9842040002156449
RNF2,0.26578387096445244,0.3888888888888889,0.8209476821872752
TRMT1L,0.025695076590357857,1.0,1.0
SWT1,-0.6730413699695571,0.7222222222222222,0.9526327507514194
RPL5P5,-0.46724894920678217,0.8888888888888888,0.9842040002156449
IVNS1ABP,0.0018176193892607273,0.9722222222222222,1.0
TPR,-0.035863502653465495,0.9444444444444444,1.0
C1orf27,-0.39299361459480053,0.7222222222222222,0.9526327507514194
PTGS2,0.26992076531507614,0.3611111111111111,0.797730450683016
PLA2G4A,1.007884286329218,0.6944444444444444,0.9526327507514194
AL513175.2,1.4173732098084417,0.3055555555555556,0.7689432926530413
RGS1,-0.34438434756639147,0.1111111111111111,0.6630636913063691
RGS13,-0.6603270752527397,0.19444444444444445,0.6998773221170698
AL136454.1,0.7875123207543404,0.6944444444444444,0.9526327507514194
RGS2,-1.031340473649534,0.05555555555555555,0.6630636913063691
UCHL5,-0.3044795093308146,0.7222222222222222,0.9526327507514194
TROVE2,0.3922105948154133,0.7222222222222222,0.9526327507514194
GLRX2,-0.22177532664134159,0.6944444444444444,0.9526327507514194
CDC73,-0.3108903628617803,0.3333333333333333,0.7714672075726842
CFH,2.3692207855945537,0.05555555555555555,0.6630636913063691
ASPM,3.3301526298782553,0.16666666666666666,0.6630636913063691
ZBTB41,0.9502542829451261,0.8055555555555556,0.9696444353796996
DENND1B,-0.3251182454768795,0.3055555555555556,0.7689432926530413
NEK7,0.04086380585695082,0.9444444444444444,1.0
PTPRC,-0.40365542894320505,0.2222222222222222,0.7242375194388904
NR5A2,2.4253099454719407,0.05555555555555555,0.6630636913063691
ZNF281,0.2639422435140606,0.4722222222222222,0.8663629460895975
KIF14,2.369088421408418,0.16666666666666666,0.6630636913063691
DDX59,-0.8059507556265189,0.08333333333333333,0.6630636913063691
KIF21B,0.021716392664636874,0.9722222222222222,1.0
TMEM9,2.810631091767871,0.05555555555555555,0.6630636913063691
CSRP1,0.909842221269523,0.19444444444444445,0.6998773221170698
NAV1,2.3594934418862383,0.1111111111111111,0.6630636913063691
IPO9,1.3140747817583134,0.5833333333333334,0.9145140606393699
TIMM17A,-1.0598966525535642,0.19444444444444445,0.6998773221170698
RNPEP,3.648353846389783,0.19444444444444445,0.6998773221170698
ARL8A,2.2211034843522937,0.2777777777777778,0.7530160238642064
PTPN7,1.936088760667463,0.3611111111111111,0.797730450683016
UBE2T,0.6763583143583483,0.75,0.9526327507514194
PPP1R12B,1.303650131472306,0.4166666666666667,0.8228048921195339
AC099336.2,-1.181957416271322,0.08333333333333333,0.6630636913063691
KDM5B,0.3708439614847894,0.6111111111111112,0.9285893964279902
AC098934.3,2.180658910761805,0.19444444444444445,0.6998773221170698
PCAT6,-0.2550797381655696,1.0,1.0
RABIF,-0.676294778530167,0.5555555555555556,0.9063324119086202
KLHL12,2.7555276598174823,0.1388888888888889,0.6630636913063691
ADIPOR1,-0.280926528499319,0.5,0.8663629460895975
CYB5R1,-1.3778124725711667,0.08333333333333333,0.6630636913063691
TMEM183A,1.1825352020894466,0.6944444444444444,0.9526327507514194
ADORA1,2.575172845562361,0.05555555555555555,0.6630636913063691
LINC01353,2.777792568799029,0.05555555555555555,0.6630636913063691
BTG2,0.15686134848607303,0.6666666666666666,0.9393265826953157
ATP2B4,2.8011323594156763,0.1388888888888889,0.6630636913063691
AL513343.1,0.267274907943741,0.8333333333333334,0.9696444353796996
LAX1,-0.06973281542560184,0.8888888888888888,0.9842040002156449
SNRPE,1.6980761543141942,0.2777777777777778,0.7530160238642064
SOX13,0.30687672379185305,0.5277777777777778,0.8876686975890985
PPP1R15B,-0.030338731447225875,1.0,1.0
PIK3C2B,-0.5812772636636847,0.08333333333333333,0.6630636913063691
MDM4,-0.40226892021017324,0.5555555555555556,0.9063324119086202
RBBP5,-1.5648697815892616,0.05555555555555555,0.6630636913063691
DSTYK,-0.8447155337272454,0.3333333333333333,0.7714672075726842
TMCC2,0.5957840331363646,0.75,0.9526327507514194
SNRPGP10,0.4723569531499008,0.4166666666666667,0.8228048921195339
MFSD4A,-0.8364645985434448,0.7222222222222222,0.9526327507514194
ELK4,0.05589285284799761,0.8055555555555556,0.9696444353796996
SLC45A3,0.10778704978012676,0.6111111111111112,0.9285893964279902
NUCKS1,0.14290249983238468,0.6388888888888888,0.9393265826953157
RAB29,-0.7061648197385377,0.3055555555555556,0.7689432926530413
SLC41A1,-0.6506784981502767,0.4166666666666667,0.8228048921195339
PM20D1,2.7337074437642457,0.16666666666666666,0.6630636913063691
C1orf186,-0.4316170187386916,0.08333333333333333,0.6630636913063691
SRGAP2,-0.29531297261444944,0.8055555555555556,0.9696444353796996
IKBKE,1.7578172115223163,0.2777777777777778,0.7530160238642064
RASSF5,0.06132847860019908,0.9444444444444444,1.0
EIF2D,-0.6187550229791423,0.2777777777777778,0.7530160238642064
DYRK3,-1.1882001401425941,0.5,0.8663629460895975
MAPKAPK2,1.2737407595537293,0.05555555555555555,0.6630636913063691
AL591846.1,-0.7720096833066181,0.25,0.7407166969618281
FCMR,-1.2485330546882643,0.5,0.8663629460895975
PFKFB2,0.752501793959409,0.75,0.9526327507514194
YOD1,0.4273141826617728,0.7777777777777778,0.9616866541443916
CD55,0.012538527871469363,1.0,1.0
CD46,-0.36990554968150846,0.2222222222222222,0.7242375194388904
C1orf132,2.36243867778387,0.16666666666666666,0.6630636913063691
CD34,2.5763777996996065,0.16666666666666666,0.6630636913063691
LAMB3,3.6785915753366085,0.05555555555555555,0.6630636913063691
G0S2,-0.3891833476042166,0.9166666666666666,0.9920484365613835
TRAF3IP3,-0.0804577998432996,0.9444444444444444,1.0
IRF6,-1.3759614634763528,0.3888888888888889,0.8209476821872752
DIEXF,0.6502740021312632,0.7777777777777778,0.9616866541443916
ST13P19,1.1276018718901168,0.5555555555555556,0.9063324119086202
RCOR3,-0.7595652774263941,0.08333333333333333,0.6630636913063691
TRAF5,-2.034007428839132,0.1111111111111111,0.6630636913063691
LINC00467,-0.7530075233780553,0.6111111111111112,0.9285893964279902
RD3,3.030235107745848,0.1111111111111111,0.6630636913063691
SLC30A1,-1.0875021646925207,0.25,0.7407166969618281
LPGAT1,1.8896658815199299,0.4444444444444444,0.8447628037832934
INTS7,1.180461295632569,0.5,0.8663629460895975
DTL,2.162025786341442,0.4444444444444444,0.8447628037832934
PPP2R5A,-0.5925064794955714,0.1388888888888889,0.6630636913063691
TMEM206,0.631689352622065,0.5555555555555556,0.9063324119086202
NENF,0.37732778047479254,0.5277777777777778,0.8876686975890985
ATF3,-1.1757029068804643,0.19444444444444445,0.6998773221170698
AL590648.3,0.6080616341174802,0.6666666666666666,0.9393265826953157
BATF3,-0.8376206113952307,0.6388888888888888,0.9393265826953157
NSL1,-1.315221286564432,0.08333333333333333,0.6630636913063691
TATDN3,-0.8352438202406449,0.7222222222222222,0.9526327507514194
FLVCR1-AS1,1.0597040224824803,0.3333333333333333,0.7714672075726842
FLVCR1,0.2857188266549846,0.9444444444444444,1.0
VASH2,-1.4692888687681083,0.5,0.8663629460895975
ANGEL2,0.05556268075441029,0.9166666666666666,0.9920484365613835
RPS6KC1,3.334804556226734,0.08333333333333333,0.6630636913063691
SMYD2,0.7650203389583914,0.5277777777777778,0.8876686975890985
AL445305.1,2.58579581605809,0.16666666666666666,0.6630636913063691
CENPF,5.189524041454782,0.05555555555555555,0.6630636913063691
KCTD3,1.1908677659322247,0.4166666666666667,0.8228048921195339
GPATCH2,1.563935175995074,0.16666666666666666,0.6630636913063691
RRP15,-0.1810395000124574,0.8055555555555556,0.9696444353796996
LYPLAL1,3.2421368191495623,0.08333333333333333,0.6630636913063691
ZC3H11B,-1.2661955042582345,0.7222222222222222,0.9526327507514194
EPRS,0.29681109417008233,0.5833333333333334,0.9145140606393699
BPNT1,1.412992404631623,0.4166666666666667,0.8228048921195339
IARS2,0.15427001418661757,0.7777777777777778,0.9616866541443916
RPS15AP12,1.7607056561880392,0.16666666666666666,0.6630636913063691
RAB3GAP2,-0.05976057610403096,0.8888888888888888,0.9842040002156449
MORF4L1P1,-0.3834963955695816,0.3611111111111111,0.797730450683016
MARC2,2.8735693218716554,0.05555555555555555,0.6630636913063691
DUSP10,1.237138707660855,0.1111111111111111,0.6630636913063691
MIA3,-0.6368986391078257,0.25,0.7407166969618281
AIDA,1.450197737841255,0.2222222222222222,0.7242375194388904
BROX,-0.4155104809958017,0.4166666666666667,0.8228048921195339
AL392172.1,0.7291999910240916,0.75,0.9526327507514194
DISP1,2.841313649644626,0.05555555555555555,0.6630636913063691
CAPN2,1.5130127579714983,0.5555555555555556,0.9063324119086202
TP53BP2,0.28442059042871204,0.5555555555555556,0.9063324119086202
GTF2IP20,2.276376810722787,0.16666666666666666,0.6630636913063691
AC138393.1,1.0396730201690683,0.4166666666666667,0.8228048921195339
FBXO28,2.730036228730677,0.2222222222222222,0.7242375194388904
DEGS1,0.90325595195735,0.25,0.7407166969618281
NVL,1.2838380026035754,0.4166666666666667,0.8228048921195339
CNIH4,-0.23531867535655504,0.8333333333333334,0.9696444353796996
WDR26,-0.21818981556362438,0.5277777777777778,0.8876686975890985
DNAH14,-0.12210626661989732,0.8888888888888888,0.9842040002156449
LBR,-0.7631999256718931,0.4166666666666667,0.8228048921195339
ENAH,-0.5310484231001744,0.6666666666666666,0.9393265826953157
SRP9,0.058219186323992034,0.8611111111111112,0.9842040002156449
EPHX1,0.7777327232464286,0.6666666666666666,0.9393265826953157
AL591895.1,0.09249350314141491,0.8888888888888888,0.9842040002156449
TMEM63A,3.801126973987393,0.05555555555555555,0.6630636913063691
PYCR2,-0.10767334728695577,0.9166666666666666,0.9920484365613835
SDE2,0.049991206056192006,0.9444444444444444,1.0
H3F3A,-0.20390962519886724,0.8611111111111112,0.9842040002156449
ACBD3,-0.006723723746191013,1.0,1.0
LIN9,0.9086201267569054,0.5833333333333334,0.9145140606393699
PARP1,-0.2007986161469688,0.6666666666666666,0.9393265826953157
ITPKB,-0.6632032666580958,0.3611111111111111,0.797730450683016
PSEN2,1.907998533345241,0.3333333333333333,0.7714672075726842
COQ8A,1.2177003182296207,0.5277777777777778,0.8876686975890985
CDC42BPA,-0.3289532627806713,0.6111111111111112,0.9285893964279902
NUCKS1P1,1.7704297712200843,0.16666666666666666,0.6630636913063691
BTF3P9,-3.6513516714699765,0.05555555555555555,0.6630636913063691
ZNF678,1.0810866227964966,0.5833333333333334,0.9145140606393699
SNAP47,1.9170031350293086,0.16666666666666666,0.6630636913063691
JMJD4,0.16780799898298604,1.0,1.0
ARF1,0.39538336759183856,0.3055555555555556,0.7689432926530413
C1orf35,0.9324723532916819,0.6388888888888888,0.9393265826953157
MRPL55,1.3462651336051692,0.4166666666666667,0.8228048921195339
GUK1,3.4985004442508947,0.1388888888888889,0.6630636913063691
IBA57,-1.1561832418720703,0.4166666666666667,0.8228048921195339
OBSCN,-2.051392083173214,0.2777777777777778,0.7530160238642064
TRIM11,-0.9888719618090094,0.19444444444444445,0.6998773221170698
RNF187,0.011235444782744075,0.9722222222222222,1.0
FTH1P2,-1.8329869786902435,0.05555555555555555,0.6630636913063691
RAB4A,2.4745939257904017,0.08333333333333333,0.6630636913063691
CCSAP,0.37557405588516346,0.8333333333333334,0.9696444353796996
NUP133,-0.7288703460872439,0.3888888888888889,0.8209476821872752
ABCB10,1.9417131130493777,0.19444444444444445,0.6998773221170698
TAF5L,-0.21307653259563297,0.8888888888888888,0.9842040002156449
URB2,1.0239475139986847,0.4166666666666667,0.8228048921195339
GALNT2,0.6943497363683155,0.19444444444444445,0.6998773221170698
PGBD5,0.35158195320898944,0.25,0.7407166969618281
COG2,0.15506194258744266,0.8888888888888888,0.9842040002156449
C1orf198,0.6465999792866404,0.5833333333333334,0.9145140606393699
TTC13,0.39388850930936226,0.9444444444444444,1.0
ARV1,1.466244684265455,0.3333333333333333,0.7714672075726842
FAM89A,-1.4101185354413144,0.5,0.8663629460895975
AL732414.1,-1.6697975330174182,0.2777777777777778,0.7530160238642064
C1orf131,-0.382631406738279,0.8611111111111112,0.9842040002156449
GNPAT,1.4973819262550276,0.3888888888888889,0.8209476821872752
EXOC8,-1.0654899650535334,0.25,0.7407166969618281
SPRTN,0.2662401961088694,0.8333333333333334,0.9696444353796996
EGLN1,-0.09796965922321288,0.8611111111111112,0.9842040002156449
AL445524.1,3.291358374115485,0.05555555555555555,0.6630636913063691
TSNAX,-0.9201515584335089,0.19444444444444445,0.6998773221170698
DISC1,0.47065444050428784,0.75,0.9526327507514194
SIPA1L2,-1.9724878494740101,0.4166666666666667,0.8228048921195339
NTPCR,1.7662292814797627,0.3055555555555556,0.7689432926530413
COA6,1.2635765361561733,0.5277777777777778,0.8876686975890985
TARBP1,1.4249612712774842,0.4722222222222222,0.8663629460895975
IRF2BP2,-0.21420673221912345,0.2222222222222222,0.7242375194388904
AL391832.2,-0.4336643627655228,0.8888888888888888,0.9842040002156449
TOMM20,-0.3156709491220502,0.2777777777777778,0.7530160238642064
ARID4B,-0.7018806639764055,0.1388888888888889,0.6630636913063691
GGPS1,-0.33550458662698635,0.4166666666666667,0.8228048921195339
TBCE,0.4132935191749336,0.7777777777777778,0.9616866541443916
B3GALNT2,0.086235656214392,1.0,1.0
LYST,-0.7107490887960051,0.08333333333333333,0.6630636913063691
NID1,1.8891494740666301,0.16666666666666666,0.6630636913063691
GPR137B,-0.5995421934445577,0.6111111111111112,0.9285893964279902
ERO1B,-0.49560198068776895,0.5555555555555556,0.9063324119086202
EDARADD,0.40488535172836837,0.1111111111111111,0.6630636913063691
LGALS8,-1.031337815621809,0.19444444444444445,0.6998773221170698
HEATR1,0.5276789448789603,0.9166666666666666,0.9920484365613835
MTR,-0.05626549762818378,0.9444444444444444,1.0
RPL35P1,1.4256670949387829,0.3888888888888889,0.8209476821872752
AL359918.1,1.2219684188296855,0.4166666666666667,0.8228048921195339
FH,-0.20451201033238808,0.8888888888888888,0.9842040002156449
CHML,3.4707044587612206,0.05555555555555555,0.6630636913063691
CEP170,-0.18406198753737169,0.4722222222222222,0.8663629460895975
SDCCAG8,-0.3708035907148721,0.4722222222222222,0.8663629460895975
AKT3,1.4539178018353431,0.4722222222222222,0.8663629460895975
ZBTB18,1.5008831171720147,0.3888888888888889,0.8209476821872752
ADSS,0.643719685431531,0.1111111111111111,0.6630636913063691
DESI2,0.7102457257412294,0.16666666666666666,0.6630636913063691
HNRNPU,-0.49029330832414075,0.16666666666666666,0.6630636913063691
EFCAB2,1.9873607490753251,0.16666666666666666,0.6630636913063691
KIF26B,0.13091059474007738,1.0,1.0
SMYD3,0.30706724585818446,0.4722222222222222,0.8663629460895975
TFB2M,0.9132291801206236,0.5833333333333334,0.9145140606393699
CNST,-0.7579280685742082,0.3888888888888889,0.8209476821872752
SCCPDH,0.33447857278570137,0.5833333333333334,0.9145140606393699
AHCTF1,0.6213556974787506,0.8888888888888888,0.9842040002156449
ZNF670,0.744417235148048,0.5833333333333334,0.9145140606393699
ZNF124,-0.6809809517939986,0.6944444444444444,0.9526327507514194
AL390728.6,-0.6061205676233534,0.5555555555555556,0.9063324119086202
AL390728.4,0.15992612702088937,0.7777777777777778,0.9616866541443916
ZNF496,1.3974509017549441,0.4722222222222222,0.8663629460895975
NLRP3,2.9609586238885113,0.19444444444444445,0.6998773221170698
GCSAML,-0.06179173014709605,0.8611111111111112,0.9842040002156449
OR2C3,0.7454827357907052,0.6666666666666666,0.9393265826953157
OR14L1P,-0.07337548180926756,0.8333333333333334,0.9696444353796996
TRIM58,0.03722177211130884,1.0,1.0
SH3BP5L,2.096881427095432,0.2222222222222222,0.7242375194388904
ZNF672,1.1893350745502,0.5555555555555556,0.9063324119086202
ZNF692,1.67334885780053,0.16666666666666666,0.6630636913063691
PGBD2,-0.20066167878492003,0.8333333333333334,0.9696444353796996
SH3YL1,1.316094423150009,0.5,0.8663629460895975
ACP1,0.06052007033596407,0.9166666666666666,0.9920484365613835
TMEM18,1.4318871104023958,0.5277777777777778,0.8876686975890985
PXDN,1.9284012878035797,0.16666666666666666,0.6630636913063691
EIPR1,1.446331310573723,0.3333333333333333,0.7714672075726842
TRAPPC12,1.8068393692876703,0.2222222222222222,0.7242375194388904
ADI1,0.2041479481626336,0.9166666666666666,0.9920484365613835
RNASEH1,0.9106537745519678,0.5833333333333334,0.9145140606393699
RNASEH1-AS1,0.16780799898298604,1.0,1.0
RPS7,0.0770264708325854,0.6944444444444444,0.9526327507514194
CMPK2,-0.1805252000691926,0.8333333333333334,0.9696444353796996
RSAD2,-0.2584313236839346,0.6111111111111112,0.9285893964279902
RNF144A,1.2369018683895878,0.6111111111111112,0.9285893964279902
LINC01871,0.6304891357442561,0.6666666666666666,0.9393265826953157
ID2,-0.3067625154758957,0.4444444444444444,0.8447628037832934
KIDINS220,-0.7389510218532456,0.08333333333333333,0.6630636913063691
MBOAT2,-0.6687455565353053,0.6388888888888888,0.9393265826953157
ITGB1BP1,0.7737245918844389,0.4722222222222222,0.8663629460895975
CPSF3,1.3471610338622395,0.5277777777777778,0.8876686975890985
IAH1,1.4459859958321473,0.4166666666666667,0.8228048921195339
ADAM17,1.39485758190946,0.3333333333333333,0.7714672075726842
YWHAQ,-0.39175850319422345,0.4722222222222222,0.8663629460895975
TAF1B,-0.5246575482793014,0.5,0.8663629460895975
AC010969.2,2.2077191643935214,0.1111111111111111,0.6630636913063691
GRHL1,1.9518878832887938,0.4444444444444444,0.8447628037832934
AC104794.2,-0.7906930901930442,0.3888888888888889,0.8209476821872752
KLF11,2.891583965867254,0.05555555555555555,0.6630636913063691
RRM2,2.4682543157737307,0.25,0.7407166969618281
HPCAL1,0.15963310173677225,0.6111111111111112,0.9285893964279902
ODC1,0.15814815661786952,0.9444444444444444,1.0
NOL10,-0.8300593935223968,0.3333333333333333,0.7714672075726842
PDIA6,0.6301914311889476,0.1111111111111111,0.6630636913063691
LINC01954,0.22817527358213363,0.8333333333333334,0.9696444353796996
PQLC3,-1.0148938935821992,0.1111111111111111,0.6630636913063691
ROCK2,-0.15740989744769252,0.6944444444444444,0.9526327507514194
AC018463.1,-0.36739579488889695,0.7222222222222222,0.9526327507514194
E2F6,-0.4316300735238463,0.8888888888888888,0.9842040002156449
LPIN1,-0.9076859993995781,0.05555555555555555,0.6630636913063691
MIR3681HG,0.4936940957011241,0.8333333333333334,0.9696444353796996
TRIB2,0.2923276089731601,0.6111111111111112,0.9285893964279902
NBAS,0.22821700079683893,0.2222222222222222,0.7242375194388904
DDX1,-0.6073535848494211,0.1111111111111111,0.6630636913063691
FAM49A,-1.2849603646909866,0.2777777777777778,0.7530160238642064
SMC6,-0.30867751046868186,0.4722222222222222,0.8663629460895975
GEN1,3.322324488589774,0.05555555555555555,0.6630636913063691
RDH14,1.4461945306570048,0.4166666666666667,0.8228048921195339
TTC32,-0.30500667014048366,0.7777777777777778,0.9616866541443916
WDR35,1.13579090256111,0.5833333333333334,0.9145140606393699
LAPTM4A,-0.5552293529345196,0.25,0.7407166969618281
SDC1,1.183226079978183,0.5555555555555556,0.9063324119086202
PUM2,-0.07511547945185804,0.7777777777777778,0.9616866541443916
RHOB,1.133711655054256,0.08333333333333333,0.6630636913063691
AC012065.5,1.7618693651790558,0.16666666666666666,0.6630636913063691
HS1BP3,2.2642327034266834,0.1111111111111111,0.6630636913063691
LDAH,-1.6611432032916524,0.08333333333333333,0.6630636913063691
ATAD2B,1.2618591348784167,0.5277777777777778,0.8876686975890985
UBXN2A,0.06440651421953003,0.9166666666666666,0.9920484365613835
MFSD2B,0.8952085253502591,0.5555555555555556,0.9063324119086202
WDCP,-1.1293874351317006,0.5,0.8663629460895975
FKBP1B,2.5364779635620134,0.1111111111111111,0.6630636913063691
SF3B6,0.07608705863797294,0.7777777777777778,0.9616866541443916
FAM228B,1.794806898752515,0.2222222222222222,0.7242375194388904
TP53I3,0.7293363274257785,0.75,0.9526327507514194
ITSN2,-0.23173611174163344,0.6111111111111112,0.9285893964279902
NCOA1,0.22231022231198505,0.19444444444444445,0.6998773221170698
PTRHD1,-0.5178975348613983,0.6388888888888888,0.9393265826953157
CENPO,1.9392902807879921,0.16666666666666666,0.6630636913063691
ADCY3,3.4384438153895203,0.05555555555555555,0.6630636913063691
DNAJC27,4.185447273953752,0.05555555555555555,0.6630636913063691
DNAJC27-AS1,0.6364905572804037,0.5,0.8663629460895975
DNMT3A,0.43853364332304334,0.5277777777777778,0.8876686975890985
ASXL2,-0.11414661628184586,0.8055555555555556,0.9696444353796996
KIF3C,-0.5525992221798219,0.6388888888888888,0.9393265826953157
TRMT112P6,1.5913429142206035,0.3333333333333333,0.7714672075726842
RAB10,0.045240407871973254,0.8611111111111112,0.9842040002156449
HADHA,-0.24395708241937353,0.4722222222222222,0.8663629460895975
HADHB,-0.9025585643362453,0.16666666666666666,0.6630636913063691
SELENOI,0.32013833525005975,0.9444444444444444,1.0
SLC35F6,1.8873560604305077,0.25,0.7407166969618281
CENPA,2.4207934845955847,0.16666666666666666,0.6630636913063691
MAPRE3,0.025661717535361284,1.0,1.0
TMEM214,-0.34448094601524737,0.3888888888888889,0.8209476821872752
AGBL5,-0.826123500072145,0.2777777777777778,0.7530160238642064
OST4,0.7633020867532974,0.1388888888888889,0.6630636913063691
PREB,3.209887454826955,0.1388888888888889,0.6630636913063691
ATRAID,0.15723505722771502,0.8611111111111112,0.9842040002156449
CAD,2.6749838573466365,0.1388888888888889,0.6630636913063691
MPV17,-0.45782909374415226,0.6944444444444444,0.9526327507514194
GTF3C2,0.05153075525507678,0.8333333333333334,0.9696444353796996
EIF2B4,1.853159915730258,0.08333333333333333,0.6630636913063691
SNX17,0.2017092470921824,0.75,0.9526327507514194
PPM1G,2.0783247679034798,0.3055555555555556,0.7689432926530413
NRBP1,0.165790522176418,0.8611111111111112,0.9842040002156449
IFT172,0.6973998642484937,0.6666666666666666,0.9393265826953157
ZNF512,-0.6292685821292956,0.6388888888888888,0.9393265826953157
GPN1,-0.5201429062191156,0.1388888888888889,0.6630636913063691
SUPT7L,-0.8864763958198374,0.2777777777777778,0.7530160238642064
SLC4A1AP,0.15588634076466423,0.8611111111111112,0.9842040002156449
MRPL33,-0.7433710782725056,0.3055555555555556,0.7689432926530413
RBKS,1.5928599060797175,0.4166666666666667,0.8228048921195339
BABAM2,1.0374045090965351,0.3333333333333333,0.7714672075726842
FOSL2,0.08394148392713063,0.8611111111111112,0.9842040002156449
AC104695.3,-0.0923582956272968,0.9444444444444444,1.0
AC104695.2,1.4304147548221788,0.3611111111111111,0.797730450683016
PPP1CB,-0.2889769568193401,0.2222222222222222,0.7242375194388904
WDR43,1.2137540147373782,0.05555555555555555,0.6630636913063691
CLIP4,-0.6030194622110363,0.6111111111111112,0.9285893964279902
YPEL5,-0.6036572300481389,0.1111111111111111,0.6630636913063691
LBH,-0.44287839428811804,0.6111111111111112,0.9285893964279902
LCLAT1,2.0500114588023077,0.25,0.7407166969618281
MEMO1,2.635037767315768,0.05555555555555555,0.6630636913063691
DPY30,0.39875226691631926,0.4444444444444444,0.8447628037832934
SPAST,1.1336763054331938,0.6944444444444444,0.9526327507514194
SLC30A6,-0.6397537252801202,0.19444444444444445,0.6998773221170698
YIPF4,-0.2599262889094591,0.5555555555555556,0.9063324119086202
BIRC6,0.48854305091687866,0.4722222222222222,0.8663629460895975
AL133243.3,1.114698385127368,0.4166666666666667,0.8228048921195339
TTC27,2.7848966237786885,0.1111111111111111,0.6630636913063691
RASGRP3,1.595526312139249,0.2222222222222222,0.7242375194388904
FAM98A,2.923410362430136,0.1388888888888889,0.6630636913063691
CRIM1,-2.1601520265857443,0.2777777777777778,0.7530160238642064
FEZ2,-0.1666333804697846,0.75,0.9526327507514194
AC007382.1,0.46133375136079147,0.7222222222222222,0.9526327507514194
STRN,0.4241594969861282,0.6944444444444444,0.9526327507514194
HEATR5B,-0.6260163014976268,0.3611111111111111,0.797730450683016
GPATCH11,1.8674390709789837,0.1111111111111111,0.6630636913063691
EIF2AK2,-0.1905493300090244,0.7222222222222222,0.9526327507514194
CEBPZOS,0.07594090724497438,0.8333333333333334,0.9696444353796996
CEBPZ,-2.3092618500540976,0.05555555555555555,0.6630636913063691
NDUFAF7,-0.8465680151098032,0.5555555555555556,0.9063324119086202
PRKD3,0.5372897277509194,0.08333333333333333,0.6630636913063691
QPCT,3.4779760595913993,0.1388888888888889,0.6630636913063691
CDC42EP3,-0.3255702868339938,0.6111111111111112,0.9285893964279902
RMDN2,0.689831425575099,0.7222222222222222,0.9526327507514194
ATL2,1.798636071413818,0.3055555555555556,0.7689432926530413
RPLP0P6,-1.1895659987063514,0.1111111111111111,0.6630636913063691
HNRNPLL,1.225805953670605,0.4722222222222222,0.8663629460895975
GALM,-1.4226035385465097,0.3055555555555556,0.7689432926530413
SRSF7,-0.7125098732019559,0.2222222222222222,0.7242375194388904
GEMIN6,-0.004031447713319647,1.0,1.0
DHX57,2.76161164418194,0.05555555555555555,0.6630636913063691
MORN2,-0.46894782388655054,0.8333333333333334,0.9696444353796996
SOS1,0.17899953057836893,0.6111111111111112,0.9285893964279902
MAP4K3,1.3719549608075536,0.3055555555555556,0.7689432926530413
THUMPD2,-0.5292094677880956,0.7777777777777778,0.9616866541443916
EML4,1.9821776680431888,0.1111111111111111,0.6630636913063691
COX7A2L,-0.843458412523856,0.1111111111111111,0.6630636913063691
MTA3,1.8557278450732868,0.2777777777777778,0.7530160238642064
OXER1,-1.126698412863305,0.7222222222222222,0.9526327507514194
HAAO,2.4497800245660546,0.3055555555555556,0.7689432926530413
ZFP36L2,-0.7881213742697124,0.3055555555555556,0.7689432926530413
THADA,-1.3690167690545607,0.08333333333333333,0.6630636913063691
DYNC2LI1,2.489828268058697,0.08333333333333333,0.6630636913063691
LRPPRC,-0.08486702425028181,0.8055555555555556,0.9696444353796996
PPM1B,0.049487100255595884,0.8333333333333334,0.9696444353796996
PREPL,-0.5946680871436358,0.3055555555555556,0.7689432926530413
CAMKMT,2.8498752998592867,0.05555555555555555,0.6630636913063691
AC012354.2,1.5307480159582747,0.05555555555555555,0.6630636913063691
LINC01121,-0.8068719663895045,0.7222222222222222,0.9526327507514194
SRBD1,3.655838364108515,0.05555555555555555,0.6630636913063691
PRKCE,-0.6356178302169537,0.6388888888888888,0.9393265826953157
EPAS1,2.3487562646840052,0.3055555555555556,0.7689432926530413
RHOQ,-0.5197010650034564,0.5277777777777778,0.8876686975890985
PIGF,-0.25840477256283956,1.0,1.0
CRIPT,-0.3209269377028523,0.6944444444444444,0.9526327507514194
SOCS5,3.4984850034288657,0.05555555555555555,0.6630636913063691
MCFD2,-0.038140045949892176,0.9722222222222222,1.0
TTC7A,2.512109822858384,0.16666666666666666,0.6630636913063691
CALM2,-0.2395104820805134,0.4166666666666667,0.8228048921195339
MSH2,1.1756313186376297,0.5833333333333334,0.9145140606393699
MSH6,1.1173368710112923,0.6666666666666666,0.9393265826953157
FBXO11,1.4378802998157934,0.3055555555555556,0.7689432926530413
FOXN2,-0.3821249704803851,0.3888888888888889,0.8209476821872752
PPP1R21,-0.28430288141645743,0.6944444444444444,0.9526327507514194
ASB3,1.1644428546570638,0.3333333333333333,0.7714672075726842
ERLEC1,0.16354740661940692,0.6666666666666666,0.9393265826953157
PSME4,3.345688453904419,0.05555555555555555,0.6630636913063691
ACYP2,0.313593854814155,0.6666666666666666,0.9393265826953157
HMGB1P31,-0.40815571175312026,0.8888888888888888,0.9842040002156449
SPTBN1,-0.5371979561306643,0.08333333333333333,0.6630636913063691
RTN4,-0.07079830551748323,0.8611111111111112,0.9842040002156449
RPS27A,-0.22592822377366417,0.3055555555555556,0.7689432926530413
MTIF2,-0.23107687267913857,0.7777777777777778,0.9616866541443916
CCDC88A,0.4683727487886422,0.1388888888888889,0.6630636913063691
CFAP36,-0.2650645749783722,0.4166666666666667,0.8228048921195339
PPP4R3B,-0.49888143895871284,0.2222222222222222,0.7242375194388904
PNPT1,-1.5188987189824568,0.16666666666666666,0.6630636913063691
VRK2,0.9163102249574924,0.6388888888888888,0.9393265826953157
FANCL,0.11470681341841393,1.0,1.0
EIF3FP3,-1.1255411627903156,0.2222222222222222,0.7242375194388904
AC007238.1,-1.5130576543066727,0.3055555555555556,0.7689432926530413
BCL11A,-0.17739777356248654,1.0,1.0
PAPOLG,-0.12578192829532675,0.8055555555555556,0.9696444353796996
REL,-0.075189048261608,0.9166666666666666,0.9920484365613835
PUS10,2.2336987353942974,0.1111111111111111,0.6630636913063691
PEX13,1.3161578867889734,0.3888888888888889,0.8209476821872752
KIAA1841,2.4190428804042052,0.1388888888888889,0.6630636913063691
AC016747.1,1.0906043288005738,0.4722222222222222,0.8663629460895975
AHSA2,0.6846519463697676,0.5,0.8663629460895975
USP34,0.20966723450830482,0.6111111111111112,0.9285893964279902
XPO1,-0.7699650102434017,0.1388888888888889,0.6630636913063691
CCT4,-0.3664357511422045,0.2222222222222222,0.7242375194388904
COMMD1,-0.9965350705730258,0.3055555555555556,0.7689432926530413
B3GNT2,0.3026474212711827,0.9166666666666666,0.9920484365613835
EHBP1,1.1397908271795658,0.4722222222222222,0.8663629460895975
WDPCP,-0.3354789726741223,0.7777777777777778,0.9616866541443916
MDH1,0.26829291767867414,0.5277777777777778,0.8876686975890985
AC016734.1,-1.0481779149195094,0.4722222222222222,0.8663629460895975
AC096664.2,0.6279301512393755,0.6666666666666666,0.9393265826953157
UGP2,-0.07358577503747643,0.6388888888888888,0.9393265826953157
VPS54,-0.3668895278905522,0.4166666666666667,0.8228048921195339
PELI1,-0.46612035817253084,0.4166666666666667,0.8228048921195339
AC012368.1,-1.831221575998748,0.3888888888888889,0.8209476821872752
LGALSL,-1.7695002850140922,0.1388888888888889,0.6630636913063691
AFTPH,-0.8718158907656912,0.16666666666666666,0.6630636913063691
SERTAD2,-0.5942910098575647,0.08333333333333333,0.6630636913063691
SLC1A4,2.027335640734457,0.3333333333333333,0.7714672075726842
CEP68,-1.1466923761266008,0.05555555555555555,0.6630636913063691
RAB1A,-0.4074546481601784,0.4166666666666667,0.8228048921195339
AC007318.1,-0.19423798244641954,0.9444444444444444,1.0
ACTR2,-0.029806858678913528,0.9444444444444444,1.0
SPRED2,-0.26862381535306623,0.6388888888888888,0.9393265826953157
ETAA1,1.1606902236665535,0.5833333333333334,0.9145140606393699
C1D,-0.327337945549818,0.6944444444444444,0.9526327507514194
WDR92,-0.3101007564062126,0.75,0.9526327507514194
PNO1,-0.29808809919575907,0.3611111111111111,0.797730450683016
PPP3R1,0.38536767366331137,0.4722222222222222,0.8663629460895975
CNRIP1,0.02949229714674928,0.9166666666666666,0.9920484365613835
PLEK,0.13117413930488198,0.75,0.9526327507514194
FBXO48,2.4396523236953453,0.16666666666666666,0.6630636913063691
APLF,3.150723692653292,0.05555555555555555,0.6630636913063691
ARHGAP25,0.1998994424058198,0.7777777777777778,0.9616866541443916
GFPT1,-0.22778727607591875,0.4444444444444444,0.8447628037832934
NFU1,-0.2744808153052105,0.6944444444444444,0.9526327507514194
AAK1,0.24630783390791589,0.5,0.8663629460895975
ANXA4,-0.25229693818714516,0.5555555555555556,0.9063324119086202
GMCL1,0.7083111434816032,0.8333333333333334,0.9696444353796996
SNRNP27,-0.3552880463649606,0.6666666666666666,0.9393265826953157
MXD1,-0.0736273856234555,0.9722222222222222,1.0
PCBP1-AS1,1.3999242710722555,0.3333333333333333,0.7714672075726842
C2orf42,-0.4158551188896049,0.7222222222222222,0.9526327507514194
TIA1,-0.5008068593142703,0.3333333333333333,0.7714672075726842
PCYOX1,0.3640767861913776,0.9166666666666666,0.9920484365613835
SNRPG,-0.336248834727666,0.3055555555555556,0.7689432926530413
FAM136A,-0.17674297326230004,0.8611111111111112,0.9842040002156449
TGFA,0.3816742930228405,0.8888888888888888,0.9842040002156449
TEX261,0.5681781744664152,0.05555555555555555,0.6630636913063691
NAGK,-0.43225176144018196,0.08333333333333333,0.6630636913063691
MCEE,1.1059576568750629,0.5277777777777778,0.8876686975890985
MPHOSPH10,-0.0800506413571469,0.8888888888888888,0.9842040002156449
ZNF638,0.5727826420703099,0.05555555555555555,0.6630636913063691
EXOC6B,-1.1211147749053945,0.08333333333333333,0.6630636913063691
RAB11FIP5,0.3930638328435535,0.8333333333333334,0.9696444353796996
SMYD5,-1.1942697524594172,0.4722222222222222,0.8663629460895975
PRADC1,1.078909425975636,0.5,0.8663629460895975
CCT7,3.7077839086779356,0.08333333333333333,0.6630636913063691
ALMS1,3.047825381456019,0.08333333333333333,0.6630636913063691
TPRKB,-0.6455394619513513,0.4722222222222222,0.8663629460895975
DUSP11,2.947894789664784,0.08333333333333333,0.6630636913063691
STAMBP,-0.6243344889293194,0.2222222222222222,0.7242375194388904
DGUOK,1.5306892541269987,0.4444444444444444,0.8447628037832934
DGUOK-AS1,-0.36296081719430817,1.0,1.0
TET3,1.6981016566419709,0.25,0.7407166969618281
BOLA3,2.5429447338244473,0.08333333333333333,0.6630636913063691
BOLA3-AS1,1.2696240318467518,0.4722222222222222,0.8663629460895975
MOB1A,0.13285564883293954,0.5555555555555556,0.9063324119086202
MTHFD2,0.38061756280035386,0.5,0.8663629460895975
DCTN1,0.3229641571166644,0.4722222222222222,0.8663629460895975
WDR54,-1.1123258727216696,0.5833333333333334,0.9145140606393699
RTKN,1.7859804184951524,0.4444444444444444,0.8447628037832934
INO80B,2.1618717924433133,0.16666666666666666,0.6630636913063691
MOGS,-1.746906099969193,0.05555555555555555,0.6630636913063691
CCDC142,2.2220721595850845,0.05555555555555555,0.6630636913063691
TTC31,0.7456560345582708,0.08333333333333333,0.6630636913063691
LBX2-AS1,1.244716358861155,0.4166666666666667,0.8228048921195339
PCGF1,1.1046223967387259,0.5833333333333334,0.9145140606393699
AUP1,1.7749602688289219,0.3055555555555556,0.7689432926530413
HTRA2,2.3692207855945537,0.05555555555555555,0.6630636913063691
DOK1,-0.6379346868281388,0.19444444444444445,0.6998773221170698
M1AP,1.814465055735198,0.4444444444444444,0.8447628037832934
SEMA4F,0.1832353321186848,0.8333333333333334,0.9696444353796996
AC019069.1,-0.5379428441560665,0.6666666666666666,0.9393265826953157
HK2,0.03178474690309674,0.9722222222222222,1.0
LINC01291,1.8364739872222549,0.05555555555555555,0.6630636913063691
POLE4,-0.17754341045026312,0.9166666666666666,0.9920484365613835
MRPL19,0.8579526906875663,0.75,0.9526327507514194
GCFC2,0.9652862740172328,0.6111111111111112,0.9285893964279902
AC005034.3,1.1573130699692962,0.4166666666666667,0.8228048921195339
SUCLG1,-0.08464481627362552,0.8611111111111112,0.9842040002156449
TMSB10,1.2504011680295877,0.5277777777777778,0.8876686975890985
KCMF1,0.09156995443539273,0.75,0.9526327507514194
TCF7L1,0.6148936035139916,0.75,0.9526327507514194
TGOLN2,-0.35096603801499615,0.3888888888888889,0.8209476821872752
RETSAT,2.0503514126199014,0.08333333333333333,0.6630636913063691
ELMOD3,2.1261463130767626,0.08333333333333333,0.6630636913063691
CAPG,0.8844172924547404,0.08333333333333333,0.6630636913063691
MAT2A,-0.5589354267356894,0.5,0.8663629460895975
GGCX,-0.02896935017925184,0.9722222222222222,1.0
VAMP8,-0.07473328472858931,0.8611111111111112,0.9842040002156449
VAMP5,3.003999860313583,0.05555555555555555,0.6630636913063691
RNF181,2.1591938866270373,0.19444444444444445,0.6998773221170698
TMEM150A,3.2624317683934065,0.08333333333333333,0.6630636913063691
USP39,-0.5382127172834767,0.4444444444444444,0.8447628037832934
C2orf68,-0.14594339114146315,0.8888888888888888,0.9842040002156449
GNLY,-0.7918294466579128,0.8888888888888888,0.9842040002156449
ST3GAL5,-0.5931815232103235,0.3333333333333333,0.7714672075726842
POLR1A,0.5862649960245085,0.6944444444444444,0.9526327507514194
PTCD3,-0.32594764396827625,0.3333333333333333,0.7714672075726842
IMMT,0.3615563703025204,0.5277777777777778,0.8876686975890985
MRPL35,0.4496168436186494,0.5,0.8663629460895975
KDM3A,-1.1743020720627788,0.08333333333333333,0.6630636913063691
CHMP3,-0.6801282296730013,0.1111111111111111,0.6630636913063691
RNF103,-0.9314741789308751,0.1111111111111111,0.6630636913063691
RMND5A,0.001277420945330121,1.0,1.0
CD8A,-0.546140629195591,0.8333333333333334,0.9696444353796996
LINC01943,-0.8157709240514984,0.7222222222222222,0.9526327507514194
CYTOR,0.9040915612921236,0.4722222222222222,0.8663629460895975
RNU2-63P,0.637007454791187,0.6388888888888888,0.9393265826953157
KRCC1,-0.23468717971965347,0.6111111111111112,0.9285893964279902
THNSL2,0.3046401111857273,1.0,1.0
EIF2AK3,0.5173130499805438,0.3611111111111111,0.797730450683016
RPIA,0.3830585395356616,0.4444444444444444,0.8447628037832934
IGKC,5.787367779293086,0.16666666666666666,0.6630636913063691
IGKV4-1,1.728412620162238,0.7222222222222222,0.9526327507514194
MAL,1.9442487251821365,0.4444444444444444,0.8447628037832934
MRPS5,0.25328404942304505,0.8055555555555556,0.9696444353796996
ZNF514,-1.6633784200317216,0.2777777777777778,0.7530160238642064
ZNF2,0.8754647309904,0.5833333333333334,0.9145140606393699
FAHD2A,-2.50307739123322,0.1388888888888889,0.6630636913063691
ANKRD36C,-0.03107201082460076,0.9166666666666666,0.9920484365613835
DUSP2,1.4427931692659053,0.1388888888888889,0.6630636913063691
STARD7,-0.38009577332946254,0.3611111111111111,0.797730450683016
TMEM127,0.502036609751543,0.3055555555555556,0.7689432926530413
CIAO1,0.19587956123896877,0.5277777777777778,0.8876686975890985
SNRNP200,-0.10041038765889443,0.8333333333333334,0.9696444353796996
NCAPH,2.1858566978593963,0.4444444444444444,0.8447628037832934
ARID5A,1.195443236018432,0.5277777777777778,0.8876686975890985
KANSL3,1.7569905584520442,0.3055555555555556,0.7689432926530413
LMAN2L,2.050592952364908,0.19444444444444445,0.6998773221170698
CNNM4,2.450962446531642,0.1388888888888889,0.6630636913063691
CNNM3,-0.10794578111254527,0.9166666666666666,0.9920484365613835
SEMA4C,0.400312156604131,0.75,0.9526327507514194
ANKRD36,1.1976775272571758,0.3333333333333333,0.7714672075726842
ANKRD36B,2.2929198670465083,0.08333333333333333,0.6630636913063691
COX5B,0.8624027413236837,0.16666666666666666,0.6630636913063691
ACTR1B,-0.027761563341881512,0.8888888888888888,0.9842040002156449
C2orf92,0.5825529831050776,0.6666666666666666,0.9393265826953157
TMEM131,2.000928298925497,0.3055555555555556,0.7689432926530413
INPP4A,2.905883972967702,0.1388888888888889,0.6630636913063691
COA5,0.6304948955883147,0.8055555555555556,0.9696444353796996
UNC50,1.333838321574151,0.5277777777777778,0.8876686975890985
MGAT4A,3.431999337051006,0.1111111111111111,0.6630636913063691
TSGA10,-1.2654269631207449,0.5,0.8663629460895975
MITD1,-0.8717127051316202,0.4166666666666667,0.8228048921195339
MRPL30,1.0623662762806458,0.6944444444444444,0.9526327507514194
TXNDC9,0.4231352744681023,0.9166666666666666,0.9920484365613835
EIF5B,0.304657636630127,0.3055555555555556,0.7689432926530413
REV1,-0.5311709424971207,0.05555555555555555,0.6630636913063691
CHST10,2.3341975095197665,0.16666666666666666,0.6630636913063691
PDCL3,-0.18868907141280467,0.5833333333333334,0.9145140606393699
RPL31,0.12049824619941596,0.5555555555555556,0.9063324119086202
CNOT11,0.9539064877297769,0.1388888888888889,0.6630636913063691
RNF149,0.43518293924656426,0.3888888888888889,0.8209476821872752
MAP4K4,0.03028707926471519,1.0,1.0
IL1R1,2.2196654283212616,0.16666666666666666,0.6630636913063691
IL1RL1,0.7301799805002975,0.16666666666666666,0.6630636913063691
IL18R1,0.8036926243206892,0.4722222222222222,0.8663629460895975
IL18RAP,2.113932559009437,0.16666666666666666,0.6630636913063691
MFSD9,-1.1128574078913809,0.4166666666666667,0.8228048921195339
TMEM182,0.8821856737206042,0.6666666666666666,0.9393265826953157
MRPS9,0.09368008200597577,0.9722222222222222,1.0
LINC01918,1.6083618299653148,0.4166666666666667,0.8228048921195339
TGFBRAP1,1.7382126375484739,0.3055555555555556,0.7689432926530413
C2orf49,2.526119394104194,0.16666666666666666,0.6630636913063691
NCK2,0.9812337755095868,0.6388888888888888,0.9393265826953157
UXS1,-0.001131990611547451,1.0,1.0
GCC2,-0.9147563783157873,0.08333333333333333,0.6630636913063691
LIMS1,0.5689911027784431,0.1111111111111111,0.6630636913063691
RANBP2,-0.027807579213630973,0.9166666666666666,0.9920484365613835
NPHP1,-0.8068719663895045,0.7222222222222222,0.9526327507514194
LINC00116,1.6280297175745715,0.19444444444444445,0.6998773221170698
BUB1,2.286301026936791,0.16666666666666666,0.6630636913063691
BCL2L11,-0.4481647924513332,0.3055555555555556,0.7689432926530413
MIR4435-2HG,0.4656159429945683,0.6111111111111112,0.9285893964279902
AC017002.3,0.19984502546909333,0.8333333333333334,0.9696444353796996
ANAPC1,-1.2448529774896215,0.1111111111111111,0.6630636913063691
MERTK,2.2292962895244135,0.05555555555555555,0.6630636913063691
AC104651.1,0.15553039800187052,1.0,1.0
TMEM87B,-0.4911262649027526,0.6666666666666666,0.9393265826953157
ZC3H8,-1.0726744753550683,0.1388888888888889,0.6630636913063691
ZC3H6,-1.185034886842181,0.16666666666666666,0.6630636913063691
TTL,1.6083294803666175,0.3611111111111111,0.797730450683016
POLR1B,-0.20942665285621187,0.7777777777777778,0.9616866541443916
CHCHD5,1.1183273704715284,0.75,0.9526327507514194
AC079922.1,-1.6803072887685753,0.05555555555555555,0.6630636913063691
SLC20A1,-0.9841479836175537,0.1111111111111111,0.6630636913063691
CKAP2L,3.5907432449069865,0.08333333333333333,0.6630636913063691
IL1A,0.8582140490058543,0.6666666666666666,0.9393265826953157
IL1B,0.5676536189724892,0.8888888888888888,0.9842040002156449
IL1RN,1.1702289683985576,0.25,0.7407166969618281
PSD4,-0.27217223748494224,0.5277777777777778,0.8876686975890985
PAX8-AS1,-1.312564213918456,0.1111111111111111,0.6630636913063691
CBWD2,-0.633348710887268,0.5,0.8663629460895975
RABL2A,1.9094278265315976,0.16666666666666666,0.6630636913063691
AL078621.1,0.7062729091261751,0.5833333333333334,0.9145140606393699
SLC35F5,-0.19060372400434167,0.9444444444444444,1.0
AC104653.1,0.7156082729196017,0.5833333333333334,0.9145140606393699
ACTR3,0.5903783555880668,0.1111111111111111,0.6630636913063691
DDX18,-0.6882003673255213,0.19444444444444445,0.6998773221170698
CCDC93,0.7835088959740175,0.8611111111111112,0.9842040002156449
INSIG2,-0.6405899501395274,0.25,0.7407166969618281
C2orf76,2.0632602431223845,0.25,0.7407166969618281
DBI,-0.17145599047404048,0.7222222222222222,0.9526327507514194
PTPN4,0.5716045483007832,0.75,0.9526327507514194
EPB41L5,-1.8082051202135383,0.3611111111111111,0.797730450683016
TMEM185B,1.0686826322260212,0.4722222222222222,0.8663629460895975
RALB,-0.3642014990546105,0.3055555555555556,0.7689432926530413
CLASP1,-0.9232876100032907,0.2222222222222222,0.7242375194388904
RNU4ATAC,0.3628555719117563,0.9166666666666666,0.9920484365613835
NIFK-AS1,3.0646500298342136,0.05555555555555555,0.6630636913063691
NIFK,1.6188953076588795,0.2222222222222222,0.7242375194388904
TSN,-0.2371481227793497,0.6388888888888888,0.9393265826953157
YWHAZP2,1.3856225197459984,0.2222222222222222,0.7242375194388904
GYPC,1.4922005053853948,0.4166666666666667,0.8228048921195339
ERCC3,0.041323561525934416,0.75,0.9526327507514194
MAP3K2,0.5585106772489405,0.16666666666666666,0.6630636913063691
IWS1,0.41296166578069826,0.05555555555555555,0.6630636913063691
WDR33,1.0690891989189293,0.8333333333333334,0.9696444353796996
POLR2D,0.751427257926141,0.6111111111111112,0.9285893964279902
AMMECR1L,1.1923431057189098,0.5,0.8663629460895975
SAP130,1.2871743864967313,0.3611111111111111,0.797730450683016
UGGT1,1.5374668709254244,0.25,0.7407166969618281
HS6ST1,-0.25691906191970926,0.3888888888888889,0.8209476821872752
SMPD4,-0.5507801511365984,0.7222222222222222,0.9526327507514194
MZT2B,2.3821535522805997,0.2777777777777778,0.7530160238642064
CCDC115,-0.4169479550430415,0.6111111111111112,0.9285893964279902
IMP4,1.6930758617308705,0.2777777777777778,0.7530160238642064
PTPN18,-0.24890924493892896,0.5,0.8663629460895975
FAM168B,0.8048614186493932,0.1388888888888889,0.6630636913063691
PLEKHB2,-0.38250430508155286,0.2222222222222222,0.7242375194388904
MZT2A,3.3177133469324005,0.05555555555555555,0.6630636913063691
AC073869.1,-0.6644658335707585,0.75,0.9526327507514194
MGAT5,-0.20249792612074113,0.5555555555555556,0.9063324119086202
CCNT2,0.8416147373232126,0.8055555555555556,0.9696444353796996
RAB3GAP1,-0.6862487408726166,0.2777777777777778,0.7530160238642064
ZRANB3,0.8582140490058543,0.6666666666666666,0.9393265826953157
R3HDM1,0.8759867880243126,0.25,0.7407166969618281
UBXN4,-0.14033876723961658,0.1388888888888889,0.6630636913063691
MCM6,1.8071123271013594,0.4166666666666667,0.8228048921195339
DARS,-0.18658659294159374,0.8333333333333334,0.9696444353796996
CXCR4,-1.244367898846705,0.1388888888888889,0.6630636913063691
HNRNPKP2,-0.910462147589461,0.5833333333333334,0.9145140606393699
SPOPL,2.325933201205533,0.16666666666666666,0.6630636913063691
KYNU,0.13091059474007738,1.0,1.0
ARHGAP15,0.21837325205932334,0.7777777777777778,0.9616866541443916
GTDC1,-0.27662521373609383,0.7777777777777778,0.9616866541443916
ZEB2,-0.4917441664357618,0.05555555555555555,0.6630636913063691
ACVR2A,-0.2824777990163052,1.0,1.0
ORC4,0.8383304052833052,0.7222222222222222,0.9526327507514194
MBD5,0.23581458770466845,0.9166666666666666,0.9920484365613835
EPC2,-0.5894360172655597,0.19444444444444445,0.6998773221170698
MMADHC,-0.44993946291743736,0.6388888888888888,0.9393265826953157
RBM43,0.23827411905361418,0.9722222222222222,1.0
NMI,-0.18202550013312635,0.8333333333333334,0.9696444353796996
RIF1,2.3241860234209946,0.16666666666666666,0.6630636913063691
ARL5A,-0.3505586930321636,0.5555555555555556,0.9063324119086202
STAM2,-0.856278761892602,0.3333333333333333,0.7714672075726842
FMNL2,-0.4181633911481022,0.3611111111111111,0.797730450683016
PRPF40A,-0.27611563668924344,0.5555555555555556,0.9063324119086202
ARL6IP6,-0.19860968446494365,0.8055555555555556,0.9696444353796996
NR4A2,0.025757816624128793,0.9444444444444444,1.0
GPD2,1.9195190481034774,0.19444444444444445,0.6998773221170698
FAM133DP,2.8414244842653646,0.05555555555555555,0.6630636913063691
CYTIP,-0.38557417733172494,0.8888888888888888,0.9842040002156449
ACVR1,2.9600166942451285,0.1388888888888889,0.6630636913063691
PKP4,0.1030316185681146,0.75,0.9526327507514194
DAPL1,2.5943228137205634,0.16666666666666666,0.6630636913063691
TANC1,1.5847775795858725,0.5555555555555556,0.9063324119086202
WDSUB1,0.49943580674129784,0.4444444444444444,0.8447628037832934
BAZ2B,0.07384703502515944,0.8055555555555556,0.9696444353796996
MARCH7,-0.2909921773749158,0.5277777777777778,0.8876686975890985
CD302,0.6293409818591509,0.7222222222222222,0.9526327507514194
LY75,0.5029026902958473,0.5,0.8663629460895975
RBMS1,0.15708523620515713,0.6111111111111112,0.9285893964279902
TANK,0.5990749550618402,0.19444444444444445,0.6998773221170698
PSMD14,0.5514661413735569,0.4166666666666667,0.8228048921195339
SLC4A10,0.500819883206054,0.75,0.9526327507514194
DPP4,-1.6603050674047815,0.19444444444444445,0.6998773221170698
IFIH1,0.3054978406098572,0.5555555555555556,0.9063324119086202
GCA,1.2352673601530566,0.6666666666666666,0.9393265826953157
AC107075.1,1.3846861439635094,0.08333333333333333,0.6630636913063691
COBLL1,-0.935713963544929,0.3055555555555556,0.7689432926530413
SLC38A11,-1.320235844252688,0.3888888888888889,0.8209476821872752
GALNT3,-0.4464698344990987,0.3611111111111111,0.797730450683016
AC009495.3,2.3324167030446974,0.05555555555555555,0.6630636913063691
TTC21B,2.045983881141194,0.05555555555555555,0.6630636913063691
SCN7A,3.987892346856161,0.08333333333333333,0.6630636913063691
STK39,2.5782991966925253,0.05555555555555555,0.6630636913063691
CERS6,1.0754926517833039,0.5,0.8663629460895975
SPC25,2.923525614712524,0.16666666666666666,0.6630636913063691
DHRS9,-1.6687328488934856,0.16666666666666666,0.6630636913063691
FASTKD1,0.09228189506492157,0.75,0.9526327507514194
PPIG,-0.577759271855923,0.2222222222222222,0.7242375194388904
SSB,-0.5592417311598448,0.4722222222222222,0.8663629460895975
METTL5,-0.8614739410963326,0.1111111111111111,0.6630636913063691
UBR3,-0.04870082540777698,0.9166666666666666,0.9920484365613835
EIF2S2P4,3.611491125596163,0.05555555555555555,0.6630636913063691
GORASP2,0.8351024067714068,0.05555555555555555,0.6630636913063691
TLK1,-0.8155600694779945,0.08333333333333333,0.6630636913063691
METTL8,1.0387187836845508,0.5277777777777778,0.8876686975890985
DCAF17,1.559699791876596,0.19444444444444445,0.6998773221170698
AC007969.1,2.5064207866666184,0.25,0.7407166969618281
CYBRD1,2.034927128944103,0.05555555555555555,0.6630636913063691
DYNC1I2,-0.11807228029752359,0.8333333333333334,0.9696444353796996
SLC25A12,1.0074014092196681,0.6388888888888888,0.9393265826953157
HAT1,-0.6637785658917155,0.3888888888888889,0.8209476821872752
ITGA6,3.654843314721077,0.05555555555555555,0.6630636913063691
PDK1,0.8317857561335384,0.5277777777777778,0.8876686975890985
MAP3K20,2.3965317034933626,0.2777777777777778,0.7530160238642064
SP3,-0.7090435860672875,0.3055555555555556,0.7689432926530413
OLA1,0.18588004724901275,0.6944444444444444,0.9526327507514194
CIR1,0.520876429084363,0.3888888888888889,0.8209476821872752
SCRN3,1.347137329798057,0.25,0.7407166969618281
WIPF1,-0.1094240038944374,0.3611111111111111,0.797730450683016
H3F3AP4,-0.1408813329175027,0.75,0.9526327507514194
CHN1,2.078677087338124,0.16666666666666666,0.6630636913063691
ATF2,1.3634161521250694,0.7222222222222222,0.9526327507514194
ATP5G3,0.32932401439915804,0.4722222222222222,0.8663629460895975
LNPK,0.13140012536015888,0.8888888888888888,0.9842040002156449
AC016739.1,1.0774883003848368,0.2222222222222222,0.7242375194388904
MTX2,0.12738140194169834,0.6944444444444444,0.9526327507514194
HNRNPA3,-0.2602636043650257,0.5277777777777778,0.8876686975890985
NFE2L2,-0.12216910710059814,0.7777777777777778,0.9616866541443916
AC079305.1,0.5303116256543263,0.8333333333333334,0.9696444353796996
AC019080.1,-0.8443052853048312,0.8888888888888888,0.9842040002156449
AC019080.5,-0.28053407816597065,1.0,1.0
AGPS,-0.502956458986545,0.3055555555555556,0.7689432926530413
TTC30A,-1.7522242720457557,0.2777777777777778,0.7530160238642064
RBM45,2.2800530247684767,0.16666666666666666,0.6630636913063691
OSBPL6,4.489190964289796,0.05555555555555555,0.6630636913063691
AC009948.1,1.417579110041812,0.3888888888888889,0.8209476821872752
PRKRA,-0.5052402986602935,0.3333333333333333,0.7714672075726842
FKBP7,0.6515585511708823,0.6666666666666666,0.9393265826953157
PLEKHA3,1.3292583773676476,0.6111111111111112,0.9285893964279902
TTN,0.27587536202511176,0.7777777777777778,0.9616866541443916
CCDC141,-0.36412853568649806,1.0,1.0
SESTD1,3.5046492994123684,0.05555555555555555,0.6630636913063691
CWC22,-0.5476244822715524,0.6111111111111112,0.9285893964279902
FTH1P20,-1.0672043626585932,0.05555555555555555,0.6630636913063691
UBE2E3,0.4464270162121524,0.3888888888888889,0.8209476821872752
ITGA4,0.7587093901859072,0.16666666666666666,0.6630636913063691
CERKL,0.23854892272249195,0.6944444444444444,0.9526327507514194
SAP18P2,0.38695481519678065,1.0,1.0
SSFA2,0.4100340082743177,0.6388888888888888,0.9393265826953157
DNAJC10,2.9915364382451637,0.1111111111111111,0.6630636913063691
NCKAP1,-0.6991708199650395,0.19444444444444445,0.6998773221170698
NUP35,1.4042000170728182,0.3611111111111111,0.797730450683016
CACYBPP2,-1.325650697449194,0.1388888888888889,0.6630636913063691
ZC3H15,-0.5894298206371369,0.4166666666666667,0.8228048921195339
ITGAV,0.938981256511505,0.3055555555555556,0.7689432926530413
CALCRL,2.727735404586068,0.16666666666666666,0.6630636913063691
COL3A1,-0.7967734306686882,0.6111111111111112,0.9285893964279902
COL5A2,0.12051532840607027,0.9166666666666666,0.9920484365613835
WDR75,-0.47987356923731017,0.4722222222222222,0.8663629460895975
SLC40A1,-0.45907069958357694,0.8055555555555556,0.9696444353796996
ASNSD1,-2.1448391932481865,0.08333333333333333,0.6630636913063691
ANKAR,0.9241599254230148,0.5,0.8663629460895975
OSGEPL1,1.9864324371368762,0.16666666666666666,0.6630636913063691
ORMDL1,2.2473888097139976,0.1111111111111111,0.6630636913063691
PMS1,0.3679411181462444,0.8888888888888888,0.9842040002156449
HNRNPCP2,0.2614761278843316,0.4166666666666667,0.8228048921195339
HIBCH,2.0036696013177187,0.25,0.7407166969618281
INPP1,-1.2466768793563912,0.08333333333333333,0.6630636913063691
MFSD6,2.3618169956717505,0.19444444444444445,0.6998773221170698
NEMP2,1.9444357109995547,0.2222222222222222,0.7242375194388904
NAB1,2.2012725165722027,0.19444444444444445,0.6998773221170698
GLS,-0.49278417939013686,0.3333333333333333,0.7714672075726842
STAT1,-0.23574814002005695,0.8055555555555556,0.9696444353796996
NABP1,0.04840721762989819,0.9166666666666666,0.9920484365613835
CAVIN2,-1.926864919351491,0.05555555555555555,0.6630636913063691
SLC39A10,-0.11124010935983808,0.6666666666666666,0.9393265826953157
STK17B,0.3044525613682243,0.4444444444444444,0.8447628037832934
AC020571.1,0.9021817403460277,0.5277777777777778,0.8876686975890985
GTF3C3,1.543815421018015,0.3888888888888889,0.8209476821872752
ANKRD44,1.6243459878144648,0.5833333333333334,0.9145140606393699
SF3B1,-0.573389925238482,0.1388888888888889,0.6630636913063691
COQ10B,0.34497024713021585,0.5,0.8663629460895975
HSPD1,-0.27549681829582706,0.3888888888888889,0.8209476821872752
HSPE1,-0.542288000816348,0.5,0.8663629460895975
MOB4,-0.6935349386635545,0.25,0.7407166969618281
MARS2,-0.7847354098231234,0.5833333333333334,0.9145140606393699
PLCL1,-1.0804949707801965,0.1388888888888889,0.6630636913063691
C2orf69,-1.5162496911228844,0.2777777777777778,0.7530160238642064
TYW5,-0.7965436690975012,0.5833333333333334,0.9145140606393699
MAIP1,-0.30053041451080054,0.8888888888888888,0.9842040002156449
SPATS2L,0.2581395722068418,0.5,0.8663629460895975
KCTD18,0.3132631697281849,0.7777777777777778,0.9616866541443916
SGO2,2.1771547007076486,0.05555555555555555,0.6630636913063691
BZW1,1.4611133674928025,0.7222222222222222,0.9526327507514194
CLK1,-0.6749291288088184,0.08333333333333333,0.6630636913063691
PPIL3,-0.10093544568239121,0.8611111111111112,0.9842040002156449
NIF3L1,3.823832994734918,0.05555555555555555,0.6630636913063691
ORC2,1.0797982260325765,0.6388888888888888,0.9393265826953157
FAM126B,-0.48374413523832693,0.25,0.7407166969618281
NDUFB3,-0.3280233929352354,0.6666666666666666,0.9393265826953157
CFLAR,-0.07138320551630972,0.8611111111111112,0.9842040002156449
CASP10,1.1259914161937439,0.1111111111111111,0.6630636913063691
CASP8,-0.06688157416896612,1.0,1.0
TRAK2,2.8669050698871685,0.1111111111111111,0.6630636913063691
STRADB,1.8944450543125697,0.16666666666666666,0.6630636913063691
ALS2,0.730391655026926,0.1388888888888889,0.6630636913063691
CDK15,-0.6860747873731299,0.05555555555555555,0.6630636913063691
FZD7,-0.6411031422779656,0.6666666666666666,0.9393265826953157
SUMO1,0.24909217927663185,0.6111111111111112,0.9285893964279902
NOP58,-0.6523928305340005,0.19444444444444445,0.6998773221170698
BMPR2,0.7838439190215292,0.1388888888888889,0.6630636913063691
FAM117B,0.5411076294611866,0.5833333333333334,0.9145140606393699
ICA1L,1.7922447507576338,0.2222222222222222,0.7242375194388904
WDR12,1.533992764446447,0.3611111111111111,0.797730450683016
CARF,-0.1546626926839476,1.0,1.0
NBEAL1,2.7868711768095737,0.16666666666666666,0.6630636913063691
CYP20A1,-0.20012971427782134,0.8333333333333334,0.9696444353796996
ABI2,0.8441652211283017,0.25,0.7407166969618281
ICOS,0.5885745208440571,0.6666666666666666,0.9393265826953157
PARD3B,3.3820095064181155,0.08333333333333333,0.6630636913063691
NRP2,-2.7362371871839635,0.05555555555555555,0.6630636913063691
INO80D,0.014337880124744018,0.9722222222222222,1.0
AC007383.2,-0.25840477256283956,1.0,1.0
NDUFS1,-1.1047066724132861,0.1111111111111111,0.6630636913063691
EEF1B2,-0.2405399547977174,0.6111111111111112,0.9285893964279902
ZDBF2,2.5550540639764656,0.16666666666666666,0.6630636913063691
FASTKD2,0.32499381085949297,0.5,0.8663629460895975
KLF7,-1.6436268800538327,0.05555555555555555,0.6630636913063691
AC007879.3,2.868950774372884,0.05555555555555555,0.6630636913063691
CREB1,-0.3396109237850009,0.4444444444444444,0.8447628037832934
METTL21A,0.8822509957767224,0.19444444444444445,0.6998773221170698
CCNYL1,0.4406589041262814,0.6666666666666666,0.9393265826953157
FZD5,0.2587145019027127,1.0,1.0
PLEKHM3,-0.6646623226412771,0.2222222222222222,0.7242375194388904
IDH1,1.0663466460160032,0.75,0.9526327507514194
PIKFYVE,-0.47258481765255045,0.1111111111111111,0.6630636913063691
PTH2R,2.417605918235843,0.05555555555555555,0.6630636913063691
RPE,0.665751986629731,0.6666666666666666,0.9393265826953157
KANSL1L,2.7514217255036266,0.2222222222222222,0.7242375194388904
LANCL1,0.2798832075100952,0.6666666666666666,0.9393265826953157
IKZF2,-0.8615873106968044,0.4166666666666667,0.8228048921195339
SPAG16,1.6480001357249234,0.25,0.7407166969618281
BARD1,4.157022135746134,0.05555555555555555,0.6630636913063691
ATIC,0.5031045195240038,0.2222222222222222,0.7242375194388904
FN1,0.8861415544834342,0.5555555555555556,0.9063324119086202
PECR,2.7319108950429416,0.08333333333333333,0.6630636913063691
XRCC5,-0.2390373772202823,0.4444444444444444,0.8447628037832934
LINC01963,1.1095472969758826,0.3333333333333333,0.7714672075726842
SMARCAL1,0.6645285850352942,0.6388888888888888,0.9393265826953157
RPL37A,0.04069339184918341,0.8611111111111112,0.9842040002156449
IGFBP5,0.7882343687099196,0.6666666666666666,0.9393265826953157
TNS1,-0.6912310476261876,0.19444444444444445,0.6998773221170698
CXCR2,0.832626745986228,0.5,0.8663629460895975
CXCR1,-0.4270414286765347,0.7222222222222222,0.9526327507514194
ARPC2,0.7140387962411996,0.05555555555555555,0.6630636913063691
AC021016.2,3.0169344007869974,0.16666666666666666,0.6630636913063691
AAMP,0.0045597735048232835,1.0,1.0
PNKD,-0.35498503879164467,0.5833333333333334,0.9145140606393699
TMBIM1,-0.1926351159515205,0.7222222222222222,0.9526327507514194
SLC11A1,1.3124208344476338,0.4166666666666667,0.8228048921195339
CTDSP1,0.36647152003317895,0.3055555555555556,0.7689432926530413
USP37,2.189144787075888,0.19444444444444445,0.6998773221170698
CNOT9,-0.5017772653265542,0.2222222222222222,0.7242375194388904
ZNF142,1.8394683035455013,0.2777777777777778,0.7530160238642064
BCS1L,0.6495513105131576,0.7777777777777778,0.9616866541443916
RNF25,1.4020236853788364,0.3888888888888889,0.8209476821872752
STK36,1.5965916101248412,0.3333333333333333,0.7714672075726842
CNPPD1,0.6306373686477533,0.19444444444444445,0.6998773221170698
RETREG2,-0.04392305185609313,0.9166666666666666,0.9920484365613835
ZFAND2B,1.5853882191236697,0.3055555555555556,0.7689432926530413
ATG9A,0.8611910090372952,0.6111111111111112,0.9285893964279902
ANKZF1,-0.09480932746927495,0.8333333333333334,0.9696444353796996
STK16,3.4095840267964364,0.05555555555555555,0.6630636913063691
DNAJB2,2.9456551024735145,0.16666666666666666,0.6630636913063691
DNPEP,2.093832432370751,0.1388888888888889,0.6630636913063691
GMPPA,2.2472882642375445,0.16666666666666666,0.6630636913063691
ASIC4,0.6304891357442561,0.6666666666666666,0.9393265826953157
CHPF,3.821771151720233,0.08333333333333333,0.6630636913063691
TMEM198,-1.0191517740611835,0.7222222222222222,0.9526327507514194
OBSL1,1.909756063496301,0.05555555555555555,0.6630636913063691
STK11IP,0.30371958993543835,0.8333333333333334,0.9696444353796996
EPHA4,1.912003232100254,0.16666666666666666,0.6630636913063691
FARSB,-0.09706654717155594,0.9722222222222222,1.0
AC016712.1,-0.5647701309190527,0.4166666666666667,0.8228048921195339
ACSL3,-1.3244705523585383,0.05555555555555555,0.6630636913063691
AP1S3,-0.5486172978212656,0.25,0.7407166969618281
WDFY1,-0.1730542542712632,0.6388888888888888,0.9393265826953157
MRPL44,-1.375645968489605,0.25,0.7407166969618281
SERPINE2,-0.15967706589809794,0.9166666666666666,0.9920484365613835
FAM124B,-1.5983296093161306,0.19444444444444445,0.6998773221170698
CUL3,-0.48360780439083406,0.3333333333333333,0.7714672075726842
DOCK10,0.047116533830463325,0.9166666666666666,0.9920484365613835
RHBDD1,1.5660210402001788,0.2777777777777778,0.7530160238642064
MFF,-0.7895239941683352,0.3888888888888889,0.8209476821872752
AGFG1,-0.06885376552874334,0.8611111111111112,0.9842040002156449
CCL20,0.3390887405734021,0.8333333333333334,0.9696444353796996
TRIP12,0.6582901769593299,0.16666666666666666,0.6630636913063691
SP110,-0.018022792981101432,1.0,1.0
SP140,0.2784690560926192,0.8333333333333334,0.9696444353796996
SP140L,2.265377833595151,0.25,0.7407166969618281
SP100,-0.2593513974768822,0.6388888888888888,0.9393265826953157
TPM3P8,-0.4575248341747371,0.8888888888888888,0.9842040002156449
CAB39,-0.7106155392599236,0.3333333333333333,0.7714672075726842
ITM2C,0.05780696873735813,0.8888888888888888,0.9842040002156449
PSMD1,1.1846625107640874,0.05555555555555555,0.6630636913063691
AC018738.1,0.19986482777578862,0.9166666666666666,0.9920484365613835
B3GNT7,3.093990704012687,0.05555555555555555,0.6630636913063691
NCL,0.4728216488261161,0.1388888888888889,0.6630636913063691
PTMA,0.2930287505502509,0.08333333333333333,0.6630636913063691
PDE6D,0.632445090016482,0.7222222222222222,0.9526327507514194
COPS7B,0.49370667490810316,0.4722222222222222,0.8663629460895975
DIS3L2,1.4916330925327712,0.3888888888888889,0.8209476821872752
EIF4E2,-0.0971081830870375,0.75,0.9526327507514194
AC073254.1,-0.1759780335345018,1.0,1.0
GIGYF2,0.111674360770877,0.9444444444444444,1.0
INPP5D,-0.664415356631042,0.25,0.7407166969618281
ATG16L1,1.3166181334219775,0.2222222222222222,0.7242375194388904
DGKD,2.8443023171887467,0.08333333333333333,0.6630636913063691
USP40,-0.059364945988740425,1.0,1.0
HJURP,2.781128281801072,0.08333333333333333,0.6630636913063691
ARL4C,-2.012087347119074,0.1111111111111111,0.6630636913063691
SH3BP4,-1.3634165500898985,0.4722222222222222,0.8663629460895975
AGAP1,-0.8269548830710081,0.25,0.7407166969618281
COPS8,0.04543534820619488,0.9722222222222222,1.0
COL6A3,0.011469282687757376,1.0,1.0
MLPH,0.3555661138712569,0.5277777777777778,0.8876686975890985
LRRFIP1,0.4361905139976585,0.19444444444444445,0.6998773221170698
UBE2F,0.8814033630456652,0.6666666666666666,0.9393265826953157
ILKAP,1.7478041322660496,0.3055555555555556,0.7689432926530413
PER2,1.4718516510831037,0.3333333333333333,0.7714672075726842
TRAF3IP1,3.418564916597683,0.05555555555555555,0.6630636913063691
ASB1,2.7586186273190307,0.05555555555555555,0.6630636913063691
HDAC4,-0.6985489512152352,0.16666666666666666,0.6630636913063691
NDUFA10,0.12080908953934344,0.75,0.9526327507514194
COPS9,0.8487615626485647,0.16666666666666666,0.6630636913063691
ANKMY1,-0.8275263238512072,0.7222222222222222,0.9526327507514194
DUSP28,1.0908202330213372,0.4722222222222222,0.8663629460895975
RNPEPL1,1.0961245101236008,0.6388888888888888,0.9393265826953157
CAPN10,0.7979492064195148,0.6666666666666666,0.9393265826953157
GPR35,0.8221061178745345,0.7222222222222222,0.9526327507514194
MTERF4,-1.0948386832973833,0.25,0.7407166969618281
PPP1R7,1.552279370953169,0.5,0.8663629460895975
HDLBP,0.39841766492756836,0.3055555555555556,0.7689432926530413
SEPT2,0.08291485942129384,0.7222222222222222,0.9526327507514194
FARP2,1.384557175635766,0.3611111111111111,0.797730450683016
STK25,1.9601829124789134,0.1111111111111111,0.6630636913063691
THAP4,2.8649501298707065,0.1388888888888889,0.6630636913063691
ATG4B,1.926996815824872,0.05555555555555555,0.6630636913063691
DTYMK,1.2479464583985784,0.5833333333333334,0.9145140606393699
ING5,0.4053438162744789,0.8055555555555556,0.9696444353796996
D2HGDH,2.041550063033091,0.16666666666666666,0.6630636913063691
LINC01881,-0.32027306430372393,0.8888888888888888,0.9842040002156449
IL5RA,-0.6641667080132558,0.4444444444444444,0.8447628037832934
TRNT1,-1.282788859154051,0.1111111111111111,0.6630636913063691
CRBN,-0.5459950900654214,0.4722222222222222,0.8663629460895975
SUMF1,1.2303945886854124,0.6388888888888888,0.9393265826953157
SETMAR,2.0410271759014176,0.1388888888888889,0.6630636913063691
ITPR1,-0.5183948687504563,0.5277777777777778,0.8876686975890985
AC018816.1,0.2900321264367428,0.8333333333333334,0.9696444353796996
BHLHE40,0.3632156892581069,0.3055555555555556,0.7689432926530413
ARL8B,-0.4638960713721767,0.2222222222222222,0.7242375194388904
EDEM1,-0.4839098045687349,0.2777777777777778,0.7530160238642064
MRPS36P1,1.6219752906478468,0.25,0.7407166969618281
LMCD1,2.015058611822208,0.05555555555555555,0.6630636913063691
RAD18,-0.020281877001014692,1.0,1.0
SRGAP3,2.098290993036001,0.16666666666666666,0.6630636913063691
THUMPD3-AS1,1.5746971170700212,0.2777777777777778,0.7530160238642064
THUMPD3,1.6062286722195034,0.05555555555555555,0.6630636913063691
SETD5,-0.020202797891112567,0.9722222222222222,1.0
MTMR14,2.7760877170033416,0.05555555555555555,0.6630636913063691
BRPF1,2.22213544599831,0.25,0.7407166969618281
OGG1,2.1687489489542946,0.2222222222222222,0.7242375194388904
TADA3,0.676191215224839,0.25,0.7407166969618281
ARPC4,0.5285115949014427,0.3888888888888889,0.8209476821872752
RPUSD3,0.933404615175152,0.7777777777777778,0.9616866541443916
JAGN1,1.1715859457215347,0.5,0.8663629460895975
CRELD1,1.9044650672771462,0.2222222222222222,0.7242375194388904
AC018809.2,-0.2724847908565904,1.0,1.0
EMC3,-0.8880859826746796,0.05555555555555555,0.6630636913063691
CIDECP,-0.19747654537558335,1.0,1.0
FANCD2,1.3307511626860846,0.5,0.8663629460895975
BRK1,0.42282377533945503,0.4722222222222222,0.8663629460895975
VHL,-0.3592910591706939,0.3611111111111111,0.797730450683016
IRAK2,-0.3952378820663909,0.8333333333333334,0.9696444353796996
TATDN2,1.7645728817268056,0.1111111111111111,0.6630636913063691
SEC13,0.23130868289399498,0.7222222222222222,0.9526327507514194
ATP2B2,-0.6240332647229294,0.5833333333333334,0.9145140606393699
ATG7,1.5268334145998783,0.2222222222222222,0.7242375194388904
VGLL4,1.7439319565646176,0.25,0.7407166969618281
TAMM41,1.1288928625096273,0.3333333333333333,0.7714672075726842
MKRN2,-1.59181715915344,0.05555555555555555,0.6630636913063691
RAF1,1.5895597565252868,0.25,0.7407166969618281
RPL32,-0.046088721104890595,0.7222222222222222,0.9526327507514194
IQSEC1,-0.6118431618245914,0.3611111111111111,0.797730450683016
NUP210,3.180339875212664,0.05555555555555555,0.6630636913063691
HDAC11,0.21937417970443396,0.9166666666666666,0.9920484365613835
FBLN2,0.8957327874479999,0.6944444444444444,0.9526327507514194
CHCHD4,1.173117825675023,0.5833333333333334,0.9145140606393699
TMEM43,-0.007675845380360258,0.9722222222222222,1.0
XPC,2.259757447751251,0.2777777777777778,0.7530160238642064
LSM3,0.936439419619921,0.05555555555555555,0.6630636913063691
SLC6A6,2.5036160690145066,0.05555555555555555,0.6630636913063691
CCDC174,-0.4119819964540401,0.5555555555555556,0.9063324119086202
FGD5-AS1,-0.6161813007021602,0.19444444444444445,0.6998773221170698
NR2C2,-0.3604933721407182,0.8888888888888888,0.9842040002156449
MRPS25,2.9794516359043675,0.08333333333333333,0.6630636913063691
RBSN,2.610693555968912,0.08333333333333333,0.6630636913063691
CAPN7,0.5821984354191359,0.9166666666666666,0.9920484365613835
SH3BP5-AS1,-2.1483436695700004,0.3888888888888889,0.8209476821872752
METTL6,1.7173717127606225,0.3611111111111111,0.797730450683016
EAF1,-2.228856224061891,0.1388888888888889,0.6630636913063691
HACL1,0.8386471686529253,0.6388888888888888,0.9393265826953157
BTD,1.8964001703209645,0.16666666666666666,0.6630636913063691
ANKRD28,-1.061383830349782,0.05555555555555555,0.6630636913063691
DPH3,-0.06158738212184467,0.8611111111111112,0.9842040002156449
OXNAD1,-0.6316107517722012,0.4166666666666667,0.8228048921195339
RFTN1,0.36906618874853514,0.5277777777777778,0.8876686975890985
PLCL2,0.7588083667570271,0.5833333333333334,0.9145140606393699
TBC1D5,-0.6655469252895205,0.19444444444444445,0.6998773221170698
SATB1,0.17449645754037757,0.9444444444444444,1.0
SATB1-AS1,2.026457195361886,0.3333333333333333,0.7714672075726842
EFHB,1.8511816825257568,0.16666666666666666,0.6630636913063691
RAB5A,0.02771725144026682,1.0,1.0
KAT2B,0.14589788140456061,0.6111111111111112,0.9285893964279902
ZNF385D,1.7722885555755354,0.16666666666666666,0.6630636913063691
HMGB1P5,0.1715756799662227,0.8055555555555556,0.9696444353796996
UBE2E2,-0.4463930779815515,0.6666666666666666,0.9393265826953157
UBE2E1,1.404202561515349,0.5833333333333334,0.9145140606393699
NKIRAS1,-0.4668601979681637,0.8888888888888888,0.9842040002156449
RPL15,0.3591990529380311,0.4166666666666667,0.8228048921195339
NR1D2,-0.5107798462061277,0.9166666666666666,0.9920484365613835
TOP2B,0.06803377404448341,0.7777777777777778,0.9616866541443916
NGLY1,0.8800962440324303,0.8888888888888888,0.9842040002156449
OXSM,0.2777748698076158,0.8333333333333334,0.9696444353796996
SLC4A7,1.9727621674424594,0.1388888888888889,0.6630636913063691
AC098614.1,2.7526378626367918,0.08333333333333333,0.6630636913063691
EOMES,0.3876067763824713,0.75,0.9526327507514194
CMC1,-0.44175265736916636,0.4722222222222222,0.8663629460895975
AZI2,1.6308880468848392,0.3333333333333333,0.7714672075726842
TGFBR2,-0.16041079206446174,0.8333333333333334,0.9696444353796996
STT3B,0.08908203705652351,0.8055555555555556,0.9696444353796996
GPD1L,0.24867756663207263,0.6666666666666666,0.9393265826953157
CMTM8,-0.593838347139549,0.75,0.9526327507514194
CMTM7,0.39609660315026485,0.5555555555555556,0.9063324119086202
CMTM6,0.14618636253692951,0.6944444444444444,0.9526327507514194
DYNC1LI1,0.13665752081306248,0.75,0.9526327507514194
RPL30P4,-0.3300189369034392,0.4444444444444444,0.8447628037832934
CNOT10,1.214544150509731,0.5277777777777778,0.8876686975890985
CCR4,0.735476790041497,0.6666666666666666,0.9393265826953157
GLB1,-0.2369865891141556,0.7222222222222222,0.9526327507514194
CRTAP,-0.44476107032295964,0.2222222222222222,0.7242375194388904
UBP1,0.034494929355060044,0.9444444444444444,1.0
CLASP2,-0.41489331250940076,0.2777777777777778,0.7530160238642064
PDCD6IP,-0.11768935205811104,0.7222222222222222,0.9526327507514194
TRANK1,0.5884979073348733,0.5,0.8663629460895975
EPM2AIP1,-0.4399835943722712,0.5,0.8663629460895975
MLH1,1.7515650776590115,0.3611111111111111,0.797730450683016
RPL29P11,1.0796751090525807,0.5,0.8663629460895975
LRRFIP2,-0.0012808272449102986,1.0,1.0
GOLGA4,-0.06561368395380995,0.7777777777777778,0.9616866541443916
TCEA1P2,0.28742184411089156,0.75,0.9526327507514194
ITGA9,-0.35966937040074853,0.3888888888888889,0.8209476821872752
VILL,-0.15792026605026077,0.8888888888888888,0.9842040002156449
ACAA1,0.10896950847946307,0.9444444444444444,1.0
MYD88,-0.6895550308113814,0.16666666666666666,0.6630636913063691
OXSR1,-0.6197676672179542,0.05555555555555555,0.6630636913063691
EXOG,0.15933951790300094,0.8333333333333334,0.9696444353796996
WDR48,-0.013126303420693652,0.9722222222222222,1.0
GORASP1,0.67156411570789,0.6944444444444444,0.9526327507514194
CSRNP1,0.39082882189480284,0.6111111111111112,0.9285893964279902
CX3CR1,-1.0286727657260906,0.4722222222222222,0.8663629460895975
SLC25A38,0.3919143896496431,0.5833333333333334,0.9145140606393699
RPSA,-0.03175404532030335,0.8888888888888888,0.9842040002156449
EIF1B,0.37571489111627354,0.3611111111111111,0.797730450683016
ENTPD3-AS1,-0.009135684690715573,1.0,1.0
RPL14,-0.22237409023463783,0.1388888888888889,0.6630636913063691
ZNF619,1.8182643343775142,0.16666666666666666,0.6630636913063691
ZNF621,0.6000221954242604,0.8888888888888888,0.9842040002156449
AC099560.2,-0.807942588831736,0.1388888888888889,0.6630636913063691
CTNNB1,-0.721873920136952,0.05555555555555555,0.6630636913063691
ULK4,1.578137930312257,0.16666666666666666,0.6630636913063691
TRAK1,-0.43292671200329735,0.6944444444444444,0.9526327507514194
AC092047.1,0.638098984041072,0.6666666666666666,0.9393265826953157
SEC22C,-1.6192510228011194,0.05555555555555555,0.6630636913063691
SS18L2,0.008348566934989421,1.0,1.0
NKTR,0.20950692703893115,0.8055555555555556,0.9696444353796996
HIGD1A,0.9415356192992572,0.1388888888888889,0.6630636913063691
ACKR2,2.2977583150084255,0.3333333333333333,0.7714672075726842
SNRK,-0.7956350778005135,0.05555555555555555,0.6630636913063691
ANO10,1.4657170588361317,0.4444444444444444,0.8447628037832934
ABHD5,0.9033643274711793,0.5833333333333334,0.9145140606393699
TCAIM,1.0336631565029668,0.8055555555555556,0.9696444353796996
LINC00694,1.255035902809587,0.5833333333333334,0.9145140606393699
ZNF445,1.1544845121901464,0.6388888888888888,0.9393265826953157
ZNF660,-0.023702466139391642,0.9444444444444444,1.0
ZNF197,-1.4059937437096774,0.5833333333333334,0.9145140606393699
ZNF35,-0.15085813376071777,1.0,1.0
ZNF502,-0.8760532056059482,0.5833333333333334,0.9145140606393699
ZNF501,2.9549712641069137,0.05555555555555555,0.6630636913063691
KIAA1143,-0.8444819353725244,0.3055555555555556,0.7689432926530413
KIF15,2.647244105765584,0.16666666666666666,0.6630636913063691
TMEM42,0.6699677082635858,0.6388888888888888,0.9393265826953157
ZDHHC3,0.7510138971425357,0.1388888888888889,0.6630636913063691
EXOSC7,-0.8640117441969841,0.2777777777777778,0.7530160238642064
CDCP1,3.606136224416999,0.05555555555555555,0.6630636913063691
RPS24P8,0.12130287298406928,1.0,1.0
TMEM158,0.4353094474808725,0.7222222222222222,0.9526327507514194
LARS2,0.8053510668483118,0.5,0.8663629460895975
LIMD1,0.0955855315011318,0.9722222222222222,1.0
SACM1L,0.21893058729017145,0.6111111111111112,0.9285893964279902
LZTFL1,1.8476276402710439,0.2222222222222222,0.7242375194388904
FYCO1,0.7845917208302136,0.6388888888888888,0.9393265826953157
CXCR6,2.294739309676243,0.05555555555555555,0.6630636913063691
CCR3,-2.823812188462607,0.2777777777777778,0.7530160238642064
CCR1,0.3390887405734021,0.8333333333333334,0.9696444353796996
CCR5,0.15933951790300094,0.8333333333333334,0.9696444353796996
CCRL2,0.24022893534584977,0.7777777777777778,0.9616866541443916
CCDC12,2.251727145745502,0.16666666666666666,0.6630636913063691
NBEAL2,0.9783493376830417,0.5,0.8663629460895975
SETD2,-0.02824686199808646,1.0,1.0
KIF9,0.4829737885704587,0.8333333333333334,0.9696444353796996
KLHL18,-0.8480700777975363,0.1111111111111111,0.6630636913063691
PTPN23,3.5892102447518948,0.1111111111111111,0.6630636913063691
SCAP,1.0851559634463985,0.6944444444444444,0.9526327507514194
ELP6,-0.049836856715629985,1.0,1.0
SMARCC1,0.026386341776405864,0.9722222222222222,1.0
DHX30,1.314473742244631,0.19444444444444445,0.6998773221170698
MAP4,0.6083148683204653,0.1111111111111111,0.6630636913063691
NDUFB1P1,1.5108411222291838,0.4166666666666667,0.8228048921195339
CAMP,-1.5829750112392293,0.2777777777777778,0.7530160238642064
ZNF589,2.078677087338124,0.16666666666666666,0.6630636913063691
NME6,2.565097955506533,0.1388888888888889,0.6630636913063691
PLXNB1,1.772947100258088,0.4444444444444444,0.8447628037832934
CCDC51,0.468616751036696,0.8333333333333334,0.9696444353796996
TMA7,1.808625964411572,0.1388888888888889,0.6630636913063691
SHISA5,-0.22999713425493074,0.3888888888888889,0.8209476821872752
UQCRC1,1.737276957018882,0.3055555555555556,0.7689432926530413
SLC26A6,1.8694160039811774,0.16666666666666666,0.6630636913063691
NCKIPSD,-0.4575248341747371,0.8888888888888888,0.9842040002156449
IP6K2,-0.4689547864999746,0.3888888888888889,0.8209476821872752
PRKAR2A,-0.7723342819494432,0.19444444444444445,0.6998773221170698
SLC25A20,1.2917484504631345,0.4166666666666667,0.8228048921195339
ARIH2,3.0905867831287503,0.1388888888888889,0.6630636913063691
P4HTM,1.9154794172875886,0.16666666666666666,0.6630636913063691
DALRD3,0.7892957935905522,0.6666666666666666,0.9393265826953157
NDUFAF3,1.963715860775554,0.2222222222222222,0.7242375194388904
IMPDH2,1.5910529122859223,0.3055555555555556,0.7689432926530413
QRICH1,0.6166637781289408,0.3055555555555556,0.7689432926530413
QARS,-0.2640009603535516,0.4166666666666667,0.8228048921195339
USP19,1.6042846270656232,0.2222222222222222,0.7242375194388904
LAMB2,0.6683877383487608,0.5,0.8663629460895975
CCDC71,1.4402500690779305,0.4166666666666667,0.8228048921195339
KLHDC8B,0.776922143685388,0.5,0.8663629460895975
C3orf62,2.642603452749647,0.16666666666666666,0.6630636913063691
USP4,0.5307104321142937,0.2777777777777778,0.7530160238642064
GPX1,-0.06419737156807681,0.8055555555555556,0.9696444353796996
RHOA,1.0062844152746813,0.1111111111111111,0.6630636913063691
TCTA,3.1856402749937422,0.05555555555555555,0.6630636913063691
DAG1,1.9077374649124983,0.16666666666666666,0.6630636913063691
APEH,1.5723075037661527,0.5277777777777778,0.8876686975890985
MST1,1.8756137287414236,0.16666666666666666,0.6630636913063691
GMPPB,0.7509263464608549,0.6666666666666666,0.9393265826953157
IP6K1,0.5367762192472152,0.6666666666666666,0.9393265826953157
FAM212A,-0.5953495419104667,0.7222222222222222,0.9526327507514194
UBA7,1.4323861637018247,0.5833333333333334,0.9145140606393699
MON1A,1.013528323602205,0.4166666666666667,0.8228048921195339
RBM6,-0.18629917789787864,0.7777777777777778,0.9616866541443916
RBM5,0.09245642610455462,0.8888888888888888,0.9842040002156449
GNAI2,0.8779283129455164,0.3888888888888889,0.8209476821872752
HYAL3,3.473095769748435,0.05555555555555555,0.6630636913063691
NAT6,0.9328478658834993,0.6944444444444444,0.9526327507514194
HYAL2,0.47938392753360015,0.8333333333333334,0.9696444353796996
TUSC2,1.6179615289988454,0.3611111111111111,0.797730450683016
RASSF1,-0.7915444298031504,0.1111111111111111,0.6630636913063691
NPRL2,1.1982150161665985,0.4444444444444444,0.8447628037832934
CYB561D2,2.5963975180353276,0.05555555555555555,0.6630636913063691
TMEM115,-0.7142465334728003,0.2222222222222222,0.7242375194388904
CACNA2D2,-0.15806586259977262,0.8611111111111112,0.9842040002156449
C3orf18,0.07128207447122481,1.0,1.0
HEMK1,2.4412966116676635,0.1111111111111111,0.6630636913063691
CISH,0.8683291966454902,0.5833333333333334,0.9145140606393699
MAPKAPK3,2.2224852027350037,0.1111111111111111,0.6630636913063691
LINC02019,-0.2598466502052872,1.0,1.0
MANF,0.4773933595699953,0.4444444444444444,0.8447628037832934
RBM15B,1.410793885222907,0.3611111111111111,0.797730450683016
DCAF1,1.0927002327506607,0.5277777777777778,0.8876686975890985
RAD54L2,0.7218706080403194,0.8888888888888888,0.9842040002156449
TEX264,3.064348621415107,0.05555555555555555,0.6630636913063691
RRP9,0.17706020040200565,1.0,1.0
PARP3,1.6163207628017564,0.3333333333333333,0.7714672075726842
PCBP4,1.3044878443219972,0.4166666666666667,0.8228048921195339
ABHD14B,0.38250155666508157,0.6666666666666666,0.9393265826953157
ABHD14A,-0.6098344346207689,0.4166666666666667,0.8228048921195339
RPL29,0.6211864767315127,0.25,0.7407166969618281
DUSP7,2.106418626506724,0.16666666666666666,0.6630636913063691
ALAS1,-0.286725223216556,0.6944444444444444,0.9526327507514194
TWF2,0.8455099656079068,0.6388888888888888,0.9393265826953157
PPM1M,-1.0777668708384578,0.2222222222222222,0.7242375194388904
WDR82,-0.28570226227854434,0.6388888888888888,0.9393265826953157
DNAH1,2.0247325214872514,0.16666666666666666,0.6630636913063691
AC092045.1,-0.5336826988765258,0.4722222222222222,0.8663629460895975
BAP1,1.6377172880655988,0.3055555555555556,0.7689432926530413
PHF7,-0.05368358406061313,1.0,1.0
NISCH,-1.154835571400274,0.16666666666666666,0.6630636913063691
STAB1,2.443687582387627,0.16666666666666666,0.6630636913063691
NT5DC2,0.9183282362080849,0.05555555555555555,0.6630636913063691
SMIM4,2.544870174282163,0.08333333333333333,0.6630636913063691
PBRM1,-0.9061094863821149,0.05555555555555555,0.6630636913063691
GNL3,0.02755940297841608,0.9444444444444444,1.0
GLT8D1,0.7928460878231318,0.6111111111111112,0.9285893964279902
SPCS1,0.02674801946471117,0.9166666666666666,0.9920484365613835
NEK4,-0.5024300660256089,0.8055555555555556,0.9696444353796996
SFMBT1,1.5919801764694395,0.3055555555555556,0.7689432926530413
RFT1,1.3032464603842755,0.4166666666666667,0.8228048921195339
PRKCD,0.7575029857120601,0.4722222222222222,0.8663629460895975
TKT,0.9133500967090669,0.05555555555555555,0.6630636913063691
DCP1A,-1.0195772523639208,0.1111111111111111,0.6630636913063691
CHDH,1.8364739872222549,0.05555555555555555,0.6630636913063691
IL17RB,1.3391934118507545,0.3333333333333333,0.7714672075726842
ACTR8,2.525752411725996,0.16666666666666666,0.6630636913063691
SELENOK,0.5901314706090286,0.3055555555555556,0.7689432926530413
CCDC66,-1.59614311104303,0.4444444444444444,0.8447628037832934
FAM208A,-0.05549120621145054,0.8611111111111112,0.9842040002156449
ARHGEF3,-0.2745505226233096,0.5277777777777778,0.8876686975890985
APPL1,-0.22692374234308588,0.7222222222222222,0.9526327507514194
RNF7P1,0.19866274670182893,0.9166666666666666,0.9920484365613835
PDE12,2.812018394506269,0.1111111111111111,0.6630636913063691
ARF4,-0.040605090668994315,0.8611111111111112,0.9842040002156449
DENND6A,-0.20075374203963392,0.6388888888888888,0.9393265826953157
SLMAP,1.343299018437469,0.5277777777777778,0.8876686975890985
FLNB,4.179188274351485,0.05555555555555555,0.6630636913063691
DNASE1L3,-0.3565514719838361,0.8333333333333334,0.9696444353796996
ABHD6,2.4601347429201508,0.19444444444444445,0.6998773221170698
RPP14,1.0506388646721305,0.5833333333333334,0.9145140606393699
PXK,-1.520384575357813,0.16666666666666666,0.6630636913063691
PDHB,-0.8606193068026178,0.16666666666666666,0.6630636913063691
FHIT,1.9530992660410065,0.16666666666666666,0.6630636913063691
RPL10AP6,-0.39156786359807416,0.1388888888888889,0.6630636913063691
C3orf14,1.8181114882687988,0.16666666666666666,0.6630636913063691
CADPS,0.2103910200109036,0.9722222222222222,1.0
THOC7,0.16529384564792604,0.8055555555555556,0.9696444353796996
ATXN7,-0.2525443425684788,0.7222222222222222,0.9526327507514194
PSMD6,0.4164399955279636,0.6388888888888888,0.9393265826953157
ADAMTS9,1.7898678117599705,0.16666666666666666,0.6630636913063691
SLC25A26,-1.0534803506940733,0.6666666666666666,0.9393265826953157
LRIG1,-1.5866428250626985,0.3055555555555556,0.7689432926530413
KBTBD8,0.532487674239684,0.75,0.9526327507514194
SUCLG2,0.2806676426902843,0.08333333333333333,0.6630636913063691
PSMC1P1,1.1009195554768274,0.05555555555555555,0.6630636913063691
EOGT,1.2064054396006703,0.5277777777777778,0.8876686975890985
TMF1,-0.4736567769845079,0.3055555555555556,0.7689432926530413
UBA3,0.12675452565644107,0.9444444444444444,1.0
ARL6IP5,0.3319469260325949,0.5,0.8663629460895975
FRMD4B,-0.1615488156725764,0.8333333333333334,0.9696444353796996
MITF,-0.5840083109936529,0.1388888888888889,0.6630636913063691
FOXP1,0.33019130049703094,0.4166666666666667,0.8228048921195339
EIF4E3,-1.0946006763304474,0.4444444444444444,0.8447628037832934
PROK2,-0.8109497009997794,0.7222222222222222,0.9526327507514194
RYBP,-0.8438220655201061,0.08333333333333333,0.6630636913063691
SHQ1,0.9972337440938013,0.3888888888888889,0.8209476821872752
PSMD12P,-0.63610945877469,0.8888888888888888,0.9842040002156449
FTH1P23,-0.7478557611526644,0.6111111111111112,0.9285893964279902
PPP4R2,0.32058495775717777,0.3611111111111111,0.797730450683016
HNRNPA3P6,0.746489460178188,0.75,0.9526327507514194
FAM86DP,2.276376810722787,0.16666666666666666,0.6630636913063691
ZNF717,1.365206203310177,0.5,0.8663629460895975
GBE1,0.10901891250792417,0.7777777777777778,0.9616866541443916
CYP51A1P1,1.0795725396043756,0.3055555555555556,0.7689432926530413
CHMP2B,-0.03906855475715254,0.9444444444444444,1.0
CGGBP1,-0.10339059429663777,0.75,0.9526327507514194
ZNF654,-0.7129437332373776,0.3055555555555556,0.7689432926530413
C3orf38,0.14066165203679937,0.7222222222222222,0.9526327507514194
PROS1,0.043518613630041614,0.9444444444444444,1.0
ARL13B,-0.3094406326120964,0.8611111111111112,0.9842040002156449
DHFR2,1.9032929888692487,0.2222222222222222,0.7242375194388904
NSUN3,1.3148742728489031,0.3888888888888889,0.8209476821872752
HNRNPKP4,1.3491597021161357,0.3333333333333333,0.7714672075726842
MTRNR2L12,-1.906408129120912,0.3055555555555556,0.7689432926530413
ARL6,0.039084801537754954,1.0,1.0
CRYBG3,0.13091059474007738,1.0,1.0
RIOX2,-0.5064467971612556,0.8888888888888888,0.9842040002156449
CLDND1,0.7497698219204638,0.08333333333333333,0.6630636913063691
CPOX,2.003770733924524,0.1388888888888889,0.6630636913063691
WWP1P1,-1.4305004340016874,0.4166666666666667,0.8228048921195339
ST3GAL6,-0.17159713661762055,0.8055555555555556,0.9696444353796996
DCBLD2,1.62149599393301,0.05555555555555555,0.6630636913063691
CMSS1,1.3591871548762082,0.4722222222222222,0.8663629460895975
FILIP1L,3.1789160488029458,0.05555555555555555,0.6630636913063691
TBC1D23,0.9257146576400954,0.3055555555555556,0.7689432926530413
NIT2,2.526436073320963,0.16666666666666666,0.6630636913063691
TOMM70,0.07037734292118802,0.8888888888888888,0.9842040002156449
TMEM45A,1.3826815240134,0.3888888888888889,0.8209476821872752
TFG,0.17236761562327452,0.4722222222222222,0.8663629460895975
ABI3BP,-1.7206910796369823,0.16666666666666666,0.6630636913063691
SENP7,0.03472265918673756,0.8888888888888888,0.9842040002156449
AC110994.2,-0.7312721201177013,0.5833333333333334,0.9145140606393699
TRMT10C,1.7906298874210154,0.19444444444444445,0.6998773221170698
PCNP,-0.6633809750839932,0.16666666666666666,0.6630636913063691
AC073861.1,-0.16965415960069397,0.7222222222222222,0.9526327507514194
ZBTB11,-1.0728955081264324,0.2222222222222222,0.7242375194388904
RPL24,-0.10255075214877962,0.6388888888888888,0.9393265826953157
CEP97,0.3331946526815206,0.8888888888888888,0.9842040002156449
NXPE3,-0.24863575292880835,0.3888888888888889,0.8209476821872752
NFKBIZ,0.08671764806739013,0.9722222222222222,1.0
ALCAM,-0.5318019909175318,0.5555555555555556,0.9063324119086202
CBLB,-0.885252179417364,0.25,0.7407166969618281
DUBR,0.08399142440569518,0.9444444444444444,1.0
BBX,-0.4077468733011136,0.2222222222222222,0.7242375194388904
CD47,-0.6421687299190477,0.25,0.7407166969618281
IFT57,2.0120518475417923,0.08333333333333333,0.6630636913063691
CIP2A,2.642860507922778,0.05555555555555555,0.6630636913063691
DZIP3,1.0303708941618024,0.5277777777777778,0.8876686975890985
TRAT1,-0.13369755214209444,1.0,1.0
CD96,-0.25907169245288886,1.0,1.0
ABHD10,0.0367583503665454,1.0,1.0
GCSAM,-0.7554940394485783,0.6666666666666666,0.9393265826953157
CD200,0.8003661094330973,0.6666666666666666,0.9393265826953157
ATG3,0.010480862916440792,0.9722222222222222,1.0
SLC35A5,0.06164379701823819,0.75,0.9526327507514194
CD200R1,-0.30459668691693764,0.5833333333333334,0.9145140606393699
GTPBP8,0.23342036435963998,0.8611111111111112,0.9842040002156449
NEPRO,0.4390670210439209,0.6944444444444444,0.9526327507514194
CFAP44,0.1563249633034811,0.9444444444444444,1.0
SPICE1,0.7307279947251248,0.7777777777777778,0.9616866541443916
SIDT1,1.3007443923234052,0.25,0.7407166969618281
USF3,-0.8257083629350719,0.2222222222222222,0.7242375194388904
NAA50,-0.25458932539124746,0.4444444444444444,0.8447628037832934
ATP6V1A,-0.0026985883467176563,1.0,1.0
CCDC191,1.0653292627057511,0.4166666666666667,0.8228048921195339
QTRT2,-0.2675365531754066,0.7222222222222222,0.9526327507514194
TIGIT,-0.46724894920678217,0.8888888888888888,0.9842040002156449
ZBTB20,-0.24224345491389876,0.5,0.8663629460895975
BZW1P2,0.8989254524319961,0.25,0.7407166969618281
PTMAP8,1.3679443469249737,0.25,0.7407166969618281
B4GALT4,-0.6084454578986263,0.8055555555555556,0.9696444353796996
ARHGAP31,2.2241453943843363,0.1388888888888889,0.6630636913063691
TMEM39A,1.782088615466289,0.2222222222222222,0.7242375194388904
POGLUT1,3.029304198242015,0.08333333333333333,0.6630636913063691
TIMMDC1,-0.6081783495792656,0.4444444444444444,0.8447628037832934
ADPRH,-0.11695661500297838,0.8333333333333334,0.9696444353796996
PLA1A,2.344558649683037,0.16666666666666666,0.6630636913063691
POPDC2,-0.4551232965451093,0.8888888888888888,0.9842040002156449
COX17,-0.5404189753820328,0.3888888888888889,0.8209476821872752
GSK3B,-0.4238224400067674,0.3055555555555556,0.7689432926530413
LRRC58,-0.5623204061638809,0.2777777777777778,0.7530160238642064
FSTL1,2.307109605415277,0.1111111111111111,0.6630636913063691
NDUFB4,0.38547217777884324,0.16666666666666666,0.6630636913063691
RABL3,0.12411997596201019,0.9166666666666666,0.9920484365613835
GTF2E1,0.8793578758350837,0.75,0.9526327507514194
NAP1L1P3,-1.3942705484849487,0.19444444444444445,0.6998773221170698
HCLS1,-0.39959945283162757,0.2777777777777778,0.7530160238642064
GOLGB1,0.07035367548865423,0.8888888888888888,0.9842040002156449
IQCB1,0.09377972202594531,0.9444444444444444,1.0
EAF2,-1.7293946744657802,0.3333333333333333,0.7714672075726842
CSTA,1.1988917944200361,0.6666666666666666,0.9393265826953157
CCDC58,2.547133928699137,0.05555555555555555,0.6630636913063691
FAM162A,-1.0600662304943826,0.05555555555555555,0.6630636913063691
WDR5B,1.8727250273703169,0.16666666666666666,0.6630636913063691
KPNA1,3.0287189622938415,0.08333333333333333,0.6630636913063691
PARP9,-0.5203039614520124,0.6111111111111112,0.9285893964279902
DTX3L,2.033351876523332,0.3055555555555556,0.7689432926530413
PARP15,-0.2783375301502842,0.7777777777777778,0.9616866541443916
PARP14,-0.6954264892544995,0.08333333333333333,0.6630636913063691
HSPBAP1,0.8620499452937245,0.6388888888888888,0.9393265826953157
PDIA5,1.4204891303438143,0.25,0.7407166969618281
SEC22A,0.21935194104921196,0.9166666666666666,0.9920484365613835
HACD2,-0.30195590203255307,0.3611111111111111,0.797730450683016
CCDC14,1.0436402939816896,0.08333333333333333,0.6630636913063691
KALRN,-0.9852639462819686,0.5833333333333334,0.9145140606393699
UMPS,1.5574996806319619,0.3055555555555556,0.7689432926530413
ITGB5,-0.7234507150737721,0.8888888888888888,0.9842040002156449
HEG1,0.3834405518650108,0.5,0.8663629460895975
SLC12A8,4.00316475903543,0.05555555555555555,0.6630636913063691
ZNF148,-0.84214623235244,0.08333333333333333,0.6630636913063691
SNX4,-0.3921576460289753,0.4722222222222222,0.8663629460895975
OSBPL11,2.0946196459143778,0.08333333333333333,0.6630636913063691
SLC41A3,-1.1203574305090118,0.16666666666666666,0.6630636913063691
ZXDC,-0.2216131522512379,0.75,0.9526327507514194
CHCHD6,-1.106212723100445,0.3333333333333333,0.7714672075726842
TPRA1,0.3809992662640549,0.6111111111111112,0.9285893964279902
MCM2,0.7465937659573392,0.7222222222222222,0.9526327507514194
ABTB1,1.108726349330992,0.5555555555555556,0.9063324119086202
MGLL,0.9029440805844047,0.2222222222222222,0.7242375194388904
SEC61A1,1.765004202123142,0.3888888888888889,0.8209476821872752
RUVBL1,-0.2569082156005811,0.5833333333333334,0.9145140606393699
EEFSEC,1.3435450159872355,0.3333333333333333,0.7714672075726842
GATA2,-0.24067861728637574,0.3055555555555556,0.7689432926530413
RPN1,2.9280989521496172,0.08333333333333333,0.6630636913063691
RAB7A,0.24454202095510702,0.4722222222222222,0.8663629460895975
ACAD9,-0.48834905851739574,0.8333333333333334,0.9696444353796996
ISY1,2.236516962480638,0.08333333333333333,0.6630636913063691
CNBP,-0.6547749614840859,0.2222222222222222,0.7242375194388904
COPG1,-0.4374165089330724,0.4722222222222222,0.8663629460895975
HMCES,1.031646576710418,0.6388888888888888,0.9393265826953157
H1FX,0.7862624340436111,0.7222222222222222,0.9526327507514194
RPL32P3,2.5487541040441912,0.05555555555555555,0.6630636913063691
MBD4,0.43481792561642596,0.16666666666666666,0.6630636913063691
IFT122,0.09200233149406989,1.0,1.0
PLXND1,-0.15493354800371062,1.0,1.0
TMCC1,-0.2646863042974017,0.6388888888888888,0.9393265826953157
AC083799.1,1.6583566013917932,0.2777777777777778,0.7530160238642064
PIK3R4,-0.7237248376581853,0.4444444444444444,0.8447628037832934
ATP2C1,0.6177596191273551,0.2222222222222222,0.7242375194388904
ASTE1,1.3297907144218677,0.4166666666666667,0.8228048921195339
NUDT16,0.5605148599373146,0.7777777777777778,0.9616866541443916
MRPL3,-0.30630881305348634,0.8055555555555556,0.9696444353796996
DNAJC13,-0.7438304244784302,0.08333333333333333,0.6630636913063691
UBA5,0.3059943850082032,0.3888888888888889,0.8209476821872752
NPHP3,1.1660759895901855,0.6666666666666666,0.9393265826953157
TMEM108,0.1935963825357918,0.8888888888888888,0.9842040002156449
CDV3,-0.25896737431278627,0.5,0.8663629460895975
TOPBP1,-0.0927314328875859,0.8055555555555556,0.9696444353796996
SRPRB,0.9234582088877819,0.3888888888888889,0.8209476821872752
RAB6B,0.6364905572804037,0.5,0.8663629460895975
SLCO2A1,2.113132913392176,0.4444444444444444,0.8447628037832934
RYK,-1.2359621145807704,0.1388888888888889,0.6630636913063691
ANAPC13,1.2198661225586802,0.8055555555555556,0.9696444353796996
CEP63,-0.9018484634424251,0.1388888888888889,0.6630636913063691
PPP2R3A,2.133963561322849,0.05555555555555555,0.6630636913063691
MSL2,1.2820243886361724,0.6944444444444444,0.9526327507514194
PCCB,0.7910693790356897,0.6388888888888888,0.9393265826953157
STAG1,-1.2017407895947452,0.05555555555555555,0.6630636913063691
SLC35G2,1.9392902807879921,0.16666666666666666,0.6630636913063691
NCK1-AS1,0.41974948518128286,0.8333333333333334,0.9696444353796996
NCK1,1.4229504964273354,0.4166666666666667,0.8228048921195339
DBR1,-1.01360565473232,0.6944444444444444,0.9526327507514194
ARMC8,-0.14469057374242045,0.8611111111111112,0.9842040002156449
MRAS,-0.002333462112982243,1.0,1.0
CEP70,1.6772453014755055,0.3888888888888889,0.8209476821872752
FAIM,2.331131536761131,0.05555555555555555,0.6630636913063691
PIK3CB,-0.5021124426422618,0.4166666666666667,0.8228048921195339
MRPS22,1.450029969851459,0.3055555555555556,0.7689432926530413
COPB2,0.19057176515878194,0.7777777777777778,0.9616866541443916
SLC25A36,-0.7885794675355209,0.1111111111111111,0.6630636913063691
ZBTB38,-0.20687454092157953,0.5277777777777778,0.8876686975890985
RASA2,-0.5102378240349266,0.5277777777777778,0.8876686975890985
RNF7,0.2061166359803801,0.75,0.9526327507514194
ATP1B3,0.9623752201391769,0.19444444444444445,0.6998773221170698
TFDP2,0.21671197890442961,0.7222222222222222,0.9526327507514194
AC133435.1,-0.07982014796288639,1.0,1.0
GK5,1.9595369507027691,0.25,0.7407166969618281
XRN1,-0.903853170726399,0.1111111111111111,0.6630636913063691
ATR,1.4175078813974902,0.3611111111111111,0.797730450683016
AC021074.1,2.139466692931133,0.16666666666666666,0.6630636913063691
U2SURP,-0.711687656480664,0.1111111111111111,0.6630636913063691
CHST2,0.47123394858231826,0.75,0.9526327507514194
ST13P15,0.9129761397257917,0.5833333333333334,0.9145140606393699
C3orf58,-0.004645557524045607,1.0,1.0
PLSCR4,-0.019722102787515183,0.9722222222222222,1.0
PLSCR1,0.5754967044961994,0.8055555555555556,0.9696444353796996
AC092979.1,0.13731957956044383,1.0,1.0
CPA3,-0.27316067657882037,0.5555555555555556,0.9063324119086202
GYG1,-0.14855183907164715,0.8055555555555556,0.9696444353796996
HLTF,0.1668810213724914,0.5,0.8663629460895975
HPS3,1.812759699304485,0.3055555555555556,0.7689432926530413
TM4SF1,1.28247091148608,0.5833333333333334,0.9145140606393699
COMMD2,0.7120426264306401,0.3888888888888889,0.8209476821872752
RNF13,-0.17282247749538193,0.5277777777777778,0.8876686975890985
TSC22D2,0.2779146656403846,0.75,0.9526327507514194
SERP1,0.22929784871948478,0.2777777777777778,0.7530160238642064
EIF2A,-0.14998955632135313,0.7222222222222222,0.9526327507514194
SELENOT,1.0404449693922757,0.05555555555555555,0.6630636913063691
SIAH2,-0.2511958609343621,0.5277777777777778,0.8876686975890985
P2RY14,2.566100050482154,0.2222222222222222,0.7242375194388904
AC108718.1,-0.5536827197463525,0.8888888888888888,0.9842040002156449
MBNL1,-0.38672682066447805,0.1111111111111111,0.6630636913063691
P2RY1,-0.2173529037142501,0.8611111111111112,0.9842040002156449
RAP2B,0.9104041755315038,0.05555555555555555,0.6630636913063691
DHX36,-0.29282891419283796,0.6111111111111112,0.9285893964279902
C3orf33,-1.4409406713965056,0.3333333333333333,0.7714672075726842
SLC33A1,0.5672470652117871,0.4722222222222222,0.8663629460895975
GMPS,-0.9763800377910083,0.08333333333333333,0.6630636913063691
SETP14,0.6735976315499417,0.7222222222222222,0.9526327507514194
KCNAB1,1.595680125380728,0.25,0.7407166969618281
SSR3,0.5589059681184985,0.19444444444444445,0.6998773221170698
TIPARP,0.11417322925066298,0.8888888888888888,0.9842040002156449
PA2G4P4,1.9996166747671862,0.1111111111111111,0.6630636913063691
LEKR1,1.1604951950547608,0.4722222222222222,0.8663629460895975
CCNL1,-0.7685459913477333,0.2222222222222222,0.7242375194388904
PTX3,-1.0191517740611835,0.7222222222222222,0.9526327507514194
RSRC1,-0.19491369415604165,0.8333333333333334,0.9696444353796996
MLF1,1.795358918373561,0.25,0.7407166969618281
GFM1,1.6387551035697245,0.4444444444444444,0.8447628037832934
LXN,1.0142827394548823,0.6944444444444444,0.9526327507514194
RARRES1,0.9446307278839363,0.8611111111111112,0.9842040002156449
MFSD1,0.453537460992834,0.4722222222222222,0.8663629460895975
AC080013.1,-0.9634349590570404,0.5833333333333334,0.9145140606393699
BRD7P2,-0.16266034394542395,0.9444444444444444,1.0
C3orf80,4.2778846398583426e-06,1.0,1.0
IFT80,2.4790552922330478,0.16666666666666666,0.6630636913063691
SMC4,0.5994094186967747,0.3611111111111111,0.797730450683016
KPNA4,0.05932625804177061,0.6666666666666666,0.9393265826953157
PPM1L,0.8999743796493678,0.6111111111111112,0.9285893964279902
B3GALNT1,1.9530992660410065,0.16666666666666666,0.6630636913063691
NMD3,0.7312455796651331,0.3333333333333333,0.7714672075726842
PDCD10,0.44516683698668036,0.8055555555555556,0.9696444353796996
SERPINI1,1.9793021033384122,0.16666666666666666,0.6630636913063691
GOLIM4,0.27556347237480416,0.5,0.8663629460895975
AC074033.1,-0.3653492034116308,0.2777777777777778,0.7530160238642064
MYNN,-1.7888466768761058,0.08333333333333333,0.6630636913063691
SEC62,0.1444845420797165,0.8055555555555556,0.9696444353796996
GPR160,0.8053510668483118,0.5,0.8663629460895975
PHC3,0.4679545390704192,0.3611111111111111,0.797730450683016
PRKCI,0.9538606743358713,0.8611111111111112,0.9842040002156449
SKIL,0.9354702492368174,0.3055555555555556,0.7689432926530413
RPL22L1,-0.7076400234837816,0.3055555555555556,0.7689432926530413
EIF5A2,-0.4915220591993297,0.8333333333333334,0.9696444353796996
TNIK,-0.8538138186896305,0.3055555555555556,0.7689432926530413
PLD1,1.779132270223211,0.25,0.7407166969618281
FNDC3B,1.8069869703239823,0.3055555555555556,0.7689432926530413
TNFSF10,0.9674349135071161,0.2222222222222222,0.7242375194388904
NCEH1,2.865814501655449,0.1388888888888889,0.6630636913063691
ECT2,-0.06115720038996231,1.0,1.0
AC069218.1,-0.25840477256283956,1.0,1.0
NAALADL2,1.6863425646862344,0.16666666666666666,0.6630636913063691
UBE2V1P2,1.0795725396043756,0.3055555555555556,0.7689432926530413
TBL1XR1,0.2972623067854405,0.2222222222222222,0.7242375194388904
ZMAT3,-0.5626915771359329,0.3611111111111111,0.797730450683016
PIK3CA,-0.33307857341177804,0.3055555555555556,0.7689432926530413
KCNMB3,-1.7522242720457557,0.2777777777777778,0.7530160238642064
LRRFIP1P1,-0.6768636136275221,0.75,0.9526327507514194
ZNF639,0.29344039505493935,0.5277777777777778,0.8876686975890985
MFN1,2.0583996149703427,0.3055555555555556,0.7689432926530413
GNB4,-0.36597430672490994,0.4722222222222222,0.8663629460895975
ACTL6A,2.28265581507097,0.2222222222222222,0.7242375194388904
MRPL47,0.40991961478782013,0.8611111111111112,0.9842040002156449
NDUFB5,-0.34564455612553857,0.6111111111111112,0.9285893964279902
USP13,1.338536116248799,0.3888888888888889,0.8209476821872752
TTC14,0.881614925008229,0.8055555555555556,0.9696444353796996
AC108734.3,-0.1759780335345018,1.0,1.0
FXR1,-0.08316565400482823,0.7222222222222222,0.9526327507514194
DNAJC19,-0.2786237050393412,0.3888888888888889,0.8209476821872752
ATP11B,0.2593296532363123,0.8333333333333334,0.9696444353796996
DCUN1D1,-0.9261011910354844,0.19444444444444445,0.6998773221170698
MCCC1,2.614894461887243,0.05555555555555555,0.6630636913063691
MCF2L2,1.8181114882687988,0.16666666666666666,0.6630636913063691
B3GNT5,1.6503853745929429,0.19444444444444445,0.6998773221170698
LINC00888,-1.1172159741613052,0.4166666666666667,0.8228048921195339
KLHL6,0.05709002291341214,0.6666666666666666,0.9393265826953157
KLHL24,0.1959486736952778,0.8333333333333334,0.9696444353796996
YEATS2,-0.015272010325722452,1.0,1.0
PARL,0.4596344020673069,0.3888888888888889,0.8209476821872752
ABCC5,0.5525002285694529,0.8333333333333334,0.9696444353796996
EIF2B5,1.8117619984271411,0.08333333333333333,0.6630636913063691
AC131235.1,1.4809092968811295,0.6111111111111112,0.9285893964279902
DVL3,0.17655251958886442,0.6944444444444444,0.9526327507514194
AP2M1,0.20057080135527006,0.6666666666666666,0.9393265826953157
ABCF3,0.9251767229171257,0.75,0.9526327507514194
ALG3,1.4326014894278836,0.4722222222222222,0.8663629460895975
ECE2,1.7898678117599705,0.16666666666666666,0.6630636913063691
PSMD2,2.17787586682282,0.1388888888888889,0.6630636913063691
EIF4G1,2.3668186314312,0.1388888888888889,0.6630636913063691
FAM131A,1.8756137287414236,0.16666666666666666,0.6630636913063691
POLR2H,-0.7502053744858328,0.5555555555555556,0.9063324119086202
MAGEF1,1.3631517483217404,0.4444444444444444,0.8447628037832934
VPS8,1.8117649267333094,0.1388888888888889,0.6630636913063691
MAP3K13,1.4812622834509437,0.3888888888888889,0.8209476821872752
RPL4P4,0.09694287372682275,0.8333333333333334,0.9696444353796996
TMEM41A,1.5876116350119993,0.4166666666666667,0.8228048921195339
SENP2,1.0856645669663294,0.6388888888888888,0.9393265826953157
IGF2BP2,-0.9096912655440372,0.8888888888888888,0.9842040002156449
TRA2B,-0.681420296347266,0.4166666666666667,0.8228048921195339
ETV5,2.13924239993937,0.2777777777777778,0.7530160238642064
DGKG,1.1481217181572656,0.4166666666666667,0.8228048921195339
TBCCD1,1.1251258979385996,0.5277777777777778,0.8876686975890985
DNAJB11,-0.3161640290152521,0.6666666666666666,0.9393265826953157
EIF4A2,-0.8506699719019934,0.1111111111111111,0.6630636913063691
RFC4,-0.7608472805263577,0.4166666666666667,0.8228048921195339
RPS20P14,-0.6214556288208,0.08333333333333333,0.6630636913063691
ST6GAL1,0.33698850217161436,0.5,0.8663629460895975
RPL39L,0.18233712816326353,0.9166666666666666,0.9920484365613835
BCL6,-0.4832882183953613,0.75,0.9526327507514194
LPP,-0.24650769789234594,0.7222222222222222,0.9526327507514194
IL1RAP,2.071557154542463,0.1111111111111111,0.6630636913063691
CCDC50,0.6760333865098134,0.7777777777777778,0.9616866541443916
OPA1,-0.43477273188287135,0.08333333333333333,0.6630636913063691
HES1,0.15229047826614028,0.8055555555555556,0.9696444353796996
ATP13A3,-0.017563421977671467,1.0,1.0
TMEM44,1.5280942419394128,0.6666666666666666,0.9393265826953157
AC046143.1,-0.1504693825220993,1.0,1.0
LSG1,0.8109465647489094,0.19444444444444445,0.6998773221170698
FAM43A,1.6047318209207253,0.5833333333333334,0.9145140606393699
XXYLT1,2.753571391918246,0.1388888888888889,0.6630636913063691
ACAP2,0.07819477951015585,0.8055555555555556,0.9696444353796996
PPP1R2,1.4221076682914018,0.6388888888888888,0.9393265826953157
APOD,0.5874329934238639,0.8333333333333334,0.9696444353796996
LINC00969,0.2509186378554449,0.8611111111111112,0.9842040002156449
TNK2,3.2209334696827954,0.05555555555555555,0.6630636913063691
TFRC,1.407350473658528,0.5555555555555556,0.9063324119086202
PCYT1A,0.4355022901855792,0.4166666666666667,0.8228048921195339
UBXN7,-0.24173880337457554,0.5277777777777778,0.8876686975890985
RNF168,-0.33369392287601496,0.6111111111111112,0.9285893964279902
RPS29P3,1.3876489962060568,0.4444444444444444,0.8447628037832934
WDR53,1.8557699365861613,0.19444444444444445,0.6998773221170698
FBXO45,1.5399093846642562,0.4166666666666667,0.8228048921195339
NRROS,0.27536405412610865,0.5555555555555556,0.9063324119086202
PIGX,0.9910328075332764,0.7222222222222222,0.9526327507514194
CEP19,-0.3554916121843208,0.9166666666666666,0.9920484365613835
PAK2,0.40447291946239705,0.05555555555555555,0.6630636913063691
SENP5,-0.23271669291287012,0.5,0.8663629460895975
NCBP2,-0.21849523549544436,0.6944444444444444,0.9526327507514194
NCBP2-AS2,0.03921533910739061,1.0,1.0
MELTF,2.056731925911173,0.2777777777777778,0.7530160238642064
DLG1,-0.5733020381467968,0.4166666666666667,0.8228048921195339
BDH1,-0.2550797381655696,1.0,1.0
RUBCN,0.858690317698172,0.7222222222222222,0.9526327507514194
FYTTD1,-0.3367077342241629,0.6111111111111112,0.9285893964279902
LRCH3,-0.7386358625089828,0.3333333333333333,0.7714672075726842
AC144530.1,1.9011223797538261,0.16666666666666666,0.6630636913063691
IQCG,1.710107945211123,0.2222222222222222,0.7242375194388904
RPL35A,-0.05097322746592248,0.8333333333333334,0.9696444353796996
LMLN,2.9842554570015674,0.05555555555555555,0.6630636913063691
ZNF595,2.270558757231333,0.1111111111111111,0.6630636913063691
ZNF718,-0.9771794426107725,0.7222222222222222,0.9526327507514194
ZNF141,0.043998217127833694,0.8888888888888888,0.9842040002156449
AC079140.2,2.0801356726737543,0.1388888888888889,0.6630636913063691
ZNF721,1.7259530162252807,0.5,0.8663629460895975
PIGG,3.243080516732961,0.05555555555555555,0.6630636913063691
PDE6B,-0.6402120096924757,0.8888888888888888,0.9842040002156449
ATP5I,1.9045606351228312,0.08333333333333333,0.6630636913063691
PCGF3,0.5206829308642522,0.3055555555555556,0.7689432926530413
CPLX1,0.5212391123392913,0.75,0.9526327507514194
GAK,2.964854932434675,0.16666666666666666,0.6630636913063691
TMEM175,1.1351418719269042,0.5833333333333334,0.9145140606393699
DGKQ,1.5567552335186563,0.3333333333333333,0.7714672075726842
IDUA,1.335977523748421,0.5,0.8663629460895975
SPON2,-0.3506111896037072,0.8333333333333334,0.9696444353796996
CTBP1,2.732526465039577,0.1111111111111111,0.6630636913063691
CTBP1-AS2,2.0130245091453416,0.1388888888888889,0.6630636913063691
MAEA,2.555598829375586,0.19444444444444445,0.6998773221170698
UVSSA,2.9959560663028304,0.05555555555555555,0.6630636913063691
AC147067.1,0.5441638101783681,0.8333333333333334,0.9696444353796996
SLBP,-0.42403701969164853,0.4444444444444444,0.8447628037832934
TMEM129,2.5871457512495573,0.08333333333333333,0.6630636913063691
TACC3,3.153298994582859,0.05555555555555555,0.6630636913063691
LETM1,1.8032172059049505,0.1388888888888889,0.6630636913063691
NSD2,-1.3478547926067908,0.1388888888888889,0.6630636913063691
NELFA,0.714499512300732,0.6666666666666666,0.9393265826953157
C4orf48,1.764331979388262,0.3333333333333333,0.7714672075726842
NAT8L,-0.06524665440473676,1.0,1.0
HAUS3,-1.1117454045725421,0.1388888888888889,0.6630636913063691
MXD4,2.801739883038021,0.1111111111111111,0.6630636913063691
ZFYVE28,-0.42048372626396535,0.3888888888888889,0.8209476821872752
RNF4,2.9369440065538717,0.05555555555555555,0.6630636913063691
FAM193A,1.3843899449112431,0.6666666666666666,0.9393265826953157
TNIP2,0.7559149400749647,0.8333333333333334,0.9696444353796996
SH3BP2,0.8572702741112987,0.8055555555555556,0.9696444353796996
ADD1,0.5806766046385556,0.2222222222222222,0.7242375194388904
MFSD10,2.189139043572057,0.4166666666666667,0.8228048921195339
NOP14,1.82315799336168,0.5,0.8663629460895975
GRK4,2.205721291095795,0.16666666666666666,0.6630636913063691
HTT,1.0116279563241108,0.5833333333333334,0.9145140606393699
RGS12,2.2939139281731706,0.16666666666666666,0.6630636913063691
LRPAP1,3.422071095384318,0.08333333333333333,0.6630636913063691
TMEM128,-0.2775776486064996,0.8888888888888888,0.9842040002156449
LYAR,0.6992035902653253,0.5277777777777778,0.8876686975890985
ZBTB49,0.36406883906981735,0.8333333333333334,0.9696444353796996
NSG1,3.1410310644534163,0.1111111111111111,0.6630636913063691
STX18,0.07140490122827803,0.9166666666666666,0.9920484365613835
MSX1,1.3007443923234052,0.25,0.7407166969618281
CYTL1,1.0794870848792522,0.5,0.8663629460895975
STK32B,1.8791410080926538,0.16666666666666666,0.6630636913063691
MAN2B2,1.4927097521904238,0.5555555555555556,0.9063324119086202
MRFAP1,-0.9479193476819461,0.1388888888888889,0.6630636913063691
AC093323.1,1.4842977343556178,0.3333333333333333,0.7714672075726842
S100P,-0.1411340187286727,1.0,1.0
MRFAP1L1,0.04920611101121519,0.9722222222222222,1.0
BLOC1S4,-0.029108894964561927,0.9722222222222222,1.0
KIAA0232,-0.05075445297210557,1.0,1.0
TBC1D14,-2.2349396337783864,0.05555555555555555,0.6630636913063691
TADA2B,1.0171251630670666,0.6944444444444444,0.9526327507514194
GRPEL1,-0.09614478154834849,0.8888888888888888,0.9842040002156449
GMPSP1,0.7493940852448975,0.6666666666666666,0.9393265826953157
SH3TC1,1.344195834614486,0.5833333333333334,0.9145140606393699
HTRA3,0.38575870566038406,0.8333333333333334,0.9696444353796996
AC104825.2,-1.6491188172298303,0.3888888888888889,0.8209476821872752
ACOX3,0.9025337492130062,0.4166666666666667,0.8228048921195339
WDR1,0.5348975571858663,0.1388888888888889,0.6630636913063691
ZNF518B,-1.1047463299681306,0.16666666666666666,0.6630636913063691
CLNK,3.2838419002112857,0.25,0.7407166969618281
HS3ST1,2.7586149056664917,0.3333333333333333,0.7714672075726842
RAB28,1.3582165730602724,0.4444444444444444,0.8447628037832934
BOD1L1,-0.027130313761346336,0.9166666666666666,0.9920484365613835
LINC00504,-2.207279844407049,0.2777777777777778,0.7530160238642064
CPEB2,1.8213626694542246,0.1388888888888889,0.6630636913063691
FBXL5,0.11943633261515885,0.8055555555555556,0.9696444353796996
FAM200B,1.8942781857987863,0.2777777777777778,0.7530160238642064
BST1,-0.0870985393402659,0.8333333333333334,0.9696444353796996
CD38,2.309569531953539,0.3055555555555556,0.7689432926530413
FGFBP2,-1.723382972733714,0.7222222222222222,0.9526327507514194
PROM1,2.368549304099184,0.05555555555555555,0.6630636913063691
TAPT1,1.9114343602748325,0.19444444444444445,0.6998773221170698
LDB2,1.67334885780053,0.16666666666666666,0.6630636913063691
QDPR,-0.1366791214953489,0.75,0.9526327507514194
LAP3,0.7396943080546556,0.9166666666666666,0.9920484365613835
MED28,1.213058391016407,0.75,0.9526327507514194
DCAF16,-1.376969419978657,0.08333333333333333,0.6630636913063691
NCAPG,1.9994180436184996,0.3333333333333333,0.7714672075726842
LCORL,-0.7175437636755326,0.08333333333333333,0.6630636913063691
AC114728.1,-0.11773207663710838,0.9166666666666666,0.9920484365613835
PACRGL,-0.2979996884002558,1.0,1.0
ADGRA3,0.09990635111225199,0.8333333333333334,0.9696444353796996
CDC42P6,1.8231725162970958,0.19444444444444445,0.6998773221170698
PPARGC1A,-2.4190234424646055,0.08333333333333333,0.6630636913063691
DHX15,0.14471393274849742,0.8333333333333334,0.9696444353796996
SOD3,-0.7669331138010124,0.7222222222222222,0.9526327507514194
SEPSECS,-2.0488331692268638,0.1388888888888889,0.6630636913063691
SEPSECS-AS1,-0.26178412452435884,1.0,1.0
PI4K2B,1.8091499875593882,0.4444444444444444,0.8447628037832934
ZCCHC4,1.9996166747671862,0.1111111111111111,0.6630636913063691
ANAPC4,0.5002572934072207,0.16666666666666666,0.6630636913063691
RPS29P11,0.5531882233655288,0.75,0.9526327507514194
SEL1L3,3.8635247351666067,0.08333333333333333,0.6630636913063691
SMIM20,-2.23206790438475,0.05555555555555555,0.6630636913063691
RBPJ,-0.729931399688355,0.16666666666666666,0.6630636913063691
TBC1D19,0.7223981112133209,0.75,0.9526327507514194
STIM2,-0.17265304913226487,0.7777777777777778,0.9616866541443916
AC016687.1,-0.23729190430028813,1.0,1.0
ARAP2,-1.2063228953159886,0.4722222222222222,0.8663629460895975
PGM2,0.3463660823442485,0.5277777777777778,0.8876686975890985
TBC1D1,0.2759765397525564,0.5555555555555556,0.9063324119086202
KLF3,-0.5259075588789353,0.08333333333333333,0.6630636913063691
TLR10,-0.32572897272478274,0.8888888888888888,0.9842040002156449
FAM114A1,0.18944407052190604,0.9444444444444444,1.0
TMEM156,1.9103649830708953,0.4444444444444444,0.8447628037832934
KLHL5,0.521788278625158,0.75,0.9526327507514194
WDR19,2.7559835560278314,0.05555555555555555,0.6630636913063691
RFC1,-0.018396513147864724,0.8888888888888888,0.9842040002156449
RPL9,-0.061076222237367084,0.7777777777777778,0.9616866541443916
LIAS,2.1210147321858117,0.05555555555555555,0.6630636913063691
UGDH,1.9203201908436571,0.1111111111111111,0.6630636913063691
UGDH-AS1,-0.46724894920678217,0.8888888888888888,0.9842040002156449
SMIM14,-0.5831821318466304,0.19444444444444445,0.6998773221170698
UBE2K,0.10624917417679214,0.7777777777777778,0.9616866541443916
PDS5A,-0.3109040524502644,0.3888888888888889,0.8209476821872752
N4BP2,1.029518367549417,0.6388888888888888,0.9393265826953157
RHOH,-0.20117957496290284,0.6388888888888888,0.9393265826953157
RBM47,0.9634077014457083,0.6666666666666666,0.9393265826953157
TMEM33,0.8878733749230552,0.4722222222222222,0.8663629460895975
SLC30A9,0.263028399306549,0.5277777777777778,0.8876686975890985
ATP8A1,1.9758196965549437,0.19444444444444445,0.6998773221170698
NDUFB4P12,-0.7238063401957042,0.4444444444444444,0.8447628037832934
GUF1,1.141580634276134,0.6944444444444444,0.9526327507514194
GNPDA2,-0.4575330667769073,0.6111111111111112,0.9285893964279902
RAC1P2,1.3956245185481686,0.75,0.9526327507514194
COMMD8,1.6096285121674359,0.2777777777777778,0.7530160238642064
ATP10D,2.583226069902615,0.25,0.7407166969618281
NFXL1,-0.14230166950571066,0.8888888888888888,0.9842040002156449
TXK,-2.0352802132336074,0.19444444444444445,0.6998773221170698
TEC,-0.3518847233840532,0.3055555555555556,0.7689432926530413
SLAIN2,0.4363101131437537,0.7777777777777778,0.9616866541443916
FRYL,-0.45950517107594013,0.25,0.7407166969618281
OCIAD1,0.37049456516090107,0.6666666666666666,0.9393265826953157
OCIAD2,0.9262932907361328,0.6388888888888888,0.9393265826953157
DCUN1D4,-0.48076204440240033,0.75,0.9526327507514194
USP46,0.7322291448717198,0.7777777777777778,0.9616866541443916
DANCR,0.6802745452516277,0.6944444444444444,0.9526327507514194
SCFD2,1.2890294729688523,0.5555555555555556,0.9063324119086202
FIP1L1,1.735546414518049,0.19444444444444445,0.6998773221170698
CHIC2,-0.3546660351276696,0.6111111111111112,0.9285893964279902
PDGFRA,0.5119037485458647,0.75,0.9526327507514194
KIT,-0.6138065605303886,0.08333333333333333,0.6630636913063691
RPL38P3,-0.8068719663895045,0.7222222222222222,0.9526327507514194
SRD5A3,4.277252212642505,0.05555555555555555,0.6630636913063691
TMEM165,-0.007544677455754822,0.9722222222222222,1.0
CLOCK,-0.5025465039408008,0.3888888888888889,0.8209476821872752
EXOC1,-0.8266923501076135,0.1388888888888889,0.6630636913063691
CEP135,1.436441566886736,0.6388888888888888,0.9393265826953157
AASDH,-1.631220864711798,0.2777777777777778,0.7530160238642064
PPAT,0.15307869643136263,0.9444444444444444,1.0
PAICS,-0.4415261779502577,0.3888888888888889,0.8209476821872752
SRP72,0.005001050555277331,0.9722222222222222,1.0
REST,0.5675727975541625,0.6388888888888888,0.9393265826953157
NOA1,-0.23110071600554338,0.9166666666666666,0.9920484365613835
POLR2B,-0.4976997170138704,0.4444444444444444,0.8447628037832934
IGFBP7,1.7591525432683208,0.3333333333333333,0.7714672075726842
AC115223.1,-0.04019504044070299,0.9166666666666666,0.9920484365613835
CENPC,-0.715472330062485,0.2222222222222222,0.7242375194388904
STAP1,1.8320713222390834,0.05555555555555555,0.6630636913063691
UBA6,1.8978336504996096,0.3333333333333333,0.7714672075726842
UBA6-AS1,1.076222259084164,0.4722222222222222,0.8663629460895975
GCOM2,0.267274907943741,0.8333333333333334,0.9696444353796996
YTHDC1,-0.015417743009630946,0.9722222222222222,1.0
MT2P1,2.690435205720984,0.16666666666666666,0.6630636913063691
ODAM,-0.42596114097317783,0.8888888888888888,0.9842040002156449
FDCSP,3.7185290294441042,0.2777777777777778,0.7530160238642064
JCHAIN,3.044533155021843,0.2222222222222222,0.7242375194388904
UTP3,-1.0176194260975837,0.2777777777777778,0.7530160238642064
RUFY3,1.1021302299322513,0.6388888888888888,0.9393265826953157
GRSF1,0.4499143421619092,0.3055555555555556,0.7689432926530413
MOB1B,0.6546213887447472,0.4722222222222222,0.8663629460895975
DCK,-0.031066139418688188,0.9722222222222222,1.0
ADAMTS3,1.4477400970964944,0.5,0.8663629460895975
COX18,0.7554223133991216,0.75,0.9526327507514194
ANKRD17,-0.4961727524712991,0.3055555555555556,0.7689432926530413
CXCL8,-1.018019170188908,0.4166666666666667,0.8228048921195339
CXCL1,2.3507563744432827,0.16666666666666666,0.6630636913063691
CXCL3,3.323733432271171,0.16666666666666666,0.6630636913063691
CXCL2,2.740514919333053,0.16666666666666666,0.6630636913063691
MTHFD2L,-0.3639470614854301,0.8333333333333334,0.9696444353796996
EREG,2.3388951516610876,0.3333333333333333,0.7714672075726842
AREG,-0.7211263828371024,0.3055555555555556,0.7689432926530413
PARM1,-0.18049075883518872,0.9444444444444444,1.0
RCHY1,1.1879973396493084,0.5833333333333334,0.9145140606393699
THAP6,2.63529468298888,0.19444444444444445,0.6998773221170698
G3BP2,-0.11738230918246018,0.7777777777777778,0.9616866541443916
USO1,2.5480971553711207,0.1111111111111111,0.6630636913063691
NAAA,-1.0706008761759707,0.05555555555555555,0.6630636913063691
SDAD1,2.605816914434344,0.05555555555555555,0.6630636913063691
NUP54,-0.13656065175233412,0.7777777777777778,0.9616866541443916
SCARB2,0.8443378007926796,0.16666666666666666,0.6630636913063691
SNX5P1,0.9544042986646284,0.6666666666666666,0.9393265826953157
SEPT11,-0.41964713035169954,0.4444444444444444,0.8447628037832934
TXNP6,-1.1854491723348417,0.16666666666666666,0.6630636913063691
CCNI,-0.30651912582557905,0.2777777777777778,0.7530160238642064
CCNG2,-0.5068584814595258,0.3611111111111111,0.797730450683016
CNOT6L,-0.10583657933522428,0.7222222222222222,0.9526327507514194
MRPL1,-0.19994266136862127,0.8055555555555556,0.9696444353796996
SERBP1P5,1.0151704691257524,0.5833333333333334,0.9145140606393699
ANXA3,1.7939517929015083,0.16666666666666666,0.6630636913063691
LINC01094,0.154067831415579,0.9444444444444444,1.0
AC098818.2,-1.9882334262623433,0.2777777777777778,0.7530160238642064
BMP2K,-0.6223608778926755,0.3055555555555556,0.7689432926530413
PAQR3,-1.20691923359318,0.2222222222222222,0.7242375194388904
OR7E94P,-0.182989203534364,1.0,1.0
ANTXR2,0.30934876850804294,0.4722222222222222,0.8663629460895975
PRDM8,3.715811260704075,0.08333333333333333,0.6630636913063691
PRKG2,1.3491597021161357,0.3333333333333333,0.7714672075726842
RASGEF1B,1.0712035505510462,0.3611111111111111,0.797730450683016
HNRNPD,-0.3379616611158287,0.2777777777777778,0.7530160238642064
HNRNPDL,-0.33437987068711905,0.4722222222222222,0.8663629460895975
ENOPH1,-0.19967413935912592,0.8611111111111112,0.9842040002156449
TMEM150C,-0.1175033335890392,0.8055555555555556,0.9696444353796996
AC067942.1,-2.3775780888207145,0.05555555555555555,0.6630636913063691
AC067942.2,0.3634674427198086,0.8333333333333334,0.9696444353796996
SCD5,0.8853308243080158,0.5,0.8663629460895975
SEC31A,0.12193229838275421,0.75,0.9526327507514194
THAP9-AS1,-0.48474572784321257,0.3333333333333333,0.7714672075726842
THAP9,0.37182224040211387,0.75,0.9526327507514194
LIN54,-1.3666335699013676,0.1388888888888889,0.6630636913063691
COPS4,0.1146065299088268,0.9444444444444444,1.0
PLAC8,-0.6795918575019303,0.7222222222222222,0.9526327507514194
HELQ,-1.0234174898644772,0.25,0.7407166969618281
MRPS18C,0.6090264086157422,0.8888888888888888,0.9842040002156449
ABRAXAS1,0.6489659535186636,0.8333333333333334,0.9696444353796996
GPAT3,-0.8539678826007933,0.05555555555555555,0.6630636913063691
WDFY3,-0.8662057360310187,0.6111111111111112,0.9285893964279902
C4orf36,0.8678268440058856,0.6388888888888888,0.9393265826953157
AFF1,-0.1766487736670186,0.5277777777777778,0.8876686975890985
TECRP1,1.3310720395086157,0.5,0.8663629460895975
KLHL8,2.124190707983152,0.08333333333333333,0.6630636913063691
HSD17B11,-0.5306648620442616,0.2222222222222222,0.7242375194388904
NUDT9,2.7249529380010458,0.1111111111111111,0.6630636913063691
SPARCL1,4.273428614847633,0.08333333333333333,0.6630636913063691
HSP90AB3P,-0.7371015968751609,0.05555555555555555,0.6630636913063691
PKD2,-0.2902941359326121,0.75,0.9526327507514194
PPM1K,1.2186357703424937,0.7222222222222222,0.9526327507514194
HERC6,-0.24490960102531423,0.8888888888888888,0.9842040002156449
HERC5,-0.63610945877469,0.8888888888888888,0.9842040002156449
HERC3,-0.585732491898006,0.3055555555555556,0.7689432926530413
NAP1L5,-0.4387635053054577,0.6944444444444444,0.9526327507514194
FAM13A,-0.27732337690963815,0.8611111111111112,0.9842040002156449
GPRIN3,0.7162948865913408,0.6944444444444444,0.9526327507514194
TMSB4XP8,0.2180181018891112,0.8333333333333334,0.9696444353796996
SMARCAD1,-1.0776502455202168,0.1111111111111111,0.6630636913063691
HPGDS,0.18612485331824047,0.5277777777777778,0.8876686975890985
PDLIM5,-0.24159435956461905,0.5833333333333334,0.9145140606393699
RAP1GDS1,-0.7971338923216473,0.1111111111111111,0.6630636913063691
TSPAN5,-0.5699743649571849,0.8888888888888888,0.9842040002156449
EIF4E,1.3601687124384654,0.4166666666666667,0.8228048921195339
METAP1,-0.3216166116722894,0.5277777777777778,0.8876686975890985
ADH5,-0.5074093964967359,0.3888888888888889,0.8209476821872752
TRMT10A,0.8404731654397859,0.8333333333333334,0.9696444353796996
DAPP1,-0.3535832849791283,0.8333333333333334,0.9696444353796996
LAMTOR3,0.7815418206711753,0.16666666666666666,0.6630636913063691
DNAJB14,0.2138433133551585,0.6666666666666666,0.9393265826953157
H2AFZ,-0.381441970839969,0.4722222222222222,0.8663629460895975
PPP3CA,0.03085978142260437,0.9166666666666666,0.9920484365613835
FLJ20021,0.9839356914482648,0.4166666666666667,0.8228048921195339
BANK1,1.8432960003090448,0.4444444444444444,0.8447628037832934
SLC39A8,0.5636427542847193,0.8055555555555556,0.9696444353796996
NFKB1,0.5513383466183113,0.3055555555555556,0.7689432926530413
MANBA,-0.7192137275301338,0.3611111111111111,0.797730450683016
UBE2D3,-0.45295117881602387,0.2222222222222222,0.7242375194388904
AC018797.2,0.5788357881649906,0.6666666666666666,0.9393265826953157
CISD2,1.1307312253299133,0.75,0.9526327507514194
SLC9B2,1.4115164777325924,0.3055555555555556,0.7689432926530413
BDH2,2.2446384826573165,0.19444444444444445,0.6998773221170698
CENPE,-0.18199441017706297,0.8611111111111112,0.9842040002156449
TET2,-1.1072316419011603,0.05555555555555555,0.6630636913063691
PPA2,1.1861928489483304,0.6111111111111112,0.9285893964279902
EEF1A1P9,-0.15070100976736223,0.8333333333333334,0.9696444353796996
INTS12,0.279028126651923,0.8888888888888888,0.9842040002156449
GSTCD,1.7489051055280105,0.3055555555555556,0.7689432926530413
TBCK,1.402864357960628,0.4166666666666667,0.8228048921195339
AIMP1,-0.08514519221574801,0.8888888888888888,0.9842040002156449
PAPSS1,0.9129135567794577,0.1388888888888889,0.6630636913063691
SGMS2,-0.4945587959287093,0.7222222222222222,0.9526327507514194
CYP2U1,-1.793622357705368,0.1111111111111111,0.6630636913063691
HADH,3.8746254231546433,0.05555555555555555,0.6630636913063691
LEF1,2.1741801435188735,0.05555555555555555,0.6630636913063691
RPL34,-0.024040028861142204,0.9166666666666666,0.9920484365613835
OSTC,0.3625567469335511,0.5277777777777778,0.8876686975890985
SEC24B,1.0390877619127368,0.8055555555555556,0.9696444353796996
MCUB,-1.7350636904271326,0.3888888888888889,0.8209476821872752
CASP6,0.4035908517569835,0.3333333333333333,0.7714672075726842
PLA2G12A,0.44812611675003033,0.6111111111111112,0.9285893964279902
GAR1,1.5628727807210478,0.2222222222222222,0.7242375194388904
ELOVL6,2.756483603082349,0.3333333333333333,0.7714672075726842
FAM241A,-0.864952731771095,0.19444444444444445,0.6998773221170698
AP1AR,2.3663106525278863,0.25,0.7407166969618281
TIFA,-0.8167260171383641,0.6111111111111112,0.9285893964279902
ALPK1,0.2982760640136406,0.8611111111111112,0.9842040002156449
ZGRF1,0.8627568989290714,0.5,0.8663629460895975
LARP7,1.2775967084579678,0.7222222222222222,0.9526327507514194
AC004057.1,1.7939517929015083,0.16666666666666666,0.6630636913063691
CAMK2D,-1.610349765037832,0.3888888888888889,0.8209476821872752
NT5C3AP1,1.7618693651790558,0.16666666666666666,0.6630636913063691
SNHG8,0.30280788197761677,0.3888888888888889,0.8209476821872752
PRSS12,1.3659588710085457,0.5277777777777778,0.8876686975890985
METTL14,-1.0448734174075929,0.1388888888888889,0.6630636913063691
SEC24D,2.8250430428491353,0.05555555555555555,0.6630636913063691
USP53,-0.2110274746649079,0.25,0.7407166969618281
C4orf3,-0.11990183296331214,0.7222222222222222,0.9526327507514194
AC093752.1,2.4884132483069483,0.08333333333333333,0.6630636913063691
PDE5A,1.8938393800779216,0.16666666666666666,0.6630636913063691
MAD2L1,1.7096611171041727,0.2777777777777778,0.7530160238642064
PRDM5,1.39800438282069,0.4722222222222222,0.8663629460895975
ANXA5,0.43036346818412863,0.5555555555555556,0.9063324119086202
EXOSC9,-0.9536396717942663,0.19444444444444445,0.6998773221170698
CCNA2,2.606877226162056,0.16666666666666666,0.6630636913063691
BBS7,1.2977191567562332,0.3611111111111111,0.797730450683016
KIAA1109,-0.7559406183939439,0.1111111111111111,0.6630636913063691
SPATA5,1.3839830834819256,0.4166666666666667,0.8228048921195339
SPRY1,0.1899234191847663,0.8888888888888888,0.9842040002156449
ANKRD50,1.0675926715646598,0.75,0.9526327507514194
HSPA4L,-2.1688755239812214,0.2777777777777778,0.7530160238642064
PLK4,1.2981905512801337,0.3333333333333333,0.7714672075726842
MFSD8,2.037000794655194,0.25,0.7407166969618281
ABHD18,1.1910227905315796,0.6111111111111112,0.9285893964279902
LARP1B,0.2763566324941893,0.8888888888888888,0.9842040002156449
PGRMC2,1.3853092174059758,0.5277777777777778,0.8876686975890985
JADE1,-0.5562521720415301,0.3611111111111111,0.797730450683016
SCLT1,-0.4659819364285811,0.3333333333333333,0.7714672075726842
C4orf33,3.0994000760802822,0.05555555555555555,0.6630636913063691
ELF2,1.6921247781720754,0.3888888888888889,0.8209476821872752
PPP1R14BP3,1.0383763127181562,0.5555555555555556,0.9063324119086202
NDUFC1,0.15603850981262735,0.8888888888888888,0.9842040002156449
NAA15,-0.15895743550831565,0.8333333333333334,0.9696444353796996
AC097376.2,-1.0478943591680925,0.5,0.8663629460895975
RAB33B,3.301004251775564,0.05555555555555555,0.6630636913063691
MGST2,2.654155919173898,0.1388888888888889,0.6630636913063691
H3F3AP6,0.37182224040211387,0.75,0.9526327507514194
MAML3,1.6009375011414226,0.5833333333333334,0.9145140606393699
SCOC,0.15781655166051234,0.9444444444444444,1.0
ELMOD2,-0.4414818132959555,0.4722222222222222,0.8663629460895975
ZNF330,-0.6594620092330556,0.3333333333333333,0.7714672075726842
INPP4B,0.5805535595159563,0.75,0.9526327507514194
USP38,0.29020539165129744,0.4444444444444444,0.8447628037832934
GAB1,1.511758812096058,0.3333333333333333,0.7714672075726842
SMARCA5,-0.0828395639124011,0.8888888888888888,0.9842040002156449
GYPE,-2.1264941294379844,0.2777777777777778,0.7530160238642064
HHIP-AS1,0.8581415021405019,0.5277777777777778,0.8876686975890985
ANAPC10,1.6684032263138828,0.3333333333333333,0.7714672075726842
ABCE1,0.5092042888258721,0.3611111111111111,0.797730450683016
OTUD4,0.9734111657213154,0.75,0.9526327507514194
RTN3P1,1.5311557825193596,0.25,0.7407166969618281
MMAA,-0.45085063466776587,0.9166666666666666,0.9920484365613835
ZNF827,0.044527690948081844,1.0,1.0
LSM6,0.1897569802937067,0.8611111111111112,0.9842040002156449
SLC10A7,-0.1111624887961451,0.9166666666666666,0.9920484365613835
TMEM184C,-0.5426826818597217,0.25,0.7407166969618281
PRMT9,0.7876804399272346,0.6388888888888888,0.9393265826953157
ARHGAP10,2.795283448911159,0.08333333333333333,0.6630636913063691
DCLK2,0.10063223820266609,0.9166666666666666,0.9920484365613835
LRBA,1.2186413910473193,0.5833333333333334,0.9145140606393699
RPS3A,0.6183008512102521,0.16666666666666666,0.6630636913063691
GATB,0.30350418138139124,1.0,1.0
FBXW7,-0.9850390122105424,0.16666666666666666,0.6630636913063691
TMEM154,0.11284232870113975,0.7777777777777778,0.9616866541443916
ARFIP1,-0.4013884309357598,0.4722222222222222,0.8663629460895975
FAM192BP,1.5924508208547792,0.16666666666666666,0.6630636913063691
TMEM131L,0.5917449076861492,0.7777777777777778,0.9616866541443916
PLRG1,1.8672891787371921,0.2777777777777778,0.7530160238642064
MAP9,0.23577747512386127,0.7777777777777778,0.9616866541443916
CTSO,-0.6543447798893895,0.5,0.8663629460895975
FTH1P21,0.8811193978825275,0.3333333333333333,0.7714672075726842
PDGFC,-1.3421412287387977,0.4166666666666667,0.8228048921195339
FAM198B,1.8446339081241083,0.4444444444444444,0.8447628037832934
C4orf46,0.9481951795240575,0.4722222222222222,0.8663629460895975
ETFDH,1.969649450644162,0.2777777777777778,0.7530160238642064
PPID,-0.6645276033392511,0.4166666666666667,0.8228048921195339
FNIP2,0.09758574959308763,0.8888888888888888,0.9842040002156449
RAPGEF2,-0.03753097002818073,0.9166666666666666,0.9920484365613835
NAF1,1.5146275969768164,0.16666666666666666,0.6630636913063691
TMA16,3.1050551517679796,0.2222222222222222,0.7242375194388904
MARCH1,-0.8944286674219009,0.8888888888888888,0.9842040002156449
AC105250.1,-0.47821226213542034,0.8888888888888888,0.9842040002156449
ANP32C,0.8921098982459423,0.5,0.8663629460895975
NACA3P,0.04694423610613763,1.0,1.0
AC106872.2,-0.7800907212524042,0.6666666666666666,0.9393265826953157
TMEM192,0.6084021055995104,0.4444444444444444,0.8447628037832934
KLHL2,2.198123136619835,0.05555555555555555,0.6630636913063691
MSMO1,3.51589579782626,0.05555555555555555,0.6630636913063691
DDX60,0.846137976332924,0.75,0.9526327507514194
DDX60L,-0.3548988231654535,0.4722222222222222,0.8663629460895975
PALLD,-0.02881842284749858,1.0,1.0
CBR4,1.5646593804291,0.16666666666666666,0.6630636913063691
SH3RF1,2.9486842132481863,0.05555555555555555,0.6630636913063691
NEK1,1.8342703773301312,0.3333333333333333,0.7714672075726842
CLCN3,1.27189708395285,0.05555555555555555,0.6630636913063691
HPF1,-0.17142744928911302,0.9444444444444444,1.0
MFAP3L,0.326292905616685,0.8333333333333334,0.9696444353796996
GALNT7,0.42819034784297916,0.4722222222222222,0.8663629460895975
HMGB2,0.30544711319046147,0.8333333333333334,0.9696444353796996
AC097534.2,0.8289422774661044,0.5833333333333334,0.9145140606393699
SAP30,0.023388960469664433,0.9722222222222222,1.0
FBXO8,0.19513490011505485,1.0,1.0
CEP44,0.2903440756920861,0.8333333333333334,0.9696444353796996
HPGD,0.46056138956119597,0.5,0.8663629460895975
AC096751.1,0.3654419968742064,0.8333333333333334,0.9696444353796996
AC096751.2,-2.0686150874918203,0.2777777777777778,0.7530160238642064
GLRA3,-0.5536827197463525,0.8888888888888888,0.9842040002156449
WDR17,0.0035053389077206454,0.9444444444444444,1.0
SPCS3,0.9969398240036549,0.05555555555555555,0.6630636913063691
NEIL3,1.7607056561880392,0.16666666666666666,0.6630636913063691
AGA,0.35832771987271084,0.75,0.9526327507514194
DCTD,0.1323479651163959,0.9166666666666666,0.9920484365613835
WWC2,-0.5906888314565677,0.4166666666666667,0.8228048921195339
CDKN2AIP,-1.4958944432717223,0.05555555555555555,0.6630636913063691
ING2,-0.5373184296389146,0.5555555555555556,0.9063324119086202
RWDD4,2.652199269952764,0.1111111111111111,0.6630636913063691
TRAPPC11,0.6452446280281738,0.8333333333333334,0.9696444353796996
ENPP6,1.8364739872222549,0.05555555555555555,0.6630636913063691
LINC02362,1.9203240557914134,0.4444444444444444,0.8447628037832934
IRF2,0.9760369466602024,0.05555555555555555,0.6630636913063691
CASP3,1.8708574699093004,0.2777777777777778,0.7530160238642064
PRIMPOL,-1.436343481274347,0.25,0.7407166969618281
CENPU,1.6732244493656019,0.3333333333333333,0.7714672075726842
ACSL1,-0.00089602499845709,1.0,1.0
SLC25A4,-0.7080094714602474,0.6111111111111112,0.9285893964279902
CFAP97,-0.3730845567399248,0.2777777777777778,0.7530160238642064
UFSP2,2.785643408789598,0.25,0.7407166969618281
CYP4V2,3.3659282488411932,0.08333333333333333,0.6630636913063691
FAT1,0.04500802402247572,0.9444444444444444,1.0
FRG1,-0.22169132652054824,0.7777777777777778,0.9616866541443916
CCDC127,-0.7414495995830324,0.4166666666666667,0.8228048921195339
SDHA,0.6415747023104359,0.75,0.9526327507514194
PDCD6,-0.06385188437299316,0.8888888888888888,0.9842040002156449
EXOC3,-0.2275608832929299,0.8055555555555556,0.9696444353796996
BRD9,0.6133047884802538,0.8888888888888888,0.9842040002156449
SLC12A7,-0.6688731308359039,0.6666666666666666,0.9393265826953157
CLPTM1L,0.5726633891991435,0.2777777777777778,0.7530160238642064
LPCAT1,1.0786120209633157,0.6944444444444444,0.9526327507514194
AC026412.1,2.9641835175713585,0.05555555555555555,0.6630636913063691
MRPL36,2.12800476371177,0.25,0.7407166969618281
NDUFS6,0.8149217629820793,0.25,0.7407166969618281
ICE1,1.3513712562423978,0.6388888888888888,0.9393265826953157
MED10,2.7737934523892966,0.08333333333333333,0.6630636913063691
NSUN2,0.1867277471822204,0.8333333333333334,0.9696444353796996
PAPD7,0.15487553170749457,0.8611111111111112,0.9842040002156449
MTRR,0.804786991226639,0.7777777777777778,0.9616866541443916
FASTKD3,1.7802891038942255,0.3055555555555556,0.7689432926530413
AC091965.4,1.7517346016739728,0.4444444444444444,0.8447628037832934
FAM173B,1.7331219823616424,0.3611111111111111,0.797730450683016
CCT5,0.018478339964630663,0.9722222222222222,1.0
CMBL,2.0051165037445546,0.25,0.7407166969618281
MARCH6,0.11190010688104923,0.7777777777777778,0.9616866541443916
ANKRD33B,1.6597205900598797,0.19444444444444445,0.6998773221170698
DAP,1.0663044758816076,0.25,0.7407166969618281
TRIO,0.17770965346701573,0.8888888888888888,0.9842040002156449
FAM105A,-0.21973541870547653,0.8055555555555556,0.9696444353796996
EEF1A1P13,-1.3573945996737313,0.05555555555555555,0.6630636913063691
OTULIN,-0.5791281151331562,0.4722222222222222,0.8663629460895975
ANKH,0.5846450114888713,0.2222222222222222,0.7242375194388904
ZNF622,1.9103820659656132,0.16666666666666666,0.6630636913063691
MYO10,0.7359560406411223,0.1111111111111111,0.6630636913063691
BASP1,-1.074278769678255,0.08333333333333333,0.6630636913063691
GUSBP1,1.1117395986109,0.4166666666666667,0.8228048921195339
HSPD1P1,0.28797422034865905,0.9166666666666666,0.9920484365613835
MSNP1,2.69612201801943,0.05555555555555555,0.6630636913063691
DROSHA,1.830994916105559,0.08333333333333333,0.6630636913063691
C5orf22,-0.02510514804778463,0.9166666666666666,0.9920484365613835
AC025458.1,0.7923929531982865,0.5,0.8663629460895975
GOLPH3,0.26165086927846737,0.7777777777777778,0.9616866541443916
MTMR12,-0.8737331758796438,0.25,0.7407166969618281
ZFR,0.3079994834470323,0.8055555555555556,0.9696444353796996
SUB1,-0.06508745477333555,0.8888888888888888,0.9842040002156449
AC010343.1,0.03703655386237514,0.8888888888888888,0.9842040002156449
TARS,3.536196665700645,0.08333333333333333,0.6630636913063691
RAI14,-0.5602556552966425,0.6111111111111112,0.9285893964279902
RAD1,1.1020803416322473,0.6388888888888888,0.9393265826953157
BRIX1,1.4746869555583522,0.4166666666666667,0.8228048921195339
DNAJC21,0.20560071768123755,0.7222222222222222,0.9526327507514194
SPEF2,2.7916504837273965,0.05555555555555555,0.6630636913063691
IL7R,-3.046245967612019,0.1388888888888889,0.6630636913063691
LMBRD2,0.48481395377467784,0.6666666666666666,0.9393265826953157
SKP2,0.4883521335969818,0.75,0.9526327507514194
NADK2,-1.022158792635583,0.05555555555555555,0.6630636913063691
AC008957.1,0.23590463667256012,1.0,1.0
NIPBL,0.060067811393842874,0.7777777777777778,0.9616866541443916
RPS4XP6,0.14663144033987674,1.0,1.0
C5orf42,-1.2194378329370519,0.2222222222222222,0.7242375194388904
OFD1P17,-2.1100965693882574,0.2777777777777778,0.7530160238642064
NUP155,2.499133459035895,0.08333333333333333,0.6630636913063691
WDR70,-0.1072540130322599,0.6666666666666666,0.9393265826953157
RICTOR,-0.033947100213914005,1.0,1.0
FYB1,-0.41144907747465087,0.6111111111111112,0.9285893964279902
DAB2,1.8024418439286873,0.2222222222222222,0.7242375194388904
INTS6P1,1.9547275412549023,0.16666666666666666,0.6630636913063691
TTC33,1.9190075343591269,0.1111111111111111,0.6630636913063691
PTGER4,0.42802489938197574,0.05555555555555555,0.6630636913063691
PRKAA1,-0.45965402916733034,0.4166666666666667,0.8228048921195339
RPL37,-0.13082499003375503,0.7777777777777778,0.9616866541443916
CARD6,0.7544323673901894,0.7222222222222222,0.9526327507514194
OXCT1,0.6747787638592819,0.6666666666666666,0.9393265826953157
C5orf51,1.5694443099115643,0.2777777777777778,0.7530160238642064
FBXO4,0.10179683627311409,0.9444444444444444,1.0
CCDC152,2.1421627495947506,0.16666666666666666,0.6630636913063691
AC025171.1,2.0017356421758583,0.2222222222222222,0.7242375194388904
ANXA2R,-0.40331875659504,0.75,0.9526327507514194
AC025171.2,0.6682306232229336,0.6666666666666666,0.9393265826953157
AC025171.4,0.1319237450363746,0.9166666666666666,0.9920484365613835
ZNF131,0.6041162546532526,0.1388888888888889,0.6630636913063691
AC114947.2,-1.9606796974510803,0.2777777777777778,0.7530160238642064
HMGCS1,-0.07600871234567208,0.6944444444444444,0.9526327507514194
CCL28,-1.5815177516141965,0.3055555555555556,0.7689432926530413
TMEM267,1.1120757031123676,0.4166666666666667,0.8228048921195339
PAIP1,0.4792505988893576,0.8333333333333334,0.9696444353796996
NNT-AS1,2.437787888475685,0.1111111111111111,0.6630636913063691
NNT,-0.0732360923434463,0.8333333333333334,0.9696444353796996
MRPS30,1.0747586588519042,0.6111111111111112,0.9285893964279902
EMB,2.1996740434650204,0.3055555555555556,0.7689432926530413
PARP8,0.4307290218319193,0.8055555555555556,0.9696444353796996
PELO,0.4657280496655892,0.8333333333333334,0.9696444353796996
MOCS2,0.5948546206546581,0.4444444444444444,0.8447628037832934
NDUFS4,1.7995973521991764,0.5,0.8663629460895975
ARL15,-0.5755856370759243,0.3888888888888889,0.8209476821872752
SNX18,1.1999795417289991,0.5,0.8663629460895975
GZMA,1.2601357966545113,0.5277777777777778,0.8876686975890985
DHX29,2.049082950369803,0.2222222222222222,0.7242375194388904
SKIV2L2,0.038512393406138656,0.9166666666666666,0.9920484365613835
PLPP1,0.3976791633841361,0.8888888888888888,0.9842040002156449
SLC38A9,-0.8376823512158431,0.7222222222222222,0.9526327507514194
IL6ST,-1.1953153606334954,0.1388888888888889,0.6630636913063691
RPL26P19,-0.34899309998203165,0.05555555555555555,0.6630636913063691
MAP3K1,2.381803949821232,0.19444444444444445,0.6998773221170698
SETD9,2.000005136257891,0.16666666666666666,0.6630636913063691
MIER3,1.0183203047895297,0.5833333333333334,0.9145140606393699
GPBP1,-0.6728876281008214,0.1388888888888889,0.6630636913063691
PLK2,1.2803105901712037,0.5277777777777778,0.8876686975890985
GAPT,-0.44180886539808295,0.3333333333333333,0.7714672075726842
RAB3C,-1.5067289433283686,0.3888888888888889,0.8209476821872752
PDE4D,1.9701747389349054,0.3333333333333333,0.7714672075726842
DEPDC1B,2.394412702298639,0.16666666666666666,0.6630636913063691
ELOVL7,2.0571556301019975,0.2777777777777778,0.7530160238642064
NDUFAF2,1.1051201085826285,0.3333333333333333,0.7714672075726842
SMIM15,-0.9044443803773818,0.2777777777777778,0.7530160238642064
ZSWIM6,0.996581728418882,0.5555555555555556,0.9063324119086202
KIF2A,-0.9415375480517474,0.1388888888888889,0.6630636913063691
DIMT1,0.14165941886381805,0.5277777777777778,0.8876686975890985
IPO11,1.416088929292186,0.3611111111111111,0.797730450683016
SREK1IP1,-0.36014674866728047,0.6666666666666666,0.9393265826953157
CWC27,1.9934756923885426,0.1388888888888889,0.6630636913063691
CENPK,1.5667140873876475,0.3888888888888889,0.8209476821872752
PPWD1,2.035957250129203,0.08333333333333333,0.6630636913063691
TRIM23,0.13690511593719945,0.8888888888888888,0.9842040002156449
TRAPPC13,0.6814503294086216,0.6666666666666666,0.9393265826953157
AC008560.1,-0.24934668834141238,1.0,1.0
SGTB,0.5692530388579757,0.8333333333333334,0.9696444353796996
NLN,1.1349608716734458,0.6666666666666666,0.9393265826953157
ERBIN,-0.2687413844859865,0.3888888888888889,0.8209476821872752
SREK1,-0.6300469627591934,0.16666666666666666,0.6630636913063691
MAST4,0.016804032960499704,0.8888888888888888,0.9842040002156449
PIK3R1,-0.5432539344184679,0.08333333333333333,0.6630636913063691
AC010280.2,0.5370236483196488,0.6666666666666666,0.9393265826953157
AC093523.1,0.38599461079028685,0.8333333333333334,0.9696444353796996
SLC30A5,-0.2679765841201549,0.7222222222222222,0.9526327507514194
CCNB1,3.0725845601452133,0.1111111111111111,0.6630636913063691
CENPH,3.3419475839400867,0.05555555555555555,0.6630636913063691
MRPS36,1.9670690783175941,0.16666666666666666,0.6630636913063691
CDK7,-0.22853280874046833,0.8611111111111112,0.9842040002156449
CCDC125,0.8015167136747419,0.8055555555555556,0.9696444353796996
AK6,1.7525656080515444,0.25,0.7407166969618281
TAF9,1.2740634743640018,0.75,0.9526327507514194
RAD17,-0.44731383503547395,0.5,0.8663629460895975
MARVELD2,2.1688476265322727,0.4444444444444444,0.8447628037832934
SMN2,1.2225510747239312,0.3611111111111111,0.797730450683016
SMN1,-1.0685697992051377,0.08333333333333333,0.6630636913063691
BDP1,-0.7737137599611987,0.1111111111111111,0.6630636913063691
MCCC2,1.2438250726883013,0.6388888888888888,0.9393265826953157
MAP1B,1.8511816825257568,0.16666666666666666,0.6630636913063691
MRPS27,-0.125064155169742,0.8888888888888888,0.9842040002156449
PTCD2,3.813263947700719,0.05555555555555555,0.6630636913063691
TNPO1,0.1796012773267206,0.8333333333333334,0.9696444353796996
FCHO2,-0.2950373393716683,0.7222222222222222,0.9526327507514194
BTF3,-0.21978577762057228,0.6666666666666666,0.9393265826953157
FUNDC2P1,-1.334342548430072,0.4166666666666667,0.8228048921195339
ANKRA2,-0.3895068034113387,0.4722222222222222,0.8663629460895975
UTP15,-0.3520958428654577,0.8333333333333334,0.9696444353796996
ENC1,-0.1828236701492072,0.6944444444444444,0.9526327507514194
HEXB,0.0914338191013302,0.9722222222222222,1.0
GFM2,1.6776169301885226,0.3055555555555556,0.7689432926530413
NSA2,-0.6523430155243943,0.16666666666666666,0.6630636913063691
GCNT4,-0.8199941189086797,0.3888888888888889,0.8209476821872752
ANKRD31,-1.934307512780423,0.3333333333333333,0.7714672075726842
HMGCR,-0.48705665987959534,0.6111111111111112,0.9285893964279902
COL4A3BP,-0.47132216067088795,0.4444444444444444,0.8447628037832934
POLK,0.062263281176416996,0.8888888888888888,0.9842040002156449
POC5,0.47381403327130256,0.8333333333333334,0.9696444353796996
AC113404.3,-0.09458797562941124,0.8888888888888888,0.9842040002156449
IQGAP2,-0.42156912567091,0.3055555555555556,0.7689432926530413
CRHBP,0.4577435672500094,0.8333333333333334,0.9696444353796996
AGGF1,0.4182463672352439,0.4166666666666667,0.8228048921195339
ZBED3,1.533753880916826,0.19444444444444445,0.6998773221170698
PDE8B,0.40396835850512447,0.75,0.9526327507514194
WDR41,2.4341166469730626,0.1111111111111111,0.6630636913063691
RPL7P23,-1.3572993630438264,0.05555555555555555,0.6630636913063691
TBCA,0.4042683256703006,0.5,0.8663629460895975
ACTBP2,0.1718919801245239,1.0,1.0
AP3B1,2.1978253877857608,0.1388888888888889,0.6630636913063691
SCAMP1-AS1,1.000765125631125,0.5277777777777778,0.8876686975890985
SCAMP1,-0.06786962406765262,0.8611111111111112,0.9842040002156449
ARSB,-0.02705221588456741,0.9722222222222222,1.0
JMY,-1.7488732319718547,0.05555555555555555,0.6630636913063691
PAPD4,-0.6294880473152107,0.5277777777777778,0.8876686975890985
MTX3,2.7815642587186895,0.05555555555555555,0.6630636913063691
SERINC5,-1.233866130594536,0.3888888888888889,0.8209476821872752
RBMX2P5,-0.4261897032450941,0.8333333333333334,0.9696444353796996
ZFYVE16,-0.12789829800634855,0.8055555555555556,0.9696444353796996
DHFR,3.397959528436629,0.08333333333333333,0.6630636913063691
MSH3,-0.17532898838154853,0.9444444444444444,1.0
ZCCHC9,1.0380573638383273,0.6111111111111112,0.9285893964279902
SSBP2,-0.6062204716355026,0.1111111111111111,0.6630636913063691
SEM1P1,-0.73699768958269,0.7222222222222222,0.9526327507514194
ATG10,1.906045294973907,0.19444444444444445,0.6998773221170698
RPS23,-0.11920459747741674,0.6111111111111112,0.9285893964279902
TMEM167A,0.681157358600819,0.5,0.8663629460895975
XRCC4,-1.2503949123110327,0.7222222222222222,0.9526327507514194
VCAN,1.693015721731261,0.4166666666666667,0.8228048921195339
EDIL3,0.9428356089224532,0.6666666666666666,0.9393265826953157
RPL5P17,0.2154276841248488,0.8888888888888888,0.9842040002156449
COX7C,0.8311493666026477,0.2222222222222222,0.7242375194388904
RASA1,0.024748999564045526,1.0,1.0
CCNH,0.15172124531660458,0.8333333333333334,0.9696444353796996
TMEM161B,0.32487673933870953,0.8888888888888888,0.9842040002156449
MEF2C,1.5492189509381673,0.4166666666666667,0.8228048921195339
CETN3,-0.17654184894119318,0.7777777777777778,0.9616866541443916
MBLAC2,1.1904041827924443,0.5833333333333334,0.9145140606393699
POLR3G,2.1741801435188735,0.05555555555555555,0.6630636913063691
LYSMD3,-1.0326797396555643,0.25,0.7407166969618281
ARRDC3,0.8983648386494889,0.8611111111111112,0.9842040002156449
FAM172A,0.1580376605462135,0.7222222222222222,0.9526327507514194
NPM1P27,-0.25352228833322155,0.5277777777777778,0.8876686975890985
SLF1,3.6375486416957385,0.05555555555555555,0.6630636913063691
MCTP1,-0.28741273166373826,0.4444444444444444,0.8447628037832934
TTC37,0.02563216398368695,1.0,1.0
ARSK,1.5814716749084239,0.4444444444444444,0.8447628037832934
GPR150,0.21874626681456344,0.8333333333333334,0.9696444353796996
RFESD,2.177313696793864,0.08333333333333333,0.6630636913063691
SPATA9,0.1932376158021607,0.8333333333333334,0.9696444353796996
RHOBTB3,-0.45604157027592684,0.3611111111111111,0.797730450683016
GLRX,0.3630045213682429,0.9166666666666666,0.9920484365613835
ELL2,1.1664316963353087,0.3055555555555556,0.7689432926530413
CAST,-0.19245354092188727,0.4166666666666667,0.8228048921195339
ERAP1,0.25508450458212817,0.6388888888888888,0.9393265826953157
ERAP2,-1.7687044333518642,0.2222222222222222,0.7242375194388904
LNPEP,-0.2244570644469599,0.5833333333333334,0.9145140606393699
RIOK2,3.11786597986898,0.05555555555555555,0.6630636913063691
AC116347.1,-0.1296135710005566,1.0,1.0
CHD1,-0.1053315175441476,0.8888888888888888,0.9842040002156449
FAM174A,-1.016025776435101,0.4166666666666667,0.8228048921195339
ST8SIA4,-0.4805758691385522,0.19444444444444445,0.6998773221170698
SLCO4C1,0.1932376158021607,0.8333333333333334,0.9696444353796996
PAM,-0.9603510493817766,0.5833333333333334,0.9145140606393699
GIN1,0.701457932605719,0.5833333333333334,0.9145140606393699
PPIP5K2,0.22144021926702528,0.8611111111111112,0.9842040002156449
C5orf30,0.09237305112988548,1.0,1.0
NUDT12,1.1802528775559176,0.4722222222222222,0.8663629460895975
FBXL17,-0.31952701116033655,0.4166666666666667,0.8228048921195339
LINC01023,1.9543013673632301,0.4444444444444444,0.8447628037832934
FER,0.04250628777704257,0.8055555555555556,0.9696444353796996
AC034207.1,-1.1058239718618266,0.4166666666666667,0.8228048921195339
PJA2,-0.38704058514722917,0.5,0.8663629460895975
MAN2A1,-1.422422379350314,0.1388888888888889,0.6630636913063691
SLC25A46,2.2884229803428924,0.1111111111111111,0.6630636913063691
BCLAF1P1,-0.2389064509465939,1.0,1.0
TSLP,2.38552132486757,0.16666666666666666,0.6630636913063691
WDR36,0.6255854052809662,0.25,0.7407166969618281
STARD4,0.8685262010192494,0.3333333333333333,0.7714672075726842
STARD4-AS1,-0.33599375835549106,1.0,1.0
NREP,-0.6929464631654909,0.5277777777777778,0.8876686975890985
EPB41L4A,0.3426544877393384,0.75,0.9526327507514194
EPB41L4A-AS1,0.2625034552060219,0.5,0.8663629460895975
APC,0.5070130264691093,0.3888888888888889,0.8209476821872752
SRP19,-0.24006770465534633,0.7222222222222222,0.9526327507514194
REEP5,-0.34749250231298223,0.3333333333333333,0.7714672075726842
DCP2,1.8952846636640253,0.16666666666666666,0.6630636913063691
MCC,-2.3158494890363923,0.05555555555555555,0.6630636913063691
YTHDC2,1.285818509718173,0.5,0.8663629460895975
PGGT1B,-0.006518037574261726,1.0,1.0
CCDC112,-1.3869135102722563,0.1111111111111111,0.6630636913063691
FEM1C,-0.8065632226136676,0.4722222222222222,0.8663629460895975
AC010226.1,-3.926100335783842,0.05555555555555555,0.6630636913063691
TMED7,-0.6206472075881653,0.2777777777777778,0.7530160238642064
ATG12,-1.1912484695165135,0.08333333333333333,0.6630636913063691
AP3S1,0.2610946735700237,0.6111111111111112,0.9285893964279902
AC034236.1,0.2066622566814731,0.8888888888888888,0.9842040002156449
COMMD10,-1.2550394367944468,0.1388888888888889,0.6630636913063691
SEMA6A,2.294739309676243,0.05555555555555555,0.6630636913063691
LINC02147,0.009902090170620603,1.0,1.0
DTWD2,-0.4633392977659829,0.4166666666666667,0.8228048921195339
PTMAP2,0.1678565418940412,0.25,0.7407166969618281
MIR1244-2,-0.31334756133707575,0.4166666666666667,0.8228048921195339
DMXL1,-0.2763684557899344,0.7222222222222222,0.9526327507514194
TNFAIP8,2.7699770385879026,0.1111111111111111,0.6630636913063691
HSD17B4,0.5649964109071597,0.2222222222222222,0.7242375194388904
SRFBP1,0.12586786181100518,0.8055555555555556,0.9696444353796996
SNX2,-0.43582125789003445,0.4722222222222222,0.8663629460895975
SNX24,2.2068640984343983,0.16666666666666666,0.6630636913063691
CEP120,-0.4903327283174548,0.6666666666666666,0.9393265826953157
CSNK1G3,0.500988137238096,0.75,0.9526327507514194
ZNF608,0.08188026242864366,0.9722222222222222,1.0
GRAMD2B,-0.9024757612533167,0.5555555555555556,0.9063324119086202
PHAX,-0.15018878403665248,0.8611111111111112,0.9842040002156449
LMNB1,1.6701769690464934,0.1111111111111111,0.6630636913063691
MARCH3,-0.13519250326009047,0.9166666666666666,0.9920484365613835
C5orf63,0.9387863957283584,0.4166666666666667,0.8228048921195339
PRRC1,0.413935929906188,0.3333333333333333,0.7714672075726842
LINC01184,1.337900923709022,0.5,0.8663629460895975
SLC12A2,1.3705346928109483,0.3888888888888889,0.8209476821872752
ISOC1,-0.7556726640439866,0.2222222222222222,0.7242375194388904
AC113367.1,1.42416870510838,0.3055555555555556,0.7689432926530413
HINT1,-0.15016755357199774,0.7777777777777778,0.9616866541443916
LYRM7,-0.2887658444664396,0.4722222222222222,0.8663629460895975
CDC42SE2,0.107492989990698,0.75,0.9526327507514194
RAPGEF6,0.8512184034945727,0.6388888888888888,0.9393265826953157
FNIP1,-0.4838436257080252,0.3611111111111111,0.797730450683016
PDLIM4,2.7269259376277275,0.16666666666666666,0.6630636913063691
SLC22A4,-0.09764454863150096,1.0,1.0
SLC22A5,1.6445668984215653,0.2222222222222222,0.7242375194388904
C5orf56,0.40820037872956316,0.75,0.9526327507514194
AC116366.1,0.2378558371921904,0.8333333333333334,0.9696444353796996
IRF1,-0.33961986063506355,0.3888888888888889,0.8209476821872752
RAD50,0.4129698856153232,1.0,1.0
IL13,0.7522931778169735,0.8333333333333334,0.9696444353796996
KIF3A,3.367297226680131,0.05555555555555555,0.6630636913063691
SEPT8,-0.3423543430425342,0.6944444444444444,0.9526327507514194
SHROOM1,-1.0059720507360232,0.75,0.9526327507514194
UQCRQ,0.7267331798464411,0.08333333333333333,0.6630636913063691
AFF4,-0.20308062485854173,0.7222222222222222,0.9526327507514194
ZCCHC10,-0.8061342115207442,0.2777777777777778,0.7530160238642064
HSPA4,-0.6640134955253085,0.05555555555555555,0.6630636913063691
C5orf15,0.327529370734962,0.5833333333333334,0.9145140606393699
VDAC1,0.21490692212921747,0.5277777777777778,0.8876686975890985
TCF7,-0.6920813788666309,0.7222222222222222,0.9526327507514194
SKP1,-0.5694505612849694,0.2222222222222222,0.7242375194388904
PPP2CA,1.1158805944777148,0.05555555555555555,0.6630636913063691
UBE2B,-0.2621841474386626,0.6111111111111112,0.9285893964279902
CDKN2AIPNL,0.8508829406336833,0.5833333333333334,0.9145140606393699
JADE2,-0.6493530285942235,0.19444444444444445,0.6998773221170698
SAR1B,2.0316094427000535,0.16666666666666666,0.6630636913063691
SEC24A,2.2857235521926325,0.1388888888888889,0.6630636913063691
CAMLG,0.3658362500042429,0.4444444444444444,0.8447628037832934
DDX46,0.0950529984770343,0.9166666666666666,0.9920484365613835
C5orf24,-0.16326634731124123,0.6944444444444444,0.9526327507514194
TXNDC15,2.664043380921967,0.1111111111111111,0.6630636913063691
PCBD2,-0.40096476076614307,0.5277777777777778,0.8876686975890985
MTND4P12,2.7348333617907574,0.05555555555555555,0.6630636913063691
H2AFY,0.7097448320437696,0.1388888888888889,0.6630636913063691
CXCL14,-0.491784231795507,0.7222222222222222,0.9526327507514194
TGFBI,0.1149544437245058,0.8333333333333334,0.9696444353796996
SMAD5,1.2514174807340437,0.8055555555555556,0.9696444353796996
KLHL3,2.2232367576555325,0.05555555555555555,0.6630636913063691
HNRNPA0,0.24154733012678875,0.75,0.9526327507514194
FAM13B,-1.1675341348752646,0.1111111111111111,0.6630636913063691
BRD8,-0.2351458540273148,0.6666666666666666,0.9393265826953157
CDC23,1.4755909229273176,0.2777777777777778,0.7530160238642064
GFRA3,3.5294106824244786,0.05555555555555555,0.6630636913063691
FAM53C,0.47388509208315766,0.8333333333333334,0.9696444353796996
KDM3B,1.3539642850906537,0.6666666666666666,0.9393265826953157
EGR1,-0.5074766761763758,0.6388888888888888,0.9393265826953157
ETF1,0.013577106927200155,1.0,1.0
HSPA9,-1.0251574776599703,0.05555555555555555,0.6630636913063691
CTNNA1,-0.02043772514579789,0.9722222222222222,1.0
SIL1,3.681450696965548,0.05555555555555555,0.6630636913063691
MATR3,-0.01962985749670132,0.9722222222222222,1.0
PAIP2,-0.4138571385633254,0.3888888888888889,0.8209476821872752
MZB1,3.2050054464791375,0.2777777777777778,0.7530160238642064
DNAJC18,3.164563612521378,0.08333333333333333,0.6630636913063691
TMEM173,-0.10996575029053801,0.6388888888888888,0.9393265826953157
UBE2D2,-0.30905527773550734,0.2777777777777778,0.7530160238642064
CXXC5,2.3309989134592612,0.2222222222222222,0.7242375194388904
PURA,-0.38061300268214726,0.16666666666666666,0.6630636913063691
IGIP,1.207499096656461,0.4166666666666667,0.8228048921195339
CYSTM1,-0.6693663837282902,0.3333333333333333,0.7714672075726842
PFDN1,1.8086609955691366,0.16666666666666666,0.6630636913063691
HBEGF,3.3414607528146307,0.08333333333333333,0.6630636913063691
ANKHD1,0.18548421446986418,0.8333333333333334,0.9696444353796996
SRA1,0.5090375330423282,0.8333333333333334,0.9696444353796996
APBB3,-0.8301219696348028,0.6666666666666666,0.9393265826953157
SLC35A4,1.852781926158615,0.1388888888888889,0.6630636913063691
CD14,1.9876156102327465,0.16666666666666666,0.6630636913063691
NDUFA2,0.963655993468326,0.3055555555555556,0.7689432926530413
TMCO6,0.3573621830428405,1.0,1.0
IK,-0.8234573248330177,0.25,0.7407166969618281
WDR55,2.1577641700439516,0.19444444444444445,0.6998773221170698
HARS,-1.6710712128288736,0.2777777777777778,0.7530160238642064
HARS2,0.9636919447804724,0.6944444444444444,0.9526327507514194
ZMAT2,-0.5738716821755991,0.1111111111111111,0.6630636913063691
TAF7,-0.8283419852414395,0.2222222222222222,0.7242375194388904
DIAPH1,0.19934338215913527,0.4722222222222222,0.8663629460895975
HDAC3,1.1418287059950143,0.6388888888888888,0.9393265826953157
FCHSD1,1.8603524203819983,0.4444444444444444,0.8447628037832934
KIAA0141,-0.318934300237526,0.5,0.8663629460895975
RNF14,0.6752332975365514,0.5,0.8663629460895975
GNPDA1,0.44229709756587443,0.19444444444444445,0.6998773221170698
NDFIP1,0.2587882345481516,0.6666666666666666,0.9393265826953157
ARHGAP26,1.6872488634099194,0.25,0.7407166969618281
NR3C1,0.01354775160800159,0.9722222222222222,1.0
YIPF5,2.176607878290923,0.2777777777777778,0.7530160238642064
PRELID2,-0.47394884471620813,0.4722222222222222,0.8663629460895975
SH3RF2,1.387604923867738,0.3333333333333333,0.7714672075726842
LARS,-0.40929348225458906,0.3888888888888889,0.8209476821872752
RBM27,1.205601772796745,0.5833333333333334,0.9145140606393699
TCERG1,2.012507154426606,0.3333333333333333,0.7714672075726842
DPYSL3,0.6652318265258971,0.6666666666666666,0.9393265826953157
JAKMIP2,3.0707023878894018,0.08333333333333333,0.6630636913063691
FBXO38,-0.4173840995808744,0.6388888888888888,0.9393265826953157
ADRB2,-0.8408254495207164,0.16666666666666666,0.6630636913063691
GRPEL2,2.2189709786420275,0.16666666666666666,0.6630636913063691
PCYOX1L,1.0916485019883218,0.4166666666666667,0.8228048921195339
CSNK1A1,-0.08927753454422671,0.8055555555555556,0.9696444353796996
AC021078.1,0.601532550451576,0.7777777777777778,0.9616866541443916
PPARGC1B,3.3160716020827454,0.05555555555555555,0.6630636913063691
SLC26A2,0.379486164642862,0.5277777777777778,0.8876686975890985
TIGD6,0.2167453499837605,0.8333333333333334,0.9696444353796996
HMGXB3,0.1366837533682448,0.8333333333333334,0.9696444353796996
RPL7P1,-0.9664758290414284,0.3888888888888889,0.8209476821872752
TCOF1,2.116445026903985,0.05555555555555555,0.6630636913063691
CD74,0.49183444046732916,0.75,0.9526327507514194
RPS14,-0.08546837061424561,0.8055555555555556,0.9696444353796996
NDST1,2.2622394921281916,0.3055555555555556,0.7689432926530413
RBM22,-0.36397196973958845,0.4722222222222222,0.8663629460895975
DCTN4,2.027718586024569,0.08333333333333333,0.6630636913063691
SMIM3,3.0738149617323662,0.05555555555555555,0.6630636913063691
ZNF300,-0.32868423801730673,0.8055555555555556,0.9696444353796996
TNIP1,-0.6217721239325398,0.75,0.9526327507514194
ANXA6,3.0911454051588456,0.05555555555555555,0.6630636913063691
CCDC69,0.18525355020228496,0.4722222222222222,0.8663629460895975
GM2A,-0.09360666216309177,0.7222222222222222,0.9526327507514194
SLC36A1,0.05270563120399263,0.8611111111111112,0.9842040002156449
SPARC,2.334242738952585,0.2777777777777778,0.7530160238642064
AC011374.2,0.3573621830428405,1.0,1.0
ATOX1,1.1898264084288432,0.5,0.8663629460895975
AC091982.4,-0.25840477256283956,1.0,1.0
G3BP1,0.24582082074677025,0.3888888888888889,0.8209476821872752
FAM114A2,0.7540897492523264,0.8333333333333334,0.9696444353796996
MFAP3,1.7607056561880392,0.16666666666666666,0.6630636913063691
GALNT10,1.1526464845588182,0.4166666666666667,0.8228048921195339
SAP30L,-0.08526353682252452,0.9166666666666666,0.9920484365613835
LARP1,0.5765372917541773,0.05555555555555555,0.6630636913063691
FAXDC2,0.20753474807635852,1.0,1.0
CNOT8,0.40982831765154426,0.4444444444444444,0.8447628037832934
GEMIN5,0.46768757680984585,0.6111111111111112,0.9285893964279902
MRPL22,0.618983494591443,0.6666666666666666,0.9393265826953157
AC008725.1,-0.21575857724339853,0.8055555555555556,0.9696444353796996
PPP1R2P3,0.15553039800187052,1.0,1.0
HAVCR2,1.2744748577844884,0.1388888888888889,0.6630636913063691
MED7,-0.2102035542876215,0.8611111111111112,0.9842040002156449
ITK,0.8211786564228367,0.08333333333333333,0.6630636913063691
CYFIP2,1.9088259527041203,0.2777777777777778,0.7530160238642064
ADAM19,0.24638595854081546,1.0,1.0
THG1L,-0.19063646102330933,0.8888888888888888,0.9842040002156449
LSM11,-0.0467344625828221,0.9444444444444444,1.0
CLINT1,0.09117749363863936,0.9444444444444444,1.0
AC008677.2,1.4663353100376533,0.19444444444444445,0.6998773221170698
RNF145,0.17616463546570404,0.8055555555555556,0.9696444353796996
UBLCP1,0.30893928843271556,0.8611111111111112,0.9842040002156449
GAPDHP40,1.2222233669463134,0.3055555555555556,0.7689432926530413
TTC1,0.517525929384826,0.1388888888888889,0.6630636913063691
PWWP2A,1.6309287060853435,0.3055555555555556,0.7689432926530413
AC112191.2,0.009902090170620603,1.0,1.0
SLU7,-0.479023756150565,0.5833333333333334,0.9145140606393699
PTTG1,1.4941677679345973,0.4166666666666667,0.8228048921195339
MIR3142HG,2.436516940416992,0.19444444444444445,0.6998773221170698
CCNG1,-0.5082680098263035,0.6111111111111112,0.9285893964279902
NUDCD2,1.5090642118426563,0.5833333333333334,0.9145140606393699
HMMR,3.697396611188148,0.16666666666666666,0.6630636913063691
MAT2B,-1.026368771413555,0.16666666666666666,0.6630636913063691
AC026403.1,-0.2845847985436718,0.4444444444444444,0.8447628037832934
TENM2,2.5487541040441912,0.05555555555555555,0.6630636913063691
CTB-178M22.2,4.626735180661876,0.05555555555555555,0.6630636913063691
WWC1,1.7902982883419793,0.16666666666666666,0.6630636913063691
RARS,0.862660503743399,0.19444444444444445,0.6998773221170698
PANK3,2.1260491941528987,0.08333333333333333,0.6630636913063691
RPL10P9,0.3681233727425237,0.5833333333333334,0.9145140606393699
SPDL1,1.5029223138563617,0.3055555555555556,0.7689432926530413
DOCK2,0.38721603460019516,0.2777777777777778,0.7530160238642064
LCP2,-0.09255971698452115,0.8055555555555556,0.9696444353796996
NPM1,0.031652246343455204,0.9722222222222222,1.0
FBXW11,0.31068399005731706,0.9166666666666666,0.9920484365613835
STK10,1.2540853781007892,0.7777777777777778,0.9616866541443916
UBTD2,0.4036210247493601,1.0,1.0
NEURL1B,2.1840827264827842,0.16666666666666666,0.6630636913063691
AC027309.2,-0.21836986565795335,1.0,1.0
AC022217.2,1.5722922260859864,0.3055555555555556,0.7689432926530413
DUSP1,-0.8407143952036638,0.1111111111111111,0.6630636913063691
ERGIC1,0.8118902213004873,0.1388888888888889,0.6630636913063691
RPL26L1,2.469735463514997,0.16666666666666666,0.6630636913063691
ATP6V0E1,0.3235768786939808,0.4166666666666667,0.8228048921195339
CREBRF,0.15589716936565967,0.7777777777777778,0.9616866541443916
BNIP1,1.7920632765565658,0.16666666666666666,0.6630636913063691
BOD1,2.143297721910103,0.19444444444444445,0.6998773221170698
CPEB4,-1.0628890160127877,0.05555555555555555,0.6630636913063691
MSX2,0.9176044218057542,0.5555555555555556,0.9063324119086202
SFXN1,0.15723481435569298,0.7222222222222222,0.9526327507514194
THOC3,0.8011012843943948,0.5555555555555556,0.9063324119086202
SIMC1,0.15933951790300094,0.8333333333333334,0.9696444353796996
KIAA1191,1.069242694653315,0.7777777777777778,0.9616866541443916
ARL10,1.1890554352581115,0.3611111111111111,0.797730450683016
NOP16,1.2495551421633087,0.4166666666666667,0.8228048921195339
HIGD2A,-0.34590504508667674,0.6944444444444444,0.9526327507514194
CLTB,2.1379335228418874,0.3333333333333333,0.7714672075726842
FAF2,-0.0853715611816277,0.9722222222222222,1.0
RNF44,0.2313550944790208,0.6111111111111112,0.9285893964279902
TSPAN17,1.5148635628725127,0.4166666666666667,0.8228048921195339
UIMC1,1.6330721067547258,0.3333333333333333,0.7714672075726842
ZNF346,0.1629930224625301,1.0,1.0
NSD1,-0.13377742726692166,0.6111111111111112,0.9285893964279902
LMAN2,0.42364644698691745,0.5555555555555556,0.9063324119086202
RGS14,0.4230945297213369,0.8888888888888888,0.9842040002156449
GRK6,2.920762911426426,0.08333333333333333,0.6630636913063691
PRR7,-0.031117945431319072,1.0,1.0
DBN1,3.4391356421540125,0.1111111111111111,0.6630636913063691
PDLIM7,3.5736946930172593,0.08333333333333333,0.6630636913063691
DOK3,0.25655202715381,0.5833333333333334,0.9145140606393699
DDX41,-0.7592807790938512,0.19444444444444445,0.6998773221170698
FAM193B,0.9520206894220604,0.6388888888888888,0.9393265826953157
TMED9,0.7412095353868571,0.2777777777777778,0.7530160238642064
B4GALT7,1.8405948129197531,0.2777777777777778,0.7530160238642064
AC106795.1,1.746152050649211,0.4722222222222222,0.8663629460895975
AC136632.1,0.583098044886035,0.5833333333333334,0.9145140606393699
RMND5B,2.5935080413435796,0.1388888888888889,0.6630636913063691
NHP2,1.8023269522884413,0.16666666666666666,0.6630636913063691
HNRNPAB,0.3112704880933803,0.6944444444444444,0.9526327507514194
PHYKPL,-0.16036030228873344,0.7777777777777778,0.9616866541443916
CLK4,-0.9020827758385241,0.2222222222222222,0.7242375194388904
ZNF354A,0.9161251865022941,0.75,0.9526327507514194
ZNF354B,-2.2431105449536215,0.08333333333333333,0.6630636913063691
ZNF879,0.8677271051677753,0.6666666666666666,0.9393265826953157
ZNF354C,0.25514774853090616,0.8333333333333334,0.9696444353796996
ADAMTS2,-0.7619556556734455,0.7222222222222222,0.9526327507514194
AC136628.3,-2.7291369534686645,0.16666666666666666,0.6630636913063691
RUFY1,1.6448660092313494,0.05555555555555555,0.6630636913063691
HNRNPH1,-0.22131045826971985,0.4166666666666667,0.8228048921195339
CANX,-0.11139477211781035,0.6944444444444444,0.9526327507514194
MAML1,1.3786611179029524,0.6388888888888888,0.9393265826953157
LTC4S,3.2149975026376527,0.19444444444444445,0.6998773221170698
MGAT4B,1.1774535980126513,0.4722222222222222,0.8663629460895975
SQSTM1,1.6164721750397457,0.3055555555555556,0.7689432926530413
MRNIP,-0.08242246114369789,1.0,1.0
TBC1D9B,0.28746550293578643,0.3888888888888889,0.8209476821872752
RNF130,0.2515047731308018,0.6388888888888888,0.9393265826953157
AC122713.2,0.09730297025081347,0.9444444444444444,1.0
MAPK9,-0.16566169044317824,0.8055555555555556,0.9696444353796996
CNOT6,2.6679003777447283,0.2222222222222222,0.7242375194388904
MGAT1,-0.0402852947003165,0.9444444444444444,1.0
HEIH,0.3503435617115782,0.8055555555555556,0.9696444353796996
LINC00847,2.0383399746001523,0.2222222222222222,0.7242375194388904
ZFP62,1.6981638337975435,0.3055555555555556,0.7689432926530413
TRIM7,1.8023269522884413,0.16666666666666666,0.6630636913063691
TRIM41,1.363835258745523,0.3611111111111111,0.797730450683016
RACK1,-0.4210299633448873,0.3333333333333333,0.7714672075726842
TRIM52,0.971341592734325,0.4444444444444444,0.8447628037832934
TRIM52-AS1,-0.03791724366764937,1.0,1.0
DUSP22,0.07337509458203151,0.8611111111111112,0.9842040002156449
IRF4,0.9550103937311679,0.6666666666666666,0.9393265826953157
EXOC2,-0.45394832841462573,0.6111111111111112,0.9285893964279902
GMDS,2.205957196225698,0.16666666666666666,0.6630636913063691
GMDS-AS1,0.7956848876663032,0.6666666666666666,0.9393265826953157
WRNIP1,-1.4365600212271974,0.25,0.7407166969618281
SERPINB1,-0.5716457288102532,0.5833333333333334,0.9145140606393699
SERPINB9,0.15649774992412624,0.7777777777777778,0.9616866541443916
SERPINB6,-0.17993243079849108,0.7222222222222222,0.9526327507514194
LINC01011,1.7704297712200843,0.16666666666666666,0.6630636913063691
NQO2,0.5562654222662742,0.6666666666666666,0.9393265826953157
RIPK1,1.6545921546069784,0.2777777777777778,0.7530160238642064
TUBB2A,1.6770272463993992,0.5,0.8663629460895975
PSMG4,1.9971695283779383,0.3055555555555556,0.7689432926530413
PXDC1,0.1209475808244358,1.0,1.0
FAM50B,3.1581660481228733,0.05555555555555555,0.6630636913063691
GLRX3P2,1.9011223797538261,0.16666666666666666,0.6630636913063691
PRPF4B,-0.15497245842075635,0.6388888888888888,0.9393265826953157
ECI2,2.4240811396930835,0.05555555555555555,0.6630636913063691
CDYL,1.4717285678169163,0.2777777777777778,0.7530160238642064
RPP40,1.9700475110123805,0.16666666666666666,0.6630636913063691
LYRM4,1.900489674203969,0.2222222222222222,0.7242375194388904
FARS2,-0.5361107507806944,0.16666666666666666,0.6630636913063691
AL136968.2,-0.049737620319755926,0.9722222222222222,1.0
LY86,0.1474675682480655,1.0,1.0
RREB1,2.4525347409017475,0.1111111111111111,0.6630636913063691
SSR1,0.340702207296002,0.3611111111111111,0.797730450683016
AL139095.2,0.6364905572804037,0.5,0.8663629460895975
RIOK1,0.47286874274658963,0.6388888888888888,0.9393265826953157
SNRNP48,1.0113604339981532,0.5277777777777778,0.8876686975890985
BLOC1S5,2.19479229609747,0.1111111111111111,0.6630636913063691
EEF1E1,1.5076274779604892,0.3333333333333333,0.7714672075726842
SLC35B3,1.771711349572925,0.3055555555555556,0.7689432926530413
PAK1IP1,1.8839015761654587,0.3055555555555556,0.7689432926530413
TMEM14C,0.5038785482470436,0.5555555555555556,0.9063324119086202
TMEM14B,0.04316147686584948,0.9722222222222222,1.0
SYCP2L,0.3565734303298802,0.8611111111111112,0.9842040002156449
SMIM13,0.16984864307984804,0.8611111111111112,0.9842040002156449
ERVFRD-1,-2.6543882980222095,0.05555555555555555,0.6630636913063691
NEDD9,1.0080075979170218,0.05555555555555555,0.6630636913063691
TMEM170B,-0.8234079125728004,0.08333333333333333,0.6630636913063691
HIVEP1,-0.33235111570266085,0.7222222222222222,0.9526327507514194
RPL15P3,-0.768444605476529,0.3055555555555556,0.7689432926530413
PHACTR1,2.34873332788296,0.08333333333333333,0.6630636913063691
TBC1D7,1.0398941306438418,0.6388888888888888,0.9393265826953157
GFOD1,0.2784690560926192,0.8333333333333334,0.9696444353796996
RPS4XP7,0.710356890267713,0.5833333333333334,0.9145140606393699
SIRT5,1.8004130624673405,0.16666666666666666,0.6630636913063691
NOL7,0.700115234036697,0.1111111111111111,0.6630636913063691
RANBP9,0.7355075095307644,0.4166666666666667,0.8228048921195339
MCUR1,1.6803818198427138,0.3055555555555556,0.7689432926530413
CD83,2.0109701608475063,0.2777777777777778,0.7530160238642064
JARID2,-0.2882891766363338,0.2222222222222222,0.7242375194388904
DTNBP1,1.4484281292156576,0.6944444444444444,0.9526327507514194
MYLIP,-1.0095590355477526,0.05555555555555555,0.6630636913063691
GMPR,0.6773842369115632,0.16666666666666666,0.6630636913063691
ATXN1,0.2202956924256192,0.9166666666666666,0.9920484365613835
FAM8A1,1.683751301962681,0.2777777777777778,0.7530160238642064
NUP153,-0.4749485061481771,0.4722222222222222,0.8663629460895975
KIF13A,-0.8900627379632056,0.5,0.8663629460895975
TPMT,0.3173917458081239,0.9166666666666666,0.9920484365613835
KDM1B,1.1056746608789978,0.6111111111111112,0.9285893964279902
DEK,-0.10159504192635893,0.6944444444444444,0.9526327507514194
RNF144B,1.8364739872222549,0.05555555555555555,0.6630636913063691
ID4,-0.4376563170528418,0.8888888888888888,0.9842040002156449
E2F3,1.5853715295755522,0.3888888888888889,0.8209476821872752
CDKAL1,1.5250397450791024,0.19444444444444445,0.6998773221170698
SOX4,-0.9598807395221529,0.05555555555555555,0.6630636913063691
MRS2,2.0915826643014066,0.2777777777777778,0.7530160238642064
ALDH5A1,-0.6254396036790011,0.25,0.7407166969618281
TDP2,-1.2974020306593053,0.16666666666666666,0.6630636913063691
ACOT13,0.926628853946792,0.5833333333333334,0.9145140606393699
C6orf62,0.6931622314145613,0.16666666666666666,0.6630636913063691
GMNN,2.287700501011966,0.19444444444444445,0.6998773221170698
RIPOR2,-1.2761084898396549,0.1111111111111111,0.6630636913063691
AL160400.1,2.966925255172244,0.05555555555555555,0.6630636913063691
CMAHP,-0.6907396947370383,0.6111111111111112,0.9285893964279902
CARMIL1,-0.6409617502973477,0.7777777777777778,0.9616866541443916
TRIM38,0.729625777279928,0.8888888888888888,0.9842040002156449
HIST1H1C,2.332234469599845,0.2222222222222222,0.7242375194388904
HIST1H4C,0.8293497355591581,0.4444444444444444,0.8447628037832934
HIST1H2BC,-0.166642669741075,1.0,1.0
HIST1H2AC,3.4799724268559498,0.05555555555555555,0.6630636913063691
HIST1H2BD,2.368549304099184,0.05555555555555555,0.6630636913063691
HIST1H4E,2.109300525587151,0.16666666666666666,0.6630636913063691
HIST1H2BG,2.2699067227425145,0.05555555555555555,0.6630636913063691
HIST1H1D,2.8395897171612727,0.05555555555555555,0.6630636913063691
BTN3A2,0.880539879512475,0.1388888888888889,0.6630636913063691
BTN2A2,-0.3356954070902134,0.4166666666666667,0.8228048921195339
BTN3A1,0.8236853862917339,0.19444444444444445,0.6998773221170698
BTN2A3P,-1.1287406591962283,0.25,0.7407166969618281
BTN3A3,0.9926926361834791,0.7222222222222222,0.9526327507514194
BTN2A1,0.01606904258454467,0.8888888888888888,0.9842040002156449
HCG11,-0.0430975231630395,0.9722222222222222,1.0
HMGN4,2.4896723109680505,0.08333333333333333,0.6630636913063691
ABT1,-0.8565585814000514,0.1111111111111111,0.6630636913063691
ZNF322,2.0468456432790307,0.16666666666666666,0.6630636913063691
HIST1H2AG,0.8811510524194052,0.6666666666666666,0.9393265826953157
HIST1H4I,-1.2452688549426107,0.5,0.8663629460895975
HIST1H2BK,0.025681247391822426,1.0,1.0
ZNF204P,-0.8728623946835308,0.6666666666666666,0.9393265826953157
ZNF391,0.5767773537004857,0.7777777777777778,0.9616866541443916
ZNF184,0.8672699345220649,0.6388888888888888,0.9393265826953157
HIST1H3H,0.6080616341174802,0.6666666666666666,0.9393265826953157
AL121944.1,0.37482713531166345,0.7222222222222222,0.9526327507514194
ZNF165,1.6291027963731435,0.4166666666666667,0.8228048921195339
ZSCAN16-AS1,2.230436641256749,0.2777777777777778,0.7530160238642064
ZSCAN16,0.48170888887004515,0.8333333333333334,0.9696444353796996
ZKSCAN8,-1.0030997889068658,0.2222222222222222,0.7242375194388904
ZNF192P1,-3.1476394704952497,0.16666666666666666,0.6630636913063691
ZSCAN9,0.685567342435466,0.6666666666666666,0.9393265826953157
ZSCAN26,0.5980444734948334,0.8055555555555556,0.9696444353796996
PGBD1,-0.09459582921477683,1.0,1.0
ZSCAN31,1.5944150611660124,0.3333333333333333,0.7714672075726842
ZKSCAN3,3.4956530802621923,0.05555555555555555,0.6630636913063691
ZSCAN12,-1.740880920051595,0.3055555555555556,0.7689432926530413
TRIM27,-1.0872847727945762,0.25,0.7407166969618281
MAS1L,1.6506552722672125,0.4166666666666667,0.8228048921195339
RPS17P1,-3.0132087497388387,0.08333333333333333,0.6630636913063691
AL662860.1,0.8715335118184315,0.4444444444444444,0.8447628037832934
GABBR1,1.4035089236619498,0.3333333333333333,0.7714672075726842
SUMO2P1,-0.9346715956675,0.5,0.8663629460895975
HLA-F,1.1945728536208158,0.3333333333333333,0.7714672075726842
HLA-A,0.508929530577257,0.3611111111111111,0.797730450683016
ZNRD1,1.7284996466864608,0.3055555555555556,0.7689432926530413
PPP1R11,-0.7752590949950191,0.1388888888888889,0.6630636913063691
TRIM26,1.1278453268872077,0.6944444444444444,0.9526327507514194
AL662795.2,-1.7422054866604757,0.4166666666666667,0.8228048921195339
HCG18,-1.1004376013796602,0.2777777777777778,0.7530160238642064
TRIM39,0.8382013376949868,0.7222222222222222,0.9526327507514194
HLA-E,0.1215526239493272,0.7222222222222222,0.9526327507514194
GNL1,2.1314890473155232,0.25,0.7407166969618281
PRR3,2.345588220973915,0.16666666666666666,0.6630636913063691
ABCF1,2.0618022673739285,0.25,0.7407166969618281
PPP1R10,0.03547568176376448,0.9722222222222222,1.0
MRPS18B,-0.6668244511080506,0.3055555555555556,0.7689432926530413
C6orf136,-1.572870677758674,0.05555555555555555,0.6630636913063691
DHX16,-1.7212238795383903,0.1111111111111111,0.6630636913063691
PPP1R18,1.0092636538108435,0.2222222222222222,0.7242375194388904
NRM,2.721508439978574,0.05555555555555555,0.6630636913063691
MDC1,0.24324568986866435,0.7777777777777778,0.9616866541443916
TUBB,0.429299183004467,0.2777777777777778,0.7530160238642064
FLOT1,2.3628780368497884,0.2222222222222222,0.7242375194388904
IER3,-0.4368743972479381,0.7222222222222222,0.9526327507514194
HCG20,-2.4683935958964516,0.2777777777777778,0.7530160238642064
DDR1,2.2886975201856568,0.25,0.7407166969618281
VARS2,2.1770610587752572,0.16666666666666666,0.6630636913063691
CCHCR1,2.2839220112374705,0.16666666666666666,0.6630636913063691
TCF19,2.0876409632715935,0.19444444444444445,0.6998773221170698
AL662844.4,1.9660227286009029,0.4444444444444444,0.8447628037832934
HLA-C,-0.0761562644816145,0.9166666666666666,0.9920484365613835
HLA-B,0.23891712673066046,0.6666666666666666,0.9393265826953157
MICA,1.8590242512417374,0.4444444444444444,0.8447628037832934
HCP5,1.466703242281623,0.3055555555555556,0.7689432926530413
MICB,-1.3077518675459983,0.4166666666666667,0.8228048921195339
DDX39B,0.8799214886959472,0.8888888888888888,0.9842040002156449
NFKBIL1,2.334353941150469,0.16666666666666666,0.6630636913063691
TNF,-2.495812922532676,0.1111111111111111,0.6630636913063691
LTB,0.7288691228566262,0.75,0.9526327507514194
LST1,1.615457060367611,0.3055555555555556,0.7689432926530413
AIF1,0.8134519744801407,0.8333333333333334,0.9696444353796996
PRRC2A,1.8351558485498605,0.3611111111111111,0.797730450683016
BAG6,-0.17197239151183386,0.75,0.9526327507514194
C6orf47,2.0995755214756744,0.16666666666666666,0.6630636913063691
GPANK1,2.366355592983115,0.19444444444444445,0.6998773221170698
CSNK2B,1.182412856613019,0.05555555555555555,0.6630636913063691
LY6G5C,2.6291114139773946,0.1111111111111111,0.6630636913063691
MPIG6B,-0.0636440585984479,0.9444444444444444,1.0
DDAH2,0.16137931522446536,0.5833333333333334,0.9145140606393699
CLIC1,0.004667472551973972,1.0,1.0
VARS,0.7287647673761746,0.75,0.9526327507514194
LSM2,3.0542433408997804,0.05555555555555555,0.6630636913063691
HSPA1A,-1.7812224316860679,0.08333333333333333,0.6630636913063691
HSPA1B,-2.154027003251514,0.05555555555555555,0.6630636913063691
C6orf48,0.3149282788217942,0.3888888888888889,0.8209476821872752
NEU1,-0.2820204822680932,0.6388888888888888,0.9393265826953157
EHMT2,0.11406121229662602,0.8611111111111112,0.9842040002156449
C2,-1.506305924493333,0.5555555555555556,0.9063324119086202
NELFE,0.2123816758822965,0.8611111111111112,0.9842040002156449
SKIV2L,0.7031370696504329,0.7222222222222222,0.9526327507514194
DXO,1.6718715234091381,0.2777777777777778,0.7530160238642064
STK19,0.37182224040211387,0.75,0.9526327507514194
ATF6B,2.2482585671603803,0.2222222222222222,0.7242375194388904
PPT2,0.4454704859771148,0.75,0.9526327507514194
AGPAT1,0.515562873433538,0.75,0.9526327507514194
RNF5,-0.30455126805313615,0.5277777777777778,0.8876686975890985
AGER,1.9830412178980854,0.16666666666666666,0.6630636913063691
PBX2,1.6183598061122564,0.3055555555555556,0.7689432926530413
GPSM3,0.5650073767817929,0.5277777777777778,0.8876686975890985
HLA-DRA,3.342316601905766,0.3333333333333333,0.7714672075726842
HLA-DRB5,-4.987446320157981,0.16666666666666666,0.6630636913063691
HLA-DRB6,3.571618875605097,0.16666666666666666,0.6630636913063691
HLA-DRB1,0.6738487707918868,0.7222222222222222,0.9526327507514194
HLA-DQA1,0.10620988431817402,1.0,1.0
HLA-DQB1,-0.7980128466455207,0.7222222222222222,0.9526327507514194
HLA-DQA2,3.261141548972916,0.08333333333333333,0.6630636913063691
TAP2,-0.3206314082123578,0.7777777777777778,0.9616866541443916
PSMB8,-0.6763205136135788,0.4444444444444444,0.8447628037832934
PSMB8-AS1,-0.19294046716609436,0.8888888888888888,0.9842040002156449
PSMB9,-1.4250395697345501,0.25,0.7407166969618281
TAP1,1.4087042637891969,0.3333333333333333,0.7714672075726842
HLA-DMB,0.5587615788427691,0.8333333333333334,0.9696444353796996
HLA-DMA,1.1358016133282707,0.5,0.8663629460895975
BRD2,-0.5086704320849549,0.4166666666666667,0.8228048921195339
HLA-DOA,1.7715943692905323,0.16666666666666666,0.6630636913063691
HLA-DPA1,0.9374906213068419,0.8055555555555556,0.9696444353796996
HLA-DPB1,1.322233640132473,0.6388888888888888,0.9393265826953157
RXRB,0.7072531713192975,0.7222222222222222,0.9526327507514194
SLC39A7,1.0441136026945514,0.05555555555555555,0.6630636913063691
RING1,0.6206086222238048,0.3055555555555556,0.7689432926530413
RPS18,0.4340302228969062,0.5,0.8663629460895975
B3GALT4,1.6595398725475157,0.1388888888888889,0.6630636913063691
WDR46,2.970690164981131,0.05555555555555555,0.6630636913063691
PFDN6,0.25751624380333027,0.5555555555555556,0.9063324119086202
RGL2,1.3178957965806748,0.6111111111111112,0.9285893964279902
TAPBP,0.7885842434698151,0.16666666666666666,0.6630636913063691
ZBTB22,0.3152880324332794,0.8055555555555556,0.9696444353796996
DAXX,-0.26945591609593844,0.4444444444444444,0.8447628037832934
KIFC1,3.4089173684920304,0.05555555555555555,0.6630636913063691
PHF1,-1.1414277382932028,0.1111111111111111,0.6630636913063691
CUTA,1.3910698857134518,0.05555555555555555,0.6630636913063691
SYNGAP1,4.767799952792511,0.05555555555555555,0.6630636913063691
BAK1,1.7803565295581159,0.3333333333333333,0.7714672075726842
UQCC2,2.1516268170765502,0.1111111111111111,0.6630636913063691
LEMD2,1.566401448442233,0.2777777777777778,0.7530160238642064
CYCSP55,-2.4206077325098767,0.16666666666666666,0.6630636913063691
HMGA1,2.0811297258907935,0.25,0.7407166969618281
SMIM29,0.3938277751849508,0.9166666666666666,0.9920484365613835
RPS10,-0.2540894932198281,0.6388888888888888,0.9393265826953157
C6orf106,0.3209067421309655,0.5277777777777778,0.8876686975890985
AL451165.2,-0.009135684690715573,1.0,1.0
SNRPC,0.969583652772477,0.3055555555555556,0.7689432926530413
UHRF1BP1,2.653778879178497,0.05555555555555555,0.6630636913063691
TAF11,0.7363695252940956,0.75,0.9526327507514194
ANKS1A,1.1434449611027653,0.5833333333333334,0.9145140606393699
ZNF76,2.798819757789445,0.16666666666666666,0.6630636913063691
DEF6,2.8827958573202266,0.05555555555555555,0.6630636913063691
PPARD,1.5831052884774137,0.3611111111111111,0.797730450683016
RPL10A,-0.2645069044665629,0.3055555555555556,0.7689432926530413
AL033519.2,0.28773082266786343,0.7222222222222222,0.9526327507514194
FKBP5,-0.4829505279652464,0.5833333333333334,0.9145140606393699
SRPK1,1.5158516223353504,0.2777777777777778,0.7530160238642064
MAPK14,-1.323146063870836,0.05555555555555555,0.6630636913063691
MAPK13,2.034927128944103,0.05555555555555555,0.6630636913063691
Z84485.1,0.2900321264367428,0.8333333333333334,0.9696444353796996
BRPF3,0.498764177942685,0.4722222222222222,0.8663629460895975
ETV7,2.034927128944103,0.05555555555555555,0.6630636913063691
KCTD20,-0.1638888865098007,0.6388888888888888,0.9393265826953157
STK38,-0.7426841016081616,0.4166666666666667,0.8228048921195339
SRSF3,-0.616691763423602,0.2222222222222222,0.7242375194388904
CDKN1A,0.903367127394251,0.6388888888888888,0.9393265826953157
RAB44,0.029229863242576037,0.9722222222222222,1.0
CPNE5,1.54688330521078,0.5,0.8663629460895975
PPIL1,-0.7645365770764396,0.5833333333333334,0.9145140606393699
C6orf89,2.052485662043064,0.16666666666666666,0.6630636913063691
MTCH1,0.09654610579777234,0.8888888888888888,0.9842040002156449
COX6A1P2,2.2189596592075533,0.19444444444444445,0.6998773221170698
PIM1,0.06267109043216568,0.9444444444444444,1.0
TMEM217,-0.319212224970439,1.0,1.0
TBC1D22B,-0.1880285396909862,0.9166666666666666,0.9920484365613835
RNF8,0.8715806873251863,0.7222222222222222,0.9526327507514194
CMTR1,0.42470027975375624,0.9166666666666666,0.9920484365613835
CCDC167,3.718328928507046,0.05555555555555555,0.6630636913063691
ZFAND3,-0.3328196163586563,0.4166666666666667,0.8228048921195339
BTBD9,0.5396682877627992,0.8055555555555556,0.9696444353796996
GLO1,0.032040465347610514,1.0,1.0
SAYSD1,0.05998141617908592,1.0,1.0
KCNK17,0.6985504507949658,0.75,0.9526327507514194
FO393411.1,-0.7134170866790415,0.05555555555555555,0.6630636913063691
OARD1,-1.3920944584842552,0.25,0.7407166969618281
NFYA,-1.0142673019192197,0.08333333333333333,0.6630636913063691
ADCY10P1,-0.16086041744419388,1.0,1.0
FOXP4,1.9959821088420564,0.1388888888888889,0.6630636913063691
TFEB,1.8895593094097023,0.16666666666666666,0.6630636913063691
FRS3,0.1932376158021607,0.8333333333333334,0.9696444353796996
USP49,-1.084968160340284,0.4722222222222222,0.8663629460895975
MED20,2.1232299266424617,0.2777777777777778,0.7530160238642064
BYSL,2.015058611822208,0.05555555555555555,0.6630636913063691
CCND3,-0.8516039369771722,0.3333333333333333,0.7714672075726842
TAF8,-0.796996071222436,0.3611111111111111,0.797730450683016
MRPS10,0.09404706307939481,0.9722222222222222,1.0
TRERF1,2.127689170687276,0.25,0.7407166969618281
UBR2,-1.0487605306153167,0.1111111111111111,0.6630636913063691
TBCC,2.4876975690827132,0.19444444444444445,0.6998773221170698
BICRAL,-0.8921211839034147,0.16666666666666666,0.6630636913063691
RPL7L1,0.627658846438143,0.5277777777777778,0.8876686975890985
C6orf226,-0.5501337360495979,0.8888888888888888,0.9842040002156449
CNPY3,1.7209523723634845,0.4166666666666667,0.8228048921195339
AL035587.1,0.21273593741840635,0.8333333333333334,0.9696444353796996
RPL24P4,-0.6629751204566539,0.1388888888888889,0.6630636913063691
PPP2R5D,0.6271482075526378,0.7222222222222222,0.9526327507514194
MEA1,0.8535851823284513,0.5833333333333334,0.9145140606393699
KLHDC3,0.9731246299596847,0.5,0.8663629460895975
RRP36,1.5906154720110028,0.16666666666666666,0.6630636913063691
CUL7,3.017824350369922,0.05555555555555555,0.6630636913063691
KLC4,0.11784372674262356,0.8333333333333334,0.9696444353796996
MRPL2,0.4605519048574087,0.8055555555555556,0.9696444353796996
SRF,1.1763574834817163,0.8888888888888888,0.9842040002156449
CUL9,-1.12247505485931,0.6666666666666666,0.9393265826953157
DNPH1,1.6287006635053256,0.3333333333333333,0.7714672075726842
ZNF318,1.0921268027176905,0.6666666666666666,0.9393265826953157
RPL12P47,1.2986033665967196,0.5555555555555556,0.9063324119086202
AL583834.1,-1.3530180260364233,0.7222222222222222,0.9526327507514194
ABCC10,0.797748788924586,0.5555555555555556,0.9063324119086202
TJAP1,0.5436351823328369,0.3055555555555556,0.7689432926530413
POLR1C,-0.1760979728608394,0.9166666666666666,0.9920484365613835
YIPF3,0.05626041816409533,0.9444444444444444,1.0
XPO5,1.9364786063592079,0.1111111111111111,0.6630636913063691
POLH,2.201061143827585,0.1388888888888889,0.6630636913063691
GTPBP2,0.8143229091150959,0.3333333333333333,0.7714672075726842
MAD2L1BP,0.9735618273933939,0.7777777777777778,0.9616866541443916
VEGFA,0.6744661462878057,0.5555555555555556,0.9063324119086202
MRPL14,1.4883601302946663,0.16666666666666666,0.6630636913063691
TMEM63B,2.7815642587186895,0.05555555555555555,0.6630636913063691
SLC29A1,1.288410363845883,0.05555555555555555,0.6630636913063691
HSP90AB1,-0.06952896315470802,0.7777777777777778,0.9616866541443916
SLC35B2,-0.47118265982698526,0.8055555555555556,0.9696444353796996
NFKBIE,1.8093701421495512,0.3611111111111111,0.797730450683016
AARS2,-0.8958494013585425,0.5,0.8663629460895975
CDC5L,-0.816156249997471,0.3055555555555556,0.7689432926530413
SUPT3H,1.518485086061686,0.25,0.7407166969618281
RUNX2,0.09504009902288768,0.9166666666666666,0.9920484365613835
ENPP4,0.7205637548897021,0.16666666666666666,0.6630636913063691
ADGRF5,1.8791410080926538,0.16666666666666666,0.6630636913063691
TNFRSF21,0.910403527318004,0.3611111111111111,0.797730450683016
CD2AP,-0.2364377249280274,0.6388888888888888,0.9393265826953157
MUT,0.6150801501486414,0.75,0.9526327507514194
CENPQ,-0.8492233647195295,0.4166666666666667,0.8228048921195339
MCM3,0.16148029516585716,0.6388888888888888,0.9393265826953157
EFHC1,-0.04292274371997773,1.0,1.0
TRAM2,0.8235839192179286,0.75,0.9526327507514194
TRAM2-AS1,-1.3789005998239834,0.3888888888888889,0.8209476821872752
TMEM14A,0.21770412474481837,0.7777777777777778,0.9616866541443916
GSTA4,-1.0208258324334412,0.5833333333333334,0.9145140606393699
ICK,0.8813238377595933,0.1111111111111111,0.6630636913063691
FBXO9,-0.6036668898026196,0.3888888888888889,0.8209476821872752
ELOVL5,0.4240860381445284,0.5277777777777778,0.8876686975890985
GCLC,0.8931750000016421,0.7222222222222222,0.9526327507514194
LRRC1,0.8357772498325633,0.6111111111111112,0.9285893964279902
DST,1.3944782158729754,0.4444444444444444,0.8447628037832934
KIAA1586,-1.2238478983786072,0.2222222222222222,0.7242375194388904
ZNF451,0.1458466133108134,0.9166666666666666,0.9920484365613835
BAG2,0.08222291792504621,1.0,1.0
PRIM2,-1.1921738776136968,0.2777777777777778,0.7530160238642064
AL021368.2,-2.0746511752431345,0.16666666666666666,0.6630636913063691
FKBP1C,0.5411076294611866,0.5833333333333334,0.9145140606393699
PTP4A1,-0.04357051298890546,0.9166666666666666,0.9920484365613835
PHF3,-0.5742828455119433,0.1111111111111111,0.6630636913063691
LMBRD1,-0.1539595293198781,0.6666666666666666,0.9393265826953157
COL9A1,-0.0928233255797819,1.0,1.0
FAM135A,-0.1414626201131739,0.9444444444444444,1.0
SDHAF4,-0.03307861668214018,1.0,1.0
SMAP1,0.10172376395756721,0.8055555555555556,0.9696444353796996
OGFRL1,0.28032710366842917,0.5833333333333334,0.9145140606393699
EIF3EP1,-1.1234615164745045,0.4722222222222222,0.8663629460895975
RPL39P3,0.20068785638171605,0.5555555555555556,0.9063324119086202
CGAS,0.039297661652063276,0.9166666666666666,0.9920484365613835
MTO1,-1.7256847454738864,0.05555555555555555,0.6630636913063691
EEF1A1,-0.49596303147865406,0.1111111111111111,0.6630636913063691
SLC17A5,-0.11853979971250528,0.7222222222222222,0.9526327507514194
CD109,1.6278497043234945,0.3888888888888889,0.8209476821872752
COL12A1,-0.8942132226885866,0.7222222222222222,0.9526327507514194
COX7A2,-0.12650268100559625,0.8888888888888888,0.9842040002156449
TMEM30A,0.046735329007422166,0.9166666666666666,0.9920484365613835
SENP6,0.06150868659109232,0.9722222222222222,1.0
MYO6,1.3593161231188193,0.5,0.8663629460895975
IRAK1BP1,1.486296069089402,0.3333333333333333,0.7714672075726842
PHIP,-0.8359053742026843,0.05555555555555555,0.6630636913063691
HMGN3,-0.41090846347880117,0.4444444444444444,0.8447628037832934
TTK,3.094343581394231,0.16666666666666666,0.6630636913063691
AL591135.1,1.3838877289276506,0.4166666666666667,0.8228048921195339
BCKDHB,-1.3721321274239808,0.1388888888888889,0.6630636913063691
FAM46A,0.22923541230224131,0.6666666666666666,0.9393265826953157
IBTK,-0.1867252186001105,0.6388888888888888,0.9393265826953157
DOPEY1,2.469735463514997,0.16666666666666666,0.6630636913063691
PGM3,0.4516450509941108,0.75,0.9526327507514194
RWDD2A,2.090245257465706,0.16666666666666666,0.6630636913063691
CYB5R4,-0.45527364136747384,0.6111111111111112,0.9285893964279902
CEP162,0.9682000874679821,0.8055555555555556,0.9696444353796996
SNX14,-0.8845657313374771,0.1388888888888889,0.6630636913063691
SYNCRIP,-0.6092313801654248,0.16666666666666666,0.6630636913063691
SNHG5,-0.7361997735040386,0.05555555555555555,0.6630636913063691
ZNF292,-0.7569918151492878,0.2777777777777778,0.7530160238642064
SMIM8,-0.7670764902129523,0.4166666666666667,0.8228048921195339
SLC35A1,1.4858126143611052,0.16666666666666666,0.6630636913063691
RARS2,0.3515716408579186,0.3055555555555556,0.7689432926530413
ORC3,0.12383687018585654,0.9722222222222222,1.0
AKIRIN2,0.5049554242451793,0.19444444444444445,0.6998773221170698
RNGTT,2.0252480615823045,0.08333333333333333,0.6630636913063691
PNRC1,-0.5622356432475915,0.1388888888888889,0.6630636913063691
PM20D2,-1.92913096295388,0.3055555555555556,0.7689432926530413
UBE2J1,0.6068696726857397,0.3611111111111111,0.797730450683016
RRAGD,-0.30420931344359037,0.6944444444444444,0.9526327507514194
ANKRD6,-0.580878890618756,0.7222222222222222,0.9526327507514194
LYRM2,-0.8352625616952647,0.3611111111111111,0.797730450683016
MDN1,1.7155075540396294,0.3333333333333333,0.7714672075726842
CASP8AP2,2.1221028176684116,0.1111111111111111,0.6630636913063691
MAP3K7,0.9683537278558836,0.3055555555555556,0.7689432926530413
MANEA,1.618821553868202,0.2777777777777778,0.7530160238642064
UFL1,-0.19510296698212226,0.6666666666666666,0.9393265826953157
NDUFAF4,1.2195985601882762,0.5277777777777778,0.8876686975890985
MMS22L,-0.24223624197913063,0.8888888888888888,0.9842040002156449
FBXL4,2.878773288370935,0.05555555555555555,0.6630636913063691
COQ3,0.6242129562992882,0.75,0.9526327507514194
PNISR,-0.3989629751526733,0.4722222222222222,0.8663629460895975
USP45,1.599448574715789,0.19444444444444445,0.6998773221170698
TSTD3,0.4891637771775774,1.0,1.0
CCNC,2.8034462305170207,0.25,0.7407166969618281
ASCC3,0.7412479137564327,0.1111111111111111,0.6630636913063691
HACE1,1.5892267424897704,0.25,0.7407166969618281
PREP,-0.21344130615198686,0.7222222222222222,0.9526327507514194
ATG5,1.1628240197366089,0.6666666666666666,0.9393265826953157
PRDM1,0.6741784285955621,0.7222222222222222,0.9526327507514194
CRYBG1,2.6907400128569465,0.16666666666666666,0.6630636913063691
QRSL1,0.7151591831699746,0.6944444444444444,0.9526327507514194
CD24,2.820897173389061,0.08333333333333333,0.6630636913063691
C6orf203,1.7286711826581322,0.2777777777777778,0.7530160238642064
PDSS2,-1.2320435249427062,0.1111111111111111,0.6630636913063691
SEC63,-0.022450058295582664,0.8611111111111112,0.9842040002156449
OSTM1,-0.2992061355218958,0.5277777777777778,0.8876686975890985
SNX3,-0.32769356902809754,0.19444444444444445,0.6998773221170698
AFG1L,1.9307805262809745,0.16666666666666666,0.6630636913063691
FOXO3,-0.6111205024974415,0.1111111111111111,0.6630636913063691
ARMC2,2.1741801435188735,0.05555555555555555,0.6630636913063691
AL445189.2,1.2942638048521737,0.3611111111111111,0.797730450683016
SESN1,0.22225277541290112,0.8333333333333334,0.9696444353796996
CEP57L1,0.5028756840939224,0.8055555555555556,0.9696444353796996
CD164,-0.085418111591264,0.7777777777777778,0.9616866541443916
SMPD2,2.490069236834449,0.16666666666666666,0.6630636913063691
MICAL1,2.5725718839627874,0.16666666666666666,0.6630636913063691
ZBTB24,1.0367261267404548,0.5,0.8663629460895975
AK9,0.5478045518212555,0.6666666666666666,0.9393265826953157
FIG4,1.078405249892516,0.5555555555555556,0.9063324119086202
CDC40,1.3294387644450523,0.5833333333333334,0.9145140606393699
CDK19,1.9415633714107514,0.25,0.7407166969618281
AMD1,-0.3709821059012901,0.5,0.8663629460895975
GTF3C6,0.8836511071639568,0.8055555555555556,0.9696444353796996
RPF2,1.7571431963300213,0.16666666666666666,0.6630636913063691
SLC16A10,2.539430250807574,0.05555555555555555,0.6630636913063691
MFSD4B,1.0149468880603272,0.5555555555555556,0.9063324119086202
REV3L,-0.8320903022819417,0.19444444444444445,0.6998773221170698
TRAF3IP2-AS1,0.7095283966987325,0.5,0.8663629460895975
TRAF3IP2,0.7638309337436562,0.05555555555555555,0.6630636913063691
FYN,2.2978537828852152,0.16666666666666666,0.6630636913063691
LAMA4,0.30820838621035396,1.0,1.0
MARCKS,0.9087670172523556,0.6111111111111112,0.9285893964279902
HDAC2,-0.12044165275163277,0.8055555555555556,0.9696444353796996
NT5DC1,2.5034383421081716,0.05555555555555555,0.6630636913063691
TSPYL4,1.0681232111961143,0.6388888888888888,0.9393265826953157
DSE,1.6945516259122289,0.2222222222222222,0.7242375194388904
TSPYL1,-0.41865153225635243,0.5555555555555556,0.9063324119086202
CBX3P9,1.8986344129009054,0.19444444444444445,0.6998773221170698
RWDD1,0.1048094260713528,0.9166666666666666,0.9920484365613835
ZUFSP,2.9433665394806483,0.08333333333333333,0.6630636913063691
KPNA5,-0.4589859545505668,0.5,0.8663629460895975
DCBLD1,0.7130556760499627,0.6666666666666666,0.9393265826953157
GOPC,-0.4845013212595015,0.4444444444444444,0.8447628037832934
NUS1,-0.03865784253496862,1.0,1.0
AL450405.1,-0.7132259699331014,0.5555555555555556,0.9063324119086202
CEP85L,0.9713884067079812,0.6111111111111112,0.9285893964279902
MCM9,2.8956172793914727,0.08333333333333333,0.6630636913063691
ASF1A,0.5931601857098481,0.3888888888888889,0.8209476821872752
MAN1A1,0.4913151097982187,0.3611111111111111,0.797730450683016
TBC1D32,-0.23630930554672958,1.0,1.0
GJA1,-0.7433849796510961,0.75,0.9526327507514194
HSF2,0.6609570168204029,0.6666666666666666,0.9393265826953157
SERINC1,-0.4575528874694026,0.3611111111111111,0.797730450683016
PKIB,2.3527647681188264,0.05555555555555555,0.6630636913063691
SMPDL3A,0.30131362476019197,0.8611111111111112,0.9842040002156449
RNF217,2.1658203031661136,0.16666666666666666,0.6630636913063691
HDDC2,0.007786568759116541,1.0,1.0
NCOA7,1.890532440451957,0.4722222222222222,0.8663629460895975
HINT3,1.0329194838694167,0.8888888888888888,0.9842040002156449
TRMT11,1.8420483788891628,0.16666666666666666,0.6630636913063691
CENPW,-1.6273041539919308,0.2777777777777778,0.7530160238642064
RNF146,0.8307463046328469,0.7777777777777778,0.9616866541443916
ECHDC1,-0.5303863489736802,0.3888888888888889,0.8209476821872752
YWHAZP4,0.1690176335612632,0.8333333333333334,0.9696444353796996
ARHGAP18,-0.857299024792681,0.05555555555555555,0.6630636913063691
L3MBTL3,-0.830599883859386,0.3333333333333333,0.7714672075726842
EPB41L2,0.6273609306929977,0.25,0.7407166969618281
AKAP7,-1.591960406677341,0.1111111111111111,0.6630636913063691
MED23,0.1505102916741401,0.8611111111111112,0.9842040002156449
ENPP3,-1.2573359422532437,0.1388888888888889,0.6630636913063691
CTGF,0.9235312089950273,0.5833333333333334,0.9145140606393699
STX7,0.07789411828903692,0.8888888888888888,0.9842040002156449
RPS12,-0.3171129479832828,0.25,0.7407166969618281
TBPL1,-0.21070212042644254,0.7222222222222222,0.9526327507514194
SGK1,-0.251143816933288,0.5,0.8663629460895975
KRT8P42,2.5017528574391195,0.05555555555555555,0.6630636913063691
AL078590.2,-1.9991016985737242,0.3888888888888889,0.8209476821872752
AL078590.3,3.135720644296946,0.08333333333333333,0.6630636913063691
HBS1L,0.17223900278832982,0.5,0.8663629460895975
MYB,-0.5928642969364555,0.3333333333333333,0.7714672075726842
AHI1,1.5296454920571692,0.3888888888888889,0.8209476821872752
PDE7B,1.434106319721265,0.6666666666666666,0.9393265826953157
BCLAF1,-0.546093145216143,0.2777777777777778,0.7530160238642064
MAP7,0.974568817286602,0.6388888888888888,0.9393265826953157
MAP3K5,0.572345345806913,0.75,0.9526327507514194
PEX7,-1.6886300309022708,0.19444444444444445,0.6998773221170698
IFNGR1,-0.048005338833412736,0.9166666666666666,0.9920484365613835
AL357060.2,2.410443930654723,0.16666666666666666,0.6630636913063691
TNFAIP3,1.0822590151137863,0.2777777777777778,0.7530160238642064
PERP,2.935749698204612,0.16666666666666666,0.6630636913063691
HEBP2,0.850926965296968,0.05555555555555555,0.6630636913063691
NHSL1,-0.23729190430028813,1.0,1.0
CCDC28A,1.0321834423084013,0.8333333333333334,0.9696444353796996
REPS1,-0.4853338303946213,0.2777777777777778,0.7530160238642064
ABRACL,-0.22529949623211287,0.75,0.9526327507514194
HECA,-0.19848463527794902,0.8611111111111112,0.9842040002156449
CITED2,-0.47023316713642593,0.1111111111111111,0.6630636913063691
VTA1,-0.19847918090083727,0.7777777777777778,0.9616866541443916
ADGRG6,-0.591193148058631,0.8888888888888888,0.9842040002156449
HIVEP2,-2.678256678888211,0.16666666666666666,0.6630636913063691
AIG1,-0.2870637358775374,0.6944444444444444,0.9526327507514194
ADAT2,0.6642062065024206,0.7777777777777778,0.9616866541443916
PEX3,0.8819672072134481,0.6111111111111112,0.9285893964279902
FUCA2,0.08218903350127782,0.8888888888888888,0.9842040002156449
PHACTR2,-0.08880112074052082,0.8888888888888888,0.9842040002156449
LTV1,-0.13804508029261342,0.9166666666666666,0.9920484365613835
PLAGL1,-0.5766734098789801,0.3888888888888889,0.8209476821872752
SF3B5,2.4783263220162155,0.05555555555555555,0.6630636913063691
STX11,-0.22691449684488862,0.7222222222222222,0.9526327507514194
TPT1P4,-0.061282011290427985,0.8888888888888888,0.9842040002156449
UTRN,-0.8194087168999369,0.2777777777777778,0.7530160238642064
EPM2A,1.132153183518572,0.6666666666666666,0.9393265826953157
FBXO30,1.2232654319397933,0.6388888888888888,0.9393265826953157
AL356599.1,2.0482710057632953,0.16666666666666666,0.6630636913063691
SHPRH,2.696059001029562,0.1388888888888889,0.6630636913063691
RAB32,-0.6060635869771049,0.1388888888888889,0.6630636913063691
KATNBL1P6,2.076836280045009,0.1388888888888889,0.6630636913063691
STXBP5-AS1,0.48170888887004515,0.8333333333333334,0.9696444353796996
STXBP5,-0.16294763576807192,0.5277777777777778,0.8876686975890985
TAB2,0.5630091860309054,0.4722222222222222,0.8663629460895975
AL031133.1,0.7671831658141458,0.5,0.8663629460895975
PPIL4,-0.6012034565562754,0.16666666666666666,0.6630636913063691
GINM1,-0.8985950045918365,0.3611111111111111,0.797730450683016
RPS18P9,0.3876067763824713,0.75,0.9526327507514194
KATNA1,1.956097742437875,0.2777777777777778,0.7530160238642064
LATS1,1.866384218754852,0.1111111111111111,0.6630636913063691
NUP43,1.680793895917728,0.3055555555555556,0.7689432926530413
PCMT1,0.14242211523498582,0.6388888888888888,0.9393265826953157
BTF3P10,0.8574922192056178,0.75,0.9526327507514194
PDCL3P5,-0.8109497009997794,0.7222222222222222,0.9526327507514194
AL356535.1,0.3852064094325969,0.8888888888888888,0.9842040002156449
AKAP12,0.8093077511598352,0.25,0.7407166969618281
ZBTB2,0.7993115528569112,0.8611111111111112,0.9842040002156449
RMND1,2.0435027103654253,0.25,0.7407166969618281
ARMT1,2.426315611543895,0.08333333333333333,0.6630636913063691
SYNE1,1.9308562905286908,0.05555555555555555,0.6630636913063691
FBXO5,1.4262193570437836,0.2777777777777778,0.7530160238642064
MTRF1L,0.9007108873920928,0.5,0.8663629460895975
RGS17,1.7410614762706316,0.19444444444444445,0.6998773221170698
AL590867.2,-0.34125087346108884,0.3888888888888889,0.8209476821872752
CNKSR3,0.6852106116111936,0.6666666666666666,0.9393265826953157
SCAF8,2.096855982442984,0.19444444444444445,0.6998773221170698
TIAM2,0.574045334137621,0.9166666666666666,0.9920484365613835
TFB1M,2.909649113025428,0.08333333333333333,0.6630636913063691
CLDN20,-2.051392083173214,0.2777777777777778,0.7530160238642064
ARID1B,2.407401659773604,0.05555555555555555,0.6630636913063691
TMEM242,3.126867162539548,0.08333333333333333,0.6630636913063691
ZDHHC14,0.24441320229121866,0.7777777777777778,0.9616866541443916
SNX9,1.1877913736760588,0.6944444444444444,0.9526327507514194
SYNJ2,1.9502958734814029,0.16666666666666666,0.6630636913063691
SERAC1,2.0172881587497855,0.19444444444444445,0.6998773221170698
GTF2H5,-0.12155900970787226,0.9444444444444444,1.0
TULP4,-1.3516121644998043,0.05555555555555555,0.6630636913063691
TMEM181,-1.4441234186011203,0.3888888888888889,0.8209476821872752
DYNLT1,2.2054777374975507,0.1111111111111111,0.6630636913063691
SYTL3,0.304140767217139,0.6111111111111112,0.9285893964279902
EZR,0.22055223448577888,0.4166666666666667,0.8228048921195339
RSPH3,1.1421239125409144,0.4166666666666667,0.8228048921195339
TAGAP,-0.34608713952513703,0.6388888888888888,0.9393265826953157
SOD2,-0.3618320992518811,0.6944444444444444,0.9526327507514194
WTAP,-0.24608078113671628,0.4722222222222222,0.8663629460895975
TCP1,-0.03973180191489867,0.8611111111111112,0.9842040002156449
MRPL18,-0.18803433754985743,0.5555555555555556,0.9063324119086202
IGF2R,-2.1222134009132114,0.1388888888888889,0.6630636913063691
MAP3K4,2.7658489721020647,0.08333333333333333,0.6630636913063691
AGPAT4,0.7281970701192089,0.6944444444444444,0.9526327507514194
QKI,0.23860632435313534,0.5833333333333334,0.9145140606393699
SFT2D1,-0.5560102682333481,0.19444444444444445,0.6998773221170698
MPC1,0.895281238149018,0.6388888888888888,0.9393265826953157
RPS6KA2,-0.4016914606745279,0.7222222222222222,0.9526327507514194
RNASET2,-0.2602269065275875,0.6944444444444444,0.9526327507514194
FGFR1OP,-0.1635077160621683,0.6388888888888888,0.9393265826953157
AFDN,2.8677861763024355,0.05555555555555555,0.6630636913063691
THBS2,0.2378558371921904,0.8333333333333334,0.9696444353796996
WDR27,1.2261755402734174,0.5,0.8663629460895975
C6orf120,-0.5982137635813731,0.6666666666666666,0.9393265826953157
PHF10,0.2578991499333032,0.6111111111111112,0.9285893964279902
TCTE3,-0.04241398047556699,1.0,1.0
ERMARD,2.6437563176289554,0.05555555555555555,0.6630636913063691
FAM120B,-0.375933811068629,0.3611111111111111,0.797730450683016
PSMB1,0.3525812319376458,0.1111111111111111,0.6630636913063691
TBP,2.3576349476883234,0.3055555555555556,0.7689432926530413
PDCD2,0.17913280190622682,0.5833333333333334,0.9145140606393699
AC093627.4,-1.6442888820050157,0.2777777777777778,0.7530160238642064
FAM20C,2.1641397875781667,0.19444444444444445,0.6998773221170698
PDGFA,-1.6377233311501707,0.3333333333333333,0.7714672075726842
PRKAR1B,2.9188271107133685,0.16666666666666666,0.6630636913063691
AC147651.3,1.1411259132821807,0.4722222222222222,0.8663629460895975
DNAAF5,3.54942128602684,0.05555555555555555,0.6630636913063691
SUN1,-0.9270488683057749,0.1111111111111111,0.6630636913063691
ADAP1,0.7786396254551289,0.6666666666666666,0.9393265826953157
COX19,-0.6735922502779514,0.3055555555555556,0.7689432926530413
C7orf50,3.5876362914156568,0.1111111111111111,0.6630636913063691
ZFAND2A,-0.06464300476318918,0.8333333333333334,0.9696444353796996
INTS1,0.256470341703372,0.9444444444444444,1.0
PSMG3,1.38913801189311,0.2222222222222222,0.7242375194388904
MAD1L1,0.19005390728771054,1.0,1.0
MRM2,-0.16697749356756564,0.8888888888888888,0.9842040002156449
NUDT1,0.665826989807897,0.3888888888888889,0.8209476821872752
SNX8,1.899777451391099,0.3055555555555556,0.7689432926530413
EIF3B,1.4012647377231753,0.6944444444444444,0.9526327507514194
CHST12,0.9569527670743643,0.3333333333333333,0.7714672075726842
LFNG,2.037393240689271,0.25,0.7407166969618281
BRAT1,-1.0818119555756485,0.5277777777777778,0.8876686975890985
IQCE,1.7824913655218189,0.25,0.7407166969618281
TTYH3,1.095974772851604,0.8333333333333334,0.9696444353796996
GNA12,0.6535073375103853,0.75,0.9526327507514194
FOXK1,2.520145397754362,0.19444444444444445,0.6998773221170698
AP5Z1,-0.33668794464049445,1.0,1.0
AC092610.1,0.39532997458371366,0.8333333333333334,0.9696444353796996
RNF216P1,-0.5600560000387045,0.6944444444444444,0.9526327507514194
RBAK,-0.33493506819125596,0.8333333333333334,0.9696444353796996
WIPI2,2.248854290024987,0.08333333333333333,0.6630636913063691
TNRC18,1.5099680009336311,0.3611111111111111,0.797730450683016
ACTB,0.18103530036907145,0.5555555555555556,0.9063324119086202
FSCN1,-0.29901572210773786,0.8333333333333334,0.9696444353796996
RNF216,0.7808797242346204,0.08333333333333333,0.6630636913063691
ZNF815P,-2.2485095377724758,0.2777777777777778,0.7530160238642064
CCZ1,-2.3677828986192786,0.2777777777777778,0.7530160238642064
PMS2,3.637899113820221,0.05555555555555555,0.6630636913063691
EIF2AK1,0.00295884918835565,1.0,1.0
USP42,1.3498047993828552,0.16666666666666666,0.6630636913063691
CYTH3,0.18697786051519438,0.9444444444444444,1.0
FAM220A,-1.177550786709721,0.1388888888888889,0.6630636913063691
RAC1,-0.5214219169867054,0.16666666666666666,0.6630636913063691
DAGLB,2.213511753544056,0.05555555555555555,0.6630636913063691
KDELR2,-0.14742689859064573,0.7777777777777778,0.9616866541443916
C7orf26,-0.24159885587954388,0.75,0.9526327507514194
ZNF853,1.9624367710257171,0.19444444444444445,0.6998773221170698
ZNF316,1.1215648020867026,0.4444444444444444,0.8447628037832934
ZNF12,1.1749903277715235,0.5833333333333334,0.9145140606393699
CCZ1B,0.8835887262829347,0.5833333333333334,0.9145140606393699
C1GALT1,1.2919024570193405,0.5833333333333334,0.9145140606393699
MIOS,-0.5228707437292899,0.3611111111111111,0.797730450683016
RPA3,3.6858093764096087,0.05555555555555555,0.6630636913063691
UMAD1,-1.3737715599094895,0.1111111111111111,0.6630636913063691
GLCCI1,0.8541729442001,0.7777777777777778,0.9616866541443916
ICA1,3.8479836097441393,0.05555555555555555,0.6630636913063691
NDUFA4,0.4045972530406585,0.16666666666666666,0.6630636913063691
PHF14,-0.8061754715922671,0.3055555555555556,0.7689432926530413
THSD7A,-0.32572897272478274,0.8888888888888888,0.9842040002156449
TMEM106B,-0.28574747623151,0.8333333333333334,0.9696444353796996
AC013470.3,2.0574704229347076,0.16666666666666666,0.6630636913063691
SCIN,1.3331266754812248,0.6944444444444444,0.9526327507514194
ARL4A,-0.664390904982894,0.19444444444444445,0.6998773221170698
ISPD,2.209427772402518,0.05555555555555555,0.6630636913063691
ANKMY2,-0.4467571714574259,0.6666666666666666,0.9393265826953157
BZW2,-0.5063522462285661,0.5,0.8663629460895975
TSPAN13,0.8212788704578233,0.6666666666666666,0.9393265826953157
AHR,0.43471368785311526,0.3333333333333333,0.7714672075726842
SNX13,0.017704324128460236,1.0,1.0
TWISTNB,1.2308768239191634,0.1388888888888889,0.6630636913063691
ITGB8,1.524479563895202,0.3333333333333333,0.7714672075726842
RPL23P8,-0.5072378729540414,0.2222222222222222,0.7242375194388904
SP4,-0.822931420807687,0.1111111111111111,0.6630636913063691
CDCA7L,-1.9661748691042025,0.25,0.7407166969618281
RAPGEF5,2.6174457516166023,0.08333333333333333,0.6630636913063691
EEF1A1P6,-0.6537176059886707,0.25,0.7407166969618281
TOMM7,-0.3248652352175032,0.5833333333333334,0.9145140606393699
FAM126A,-0.5979786950480488,0.2222222222222222,0.7242375194388904
KLHL7,0.9790690470378727,0.5555555555555556,0.9063324119086202
NUPL2,-0.4045432809532774,0.3055555555555556,0.7689432926530413
GPNMB,-0.6168333803638748,0.7777777777777778,0.9616866541443916
MALSU1,-0.41047070953927456,0.6666666666666666,0.9393265826953157
TRA2A,-0.14232147991594424,0.4722222222222222,0.8663629460895975
CCDC126,2.0525042366435726,0.2777777777777778,0.7530160238642064
FAM221A,0.8610786619022073,0.5833333333333334,0.9145140606393699
OSBPL3,2.2935133757080104,0.16666666666666666,0.6630636913063691
CYCS,0.05947035050585825,0.8888888888888888,0.9842040002156449
C7orf31,0.5957840331363646,0.75,0.9526327507514194
NFE2L3,-0.20591517329712605,0.7222222222222222,0.9526327507514194
HNRNPA2B1,0.19261493063907587,0.5555555555555556,0.9063324119086202
CBX3,-0.2507130789846066,0.5,0.8663629460895975
SNX10,0.11401256670115512,0.6111111111111112,0.9285893964279902
AC004540.1,-0.4336643627655228,0.8888888888888888,0.9842040002156449
SKAP2,0.4521890774237942,0.25,0.7407166969618281
HOXA9,1.1185290860033252,0.5,0.8663629460895975
HOXA10,0.3279368047117095,0.8333333333333334,0.9696444353796996
HIBADH,1.8364739872222549,0.05555555555555555,0.6630636913063691
TAX1BP1,-0.2580057083401064,0.6111111111111112,0.9285893964279902
JAZF1,2.408643401917991,0.08333333333333333,0.6630636913063691
CREB5,-0.8829324617374819,0.7222222222222222,0.9526327507514194
CPVL,-1.2179489822229121,0.8888888888888888,0.9842040002156449
CHN2,1.6180081878957275,0.4444444444444444,0.8447628037832934
SCRN1,1.5679207539741005,0.4166666666666667,0.8228048921195339
FKBP14,2.364977575878907,0.2222222222222222,0.7242375194388904
PLEKHA8,3.2255235509487044,0.05555555555555555,0.6630636913063691
MTURN,3.7997866621153364,0.08333333333333333,0.6630636913063691
ZNRF2,-0.08440007924972992,0.9444444444444444,1.0
AC006978.1,-0.2531220326711745,0.8888888888888888,0.9842040002156449
GGCT,-0.6078324713439436,0.5833333333333334,0.9145140606393699
AC005154.1,0.697247051086952,0.6388888888888888,0.9393265826953157
GARS,1.7144843223913693,0.16666666666666666,0.6630636913063691
AQP1,2.826793754882955,0.2222222222222222,0.7242375194388904
LSM5,1.4848942047554248,0.5,0.8663629460895975
AVL9,-0.460789615002124,0.5555555555555556,0.9063324119086202
AC018645.2,1.4012218090722603,0.2222222222222222,0.7242375194388904
KBTBD2,-0.806642869208428,0.05555555555555555,0.6630636913063691
RP9P,-0.4089341612658002,0.8611111111111112,0.9842040002156449
FKBP9,-0.5197929859474542,0.6666666666666666,0.9393265826953157
NT5C3A,0.8320458095986303,0.05555555555555555,0.6630636913063691
RP9,1.3944266588177001,0.3333333333333333,0.7714672075726842
BBS9,1.3378296037847175,0.3333333333333333,0.7714672075726842
DPY19L1,0.16446301689122844,0.4166666666666667,0.8228048921195339
HERPUD2,-0.08282670924173274,0.8611111111111112,0.9842040002156449
AC018647.2,2.209427772402518,0.05555555555555555,0.6630636913063691
SEPT7-AS1,-0.166642669741075,1.0,1.0
SEPT7,-0.3375917588374655,0.4166666666666667,0.8228048921195339
ANLN,1.9762661191062592,0.16666666666666666,0.6630636913063691
AOAH,-0.2714262719588586,1.0,1.0
ELMO1,0.6816031176171577,0.5,0.8663629460895975
GPR141,-0.6343632953148277,0.6944444444444444,0.9526327507514194
EPDR1,1.9294501832418918,0.3333333333333333,0.7714672075726842
NME8,0.9254197253399697,0.5,0.8663629460895975
SFRP4,-0.8315502840941573,0.8888888888888888,0.9842040002156449
STARD3NL,0.007075935959073298,0.9722222222222222,1.0
TRGC2,1.9942526517563972,0.16666666666666666,0.6630636913063691
TRG-AS1,0.7289789187880698,0.8055555555555556,0.9696444353796996
VPS41,-0.9419376718374934,0.08333333333333333,0.6630636913063691
YAE1D1,-2.1542695873270743,0.16666666666666666,0.6630636913063691
RALA,0.6943893150969904,0.3888888888888889,0.8209476821872752
AC004987.2,-0.8980354663465517,0.5,0.8663629460895975
RWDD4P2,-0.9886565247678447,0.6666666666666666,0.9393265826953157
CDK13,0.14052756675676914,0.8055555555555556,0.9696444353796996
MPLKIP,2.8777594258466648,0.08333333333333333,0.6630636913063691
PSMA2,-0.6919507644758376,0.5,0.8663629460895975
MRPL32,-1.1429993572572936,0.25,0.7407166969618281
STK17A,0.18675846158242093,0.8333333333333334,0.9696444353796996
COA1,-0.25663535770712453,0.6944444444444444,0.9526327507514194
BLVRA,-0.8437965155286271,0.1388888888888889,0.6630636913063691
URGCP,0.28338517197761925,0.75,0.9526327507514194
UBE2D4,1.2058944745671836,0.5833333333333334,0.9145140606393699
DBNL,-0.7214926009981344,0.2777777777777778,0.7530160238642064
POLM,2.0986940466733506,0.2222222222222222,0.7242375194388904
AEBP1,-1.1129247457657676,0.4166666666666667,0.8228048921195339
POLD2,0.7806338316485415,0.5555555555555556,0.9063324119086202
YKT6,2.5011630796178905,0.05555555555555555,0.6630636913063691
NUDCD3,1.8081547278372434,0.25,0.7407166969618281
AC004453.1,-0.572749286992118,0.3333333333333333,0.7714672075726842
DDX56,1.781447329496127,0.3333333333333333,0.7714672075726842
TMED4,0.8009775300793365,0.1111111111111111,0.6630636913063691
OGDH,1.1176932830119783,0.05555555555555555,0.6630636913063691
ZMIZ2,0.5618657299991341,0.4444444444444444,0.8447628037832934
PPIA,0.3959668881545344,0.3611111111111111,0.797730450683016
H2AFV,0.21853761683167328,0.3888888888888889,0.8209476821872752
PURB,0.3620689214495689,0.6111111111111112,0.9285893964279902
AC004847.1,2.428024219552891,0.05555555555555555,0.6630636913063691
MYO1G,1.7412846564494342,0.25,0.7407166969618281
SNHG15,2.157886727938365,0.16666666666666666,0.6630636913063691
CCM2,-1.8242945982561558,0.3055555555555556,0.7689432926530413
TBRG4,0.7036416053516876,0.6666666666666666,0.9393265826953157
SEPT7P2,0.15170695108090504,0.8888888888888888,0.9842040002156449
HUS1,-0.40523273884826416,0.6944444444444444,0.9526327507514194
UPP1,-0.2603385663336115,0.8888888888888888,0.9842040002156449
VWC2,-0.8930018655145586,0.05555555555555555,0.6630636913063691
IKZF1,-0.24310902435227355,0.4722222222222222,0.8663629460895975
FIGNL1,1.7745459633930905,0.19444444444444445,0.6998773221170698
GRB10,0.3441715710582418,0.9444444444444444,1.0
COBL,3.0728932586434814,0.05555555555555555,0.6630636913063691
HAUS6P1,0.20835523189246885,1.0,1.0
SEC61G,0.4381279186383198,0.5,0.8663629460895975
LANCL2,0.03881210660135803,0.9444444444444444,1.0
VOPP1,1.9550533640742942,0.2222222222222222,0.7242375194388904
PSPHP1,-0.8068719663895045,0.7222222222222222,0.9526327507514194
ZNF713,-0.10174709954928662,1.0,1.0
NIPSNAP2,-0.7065230800074973,0.16666666666666666,0.6630636913063691
PSPH,0.490398719740496,0.75,0.9526327507514194
CCT6A,0.09932155677943033,0.8611111111111112,0.9842040002156449
SUMF2,0.5162364990202835,0.8888888888888888,0.9842040002156449
CHCHD2,0.22667411698507856,0.5833333333333334,0.9145140606393699
AC073136.2,-0.9196848651004286,0.7222222222222222,0.9526327507514194
ZNF736,3.1788150462956404,0.05555555555555555,0.6630636913063691
ZNF680,-0.3141485614576336,0.8888888888888888,0.9842040002156449
ZNF107,-0.8283345286447794,0.25,0.7407166969618281
ZNF138,1.176150326638132,0.4722222222222222,0.8663629460895975
ZNF273,-0.20974907369278473,0.9166666666666666,0.9920484365613835
ZNF117,1.4710106928217255,0.3055555555555556,0.7689432926530413
ERV3-1,0.045401526460182806,1.0,1.0
ZNF92,-0.6695401472239295,0.3611111111111111,0.797730450683016
VKORC1L1,-0.20403570871547405,0.6944444444444444,0.9526327507514194
GUSB,1.0438148443809503,0.08333333333333333,0.6630636913063691
CRCP,0.5998683461118524,0.3055555555555556,0.7689432926530413
TPST1,2.654906284437663,0.08333333333333333,0.6630636913063691
AC006001.3,1.8530122031666598,0.2777777777777778,0.7530160238642064
RPL35P5,0.48984866855693276,0.5555555555555556,0.9063324119086202
KCTD7,0.7020988904410799,0.7777777777777778,0.9616866541443916
RABGEF1,3.1108235998938385,0.1388888888888889,0.6630636913063691
AC073335.2,3.1703701644545044,0.05555555555555555,0.6630636913063691
AC073335.1,-1.0901690475605421,0.4722222222222222,0.8663629460895975
TMEM248,-0.028899833862266355,0.9722222222222222,1.0
SBDS,-1.1811909839943162,0.05555555555555555,0.6630636913063691
TYW1,2.2721298372542096,0.16666666666666666,0.6630636913063691
STAG3L4,-0.856465234877366,0.4444444444444444,0.8447628037832934
AUTS2,-0.8424366065115976,0.6666666666666666,0.9393265826953157
TYW1B,0.9589893530768703,0.3333333333333333,0.7714672075726842
SBDSP1,-0.3632640288481044,0.7777777777777778,0.9616866541443916
POM121,1.7333149843892794,0.1388888888888889,0.6630636913063691
GTF2IP4,0.13030919839006883,0.9166666666666666,0.9920484365613835
NCF1B,0.2587145019027127,1.0,1.0
GTF2IRD2P1,-0.4668601979681637,0.8888888888888888,0.9842040002156449
NSUN5,0.9147570078897918,0.75,0.9526327507514194
BAZ1B,-0.4767307839244248,0.25,0.7407166969618281
BCL7B,2.2789870755091566,0.16666666666666666,0.6630636913063691
TBL2,-0.06600723502469386,1.0,1.0
DNAJC30,0.8317392175560556,0.6388888888888888,0.9393265826953157
BUD23,0.9745815907260917,0.8333333333333334,0.9696444353796996
STX1A,1.5735891853602644,0.3333333333333333,0.7714672075726842
ABHD11,2.0919318663564805,0.16666666666666666,0.6630636913063691
LIMK1,1.5893233685817703,0.3333333333333333,0.7714672075726842
EIF4H,-0.1391700912759255,0.7222222222222222,0.9526327507514194
LAT2,-0.30435185499001527,0.5,0.8663629460895975
RFC2,0.9049723912409462,0.8611111111111112,0.9842040002156449
CLIP2,-1.3734239378992394,0.4444444444444444,0.8447628037832934
GTF2I,0.6612106528306585,0.8055555555555556,0.9696444353796996
GTF2IRD2,0.044357267111122756,0.9722222222222222,1.0
RCC1L,-0.23819173485816902,0.8333333333333334,0.9696444353796996
GTF2IRD2B,1.1603843604340223,0.4166666666666667,0.8228048921195339
NCF1C,3.081409317066812,0.05555555555555555,0.6630636913063691
NSUN5P1,0.4025690211792392,0.8333333333333334,0.9696444353796996
POM121C,1.7926511950783097,0.3888888888888889,0.8209476821872752
HIP1,-0.7586489457338592,0.3333333333333333,0.7714672075726842
RHBDD2,1.3002997146377764,0.2222222222222222,0.7242375194388904
POR,3.153631910632802,0.16666666666666666,0.6630636913063691
TMEM120A,0.7578679649279279,0.3055555555555556,0.7689432926530413
STYXL1,1.520225195815946,0.19444444444444445,0.6998773221170698
MDH2,1.7423485003926973,0.16666666666666666,0.6630636913063691
HSPB1,2.234484389691282,0.16666666666666666,0.6630636913063691
YWHAG,0.4257150406791146,0.6666666666666666,0.9393265826953157
DTX2,1.6088300787845609,0.3333333333333333,0.7714672075726842
POMZP3,-1.5253289542969124,0.3055555555555556,0.7689432926530413
FGL2,1.4272673758279497,0.6388888888888888,0.9393265826953157
GSAP,2.463180345518278,0.16666666666666666,0.6630636913063691
PTPN12,-0.2940679652276206,0.2777777777777778,0.7530160238642064
APTR,-0.047737720240433656,1.0,1.0
RSBN1L,-0.11065309097042597,0.8333333333333334,0.9696444353796996
TMEM60,-0.48496711030072426,0.4722222222222222,0.8663629460895975
PHTF2,-0.33768276359392857,0.6388888888888888,0.9393265826953157
MAGI2,0.7623420314196085,0.6944444444444444,0.9526327507514194
MAGI2-AS3,-0.25869619886489215,0.5555555555555556,0.9063324119086202
GNAI1,-1.318597872243524,0.3611111111111111,0.797730450683016
HGF,1.4598758827824665,0.19444444444444445,0.6998773221170698
CACNA2D1,-0.30799253308290897,0.6666666666666666,0.9393265826953157
PCLO,-0.4635471194013121,0.7222222222222222,0.9526327507514194
SEMA3D,-3.070130831202616,0.2777777777777778,0.7530160238642064
KIAA1324L,2.4166454515905684,0.1111111111111111,0.6630636913063691
DMTF1,-0.48269518906185027,0.2777777777777778,0.7530160238642064
TMEM243,-2.5800071155047206,0.05555555555555555,0.6630636913063691
TP53TG1,-0.5961226689713639,0.5555555555555556,0.9063324119086202
CROT,2.1344500997277662,0.16666666666666666,0.6630636913063691
ABCB1,2.354384943463881,0.05555555555555555,0.6630636913063691
SLC25A40,-1.3157626776513842,0.1388888888888889,0.6630636913063691
DBF4,1.2044774539404863,0.4722222222222222,0.8663629460895975
SRI,-0.7808626491533506,0.19444444444444445,0.6998773221170698
GTPBP10,-0.8144940436235002,0.6666666666666666,0.9393265826953157
FZD1,-0.8667159937540321,0.3888888888888889,0.8209476821872752
MTERF1,-0.024877938994284587,1.0,1.0
AKAP9,-0.7993947098874141,0.05555555555555555,0.6630636913063691
KRIT1,1.454720202587593,0.3333333333333333,0.7714672075726842
ANKIB1,3.8538254224139328,0.08333333333333333,0.6630636913063691
GATAD1,-1.024195000230061,0.05555555555555555,0.6630636913063691
PEX1,1.7039754296078518,0.16666666666666666,0.6630636913063691
RBM48,2.038681202269254,0.2777777777777778,0.7530160238642064
FAM133B,-1.4153627374701343,0.3888888888888889,0.8209476821872752
CDK6,-0.42615189742265525,0.5,0.8663629460895975
SAMD9,-0.9560680826439549,0.25,0.7407166969618281
SAMD9L,-0.6080593878571836,0.05555555555555555,0.6630636913063691
VPS50,2.5190461334396708,0.1388888888888889,0.6630636913063691
BET1,-1.1607164776822962,0.7222222222222222,0.9526327507514194
COL1A2,-0.1422879947708715,0.9166666666666666,0.9920484365613835
CASD1,0.2295655833775685,0.6944444444444444,0.9526327507514194
PON2,2.3715147948515436,0.05555555555555555,0.6630636913063691
SLC25A13,2.111615565005109,0.3055555555555556,0.7689432926530413
SEM1,0.35462345380596183,0.6944444444444444,0.9526327507514194
SDHAF3,1.620541360198402,0.3333333333333333,0.7714672075726842
OR7E38P,0.9152049313461299,0.6111111111111112,0.9285893964279902
AC004967.1,-0.48754762592884715,0.8888888888888888,0.9842040002156449
LMTK2,-1.3583379669794962,0.08333333333333333,0.6630636913063691
TECPR1,2.540153422058148,0.1111111111111111,0.6630636913063691
BRI3,0.3431017116057431,0.3888888888888889,0.8209476821872752
RPS3AP26,-0.34085178314144304,0.5277777777777778,0.8876686975890985
TRRAP,2.417605918235843,0.05555555555555555,0.6630636913063691
AC004893.2,2.54393491016477,0.05555555555555555,0.6630636913063691
SMURF1,0.9283930107278251,0.5833333333333334,0.9145140606393699
ARPC1A,1.9301365954003913,0.3055555555555556,0.7689432926530413
ARPC1B,3.2772108654700673,0.16666666666666666,0.6630636913063691
PDAP1,2.309978003338358,0.05555555555555555,0.6630636913063691
BUD31,1.743226429051707,0.05555555555555555,0.6630636913063691
PTCD1,0.1925706959121114,0.8333333333333334,0.9696444353796996
CPSF4,-0.2758220450980571,0.8055555555555556,0.9696444353796996
ATP5J2,0.9301717884107168,0.08333333333333333,0.6630636913063691
ZNF789,0.304343833946334,0.8055555555555556,0.9696444353796996
ZNF394,-0.7744014837219009,0.25,0.7407166969618281
ZKSCAN5,-1.6736090608342176,0.05555555555555555,0.6630636913063691
FAM200A,1.8929980896413452,0.4444444444444444,0.8447628037832934
ZNF655,-0.2577347568891426,0.6666666666666666,0.9393265826953157
ZSCAN25,0.7307277905406426,0.75,0.9526327507514194
TRIM4,0.09965862156941085,0.8888888888888888,0.9842040002156449
ZKSCAN1,0.06492051114588548,0.8333333333333334,0.9696444353796996
ZSCAN21,2.015058611822208,0.05555555555555555,0.6630636913063691
ZNF3,2.4585959854603923,0.2222222222222222,0.7242375194388904
COPS6,0.7520167569610594,0.3055555555555556,0.7689432926530413
MCM7,1.0665009088808755,0.5833333333333334,0.9145140606393699
CNPY4,0.7780587869004321,0.5,0.8663629460895975
LAMTOR4,-0.0706610121144422,0.9444444444444444,1.0
C7orf43,1.2521531605426386,0.3333333333333333,0.7714672075726842
PMS2P1,0.07750837508254094,1.0,1.0
STAG3L5P-PVRIG2P-PILRB,-0.8364645985434448,0.7222222222222222,0.9526327507514194
PILRA,-0.6103070157589099,0.8888888888888888,0.9842040002156449
ZCWPW1,0.8701068112956152,0.6666666666666666,0.9393265826953157
MEPCE,-0.9236168980842976,0.1388888888888889,0.6630636913063691
TSC22D4,1.3414169924484778,0.7222222222222222,0.9526327507514194
AGFG2,0.3231177909201528,0.8888888888888888,0.9842040002156449
PCOLCE,0.5992070858258245,0.6666666666666666,0.9393265826953157
MOSPD3,1.696403746546976,0.2777777777777778,0.7530160238642064
GNB2,1.812713474374637,0.4166666666666667,0.8228048921195339
GIGYF1,2.4364074497427457,0.16666666666666666,0.6630636913063691
POP7,2.848519139822705,0.08333333333333333,0.6630636913063691
SRRT,0.29454614285809644,0.5277777777777778,0.8876686975890985
TRIM56,-0.20972015945080003,0.75,0.9526327507514194
SERPINE1,2.7732185683384505,0.1111111111111111,0.6630636913063691
AP1S1,3.0262551998500204,0.05555555555555555,0.6630636913063691
PLOD3,1.750056953741701,0.1388888888888889,0.6630636913063691
ZNHIT1,1.7043864481120101,0.5277777777777778,0.8876686975890985
CLDN15,1.7777394787990848,0.2222222222222222,0.7242375194388904
FIS1,2.377369485125955,0.1388888888888889,0.6630636913063691
IFT22,0.09990635111225199,0.8333333333333334,0.9696444353796996
CUX1,2.1507684671893905,0.2222222222222222,0.7242375194388904
PRKRIP1,2.0304028843876383,0.25,0.7407166969618281
ORAI2,1.8746068038079091,0.16666666666666666,0.6630636913063691
ALKBH4,0.0037914638553067093,1.0,1.0
LRWD1,0.0033003235105262263,1.0,1.0
POLR2J,1.5387643475418042,0.4166666666666667,0.8228048921195339
FAM185A,-0.1759780335345018,1.0,1.0
ARMC10,-0.5687402752061939,0.3888888888888889,0.8209476821872752
NAPEPLD,-0.19384225402298405,0.8611111111111112,0.9842040002156449
PMPCB,0.30225586805716365,0.7777777777777778,0.9616866541443916
DNAJC2,1.0297545629536007,0.8611111111111112,0.9842040002156449
PSMC2,0.532405444110962,0.2222222222222222,0.7242375194388904
ORC5,0.4863146337225075,0.8333333333333334,0.9696444353796996
EIF4BP6,0.5290510361373011,0.9166666666666666,0.9920484365613835
KMT2E-AS1,0.26154387314637884,0.8888888888888888,0.9842040002156449
KMT2E,-0.6517686686660031,0.05555555555555555,0.6630636913063691
SRPK2,-0.16165944347365446,0.4722222222222222,0.8663629460895975
PUS7,1.5113270380977712,0.2777777777777778,0.7530160238642064
RINT1,2.106885229054675,0.16666666666666666,0.6630636913063691
YBX1P2,-1.033099153182334,0.5555555555555556,0.9063324119086202
ATXN7L1,0.7417906765326641,0.8333333333333334,0.9696444353796996
SYPL1,-0.6328434037550039,0.4166666666666667,0.8228048921195339
NAMPT,-0.9087884758389846,0.08333333333333333,0.6630636913063691
AC004917.1,3.2112754781682744,0.05555555555555555,0.6630636913063691
CCDC71L,0.6664516447313655,0.3888888888888889,0.8209476821872752
PIK3CG,-0.4197101461667847,0.19444444444444445,0.6998773221170698
PRKAR2B,2.405792765103744,0.1388888888888889,0.6630636913063691
HBP1,-0.21614709654928,0.6666666666666666,0.9393265826953157
COG5,1.7289145290137768,0.19444444444444445,0.6998773221170698
DUS4L,1.7948764821866106,0.1111111111111111,0.6630636913063691
BCAP29,0.5180898030609011,0.3888888888888889,0.8209476821872752
CBLL1,-0.7099139877384291,0.4166666666666667,0.8228048921195339
DLD,1.2250686139216733,0.6111111111111112,0.9285893964279902
LAMB1,2.0252133190533015,0.1388888888888889,0.6630636913063691
NRCAM,-0.574795588008904,0.8888888888888888,0.9842040002156449
PNPLA8,0.055687598266873195,1.0,1.0
THAP5,-1.2542926599630269,0.1111111111111111,0.6630636913063691
DNAJB9,-0.6572850050227901,0.1111111111111111,0.6630636913063691
IMMP2L,-1.4547346979451614,0.2777777777777778,0.7530160238642064
ZNF277,-0.0034097310323084606,1.0,1.0
IFRD1,-1.3696309928573553,0.05555555555555555,0.6630636913063691
TMEM168,2.5461021017002214,0.16666666666666666,0.6630636913063691
BMT2,-1.3083628405153633,0.3611111111111111,0.797730450683016
GPR85,1.0888327269807512,0.6111111111111112,0.9285893964279902
SMIM30,0.07940040574679763,0.9166666666666666,0.9920484365613835
MDFIC,0.6323175487798953,0.6666666666666666,0.9393265826953157
TES,-0.4088074298838995,0.6388888888888888,0.9393265826953157
CAV1,3.0089479026392487,0.16666666666666666,0.6630636913063691
CAPZA2,-0.27692586100660854,0.5277777777777778,0.8876686975890985
ST7,-0.2196268882222201,0.8055555555555556,0.9696444353796996
CTTNBP2,-0.6514460576506993,0.3055555555555556,0.7689432926530413
LSM8,-0.4941719371317772,0.4166666666666667,0.8228048921195339
ING3,-0.5233940260810872,0.3333333333333333,0.7714672075726842
FAM3C,0.9065821129192568,0.6666666666666666,0.9393265826953157
AASS,0.13091059474007738,1.0,1.0
CADPS2,0.3834144046035618,0.8333333333333334,0.9696444353796996
NDUFA5,-0.33042603810552507,0.19444444444444445,0.6998773221170698
WASL,0.8564615303179801,0.6388888888888888,0.9393265826953157
POT1,1.1483678008132228,0.4444444444444444,0.8447628037832934
ZNF800,-0.9164935995774233,0.1388888888888889,0.6630636913063691
GCC1,-0.2864706415686036,0.9166666666666666,0.9920484365613835
SND1,0.549526690650004,0.1388888888888889,0.6630636913063691
RBM28,0.8081312168783619,0.7222222222222222,0.9526327507514194
IMPDH1,1.091158395015674,0.5555555555555556,0.9063324119086202
HILPDA,2.2560989816631327,0.05555555555555555,0.6630636913063691
METTL2B,-1.0142864188605003,0.19444444444444445,0.6998773221170698
AC090114.2,2.7419184485412433,0.16666666666666666,0.6630636913063691
AC090114.1,-1.1304677635854161,0.25,0.7407166969618281
CALU,0.8478647765125569,0.1388888888888889,0.6630636913063691
ATP6V1F,-0.00937757166924058,1.0,1.0
IRF5,2.3217949896100345,0.2222222222222222,0.7242375194388904
TNPO3,1.9835155426855482,0.25,0.7407166969618281
AHCYL2,0.2751302096503747,0.9166666666666666,0.9920484365613835
AC009244.1,-0.0594805002637675,0.9444444444444444,1.0
STRIP2,2.497213059580038,0.16666666666666666,0.6630636913063691
NRF1,0.2011372470631021,0.8888888888888888,0.9842040002156449
UBE2H,0.587326702689249,0.4166666666666667,0.8228048921195339
ZC3HC1,3.146425606457438,0.08333333333333333,0.6630636913063691
KLHDC10,1.7672589203668196,0.2222222222222222,0.7242375194388904
TMEM209,1.301164197947907,0.5555555555555556,0.9063324119086202
CEP41,0.6701033446707156,0.75,0.9526327507514194
LINC-PINT,1.8535189883312806,0.25,0.7407166969618281
MKLN1,-0.5185245762557109,0.16666666666666666,0.6630636913063691
AC009362.1,0.17302948890832992,0.9722222222222222,1.0
EEF1B2P6,0.009137292529945995,1.0,1.0
PLXNA4,-0.9917001585423981,0.6111111111111112,0.9285893964279902
CHCHD3,0.9410577725998488,0.1111111111111111,0.6630636913063691
AC008038.1,1.2729872549967385,0.6666666666666666,0.9393265826953157
EXOC4,4.115828822928289,0.05555555555555555,0.6630636913063691
SLC35B4,1.2623994949186494,0.5555555555555556,0.9063324119086202
AKR1B1,1.1942675908688352,0.7222222222222222,0.9526327507514194
BPGM,1.8745709805625794,0.08333333333333333,0.6630636913063691
CALD1,1.4466338269106775,0.25,0.7407166969618281
C7orf49,2.0308431478025653,0.05555555555555555,0.6630636913063691
WDR91,0.5932174638944083,0.75,0.9526327507514194
CNOT4,-0.6695449432937339,0.16666666666666666,0.6630636913063691
NUP205,3.1730780318059586,0.05555555555555555,0.6630636913063691
STMP1,-0.04195626043592249,0.8888888888888888,0.9842040002156449
MTPN,-0.280909709129185,0.2222222222222222,0.7242375194388904
AC090498.1,-0.22146363887734388,0.7222222222222222,0.9526327507514194
AC009245.1,-1.6519500770609836,0.4166666666666667,0.8228048921195339
CREB3L2,-0.17155388773529,0.4722222222222222,0.8663629460895975
TRIM24,-0.007797720359542737,1.0,1.0
SVOPL,-0.5152522149359511,0.3888888888888889,0.8209476821872752
KIAA1549,0.7308525065963698,0.3888888888888889,0.8209476821872752
ZC3HAV1,2.06080592464276,0.4444444444444444,0.8447628037832934
UBN2,1.6250996843137013,0.6111111111111112,0.9285893964279902
LUC7L2,0.5958758428176223,0.5555555555555556,0.9063324119086202
HIPK2,0.27844939844065664,0.4166666666666667,0.8228048921195339
TBXAS1,0.9601421319773245,0.05555555555555555,0.6630636913063691
PARP12,0.38990980986195245,0.8055555555555556,0.9696444353796996
KDM7A,0.8135588558032825,0.7777777777777778,0.9616866541443916
SLC37A3,2.6485186311786486,0.05555555555555555,0.6630636913063691
MKRN1,-0.7671903231417154,0.2777777777777778,0.7530160238642064
ADCK2,0.7904248915770054,0.7777777777777778,0.9616866541443916
NDUFB2,0.8463487985584548,0.1388888888888889,0.6630636913063691
BRAF,2.5566403499445625,0.1388888888888889,0.6630636913063691
MRPS33,1.6271324315548212,0.3888888888888889,0.8209476821872752
AGK,-1.399212123862311,0.05555555555555555,0.6630636913063691
AC004918.1,1.4815803072796574,0.25,0.7407166969618281
KIAA1147,2.4688201013156443,0.08333333333333333,0.6630636913063691
SSBP1,0.32313529178014555,0.3888888888888889,0.8209476821872752
TRBC1,2.548970008264955,0.05555555555555555,0.6630636913063691
TRBC2,-1.913927826743386,0.05555555555555555,0.6630636913063691
GSTK1,-0.40182823039746207,0.2222222222222222,0.7242375194388904
CASP2,-0.7710158579499868,0.4166666666666667,0.8228048921195339
AC093673.1,2.7821863933252375,0.08333333333333333,0.6630636913063691
ZYX,1.665505132484395,0.4722222222222222,0.8663629460895975
TCAF2,0.16780799898298604,1.0,1.0
TCAF1,0.931686139728686,0.6388888888888888,0.9393265826953157
TPK1,-0.42563650441963885,0.8055555555555556,0.9696444353796996
CUL1,-0.2369700499979155,0.6944444444444444,0.9526327507514194
EZH2,-0.20140834894950732,0.8888888888888888,0.9842040002156449
PDIA4,2.6595417396742453,0.1388888888888889,0.6630636913063691
ZNF786,1.0059579480233647,0.5,0.8663629460895975
ZNF425,-0.1411340187286727,1.0,1.0
ZNF398,0.06260847683743798,1.0,1.0
ZNF282,2.933627473983375,0.08333333333333333,0.6630636913063691
ZNF212,2.641697154025962,0.05555555555555555,0.6630636913063691
ZNF783,0.8045625691138276,0.5,0.8663629460895975
ZNF777,0.02268733111303356,1.0,1.0
ZNF746,0.9774980115949874,0.4722222222222222,0.8663629460895975
ZNF767P,2.4453901663994104,0.16666666666666666,0.6630636913063691
KRBA1,-0.11668730776214664,0.9444444444444444,1.0
ZNF467,2.4891084702565536,0.05555555555555555,0.6630636913063691
ZNF862,1.3013303109595262,0.3333333333333333,0.7714672075726842
ATP6V0E2,1.8364739872222549,0.05555555555555555,0.6630636913063691
AC093458.2,2.2232367576555325,0.05555555555555555,0.6630636913063691
LRRC61,1.3393847203365157,0.2222222222222222,0.7242375194388904
ZBED6CL,1.8182643343775142,0.16666666666666666,0.6630636913063691
REPIN1,-0.24674326577644123,0.6666666666666666,0.9393265826953157
AC073111.5,-0.9378771906713959,0.19444444444444445,0.6998773221170698
LINC00996,1.4640576797651979,0.5,0.8663629460895975
GIMAP8,-0.19952896839918877,0.9722222222222222,1.0
GIMAP7,1.3722748814165961,0.3888888888888889,0.8209476821872752
GIMAP4,-1.945794433130096,0.3888888888888889,0.8209476821872752
GIMAP6,-0.6053621045324373,0.5555555555555556,0.9063324119086202
GIMAP2,0.4375006103838781,0.7777777777777778,0.9616866541443916
GIMAP1,-0.49148672542499616,0.9444444444444444,1.0
TMEM176B,1.0779930130222635,0.1388888888888889,0.6630636913063691
TMEM176A,2.793600192588179,0.08333333333333333,0.6630636913063691
KCNH2,2.615443185630368,0.2222222222222222,0.7242375194388904
NOS3,1.492782897065811,0.3333333333333333,0.7714672075726842
ATG9B,2.669737683061307,0.16666666666666666,0.6630636913063691
ABCB8,3.9281765942080806,0.05555555555555555,0.6630636913063691
ASIC3,3.6680157423062107,0.08333333333333333,0.6630636913063691
CDK5,2.0377951815934745,0.5,0.8663629460895975
FASTK,1.7645469636023503,0.3333333333333333,0.7714672075726842
TMUB1,0.8065147758393284,0.5,0.8663629460895975
AGAP3,0.730668537081832,0.25,0.7407166969618281
ABCF2,0.4411022049387534,0.25,0.7407166969618281
CHPF2,0.9851002895187128,0.4166666666666667,0.8228048921195339
SMARCD3,1.450197737841255,0.2222222222222222,0.7242375194388904
NUB1,-0.6424550332657333,0.16666666666666666,0.6630636913063691
RHEB,-0.20782356787511969,0.8333333333333334,0.9696444353796996
PRKAG2,-0.8269354411335099,0.1388888888888889,0.6630636913063691
PRKAG2-AS1,-1.130147750084374,0.5,0.8663629460895975
GALNT11,-0.31541942027925085,0.5833333333333334,0.9145140606393699
KMT2C,-0.5656521436245159,0.05555555555555555,0.6630636913063691
SEPT7P6,-0.17098921121152877,0.8888888888888888,0.9842040002156449
LINC01003,1.2981905512801337,0.3333333333333333,0.7714672075726842
ACTR3B,2.278616612429665,0.16666666666666666,0.6630636913063691
PAXIP1-AS2,0.48170888887004515,0.8333333333333334,0.9696444353796996
PAXIP1,0.7899172750803998,0.7222222222222222,0.9526327507514194
AC093726.1,1.3903910318198038,0.3611111111111111,0.797730450683016
PAXIP1-AS1,0.41974948518128286,0.8333333333333334,0.9696444353796996
INSIG1,0.2831309238779687,0.6666666666666666,0.9393265826953157
RBM33,0.7328384041951042,0.4722222222222222,0.8663629460895975
LINC01006,2.5441646685516197,0.16666666666666666,0.6630636913063691
LMBR1,1.4710106928217255,0.3055555555555556,0.7689432926530413
NOM1,0.3712902807264866,0.9166666666666666,0.9920484365613835
UBE3C,0.9971789520467733,0.7777777777777778,0.9616866541443916
DNAJB6,-0.6466291615741344,0.19444444444444445,0.6998773221170698
PTPRN2,2.1233995118439366,0.08333333333333333,0.6630636913063691
AC011899.2,1.8403489582850443,0.25,0.7407166969618281
AC011899.3,0.1885016734749324,1.0,1.0
NCAPG2,1.5087196376715175,0.3055555555555556,0.7689432926530413
ESYT2,-0.09914182480568012,0.6944444444444444,0.9526327507514194
WDR60,-0.4854891187905528,0.4722222222222222,0.8663629460895975
PLCXD1,1.6770908766331343,0.19444444444444445,0.6998773221170698
GTPBP6,-0.29155775128889116,0.7777777777777778,0.9616866541443916
PPP2R3B,0.2587145019027127,1.0,1.0
CRLF2,0.3801410842472168,0.9166666666666666,0.9920484365613835
CSF2RA,-0.22957108715316732,1.0,1.0
IL3RA,1.3662661098981097,0.3055555555555556,0.7689432926530413
SLC25A6,0.18394675065441923,0.6388888888888888,0.9393265826953157
ASMTL,1.3615366594905054,0.3333333333333333,0.7714672075726842
P2RY8,0.215632699519539,0.9166666666666666,0.9920484365613835
AKAP17A,-0.32594573157181284,0.5,0.8663629460895975
AL683807.1,2.3549078950520315,0.05555555555555555,0.6630636913063691
DHRSX,0.9219271190888596,0.5833333333333334,0.9145140606393699
ZBED1,0.4147882967353729,0.5,0.8663629460895975
CD99P1,2.19121936373141,0.16666666666666666,0.6630636913063691
CD99,-0.024832896781576963,0.9166666666666666,0.9920484365613835
ARSD,0.3995716279364414,0.6111111111111112,0.9285893964279902
PRKX,-0.29594317909070167,0.5555555555555556,0.9063324119086202
BX890604.1,1.3267692923894665,0.4166666666666667,0.8228048921195339
PUDP,2.2699067227425145,0.05555555555555555,0.6630636913063691
PNPLA4,0.040439962847432565,0.9444444444444444,1.0
TBL1X,-0.10223451104605541,0.8611111111111112,0.9842040002156449
EIF5P1,0.1867887291702366,0.7777777777777778,0.9616866541443916
WWC3,2.031779419708915,0.3055555555555556,0.7689432926530413
HCCS,-1.3450663336312818,0.16666666666666666,0.6630636913063691
ARHGAP6,0.7474424776902646,0.3333333333333333,0.7714672075726842
MSL3,0.07657117614623044,0.8888888888888888,0.9842040002156449
PRPS2,0.7262732682918913,0.8055555555555556,0.9696444353796996
TMSB4X,0.1621787546016087,0.5555555555555556,0.9063324119086202
TCEANC,1.3286146948933448,0.4166666666666667,0.8228048921195339
RAB9A,0.9575376146874155,0.5277777777777778,0.8876686975890985
TRAPPC2,0.43516630960169955,0.8611111111111112,0.9842040002156449
OFD1,-0.6602652912359357,0.4166666666666667,0.8228048921195339
GEMIN8,3.5343707113438727,0.05555555555555555,0.6630636913063691
FANCB,-1.110519667893759,0.4166666666666667,0.8228048921195339
MOSPD2,0.17200431327742915,0.8055555555555556,0.9696444353796996
PIGA,1.9783432663686784,0.3611111111111111,0.797730450683016
CA5B,2.6066931775865996,0.16666666666666666,0.6630636913063691
ZRSR2,0.23345241606633982,0.9444444444444444,1.0
AP1S2,-0.19845127021743902,0.5833333333333334,0.9145140606393699
CTPS2,-0.9506345924253035,0.6111111111111112,0.9285893964279902
SYAP1,0.9231555453847857,0.25,0.7407166969618281
TXLNG,-1.241213855589804,0.1111111111111111,0.6630636913063691
RBBP7,-0.14749538616575375,0.7777777777777778,0.9616866541443916
REPS2,-1.2933611630456254,0.4166666666666667,0.8228048921195339
CBX1P2,0.21874626681456344,0.8333333333333334,0.9696444353796996
SCML1,-2.0672780665817623,0.05555555555555555,0.6630636913063691
CDKL5,2.6772760507457543,0.08333333333333333,0.6630636913063691
PHKA2,1.068059809119704,0.5,0.8663629460895975
PDHA1,0.7204646170614,0.3055555555555556,0.7689432926530413
SH3KBP1,0.03502407428257115,0.9166666666666666,0.9920484365613835
BCLAF3,1.3240518074092436,0.3611111111111111,0.797730450683016
EIF1AX,-0.2755801977773764,0.16666666666666666,0.6630636913063691
RPS6KA3,-0.6073794146235851,0.05555555555555555,0.6630636913063691
KLHL34,-0.06139350848343894,1.0,1.0
MBTPS2,0.07995618986824304,0.8055555555555556,0.9696444353796996
SMS,-0.3414517091246285,0.5277777777777778,0.8876686975890985
FAM3C2,-0.7108529930158267,0.7222222222222222,0.9526327507514194
PRDX4,1.821778640387778,0.5555555555555556,0.9063324119086202
ACOT9,-1.359493820017538,0.05555555555555555,0.6630636913063691
SAT1,-0.6914104470056444,0.3055555555555556,0.7689432926530413
APOO,-0.11142342865929633,0.7777777777777778,0.9616866541443916
KLHL15,-0.7976836268605707,0.3055555555555556,0.7689432926530413
EIF2S3,-0.11613705338451652,0.7222222222222222,0.9526327507514194
ZFX,-0.7975099225623818,0.2222222222222222,0.7242375194388904
AC004552.1,0.762279482180216,0.5,0.8663629460895975
PDK3,1.027686628558358,0.5,0.8663629460895975
AC004656.1,1.406980400913115,0.3333333333333333,0.7714672075726842
POLA1,1.9739954858231816,0.3055555555555556,0.7689432926530413
EEF1B2P3,-0.8199445464247699,0.1388888888888889,0.6630636913063691
AC097263.1,0.06412914453774388,0.8611111111111112,0.9842040002156449
AC006210.2,-0.5105785018253068,0.7222222222222222,0.9526327507514194
IL1RAPL1,2.3308116356454627,0.1111111111111111,0.6630636913063691
CXorf21,1.5734369356579672,0.5,0.8663629460895975
GK,-0.11261953432994565,0.9444444444444444,1.0
TAB3,1.1646039522642084,0.1388888888888889,0.6630636913063691
DMD,0.8797154337739436,0.6666666666666666,0.9393265826953157
TBCAP1,1.0209852244183275,0.6111111111111112,0.9285893964279902
CYBB,1.7346455239951775,0.3888888888888889,0.8209476821872752
DYNLT3,1.7724826549008892,0.4444444444444444,0.8447628037832934
RPGR,-1.747599783886049,0.08333333333333333,0.6630636913063691
TSPAN7,-0.9486638219069237,0.2222222222222222,0.7242375194388904
MID1IP1,-0.43819361160466386,0.6111111111111112,0.9285893964279902
GAPDHP1,-0.4464645727246479,0.3888888888888889,0.8209476821872752
BCOR,-0.471545312412081,0.3333333333333333,0.7714672075726842
ATP6AP2,0.2962550724448727,0.5277777777777778,0.8876686975890985
CXorf38,0.9206531212097864,0.8333333333333334,0.9696444353796996
MED14,0.20769710523053142,0.75,0.9526327507514194
SDCBPP3,0.6536328896304497,0.6944444444444444,0.9526327507514194
RPS2P55,1.8089399576930192,0.25,0.7407166969618281
USP9X,-0.2010994127828587,0.6388888888888888,0.9393265826953157
DDX3X,-0.20238462653979816,0.8055555555555556,0.9696444353796996
CASK,0.9445981524674534,0.6388888888888888,0.9393265826953157
GPR34,1.5741275805522044,0.5833333333333334,0.9145140606393699
MAOB,-0.0170704352488098,0.9444444444444444,1.0
AL034370.1,0.45101759294125854,0.8055555555555556,0.9696444353796996
EFHC2,-0.4357894199338146,0.6388888888888888,0.9393265826953157
FUNDC1,0.5089469312798767,0.8611111111111112,0.9842040002156449
KDM6A,0.053435148322285464,0.9722222222222222,1.0
CXorf36,2.3640199239585757,0.16666666666666666,0.6630636913063691
AC234772.3,-0.46724894920678217,0.8888888888888888,0.9842040002156449
GAPDHP65,1.6253222976033133,0.3055555555555556,0.7689432926530413
KRBOX4,0.722940203667858,0.8888888888888888,0.9842040002156449
RP2,0.22721855103243005,0.8055555555555556,0.9696444353796996
JADE3,-1.0025280691592273,0.5277777777777778,0.8876686975890985
NDUFB11,2.7955268109208293,0.05555555555555555,0.6630636913063691
RBM10,3.891977940998449,0.05555555555555555,0.6630636913063691
UBA1,2.2596400657928966,0.3055555555555556,0.7689432926530413
CDK16,2.1234532173569347,0.2222222222222222,0.7242375194388904
USP11,0.6755435164074033,0.19444444444444445,0.6998773221170698
ZNF41,-1.6138297131019648,0.3333333333333333,0.7714672075726842
NUS1P1,0.7906038846601797,0.75,0.9526327507514194
ARAF,1.8632289382849967,0.25,0.7407166969618281
TIMP1,1.040450831777144,0.2222222222222222,0.7242375194388904
ELK1,1.4944335825919763,0.5,0.8663629460895975
UXT,-0.22139460744445216,0.75,0.9526327507514194
WASF4P,3.492752409987503,0.05555555555555555,0.6630636913063691
ZNF182,1.6033904007048476,0.3333333333333333,0.7714672075726842
FTSJ1,1.032388710935574,0.6666666666666666,0.9393265826953157
PORCN,0.9692115959671921,0.5833333333333334,0.9145140606393699
EBP,2.1244366585876175,0.25,0.7407166969618281
TBC1D25,1.9829445362135538,0.1388888888888889,0.6630636913063691
RBM3,-0.4746594874968233,0.3055555555555556,0.7689432926530413
WDR13,1.558702674712999,0.4166666666666667,0.8228048921195339
WAS,0.8972270224003251,0.08333333333333333,0.6630636913063691
GATA1,1.7712669592987242,0.25,0.7407166969618281
HDAC6,0.7529599787474104,0.7777777777777778,0.9616866541443916
TIMM17B,0.5133218130321628,0.9166666666666666,0.9920484365613835
PQBP1,2.645717968394469,0.25,0.7407166969618281
SLC35A2,0.037703000138827214,0.9444444444444444,1.0
PIM2,2.0052007999044585,0.5,0.8663629460895975
OTUD5,-0.04202245797592141,0.9444444444444444,1.0
GRIPAP1,-0.11392922006019113,0.9166666666666666,0.9920484365613835
TFE3,1.0652675951200898,0.5833333333333334,0.9145140606393699
PRAF2,1.6527900168516279,0.4166666666666667,0.8228048921195339
WDR45,0.7018986329947641,0.1111111111111111,0.6630636913063691
GPKOW,1.8823517686679612,0.1111111111111111,0.6630636913063691
PLP2,0.5462741968864684,0.05555555555555555,0.6630636913063691
PRICKLE3,0.5929243827347022,0.6666666666666666,0.9393265826953157
CCDC22,2.408056850831529,0.16666666666666666,0.6630636913063691
PPP1R3F,-0.6616181097870926,0.8888888888888888,0.9842040002156449
VDAC1P2,2.583996863975309,0.1111111111111111,0.6630636913063691
USP27X,-0.9637896320191031,0.5,0.8663629460895975
GSPT2,-1.0187881429658492,0.19444444444444445,0.6998773221170698
MAGED1,0.940278528863093,0.2222222222222222,0.7242375194388904
TSPYL2,-0.5519017778292339,0.5833333333333334,0.9145140606393699
KANTR,0.9813830945786257,0.5,0.8663629460895975
KDM5C,0.24219750262449224,0.5277777777777778,0.8876686975890985
IQSEC2,-0.389163188357303,0.7222222222222222,0.9526327507514194
SMC1A,0.07604615562043637,0.9444444444444444,1.0
HSD17B10,0.3652990884556484,0.5,0.8663629460895975
HUWE1,0.6791702128617416,0.1388888888888889,0.6630636913063691
AC233279.1,0.5031795446163012,0.75,0.9526327507514194
PHF8,0.46964336905369564,0.8888888888888888,0.9842040002156449
FAM120C,2.8283245996489814,0.08333333333333333,0.6630636913063691
TSR2,-0.16102388220488706,0.8611111111111112,0.9842040002156449
GNL3L,0.6448280845583834,0.8055555555555556,0.9696444353796996
MAGED2,0.29639415480552334,0.75,0.9526327507514194
TRO,1.7444101876002038,0.2222222222222222,0.7242375194388904
APEX2,-0.0620871503697602,0.9166666666666666,0.9920484365613835
FAM104B,0.41970721712987924,0.75,0.9526327507514194
MAGEH1,1.2841611258655612,0.5833333333333334,0.9145140606393699
USP51,1.156110603523767,0.4722222222222222,0.8663629460895975
RRAGB,2.1307480766058338,0.3055555555555556,0.7689432926530413
KLF8,0.29726373923547955,0.9166666666666666,0.9920484365613835
UBQLN2,-0.38150796307759727,0.6666666666666666,0.9393265826953157
NBDY,0.19762951174599142,0.6944444444444444,0.9526327507514194
UQCRBP1,-1.3951737332483236,0.19444444444444445,0.6998773221170698
SPIN3,1.3890490378682177,0.4166666666666667,0.8228048921195339
SPIN2B,0.9622238078898261,0.4166666666666667,0.8228048921195339
ZXDB,-1.8214167992728605,0.2777777777777778,0.7530160238642064
LINC01278,1.3745066538342177,0.4166666666666667,0.8228048921195339
SPIN4,1.2208006690054525,0.4722222222222222,0.8663629460895975
ARHGEF9,1.8039858604605974,0.3611111111111111,0.797730450683016
AMER1,0.38695481519678065,1.0,1.0
ZC4H2,-1.3088138723913714,0.16666666666666666,0.6630636913063691
ZC3H12B,1.4209104361159581,0.3333333333333333,0.7714672075726842
LAS1L,-0.9520673147932985,0.16666666666666666,0.6630636913063691
MSN,-0.08619452404699324,0.7777777777777778,0.9616866541443916
AL034397.3,0.26982992592365695,1.0,1.0
OPHN1,2.230553878029524,0.16666666666666666,0.6630636913063691
YIPF6,0.2227259037862197,0.7777777777777778,0.9616866541443916
SERBP1P1,1.8753819484610905,0.1111111111111111,0.6630636913063691
EFNB1,2.141544472029716,0.16666666666666666,0.6630636913063691
PJA1,0.05100401292455592,0.9444444444444444,1.0
IGBP1,0.5698402349899432,0.3055555555555556,0.7689432926530413
PDZD11,1.6785894496829266,0.1111111111111111,0.6630636913063691
KIF4A,2.3026833754746674,0.4444444444444444,0.8447628037832934
RPS23P8,0.0004944913429998365,1.0,1.0
SNX12,1.2356239903170967,0.4722222222222222,0.8663629460895975
FOXO4,2.267689307365198,0.1111111111111111,0.6630636913063691
CXorf65,1.8893347207207256,0.16666666666666666,0.6630636913063691
IL2RG,2.8436443227876156,0.05555555555555555,0.6630636913063691
MED12,1.3794535363412224,0.3888888888888889,0.8209476821872752
AL590764.1,0.1339929320442681,0.9444444444444444,1.0
ZMYM3,1.236126515753631,0.4722222222222222,0.8663629460895975
NONO,-0.2128516775934033,0.5277777777777778,0.8876686975890985
TAF1,0.26317688418768537,0.8333333333333334,0.9696444353796996
AL590762.1,0.5767773537004857,0.7777777777777778,0.9616866541443916
OGT,4.162651610719639,0.05555555555555555,0.6630636913063691
NHSL2,-0.7499117443765799,0.1111111111111111,0.6630636913063691
RTL5,0.6474926255968692,0.7222222222222222,0.9526327507514194
PIN4,-0.593102510659528,0.4444444444444444,0.8447628037832934
RPS4X,0.33232640212268194,0.5277777777777778,0.8876686975890985
HDAC8,0.6174664697160579,0.8055555555555556,0.9696444353796996
PHKA1,2.20320575534212,0.16666666666666666,0.6630636913063691
TOMM20P4,0.21937417970443396,0.9166666666666666,0.9920484365613835
CHIC1,0.9158318018585425,0.5,0.8663629460895975
XIST,0.23258192532672783,1.0,1.0
FTX,0.22000608517042686,0.75,0.9526327507514194
USMG5P1,-0.2794730581230285,0.8333333333333334,0.9696444353796996
AC004386.1,0.18233309014058974,0.8333333333333334,0.9696444353796996
PABPC1P3,0.09322304579714125,0.8333333333333334,0.9696444353796996
RLIM,-0.7076717286675533,0.1111111111111111,0.6630636913063691
ABCB7,4.10420419421658,0.05555555555555555,0.6630636913063691
UPRT,-1.098771791889786,0.1111111111111111,0.6630636913063691
TTC3P1,-0.1709963280148168,0.8888888888888888,0.9842040002156449
PBDC1,0.20571320700694784,0.5833333333333334,0.9145140606393699
LDHBP2,-1.222628369182397,0.1111111111111111,0.6630636913063691
ATRX,0.3354413500698241,0.8055555555555556,0.9696444353796996
MAGT1,-0.248452694765545,0.4166666666666667,0.8228048921195339
COX7B,0.9726596309121227,0.25,0.7407166969618281
ATP7A,0.10664360488394387,0.8888888888888888,0.9842040002156449
AL356235.1,1.7607056561880392,0.16666666666666666,0.6630636913063691
PGK1,0.09537789206538072,0.8611111111111112,0.9842040002156449
TAF9B,1.594064025033747,0.19444444444444445,0.6998773221170698
CYSLTR1,0.20384598940213028,0.6944444444444444,0.9526327507514194
P2RY10,2.162132599621812,0.19444444444444445,0.6998773221170698
ITM2A,1.380274170639769,0.08333333333333333,0.6630636913063691
BRWD3,0.24825886388598573,0.8333333333333334,0.9696444353796996
HMGN5,0.9351297707470874,0.4166666666666667,0.8228048921195339
SH3BGRL,0.179918333440642,0.4444444444444444,0.8447628037832934
TERF1P4,-1.0532085801393456,0.1111111111111111,0.6630636913063691
HDX,0.24614240713842817,0.8333333333333334,0.9696444353796996
APOOL,-1.6223971183708548,0.16666666666666666,0.6630636913063691
ZNF711,0.8260737097592992,0.75,0.9526327507514194
CHM,-0.34828702501828435,0.6944444444444444,0.9526327507514194
EIF4A1P10,-1.0151335580476761,0.05555555555555555,0.6630636913063691
AL359263.1,2.3324167030446974,0.05555555555555555,0.6630636913063691
ST13P18,0.5142199653799961,0.75,0.9526327507514194
DIAPH2,0.0728747260178082,0.8888888888888888,0.9842040002156449
DIAPH2-AS1,0.6714559688429032,0.75,0.9526327507514194
TSPAN6,0.08119099071655045,0.9722222222222222,1.0
Z73417.1,0.30963962187699057,0.9166666666666666,0.9920484365613835
TRMT2B,2.7243703123401204,0.08333333333333333,0.6630636913063691
TIMM8A,2.503532685128967,0.1111111111111111,0.6630636913063691
BTK,0.21944552510311333,0.4722222222222222,0.8663629460895975
RPL36A,0.675010672437749,0.6666666666666666,0.9393265826953157
GLA,3.753104162011889,0.1111111111111111,0.6630636913063691
HNRNPH2,-0.6603868547337655,0.16666666666666666,0.6630636913063691
ARMCX4,0.2261827334011417,0.9444444444444444,1.0
AC234775.2,-0.05139122479996283,1.0,1.0
ARMCX1,1.1893893273097773,0.6388888888888888,0.9393265826953157
ARMCX3,-0.17778994067594756,0.7222222222222222,0.9526327507514194
ARMCX2,-1.2716187290745515,0.4166666666666667,0.8228048921195339
ZMAT1,2.5261847788145104,0.2777777777777778,0.7530160238642064
BEX5,3.0067707456904342,0.08333333333333333,0.6630636913063691
BEX4,-0.03568051094526492,0.8888888888888888,0.9842040002156449
TCEAL8,-0.07545330280550999,0.8611111111111112,0.9842040002156449
BEX2,2.290385008078329,0.16666666666666666,0.6630636913063691
TCEAL9,3.407774343050435,0.1111111111111111,0.6630636913063691
BEX3,0.300281378238644,0.6666666666666666,0.9393265826953157
TCEAL4,0.013520614245574158,1.0,1.0
TCEAL3,0.32408686637782846,0.5277777777777778,0.8876686975890985
TCEAL1,0.935151542514022,0.7777777777777778,0.9616866541443916
MORF4L2,-0.3634996539988222,0.19444444444444445,0.6998773221170698
FAM199X,-0.15150281346851013,0.8888888888888888,0.9842040002156449
TBC1D8B,0.7599376241008691,0.5833333333333334,0.9145140606393699
RBM41,-1.9047234028734206,0.05555555555555555,0.6630636913063691
AL390039.1,0.21179910211562447,0.9444444444444444,1.0
DNAJA1P3,-0.2979996884002558,1.0,1.0
PRPS1,0.023468765118388468,0.9444444444444444,1.0
TSC22D3,-0.7417584767106327,0.25,0.7407166969618281
PSMD10,0.40409117852046617,0.6388888888888888,0.9393265826953157
ATG4A,-0.24930612161926868,0.5,0.8663629460895975
NXT2,0.7498905076758553,0.6111111111111112,0.9285893964279902
KCNE5,3.127329911847804,0.05555555555555555,0.6630636913063691
ACSL4,0.6520807311504218,0.1111111111111111,0.6630636913063691
TMEM164,0.18811069933083235,0.6111111111111112,0.9285893964279902
AMMECR1,-1.3033406286583302,0.3055555555555556,0.7689432926530413
GNG5P2,1.4248395830792098,0.16666666666666666,0.6630636913063691
EIF4BP7,-1.153345396030677,0.5,0.8663629460895975
ALG13,-0.5576247628877384,0.16666666666666666,0.6630636913063691
AMOT,1.2625755125731666,0.3333333333333333,0.7714672075726842
PLS3,-0.41260852345867804,0.8888888888888888,0.9842040002156449
AC005000.1,-0.4115702450459797,0.8055555555555556,0.9696444353796996
WDR44,-0.8619617578186753,0.1388888888888889,0.6630636913063691
DOCK11,-0.8060328226817335,0.16666666666666666,0.6630636913063691
IL13RA1,0.8808924350992706,0.5833333333333334,0.9145140606393699
LONRF3,0.31417476490127627,1.0,1.0
PGRMC1,2.0943574117395505,0.2777777777777778,0.7530160238642064
SLC25A43,0.23358574386133357,0.9166666666666666,0.9920484365613835
SLC25A5,-0.12724785711682163,0.8611111111111112,0.9842040002156449
CXorf56,0.6614608344860877,0.7777777777777778,0.9616866541443916
UBE2A,1.8982796573370226,0.3611111111111111,0.797730450683016
NKRF,-1.6426652782842321,0.2222222222222222,0.7242375194388904
SEPT6,0.7553056515433312,0.2222222222222222,0.7242375194388904
RPL39,0.146460168267188,0.75,0.9526327507514194
UPF3B,0.027378998694464585,0.9444444444444444,1.0
RNF113A,1.4766998721368103,0.3888888888888889,0.8209476821872752
NDUFA1,-0.30261537825146867,0.5277777777777778,0.8876686975890985
NKAP,-0.3538327942361512,0.3055555555555556,0.7689432926530413
ZBTB33,-0.5781507705242603,0.3888888888888889,0.8209476821872752
LAMP2,-0.7130917885753867,0.1388888888888889,0.6630636913063691
CUL4B,1.200116638660989,0.7222222222222222,0.9526327507514194
MCTS1,1.3231708829094435,0.6388888888888888,0.9393265826953157
C1GALT1C1,2.1149966174713377,0.19444444444444445,0.6998773221170698
THOC2,-0.6128745143279657,0.1111111111111111,0.6630636913063691
XIAP,-0.43036045589802363,0.4444444444444444,0.8447628037832934
STAG2,-0.3424233954793934,0.19444444444444445,0.6998773221170698
SASH3,0.26120166543913825,0.7222222222222222,0.9526327507514194
ZDHHC9,1.3464829226499009,0.3333333333333333,0.7714672075726842
UTP14A,-0.22323301700217968,0.8055555555555556,0.9696444353796996
BCORL1,-0.8569569597667552,0.16666666666666666,0.6630636913063691
ELF4,1.1304335074992302,0.05555555555555555,0.6630636913063691
AIFM1,0.22252024681553717,0.75,0.9526327507514194
RAB33A,3.445203882068032,0.05555555555555555,0.6630636913063691
ZNF280C,0.18805655517040387,0.8333333333333334,0.9696444353796996
SLC25A14,2.195345494769227,0.2222222222222222,0.7242375194388904
RBMX2,-1.3899060225782733,0.08333333333333333,0.6630636913063691
ENOX2,-1.156287423150395,0.3055555555555556,0.7689432926530413
STK26,1.7261031317380087,0.3333333333333333,0.7714672075726842
RAP2C,1.536136558742132,0.4444444444444444,0.8447628037832934
RAP2C-AS1,2.0434875349851316,0.05555555555555555,0.6630636913063691
MBNL3,0.6302784789182052,0.1111111111111111,0.6630636913063691
AL009174.1,-1.647302022596123,0.05555555555555555,0.6630636913063691
PHF6,0.0661531513668665,0.9166666666666666,0.9920484365613835
HPRT1,4.287544276725221,0.05555555555555555,0.6630636913063691
FAM122B,-0.462612372606543,0.2777777777777778,0.7530160238642064
FAM122C,0.6895790952832885,0.5833333333333334,0.9145140606393699
MOSPD1,0.1297131591801164,0.8333333333333334,0.9696444353796996
SMIM10,-1.1929222959420764,0.1388888888888889,0.6630636913063691
RTL8B,-3.6443982721455894,0.08333333333333333,0.6630636913063691
RTL8C,0.5482539617365214,0.08333333333333333,0.6630636913063691
RTL8A,-0.18621878406368353,0.6111111111111112,0.9285893964279902
ZNF75D,1.1329501706136296,0.4722222222222222,0.8663629460895975
INTS6L,-1.4396329764160356,0.05555555555555555,0.6630636913063691
MMGT1,1.0667542229766571,0.1111111111111111,0.6630636913063691
SLC9A6,2.7162210755330762,0.05555555555555555,0.6630636913063691
FHL1,2.883114242026468,0.1388888888888889,0.6630636913063691
MAP7D3,2.6037919653606054,0.1111111111111111,0.6630636913063691
HTATSF1,0.2604561423565279,0.6111111111111112,0.9285893964279902
LINC00892,2.3189300926776304,0.05555555555555555,0.6630636913063691
ARHGEF6,0.32615006285016257,0.05555555555555555,0.6630636913063691
AL683813.1,1.218825554179146,0.25,0.7407166969618281
RBMX,-0.43477404773529393,0.3611111111111111,0.797730450683016
SRRM1P3,-0.7478703342341739,0.4444444444444444,0.8447628037832934
ATP11C,-0.20299042955601632,0.7222222222222222,0.9526327507514194
LDOC1,2.1154852834953966,0.25,0.7407166969618281
FMR1,-0.4403733252002002,0.6944444444444444,0.9526327507514194
FTH1P8,-0.5002371667221475,0.3055555555555556,0.7689432926530413
AFF2,0.1441758958054118,0.75,0.9526327507514194
IDS,0.5144228670109836,0.2777777777777778,0.7530160238642064
LINC00893,0.3930638328435535,0.8333333333333334,0.9696444353796996
CXorf40A,1.6851234597743354,0.1388888888888889,0.6630636913063691
TMEM185A,2.008464258910344,0.16666666666666666,0.6630636913063691
CXorf40B,1.2859299249060552,0.4166666666666667,0.8228048921195339
XRCC6P2,0.9309626723759298,0.4166666666666667,0.8228048921195339
MTM1,1.7509607017682014,0.1111111111111111,0.6630636913063691
MTMR1,0.18409947650939795,0.8888888888888888,0.9842040002156449
CD99L2,0.22341290758460808,0.4722222222222222,0.8663629460895975
HMGB3,2.943736123865062,0.05555555555555555,0.6630636913063691
VMA21,1.2929740590552106,0.1388888888888889,0.6630636913063691
CETN2,1.375802982637207,0.2777777777777778,0.7530160238642064
NSDHL,0.2940876019223535,0.9444444444444444,1.0
PNMA6A,-1.158648865456113,0.7222222222222222,0.9526327507514194
ZNF275,-0.038395010058732915,0.9444444444444444,1.0
CCNQ,4.05475466542001,0.05555555555555555,0.6630636913063691
BCAP31,0.20671149561804025,0.6111111111111112,0.9285893964279902
ABCD1,2.896503753048533,0.16666666666666666,0.6630636913063691
IDH3G,0.6923194542660829,0.08333333333333333,0.6630636913063691
SSR4,1.0887107148444626,0.19444444444444445,0.6998773221170698
CYCSP45,2.0904939516818235,0.2777777777777778,0.7530160238642064
L1CAM,2.027035100365,0.3055555555555556,0.7689432926530413
ARHGAP4,0.7085044867111598,0.5555555555555556,0.9063324119086202
NAA10,2.240482422566982,0.08333333333333333,0.6630636913063691
RENBP,1.8438545064083178,0.3888888888888889,0.8209476821872752
HCFC1,-0.049454571977881834,0.8611111111111112,0.9842040002156449
TMEM187,-0.5762081679248996,0.9444444444444444,1.0
IRAK1,0.1372759038062883,0.7777777777777778,0.9616866541443916
MECP2,-0.31552217283531014,0.4166666666666667,0.8228048921195339
FLNA,2.5960604919508956,0.1111111111111111,0.6630636913063691
EMD,0.02531627424645766,0.9444444444444444,1.0
RPL10,-0.35201691300044047,0.2777777777777778,0.7530160238642064
DNASE1L1,0.714688982637006,0.6666666666666666,0.9393265826953157
TAZ,0.3611061733028724,0.8333333333333334,0.9696444353796996
ATP6AP1,-0.27677655729802275,0.19444444444444445,0.6998773221170698
GDI1,0.37190534580690926,0.6111111111111112,0.9285893964279902
FAM50A,2.772647102430245,0.19444444444444445,0.6998773221170698
PLXNA3,4.099852943903728,0.05555555555555555,0.6630636913063691
LAGE3,1.6285011593590397,0.25,0.7407166969618281
UBL4A,-1.6782263680074037,0.2777777777777778,0.7530160238642064
SLC10A3,1.3399195310453114,0.4722222222222222,0.8663629460895975
FAM3A,1.7903064790033123,0.25,0.7407166969618281
G6PD,1.664073366545359,0.5,0.8663629460895975
GAB3,-0.6028845893255221,0.2777777777777778,0.7530160238642064
DKC1,-0.40856193511624106,0.3055555555555556,0.7689432926530413
MPP1,0.36624860628996636,0.1388888888888889,0.6630636913063691
F8,2.024601818061717,0.16666666666666666,0.6630636913063691
F8A1,1.8816321110929968,0.2222222222222222,0.7242375194388904
FUNDC2,0.03207697965452372,0.8888888888888888,0.9842040002156449
BRCC3,-0.12878411712206805,0.7222222222222222,0.9526327507514194
VBP1,1.1433068762853082,0.19444444444444445,0.6998773221170698
RAB39B,0.275291555851946,0.8333333333333334,0.9696444353796996
CLIC2,0.5985516949256733,0.8333333333333334,0.9696444353796996
AC234781.3,1.3111009572906305,0.3611111111111111,0.797730450683016
TMLHE,0.12719339979999034,1.0,1.0
VAMP7,-0.2785361656810812,0.6388888888888888,0.9393265826953157
WASH6P,0.14952703065268436,1.0,1.0
FBXO25,-1.4411163082943252,0.1111111111111111,0.6630636913063691
ERICH1,-0.5400599641916477,0.08333333333333333,0.6630636913063691
CLN8,-0.78664959061053,0.4444444444444444,0.8447628037832934
AC100810.1,2.466877445091698,0.3055555555555556,0.7689432926530413
MYOM2,0.710356890267713,0.5833333333333334,0.9145140606393699
MCPH1,-1.4036193757460822,0.08333333333333333,0.6630636913063691
ANGPT2,0.17526386808732308,1.0,1.0
AGPAT5,1.9424931338274054,0.3055555555555556,0.7689432926530413
PRAG1,0.16039623859389263,0.7222222222222222,0.9526327507514194
CLDN23,0.011336002159439529,1.0,1.0
MFHAS1,0.43893718263531234,0.2777777777777778,0.7530160238642064
ERI1,0.3121538439637894,0.8333333333333334,0.9696444353796996
PPP1R3B,-0.1921635993146067,0.7222222222222222,0.9526327507514194
TNKS,0.2802860972943435,0.9444444444444444,1.0
MSRA,-0.3886778310599439,0.3055555555555556,0.7689432926530413
PINX1,2.010505098121766,0.16666666666666666,0.6630636913063691
XKR6,2.2094928062008483,0.16666666666666666,0.6630636913063691
MTMR9,0.6841874970446962,0.7777777777777778,0.9616866541443916
NEIL2,-0.30960832903308644,0.8888888888888888,0.9842040002156449
SUB1P1,0.6698448241363173,0.6666666666666666,0.9393265826953157
FDFT1,-0.8973721480182739,0.1388888888888889,0.6630636913063691
CTSB,0.5879600268190561,0.19444444444444445,0.6998773221170698
AC068587.6,2.2189709786420275,0.16666666666666666,0.6630636913063691
LONRF1,1.3102616046058824,0.6944444444444444,0.9526327507514194
KIAA1456,1.8600806401877508,0.16666666666666666,0.6630636913063691
DLC1,-0.42948483674086546,0.4166666666666667,0.8228048921195339
MICU3,-1.591905011711974,0.4166666666666667,0.8228048921195339
ZDHHC2,-0.25239275082009893,0.6666666666666666,0.9393265826953157
CNOT7,0.37204431724592624,0.75,0.9526327507514194
VPS37A,-0.6598447933238303,0.1111111111111111,0.6630636913063691
MTMR7,-0.8364645985434448,0.7222222222222222,0.9526327507514194
PCM1,-0.623256908311542,0.16666666666666666,0.6630636913063691
ASAH1,-0.7206463332533701,0.16666666666666666,0.6630636913063691
NAT1,0.7507516584007512,0.75,0.9526327507514194
CSGALNACT1,0.15333809636685358,1.0,1.0
INTS10,1.4719577090879548,0.4166666666666667,0.8228048921195339
ATP6V1B2,2.3403819069147764,0.1388888888888889,0.6630636913063691
DOK2,1.7607056561880392,0.16666666666666666,0.6630636913063691
XPO7,0.7550431164844333,0.1111111111111111,0.6630636913063691
DMTN,2.7319108950429416,0.08333333333333333,0.6630636913063691
FAM160B2,1.7392319275511814,0.2222222222222222,0.7242375194388904
REEP4,3.4356697315092326,0.1111111111111111,0.6630636913063691
BMP1,1.6687972240150848,0.05555555555555555,0.6630636913063691
POLR3D,1.492154747911226,0.3611111111111111,0.797730450683016
SLC39A14,3.246676581991052,0.05555555555555555,0.6630636913063691
PPP3CC,1.7618693651790558,0.16666666666666666,0.6630636913063691
SORBS3,1.8241019463594588,0.5,0.8663629460895975
PDLIM2,0.691309791061534,0.7777777777777778,0.9616866541443916
C8orf58,-0.6558692661892773,0.8888888888888888,0.9842040002156449
CCAR2,0.12838897744999356,0.9444444444444444,1.0
EGR3,0.00018422194023681726,1.0,1.0
RHOBTB2,-0.025246528233099585,1.0,1.0
TNFRSF10B,1.1266530608027492,0.3333333333333333,0.7714672075726842
TNFRSF10D,0.38371983798143594,0.5277777777777778,0.8876686975890985
TNFRSF10A-AS1,-0.4624277261550631,0.8888888888888888,0.9842040002156449
TNFRSF10A,-0.20495068944337635,0.7777777777777778,0.9616866541443916
CHMP7,0.9396323561298461,0.6944444444444444,0.9526327507514194
R3HCC1,2.7072380896116,0.08333333333333333,0.6630636913063691
LOXL2,0.6800625648446068,0.5833333333333334,0.9145140606393699
ENTPD4,0.1424034922080386,0.6388888888888888,0.9393265826953157
SLC25A37,1.6664135400787425,0.3333333333333333,0.7714672075726842
ADAM28,0.7535809982241497,0.75,0.9526327507514194
DOCK5,0.6641099840303246,0.1111111111111111,0.6630636913063691
KCTD9,1.3805339252634048,0.3333333333333333,0.7714672075726842
PPP2R2A,-0.4718912051523336,0.16666666666666666,0.6630636913063691
BNIP3L,-0.7803047990136749,0.16666666666666666,0.6630636913063691
DPYSL2,0.11045960635483265,0.9444444444444444,1.0
TRIM35,-2.301414142758822,0.16666666666666666,0.6630636913063691
PTK2B,3.0073432413320966,0.05555555555555555,0.6630636913063691
EPHX2,-0.5488614966946335,0.8888888888888888,0.9842040002156449
CLU,1.4898699886543554,0.05555555555555555,0.6630636913063691
CCDC25,-0.025392224740354408,0.9722222222222222,1.0
ESCO2,2.429345916988856,0.16666666666666666,0.6630636913063691
PBK,2.3934524978921448,0.16666666666666666,0.6630636913063691
ELP3,3.3587960525210243,0.1111111111111111,0.6630636913063691
ZNF395,1.255506687905056,0.7777777777777778,0.9616866541443916
FZD3,1.1626520034713868,0.6388888888888888,0.9393265826953157
EXTL3,0.9595664329040208,0.7777777777777778,0.9616866541443916
EXTL3-AS1,-0.6567968867353735,0.8888888888888888,0.9842040002156449
INTS9,2.990103625449245,0.05555555555555555,0.6630636913063691
HMBOX1,0.05374168491325548,1.0,1.0
KIF13B,-0.8471186749180477,0.16666666666666666,0.6630636913063691
DUSP4,2.390478904330037,0.3333333333333333,0.7714672075726842
SARAF,-0.3718414571220059,0.4444444444444444,0.8447628037832934
LEPROTL1,0.04909804748098612,0.8888888888888888,0.9842040002156449
RPS15AP24,-0.5288248377438043,0.4722222222222222,0.8663629460895975
DCTN6,2.8657359767194976,0.1111111111111111,0.6630636913063691
GTF2E2,1.018609664441748,0.6944444444444444,0.9526327507514194
GSR,0.7717095299783541,0.1111111111111111,0.6630636913063691
UBXN8,1.4850512497181816,0.1111111111111111,0.6630636913063691
PPP2CB,-0.3937990689853086,0.2777777777777778,0.7530160238642064
TEX15,-0.5788064855867456,0.8333333333333334,0.9696444353796996
AC090281.1,-0.21403853513473647,0.9444444444444444,1.0
WRN,0.08607405976462656,0.9444444444444444,1.0
FUT10,-1.27991436706289,0.4722222222222222,0.8663629460895975
MAK16,3.5222971912013428,0.08333333333333333,0.6630636913063691
RNF122,0.7634539318596604,0.8333333333333334,0.9696444353796996
AC087343.1,-1.1058239718618266,0.4166666666666667,0.8228048921195339
LSM12P1,2.352565500834146,0.08333333333333333,0.6630636913063691
ZNF703,2.215292560019125,0.16666666666666666,0.6630636913063691
ERLIN2,-1.2721656275996969,0.1388888888888889,0.6630636913063691
PLPBP,-0.14298624641139135,0.8888888888888888,0.9842040002156449
RAB11FIP1,0.8161887469413407,0.75,0.9526327507514194
EIF4EBP1,2.1334881097615535,0.19444444444444445,0.6998773221170698
ASH2L,-0.7545765185017865,0.3888888888888889,0.8209476821872752
LSM1,0.40396835850512447,0.75,0.9526327507514194
BAG4,0.46419282433688025,0.4722222222222222,0.8663629460895975
DDHD2,0.8842602681293985,0.7777777777777778,0.9616866541443916
PLPP5,0.2748585954864522,0.6111111111111112,0.9285893964279902
NSD3,-0.1989039382188187,0.5277777777777778,0.8876686975890985
LETM2,-1.1979951633857238,0.4722222222222222,0.8663629460895975
FGFR1,3.1571207887200097,0.05555555555555555,0.6630636913063691
TACC1,-0.2619668875425578,0.1111111111111111,0.6630636913063691
PLEKHA2,-0.5008364603895972,0.19444444444444445,0.6998773221170698
TM2D2,-1.5282593259929662,0.05555555555555555,0.6630636913063691
ADAM9,1.733620553731238,0.3055555555555556,0.7689432926530413
GOLGA7,-0.11607334441757011,0.8333333333333334,0.9696444353796996
GPAT4,0.8875672702936512,0.2222222222222222,0.7242375194388904
KAT6A,1.6442160625620579,0.5833333333333334,0.9145140606393699
AP3M2,1.1835782551330782,0.4166666666666667,0.8228048921195339
PLAT,-0.24204176029218338,0.6388888888888888,0.9393265826953157
IKBKB,-0.32425667836158656,0.3611111111111111,0.797730450683016
POLB,0.7770656716031694,0.7777777777777778,0.9616866541443916
RPL5P23,-0.6306825614883227,0.7222222222222222,0.9526327507514194
VDAC3,1.3262007431455665,0.05555555555555555,0.6630636913063691
SLC20A2,2.6257548703308418,0.1111111111111111,0.6630636913063691
SMIM19,-0.08462746597932114,0.9166666666666666,0.9920484365613835
THAP1,2.6059861235053727,0.08333333333333333,0.6630636913063691
RNF170,1.452793333665496,0.3333333333333333,0.7714672075726842
HOOK3,0.12173339856173282,0.7777777777777778,0.9616866541443916
FNTA,-0.7245522196758714,0.19444444444444445,0.6998773221170698
HGSNAT,-0.2636064429753189,0.5,0.8663629460895975
RPL10AP2,0.37746022017282366,0.8888888888888888,0.9842040002156449
SPIDR,-1.630750818539072,0.1388888888888889,0.6630636913063691
CEBPD,0.9327087177815458,0.6666666666666666,0.9393265826953157
PRKDC,-0.10562965425745485,0.75,0.9526327507514194
MCM4,2.935328129081479,0.1388888888888889,0.6630636913063691
UBE2V2,1.178186750258429,0.75,0.9526327507514194
PCMTD1,-0.5537369361693152,0.2222222222222222,0.7242375194388904
RB1CC1,-0.3880317205990371,0.6111111111111112,0.9285893964279902
ATP6V1H,0.48300938087249445,0.16666666666666666,0.6630636913063691
TCEA1,0.220802746939186,0.5,0.8663629460895975
LYPLA1,-1.1832853993174028,0.19444444444444445,0.6998773221170698
MRPL15,0.7765444317793855,0.75,0.9526327507514194
SEC11B,-0.9206811362134175,0.19444444444444445,0.6998773221170698
TMEM68,2.238122668251349,0.16666666666666666,0.6630636913063691
TGS1,-0.4183001565336655,0.5,0.8663629460895975
LYN,0.09147917756663837,0.7222222222222222,0.9526327507514194
AC046176.1,0.5570941116724808,0.75,0.9526327507514194
RPS20,-0.26633713491353284,0.3888888888888889,0.8209476821872752
PLAG1,0.1885016734749324,1.0,1.0
CHCHD7,-0.35224187292199893,0.8888888888888888,0.9842040002156449
RPL37P6,1.2776378819418421,0.3333333333333333,0.7714672075726842
IMPAD1,-0.34693893619162175,0.19444444444444445,0.6998773221170698
UBXN2B,-0.24626418487128987,0.75,0.9526327507514194
SDCBP,0.464199989422859,0.2777777777777778,0.7530160238642064
NSMAF,0.059683207159814344,0.9166666666666666,0.9920484365613835
TOX,-0.18718624016443286,0.75,0.9526327507514194
AC090152.1,0.2885949605033167,0.7222222222222222,0.9526327507514194
RAB2A,-0.5579595542336984,0.1388888888888889,0.6630636913063691
CHD7,1.2254382357594595,0.1388888888888889,0.6630636913063691
AC022182.1,0.8489732797795166,0.3333333333333333,0.7714672075726842
AC022182.3,2.191328954178516,0.16666666666666666,0.6630636913063691
AC022182.2,0.15428171870830143,1.0,1.0
NPM1P6,-1.394454015029095,0.2222222222222222,0.7242375194388904
ASPH,-2.2275286284475553,0.1111111111111111,0.6630636913063691
GGH,-0.2903623102071662,0.9444444444444444,1.0
YTHDF3,-0.7294191250404296,0.25,0.7407166969618281
CYP7B1,0.5220373371572538,0.75,0.9526327507514194
ARMC1,-0.603152443908411,0.16666666666666666,0.6630636913063691
MTFR1,1.5696141249968094,0.2777777777777778,0.7530160238642064
PDE7A,-0.36869562741577155,0.4444444444444444,0.8447628037832934
RRS1,1.2447199085106684,0.4722222222222222,0.8663629460895975
MYBL1,-2.985432512124341,0.2777777777777778,0.7530160238642064
VCPIP1,0.0983268767280725,0.9166666666666666,0.9920484365613835
C8orf44,-0.73699768958269,0.7222222222222222,0.9526327507514194
SGK3,-0.16633069676074186,0.7777777777777778,0.9616866541443916
SNHG6,1.037035923940925,0.2222222222222222,0.7242375194388904
COPS5,-0.3073565100702256,0.5555555555555556,0.9063324119086202
CSPP1,-0.026576594271629617,1.0,1.0
ARFGEF1,0.2279431235341196,0.6666666666666666,0.9393265826953157
AF201337.1,0.9407876219076563,0.8333333333333334,0.9696444353796996
NCOA2,0.9851197251280195,0.8333333333333334,0.9696444353796996
TRAM1,-0.3707902082239958,0.3055555555555556,0.7689432926530413
LACTB2,0.7859103289669607,0.5833333333333334,0.9145140606393699
TERF1,-0.26516140096275453,0.5277777777777778,0.8876686975890985
RPL7,-1.662635168603133,0.2222222222222222,0.7242375194388904
RDH10,1.5949827423273342,0.4166666666666667,0.8228048921195339
STAU2,1.1101004994755175,0.7777777777777778,0.9616866541443916
UBE2W,0.4465681529138763,0.8333333333333334,0.9696444353796996
ELOC,-0.8959592513767358,0.1111111111111111,0.6630636913063691
TMEM70,1.5621136961899391,0.4722222222222222,0.8663629460895975
LY96,1.5609189480634813,0.3333333333333333,0.7714672075726842
GDAP1,3.1411376529271866,0.05555555555555555,0.6630636913063691
AC115837.1,-0.07716020909777122,0.9166666666666666,0.9920484365613835
CRISPLD1,-0.03429108114965329,1.0,1.0
PEX2,1.9124791736119282,0.2222222222222222,0.7242375194388904
PKIA,1.8832249892341917,0.16666666666666666,0.6630636913063691
ZC2HC1A,0.49285664933968576,0.8055555555555556,0.9696444353796996
THAP12P7,0.5247460473385333,0.6666666666666666,0.9393265826953157
HEY1,-0.06410693502853793,0.9722222222222222,1.0
MRPS28,-0.3753542031042887,0.7777777777777778,0.9616866541443916
AC036214.2,-1.3930109063925693,0.3055555555555556,0.7689432926530413
TPD52,0.3547334752763903,0.8333333333333334,0.9696444353796996
ZBTB10,-1.582471854562172,0.08333333333333333,0.6630636913063691
ZNF704,-1.5737088646170072,0.05555555555555555,0.6630636913063691
PAG1,-0.7242078075417764,0.05555555555555555,0.6630636913063691
UBE2HP1,0.4600904393330657,0.8333333333333334,0.9696444353796996
FTH1P11,-0.7662391380503157,0.1388888888888889,0.6630636913063691
IMPA1,-0.6987243879686869,0.08333333333333333,0.6630636913063691
ZFAND1,-0.0914411247621052,0.8055555555555556,0.9696444353796996
CHMP4C,1.5886449460969385,0.3333333333333333,0.7714672075726842
SNX16,0.8509245382067079,0.6666666666666666,0.9393265826953157
LRRCC1,-0.6130053510952447,0.6388888888888888,0.9393265826953157
E2F5,0.2900321264367428,0.8333333333333334,0.9696444353796996
C8orf59,-0.4966730729242217,0.5,0.8663629460895975
WWP1,-1.2064718946419903,0.05555555555555555,0.6630636913063691
RMDN1,0.7011465537288046,0.6111111111111112,0.9285893964279902
CPNE3,-1.8484489029073763,0.3611111111111111,0.797730450683016
AF117829.1,0.776922143685388,0.5,0.8663629460895975
RIPK2,0.4472467454541844,0.2777777777777778,0.7530160238642064
OSGIN2,-0.8201690467220608,0.2222222222222222,0.7242375194388904
NBN,-0.16601800612451978,0.75,0.9526327507514194
DECR1,0.12617528522920285,0.8055555555555556,0.9696444353796996
TMEM64,-0.9998396462224939,0.2777777777777778,0.7530160238642064
NECAB1,1.8802239456162757,0.16666666666666666,0.6630636913063691
PIP4P2,1.7516489808276163,0.16666666666666666,0.6630636913063691
OTUD6B-AS1,0.4770758634112955,0.6388888888888888,0.9393265826953157
OTUD6B,2.109295440494486,0.16666666666666666,0.6630636913063691
TRIQK,1.3135290882776913,0.5555555555555556,0.9063324119086202
FAM92A,1.3088974665106596,0.4166666666666667,0.8228048921195339
RBM12B,-0.6425878171120099,0.3611111111111111,0.797730450683016
PDP1,0.5386337844539586,0.5,0.8663629460895975
RPL34P18,-0.08030902644963156,0.9444444444444444,1.0
GEM,3.3322105945816145,0.05555555555555555,0.6630636913063691
VIRMA,0.9755487899182436,0.8611111111111112,0.9842040002156449
DPY19L4,-0.3834740697249659,0.5277777777777778,0.8876686975890985
INTS8,0.9995209500824958,0.5277777777777778,0.8876686975890985
NDUFAF6,0.9466511174303489,0.5833333333333334,0.9145140606393699
TP53INP1,0.08103954587289053,0.8888888888888888,0.9842040002156449
MIR3150BHG,0.2254046748086853,1.0,1.0
PLEKHF2,0.6139688127703389,0.3611111111111111,0.797730450683016
UQCRB,0.01386625578291234,0.9722222222222222,1.0
MTERF3,1.836295894387669,0.16666666666666666,0.6630636913063691
PTDSS1,0.5316835180639234,0.05555555555555555,0.6630636913063691
CPQ,-0.23816351591237517,0.7222222222222222,0.9526327507514194
MTDH,0.295244896672914,0.3611111111111111,0.797730450683016
LAPTM4B,1.2652575511307362,0.5833333333333334,0.9145140606393699
RPS23P1,-0.8478490738893112,0.5,0.8663629460895975
RPL30,-0.3726234546156144,0.4444444444444444,0.8447628037832934
RIDA,2.2245894886230886,0.16666666666666666,0.6630636913063691
POP1,1.1723565419576158,0.5,0.8663629460895975
NIPAL2,0.8056769525612357,0.1111111111111111,0.6630636913063691
STK3,-1.4240617088387055,0.05555555555555555,0.6630636913063691
VPS13B,-0.8456175295072024,0.05555555555555555,0.6630636913063691
COX6C,0.4445972924035342,0.3888888888888889,0.8209476821872752
FBXO43,1.9942526517563972,0.16666666666666666,0.6630636913063691
POLR2K,0.021320304553893443,0.9444444444444444,1.0
SPAG1,1.6207251584313336,0.19444444444444445,0.6998773221170698
RNF19A,-0.5021292429747044,0.25,0.7407166969618281
ANKRD46,0.974861132559798,0.5833333333333334,0.9145140606393699
PABPC1,-0.25822790444353316,0.2222222222222222,0.7242375194388904
YWHAZ,0.00863748005496312,0.9722222222222222,1.0
ZNF706,0.3783346010676718,0.7222222222222222,0.9526327507514194
NACAP1,2.0114701410610087,0.16666666666666666,0.6630636913063691
RRM2B,1.0876477753261087,0.8333333333333334,0.9696444353796996
UBR5-AS1,2.7539427168164092,0.05555555555555555,0.6630636913063691
UBR5,-1.0649076756137976,0.1111111111111111,0.6630636913063691
KLF10,-0.14712220676767096,0.8888888888888888,0.9842040002156449
GASAL1,-0.8411643671566329,0.5833333333333334,0.9145140606393699
AZIN1,-0.3496500907468487,0.16666666666666666,0.6630636913063691
ATP6V1C1,0.19642794383560602,0.4722222222222222,0.8663629460895975
FZD6,-0.22957108715316732,1.0,1.0
SLC25A32,-0.5284007079263935,0.5277777777777778,0.8876686975890985
DCAF13,-0.4862297693285891,0.3055555555555556,0.7689432926530413
LRP12,2.284318480111083,0.1111111111111111,0.6630636913063691
AC027031.2,2.6125658749438587,0.05555555555555555,0.6630636913063691
OXR1,0.09053107945952554,0.9166666666666666,0.9920484365613835
TAGLN2P1,1.1536619542229711,0.5,0.8663629460895975
EIF3E,-0.37601492842088735,0.4166666666666667,0.8228048921195339
EMC2,1.7383708189817244,0.1388888888888889,0.6630636913063691
NUDCD1,2.7842661450939685,0.08333333333333333,0.6630636913063691
ENY2,0.18196785831717044,0.8055555555555556,0.9696444353796996
EBAG9,-0.54198842805339,0.5833333333333334,0.9145140606393699
TRPS1,-0.4683695439491986,0.3611111111111111,0.797730450683016
EIF3H,0.41710493354367895,0.3333333333333333,0.7714672075726842
UTP23,0.20738839989628577,0.9722222222222222,1.0
RAD21,-0.2822592504061969,0.4722222222222222,0.8663629460895975
RAD21-AS1,-0.5064496855821337,0.7222222222222222,0.9526327507514194
AARD,2.0959200390978867,0.05555555555555555,0.6630636913063691
MED30,-1.1882543809222956,0.5555555555555556,0.9063324119086202
EXT1,-0.8922249863812963,0.1111111111111111,0.6630636913063691
NOV,0.7477550371031549,0.7222222222222222,0.9526327507514194
ENPP2,-0.2104169341743467,0.5833333333333334,0.9145140606393699
TAF2,2.07954991424934,0.16666666666666666,0.6630636913063691
DSCC1,0.7631954039677331,0.6111111111111112,0.9285893964279902
DEPTOR,-1.0185548248981657,0.1388888888888889,0.6630636913063691
AC091563.1,0.40685857323197006,0.75,0.9526327507514194
COL14A1,0.9923543515691835,0.6666666666666666,0.9393265826953157
MRPL13,-0.121307748958694,0.9166666666666666,0.9920484365613835
ZHX2,-0.9188911900815206,0.3055555555555556,0.7689432926530413
DERL1,1.3470350657975425,0.75,0.9526327507514194
TBC1D31,1.9789301435336184,0.2777777777777778,0.7530160238642064
C8orf76,1.9428439369392685,0.19444444444444445,0.6998773221170698
ZHX1,-0.17641459874178178,0.6944444444444444,0.9526327507514194
ATAD2,1.6642451210919664,0.3333333333333333,0.7714672075726842
WDYHV1,2.1080706307944386,0.16666666666666666,0.6630636913063691
FBXO32,0.8811193978825275,0.3333333333333333,0.7714672075726842
FAM91A1,-0.7203238583998184,0.1111111111111111,0.6630636913063691
TMEM65,1.7231434293885215,0.16666666666666666,0.6630636913063691
TRMT12,2.090587856700207,0.16666666666666666,0.6630636913063691
RNF139,1.252098017141975,0.6944444444444444,0.9526327507514194
TATDN1,2.753416901682645,0.08333333333333333,0.6630636913063691
NDUFB9,-0.5939804474655386,0.4166666666666667,0.8228048921195339
MTSS1,1.431012254302281,0.5555555555555556,0.9063324119086202
SQLE,1.4144765149451173,0.4166666666666667,0.8228048921195339
WASHC5,1.54299622782424,0.05555555555555555,0.6630636913063691
NSMCE2,0.0852776682410612,0.8888888888888888,0.9842040002156449
TRIB1,2.0625065841708796,0.4166666666666667,0.8228048921195339
LINC00861,0.326292905616685,0.8333333333333334,0.9696444353796996
MYC,1.6707193572349177,0.2777777777777778,0.7530160238642064
PVT1,2.1169420480746877,0.19444444444444445,0.6998773221170698
FAM49B,-0.35512472154663577,0.5,0.8663629460895975
ASAP1,0.15428305173902412,0.8055555555555556,0.9696444353796996
EFR3A,2.154301235571266,0.1388888888888889,0.6630636913063691
PHF20L1,1.9973159930964597,0.3611111111111111,0.797730450683016
SLA,0.43813905075768744,0.5277777777777778,0.8876686975890985
NDRG1,1.0064567322316744,0.3055555555555556,0.7689432926530413
ST13P6,-1.2992330065227913,0.1111111111111111,0.6630636913063691
ST3GAL1,0.162740036297091,0.7777777777777778,0.9616866541443916
KHDRBS3,-1.111266931156011,0.4166666666666667,0.8228048921195339
TRAPPC9,0.9810226272943838,0.75,0.9526327507514194
CHRAC1,1.093080095131088,0.8055555555555556,0.9696444353796996
AGO2,0.917322016995362,0.05555555555555555,0.6630636913063691
PTK2,-0.33117026649253756,0.5833333333333334,0.9145140606393699
DENND3,1.9818248260966382,0.16666666666666666,0.6630636913063691
SLC45A4,2.010505098121766,0.16666666666666666,0.6630636913063691
PTP4A3,0.6470898918935755,0.6666666666666666,0.9393265826953157
JRK,1.1585474409491798,0.4166666666666667,0.8228048921195339
THEM6,-1.334342548430072,0.4166666666666667,0.8228048921195339
LYNX1,0.6609570168204029,0.6666666666666666,0.9393265826953157
LY6E,1.2074013023503336,0.5277777777777778,0.8876686975890985
ZFP41,0.7459179000575629,0.6666666666666666,0.9393265826953157
MINCR,1.9094278265315976,0.16666666666666666,0.6630636913063691
TOP1MT,-0.6266559396083684,0.5833333333333334,0.9145140606393699
ZC3H3,0.5446951978834655,0.6666666666666666,0.9393265826953157
GSDMD,1.780711733250741,0.3333333333333333,0.7714672075726842
NAPRT,2.3304858642296944,0.16666666666666666,0.6630636913063691
TSTA3,1.5726146207915892,0.4166666666666667,0.8228048921195339
ZNF623,2.6124376857426452,0.05555555555555555,0.6630636913063691
ZNF707,2.0922925217997697,0.16666666666666666,0.6630636913063691
SCRIB,3.1172596814057756,0.05555555555555555,0.6630636913063691
PUF60,0.7421129921382734,0.3055555555555556,0.7689432926530413
NRBP2,1.3607005315823166,0.3333333333333333,0.7714672075726842
PLEC,4.013319707577949,0.1388888888888889,0.6630636913063691
PARP10,1.7687463351816821,0.3333333333333333,0.7714672075726842
GRINA,0.9374623796996779,0.6666666666666666,0.9393265826953157
EXOSC4,2.4806934110320484,0.16666666666666666,0.6630636913063691
GPAA1,0.11743095063647857,0.7222222222222222,0.9526327507514194
CYC1,2.1865187989928114,0.08333333333333333,0.6630636913063691
SHARPIN,1.971738977909594,0.05555555555555555,0.6630636913063691
MAF1,1.9515849575565425,0.25,0.7407166969618281
HGH1,-0.03239501310345494,0.9722222222222222,1.0
MROH1,0.8567021990123531,0.5833333333333334,0.9145140606393699
BOP1,2.548970008264955,0.05555555555555555,0.6630636913063691
HSF1,0.16527249009625278,0.8888888888888888,0.9842040002156449
SLC52A2,1.8917377754765479,0.3333333333333333,0.7714672075726842
CPSF1,1.4618816987884515,0.3888888888888889,0.8209476821872752
SLC39A4,0.856985889719645,0.3055555555555556,0.7689432926530413
VPS28,0.5017450799040715,0.5,0.8663629460895975
TONSL,0.5370236483196488,0.6666666666666666,0.9393265826953157
CYHR1,-0.020694999047223828,1.0,1.0
LRRC14,0.584276271946444,0.7222222222222222,0.9526327507514194
C8orf82,0.15323468143434749,0.7777777777777778,0.9616866541443916
ZNF251,-1.2579815377348034,0.08333333333333333,0.6630636913063691
ZNF34,0.026925644879840727,1.0,1.0
RPL8,0.33676070660899704,0.6944444444444444,0.9526327507514194
ZNF517,2.087787862442574,0.16666666666666666,0.6630636913063691
ZNF7,2.2157413004716338,0.1388888888888889,0.6630636913063691
COMMD5,0.9268061120648157,0.6111111111111112,0.9285893964279902
ZNF250,-0.42658411004012997,0.7222222222222222,0.9526327507514194
ZNF252P,2.1771744598421203,0.16666666666666666,0.6630636913063691
C8orf33,1.00518455517514,0.6388888888888888,0.9393265826953157
WASHC1,0.5812908344834009,0.8333333333333334,0.9696444353796996
CBWD1,-1.151101310978083,0.5277777777777778,0.8876686975890985
DOCK8,1.8847427130487846,0.4444444444444444,0.8447628037832934
SMARCA2,-0.7815662373783665,0.1111111111111111,0.6630636913063691
PUM3,1.5976540966530108,0.19444444444444445,0.6998773221170698
ATP5HP2,-0.2203175416285923,0.8888888888888888,0.9842040002156449
RFX3,-0.36194831785303894,0.6111111111111112,0.9285893964279902
CDC37L1,0.6776088402437326,0.75,0.9526327507514194
AK3,-0.5264464265803364,0.5277777777777778,0.8876686975890985
RCL1,-0.05913216298526436,0.9444444444444444,1.0
JAK2,0.8943614641346493,0.8611111111111112,0.9842040002156449
PLGRKT,-0.18071008108639397,0.9444444444444444,1.0
CD274,-2.1023165599765026,0.2222222222222222,0.7242375194388904
PDCD1LG2,2.2184804709763157,0.16666666666666666,0.6630636913063691
RIC1,2.6716911499555582,0.16666666666666666,0.6630636913063691
ERMP1,2.5916821125521463,0.05555555555555555,0.6630636913063691
KIAA2026,0.5153661537298468,0.3888888888888889,0.8209476821872752
RANBP6,-0.684507708904678,0.2222222222222222,0.7242375194388904
UHRF2,0.2292661340894684,0.8333333333333334,0.9696444353796996
KDM4C,-0.8698781499924992,0.16666666666666666,0.6630636913063691
SNRPEP2,0.9939303973512073,0.5277777777777778,0.8876686975890985
RPL4P5,-1.6208748509730886,0.19444444444444445,0.6998773221170698
DMAC1,0.19390769849667056,0.8888888888888888,0.9842040002156449
RPS26P3,-0.32286572952996817,1.0,1.0
LURAP1L,-0.5640536597850496,0.6666666666666666,0.9393265826953157
PRDX1P1,-1.1885367026352598,0.4722222222222222,0.8663629460895975
MPDZ,-2.3351231953986638,0.2777777777777778,0.7530160238642064
NFIB,2.4836858986313217,0.16666666666666666,0.6630636913063691
AL159169.2,-0.1759780335345018,1.0,1.0
ZDHHC21,1.7276087570372671,0.25,0.7407166969618281
FREM1,-2.616701792064832,0.05555555555555555,0.6630636913063691
AL592293.2,1.925567601098488,0.2777777777777778,0.7530160238642064
TTC39B,2.4097908994870365,0.1388888888888889,0.6630636913063691
SNAPC3,-0.3651482478276691,0.7222222222222222,0.9526327507514194
PSIP1,0.2206146112976457,0.8611111111111112,0.9842040002156449
FTH1P12,-1.3802407137795205,0.4166666666666667,0.8228048921195339
BNC2,1.3704494379525856,0.4166666666666667,0.8228048921195339
CNTLN,-1.146099174409838,0.08333333333333333,0.6630636913063691
RRAGA,-0.3268371077897836,0.5277777777777778,0.8876686975890985
HAUS6,-0.9501356496385611,0.05555555555555555,0.6630636913063691
PLIN2,-0.3830914819157396,0.3611111111111111,0.797730450683016
AL161909.1,-0.5858763812941854,0.3611111111111111,0.797730450683016
DENND4C,0.3923160138608317,0.16666666666666666,0.6630636913063691
AL391834.2,-2.139273034224129,0.2777777777777778,0.7530160238642064
RPS6,-0.10628668890122306,0.6111111111111112,0.9285893964279902
AL158206.1,-0.7284923517469761,0.7777777777777778,0.9616866541443916
MLLT3,2.0525843446882344,0.1388888888888889,0.6630636913063691
FOCAD,2.3738876143786998,0.16666666666666666,0.6630636913063691
HACD4,1.4376734727457854,0.5555555555555556,0.9063324119086202
KLHL9,-1.30737773902373,0.05555555555555555,0.6630636913063691
MTAP,-0.4067205058374528,0.16666666666666666,0.6630636913063691
CDKN2A,2.333591997559985,0.16666666666666666,0.6630636913063691
TUSC1,2.837581323485729,0.16666666666666666,0.6630636913063691
CAAP1,1.9690818022617287,0.08333333333333333,0.6630636913063691
PLAA,2.0179399890464107,0.05555555555555555,0.6630636913063691
IFT74,1.2542565301075825,0.5833333333333334,0.9145140606393699
MOB3B,0.3379241425029541,0.8333333333333334,0.9696444353796996
C9orf72,2.163794330283529,0.05555555555555555,0.6630636913063691
SLC4A1APP1,1.5031083749730976,0.3333333333333333,0.7714672075726842
ACO1,0.2895701123072394,0.9444444444444444,1.0
DDX58,0.6521532214402113,0.7777777777777778,0.9616866541443916
TOPORS,0.11906651568484072,0.8055555555555556,0.9696444353796996
SMIM27,-0.1866705712144292,0.9166666666666666,0.9920484365613835
NDUFB6,1.5590372897231064,0.5,0.8663629460895975
APTX,1.0891195635887745,0.4722222222222222,0.8663629460895975
DNAJA1,-0.5049027974134663,0.3888888888888889,0.8209476821872752
SMU1,0.10588099186216926,0.9166666666666666,0.9920484365613835
B4GALT1,0.19520553638429128,0.6944444444444444,0.9526327507514194
BAG1,0.19693313820036984,0.8611111111111112,0.9842040002156449
CHMP5,-0.37655432673168576,0.6944444444444444,0.9526327507514194
NFX1,-1.111448501449873,0.1111111111111111,0.6630636913063691
AQP3,4.123524502728818,0.05555555555555555,0.6630636913063691
NOL6,1.5131820672974086,0.08333333333333333,0.6630636913063691
ANXA2P2,0.029286722475742266,1.0,1.0
PTENP1,-0.36675620654531205,0.5555555555555556,0.9063324119086202
PTENP1-AS,1.1226579918715043,0.6666666666666666,0.9393265826953157
AL356489.2,2.8124431893668125,0.1111111111111111,0.6630636913063691
UBE2R2,-0.1529834908446368,0.6388888888888888,0.9393265826953157
UBAP2,0.22851482716356486,0.8333333333333334,0.9696444353796996
DCAF12,1.823657396541834,0.3888888888888889,0.8209476821872752
UBAP1,1.0080579958934561,0.8055555555555556,0.9696444353796996
NUDT2,0.21809247445317403,1.0,1.0
FAM219A,0.8779308705264128,0.75,0.9526327507514194
RPP25L,1.3057534265279196,0.4166666666666667,0.8228048921195339
DCTN3,-1.0860864829057801,0.19444444444444445,0.6998773221170698
SIGMAR1,2.59337074073715,0.2222222222222222,0.7242375194388904
GALT,1.0238994316309618,0.6666666666666666,0.9393265826953157
IL11RA,1.167167498910195,0.3333333333333333,0.7714672075726842
VCP,0.811274681920362,0.05555555555555555,0.6630636913063691
FANCG,1.4067113653930012,0.25,0.7407166969618281
PIGO,1.455539306230793,0.3055555555555556,0.7689432926530413
STOML2,1.4897236806840852,0.4166666666666667,0.8228048921195339
FAM214B,2.0469009285867252,0.05555555555555555,0.6630636913063691
RUSC2,2.753621056534252,0.05555555555555555,0.6630636913063691
ARHGEF39,-0.5221377460336807,0.7777777777777778,0.9616866541443916
TPM2,1.1786089719831216,0.2777777777777778,0.7530160238642064
TLN1,0.15777219079025961,0.6666666666666666,0.9393265826953157
CREB3,1.9693152022408253,0.1111111111111111,0.6630636913063691
GBA2,0.2653056055574967,0.8888888888888888,0.9842040002156449
RGP1,0.701457932605719,0.5833333333333334,0.9145140606393699
HINT2,1.0160999881444392,0.5555555555555556,0.9063324119086202
YBX1P10,0.980633454446314,0.6111111111111112,0.9285893964279902
RECK,0.5193420207291841,0.9166666666666666,0.9920484365613835
GLIPR2,-0.27857315061892685,0.3333333333333333,0.7714672075726842
CLTA,0.31213659076523204,0.3611111111111111,0.797730450683016
GNE,1.024512131624474,0.6666666666666666,0.9393265826953157
RNF38,-0.7286002050633105,0.16666666666666666,0.6630636913063691
MELK,2.470821425358187,0.16666666666666666,0.6630636913063691
EBLN3P,2.7394859502785684,0.08333333333333333,0.6630636913063691
ZCCHC7,-0.8882660056819338,0.05555555555555555,0.6630636913063691
GRHPR,0.6457816290255511,0.1388888888888889,0.6630636913063691
ZBTB5,2.463112529426009,0.05555555555555555,0.6630636913063691
POLR1E,-1.4546569011453183,0.2777777777777778,0.7530160238642064
TRMT10B,1.4896818266287495,0.3333333333333333,0.7714672075726842
EXOSC3,-0.7348175140330242,0.7777777777777778,0.9616866541443916
DCAF10,-0.432159395462107,0.5555555555555556,0.9063324119086202
SLC25A51,-0.45047705912308933,0.7222222222222222,0.9526327507514194
TMX2P1,-0.25840477256283956,1.0,1.0
SHB,-0.32572897272478274,0.8888888888888888,0.9842040002156449
ALDH1B1,2.8594110169155025,0.05555555555555555,0.6630636913063691
AL353763.2,2.8931295474525314,0.05555555555555555,0.6630636913063691
CBWD6,0.13091059474007738,1.0,1.0
LINC01410,0.24981554424071872,1.0,1.0
FAM122A,-0.5111567028073711,0.19444444444444445,0.6998773221170698
FXN,0.017569721462868504,0.9722222222222222,1.0
TJP2,0.6091889165545217,0.6944444444444444,0.9526327507514194
PTAR1,-0.3257116718316393,0.5555555555555556,0.9063324119086202
RPL24P8,0.0406214514133163,0.8888888888888888,0.9842040002156449
SMC5,1.9679688614960393,0.3055555555555556,0.7689432926530413
KLF9,-1.272493186671154,0.1388888888888889,0.6630636913063691
RPL35AP21,1.6001561877558763,0.3333333333333333,0.7714672075726842
TMEM2,2.6584425886104626,0.16666666666666666,0.6630636913063691
ABHD17B,0.10060861055582127,0.9166666666666666,0.9920484365613835
C9orf85,1.285240000890643,0.5277777777777778,0.8876686975890985
LINC01504,1.48354726377762,0.3333333333333333,0.7714672075726842
ZFAND5,-0.4583895693579718,0.3055555555555556,0.7689432926530413
ALDH1A1,-0.42866473863488075,0.7222222222222222,0.9526327507514194
ANXA1,-0.4716512796344876,0.19444444444444445,0.6998773221170698
C9orf40,2.219344909334618,0.16666666666666666,0.6630636913063691
CARNMT1,0.773177486315157,0.3611111111111111,0.797730450683016
NMRK1,3.7981230898637124,0.05555555555555555,0.6630636913063691
OSTF1,0.15278709072325913,0.6111111111111112,0.9285893964279902
RFK,1.428621031908793,0.5,0.8663629460895975
GCNT1,1.8716818122733803,0.2222222222222222,0.7242375194388904
VPS13A,0.22700767134933297,0.2222222222222222,0.7242375194388904
GNA14,-0.35268327765264784,0.7777777777777778,0.9616866541443916
GNAQ,-0.31939200966382675,0.4166666666666667,0.8228048921195339
CEP78,2.2617052691553323,0.1111111111111111,0.6630636913063691
PSAT1,2.0531614446501747,0.16666666666666666,0.6630636913063691
CHCHD2P9,2.5968215746926946,0.2222222222222222,0.7242375194388904
TLE4,0.6333299900890799,0.8888888888888888,0.9842040002156449
IDNK,-0.6660740494449024,0.3611111111111111,0.797730450683016
UBQLN1,-0.07584167503478856,0.8888888888888888,0.9842040002156449
GKAP1,-1.2118618436504058,0.05555555555555555,0.6630636913063691
C9orf64,3.4694124286857098,0.05555555555555555,0.6630636913063691
HNRNPK,-0.2442521993741611,0.4444444444444444,0.8447628037832934
RMI1,2.8096739138755287,0.05555555555555555,0.6630636913063691
SLC28A3,3.26901819467572,0.05555555555555555,0.6630636913063691
AGTPBP1,-0.496443509060879,0.1388888888888889,0.6630636913063691
AL353743.1,-1.8627152861721856,0.08333333333333333,0.6630636913063691
NAA35,3.4490730700428096,0.08333333333333333,0.6630636913063691
GOLM1,3.2874699067280266,0.08333333333333333,0.6630636913063691
ISCA1,-1.0152962695061571,0.4444444444444444,0.8447628037832934
ZCCHC6,-0.23754223794966656,0.8333333333333334,0.9696444353796996
AL353678.1,-1.4997350536223886,0.1111111111111111,0.6630636913063691
GAS1,-1.6442888820050157,0.2777777777777778,0.7530160238642064
DAPK1,0.2207768030318551,0.75,0.9526327507514194
AL161787.1,1.3313304955862963,0.4444444444444444,0.8447628037832934
CTSL,1.8468828479516874,0.3333333333333333,0.7714672075726842
RPS10P3,-0.36516552184936435,0.7222222222222222,0.9526327507514194
SPIN1,-0.24364416825960866,0.3333333333333333,0.7714672075726842
CKS2,0.10303058770576623,0.8055555555555556,0.9696444353796996
SECISBP2,0.20847789242238335,0.8055555555555556,0.9696444353796996
SEMA4D,-0.2099626847264826,0.6111111111111112,0.9285893964279902
GADD45G,0.7902201963309246,0.5555555555555556,0.9063324119086202
SYK,-0.564749764772766,0.19444444444444445,0.6998773221170698
AUH,0.24820532876066936,0.9722222222222222,1.0
NFIL3,-0.5738591161938005,0.7777777777777778,0.9616866541443916
SPTLC1,2.1437671483345295,0.05555555555555555,0.6630636913063691
IARS,-0.7655345762894825,0.19444444444444445,0.6998773221170698
NOL8,0.012901933184552128,0.9722222222222222,1.0
CENPP,0.3547334752763903,0.8333333333333334,0.9696444353796996
ASPN,-1.387484313647248,0.4166666666666667,0.8228048921195339
BICD2,0.2356583779313679,0.5277777777777778,0.8876686975890985
ZNF484,-0.5567816628015536,0.6666666666666666,0.9393265826953157
FGD3,-0.7007226204032362,0.19444444444444445,0.6998773221170698
CARD19,2.703498670984887,0.2222222222222222,0.7242375194388904
NINJ1,3.218067926142581,0.2222222222222222,0.7242375194388904
FAM120AOS,0.2727723591634179,0.7777777777777778,0.9616866541443916
FAM120A,-0.38988653728265366,0.3333333333333333,0.7714672075726842
PHF2,0.09747943404031734,0.8888888888888888,0.9842040002156449
PTPDC1,2.7172909571330326,0.05555555555555555,0.6630636913063691
MFSD14B,2.5011616730351256,0.1388888888888889,0.6630636913063691
FBP1,0.713046499966306,0.08333333333333333,0.6630636913063691
C9orf3,0.6279301512393755,0.6666666666666666,0.9393265826953157
FANCC,2.553588555763727,0.05555555555555555,0.6630636913063691
PTCH1,2.3333269436151785,0.16666666666666666,0.6630636913063691
ERCC6L2,0.7316241942537531,0.6666666666666666,0.9393265826953157
EIF4BP3,-0.3605934073776331,0.6388888888888888,0.9393265826953157
SLC35D2,0.17133841989417053,0.75,0.9526327507514194
ZNF367,1.7722885555755354,0.16666666666666666,0.6630636913063691
AL133477.1,0.2011362721698564,0.8888888888888888,0.9842040002156449
HABP4,0.6109819062680012,0.5,0.8663629460895975
CDC14B,-1.1219972590808023,0.4166666666666667,0.8228048921195339
AAED1,0.7945340274489068,0.1111111111111111,0.6630636913063691
ZNF510,1.319997117888501,0.3611111111111111,0.797730450683016
ZNF782,-1.612151476075101,0.3055555555555556,0.7689432926530413
MFSD14C,1.8670874170377934,0.16666666666666666,0.6630636913063691
TDRD7,1.2467157472095582,0.5,0.8663629460895975
TMOD1,1.4175241495250144,0.4166666666666667,0.8228048921195339
TSTD2,0.7646511492540483,0.7222222222222222,0.9526327507514194
NCBP1,2.1884155140993986,0.05555555555555555,0.6630636913063691
XPA,1.8472165487162342,0.25,0.7407166969618281
TRMO,0.43793852101739805,0.8888888888888888,0.9842040002156449
ANP32B,-0.020954447808959387,0.9444444444444444,1.0
NANS,-0.6959451178908926,0.3333333333333333,0.7714672075726842
TBC1D2,1.5630002607291635,0.3888888888888889,0.8209476821872752
ANKS6,-1.6697975330174182,0.2777777777777778,0.7530160238642064
COL15A1,4.056004779551239,0.16666666666666666,0.6630636913063691
TGFBR1,0.18278883292631498,0.9444444444444444,1.0
ALG2,-0.45315476676047783,0.5555555555555556,0.9063324119086202
SEC61B,0.4650594818959126,0.08333333333333333,0.6630636913063691
NR4A3,1.3368626345491874,0.3888888888888889,0.8209476821872752
STX17-AS1,0.5212391123392913,0.75,0.9526327507514194
STX17,1.9406734670654502,0.3333333333333333,0.7714672075726842
ERP44,-0.21631734136876446,0.5555555555555556,0.9063324119086202
INVS,2.3082092445836055,0.16666666666666666,0.6630636913063691
TEX10,2.063772375606932,0.08333333333333333,0.6630636913063691
MSANTD3,1.615376873655427,0.2777777777777778,0.7530160238642064
MRPL50,-2.25432178572577,0.08333333333333333,0.6630636913063691
ZNF189,-1.0438703260748898,0.25,0.7407166969618281
TMEM246,-0.6643258930387805,0.25,0.7407166969618281
RNF20,0.30999305034059166,0.5277777777777778,0.8876686975890985
SMC2,1.8350598698227851,0.4166666666666667,0.8228048921195339
NIPSNAP3A,0.31757602928669915,0.3333333333333333,0.7714672075726842
NIPSNAP3B,-0.3943432018433515,0.7777777777777778,0.9616866541443916
ABCA1,-0.7517437826818112,0.2222222222222222,0.7242375194388904
SLC44A1,0.3763904631580468,0.1388888888888889,0.6630636913063691
FSD1L,1.0328739072004516,0.5277777777777778,0.8876686975890985
RALGAPA1P1,0.7156082729196017,0.5833333333333334,0.9145140606393699
FKTN,2.5144155562552912,0.1111111111111111,0.6630636913063691
TMEM38B,3.593608387210634,0.05555555555555555,0.6630636913063691
ZNF462,0.8649522160911332,0.8055555555555556,0.9696444353796996
RAD23B,-0.1874147683142704,0.4166666666666667,0.8228048921195339
KLF4,1.399945915896672,0.3333333333333333,0.7714672075726842
AL669983.1,-1.2842217404058425,0.4166666666666667,0.8228048921195339
ELP1,-0.2869051571484138,0.8055555555555556,0.9696444353796996
FAM206A,1.423029101420971,0.3333333333333333,0.7714672075726842
TMEM245,-0.5124032507161678,0.3055555555555556,0.7689432926530413
TXN,-0.05485633584634364,0.8611111111111112,0.9842040002156449
KIAA0368,1.7684845739017123,0.3888888888888889,0.8209476821872752
DNAJC25,-0.43155440546649126,0.4444444444444444,0.8447628037832934
UGCG,-0.5097562370514446,0.3333333333333333,0.7714672075726842
AL138756.1,1.3143160415014843,0.4166666666666667,0.8228048921195339
SUSD1,0.8226546059764326,0.3055555555555556,0.7689432926530413
PTBP3,-0.2912726495783069,0.3611111111111111,0.797730450683016
HSDL2,-0.7996238771523103,0.05555555555555555,0.6630636913063691
INIP,1.6343105542855336,0.05555555555555555,0.6630636913063691
SNX30,1.385153860319076,0.3333333333333333,0.7714672075726842
FKBP15,2.564316461563123,0.1111111111111111,0.6630636913063691
SLC31A1,2.6942280268200123,0.16666666666666666,0.6630636913063691
CDC26,-0.39890216622854524,0.8611111111111112,0.9842040002156449
PRPF4,1.1717912026239499,0.6111111111111112,0.9285893964279902
BSPRY,-0.7561487890928555,0.3611111111111111,0.797730450683016
HDHD3,-0.22511181384687395,0.9166666666666666,0.9920484365613835
ALAD,-0.874826376588528,0.08333333333333333,0.6630636913063691
POLE3,0.4143521417152609,0.3888888888888889,0.8209476821872752
RGS3,3.2026274280751967,0.05555555555555555,0.6630636913063691
ZNF618,0.09297752046735663,0.7222222222222222,0.9526327507514194
AKNA,-0.5764512350688404,0.6666666666666666,0.9393265826953157
WHRN,1.8364739872222549,0.05555555555555555,0.6630636913063691
ATP6V1G1,-0.6302741977135575,0.1388888888888889,0.6630636913063691
TMEM268,2.2513023413297746,0.05555555555555555,0.6630636913063691
TRIM32,0.20836409474391804,0.8611111111111112,0.9842040002156449
TLR4,0.026339829047128394,1.0,1.0
TPT1P9,-0.9567761915173687,0.08333333333333333,0.6630636913063691
CDK5RAP2,-0.8343892662112866,0.1111111111111111,0.6630636913063691
MEGF9,-1.0293552484003134,0.25,0.7407166969618281
FBXW2,0.7743120446325107,0.2222222222222222,0.7242375194388904
PSMD5,1.9343915914489043,0.1111111111111111,0.6630636913063691
CUTALP,0.38903246167828565,0.8611111111111112,0.9842040002156449
PHF19,3.732278123991103,0.05555555555555555,0.6630636913063691
TRAF1,4.289187927094712,0.16666666666666666,0.6630636913063691
CNTRL,-0.18690463770059385,0.6666666666666666,0.9393265826953157
RAB14,-0.3116589777246954,0.6944444444444444,0.9526327507514194
GSN,0.3450081974418495,0.5555555555555556,0.9063324119086202
STOM,1.6249071052251605,0.6111111111111112,0.9285893964279902
GGTA1P,-1.0049556839730789,0.19444444444444445,0.6998773221170698
DAB2IP,1.9337224103838824,0.19444444444444445,0.6998773221170698
AL596244.1,2.2767916774390065,0.16666666666666666,0.6630636913063691
TTLL11,2.7537574701623138,0.05555555555555555,0.6630636913063691
NDUFA8,-0.047058789265839174,0.9444444444444444,1.0
RBM18,-0.7532365814955284,0.25,0.7407166969618281
MRRF,-1.3650050803471538,0.1388888888888889,0.6630636913063691
PTGS1,0.25709495388801784,0.8888888888888888,0.9842040002156449
AL162424.1,1.168285425784552,0.5833333333333334,0.9145140606393699
PDCL,-1.1474415014426196,0.2222222222222222,0.7242375194388904
RC3H2,0.2807921981658916,0.5555555555555556,0.9063324119086202
ZBTB6,-0.6314588413537265,0.7222222222222222,0.9526327507514194
ZBTB26,-0.40475622462145,0.9166666666666666,0.9920484365613835
AC007066.2,-0.2853553012176897,1.0,1.0
RABGAP1,-0.8373494284144067,0.05555555555555555,0.6630636913063691
STRBP,2.6414095310440273,0.1388888888888889,0.6630636913063691
DENND1A,-1.61697269912682,0.3055555555555556,0.7689432926530413
NEK6,0.16331501381995395,0.75,0.9526327507514194
PSMB7,0.1691199821355811,0.8055555555555556,0.9696444353796996
RPL35,0.645746257991231,0.05555555555555555,0.6630636913063691
ARPC5L,-0.4507822383671627,0.5,0.8663629460895975
GOLGA1,0.501511452715937,0.8888888888888888,0.9842040002156449
SCAI,0.9579369003995093,0.3888888888888889,0.8209476821872752
PPP6C,0.2559131428519157,0.6666666666666666,0.9393265826953157
RABEPK,1.5584442794325755,0.5,0.8663629460895975
HSPA5,0.8536717602648274,0.25,0.7407166969618281
GAPVD1,0.22143855238612709,0.6944444444444444,0.9526327507514194
MAPKAP1,2.1814241006593016,0.19444444444444445,0.6998773221170698
PBX3,0.4773634398192641,0.3055555555555556,0.7689432926530413
MVB12B,2.01797173811006,0.1388888888888889,0.6630636913063691
ZBTB43,-1.3360961560877405,0.2222222222222222,0.7242375194388904
ZBTB34,0.3973030166021103,0.7777777777777778,0.9616866541443916
RPL12,0.18554858127267426,0.4166666666666667,0.8228048921195339
LRSAM1,0.8385972035617809,0.5,0.8663629460895975
FAM129B,0.8121523697598425,0.2222222222222222,0.7242375194388904
TOR2A,2.125149686861285,0.16666666666666666,0.6630636913063691
SH2D3C,-1.4518519992978574,0.19444444444444445,0.6998773221170698
CDK9,-0.6616572877181053,0.6111111111111112,0.9285893964279902
FPGS,0.9317842130468974,0.6111111111111112,0.9285893964279902
ENG,1.3255152750359696,0.5,0.8663629460895975
AK1,1.8694160039811774,0.16666666666666666,0.6630636913063691
ST6GALNAC6,0.17622407249381689,1.0,1.0
ST6GALNAC4,1.4245954216469152,0.4166666666666667,0.8228048921195339
DPM2,1.0310965059976929,0.6666666666666666,0.9393265826953157
FAM102A,-0.22083444746366165,0.8333333333333334,0.9696444353796996
NAIF1,2.69612201801943,0.05555555555555555,0.6630636913063691
SLC25A25,0.1885016734749324,1.0,1.0
PTGES2,1.0769921502244224,0.5833333333333334,0.9145140606393699
C9orf16,0.5415090425739737,0.6111111111111112,0.9285893964279902
CIZ1,1.6008478211429633,0.6388888888888888,0.9393265826953157
GOLGA2,0.6572086953239253,0.25,0.7407166969618281
SWI5,1.891398264721781,0.16666666666666666,0.6630636913063691
TRUB2,-0.14106402356550563,0.9444444444444444,1.0
COQ4,2.1198480837020317,0.05555555555555555,0.6630636913063691
SLC27A4,0.3560972833424272,0.8333333333333334,0.9696444353796996
TMSB4XP4,1.3473903930234106,0.3333333333333333,0.7714672075726842
URM1,-0.4368386930287649,0.19444444444444445,0.6998773221170698
CERCAM,3.2099644180563085,0.05555555555555555,0.6630636913063691
ODF2,1.1031271666586804,0.1111111111111111,0.6630636913063691
GLE1,1.4309515798158077,0.3611111111111111,0.797730450683016
SPTAN1,0.7631566806427639,0.3055555555555556,0.7689432926530413
WDR34,3.1938812562608305,0.16666666666666666,0.6630636913063691
SET,-0.5059207958153884,0.3333333333333333,0.7714672075726842
PKN3,0.9760314775623384,0.5833333333333334,0.9145140606393699
ZDHHC12,1.8075117320330711,0.3333333333333333,0.7714672075726842
ZER1,1.8130616758962586,0.4166666666666667,0.8228048921195339
TBC1D13,-0.46139592549199904,0.3333333333333333,0.7714672075726842
SPOUT1,1.2479464583985784,0.5833333333333334,0.9145140606393699
LRRC8A,-0.014020260406485185,1.0,1.0
DOLK,1.9374077382546022,0.2222222222222222,0.7242375194388904
NUP188,3.046943863064054,0.16666666666666666,0.6630636913063691
SH3GLB2,1.0311568187421751,0.6944444444444444,0.9526327507514194
MIGA2,-1.080511909089242,0.5,0.8663629460895975
DOLPP1,1.3492645373788021,0.16666666666666666,0.6630636913063691
CRAT,1.714173507919679,0.1111111111111111,0.6630636913063691
PTPA,1.4894561842292626,0.4444444444444444,0.8447628037832934
LINC00963,2.9092989928667685,0.08333333333333333,0.6630636913063691
ASB6,0.729417258172616,0.5,0.8663629460895975
TOR1B,-1.3069029826027014,0.1388888888888889,0.6630636913063691
TOR1A,-0.196380111588371,0.75,0.9526327507514194
C9orf78,-0.33769047202854807,0.4444444444444444,0.8447628037832934
USP20,1.7939517929015083,0.16666666666666666,0.6630636913063691
FNBP1,0.08763047707476801,0.9444444444444444,1.0
GPR107,0.6084278259721829,0.25,0.7407166969618281
NCS1,3.478356231619704,0.05555555555555555,0.6630636913063691
FUBP3,1.597726079332506,0.3333333333333333,0.7714672075726842
EXOSC2,-1.5694621156953135,0.16666666666666666,0.6630636913063691
ABL1,1.3137428796906137,0.6666666666666666,0.9393265826953157
NUP214,-0.6524556675213455,0.08333333333333333,0.6630636913063691
FAM78A,-1.2879498629150898,0.5,0.8663629460895975
PRRC2B,0.9700308854538107,0.5555555555555556,0.9063324119086202
UCK1,0.08946524109618637,1.0,1.0
RAPGEF1,1.8402630479514768,0.3611111111111111,0.797730450683016
MED27,-0.008763990845569669,0.9166666666666666,0.9920484365613835
NTNG2,1.1419730305602274,0.3333333333333333,0.7714672075726842
SETX,0.5896675605845445,0.16666666666666666,0.6630636913063691
TTF1,-0.29774078001331095,0.5,0.8663629460895975
DDX31,1.7618693651790558,0.16666666666666666,0.6630636913063691
GTF3C4,1.5028829180573422,0.25,0.7407166969618281
TSC1,0.8969735990308627,0.75,0.9526327507514194
GFI1B,3.9713712400593644,0.05555555555555555,0.6630636913063691
EEF1A1P5,-0.4588516638851976,0.1388888888888889,0.6630636913063691
GTF3C5,0.619747728629007,0.75,0.9526327507514194
RALGDS,0.8319457515465052,0.25,0.7407166969618281
GBGT1,3.412991623252063,0.1111111111111111,0.6630636913063691
ABO,0.6399183759607446,0.7222222222222222,0.9526327507514194
SURF6,-1.1508434112876236,0.4722222222222222,0.8663629460895975
MED22,2.5017528574391195,0.05555555555555555,0.6630636913063691
RPL7A,0.23432212987414225,0.2777777777777778,0.7530160238642064
SURF1,-0.7918802698642313,0.5,0.8663629460895975
SURF2,-0.07748907863964538,1.0,1.0
SURF4,-0.04632177063225029,0.9166666666666666,0.9920484365613835
REXO4,0.3054209124451859,0.8333333333333334,0.9696444353796996
CACFD1,1.582818102656641,0.25,0.7407166969618281
SLC2A6,-0.8549672286330958,0.3055555555555556,0.7689432926530413
BRD3OS,0.16780799898298604,1.0,1.0
BRD3,3.785872289263482,0.08333333333333333,0.6630636913063691
WDR5,1.3447795977369599,0.4166666666666667,0.8228048921195339
RXRA,-0.3502210041464773,0.3611111111111111,0.797730450683016
COL5A1,1.0993660399636345,0.6111111111111112,0.9285893964279902
FCN1,0.8877565372728443,0.7222222222222222,0.9526327507514194
PPP1R26-AS1,0.8289779181363204,0.6388888888888888,0.9393265826953157
PPP1R26,1.3549337939806239,0.4444444444444444,0.8447628037832934
MRPS2,2.251655913875407,0.1388888888888889,0.6630636913063691
CAMSAP1,1.012869106909415,0.7777777777777778,0.9616866541443916
UBAC1,2.1564271861258715,0.08333333333333333,0.6630636913063691
NACC2,1.9252202899387068,0.1111111111111111,0.6630636913063691
TMEM250,2.7559835560278314,0.05555555555555555,0.6630636913063691
QSOX2,0.8915658611575172,0.5,0.8663629460895975
CARD9,1.0477260382026332,0.5,0.8663629460895975
SNAPC4,1.1341982613174326,0.4166666666666667,0.8228048921195339
SDCCAG3,0.37765174637085375,0.9444444444444444,1.0
PMPCA,2.690435205720984,0.16666666666666666,0.6630636913063691
INPP5E,2.2336987353942974,0.1111111111111111,0.6630636913063691
SEC16A,0.43544238310672867,0.6388888888888888,0.9393265826953157
NOTCH1,-0.041343928228031235,0.9722222222222222,1.0
EGFL7,1.3546196434584643,0.3333333333333333,0.7714672075726842
AGPAT2,1.3292395753693385,0.4166666666666667,0.8228048921195339
SNHG7,-0.2720470928504932,0.6666666666666666,0.9393265826953157
TMEM141,0.37872951442765634,0.7222222222222222,0.9526327507514194
RABL6,3.370715714807985,0.1111111111111111,0.6630636913063691
PHPT1,2.8850898447130677,0.25,0.7407166969618281
EDF1,0.6633571605454991,0.5277777777777778,0.8876686975890985
FBXW5,1.8209398794479728,0.3333333333333333,0.7714672075726842
C8G,0.3297831377735152,1.0,1.0
PTGDS,0.5499722025970903,0.8333333333333334,0.9696444353796996
PAXX,1.5876354616000525,0.4166666666666667,0.8228048921195339
ABCA2,1.8239323670472465,0.25,0.7407166969618281
NPDC1,2.7357280046951393,0.16666666666666666,0.6630636913063691
UAP1L1,0.19199743619096843,0.8055555555555556,0.9696444353796996
MAN1B1,1.6952338252511088,0.25,0.7407166969618281
DPP7,0.3751735406285919,0.5555555555555556,0.9063324119086202
SSNA1,3.4654115040159277,0.05555555555555555,0.6630636913063691
TMEM203,2.219582479633612,0.08333333333333333,0.6630636913063691
RNF208,2.223146734038751,0.16666666666666666,0.6630636913063691
TUBB4B,2.0781812740763863,0.19444444444444445,0.6998773221170698
NELFB,1.655940366812628,0.25,0.7407166969618281
TOR4A,-0.7010014085070893,0.4444444444444444,0.8447628037832934
NRARP,0.9565185344106821,0.6666666666666666,0.9393265826953157
EXD3,3.806775371440642,0.08333333333333333,0.6630636913063691
NSMF,0.10182939075194541,1.0,1.0
PNPLA7,1.9154794172875886,0.16666666666666666,0.6630636913063691
MRPL41,0.05827743207401692,1.0,1.0
DPH7,1.2595854710433692,0.3333333333333333,0.7714672075726842
ZMYND19,-0.5087664090302935,0.8888888888888888,0.9842040002156449
ARRDC1,2.035586888135796,0.25,0.7407166969618281
EHMT1,-0.6514456176361945,0.25,0.7407166969618281
BET1L,-0.9457942096415595,0.2222222222222222,0.7242375194388904
RIC8A,1.050627592498806,0.8888888888888888,0.9842040002156449
SIRT3,0.8458585113193937,0.6944444444444444,0.9526327507514194
PSMD13,2.50160268431527,0.19444444444444445,0.6998773221170698
PGGHG,2.032118080501776,0.25,0.7407166969618281
IFITM2,0.9350673442060078,0.1111111111111111,0.6630636913063691
IFITM1,2.179803120462713,0.3333333333333333,0.7714672075726842
AC136475.1,1.8175882702988404,0.16666666666666666,0.6630636913063691
IFITM3,0.04974360876008177,0.9444444444444444,1.0
SIGIRR,2.7548267988801554,0.25,0.7407166969618281
PTDSS2,1.1222395604747746,0.4166666666666667,0.8228048921195339
RNH1,0.5222626421720937,0.2777777777777778,0.7530160238642064
HRAS,1.179535509012282,0.4722222222222222,0.8663629460895975
RASSF7,1.7084020226109227,0.19444444444444445,0.6998773221170698
PHRF1,0.21119655205058852,0.9166666666666666,0.9920484365613835
IRF7,1.340212685509608,0.5277777777777778,0.8876686975890985
DEAF1,1.7448514098212402,0.19444444444444445,0.6998773221170698
TMEM80,0.8552337023945715,0.6666666666666666,0.9393265826953157
TALDO1,0.6697382357054114,0.16666666666666666,0.6630636913063691
GATD1,2.9101053526778253,0.05555555555555555,0.6630636913063691
RPLP2,0.4153814036376513,0.1388888888888889,0.6630636913063691
PNPLA2,0.7634769984992209,0.3611111111111111,0.797730450683016
CD151,1.9716248485295496,0.3611111111111111,0.797730450683016
POLR2L,3.801706056827049,0.1111111111111111,0.6630636913063691
TSPAN4,-0.8006044479852434,0.8611111111111112,0.9842040002156449
CHID1,-0.26918571264827174,0.5,0.8663629460895975
AP2A2,0.1842160739364367,0.75,0.9526327507514194
TOLLIP,0.8250362439423493,0.7777777777777778,0.9616866541443916
MOB2,1.4709550116471306,0.3333333333333333,0.7714672075726842
DUSP8,-0.591193148058631,0.8888888888888888,0.9842040002156449
IFITM10,0.7033306719384862,0.6666666666666666,0.9393265826953157
CTSD,0.8403469346383954,0.3055555555555556,0.7689432926530413
LSP1,-0.22447596872636577,0.8888888888888888,0.9842040002156449
C11orf21,-0.7243545000348259,0.2222222222222222,0.7242375194388904
TSPAN32,1.4640483266166873,0.4166666666666667,0.8228048921195339
CD81,1.0724086673423097,0.4166666666666667,0.8228048921195339
TSSC4,1.2730217965262896,0.4166666666666667,0.8228048921195339
KCNQ1,-0.1899001990660567,0.75,0.9526327507514194
KCNQ1OT1,0.5461022883362788,0.6666666666666666,0.9393265826953157
CDKN1C,0.040439962847432565,0.9444444444444444,1.0
SLC22A18AS,-1.1742677612784016,0.5,0.8663629460895975
SLC22A18,0.8401626045300055,0.5,0.8663629460895975
PHLDA2,3.386862538755656,0.1111111111111111,0.6630636913063691
NAP1L4,0.4581498054614208,0.5,0.8663629460895975
CARS,1.2756961006964076,0.7222222222222222,0.9526327507514194
OSBPL5,-0.24865250205640899,1.0,1.0
ZNF195,1.420645650652005,0.3611111111111111,0.797730450683016
NUP98,1.6825711977886697,0.3611111111111111,0.797730450683016
PGAP2,2.5950873771090706,0.19444444444444445,0.6998773221170698
RHOG,0.28463597635306037,0.19444444444444445,0.6998773221170698
STIM1,-0.23730701659787368,0.6111111111111112,0.9285893964279902
RRM1,1.5280549019752634,0.4166666666666667,0.8228048921195339
TRIM21,0.25159695794142234,0.9166666666666666,0.9920484365613835
TRIM68,2.740506067414861,0.05555555555555555,0.6630636913063691
HBB,-0.13096507389616185,0.9166666666666666,0.9920484365613835
HBD,-1.762226555729232,0.2777777777777778,0.7530160238642064
TRIM5,-0.2926444276866569,0.6111111111111112,0.9285893964279902
TRIM22,-1.849658543047327,0.05555555555555555,0.6630636913063691
FAM160A2,2.772931892428969,0.05555555555555555,0.6630636913063691
SMPD1,1.4243632297136242,0.4166666666666667,0.8228048921195339
APBB1,-0.1136835966575942,1.0,1.0
ARFIP2,0.007579475900873156,0.9722222222222222,1.0
TIMM10B,-0.8093198090409013,0.6111111111111112,0.9285893964279902
RRP8,-1.0304214603356772,0.08333333333333333,0.6630636913063691
TAF10,0.2501106535257609,0.6666666666666666,0.9393265826953157
TPP1,-0.1621224969510049,0.6111111111111112,0.9285893964279902
MRPL17,3.414851354051887,0.05555555555555555,0.6630636913063691
GVINP1,0.06773831338965541,1.0,1.0
ZNF215,0.6683877383487608,0.5,0.8663629460895975
PPFIBP2,3.921862490148914,0.05555555555555555,0.6630636913063691
CYB5R2,0.8999811523433674,0.5833333333333334,0.9145140606393699
EIF3F,-0.6819136944585518,0.19444444444444445,0.6998773221170698
RPL27A,-0.47211163740500517,0.05555555555555555,0.6630636913063691
AKIP1,2.7714661045912368,0.08333333333333333,0.6630636913063691
TMEM9B,-0.28721874407258063,0.4444444444444444,0.8447628037832934
NRIP3,1.7125169857964875,0.25,0.7407166969618281
DENND5A,1.4121516759032455,0.5277777777777778,0.8876686975890985
TMEM41B,-0.13768056570571208,0.8888888888888888,0.9842040002156449
IPO7,0.09180311128182161,0.75,0.9526327507514194
ZNF143,-1.047069702780906,0.5833333333333334,0.9145140606393699
WEE1,-0.13475062264445103,0.8055555555555556,0.9696444353796996
SWAP70,0.5652077118079708,0.2777777777777778,0.7530160238642064
SBF2,-0.10124209826854669,0.8888888888888888,0.9842040002156449
ADM,-1.4176816511790147,0.4722222222222222,0.8663629460895975
AMPD3,0.8378421372999956,0.3055555555555556,0.7689432926530413
RNF141,0.17216342131932638,0.8333333333333334,0.9696444353796996
CTR9,-0.6219111128496584,0.1111111111111111,0.6630636913063691
EIF4G2,-0.23166464188516755,0.16666666666666666,0.6630636913063691
ZBED5,1.094595265358734,0.6111111111111112,0.9285893964279902
AC111188.1,2.625688075882509,0.08333333333333333,0.6630636913063691
CSNK2A3,1.9392902807879921,0.16666666666666666,0.6630636913063691
USP47,-0.3978543540294366,0.5277777777777778,0.8876686975890985
MICAL2,2.125897656905105,0.25,0.7407166969618281
ARNTL,2.006745395638387,0.1388888888888889,0.6630636913063691
BTBD10,-0.5058068240806026,0.6388888888888888,0.9393265826953157
FAR1,0.4274540208458477,0.6944444444444444,0.9526327507514194
RRAS2,0.023084364343548547,0.9722222222222222,1.0
COPB1,0.16474430712548394,0.7777777777777778,0.9616866541443916
PSMA1,2.130957150965773,0.05555555555555555,0.6630636913063691
PDE3B,1.2094764155926603,0.8055555555555556,0.9696444353796996
CYP2R1,1.4080704441838114,0.3055555555555556,0.7689432926530413
C11orf58,-0.6616146273496168,0.1388888888888889,0.6630636913063691
AC116533.1,-0.012633398251686856,0.9722222222222222,1.0
RPS13,-0.19701588358859112,0.25,0.7407166969618281
PIK3C2A,0.022250191807008157,0.9722222222222222,1.0
NUCB2,0.45793622797454336,0.6388888888888888,0.9393265826953157
SERGEF,-0.12184172997634501,0.9444444444444444,1.0
SAAL1,2.3344159382534855,0.2222222222222222,0.7242375194388904
SAA2,-0.005748206616854157,1.0,1.0
SAA1,1.0738103214359738,0.3333333333333333,0.7714672075726842
HPS5,1.0118723714836153,0.7222222222222222,0.9526327507514194
GTF2H1,-0.5554075213981715,0.08333333333333333,0.6630636913063691
LDHA,-0.18477521975890987,0.4444444444444444,0.8447628037832934
TSG101,0.13463358374511536,0.7222222222222222,0.9526327507514194
UEVLD,-0.2590220989963097,0.8888888888888888,0.9842040002156449
SPTY2D1,-0.29388579538538107,0.6944444444444444,0.9526327507514194
AP006296.1,0.910582557363695,0.6388888888888888,0.9393265826953157
MRGPRX2,-3.5050323943069426,0.16666666666666666,0.6630636913063691
ZDHHC13,1.373826990779194,0.5,0.8663629460895975
E2F8,2.548105026895775,0.16666666666666666,0.6630636913063691
HTATIP2,2.161473484455819,0.1111111111111111,0.6630636913063691
PRMT3,-0.7547757272902622,0.4722222222222222,0.8663629460895975
FANCF,1.7941332671025763,0.2222222222222222,0.7242375194388904
SVIP,0.9638648563608356,0.1388888888888889,0.6630636913063691
CCDC34,-0.7362917237843383,0.6944444444444444,0.9526327507514194
LGR4,0.8811193978825275,0.3333333333333333,0.7714672075726842
LIN7C,0.30321475216441396,0.4166666666666667,0.8228048921195339
HSP90AA2P,-0.42972949931402304,0.16666666666666666,0.6630636913063691
KIF18A,2.1977867964843694,0.16666666666666666,0.6630636913063691
METTL15,2.1181706348278784,0.2222222222222222,0.7242375194388904
ARL14EP,1.4791173262814268,0.1388888888888889,0.6630636913063691
DNAJC24,1.878145885666406,0.2222222222222222,0.7242375194388904
IMMP1L,0.5359313295439159,0.8611111111111112,0.9842040002156449
ELP4,1.9496616804176166,0.16666666666666666,0.6630636913063691
RCN1,0.9073865649156043,0.19444444444444445,0.6998773221170698
WT1,1.0805169774629504,0.3333333333333333,0.7714672075726842
EIF3M,-0.5835756037782831,0.3055555555555556,0.7689432926530413
QSER1,1.9961668875480885,0.2222222222222222,0.7242375194388904
TCP11L1,0.1629930224625301,1.0,1.0
PIGCP1,-0.7108529930158267,0.7222222222222222,0.9526327507514194
LINC00294,2.8113816820892445,0.1388888888888889,0.6630636913063691
CSTF3,1.2006699071602243,0.3055555555555556,0.7689432926530413
AL136126.1,0.19545132744781446,0.9166666666666666,0.9920484365613835
HIPK3,-0.7785334306833382,0.19444444444444445,0.6998773221170698
CD59,-0.24737717587528962,0.7222222222222222,0.9526327507514194
FBXO3,-0.6076448661422411,0.25,0.7407166969618281
LMO2,-1.109296479480295,0.19444444444444445,0.6998773221170698
CAPRIN1,-0.35172794747842406,0.19444444444444445,0.6998773221170698
NAT10,1.4933777780726714,0.4166666666666667,0.8228048921195339
CAT,-0.02212062270551396,0.9444444444444444,1.0
APIP,-0.06397357427257866,1.0,1.0
PDHX,0.4398576655317954,0.7777777777777778,0.9616866541443916
CD44,0.7433218730120377,0.05555555555555555,0.6630636913063691
AL133330.1,1.2679321459839485,0.3611111111111111,0.797730450683016
TRIM44,0.408167188597905,0.2222222222222222,0.7242375194388904
LDLRAD3,1.7655164052679377,0.2222222222222222,0.7242375194388904
COMMD9,0.308621604708335,0.7222222222222222,0.9526327507514194
PRR5L,-1.2089130577846288,0.5833333333333334,0.9145140606393699
TRAF6,-0.7713184334677368,0.3611111111111111,0.797730450683016
C11orf74,1.8482620457805468,0.25,0.7407166969618281
API5,2.219221984032116,0.05555555555555555,0.6630636913063691
TTC17,-0.24080987630105444,0.6666666666666666,0.9393265826953157
HSD17B12,1.2234330357358552,0.8055555555555556,0.9696444353796996
ALKBH3,1.4233439845034912,0.25,0.7407166969618281
C11orf96,1.3103793728180997,0.4166666666666667,0.8228048921195339
ACCS,2.948611331969292,0.05555555555555555,0.6630636913063691
EXT2,1.323184125463308,0.4722222222222222,0.8663629460895975
CD82,0.2765883040973449,0.4166666666666667,0.8228048921195339
TP53I11,1.7264609817384424,0.3055555555555556,0.7689432926530413
PRDM11,1.570529121932191,0.3333333333333333,0.7714672075726842
CHST1,2.2318703223586587,0.16666666666666666,0.6630636913063691
SLC35C1,0.4571479590098866,0.7777777777777778,0.9616866541443916
CRY2,-0.4569688122644626,0.8611111111111112,0.9842040002156449
PEX16,1.7436159095686894,0.2222222222222222,0.7242375194388904
PHF21A,-0.1299269436779893,0.5,0.8663629460895975
DGKZ,-0.009248557057886408,1.0,1.0
MDK,0.24168959543287039,0.8333333333333334,0.9696444353796996
AMBRA1,0.07309024562759481,1.0,1.0
AC024293.1,-0.019747968822720452,1.0,1.0
HARBI1,1.9508731801754886,0.16666666666666666,0.6630636913063691
ATG13,1.9936089208873597,0.19444444444444445,0.6998773221170698
ARHGAP1,-0.09150136387337149,0.8055555555555556,0.9696444353796996
ZNF408,0.7156082729196017,0.5833333333333334,0.9145140606393699
CKAP5,0.6115810472976344,0.25,0.7407166969618281
LRP4,2.4620529780436797,0.19444444444444445,0.6998773221170698
C11orf49,0.42124545852367534,0.7222222222222222,0.9526327507514194
ARFGAP2,1.8008399996471085,0.08333333333333333,0.6630636913063691
AC090589.1,-1.0024470836820578,0.2777777777777778,0.7530160238642064
DDB2,-1.2649041738324165,0.2222222222222222,0.7242375194388904
ACP2,1.4855263472173204,0.4722222222222222,0.8663629460895975
NR1H3,1.567211223079862,0.2777777777777778,0.7530160238642064
MADD,3.0885944646248307,0.16666666666666666,0.6630636913063691
SPI1,2.713258525372016,0.16666666666666666,0.6630636913063691
SLC39A13,2.771977533178811,0.08333333333333333,0.6630636913063691
PSMC3,1.6173067933304104,0.05555555555555555,0.6630636913063691
CELF1,-0.6202283700603237,0.16666666666666666,0.6630636913063691
NDUFS3,0.8553074683945576,0.3333333333333333,0.7714672075726842
PTPMT1,-0.4624277261550631,0.8888888888888888,0.9842040002156449
MTCH2,0.19966850700082883,0.9444444444444444,1.0
FNBP4,-1.5110013133035762,0.05555555555555555,0.6630636913063691
NUP160,-0.5265892098804654,0.5277777777777778,0.8876686975890985
PTPRJ,0.6041725964041444,0.75,0.9526327507514194
APLNR,2.1461055079611886,0.16666666666666666,0.6630636913063691
TNKS1BP1,0.851886406067369,0.5555555555555556,0.9063324119086202
SSRP1,-0.2091146208839545,0.4444444444444444,0.8447628037832934
SLC43A3,-0.27673332293217356,0.8888888888888888,0.9842040002156449
SLC43A1,0.9376450780240968,0.6111111111111112,0.9285893964279902
TIMM10,2.266990229379185,0.2777777777777778,0.7530160238642064
UBE2L6,-0.4711853135499373,0.5277777777777778,0.8876686975890985
RPS4XP13,0.3237687708159239,0.8333333333333334,0.9696444353796996
SERPING1,2.8677861763024355,0.05555555555555555,0.6630636913063691
CLP1,1.9154794172875886,0.16666666666666666,0.6630636913063691
ZDHHC5,1.8972764250284624,0.25,0.7407166969618281
MED19,2.388930463214783,0.2777777777777778,0.7530160238642064
TMX2,-0.4584026511502737,0.5,0.8663629460895975
CTNND1,1.144991258099333,0.2222222222222222,0.7242375194388904
LPXN,0.2693343535031696,0.4722222222222222,0.8663629460895975
ZFP91,0.1723731084693112,0.4722222222222222,0.8663629460895975
FAM111A-DT,2.2057256257917954,0.16666666666666666,0.6630636913063691
FAM111A,-0.4719480235782756,0.4444444444444444,0.8447628037832934
MPEG1,0.2559421703881579,0.8333333333333334,0.9696444353796996
OSBP,-0.6410233301742325,0.25,0.7407166969618281
PATL1,-0.9488496737136041,0.08333333333333333,0.6630636913063691
STX3,-1.5072426834989,0.05555555555555555,0.6630636913063691
MRPL16,2.3138107758118176,0.1388888888888889,0.6630636913063691
MS4A3,0.6554503751118284,0.6666666666666666,0.9393265826953157
MS4A2,-0.26566024720395376,0.4722222222222222,0.8663629460895975
MS4A6A,-3.8291443201317366,0.1111111111111111,0.6630636913063691
MS4A4A,0.6061369501377118,0.75,0.9526327507514194
MS4A7,1.9732034270165164,0.16666666666666666,0.6630636913063691
MS4A1,0.4223265161715437,0.8333333333333334,0.9696444353796996
PTGDR2,0.7989014029164472,0.6388888888888888,0.9393265826953157
PRPF19,-0.3711891305859849,0.5277777777777778,0.8876686975890985
TMEM109,-0.15315762991251525,0.9166666666666666,0.9920484365613835
SLC15A3,-0.46462739943697207,0.6666666666666666,0.9393265826953157
CD5,0.31050836963632755,0.75,0.9526327507514194
DDB1,-0.12600440875912433,0.7777777777777778,0.9616866541443916
TKFC,1.5757000473725022,0.19444444444444445,0.6998773221170698
CYB561A3,-0.2550797381655696,1.0,1.0
TMEM138,0.2776697848440195,0.9444444444444444,1.0
TMEM216,-0.43978307513931014,0.1111111111111111,0.6630636913063691
CPSF7,0.020162590102322575,0.9722222222222222,1.0
SDHAF2,4.0981019622356385,0.05555555555555555,0.6630636913063691
TMEM258,0.4056256263929159,0.25,0.7407166969618281
FEN1,0.6759858009254942,0.6666666666666666,0.9393265826953157
FADS2,1.9478993723994464,0.16666666666666666,0.6630636913063691
FADS1,0.6648045579465691,0.5277777777777778,0.8876686975890985
FADS3,2.4177067372688743,0.2777777777777778,0.7530160238642064
RAB3IL1,0.9325457826785359,0.5833333333333334,0.9145140606393699
BEST1,2.7255330932889112,0.05555555555555555,0.6630636913063691
FTH1,0.1689781472844798,0.9444444444444444,1.0
AP003733.4,0.06704412710465202,1.0,1.0
INCENP,1.9530992660410065,0.16666666666666666,0.6630636913063691
ASRGL1,0.11896649929613057,0.8333333333333334,0.9696444353796996
AP003064.2,0.8921098982459423,0.5,0.8663629460895975
AHNAK,0.21206252472771503,0.5555555555555556,0.9063324119086202
TUT1,1.49858973809105,0.19444444444444445,0.6998773221170698
MTA2,2.5577575400378163,0.1111111111111111,0.6630636913063691
EML3,0.8480762698418709,0.5555555555555556,0.9063324119086202
B3GAT3,2.2328717381502274,0.16666666666666666,0.6630636913063691
GANAB,1.0500099416673967,0.16666666666666666,0.6630636913063691
INTS5,2.854272298731943,0.05555555555555555,0.6630636913063691
METTL12,1.8023269522884413,0.16666666666666666,0.6630636913063691
UBXN1,0.29764373402077915,0.5,0.8663629460895975
HNRNPUL2,0.7861918137695829,0.05555555555555555,0.6630636913063691
TTC9C,0.913852798997651,0.6111111111111112,0.9285893964279902
POLR2G,-0.02104784390833636,0.9444444444444444,1.0
TMEM223,2.0490914596905965,0.3055555555555556,0.7689432926530413
TMEM179B,-0.5033905326708839,0.2777777777777778,0.7530160238642064
NXF1,0.3259788739666156,0.4166666666666667,0.8228048921195339
STX5,1.589001116314773,0.3333333333333333,0.7714672075726842
WDR74,2.024601818061717,0.16666666666666666,0.6630636913063691
SNHG1,1.2796143205823163,0.5277777777777778,0.8876686975890985
SLC3A2,0.7533732232669665,0.4722222222222222,0.8663629460895975
HRASLS5,-0.20970257003127202,1.0,1.0
LGALS12,1.7683250225235465,0.25,0.7407166969618281
RARRES3,1.147184542572496,0.3611111111111111,0.797730450683016
PLA2G16,0.705364417277476,0.6666666666666666,0.9393265826953157
ATL3,2.3725274400408325,0.1388888888888889,0.6630636913063691
RTN3,0.11251604446386665,0.5,0.8663629460895975
C11orf95,-0.0704832865577587,0.9444444444444444,1.0
C11orf84,0.7667659367726261,0.7777777777777778,0.9616866541443916
MARK2,1.4825246582606342,0.25,0.7407166969618281
NAA40,0.22504510240272735,0.8611111111111112,0.9842040002156449
COX8A,0.7373919294948381,0.1388888888888889,0.6630636913063691
OTUB1,-0.04220421633381566,1.0,1.0
STIP1,2.3832600201908463,0.2777777777777778,0.7530160238642064
FERMT3,1.4513499761998943,0.4444444444444444,0.8447628037832934
TRPT1,1.5260057677178083,0.3055555555555556,0.7689432926530413
DNAJC4,1.761279481098278,0.3888888888888889,0.8209476821872752
VEGFB,0.3590805478827299,0.5555555555555556,0.9063324119086202
FKBP2,0.1194403393083121,0.8333333333333334,0.9696444353796996
PPP1R14B,1.4977839966530504,0.4722222222222222,0.8663629460895975
PLCB3,1.1585779696697096,0.4166666666666667,0.8228048921195339
BAD,1.8694160039811774,0.16666666666666666,0.6630636913063691
GPR137,1.9836587429101553,0.3333333333333333,0.7714672075726842
TRMT112,0.06852953926056315,0.9166666666666666,0.9920484365613835
PRDX5,0.11967604796948361,0.8055555555555556,0.9696444353796996
AP003774.4,-1.4754283724371078,0.2777777777777778,0.7530160238642064
CCDC88B,3.213489447594342,0.08333333333333333,0.6630636913063691
RPS6KA4,0.43630897891403864,0.75,0.9526327507514194
RASGRP2,1.3604072612777665,0.3333333333333333,0.7714672075726842
SF1,-0.3037184022735975,0.4444444444444444,0.8447628037832934
MAP4K2,1.8906356872626024,0.2777777777777778,0.7530160238642064
MEN1,0.6164181563573488,0.2777777777777778,0.7530160238642064
EHD1,2.2179870250398537,0.3888888888888889,0.8209476821872752
ATG2A,2.512109822858384,0.16666666666666666,0.6630636913063691
PPP2R5B,1.3045551300002245,0.4166666666666667,0.8228048921195339
ARL2,1.7585984106511456,0.3611111111111111,0.797730450683016
NAALADL1,1.5055077452970171,0.3333333333333333,0.7714672075726842
CDCA5,2.559466645500857,0.16666666666666666,0.6630636913063691
TM7SF2,-0.63610945877469,0.8888888888888888,0.9842040002156449
FAU,0.1857367392168694,0.4444444444444444,0.8447628037832934
SYVN1,2.1796430406668628,0.08333333333333333,0.6630636913063691
MRPL49,-0.7929594679994434,0.5277777777777778,0.8876686975890985
CAPN1,1.2072397721210821,0.1388888888888889,0.6630636913063691
POLA2,-2.2122147298045354,0.2777777777777778,0.7530160238642064
DPF2,-0.592212033370644,0.6666666666666666,0.9393265826953157
SLC25A45,0.7644591391203512,0.75,0.9526327507514194
FRMD8,-0.23969497827854536,0.7222222222222222,0.9526327507514194
NEAT1,-0.6200636462146187,0.5,0.8663629460895975
MALAT1,-0.37682486048592345,0.5,0.8663629460895975
SCYL1,2.1353098854967736,0.25,0.7407166969618281
LTBP3,1.5477513958632794,0.4444444444444444,0.8447628037832934
SSSCA1,2.8100606190550335,0.05555555555555555,0.6630636913063691
FAM89B,0.38094216446936047,0.9166666666666666,0.9920484365613835
MAP3K11,2.7051434266525196,0.05555555555555555,0.6630636913063691
PCNX3,2.4302503054184093,0.05555555555555555,0.6630636913063691
SIPA1,0.44962895164321326,0.7222222222222222,0.9526327507514194
RELA,0.08831624649128411,0.8611111111111112,0.9842040002156449
RNASEH2C,2.130056027330714,0.05555555555555555,0.6630636913063691
AP5B1,-0.0527282379154419,1.0,1.0
CFL1,0.45542579256709814,0.08333333333333333,0.6630636913063691
MUS81,0.641032005234683,0.8333333333333334,0.9696444353796996
EFEMP2,0.3564677928371043,0.7777777777777778,0.9616866541443916
CTSW,3.718080848363284,0.08333333333333333,0.6630636913063691
FIBP,2.0772909386756897,0.3333333333333333,0.7714672075726842
CCDC85B,2.4630175695633794,0.08333333333333333,0.6630636913063691
FOSL1,0.36406883906981735,0.8333333333333334,0.9696444353796996
C11orf68,-0.0016892387120170937,1.0,1.0
DRAP1,2.25013273267414,0.2777777777777778,0.7530160238642064
SART1,2.0442746729255608,0.2222222222222222,0.7242375194388904
EIF1AD,0.35815509439596793,0.8055555555555556,0.9696444353796996
BANF1,1.589547403240526,0.05555555555555555,0.6630636913063691
CATSPER1,2.2203092580615116,0.05555555555555555,0.6630636913063691
SF3B2,0.33087558830539354,0.3888888888888889,0.8209476821872752
PACS1,0.8867788377768404,0.3055555555555556,0.7689432926530413
RAB1B,1.4466338269106775,0.25,0.7407166969618281
YIF1A,2.8841491083188946,0.08333333333333333,0.6630636913063691
BRMS1,0.6755030455226723,0.7777777777777778,0.9616866541443916
MRPL11,2.0456618608656987,0.3333333333333333,0.7714672075726842
PELI3,0.11303802811296015,1.0,1.0
DPP3,3.161405250373293,0.05555555555555555,0.6630636913063691
ZDHHC24,-1.0766088330128225,0.2222222222222222,0.7242375194388904
CTSF,2.199625797278993,0.1388888888888889,0.6630636913063691
CCS,2.3004195757227954,0.2777777777777778,0.7530160238642064
RBM14,1.5538735432011515,0.4166666666666667,0.8228048921195339
RBM4,0.542372404817431,0.75,0.9526327507514194
RBM4B,-0.2876412477257566,0.8333333333333334,0.9696444353796996
AP001157.1,-1.4958302055471016,0.4722222222222222,0.8663629460895975
RCE1,2.7906424223513473,0.08333333333333333,0.6630636913063691
PC,4.041363128860119,0.05555555555555555,0.6630636913063691
SYT12,-0.22761799463524468,1.0,1.0
KDM2A,-0.41699786078902523,0.19444444444444445,0.6998773221170698
GRK2,-0.23334805216937138,0.75,0.9526327507514194
ANKRD13D,3.5490647674368487,0.05555555555555555,0.6630636913063691
SSH3,1.9079654847848757,0.16666666666666666,0.6630636913063691
RAD9A,1.9832871678433603,0.16666666666666666,0.6630636913063691
POLD4,0.8332654619753881,0.5833333333333334,0.9145140606393699
CLCF1,0.855672019178142,0.5,0.8663629460895975
PPP1CA,0.34539820570692115,0.6944444444444444,0.9526327507514194
TBC1D10C,-0.6032226835164121,0.1111111111111111,0.6630636913063691
CORO1B,0.942683788518698,0.6666666666666666,0.9393265826953157
CABP4,-1.1379551909641665,0.7222222222222222,0.9526327507514194
TMEM134,0.7439940010075499,0.3055555555555556,0.7689432926530413
AIP,3.5251319117932702,0.19444444444444445,0.6998773221170698
PITPNM1,2.9708916960381613,0.1111111111111111,0.6630636913063691
CDK2AP2,2.6721985979596514,0.19444444444444445,0.6998773221170698
GSTP1,2.238959817162341,0.3888888888888889,0.8209476821872752
NDUFV1,1.4109364289383914,0.5,0.8663629460895975
RPL37P2,-0.546536377886361,0.4166666666666667,0.8228048921195339
UNC93B1,2.3716404425346362,0.16666666666666666,0.6630636913063691
ALDH3B1,-0.33053363079003617,0.75,0.9526327507514194
NDUFS8,1.9811503415987812,0.3333333333333333,0.7714672075726842
TCIRG1,2.2970913032993163,0.2222222222222222,0.7242375194388904
CHKA,0.3877786424088363,0.9166666666666666,0.9920484365613835
KMT5B,-0.5873830723483637,0.3055555555555556,0.7689432926530413
C11orf24,3.3736884864419343,0.16666666666666666,0.6630636913063691
LRP5,2.946156235585309,0.1111111111111111,0.6630636913063691
PPP6R3,0.8880778202696504,0.16666666666666666,0.6630636913063691
TESMIN,0.4681854446887216,0.8333333333333334,0.9696444353796996
CPT1A,0.11874194406347893,0.9166666666666666,0.9920484365613835
MRPL21,-0.7679069088349815,0.2777777777777778,0.7530160238642064
IGHMBP2,0.9730466984638523,0.5,0.8663629460895975
TPCN2,1.2441406915309432,0.4166666666666667,0.8228048921195339
IFITM9P,-0.1504693825220993,1.0,1.0
CCND1,0.47627368975400897,0.8333333333333334,0.9696444353796996
ORAOV1,2.6459971668652686,0.1388888888888889,0.6630636913063691
PPFIA1,2.1181054001613595,0.08333333333333333,0.6630636913063691
CTTN,-0.2748553393538147,1.0,1.0
NADSYN1,3.7566558034627957,0.05555555555555555,0.6630636913063691
FAM86C1,1.7872391039935207,0.16666666666666666,0.6630636913063691
RNF121,0.7680339257228668,0.7222222222222222,0.9526327507514194
IL18BP,0.7549182811506445,0.6388888888888888,0.9393265826953157
NUMA1,2.3044299859872823,0.1111111111111111,0.6630636913063691
LAMTOR1,0.2224884396164759,0.7777777777777778,0.9616866541443916
INPPL1,1.7036248004100636,0.3888888888888889,0.8209476821872752
PDE2A,0.10970475151770076,0.9722222222222222,1.0
AP005019.1,-0.7358358849975333,0.5,0.8663629460895975
ARAP1,0.21953718770330743,0.8888888888888888,0.9842040002156449
STARD10,1.2851376673865604,0.3333333333333333,0.7714672075726842
ATG16L2,1.3174763114962325,0.5833333333333334,0.9145140606393699
FCHSD2,1.3703459681865104,0.3611111111111111,0.797730450683016
RELT,1.0715280023769314,0.5,0.8663629460895975
FAM168A,0.5942238487663118,0.05555555555555555,0.6630636913063691
RAB6A,-0.0642683597128455,0.75,0.9526327507514194
MRPL48,1.3839623329506203,0.16666666666666666,0.6630636913063691
COA4,-0.6175310642579994,0.2222222222222222,0.7242375194388904
PAAF1,1.8110304348238309,0.2777777777777778,0.7530160238642064
UCP2,0.5773695398072549,0.19444444444444445,0.6998773221170698
C2CD3,0.7205257949608304,0.6944444444444444,0.9526327507514194
PPME1,0.09369196562010984,0.9722222222222222,1.0
PGM2L1,1.4321767451203455,0.6666666666666666,0.9393265826953157
KCNE3,1.4586152744505392,0.5277777777777778,0.8876686975890985
AP001372.2,0.6067823943235355,0.6944444444444444,0.9526327507514194
POLD3,2.932928248151767,0.1388888888888889,0.6630636913063691
AP001324.1,0.42843336966478685,0.5,0.8663629460895975
RNF169,2.433899829211146,0.1111111111111111,0.6630636913063691
XRRA1,-0.7973797970056897,0.5833333333333334,0.9145140606393699
SPCS2,0.13416104206202917,0.8055555555555556,0.9696444353796996
NEU3,0.8875070685992472,0.6666666666666666,0.9393265826953157
SLCO2B1,0.2249176221068021,0.75,0.9526327507514194
AP001972.5,1.9175783972295535,0.16666666666666666,0.6630636913063691
ARRB1,-0.7887866376002828,0.19444444444444445,0.6998773221170698
RPS3,0.11019740997144467,0.6666666666666666,0.9393265826953157
GDPD5,1.7449821132467749,0.16666666666666666,0.6630636913063691
SERPINH1,2.1194109749751315,0.16666666666666666,0.6630636913063691
UVRAG,0.9024907097221613,0.2222222222222222,0.7242375194388904
WNT11,-1.8316184321876545,0.3055555555555556,0.7689432926530413
THAP12,0.13955779176512007,0.9444444444444444,1.0
EMSY,-0.47531025954993744,0.7777777777777778,0.9616866541443916
TSKU,-0.4868084715939798,0.6111111111111112,0.9285893964279902
ACER3,-0.4768044341123021,0.1111111111111111,0.6630636913063691
CAPN5,1.434840585333386,0.2777777777777778,0.7530160238642064
PAK1,0.11531798732237686,0.6944444444444444,0.9526327507514194
CLNS1A,-0.29463699455208925,0.6666666666666666,0.9393265826953157
RSF1,-0.5240376454475602,0.16666666666666666,0.6630636913063691
FTH1P16,-0.2111799601073585,0.9166666666666666,0.9920484365613835
INTS4,3.2216011062783343,0.08333333333333333,0.6630636913063691
NDUFC2,2.365072022772371,0.2777777777777778,0.7530160238642064
ALG8,1.5819598926811644,0.3055555555555556,0.7689432926530413
GAB2,0.738982614434486,0.75,0.9526327507514194
NARS2,3.2671712690922785,0.05555555555555555,0.6630636913063691
RPS28P7,1.1096601847490408,0.3888888888888889,0.8209476821872752
PRCP,2.511435724743158,0.08333333333333333,0.6630636913063691
DDIAS,1.8802239456162757,0.16666666666666666,0.6630636913063691
RAB30,1.580125341796398,0.3333333333333333,0.7714672075726842
RAB30-AS1,-0.8340156778109074,0.6944444444444444,0.9526327507514194
PCF11,-0.7710629288051081,0.1388888888888889,0.6630636913063691
ANKRD42,0.4106364780221723,0.8611111111111112,0.9842040002156449
CCDC90B,0.2395619118655512,0.8333333333333334,0.9696444353796996
TMEM126B,-0.480630697334095,0.3888888888888889,0.8209476821872752
TMEM126A,3.2059506015789965,0.05555555555555555,0.6630636913063691
CREBZF,-0.8669094828913666,0.1388888888888889,0.6630636913063691
SYTL2,0.03906472721085308,0.8888888888888888,0.9842040002156449
PICALM,-0.2079558826991441,0.3611111111111111,0.797730450683016
EED,-0.3666331579344724,0.8333333333333334,0.9696444353796996
HIKESHI,1.1749874901047614,0.5277777777777778,0.8876686975890985
PRSS23,-0.7516529076568079,0.8333333333333334,0.9696444353796996
TMEM135,2.1888878388223754,0.16666666666666666,0.6630636913063691
RAB38,-0.732633729091619,0.9166666666666666,0.9920484365613835
CTSC,0.05598682186859971,0.9444444444444444,1.0
CHORDC1,-0.4822737711377112,0.4444444444444444,0.8447628037832934
SLC36A4,-0.726497727718815,0.7222222222222222,0.9526327507514194
SMCO4,2.1512190603936046,0.16666666666666666,0.6630636913063691
AP004242.1,0.7549055648330303,0.6666666666666666,0.9393265826953157
CEP295,-1.0371022717244935,0.3611111111111111,0.797730450683016
TAF1D,-0.40234938376603413,0.16666666666666666,0.6630636913063691
C11orf54,-0.902210773120153,0.3055555555555556,0.7689432926530413
PANX1,1.0307237233903273,0.5833333333333334,0.9145140606393699
AP002784.2,-0.7027818217063171,0.2777777777777778,0.7530160238642064
MRE11,1.612487157425099,0.3055555555555556,0.7689432926530413
ANKRD49,3.140074675397124,0.05555555555555555,0.6630636913063691
FUT4,-0.711501688844963,0.6388888888888888,0.9393265826953157
AMOTL1,1.3221621983756644,0.4166666666666667,0.8228048921195339
CWC15,1.1977788948186632,0.05555555555555555,0.6630636913063691
SRSF8,0.07417990023944387,0.9166666666666666,0.9920484365613835
ENDOD1,0.08443475613740681,0.8888888888888888,0.9842040002156449
SESN3,-1.300122746058137,0.1111111111111111,0.6630636913063691
FAM76B,-0.5861961680289545,0.3888888888888889,0.8209476821872752
CEP57,-0.7928492602610273,0.25,0.7407166969618281
MTMR2,2.3838417699140906,0.05555555555555555,0.6630636913063691
MAML2,-1.2354082013143284,0.5833333333333334,0.9145140606393699
CCDC82,0.003186142745715159,1.0,1.0
JRKL,-1.3033505663474974,0.08333333333333333,0.6630636913063691
CEP126,1.3942852076485819,0.2777777777777778,0.7530160238642064
BIRC3,0.21030400304204377,0.7777777777777778,0.9616866541443916
BIRC2,0.3606141134145897,0.6666666666666666,0.9393265826953157
TMEM123,-0.575673809076279,0.19444444444444445,0.6998773221170698
MMP12,-0.23929520218521239,1.0,1.0
DCUN1D5,0.6645667643899857,0.8055555555555556,0.9696444353796996
DYNC2H1,-2.4414017314051115,0.1388888888888889,0.6630636913063691
CASP4,1.934147783417143,0.3333333333333333,0.7714672075726842
CASP1,1.1624728203903691,0.5555555555555556,0.9063324119086202
CARD16,2.3272158126282587,0.16666666666666666,0.6630636913063691
MSANTD4,0.25054265495297967,0.9166666666666666,0.9920484365613835
KBTBD3,-0.33184895988455043,0.9166666666666666,0.9920484365613835
AASDHPPT,1.8532319925247003,0.2222222222222222,0.7242375194388904
CWF19L2,-0.12911807168711142,0.75,0.9526327507514194
ALKBH8,2.8358222738282857,0.05555555555555555,0.6630636913063691
SLC35F2,0.6558498017950902,0.6388888888888888,0.9393265826953157
AP001024.1,-0.8542712369021481,0.4722222222222222,0.8663629460895975
CUL5,-0.17263355338902375,0.75,0.9526327507514194
ACAT1,-1.1556457577327253,0.3333333333333333,0.7714672075726842
NPAT,-0.4419120632305038,0.3055555555555556,0.7689432926530413
ATM,-0.06611455149368517,0.9166666666666666,0.9920484365613835
KDELC2,1.9193413528176637,0.25,0.7407166969618281
DDX10,-0.6219768408827289,0.3888888888888889,0.8209476821872752
ZC3H12C,1.1332109693814951,0.4444444444444444,0.8447628037832934
RDX,-0.23187857767966324,0.5555555555555556,0.9063324119086202
FDX1,0.324554824425781,0.5833333333333334,0.9145140606393699
POU2AF1,1.4709967686102083,0.5555555555555556,0.9063324119086202
SIK2,0.09438534802046794,0.8888888888888888,0.9842040002156449
PPP2R1B,1.799733630759285,0.1111111111111111,0.6630636913063691
C11orf1,2.1772029526357413,0.2222222222222222,0.7242375194388904
RPL37AP8,-2.05774379208562,0.3888888888888889,0.8209476821872752
DLAT,0.2980464070360722,0.8611111111111112,0.9842040002156449
PPIHP1,0.31050836963632755,0.75,0.9526327507514194
NKAPD1,-1.0375722997404617,0.2222222222222222,0.7242375194388904
TIMM8B,3.136518576097135,0.08333333333333333,0.6630636913063691
SDHD,-0.30906706947386375,0.6666666666666666,0.9393265826953157
IL18,-0.2220055020004521,0.8055555555555556,0.9696444353796996
PTS,-0.014514535405690143,0.9722222222222222,1.0
DRD2,4.1593689806090595,0.05555555555555555,0.6630636913063691
ZW10,3.1411376529271866,0.05555555555555555,0.6630636913063691
USP28,1.7193879716110658,0.3055555555555556,0.7689432926530413
NNMT,2.3091843038505804,0.16666666666666666,0.6630636913063691
C11orf71,-0.9705723989428909,0.4722222222222222,0.8663629460895975
RBM7,0.7167250997671375,0.75,0.9526327507514194
REXO2,2.6169670484385463,0.25,0.7407166969618281
CADM1,0.2960195985012888,0.9166666666666666,0.9920484365613835
LINC00900,0.9199210851583599,0.6944444444444444,0.9526327507514194
BUD13,-1.8896176734037717,0.1111111111111111,0.6630636913063691
ZPR1,0.08657492918730902,0.8333333333333334,0.9696444353796996
SIK3,0.963806001951887,0.6944444444444444,0.9526327507514194
PAFAH1B2,0.3488581496157659,0.5555555555555556,0.9063324119086202
SIDT2,0.8007858955840956,0.7222222222222222,0.9526327507514194
PCSK7,0.3201822793013711,0.8333333333333334,0.9696444353796996
RNF214,2.0013140500511617,0.2777777777777778,0.7530160238642064
BACE1,1.6225805600024277,0.2777777777777778,0.7530160238642064
IL10RA,0.3968247702795815,0.75,0.9526327507514194
JAML,0.5447393696761503,0.8333333333333334,0.9696444353796996
MPZL3,0.3162968684644718,0.75,0.9526327507514194
CD3E,-0.9065532109926691,0.6666666666666666,0.9393265826953157
CD3D,0.8525465010933062,0.5,0.8663629460895975
CD3G,-2.8415770028666003,0.16666666666666666,0.6630636913063691
UBE4A,-0.1324014870891812,0.8888888888888888,0.9842040002156449
ATP5L,0.5249045011253237,0.08333333333333333,0.6630636913063691
KMT2A,0.32780691285279406,0.3611111111111111,0.797730450683016
TMEM25,0.7671831658141458,0.5,0.8663629460895975
IFT46,1.7173909448870277,0.16666666666666666,0.6630636913063691
ARCN1,-0.37451534610432535,0.5277777777777778,0.8876686975890985
DDX6,0.5427933950181059,0.1388888888888889,0.6630636913063691
BCL9L,1.4888113413117914,0.4166666666666667,0.8228048921195339
CCDC84,2.087787862442574,0.16666666666666666,0.6630636913063691
RPS25,-0.3018807474546783,0.16666666666666666,0.6630636913063691
TRAPPC4,-0.779130782225252,0.3611111111111111,0.797730450683016
SLC37A4,2.7586370897937376,0.05555555555555555,0.6630636913063691
HYOU1,2.8955358581140214,0.08333333333333333,0.6630636913063691
VPS11,0.3369537923765815,0.6111111111111112,0.9285893964279902
HMBS,1.9547275412549023,0.16666666666666666,0.6630636913063691
H2AFX,1.2979278064109874,0.6111111111111112,0.9285893964279902
DPAGT1,1.8626425055359799,0.05555555555555555,0.6630636913063691
C2CD2L,0.5667051775977803,0.8055555555555556,0.9696444353796996
HINFP,1.6736981775036686,0.2222222222222222,0.7242375194388904
NLRX1,1.3068760907595718,0.4166666666666667,0.8228048921195339
CBL,0.9234153807557677,0.16666666666666666,0.6630636913063691
MCAM,2.5019485946629842,0.16666666666666666,0.6630636913063691
RNF26,-1.7609691976284414,0.3888888888888889,0.8209476821872752
THY1,0.9408641067801692,0.5,0.8663629460895975
NECTIN1,2.7312855777904046,0.05555555555555555,0.6630636913063691
OAF,0.759167710659475,0.3611111111111111,0.797730450683016
ARHGEF12,-0.0025640485520481704,1.0,1.0
TBCEL,1.8045329950416877,0.3333333333333333,0.7714672075726842
SC5D,0.6187580313922032,0.1388888888888889,0.6630636913063691
SORL1,1.6806169774082642,0.5,0.8663629460895975
UBASH3B,2.813335758240765,0.05555555555555555,0.6630636913063691
CRTAM,2.3248551639814137,0.16666666666666666,0.6630636913063691
JHY,0.7160026579982941,0.75,0.9526327507514194
HSPA8,-0.5348288059040822,0.16666666666666666,0.6630636913063691
SF3A3P2,-2.7369985479559413,0.16666666666666666,0.6630636913063691
ZNF202,2.4205253013069328,0.05555555555555555,0.6630636913063691
VWA5A,0.0989054485215437,0.5277777777777778,0.8876686975890985
TBRG1,0.3066633622809638,0.5833333333333334,0.9145140606393699
SIAE,0.9038975572790429,0.5,0.8663629460895975
ESAM,1.9883209534818187,0.16666666666666666,0.6630636913063691
CCDC15,1.9074228384827359,0.16666666666666666,0.6630636913063691
TMEM218,-1.7032968237686807,0.2222222222222222,0.7242375194388904
EI24,0.7634609703246316,0.3611111111111111,0.797730450683016
STT3A,-0.10558553968045903,0.8333333333333334,0.9696444353796996
CHEK1,1.7725473057254801,0.4444444444444444,0.8447628037832934
PUS3,-0.17689176191197875,1.0,1.0
NAP1L1P1,-2.380382985975462,0.05555555555555555,0.6630636913063691
RPUSD4,0.9036150789179795,0.5555555555555556,0.9063324119086202
FAM118B,0.3850964068348657,0.6111111111111112,0.9285893964279902
SRPRA,-0.1441599493253225,0.4166666666666667,0.8228048921195339
FOXRED1,0.2640814034851515,0.7222222222222222,0.9526327507514194
TIRAP,0.9839356914482648,0.4166666666666667,0.8228048921195339
DCPS,2.1977522799153024,0.16666666666666666,0.6630636913063691
GSEC,1.7388734374802848,0.3333333333333333,0.7714672075726842
ST3GAL4,0.6657272603471287,0.9166666666666666,0.9920484365613835
KIRREL3,2.9137859040676792,0.08333333333333333,0.6630636913063691
AP001000.1,-0.6328071527039518,0.7777777777777778,0.9616866541443916
ETS1,0.6753711182558231,0.6666666666666666,0.9393265826953157
FLI1,-0.07160151608164878,0.7777777777777778,0.9616866541443916
SENCR,2.2189709786420275,0.16666666666666666,0.6630636913063691
NFRKB,-0.06119849405764821,1.0,1.0
PRDM10,-0.9595169930408023,0.5833333333333334,0.9145140606393699
APLP2,-0.6458785084797496,0.16666666666666666,0.6630636913063691
ST14,1.100241577425817,0.6111111111111112,0.9285893964279902
ZBTB44,0.5498160494135202,0.5555555555555556,0.9063324119086202
SNX19,-0.14014492484391727,0.8333333333333334,0.9696444353796996
NTM,-2.220543678805732,0.1388888888888889,0.6630636913063691
PTP4A2P2,1.8791410080926538,0.16666666666666666,0.6630636913063691
NCAPD3,-0.08720570476499256,0.9166666666666666,0.9920484365613835
VPS26B,0.039641589951463274,0.9444444444444444,1.0
THYN1,1.207513169242656,0.4444444444444444,0.8447628037832934
ACAD8,1.3728585366959432,0.4444444444444444,0.8447628037832934
ZMYND11,-0.3495807913719631,0.3611111111111111,0.797730450683016
DIP2C,-0.7294860101348348,0.25,0.7407166969618281
LARP4B,-0.0013024773547645196,1.0,1.0
GTPBP4,0.6258784698930748,0.6111111111111112,0.9285893964279902
IDI1,-0.718199182250391,0.05555555555555555,0.6630636913063691
WDR37,-0.8783471414881414,0.7222222222222222,0.9526327507514194
PFKP,0.6163955668770553,0.4444444444444444,0.8447628037832934
PITRM1,0.27144201793870426,0.4722222222222222,0.8663629460895975
KLF6,0.528115423196633,0.5555555555555556,0.9063324119086202
NET1,-0.34602681238111366,0.75,0.9526327507514194
ASB13,2.547133928699137,0.05555555555555555,0.6630636913063691
FAM208B,-0.18866359707858837,0.9722222222222222,1.0
GDI2,-0.20287027513599298,0.3611111111111111,0.797730450683016
ANKRD16,2.0080544235672715,0.16666666666666666,0.6630636913063691
FBXO18,0.490398719740496,0.75,0.9526327507514194
RBM17,-0.4739926184704517,0.25,0.7407166969618281
PFKFB3,2.0084448639199857,0.3611111111111111,0.797730450683016
PRKCQ,-0.43109882819188483,0.4722222222222222,0.8663629460895975
PRKCQ-AS1,-0.40726200658130507,0.8333333333333334,0.9696444353796996
SFMBT2,0.8377172324878406,0.6388888888888888,0.9393265826953157
KIN,0.3015414919413919,0.7777777777777778,0.9616866541443916
ATP5C1,-0.02769848184339896,0.9444444444444444,1.0
TAF3,0.41280673694144454,0.25,0.7407166969618281
CELF2,0.23074766129853685,0.3888888888888889,0.8209476821872752
USP6NL,2.2856906351010005,0.16666666666666666,0.6630636913063691
ECHDC3,-0.9564158120977453,0.4722222222222222,0.8663629460895975
UPF2,-0.3601212735663326,0.19444444444444445,0.6998773221170698
DHTKD1,-0.09855411848093087,0.8055555555555556,0.9696444353796996
SEC61A2,0.3219804458093767,0.9166666666666666,0.9920484365613835
NUDT5,1.7227803112566344,0.25,0.7407166969618281
CDC123,-0.9411330240188596,0.1111111111111111,0.6630636913063691
CAMK1D,0.8528107604464368,0.3333333333333333,0.7714672075726842
OPTN,-0.18066591486079364,0.7222222222222222,0.9526327507514194
PHYH,-0.5299144001196803,0.6666666666666666,0.9393265826953157
SEPHS1,-0.7987688752745044,0.3888888888888889,0.8209476821872752
PRPF18,1.0616338084454404,0.6388888888888888,0.9393265826953157
FAM107B,0.9191714177465604,0.1111111111111111,0.6630636913063691
HSPA14,-1.099951759620549,0.1388888888888889,0.6630636913063691
SUV39H2,2.0200273292544675,0.16666666666666666,0.6630636913063691
DCLRE1C,0.9534893280154519,0.5555555555555556,0.9063324119086202
RPP38,3.0404135048061733,0.05555555555555555,0.6630636913063691
NMT2,-0.5619953401230982,0.19444444444444445,0.6998773221170698
FAM171A1,4.305104315905842,0.05555555555555555,0.6630636913063691
MINDY3,1.5440083610663913,0.08333333333333333,0.6630636913063691
PTER,-0.4097980102622243,0.6111111111111112,0.9285893964279902
RSU1,-0.012729234978754889,1.0,1.0
CUBN,1.1421239125409144,0.4166666666666667,0.8228048921195339
TRDMT1,3.08437034040316,0.05555555555555555,0.6630636913063691
VIM-AS1,3.449461107614261,0.05555555555555555,0.6630636913063691
VIM,0.7211228412855348,0.19444444444444445,0.6998773221170698
ST8SIA6,2.5493563132086083,0.05555555555555555,0.6630636913063691
HACD1,0.7799740346959507,0.7222222222222222,0.9526327507514194
STAM,0.6388052941049969,0.1111111111111111,0.6630636913063691
AL450384.2,1.863826069708323,0.16666666666666666,0.6630636913063691
NSUN6,-0.3570938734474227,0.8611111111111112,0.9842040002156449
ARL5B,0.8313807644661138,0.4444444444444444,0.8447628037832934
AL157895.1,0.14750564034944524,0.7222222222222222,0.9526327507514194
PLXDC2,1.7232873574368792,0.6388888888888888,0.9393265826953157
MLLT10,-0.46051824021197785,0.4444444444444444,0.8447628037832934
DNAJC1,0.5190985904259691,0.25,0.7407166969618281
COMMD3,1.8739206667058244,0.2222222222222222,0.7242375194388904
BMI1,-0.3192469747286877,0.8611111111111112,0.9842040002156449
PIP4K2A,0.08564802216467982,0.8611111111111112,0.9842040002156449
MSRB2,2.0314803192343303,0.19444444444444445,0.6998773221170698
YWHAZP3,1.998206825370426,0.25,0.7407166969618281
OTUD1,-0.985815941023847,0.25,0.7407166969618281
KIAA1217,1.9063757617548842,0.16666666666666666,0.6630636913063691
ARHGAP21,-0.593384769361025,0.3888888888888889,0.8209476821872752
THNSL1,0.6093036692411373,0.6666666666666666,0.9393265826953157
APBB1IP,1.025252220710568,0.7222222222222222,0.9526327507514194
ABI1,0.14061376079344523,0.6944444444444444,0.9526327507514194
ANKRD26,1.6204047756559405,0.3333333333333333,0.7714672075726842
YME1L1,-0.12278358546676493,0.4722222222222222,0.8663629460895975
MASTL,3.192246088801418,0.05555555555555555,0.6630636913063691
ACBD5,-0.35405323782537845,0.5833333333333334,0.9145140606393699
RAB18,-0.4064338205653826,0.5555555555555556,0.9063324119086202
WAC-AS1,-0.04923981065687766,0.9722222222222222,1.0
WAC,-0.47926412227211035,0.3333333333333333,0.7714672075726842
BAMBI,0.5411076294611866,0.5833333333333334,0.9145140606393699
SVIL-AS1,0.4627859492573769,0.7777777777777778,0.9616866541443916
SVIL,2.2873665206791163,0.19444444444444445,0.6998773221170698
JCAD,2.181984770813057,0.16666666666666666,0.6630636913063691
MTPAP,2.954970886278597,0.05555555555555555,0.6630636913063691
MAP3K8,0.9138541888606682,0.1111111111111111,0.6630636913063691
ZNF438,2.1240222324422002,0.08333333333333333,0.6630636913063691
ZEB1,0.29302015247231417,0.8333333333333334,0.9696444353796996
KIF5B,-0.40797057603136455,0.25,0.7407166969618281
RPS4XP11,1.3960660141236505,0.4166666666666667,0.8228048921195339
PPIAP31,2.340977109085726,0.05555555555555555,0.6630636913063691
EPC1,-0.46127547275229563,0.3888888888888889,0.8209476821872752
CCDC7,2.3057649673823146,0.1111111111111111,0.6630636913063691
ITGB1,-0.5912184495154067,0.1111111111111111,0.6630636913063691
NRP1,1.5958916731917112,0.3611111111111111,0.797730450683016
CUL2,0.4595503326960122,0.5277777777777778,0.8876686975890985
CREM,0.9630180727309758,0.5277777777777778,0.8876686975890985
AL117336.2,1.3839478124664721,0.3333333333333333,0.7714672075726842
CCNY,-0.5404235217605322,0.3611111111111111,0.797730450683016
AL117336.3,-1.617423640626904,0.3888888888888889,0.8209476821872752
NAMPTP1,-0.0049273065213304434,1.0,1.0
ZNF248,-0.47652032735928485,0.8055555555555556,0.9696444353796996
ZNF25,1.9151788904625193,0.05555555555555555,0.6630636913063691
ZNF33A,-0.612540226795601,0.4444444444444444,0.8447628037832934
ZNF37A,-0.7131749547816435,0.16666666666666666,0.6630636913063691
HSD17B7P2,-1.4659330911650343,0.3888888888888889,0.8209476821872752
ZNF37BP,-1.3338319260434401,0.1111111111111111,0.6630636913063691
EIF3LP2,1.8832249892341917,0.16666666666666666,0.6630636913063691
ZNF33B,2.1134086899614326,0.19444444444444445,0.6998773221170698
BMS1,0.46467906403488524,0.3333333333333333,0.7714672075726842
RET,1.5947225232064688,0.3055555555555556,0.7689432926530413
CSGALNACT2,0.16889176268954387,0.8333333333333334,0.9696444353796996
HNRNPF,-0.611105583953548,0.2222222222222222,0.7242375194388904
AL450326.1,0.13854667912536267,1.0,1.0
ZNF487,-0.35774636664890525,0.7222222222222222,0.9526327507514194
CAP1P2,0.5875067418329785,0.75,0.9526327507514194
ZNF32,1.9175783972295535,0.16666666666666666,0.6630636913063691
HNRNPA3P1,-0.36778204024602723,1.0,1.0
CXCL12,-1.794463581093011,0.3333333333333333,0.7714672075726842
C10orf25,0.5957840331363646,0.75,0.9526327507514194
ZNF22,0.878916136472824,0.75,0.9526327507514194
ALOX5,0.3717104888269347,0.3333333333333333,0.7714672075726842
MARCH8,-0.8506876063576883,0.08333333333333333,0.6630636913063691
ZFAND4,2.2509401495500416,0.2222222222222222,0.7242375194388904
WASHC2C,1.9054383949169873,0.08333333333333333,0.6630636913063691
PARGP1,0.40396835850512447,0.75,0.9526327507514194
TIMM23,2.4152448712831567,0.1111111111111111,0.6630636913063691
NCOA4,0.44832491366164895,0.4444444444444444,0.8447628037832934
AGAP7P,2.1838068358162515,0.16666666666666666,0.6630636913063691
MAPK8,0.20017334435148992,0.9444444444444444,1.0
WDFY4,0.22413438911367067,0.9166666666666666,0.9920484365613835
C10orf128,0.6060919912740852,0.16666666666666666,0.6630636913063691
ERCC6,1.0528847297004167,0.5833333333333334,0.9145140606393699
PARG,-1.2322148166127551,0.25,0.7407166969618281
AGAP6,-0.18692742949340335,0.8888888888888888,0.9842040002156449
WASHC2A,-0.11404240881026251,0.9166666666666666,0.9920484365613835
DYNC1I2P1,0.8292306990514331,0.6944444444444444,0.9526327507514194
SGMS1,1.5909509949080212,0.3055555555555556,0.7689432926530413
CSTF2T,0.27389054195041496,1.0,1.0
ZWINT,2.763042010312824,0.16666666666666666,0.6630636913063691
IPMK,2.36073435709225,0.25,0.7407166969618281
CISD1,1.9968489589774672,0.16666666666666666,0.6630636913063691
UBE2D1,-1.6630578292542264,0.1388888888888889,0.6630636913063691
TFAM,-1.7962504752481063,0.08333333333333333,0.6630636913063691
SLC16A9,0.41059129259411276,0.8333333333333334,0.9696444353796996
CCDC6,0.7474326854533206,0.2222222222222222,0.7242375194388904
CDK1,2.722819151465991,0.16666666666666666,0.6630636913063691
ARID5B,0.25838527898480557,0.8333333333333334,0.9696444353796996
ADO,0.9262932907361328,0.6388888888888888,0.9393265826953157
EGR2,1.0793133548595315,0.4166666666666667,0.8228048921195339
NRBF2,1.4507575199985623,0.3055555555555556,0.7689432926530413
JMJD1C,-0.9184565203933213,0.05555555555555555,0.6630636913063691
TATDN1P1,2.5512179098406746,0.05555555555555555,0.6630636913063691
RPL7AP50,0.2167453499837605,0.8333333333333334,0.9696444353796996
SIRT1,0.048873984098145584,0.9722222222222222,1.0
HERC4,0.5859585216553382,0.4722222222222222,0.8663629460895975
PBLD,-1.0552824209224965,0.5,0.8663629460895975
HNRNPH3,-0.282314542201318,0.5,0.8663629460895975
RUFY2,0.9244916551126185,0.7222222222222222,0.9526327507514194
DNA2,0.8196069136726778,0.5833333333333334,0.9145140606393699
SLC25A16,2.531439058402683,0.1111111111111111,0.6630636913063691
TET1,-0.3908276455004338,0.6944444444444444,0.9526327507514194
COX20P1,2.1490967018352127,0.16666666666666666,0.6630636913063691
CCAR1,-0.9093687228339009,0.05555555555555555,0.6630636913063691
DDX50,-0.14537971645895365,0.6666666666666666,0.9393265826953157
DDX21,-0.3480661800765237,0.3055555555555556,0.7689432926530413
KIF1BP,2.471680394959502,0.05555555555555555,0.6630636913063691
SRGN,0.01410933688940652,0.9722222222222222,1.0
VPS26A,-0.26316578394466017,0.6944444444444444,0.9526327507514194
SUPV3L1,0.6656684152403467,0.7777777777777778,0.9616866541443916
HK1,1.365617967675269,0.08333333333333333,0.6630636913063691
COL13A1,-1.2211570951285617,0.08333333333333333,0.6630636913063691
H2AFY2,1.1135578573827132,0.4166666666666667,0.8228048921195339
AIFM2,1.484097480270147,0.3055555555555556,0.7689432926530413
TYSND1,2.3556778944066785,0.08333333333333333,0.6630636913063691
SAR1A,0.7384393494760744,0.1111111111111111,0.6630636913063691
CALM2P2,2.7474439768547785,0.16666666666666666,0.6630636913063691
PPA1,3.016995598030843,0.1388888888888889,0.6630636913063691
LRRC20,0.1629930224625301,1.0,1.0
EIF4EBP2,0.8065796743674172,0.05555555555555555,0.6630636913063691
PRF1,-1.0985146639615504,0.8888888888888888,0.9842040002156449
SGPL1,2.2755077527979974,0.16666666666666666,0.6630636913063691
PCBD1,1.9941942006217395,0.16666666666666666,0.6630636913063691
UNC5B,2.9663145188862043,0.05555555555555555,0.6630636913063691
VSIR,0.06757259783529701,0.8333333333333334,0.9696444353796996
PSAP,0.014093038429196625,0.9722222222222222,1.0
SPOCK2,-0.9412658306762749,0.6111111111111112,0.9285893964279902
ASCC1,1.180267816963847,0.7222222222222222,0.9526327507514194
ANAPC16,-0.3016339054691377,0.6666666666666666,0.9393265826953157
DDIT4,0.16267843608062904,0.9444444444444444,1.0
DNAJB12,0.8856480750050237,0.8333333333333334,0.9696444353796996
MICU1,2.3421538561152464,0.08333333333333333,0.6630636913063691
MCU,-0.15843433421183573,0.9166666666666666,0.9920484365613835
P4HA1,-1.5027719122051906,0.1388888888888889,0.6630636913063691
ECD,0.23772005105365324,0.5,0.8663629460895975
FAM149B1,2.722587013090518,0.1388888888888889,0.6630636913063691
DNAJC9,0.15552998828626752,0.8333333333333334,0.9696444353796996
MRPS16,0.10559552339311917,0.8888888888888888,0.9842040002156449
ANXA7,-0.338433189383621,0.3055555555555556,0.7689432926530413
MSS51,0.2246157374487885,0.8333333333333334,0.9696444353796996
PPP3CB,-0.5675355350147298,0.25,0.7407166969618281
PPP3CB-AS1,-1.1362110859903525,0.25,0.7407166969618281
USP54,-0.22888073058670488,1.0,1.0
AC022400.7,2.675536170863497,0.16666666666666666,0.6630636913063691
FUT11,0.7090003390415776,0.1388888888888889,0.6630636913063691
CHCHD1,2.205188038386376,0.3611111111111111,0.797730450683016
ZSWIM8,0.1629930224625301,1.0,1.0
NDST2,0.5215387290405596,0.8333333333333334,0.9696444353796996
CAMK2G,0.9896588252967393,0.8055555555555556,0.9696444353796996
PLAU,0.6721990342034116,0.4166666666666667,0.8228048921195339
VCL,-1.0301017574530436,0.16666666666666666,0.6630636913063691
AP3M1,2.19142240238514,0.1388888888888889,0.6630636913063691
ADK,3.2906501056313724,0.05555555555555555,0.6630636913063691
KAT6B,-0.6490107705971591,0.2777777777777778,0.7530160238642064
SAMD8,-0.19036111964632418,0.6944444444444444,0.9526327507514194
VDAC2,1.0610414765613632,0.1111111111111111,0.6630636913063691
COMTD1,0.7203268911656686,0.6666666666666666,0.9393265826953157
ZNF503,0.8612820609046503,0.6666666666666666,0.9393265826953157
LRMDA,1.9064993177275276,0.1388888888888889,0.6630636913063691
KCNMA1,0.26858387311385945,1.0,1.0
POLR3A,1.5004929579713004,0.3055555555555556,0.7689432926530413
RPS24,0.06330789695643979,0.6666666666666666,0.9393265826953157
ZMIZ1,0.8927354450161227,0.2777777777777778,0.7530160238642064
PPIF,-0.4475669353626559,0.7222222222222222,0.9526327507514194
ZCCHC24,-0.2828866052606047,0.7222222222222222,0.9526327507514194
NUTM2B-AS1,2.420361067499646,0.08333333333333333,0.6630636913063691
AL135925.1,2.9269304041406836,0.05555555555555555,0.6630636913063691
SFTPD,1.1350465463453236,0.5,0.8663629460895975
TMEM254,-0.032184754979355024,0.9444444444444444,1.0
ANXA11,0.5069757770755094,0.19444444444444445,0.6998773221170698
FAM213A,0.9799008025232236,0.2777777777777778,0.7530160238642064
TSPAN14,-0.2494740494337524,0.6666666666666666,0.9393265826953157
GHITM,0.006593518605996884,0.8888888888888888,0.9842040002156449
CCSER2,-0.6235487361713945,0.16666666666666666,0.6630636913063691
RPS3AP5,-1.7291872580673555,0.1388888888888889,0.6630636913063691
WAPL,0.49649622530109383,0.5,0.8663629460895975
BMPR1A,-0.26259628978794325,0.4722222222222222,0.8663629460895975
SNCG,2.0880124511315508,0.16666666666666666,0.6630636913063691
RNU6-529P,1.9209908968757214,0.16666666666666666,0.6630636913063691
GLUD1,0.031213712439633667,0.9722222222222222,1.0
FAM35A,-0.5952477136689787,0.1111111111111111,0.6630636913063691
NUTM2A-AS1,1.3910353062022307,0.5,0.8663629460895975
LINC00863,0.037710361633996214,1.0,1.0
MINPP1,1.5105725260531297,0.3055555555555556,0.7689432926530413
PAPSS2,-0.004583371503577904,1.0,1.0
ATAD1,-0.24782702956429592,0.5,0.8663629460895975
PTEN,-0.6747099961565679,0.05555555555555555,0.6630636913063691
RPL11P3,2.553588555763727,0.05555555555555555,0.6630636913063691
RNLS,0.7671831658141458,0.5,0.8663629460895975
STAMBPL1,0.49685159358258124,0.7777777777777778,0.9616866541443916
FAS,0.8505548367658369,0.6666666666666666,0.9393265826953157
LIPA,0.4836461889142285,0.6666666666666666,0.9393265826953157
IFIT2,-1.4965044007423014,0.5,0.8663629460895975
IFIT3,-1.5850340851662725,0.2222222222222222,0.7242375194388904
IFIT1,-0.5976634615978025,0.4166666666666667,0.8228048921195339
IFIT5,0.5204382666750953,0.9166666666666666,0.9920484365613835
PANK1,-0.2751227858383989,0.8888888888888888,0.9842040002156449
KIF20B,-0.3796672075067127,0.3333333333333333,0.7714672075726842
RPP30,0.6739804678884167,0.8333333333333334,0.9696444353796996
PCGF5,0.29113681215612974,0.7777777777777778,0.9616866541443916
TNKS2,0.28635744054279844,0.4444444444444444,0.8447628037832934
SRP9P1,1.8614162111260282,0.2777777777777778,0.7530160238642064
BTAF1,-0.37712325160832094,0.6944444444444444,0.9526327507514194
CPEB3,2.16955149161449,0.25,0.7407166969618281
NHP2P1,1.4029592895391336,0.3055555555555556,0.7689432926530413
MARCH5,-0.5451858556814688,0.4444444444444444,0.8447628037832934
IDE,1.7407159970338801,0.25,0.7407166969618281
KIF11,3.589217865206975,0.16666666666666666,0.6630636913063691
EIF2S2P3,0.8385972035617809,0.5,0.8663629460895975
HHEX,0.9768449392407854,0.8888888888888888,0.9842040002156449
EXOC6,1.5209663662249953,0.3333333333333333,0.7714672075726842
CEP55,1.7783499064974129,0.4444444444444444,0.8447628037832934
FRA10AC1,0.06030644307041566,0.9444444444444444,1.0
PIPSL,-1.5043405473954996,0.19444444444444445,0.6998773221170698
NOC3L,0.27926869924479725,0.9444444444444444,1.0
TBC1D12,-0.04292274371997773,1.0,1.0
HELLS,2.663986613549784,0.16666666666666666,0.6630636913063691
PDLIM1,1.3408659437140367,0.5555555555555556,0.9063324119086202
SORBS1,-1.2558996173736534,0.08333333333333333,0.6630636913063691
ALDH18A1,4.143809676674691,0.05555555555555555,0.6630636913063691
TCTN3,2.3048080193668055,0.2222222222222222,0.7242375194388904
ENTPD1,0.662507602688907,0.8611111111111112,0.9842040002156449
ENTPD1-AS1,2.1808030776078615,0.16666666666666666,0.6630636913063691
CCNJ,0.7385571093620378,0.7777777777777778,0.9616866541443916
ZNF518A,1.377056603461909,0.5277777777777778,0.8876686975890985
TM9SF3,-0.4066587759850391,0.3611111111111111,0.797730450683016
PIK3AP1,2.3577186117885502,0.1111111111111111,0.6630636913063691
RPL13AP5,0.4322700835679596,0.4444444444444444,0.8447628037832934
LCOR,-0.04396563745276172,0.8333333333333334,0.9696444353796996
ARHGAP19,-0.03386029512914934,0.9722222222222222,1.0
FRAT1,2.0716030646667885,0.16666666666666666,0.6630636913063691
FRAT2,-0.9306232737553275,0.1388888888888889,0.6630636913063691
RRP12,0.5166183011655237,0.75,0.9526327507514194
PGAM1,1.2442638524557488,0.6111111111111112,0.9285893964279902
EXOSC1,0.1374888066976725,0.9444444444444444,1.0
ZDHHC16,1.0602332411682336,0.4444444444444444,0.8447628037832934
MMS19,1.8420506915784745,0.16666666666666666,0.6630636913063691
PI4K2A,-0.3672018914770918,0.6666666666666666,0.9393265826953157
AVPI1,0.729417258172616,0.5,0.8663629460895975
MARVELD1,2.684293207743753,0.1388888888888889,0.6630636913063691
ZFYVE27,0.16306928700555368,0.8888888888888888,0.9842040002156449
R3HCC1L,1.1592007694058846,0.6666666666666666,0.9393265826953157
PYROXD2,-0.8720966847164715,0.5833333333333334,0.9145140606393699
HPS1,0.6972375608726988,0.08333333333333333,0.6630636913063691
GOT1,1.4767764200537192,0.2777777777777778,0.7530160238642064
SLC25A28,3.11266184072582,0.05555555555555555,0.6630636913063691
ENTPD7,-1.1849813974504628,0.7222222222222222,0.9526327507514194
CUTC,-1.2055122406866605,0.2222222222222222,0.7242375194388904
COX15,0.0857129654936788,0.6666666666666666,0.9393265826953157
ERLIN1,-0.6110906974946939,0.2777777777777778,0.7530160238642064
CHUK,0.5333804628306349,0.7222222222222222,0.9526327507514194
CWF19L1,1.8261927729764673,0.3055555555555556,0.7689432926530413
BLOC1S2,0.6974552732026638,0.4166666666666667,0.8228048921195339
SCD,-0.003381365163625638,1.0,1.0
OLMALINC,-0.7482376662644206,0.6111111111111112,0.9285893964279902
SEC31B,1.9175783972295535,0.16666666666666666,0.6630636913063691
NDUFB8,0.3539672520209516,0.6666666666666666,0.9393265826953157
HIF1AN,-1.0250334170548543,0.6388888888888888,0.9393265826953157
SLF2,-0.6168146945545683,0.25,0.7407166969618281
MRPL43,-0.5772676461699175,0.2777777777777778,0.7530160238642064
TWNK,-0.3435475929619325,1.0,1.0
SFXN3,2.4044071001619813,0.08333333333333333,0.6630636913063691
BTRC,-0.24654128315448798,0.5,0.8663629460895975
POLL,0.4653465652716364,0.75,0.9526327507514194
FBXW4,0.9495157303267019,0.5,0.8663629460895975
NPM3,3.0029471962074568,0.05555555555555555,0.6630636913063691
MGEA5,0.08535722489009778,0.75,0.9526327507514194
C10orf76,1.004516342085851,0.5555555555555556,0.9063324119086202
HPS6,1.7715943692905323,0.16666666666666666,0.6630636913063691
LDB1,1.3199363265602662,0.6388888888888888,0.9393265826953157
PPRC1,0.2611975752553741,0.8888888888888888,0.9842040002156449
NOLC1,-0.2653731980935863,0.2777777777777778,0.7530160238642064
GBF1,2.400446011827576,0.3333333333333333,0.7714672075726842
NFKB2,1.8916370660423172,0.4166666666666667,0.8228048921195339
FBXL15,-0.572306313890464,0.6666666666666666,0.9393265826953157
CUEDC2,1.2098495431022278,0.6111111111111112,0.9285893964279902
RPARP-AS1,0.7955880686069334,0.6666666666666666,0.9393265826953157
MFSD13A,2.352294877000892,0.16666666666666666,0.6630636913063691
ACTR1A,-0.3008402740070819,0.19444444444444445,0.6998773221170698
SUFU,0.016863001564731306,0.9722222222222222,1.0
AL391121.1,2.102249380738871,0.16666666666666666,0.6630636913063691
TRIM8,2.2494153680282256,0.1388888888888889,0.6630636913063691
ARL3,2.2619045058883107,0.05555555555555555,0.6630636913063691
WBP1L,0.10384019186465032,0.9722222222222222,1.0
BORCS7,0.8843746217291475,0.75,0.9526327507514194
CNNM2,1.8303910015954723,0.19444444444444445,0.6998773221170698
NT5C2,-1.6442888820050157,0.2777777777777778,0.7530160238642064
PCGF6,0.8285722255608312,0.7222222222222222,0.9526327507514194
TAF5,0.00910856264197446,1.0,1.0
USMG5,0.11379036063027748,0.8888888888888888,0.9842040002156449
PDCD11,0.9390993281066082,0.6944444444444444,0.9526327507514194
CALHM2,0.8144168549425843,0.8611111111111112,0.9842040002156449
SH3PXD2A,0.30296697462769373,0.75,0.9526327507514194
STN1,1.280190438421842,0.3333333333333333,0.7714672075726842
SLK,-0.12413250700165701,0.7777777777777778,0.9616866541443916
SFR1,-0.3441411016234346,0.9444444444444444,1.0
GSTO1,-0.41057530327439107,0.5,0.8663629460895975
ITPRIP,1.7804665377871542,0.3333333333333333,0.7714672075726842
YWHAZP5,0.21874626681456344,0.8333333333333334,0.9696444353796996
XPNPEP1,1.6850841178520617,0.25,0.7407166969618281
ADD3,-0.14934274645775059,0.8888888888888888,0.9842040002156449
MXI1,1.7820916749365256,0.3333333333333333,0.7714672075726842
SMNDC1,-0.2390611281705315,0.7777777777777778,0.9616866541443916
DUSP5,0.8534042177624288,0.7777777777777778,0.9616866541443916
SMC3,-0.1488456561014022,0.6944444444444444,0.9526327507514194
PDCD4-AS1,-1.232660603248037,0.5,0.8663629460895975
PDCD4,-1.1177697328507668,0.05555555555555555,0.6630636913063691
BBIP1,-1.7294163367356798,0.08333333333333333,0.6630636913063691
SHOC2,-0.41207114674508993,0.4722222222222222,0.8663629460895975
ADRA2A,2.064952543087195,0.3055555555555556,0.7689432926530413
GPAM,-1.1219972590808023,0.4166666666666667,0.8228048921195339
ACSL5,0.6238740523619066,0.08333333333333333,0.6630636913063691
ZDHHC6,1.9136886529295096,0.19444444444444445,0.6998773221170698
VTI1A,3.747678535764243,0.05555555555555555,0.6630636913063691
CASP7,0.24035014268377752,0.8888888888888888,0.9842040002156449
DCLRE1A,0.25031609428109447,0.9166666666666666,0.9920484365613835
NHLRC2,1.3189459744303051,0.5,0.8663629460895975
CCDC186,-1.0736516293510183,0.25,0.7407166969618281
ABLIM1,0.8423789268676527,0.5833333333333334,0.9145140606393699
FAM160B1,-1.470346055008025,0.2222222222222222,0.7242375194388904
TRUB1,1.6349369905874451,0.3611111111111111,0.797730450683016
AL731557.1,1.8500780938149763,0.25,0.7407166969618281
SLC18A2,0.05083099693784021,0.9722222222222222,1.0
PDZD8,0.8965110294156347,0.19444444444444445,0.6998773221170698
RAB11FIP2,1.4268126981687845,0.3611111111111111,0.797730450683016
FAM204A,0.784553248223685,0.2777777777777778,0.7530160238642064
CACUL1,0.24639541971890555,0.4444444444444444,0.8447628037832934
RPL17P36,0.5505338933667163,0.9166666666666666,0.9920484365613835
EIF3A,0.17637383136648044,0.2222222222222222,0.7242375194388904
FAM45A,-2.410074543065397,0.08333333333333333,0.6630636913063691
SFXN4,0.6437495369238525,0.6666666666666666,0.9393265826953157
PRDX3,-0.13975451470060296,0.7777777777777778,0.9616866541443916
GRK5,0.6387398184526285,0.75,0.9526327507514194
RGS10,0.2556724482397117,0.6388888888888888,0.9393265826953157
TIAL1,0.8370286757381153,0.08333333333333333,0.6630636913063691
INPP5F,1.9968489589774672,0.16666666666666666,0.6630636913063691
MCMBP,2.5790851454447274,0.19444444444444445,0.6998773221170698
SEC23IP,0.5211011881850771,0.5555555555555556,0.9063324119086202
WDR11,1.874923454968782,0.08333333333333333,0.6630636913063691
ATE1,-1.3089443682550472,0.16666666666666666,0.6630636913063691
NSMCE4A,-0.6407460869322543,0.3333333333333333,0.7714672075726842
PLEKHA1,0.4372713685430738,0.7777777777777778,0.9616866541443916
HTRA1,0.529769290846682,0.75,0.9526327507514194
C10orf88,0.14547652150415713,0.8611111111111112,0.9842040002156449
IKZF5,2.686282699415842,0.1388888888888889,0.6630636913063691
ACADSB,0.5485668217496462,0.4722222222222222,0.8663629460895975
BUB3,0.4043093959185713,0.25,0.7407166969618281
CPXM2,0.9147176067965517,0.6666666666666666,0.9393265826953157
CHST15,0.49541139308494886,0.7777777777777778,0.9616866541443916
OAT,0.23243767030320228,0.6944444444444444,0.9526327507514194
LHPP,-0.3870921936281331,0.6388888888888888,0.9393265826953157
FAM53B,0.18988721277871612,0.9166666666666666,0.9920484365613835
EEF1AKMT2,1.2204226789365493,0.5833333333333334,0.9145140606393699
ABRAXAS2,-0.9247405288356072,0.05555555555555555,0.6630636913063691
ZRANB1,1.1736546023471504,0.6111111111111112,0.9285893964279902
CTBP2,0.4474021919217428,0.3888888888888889,0.8209476821872752
EDRF1,0.20501007407591576,0.9722222222222222,1.0
UROS,0.8465635365824018,0.6388888888888888,0.9393265826953157
BCCIP,0.008312383797290934,1.0,1.0
DHX32,2.2494633836164817,0.2222222222222222,0.7242375194388904
ADAM12,1.0530629431860286,0.1388888888888889,0.6630636913063691
FOXI2,-0.5496178119789521,0.6666666666666666,0.9393265826953157
PTPRE,1.6531321504322585,0.3333333333333333,0.7714672075726842
MKI67,4.484586036585443,0.16666666666666666,0.6630636913063691
MGMT,1.4505891663885029,0.3333333333333333,0.7714672075726842
C10orf143,-0.4768469595966156,0.8888888888888888,0.9842040002156449
CTAGE7P,0.12719339979999034,1.0,1.0
GLRX3,0.37832953272069414,0.6944444444444444,0.9526327507514194
PPP2R2D,2.1647587165540676,0.16666666666666666,0.6630636913063691
BNIP3,-0.5066513373223578,0.8888888888888888,0.9842040002156449
STK32C,1.6735870482037487,0.3055555555555556,0.7689432926530413
LRRC27,1.0607702983205576,0.4166666666666667,0.8228048921195339
PWWP2B,0.1925706959121114,0.8333333333333334,0.9696444353796996
INPP5A,1.0549346045612746,0.4166666666666667,0.8228048921195339
MIR202HG,-1.9456541045493272,0.1388888888888889,0.6630636913063691
ADAM8,2.1449316149598476,0.3333333333333333,0.7714672075726842
TUBGCP2,2.1181828004254464,0.08333333333333333,0.6630636913063691
ZNF511,-0.8902903232270383,0.2222222222222222,0.7242375194388904
FUOM,2.808382391869656,0.08333333333333333,0.6630636913063691
ECHS1,0.6661021128624016,0.16666666666666666,0.6630636913063691
CYP2E1,-0.8364645985434448,0.7222222222222222,0.9526327507514194
AC215219.1,-1.0850802222759088,0.5833333333333334,0.9145140606393699
AC007406.5,1.241860080854679,0.3333333333333333,0.7714672075726842
KDM5A,-0.4688771675268164,0.1111111111111111,0.6630636913063691
CCDC77,0.9212964931939212,0.5833333333333334,0.9145140606393699
NINJ2,0.999372951915175,0.4166666666666667,0.8228048921195339
AC021054.1,-0.29045533101726706,0.7777777777777778,0.9616866541443916
WNK1,0.33485001694779726,0.25,0.7407166969618281
RAD52,0.5178177677103153,0.9166666666666666,0.9920484365613835
ERC1,-0.11708760802416496,0.9722222222222222,1.0
ADIPOR2,0.5614995678698227,0.3611111111111111,0.797730450683016
CACNA2D4,1.6563430519048516,0.2222222222222222,0.7242375194388904
DCP1B,2.4216898993773808,0.05555555555555555,0.6630636913063691
FKBP4,-0.1446338709415964,1.0,1.0
ITFG2,1.4890741629597222,0.25,0.7407166969618281
RHNO1,1.8633152267258506,0.3055555555555556,0.7689432926530413
TULP3,-0.02573015118151689,1.0,1.0
AC005912.1,-0.19132439090623699,0.8055555555555556,0.9696444353796996
CRACR2A,1.180060246226729,0.3333333333333333,0.7714672075726842
AC005831.1,0.8719167758996904,0.6666666666666666,0.9393265826953157
PARP11,1.6355853838650343,0.19444444444444445,0.6998773221170698
CCND2,0.0633847895048465,1.0,1.0
TIGAR,1.7898678117599705,0.16666666666666666,0.6630636913063691
C12orf4,1.580549946823965,0.19444444444444445,0.6998773221170698
DYRK4,0.6469122233575848,0.6388888888888888,0.9393265826953157
NDUFA9,2.9778018103562207,0.1111111111111111,0.6630636913063691
VWF,3.1860428252507784,0.16666666666666666,0.6630636913063691
CD9,-0.14904846039105202,0.7222222222222222,0.9526327507514194
TNFRSF1A,-0.5468157112042367,0.8888888888888888,0.9842040002156449
LTBR,-1.4792928397427674,0.3333333333333333,0.7714672075726842
CD27-AS1,-0.4903721084616852,0.75,0.9526327507514194
TAPBPL,1.2511786086668608,0.5555555555555556,0.9063324119086202
VAMP1,1.8756137287414236,0.16666666666666666,0.6630636913063691
MRPL51,-0.2084967111369247,0.6666666666666666,0.9393265826953157
NCAPD2,3.883909704662634,0.05555555555555555,0.6630636913063691
GAPDH,1.7747251168694143,0.3611111111111111,0.797730450683016
IFFO1,-0.5244143508208605,0.7222222222222222,0.9526327507514194
NOP2,1.3788668094603487,0.3333333333333333,0.7714672075726842
CHD4,0.4685791014898646,0.4444444444444444,0.8447628037832934
LPAR5,0.4057776386795604,0.7777777777777778,0.9616866541443916
ACRBP,2.9685937585322004,0.05555555555555555,0.6630636913063691
ING4,1.6703791500044338,0.4166666666666667,0.8228048921195339
COPS7A,0.07681581625068912,0.8333333333333334,0.9696444353796996
MLF2,0.2287272386517314,0.8888888888888888,0.9842040002156449
PTMS,4.257139257587145,0.19444444444444445,0.6998773221170698
CD4,0.21641343437842142,0.8333333333333334,0.9696444353796996
USP5,1.2908576799958458,0.5833333333333334,0.9145140606393699
TPI1,0.0889750967101115,0.8055555555555556,0.9696444353796996
SPSB2,2.0581952302886335,0.16666666666666666,0.6630636913063691
LRRC23,0.2378558371921904,0.8333333333333334,0.9696444353796996
DSTNP2,0.3814572208968088,0.8333333333333334,0.9696444353796996
ENO2,-0.10324338140679501,0.8055555555555556,0.9696444353796996
ATN1,0.838135355802816,0.3888888888888889,0.8209476821872752
C12orf57,1.6250187566818783,0.4444444444444444,0.8447628037832934
PTPN6,0.052140312281315104,0.9444444444444444,1.0
PHB2,1.590218901722356,0.05555555555555555,0.6630636913063691
EMG1,2.5353789029189864,0.16666666666666666,0.6630636913063691
C1S,-0.4825745242124926,0.8888888888888888,0.9842040002156449
C1R,1.532679921126238,0.3055555555555556,0.7689432926530413
C1RL,-1.3375147751852552,0.1388888888888889,0.6630636913063691
CLSTN3,2.103369976453107,0.16666666666666666,0.6630636913063691
PEX5,0.10279642727205518,0.8888888888888888,0.9842040002156449
AC131206.1,0.31985080479968575,0.8333333333333334,0.9696444353796996
SLC2A14,-1.0872194883896231,0.4444444444444444,0.8447628037832934
SLC2A3,0.11852325049007995,0.9166666666666666,0.9920484365613835
FOXJ2,-0.4564089619463534,0.3888888888888889,0.8209476821872752
C3AR1,-0.30742572295456494,0.5555555555555556,0.9063324119086202
NECAP1,-0.12805233012703443,0.8333333333333334,0.9696444353796996
CLEC4E,-0.9091849032365537,0.7222222222222222,0.9526327507514194
HADHAP2,0.5470775970502149,0.8333333333333334,0.9696444353796996
RIMKLB,1.146356213234406,0.6111111111111112,0.9285893964279902
PHC1,0.3379241425029541,0.8333333333333334,0.9696444353796996
M6PR,-0.043307264844267834,0.9444444444444444,1.0
KLRG1,0.27843133824835586,0.6111111111111112,0.9285893964279902
A2M,2.0820076501424767,0.16666666666666666,0.6630636913063691
PZP,0.1629930224625301,1.0,1.0
A2MP1,-0.9900835609134115,0.5833333333333334,0.9145140606393699
LINC00987,0.47622801152946403,0.8333333333333334,0.9696444353796996
KLRB1,-2.6485614795314465,0.16666666666666666,0.6630636913063691
AC010186.3,-0.46203897491644463,0.8888888888888888,0.9842040002156449
CLEC2D,-0.33142762478553456,0.9444444444444444,1.0
CLECL1,0.5872390405776722,1.0,1.0
CD69,0.08167731095374187,0.8333333333333334,0.9696444353796996
KLRF1,0.031035514228374694,1.0,1.0
CLEC2B,-0.46008137612808486,0.3888888888888889,0.8209476821872752
LINC02470,-0.9243190751113526,0.5833333333333334,0.9145140606393699
CLEC12A,-0.2164287838955481,0.7777777777777778,0.9616866541443916
CLEC1B,0.4173074401575845,0.9166666666666666,0.9920484365613835
CLEC7A,-1.0848025135568733,0.5833333333333334,0.9145140606393699
OLR1,-0.1277525925323586,1.0,1.0
GABARAPL1,-0.5082316008347281,0.2777777777777778,0.7530160238642064
KLRD1,-3.2984060948701965,0.16666666666666666,0.6630636913063691
AC068775.1,-1.4047832796648017,0.5,0.8663629460895975
MAGOHB,0.6444095171825386,0.6111111111111112,0.9285893964279902
YBX3,-1.1532744024073995,0.08333333333333333,0.6630636913063691
SMIM10L1,1.8190201719775234,0.2777777777777778,0.7530160238642064
ETV6,0.09041064454528147,0.75,0.9526327507514194
MANSC1,3.4673928574354753,0.05555555555555555,0.6630636913063691
BORCS5,2.841313649644626,0.05555555555555555,0.6630636913063691
DUSP16,1.770524030013135,0.25,0.7407166969618281
CREBL2,0.39190047085991697,0.25,0.7407166969618281
CDKN1B,-1.2654822771178402,0.08333333333333333,0.6630636913063691
APOLD1,2.078677087338124,0.16666666666666666,0.6630636913063691
AC007688.1,-1.6442888820050157,0.2777777777777778,0.7530160238642064
HEBP1,-0.3863865382709535,0.3611111111111111,0.797730450683016
EMP1,2.4644535966156065,0.1388888888888889,0.6630636913063691
ATF7IP,0.4385939089990547,0.5,0.8663629460895975
H2AFJ,2.3107051718630935,0.1111111111111111,0.6630636913063691
WBP11,-0.08689583735604334,0.8055555555555556,0.9696444353796996
MGP,1.9212319017890827,0.16666666666666666,0.6630636913063691
ERP27,-2.0517131288379793,0.05555555555555555,0.6630636913063691
ARHGDIB,0.048373144170778204,0.5,0.8663629460895975
STRAP,-0.42303698864539463,0.08333333333333333,0.6630636913063691
DERA,0.03634352208821845,0.9166666666666666,0.9920484365613835
SUPT16HP1,0.47863425285634054,0.75,0.9526327507514194
AC023512.1,0.1301542425724973,0.9444444444444444,1.0
PLEKHA5,-0.5608043119896475,0.5833333333333334,0.9145140606393699
AEBP2,0.1235632477775983,0.8888888888888888,0.9842040002156449
PDE3A,0.4856920692536226,0.19444444444444445,0.6998773221170698
PYROXD1,2.3084739650719897,0.16666666666666666,0.6630636913063691
RECQL,0.29066579387482117,0.5555555555555556,0.9063324119086202
GOLT1B,0.4742945903420388,0.4444444444444444,0.8447628037832934
LDHB,-0.6088159007210336,0.19444444444444445,0.6998773221170698
CMAS,2.1411614150197873,0.2222222222222222,0.7242375194388904
ST8SIA1,-0.39547168739212335,0.6388888888888888,0.9393265826953157
AC007671.1,-0.6747394525544737,0.3611111111111111,0.797730450683016
AC007671.2,0.009902090170620603,1.0,1.0
C2CD5,-0.11605851064785444,0.8888888888888888,0.9842040002156449
ETNK1,0.2682498521671608,0.4444444444444444,0.8447628037832934
BCAT1,3.2424090562045835,0.16666666666666666,0.6630636913063691
LRMP,-1.6111563702950171,0.05555555555555555,0.6630636913063691
ETFRF1,2.3057649673823146,0.1111111111111111,0.6630636913063691
KRAS,0.19181071522020599,0.6388888888888888,0.9393265826953157
AC087239.1,-2.0686150874918203,0.2777777777777778,0.7530160238642064
TDGP1,-0.5468157112042367,0.8888888888888888,0.9842040002156449
ITPR2,0.36500210223801677,0.4722222222222222,0.8663629460895975
AC023051.1,-0.1759780335345018,1.0,1.0
INTS13,1.0966706054504325,0.3611111111111111,0.797730450683016
FGFR1OP2,0.20840304746808425,0.6944444444444444,0.9526327507514194
AC024896.1,-0.21493033948922813,1.0,1.0
TM7SF3,2.145516903215336,0.08333333333333333,0.6630636913063691
MED21,0.46621650121880487,0.8888888888888888,0.9842040002156449
AC092747.4,-1.4211650702082606,0.4166666666666667,0.8228048921195339
STK38L,1.0664349401788291,0.5833333333333334,0.9145140606393699
ARNTL2,2.1590513260088136,0.16666666666666666,0.6630636913063691
PPFIBP1,2.1962296190995523,0.1111111111111111,0.6630636913063691
MRPS35,2.708628070437901,0.2222222222222222,0.7242375194388904
KLHL42,-0.7609619605410858,0.19444444444444445,0.6998773221170698
CCDC91,1.818991815736323,0.2222222222222222,0.7242375194388904
FAR2,-0.17490772833084378,0.7777777777777778,0.9616866541443916
ERGIC2,1.798774635940029,0.3333333333333333,0.7714672075726842
IPO8,0.467668513677137,0.19444444444444445,0.6998773221170698
CAPRIN2,0.4140842276761494,0.7777777777777778,0.9616866541443916
DDX11,-0.7183952303216188,0.8888888888888888,0.9842040002156449
SINHCAF,1.5465503267357827,0.2777777777777778,0.7530160238642064
DENND5B,-1.0358724416520597,0.5555555555555556,0.9063324119086202
AC023157.2,-0.23929520218521239,1.0,1.0
AC023157.1,-0.7292835977335699,0.3055555555555556,0.7689432926530413
H3F3C,-0.19186588396906545,1.0,1.0
KIAA1551,-0.22929365622508424,0.75,0.9526327507514194
BICD1,1.7825988812054951,0.16666666666666666,0.6630636913063691
FGD4,-0.13982829322445745,1.0,1.0
DNM1L,1.9244800331856111,0.2222222222222222,0.7242375194388904
AC084824.1,-0.9323520387133133,0.08333333333333333,0.6630636913063691
YARS2,0.3813736046893408,0.7777777777777778,0.9616866541443916
ALG10,-1.0016997571978403,0.2777777777777778,0.7530160238642064
ALG10B,-0.47802600319218813,0.9166666666666666,0.9920484365613835
CPNE8,-0.26477943903601675,0.8333333333333334,0.9696444353796996
KIF21A,3.2907001903685464,0.05555555555555555,0.6630636913063691
SLC2A13,2.49373065279657,0.05555555555555555,0.6630636913063691
LRRK2,1.6794658642829732,0.3055555555555556,0.7689432926530413
GXYLT1,-0.05120984576471521,0.8888888888888888,0.9842040002156449
YAF2,-0.4987499611563777,0.25,0.7407166969618281
PPHLN1,-0.15898112055690827,0.8055555555555556,0.9696444353796996
ZCRB1,0.6653267321106666,0.5833333333333334,0.9145140606393699
AC079601.2,-0.25840477256283956,1.0,1.0
PRICKLE1,0.13091059474007738,1.0,1.0
PUS7L,1.351892698462176,0.5555555555555556,0.9063324119086202
IRAK4,0.3517529509851878,0.7777777777777778,0.9616866541443916
TWF1,1.3516167256400928,0.3055555555555556,0.7689432926530413
TMEM117,-2.1100965693882574,0.2777777777777778,0.7530160238642064
PLEKHA8P1,-0.1504693825220993,1.0,1.0
ANO6,0.399055441963835,0.4722222222222222,0.8663629460895975
AC008124.1,1.5777276655782613,0.3333333333333333,0.7714672075726842
ARID2,-0.9777976855801978,0.08333333333333333,0.6630636913063691
SCAF11,0.6546441223620283,0.3611111111111111,0.797730450683016
SLC38A1,1.0822214308095282,0.6666666666666666,0.9393265826953157
SLC38A2,-0.8145355109630046,0.05555555555555555,0.6630636913063691
AC008035.1,0.44525005518397,0.7777777777777778,0.9616866541443916
AMIGO2,-0.7390537768530616,0.6111111111111112,0.9285893964279902
PCED1B,0.26549726882650027,1.0,1.0
PCED1B-AS1,-0.909775297162406,0.6666666666666666,0.9393265826953157
RPAP3,-0.5450626305489257,0.3055555555555556,0.7689432926530413
SLC48A1,1.6653145951418356,0.3888888888888889,0.8209476821872752
HDAC7,3.163449528042232,0.1388888888888889,0.6630636913063691
VDR,3.0665195492798403,0.08333333333333333,0.6630636913063691
TMEM106C,1.9918228180808448,0.2777777777777778,0.7530160238642064
SENP1,0.14961122719372622,0.6666666666666666,0.9393265826953157
ASB8,-0.9968890872150844,0.19444444444444445,0.6998773221170698
ZNF641,-0.8481738815169138,0.16666666666666666,0.6630636913063691
KANSL2,1.1434968239927348,0.6111111111111112,0.9285893964279902
CCNT1,-0.02569955071946861,0.9444444444444444,1.0
CACNB3,0.6043444391773931,0.6666666666666666,0.9393265826953157
DDX23,-0.030765821478035527,0.9166666666666666,0.9920484365613835
RND1,2.090587856700207,0.16666666666666666,0.6630636913063691
FKBP11,1.2939041773450453,0.4444444444444444,0.8447628037832934
ARF3,-0.32681255079345917,0.4166666666666667,0.8228048921195339
PRKAG1,-1.5712538474936726,0.16666666666666666,0.6630636913063691
KMT2D,1.8244109702070754,0.25,0.7407166969618281
LMBR1L,0.06191801988456547,0.9722222222222222,1.0
TUBA1B,0.3379241425029541,0.8333333333333334,0.9696444353796996
TUBA1A,0.32151251111936574,0.4722222222222222,0.8663629460895975
TROAP,2.114436386245613,0.16666666666666666,0.6630636913063691
SPATS2,0.969642997284319,0.6666666666666666,0.9393265826953157
MCRS1,0.6794668223647871,0.6111111111111112,0.9285893964279902
FMNL3,0.9846102016686054,0.05555555555555555,0.6630636913063691
TMBIM6,-0.030317465237887475,0.8333333333333334,0.9696444353796996
NCKAP5L,1.5808707302412857,0.2222222222222222,0.7242375194388904
FAIM2,3.2833218001496203,0.25,0.7407166969618281
AQP2,0.5619205844416568,0.75,0.9526327507514194
RACGAP1,2.441667430224281,0.16666666666666666,0.6630636913063691
SMARCD1,-0.7258211858229151,0.3611111111111111,0.797730450683016
COX14,-0.06624654425645637,0.8333333333333334,0.9696444353796996
CERS5,0.07985758362293005,0.9722222222222222,1.0
LIMA1,-1.5610134198697603,0.1111111111111111,0.6630636913063691
LARP4,0.049555472089847896,1.0,1.0
DIP2B,0.25052332238358943,0.5277777777777778,0.8876686975890985
ATF1,-0.2037873202284155,0.6944444444444444,0.9526327507514194
METTL7A,-1.7214855345472548,0.05555555555555555,0.6630636913063691
SLC11A2,0.09171231994015816,0.8888888888888888,0.9842040002156449
LETMD1,-0.7638911099481263,0.25,0.7407166969618281
CSRNP2,1.046604444039977,0.7777777777777778,0.9616866541443916
TFCP2,-0.4157304849234693,0.5555555555555556,0.9063324119086202
POU6F1,2.015058611822208,0.05555555555555555,0.6630636913063691
AC139768.1,-0.7060317699641077,0.7222222222222222,0.9526327507514194
DAZAP2,-0.6591787506722842,0.1111111111111111,0.6630636913063691
SMAGP,-0.37840217806657117,0.1388888888888889,0.6630636913063691
BIN2,-0.48340469629724314,0.4722222222222222,0.8663629460895975
GALNT6,0.8934104160219354,0.16666666666666666,0.6630636913063691
SLC4A8,0.7105500863801,0.6944444444444444,0.9526327507514194
HNRNPA3P10,-3.8780161925837864,0.05555555555555555,0.6630636913063691
ACVR1B,1.3126757080663074,0.16666666666666666,0.6630636913063691
GRASP,0.878198434844705,0.6666666666666666,0.9393265826953157
NR4A1,2.43049811771018,0.1111111111111111,0.6630636913063691
KRT6A,4.290570759995585,0.05555555555555555,0.6630636913063691
KRT5,2.662880671663812,0.16666666666666666,0.6630636913063691
KRT72,1.7659483091980976,0.4444444444444444,0.8447628037832934
KRT73,2.095060233986162,0.16666666666666666,0.6630636913063691
KRT1,3.355996627920742,0.05555555555555555,0.6630636913063691
BTBD10P1,-1.1813031416458544,0.4166666666666667,0.8228048921195339
KRT79,2.827486108048542,0.05555555555555555,0.6630636913063691
EIF4B,-0.3116047509389297,0.19444444444444445,0.6998773221170698
SPRYD3,1.0755029700333183,0.7222222222222222,0.9526327507514194
EIF4A1P4,0.22912186974877236,1.0,1.0
CSAD,2.7002059991609677,0.05555555555555555,0.6630636913063691
ZNF740,1.5259582416558461,0.16666666666666666,0.6630636913063691
RARG,2.311861831683281,0.1388888888888889,0.6630636913063691
MFSD5,2.3874368773836885,0.1388888888888889,0.6630636913063691
PFDN5,-0.5320527510307347,0.3611111111111111,0.797730450683016
C12orf10,1.2239837660231392,0.5,0.8663629460895975
AAAS,0.9206644391112908,0.8333333333333334,0.9696444353796996
SP1,-0.6526406761161843,0.08333333333333333,0.6630636913063691
AMHR2,2.4896731060647035,0.08333333333333333,0.6630636913063691
PRR13,-0.5135980092787555,0.25,0.7407166969618281
PCBP2,-0.44602218424664475,0.2777777777777778,0.7530160238642064
TARBP2,1.0597690562808104,0.4166666666666667,0.8228048921195339
ATF7,-0.1697957527275875,0.7777777777777778,0.9616866541443916
ATP5G2,0.09666908953698616,0.6666666666666666,0.9393265826953157
CALCOCO1,0.6188440375970439,0.2222222222222222,0.7242375194388904
SMUG1,3.37497787953758,0.05555555555555555,0.6630636913063691
CBX5,0.2233856973887809,0.5,0.8663629460895975
HNRNPA1,-0.25707969514030893,0.5555555555555556,0.9063324119086202
NFE2,-0.05538620252792148,1.0,1.0
COPZ1,0.4284251991256589,0.3333333333333333,0.7714672075726842
ITGA5,2.3260238758920537,0.05555555555555555,0.6630636913063691
NCKAP1L,0.2937669439330026,0.6666666666666666,0.9393265826953157
TESPA1,-0.2666618778448768,0.3611111111111111,0.797730450683016
PHC1P1,1.0758553446642887,0.3888888888888889,0.8209476821872752
BLOC1S1,2.820166317259239,0.2222222222222222,0.7242375194388904
CD63,-0.11171794832981163,0.6944444444444444,0.9526327507514194
AC009779.2,0.6061369501377118,0.75,0.9526327507514194
GDF11,1.1995924013806847,0.5,0.8663629460895975
ORMDL2,1.4123385596458582,0.3333333333333333,0.7714672075726842
PYM1,2.228018901452749,0.1388888888888889,0.6630636913063691
DGKA,1.4028683981837116,0.5555555555555556,0.9063324119086202
CDK2,3.484174613410992,0.1111111111111111,0.6630636913063691
RAB5B,-0.04826116540243586,0.9444444444444444,1.0
AC034102.1,2.21886573520603,0.3055555555555556,0.7689432926530413
SUOX,1.9055277475495616,0.08333333333333333,0.6630636913063691
IKZF4,3.469227692827661,0.05555555555555555,0.6630636913063691
RPS26,-1.0989064599326697,0.08333333333333333,0.6630636913063691
PA2G4,0.039944506192075124,0.8888888888888888,0.9842040002156449
RPL41,0.4468585652921959,0.4722222222222222,0.8663629460895975
ZC3H10,0.8065063946129736,0.6111111111111112,0.9285893964279902
ESYT1,0.33940844094169975,0.3333333333333333,0.7714672075726842
MYL6B,1.987124843945422,0.16666666666666666,0.6630636913063691
MYL6,0.09186360313891484,0.6111111111111112,0.9285893964279902
AC073896.4,2.270189344606456,0.1111111111111111,0.6630636913063691
SMARCC2,0.054175156180208184,0.9722222222222222,1.0
RNF41,-0.9855987517780846,0.1111111111111111,0.6630636913063691
NABP2,1.9987548632265635,0.08333333333333333,0.6630636913063691
ANKRD52,1.8701691585579567,0.05555555555555555,0.6630636913063691
COQ10A,-1.7723001825835167,0.16666666666666666,0.6630636913063691
CS,-0.3434864988442081,0.3333333333333333,0.7714672075726842
CNPY2,-0.47033749361722466,0.9444444444444444,1.0
PAN2,-1.6867325625645373,0.05555555555555555,0.6630636913063691
STAT2,-0.5170503764365968,0.3055555555555556,0.7689432926530413
TIMELESS,2.7586370897937376,0.05555555555555555,0.6630636913063691
RBMS2,3.025531482674542,0.05555555555555555,0.6630636913063691
BAZ2A,-0.3442228576460371,0.3055555555555556,0.7689432926530413
ATP5B,0.29107824648960534,0.3333333333333333,0.7714672075726842
PTGES3,-0.7312467291589879,0.08333333333333333,0.6630636913063691
NACA,-0.22177187718528124,0.5,0.8663629460895975
PRIM1,3.4574974783447283,0.05555555555555555,0.6630636913063691
ZBTB39,2.335039377930136,0.05555555555555555,0.6630636913063691
NEMP1,1.3615737194766906,0.4166666666666667,0.8228048921195339
NAB2,1.6078720564615057,0.3333333333333333,0.7714672075726842
STAT6,-0.638491287355829,0.19444444444444445,0.6998773221170698
LRP1,-0.06071057758525922,1.0,1.0
SHMT2,2.40450207183108,0.1388888888888889,0.6630636913063691
STAC3,2.7792818686771628,0.05555555555555555,0.6630636913063691
R3HDM2,0.37435949205121233,0.1388888888888889,0.6630636913063691
ARHGAP9,-0.18982251262233252,0.6388888888888888,0.9393265826953157
MARS,0.6733705813897237,0.8888888888888888,0.9842040002156449
DDIT3,1.832682456068719,0.3333333333333333,0.7714672075726842
MBD6,0.4524008659500316,0.5,0.8663629460895975
DCTN2,0.8172293643442599,0.05555555555555555,0.6630636913063691
PIP4K2C,1.2855937800714812,0.5277777777777778,0.8876686975890985
DTX3,2.2414570723092684,0.19444444444444445,0.6998773221170698
OS9,0.2884580510099264,0.75,0.9526327507514194
AGAP2,2.4460398045688367,0.1388888888888889,0.6630636913063691
TSPAN31,0.40341796756770076,0.5277777777777778,0.8876686975890985
MARCH9,0.9842004791815184,0.6666666666666666,0.9393265826953157
METTL1,0.9813830945786257,0.5,0.8663629460895975
EEF1AKMT3,1.3402248542395232,0.3333333333333333,0.7714672075726842
TSFM,1.2504408528545095,0.4444444444444444,0.8447628037832934
CTDSP2,-0.40559189437992327,0.5833333333333334,0.9145140606393699
AC084033.3,2.2086513567590234,0.05555555555555555,0.6630636913063691
ATP23,-0.9444918266093656,0.6111111111111112,0.9285893964279902
SLC16A7,-1.805314449170889,0.2777777777777778,0.7530160238642064
RPS3P6,0.8350304501899743,0.5,0.8663629460895975
USP15,-0.025427557363813413,0.8055555555555556,0.9696444353796996
MON2,-1.0009667658849892,0.2222222222222222,0.7242375194388904
PPM1H,0.09064779615241125,0.9722222222222222,1.0
RPL14P1,-0.11267348358208551,0.6111111111111112,0.9285893964279902
TMEM5,1.2038185102954064,0.5833333333333334,0.9145140606393699
PABPC1P4,-0.40402033385174985,0.6388888888888888,0.9393265826953157
C12orf66,1.0413415235290242,0.4166666666666667,0.8228048921195339
AC135279.2,0.6043627397310358,0.6388888888888888,0.9393265826953157
XPOT,0.03195082380550307,0.9444444444444444,1.0
TBK1,-0.2997779598362067,0.8055555555555556,0.9696444353796996
RASSF3,0.320354361075359,0.5833333333333334,0.9145140606393699
GNS,-0.5409678341945456,0.25,0.7407166969618281
TBC1D30,2.291321074072993,0.16666666666666666,0.6630636913063691
LEMD3,-0.2541268427628367,0.5,0.8663629460895975
AC026124.2,0.3356353407800432,0.9166666666666666,0.9920484365613835
MSRB3,-0.20643075524613597,0.2222222222222222,0.7242375194388904
LLPH,-1.0686255871194357,0.2222222222222222,0.7242375194388904
TMBIM4,-0.6702299917950496,0.2777777777777778,0.7530160238642064
IRAK3,-0.9183452565542494,0.05555555555555555,0.6630636913063691
RBMS1P1,1.1514213552610446,0.4166666666666667,0.8228048921195339
HELB,-1.9418694129280252,0.3611111111111111,0.797730450683016
CAND1,0.25977894806961377,0.6944444444444444,0.9526327507514194
DYRK2,1.103064586928097,0.8333333333333334,0.9696444353796996
MDM1,1.2878789823214434,0.3611111111111111,0.797730450683016
LINC02384,0.30235787863275654,0.9166666666666666,0.9920484365613835
RAP1B,0.48919324901869476,0.3888888888888889,0.8209476821872752
ATP5HP4,0.3769227395776418,0.7777777777777778,0.9616866541443916
NUP107,0.18355450390632333,0.9444444444444444,1.0
SLC35E3,1.6297884600585681,0.25,0.7407166969618281
MDM2,1.7343910893062886,0.25,0.7407166969618281
CPM,0.7935575899859932,0.3055555555555556,0.7689432926530413
CPSF6,0.2782482282866443,0.5555555555555556,0.9063324119086202
LYZ,-0.25578320084253425,1.0,1.0
YEATS4,0.11145471981807953,0.8888888888888888,0.9842040002156449
FRS2,-0.1562537871288585,0.8333333333333334,0.9696444353796996
CCT2,0.4705913061819569,0.3055555555555556,0.7689432926530413
RAB3IP,3.176771904365525,0.05555555555555555,0.6630636913063691
LINC01481,1.7607056561880392,0.16666666666666666,0.6630636913063691
CNOT2,-0.6073138151379238,0.08333333333333333,0.6630636913063691
KCNMB4,-0.8428426041834967,0.5833333333333334,0.9145140606393699
PTPRB,1.8898293460681663,0.16666666666666666,0.6630636913063691
ZFC3H1,-0.14197636440733508,0.8611111111111112,0.9842040002156449
THAP2,3.272807738431811,0.1388888888888889,0.6630636913063691
TMEM19,1.032664947104109,0.5277777777777778,0.8876686975890985
RAB21,1.9945568303733152,0.3611111111111111,0.797730450683016
TBC1D15,-0.46205684942457736,0.05555555555555555,0.6630636913063691
ATXN7L3B,-0.2934347867024787,0.5277777777777778,0.8876686975890985
GLIPR1,-0.7106905887415575,0.6666666666666666,0.9393265826953157
KRR1,-1.270752617952562,0.16666666666666666,0.6630636913063691
PHLDA1,4.6571068953624914,0.05555555555555555,0.6630636913063691
NAP1L1,-0.8542658349592074,0.08333333333333333,0.6630636913063691
BBS10,-0.2833863608604865,0.8333333333333334,0.9696444353796996
OSBPL8,-0.3061827168393805,0.4166666666666667,0.8228048921195339
AC107032.1,0.9540732371918702,0.5833333333333334,0.9145140606393699
AC093014.1,0.504877530216638,0.75,0.9526327507514194
ZDHHC17,-0.7391925944976494,0.4444444444444444,0.8447628037832934
PPP1R12A,-0.5328791066558516,0.2222222222222222,0.7242375194388904
AC078817.1,0.42659867574157806,0.8888888888888888,0.9842040002156449
CCDC59,-1.6728289545194146,0.05555555555555555,0.6630636913063691
METTL25,3.2027553307998837,0.16666666666666666,0.6630636913063691
C12orf29,1.303003728938417,0.3888888888888889,0.8209476821872752
CEP290,-0.7345146399976485,0.08333333333333333,0.6630636913063691
TMTC3,-0.8230470371673437,0.3055555555555556,0.7689432926530413
DUSP6,-0.020902878859791585,0.9444444444444444,1.0
POC1B,0.7337086707810956,0.8333333333333334,0.9696444353796996
CENPCP1,-0.5908029813295146,0.2222222222222222,0.7242375194388904
ATP2B1,-0.6055234877064963,0.3055555555555556,0.7689432926530413
ATP2B1-AS1,0.5392334512806785,0.75,0.9526327507514194
LUM,0.7626519945232528,0.6666666666666666,0.9393265826953157
DCN,0.4893638194287031,0.8333333333333334,0.9696444353796996
BTG1,-0.9946327372963317,0.08333333333333333,0.6630636913063691
LINC02391,-1.3275093750240208,0.7222222222222222,0.9526327507514194
EEA1,-0.3213924605043763,0.4444444444444444,0.8447628037832934
NUDT4,2.1921759414065725,0.05555555555555555,0.6630636913063691
UBE2N,0.6017390412843637,0.25,0.7407166969618281
MRPL42,0.29462471772889476,0.4444444444444444,0.8447628037832934
SOCS2-AS1,1.8891494740666301,0.16666666666666666,0.6630636913063691
SOCS2,-1.3737729043091251,0.25,0.7407166969618281
CRADD,1.9024254079165765,0.19444444444444445,0.6998773221170698
PLXNC1,0.7400301630444046,0.19444444444444445,0.6998773221170698
AC073655.2,-2.960131071925792,0.16666666666666666,0.6630636913063691
CEP83,0.1949823067464722,0.9444444444444444,1.0
TMCC3,1.9392902807879921,0.16666666666666666,0.6630636913063691
NDUFA12,0.4852074132943658,0.1388888888888889,0.6630636913063691
NR2C1,-0.03425182825465889,1.0,1.0
VEZT,0.6664960771607094,0.8055555555555556,0.9696444353796996
METAP2,0.32094752589420494,0.75,0.9526327507514194
SNRPF,-0.27572775933075455,0.6388888888888888,0.9393265826953157
AMDHD1,0.6182026269031311,0.6666666666666666,0.9393265826953157
LTA4H,-0.2629427668378641,0.6666666666666666,0.9393265826953157
ELK3,-0.24537716117971264,0.6388888888888888,0.9393265826953157
CDK17,-1.6903967115427645,0.08333333333333333,0.6630636913063691
CFAP54,-0.8364645985434448,0.7222222222222222,0.9526327507514194
NEDD1,1.1426499582549945,0.6944444444444444,0.9526327507514194
TMPO,0.45703002465139786,0.5555555555555556,0.9063324119086202
SLC25A3,-0.5642799595664023,0.08333333333333333,0.6630636913063691
IKBIP,-0.2579143134360917,0.6666666666666666,0.9393265826953157
APAF1,1.6449928465451944,0.3333333333333333,0.7714672075726842
RPS4XP1,0.3221561624035618,0.8888888888888888,0.9842040002156449
UHRF1BP1L,3.1259562955902327,0.1388888888888889,0.6630636913063691
AC126474.2,1.6569872756778767,0.25,0.7407166969618281
ACTR6,-1.0082601353614251,0.05555555555555555,0.6630636913063691
SCYL2,0.7714822111197055,0.3333333333333333,0.7714672075726842
GAS2L3,1.5649080522360106,0.3055555555555556,0.7689432926530413
AC063947.2,0.15933951790300094,0.8333333333333334,0.9696444353796996
UTP20,3.191006854916225,0.05555555555555555,0.6630636913063691
ARL1,0.700275428645643,0.7777777777777778,0.9616866541443916
CHPT1,-1.8515191339256143,0.1388888888888889,0.6630636913063691
GNPTAB,-0.3465065906123872,0.3611111111111111,0.797730450683016
DRAM1,-0.6933553929699388,0.19444444444444445,0.6998773221170698
WASHC3,1.2959934054402011,0.6388888888888888,0.9393265826953157
NUP37,-0.480713052216196,0.7777777777777778,0.9616866541443916
PARPBP,-0.3164754272002077,0.7777777777777778,0.9616866541443916
HSP90B1,0.569297630491068,0.6111111111111112,0.9285893964279902
C12orf73,0.5714463279360773,0.6666666666666666,0.9393265826953157
TDG,-0.35941988424185567,0.6666666666666666,0.9393265826953157
HCFC2,-0.548472656600512,0.3888888888888889,0.8209476821872752
NFYB,-0.35260881181588655,0.4166666666666667,0.8228048921195339
TXNRD1,0.05079691989218116,0.8888888888888888,0.9842040002156449
RPL18AP3,0.9145536301501318,0.7222222222222222,0.9526327507514194
CHST11,-0.16412744019578618,0.75,0.9526327507514194
C12orf45,1.4748957160786818,0.1388888888888889,0.6630636913063691
WASHC4,-1.489822076571306,0.05555555555555555,0.6630636913063691
APPL2,-0.4730983483000655,0.5277777777777778,0.8876686975890985
C12orf75,0.5916315701587802,0.7222222222222222,0.9526327507514194
CKAP4,-0.13864589992877452,0.8055555555555556,0.9696444353796996
TCP11L2,2.090245257465706,0.16666666666666666,0.6630636913063691
POLR3B,-1.0972734977660563,0.05555555555555555,0.6630636913063691
RIC8B,-2.886105820859912,0.1111111111111111,0.6630636913063691
TMEM263,-0.3512075171784046,0.5555555555555556,0.9063324119086202
MTERF2,0.8150751818803569,0.5,0.8663629460895975
CRY1,2.7823058820210824,0.08333333333333333,0.6630636913063691
PWP1,-0.2844447612097847,0.5277777777777778,0.8876686975890985
PRDM4,-0.6404762368935062,0.16666666666666666,0.6630636913063691
WSCD2,2.2853148124959355,0.16666666666666666,0.6630636913063691
FICD,-0.8052344170513726,0.6111111111111112,0.9285893964279902
SART3,0.21553706572123144,0.6111111111111112,0.9285893964279902
ISCU,-0.6049722667183923,0.3333333333333333,0.7714672075726842
SELPLG,-0.5969029587983874,0.16666666666666666,0.6630636913063691
CORO1C,0.1331383040686971,0.9166666666666666,0.9920484365613835
SSH1,0.5917423972002656,0.4722222222222222,0.8663629460895975
USP30,-0.9099530628795447,0.6111111111111112,0.9285893964279902
ALKBH2,0.09110011996228184,0.9722222222222222,1.0
UNG,1.8682597381823578,0.2222222222222222,0.7242375194388904
KCTD10,1.6421133609670524,0.3333333333333333,0.7714672075726842
UBE3B,-0.5654701332719796,0.3055555555555556,0.7689432926530413
MMAB,0.8477725108963563,0.8333333333333334,0.9696444353796996
MVK,1.2826869928320659,0.4166666666666667,0.8228048921195339
GLTP,-0.7110923257413466,0.3611111111111111,0.797730450683016
TCHP,4.123396538147744,0.05555555555555555,0.6630636913063691
GIT2,3.1230452285488055,0.05555555555555555,0.6630636913063691
ANKRD13A,1.1463185785154861,0.8055555555555556,0.9696444353796996
C12orf76,1.2936114798895806,0.3333333333333333,0.7714672075726842
IFT81,-0.7226001373495934,0.6666666666666666,0.9393265826953157
ATP2A2,0.8969600809821188,0.6388888888888888,0.9393265826953157
ANAPC7,2.001963873385695,0.05555555555555555,0.6630636913063691
ARPC3,-0.22989394046812262,0.6666666666666666,0.9393265826953157
GPN3,-0.185964626389727,0.8888888888888888,0.9842040002156449
RPL31P49,0.42483731733677255,0.8333333333333334,0.9696444353796996
FAM216A,0.09350013900067822,0.8888888888888888,0.9842040002156449
VPS29,-0.24122737615798684,0.6111111111111112,0.9285893964279902
PPTC7,-0.7059696486647846,0.05555555555555555,0.6630636913063691
TCTN1,2.4891084702565536,0.05555555555555555,0.6630636913063691
HVCN1,0.7311698452481832,0.6666666666666666,0.9393265826953157
PPP1CC,-0.6162346875606461,0.2777777777777778,0.7530160238642064
FAM109A,0.128448007869006,0.8333333333333334,0.9696444353796996
SH2B3,-0.2785540584961854,0.25,0.7407166969618281
ATXN2,-0.060291013932036286,0.9444444444444444,1.0
BRAP,1.5520143296621156,0.2777777777777778,0.7530160238642064
ACAD10,1.9883209534818187,0.16666666666666666,0.6630636913063691
ALDH2,-0.943718144114837,0.05555555555555555,0.6630636913063691
MAPKAPK5-AS1,-0.23415823359114185,0.75,0.9526327507514194
MAPKAPK5,0.13201377247677204,0.9722222222222222,1.0
ERP29,0.16940681243429445,0.7222222222222222,0.9526327507514194
NAA25,-0.9676125341232296,0.2222222222222222,0.7242375194388904
TRAFD1,-1.086908707805673,0.4722222222222222,0.8663629460895975
HECTD4,0.3934587987030964,0.4722222222222222,0.8663629460895975
RPL6,-0.3240371258213255,0.5,0.8663629460895975
PTPN11,0.06608935168813002,0.9166666666666666,0.9920484365613835
OAS1,0.48615549818227644,0.7777777777777778,0.9616866541443916
OAS3,0.5454088684286615,0.75,0.9526327507514194
OAS2,-3.2301866860212276,0.1388888888888889,0.6630636913063691
DTX1,0.2499378200407243,0.9166666666666666,0.9920484365613835
RASAL1,-0.9369634622939187,0.5,0.8663629460895975
DDX54,2.5855729535679712,0.16666666666666666,0.6630636913063691
RITA1,-0.9660632108396427,0.5277777777777778,0.8876686975890985
TPCN1,2.9909651446989987,0.2777777777777778,0.7530160238642064
SLC8B1,3.4347760551994577,0.05555555555555555,0.6630636913063691
PLBD2,1.7281812140120878,0.3611111111111111,0.797730450683016
SDSL,2.1917833879809003,0.1111111111111111,0.6630636913063691
RBM19,0.6860496099980882,0.75,0.9526327507514194
MED13L,-0.6994944272403085,0.2777777777777778,0.7530160238642064
MAP1LC3B2,1.5356656460771632,0.5,0.8663629460895975
C12orf49,0.6299876191853913,0.75,0.9526327507514194
FBXW8,2.003802695977554,0.3333333333333333,0.7714672075726842
TESC,-0.2344577272354451,1.0,1.0
FBXO21,2.165221000936078,0.2222222222222222,0.7242375194388904
RFC5,2.0996425240899237,0.1388888888888889,0.6630636913063691
WSB2,1.7549997837683264,0.19444444444444445,0.6998773221170698
PEBP1,-0.6781179398407531,0.08333333333333333,0.6630636913063691
TAOK3,0.031652832760592275,0.9166666666666666,0.9920484365613835
RPS2P5,-0.8415275558297752,0.2222222222222222,0.7242375194388904
SUDS3,0.9194734272520626,0.6944444444444444,0.9526327507514194
AC084880.1,2.7276183444362734,0.16666666666666666,0.6630636913063691
AC002070.1,-0.319212224970439,1.0,1.0
TMEM233,2.1309208752297066,0.16666666666666666,0.6630636913063691
PRKAB1,-2.1374094520653184,0.08333333333333333,0.6630636913063691
CIT,2.109994711872154,0.16666666666666666,0.6630636913063691
RAB35,0.5634164652803175,0.3888888888888889,0.8209476821872752
AC004812.2,-0.63610945877469,0.8888888888888888,0.9842040002156449
GCN1,-0.30006693448116994,0.7777777777777778,0.9616866541443916
RPLP0,0.6414652025670113,0.08333333333333333,0.6630636913063691
PXN,-1.6472194631867958,0.19444444444444445,0.6998773221170698
NME2P1,0.13036097287545223,0.9722222222222222,1.0
COX6A1,1.4848632118447869,0.05555555555555555,0.6630636913063691
TRIAP1,2.56831020691079,0.1111111111111111,0.6630636913063691
GATC,0.1680815029521554,0.8055555555555556,0.9696444353796996
SRSF9,2.036488174017863,0.1388888888888889,0.6630636913063691
DYNLL1,-0.19614811532334198,0.5833333333333334,0.9145140606393699
COQ5,0.9444834818916212,0.6388888888888888,0.9393265826953157
RNF10,-0.28075439522194134,0.4166666666666667,0.8228048921195339
POP5,-1.0926941634345728,0.5833333333333334,0.9145140606393699
MLEC,0.012025127040610428,0.9722222222222222,1.0
UNC119B,0.18848671477057355,0.8333333333333334,0.9696444353796996
ACADS,2.6926597651857396,0.1111111111111111,0.6630636913063691
SPPL3,0.6616187648788872,0.3611111111111111,0.797730450683016
C12orf43,1.2389076210956151,0.4722222222222222,0.8663629460895975
P2RX7,-1.8757096443866637,0.05555555555555555,0.6630636913063691
P2RX4,2.148225725048297,0.1388888888888889,0.6630636913063691
CAMKK2,-0.14920463487456637,0.8055555555555556,0.9696444353796996
ANAPC5,0.5385903612657339,0.1111111111111111,0.6630636913063691
RNF34,3.583363932958277,0.05555555555555555,0.6630636913063691
KDM2B,-0.15022891549599215,0.6944444444444444,0.9526327507514194
ORAI1,-0.37728610473590063,0.4444444444444444,0.8447628037832934
SETD1B,-0.8830238702426279,0.05555555555555555,0.6630636913063691
WDR66,-0.5545902055058642,0.8888888888888888,0.9842040002156449
BCL7A,-1.1926783630870377,0.08333333333333333,0.6630636913063691
MLXIP,1.097364924756175,0.75,0.9526327507514194
VPS33A,-0.3133293901468521,0.6666666666666666,0.9393265826953157
CLIP1,-0.4210023017237665,0.4166666666666667,0.8228048921195339
ZCCHC8,1.6861508658323099,0.3055555555555556,0.7689432926530413
RSRC2,-0.6505893755262244,0.3333333333333333,0.7714672075726842
KNTC1,1.5799916803263088,0.19444444444444445,0.6998773221170698
HCAR2,-0.6323362719317087,0.8333333333333334,0.9696444353796996
DENR,-0.060023650674857265,0.8611111111111112,0.9842040002156449
VPS37B,-0.4308955992789403,0.7777777777777778,0.9616866541443916
AC027290.2,-1.7867515938379301,0.1111111111111111,0.6630636913063691
MPHOSPH9,-0.10480372518184256,0.9722222222222222,1.0
C12orf65,1.6671932719867555,0.08333333333333333,0.6630636913063691
AC068768.1,0.22912186974877236,1.0,1.0
CDK2AP1,0.460263787445122,0.8333333333333334,0.9696444353796996
SBNO1,0.9065306085981195,0.3333333333333333,0.7714672075726842
KMT5A,3.24411008299833,0.05555555555555555,0.6630636913063691
RILPL2,1.4226736522065657,0.25,0.7407166969618281
SNRNP35,0.6299495405719493,0.9166666666666666,0.9920484365613835
TMED2,0.12564261216676975,0.8611111111111112,0.9842040002156449
DDX55,0.20831963576604373,0.8611111111111112,0.9842040002156449
EIF2B1,0.6542687139398842,0.1111111111111111,0.6630636913063691
GTF2H3,0.045726247237293904,0.9444444444444444,1.0
ATP6V0A2,-0.10092029826397653,0.5,0.8663629460895975
AC117503.5,-0.34684184098733417,0.8888888888888888,0.9842040002156449
DNAH10,0.73963959889304,0.6666666666666666,0.9393265826953157
CCDC92,0.9728401911839528,0.05555555555555555,0.6630636913063691
ZNF664,-0.16653820503781702,0.4444444444444444,0.8447628037832934
NCOR2,0.5390242219736852,0.4444444444444444,0.8447628037832934
SCARB1,-0.5703747414862215,0.8888888888888888,0.9842040002156449
UBC,-0.224570589013096,0.6666666666666666,0.9393265826953157
DHX37,2.165709468545375,0.16666666666666666,0.6630636913063691
BRI3BP,-0.4435568871601179,0.4722222222222222,0.8663629460895975
AACS,0.3561474079682512,0.9166666666666666,0.9920484365613835
SLC15A4,2.543295379074407,0.2222222222222222,0.7242375194388904
STX2,2.278328918132367,0.16666666666666666,0.6630636913063691
RAN,0.08767325664318015,0.7777777777777778,0.9616866541443916
SFSWAP,-0.18900910310003383,0.6666666666666666,0.9393265826953157
ULK1,0.07593634641658475,0.8333333333333334,0.9696444353796996
PUS1,1.2541382168611208,0.4166666666666667,0.8228048921195339
EP400,2.4837058310210693,0.25,0.7407166969618281
EP400NL,-0.4687430882058905,0.5277777777777778,0.8876686975890985
DDX51,3.002467889008707,0.08333333333333333,0.6630636913063691
NOC4L,3.1975156426550093,0.05555555555555555,0.6630636913063691
FBRSL1,1.2764598314113993,0.05555555555555555,0.6630636913063691
PGAM5,2.864856493450462,0.16666666666666666,0.6630636913063691
ANKLE2,0.554379901433725,0.1388888888888889,0.6630636913063691
GOLGA3,-0.1775399511404787,0.3333333333333333,0.7714672075726842
CHFR,3.260664879720562,0.08333333333333333,0.6630636913063691
RPS11P5,-0.7047905491409026,0.3888888888888889,0.8209476821872752
AC127070.3,-0.2542504694011698,1.0,1.0
ZNF605,-0.8264496318486838,0.05555555555555555,0.6630636913063691
ZNF26,1.1674158590441626,0.4166666666666667,0.8228048921195339
ZNF84,-0.39186922296882365,0.7222222222222222,0.9526327507514194
ZNF140,-2.8168186959188275,0.05555555555555555,0.6630636913063691
ZNF891,-1.1379551909641665,0.7222222222222222,0.9526327507514194
ZNF10,0.4089230556159641,0.8333333333333334,0.9696444353796996
SETD8P1,1.8425474984356534,0.2222222222222222,0.7242375194388904
MPHOSPH8,-0.8012435841583221,0.25,0.7407166969618281
PSPC1,-0.009828620706762159,1.0,1.0
ZMYM5,-0.6875757582000226,0.5833333333333334,0.9145140606393699
ZMYM2,-0.419859782571427,0.5277777777777778,0.8876686975890985
CRYL1,2.4324957933978397,0.05555555555555555,0.6630636913063691
IFT88,-0.2685528276845748,0.8333333333333334,0.9696444353796996
EEF1AKMT1,0.1885016734749324,1.0,1.0
XPO4,0.9905217214284789,0.5,0.8663629460895975
LATS2,1.953394212626049,0.08333333333333333,0.6630636913063691
SAP18,-0.48203164094136053,0.08333333333333333,0.6630636913063691
SKA3,2.087237493379152,0.16666666666666666,0.6630636913063691
MRPL57,0.05652594727273108,0.9722222222222222,1.0
ZDHHC20,0.02320683718319394,0.8888888888888888,0.9842040002156449
MICU2,-0.42946924207114545,0.4166666666666667,0.8228048921195339
RPS7P10,2.297781583043714,0.08333333333333333,0.6630636913063691
FTH1P7,0.8164185620096234,0.8888888888888888,0.9842040002156449
SACS,3.1803968393962787,0.08333333333333333,0.6630636913063691
MIPEP,0.9407218963739572,0.5833333333333334,0.9145140606393699
SPATA13,1.1700882145352631,0.6944444444444444,0.9526327507514194
IPO7P2,0.36406883906981735,0.8333333333333334,0.9696444353796996
PARP4,-0.34369374729123425,0.2777777777777778,0.7530160238642064
CENPJ,1.2964794791026883,0.5555555555555556,0.9063324119086202
RPL34P27,-0.6262448467094881,0.1111111111111111,0.6630636913063691
PABPC3,-0.2195795914385381,0.9722222222222222,1.0
MTMR6,-0.29260701266591926,0.3611111111111111,0.797730450683016
NUP58,1.9602967901822934,0.2777777777777778,0.7530160238642064
ATP8A2,3.0532995099323412,0.05555555555555555,0.6630636913063691
SHISA2,1.767057133139151,0.4444444444444444,0.8447628037832934
RNF6,0.18861739749933282,0.6666666666666666,0.9393265826953157
CDK8,0.634926573303574,0.8333333333333334,0.9696444353796996
WASF3,0.7200933112057961,0.6666666666666666,0.9393265826953157
USP12,1.0317909773887823,0.05555555555555555,0.6630636913063691
RPL21,-1.0443852219186032,0.25,0.7407166969618281
GTF3A,0.06715402559415917,0.8888888888888888,0.9842040002156449
MTIF3,-0.47488694978490464,0.3333333333333333,0.7714672075726842
LNX2,1.1958320659267336,0.3333333333333333,0.7714672075726842
POLR1D,0.002830774971356753,1.0,1.0
ATP5EP2,0.37562024799385263,0.05555555555555555,0.6630636913063691
PAN3,-0.05855281226744413,0.9444444444444444,1.0
FLT1,2.206917400632192,0.16666666666666666,0.6630636913063691
POMP,-0.2343085795857176,0.3055555555555556,0.7689432926530413
SLC46A3,0.2982682439574482,0.8055555555555556,0.9696444353796996
SLC7A1,3.873942045983786,0.05555555555555555,0.6630636913063691
UBL3,1.593006961721537,0.5833333333333334,0.9145140606393699
KATNAL1,3.277576091694403,0.05555555555555555,0.6630636913063691
HMGB1,-0.16569069843622586,0.6666666666666666,0.9393265826953157
USPL1,1.3294720021619653,0.5,0.8663629460895975
ALOX5AP,0.3316587260927655,0.4722222222222222,0.8663629460895975
HSPH1,-0.20306449381169767,0.5833333333333334,0.9145140606393699
B3GLCT,-0.7225368115364881,0.3611111111111111,0.797730450683016
FRY,2.6776579121065573,0.1388888888888889,0.6630636913063691
BRCA2,2.279580632407558,0.16666666666666666,0.6630636913063691
N4BP2L1,-0.33811928790360923,0.5833333333333334,0.9145140606393699
N4BP2L2,-0.4308440805415916,0.5277777777777778,0.8876686975890985
PDS5B,-0.856060262061094,0.4444444444444444,0.8447628037832934
STARD13,1.742429516377136,0.2222222222222222,0.7242375194388904
RFC3,-1.480335040926244,0.19444444444444445,0.6998773221170698
NBEA,-0.9423964091212467,0.2222222222222222,0.7242375194388904
SPART,-0.5369369079554911,0.16666666666666666,0.6630636913063691
RFXAP,-0.6881657515277986,0.6388888888888888,0.9393265826953157
ALG5,1.7554276646345337,0.2222222222222222,0.7242375194388904
EXOSC8,-0.4553105078522375,0.3611111111111111,0.797730450683016
SUPT20H,-0.37913419101311074,0.5,0.8663629460895975
CSNK1A1L,-1.0351747373026137,0.4166666666666667,0.8228048921195339
POSTN,1.8962186961198966,0.16666666666666666,0.6630636913063691
UFM1,-0.47072966868152033,0.4166666666666667,0.8228048921195339
PROSER1,-0.5384442721949947,0.2777777777777778,0.7530160238642064
NHLRC3,0.2480258234765098,0.5277777777777778,0.8876686975890985
COG6,0.45844589470669295,0.6666666666666666,0.9393265826953157
FOXO1,0.7492483334573383,0.75,0.9526327507514194
MRPS31,3.0253072294774883,0.16666666666666666,0.6630636913063691
ELF1,-0.4877488665472054,0.25,0.7407166969618281
WBP4,-0.2438358163549763,0.8055555555555556,0.9696444353796996
KBTBD6,-1.7283023401297504,0.16666666666666666,0.6630636913063691
AL354696.2,-2.7369985479559413,0.16666666666666666,0.6630636913063691
CALM2P3,0.3426544877393384,0.75,0.9526327507514194
KBTBD7,-1.182120688646948,0.6666666666666666,0.9393265826953157
MTRF1,1.3367609942483356,0.3333333333333333,0.7714672075726842
NAA16,-0.5898593661523779,0.8611111111111112,0.9842040002156449
RGCC,1.7908818254289716,0.3888888888888889,0.8209476821872752
VWA8,1.918095294740337,0.25,0.7407166969618281
AKAP11,-0.45745694264875425,0.4166666666666667,0.8228048921195339
EPSTI1,-0.3472104358815611,0.8333333333333334,0.9696444353796996
DNAJC15,-0.1410866936629782,0.7777777777777778,0.9616866541443916
CCDC122,2.7474439768547785,0.16666666666666666,0.6630636913063691
LACC1,1.2474913745212182,0.3611111111111111,0.797730450683016
SERP2,-0.5058299792142416,0.3333333333333333,0.7714672075726842
TSC22D1,0.47935935314321476,0.3611111111111111,0.797730450683016
NUFIP1,1.325247561171472,0.3333333333333333,0.7714672075726842
GPALPP1,-0.07274568056990116,0.8611111111111112,0.9842040002156449
GTF2F2,2.175799126201277,0.16666666666666666,0.6630636913063691
TPT1,-0.11124465768835812,0.6944444444444444,0.9526327507514194
TPT1-AS1,0.8027975808992414,0.5833333333333334,0.9145140606393699
SLC25A30,-1.352457776826165,0.3888888888888889,0.8209476821872752
COG3,0.9467292373094307,0.8055555555555556,0.9696444353796996
ZC3H13,-0.6112108537839482,0.1388888888888889,0.6630636913063691
LCP1,0.7661134149789053,0.1111111111111111,0.6630636913063691
RUBCNL,0.4089230556159641,0.8333333333333334,0.9696444353796996
COX17P1,-1.9770268399229134,0.2222222222222222,0.7242375194388904
LRCH1,-0.5392802570831909,0.4166666666666667,0.8228048921195339
ESD,-0.4867460766895437,0.3888888888888889,0.8209476821872752
NAP1L4P3,-1.3082545450153473,0.05555555555555555,0.6630636913063691
SUCLA2,-0.2563583007724781,0.8888888888888888,0.9842040002156449
NUDT15,0.6239423893929623,0.7222222222222222,0.9526327507514194
MED4,0.856999575355057,0.3333333333333333,0.7714672075726842
ITM2B,-0.6217582143269507,0.25,0.7407166969618281
RB1,0.7910478191202941,0.2222222222222222,0.7242375194388904
PCNPP5,1.1888225630093403,0.3333333333333333,0.7714672075726842
LPAR6,3.28294506856548,0.05555555555555555,0.6630636913063691
RCBTB2,1.8139222221073283,0.2777777777777778,0.7530160238642064
CYSLTR2,3.6326631156082088,0.05555555555555555,0.6630636913063691
PSME2P2,2.28337577557157,0.1388888888888889,0.6630636913063691
AL161421.1,1.912003232100254,0.16666666666666666,0.6630636913063691
FNDC3A,-0.1709187884268113,0.6944444444444444,0.9526327507514194
COX7CP1,1.3105193741030248,0.3888888888888889,0.8209476821872752
CDADC1,2.9041611182428095,0.1388888888888889,0.6630636913063691
CAB39L,0.9177065425320572,0.5,0.8663629460895975
SETDB2,-0.6255238099949398,0.3333333333333333,0.7714672075726842
PHF11,-0.5423314864753319,0.3055555555555556,0.7689432926530413
RCBTB1,0.4907271899027552,0.75,0.9526327507514194
ARL11,1.064893369425504,0.6666666666666666,0.9393265826953157
EBPL,0.7039043552616859,0.3611111111111111,0.797730450683016
KPNA3,2.002388571450955,0.3888888888888889,0.8209476821872752
SPRYD7,1.3526610273634279,0.3611111111111111,0.797730450683016
DLEU2,1.9941044849233296,0.2777777777777778,0.7530160238642064
TRIM13,-0.5565353093240129,0.5,0.8663629460895975
DLEU1,0.3298642865023014,0.8333333333333334,0.9696444353796996
ST13P4,-0.044769685821236305,0.8888888888888888,0.9842040002156449
RPL34P26,2.2881531000499913,0.05555555555555555,0.6630636913063691
RNASEH2B,-0.2863782006902884,0.4166666666666667,0.8228048921195339
INTS6,-0.45599530365876273,0.4444444444444444,0.8447628037832934
WDFY2,-0.5067087422699705,0.3055555555555556,0.7689432926530413
DHRS12,1.2987278201516181,0.5833333333333334,0.9145140606393699
AL162377.1,0.018391127045808586,1.0,1.0
ALG11,0.6267419175161848,0.75,0.9526327507514194
UTP14C,0.9511455924888876,0.1111111111111111,0.6630636913063691
NEK3,1.0966365837094292,0.4166666666666667,0.8228048921195339
VPS36,-0.08233619393572589,0.7777777777777778,0.9616866541443916
CKAP2,-0.7571899079524744,0.3611111111111111,0.797730450683016
SUGT1,-0.0190397327343792,0.9444444444444444,1.0
RPL13AP25,1.376803018585131,0.3055555555555556,0.7689432926530413
DIAPH3,1.0815330328756496,0.6666666666666666,0.9393265826953157
TDRD3,3.310762184714161,0.08333333333333333,0.6630636913063691
HNRNPA3P5,0.04421492382350278,0.9444444444444444,1.0
PCDH9,0.08690405391494682,0.9722222222222222,1.0
DACH1,0.013503054560271899,1.0,1.0
MZT1,0.1199911804972329,0.9722222222222222,1.0
BORA,-0.1649381520544686,1.0,1.0
DIS3,0.39825200572024233,0.5,0.8663629460895975
PIBF1,-0.822668705580365,0.1111111111111111,0.6630636913063691
KLF5,0.261044652647622,1.0,1.0
KLF12,0.34238249747731775,0.8888888888888888,0.9842040002156449
TBC1D4,1.9185088288120768,0.16666666666666666,0.6630636913063691
COMMD6,0.1618295959428524,0.6666666666666666,0.9393265826953157
UCHL3,0.3356353407800432,0.9166666666666666,0.9920484365613835
LMO7,2.9202681796522674,0.08333333333333333,0.6630636913063691
KCTD12,1.2362402283078695,0.5833333333333334,0.9145140606393699
DHX9P1,0.15933951790300094,0.8333333333333334,0.9696444353796996
CLN5,0.960628645613546,0.6111111111111112,0.9285893964279902
FBXL3,-0.9554328902449578,0.19444444444444445,0.6998773221170698
MYCBP2,-0.7739382409552578,0.2222222222222222,0.7242375194388904
EDNRB,-2.4390234112006968,0.2777777777777778,0.7530160238642064
RNF219,2.064476538502425,0.25,0.7407166969618281
RBM26,-0.6563123552340953,0.1388888888888889,0.6630636913063691
NDFIP2,0.035947809533138475,0.9444444444444444,1.0
SPRY2,-0.5370268086770871,0.5,0.8663629460895975
PTMAP5,-0.45315156058921424,0.3888888888888889,0.8209476821872752
GPC6,1.99169860424926,0.19444444444444445,0.6998773221170698
TGDS,2.147814219256288,0.19444444444444445,0.6998773221170698
GPR180,1.9621426881439086,0.3055555555555556,0.7689432926530413
BRD7P5,-1.8470143159658596,0.4166666666666667,0.8228048921195339
ABCC4,0.25312721360131274,0.6666666666666666,0.9393265826953157
RNY3P8,2.0308431478025653,0.05555555555555555,0.6630636913063691
DNAJC3-AS1,0.4907271899027552,0.75,0.9526327507514194
DNAJC3,0.5159388181399924,0.6111111111111112,0.9285893964279902
UGGT2,1.352561145668266,0.3611111111111111,0.797730450683016
MBNL2,0.10326528386308365,0.8611111111111112,0.9842040002156449
RAP2A,-0.6813879004643555,0.3611111111111111,0.797730450683016
IPO5,1.119579121460621,0.05555555555555555,0.6630636913063691
FARP1,2.6523974691526258,0.05555555555555555,0.6630636913063691
STK24,3.1861776542202938,0.05555555555555555,0.6630636913063691
CALM2P4,0.30117300584290096,0.75,0.9526327507514194
DOCK9,0.514234924084355,0.8333333333333334,0.9696444353796996
UBAC2,1.2197099406260885,0.5,0.8663629460895975
GPR183,1.9853563514884192,0.1111111111111111,0.6630636913063691
TM9SF2,0.17246950304236286,0.6388888888888888,0.9393265826953157
CLYBL,2.1359007994286205,0.16666666666666666,0.6630636913063691
GGACT,2.5512179098406746,0.05555555555555555,0.6630636913063691
TMTC4,0.1747506755824566,0.8333333333333334,0.9696444353796996
TPP2,0.46309940357004375,0.2222222222222222,0.7242375194388904
TEX30,0.3427744624928648,0.8055555555555556,0.9696444353796996
KDELC1,1.3884489420763306,0.3333333333333333,0.7714672075726842
BIVM,1.4016728628729989,0.25,0.7407166969618281
EFNB2,1.0248522271866443,0.6666666666666666,0.9393265826953157
ARGLU1,-0.4485637451010289,0.4166666666666667,0.8228048921195339
LIG4,1.515978119918042,0.25,0.7407166969618281
ABHD13,-0.9168094765196528,0.5,0.8663629460895975
MYO16,-1.320341601470337,0.5,0.8663629460895975
IRS2,-0.9857476916436214,0.16666666666666666,0.6630636913063691
COL4A1,3.2666132572613265,0.08333333333333333,0.6630636913063691
COL4A2,1.7272964924433167,0.4166666666666667,0.8228048921195339
RAB20,0.5327485392497326,0.8333333333333334,0.9696444353796996
NAXD,-0.3883309044606662,0.5277777777777778,0.8876686975890985
CARS2,0.5050365480161125,0.8888888888888888,0.9842040002156449
ING1,0.5653108099655602,0.8055555555555556,0.9696444353796996
ANKRD10,-1.2651973674515897,0.08333333333333333,0.6630636913063691
ANKRD10-IT1,0.29515381474984137,0.9166666666666666,0.9920484365613835
PARP1P1,-1.0809900638331382,0.5833333333333334,0.9145140606393699
ARHGEF7,-0.12540329407984974,0.8333333333333334,0.9696444353796996
TUBGCP3,0.9604144520954732,0.6388888888888888,0.9393265826953157
AL139384.1,-2.4829800325483893,0.2777777777777778,0.7530160238642064
ATP11A,-0.34891482215033953,0.6111111111111112,0.9285893964279902
PCID2,1.9347631446431097,0.16666666666666666,0.6630636913063691
CUL4A,-0.25444904117004263,0.6666666666666666,0.9393265826953157
LAMP1,0.26610992527001187,0.19444444444444445,0.6998773221170698
DCUN1D2,1.088132945645404,0.25,0.7407166969618281
TMCO3,1.6544565169437262,0.3333333333333333,0.7714672075726842
TFDP1,-0.14668595391022698,0.8888888888888888,0.9842040002156449
TMEM255B,0.3837263968154172,0.6388888888888888,0.9393265826953157
GAS6-AS1,0.8385972035617809,0.5,0.8663629460895975
GAS6,2.5596771967426024,0.05555555555555555,0.6630636913063691
RASA3,-0.04963421061703688,0.8888888888888888,0.9842040002156449
CDC16,-0.011401187984022343,0.9166666666666666,0.9920484365613835
UPF3A,-0.5503689940767309,0.5555555555555556,0.9063324119086202
CHAMP1,-0.361080614033928,0.5277777777777778,0.8876686975890985
TTC5,3.6958969302752647,0.05555555555555555,0.6630636913063691
CCNB1IP1,1.337403018115968,0.2777777777777778,0.7530160238642064
PARP2,0.7654740109902574,0.6111111111111112,0.9285893964279902
TEP1,-0.9884155291043184,0.19444444444444445,0.6998773221170698
OSGEP,0.9464240694288297,0.7222222222222222,0.9526327507514194
APEX1,0.4389355377167101,0.3333333333333333,0.7714672075726842
PIP4P1,-1.2763165890615493,0.16666666666666666,0.6630636913063691
PNP,-1.5579486933636533,0.05555555555555555,0.6630636913063691
RNASE6,-0.9651487280027675,0.5555555555555556,0.9063324119086202
RNASE1,3.0414372591700363,0.05555555555555555,0.6630636913063691
METTL17,-3.0076733924123547,0.08333333333333333,0.6630636913063691
NDRG2,-0.20968067044651129,0.5277777777777778,0.8876686975890985
ARHGEF40,-0.023146448221875282,0.9722222222222222,1.0
ZNF219,0.29917208901209824,0.8333333333333334,0.9696444353796996
SMARCE1P3,-1.4712268544169,0.05555555555555555,0.6630636913063691
LINC00641,0.5353454112927847,0.75,0.9526327507514194
HNRNPC,-0.05598237621372526,0.8888888888888888,0.9842040002156449
SUPT16H,0.15027606279033012,0.8333333333333334,0.9696444353796996
CHD8,0.6828025528839357,0.1111111111111111,0.6630636913063691
RAB2B,1.4069817587493922,0.8055555555555556,0.9696444353796996
TOX4,-0.012393955605737972,1.0,1.0
METTL3,1.385437273091903,0.2222222222222222,0.7242375194388904
AC244502.1,1.1316978715926647,0.5277777777777778,0.8876686975890985
AC244502.3,2.768472113450396,0.05555555555555555,0.6630636913063691
TRDC,-0.23708943171228536,1.0,1.0
TRAC,-0.4395278536869509,0.7777777777777778,0.9616866541443916
DAD1,-0.1970378292379511,0.75,0.9526327507514194
ABHD4,-1.615439182768161,0.05555555555555555,0.6630636913063691
OXA1L,-0.05274719345611523,0.9166666666666666,0.9920484365613835
SLC7A7,2.1359007994286205,0.16666666666666666,0.6630636913063691
MRPL52,4.737991793653819,0.05555555555555555,0.6630636913063691
MMP14,0.1615442894908834,1.0,1.0
LRP10,-0.04686881115145081,0.9444444444444444,1.0
RBM23,-0.5094412264996011,0.4166666666666667,0.8228048921195339
C14orf93,1.2567227179359095,0.3888888888888889,0.8209476821872752
PSMB5,0.904220626255543,0.25,0.7407166969618281
ACIN1,0.8258531068833248,0.3055555555555556,0.7689432926530413
C14orf119,-0.3350307524486098,0.6944444444444444,0.9526327507514194
SLC7A8,0.10480054737766609,0.9166666666666666,0.9920484365613835
HOMEZ,-1.5161282064286001,0.16666666666666666,0.6630636913063691
PPP1R3E,0.9360333452706455,0.5,0.8663629460895975
BCL2L2,1.2661095026682374,0.3611111111111111,0.797730450683016
PABPN1,0.001112506492102483,1.0,1.0
SLC22A17,2.3527177845959253,0.16666666666666666,0.6630636913063691
NGDN,-0.10325564817619881,0.8611111111111112,0.9842040002156449
AP1G2,0.8009198101933267,0.5,0.8663629460895975
JPH4,-0.37094879919045365,1.0,1.0
DHRS4-AS1,0.03219068509414402,0.9444444444444444,1.0
DHRS4,-0.5484066470684996,0.19444444444444445,0.6998773221170698
DHRS4L2,2.8360663146062723,0.05555555555555555,0.6630636913063691
PCK2,3.0087128111722903,0.05555555555555555,0.6630636913063691
DCAF11,-0.5349373414633796,0.4444444444444444,0.8447628037832934
PSME1,-0.6263669462562014,0.3611111111111111,0.797730450683016
EMC9,-0.299217441072654,1.0,1.0
PSME2,1.8679476949815794,0.19444444444444445,0.6998773221170698
REC8,1.9533788753577035,0.1388888888888889,0.6630636913063691
AL136295.7,-0.8435969853492358,0.5555555555555556,0.9063324119086202
NEDD8,1.1395299165663157,0.05555555555555555,0.6630636913063691
GMPR2,-1.2168012861432667,0.25,0.7407166969618281
TINF2,0.4541525367416188,0.16666666666666666,0.6630636913063691
RABGGTA,0.7503400330573538,0.8055555555555556,0.9696444353796996
DHRS1,1.7141072659944139,0.2222222222222222,0.7242375194388904
NOP9,0.9977446767012791,0.3333333333333333,0.7714672075726842
LTB4R,1.6144283739056982,0.2777777777777778,0.7530160238642064
RIPK3,-0.4696937861389663,0.7222222222222222,0.9526327507514194
NYNRIN,1.544558804788568,0.2222222222222222,0.7242375194388904
KHNYN,2.653778879178497,0.05555555555555555,0.6630636913063691
AL132800.1,-0.2213756738223207,0.9166666666666666,0.9920484365613835
CMA1,0.26157552443416066,0.8333333333333334,0.9696444353796996
CTSG,0.21706799654459275,0.75,0.9526327507514194
GZMB,0.2110440304150938,0.8333333333333334,0.9696444353796996
STXBP6,-0.3927850008407674,0.3888888888888889,0.8209476821872752
G2E3,0.928616419195325,0.8611111111111112,0.9842040002156449
SCFD1,-0.013220080247154264,1.0,1.0
STRN3,-0.5443867921364971,0.4444444444444444,0.8447628037832934
AP4S1,-0.6276016168305878,0.5,0.8663629460895975
HECTD1,-1.3472134138003096,0.05555555555555555,0.6630636913063691
HEATR5A,-0.5114395894031913,0.7777777777777778,0.9616866541443916
AL139353.3,-0.022229069228031362,1.0,1.0
DTD2,2.4105725184246025,0.16666666666666666,0.6630636913063691
NUBPL,1.7246744551013895,0.2222222222222222,0.7242375194388904
ARHGAP5,3.3434180436426457,0.16666666666666666,0.6630636913063691
SPTSSA,0.27607663056827825,0.4722222222222222,0.8663629460895975
EAPP,2.376545998370771,0.1111111111111111,0.6630636913063691
SNX6,-0.19369149631534555,0.5833333333333334,0.9145140606393699
RPS19P3,2.2548937361331403,0.25,0.7407166969618281
CFL2,0.9559416891251797,0.5833333333333334,0.9145140606393699
RPL12P6,0.1319237450363746,0.9166666666666666,0.9920484365613835
BAZ1A,0.20713080759575941,0.5555555555555556,0.9063324119086202
AL121603.2,1.2849078503403883,0.3611111111111111,0.797730450683016
SRP54,0.8789826792656106,0.2222222222222222,0.7242375194388904
FAM177A1,0.2135273777954696,0.3611111111111111,0.797730450683016
PPP2R3C,-1.0714475858094277,0.4166666666666667,0.8228048921195339
KIAA0391,2.0469153536654723,0.16666666666666666,0.6630636913063691
PSMA6,1.8364739872222549,0.05555555555555555,0.6630636913063691
NFKBIA,0.3650897351335942,0.8055555555555556,0.9696444353796996
RALGAPA1,-0.18208337413463482,0.7777777777777778,0.9616866541443916
BRMS1L,1.0391640889023375,0.4166666666666667,0.8228048921195339
MBIP,-0.6538786012120457,0.6666666666666666,0.9393265826953157
CLEC14A,1.8272232507935353,0.4444444444444444,0.8447628037832934
SEC23A,1.3567224194753678,0.6388888888888888,0.9393265826953157
GEMIN2,2.5834150093152735,0.16666666666666666,0.6630636913063691
TRAPPC6B,-0.2735731413237188,0.8055555555555556,0.9696444353796996
PNN,-0.6779503038883021,0.1388888888888889,0.6630636913063691
YTHDF2P1,-1.6584541810232571,0.3888888888888889,0.8209476821872752
CTAGE5,0.10639904543446566,0.9166666666666666,0.9920484365613835
FBXO33,-0.48299598412788924,0.08333333333333333,0.6630636913063691
HNRNPUP1,2.1293974476443456,0.25,0.7407166969618281
AL109766.1,-0.13038852875295492,1.0,1.0
C14orf28,1.5523502215804943,0.25,0.7407166969618281
KLHL28,-1.4254786116934728,0.16666666666666666,0.6630636913063691
TOGARAM1,0.9342509915773483,0.7222222222222222,0.9526327507514194
PRPF39,0.5703721985875125,0.5833333333333334,0.9145140606393699
FKBP3,1.153545064302358,0.25,0.7407166969618281
FANCM,1.1657398618985817,0.5555555555555556,0.9063324119086202
MIS18BP1,2.750811159427367,0.05555555555555555,0.6630636913063691
DNAJC19P9,-0.8416416279673724,0.2222222222222222,0.7242375194388904
RPS29,0.04348153647781672,0.8611111111111112,0.9842040002156449
LRR1,0.4414778408768498,0.7777777777777778,0.9616866541443916
RPL36AL,-0.046491389000618,0.9444444444444444,1.0
DNAAF2,-1.0349972175285105,0.2222222222222222,0.7242375194388904
KLHDC1,-0.05658308942910617,1.0,1.0
KLHDC2,0.5053862934610489,0.8333333333333334,0.9696444353796996
NEMF,-0.5085844420877859,0.3611111111111111,0.797730450683016
ARF6,0.17078676038536145,0.5833333333333334,0.9145140606393699
LINC01588,2.628017760800349,0.05555555555555555,0.6630636913063691
VCPKMT,0.15160987700995676,0.9444444444444444,1.0
SOS2,0.48031767406144876,0.3333333333333333,0.7714672075726842
L2HGDH,1.8756137287414236,0.16666666666666666,0.6630636913063691
ATP5S,2.220412152126084,0.1111111111111111,0.6630636913063691
MAP4K5,0.10504457443751214,0.9166666666666666,0.9920484365613835
ATL1,-1.511771905272608,0.3888888888888889,0.8209476821872752
SAV1,0.8251121217343123,0.3611111111111111,0.797730450683016
NIN,0.049972748016613444,0.9166666666666666,0.9920484365613835
AL606834.3,2.5478054101945067,0.05555555555555555,0.6630636913063691
PYGL,2.4752812351405233,0.05555555555555555,0.6630636913063691
TRIM9,1.7929915884950145,0.16666666666666666,0.6630636913063691
TMX1,-0.30895750412897716,0.6666666666666666,0.9393265826953157
GNG2,-0.16556125961075097,0.4166666666666667,0.8228048921195339
RTRAF,-0.4659787801877675,0.4444444444444444,0.8447628037832934
PTGER2,1.133476119990787,0.19444444444444445,0.6998773221170698
TXNDC16,1.477640592717035,0.3611111111111111,0.797730450683016
ERO1A,0.8633614206639981,0.2222222222222222,0.7242375194388904
PSMC6,0.3033665271158741,0.5,0.8663629460895975
STYX,-0.004873244789445508,1.0,1.0
GNPNAT1,3.093083801803987,0.05555555555555555,0.6630636913063691
FERMT2,0.18076965818162005,0.5277777777777778,0.8876686975890985
DDHD1,1.1898094379074453,0.6666666666666666,0.9393265826953157
ATP5C1P1,-1.263729880674192,0.3888888888888889,0.8209476821872752
CDKN3,2.830089125211382,0.16666666666666666,0.6630636913063691
CNIH1,0.537055604514225,0.4166666666666667,0.8228048921195339
GMFB,0.7675126346933792,0.8333333333333334,0.9696444353796996
CGRRF1,-1.7539871781634195,0.08333333333333333,0.6630636913063691
SAMD4A,-0.3740254781236816,0.75,0.9526327507514194
GCH1,2.234821628157203,0.08333333333333333,0.6630636913063691
WDHD1,2.30633780196765,0.08333333333333333,0.6630636913063691
SOCS4,-0.6565078299461549,0.2222222222222222,0.7242375194388904
MAPK1IP1L,-0.45725303758315494,0.1388888888888889,0.6630636913063691
LGALS3,0.5639111779644246,0.4722222222222222,0.8663629460895975
DLGAP5,3.4903834347350124,0.16666666666666666,0.6630636913063691
AL158801.5,1.98719095748024,0.16666666666666666,0.6630636913063691
FBXO34,0.1877352401082657,0.75,0.9526327507514194
ATG14,1.4275495022296414,0.3611111111111111,0.797730450683016
KTN1,0.40839811656482716,0.2222222222222222,0.7242375194388904
LINC00520,3.465161233408816,0.05555555555555555,0.6630636913063691
AL138995.1,1.7607056561880392,0.16666666666666666,0.6630636913063691
PELI2,-0.3662241500027683,0.5,0.8663629460895975
TMEM260,3.5828034672608653,0.05555555555555555,0.6630636913063691
EXOC5,-0.38960898567641866,0.6666666666666666,0.9393265826953157
AP5M1,-0.17771997846264043,0.6111111111111112,0.9285893964279902
NAA30,-0.7581386076772341,0.3055555555555556,0.7689432926530413
ACTR10,2.2511491835119224,0.1388888888888889,0.6630636913063691
PSMA3,-0.304948834660153,0.6388888888888888,0.9393265826953157
AL132989.1,0.8053510668483118,0.5,0.8663629460895975
PSMA3-AS1,1.2179226761128552,0.1111111111111111,0.6630636913063691
ARID4A,-0.39627286188609734,0.3611111111111111,0.797730450683016
TIMM9,-1.5474301937699675,0.3333333333333333,0.7714672075726842
KIAA0586,0.57435395292541,0.8333333333333334,0.9696444353796996
AL049873.1,-0.2454738849570628,0.5555555555555556,0.9063324119086202
DAAM1,2.6080273449158042,0.16666666666666666,0.6630636913063691
L3HYPDH,0.868841796901412,0.4166666666666667,0.8228048921195339
JKAMP,-0.6281825856978971,0.3611111111111111,0.797730450683016
PCNX4,-0.9209769408441213,0.16666666666666666,0.6630636913063691
DHRS7,0.35209294575210937,0.3055555555555556,0.7689432926530413
PPM1A,0.3590593164265483,0.6111111111111112,0.9285893964279902
RBM8B,-1.282784732864621,0.05555555555555555,0.6630636913063691
MNAT1,1.1385448482343947,0.5,0.8663629460895975
SLC38A6,2.2220721595850845,0.05555555555555555,0.6630636913063691
PRKCH,-0.5836632789632552,0.6666666666666666,0.9393265826953157
HIF1A,0.35909887191510315,0.3888888888888889,0.8209476821872752
SNAPC1,-0.3797753110098725,0.5277777777777778,0.8876686975890985
RHOJ,3.0830294120445916,0.05555555555555555,0.6630636913063691
PPP2R5E,-0.13493077469337145,0.75,0.9526327507514194
WDR89,-0.9231056443929946,0.4722222222222222,0.8663629460895975
HSPE1P2,2.480559074287322,0.05555555555555555,0.6630636913063691
SGPP1,-0.3932523690304439,0.75,0.9526327507514194
SYNE2,0.585487741813612,0.6944444444444444,0.9526327507514194
MTHFD1,2.584271079927444,0.1388888888888889,0.6630636913063691
ZBTB25,-0.7648564371448012,0.3611111111111111,0.797730450683016
AKAP5,-0.04496294031363579,0.9166666666666666,0.9920484365613835
ZBTB1,-0.37252271357863265,0.6666666666666666,0.9393265826953157
HSPA2,-0.6491261064307197,0.7222222222222222,0.9526327507514194
PLEKHG3,0.21080756343633578,0.9444444444444444,1.0
CHURC1,-0.20375392171323714,0.6944444444444444,0.9526327507514194
RAB15,-0.20704970910332965,1.0,1.0
FNTB,2.4346836062630857,0.05555555555555555,0.6630636913063691
MAX,-0.2592805514441414,0.08333333333333333,0.6630636913063691
FUT8,1.6656909701123497,0.19444444444444445,0.6998773221170698
YBX1P1,0.20344546308081224,0.5,0.8663629460895975
MPP5,-1.089672533450238,0.08333333333333333,0.6630636913063691
ATP6V1D,-0.43573189513090504,0.3333333333333333,0.7714672075726842
EIF2S1,-0.12209814188217649,0.8888888888888888,0.9842040002156449
PIGH,-0.850136360053638,0.6944444444444444,0.9526327507514194
VTI1B,4.099591601130066,0.05555555555555555,0.6630636913063691
RDH11,0.8158009907985946,0.4722222222222222,0.8663629460895975
ZFYVE26,1.994007745634587,0.1388888888888889,0.6630636913063691
RAD51B,1.9835782299786815,0.25,0.7407166969618281
ZFP36L1,-0.43089896791501836,0.05555555555555555,0.6630636913063691
ACTN1,1.218377571680303,0.5555555555555556,0.9063324119086202
DCAF5,-0.8870599344804875,0.05555555555555555,0.6630636913063691
EXD2,0.29959548912329925,0.9444444444444444,1.0
ERH,-0.048811964160330845,0.9444444444444444,1.0
SLC39A9,-0.414065857304899,0.5555555555555556,0.9063324119086202
SUSD6,-0.14148266545913746,0.5277777777777778,0.8876686975890985
SRSF5,-0.9222370449061277,0.16666666666666666,0.6630636913063691
RPL7AP6,-0.050844391896823105,0.9722222222222222,1.0
SLC8A3,-0.9149364860128069,0.1111111111111111,0.6630636913063691
AL160191.3,2.1097561028617573,0.16666666666666666,0.6630636913063691
COX16,0.6035081204170384,0.6666666666666666,0.9393265826953157
SYNJ2BP,-0.013030493126209741,1.0,1.0
MED6,1.494474675285311,0.3888888888888889,0.8209476821872752
TTC9,1.4961114976150607,0.4444444444444444,0.8447628037832934
PCNX1,0.6317274101515329,0.16666666666666666,0.6630636913063691
SIPA1L1,1.7829029444266502,0.2222222222222222,0.7242375194388904
DCAF4,0.3426544877393384,0.75,0.9526327507514194
ZFYVE1,1.1855923736465974,0.6111111111111112,0.9285893964279902
RBM25,-0.47401190337117693,0.08333333333333333,0.6630636913063691
PSEN1,0.2527210510582085,0.6388888888888888,0.9393265826953157
PAPLN,1.8756137287414236,0.16666666666666666,0.6630636913063691
NUMB,1.6730207457795894,0.6388888888888888,0.9393265826953157
RIOX1,2.0434875349851316,0.05555555555555555,0.6630636913063691
ACOT2,3.0993178004785586,0.05555555555555555,0.6630636913063691
ACOT4,-2.670488431117847,0.2777777777777778,0.7530160238642064
DNAL1,-2.3187783417579313,0.16666666666666666,0.6630636913063691
PNMA1,3.2192866994638996,0.1111111111111111,0.6630636913063691
ELMSAN1,-0.10100718458444025,0.8055555555555556,0.9696444353796996
FAM161B,0.7025557141860881,0.6666666666666666,0.9393265826953157
ENTPD5,0.5332135228666943,0.7777777777777778,0.9616866541443916
ALDH6A1,1.9174158570115858,0.1388888888888889,0.6630636913063691
LIN52,2.0558348279675625,0.16666666666666666,0.6630636913063691
ABCD4,-1.3554227330077486,0.1111111111111111,0.6630636913063691
NPC2,-0.6006241632080629,0.16666666666666666,0.6630636913063691
ISCA2,0.2730284284387605,0.9166666666666666,0.9920484365613835
LTBP2,0.662635253847267,0.5,0.8663629460895975
AREL1,0.1474483205175181,0.8333333333333334,0.9696444353796996
FCF1,-0.8142150431861426,0.05555555555555555,0.6630636913063691
YLPM1,0.03194264039550365,0.9722222222222222,1.0
PROX2,-0.166642669741075,1.0,1.0
DLST,0.1852687671981581,0.9444444444444444,1.0
RPS6KL1,1.8756137287414236,0.16666666666666666,0.6630636913063691
EIF2B2,0.9317627528110148,0.16666666666666666,0.6630636913063691
MLH3,-1.6667844667714231,0.05555555555555555,0.6630636913063691
ACYP1,1.500209249624389,0.25,0.7407166969618281
NEK9,-0.5731608031992508,0.05555555555555555,0.6630636913063691
TMED10,-0.22904462876536513,0.6666666666666666,0.9393265826953157
FOS,-0.9928402797997009,0.19444444444444445,0.6998773221170698
JDP2,-0.6313920004475948,0.8888888888888888,0.9842040002156449
BATF,1.7754579291507953,0.2777777777777778,0.7530160238642064
AC007182.2,-0.5027059514595971,0.1388888888888889,0.6630636913063691
TTLL5,0.4036638254526821,0.8333333333333334,0.9696444353796996
ERG28,2.526246499240153,0.05555555555555555,0.6630636913063691
IFT43,-0.8723432094832182,0.6388888888888888,0.9393265826953157
GPATCH2L,-0.1648495150434215,0.8055555555555556,0.9696444353796996
VASH1,1.629176700260698,0.2777777777777778,0.7530160238642064
ANGEL1,-0.21302719265065173,0.8055555555555556,0.9696444353796996
AF111169.1,1.1752450899108995,0.4166666666666667,0.8228048921195339
IRF2BPL,-0.1324267578647884,0.6944444444444444,0.9526327507514194
CIPC,-2.191732387527851,0.16666666666666666,0.6630636913063691
GSTZ1,2.759851632948606,0.05555555555555555,0.6630636913063691
TMED8,0.03398924049431429,1.0,1.0
VIPAS39,-0.0853497042515885,0.8333333333333334,0.9696444353796996
AHSA1,0.42844505661443844,0.2222222222222222,0.7242375194388904
SPTLC2,0.22551489708090333,0.6111111111111112,0.9285893964279902
ALKBH1,-1.250730936611879,0.5,0.8663629460895975
SLIRP,-0.14026494354230312,0.6388888888888888,0.9393265826953157
SNW1,0.0029889222028218754,1.0,1.0
ADCK1,1.7704297712200843,0.16666666666666666,0.6630636913063691
CEP128,1.4717700009910575,0.4166666666666667,0.8228048921195339
GTF2A1,0.11723583907663926,0.7222222222222222,0.9526327507514194
DYNLL1P2,-1.0736865659319121,0.4166666666666667,0.8228048921195339
SEL1L,0.5830915828121546,0.4444444444444444,0.8447628037832934
ENSAP2,2.034927128944103,0.05555555555555555,0.6630636913063691
GALC,0.8197713142163456,0.19444444444444445,0.6998773221170698
GPR65,-0.8336049650958275,0.1111111111111111,0.6630636913063691
SPATA7,-0.9276280985004919,0.5,0.8663629460895975
ZC3H14,1.1186773720464624,0.75,0.9526327507514194
FOXN3,0.18337537543113225,0.7222222222222222,0.9526327507514194
EFCAB11,-1.102882695838292,0.19444444444444445,0.6998773221170698
TDP1,1.734538586513196,0.3055555555555556,0.7689432926530413
PSMC1,-1.6266577208804356,0.7222222222222222,0.9526327507514194
NRDE2,2.182161060402225,0.25,0.7407166969618281
CALM1,0.10410149108355427,0.5833333333333334,0.9145140606393699
TTC7B,-0.11506814906615759,0.7222222222222222,0.9526327507514194
AL122020.1,0.6631661288829016,0.5555555555555556,0.9063324119086202
RPS6KA5,-1.0308627126766439,0.05555555555555555,0.6630636913063691
DGLUCY,-0.5825935204679284,0.19444444444444445,0.6998773221170698
CCDC88C,-0.4068875386266839,0.4722222222222222,0.8663629460895975
PPP4R3A,0.09192619030554283,0.8055555555555556,0.9696444353796996
TRIP11,-0.20867011643338085,0.7222222222222222,0.9526327507514194
AL049872.1,-0.031117945431319072,1.0,1.0
ATXN3,0.19747442454562592,0.7222222222222222,0.9526327507514194
NDUFB1,0.4984500157853704,0.4166666666666667,0.8228048921195339
CPSF2,-0.3557776940737325,0.5,0.8663629460895975
RIN3,3.0878018239013865,0.2777777777777778,0.7530160238642064
GOLGA5,0.15442719967661223,0.6944444444444444,0.9526327507514194
ITPK1,-0.25090440729323493,0.5277777777777778,0.8876686975890985
MOAP1,-1.2359575388004602,0.16666666666666666,0.6630636913063691
TMEM251,-0.7374561892844174,0.3611111111111111,0.797730450683016
GON7,-0.0987194526742603,0.9444444444444444,1.0
UBR7,-0.508842604251531,0.6111111111111112,0.9285893964279902
BTBD7,-0.043963682696761985,0.9722222222222222,1.0
DDX24,-0.9424483833275854,0.05555555555555555,0.6630636913063691
IFI27L1,0.47927308436141347,0.7222222222222222,0.9526327507514194
IFI27,2.8728188512936574,0.05555555555555555,0.6630636913063691
IFI27L2,1.614985038441509,0.2777777777777778,0.7530160238642064
SERPINA1,0.4780063134732877,0.8333333333333334,0.9696444353796996
DICER1,-0.5817352305174399,0.1388888888888889,0.6630636913063691
CLMN,-0.9369634622939187,0.5,0.8663629460895975
SYNE3,2.5338790861340392,0.2777777777777778,0.7530160238642064
GLRX5,-0.5507441933060306,0.2777777777777778,0.7530160238642064
ATG2B,-1.8703963327771138,0.05555555555555555,0.6630636913063691
GSKIP,2.3959335704519935,0.1388888888888889,0.6630636913063691
PAPOLA,0.2959223707033525,0.16666666666666666,0.6630636913063691
VRK1,1.0190964546412324,0.75,0.9526327507514194
RPL3P4,0.11978431825998825,0.6388888888888888,0.9393265826953157
AL162151.2,2.639732140293096,0.05555555555555555,0.6630636913063691
BCL11B,-0.389163188357303,0.7222222222222222,0.9526327507514194
SETD3,-0.12440099882370514,0.8611111111111112,0.9842040002156449
CCNK,0.6526673028635588,0.5555555555555556,0.9063324119086202
EVL,3.080630087002197,0.08333333333333333,0.6630636913063691
YY1,-0.12303359761954447,0.7222222222222222,0.9526327507514194
SLC25A29,0.5370236483196488,0.6666666666666666,0.9393265826953157
WARS,0.09300027841122827,0.75,0.9526327507514194
WDR25,-0.24374801389076994,1.0,1.0
BEGAIN,1.725745827992586,0.3333333333333333,0.7714672075726842
MEG3,2.504343393378502,0.16666666666666666,0.6630636913063691
LINC02285,-0.25840477256283956,1.0,1.0
AL355032.1,1.3553609664134627,0.3888888888888889,0.8209476821872752
PPP2R5C,0.22231640249644968,0.4722222222222222,0.8663629460895975
DYNC1H1,-0.9108339355612642,0.16666666666666666,0.6630636913063691
HSP90AA1,-0.594047919953633,0.08333333333333333,0.6630636913063691
WDR20,2.380687314244713,0.1388888888888889,0.6630636913063691
ZNF839,-1.6697975330174182,0.2777777777777778,0.7530160238642064
CINP,2.2055699650396328,0.2777777777777778,0.7530160238642064
TECPR2,2.253257839207841,0.1388888888888889,0.6630636913063691
ANKRD9,2.091932628942339,0.2777777777777778,0.7530160238642064
RCOR1,2.3653987795443023,0.05555555555555555,0.6630636913063691
TRAF3,2.653778879178497,0.05555555555555555,0.6630636913063691
CDC42BPB,2.868950774372884,0.05555555555555555,0.6630636913063691
TNFAIP2,0.7457711182724429,0.7777777777777778,0.9616866541443916
EIF5,0.02119525905388464,0.9722222222222222,1.0
MARK3,0.10826754093654589,0.75,0.9526327507514194
BAG5,-0.38514359293015676,0.4166666666666667,0.8228048921195339
KLC1,3.128483575442537,0.08333333333333333,0.6630636913063691
APOPT1,2.147178827781411,0.2222222222222222,0.7242375194388904
AL049840.4,0.782185534951986,0.75,0.9526327507514194
ZFYVE21,-0.5907398002496214,0.3611111111111111,0.797730450683016
PPP1R13B,1.8159200333206917,0.16666666666666666,0.6630636913063691
C14orf2,0.0656018777539007,0.8333333333333334,0.9696444353796996
SIVA1,1.8468996303905318,0.25,0.7407166969618281
AKT1,0.8141381164896888,0.5833333333333334,0.9145140606393699
CEP170B,-0.031117945431319072,1.0,1.0
AHNAK2,-0.20183494401947577,0.8888888888888888,0.9842040002156449
CDCA4,1.0506726111094353,0.75,0.9526327507514194
GPR132,0.4774001563264969,0.8333333333333334,0.9696444353796996
JAG2,2.663294206741238,0.16666666666666666,0.6630636913063691
NUDT14,1.3306563555956257,0.3611111111111111,0.797730450683016
BRF1,0.9686243335715652,0.5,0.8663629460895975
BTBD6,0.07094127813567486,0.9166666666666666,0.9920484365613835
PACS2,2.7430547996363046,0.1388888888888889,0.6630636913063691
MTA1,2.077594149814502,0.16666666666666666,0.6630636913063691
CRIP2,3.5912987300687726,0.16666666666666666,0.6630636913063691
IGHA2,2.1097995411826513,0.7222222222222222,0.9526327507514194
IGHG4,4.644206293138744,0.25,0.7407166969618281
IGHG2,5.755826528542009,0.16666666666666666,0.6630636913063691
IGHGP,0.09767488229467136,1.0,1.0
IGHA1,4.064403034209921,0.2222222222222222,0.7242375194388904
IGHG1,6.016527259510061,0.16666666666666666,0.6630636913063691
IGHG3,4.657542222554676,0.3333333333333333,0.7714672075726842
IGHM,-0.007598334139695684,1.0,1.0
FAM30A,1.756274399533054,0.16666666666666666,0.6630636913063691
AC246787.1,0.32839817638357527,0.3333333333333333,0.7714672075726842
IGHV4-39,1.1423828659032993,0.3333333333333333,0.7714672075726842
IGHV5-51,1.9034039552109623,1.0,1.0
HERC2P2,0.5991342993934263,0.8888888888888888,0.9842040002156449
NIPA1,2.094146081523642,0.05555555555555555,0.6630636913063691
NIPA2,-1.1443934299219425,0.08333333333333333,0.6630636913063691
CYFIP1,-0.5903786739948274,0.3055555555555556,0.7689432926530413
TUBGCP5,-0.14352567934439842,1.0,1.0
NDN,0.8568689673595142,0.6388888888888888,0.9393265826953157
SNRPN,1.9640573684558889,0.1388888888888889,0.6630636913063691
RPL5P1,0.4766891972217251,0.9444444444444444,1.0
SNHG14,-0.3824466112066185,0.16666666666666666,0.6630636913063691
PWAR5,0.5119037485458647,0.75,0.9526327507514194
PWAR6,-0.9235544625641295,0.7222222222222222,0.9526327507514194
UBE3A,-0.383037580575615,0.25,0.7407166969618281
ATP10A,1.679890008962969,0.2222222222222222,0.7242375194388904
HERC2,-0.9825250683490472,0.08333333333333333,0.6630636913063691
RPL41P2,0.3973308914145164,0.75,0.9526327507514194
HERC2P9,-0.0029468934286136506,1.0,1.0
APBA2,2.0995755214756744,0.16666666666666666,0.6630636913063691
NSMCE3,-1.2823619090203202,0.05555555555555555,0.6630636913063691
HMGN2P5,1.9266474346538653,0.1388888888888889,0.6630636913063691
AC127502.1,-1.4547346979451614,0.2777777777777778,0.7530160238642064
ARHGAP11B,0.5162358409151577,0.75,0.9526327507514194
FAN1,2.8677861763024355,0.05555555555555555,0.6630636913063691
MTMR10,1.1935051627037252,0.6944444444444444,0.9526327507514194
KLF13,0.43386905363093753,0.25,0.7407166969618281
AC135983.2,1.1589815733292526,0.4166666666666667,0.8228048921195339
ARHGAP11A,2.402657486217614,0.2222222222222222,0.7242375194388904
FMN1,-0.5198771321074993,0.8333333333333334,0.9696444353796996
RYR3,0.634497760537156,0.7222222222222222,0.9526327507514194
AVEN,2.8277443268555063,0.08333333333333333,0.6630636913063691
EMC7,-0.035963504895026865,0.9166666666666666,0.9920484365613835
KATNBL1,-0.2928854187806147,0.4166666666666667,0.8228048921195339
EMC4,0.0009009791035419212,1.0,1.0
SLC12A6,1.7739199891667181,0.1111111111111111,0.6630636913063691
NOP10,-0.021035556317638537,0.9444444444444444,1.0
LPCAT4,1.167028587463427,0.5,0.8663629460895975
GOLGA8A,-0.2091617632217635,1.0,1.0
HNRNPLP2,0.21874626681456344,0.8333333333333334,0.9696444353796996
GOLGA8B,1.8882434770016612,0.2777777777777778,0.7530160238642064
AQR,2.3420393511325233,0.05555555555555555,0.6630636913063691
AC018868.1,-0.45270361112301805,0.8888888888888888,0.9842040002156449
ZNF770,-0.37886528193589797,0.1111111111111111,0.6630636913063691
DPH6,1.2897172682989164,0.3888888888888889,0.8209476821872752
MEIS2,-0.5336791121170119,0.4444444444444444,0.8447628037832934
SPRED1,-0.27158643981627417,0.4444444444444444,0.8447628037832934
FAM98B,0.11313405104739083,0.8333333333333334,0.9696444353796996
RASGRP1,-0.3238141228764799,1.0,1.0
THBS1,5.656185444930316,0.08333333333333333,0.6630636913063691
FSIP1,1.9411791087485755,0.2777777777777778,0.7530160238642064
GPR176,2.547133928699137,0.05555555555555555,0.6630636913063691
EIF2AK4,1.509981073624513,0.5555555555555556,0.9063324119086202
SRP14,-0.040471703612388055,0.9722222222222222,1.0
SRP14-AS1,0.4907271899027552,0.75,0.9526327507514194
BMF,-1.218270855978576,0.16666666666666666,0.6630636913063691
PAK6,1.2821967085115693,0.3611111111111111,0.797730450683016
PLCB2,0.4035304761592595,0.4722222222222222,0.8663629460895975
INAFM2,1.9981307042251557,0.16666666666666666,0.6630636913063691
DISP2,0.2587145019027127,1.0,1.0
KNSTRN,1.5333905846019815,0.4166666666666667,0.8228048921195339
IVD,-0.6479306012248518,0.2777777777777778,0.7530160238642064
BAHD1,1.4357287756203072,0.3611111111111111,0.797730450683016
CHST14,-0.41507321059700786,0.6111111111111112,0.9285893964279902
CCDC32,-0.7894332161194502,0.8888888888888888,0.9842040002156449
RPUSD2,0.7269665836181215,0.5833333333333334,0.9145140606393699
KNL1,2.9046705855527253,0.16666666666666666,0.6630636913063691
RMDN3,0.727704255013466,0.8055555555555556,0.9696444353796996
DNAJC17,0.4605270968274111,0.9444444444444444,1.0
ZFYVE19,3.3177235567371564,0.05555555555555555,0.6630636913063691
SPINT1,1.1854222305587676,0.5277777777777778,0.8876686975890985
VPS18,1.5637191757743092,0.3055555555555556,0.7689432926530413
INO80,-0.33853014855424757,0.7222222222222222,0.9526327507514194
CHP1,-0.4652832645320526,0.4722222222222222,0.8663629460895975
OIP5-AS1,-0.005229700307617158,1.0,1.0
NUSAP1,3.3737492057763467,0.16666666666666666,0.6630636913063691
NDUFAF1,3.2493662740099616,0.05555555555555555,0.6630636913063691
RTF1,0.0466663532569811,0.9444444444444444,1.0
RPAP1,1.6595398725475157,0.1388888888888889,0.6630636913063691
MGA,0.2324673779800115,0.6388888888888888,0.9393265826953157
EHD4,1.3067255426371638,0.6944444444444444,0.9526327507514194
VPS39,2.3170059493896304,0.08333333333333333,0.6630636913063691
TMEM87A,-0.24581055114538675,0.5833333333333334,0.9145140606393699
GANC,2.2747903675691017,0.25,0.7407166969618281
ZNF106,0.20433708275293228,0.9444444444444444,1.0
SNAP23,-0.19209139653563057,0.6944444444444444,0.9526327507514194
LRRC57,0.1385663667965389,0.9166666666666666,0.9920484365613835
HAUS2,0.4486415927215113,0.9166666666666666,0.9920484365613835
TTBK2,0.1967354232958689,0.7777777777777778,0.9616866541443916
UBR1,1.9452305178250775,0.3333333333333333,0.7714672075726842
CCNDBP1,0.6360472243028399,0.3611111111111111,0.797730450683016
LCMT2,-0.09764454863150096,1.0,1.0
ADAL,1.4563957469798203,0.3333333333333333,0.7714672075726842
ZSCAN29,1.9013323176184276,0.2777777777777778,0.7530160238642064
TUBGCP4,0.6176048403569893,0.6666666666666666,0.9393265826953157
TP53BP1,0.01526665195055621,1.0,1.0
MAP1A,-0.7548866125128946,0.19444444444444445,0.6998773221170698
PPIP5K1,2.113932559009437,0.16666666666666666,0.6630636913063691
CATSPER2,0.7189172963087412,0.5,0.8663629460895975
PDIA3,0.20284462951160442,0.6388888888888888,0.9393265826953157
SERF2,1.2863424412694195,0.1111111111111111,0.6630636913063691
MFAP1,-0.7341548839913106,0.1111111111111111,0.6630636913063691
WDR76,3.229457462176913,0.05555555555555555,0.6630636913063691
PIN4P1,-3.1105740396685713,0.08333333333333333,0.6630636913063691
CASC4,-0.03698774202192201,0.9722222222222222,1.0
CTDSPL2,0.04859427203625888,0.8888888888888888,0.9842040002156449
EIF3J-AS1,2.3019993697156815,0.16666666666666666,0.6630636913063691
EIF3J,0.509409878599997,0.25,0.7407166969618281
SPG11,2.8071376574850433,0.1388888888888889,0.6630636913063691
B2M,-0.1771073567383752,0.8055555555555556,0.9696444353796996
TRIM69,0.3777569486507071,0.2777777777777778,0.7530160238642064
SORD,0.16259333187723657,1.0,1.0
DUOX2,1.9830412178980854,0.16666666666666666,0.6630636913063691
SPATA5L1,0.5120425307533094,0.75,0.9526327507514194
SLC30A4,-0.5005973503890928,0.5555555555555556,0.9063324119086202
BLOC1S6,-0.8138298112377838,0.1111111111111111,0.6630636913063691
SQOR,-0.23143166094689782,0.6111111111111112,0.9285893964279902
SEMA6D,-2.017890837511158,0.2222222222222222,0.7242375194388904
AC044787.1,1.2386700509309057,0.3333333333333333,0.7714672075726842
MYEF2,0.08268886180764046,1.0,1.0
DUT,0.8399444770800439,0.3333333333333333,0.7714672075726842
FBN1,0.6364905572804037,0.5,0.8663629460895975
CEP152,1.985374060053205,0.2222222222222222,0.7242375194388904
EID1,-0.05584564057325192,0.9722222222222222,1.0
SECISBP2L,-0.37629132008674304,0.19444444444444445,0.6998773221170698
COPS2,-0.007492858179531048,1.0,1.0
GALK2,-1.343025058050468,0.5,0.8663629460895975
FAM227B,1.0890081674561058,0.5,0.8663629460895975
AC022306.1,-0.63610945877469,0.8888888888888888,0.9842040002156449
DTWD1,-1.00400849693809,0.2222222222222222,0.7242375194388904
ATP8B4,1.8647224617547047,0.16666666666666666,0.6630636913063691
SLC27A2,-1.2068069244793467,0.3888888888888889,0.8209476821872752
HDC,-0.2949625958698494,0.4444444444444444,0.8447628037832934
GABPB1,-0.6331929303091153,0.08333333333333333,0.6630636913063691
RNU6-94P,-0.23729190430028813,1.0,1.0
GABPB1-AS1,-0.46962999566282226,0.75,0.9526327507514194
USP8,-0.8794263837089114,0.05555555555555555,0.6630636913063691
TRPM7,0.13330744202071454,0.8611111111111112,0.9842040002156449
SPPL2A,0.04732010888689153,0.9166666666666666,0.9920484365613835
AP4E1,1.7718191900518279,0.2777777777777778,0.7530160238642064
DMXL2,0.9280120024208971,0.3055555555555556,0.7689432926530413
LYSMD2,0.7569361204147707,0.6388888888888888,0.9393265826953157
TMOD3,0.46425472092872067,0.25,0.7407166969618281
AC090971.3,0.8647578157598741,0.4166666666666667,0.8228048921195339
LEO1,0.2899545007417057,0.5555555555555556,0.9063324119086202
MAPK6,0.3672452223475968,0.4722222222222222,0.8663629460895975
AC023906.5,-0.6616181097870926,0.8888888888888888,0.9842040002156449
GNB5,-1.6180218043392776,0.19444444444444445,0.6998773221170698
MYO5C,3.271362169177984,0.05555555555555555,0.6630636913063691
MYO5A,-0.9979561363127774,0.05555555555555555,0.6630636913063691
ARPP19,0.3494624999604312,0.3055555555555556,0.7689432926530413
FAM214A,-0.49393942177933337,0.6388888888888888,0.9393265826953157
RSL24D1,-0.9702259037631151,0.19444444444444445,0.6998773221170698
RAB27A,1.4177492234833293,0.16666666666666666,0.6630636913063691
PIGBOS1,0.7802567494774384,0.6666666666666666,0.9393265826953157
PIGB,-0.144281104930015,1.0,1.0
CCPG1,-0.28247917451819804,0.7777777777777778,0.9616866541443916
NEDD4,0.39443070968896654,0.6111111111111112,0.9285893964279902
RFX7,-0.20384222470460855,0.6944444444444444,0.9526327507514194
MNS1,-0.6075395681303577,0.8888888888888888,0.9842040002156449
ZNF280D,-0.7526087852673005,0.19444444444444445,0.6998773221170698
TCF12,0.8468577778045114,0.3611111111111111,0.797730450683016
POLR2M,-1.7904600031369635,0.3888888888888889,0.8209476821872752
AQP9,0.3437632736534927,1.0,1.0
ADAM10,0.26620707037014224,0.7222222222222222,0.9526327507514194
MINDY2,-0.3646555068512791,0.6944444444444444,0.9526327507514194
RNF111,1.8390730411380232,0.3333333333333333,0.7714672075726842
SLTM,-0.38076067688318105,0.4166666666666667,0.8228048921195339
MYO1E,0.12835799787043833,1.0,1.0
GTF2A2,0.6767196591388522,0.3888888888888889,0.8209476821872752
BNIP2,-0.6051901954990511,0.16666666666666666,0.6630636913063691
RPS3AP6,-0.49125818191206605,0.3611111111111111,0.797730450683016
ANXA2,1.9103353299171486,0.1388888888888889,0.6630636913063691
ICE2,-1.0074087692692784,0.08333333333333333,0.6630636913063691
RORA,0.06648970612955418,0.8888888888888888,0.9842040002156449
VPS13C,-0.6085654578652093,0.16666666666666666,0.6630636913063691
TPM1,0.7111583075258139,0.8888888888888888,0.9842040002156449
LACTB,-0.13693671006426555,0.8055555555555556,0.9696444353796996
RPS27L,1.5939860032524953,0.05555555555555555,0.6630636913063691
RAB8B,0.5179574416107373,0.5,0.8663629460895975
APH1B,-0.570414670426592,0.3611111111111111,0.797730450683016
USP3,0.9881890674566751,0.6388888888888888,0.9393265826953157
HERC1,0.5776224740677254,0.5,0.8663629460895975
DAPK2,0.8046582787922127,0.6388888888888888,0.9393265826953157
FAM96A,3.6598261879482283,0.05555555555555555,0.6630636913063691
SNX1,2.1339251020404335,0.3333333333333333,0.7714672075726842
PPIB,-0.9253710895422396,0.1111111111111111,0.6630636913063691
CSNK1G1,0.06063443951707281,0.8888888888888888,0.9842040002156449
PCLAF,1.8091499875593882,0.4444444444444444,0.8447628037832934
TRIP4,0.36392074961837073,0.8055555555555556,0.9696444353796996
ZNF609,-0.04965199087683558,0.7777777777777778,0.9616866541443916
OAZ2,-0.4885316882758266,0.3611111111111111,0.797730450683016
PLEKHO2,1.1114313366002802,0.5277777777777778,0.8876686975890985
SPG21,-0.43334287694476625,0.5277777777777778,0.8876686975890985
MTFMT,0.8896722845233889,0.6111111111111112,0.9285893964279902
PDCD7,-0.2649596716314413,0.6111111111111112,0.9285893964279902
CLPX,-0.035632668231449394,0.9444444444444444,1.0
PARP16,2.571072400891801,0.16666666666666666,0.6630636913063691
DPP8,-0.9856654238440061,0.1111111111111111,0.6630636913063691
HACD3,-0.022763918228379865,0.9722222222222222,1.0
INTS14,0.465739336371946,0.5277777777777778,0.8876686975890985
SLC24A1,2.670122859341316,0.05555555555555555,0.6630636913063691
DENND4A,-0.6676183694614375,0.08333333333333333,0.6630636913063691
RAB11A,-0.06308532278503254,0.6944444444444444,0.9526327507514194
DIS3L,1.7318384594164482,0.2777777777777778,0.7530160238642064
TIPIN,0.6594262376393504,0.7222222222222222,0.9526327507514194
MAP2K1,0.1925520155744911,0.8055555555555556,0.9696444353796996
SNAPC5,3.228900115864173,0.05555555555555555,0.6630636913063691
RPL4,0.10621287466223883,0.7777777777777778,0.9616866541443916
ZWILCH,1.9662602561209956,0.2222222222222222,0.7242375194388904
SMAD3,3.384052622610455,0.05555555555555555,0.6630636913063691
AAGAB,2.124946978386522,0.25,0.7407166969618281
IQCH-AS1,0.80629353421797,0.6666666666666666,0.9393265826953157
C15orf61,1.218542425351159,0.6111111111111112,0.9285893964279902
MAP2K5,2.6314901706036085,0.05555555555555555,0.6630636913063691
PIAS1,-0.6546604376132095,0.16666666666666666,0.6630636913063691
CLN6,-0.0206987550348392,1.0,1.0
FEM1B,-0.45505676991595667,0.6111111111111112,0.9285893964279902
ANP32A,-0.3909870993491458,0.3055555555555556,0.7689432926530413
GLCE,-0.3534172764591519,0.4166666666666667,0.8228048921195339
PAQR5,0.03905300493244379,0.8611111111111112,0.9842040002156449
KIF23,3.71887571804874,0.08333333333333333,0.6630636913063691
RPLP1,0.5252258238195466,0.3611111111111111,0.797730450683016
TLE3,1.0928538238568288,0.16666666666666666,0.6630636913063691
UACA,2.4302503054184093,0.05555555555555555,0.6630636913063691
HMGB1P6,-0.2861506129999203,0.6388888888888888,0.9393265826953157
AC064799.1,-0.983035181515783,0.1388888888888889,0.6630636913063691
MYO9A,2.0899312003454327,0.19444444444444445,0.6998773221170698
PKM,1.2716987640288826,0.1111111111111111,0.6630636913063691
PARP6,-0.5804796753464037,0.5277777777777778,0.8876686975890985
HEXA,0.37383378976845183,0.4166666666666667,0.8228048921195339
ARIH1,-0.45801057231391784,0.2777777777777778,0.7530160238642064
BBS4,-1.6074208387011768,0.19444444444444445,0.6998773221170698
ADPGK,0.1471286327030894,0.8333333333333334,0.9696444353796996
NPTN,2.0539495231375184,0.2222222222222222,0.7242375194388904
CD276,2.4352250234944384,0.08333333333333333,0.6630636913063691
PML,0.8210569584967917,0.8611111111111112,0.9842040002156449
SEMA7A,1.5844040644339654,0.5555555555555556,0.9063324119086202
UBL7,1.7313757105727707,0.3333333333333333,0.7714672075726842
UBL7-AS1,0.07121596093640692,1.0,1.0
ARID3B,1.906230485357209,0.08333333333333333,0.6630636913063691
CLK3,0.5181772221721084,0.75,0.9526327507514194
EDC3,0.7033306719384862,0.6666666666666666,0.9393265826953157
CSK,0.9081098603592048,0.2222222222222222,0.7242375194388904
ULK3,0.6264000852564742,0.8888888888888888,0.9842040002156449
SCAMP2,0.798068960949486,0.05555555555555555,0.6630636913063691
MPI,2.2480917619288006,0.19444444444444445,0.6998773221170698
FAM219B,-1.1058239718618266,0.4166666666666667,0.8228048921195339
COX5A,0.4266244963891417,0.4722222222222222,0.8663629460895975
PPCDC,1.8229781646292744,0.25,0.7407166969618281
C15orf39,0.14860620525538604,0.75,0.9526327507514194
ANP32BP1,-0.3114044588704754,0.7777777777777778,0.9616866541443916
COMMD4,3.8490616368525665,0.05555555555555555,0.6630636913063691
MAN2C1,0.127123689413549,0.9444444444444444,1.0
SIN3A,1.8224863095615418,0.3055555555555556,0.7689432926530413
PTPN9,-0.3503985557455396,0.2777777777777778,0.7530160238642064
SNUPN,0.505037439892321,0.8055555555555556,0.9696444353796996
IMP3,-0.14836463277941814,0.5277777777777778,0.8876686975890985
SNX33,0.4022901214782606,0.75,0.9526327507514194
UBE2Q2,-0.686278870416885,0.25,0.7407166969618281
FBXO22,1.616345459033229,0.3055555555555556,0.7689432926530413
TMEM266,1.5216531415648702,0.3333333333333333,0.7714672075726842
ETFA,-0.8879139715576381,0.25,0.7407166969618281
SCAPER,1.5058560752769279,0.4166666666666667,0.8228048921195339
RCN2,-0.5153044696254208,0.4444444444444444,0.8447628037832934
TSPAN3,1.009320193207408,0.1111111111111111,0.6630636913063691
PEAK1,-0.40112280140931134,0.8333333333333334,0.9696444353796996
HMG20A,1.787984579505538,0.1388888888888889,0.6630636913063691
TBC1D2B,-1.050884060462077,0.05555555555555555,0.6630636913063691
CIB2,1.0693779321475239,0.5,0.8663629460895975
DNAJA4,2.020831157972027,0.3333333333333333,0.7714672075726842
WDR61,-0.8196772898666156,0.3055555555555556,0.7689432926530413
IREB2,0.3980313787532941,0.5555555555555556,0.9063324119086202
PSMA4,-0.45045981838639637,0.5277777777777778,0.8876686975890985
ADAMTS7,0.139634663298704,0.8333333333333334,0.9696444353796996
MORF4L1,-0.1999998842073012,0.3888888888888889,0.8209476821872752
CTSH,2.747819429759601,0.16666666666666666,0.6630636913063691
TMED3,0.10588087756316966,0.8888888888888888,0.9842040002156449
MTHFS,2.742174570774817,0.05555555555555555,0.6630636913063691
ST20,2.610776038291927,0.16666666666666666,0.6630636913063691
BCL2A1,2.0535243992431553,0.1111111111111111,0.6630636913063691
ZFAND6,-0.12256759348190815,0.6666666666666666,0.9393265826953157
FAH,2.634568293500505,0.05555555555555555,0.6630636913063691
MESD,-0.1256788837282512,0.75,0.9526327507514194
TLNRD1,-0.7779944005213446,0.1111111111111111,0.6630636913063691
IL16,0.29497321191926096,0.8888888888888888,0.9842040002156449
MEX3B,1.5460898305014366,0.25,0.7407166969618281
EFL1,0.6021346635968419,0.3333333333333333,0.7714672075726842
UBE2Q2P2,-0.1759780335345018,1.0,1.0
RPL9P9,-1.064400400094815,0.19444444444444445,0.6998773221170698
GOLGA6L9,2.156454753330183,0.05555555555555555,0.6630636913063691
RPS17,0.25015003035934313,0.5,0.8663629460895975
WHAMM,-1.0257340048048134,0.1111111111111111,0.6630636913063691
HOMER2,-0.09152521561655558,0.9166666666666666,0.9920484365613835
C15orf40,1.0522750995480785,0.6666666666666666,0.9393265826953157
BTBD1,0.4150972435383542,0.6111111111111112,0.9285893964279902
TM6SF1,2.3275904792257527,0.1111111111111111,0.6630636913063691
HDGFL3,1.3698684185276653,0.05555555555555555,0.6630636913063691
UBE2Q2P1,1.493987373087964,0.3055555555555556,0.7689432926530413
ZSCAN2,0.5168575072737656,0.75,0.9526327507514194
NMB,-2.390918677062568,0.2777777777777778,0.7530160238642064
SEC11A,-0.31712804502310377,0.5833333333333334,0.9145140606393699
ZNF592,-0.7147016927937049,0.3611111111111111,0.797730450683016
PDE8A,2.947356621498316,0.16666666666666666,0.6630636913063691
AKAP13,0.14659624418406025,0.5,0.8663629460895975
MRPL46,2.06490188631561,0.16666666666666666,0.6630636913063691
MRPS11,-0.7363089861447358,0.6944444444444444,0.9526327507514194
AEN,-1.6177234425230513,0.2777777777777778,0.7530160238642064
ISG20,1.9308240176552882,0.4444444444444444,0.8447628037832934
MFGE8,3.6278396955203283,0.05555555555555555,0.6630636913063691
ABHD2,0.10685061032721954,0.4444444444444444,0.8447628037832934
FANCI,2.773989804879828,0.1111111111111111,0.6630636913063691
POLG,0.4657280496655892,0.8333333333333334,0.9696444353796996
PEX11A,0.9925066510645952,0.5833333333333334,0.9145140606393699
ANPEP,1.636219760000491,0.3333333333333333,0.7714672075726842
AP3S2,-1.081565598763619,0.5833333333333334,0.9145140606393699
ARPIN,1.0314330973181316,0.6944444444444444,0.9526327507514194
ZNF710-AS1,-0.06547124309371366,1.0,1.0
IDH2,0.7907443689098637,0.2222222222222222,0.7242375194388904
SEMA4B,2.240448711395499,0.16666666666666666,0.6630636913063691
CIB1,0.009238523139405874,1.0,1.0
GDPGP1,2.5865161902583305,0.05555555555555555,0.6630636913063691
NGRN,-0.6643548880273951,0.5833333333333334,0.9145140606393699
IQGAP1,-0.15947284078612434,0.4444444444444444,0.8447628037832934
CRTC3,-0.24653782719401018,0.5,0.8663629460895975
HSPE1P3,0.8181413759688643,0.5833333333333334,0.9145140606393699
BLM,-0.9367225711831102,0.05555555555555555,0.6630636913063691
AC124248.1,0.9292844353490657,0.5,0.8663629460895975
FURIN,0.508350999429771,0.3055555555555556,0.7689432926530413
FES,0.7472188564677587,0.6944444444444444,0.9526327507514194
MAN2A2,0.9639642609288379,0.5277777777777778,0.8876686975890985
UNC45A,-0.9161093945808529,0.4444444444444444,0.8447628037832934
PRC1,0.7640232186766824,0.5277777777777778,0.8876686975890985
VPS33B,1.4585341339560285,0.2777777777777778,0.7530160238642064
SLCO3A1,0.6413726843109835,0.05555555555555555,0.6630636913063691
FAM174B,-0.8312730744877719,0.6111111111111112,0.9285893964279902
HMGN1P38,0.7367343785466075,0.6666666666666666,0.9393265826953157
AC091544.3,0.7189172963087412,0.5,0.8663629460895975
LINC01578,-0.6263248393923968,0.05555555555555555,0.6630636913063691
CHD2,-0.5993714607089959,0.1111111111111111,0.6630636913063691
LINC02207,2.2639716542066837,0.1388888888888889,0.6630636913063691
AC103996.2,2.8735693218716554,0.05555555555555555,0.6630636913063691
MCTP2,-0.4431512351677984,0.3333333333333333,0.7714672075726842
NR2F2,3.0461829315656686,0.05555555555555555,0.6630636913063691
ARRDC4,-1.4908958440292626,0.1111111111111111,0.6630636913063691
LRRC28,2.0347490361095173,0.1111111111111111,0.6630636913063691
HSP90B2P,0.09182934386371588,0.9444444444444444,1.0
MEF2A,1.4642353194139068,0.5833333333333334,0.9145140606393699
LINS1,-0.28789512953090535,0.9166666666666666,0.9920484365613835
ASB7,2.401706943039682,0.08333333333333333,0.6630636913063691
LRRK1,-1.3482611812363663,0.16666666666666666,0.6630636913063691
CHSY1,0.8898870669163079,0.19444444444444445,0.6998773221170698
SELENOS,0.3607027266514544,0.5277777777777778,0.8876686975890985
SNRPA1,1.2887140562360622,0.4722222222222222,0.8663629460895975
TM2D3,0.8780214344977599,0.7777777777777778,0.9616866541443916
TARSL2,-0.5961193663010182,0.3611111111111111,0.797730450683016
AC027559.1,0.6875898500885886,0.75,0.9526327507514194
POLR3K,-1.1278397851159179,0.2777777777777778,0.7530160238642064
SNRNP25,0.06857654305631344,0.9722222222222222,1.0
RHBDF1,1.5021182608592376,0.3333333333333333,0.7714672075726842
HBA2,0.35502813722021376,0.9166666666666666,0.9920484365613835
HBA1,-0.29230650828704485,1.0,1.0
Z69706.1,0.40396835850512447,0.75,0.9526327507514194
LUC7L,1.921990744218553,0.2777777777777778,0.7530160238642064
FAM234A,1.0275068730654495,0.5555555555555556,0.9063324119086202
RGS11,1.8035985780658192,0.3055555555555556,0.7689432926530413
AXIN1,2.2238823214030154,0.05555555555555555,0.6630636913063691
MRPL28,1.5110823463283074,0.5,0.8663629460895975
TMEM8A,0.3992111747086513,0.5,0.8663629460895975
NME4,3.228032799702457,0.1388888888888889,0.6630636913063691
RAB11FIP3,2.0261607567587268,0.19444444444444445,0.6998773221170698
CAPN15,1.7211050303971134,0.08333333333333333,0.6630636913063691
NHLRC4,0.26726619577064525,0.8333333333333334,0.9696444353796996
METTL26,1.8710808362848046,0.3055555555555556,0.7689432926530413
MCRIP2,2.223146734038751,0.16666666666666666,0.6630636913063691
RHOT2,2.061374879228622,0.3333333333333333,0.7714672075726842
FAM173A,1.2672296775193637,0.3611111111111111,0.797730450683016
NARFL,2.12230771839637,0.16666666666666666,0.6630636913063691
CHTF18,-0.27080227594508655,0.8333333333333334,0.9696444353796996
LMF1,0.8627568989290714,0.5,0.8663629460895975
CACNA1H,2.0558143682298224,0.4444444444444444,0.8447628037832934
TPSG1,1.0142813348166762,0.5833333333333334,0.9145140606393699
TPSB2,0.9887185133641996,0.25,0.7407166969618281
TPSAB1,0.6888436316387025,0.6666666666666666,0.9393265826953157
TPSD1,2.587954541015627,0.4166666666666667,0.8228048921195339
UBE2I,-0.2114589930414814,0.6666666666666666,0.9393265826953157
TSR3,0.2167453499837605,0.8333333333333334,0.9696444353796996
GNPTG,2.8923772762234288,0.05555555555555555,0.6630636913063691
UNKL,-0.21611463796564268,1.0,1.0
C16orf91,-0.3031755870049042,0.8055555555555556,0.9696444353796996
CLCN7,0.2167453499837605,0.8333333333333334,0.9696444353796996
TELO2,-0.3228539184699861,1.0,1.0
CRAMP1,-0.5570506926169179,0.19444444444444445,0.6998773221170698
JPT2,1.0851234365992855,0.7777777777777778,0.9616866541443916
MAPK8IP3,2.2987660025335317,0.16666666666666666,0.6630636913063691
NME3,0.676456739326674,0.6111111111111112,0.9285893964279902
MRPS34,3.805777943651416,0.05555555555555555,0.6630636913063691
NUBP2,1.1837397491964077,0.05555555555555555,0.6630636913063691
HAGH,1.2253820115830178,0.5,0.8663629460895975
FAHD1,0.5822595479953216,0.8333333333333334,0.9696444353796996
MSRB1,3.8376716096840253,0.05555555555555555,0.6630636913063691
NDUFB10,0.2988708222098282,0.7777777777777778,0.9616866541443916
RPS2,0.6079019811015041,0.2777777777777778,0.7530160238642064
SNHG9,0.32232813250430836,0.8333333333333334,0.9696444353796996
GFER,0.5844458375725132,0.6944444444444444,0.9526327507514194
TSC2,4.143183084950312,0.08333333333333333,0.6630636913063691
PKD1,1.080416093464676,0.4722222222222222,0.8663629460895975
TRAF7,2.8148417208659757,0.05555555555555555,0.6630636913063691
BRICD5,-0.22957108715316732,1.0,1.0
PGP,0.7229813893872996,0.2777777777777778,0.7530160238642064
E4F1,0.6503576528661514,0.75,0.9526327507514194
ECI1,1.3228064458153312,0.3333333333333333,0.7714672075726842
RNPS1,0.4316443675626793,0.6666666666666666,0.9393265826953157
CCNF,2.1888878388223754,0.16666666666666666,0.6630636913063691
TBC1D24,-0.8711410341542196,0.3611111111111111,0.797730450683016
AMDHD2,1.1061019882783762,0.4166666666666667,0.8228048921195339
PDPK1,1.4927576572271302,0.3611111111111111,0.797730450683016
AC141586.1,1.1886429956472093,0.4166666666666667,0.8228048921195339
ERVK13-1,2.3442490956678133,0.16666666666666666,0.6630636913063691
KCTD5,0.495738011801774,0.3333333333333333,0.7714672075726842
SRRM2,-0.12989822350438374,0.6388888888888888,0.9393265826953157
ELOB,1.899985549818747,0.5,0.8663629460895975
PRSS21,-1.2568319252867346,0.3888888888888889,0.8209476821872752
PRSS22,0.35937576992745557,1.0,1.0
FLYWCH2,2.3609312453180937,0.19444444444444445,0.6998773221170698
FLYWCH1,0.5054263322215222,0.75,0.9526327507514194
TNFRSF12A,3.854480546543762,0.05555555555555555,0.6630636913063691
HCFC1R1,1.2124458630904247,0.1388888888888889,0.6630636913063691
THOC6,0.1958890175607091,0.9444444444444444,1.0
MMP25,-1.2519252550673214,0.7222222222222222,0.9526327507514194
MMP25-AS1,-0.678095307554472,0.7222222222222222,0.9526327507514194
IL32,0.2692584541852172,1.0,1.0
AC108134.3,2.014495794208534,0.2222222222222222,0.7242375194388904
ZNF213-AS1,2.1105672767309342,0.16666666666666666,0.6630636913063691
ZNF213,2.676038970290557,0.16666666666666666,0.6630636913063691
ZNF200,2.1193608249677567,0.2222222222222222,0.7242375194388904
ZNF263,-1.2966455066610645,0.5833333333333334,0.9145140606393699
ZNF75A,2.202857415700503,0.25,0.7407166969618281
ZNF174,0.629575986669749,0.6111111111111112,0.9285893964279902
ZNF597,-0.3957794572137665,0.5,0.8663629460895975
NAA60,1.9353327187595428,0.05555555555555555,0.6630636913063691
CLUAP1,-1.7429591868361545,0.1111111111111111,0.6630636913063691
NLRC3,0.5761135602152585,0.8888888888888888,0.9842040002156449
DNASE1,1.3973318191937638,0.3333333333333333,0.7714672075726842
TRAP1,0.9309626723759298,0.4166666666666667,0.8228048921195339
CREBBP,-0.4680290608868445,0.1388888888888889,0.6630636913063691
ADCY9,1.3856225197459984,0.2222222222222222,0.7242375194388904
TFAP4,2.5011991566788905,0.16666666666666666,0.6630636913063691
CORO7,0.6424330533341811,0.8333333333333334,0.9696444353796996
DNAJA3,1.4904591497525286,0.19444444444444445,0.6998773221170698
NMRAL1,1.258657098339127,0.3333333333333333,0.7714672075726842
HMOX2,-0.01942688577495666,0.9166666666666666,0.9920484365613835
CDIP1,2.6510048717099166,0.05555555555555555,0.6630636913063691
SUB1P3,-0.7196290690416731,0.19444444444444445,0.6998773221170698
UBALD1,0.021414768245177296,1.0,1.0
MGRN1,2.8308490374817588,0.19444444444444445,0.6998773221170698
NUDT16L1,-0.8672905218020865,0.4166666666666667,0.8228048921195339
ZNF500,0.5247460473385333,0.6666666666666666,0.9393265826953157
ROGDI,2.3304858642296944,0.16666666666666666,0.6630636913063691
GLYR1,0.24154424434560262,0.6944444444444444,0.9526327507514194
UBN1,2.1511907867708984,0.1111111111111111,0.6630636913063691
NAGPA,1.9011223797538261,0.16666666666666666,0.6630636913063691
METTL22,0.9337948847269028,0.5,0.8663629460895975
ABAT,1.1551024855160623,0.5,0.8663629460895975
PMM2,0.9016994468042117,0.6388888888888888,0.9393265826953157
CARHSP1,-0.25337545303770703,0.4166666666666667,0.8228048921195339
USP7,-0.3621729864112426,0.5,0.8663629460895975
C16orf72,0.1580464313362997,0.8333333333333334,0.9696444353796996
CLEC16A,-0.5266369193232103,0.5,0.8663629460895975
RMI2,2.178127042917323,0.19444444444444445,0.6998773221170698
SOCS1,2.6585296276817374,0.2222222222222222,0.7242375194388904
LITAF,-1.2286221091443323,0.05555555555555555,0.6630636913063691
SNN,0.31558992004855835,0.9166666666666666,0.9920484365613835
TXNDC11,1.674514107464773,0.3888888888888889,0.8209476821872752
ZC3H7A,0.34645417216458263,0.5,0.8663629460895975
RSL1D1,0.4896774304658127,0.3055555555555556,0.7689432926530413
GSPT1,1.0707084015230226,0.05555555555555555,0.6630636913063691
SNX29,0.44557522625563895,0.3333333333333333,0.7714672075726842
CPPED1,-0.7562371084327211,0.1111111111111111,0.6630636913063691
AC109597.2,-0.11066613765252598,1.0,1.0
AC092324.1,1.9507616179529506,0.05555555555555555,0.6630636913063691
ERCC4,-1.6805279188618987,0.3055555555555556,0.7689432926530413
MKL2,0.7062729091261751,0.5833333333333334,0.9145140606393699
PARN,-0.12920792377117252,0.7222222222222222,0.9526327507514194
BFAR,-0.1777377294999649,0.75,0.9526327507514194
NOMO1,2.4435833230607913,0.05555555555555555,0.6630636913063691
NPIPA1,0.5125258887194031,0.7777777777777778,0.9616866541443916
PDXDC1,-0.058347618705886894,0.8888888888888888,0.9842040002156449
RRN3,0.2301226585306324,0.75,0.9526327507514194
NPIPP1,0.231917987433774,0.6666666666666666,0.9393265826953157
PKD1P6,0.6800307621547357,0.6111111111111112,0.9285893964279902
NPIPA5,-0.1678365536867621,0.8333333333333334,0.9696444353796996
MPV17L,2.266206507844729,0.19444444444444445,0.6998773221170698
C16orf45,0.8617245585165028,0.5833333333333334,0.9145140606393699
MARF1,-0.0491970373109778,0.8333333333333334,0.9696444353796996
NDE1,1.278914371762303,0.2777777777777778,0.7530160238642064
AC026401.3,2.861456955073151,0.05555555555555555,0.6630636913063691
FOPNL,-0.25615447573811156,0.6944444444444444,0.9526327507514194
ABCC1,0.141690541956228,0.5555555555555556,0.9063324119086202
XYLT1,1.5868896013544203,0.3333333333333333,0.7714672075726842
RPS15A,0.06253917302385759,0.8888888888888888,0.9842040002156449
ARL6IP1,0.2753212108177454,0.6388888888888888,0.9393265826953157
SMG1,0.5756191687093262,0.3333333333333333,0.7714672075726842
AC092287.1,-0.8020507433377855,0.7222222222222222,0.9526327507514194
COQ7,2.011957430879151,0.16666666666666666,0.6630636913063691
ITPRIPL2,0.2999881426655113,0.7777777777777778,0.9616866541443916
GDE1,0.07064628788616201,0.9444444444444444,1.0
CCP110,-1.5853994910724971,0.19444444444444445,0.6998773221170698
C16orf62,-0.09486660086232845,0.75,0.9526327507514194
ACSM3,0.5119037485458647,0.75,0.9526327507514194
THUMPD1,-0.24741065547243313,0.5833333333333334,0.9145140606393699
ERI2,-1.2723993928500874,0.4166666666666667,0.8228048921195339
REXO5,0.1889706220468459,0.8333333333333334,0.9696444353796996
DCUN1D3,1.021482263291027,0.5555555555555556,0.9063324119086202
LYRM1,0.18029455934623506,0.8888888888888888,0.9842040002156449
TMEM159,0.0039550629367548495,0.9722222222222222,1.0
METTL9,0.5106922360632176,0.19444444444444445,0.6998773221170698
IGSF6,-1.1043840928997832,0.7222222222222222,0.9526327507514194
RRN3P1,-2.306711718058098,0.05555555555555555,0.6630636913063691
UQCRC2,0.4453710788899974,0.6388888888888888,0.9393265826953157
C16orf52,0.614022962163356,0.6944444444444444,0.9526327507514194
EEF2K,2.3863870763931145,0.08333333333333333,0.6630636913063691
POLR3E,0.7413679713926,0.7777777777777778,0.9616866541443916
CDR2,-0.010140200666782562,1.0,1.0
RRN3P3,1.5574333771595663,0.4166666666666667,0.8228048921195339
USP31,1.1921138372815894,0.3333333333333333,0.7714672075726842
GGA2,-0.8569540147446011,0.4444444444444444,0.8447628037832934
EARS2,2.8661968881123654,0.05555555555555555,0.6630636913063691
UBFD1,1.2219490324400986,0.6111111111111112,0.9285893964279902
NDUFAB1,-0.27304628060763037,0.6666666666666666,0.9393265826953157
PALB2,1.8216072991769598,0.25,0.7407166969618281
DCTN5,2.3240163169567993,0.1388888888888889,0.6630636913063691
PRKCB,-0.13661027857506625,0.6388888888888888,0.9393265826953157
RBBP6,-0.9766139810854737,0.16666666666666666,0.6630636913063691
TNRC6A,0.39337673655212146,0.1111111111111111,0.6630636913063691
ARHGAP17,-0.6281814153885694,0.5,0.8663629460895975
LCMT1,1.2296705581759082,0.25,0.7407166969618281
AQP8,-0.6100788649820454,0.7222222222222222,0.9526327507514194
HMGN2P3,2.147468426621317,0.16666666666666666,0.6630636913063691
NSMCE1,1.0859375137803386,0.05555555555555555,0.6630636913063691
FLJ21408,-0.4210088399224876,0.5277777777777778,0.8876686975890985
AC106739.1,2.077594149814502,0.16666666666666666,0.6630636913063691
IL4R,0.0924878173082373,0.8888888888888888,0.9842040002156449
GTF3C1,1.1205406458318774,0.5833333333333334,0.9145140606393699
KIAA0556,1.9615341060053062,0.19444444444444445,0.6998773221170698
XPO6,0.009233628773411162,1.0,1.0
GAPDHP35,-0.88117926297437,0.7222222222222222,0.9526327507514194
APOBR,2.0994208211104186,0.1111111111111111,0.6630636913063691
SGF29,0.41512674419343054,1.0,1.0
SULT1A2,-1.1926464936400154,0.4166666666666667,0.8228048921195339
SULT1A1,1.7879127443453968,0.4722222222222222,0.8663629460895975
ATXN2L,1.7511149794447156,0.5,0.8663629460895975
TUFM,0.16190068137390945,0.6944444444444444,0.9526327507514194
SH2B1,2.2048742587020764,0.16666666666666666,0.6630636913063691
NFATC2IP,1.787905829323401,0.3333333333333333,0.7714672075726842
AC109460.2,0.3547334752763903,0.8333333333333334,0.9696444353796996
RRN3P2,-0.6759613716494273,0.6111111111111112,0.9285893964279902
NPIPB11,2.0247325214872514,0.16666666666666666,0.6630636913063691
SMG1P2,0.03992092944594372,1.0,1.0
SPN,0.14378000642071598,0.5833333333333334,0.9145140606393699
QPRT,-0.2771505598726032,0.75,0.9526327507514194
C16orf54,-0.0770211352674508,0.9444444444444444,1.0
KIF22,3.08784429372922,0.16666666666666666,0.6630636913063691
MVP,2.2283364619502493,0.25,0.7407166969618281
CDIPT,0.258775474151677,0.5,0.8663629460895975
KCTD13,0.8903700528855216,0.1111111111111111,0.6630636913063691
TMEM219,-0.07044913094902494,0.9166666666666666,0.9920484365613835
TAOK2,1.176675359625611,0.6388888888888888,0.9393265826953157
HIRIP3,1.502482463430732,0.2777777777777778,0.7530160238642064
ALDOA,0.4007831704956306,0.5555555555555556,0.9063324119086202
PPP4C,-0.43629724149053395,0.4722222222222222,0.8663629460895975
TBX6,-1.375787902073963,0.3333333333333333,0.7714672075726842
YPEL3,-0.29493454935848096,0.5555555555555556,0.9063324119086202
MAPK3,3.2141487523610697,0.08333333333333333,0.6630636913063691
CORO1A,2.0462774971375666,0.25,0.7407166969618281
CD2BP2,1.9831548327362758,0.2222222222222222,0.7242375194388904
TBC1D10B,-0.45252159960427996,0.4444444444444444,0.8447628037832934
MYLPF,2.5019485946629842,0.16666666666666666,0.6630636913063691
ZNF48,1.3350743250731516,0.6111111111111112,0.9285893964279902
SEPT1,0.13030919839006883,0.9166666666666666,0.9920484365613835
DCTPP1,1.2180676751146584,0.5555555555555556,0.9063324119086202
SEPHS2,0.501987695110965,0.3611111111111111,0.797730450683016
ITGAL,1.5833749259936383,0.4722222222222222,0.8663629460895975
ZNF768,-0.3413300507386863,0.5,0.8663629460895975
ZNF747,2.9370320007735584,0.05555555555555555,0.6630636913063691
ZNF764,0.5164242682636817,0.7777777777777778,0.9616866541443916
ZNF688,2.3456496624358363,0.05555555555555555,0.6630636913063691
ZNF785,0.8061031889833519,0.6666666666666666,0.9393265826953157
ZNF689,0.3660717043204609,0.7777777777777778,0.9616866541443916
PRR14,2.3821900846505146,0.19444444444444445,0.6998773221170698
FBRS,1.6865119466000507,0.5555555555555556,0.9063324119086202
SRCAP,1.7618693651790558,0.16666666666666666,0.6630636913063691
PHKG2,-0.1902391466912814,0.8055555555555556,0.9696444353796996
ZNF629,1.7597051915186586,0.25,0.7407166969618281
BCL7C,0.1001720384791942,0.9444444444444444,1.0
ORAI3,-0.35670682533353126,0.6111111111111112,0.9285893964279902
SETD1A,1.2765157330189312,0.3333333333333333,0.7714672075726842
HSD3B7,3.742285711701114,0.05555555555555555,0.6630636913063691
STX4,1.5872158006664976,0.4722222222222222,0.8663629460895975
ZNF646,2.5353462696660363,0.05555555555555555,0.6630636913063691
VKORC1,4.022588956840862,0.05555555555555555,0.6630636913063691
BCKDK,3.0289303853317446,0.1111111111111111,0.6630636913063691
KAT8,0.6644013334393382,0.8611111111111112,0.9842040002156449
AC135050.6,4.493740374215378,0.05555555555555555,0.6630636913063691
FUS,0.5425190415866137,0.4722222222222222,0.8663629460895975
PYCARD,0.6809682275173721,0.4166666666666667,0.8228048921195339
ITGAM,0.09795466646515738,0.8888888888888888,0.9842040002156449
ITGAX,0.2111378271548423,0.5555555555555556,0.9063324119086202
ARMC5,0.5280479309269461,0.4444444444444444,0.8447628037832934
TGFB1I1,-0.5489350267756801,0.6666666666666666,0.9393265826953157
AC106730.1,-1.1256361905588221,0.7222222222222222,0.9526327507514194
CLUHP3,-1.4173935642561721,0.3888888888888889,0.8209476821872752
ZNF720,1.0036138513937924,0.75,0.9526327507514194
ZNF267,-0.49031873401224946,0.5277777777777778,0.8876686975890985
BCLAF1P2,1.1091466789960536,0.6388888888888888,0.9393265826953157
VPS35,0.7765203244728553,0.3888888888888889,0.8209476821872752
ORC6,2.015058611822208,0.05555555555555555,0.6630636913063691
C16orf87,0.2733392195404014,0.8611111111111112,0.9842040002156449
DNAJA2,1.8252823494709873,0.2222222222222222,0.7242375194388904
ITFG1,0.9469004141684816,0.1111111111111111,0.6630636913063691
PHKB,-0.4267923782396368,0.6666666666666666,0.9393265826953157
NDUFA5P11,1.918095294740337,0.25,0.7407166969618281
LONP2,-0.3523467469744741,0.4166666666666667,0.8228048921195339
SIAH1,-0.35383540896743293,0.8611111111111112,0.9842040002156449
N4BP1,-0.8014201783560271,0.1111111111111111,0.6630636913063691
CNEP1R1,0.42665532687779084,0.8055555555555556,0.9696444353796996
HEATR3,3.5617336457920574,0.05555555555555555,0.6630636913063691
PAPD5,-0.51827054037597,0.1388888888888889,0.6630636913063691
ADCY7,1.5143808741752696,0.25,0.7407166969618281
BRD7,-0.5545227104294508,0.4444444444444444,0.8447628037832934
NKD1,1.80766449988284,0.3333333333333333,0.7714672075726842
SNX20,0.802830087161932,0.4444444444444444,0.8447628037832934
NOD2,-0.5699743649571849,0.8888888888888888,0.9842040002156449
CYLD,-0.0723764523508601,0.6388888888888888,0.9393265826953157
HNRNPA1P48,-0.3143488249302342,0.6111111111111112,0.9285893964279902
AC026462.1,2.273050942005274,0.19444444444444445,0.6998773221170698
CHD9,-0.6026988358973284,0.19444444444444445,0.6998773221170698
RBL2,0.4764278159852484,0.19444444444444445,0.6998773221170698
AKTIP,0.06773831338965541,1.0,1.0
RPGRIP1L,2.4350337761965735,0.16666666666666666,0.6630636913063691
FTO,1.8224702797261636,0.2222222222222222,0.7242375194388904
CRNDE,2.0247325214872514,0.16666666666666666,0.6630636913063691
MMP2,0.941743072309432,0.75,0.9526327507514194
LPCAT2,0.024160257277603847,0.9166666666666666,0.9920484365613835
AMFR,0.2301813390966565,0.5833333333333334,0.9145140606393699
NUDT21,-0.32759850536443835,0.4722222222222222,0.8663629460895975
OGFOD1,-0.2500742996959966,0.8333333333333334,0.9696444353796996
BBS2,-1.3070940423229387,0.1111111111111111,0.6630636913063691
MT2A,3.9740134060673777,0.05555555555555555,0.6630636913063691
MT1F,2.2239099695912654,0.08333333333333333,0.6630636913063691
MT1X,-0.3623766760240037,0.8055555555555556,0.9696444353796996
NUP93,0.8283952368953007,0.5833333333333334,0.9145140606393699
RPS24P17,-1.3958852529558299,0.4166666666666667,0.8228048921195339
HERPUD1,0.14090609732609405,0.8333333333333334,0.9696444353796996
NLRC5,-0.07016068440216516,1.0,1.0
CPNE2,1.002602505795119,0.6666666666666666,0.9393265826953157
FAM192A,0.024650401833240743,0.9722222222222222,1.0
RSPRY1,0.034865710442872455,0.9444444444444444,1.0
PLLP,0.9949171944857524,0.5,0.8663629460895975
CIAPIN1,1.394374486100205,0.25,0.7407166969618281
POLR2C,0.2353263511974748,0.8888888888888888,0.9842040002156449
KATNB1,2.4078809141243664,0.05555555555555555,0.6630636913063691
KIFC3,2.6538203239416887,0.1388888888888889,0.6630636913063691
ZNF319,2.0200273292544675,0.16666666666666666,0.6630636913063691
USB1,0.10366607506152148,1.0,1.0
CFAP20,-0.6273263349061002,0.3055555555555556,0.7689432926530413
CSNK2A2,-0.10050213174100886,0.6388888888888888,0.9393265826953157
SETD6,2.1105672767309342,0.16666666666666666,0.6630636913063691
CNOT1,-0.5190191518461607,0.4166666666666667,0.8228048921195339
SLC38A7,1.7446866382775483,0.3333333333333333,0.7714672075726842
GOT2,1.4215486280018275,0.4722222222222222,0.8663629460895975
RPS27AP16,-0.49525229887011335,0.2222222222222222,0.7242375194388904
CDH11,0.3426544877393384,0.75,0.9526327507514194
CDH5,1.8832249892341917,0.16666666666666666,0.6630636913063691
TK2,2.3144609654008885,0.2777777777777778,0.7530160238642064
CMTM2,-1.003092309580161,0.5,0.8663629460895975
CMTM3,0.4310207810717257,0.3888888888888889,0.8209476821872752
DYNC1LI2,1.8828285215344676,0.25,0.7407166969618281
NAE1,0.19481531099884197,0.7222222222222222,0.9526327507514194
PDP2,0.5258030696347347,0.8333333333333334,0.9696444353796996
RRAD,3.1774861858201437,0.1111111111111111,0.6630636913063691
FAM96B,0.5576489571887562,0.25,0.7407166969618281
CES2,3.709451817408841,0.05555555555555555,0.6630636913063691
CBFB,0.017523314638548726,0.9444444444444444,1.0
C16orf70,-1.1078909601273088,0.4166666666666667,0.8228048921195339
B3GNT9,0.1629930224625301,1.0,1.0
TRADD,1.1092200447327518,0.5,0.8663629460895975
NOL3,2.666710359695148,0.05555555555555555,0.6630636913063691
E2F4,3.490562993350518,0.05555555555555555,0.6630636913063691
TMEM208,0.03708939723347182,0.9166666666666666,0.9920484365613835
FHOD1,-0.3677239521837823,0.5277777777777778,0.8876686975890985
AC040160.1,1.2456958977077472,0.4166666666666667,0.8228048921195339
PLEKHG4,1.4530205247979997,0.19444444444444445,0.6998773221170698
ATP6V0D1,-0.09278877325236401,0.75,0.9526327507514194
RIPOR1,0.5329933708602614,0.7777777777777778,0.9616866541443916
CTCF,0.23814994736251816,0.8888888888888888,0.9842040002156449
CARMIL2,1.8023269522884413,0.16666666666666666,0.6630636913063691
ACD,1.9006911452972726,0.16666666666666666,0.6630636913063691
ENKD1,0.7285188174308996,0.5833333333333334,0.9145140606393699
GFOD2,2.1303092833009285,0.1111111111111111,0.6630636913063691
RANBP10,1.2326795516209432,0.3888888888888889,0.8209476821872752
CENPT,1.4888861421543629,0.3888888888888889,0.8209476821872752
THAP11,-0.7702070756453541,0.3333333333333333,0.7714672075726842
NUTF2,0.8709470832637791,0.08333333333333333,0.6630636913063691
PSKH1,0.807858210930823,0.6388888888888888,0.9393265826953157
DUS2,2.0655405587596416,0.16666666666666666,0.6630636913063691
NFATC3,-0.19077720080693572,0.8888888888888888,0.9842040002156449
PLA2G15,0.6868631584343254,0.6944444444444444,0.9526327507514194
SLC7A6,2.6505089528076837,0.08333333333333333,0.6630636913063691
ZFP90,0.3599038745750702,0.7777777777777778,0.9616866541443916
TANGO6,-0.8739278053539108,0.1111111111111111,0.6630636913063691
CHTF8,0.4670466348772626,0.2222222222222222,0.7242375194388904
UTP4,2.6909239900258553,0.05555555555555555,0.6630636913063691
SNTB2,-1.3220419965376147,0.2777777777777778,0.7530160238642064
VPS4A,-0.01913754695622849,0.9444444444444444,1.0
COG8,0.73963959889304,0.6666666666666666,0.9393265826953157
NIP7,0.9571660086951268,0.5833333333333334,0.9145140606393699
TERF2,1.408127329453793,0.6388888888888888,0.9393265826953157
CYB5B,0.7088720133867383,0.05555555555555555,0.6630636913063691
NFAT5,-0.34440083762067264,0.3055555555555556,0.7689432926530413
NQO1,0.8376369991552871,0.5,0.8663629460895975
NOB1,1.7719754071501324,0.3055555555555556,0.7689432926530413
AC092115.1,-1.6329455300108546,0.3888888888888889,0.8209476821872752
WWP2,0.29495494146691126,0.5,0.8663629460895975
PDPR,0.7965058158000606,0.19444444444444445,0.6998773221170698
EXOSC6,0.40216874352956555,0.3611111111111111,0.797730450683016
AARS,3.217227193470594,0.05555555555555555,0.6630636913063691
DDX19B,0.39532677562361274,0.8055555555555556,0.9696444353796996
DDX19A,1.3763834013202758,0.2777777777777778,0.7530160238642064
ST3GAL2,0.24104909554030485,0.6944444444444444,0.9526327507514194
COG4,0.9079605477611179,0.4444444444444444,0.8447628037832934
SF3B3,0.7279226532561287,0.1388888888888889,0.6630636913063691
VAC14,-0.0451998376204541,1.0,1.0
CMTR2,-0.870273835116353,0.19444444444444445,0.6998773221170698
CALB2,0.24539417274094966,0.6666666666666666,0.9393265826953157
PHLPP2,0.6212117321087911,0.6666666666666666,0.9393265826953157
AP1G1,1.0812362613395097,0.1111111111111111,0.6630636913063691
ATXN1L,1.6345194838538002,0.3055555555555556,0.7689432926530413
IST1,-1.293153473184141,0.05555555555555555,0.6630636913063691
ATP5A1P3,-0.07982014796288639,1.0,1.0
TXNL4B,-0.4575248341747371,0.8888888888888888,0.9842040002156449
DHX38,0.6391621821441849,0.6111111111111112,0.9285893964279902
ZFHX3,0.06502049610535376,0.9722222222222222,1.0
PSMD7,-0.24416144984019272,0.6666666666666666,0.9393265826953157
GLG1,0.23486779425237936,0.8055555555555556,0.9696444353796996
RFWD3,-0.014996562001252656,1.0,1.0
MLKL,2.9620345266895898,0.1388888888888889,0.6630636913063691
WDR59,1.4169202353042416,0.3333333333333333,0.7714672075726842
ZNRF1,-0.7182012149510593,0.05555555555555555,0.6630636913063691
ZFP1,0.084285704409377,0.9444444444444444,1.0
BCAR1,1.0689577950438802,0.5,0.8663629460895975
CFDP1,3.615931882843066,0.1111111111111111,0.6630636913063691
TMEM170A,0.20986425023235533,0.75,0.9526327507514194
GABARAPL2,-0.7105026977664632,0.16666666666666666,0.6630636913063691
ADAT1,2.226191686974948,0.2222222222222222,0.7242375194388904
KARS,2.4297888067931663,0.05555555555555555,0.6630636913063691
TERF2IP,0.16519750482752027,0.6388888888888888,0.9393265826953157
MON1B,-0.9511971692605039,0.2777777777777778,0.7530160238642064
WWOX,2.1321441186931143,0.1111111111111111,0.6630636913063691
MAF,-1.4718749697319327,0.08333333333333333,0.6630636913063691
CDYL2,2.724447755902599,0.16666666666666666,0.6630636913063691
CMC2,0.2091918197742233,0.6944444444444444,0.9526327507514194
AC092718.4,1.0597040224824803,0.3333333333333333,0.7714672075726842
ATMIN,1.5132815627190235,0.4166666666666667,0.8228048921195339
GAN,3.169780409760226,0.05555555555555555,0.6630636913063691
CMIP,0.0916200152669342,0.75,0.9526327507514194
AC099524.1,-0.26109189774523234,0.6666666666666666,0.9393265826953157
PLCG2,-0.4476044197944473,0.3888888888888889,0.8209476821872752
MPHOSPH6,2.4336915622997477,0.25,0.7407166969618281
HSBP1,-0.2026880087791536,0.8888888888888888,0.9842040002156449
MLYCD,2.1281395703564843,0.05555555555555555,0.6630636913063691
MBTPS1,-0.2653053286787612,0.5555555555555556,0.9063324119086202
HSDL1,-0.7759748103397301,0.3611111111111111,0.797730450683016
TAF1C,-1.0504383479376287,0.6944444444444444,0.9526327507514194
TLDC1,1.0389417727681007,0.5,0.8663629460895975
COTL1,0.3394922551786532,0.3333333333333333,0.7714672075726842
KLHL36,-0.36459816523093114,0.5555555555555556,0.9063324119086202
USP10,0.5585049970579066,0.5555555555555556,0.9063324119086202
CRISPLD2,2.087787862442574,0.16666666666666666,0.6630636913063691
ZDHHC7,1.9000738240538215,0.25,0.7407166969618281
KIAA0513,-2.5176508847913692,0.08333333333333333,0.6630636913063691
GSE1,-0.5403257205602205,0.3333333333333333,0.7714672075726842
EMC8,2.8043873714041716,0.16666666666666666,0.6630636913063691
COX4I1,0.5619606396753145,0.6388888888888888,0.9393265826953157
IRF8,-0.8623210179333967,0.8888888888888888,0.9842040002156449
MTHFSD,-2.2505939630539635,0.16666666666666666,0.6630636913063691
MAP1LC3B,-0.409864097810698,0.4722222222222222,0.8663629460895975
ZCCHC14,-1.2125098425574619,0.1111111111111111,0.6630636913063691
KLHDC4,2.4986575715096344,0.1111111111111111,0.6630636913063691
SLC7A5,2.68177522867752,0.16666666666666666,0.6630636913063691
BANP,0.2552168419541623,0.9444444444444444,1.0
ZC3H18,0.709688667144257,0.4166666666666667,0.8228048921195339
CYBA,2.5531053759881557,0.25,0.7407166969618281
MVD,0.6253171331882356,0.8333333333333334,0.9696444353796996
RNF166,-1.2525466133506735,0.4722222222222222,0.8663629460895975
APRT,-0.3554747195760708,0.4166666666666667,0.8228048921195339
GALNS,3.2074426734250183,0.08333333333333333,0.6630636913063691
TRAPPC2L,0.8158135744649466,0.6666666666666666,0.9393265826953157
CBFA2T3,-0.38152715833332795,0.6666666666666666,0.9393265826953157
ACSF3,1.7984028808225863,0.1388888888888889,0.6630636913063691
ZNF778,0.8027975808992414,0.5833333333333334,0.9145140606393699
ANKRD11,-0.8993303980942651,0.05555555555555555,0.6630636913063691
SPG7,0.7573645377956484,0.8888888888888888,0.9842040002156449
RPL13,-0.11986189538642478,0.8333333333333334,0.9696444353796996
CHMP1A,1.056357836233142,0.75,0.9526327507514194
CDK10,1.050506622588682,0.5,0.8663629460895975
VPS9D1,0.9677352419623739,0.5833333333333334,0.9145140606393699
ZNF276,0.9334901894329832,0.5,0.8663629460895975
FANCA,-1.3530180260364233,0.7222222222222222,0.9526327507514194
TCF25,0.02080639177465482,0.9444444444444444,1.0
MC1R,-0.8157709240514984,0.7222222222222222,0.9526327507514194
DEF8,-0.46895831160762835,0.3888888888888889,0.8209476821872752
AFG3L1P,2.359549976412763,0.16666666666666666,0.6630636913063691
RFLNB,2.122012083615158,0.25,0.7407166969618281
VPS53,0.0716137632507019,0.8611111111111112,0.9842040002156449
FAM57A,1.6074705030563439,0.2777777777777778,0.7530160238642064
GLOD4,-0.9875220329606691,0.08333333333333333,0.6630636913063691
MRM3,-3.063158996909765,0.1111111111111111,0.6630636913063691
TIMM22,0.08267723159589924,1.0,1.0
ABR,2.1264463402501526,0.19444444444444445,0.6998773221170698
YWHAE,0.3185525745444391,0.05555555555555555,0.6630636913063691
CRK,-0.2912378860081315,0.7222222222222222,0.9526327507514194
MYO1C,1.0788696143324104,0.6666666666666666,0.9393265826953157
INPP5K,2.519264759469523,0.1111111111111111,0.6630636913063691
PITPNA,0.3908135280474294,0.4444444444444444,0.8447628037832934
SLC43A2,0.8821555485405925,0.6111111111111112,0.9285893964279902
SCARF1,1.1646070669321416,0.5555555555555556,0.9063324119086202
RILP,1.9395351442269189,0.25,0.7407166969618281
PRPF8,0.48362464464596755,0.5833333333333334,0.9145140606393699
TLCD2,0.7381296509694396,0.8333333333333334,0.9696444353796996
MIR22HG,1.380829625991582,0.4444444444444444,0.8447628037832934
SERPINF1,-1.0650933594545302,0.25,0.7407166969618281
SMYD4,-1.3430260012243993,0.08333333333333333,0.6630636913063691
RPA1,0.1747186683858848,0.8611111111111112,0.9842040002156449
HIC1,1.8857863901717584,0.3333333333333333,0.7714672075726842
TSR1,2.1639158256755806,0.1111111111111111,0.6630636913063691
SGSM2,0.39261774113874415,0.5,0.8663629460895975
MNT,2.421788997801173,0.08333333333333333,0.6630636913063691
METTL16,-0.39557685345035765,0.4166666666666667,0.8228048921195339
PAFAH1B1,-0.05010750780042894,0.8888888888888888,0.9842040002156449
CLUH,2.077594149814502,0.16666666666666666,0.6630636913063691
RAP1GAP2,-1.2779691135826106,0.08333333333333333,0.6630636913063691
TRPV1,-1.3183154065340357,0.4166666666666667,0.8228048921195339
CTNS,2.9852062438938933,0.1111111111111111,0.6630636913063691
TAX1BP3,1.4341259639092194,0.3055555555555556,0.7689432926530413
P2RX5,1.3591448550102663,0.3333333333333333,0.7714672075726842
ITGAE,1.7076198385520942,0.3611111111111111,0.797730450683016
NCBP3,0.06612406386839265,0.8888888888888888,0.9842040002156449
CAMKK1,-1.745883361004449,0.2777777777777778,0.7530160238642064
P2RX1,1.6053586455815232,0.08333333333333333,0.6630636913063691
ATP2A3,0.3460547312566211,0.4444444444444444,0.8447628037832934
ZZEF1,0.3033781300427809,0.7222222222222222,0.9526327507514194
CYB5D2,2.3283327219031595,0.05555555555555555,0.6630636913063691
ANKFY1,0.08408943968028515,0.9444444444444444,1.0
UBE2G1,-0.1586604303720609,0.6944444444444444,0.9526327507514194
MYBBP1A,0.37541219106397805,0.8333333333333334,0.9696444353796996
TXNP4,-0.77138305790921,0.6388888888888888,0.9393265826953157
ALOX15,0.13559275696383244,0.8333333333333334,0.9696444353796996
PELP1,0.6650229058233301,0.6944444444444444,0.9526327507514194
ARRB2,0.10828771535754811,0.75,0.9526327507514194
MED11,1.114026903631998,0.3888888888888889,0.8209476821872752
CXCL16,-0.9285682041139323,0.2222222222222222,0.7242375194388904
ZMYND15,-1.9761989051342819,0.2777777777777778,0.7530160238642064
PSMB6,0.14048737647013354,0.8055555555555556,0.9696444353796996
PLD2,2.6131192982960902,0.16666666666666666,0.6630636913063691
MINK1,-2.0654721014669652,0.2777777777777778,0.7530160238642064
CHRNE,1.7628841994154778,0.3333333333333333,0.7714672075726842
C17orf107,0.6779634086501095,0.7222222222222222,0.9526327507514194
SLC25A11,-0.26851240298333146,0.4722222222222222,0.8663629460895975
RNF167,0.05822924371063465,1.0,1.0
PFN1,0.7162474970398733,0.08333333333333333,0.6630636913063691
ENO3,2.249305650410456,0.2222222222222222,0.7242375194388904
SPAG7,-0.022432173113318576,0.9166666666666666,0.9920484365613835
CAMTA2,2.5123504656478604,0.16666666666666666,0.6630636913063691
KIF1C,1.619518403278526,0.3611111111111111,0.797730450683016
ZFP3,-0.37250908563655605,0.8333333333333334,0.9696444353796996
ZNF232,-0.4575248341747371,0.8888888888888888,0.9842040002156449
AC012146.1,0.8753176395487532,0.6111111111111112,0.9285893964279902
RABEP1,-0.4945604507945598,0.4444444444444444,0.8447628037832934
NUP88,1.5491602940342477,0.3055555555555556,0.7689432926530413
RPAIN,-1.5625112847316736,0.25,0.7407166969618281
C1QBP,-1.3138245165484976,0.08333333333333333,0.6630636913063691
DHX33,-1.183417611570138,0.16666666666666666,0.6630636913063691
DERL2,0.4333665242471283,0.8611111111111112,0.9842040002156449
MIS12,-0.34392018434685045,0.75,0.9526327507514194
NLRP1,0.746335410605873,0.6388888888888888,0.9393265826953157
WSCD1,0.46606415416705693,0.8333333333333334,0.9696444353796996
BTF3P14,-0.6355037845400417,0.7222222222222222,0.9526327507514194
PIMREG,2.078677087338124,0.16666666666666666,0.6630636913063691
KIAA0753,1.7801079587697672,0.2777777777777778,0.7530160238642064
TXNDC17,0.9022950178154385,0.16666666666666666,0.6630636913063691
MED31,1.499953546157087,0.2777777777777778,0.7530160238642064
XAF1,-2.099226582631109,0.1388888888888889,0.6630636913063691
AC040977.1,0.5142199653799961,0.75,0.9526327507514194
RNASEK,0.6287025887670059,0.6666666666666666,0.9393265826953157
SLC16A13,-0.39138974035723173,0.8888888888888888,0.9842040002156449
DLG4,1.6452474071783147,0.4166666666666667,0.8228048921195339
ACADVL,1.0747430396664237,0.08333333333333333,0.6630636913063691
DVL2,1.0667269927853447,0.6111111111111112,0.9285893964279902
PHF23,0.3191250295522008,0.9166666666666666,0.9920484365613835
CTDNEP1,1.7491762462897413,0.3333333333333333,0.7714672075726842
ELP5,-0.2136903318776846,0.8888888888888888,0.9842040002156449
EIF5A,0.5495290090241509,0.1388888888888889,0.6630636913063691
ACAP1,1.867169590045887,0.25,0.7407166969618281
TMEM256,0.21043963176723768,0.5833333333333334,0.9145140606393699
NLGN2,1.8364739872222549,0.05555555555555555,0.6630636913063691
CHRNB1,2.342183379836598,0.1388888888888889,0.6630636913063691
ZBTB4,-0.4009887134235113,0.1388888888888889,0.6630636913063691
POLR2A,-0.46610498973291126,0.2222222222222222,0.7242375194388904
TNFSF12,0.7464165034067491,0.2222222222222222,0.7242375194388904
SENP3,-1.5172984752567196,0.16666666666666666,0.6630636913063691
EIF4A1,2.141544472029716,0.16666666666666666,0.6630636913063691
MPDU1,2.302713123805035,0.1388888888888889,0.6630636913063691
FXR2,0.6812201822827966,0.5277777777777778,0.8876686975890985
SAT2,-0.24236516539640807,0.5555555555555556,0.9063324119086202
TP53,3.196704921309166,0.05555555555555555,0.6630636913063691
WRAP53,-0.25907169245288886,1.0,1.0
KDM6B,2.8847529292578704,0.3888888888888889,0.8209476821872752
TMEM88,0.575683732434539,0.8333333333333334,0.9696444353796996
NAA38,1.675594809899108,0.3333333333333333,0.7714672075726842
CHD3,-0.27966238105561825,0.6666666666666666,0.9393265826953157
LINC02581,3.178004755083024,0.05555555555555555,0.6630636913063691
TRAPPC1,0.6709768592290546,0.08333333333333333,0.6630636913063691
CNTROB,2.991341997850232,0.19444444444444445,0.6998773221170698
PER1,-0.1466275608356531,0.9444444444444444,1.0
VAMP2,-0.10538227845931569,0.6944444444444444,0.9526327507514194
TMEM107,-0.24570111666494832,0.5277777777777778,0.8876686975890985
BORCS6,0.6458500578899597,0.8055555555555556,0.9696444353796996
AURKB,2.617522144411515,0.2777777777777778,0.7530160238642064
LINC00324,2.2765296568315025,0.16666666666666666,0.6630636913063691
CTC1,-1.5549903509279188,0.3611111111111111,0.797730450683016
PFAS,1.6247511753338995,0.2777777777777778,0.7530160238642064
SLC25A35,1.293725741017708,0.4166666666666667,0.8228048921195339
RPL26,-0.1143036236361592,0.75,0.9526327507514194
NDEL1,0.9577145872943671,0.3055555555555556,0.7689432926530413
MYH10,0.1885016734749324,1.0,1.0
MFSD6L,2.7103071284695615,0.08333333333333333,0.6630636913063691
PIK3R6,0.5453041198190833,0.5,0.8663629460895975
PIK3R5,-0.8111864280285008,0.6111111111111112,0.9285893964279902
STX8,-0.459435851484276,0.6388888888888888,0.9393265826953157
GAS7,-0.784836552651341,0.1388888888888889,0.6630636913063691
MYH3,-1.0191517740611835,0.7222222222222222,0.9526327507514194
SCO1,1.106834463188612,0.7222222222222222,0.9526327507514194
ADPRM,1.2314467107690898,0.4722222222222222,0.8663629460895975
TMEM220,-0.29598070205264726,0.3888888888888889,0.8209476821872752
TMEM220-AS1,-0.20386152415286496,0.8333333333333334,0.9696444353796996
AC015908.2,0.4294770095175272,0.75,0.9526327507514194
ZNF18,0.4262662329356266,0.75,0.9526327507514194
MAP2K4,-0.6965840166452972,0.08333333333333333,0.6630636913063691
ELAC2,1.7112734177262907,0.1111111111111111,0.6630636913063691
COX10,0.8541065313446512,0.5833333333333334,0.9145140606393699
RPS18P12,1.0252084157276582,0.6388888888888888,0.9393265826953157
PMP22,0.3573618848947193,0.08333333333333333,0.6630636913063691
TRIM16,3.138060548064063,0.05555555555555555,0.6630636913063691
ZSWIM7,-0.47650303925004867,0.4722222222222222,0.8663629460895975
TTC19,0.09782742252147436,0.75,0.9526327507514194
NCOR1,-0.059868330013602034,0.75,0.9526327507514194
PIGL,1.2486884647292036,0.4166666666666667,0.8228048921195339
UBB,-0.17243720321161593,0.8055555555555556,0.9696444353796996
TRPV2,-0.02082856430296598,0.9444444444444444,1.0
LRRC75A-AS1,1.8904335810597401,0.1111111111111111,0.6630636913063691
AC093484.5,-2.2146526140197267,0.2777777777777778,0.7530160238642064
AC005822.1,0.2587145019027127,1.0,1.0
UPF3AP1,1.680793895917728,0.3055555555555556,0.7689432926530413
MPRIP,0.20108759742511584,0.7777777777777778,0.9616866541443916
FLCN,-1.2845152887234672,0.2777777777777778,0.7530160238642064
COPS3,0.6133928016963095,0.5,0.8663629460895975
NT5M,0.08682679966282847,1.0,1.0
RPL13P12,0.3435683824261968,0.5555555555555556,0.9063324119086202
RAI1,0.3850662988518382,0.8333333333333334,0.9696444353796996
SREBF1,3.1035565821299143,0.08333333333333333,0.6630636913063691
TOM1L2,2.04507216918637,0.25,0.7407166969618281
ATPAF2,-0.5582330227667303,0.3055555555555556,0.7689432926530413
GID4,0.06112259154813415,0.9166666666666666,0.9920484365613835
DRG2,-0.8736646981766416,0.5833333333333334,0.9145140606393699
ALKBH5,-0.9188977299058738,0.1111111111111111,0.6630636913063691
FLII,-0.05687486225522065,0.8611111111111112,0.9842040002156449
MIEF2,0.7033306719384862,0.6666666666666666,0.9393265826953157
TOP3A,3.397899534290181,0.05555555555555555,0.6630636913063691
SMCR8,0.8598624161853068,0.6388888888888888,0.9393265826953157
SHMT1,1.843096921311243,0.16666666666666666,0.6630636913063691
CCDC144B,1.8777749401011103,0.2777777777777778,0.7530160238642064
AC026271.1,1.465331850202467,0.4722222222222222,0.8663629460895975
TRIM16L,0.2587145019027127,1.0,1.0
TVP23B,1.9800795893105536,0.19444444444444445,0.6998773221170698
PRPSAP2,1.1495434497263384,0.25,0.7407166969618281
SNORD3B-1,0.1885016734749324,1.0,1.0
SNORD3A,0.3011240215856441,0.75,0.9526327507514194
EPN2,0.3923867558128058,0.6111111111111112,0.9285893964279902
RNF112,-2.437830736828483,0.16666666666666666,0.6630636913063691
RPS2P46,0.6252537739404564,0.75,0.9526327507514194
ALDH3A2,-0.6717576817625543,0.08333333333333333,0.6630636913063691
ULK2,-0.35776428065877175,0.8055555555555556,0.9696444353796996
AKAP10,2.678979593490388,0.1111111111111111,0.6630636913063691
SPECC1,-0.6625307231441369,0.1111111111111111,0.6630636913063691
UPF3AP2,0.7125983842876233,0.6666666666666666,0.9393265826953157
USP22,1.729629668741532,0.19444444444444445,0.6998773221170698
DHRS7B,2.4113182081753135,0.1388888888888889,0.6630636913063691
TMEM11,-0.30215403771883986,0.75,0.9526327507514194
NATD1,-2.224619710031524,0.16666666666666666,0.6630636913063691
MAP2K3,-0.4379564440697381,0.1388888888888889,0.6630636913063691
RPL34P31,0.6078820921710268,0.8888888888888888,0.9842040002156449
WSB1,-0.855944502640531,0.1111111111111111,0.6630636913063691
LGALS9,-0.5121353014207379,0.5,0.8663629460895975
NLK,1.2619304207228526,0.6666666666666666,0.9393265826953157
TMEM97,-0.02700562720299793,1.0,1.0
IFT20,2.1078776062990405,0.19444444444444445,0.6998773221170698
TNFAIP1,-1.2121860480179532,0.25,0.7407166969618281
POLDIP2,-0.21875841064658985,0.8055555555555556,0.9696444353796996
TMEM199,1.6607044706179637,0.16666666666666666,0.6630636913063691
RPS7P1,0.7507650815433724,0.4722222222222222,0.8663629460895975
UNC119,0.9007960902939849,0.6666666666666666,0.9393265826953157
PIGS,-0.2010188561716486,0.7222222222222222,0.9526327507514194
SPAG5,1.3575118770790278,0.4166666666666667,0.8228048921195339
KIAA0100,1.1442855892163095e-05,1.0,1.0
SDF2,0.42936190079718006,0.6388888888888888,0.9393265826953157
SUPT6H,0.6732196609978134,0.1111111111111111,0.6630636913063691
PROCA1,0.9544898891121423,0.75,0.9526327507514194
RAB34,2.5579328220720114,0.16666666666666666,0.6630636913063691
RPL23A,1.932023338950724,0.16666666666666666,0.6630636913063691
NEK8,2.0216439654032836,0.3333333333333333,0.7714672075726842
TRAF4,0.9457677904140988,0.5,0.8663629460895975
FAM222B,0.5674493798539162,0.4444444444444444,0.8447628037832934
ERAL1,1.5210540143844495,0.5,0.8663629460895975
FLOT2,1.9269708587582954,0.25,0.7407166969618281
PHF12,-0.6951098603885075,0.3055555555555556,0.7689432926530413
AC024619.4,0.7243408640389379,0.6388888888888888,0.9393265826953157
TWF1P1,1.166002900839747,0.3611111111111111,0.797730450683016
NUFIP2,0.27020520427893135,0.75,0.9526327507514194
TAOK1,0.2735429235060902,0.5555555555555556,0.9063324119086202
ABHD15,2.7479577163440374,0.05555555555555555,0.6630636913063691
TP53I13,0.10531645310436821,1.0,1.0
GIT1,3.477920323497789,0.05555555555555555,0.6630636913063691
SSH2,0.9174441319992996,0.6944444444444444,0.9526327507514194
NSRP1,-0.17188859175389304,0.6388888888888888,0.9393265826953157
BLMH,0.34998505981794903,0.6944444444444444,0.9526327507514194
CPD,0.1289274845994326,0.8055555555555556,0.9696444353796996
GOSR1,-0.4167204416489225,0.5,0.8663629460895975
LRRC37BP1,-1.4777171121880643,0.08333333333333333,0.6630636913063691
SUZ12P1,0.42665791694679944,0.8333333333333334,0.9696444353796996
CRLF3,0.3931417785729989,0.5277777777777778,0.8876686975890985
ATAD5,0.6347814024565155,0.6388888888888888,0.9393265826953157
TEFM,-1.3467443296969592,0.3888888888888889,0.8209476821872752
RNF135,1.2724643210514173,0.4166666666666667,0.8228048921195339
AC138207.8,-1.6442888820050157,0.2777777777777778,0.7530160238642064
NF1,1.9145250548960937,0.3333333333333333,0.7714672075726842
EVI2B,-0.54605635753662,0.3055555555555556,0.7689432926530413
EVI2A,-0.7068774143153149,0.3333333333333333,0.7714672075726842
RAB11FIP4,2.060117353751744,0.08333333333333333,0.6630636913063691
COPRS,2.904954907549666,0.08333333333333333,0.6630636913063691
UTP6,0.8545228478637092,0.16666666666666666,0.6630636913063691
SUZ12,-0.3600473999513989,0.3055555555555556,0.7689432926530413
LRRC37B,-0.08379268275755836,1.0,1.0
RHOT1,0.9035708987077831,0.05555555555555555,0.6630636913063691
C17orf75,1.3771321917207702,0.3333333333333333,0.7714672075726842
ZNF207,-0.18220247995790295,0.5277777777777778,0.8876686975890985
PSMD11,-0.886433513992813,0.08333333333333333,0.6630636913063691
MYO1D,1.2582028488089567,0.5,0.8663629460895975
TMEM98,1.7612122097538565,0.4166666666666667,0.8228048921195339
TLK2P1,-1.0928567329355863,0.25,0.7407166969618281
CCL2,-0.28691389063142747,0.9444444444444444,1.0
CCT6B,-0.6038004362468592,0.75,0.9526327507514194
ZNF830,-0.5254584370039845,0.3611111111111111,0.797730450683016
LIG3,1.2599021569729465,0.3611111111111111,0.797730450683016
RAD51D,-1.8261885502361288,0.1388888888888889,0.6630636913063691
NLE1,-1.7011456699672927,0.4166666666666667,0.8228048921195339
SLFN5,0.061688660292421815,0.8611111111111112,0.9842040002156449
AC022706.1,0.326292905616685,0.8333333333333334,0.9696444353796996
SLFN11,1.3968329426557071,0.7222222222222222,0.9526327507514194
AC060766.4,2.6287034471402575,0.05555555555555555,0.6630636913063691
AC060766.7,0.8818950519757265,0.5833333333333334,0.9145140606393699
AC060766.1,2.3407918624316304,0.05555555555555555,0.6630636913063691
SLFN12,0.9356027003873968,0.6666666666666666,0.9393265826953157
SLFN13,2.1090203066488207,0.1111111111111111,0.6630636913063691
SLFN12L,2.428024219552891,0.05555555555555555,0.6630636913063691
LINC02001,-2.155955067094315,0.3888888888888889,0.8209476821872752
PEX12,0.760536211355022,0.3888888888888889,0.8209476821872752
AP2B1,0.33331148371167885,0.5555555555555556,0.9063324119086202
TAF15,0.20911649718782233,0.5555555555555556,0.9063324119086202
AC015849.6,0.38695481519678065,1.0,1.0
CCL5,-1.752391755534922,0.3333333333333333,0.7714672075726842
CCL4,-0.9298634548893263,0.5555555555555556,0.9063324119086202
CCL3L3,2.597450364098229,0.16666666666666666,0.6630636913063691
CCL4L2,0.45258668083998455,0.8333333333333334,0.9696444353796996
ZNHIT3,-0.9081424215099343,0.6666666666666666,0.9393265826953157
MYO19,0.7178698600258744,0.6666666666666666,0.9393265826953157
GGNBP2,-0.843433755093006,0.1388888888888889,0.6630636913063691
DHRS11,0.4395029925697327,0.7222222222222222,0.9526327507514194
AATF,-0.2459364312074266,0.2222222222222222,0.7242375194388904
ACACA,-0.1388859304937473,1.0,1.0
TADA2A,1.5491552738264818,0.2777777777777778,0.7530160238642064
DUSP14,1.1417277918628588,0.5555555555555556,0.9063324119086202
SYNRG,2.5578056552588033,0.08333333333333333,0.6630636913063691
DDX52,2.0774558236532013,0.1388888888888889,0.6630636913063691
MRPL45,-1.071531199141071,0.19444444444444445,0.6998773221170698
SOCS7,1.6734276712472265,0.16666666666666666,0.6630636913063691
ARHGAP23,-0.32078646266822064,1.0,1.0
MLLT6,-0.7782945000970312,0.08333333333333333,0.6630636913063691
CISD3,2.6641293807632307,0.05555555555555555,0.6630636913063691
PSMB3,0.12183008895986536,0.8055555555555556,0.9696444353796996
PIP4K2B,1.1898779072780212,0.6388888888888888,0.9393265826953157
CWC25,0.2119710771137271,0.6666666666666666,0.9393265826953157
RPL23,0.11066966084125163,0.6666666666666666,0.9393265826953157
LASP1,0.5892525665854595,0.4166666666666667,0.8228048921195339
LINC00672,-0.3636435082440306,0.6666666666666666,0.9393265826953157
CACNB1,1.8578883385527336,0.16666666666666666,0.6630636913063691
RPL19,0.013957493342761751,0.9444444444444444,1.0
FBXL20,1.2661319650289022,0.4166666666666667,0.8228048921195339
AC005288.1,0.47714953510671787,0.5555555555555556,0.9063324119086202
MED1,-0.7243493384794029,0.3333333333333333,0.7714672075726842
CDK12,0.1870029228898602,0.6666666666666666,0.9393265826953157
STARD3,2.0846159362954553,0.05555555555555555,0.6630636913063691
TCAP,1.7939517929015083,0.16666666666666666,0.6630636913063691
PGAP3,1.4381003123969411,0.3055555555555556,0.7689432926530413
MIEN1,1.3563452819080561,0.5,0.8663629460895975
IKZF3,1.5392099391259295,0.05555555555555555,0.6630636913063691
GSDMB,0.8162397799508049,0.5,0.8663629460895975
ORMDL3,-0.46675688647530666,0.2777777777777778,0.7530160238642064
PSMD3,2.390377968576927,0.2777777777777778,0.7530160238642064
CSF3,-0.06071057758525922,1.0,1.0
MED24,1.5900435504020138,0.3611111111111111,0.797730450683016
THRA,-1.1557101315880196,0.08333333333333333,0.6630636913063691
NR1D1,1.9308240176552882,0.4444444444444444,0.8447628037832934
MSL1,0.02263241170853103,0.9722222222222222,1.0
CASC3,1.8644811566214181,0.16666666666666666,0.6630636913063691
WIPF2,0.15015543021783095,0.75,0.9526327507514194
CDC6,2.4770077309045977,0.16666666666666666,0.6630636913063691
RARA,0.12396828770967527,0.8611111111111112,0.9842040002156449
RARA-AS1,1.6055883246124236,0.16666666666666666,0.6630636913063691
TOP2A,4.13789728192646,0.16666666666666666,0.6630636913063691
IGFBP4,1.1214140188777384,0.75,0.9526327507514194
CCR7,-0.020694999047223828,1.0,1.0
SMARCE1,-0.8303531764111733,0.16666666666666666,0.6630636913063691
KRT222,0.30740718869327055,1.0,1.0
KRT223P,0.7381872613508429,0.8333333333333334,0.9696444353796996
KRT10,-0.311271432768109,0.6388888888888888,0.9393265826953157
TMEM99,2.1929117302519097,0.1111111111111111,0.6630636913063691
KRT19,-0.22730690113458163,0.6944444444444444,0.9526327507514194
KRT14,1.8159200333206917,0.16666666666666666,0.6630636913063691
EIF1,0.0350754114612144,0.9444444444444444,1.0
JUP,-0.09215170816836604,0.6944444444444444,0.9526327507514194
P3H4,1.0653292627057511,0.4166666666666667,0.8228048921195339
FKBP10,0.23590463667256012,1.0,1.0
NT5C3B,-0.2937035739580367,1.0,1.0
AC125257.1,0.25244769299628134,0.7777777777777778,0.9616866541443916
ACLY,0.30981433169936334,0.5277777777777778,0.8876686975890985
CNP,1.4288972366534938,0.5555555555555556,0.9063324119086202
DNAJC7,-0.38178718432718384,0.7222222222222222,0.9526327507514194
NKIRAS2,-0.32919865234575685,0.6666666666666666,0.9393265826953157
KAT2A,2.215292560019125,0.16666666666666666,0.6630636913063691
RAB5C,2.567668943808233,0.08333333333333333,0.6630636913063691
GHDC,1.4651733719785822,0.05555555555555555,0.6630636913063691
STAT5B,-0.6498668461507009,0.1388888888888889,0.6630636913063691
STAT5A,-0.02984573209678576,0.9166666666666666,0.9920484365613835
STAT3,0.3248218378128591,0.05555555555555555,0.6630636913063691
CAVIN1,1.002200711307153,0.05555555555555555,0.6630636913063691
ATP6V0A1,2.8223064363013934,0.16666666666666666,0.6630636913063691
PTP4A2P1,0.1932376158021607,0.8333333333333334,0.9696444353796996
NAGLU,2.3074791909542194,0.2222222222222222,0.7242375194388904
COASY,1.868898574776988,0.3611111111111111,0.797730450683016
MLX,0.31177206613056807,0.8888888888888888,0.9842040002156449
RETREG3,-0.017429616697654637,0.9722222222222222,1.0
TUBG2,2.130475615333158,0.1111111111111111,0.6630636913063691
EZH1,2.3918601756679556,0.19444444444444445,0.6998773221170698
RAMP2,2.8710973718721977,0.1111111111111111,0.6630636913063691
VPS25,-0.287686206517618,0.7222222222222222,0.9526327507514194
COA3,-0.49528585285820004,0.3888888888888889,0.8209476821872752
BECN1,-0.21687258844819102,0.8888888888888888,0.9842040002156449
PSME3,0.6240177426695519,0.08333333333333333,0.6630636913063691
RUNDC1,-1.0248382347441458,0.1111111111111111,0.6630636913063691
RPL27,0.30190335723123596,0.3333333333333333,0.7714672075726842
IFI35,1.141000954139784,0.5833333333333334,0.9145140606393699
VAT1,-0.9065663338152632,0.08333333333333333,0.6630636913063691
BRCA1,0.6536164887946656,0.8333333333333334,0.9696444353796996
NBR2,2.841313649644626,0.05555555555555555,0.6630636913063691
AC060780.1,-1.365614323642214,0.4722222222222222,0.8663629460895975
NBR1,0.08868261557698176,0.9166666666666666,0.9920484365613835
TMEM106A,-0.9797708009410346,0.19444444444444445,0.6998773221170698
AC109326.1,1.4814053515621008,0.3333333333333333,0.7714672075726842
ARL4D,0.19422635192979376,0.8333333333333334,0.9696444353796996
DHX8,1.5036735182350225,0.4722222222222222,0.8663629460895975
DUSP3,-0.28326826134789496,0.5555555555555556,0.9063324119086202
TMEM101,1.8683973850664148,0.25,0.7407166969618281
LSM12,1.808606332880287,0.19444444444444445,0.6998773221170698
G6PC3,0.9914740412614309,0.16666666666666666,0.6630636913063691
HDAC5,1.146308955274747,0.4444444444444444,0.8447628037832934
ASB16-AS1,2.0720080419498306,0.25,0.7407166969618281
TMUB2,1.7145412971174152,0.2222222222222222,0.7242375194388904
ATXN7L3,1.892604528697833,0.08333333333333333,0.6630636913063691
UBTF,-0.2117057021184321,0.9166666666666666,0.9920484365613835
RUNDC3A,2.034927128944103,0.05555555555555555,0.6630636913063691
SLC25A39,0.39446496115313057,0.3888888888888889,0.8209476821872752
GRN,1.416825352638308,0.1388888888888889,0.6630636913063691
ITGA2B,1.8499960492037708,0.16666666666666666,0.6630636913063691
GPATCH8,-0.1516847602314586,0.8055555555555556,0.9696444353796996
CCDC43,0.019173580898880438,0.8611111111111112,0.9842040002156449
EFTUD2,0.2291178313617488,0.8055555555555556,0.9696444353796996
DCAKD,1.1690575808528192,0.5277777777777778,0.8876686975890985
NMT1,1.4508955964507595,0.6388888888888888,0.9393265826953157
ACBD4,1.106297591528554,0.5,0.8663629460895975
HEXIM1,-0.32343783249618774,0.3333333333333333,0.7714672075726842
AC008105.3,3.047958756877586,0.16666666666666666,0.6630636913063691
FMNL1,2.9255546979677325,0.2222222222222222,0.7242375194388904
ARHGAP27,2.730908731419854,0.2222222222222222,0.7242375194388904
PLEKHM1,0.997182254344906,0.6388888888888888,0.9393265826953157
LRRC37A4P,2.5535071266192597,0.1111111111111111,0.6630636913063691
KANSL1,-0.6608107935579763,0.3333333333333333,0.7714672075726842
KANSL1-AS1,0.14663144033987674,1.0,1.0
LRRC37A2,0.7283022717886616,0.6666666666666666,0.9393265826953157
NSF,-0.6028999837710627,0.2777777777777778,0.7530160238642064
RPS7P11,-1.2422130523871173,0.2777777777777778,0.7530160238642064
GOSR2,-0.46836669442573786,0.2777777777777778,0.7530160238642064
CDC27,-0.2518879126141167,0.6944444444444444,0.9526327507514194
ITGB3,2.1838068358162515,0.16666666666666666,0.6630636913063691
EFCAB13,3.117383734336819,0.05555555555555555,0.6630636913063691
NPEPPS,-0.2511987366732287,0.6944444444444444,0.9526327507514194
KPNB1,-0.5870384380414864,0.2222222222222222,0.7242375194388904
TBX21,-1.9806384479359251,0.3055555555555556,0.7689432926530413
OSBPL7,-0.3060184679962279,0.9444444444444444,1.0
MRPL10,1.7688415018623767,0.3055555555555556,0.7689432926530413
SCRN2,1.963418650721465,0.16666666666666666,0.6630636913063691
SP2,-1.1346488718046235,0.1111111111111111,0.6630636913063691
PNPO,0.730035502156952,0.75,0.9526327507514194
COPZ2,3.823705843777315,0.05555555555555555,0.6630636913063691
NFE2L1,-0.18918153843699415,0.7777777777777778,0.9616866541443916
CBX1,-1.0894877208181182,0.25,0.7407166969618281
SNX11,1.8350401962595584,0.25,0.7407166969618281
SKAP1,0.02335261516273679,0.9722222222222222,1.0
HOXB2,0.4532526905061731,0.6111111111111112,0.9285893964279902
HOXB-AS1,1.2695439925756893,0.3333333333333333,0.7714672075726842
HOXB3,0.0886292910239419,0.9722222222222222,1.0
HOXB4,1.0544665276718503,0.4722222222222222,0.8663629460895975
HOXB6,0.9351297707470874,0.4166666666666667,0.8228048921195339
CALCOCO2,0.061845032407518374,0.9166666666666666,0.9920484365613835
ATP5G1,0.7964551248668004,0.3055555555555556,0.7689432926530413
UBE2Z,0.08561090876003785,0.9166666666666666,0.9920484365613835
SNF8,2.5890661374641217,0.1388888888888889,0.6630636913063691
ZNF652,0.18224711541286087,0.4722222222222222,0.8663629460895975
PHB,1.3393847203365157,0.2222222222222222,0.7242375194388904
EIF4EP2,2.642860507922778,0.05555555555555555,0.6630636913063691
SPOP,0.15535666885088695,0.9444444444444444,1.0
SLC35B1,0.053728923405868656,0.9166666666666666,0.9920484365613835
FAM117A,0.4120513812453752,0.3888888888888889,0.8209476821872752
KAT7,-0.6885501617096006,0.5277777777777778,0.8876686975890985
ITGA3,1.2021874464686544,0.5833333333333334,0.9145140606393699
PPP1R9B,2.103045712382583,0.3055555555555556,0.7689432926530413
COL1A1,-0.6160721693254647,0.7777777777777778,0.9616866541443916
MRPL27,0.1928377535304655,0.8888888888888888,0.9842040002156449
LRRC59,0.006459542303692611,1.0,1.0
ACSF2,2.478506166490325,0.16666666666666666,0.6630636913063691
RSAD1,2.638269635848401,0.08333333333333333,0.6630636913063691
SPATA20,-0.5378795733620523,0.1111111111111111,0.6630636913063691
ANKRD40,1.9132270979512023,0.05555555555555555,0.6630636913063691
LUC7L3,0.0948589506112354,0.9166666666666666,0.9920484365613835
TOB1,-0.7979985119497242,0.1388888888888889,0.6630636913063691
SPAG9,0.20126809360457099,0.75,0.9526327507514194
NME1,3.3751206425753466,0.1111111111111111,0.6630636913063691
MBTD1,-0.36468380075655293,0.5555555555555556,0.9063324119086202
AC005839.1,-0.166642669741075,1.0,1.0
UTP18,1.9201214408288423,0.1111111111111111,0.6630636913063691
LINC02073,2.3225822095868898,0.16666666666666666,0.6630636913063691
COX11,-0.33683877564197395,0.5,0.8663629460895975
STXBP4,1.4089182588216675,0.4166666666666667,0.8228048921195339
MMD,1.1973829690503688,0.3888888888888889,0.8209476821872752
PCTP,-1.2095899978811744,0.25,0.7407166969618281
C17orf67,1.1224940044294163,0.4166666666666667,0.8228048921195339
DGKE,2.1972146701944064,0.16666666666666666,0.6630636913063691
TRIM25,-0.10022454858904428,0.8333333333333334,0.9696444353796996
COIL,0.48328680618538433,0.8333333333333334,0.9696444353796996
SCPEP1,-0.4760970598852219,0.6944444444444444,0.9526327507514194
AKAP1,-2.076230686802893,0.16666666666666666,0.6630636913063691
MSI2,0.32453649375711,0.5833333333333334,0.9145140606393699
MRPS23,2.835244536173085,0.2222222222222222,0.7242375194388904
CUEDC1,2.335039377930136,0.05555555555555555,0.6630636913063691
VEZF1,-0.06564392507667893,0.9166666666666666,0.9920484365613835
SRSF1,1.7778801262362123,0.5555555555555556,0.9063324119086202
DYNLL2,0.03760897764909377,0.9722222222222222,1.0
AC015813.6,0.31050836963632755,0.75,0.9526327507514194
TSPOAP1,-1.5866428250626985,0.3055555555555556,0.7689432926530413
AC004687.1,1.64763085253167,0.2777777777777778,0.7530160238642064
SUPT4H1,-0.20901179029325245,0.6388888888888888,0.9393265826953157
MTMR4,0.5716100884732653,0.8888888888888888,0.9842040002156449
RAD51C,0.5015389874857843,0.8055555555555556,0.9696444353796996
TRIM37,1.2739284301334801,0.19444444444444445,0.6998773221170698
SKA2,0.22501891483996683,0.9166666666666666,0.9920484365613835
PRR11,3.219374903836676,0.08333333333333333,0.6630636913063691
SMG8,1.7939517929015083,0.16666666666666666,0.6630636913063691
GDPD1,0.2736748221987293,0.8055555555555556,0.9696444353796996
YPEL2,1.8756558880726941,0.05555555555555555,0.6630636913063691
DHX40,-0.8847028447812075,0.2222222222222222,0.7242375194388904
AC091271.1,2.0114701410610087,0.16666666666666666,0.6630636913063691
CLTC,-0.4097809415359839,0.1388888888888889,0.6630636913063691
PTRH2,-1.059995670744744,0.1111111111111111,0.6630636913063691
VMP1,-0.21685915325363414,0.2777777777777778,0.7530160238642064
TUBD1,-0.5836767638159528,0.7222222222222222,0.9526327507514194
RPS6KB1,-0.09112640027147645,0.8333333333333334,0.9696444353796996
RNFT1,1.1816421094917282,0.2777777777777778,0.7530160238642064
HEATR6,0.2937952780074391,0.8611111111111112,0.9842040002156449
WFDC21P,-0.8942132226885866,0.7222222222222222,0.9526327507514194
AC025048.6,0.9404059450239779,0.5,0.8663629460895975
AC025048.2,2.7337994113878845,0.05555555555555555,0.6630636913063691
USP32,0.9367755367168082,0.6111111111111112,0.9285893964279902
APPBP2,0.2909338419134624,0.5555555555555556,0.9063324119086202
PPM1D,0.04397948541159824,0.9444444444444444,1.0
BCAS3,0.868147757663531,0.7222222222222222,0.9526327507514194
NACA2,-1.6975698160608852,0.1111111111111111,0.6630636913063691
INTS2,1.604249900459157,0.25,0.7407166969618281
MED13,-0.41008956432481547,0.3888888888888889,0.8209476821872752
METTL2A,2.254316113361964,0.2222222222222222,0.7242375194388904
TLK2,-0.4798918957553777,0.1388888888888889,0.6630636913063691
TANC2,3.4394459720983726,0.08333333333333333,0.6630636913063691
CYB561,2.272414397465705,0.1111111111111111,0.6630636913063691
ACE,2.81216348906787,0.1111111111111111,0.6630636913063691
DCAF7,-0.13747098954488646,0.7222222222222222,0.9526327507514194
TACO1,1.8899658793596361,0.2777777777777778,0.7530160238642064
MAP3K3,-0.999654817140331,0.5,0.8663629460895975
LIMD2,0.5106212584831473,0.5833333333333334,0.9145140606393699
CCDC47,-0.5199979003816813,0.19444444444444445,0.6998773221170698
DDX42,0.3995267802689293,0.3888888888888889,0.8209476821872752
FTSJ3,-0.014217083241309325,1.0,1.0
PSMC5,-0.2514638549228474,0.3888888888888889,0.8209476821872752
SMARCD2,0.1568022254869481,0.8888888888888888,0.9842040002156449
CD79B,0.6091133631501129,0.6111111111111112,0.9285893964279902
ERN1,0.3114828981837743,0.6111111111111112,0.9285893964279902
SNHG25,0.02409002708098784,1.0,1.0
TEX2,-0.7935393012283889,0.16666666666666666,0.6630636913063691
PECAM1,3.214874729347102,0.16666666666666666,0.6630636913063691
MILR1,0.010220764313624287,0.9722222222222222,1.0
POLG2,-0.7438975115366122,0.6666666666666666,0.9393265826953157
DDX5,-0.1477007638979888,0.6944444444444444,0.9526327507514194
CEP95,-1.5126027884889233,0.1111111111111111,0.6630636913063691
SMURF2,1.3856085949597188,0.5555555555555556,0.9063324119086202
MINOS1P2,-1.1058239718618266,0.4166666666666667,0.8228048921195339
PLEKHM1P1,1.9437230937964167,0.16666666666666666,0.6630636913063691
AMZ2P1,-0.28240664090988243,0.6388888888888888,0.9393265826953157
GNA13,-0.17969062221802634,0.5555555555555556,0.9063324119086202
RGS9,2.982186839564451,0.05555555555555555,0.6630636913063691
PRKCA,-0.135099451058192,0.8611111111111112,0.9842040002156449
HELZ,2.6201966713986713,0.1388888888888889,0.6630636913063691
PSMD12,0.23681570418613251,0.6388888888888888,0.9393265826953157
PITPNC1,0.945192180664058,0.8055555555555556,0.9696444353796996
NOL11,-0.9449658435393067,0.19444444444444445,0.6998773221170698
BPTF,-0.009734498094665867,1.0,1.0
C17orf58,2.742265646185059,0.08333333333333333,0.6630636913063691
KPNA2,1.456439806455101,0.5555555555555556,0.9063324119086202
LINC00674,-0.627780482951001,0.6666666666666666,0.9393265826953157
AC005332.9,-0.48354153433040814,0.5555555555555556,0.9063324119086202
AC005332.6,0.4996261475647492,0.75,0.9526327507514194
AC005332.8,2.827802058128172,0.05555555555555555,0.6630636913063691
AC005332.7,1.328075577584111,0.3888888888888889,0.8209476821872752
AMZ2,-0.13470501454545136,0.8055555555555556,0.9696444353796996
SLC16A6,-3.603916068871174,0.05555555555555555,0.6630636913063691
WIPI1,1.026395824655157,0.5555555555555556,0.9063324119086202
PRKAR1A,-0.10010553008244827,0.5833333333333334,0.9145140606393699
ABCA5,0.5138459722278115,0.8611111111111112,0.9842040002156449
MAP2K6,0.8616613433837998,0.5277777777777778,0.8876686975890985
AC002546.1,0.05731912299317554,1.0,1.0
LINC00511,4.42657382714971,0.05555555555555555,0.6630636913063691
SLC39A11,1.1015900269525876,0.2222222222222222,0.7242375194388904
COG1,1.6679434628800758,0.3055555555555556,0.7689432926530413
FAM104A,1.591574579713805,0.19444444444444445,0.6998773221170698
C17orf80,1.9012302389565652,0.16666666666666666,0.6630636913063691
CDC42EP4,-0.16019178535853928,0.7222222222222222,0.9526327507514194
SDK2,0.12903659135436607,0.9444444444444444,1.0
RPL38,0.01241577267096794,0.9722222222222222,1.0
MGC16275,0.2587145019027127,1.0,1.0
TTYH2,1.1921138372815894,0.3333333333333333,0.7714672075726842
DNAI2,0.7253129326790899,0.6666666666666666,0.9393265826953157
CD300A,-1.079723807791833,0.4722222222222222,0.8663629460895975
CD300C,0.11722578589758204,0.8888888888888888,0.9842040002156449
RAB37,0.18713663897729393,0.6111111111111112,0.9285893964279902
CD300LF,2.2768307748495356,0.1111111111111111,0.6630636913063691
SLC9A3R1,-0.6941526859017202,0.19444444444444445,0.6998773221170698
NAT9,-0.24452546528969332,1.0,1.0
TMEM104,2.1793412496776097,0.16666666666666666,0.6630636913063691
FDXR,1.786316076145582,0.1111111111111111,0.6630636913063691
HID1,2.368549304099184,0.05555555555555555,0.6630636913063691
MRPL58,2.170075181285731,0.16666666666666666,0.6630636913063691
KCTD2,0.8185867106444098,0.8055555555555556,0.9696444353796996
ATP5H,0.7727778724138448,0.1111111111111111,0.6630636913063691
SLC16A5,-0.12673659658313108,0.9722222222222222,1.0
ARMC7,2.4715067202792937,0.16666666666666666,0.6630636913063691
NT5C,2.6371146404409007,0.25,0.7407166969618281
JPT1,1.5708341708948739,0.4166666666666667,0.8228048921195339
SUMO2,-0.31366243395726023,0.5833333333333334,0.9145140606393699
NUP85,-0.5740910933121786,0.4166666666666667,0.8228048921195339
GGA3,-0.06315967984949644,0.8333333333333334,0.9696444353796996
MRPS7,0.8774552458734548,0.6666666666666666,0.9393265826953157
MIF4GD,1.8997062979203778,0.1111111111111111,0.6630636913063691
SLC25A19,0.5370236483196488,0.6666666666666666,0.9393265826953157
GRB2,0.00688692221682885,1.0,1.0
TMEM94,-0.7417216895420147,0.2777777777777778,0.7530160238642064
TSEN54,0.3724384723770564,0.4444444444444444,0.8447628037832934
LLGL2,0.9603506042771746,0.6111111111111112,0.9285893964279902
MYO15B,0.7402030269219968,0.7222222222222222,0.9526327507514194
RECQL5,2.1834232371120024,0.16666666666666666,0.6630636913063691
SAP30BP,-0.7181252433977106,0.3611111111111111,0.797730450683016
GALK1,0.36534214861837766,1.0,1.0
H3F3B,-0.7970353472745302,0.1111111111111111,0.6630636913063691
UNK,1.2355263389602258,0.6388888888888888,0.9393265826953157
UNC13D,1.8277271337861776,0.3333333333333333,0.7714672075726842
WBP2,-0.5614885127397935,0.5277777777777778,0.8876686975890985
TRIM47,2.180216974779393,0.16666666666666666,0.6630636913063691
TRIM65,-1.276012668284939,0.2777777777777778,0.7530160238642064
FBF1,0.8318845146537933,0.5,0.8663629460895975
ACOX1,-0.0035974413434241015,1.0,1.0
EVPL,-0.7376257690316192,0.4166666666666667,0.8228048921195339
SRP68,-0.4611833541534027,0.3055555555555556,0.7689432926530413
EXOC7,3.259019190414524,0.05555555555555555,0.6630636913063691
UBALD2,1.281227794924265,0.5555555555555556,0.9063324119086202
PRPSAP1,2.4291567115607693,0.3055555555555556,0.7689432926530413
SPHK1,0.8217327651737967,0.6666666666666666,0.9393265826953157
UBE2O,2.5432175237634613,0.05555555555555555,0.6630636913063691
RHBDF2,0.564343330260337,0.8333333333333334,0.9696444353796996
SNHG16,1.2966955093734889,0.3333333333333333,0.7714672075726842
MXRA7,2.3091843038505804,0.16666666666666666,0.6630636913063691
JMJD6,-0.42352151440665864,0.6944444444444444,0.9526327507514194
METTL23,-0.16853864799362261,0.9444444444444444,1.0
SRSF2,-0.3052624631781722,0.4166666666666667,0.8228048921195339
MFSD11,0.5105594312989723,0.8888888888888888,0.9842040002156449
SNHG20,-0.17964584735797073,1.0,1.0
SEC14L1,0.29888487248426543,0.3333333333333333,0.7714672075726842
SEPT9,0.8068219727480246,0.2777777777777778,0.7530160238642064
TNRC6C,0.4569616360728954,0.3611111111111111,0.797730450683016
TMC6,-0.20498295646931197,0.8888888888888888,0.9842040002156449
TMC8,0.30540492830370436,0.3611111111111111,0.797730450683016
SYNGR2,0.8780436781091279,0.2777777777777778,0.7530160238642064
AFMID,1.6081392659091989,0.25,0.7407166969618281
BIRC5,2.9142351159769606,0.2777777777777778,0.7530160238642064
SOCS3,0.7480177598179818,0.3888888888888889,0.8209476821872752
PGS1,0.5628555784462548,0.7222222222222222,0.9526327507514194
CYTH1,-0.24349779903352164,0.75,0.9526327507514194
USP36,-0.42054732389187155,0.3333333333333333,0.7714672075726842
TIMP2,1.4719917243689662,0.3888888888888889,0.8209476821872752
LGALS3BP,0.16656023853813084,1.0,1.0
CANT1,-0.7740469207922782,0.3055555555555556,0.7689432926530413
ENGASE,2.366755239202915,0.1111111111111111,0.6630636913063691
CBX8,1.0549346045612746,0.4166666666666667,0.8228048921195339
CBX4,0.8713922904089406,0.05555555555555555,0.6630636913063691
TBC1D16,1.6583566013917932,0.2777777777777778,0.7530160238642064
GAA,3.2633817419704845,0.16666666666666666,0.6630636913063691
EIF4A3,0.8130942764777602,0.3333333333333333,0.7714672075726842
AC087741.1,-1.1379551909641665,0.7222222222222222,0.9526327507514194
SGSH,-2.0909869990106307,0.2777777777777778,0.7530160238642064
SLC26A11,-3.765292479866451,0.05555555555555555,0.6630636913063691
RNF213,0.6318586007542022,0.16666666666666666,0.6630636913063691
ENDOV,-1.530213867729189,0.4166666666666667,0.8228048921195339
NPTX1,3.661925716698339,0.08333333333333333,0.6630636913063691
BAIAP2-AS1,0.5394293924343225,0.6666666666666666,0.9393265826953157
BAIAP2,-0.31352210160131033,0.8055555555555556,0.9696444353796996
TEPSIN,-0.4501846606762774,0.5833333333333334,0.9145140606393699
NDUFAF8,-0.19883251821816028,0.6111111111111112,0.9285893964279902
SLC38A10,1.8954349190679571,0.25,0.7407166969618281
ACTG1,0.07969183519738365,0.9722222222222222,1.0
FAAP100,3.260834886947205,0.05555555555555555,0.6630636913063691
NPLOC4,0.37410010386248826,0.9166666666666666,0.9920484365613835
PDE6G,0.24721201073964694,0.8333333333333334,0.9696444353796996
OXLD1,1.1419730305602274,0.3333333333333333,0.7714672075726842
CCDC137,2.8866761645615737,0.05555555555555555,0.6630636913063691
ARL16,-0.38358045891279113,0.8055555555555556,0.9696444353796996
MCRIP1,0.18266898761081052,0.8055555555555556,0.9696444353796996
P4HB,2.0442553694953687,0.1111111111111111,0.6630636913063691
ARHGDIA,1.4527022614918015,0.3333333333333333,0.7714672075726842
ALYREF,0.07589693245343554,1.0,1.0
ANAPC11,2.3821812920189678,0.1388888888888889,0.6630636913063691
PCYT2,1.3434114131938042,0.3333333333333333,0.7714672075726842
SIRT7,0.38786726966441387,0.9444444444444444,1.0
MAFG,2.1382593839758317,0.05555555555555555,0.6630636913063691
ASPSCR1,0.7545625544285918,0.6666666666666666,0.9393265826953157
CENPX,1.5322224848057022,0.3333333333333333,0.7714672075726842
DCXR,1.955239750618071,0.2222222222222222,0.7242375194388904
RFNG,1.0925029393486576,0.6111111111111112,0.9285893964279902
GPS1,1.0010973333678987,0.6111111111111112,0.9285893964279902
DUS1L,1.4172016240644338,0.3888888888888889,0.8209476821872752
FASN,1.3140303900655739,0.3333333333333333,0.7714672075726842
CCDC57,-0.6607074344074593,0.7777777777777778,0.9616866541443916
SLC16A3,1.1235466910381762,0.16666666666666666,0.6630636913063691
CSNK1D,0.0627500443962754,0.9166666666666666,0.9920484365613835
AC132872.1,-1.9538126889089646,0.2777777777777778,0.7530160238642064
CD7,0.1885016734749324,1.0,1.0
OGFOD3,0.7855087603673296,0.6388888888888888,0.9393265826953157
HEXDC,-0.40380584986247503,0.8055555555555556,0.9696444353796996
C17orf62,1.5111437877438156,0.5555555555555556,0.9063324119086202
NARF,0.5566388306841121,0.6388888888888888,0.9393265826953157
FOXK2,0.8244759834283495,0.7777777777777778,0.9616866541443916
WDR45B,0.21692596668084452,0.5555555555555556,0.9063324119086202
FN3KRP,-0.17882759112250834,0.7222222222222222,0.9526327507514194
TBCD,0.8115800769298649,0.75,0.9526327507514194
METRNL,0.9712498204507805,0.25,0.7407166969618281
USP14,-0.09218839218033459,0.6111111111111112,0.9285893964279902
THOC1,2.257520593126025,0.19444444444444445,0.6998773221170698
TYMS,3.9552627910420357,0.1111111111111111,0.6630636913063691
ENOSF1,2.8781550048799076,0.1388888888888889,0.6630636913063691
YES1,2.1044025534054556,0.16666666666666666,0.6630636913063691
AP000894.2,2.0190095096177134,0.1388888888888889,0.6630636913063691
ADCYAP1,0.7343734494361254,0.2777777777777778,0.7530160238642064
METTL4,2.6866279801086943,0.08333333333333333,0.6630636913063691
NDC80,2.246252930253317,0.4444444444444444,0.8447628037832934
SMCHD1,-0.15963126106929426,0.6388888888888888,0.9393265826953157
EMILIN2,0.3495324304671481,0.3333333333333333,0.7714672075726842
LPIN2,1.789139786627516,0.2777777777777778,0.7530160238642064
AP000919.1,1.394505700531386,0.4444444444444444,0.8447628037832934
MYL12A,0.6470059347873738,0.1111111111111111,0.6630636913063691
MYL12B,0.6324516925479413,0.05555555555555555,0.6630636913063691
TGIF1,1.5547381848600534,0.5277777777777778,0.8876686975890985
DLGAP1-AS1,-0.183211594523907,1.0,1.0
LINC00667,0.10526024388540645,0.9444444444444444,1.0
ZBTB14,-0.25917756577488715,0.9444444444444444,1.0
RPL6P27,-0.024638046188316665,0.8888888888888888,0.9842040002156449
PTPRM,1.8791410080926538,0.16666666666666666,0.6630636913063691
RAB12,-0.4538291653373072,0.4444444444444444,0.8447628037832934
MTCL1,0.19564805671021812,0.6388888888888888,0.9393265826953157
NDUFV2-AS1,-0.28053407816597065,1.0,1.0
ANKRD12,-0.7294648002764044,0.16666666666666666,0.6630636913063691
TWSG1,-0.5844331631400781,0.2777777777777778,0.7530160238642064
RALBP1,0.39000893512989165,0.3611111111111111,0.797730450683016
PPP4R1,-0.037406994672593896,0.9166666666666666,0.9920484365613835
RAB31,-0.4170004873893709,0.75,0.9526327507514194
VAPA,-0.2245823219580707,0.3333333333333333,0.7714672075726842
NAPG,1.8134624461667541,0.19444444444444445,0.6998773221170698
CHMP1B,-0.17204698578864175,0.8055555555555556,0.9696444353796996
IMPA2,0.701457932605719,0.5833333333333334,0.9145140606393699
TUBB6,0.32001434701618026,0.8611111111111112,0.9842040002156449
AFG3L2,2.894533883998861,0.16666666666666666,0.6630636913063691
SPIRE1,0.6270128882725716,0.05555555555555555,0.6630636913063691
PSMG2,0.0960415725738395,0.9166666666666666,0.9920484365613835
CEP76,0.022024435983224233,1.0,1.0
AP005482.3,-2.550820334924789,0.2777777777777778,0.7530160238642064
PTPN2,-0.18714582574123018,0.7222222222222222,0.9526327507514194
SEH1L,-0.9734500311139271,0.3333333333333333,0.7714672075726842
CEP192,1.2976584921762306,0.5277777777777778,0.8876686975890985
LDLRAD4,1.9536657059090352,0.19444444444444445,0.6998773221170698
FAM210A,0.9280518740955324,0.4444444444444444,0.8447628037832934
RNMT,-1.468554511252151,0.1111111111111111,0.6630636913063691
ZNF519,-1.512927173030025,0.3055555555555556,0.7689432926530413
ROCK1,0.10678010744491662,0.6944444444444444,0.9526327507514194
ESCO1,1.3390893492974634,0.6666666666666666,0.9393265826953157
SNRPD1,-0.12170125285564026,0.8333333333333334,0.9696444353796996
ABHD3,3.5053641740270134,0.05555555555555555,0.6630636913063691
MIB1,0.6341786554079896,0.25,0.7407166969618281
CTAGE1,1.3523990779692716,0.3333333333333333,0.7714672075726842
RBBP8,3.005339176902598,0.08333333333333333,0.6630636913063691
TMEM241,1.5886935126819073,0.2777777777777778,0.7530160238642064
RIOK3,-0.22248949349933422,0.4166666666666667,0.8228048921195339
C18orf8,1.0497869675713365,0.7777777777777778,0.9616866541443916
NPC1,2.674365709571809,0.05555555555555555,0.6630636913063691
TTC39C,1.5670156479891952,0.3055555555555556,0.7689432926530413
OSBPL1A,1.0105050531183903,0.6666666666666666,0.9393265826953157
IMPACT,-0.622899304719752,0.4444444444444444,0.8447628037832934
HRH4,-2.441663803221922,0.2777777777777778,0.7530160238642064
ZNF521,1.687722578042838,0.3333333333333333,0.7714672075726842
SS18,-0.14591579108984032,0.6388888888888888,0.9393265826953157
KCTD1,3.0622398183944024,0.05555555555555555,0.6630636913063691
B4GALT6,0.9334901894329832,0.5,0.8663629460895975
TRAPPC8,1.572936732414024,0.5,0.8663629460895975
RNF125,1.9204752254719195,0.2777777777777778,0.7530160238642064
RNF138,1.4320785617431881,0.6111111111111112,0.9285893964279902
MAPRE2,-0.1633261647734523,0.6666666666666666,0.9393265826953157
ZNF397,1.099478967324421,0.7222222222222222,0.9526327507514194
ZSCAN30,1.0137201714517174,0.7222222222222222,0.9526327507514194
ZNF271P,-0.5226433161702522,0.5,0.8663629460895975
ZNF24,-0.1738540049468833,0.6666666666666666,0.9393265826953157
ZNF396,-0.32286572952996817,1.0,1.0
INO80C,3.524377238801331,0.08333333333333333,0.6630636913063691
GALNT1,-0.001951459257068855,1.0,1.0
C18orf21,1.4024148813286978,0.3055555555555556,0.7689432926530413
RPRD1A,-0.41904893938366516,0.7222222222222222,0.9526327507514194
SLC39A6,-0.9520070715938074,0.16666666666666666,0.6630636913063691
ELP2,0.26238365696351895,0.6944444444444444,0.9526327507514194
TPGS2,0.13083478871652598,0.8888888888888888,0.9842040002156449
KIAA1328,2.219572630687344,0.16666666666666666,0.6630636913063691
RPL7AP66,-0.40815571175312026,0.8888888888888888,0.9842040002156449
PIK3C3,-1.2457879874681224,0.1388888888888889,0.6630636913063691
SETBP1,2.1306977447916333,0.16666666666666666,0.6630636913063691
SLC14A1,-0.04601545421857134,1.0,1.0
EPG5,-0.9451376797165247,0.3333333333333333,0.7714672075726842
PSTPIP2,0.5224053765665122,0.7222222222222222,0.9526327507514194
ATP5A1,-0.3838201469404092,0.4722222222222222,0.8663629460895975
HAUS1,1.6271641933073364,0.19444444444444445,0.6998773221170698
C18orf25,-0.6516000779663056,0.3611111111111111,0.797730450683016
PIAS2,-0.11177592250766466,0.9444444444444444,1.0
IER3IP1,0.06225086468098784,0.8611111111111112,0.9842040002156449
TPMTP1,0.6080616341174802,0.6666666666666666,0.9393265826953157
SMAD2,-0.11026714711448626,0.8333333333333334,0.9696444353796996
CTIF,0.3426544877393384,0.75,0.9526327507514194
SMAD7,-0.22599328604868862,0.5,0.8663629460895975
DYM,2.0480069260267317,0.16666666666666666,0.6630636913063691
C18orf32,1.6065668534751807,0.2222222222222222,0.7242375194388904
ACAA2,-0.9103125828112866,0.1388888888888889,0.6630636913063691
MBD1,-0.642226851611376,0.3888888888888889,0.8209476821872752
CXXC1,1.4935440469585148,0.2222222222222222,0.7242375194388904
ME2,0.5288252960116546,0.3611111111111111,0.797730450683016
ELAC1,-1.008276095519237,0.2777777777777778,0.7530160238642064
SMAD4,-0.5929606454115905,0.3888888888888889,0.8209476821872752
MEX3C,-0.9258235497798042,0.1388888888888889,0.6630636913063691
MBD2,0.23031778644193235,0.5277777777777778,0.8876686975890985
POLI,0.3632800863568568,0.8611111111111112,0.9842040002156449
C18orf54,1.2441406915309432,0.4166666666666667,0.8228048921195339
SNRPGP2,-2.119195298292428,0.05555555555555555,0.6630636913063691
RAB27B,-0.3735915718300422,0.4166666666666667,0.8228048921195339
CCDC68,-0.9194597509216862,0.5833333333333334,0.9145140606393699
TCF4,3.6228257438154308,0.05555555555555555,0.6630636913063691
TXNL1,-0.04341561233365088,0.8888888888888888,0.9842040002156449
WDR7,1.8920713435164598,0.3055555555555556,0.7689432926530413
FECH,-0.4803725864869568,0.5833333333333334,0.9145140606393699
NARS,0.08932050650099388,0.9166666666666666,0.9920484365613835
NEDD4L,2.108335787318331,0.19444444444444445,0.6998773221170698
MALT1,0.6841515636422191,0.19444444444444445,0.6998773221170698
ZNF532,-1.186310150635331,0.1111111111111111,0.6630636913063691
SEC11C,2.4837133323119494,0.19444444444444445,0.6998773221170698
LMAN1,0.7661352352705668,0.2222222222222222,0.7242375194388904
PMAIP1,0.2309998386051837,0.9444444444444444,1.0
FAM60CP,0.7189172963087412,0.5,0.8663629460895975
RNF152,2.7651067628837995,0.08333333333333333,0.6630636913063691
PIGN,-0.09093267172824859,0.9722222222222222,1.0
KIAA1468,-0.28496132359464443,0.6388888888888888,0.9393265826953157
TNFRSF11A,3.3797556533438033,0.16666666666666666,0.6630636913063691
ZCCHC2,-0.7384779826045786,0.05555555555555555,0.6630636913063691
PHLPP1,2.078677087338124,0.16666666666666666,0.6630636913063691
BCL2,0.6493465055209748,0.4722222222222222,0.8663629460895975
KDSR,-0.5239437685084445,0.2222222222222222,0.7242375194388904
AC036176.1,2.0434875349851316,0.05555555555555555,0.6630636913063691
VPS4B,-0.43152006335454196,0.5555555555555556,0.9063324119086202
SERPINB8,1.3017619321657499,0.4166666666666667,0.8228048921195339
AC022968.1,0.6703886551795637,0.4722222222222222,0.8663629460895975
TMX3,0.23661415209511638,0.6944444444444444,0.9526327507514194
CCDC102B,-0.33211331112544284,0.8055555555555556,0.9696444353796996
CD226,-0.5433060608084315,0.3888888888888889,0.8209476821872752
RTTN,0.6352196273172175,0.7222222222222222,0.9526327507514194
SOCS6,-0.24890120239624736,0.6388888888888888,0.9393265826953157
TIMM21,1.1786805681154422,0.4444444444444444,0.8447628037832934
CYB5A,-1.2046309069521444,0.16666666666666666,0.6630636913063691
FAUP1,0.4950018049130769,0.25,0.7407166969618281
CNDP2,-0.04165888014630603,0.8333333333333334,0.9696444353796996
LINC00909,2.1630321581499277,0.16666666666666666,0.6630636913063691
ZNF407,1.2217139254740923,0.5277777777777778,0.8876686975890985
ZADH2,-0.4957392823181861,0.3333333333333333,0.7714672075726842
TSHZ1,-0.2824216053692039,0.6666666666666666,0.9393265826953157
ZNF516,-0.8979181816464212,0.5833333333333334,0.9145140606393699
ZNF236,-1.4558644849465328,0.05555555555555555,0.6630636913063691
MBP,-0.5821662437289934,0.3611111111111111,0.797730450683016
AC018529.2,0.37182224040211387,0.75,0.9526327507514194
ATP9B,0.7268591416465937,0.8333333333333334,0.9696444353796996
NFATC1,2.743275323151303,0.08333333333333333,0.6630636913063691
CTDP1,0.3093236043048162,0.8333333333333334,0.9696444353796996
PQLC1,0.15212395634770104,0.8611111111111112,0.9842040002156449
HSBP1L1,1.8702701706052896,0.2222222222222222,0.7242375194388904
TXNL4A,-0.0901710599035539,0.8611111111111112,0.9842040002156449
RBFA,0.0351956647317353,1.0,1.0
ADNP2,0.32920626722455015,0.3055555555555556,0.7689432926530413
C20orf96,1.292699855095961,0.3611111111111111,0.797730450683016
ZCCHC3,-0.24624487969873732,0.8888888888888888,0.9842040002156449
SOX12,-0.5202523395989296,0.7777777777777778,0.9616866541443916
NRSN2,3.2404517157792254,0.05555555555555555,0.6630636913063691
TRIB3,2.1808030776078615,0.16666666666666666,0.6630636913063691
RBCK1,0.427007675348694,0.3888888888888889,0.8209476821872752
TBC1D20,1.786238204975092,0.3611111111111111,0.797730450683016
CSNK2A1,-0.24957551537862432,0.75,0.9526327507514194
FAM110A,-0.6631362642879228,0.1388888888888889,0.6630636913063691
PSMF1,0.8229247412659637,0.1111111111111111,0.6630636913063691
FKBP1A,0.9089640302373114,0.05555555555555555,0.6630636913063691
NSFL1C,0.42008186560590577,0.2777777777777778,0.7530160238642064
SIRPA,-0.21341058320076822,0.6666666666666666,0.9393265826953157
STK35,0.7680339257228668,0.7222222222222222,0.9526327507514194
SNRPB,0.8888468136198622,0.3611111111111111,0.797730450683016
NOP56,0.779312887802889,0.05555555555555555,0.6630636913063691
IDH3B,0.0584504812001061,0.9444444444444444,1.0
CPXM1,-0.7619556556734455,0.7222222222222222,0.9526327507514194
PCED1A,1.562850882345754,0.3333333333333333,0.7714672075726842
VPS16,0.21397678245586782,0.8888888888888888,0.9842040002156449
PTPRA,-0.12416840126584727,0.7222222222222222,0.9526327507514194
MRPS26,0.9031751636608294,0.6388888888888888,0.9393265826953157
FASTKD5,0.8641326369299223,0.6944444444444444,0.9526327507514194
DDRGK1,1.1604355096870416,0.3888888888888889,0.8209476821872752
ITPA,2.718761922266923,0.16666666666666666,0.6630636913063691
C20orf194,0.1367681686212876,0.7777777777777778,0.9616866541443916
ATRN,2.314599346834152,0.16666666666666666,0.6630636913063691
C20orf27,0.9773479218914729,0.5,0.8663629460895975
CENPB,2.852263651366867,0.25,0.7407166969618281
CDC25B,1.3698403428173873,0.3055555555555556,0.7689432926530413
AP5S1,2.345481768442922,0.05555555555555555,0.6630636913063691
MAVS,-0.5182244377251797,0.4722222222222222,0.8663629460895975
PANK2,0.9407929233762236,0.6944444444444444,0.9526327507514194
RNF24,0.05408930847575011,0.9444444444444444,1.0
FTLP3,-0.2753392735664537,0.7222222222222222,0.9526327507514194
SMOX,2.3283327219031595,0.05555555555555555,0.6630636913063691
RPS4XP2,1.7322159427035562,0.2777777777777778,0.7530160238642064
PRNP,-0.511769489876249,0.1111111111111111,0.6630636913063691
RASSF2,-0.014630910053867296,1.0,1.0
SLC23A2,-2.0323363614365544,0.05555555555555555,0.6630636913063691
TMEM230,0.4690412037490246,0.4166666666666667,0.8228048921195339
PCNA,2.241008507642645,0.05555555555555555,0.6630636913063691
CDS2,2.684003184491625,0.05555555555555555,0.6630636913063691
UBE2D3P1,-1.1744891804300561,0.08333333333333333,0.6630636913063691
GPCPD1,0.12096843226620724,0.8888888888888888,0.9842040002156449
C20orf196,-0.07029246614543272,1.0,1.0
TRMT6,3.1835248842268675,0.05555555555555555,0.6630636913063691
MCM8,1.092752647254881,0.4722222222222222,0.8663629460895975
CRLS1,-0.7123317802539182,0.5555555555555556,0.9063324119086202
AL109618.1,0.8941178904972786,0.6111111111111112,0.9285893964279902
TMX4,-0.05880491661967202,0.8611111111111112,0.9842040002156449
PLCB1,2.3309044398296916,0.16666666666666666,0.6630636913063691
SDAD1P2,-0.1504693825220993,1.0,1.0
MKKS,0.021706393767892962,0.9722222222222222,1.0
SLX4IP,-0.12927520231552592,0.8888888888888888,0.9842040002156449
AL035456.1,-0.1231531996439037,1.0,1.0
JAG1,0.4184328226962877,0.8055555555555556,0.9696444353796996
BTBD3,1.49313675800274,0.25,0.7407166969618281
SPTLC3,0.38575870566038406,0.8333333333333334,0.9696444353796996
TASP1,1.234904830233016,0.4166666666666667,0.8228048921195339
ESF1,-0.08381549054562853,0.8055555555555556,0.9696444353796996
NDUFAF5,-0.2644151019589964,1.0,1.0
KIF16B,2.4875075249794847,0.25,0.7407166969618281
SNRPB2,-0.14804947772804145,0.7777777777777778,0.9616866541443916
DSTN,-0.007364044324213559,1.0,1.0
RRBP1,1.0165526007825214,0.1111111111111111,0.6630636913063691
SNX5,-0.26766038515875223,0.5277777777777778,0.8876686975890985
MGME1,-0.18390838496544681,0.6944444444444444,0.9526327507514194
PET117,-0.6978642931380326,0.8888888888888888,0.9842040002156449
KAT14,0.6403255360410007,0.6388888888888888,0.9393265826953157
ZNF133,0.18188494811047917,0.8333333333333334,0.9696444353796996
DZANK1,-2.0558448948787715,0.2777777777777778,0.7530160238642064
POLR3F,-1.0782983279733687,0.5,0.8663629460895975
RBBP9,2.788939005795293,0.1388888888888889,0.6630636913063691
RPS19P1,-0.8223258919498457,0.6388888888888888,0.9393265826953157
SEC23B,0.5403746109676559,0.1388888888888889,0.6630636913063691
SMIM26,1.3880323306907605,0.4444444444444444,0.8447628037832934
DTD1,0.781450483767058,0.25,0.7407166969618281
SLC24A3,2.1475525884049063,0.3055555555555556,0.7689432926530413
AL049647.1,-1.126698412863305,0.7222222222222222,0.9526327507514194
RIN2,-1.158648865456113,0.7222222222222222,0.9526327507514194
NAA20,-0.1427502005431469,0.7222222222222222,0.9526327507514194
CRNKL1,-0.6688116864068574,0.3333333333333333,0.7714672075726842
RALGAPA2,3.1264981145865396,0.05555555555555555,0.6630636913063691
KIZ,-2.3386384154097075,0.08333333333333333,0.6630636913063691
RPS15AP1,-2.1716658448407458,0.05555555555555555,0.6630636913063691
XRN2,-0.502387845771394,0.16666666666666666,0.6630636913063691
THBD,-0.31622841117179545,0.7222222222222222,0.9526327507514194
CD93,1.3892040603433093,0.4166666666666667,0.8228048921195339
NXT1,0.40440025373965627,0.7777777777777778,0.9616866541443916
GZF1,0.6381643712387421,0.9166666666666666,0.9920484365613835
NAPB,-0.27973343720718624,0.8888888888888888,0.9842040002156449
CST3,1.522404224029267,0.3611111111111111,0.797730450683016
CST7,-0.2433302482872497,0.9166666666666666,0.9920484365613835
APMAP,0.3242334249550005,0.3055555555555556,0.7689432926530413
ACSS1,0.1131206618582814,0.9444444444444444,1.0
PYGB,0.4531638578461523,0.8333333333333334,0.9696444353796996
ABHD12,1.2921349270477096,0.4722222222222222,0.8663629460895975
NANP,1.3489865783231036,0.25,0.7407166969618281
FRG1CP,-0.009487005526755521,1.0,1.0
FRG1BP,1.935940122720618,0.16666666666666666,0.6630636913063691
AL121723.1,-0.6616181097870926,0.8888888888888888,0.9842040002156449
HM13,2.220341163553861,0.1388888888888889,0.6630636913063691
ID1,3.809600507788666,0.05555555555555555,0.6630636913063691
BCL2L1,2.1472622103862733,0.3055555555555556,0.7689432926530413
TPX2,4.324670138018043,0.08333333333333333,0.6630636913063691
PDRG1,1.217993032561545,0.4166666666666667,0.8228048921195339
TM9SF4,-0.389744630942074,0.3055555555555556,0.7689432926530413
PLAGL2,0.3350132213333965,0.8055555555555556,0.9696444353796996
POFUT1,-0.7059652087419179,0.3888888888888889,0.8209476821872752
KIF3B,1.7466878207121437,0.25,0.7407166969618281
ASXL1,0.7700014726740307,0.2777777777777778,0.7530160238642064
NOL4L,-0.1734213054995548,0.7222222222222222,0.9526327507514194
COMMD7,2.387972570600463,0.05555555555555555,0.6630636913063691
MAPRE1,-0.7822265335047627,0.08333333333333333,0.6630636913063691
AL035071.1,-0.811361092059427,0.25,0.7407166969618281
CDK5RAP1,2.159601573999363,0.3055555555555556,0.7689432926530413
CBFA2T2,0.9164114142202373,0.05555555555555555,0.6630636913063691
PXMP4,-0.0666547975186389,0.75,0.9526327507514194
CHMP4B,-0.0989535461973654,0.8888888888888888,0.9842040002156449
RALY,3.3964142102847292,0.2222222222222222,0.7242375194388904
EIF2S2,0.578794015229712,0.3888888888888889,0.8209476821872752
AL035458.1,0.4792024439903195,0.8888888888888888,0.9842040002156449
AHCY,3.8041071944610154,0.05555555555555555,0.6630636913063691
ITCH,0.07024194753095969,0.8888888888888888,0.9842040002156449
DYNLRB1,1.1302570852330858,0.08333333333333333,0.6630636913063691
MAP1LC3A,2.4854813222206595,0.1388888888888889,0.6630636913063691
NCOA6,-0.21466300211136513,0.7222222222222222,0.9526327507514194
TP53INP2,0.9885616037439608,0.7222222222222222,0.9526327507514194
GGT7,1.1131725699996564,0.4444444444444444,0.8447628037832934
ACSS2,1.1728372909539289,0.3333333333333333,0.7714672075726842
GSS,2.339838721846197,0.1388888888888889,0.6630636913063691
TRPC4AP,1.9153479315181934,0.19444444444444445,0.6998773221170698
EDEM2,0.09187122140291137,0.8888888888888888,0.9842040002156449
PROCR,0.33837338128161054,0.7222222222222222,0.9526327507514194
MMP24OS,-0.1396340876965132,0.75,0.9526327507514194
EIF6,0.7012452245902203,0.19444444444444445,0.6998773221170698
UQCC1,1.128653977633552,0.3333333333333333,0.7714672075726842
CEP250,1.6271977813323626,0.4166666666666667,0.8228048921195339
ERGIC3,2.2988581395808168,0.08333333333333333,0.6630636913063691
FER1L4,0.7859970380545444,0.6666666666666666,0.9393265826953157
CPNE1,1.0965363405668027,0.2777777777777778,0.7530160238642064
RBM12,-0.7203175005880693,0.16666666666666666,0.6630636913063691
NFS1,1.52150037629491,0.1111111111111111,0.6630636913063691
ROMO1,2.1026766797495755,0.2222222222222222,0.7242375194388904
RBM39,-0.12990754693661444,0.6944444444444444,0.9526327507514194
PHF20,-0.3881645975094088,0.3333333333333333,0.7714672075726842
SCAND1,1.8578883385527336,0.16666666666666666,0.6630636913063691
NORAD,-0.3667977077698339,0.16666666666666666,0.6630636913063691
EPB41L1,0.5438742867719002,0.19444444444444445,0.6998773221170698
AAR2,2.8999697599730427,0.05555555555555555,0.6630636913063691
DLGAP4,1.9137122930941932,0.19444444444444445,0.6998773221170698
MYL9,0.14756469746082423,0.8333333333333334,0.9696444353796996
TGIF2,-1.1874377344799312,0.05555555555555555,0.6630636913063691
SLA2,1.9635482333383667,0.19444444444444445,0.6998773221170698
NDRG3,1.3149942266185861,0.5833333333333334,0.9145140606393699
DSN1,2.108800239690293,0.19444444444444445,0.6998773221170698
SOGA1,2.096334094181463,0.3055555555555556,0.7689432926530413
TLDC2,-0.2854142376548561,0.6111111111111112,0.9285893964279902
SAMHD1,-1.3748138848496807,0.05555555555555555,0.6630636913063691
RBL1,0.5068079997881121,0.8611111111111112,0.9842040002156449
RPN2,-0.014501279369937059,0.9444444444444444,1.0
MANBAL,0.26683443705375476,0.9444444444444444,1.0
SRC,1.4012924083519107,0.3333333333333333,0.7714672075726842
BLCAP,-1.676473320538161,0.1388888888888889,0.6630636913063691
CTNNBL1,-0.4928045028935655,0.1388888888888889,0.6630636913063691
TTI1,2.7263360938954517,0.1111111111111111,0.6630636913063691
RPRD1B,-0.5105402856258996,0.1388888888888889,0.6630636913063691
TGM2,0.6754655789049195,0.8333333333333334,0.9696444353796996
SNHG17,0.14766737316627676,0.9444444444444444,1.0
RALGAPB,0.29896572725202564,0.4166666666666667,0.8228048921195339
ACTR5,0.8002968587927455,0.5277777777777778,0.8876686975890985
PPP1R16B,0.7234739773670111,0.5833333333333334,0.9145140606393699
FAM83D,2.4078809141243664,0.05555555555555555,0.6630636913063691
DHX35,-0.6335028677092387,0.6111111111111112,0.9285893964279902
MAFB,0.35230797498727395,0.75,0.9526327507514194
TOP1,0.07531705775596009,0.8333333333333334,0.9696444353796996
PLCG1,-0.6476734068397922,0.7222222222222222,0.9526327507514194
ZHX3,2.8923772762234288,0.05555555555555555,0.6630636913063691
CHD6,-0.5021669028120543,0.5833333333333334,0.9145140606393699
SRSF6,-0.22419787501254618,0.5277777777777778,0.8876686975890985
IFT52,-0.4424176960661388,0.4722222222222222,0.8663629460895975
OSER1,-0.3583192836565794,0.8611111111111112,0.9842040002156449
OSER1-AS1,-0.04908591834605991,0.8888888888888888,0.9842040002156449
FITM2,-0.6616181097870926,0.8888888888888888,0.9842040002156449
RPL37AP1,-0.5037369983306368,0.4444444444444444,0.8447628037832934
TTPAL,1.0209828511030306,0.5,0.8663629460895975
SERINC3,-0.8282083914597553,0.05555555555555555,0.6630636913063691
PKIG,0.611259528689434,0.4722222222222222,0.8663629460895975
YWHAB,-0.08481102530235063,0.8055555555555556,0.9696444353796996
PABPC1L,1.5062794606983156,0.25,0.7407166969618281
TOMM34,1.102544703013972,0.3055555555555556,0.7689432926530413
STK4,-0.5174080848745124,0.05555555555555555,0.6630636913063691
SLPI,0.941283611288734,0.5555555555555556,0.9063324119086202
SDC4,0.5768133382698435,0.6666666666666666,0.9393265826953157
SYS1,2.506646363316173,0.05555555555555555,0.6630636913063691
PIGT,1.946240553010131,0.3333333333333333,0.7714672075726842
DNTTIP1,0.5894326992476793,0.7222222222222222,0.9526327507514194
UBE2C,2.491706112312751,0.16666666666666666,0.6630636913063691
ACOT8,0.43630897891403864,0.75,0.9526327507514194
ZSWIM3,-1.5742410437958112,0.2777777777777778,0.7530160238642064
ZSWIM1,-0.8841386284033206,0.5,0.8663629460895975
CTSA,0.749758754566185,0.6111111111111112,0.9285893964279902
PCIF1,2.369384848844903,0.08333333333333333,0.6630636913063691
ZNF335,1.3039734282209818,0.3611111111111111,0.797730450683016
NCOA5,1.1858252441521198,0.5277777777777778,0.8876686975890985
SLC35C2,1.4140326274373511,0.3611111111111111,0.797730450683016
ELMO2,-0.5312966214651142,0.3888888888888889,0.8209476821872752
ZNF334,-0.047737720240433656,1.0,1.0
TP53RK,0.9785241620166283,0.75,0.9526327507514194
SLC2A10,1.9638280550205303,0.1388888888888889,0.6630636913063691
ZMYND8,-0.12421931269108821,0.6388888888888888,0.9393265826953157
NCOA3,-0.2818789206231518,0.4722222222222222,0.8663629460895975
PREX1,-0.02513118283548943,1.0,1.0
ARFGEF2,-0.10780178174414434,0.8055555555555556,0.9696444353796996
CSE1L,-0.623816584492328,0.2222222222222222,0.7242375194388904
STAU1,-0.38007529973628085,0.08333333333333333,0.6630636913063691
ARPC3P1,0.17941358488619308,0.6111111111111112,0.9285893964279902
DDX27,-0.7955766010189533,0.08333333333333333,0.6630636913063691
ZNFX1,1.598599782503824,0.3888888888888889,0.8209476821872752
ZFAS1,0.2381960123302731,0.6666666666666666,0.9393265826953157
B4GALT5,0.7044786028237695,0.5,0.8663629460895975
SNRPFP1,0.11083457614255288,0.9166666666666666,0.9920484365613835
SLC9A8,-0.40502689569471073,0.4722222222222222,0.8663629460895975
SPATA2,-0.6015240031003,0.6666666666666666,0.9393265826953157
RNF114,1.3316928460840392,0.5,0.8663629460895975
SNAI1,0.04348667661187999,1.0,1.0
TMEM189,1.7088280737930277,0.3888888888888889,0.8209476821872752
CEBPB,1.7169241363738825,0.3888888888888889,0.8209476821872752
PTPN1,-0.6030472752517619,0.2777777777777778,0.7530160238642064
BCAS4,2.1043968419532213,0.16666666666666666,0.6630636913063691
ADNP,-0.15447645520850362,0.25,0.7407166969618281
DPM1,-1.0100810377248415,0.3888888888888889,0.8209476821872752
NFATC2,0.023545846290397243,0.9444444444444444,1.0
ZFP64,2.3529304863844915,0.08333333333333333,0.6630636913063691
ZNF217,-0.2670383890542478,0.75,0.9526327507514194
PFDN4,-0.06311505283599761,0.9444444444444444,1.0
RPL12P4,-0.0033603140425153555,1.0,1.0
FAM210B,0.1480614866444876,0.8055555555555556,0.9696444353796996
AURKA,3.303453726443536,0.2222222222222222,0.7242375194388904
CSTF1,-2.642049120717064,0.05555555555555555,0.6630636913063691
CASS4,1.1510093545469533,0.6388888888888888,0.9393265826953157
RTFDC1,-0.08140993524123896,0.9444444444444444,1.0
BMP7,2.43282733640867,0.16666666666666666,0.6630636913063691
RAE1,0.28810774093996017,0.75,0.9526327507514194
RBM38,-1.3510307048273287,0.5833333333333334,0.9145140606393699
HMGB1P1,-0.25840477256283956,1.0,1.0
ZBP1,1.7577148429096279,0.2777777777777778,0.7530160238642064
PMEPA1,2.9278069736501102,0.08333333333333333,0.6630636913063691
PPP4R1L,1.8600806401877508,0.16666666666666666,0.6630636913063691
RAB22A,0.32956091810185395,0.5555555555555556,0.9063324119086202
VAPB,-1.1868284348116118,0.5833333333333334,0.9145140606393699
STX16,-0.2570365982138698,0.5277777777777778,0.8876686975890985
NPEPL1,-0.5866490543027263,0.7222222222222222,0.9526327507514194
GNAS,0.14658123847162585,0.5,0.8663629460895975
NELFCD,0.8932856937951255,0.7222222222222222,0.9526327507514194
CTSZ,-0.1093056880928307,0.9166666666666666,0.9920484365613835
ATP5E,0.09010938700770055,0.6944444444444444,0.9526327507514194
PRELID3B,0.7215409103324957,0.4444444444444444,0.8447628037832934
FAM217B,-0.029893324139871336,1.0,1.0
PPP1R3D,-2.039027543289239,0.2777777777777778,0.7530160238642064
TAF4,0.7927650632003842,0.7222222222222222,0.9526327507514194
LSM14B,0.702776245670556,0.75,0.9526327507514194
PSMA7,0.2515547786354926,0.5833333333333334,0.9145140606393699
SS18L1,-1.0002683564864339,0.19444444444444445,0.6998773221170698
MTG2,1.7152939252919948,0.25,0.7407166969618281
OSBPL2,-1.0699106874215376,0.2777777777777778,0.7530160238642064
ADRM1,1.7945660741114038,0.4444444444444444,0.8447628037832934
LAMA5,3.068982980289717,0.16666666666666666,0.6630636913063691
RPS21,-0.2126865469716872,0.3333333333333333,0.7714672075726842
CABLES2,0.9242296802130542,0.6666666666666666,0.9393265826953157
SLCO4A1,1.4531825169397412,0.3333333333333333,0.7714672075726842
MRGBP,0.398775124478814,0.4166666666666667,0.8228048921195339
OGFR,2.034927128944103,0.05555555555555555,0.6630636913063691
DIDO1,-1.4479798951171707,0.05555555555555555,0.6630636913063691
GID8,-0.26314039820819257,0.7222222222222222,0.9526327507514194
SLC17A9,0.3892027465220851,0.7777777777777778,0.9616866541443916
YTHDF1,-0.9610383856528149,0.08333333333333333,0.6630636913063691
ARFGAP1,2.196833289544262,0.2777777777777778,0.7530160238642064
PPDPF,0.30177133396947475,0.4444444444444444,0.8447628037832934
PTK6,1.1636986641040756,0.4166666666666667,0.8228048921195339
HELZ2,1.5478792919580067,0.3611111111111111,0.797730450683016
GMEB2,2.542052925693013,0.05555555555555555,0.6630636913063691
STMN3,1.179294315274369,0.4444444444444444,0.8447628037832934
ARFRP1,2.8498612952281968,0.05555555555555555,0.6630636913063691
SLC2A4RG,0.5212391123392913,0.75,0.9526327507514194
ZBTB46,-0.2129457478672232,0.8888888888888888,0.9842040002156449
TPD52L2,0.4600338660818064,0.3333333333333333,0.7714672075726842
DNAJC5,2.914744702926183,0.1111111111111111,0.6630636913063691
UCKL1,1.315427306539759,0.6388888888888888,0.9393265826953157
ZNF512B,0.009902090170620603,1.0,1.0
SAMD10,0.5636509234517911,0.8333333333333334,0.9696444353796996
PRPF6,0.8998362556914143,0.3055555555555556,0.7689432926530413
SOX18,2.0543101473049945,0.1388888888888889,0.6630636913063691
TCEA2,2.062799568602716,0.25,0.7407166969618281
RGS19,-0.49372002906005985,0.3333333333333333,0.7714672075726842
PCMTD2,-0.772464826863259,0.1111111111111111,0.6630636913063691
CDC34,-0.19118240455622804,1.0,1.0
BSG,1.4474356610867725,0.19444444444444445,0.6998773221170698
POLRMT,3.346138352845307,0.05555555555555555,0.6630636913063691
RNF126,1.4527022614918015,0.3333333333333333,0.7714672075726842
PTBP1,0.5219935969206064,0.3611111111111111,0.797730450683016
CFD,0.3237687708159239,0.8333333333333334,0.9696444353796996
MED16,0.40708316192094673,0.8333333333333334,0.9696444353796996
R3HDM4,0.3949189171390497,0.6111111111111112,0.9285893964279902
ARID3A,2.9082000319596926,0.08333333333333333,0.6630636913063691
WDR18,1.8004688314517192,0.2222222222222222,0.7242375194388904
TMEM259,1.6827489686524142,0.5,0.8663629460895975
CNN2,-0.3670685478776159,0.6111111111111112,0.9285893964279902
ABCA7,1.449417818990025,0.4444444444444444,0.8447628037832934
ARHGAP45,2.36346830109306,0.05555555555555555,0.6630636913063691
POLR2E,0.6031013776503862,0.08333333333333333,0.6630636913063691
GPX4,2.7608763888248977,0.3055555555555556,0.7689432926530413
SBNO2,0.2343528807680859,0.8333333333333334,0.9696444353796996
STK11,0.3105520460580449,0.7777777777777778,0.9616866541443916
ATP5D,2.9182250491208936,0.19444444444444445,0.6998773221170698
MIDN,1.9680306972814963,0.5555555555555556,0.9063324119086202
CIRBP,-0.13263946615300348,0.7222222222222222,0.9526327507514194
C19orf24,2.8412731288278046,0.25,0.7407166969618281
MUM1,2.128532187591314,0.2777777777777778,0.7530160238642064
NDUFS7,-0.07004594137868603,1.0,1.0
GAMT,-0.681581417002756,0.7222222222222222,0.9526327507514194
DAZAP1,0.44478891261667375,0.4444444444444444,0.8447628037832934
RPS15,1.8433990136810303,0.2222222222222222,0.7242375194388904
MEX3D,1.6770908766331343,0.19444444444444445,0.6998773221170698
MBD3,-0.631757864148589,0.75,0.9526327507514194
UQCR11,2.1788739131971067,0.3055555555555556,0.7689432926530413
TCF3,2.0963883826670116,0.25,0.7407166969618281
ATP8B3,2.008464258910344,0.16666666666666666,0.6630636913063691
REXO1,0.3426544877393384,0.75,0.9526327507514194
KLF16,1.4714021213689734,0.3333333333333333,0.7714672075726842
ABHD17A,2.1463338570618835,0.16666666666666666,0.6630636913063691
SCAMP4,1.0909552247517211,0.4444444444444444,0.8447628037832934
CSNK1G2,1.2940911957363155,0.6111111111111112,0.9285893964279902
BTBD2,1.9072063354076616,0.19444444444444445,0.6998773221170698
MKNK2,0.4581306662878477,0.4722222222222222,0.8663629460895975
MOB3A,0.07057394656914884,0.9166666666666666,0.9920484365613835
AP3D1,0.8147732523875497,0.5555555555555556,0.9063324119086202
DOT1L,0.9429840299673067,0.5833333333333334,0.9145140606393699
PLEKHJ1,2.015123645620538,0.16666666666666666,0.6630636913063691
SF3A2,0.24455255133237852,0.7777777777777778,0.9616866541443916
OAZ1,0.22783881348570922,0.3611111111111111,0.797730450683016
PEAK3,0.2640814034851515,0.7222222222222222,0.9526327507514194
LSM7,1.6551103748269984,0.4166666666666667,0.8228048921195339
SPPL2B,0.18713738058994656,0.9722222222222222,1.0
TIMM13,0.11761011657908238,0.8888888888888888,0.9842040002156449
LMNB2,2.4931924513980914,0.05555555555555555,0.6630636913063691
GADD45B,-0.13638004734099773,0.8888888888888888,0.9842040002156449
GNG7,-1.8163442329220847,0.2777777777777778,0.7530160238642064
SLC39A3,1.9590119343237036,0.16666666666666666,0.6630636913063691
SGTA,2.4068719074838345,0.25,0.7407166969618281
ZNF555,1.7618693651790558,0.16666666666666666,0.6630636913063691
ZNF57,-2.2793458301947838,0.2777777777777778,0.7530160238642064
ZNF77,-0.38066085884692713,0.9166666666666666,0.9920484365613835
AES,0.7465070425846863,0.6944444444444444,0.9526327507514194
GNA11,0.873538541476413,0.6666666666666666,0.9393265826953157
GNA15,0.05863496540166668,0.9444444444444444,1.0
NCLN,2.8955508558748533,0.05555555555555555,0.6630636913063691
NFIC,0.36704046540949875,0.75,0.9526327507514194
SMIM24,2.40348024653264,0.16666666666666666,0.6630636913063691
DOHH,1.4301667355278425,0.3333333333333333,0.7714672075726842
FZR1,2.115601062369393,0.16666666666666666,0.6630636913063691
HMG20B,3.3348694505015555,0.16666666666666666,0.6630636913063691
CACTIN,3.6091439717525597,0.05555555555555555,0.6630636913063691
PIP5K1C,-0.04234035800301683,0.8055555555555556,0.9696444353796996
APBA3,1.2442549526590716,0.5,0.8663629460895975
MRPL54,1.7917960025065631,0.16666666666666666,0.6630636913063691
MATK,3.051266343898333,0.05555555555555555,0.6630636913063691
DAPK3,1.2369986776998838,0.5,0.8663629460895975
EEF2,0.23490115186165283,0.2222222222222222,0.7242375194388904
PIAS4,1.5937379438567763,0.25,0.7407166969618281
ZBTB7A,-0.05412420419557851,0.8055555555555556,0.9696444353796996
MAP2K2,2.425378991256105,0.25,0.7407166969618281
SIRT6,-0.36633203649123747,1.0,1.0
CCDC94,3.389479865820926,0.05555555555555555,0.6630636913063691
MPND,2.213511753544056,0.05555555555555555,0.6630636913063691
SH3GL1,0.09350078280142515,0.8055555555555556,0.9696444353796996
CHAF1A,1.616968398779814,0.2777777777777778,0.7530160238642064
UBXN6,2.170754306730398,0.2777777777777778,0.7530160238642064
HDGFL2,1.0822602482881445,0.4166666666666667,0.8228048921195339
LRG1,-2.2334130910530847,0.3888888888888889,0.8209476821872752
TNFAIP8L1,0.6964608960853074,0.3611111111111111,0.797730450683016
MYDGF,0.7112863228775943,0.3055555555555556,0.7689432926530413
DPP9,0.23601723215242387,0.75,0.9526327507514194
TICAM1,-1.5659327592098893,0.2222222222222222,0.7242375194388904
PLIN3,1.338469026608232,0.6111111111111112,0.9285893964279902
KDM4B,1.021993998255072,0.6666666666666666,0.9393265826953157
SNRPEP4,-0.30626454685563154,0.6388888888888888,0.9393265826953157
SAFB2,-0.5157387904764184,0.3055555555555556,0.7689432926530413
SAFB,-0.16246396821000442,0.9166666666666666,0.9920484365613835
RPL36,0.0900255783170767,0.8055555555555556,0.9696444353796996
C19orf70,2.435462217733056,0.3333333333333333,0.7714672075726842
LONP1,-0.6438789439269748,0.6388888888888888,0.9393265826953157
DUS3L,0.43024944704515766,0.8333333333333334,0.9696444353796996
NDUFA11,0.12802275234008942,0.9444444444444444,1.0
CAPS,1.5883167998469414,0.3055555555555556,0.7689432926530413
RANBP3,1.3125342501369157,0.4722222222222222,0.8663629460895975
RFX2,2.7601884617640056,0.08333333333333333,0.6630636913063691
MLLT1,0.7850996910145431,0.25,0.7407166969618281
CLPP,1.4007857365069305,0.25,0.7407166969618281
ALKBH7,-0.8627187043556281,0.5833333333333334,0.9145140606393699
PSPN,-0.6980699773560035,0.5277777777777778,0.8876686975890985
GTF2F1,0.9091153285983138,0.3611111111111111,0.797730450683016
KHSRP,0.8937797907063221,0.25,0.7407166969618281
DENND1C,1.7125195136502147,0.3333333333333333,0.7714672075726842
TNFSF9,0.7423371911376608,0.6666666666666666,0.9393265826953157
TNFSF14,2.2538460834595018,0.2222222222222222,0.7242375194388904
C3,0.3426544877393384,0.75,0.9526327507514194
GPR108,0.03594524970814206,0.9444444444444444,1.0
TRIP10,2.778957166869477,0.05555555555555555,0.6630636913063691
VAV1,1.4984909584833224,0.08333333333333333,0.6630636913063691
ADGRE4P,0.1885016734749324,1.0,1.0
ZNF557,0.030236155898070827,0.9444444444444444,1.0
INSR,-0.5220386220890787,0.75,0.9526327507514194
ZNF358,-0.8241633694785957,0.25,0.7407166969618281
MCOLN1,0.8081525197756916,0.6666666666666666,0.9393265826953157
PNPLA6,2.3327342938225466,0.25,0.7407166969618281
XAB2,0.7606012451533521,0.6666666666666666,0.9393265826953157
PET100,1.8891494740666301,0.16666666666666666,0.6630636913063691
STXBP2,2.603375992512424,0.1111111111111111,0.6630636913063691
EVI5L,2.42991418834188,0.16666666666666666,0.6630636913063691
MAP2K7,1.4745595990021525,0.3333333333333333,0.7714672075726842
SNAPC2,1.427946159072421,0.4166666666666667,0.8228048921195339
ELAVL1,-0.04746509138691213,0.7222222222222222,0.9526327507514194
CERS4,1.4437788754075371,0.4444444444444444,0.8447628037832934
RPS28,-0.6399908373002967,0.6111111111111112,0.9285893964279902
RAB11B,0.10473638284388453,0.8055555555555556,0.9696444353796996
MARCH2,-0.25032632364314544,1.0,1.0
HNRNPM,-0.18025889108871596,0.5555555555555556,0.9063324119086202
MYO1F,-0.04052414338199117,0.9722222222222222,1.0
ADAMTS10,2.776360303371062,0.16666666666666666,0.6630636913063691
ZNF558,1.47599729338183,0.4166666666666667,0.8228048921195339
ZNF317,-0.6067669140458722,0.5833333333333334,0.9145140606393699
ZNF559,1.9778672593175046,0.25,0.7407166969618281
ZNF266,1.7184645000281362,0.3333333333333333,0.7714672075726842
ZNF426,1.1946150660189119,0.5,0.8663629460895975
ZNF121,0.2068713658618626,0.9444444444444444,1.0
ZNF561,0.9539710753727846,0.6111111111111112,0.9285893964279902
ZNF562,2.654718454524194,0.16666666666666666,0.6630636913063691
ZNF846,-0.542120610080671,0.7777777777777778,0.9616866541443916
FBXL12,1.3540906469547,0.3333333333333333,0.7714672075726842
UBL5,0.4199942496225617,0.3055555555555556,0.7689432926530413
PIN1,2.3621722230893516,0.2777777777777778,0.7530160238642064
C19orf66,-0.04527551464621116,1.0,1.0
P2RY11,2.0114701410610087,0.16666666666666666,0.6630636913063691
EIF3G,-1.1147732025552646,0.9722222222222222,1.0
DNMT1,-0.2533343095206426,0.5555555555555556,0.9063324119086202
S1PR2,2.2997873056889704,0.2222222222222222,0.7242375194388904
MRPL4,2.2184804709763157,0.16666666666666666,0.6630636913063691
ICAM1,-0.8408072866581131,0.2222222222222222,0.7242375194388904
TYK2,1.4611679508214102,0.5833333333333334,0.9145140606393699
CDC37,0.5801164599861943,0.4722222222222222,0.8663629460895975
PDE4A,-0.06484758121085843,0.7777777777777778,0.9616866541443916
KEAP1,2.075284634390004,0.3333333333333333,0.7714672075726842
KRI1,-0.378016922677872,0.8333333333333334,0.9696444353796996
CDKN2D,-0.5337350198924975,0.4444444444444444,0.8447628037832934
SLC44A2,0.6748837799669136,0.5277777777777778,0.8876686975890985
ILF3-AS1,1.8586492064244653,0.2222222222222222,0.7242375194388904
ILF3,0.2606996025975308,0.5555555555555556,0.9063324119086202
QTRT1,2.4810815720589816,0.16666666666666666,0.6630636913063691
DNM2,0.6017637286026689,0.5555555555555556,0.9063324119086202
YIPF2,2.988577806481566,0.05555555555555555,0.6630636913063691
TIMM29,1.206725404213727,0.3611111111111111,0.797730450683016
SMARCA4,0.6530185894776199,0.75,0.9526327507514194
LDLR,2.7028724338836074,0.1111111111111111,0.6630636913063691
SPC24,2.125149686861285,0.16666666666666666,0.6630636913063691
KANK2,-0.7622321250968298,0.25,0.7407166969618281
AC011472.2,2.7539427168164092,0.05555555555555555,0.6630636913063691
RAB3D,2.355027986491307,0.08333333333333333,0.6630636913063691
TMEM205,2.5944788805668533,0.05555555555555555,0.6630636913063691
CCDC159,2.333150886899837,0.2777777777777778,0.7530160238642064
PLPPR2,-0.4652756940649079,0.7222222222222222,0.9526327507514194
SWSAP1,-0.15085813376071777,1.0,1.0
EPOR,-0.45088826635239787,0.1388888888888889,0.6630636913063691
PRKCSH,0.8893682799804674,0.3055555555555556,0.7689432926530413
ECSIT,0.4697346051417459,1.0,1.0
ELOF1,-0.3584771814795138,0.8333333333333334,0.9696444353796996
ZNF627,-0.9097827749298077,0.5277777777777778,0.8876686975890985
ACP5,2.5241927576976515,0.05555555555555555,0.6630636913063691
ZNF441,2.5217520779865494,0.05555555555555555,0.6630636913063691
ZNF440,2.448068949243092,0.05555555555555555,0.6630636913063691
ZNF439,-0.04488378629749956,0.9444444444444444,1.0
ZNF69,1.7582191728532182,0.2222222222222222,0.7242375194388904
ZNF700,2.2139834255804143,0.2222222222222222,0.7242375194388904
ZNF763,1.2983156847185433,0.3333333333333333,0.7714672075726842
AC008770.1,-0.3387656364616549,0.7777777777777778,0.9616866541443916
ZNF433,0.8958270931860294,0.5,0.8663629460895975
ZNF844,-1.3556470251960002,0.16666666666666666,0.6630636913063691
ZNF136,1.74497934349355,0.2777777777777778,0.7530160238642064
ZNF44,2.195328449625563,0.2222222222222222,0.7242375194388904
ZNF791,-0.74684795802114,0.75,0.9526327507514194
RPL10P16,0.7477340500782979,0.7777777777777778,0.9616866541443916
MAN2B1,1.8832249892341917,0.16666666666666666,0.6630636913063691
WDR83OS,0.6933813114628204,0.1388888888888889,0.6630636913063691
DHPS,1.0389417727681007,0.5,0.8663629460895975
TNPO2,0.4856235038693084,0.4166666666666667,0.8228048921195339
TRIR,0.7625028299780405,0.1388888888888889,0.6630636913063691
ASNA1,2.7756581409453593,0.19444444444444445,0.6998773221170698
HOOK2,2.0813951691548387,0.2222222222222222,0.7242375194388904
JUNB,0.7165307115758743,0.5555555555555556,0.9063324119086202
PRDX2,1.179717342602847,0.4444444444444444,0.8447628037832934
RNASEH2A,4.344140883263895,0.05555555555555555,0.6630636913063691
DNASE2,0.3512515372864691,0.5833333333333334,0.9145140606393699
GCDH,0.12150637278514553,1.0,1.0
RPS6P25,1.9660232625402698,0.1388888888888889,0.6630636913063691
FARSA,0.14918998867420097,0.75,0.9526327507514194
CALR,1.025645321413445,0.05555555555555555,0.6630636913063691
RAD23A,1.9795015324630438,0.2222222222222222,0.7242375194388904
GADD45GIP1,1.0669309187163383,0.6666666666666666,0.9393265826953157
NFIX,-0.5701897979212882,0.5833333333333334,0.9145140606393699
LYL1,0.3399914987196153,0.7222222222222222,0.9526327507514194
TRMT1,1.6780242405846013,0.2777777777777778,0.7530160238642064
NACC1,2.9335927409292206,0.1388888888888889,0.6630636913063691
STX10,0.9508218139970745,0.6666666666666666,0.9393265826953157
IER2,-0.8875505243276116,0.4166666666666667,0.8228048921195339
CCDC130,0.7434485599152567,0.7777777777777778,0.9616866541443916
MRI1,-0.689857320513227,0.6666666666666666,0.9393265826953157
C19orf53,0.43172172800956066,0.16666666666666666,0.6630636913063691
ZSWIM4,1.5917793393594093,0.19444444444444445,0.6998773221170698
AC020916.1,3.987070083808318,0.05555555555555555,0.6630636913063691
CC2D1A,1.293027464571781,0.3333333333333333,0.7714672075726842
DCAF15,-0.9312535457310069,0.75,0.9526327507514194
RFX1,-0.3013195919823719,0.8055555555555556,0.9696444353796996
IL27RA,4.120614376384714,0.05555555555555555,0.6630636913063691
EEF1DP1,2.3021281592736353,0.08333333333333333,0.6630636913063691
SAMD1,2.4017285559308514,0.08333333333333333,0.6630636913063691
PRKACA,1.7440620063843766,0.5,0.8663629460895975
ADGRL1,-0.04233812270197124,0.8888888888888888,0.9842040002156449
ADGRE5,-0.0421866992316291,1.0,1.0
DDX39A,-0.48901962713301206,0.3611111111111111,0.797730450683016
PKN1,3.8056017538706732,0.1111111111111111,0.6630636913063691
GIPC1,1.2648613824583879,0.5833333333333334,0.9145140606393699
SNRPGP15,-0.32486545359547114,0.7777777777777778,0.9616866541443916
DNAJB1,-0.7353697726225912,0.3055555555555556,0.7689432926530413
TECR,1.4851875937673027,0.3611111111111111,0.797730450683016
NDUFB7,1.1516136581187442,0.6944444444444444,0.9526327507514194
ZNF333,-0.09150216385343768,0.9444444444444444,1.0
ADGRE2,-0.12257354655179409,0.8055555555555556,0.9696444353796996
ILVBL,2.542052925693013,0.05555555555555555,0.6630636913063691
NOTCH3,0.762279482180216,0.5,0.8663629460895975
BRD4,1.3277566763689546,0.1111111111111111,0.6630636913063691
AKAP8,-0.6953710179568402,0.3611111111111111,0.797730450683016
AKAP8L,0.7037363387228273,0.8055555555555556,0.9696444353796996
WIZ,3.6578650089734164,0.05555555555555555,0.6630636913063691
RASAL3,-0.13978407130683834,0.8611111111111112,0.9842040002156449
CYP4F22,1.8987977029825878,0.25,0.7407166969618281
RPL23AP2,-0.7761826842535431,0.25,0.7407166969618281
LINC01835,0.09649147360196508,0.9166666666666666,0.9920484365613835
TPM4,1.1121426311123468,0.05555555555555555,0.6630636913063691
RAB8A,2.964187444646176,0.2222222222222222,0.7242375194388904
HSH2D,0.7052614567747963,0.6666666666666666,0.9393265826953157
FAM32A,-0.5241455996221562,0.5,0.8663629460895975
AP1M1,1.9118577826097303,0.2222222222222222,0.7242375194388904
KLF2,-0.16749278523128464,0.9166666666666666,0.9920484365613835
EPS15L1,3.2396317114608646,0.19444444444444445,0.6998773221170698
SLC35E1,0.5208092595375264,0.1388888888888889,0.6630636913063691
MED26,-0.17697424569452402,0.9166666666666666,0.9920484365613835
SMIM7,1.9200317137562135,0.16666666666666666,0.6630636913063691
AC024075.2,-1.8328845024615408,0.3333333333333333,0.7714672075726842
AC024075.1,-2.3746347793586082,0.2777777777777778,0.7530160238642064
SIN3B,-0.7375694785236888,0.05555555555555555,0.6630636913063691
F2RL3,2.1589277354936116,0.16666666666666666,0.6630636913063691
MYO9B,2.205298047665509,0.2222222222222222,0.7242375194388904
USE1,1.2497044029305493,0.1388888888888889,0.6630636913063691
OCEL1,2.643186453904096,0.05555555555555555,0.6630636913063691
NR2F6,2.3615810511966533,0.08333333333333333,0.6630636913063691
BABAM1,1.5090985950280227,0.25,0.7407166969618281
ABHD8,2.42406348692688,0.1388888888888889,0.6630636913063691
MRPL34,0.6415224301383757,0.1111111111111111,0.6630636913063691
DDA1,1.8212207794569184,0.3055555555555556,0.7689432926530413
ANO8,0.5007998632264838,0.5555555555555556,0.9063324119086202
GTPBP3,0.619675137344005,0.6944444444444444,0.9526327507514194
PLVAP,3.4020234694631406,0.16666666666666666,0.6630636913063691
BST2,0.46509914616576165,0.2777777777777778,0.7530160238642064
BISPR,0.96395807050913,0.5833333333333334,0.9145140606393699
MVB12A,3.321445246902313,0.08333333333333333,0.6630636913063691
SLC27A1,2.443931210264733,0.2222222222222222,0.7242375194388904
PGLS,1.821864076416914,0.4166666666666667,0.8228048921195339
COLGALT1,-0.34645283921077663,0.5833333333333334,0.9145140606393699
FCHO1,2.5660096031149466,0.16666666666666666,0.6630636913063691
JAK3,1.8459330968600445,0.19444444444444445,0.6998773221170698
RPL18A,-0.578883969830291,0.8888888888888888,0.9842040002156449
CCDC124,3.1639809844748465,0.1111111111111111,0.6630636913063691
ARRDC2,1.2743294719425355,0.7777777777777778,0.9616866541443916
IL12RB1,1.8025084264895093,0.2222222222222222,0.7242375194388904
MPV17L2,0.7140928963232156,0.75,0.9526327507514194
JUND,0.45220989280562485,0.6111111111111112,0.9285893964279902
LSM4,0.620778493603952,0.3055555555555556,0.7689432926530413
PGPEP1,-0.11247619105468232,0.8888888888888888,0.9842040002156449
GDF15,2.180700497257596,0.4444444444444444,0.8447628037832934
LRRC25,2.340153716503377,0.2777777777777778,0.7530160238642064
SSBP4,1.0405573798260277,0.6666666666666666,0.9393265826953157
ISYNA1,2.3836955201835783,0.25,0.7407166969618281
ELL,-1.082324949853323,0.5833333333333334,0.9145140606393699
FKBP8,1.9446377781308721,0.4166666666666667,0.8228048921195339
KXD1,2.8310977781186164,0.1388888888888889,0.6630636913063691
AC005253.1,-2.437830736828483,0.16666666666666666,0.6630636913063691
UBA52,0.6142596046593667,0.2777777777777778,0.7530160238642064
REX1BD,2.071782440641698,0.4166666666666667,0.8228048921195339
KLHL26,-0.004166412344481785,1.0,1.0
CRTC1,1.9665829540909006,0.16666666666666666,0.6630636913063691
UPF1,2.1945148749350536,0.1111111111111111,0.6630636913063691
COPE,2.469734322949869,0.3055555555555556,0.7689432926530413
DDX49,0.46390233497701194,0.8333333333333334,0.9696444353796996
HOMER3,1.8165455087520168,0.25,0.7407166969618281
AC002985.2,-0.6167017990710335,0.8888888888888888,0.9842040002156449
SUGP2,1.3389598131868161,0.6944444444444444,0.9526327507514194
ARMC6,1.9506435601133645,0.16666666666666666,0.6630636913063691
SLC25A42,-1.7522242720457557,0.2777777777777778,0.7530160238642064
TMEM161A,2.754472192637007,0.16666666666666666,0.6630636913063691
BORCS8,2.2366550569145334,0.2222222222222222,0.7242375194388904
RFXANK,-0.15603919439247482,1.0,1.0
SUGP1,0.13123035963688112,0.9444444444444444,1.0
MAU2,-0.6644320597467495,0.2222222222222222,0.7242375194388904
GATAD2A,0.09437794770996089,0.8888888888888888,0.9842040002156449
NDUFA13,0.8605654439809644,0.5,0.8663629460895975
LPAR2,2.175899393973932,0.16666666666666666,0.6630636913063691
GMIP,0.9384178703046779,0.5277777777777778,0.8876686975890985
ATP13A1,2.7419242241002753,0.16666666666666666,0.6630636913063691
ZNF101,-1.021427245139778,0.19444444444444445,0.6998773221170698
ZNF14,1.3230231382138624,0.3055555555555556,0.7689432926530413
ZNF506,-1.5823875868924553,0.08333333333333333,0.6630636913063691
ZNF253,2.906198487785054,0.16666666666666666,0.6630636913063691
ZNF93,0.6125903330286695,0.75,0.9526327507514194
ZNF90,0.5825529831050776,0.6666666666666666,0.9393265826953157
ZNF486,0.20687237355644195,0.9444444444444444,1.0
ZNF737,2.419124981235629,0.16666666666666666,0.6630636913063691
ZNF626,0.3783242119786374,0.9444444444444444,1.0
ZNF85,-0.6646674235774972,0.4166666666666667,0.8228048921195339
ZNF430,0.2377677869478667,0.6388888888888888,0.9393265826953157
ZNF714,-0.32206890255823906,0.8333333333333334,0.9696444353796996
ZNF431,0.8349886697659845,0.8611111111111112,0.9842040002156449
ZNF708,0.4808128893955277,0.8611111111111112,0.9842040002156449
ZNF738,1.7495354074171743,0.25,0.7407166969618281
ZNF493,1.4962419273667988,0.3333333333333333,0.7714672075726842
ZNF429,-0.7592615700572352,0.2777777777777778,0.7530160238642064
ZNF100,-2.1599577488459922,0.05555555555555555,0.6630636913063691
ZNF43,0.6277153060052214,0.8888888888888888,0.9842040002156449
RPL34P34,0.08955629864282555,0.9444444444444444,1.0
ZNF724,0.7895665308679544,0.5,0.8663629460895975
ZNF91,-1.8354830552675976,0.2222222222222222,0.7242375194388904
ZNF675,0.9131488112336785,0.7222222222222222,0.9526327507514194
ZNF681,-1.0167703176216167,0.2777777777777778,0.7530160238642064
RPSAP58,-0.7091372930069602,0.3611111111111111,0.797730450683016
ZNF254,0.5645487197555088,0.6111111111111112,0.9285893964279902
LINC00662,2.3283327219031595,0.05555555555555555,0.6630636913063691
UQCRFS1,-0.867310759796478,0.2777777777777778,0.7530160238642064
POP4,1.1927427125396863,0.08333333333333333,0.6630636913063691
C19orf12,0.43012735036677174,0.9166666666666666,0.9920484365613835
URI1,-1.1501062231172448,0.05555555555555555,0.6630636913063691
TSHZ3,1.838403580742698,0.3333333333333333,0.7714672075726842
ZNF507,2.2873418525609948,0.1388888888888889,0.6630636913063691
DPY19L3,2.6609868064975792,0.1388888888888889,0.6630636913063691
PDCD5,1.9435882662197845,0.1111111111111111,0.6630636913063691
ANKRD27,-1.4456792165397534,0.08333333333333333,0.6630636913063691
NUDT19,1.0153582714537461,0.8333333333333334,0.9696444353796996
CEP89,0.14914408040456317,0.8611111111111112,0.9842040002156449
GPATCH1,2.4608132949249,0.16666666666666666,0.6630636913063691
CEBPG,2.633393092444524,0.1388888888888889,0.6630636913063691
PEPD,-0.5995215719347664,0.3611111111111111,0.797730450683016
KCTD15,2.5086812781948127,0.1111111111111111,0.6630636913063691
LSM14A,-0.052419665604348964,0.8055555555555556,0.9696444353796996
KIAA0355,-1.2442073490503414,0.5833333333333334,0.9145140606393699
GPI,2.6471596370394046,0.05555555555555555,0.6630636913063691
PDCD2L,-2.0404348116156363,0.2222222222222222,0.7242375194388904
UBA2,-0.6223539705140722,0.3333333333333333,0.7714672075726842
ZNF302,-0.8307268495757367,0.19444444444444445,0.6998773221170698
ZNF181,-0.7242523792617455,0.5833333333333334,0.9145140606393699
AC008555.5,-0.7234507150737721,0.8888888888888888,0.9842040002156449
ZNF30,-0.9995250935045601,0.5833333333333334,0.9145140606393699
AC008555.8,1.7284599202281021,0.2777777777777778,0.7530160238642064
ZNF792,-1.5963205577201673,0.2777777777777778,0.7530160238642064
GRAMD1A,1.5869321235760236,0.3611111111111111,0.797730450683016
SCN1B,0.02060900540114652,1.0,1.0
FXYD5,0.602711748329618,0.6111111111111112,0.9285893964279902
LSR,0.7596463522131873,0.8333333333333334,0.9696444353796996
USF2,0.1456399414946592,0.75,0.9526327507514194
MAG,2.0972575737849075,0.4444444444444444,0.8447628037832934
CD22,0.514228663848832,0.3888888888888889,0.8209476821872752
FFAR2,-0.7826709274391292,0.75,0.9526327507514194
TMEM147,1.5523651948621233,0.25,0.7407166969618281
HAUS5,0.056345581314094506,1.0,1.0
RBM42,3.5364311899828067,0.1388888888888889,0.6630636913063691
COX6B1,-0.11679931607483329,0.75,0.9526327507514194
ZBTB32,1.9159485149996272,0.3888888888888889,0.8209476821872752
KMT2B,2.7932883418085197,0.16666666666666666,0.6630636913063691
IGFLR1,1.0566028415394233,0.4166666666666667,0.8228048921195339
U2AF1L4,1.7898678117599705,0.16666666666666666,0.6630636913063691
PSENEN,1.2832518506904664,0.08333333333333333,0.6630636913063691
ARHGAP33,1.8053817128324208,0.16666666666666666,0.6630636913063691
NFKBID,2.138533311036885,0.3888888888888889,0.8209476821872752
AD000864.1,0.02872844784461881,1.0,1.0
HCST,1.5205614979590965,0.16666666666666666,0.6630636913063691
TYROBP,0.3765272953606349,0.5277777777777778,0.8876686975890985
POLR2I,0.3492280188519834,1.0,1.0
TBCB,0.7318777806508932,0.25,0.7407166969618281
CAPNS1,-0.07456740913090076,0.9722222222222222,1.0
COX7A1,-0.2530384012489377,0.8333333333333334,0.9696444353796996
ZNF146,-0.5627374466442641,0.25,0.7407166969618281
LINC00665,2.661749860361705,0.16666666666666666,0.6630636913063691
ZFP14,-0.342764256311058,0.7777777777777778,0.9616866541443916
ZFP82,0.23874954236400558,0.8333333333333334,0.9696444353796996
ZNF566,-0.30295693493515286,0.6944444444444444,0.9526327507514194
ZNF260,1.5746774864404793,0.3888888888888889,0.8209476821872752
ZNF529,-2.111812002793868,0.1388888888888889,0.6630636913063691
ZNF382,-0.168257216387381,1.0,1.0
ZNF461,-0.8019155745234494,0.6111111111111112,0.9285893964279902
ZNF567,-0.606436257754043,0.5833333333333334,0.9145140606393699
ZNF850,0.4889983996691918,0.8333333333333334,0.9696444353796996
ZNF790-AS1,1.9011223797538261,0.16666666666666666,0.6630636913063691
ZNF345,0.039446687941957936,1.0,1.0
ZNF829,3.7225480441633048,0.05555555555555555,0.6630636913063691
ZNF568,1.508280377529118,0.2777777777777778,0.7530160238642064
ZNF420,3.6282066405743834,0.05555555555555555,0.6630636913063691
ZNF585A,-0.48607383699811635,0.8055555555555556,0.9696444353796996
ZNF585B,0.08507586224050323,1.0,1.0
ZNF383,2.268500458249021,0.1111111111111111,0.6630636913063691
HKR1,3.8603173551077443,0.05555555555555555,0.6630636913063691
ZNF527,-0.6980699773560035,0.5277777777777778,0.8876686975890985
ZNF569,-0.24921329305296114,0.7222222222222222,0.9526327507514194
ZNF570,0.9045057728721821,0.5,0.8663629460895975
ZNF793,2.0716030646667885,0.16666666666666666,0.6630636913063691
ZNF540,-1.4839696216712337,0.4166666666666667,0.8228048921195339
ZNF571,-1.039124283850585,0.5833333333333334,0.9145140606393699
ZFP30,2.511342358227286,0.08333333333333333,0.6630636913063691
ZNF781,-1.7450035514106257,0.2777777777777778,0.7530160238642064
SELENOKP1,1.078227942090483,0.5277777777777778,0.8876686975890985
AC093227.1,2.6926140513486505,0.08333333333333333,0.6630636913063691
ZNF573,-1.4080582004627455,0.3888888888888889,0.8209476821872752
AC016582.2,-0.166642669741075,1.0,1.0
SIPA1L3,0.10781042860146561,0.9722222222222222,1.0
SPINT2,-0.3815245948469972,0.6111111111111112,0.9285893964279902
YIF1B,2.595588927017949,0.2777777777777778,0.7530160238642064
KCNK6,0.22978688640102352,0.8055555555555556,0.9696444353796996
CATSPERG,2.034927128944103,0.05555555555555555,0.6630636913063691
PSMD8,1.876433703524361,0.4444444444444444,0.8447628037832934
FAM98C,2.3407918624316304,0.05555555555555555,0.6630636913063691
RASGRP4,0.30065905124833403,0.3333333333333333,0.7714672075726842
MAP4K1,1.5193011499055293,0.3611111111111111,0.797730450683016
EIF3K,-0.23692417557682433,0.5277777777777778,0.8876686975890985
ACTN4,0.5076793969247815,0.6111111111111112,0.9285893964279902
AC022144.1,0.4680153546866874,0.8333333333333334,0.9696444353796996
ECH1,0.47051854864684106,0.25,0.7407166969618281
HNRNPL,-0.27268406213710605,0.08333333333333333,0.6630636913063691
RINL,0.5134207225395508,0.2777777777777778,0.7530160238642064
SIRT2,2.1473324082194445,0.1388888888888889,0.6630636913063691
NFKBIB,1.4631683424986481,0.5833333333333334,0.9145140606393699
MRPS12,-1.587366460813267,0.1111111111111111,0.6630636913063691
FBXO27,0.06622600397932432,0.9722222222222222,1.0
PAK4,2.0009470378376473,0.25,0.7407166969618281
GMFG,0.2550597430325343,0.5555555555555556,0.9063324119086202
SAMD4B,3.327458187974062,0.08333333333333333,0.6630636913063691
PAF1,0.03812159618408639,0.9722222222222222,1.0
MED29,0.3178029430088163,0.3888888888888889,0.8209476821872752
ZFP36,-0.8936230549163753,0.05555555555555555,0.6630636913063691
PLEKHG2,1.2569972227653345,0.4166666666666667,0.8228048921195339
RPS16,0.3593825043191803,0.19444444444444445,0.6998773221170698
SUPT5H,0.49987928664566095,0.3055555555555556,0.7689432926530413
TIMM50,0.26088079154359045,0.7777777777777778,0.9616866541443916
EID2,-0.41847037580731206,0.7777777777777778,0.9616866541443916
CLC,-1.02904580575973,0.6666666666666666,0.9393265826953157
DYRK1B,2.4004211055456217,0.19444444444444445,0.6998773221170698
FBL,-0.4092876168774877,0.3055555555555556,0.7689432926530413
PSMC4,2.46090986340729,0.08333333333333333,0.6630636913063691
ZNF546,0.9381833930110597,0.5,0.8663629460895975
ZNF780B,-0.4060271444701935,0.8333333333333334,0.9696444353796996
ZNF780A,2.2150679713301478,0.16666666666666666,0.6630636913063691
MAP3K10,1.8023269522884413,0.16666666666666666,0.6630636913063691
AKT2,0.30521043485713495,0.3611111111111111,0.797730450683016
C19orf47,0.8744349719743021,0.75,0.9526327507514194
PLD3,3.7334611443587966,0.2222222222222222,0.7242375194388904
SERTAD1,1.0328110567236513,0.75,0.9526327507514194
SERTAD3,0.7024400859663005,0.75,0.9526327507514194
BLVRB,0.21355440218541988,0.9166666666666666,0.9920484365613835
SHKBP1,1.9930278051750592,0.2222222222222222,0.7242375194388904
LTBP4,1.889069870680857,0.2777777777777778,0.7530160238642064
COQ8B,1.1383148902706988,0.5,0.8663629460895975
ITPKC,2.3871898282275263,0.16666666666666666,0.6630636913063691
C19orf54,-0.11147121458133169,0.9166666666666666,0.9920484365613835
SNRPA,1.8229180132948053,0.2222222222222222,0.7242375194388904
EGLN2,0.49704373660642576,0.8055555555555556,0.9696444353796996
HNRNPUL1,0.7411991555148889,0.05555555555555555,0.6630636913063691
TGFB1,2.033208079607609,0.3055555555555556,0.7689432926530413
CCDC97,0.11945907822012813,0.8888888888888888,0.9842040002156449
TMEM91,1.2765157330189312,0.3333333333333333,0.7714672075726842
EXOSC5,-0.3225250086502034,0.7777777777777778,0.9616866541443916
DMAC2,0.014373538181522427,1.0,1.0
PCAT19,2.7110423969605453,0.16666666666666666,0.6630636913063691
AC243960.2,0.3727209882443838,0.7777777777777778,0.9616866541443916
CEACAM3,-1.7522242720457557,0.2777777777777778,0.7530160238642064
RPS19,0.1870826424175398,0.4722222222222222,0.8663629460895975
CD79A,2.7829572877577604,0.1388888888888889,0.6630636913063691
ARHGEF1,-0.5808091567158185,0.5277777777777778,0.8876686975890985
RABAC1,3.629441560274956,0.16666666666666666,0.6630636913063691
GRIK5,1.8686410462287792,0.16666666666666666,0.6630636913063691
ZNF574,1.3834215675228478,0.4166666666666667,0.8228048921195339
POU2F2,2.5935321560614217,0.05555555555555555,0.6630636913063691
DEDD2,0.23746485820137764,0.7777777777777778,0.9616866541443916
ZNF526,-0.6614151444862317,0.7222222222222222,0.9526327507514194
GSK3A,0.36632373715470035,0.5833333333333334,0.9145140606393699
ERF,1.313784332469567,0.4722222222222222,0.8663629460895975
CIC,1.4655489249877038,0.5277777777777778,0.8876686975890985
PAFAH1B3,2.171199335889943,0.16666666666666666,0.6630636913063691
MEGF8,1.2898777172912936,0.5,0.8663629460895975
LIPE-AS1,0.18548421446986418,0.8333333333333334,0.9696444353796996
CEACAM1,0.2788474312812306,0.7777777777777778,0.9616866541443916
ETHE1,2.707885164253405,0.05555555555555555,0.6630636913063691
XRCC1,-0.23709435019361624,0.8055555555555556,0.9696444353796996
PINLYP,1.013528323602205,0.4166666666666667,0.8228048921195339
IRGQ,1.014168322689581,0.5,0.8663629460895975
ZNF576,0.4541222280594157,0.75,0.9526327507514194
ZNF428,0.013539995928727677,0.9722222222222222,1.0
PLAUR,0.8052645606426907,0.2777777777777778,0.7530160238642064
SMG9,2.3341975095197665,0.16666666666666666,0.6630636913063691
ZNF283,-0.5295947747622873,0.6944444444444444,0.9526327507514194
ZNF45,-0.9291853092756428,0.6111111111111112,0.9285893964279902
ZNF230,-1.9606796974510803,0.2777777777777778,0.7530160238642064
ZNF222,-1.079356757246095,0.5833333333333334,0.9145140606393699
ZNF224,-0.09477878910182813,0.9444444444444444,1.0
ZNF225,0.39098612179174275,0.75,0.9526327507514194
ZNF234,2.8594110169155025,0.05555555555555555,0.6630636913063691
ZNF226,0.09611257057591693,0.8888888888888888,0.9842040002156449
ZNF227,1.9622971896916486,0.2222222222222222,0.7242375194388904
ZNF235,-0.8769671102409142,0.5555555555555556,0.9063324119086202
ZNF180,0.8139611706755643,0.75,0.9526327507514194
PVR,2.384573877860139,0.05555555555555555,0.6630636913063691
BCL3,1.6571324177495432,0.6666666666666666,0.9393265826953157
NECTIN2,2.2238823214030154,0.05555555555555555,0.6630636913063691
TOMM40,2.4363098372872902,0.05555555555555555,0.6630636913063691
APOE,2.1213442868636303,0.16666666666666666,0.6630636913063691
APOC1,2.8413220422951886,0.25,0.7407166969618281
CLPTM1,1.958690228035195,0.3888888888888889,0.8209476821872752
RELB,3.52739730687012,0.05555555555555555,0.6630636913063691
CLASRP,-0.8837553506216285,0.05555555555555555,0.6630636913063691
GEMIN7,1.1326979935912305,0.4166666666666667,0.8228048921195339
MARK4,3.54594688773868,0.05555555555555555,0.6630636913063691
PPP1R37,0.7707615733603248,0.75,0.9526327507514194
TRAPPC6A,-0.7578457914886618,0.5555555555555556,0.9063324119086202
BLOC1S3,3.6024855350126597,0.05555555555555555,0.6630636913063691
ERCC2,2.2767916774390065,0.16666666666666666,0.6630636913063691
PPP1R13L,2.008464258910344,0.16666666666666666,0.6630636913063691
ERCC1,-0.15606900881339136,0.6944444444444444,0.9526327507514194
FOSB,0.4157777140490566,0.6388888888888888,0.9393265826953157
RTN2,0.9721608710060878,0.5,0.8663629460895975
VASP,0.8135200094295341,0.05555555555555555,0.6630636913063691
OPA3,-0.35963662478876035,0.5833333333333334,0.9145140606393699
EML2,0.6740577800095782,0.1388888888888889,0.6630636913063691
GIPR,0.6847678803208064,0.6666666666666666,0.9393265826953157
SNRPD2,0.41920845770627757,0.4166666666666667,0.8228048921195339
QPCTL,1.5799916803263088,0.19444444444444445,0.6998773221170698
FBXO46,0.9570881214057274,0.5277777777777778,0.8876686975890985
DMWD,2.011032250568833,0.16666666666666666,0.6630636913063691
SYMPK,2.6785221823687064,0.08333333333333333,0.6630636913063691
IRF2BP1,1.7392120675928286,0.2777777777777778,0.7530160238642064
MYPOP,1.047358127390924,0.5833333333333334,0.9145140606393699
CCDC61,2.7903514554888753,0.16666666666666666,0.6630636913063691
PNMA8A,0.09211810202412873,1.0,1.0
CALM3,-0.5293250561995935,0.2777777777777778,0.7530160238642064
PRKD2,1.9803647303022909,0.16666666666666666,0.6630636913063691
STRN4,3.3137442654711373,0.08333333333333333,0.6630636913063691
FKRP,2.1744417022462352,0.16666666666666666,0.6630636913063691
SLC1A5,0.13416577280527253,0.6944444444444444,0.9526327507514194
AP2S1,-0.04095526682014938,1.0,1.0
ARHGAP35,3.003118121837221,0.1111111111111111,0.6630636913063691
TMEM160,2.438076866586314,0.16666666666666666,0.6630636913063691
ZC3H4,-0.1910461045105203,0.5,0.8663629460895975
SAE1,0.18652798323625053,0.7777777777777778,0.9616866541443916
BBC3,2.3481387415487025,0.1388888888888889,0.6630636913063691
CCDC9,-0.2683668426248662,0.7222222222222222,0.9526327507514194
INAFM1,0.6727828611998821,0.75,0.9526327507514194
C5AR1,-1.893101187481018,0.3055555555555556,0.7689432926530413
DHX34,1.4926848452988537,0.2777777777777778,0.7530160238642064
BICRA,2.809658897101634,0.08333333333333333,0.6630636913063691
EHD2,2.597450364098229,0.16666666666666666,0.6630636913063691
NOP53,0.6643707696360295,0.4722222222222222,0.8663629460895975
SELENOW,0.5428599745741725,0.2777777777777778,0.7530160238642064
LIG1,0.8636931043623668,0.6111111111111112,0.9285893964279902
ZSWIM9,2.7103023076621935,0.08333333333333333,0.6630636913063691
CARD8,-0.8565256587633243,0.16666666666666666,0.6630636913063691
CARD8-AS1,0.41255106881360115,0.75,0.9526327507514194
EMP3,1.4732145465145638,0.5555555555555556,0.9063324119086202
KDELR1,0.2668474368744427,0.16666666666666666,0.6630636913063691
GRWD1,0.7486961129351433,0.7222222222222222,0.9526327507514194
CYTH2,0.5427685262667858,0.8888888888888888,0.9842040002156449
LMTK3,0.735476790041497,0.6666666666666666,0.9393265826953157
RPL18,1.2843080978835557,0.3611111111111111,0.797730450683016
BCAT2,0.23845723354219917,1.0,1.0
HSD17B14,2.401541016656018,0.16666666666666666,0.6630636913063691
PPP1R15A,0.653630298604261,0.3888888888888889,0.8209476821872752
NUCB1,1.1928905683515119,0.3055555555555556,0.7689432926530413
BAX,1.3278836065404178,0.1388888888888889,0.6630636913063691
FTL,0.22496255294126577,0.6666666666666666,0.9393265826953157
GYS1,-0.388777917012888,0.5277777777777778,0.8876686975890985
RUVBL2,2.078545865349484,0.05555555555555555,0.6630636913063691
SNRNP70,0.09266968266329645,0.8333333333333334,0.9696444353796996
TRPM4,-0.166642669741075,1.0,1.0
CD37,0.7415851254096593,0.3611111111111111,0.797730450683016
PIH1D1,1.8734420011964583,0.16666666666666666,0.6630636913063691
ALDH16A1,3.0786537220708765,0.05555555555555555,0.6630636913063691
RPL13A,0.054206875697973445,0.9166666666666666,0.9920484365613835
RPS11,0.03268332794994322,0.9166666666666666,0.9920484365613835
FCGRT,1.6732179514632057,0.25,0.7407166969618281
RCN3,-0.4087690544515956,0.8611111111111112,0.9842040002156449
NOSIP,2.163319076136492,0.08333333333333333,0.6630636913063691
PRR12,1.7803165097893454,0.3333333333333333,0.7714672075726842
RRAS,-1.3161106349461529,0.4166666666666667,0.8228048921195339
SCAF1,2.9291770437276328,0.1388888888888889,0.6630636913063691
IRF3,-0.30402986688597,0.5555555555555556,0.9063324119086202
BCL2L12,1.3407774441977849,0.3055555555555556,0.7689432926530413
PRMT1,1.2279171376182187,0.6944444444444444,0.9526327507514194
AC011495.1,-0.41323179342138294,0.7222222222222222,0.9526327507514194
FUZ,1.0396730201690683,0.4166666666666667,0.8228048921195339
MED25,1.210950798719557,0.5,0.8663629460895975
PTOV1-AS1,1.240239905509625,0.3333333333333333,0.7714672075726842
PTOV1,1.3065070960632537,0.25,0.7407166969618281
PNKP,3.253514476226481,0.05555555555555555,0.6630636913063691
AKT1S1,-0.9384599491166346,0.6388888888888888,0.9393265826953157
TBC1D17,2.1386210978990654,0.16666666666666666,0.6630636913063691
NUP62,0.2368223366395732,0.7777777777777778,0.9616866541443916
ATF5,1.184143342693282,0.6388888888888888,0.9393265826953157
VRK3,0.9765588799978793,0.6944444444444444,0.9526327507514194
NR1H2,-0.1790503231183207,0.9444444444444444,1.0
EMC10,3.4338069154434216,0.05555555555555555,0.6630636913063691
LRRC4B,2.9316870164208413,0.16666666666666666,0.6630636913063691
CLEC11A,0.9428703768698963,0.4166666666666667,0.8228048921195339
SIGLEC17P,-0.1512021585812704,0.6666666666666666,0.9393265826953157
CD33,0.1662080758985951,0.6111111111111112,0.9285893964279902
VSIG10L,0.9217025303998827,0.5,0.8663629460895975
NKG7,0.14165613242986375,0.8888888888888888,0.9842040002156449
C19orf84,2.087237493379152,0.16666666666666666,0.6630636913063691
SIGLEC10,0.39474437785316585,0.8055555555555556,0.9696444353796996
SIGLEC8,0.13951853411785908,0.7222222222222222,0.9526327507514194
SIGLEC6,1.8452217801937985,0.19444444444444445,0.6998773221170698
ZNF175,0.1000546896711687,1.0,1.0
SIGLEC5,0.37182224040211387,0.75,0.9526327507514194
AC018755.4,2.546405090123203,0.16666666666666666,0.6630636913063691
SIGLEC14,2.5011519828029822,0.16666666666666666,0.6630636913063691
SPACA6,2.8290935774076367,0.05555555555555555,0.6630636913063691
FPR1,-0.9003534140373186,0.6666666666666666,0.9393265826953157
FPR2,-1.8645394925762813,0.3888888888888889,0.8209476821872752
FPR3,-0.853655856853635,0.8888888888888888,0.9842040002156449
ZNF577,1.3979290427679687,0.3611111111111111,0.797730450683016
ZNF649,-0.20970257003127202,1.0,1.0
ZNF613,0.8921098982459423,0.5,0.8663629460895975
ZNF350,2.2019273652734626,0.19444444444444445,0.6998773221170698
ZNF615,0.9287503950765359,0.4444444444444444,0.8447628037832934
ZNF614,3.5684606829444974,0.05555555555555555,0.6630636913063691
ZNF432,0.7435872442196583,0.6666666666666666,0.9393265826953157
ZNF616,3.180639981286299,0.05555555555555555,0.6630636913063691
RPL37P23,-0.44785439743066213,0.3333333333333333,0.7714672075726842
ZNF836,-0.35237088256657145,0.7777777777777778,0.9616866541443916
PPP2R1A,2.400729362486205,0.08333333333333333,0.6630636913063691
ZNF766,0.7422262061982088,0.8055555555555556,0.9696444353796996
ZNF480,2.467508471819556,0.05555555555555555,0.6630636913063691
ZNF880,-1.014088264954407,0.3055555555555556,0.7689432926530413
ZNF528-AS1,-0.5369459551964904,0.7222222222222222,0.9526327507514194
ZNF528,1.1144093086826472,0.5277777777777778,0.8876686975890985
ZNF578,-2.102819640059336,0.2777777777777778,0.7530160238642064
ZNF808,1.0081461448370055,0.5833333333333334,0.9145140606393699
ZNF701,1.1481217181572656,0.4166666666666667,0.8228048921195339
ZNF83,1.115372456306122,0.6388888888888888,0.9393265826953157
AC022150.4,-0.2736733161551177,1.0,1.0
ZNF611,-0.46628324291424317,0.5277777777777778,0.8876686975890985
ZNF600,1.5967717573446953,0.2777777777777778,0.7530160238642064
ZNF28,1.8232435085499332,0.3333333333333333,0.7714672075726842
ZNF468,0.5275922654917049,0.6944444444444444,0.9526327507514194
ZNF320,-0.17640621744609053,1.0,1.0
ZNF888,-0.720844124008321,0.6111111111111112,0.9285893964279902
ZNF816,1.0800579334689882,0.5833333333333334,0.9145140606393699
ZNF702P,1.8891494740666301,0.16666666666666666,0.6630636913063691
ZNF160,1.0155422512492347,0.5555555555555556,0.9063324119086202
ZNF415,-0.8421174272129095,0.5555555555555556,0.9063324119086202
ZNF347,0.5113174885706804,0.7777777777777778,0.9616866541443916
AC092070.2,0.5851764820206617,0.5555555555555556,0.9063324119086202
NDUFV2P1,-0.7025227890615611,0.5555555555555556,0.9063324119086202
ZNF677,0.8602975512509716,0.6944444444444444,0.9526327507514194
ZNF525,-1.4222147873078912,0.3888888888888889,0.8209476821872752
ZNF765,2.0888898710998696,0.08333333333333333,0.6630636913063691
TPM3P9,0.2141375947618429,0.8055555555555556,0.9696444353796996
ZNF761,1.1547905415358253,0.4166666666666667,0.8228048921195339
ZNF813,1.8104948492252295,0.2222222222222222,0.7242375194388904
ZNF331,0.5711358398454784,0.6388888888888888,0.9393265826953157
MYADM,0.10404980106762451,0.8888888888888888,0.9842040002156449
CACNG8,-1.3930109063925693,0.3055555555555556,0.7689432926530413
NDUFA3,1.4896705406516344,0.7222222222222222,0.9526327507514194
PRPF31,1.3894404618268072,0.3333333333333333,0.7714672075726842
CNOT3,-0.5061867444950146,0.8055555555555556,0.9696444353796996
LENG1,1.905368985231598,0.25,0.7407166969618281
MBOAT7,0.9948543760191715,0.3611111111111111,0.797730450683016
TSEN34,1.3561012365330396,0.5277777777777778,0.8876686975890985
RPS9,0.7369064292087169,0.3888888888888889,0.8209476821872752
LILRB2,-0.06052454526730955,1.0,1.0
LAIR1,-0.24681430173106733,0.5,0.8663629460895975
LENG8,2.3662906426314327,0.1388888888888889,0.6630636913063691
AC245128.3,0.28687857051042187,1.0,1.0
RDH13,0.326452815292368,0.8611111111111112,0.9842040002156449
EPS8L1,1.2897744054396267,0.4166666666666667,0.8228048921195339
PPP1R12C,4.036779862507451,0.05555555555555555,0.6630636913063691
TMEM86B,1.6933256848728113,0.19444444444444445,0.6998773221170698
PPP6R1,2.2901995118171614,0.16666666666666666,0.6630636913063691
HSPBP1,1.668435591525921,0.3055555555555556,0.7689432926530413
KMT5C,1.5216185062967373,0.5,0.8663629460895975
RPL28,2.0075902201488205,0.3055555555555556,0.7689432926530413
UBE2S,-0.07807122965685775,0.9166666666666666,0.9920484365613835
ISOC2,3.7755006652900676,0.1111111111111111,0.6630636913063691
ZNF628,1.4149139652145148,0.3333333333333333,0.7714672075726842
ZNF579,1.8863172617156572,0.16666666666666666,0.6630636913063691
FIZ1,-0.597939490663093,0.8333333333333334,0.9696444353796996
ZNF524,-0.11051595832400629,0.8888888888888888,0.9842040002156449
ZNF865,3.445944933089736,0.05555555555555555,0.6630636913063691
ZNF580,1.4885519198429091,0.4444444444444444,0.8447628037832934
ZNF581,-0.08556835457974055,0.9444444444444444,1.0
CCDC106,3.5000674360556125,0.05555555555555555,0.6630636913063691
U2AF2,1.8241141221595356,0.3888888888888889,0.8209476821872752
EPN1,1.859236900042898,0.2777777777777778,0.7530160238642064
ZNF787,1.6588277660486823,0.3888888888888889,0.8209476821872752
ZNF444,1.9564464294607453,0.19444444444444445,0.6998773221170698
AC024580.1,1.1847119768527925,0.4722222222222222,0.8663629460895975
ZSCAN5A,0.6880856336124879,0.8055555555555556,0.9696444353796996
EDDM13,0.35361258755737324,0.8333333333333334,0.9696444353796996
ZNF542P,1.179889611301829,0.5555555555555556,0.9063324119086202
ZNF582,0.9622238078898261,0.4166666666666667,0.8228048921195339
ZNF582-AS1,-0.3962109634089508,0.8888888888888888,0.9842040002156449
ZNF583,-1.5193709454327684,0.4166666666666667,0.8228048921195339
ZNF667,0.1885016734749324,1.0,1.0
ZNF667-AS1,0.5079255414299713,0.7777777777777778,0.9616866541443916
ZNF471,0.5278130464122466,0.75,0.9526327507514194
ZFP28,-0.4512820882775568,0.7777777777777778,0.9616866541443916
ZNF470,0.5638794422674556,0.7222222222222222,0.9526327507514194
ZNF71,0.06522564332466807,0.9722222222222222,1.0
ZNF264,1.4642602005331327,0.6111111111111112,0.9285893964279902
AC005261.4,2.1258453613873294,0.16666666666666666,0.6630636913063691
AC005261.2,-0.07643388074797208,0.9722222222222222,1.0
ZNF304,1.6161010612825464,0.2777777777777778,0.7530160238642064
ZNF547,-1.1398216597494173,0.4722222222222222,0.8663629460895975
TRAPPC2B,1.2783105772208208,0.4444444444444444,0.8447628037832934
ZNF548,-0.9060944404585429,0.3055555555555556,0.7689432926530413
ZNF17,0.8065147758393284,0.5,0.8663629460895975
ZNF772,1.3821655344468062,0.4166666666666667,0.8228048921195339
ZNF419,0.8419690915245803,0.5833333333333334,0.9145140606393699
ZNF549,0.7744666760285079,0.5833333333333334,0.9145140606393699
ZNF550,0.7337233147390698,0.6666666666666666,0.9393265826953157
ZIK1,1.843096921311243,0.16666666666666666,0.6630636913063691
ZNF134,0.4478000243382838,0.7777777777777778,0.9616866541443916
ZNF211,-0.38649589691921094,0.6944444444444444,0.9526327507514194
ZNF551,-0.214544001504807,0.9166666666666666,0.9920484365613835
ZNF154,-0.5289715695621022,0.6666666666666666,0.9393265826953157
ZNF671,0.8421575188731043,0.6111111111111112,0.9285893964279902
ZNF776,0.9408710907241775,0.4722222222222222,0.8663629460895975
ZNF586,-0.8980354663465517,0.5,0.8663629460895975
ZNF587B,0.9622238078898261,0.4166666666666667,0.8228048921195339
ZNF814,0.9836167861087648,0.5,0.8663629460895975
ZNF587,1.490859910308195,0.2777777777777778,0.7530160238642064
ZNF256,0.7143605124747467,0.6666666666666666,0.9393265826953157
ZNF606,-0.241244190944216,1.0,1.0
AC008969.1,0.267274907943741,0.8333333333333334,0.9696444353796996
ZNF135,-0.19418768637924244,1.0,1.0
ZSCAN18,1.9796449253178299,0.2777777777777778,0.7530160238642064
ZNF329,0.9106537745519678,0.5833333333333334,0.9145140606393699
ZNF274,-0.08705725150047572,0.8611111111111112,0.9842040002156449
ZNF544,-0.37455111458268764,0.8055555555555556,0.9696444353796996
ZNF8,1.0982423676516406,0.3888888888888889,0.8209476821872752
ERVK3-1,1.1005734734093207,0.4444444444444444,0.8447628037832934
AC012313.3,-0.574795588008904,0.8888888888888888,0.9842040002156449
RPS5,-0.19457552104935516,0.3611111111111111,0.797730450683016
ZNF324B,-1.2065386412674366,0.4166666666666667,0.8228048921195339
ZNF324,-1.7858831474559484,0.3055555555555556,0.7689432926530413
SLC27A5,0.3293553552355708,0.9166666666666666,0.9920484365613835
ZBTB45,0.806934177150918,0.5833333333333334,0.9145140606393699
TRIM28,3.8961968902805717,0.08333333333333333,0.6630636913063691
CHMP2A,0.338614663157915,0.6388888888888888,0.9393265826953157
UBE2M,0.38397706760526207,0.7777777777777778,0.9616866541443916
MZF1-AS1,-0.9484469487157337,0.6388888888888888,0.9393265826953157
CENPBD1P1,0.34162214732676977,0.9166666666666666,0.9920484365613835
RPS4Y1,-0.8777770910050515,0.7222222222222222,0.9526327507514194
ZFY,-0.052184171132574786,1.0,1.0
VDAC1P6,0.457656995645797,0.75,0.9526327507514194
EIF4A1P2,0.7131343751196373,0.8888888888888888,0.9842040002156449
TTTY15,-1.0239757245536496,0.7222222222222222,0.9526327507514194
USP9Y,-0.37255365890944403,0.7222222222222222,0.9526327507514194
DDX3Y,-0.9498552430076717,0.7222222222222222,0.9526327507514194
UTY,-0.5951577050556658,0.7222222222222222,0.9526327507514194
PSMA6P1,0.06468260640623269,1.0,1.0
TXLNGY,-0.7853456998199768,0.7222222222222222,0.9526327507514194
AC010889.1,-1.2503949123110327,0.7222222222222222,0.9526327507514194
KDM5D,-0.19502234973624377,1.0,1.0
EIF1AY,-0.7638576799305012,0.7222222222222222,0.9526327507514194
TPTEP1,-2.4935947070667117,0.2777777777777778,0.7530160238642064
AP000547.3,-1.7918191878831724,0.2777777777777778,0.7530160238642064
IL17RA,-0.44507513704994217,0.2777777777777778,0.7530160238642064
HDHD5,0.6747081561007939,0.6666666666666666,0.9393265826953157
ADA2,1.1695894799607864,0.5,0.8663629460895975
ATP6V1E1,-0.4079195987567559,0.4166666666666667,0.8228048921195339
BCL2L13,1.130729715116574,0.7222222222222222,0.9526327507514194
BID,1.0344901240304467,0.6111111111111112,0.9285893964279902
MICAL3,2.6362023653862163,0.05555555555555555,0.6630636913063691
PEX26,2.046685428134323,0.1111111111111111,0.6630636913063691
DGCR2,-0.3298664516997105,0.5277777777777778,0.8876686975890985
ESS2,-0.09797013584662784,0.8888888888888888,0.9842040002156449
SLC25A1,1.2928236083166345,0.5833333333333334,0.9145140606393699
HIRA,1.419750079056164,0.3333333333333333,0.7714672075726842
C22orf39,-1.450532524227206,0.16666666666666666,0.6630636913063691
MRPL40,2.3658774166575975,0.16666666666666666,0.6630636913063691
UFD1,1.6243393803052046,0.3055555555555556,0.7689432926530413
RTL10,1.7540628956859519,0.19444444444444445,0.6998773221170698
COMT,0.35399881379546816,0.1111111111111111,0.6630636913063691
TANGO2,-0.606305081048948,0.7222222222222222,0.9526327507514194
AC006547.1,1.2502979115920512,0.4166666666666667,0.8228048921195339
DGCR8,2.294011684670234,0.08333333333333333,0.6630636913063691
RANBP1,0.7830564269038929,0.2777777777777778,0.7530160238642064
ZDHHC8,0.7309764759294031,0.6388888888888888,0.9393265826953157
DGCR6L,0.7980467009259669,0.7222222222222222,0.9526327507514194
ZNF74,1.7062486174580047,0.2777777777777778,0.7530160238642064
KLHL22,-0.4054499410160739,0.9444444444444444,1.0
MED15,4.214272284184874,0.05555555555555555,0.6630636913063691
PI4KA,1.6425378779832793,0.2777777777777778,0.7530160238642064
SNAP29,0.32354668412938103,0.7777777777777778,0.9616866541443916
CRKL,0.06689737377254712,0.9166666666666666,0.9920484365613835
LINC01637,-0.3434566631196039,0.7777777777777778,0.9616866541443916
AIFM3,-1.5507041312501944,0.3888888888888889,0.8209476821872752
LZTR1,0.627622197011076,0.6666666666666666,0.9393265826953157
THAP7,0.38695481519678065,1.0,1.0
HIC2,0.47227461584934227,0.75,0.9526327507514194
TMEM191C,0.1629930224625301,1.0,1.0
UBE2L3,0.5146577544777751,0.75,0.9526327507514194
YDJC,1.6073888121032325,0.1388888888888889,0.6630636913063691
SDF2L1,1.1973242568122462,0.2222222222222222,0.7242375194388904
YPEL1,1.4012218090722603,0.2222222222222222,0.7242375194388904
MAPK1,-0.26789984980234394,0.4166666666666667,0.8228048921195339
PPM1F,1.050913907212144,0.6111111111111112,0.9285893964279902
AC245452.1,0.2587145019027127,1.0,1.0
AC245060.5,-1.3759614634763528,0.3888888888888889,0.8209476821872752
AC245060.4,1.25892245430731,0.4166666666666667,0.8228048921195339
IGLV1-44,0.13030919839006883,0.9166666666666666,0.9920484365613835
ZNF280B,3.214810250333032,0.05555555555555555,0.6630636913063691
IGLV2-14,-0.7619556556734455,0.7222222222222222,0.9526327507514194
IGLV2-8,0.7297536941083188,0.7222222222222222,0.9526327507514194
IGLC2,3.703801426615657,0.25,0.7407166969618281
IGLC3,3.5074922578161156,0.3055555555555556,0.7689432926530413
IGLC7,1.5974841067218697,0.5555555555555556,0.9063324119086202
BCR,1.0396730201690683,0.4166666666666667,0.8228048921195339
ZNF70,0.0658028245856741,0.9722222222222222,1.0
CHCHD10,2.9350077718380434,0.1111111111111111,0.6630636913063691
SMARCB1,2.3753211633558156,0.25,0.7407166969618281
DERL3,2.501672491266813,0.2777777777777778,0.7530160238642064
SLC2A11,0.3684783765461468,0.8055555555555556,0.9696444353796996
CABIN1,-0.10522599219589601,0.8611111111111112,0.9842040002156449
SPECC1L,-0.43522158163095614,0.5277777777777778,0.8876686975890985
GUCD1,-0.06298684997280368,0.7777777777777778,0.9616866541443916
SNRPD3,-1.0877549458362852,0.05555555555555555,0.6630636913063691
GGT1,0.8052564018832085,0.5,0.8663629460895975
LRRC75B,2.635037767315768,0.05555555555555555,0.6630636913063691
AP000356.3,1.3835216089688651,0.4166666666666667,0.8228048921195339
LRP5L,1.032261020893019,0.5,0.8663629460895975
CRYBB2P1,2.464275883322825,0.05555555555555555,0.6630636913063691
GRK3,-0.5269560669444768,0.3055555555555556,0.7689432926530413
HPS4,-0.7108709030611751,0.5833333333333334,0.9145140606393699
TFIP11,-0.047737720240433656,1.0,1.0
TPST2,-1.38455559223548,0.16666666666666666,0.6630636913063691
MIAT,-1.575698081910308,0.3055555555555556,0.7689432926530413
MIATNB,0.6080616341174802,0.6666666666666666,0.9393265826953157
PITPNB,0.20747626296275268,0.5,0.8663629460895975
TTC28-AS1,-0.454401596723355,0.7777777777777778,0.9616866541443916
TTC28,0.8935000048964552,0.8055555555555556,0.9696444353796996
CHEK2,1.7876798842116186,0.19444444444444445,0.6998773221170698
HSCB,-0.4414151625916074,0.5277777777777778,0.8876686975890985
CCDC117,2.0068005108376616,0.08333333333333333,0.6630636913063691
XBP1,0.5139788848511655,0.4166666666666667,0.8228048921195339
Z93930.2,-0.23708943171228536,1.0,1.0
KREMEN1,-0.9510681955855098,0.1111111111111111,0.6630636913063691
EMID1,2.765251875175011,0.2222222222222222,0.7242375194388904
EWSR1,-0.3621693318231989,0.3055555555555556,0.7689432926530413
AP1B1,2.123707221644614,0.25,0.7407166969618281
THOC5,2.7231701699801802,0.08333333333333333,0.6630636913063691
NIPSNAP1,0.7192762967922106,0.75,0.9526327507514194
NF2,0.9120377578763743,0.2222222222222222,0.7242375194388904
UQCR10,-0.12485819050609237,0.7222222222222222,0.9526327507514194
ASCC2,-0.3909988905471051,0.5277777777777778,0.8876686975890985
MTMR3,-1.122598655430811,0.3888888888888889,0.8209476821872752
LIF,1.3715072321957527,0.05555555555555555,0.6630636913063691
OSM,0.171644201855222,0.6666666666666666,0.9393265826953157
CASTOR1,0.17526386808732308,1.0,1.0
TBC1D10A,2.6534578644569713,0.16666666666666666,0.6630636913063691
SF3A1,-0.06809582850234719,0.5277777777777778,0.8876686975890985
RNF215,1.9661539659658045,0.1388888888888889,0.6630636913063691
SEC14L2,1.737259462008923,0.19444444444444445,0.6998773221170698
SEC14L6,0.479714150671652,0.7777777777777778,0.9616866541443916
PES1,2.2988650173131138,0.16666666666666666,0.6630636913063691
TCN2,3.604512547864966,0.05555555555555555,0.6630636913063691
DUSP18,-0.2679924520399348,0.7777777777777778,0.9616866541443916
MORC2,3.311032483746406,0.05555555555555555,0.6630636913063691
TUG1,-0.4914663586864316,0.25,0.7407166969618281
SMTN,-0.31439724844998307,1.0,1.0
SELENOM,2.2800530247684767,0.16666666666666666,0.6630636913063691
RNF185,0.653948553831396,0.25,0.7407166969618281
LIMK2,1.9959595424689813,0.05555555555555555,0.6630636913063691
PIK3IP1,-0.3658488786086176,0.8611111111111112,0.9842040002156449
PATZ1,3.0818254923268236,0.1111111111111111,0.6630636913063691
DRG1,-0.19713089111246163,0.6111111111111112,0.9285893964279902
EIF4ENIF1,1.011552214946179,0.5833333333333334,0.9145140606393699
PISD,3.396275253724599,0.05555555555555555,0.6630636913063691
PRR14L,-0.32788025997182757,0.6111111111111112,0.9285893964279902
DEPDC5,0.2783321259227942,0.7222222222222222,0.9526327507514194
YWHAH,2.731153826080351,0.1111111111111111,0.6630636913063691
Z74021.1,-0.5693470336590876,0.3333333333333333,0.7714672075726842
RTCB,-0.030195916951313073,0.9444444444444444,1.0
FBXO7,0.38604370059156246,0.6388888888888888,0.9393265826953157
TIMP3,-1.2039541433802388,0.08333333333333333,0.6630636913063691
HMGXB4,-0.20563049059972016,0.5833333333333334,0.9145140606393699
TOM1,2.619521133888285,0.25,0.7407166969618281
HMOX1,-0.21420098678474409,0.9166666666666666,0.9920484365613835
MCM5,0.4099396079184925,0.9444444444444444,1.0
APOL6,-0.6163473586577215,0.5555555555555556,0.9063324119086202
RBFOX2,0.6085944319214844,0.9166666666666666,0.9920484365613835
APOL3,-0.6121439400619733,0.25,0.7407166969618281
APOL2,1.7812322368523232,0.2222222222222222,0.7242375194388904
APOL1,-0.4890381605661114,0.5833333333333334,0.9145140606393699
MYH9,0.46600046760055935,0.05555555555555555,0.6630636913063691
RPS15AP38,0.036176001440201055,0.9166666666666666,0.9920484365613835
TXN2,-0.382235887337921,0.1388888888888889,0.6630636913063691
FOXRED2,-0.1374993301484424,0.9166666666666666,0.9920484365613835
EIF3D,-0.8653882608234893,0.08333333333333333,0.6630636913063691
IFT27,1.3120179355252364,0.3611111111111111,0.797730450683016
PVALB,0.8971441340202859,0.5555555555555556,0.9063324119086202
NCF4,-0.16569714766093036,0.6388888888888888,0.9393265826953157
CSF2RB,-0.06431504789428644,0.9444444444444444,1.0
TST,2.576898956895814,0.16666666666666666,0.6630636913063691
MPST,2.667685203522362,0.1111111111111111,0.6630636913063691
IL2RB,3.1569478083837623,0.05555555555555555,0.6630636913063691
C1QTNF6,0.776922143685388,0.5,0.8663629460895975
RAC2,0.3968818406165049,0.25,0.7407166969618281
CYTH4,2.3249921208668387,0.1111111111111111,0.6630636913063691
ELFN2,1.8304453369632723,0.4444444444444444,0.8447628037832934
MFNG,1.245618593334851,0.6944444444444444,0.9526327507514194
GGA1,1.6030466342155303,0.4444444444444444,0.8447628037832934
SH3BP1,3.149767652723939,0.1111111111111111,0.6630636913063691
LGALS1,3.7655765989970904,0.05555555555555555,0.6630636913063691
TRIOBP,-0.03447789059481021,0.9444444444444444,1.0
H1F0,-0.7877893577853872,0.5,0.8663629460895975
ANKRD54,0.8751098436817899,0.6111111111111112,0.9285893964279902
EIF3L,2.316768384800354,0.3333333333333333,0.7714672075726842
MICALL1,3.0773216095124822,0.05555555555555555,0.6630636913063691
MAFF,2.3067012215497202,0.16666666666666666,0.6630636913063691
TMEM184B,2.0787562029567472,0.1388888888888889,0.6630636913063691
CSNK1E,0.19511015574521817,0.9722222222222222,1.0
KDELR3,1.9392902807879921,0.16666666666666666,0.6630636913063691
DDX17,0.09789152425741854,0.7222222222222222,0.9526327507514194
CBY1,2.3273147785044768,0.16666666666666666,0.6630636913063691
TOMM22,0.40829451308261877,0.2777777777777778,0.7530160238642064
JOSD1,4.105269913199837,0.16666666666666666,0.6630636913063691
GTPBP1,1.3216783803837155,0.5,0.8663629460895975
SUN2,1.7939517929015083,0.16666666666666666,0.6630636913063691
DNAL4,1.2307317141102465,0.16666666666666666,0.6630636913063691
NPTXR,1.8891494740666301,0.16666666666666666,0.6630636913063691
CBX6,0.14044439628339855,0.7777777777777778,0.9616866541443916
APOBEC3C,0.7898163060081593,0.05555555555555555,0.6630636913063691
APOBEC3G,-0.3585887756827928,0.25,0.7407166969618281
CBX7,0.5266937230011033,0.08333333333333333,0.6630636913063691
RPL3,0.29842130822124435,0.6944444444444444,0.9526327507514194
TAB1,1.2646795155082624,0.3888888888888889,0.8209476821872752
MGAT3,1.16531641810648,0.4722222222222222,0.8663629460895975
MIEF1,0.0689942856288539,0.9444444444444444,1.0
ATF4,-0.023001732400640407,0.9444444444444444,1.0
RPS19BP1,1.5871725658264277,0.16666666666666666,0.6630636913063691
ENTHD1,-0.4433120585864181,0.7777777777777778,0.9616866541443916
GRAP2,0.2374040312975385,0.5555555555555556,0.9063324119086202
Z82206.1,1.3543042481593743,0.4444444444444444,0.8447628037832934
FAM83F,-0.47821226213542034,0.8888888888888888,0.9842040002156449
TNRC6B,2.3466569147083334,0.08333333333333333,0.6630636913063691
ADSL,2.3142070501999568,0.16666666666666666,0.6630636913063691
MKL1,1.0171106912973453,0.6944444444444444,0.9526327507514194
SLC25A17,0.5326820179546718,0.4166666666666667,0.8228048921195339
ST13,-0.2854037764640829,0.3611111111111111,0.797730450683016
XPNPEP3,0.4251682659044054,0.75,0.9526327507514194
RBX1,0.48981260426650675,0.3611111111111111,0.797730450683016
AL080243.2,1.3214443885290614,0.4166666666666667,0.8228048921195339
EP300,-0.2916132017738571,0.3333333333333333,0.7714672075726842
L3MBTL2,-0.968000002859049,0.08333333333333333,0.6630636913063691
RANGAP1,1.8223890689672415,0.2222222222222222,0.7242375194388904
ZC3H7B,0.5595104590393456,0.19444444444444445,0.6998773221170698
TEF,0.03843650690981937,0.9166666666666666,0.9920484365613835
TOB2,0.11844467279665416,0.9722222222222222,1.0
PHF5A,3.1508793738026384,0.05555555555555555,0.6630636913063691
POLR3H,0.6033659380855478,0.75,0.9526327507514194
PMM1,2.175899393973932,0.16666666666666666,0.6630636913063691
DESI1,2.2415809062787098,0.2222222222222222,0.7242375194388904
XRCC6,0.051372601101976834,0.9444444444444444,1.0
SNU13,0.23728177056451383,0.6111111111111112,0.9285893964279902
C22orf46,-1.2013880099185021,0.4722222222222222,0.8663629460895975
MEI1,3.4544279711596824,0.05555555555555555,0.6630636913063691
AL021453.1,2.1027014315666364,0.16666666666666666,0.6630636913063691
SREBF2,1.5510752089442965,0.1388888888888889,0.6630636913063691
NAGA,1.4424395500548797,0.3888888888888889,0.8209476821872752
FAM109B,0.23845723354219917,1.0,1.0
SMDT1,-1.2494118247530759,0.05555555555555555,0.6630636913063691
NDUFA6,0.3547385096415434,0.6666666666666666,0.9393265826953157
OLA1P1,0.6388791621395196,0.5,0.8663629460895975
TCF20,-0.9286303525528368,0.08333333333333333,0.6630636913063691
NFAM1,1.7970089999188081,0.5,0.8663629460895975
RRP7A,0.7798068340256168,0.75,0.9526327507514194
POLDIP3,-0.1966461938999835,0.8333333333333334,0.9696444353796996
Z93241.1,-0.35449233611432307,1.0,1.0
CYB5R3,2.6213883293508102,0.2222222222222222,0.7242375194388904
ATP5L2,-1.122598655430811,0.3888888888888889,0.8209476821872752
RPL5P34,-0.9194022142513987,0.2222222222222222,0.7242375194388904
ARFGAP3,-0.2552259949069926,0.5,0.8663629460895975
PACSIN2,-0.06158954057214938,0.8888888888888888,0.9842040002156449
TTLL1,1.9700475110123805,0.16666666666666666,0.6630636913063691
MCAT,-0.795576245104137,0.75,0.9526327507514194
TSPO,1.3090902321884075,0.16666666666666666,0.6630636913063691
TTLL12,1.7940371446118872,0.3333333333333333,0.7714672075726842
SAMM50,3.298240297956601,0.1111111111111111,0.6630636913063691
AL035398.1,-1.1006863592754543,0.08333333333333333,0.6630636913063691
PARVB,0.5806514445214708,0.7222222222222222,0.9526327507514194
PARVG,2.25470185751325,0.16666666666666666,0.6630636913063691
RTL6,0.4329298404119788,0.8888888888888888,0.9842040002156449
PRR5,1.3463802948256958,0.4166666666666667,0.8228048921195339
NUP50-AS1,2.6246194659987196,0.05555555555555555,0.6630636913063691
NUP50,-0.7253567903278455,0.3055555555555556,0.7689432926530413
KIAA0930,-0.4933488113660154,0.5277777777777778,0.8876686975890985
FAM118A,2.666038878199778,0.05555555555555555,0.6630636913063691
FBLN1,0.5029921712985026,0.8333333333333334,0.9696444353796996
ATXN10,1.2824046560980742,0.05555555555555555,0.6630636913063691
PRR34-AS1,0.5298892513188735,0.8055555555555556,0.9696444353796996
AL121672.2,-2.437830736828483,0.16666666666666666,0.6630636913063691
PPARA,0.22550411300304063,0.9722222222222222,1.0
CDPF1,2.5469291690535325,0.05555555555555555,0.6630636913063691
TTC38,2.09650844611658,0.2777777777777778,0.7530160238642064
TRMU,0.9503518582348907,0.5,0.8663629460895975
GRAMD4,-0.8236315544039137,0.3333333333333333,0.7714672075726842
CERK,0.9500195181774442,0.05555555555555555,0.6630636913063691
TBC1D22A,2.011871218660518,0.1388888888888889,0.6630636913063691
BRD1,2.7158019255583348,0.1388888888888889,0.6630636913063691
ZBED4,1.3547356409915747,0.5,0.8663629460895975
CRELD2,0.9773061496916648,0.19444444444444445,0.6998773221170698
PIM3,3.464773423294525,0.08333333333333333,0.6630636913063691
MLC1,3.529123376305519,0.05555555555555555,0.6630636913063691
TRABD,-0.5237486787198673,0.4166666666666667,0.8228048921195339
SELENOO,0.833490050664365,0.5833333333333334,0.9145140606393699
TUBGCP6,-0.48576280554806806,0.6666666666666666,0.9393265826953157
HDAC10,1.0194783064771644,0.6388888888888888,0.9393265826953157
MAPK12,-0.16654864816479442,1.0,1.0
MAPK11,2.0762551656409824,0.16666666666666666,0.6630636913063691
PLXNB2,0.8552337023945715,0.6666666666666666,0.9393265826953157
PPP6R2,1.4108009991292656,0.3333333333333333,0.7714672075726842
SBF1,-0.5103905011698724,0.7777777777777778,0.9616866541443916
LMF2,1.873696104335335,0.3333333333333333,0.7714672075726842
NCAPH2,2.4711998265015334,0.16666666666666666,0.6630636913063691
SCO2,1.4082066245774874,0.2777777777777778,0.7530160238642064
U62317.3,-0.4463930779815515,0.6666666666666666,0.9393265826953157
TYMP,2.813585181870757,0.05555555555555555,0.6630636913063691
ODF3B,0.964364364117028,0.6666666666666666,0.9393265826953157
KLHDC7B,-0.1988804824423136,0.7222222222222222,0.9526327507514194
ARSA,2.876057293772616,0.1111111111111111,0.6630636913063691
SHANK3,2.6615871123633514,0.16666666666666666,0.6630636913063691
RPL23AP82,1.1243616060422117,0.4166666666666667,0.8228048921195339
RABL2B,2.4166966371819405,0.05555555555555555,0.6630636913063691
FP565260.7,-1.2834213020621323,0.4166666666666667,0.8228048921195339
CU639417.1,0.18925975204840295,0.9166666666666666,0.9920484365613835
HSPA13,0.32780861275896367,0.4444444444444444,0.8447628037832934
SAMSN1,0.4673916089356709,0.5277777777777778,0.8876686975890985
NRIP1,0.05992867124124501,0.8055555555555556,0.9696444353796996
USP25,0.7690324898745216,0.05555555555555555,0.6630636913063691
CXADR,-2.0784403745117226,0.08333333333333333,0.6630636913063691
BTG3,1.0836061425744283,0.8611111111111112,0.9842040002156449
C21orf91,0.5125015336467023,0.3333333333333333,0.7714672075726842
PPIAP22,-0.33758243374317143,0.25,0.7407166969618281
AP000568.1,1.546398268099392,0.16666666666666666,0.6630636913063691
RPL13AP7,-1.6816405207738738,0.4166666666666667,0.8228048921195339
MRPL39,-0.0355250945016401,1.0,1.0
ATP5J,0.2013937753138899,0.6111111111111112,0.9285893964279902
GABPA,-0.6031371580507718,0.6388888888888888,0.9393265826953157
APP,2.2387389747193587,0.25,0.7407166969618281
CYYR1,1.7939517929015083,0.16666666666666666,0.6630636913063691
ADAMTS1,1.8181114882687988,0.16666666666666666,0.6630636913063691
LTN1,0.25603311119082495,0.6388888888888888,0.9393265826953157
RWDD2B,1.1060095176474665,0.6111111111111112,0.9285893964279902
USP16,-0.11007962913494307,0.75,0.9526327507514194
CCT8,-0.5405763402651189,0.2777777777777778,0.7530160238642064
AF129075.1,0.4294770095175272,0.75,0.9526327507514194
MAP3K7CL,-0.3962109634089508,0.8888888888888888,0.9842040002156449
BACH1,-1.1906776583016638,0.05555555555555555,0.6630636913063691
TIAM1,-0.7562713370842911,0.05555555555555555,0.6630636913063691
SOD1,-0.15932095778290645,0.5833333333333334,0.9145140606393699
SCAF4,-0.4812587574137295,0.3333333333333333,0.7714672075726842
MIS18A,0.4694416740931904,0.75,0.9526327507514194
URB1,-0.8113518567663007,0.6666666666666666,0.9393265826953157
EVA1C,-1.2608286026757953,0.5833333333333334,0.9145140606393699
C21orf59,-0.10410147612796239,0.9166666666666666,0.9920484365613835
SYNJ1,-0.09510258568333363,0.8333333333333334,0.9696444353796996
PAXBP1,-1.572949016218236,0.05555555555555555,0.6630636913063691
IFNAR2,2.5009503481315862,0.16666666666666666,0.6630636913063691
IL10RB-AS1,1.9530992660410065,0.16666666666666666,0.6630636913063691
IL10RB,-0.18544150648328905,0.6666666666666666,0.9393265826953157
IFNAR1,0.4189417828257316,0.3055555555555556,0.7689432926530413
IFNGR2,1.4843671622967793,0.05555555555555555,0.6630636913063691
TMEM50B,-0.3578750851681436,0.6666666666666666,0.9393265826953157
DNAJC28,-0.7376586466621573,0.6388888888888888,0.9393265826953157
GART,2.337749986960901,0.25,0.7407166969618281
SON,-0.24623816008914545,0.4722222222222222,0.8663629460895975
CRYZL1,0.7302141005955218,0.7222222222222222,0.9526327507514194
ITSN1,0.47775433255792965,0.75,0.9526327507514194
ATP5O,-0.6399201331408806,0.19444444444444445,0.6998773221170698
MRPS6,0.3448372234760626,0.6944444444444444,0.9526327507514194
SLC5A3,0.5194261601619052,0.3888888888888889,0.8209476821872752
RCAN1,0.4464951395749348,0.8055555555555556,0.9696444353796996
RUNX1,2.083618151936552,0.1388888888888889,0.6630636913063691
EZH2P1,-0.4923688489805662,0.8888888888888888,0.9842040002156449
SETD4,3.0707394390569434,0.05555555555555555,0.6630636913063691
CBR1,-0.25401315426988225,0.9722222222222222,1.0
DOPEY2,1.6078512369308486,0.2777777777777778,0.7530160238642064
MORC3,-1.3030639239797317,0.05555555555555555,0.6630636913063691
HLCS,0.5598721758396872,0.6944444444444444,0.9526327507514194
PIGP,-0.7321363503264271,0.5555555555555556,0.9063324119086202
TTC3,0.1606873068949204,0.6944444444444444,0.9526327507514194
DSCR3,0.4668246142173933,0.4444444444444444,0.8447628037832934
DYRK1A,2.35335995726571,0.19444444444444445,0.6998773221170698
ERG,-0.21450883950497168,0.7222222222222222,0.9526327507514194
ETS2,-0.7209490289697564,0.3888888888888889,0.8209476821872752
PSMG1,1.5224577644853983,0.4166666666666667,0.8228048921195339
BRWD1,0.12508565499458513,0.75,0.9526327507514194
HMGN1,-0.4725629536063103,0.4166666666666667,0.8228048921195339
WRB,-1.264876174872098,0.4166666666666667,0.8228048921195339
LINC00323,0.9307860392736904,0.6666666666666666,0.9393265826953157
BACE2,0.31305875233324176,0.3333333333333333,0.7714672075726842
MX2,0.16181094475296298,0.9166666666666666,0.9920484365613835
MX1,0.1859230408024537,1.0,1.0
PRDM15,2.237856695565442,0.05555555555555555,0.6630636913063691
ZBTB21,1.6415146828875113,0.4166666666666667,0.8228048921195339
ABCG1,2.3923014271079257,0.2222222222222222,0.7242375194388904
WDR4,1.3572229736605708,0.4166666666666667,0.8228048921195339
NDUFV3,1.7349032339576032,0.3333333333333333,0.7714672075726842
PKNOX1,0.40929816761479954,0.7777777777777778,0.9616866541443916
RRP1B,-1.1869138817479703,0.1111111111111111,0.6630636913063691
PDXK,1.8222555540606193,0.3055555555555556,0.7689432926530413
CSTB,0.177408901182881,0.6666666666666666,0.9393265826953157
AGPAT3,1.2615877717250186,0.7777777777777778,0.9616866541443916
TRAPPC10,2.2651067912523715,0.19444444444444445,0.6998773221170698
PFKL,-1.6997753883883862,0.3611111111111111,0.797730450683016
AP001062.1,-2.2842603474655285,0.2777777777777778,0.7530160238642064
LRRC3,0.5268541362901846,0.9166666666666666,0.9920484365613835
UBE2G2,-0.22022635520090716,0.8055555555555556,0.9696444353796996
SUMO3,-0.9622342347188386,0.2222222222222222,0.7242375194388904
PTTG1IP,-0.28658789537246676,0.5833333333333334,0.9145140606393699
ITGB2,0.09694278673452583,0.8333333333333334,0.9696444353796996
ADARB1,0.3679549540551097,0.6666666666666666,0.9393265826953157
POFUT2,0.8127687622378577,0.75,0.9526327507514194
COL18A1,2.2494092082530526,0.19444444444444445,0.6998773221170698
COL6A1,1.9163647698185555,0.2777777777777778,0.7530160238642064
COL6A2,0.9542559492824205,0.75,0.9526327507514194
LSS,-1.027975063665822,0.5,0.8663629460895975
YBEY,0.7426038128321113,0.8055555555555556,0.9696444353796996
PCNT,2.489059211230397,0.2222222222222222,0.7242375194388904
DIP2A,1.5756996251782458,0.4166666666666667,0.8228048921195339
PRMT2,-0.12305604690746019,0.5277777777777778,0.8876686975890985
MT-TF,2.175551618200504,0.05555555555555555,0.6630636913063691
MT-RNR1,0.22906072847090897,0.3611111111111111,0.797730450683016
MT-TV,-0.43123207209261416,0.5277777777777778,0.8876686975890985
MT-RNR2,-0.16702085363258234,0.6111111111111112,0.9285893964279902
MT-TL1,-0.269637833016529,0.75,0.9526327507514194
MT-ND1,0.030316624598428987,0.8611111111111112,0.9842040002156449
MT-TM,0.027726490839235396,1.0,1.0
MT-ND2,-0.1558967939088003,0.6388888888888888,0.9393265826953157
MT-TY,-0.1272758310029345,1.0,1.0
MT-CO1,0.1883148616172967,0.4166666666666667,0.8228048921195339
MT-CO2,-0.08867579752875798,0.5833333333333334,0.9145140606393699
MT-ATP8,0.003693996506896724,1.0,1.0
MT-ATP6,-0.1555305780097811,0.3333333333333333,0.7714672075726842
MT-CO3,-0.032046752861612404,0.6666666666666666,0.9393265826953157
MT-ND3,-0.2734677591670689,0.3333333333333333,0.7714672075726842
MT-ND4L,-0.3680927439633983,0.1388888888888889,0.6630636913063691
MT-ND4,-0.4456181417004359,0.05555555555555555,0.6630636913063691
MT-ND5,0.028523199924803677,0.9166666666666666,0.9920484365613835
MT-ND6,-0.25474540000581136,0.3333333333333333,0.7714672075726842
MT-CYB,-0.28507392728922376,0.25,0.7407166969618281
MT-TP,0.45375962857377106,0.8333333333333334,0.9696444353796996
AC011043.1,1.9949981272684143,0.08333333333333333,0.6630636913063691
AL592183.1,2.180726196440032,0.1111111111111111,0.6630636913063691
AC240274.1,-2.611811092251937,0.08333333333333333,0.6630636913063691
