gene,log2FC,p_perm,FDR
AL627309.7,-0.9475065850197364,0.5039370078740157,0.939868419531259
MTND1P23,0.29725710996999766,0.25984251968503935,0.8512406093679867
MTND2P28,-0.36649216437733667,0.30708661417322836,0.868085262990023
MTCO1P12,-0.4856036089072022,0.2204724409448819,0.8287127766916084
MTCO2P12,-0.4471078765876775,0.1732283464566929,0.8038630721031994
MTATP6P1,0.006534837441765973,0.984251968503937,0.9988002758044506
MTCO3P12,-0.6916317292762031,0.2283464566929134,0.8336385014247465
AL669831.4,-0.6642994969682956,0.3779527559055118,0.90080276839105
LINC01128,0.05006639303577476,0.889763779527559,0.9886177730539346
LINC00115,0.19703086722653818,0.905511811023622,0.9899212869522312
KLHL17,0.10137320822686524,0.9448818897637795,0.9944898714583753
AL645608.8,-0.18502868810045703,0.905511811023622,0.9899212869522312
HES4,-0.07516157516179978,1.0,1.0
ISG15,0.5528962390950483,0.7559055118110236,0.9726051513462561
AGRN,0.07236758891932882,0.9212598425196851,0.9916034965968238
AL390719.1,-0.11980220522936902,0.7716535433070866,0.9760752568014447
C1orf159,0.3817952611718811,0.7401574803149606,0.9726051513462561
TNFRSF4,-0.2341873869276312,0.84251968503937,0.9823595446327953
SDF4,0.0007075715190651977,1.0,1.0
B3GALT6,0.35893930346336234,0.4094488188976378,0.9090035743434535
UBE2J2,0.7017168683383823,0.5748031496062992,0.9559479904608623
ACAP3,0.346529716346607,0.7480314960629921,0.9726051513462561
INTS11,0.5447600433630697,0.5354330708661418,0.9479419337985596
CPTP,0.4049605527570137,0.4409448818897638,0.9193107263430548
DVL1,-0.44294994532566556,0.6062992125984252,0.9608942225121786
MXRA8,-0.45295354325517057,0.6535433070866141,0.966090961744307
AURKAIP1,-0.17222124998098565,0.8582677165354331,0.9837431881343323
CCNL2,0.04700064605323373,0.7637795275590551,0.9726051513462561
AL391244.1,0.1997912004130109,0.7874015748031497,0.9775940764002741
MRPL20,0.07256390169364213,0.8503937007874016,0.9835944261634448
ANKRD65,-0.01376071965512482,0.984251968503937,0.9988002758044506
ATAD3B,-0.6937967638182907,0.47244094488188976,0.9331994464922055
ATAD3A,0.9051894391648503,0.41732283464566927,0.9107246259166057
SSU72,0.2472464139213546,0.33070866141732286,0.8811266433105555
AL645728.1,0.20165352253683966,0.7559055118110236,0.9726051513462561
FNDC10,2.059109106636295,0.031496062992125984,0.6826476042030583
AL691432.2,0.3375902450976471,0.1889763779527559,0.8133366461918351
MIB2,-0.017669530962062252,0.952755905511811,0.9944898714583753
CDK11B,0.47749224490869846,0.6692913385826772,0.967634523772178
SLC35E2B,-0.8052088811760436,0.07086614173228346,0.7107880171694956
NADK,-0.4632964285266503,0.08661417322834646,0.7251724549592804
GNB1,0.06773283838278843,0.5590551181102362,0.9539915430764625
FAAP20,0.26142909509486856,0.8346456692913385,0.9819224384651066
SKI,-0.34845375172838544,0.49606299212598426,0.9378529417969822
RER1,-0.1296836133241861,0.49606299212598426,0.9378529417969822
PANK4,0.7235191440608437,0.3779527559055118,0.90080276839105
AL139246.5,0.5788697206515321,0.5748031496062992,0.9559479904608623
TNFRSF14,-0.909210951711346,0.18110236220472442,0.8073643742935083
FAM213B,0.4883272024718517,0.3700787401574803,0.8970171905992668
TPRG1L,-0.32010035774075085,0.48031496062992124,0.9342236316938177
WRAP73,-0.5418518448077592,0.1968503937007874,0.8133366461918351
TP73-AS1,0.2646660927195077,0.6299212598425197,0.962871484045595
LRRC47,-0.28836136062986384,0.5511811023622047,0.9514203834061379
CEP104,-0.3249575232275088,0.5354330708661418,0.9479419337985596
DFFB,1.008582638609663,0.2755905511811024,0.853725753792971
C1orf174,-0.27413119266092734,0.6771653543307087,0.9685447258281904
AJAP1,-1.9135351746088858,0.08661417322834646,0.7251724549592804
NPHP4,1.404977278220859,0.08661417322834646,0.7251724549592804
KCNAB2,-0.15513180686588424,0.6614173228346457,0.967634523772178
RPL22,-0.46672390800805985,0.015748031496062992,0.6826476042030583
ICMT,0.3855969911035926,0.6535433070866141,0.966090961744307
GPR153,1.2495534617791146,0.16535433070866143,0.7925152280493241
ACOT7,0.35311537759524647,0.5669291338582677,0.954855712655332
NOL9,0.6964168253407577,0.1889763779527559,0.8133366461918351
ZBTB48,0.09259784949101224,0.984251968503937,0.9988002758044506
KLHL21,0.1998050819416024,0.6929133858267716,0.9695596467319408
PHF13,0.21757664317122227,0.8818897637795275,0.9879934629764293
THAP3,1.4637255852628634,0.03937007874015748,0.6826476042030583
DNAJC11,0.165254446321915,0.937007874015748,0.9941472732331481
CAMTA1,0.45916677749110857,0.11811023622047244,0.7364350074797351
VAMP3,0.05425832914015771,0.8110236220472441,0.9806560380447493
PER3,0.10541718658706634,0.8110236220472441,0.9806560380447493
UTS2,-0.1163831360502754,0.889763779527559,0.9886177730539346
TNFRSF9,1.21670810726035,0.07874015748031496,0.7107880171694956
PARK7,-0.12571150932098796,0.7007874015748031,0.9697087411223303
Y_RNA,-0.12897847168640997,0.7007874015748031,0.9697087411223303
ERRFI1,0.28301138053050323,0.6141732283464567,0.9618483135188818
RERE,-0.3594732609587705,0.2047244094488189,0.8179316528497794
ENO1,0.5374964135203939,0.03937007874015748,0.6826476042030583
SLC2A5,1.437285586595495,0.1968503937007874,0.8133366461918351
GPR157,0.33337867861364234,0.5039370078740157,0.939868419531259
H6PD,-0.251056377934618,0.3543307086614173,0.8915123476047269
SPSB1,2.2085091679463185,0.07874015748031496,0.7107880171694956
SLC25A33,0.06865273925477666,0.8503937007874016,0.9835944261634448
TMEM201,0.15547990267724687,0.8818897637795275,0.9879934629764293
PIK3CD,-0.282844234664994,0.5984251968503937,0.9608942225121786
CLSTN1,0.6401032371464295,0.25984251968503935,0.8512406093679867
CTNNBIP1,0.8109940932760287,0.1732283464566929,0.8038630721031994
LZIC,-0.4050123900420761,0.3937007874015748,0.9060325603890926
NMNAT1,-0.0651170973177484,0.9606299212598425,0.9967290768663719
RBP7,-1.600564763780767,0.015748031496062992,0.6826476042030583
UBE4B,-0.4729109574202255,0.2204724409448819,0.8287127766916084
KIF1B,0.42714526155095633,0.4094488188976378,0.9090035743434535
PGD,-0.2011617656361535,0.44881889763779526,0.9212102163700125
CENPS,1.4978675184228867,0.03937007874015748,0.6826476042030583
DFFA,-0.018660659807184565,0.9291338582677166,0.9923418376941026
PEX14,-0.08424139462717628,0.7874015748031497,0.9775940764002741
CASZ1,-0.8461957976806824,0.23622047244094488,0.8382889691177539
TARDBP,0.13234136555292508,0.7086614173228346,0.9697087411223303
SRM,0.8588690417081359,0.5511811023622047,0.9514203834061379
EXOSC10,0.15042697886337475,0.7716535433070866,0.9760752568014447
MTOR,0.06021536885484702,0.9606299212598425,0.9967290768663719
UBIAD1,-0.4613355241311128,0.3858267716535433,0.901137518714905
FBXO44,0.10416060219368672,0.8661417322834646,0.9853875082167936
FBXO6,-0.19771991212143458,0.5275590551181102,0.9452006713295411
MAD2L2,0.5322523858009109,0.5905511811023622,0.9608942225121786
AGTRAP,-0.3754518510680045,0.41732283464566927,0.9107246259166057
MTHFR,0.18796483893314608,0.5354330708661418,0.9479419337985596
CLCN6,0.14529060174377317,0.9133858267716536,0.9910228417757366
NPPA-AS1,0.29529658851541485,0.7322834645669292,0.9726051513462561
RNU5E-1,0.19764354994999178,0.7874015748031497,0.9775940764002741
KIAA2013,0.0588979954304758,0.8503937007874016,0.9835944261634448
PLOD1,0.42920590596208186,0.41732283464566927,0.9107246259166057
MFN2,0.2192014977440353,0.4015748031496063,0.9086765677539906
MIIP,-0.9745655480316633,0.4566929133858268,0.9233455416926752
TNFRSF8,-0.26845284299728345,0.6614173228346457,0.967634523772178
TNFRSF1B,0.04605214388184464,0.8661417322834646,0.9853875082167936
VPS13D,0.25783962473934086,0.7559055118110236,0.9726051513462561
DHRS3,0.09172577523276804,0.984251968503937,0.9988002758044506
PDPN,1.976151392220701,0.14173228346456693,0.7686343861159114
PRDM2,-0.24644436869405695,0.47244094488188976,0.9331994464922055
TMEM51,1.6913197645187017,0.015748031496062992,0.6826476042030583
FHAD1,1.2363360984427996,0.06299212598425197,0.6963124387519445
EFHD2,0.3384426671341547,0.14960629921259844,0.7739916929935694
CASP9,-0.030718418490192967,0.9448818897637795,0.9944898714583753
DNAJC16,0.9209596279257002,0.2755905511811024,0.853725753792971
DDI2,-0.4950493640864684,0.36220472440944884,0.8957091520102044
PLEKHM2,0.4512972157156989,0.7559055118110236,0.9726051513462561
AL450998.2,-0.06004128910752615,0.9763779527559056,0.9988002758044506
UQCRHL,-0.142946470893075,0.6299212598425197,0.962871484045595
AL450998.1,-0.10414431069290764,0.7716535433070866,0.9760752568014447
FLJ37453,-0.3385642959165809,0.7637795275590551,0.9726051513462561
SPEN,0.04028612700843048,0.8267716535433071,0.9819224384651066
ZBTB17,-0.29437029153199923,0.7322834645669292,0.9726051513462561
EPHA2,-1.0041959020319289,0.09448818897637795,0.7290975019374097
MT1XP1,-0.40869165473889923,0.5669291338582677,0.954855712655332
FBXO42,0.5330061147754082,0.6377952755905512,0.962871484045595
SZRD1,0.2937634559424156,0.6377952755905512,0.962871484045595
AL358794.1,-0.6412575020846336,0.09448818897637795,0.7290975019374097
NECAP2,0.4104901637325895,0.4251968503937008,0.9130051051310895
NBPF1,-0.4659983257366338,0.6062992125984252,0.9608942225121786
CROCCP2,-0.3054482917439567,0.6535433070866141,0.966090961744307
EIF1AXP1,0.12691717126474167,0.33858267716535434,0.8824827791252136
CROCC,0.1968716883557149,0.7952755905511811,0.978664400309132
BX284668.5,-0.11012457210337057,0.9448818897637795,0.9944898714583753
ATP13A2,-0.09461880947592238,0.9212598425196851,0.9916034965968238
SDHB,0.13556441184204715,0.25196850393700787,0.8470756930926249
PADI2,-0.12551270404339476,0.6692913385826772,0.967634523772178
PADI4,-0.9669347092171217,0.25196850393700787,0.8470756930926249
RCC2,0.72518191899084,0.1732283464566929,0.8038630721031994
ARHGEF10L,1.1832565488766429,0.047244094488188976,0.6826476042030583
IGSF21,0.36039678396777197,0.7165354330708661,0.9697087411223303
ALDH4A1,0.9260790621508508,0.30708661417322836,0.868085262990023
IFFO2,0.935932821840924,0.2677165354330709,0.8534808525440345
UBR4,-0.398696971483953,0.12598425196850394,0.7505281352026119
EMC1,0.3003244957532285,0.5275590551181102,0.9452006713295411
MRTO4,1.1375867632231174,0.031496062992125984,0.6826476042030583
AKR7A2,0.14756735318824798,0.5669291338582677,0.954855712655332
PQLC2,0.47466987103823177,0.09448818897637795,0.7290975019374097
CAPZB,0.4757976963948547,0.1968503937007874,0.8133366461918351
MINOS1,0.15432166898861732,0.7165354330708661,0.9697087411223303
AL031727.1,-0.7130563679438255,0.7007874015748031,0.9697087411223303
NBL1,0.34351770125183934,0.84251968503937,0.9823595446327953
TMCO4,1.7389628527254812,0.015748031496062992,0.6826476042030583
OTUD3,-0.019950391090532538,0.9448818897637795,0.9944898714583753
PLA2G2D,2.28077837353166,0.3700787401574803,0.8970171905992668
MUL1,0.29977872116815707,0.5984251968503937,0.9608942225121786
CDA,-1.047735278598212,0.3464566929133858,0.8873455246406359
DDOST,0.0346888374697647,0.8582677165354331,0.9837431881343323
HP1BP3,-0.28733776450675386,0.10236220472440945,0.7341951946620201
EIF4G3,0.22164561084001555,0.25984251968503935,0.8512406093679867
ECE1,-0.2576012992986776,0.5748031496062992,0.9559479904608623
USP48,-0.39336402549615546,0.11023622047244094,0.7341951946620201
LINC00339,-0.7638534431563793,0.11811023622047244,0.7364350074797351
CDC42,0.33230700173402816,0.03937007874015748,0.6826476042030583
ZBTB40,-0.07436304559194795,0.8503937007874016,0.9835944261634448
C1QA,2.4479503026653484,0.015748031496062992,0.6826476042030583
C1QC,2.36589077416871,0.015748031496062992,0.6826476042030583
C1QB,2.8084654489256273,0.023622047244094488,0.6826476042030583
EPHB2,1.926546549334898,0.03937007874015748,0.6826476042030583
KDM1A,-0.22218832810989042,0.30708661417322836,0.868085262990023
LUZP1,-0.10256924071010509,0.4566929133858268,0.9233455416926752
HNRNPR,-0.09616294933383429,0.7559055118110236,0.9726051513462561
ZNF436,-0.20907211030775885,0.8031496062992126,0.9806560380447493
TCEA3,-0.2858114157469567,0.8188976377952756,0.9819224384651066
E2F2,-0.5861332123818976,0.6614173228346457,0.967634523772178
ID3,0.7641102134275242,0.5984251968503937,0.9608942225121786
RPL11,-0.3756818802840094,0.05511811023622047,0.6931238793170655
ELOA,-0.12035985845227781,0.6692913385826772,0.967634523772178
PITHD1,-0.03824927755654972,0.889763779527559,0.9886177730539346
LYPLA2,0.48856165195713164,0.30708661417322836,0.868085262990023
GALE,-0.11532127888798382,0.905511811023622,0.9899212869522312
HMGCL,1.177740172247768,0.03937007874015748,0.6826476042030583
FUCA1,1.2694131794019858,0.2047244094488189,0.8179316528497794
CNR2,-0.6475572029625638,0.3858267716535433,0.901137518714905
PNRC2,-0.37699554297338267,0.023622047244094488,0.6826476042030583
SRSF10,-0.06659275218538863,0.6850393700787402,0.9695596467319408
IFNLR1,0.009194320633794106,0.984251968503937,0.9988002758044506
NIPAL3,-0.441644564070093,0.5669291338582677,0.954855712655332
RCAN3,0.22105400327574642,0.4881889763779528,0.9357814954688165
SRRM1,-0.299179749407104,0.031496062992125984,0.6826476042030583
CLIC4,0.3190977023681656,0.48031496062992124,0.9342236316938177
RUNX3,0.8731340511142482,0.023622047244094488,0.6826476042030583
SYF2,-0.5752821853404351,0.047244094488188976,0.6826476042030583
RSRP1,-0.5816032298939913,0.10236220472440945,0.7341951946620201
TMEM50A,0.023691445693671653,0.9212598425196851,0.9916034965968238
TMEM57,-0.057607887579189665,0.7480314960629921,0.9726051513462561
LDLRAP1,0.173531112726808,0.9448818897637795,0.9944898714583753
MAN1C1,0.5664167133528166,0.25196850393700787,0.8470756930926249
SELENON,0.7834162761688002,0.5275590551181102,0.9452006713295411
MTFR1L,-0.14089831213285642,0.8031496062992126,0.9806560380447493
PAQR7,0.025881197560049696,0.9606299212598425,0.9967290768663719
STMN1,-0.5121383051132513,0.16535433070866143,0.7925152280493241
PAFAH2,-0.5543324817588831,0.28346456692913385,0.8574144950147485
PDIK1L,0.3160401288699526,0.7165354330708661,0.9697087411223303
CEP85,0.4263731923315466,0.3700787401574803,0.8970171905992668
SH3BGRL3,0.7676387291149842,0.5196850393700787,0.9452006713295411
UBXN11,-0.49482862923000503,0.7637795275590551,0.9726051513462561
CD52,-0.4540971543323602,0.36220472440944884,0.8957091520102044
DHDDS,0.09296052480458838,0.84251968503937,0.9823595446327953
HMGN2,-0.21601360718099372,0.6929133858267716,0.9695596467319408
RPS6KA1,0.3472917675902236,0.14173228346456693,0.7686343861159114
ARID1A,0.04874581524831889,0.8031496062992126,0.9806560380447493
PIGV,-1.3021301206436986,0.047244094488188976,0.6826476042030583
ZDHHC18,0.8316165754186624,0.5511811023622047,0.9514203834061379
GPN2,0.33106638211992445,0.7637795275590551,0.9726051513462561
GPATCH3,-0.24790442477327623,0.6614173228346457,0.967634523772178
NUDC,0.3804370463803233,0.6220472440944882,0.9618483135188818
TRNP1,0.24613807400376575,0.7559055118110236,0.9726051513462561
SLC9A1,0.3909644040846243,0.7637795275590551,0.9726051513462561
NPM1P39,-0.284458151321239,0.3464566929133858,0.8873455246406359
WDTC1,-0.7016249911881625,0.44881889763779526,0.9212102163700125
TMEM222,-0.6682189039550921,0.48031496062992124,0.9342236316938177
SYTL1,-0.8880441595117756,0.41732283464566927,0.9107246259166057
MAP3K6,1.4739819974176611,0.10236220472440945,0.7341951946620201
GPR3,1.552578567429427,0.05511811023622047,0.6931238793170655
WASF2,0.5475922186699638,0.07874015748031496,0.7107880171694956
AHDC1,0.04276010802489649,0.905511811023622,0.9899212869522312
FGR,-0.2051716812214064,0.4251968503937008,0.9130051051310895
AL031729.1,0.31313612393317003,0.7559055118110236,0.9726051513462561
IFI6,0.21521565066190895,0.8661417322834646,0.9853875082167936
FAM76A,-0.8369778812900219,0.015748031496062992,0.6826476042030583
AL020997.1,-0.10006423624588479,0.7637795275590551,0.9726051513462561
STX12,0.20692663632866282,0.3937007874015748,0.9060325603890926
PPP1R8,0.11102707551503599,0.7795275590551181,0.9769863358554425
THEMIS2,-0.4943803745192348,0.18110236220472442,0.8073643742935083
RPA2,-0.08334004673776185,0.8582677165354331,0.9837431881343323
SMPDL3B,1.4846104544870178,0.11023622047244094,0.7341951946620201
XKR8,-0.6599684742608871,0.16535433070866143,0.7925152280493241
EYA3,1.1634775131919959,0.015748031496062992,0.6826476042030583
SPCS2P4,-0.24198570530799213,0.4094488188976378,0.9090035743434535
PTAFR,0.8747645778656876,0.015748031496062992,0.6826476042030583
DNAJC8,0.07082498666021753,0.6456692913385826,0.9653496962085154
ATPIF1,-0.17229997705732902,0.6535433070866141,0.966090961744307
SESN2,0.9479536547682406,0.25196850393700787,0.8470756930926249
MED18,-0.8563675670499102,0.06299212598425197,0.6963124387519445
PHACTR4,0.387133214020424,0.16535433070866143,0.7925152280493241
RCC1,0.43403780868416675,0.2992125984251969,0.8629198938688523
SNHG3,0.04636737657969192,0.8110236220472441,0.9806560380447493
TRNAU1AP,0.21981847915451702,0.6062992125984252,0.9608942225121786
SNHG12,0.5751005515189132,0.14960629921259844,0.7739916929935694
SNORD99,-0.4047656950744003,0.7086614173228346,0.9697087411223303
TAF12,-0.14366008638649763,0.7007874015748031,0.9697087411223303
RAB42,1.2531682857914044,0.1889763779527559,0.8133366461918351
GMEB1,0.5331187742452475,0.33070866141732286,0.8811266433105555
YTHDF2,-0.17950093837275816,0.7007874015748031,0.9697087411223303
EPB41,-0.912679396703417,0.023622047244094488,0.6826476042030583
AL138785.1,-0.4693968314925048,0.4015748031496063,0.9086765677539906
Metazoa_SRP,-0.07362996289100687,0.9133858267716536,0.9910228417757366
SRSF4,0.2990487657825911,0.5748031496062992,0.9559479904608623
MECR,0.888544545873333,0.1732283464566929,0.8038630721031994
LAPTM5,0.22735002148091965,0.7086614173228346,0.9697087411223303
SDC3,1.7553964042549905,0.14173228346456693,0.7686343861159114
PUM1,-0.2761544890910681,0.33858267716535434,0.8824827791252136
SNRNP40,0.03068198561576274,0.968503937007874,0.9977263771544332
ZCCHC17,0.4784383913122241,0.11811023622047244,0.7364350074797351
FABP3,1.1071255049133806,0.14173228346456693,0.7686343861159114
SERINC2,-0.8863756274881993,0.4094488188976378,0.9090035743434535
LINC01226,-1.8833292869441611,0.047244094488188976,0.6826476042030583
TINAGL1,1.4627802266657275,0.2125984251968504,0.8224832770104163
PEF1,-0.015547106072274275,0.9606299212598425,0.9967290768663719
PTP4A2,-0.03441980415286494,0.8818897637795275,0.9879934629764293
KHDRBS1,0.13151023755112412,0.5196850393700787,0.9452006713295411
TMEM39B,0.45522457186576304,0.2047244094488189,0.8179316528497794
KPNA6,0.25296017980341023,0.5118110236220472,0.9438814884599421
TXLNA,-0.06850239997942964,0.8740157480314961,0.9870953241817563
CCDC28B,0.02469792548288874,0.984251968503937,0.9988002758044506
TMEM234,1.3913047508064043,0.05511811023622047,0.6931238793170655
EIF3I,-0.036911642117903654,0.8346456692913385,0.9819224384651066
LCK,-0.944379908549656,0.11811023622047244,0.7364350074797351
HDAC1,0.10669693423488624,0.7007874015748031,0.9697087411223303
MARCKSL1,0.09041146840182801,0.6929133858267716,0.9695596467319408
BSDC1,-0.06249004295908556,0.8503937007874016,0.9835944261634448
ZBTB8OS,-0.43227926422317253,0.2440944881889764,0.8410862980163292
RBBP4,-0.1937074123233753,0.5511811023622047,0.9514203834061379
KIAA1522,0.660684401008744,0.4094488188976378,0.9090035743434535
YARS,-0.004673362093047473,0.984251968503937,0.9988002758044506
S100PBP,0.2657746321300629,0.3937007874015748,0.9060325603890926
RNF19B,0.12063820033432648,0.8110236220472441,0.9806560380447493
AK2,-0.016707923596976038,0.8346456692913385,0.9819224384651066
AZIN2,-0.7272497955985986,0.4015748031496063,0.9086765677539906
TRIM62,1.682004513601174,0.07086614173228346,0.7107880171694956
ZNF362,-0.49273569308919996,0.30708661417322836,0.868085262990023
PHC2,0.7981909354170087,0.03937007874015748,0.6826476042030583
SMIM12,0.4666256736884211,0.30708661417322836,0.868085262990023
DLGAP3,-0.03513836601277509,0.9763779527559056,0.9988002758044506
AC114490.1,-0.3020837263820566,0.7165354330708661,0.9697087411223303
ZMYM6,0.09332407024316236,0.8661417322834646,0.9853875082167936
ZMYM1,-0.4897335876400746,0.44881889763779526,0.9212102163700125
EFCAB14P1,-0.061678604878001364,0.9212598425196851,0.9916034965968238
SFPQ,-0.2804385443799795,0.03937007874015748,0.6826476042030583
ZMYM4,-0.46114170225031437,0.11023622047244094,0.7341951946620201
RPL5P4,-0.8140884528913093,0.2047244094488189,0.8179316528497794
KIAA0319L,0.021275984824995042,0.968503937007874,0.9977263771544332
NCDN,0.1251642931121859,0.7637795275590551,0.9726051513462561
PSMB2,0.24308255714168325,0.11811023622047244,0.7364350074797351
C1orf216,0.8678561363112969,0.2992125984251969,0.8629198938688523
CLSPN,0.3077903947097562,0.33858267716535434,0.8824827791252136
AGO4,0.2071906879339913,0.3858267716535433,0.901137518714905
AGO1,-0.08532012451740822,0.7637795275590551,0.9726051513462561
AGO3,-0.8340817255256763,0.023622047244094488,0.6826476042030583
ADPRHL2,-0.10997346977095912,0.8267716535433071,0.9819224384651066
COL8A2,-0.4651364057876224,0.8346456692913385,0.9819224384651066
TRAPPC3,0.45341834122385727,0.07086614173228346,0.7107880171694956
MAP7D1,0.3176754999798277,0.015748031496062992,0.6826476042030583
THRAP3,0.011791871917884222,0.889763779527559,0.9886177730539346
SH3D21,-0.24006726357991437,0.6771653543307087,0.9685447258281904
EVA1B,0.23538624461411373,0.7637795275590551,0.9726051513462561
STK40,0.4880307045157517,0.3700787401574803,0.8970171905992668
LSM10,0.07423827565668084,0.7874015748031497,0.9775940764002741
MRPS15,0.3808335337346005,0.25984251968503935,0.8512406093679867
CSF3R,-0.6476068957947332,0.11023622047244094,0.7341951946620201
LINC01137,-0.45245425343025514,0.4015748031496063,0.9086765677539906
ZC3H12A,-0.5537920873217477,0.47244094488188976,0.9331994464922055
MEAF6,0.1728032999368505,0.5905511811023622,0.9608942225121786
SNIP1,-0.5998100302182032,0.3937007874015748,0.9060325603890926
AL034379.1,-0.03269598487324599,0.9763779527559056,0.9988002758044506
GNL2,-0.34522074714317785,0.33858267716535434,0.8824827791252136
C1orf109,-0.02718663701678503,0.9921259842519685,1.0
CDCA8,1.0110640149103738,0.2047244094488189,0.8179316528497794
YRDC,-0.22463598719947608,0.3228346456692913,0.8759501889864706
C1orf122,1.1811518855689638,0.25196850393700787,0.8470756930926249
MTF1,0.1734256512688619,0.7480314960629921,0.9726051513462561
INPP5B,0.30596345498452604,0.5748031496062992,0.9559479904608623
SF3A3,0.07729775488152857,0.7716535433070866,0.9760752568014447
FHL3,1.0372355199126355,0.44881889763779526,0.9212102163700125
UTP11,0.09813411001891126,0.7480314960629921,0.9726051513462561
AL354702.1,-1.5093156818258575,0.023622047244094488,0.6826476042030583
RRAGC,0.3725651582563012,0.4881889763779528,0.9357814954688165
MYCBP,-0.6242068626278057,0.1732283464566929,0.8038630721031994
AKIRIN1,-0.43045491089910737,0.07086614173228346,0.7107880171694956
NDUFS5,-0.23108694516931383,0.25984251968503935,0.8512406093679867
MACF1,0.27571312011320437,0.25196850393700787,0.8470756930926249
PABPC4,0.08633493719420127,0.7716535433070866,0.9760752568014447
PPIE,0.05031420842459555,0.937007874015748,0.9941472732331481
TRIT1,0.026110437820690002,0.968503937007874,0.9977263771544332
MYCL,0.20775717746296873,0.7637795275590551,0.9726051513462561
MFSD2A,0.13566747233047804,0.8267716535433071,0.9819224384651066
CAP1,0.22928252986836029,0.4881889763779528,0.9357814954688165
PPT1,0.415744364361017,0.16535433070866143,0.7925152280493241
RLF,0.2529884228794357,0.47244094488188976,0.9331994464922055
AL050341.2,0.7151034225416071,0.28346456692913385,0.8574144950147485
ZMPSTE24,0.3569562598792997,0.4330708661417323,0.9149090270901766
COL9A2,0.3123107671588867,0.7637795275590551,0.9726051513462561
SMAP2,-0.22633545797275545,0.2047244094488189,0.8179316528497794
ZFP69,-0.32263298396229123,0.5826771653543307,0.9597435711535928
EXO5,-0.12412329616296036,0.8661417322834646,0.9853875082167936
ZNF684,0.07689758547755576,0.968503937007874,0.9977263771544332
RIMS3,0.23032039278570782,0.7244094488188977,0.9716680124035083
NFYC-AS1,-1.0783577690011668,0.2125984251968504,0.8224832770104163
NFYC,-0.2641791354088934,0.41732283464566927,0.9107246259166057
CITED4,0.6101195532938735,0.6141732283464567,0.9618483135188818
CTPS1,-0.11157498984422709,0.7086614173228346,0.9697087411223303
SCMH1,0.04364834092777192,0.9606299212598425,0.9967290768663719
HIVEP3,0.7104143684453907,0.10236220472440945,0.7341951946620201
FOXJ3,-0.3381700766179714,0.2125984251968504,0.8224832770104163
PPCS,0.13563374855710109,0.6929133858267716,0.9695596467319408
CCDC30,1.298578984184207,0.07086614173228346,0.7107880171694956
PPIH,-0.04141231119063349,0.905511811023622,0.9899212869522312
YBX1,0.155145916505381,0.5039370078740157,0.939868419531259
P3H1,0.02390655819002241,0.984251968503937,0.9988002758044506
SVBP,0.3069709927022224,0.33070866141732286,0.8811266433105555
ERMAP,-0.018488248135226204,0.9763779527559056,0.9988002758044506
ZNF691,-0.29044240813938704,0.7165354330708661,0.9697087411223303
SLC2A1,-0.42155803619968246,0.41732283464566927,0.9107246259166057
EBNA1BP2,-0.1617230990894054,0.5275590551181102,0.9452006713295411
CDC20,0.9820351444348756,0.2755905511811024,0.853725753792971
ELOVL1,0.8501348333412002,0.14173228346456693,0.7686343861159114
MED8,0.46783706002964554,0.3700787401574803,0.8970171905992668
SZT2,1.083107814422522,0.28346456692913385,0.8574144950147485
PTPRF,-0.26427309849673275,0.7874015748031497,0.9775940764002741
KDM4A,-0.28051023704621114,0.5039370078740157,0.939868419531259
ST3GAL3,0.9371555340536167,0.10236220472440945,0.7341951946620201
IPO13,0.8753548552444572,0.3700787401574803,0.8970171905992668
DPH2,1.2573212402609781,0.2204724409448819,0.8287127766916084
ATP6V0B,0.19564959798140613,0.5511811023622047,0.9514203834061379
B4GALT2,1.2096536320477504,0.09448818897637795,0.7290975019374097
AL356653.1,-0.4443079453453631,0.15748031496062992,0.7813115157480315
DMAP1,0.471400342343824,0.7637795275590551,0.9726051513462561
ERI3,0.09976307133775464,0.9291338582677166,0.9923418376941026
RNF220,-0.33475771952465916,0.23622047244094488,0.8382889691177539
TMEM53,0.14568316848408847,0.889763779527559,0.9886177730539346
C1orf228,-1.2089978113236253,0.25984251968503935,0.8512406093679867
RNU5F-1,-0.08199454767203118,0.9448818897637795,0.9944898714583753
KIF2C,0.0201970482646896,0.9921259842519685,1.0
RPS8,-0.3243105646489912,0.08661417322834646,0.7251724549592804
RPS15AP11,-0.7749898885559041,0.07874015748031496,0.7107880171694956
PLK3,0.08770359881662326,0.8661417322834646,0.9853875082167936
BTBD19,0.6598186389062524,0.2047244094488189,0.8179316528497794
EIF2B3,0.6577477815435424,0.2125984251968504,0.8224832770104163
HECTD3,-0.25766704192190826,0.5433070866141733,0.9499646623191925
UROD,0.7256103979302715,0.05511811023622047,0.6931238793170655
OSTCP5,-0.5988758491911677,0.48031496062992124,0.9342236316938177
MUTYH,0.7066553964933326,0.4251968503937008,0.9130051051310895
TOE1,0.7967750328747658,0.1732283464566929,0.8038630721031994
TESK2,0.5256560083019675,0.49606299212598426,0.9378529417969822
CCDC163,-0.42081583364751096,0.6062992125984252,0.9608942225121786
MMACHC,0.18980085296826732,0.7795275590551181,0.9769863358554425
PRDX1,0.5743023699365528,0.3700787401574803,0.8970171905992668
AKR1A1,0.8001809824947834,0.015748031496062992,0.6826476042030583
NASP,-0.27034608690027095,0.1732283464566929,0.8038630721031994
GPBP1L1,0.0582379802706825,0.84251968503937,0.9823595446327953
TMEM69,-0.1569598122270417,0.5826771653543307,0.9597435711535928
IPP,-0.034954653699990956,0.952755905511811,0.9944898714583753
MAST2,1.1346534209511396,0.2440944881889764,0.8410862980163292
TMA16P2,-0.27991299205973696,0.7007874015748031,0.9697087411223303
PIK3R3,-0.5921255456335992,0.5826771653543307,0.9597435711535928
POMGNT1,-0.8607484851040832,0.4251968503937008,0.9130051051310895
LRRC41,0.5138625810833108,0.5275590551181102,0.9452006713295411
UQCRH,0.01135552472413881,0.952755905511811,0.9944898714583753
NSUN4,-0.433218312896793,0.2755905511811024,0.853725753792971
FAAH,-0.2086251987558052,0.84251968503937,0.9823595446327953
MKNK1,0.7111930964935604,0.015748031496062992,0.6826476042030583
MOB3C,-1.0004405807958812,0.07874015748031496,0.7107880171694956
ATPAF1,0.010391701001722264,0.984251968503937,0.9988002758044506
EFCAB14,-0.09617314025626378,0.47244094488188976,0.9331994464922055
STIL,1.0164324701277172,0.23622047244094488,0.8382889691177539
CMPK1,-0.322511349593646,0.3464566929133858,0.8873455246406359
SPATA6,-0.30684728015752594,0.36220472440944884,0.8957091520102044
BEND5,-0.1660867277038096,0.6771653543307087,0.9685447258281904
ELAVL4,1.7788514922961554,0.015748031496062992,0.6826476042030583
FAF1,-0.15907431123332394,0.6929133858267716,0.9695596467319408
CDKN2C,-0.5546269398025379,0.3937007874015748,0.9060325603890926
RNF11,-0.9408251192506212,0.031496062992125984,0.6826476042030583
TTC39A,-1.2907766100272193,0.09448818897637795,0.7290975019374097
EPS15,-0.24396835808213257,0.3543307086614173,0.8915123476047269
OSBPL9,-0.9607941590855997,0.031496062992125984,0.6826476042030583
NRDC,0.2025016307055676,0.25196850393700787,0.8470756930926249
TXNDC12,0.37693956610705914,0.2283464566929134,0.8336385014247465
KTI12,0.5540942237441864,0.5511811023622047,0.9514203834061379
BTF3L4,0.016219327787792892,0.9763779527559056,0.9988002758044506
AL139156.2,0.16914183575364228,0.889763779527559,0.9886177730539346
CC2D1B,0.5743814018480915,0.47244094488188976,0.9331994464922055
PRPF38A,-0.06256557956732678,0.7322834645669292,0.9726051513462561
ZCCHC11,-0.3571225686505599,0.2440944881889764,0.8410862980163292
GPX7,-1.7072582968623045,0.023622047244094488,0.6826476042030583
FAM159A,0.386297064367751,0.6692913385826772,0.967634523772178
COA7,0.5988213431416203,0.5748031496062992,0.9559479904608623
ZYG11B,0.17832535956543705,0.7086614173228346,0.9697087411223303
RPS13P2,-0.21124912696483644,0.5669291338582677,0.954855712655332
ECHDC2,0.4012966176391983,0.7637795275590551,0.9726051513462561
SCP2,-0.07960267648392882,0.6377952755905512,0.962871484045595
C1orf123,0.21823523371422793,0.3464566929133858,0.8873455246406359
MAGOH,-0.3676244175511929,0.2283464566929134,0.8336385014247465
LRP8,-0.14498065413528805,0.7952755905511811,0.978664400309132
AC119428.2,-1.726255025714095,0.11023622047244094,0.7341951946620201
NDC1,-0.7316354855489857,0.09448818897637795,0.7290975019374097
YIPF1,0.2851714097543141,0.09448818897637795,0.7290975019374097
HSPB11,-0.16789745360137687,0.6377952755905512,0.962871484045595
LRRC42,0.5988368722980364,0.25984251968503935,0.8512406093679867
HNRNPA3P12,0.6869398259793817,0.2047244094488189,0.8179316528497794
TMEM59,-0.226720837633005,0.5433070866141733,0.9499646623191925
TCEANC2,0.6752989855839884,0.5826771653543307,0.9597435711535928
CYB5RL,0.03348211171372517,0.952755905511811,0.9944898714583753
MRPL37,-0.08849917821412756,0.8346456692913385,0.9819224384651066
SSBP3,0.5493579438766565,0.10236220472440945,0.7341951946620201
ACOT11,1.6687386852579964,0.015748031496062992,0.6826476042030583
DHCR24,0.22744331352632452,0.7874015748031497,0.9775940764002741
USP24,-0.34706349669927583,0.23622047244094488,0.8382889691177539
PLPP3,0.695377637544599,0.44881889763779526,0.9212102163700125
RPS26P15,-0.46308549210015726,0.7322834645669292,0.9726051513462561
OMA1,-0.3115017143680867,0.49606299212598426,0.9378529417969822
TACSTD2,0.22694481254327847,0.8346456692913385,0.9819224384651066
MYSM1,-0.7201042309537913,0.015748031496062992,0.6826476042030583
JUN,-0.5461952561428447,0.14960629921259844,0.7739916929935694
FGGY,1.6645737517482384,0.023622047244094488,0.6826476042030583
NFIA,0.169109867346382,0.7322834645669292,0.9726051513462561
TM2D1,-0.29591377374510497,0.3779527559055118,0.90080276839105
PATJ,0.5559784023325103,0.5590551181102362,0.9539915430764625
USP1,0.3678957390857427,0.2440944881889764,0.8410862980163292
DOCK7,0.9636412485414847,0.015748031496062992,0.6826476042030583
ATG4C,-0.03417404289328818,0.9448818897637795,0.9944898714583753
ALG6,-0.2919112471062757,0.5433070866141733,0.9499646623191925
ITGB3BP,-0.514547684601764,0.3700787401574803,0.8970171905992668
EFCAB7,-0.3498096677944035,0.7007874015748031,0.9697087411223303
PGM1,-0.22617629369519943,0.7007874015748031,0.9697087411223303
ROR1,-0.2661174835050546,0.7007874015748031,0.9697087411223303
RAVER2,-0.5918659167431133,0.4330708661417323,0.9149090270901766
JAK1,-0.26052397253045,0.031496062992125984,0.6826476042030583
AL357078.3,0.5719287382192089,0.30708661417322836,0.868085262990023
AK4,0.22738056635608617,0.8503937007874016,0.9835944261634448
LEPROT,0.08595950615747583,0.8346456692913385,0.9819224384651066
LEPR,-0.16909413930882655,0.8740157480314961,0.9870953241817563
PDE4B,-0.09984979829512675,0.7165354330708661,0.9697087411223303
TCTEX1D1,0.28529259309789023,0.8188976377952756,0.9819224384651066
MIER1,-0.37494320705372175,0.15748031496062992,0.7813115157480315
SLC35D1,-0.08446610154219636,0.8976377952755905,0.9899212869522312
SERBP1,-0.09237641026754151,0.47244094488188976,0.9331994464922055
GADD45A,-0.6302917101729744,0.2204724409448819,0.8287127766916084
GNG12,-0.0018539447018735,1.0,1.0
WLS,0.08163197008291112,0.8740157480314961,0.9870953241817563
DEPDC1,0.5410426902494123,0.5039370078740157,0.939868419531259
LRRC40,-0.15065652467425794,0.7007874015748031,0.9697087411223303
SRSF11,-0.2917305311517939,0.28346456692913385,0.8574144950147485
ANKRD13C,-0.03725414849755193,0.9448818897637795,0.9944898714583753
HHLA3,1.2370035780569064,0.23622047244094488,0.8382889691177539
CTH,-0.43559302811651635,0.5511811023622047,0.9514203834061379
AL354872.1,-1.5644156007639383,0.031496062992125984,0.6826476042030583
PTGER3,1.021393944395496,0.29133858267716534,0.8583371233084381
ZRANB2,-0.10093953489375185,0.7952755905511811,0.978664400309132
NEGR1,-0.5993603570735733,0.4645669291338583,0.9271628797814478
GDI2P2,0.1359830879889361,0.8188976377952756,0.9819224384651066
FPGT,-0.17593547190606573,0.8503937007874016,0.9835944261634448
CRYZ,0.01919951333768566,0.937007874015748,0.9941472732331481
TYW3,-0.25869448487371205,0.31496062992125984,0.8705799696691885
ACADM,-0.17160020361110995,0.4566929133858268,0.9233455416926752
RABGGTB,0.07933515978975869,0.7952755905511811,0.978664400309132
PIGK,0.7311254615680438,0.12598425196850394,0.7505281352026119
AC113935.1,-0.45366823725160277,0.6535433070866141,0.966090961744307
AK5,-0.23427695720142494,0.8267716535433071,0.9819224384651066
ZZZ3,-0.3697329086952079,0.30708661417322836,0.868085262990023
USP33,-0.16153709067454525,0.5905511811023622,0.9608942225121786
MIGA1,0.3749770406190014,0.3543307086614173,0.8915123476047269
AC138392.1,0.3555578571364215,0.10236220472440945,0.7341951946620201
NEXN,-1.3631367048664864,0.3228346456692913,0.8759501889864706
FUBP1,0.08253287224248407,0.7086614173228346,0.9697087411223303
DNAJB4,-0.1691491189662413,0.7007874015748031,0.9697087411223303
AC103591.3,0.3650286629864672,0.5826771653543307,0.9597435711535928
AC103591.1,-0.19035228082450306,0.8818897637795275,0.9879934629764293
IFI44L,-0.5270296745886673,0.7716535433070866,0.9760752568014447
IFI44,-0.41253118568705816,0.8267716535433071,0.9819224384651066
AC104837.1,0.9101828583589981,0.15748031496062992,0.7813115157480315
ADGRL4,2.1941771467587943,0.015748031496062992,0.6826476042030583
PRKACB,-0.0976832226723765,0.6929133858267716,0.9695596467319408
AL450063.1,-0.3305491954900843,0.5511811023622047,0.9514203834061379
RPF1,-0.07798359586664638,0.7795275590551181,0.9769863358554425
GNG5,0.04241754291976019,0.7480314960629921,0.9726051513462561
CTBS,0.192785396023317,0.7716535433070866,0.9760752568014447
SSX2IP,-0.8272256287756807,0.09448818897637795,0.7290975019374097
LPAR3,1.815584186561324,0.023622047244094488,0.6826476042030583
MCOLN2,-0.727070801877848,0.05511811023622047,0.6931238793170655
C1orf52,-0.39039566220474686,0.2283464566929134,0.8336385014247465
BCL10,0.055108632173798355,0.8818897637795275,0.9879934629764293
CYR61,0.9739598052892956,0.2440944881889764,0.8410862980163292
ZNHIT6,0.21289322977711667,0.6377952755905512,0.962871484045595
COL24A1,-1.8786803832752872,0.015748031496062992,0.6826476042030583
ODF2L,-0.8658243721277694,0.03937007874015748,0.6826476042030583
SH3GLB1,0.04089201910749285,0.7559055118110236,0.9726051513462561
SELENOF,-0.17067989252679183,0.6062992125984252,0.9608942225121786
HS2ST1,0.26545025371100284,0.3700787401574803,0.8970171905992668
LMO4,-0.11409148716038775,0.5826771653543307,0.9597435711535928
PKN2,-0.5981149325621447,0.07086614173228346,0.7107880171694956
GTF2B,-0.5155618412654253,0.1889763779527559,0.8133366461918351
KYAT3,-0.04038638392203442,0.9133858267716536,0.9910228417757366
RBMXL1,0.5152855103189626,0.11811023622047244,0.7364350074797351
GBP3,0.3400953814656109,0.5118110236220472,0.9438814884599421
GBP1,-0.5196735721992773,0.7637795275590551,0.9726051513462561
PTGES3P1,0.11322997228899023,0.5905511811023622,0.9608942225121786
GBP2,-0.13485240622348815,0.9448818897637795,0.9944898714583753
GBP4,0.4435938931797345,0.6614173228346457,0.967634523772178
GBP5,-0.7891229781888143,0.7559055118110236,0.9726051513462561
LRRC8B,0.3954129537475426,0.3779527559055118,0.90080276839105
LRRC8C-DT,0.8211254132293955,0.2047244094488189,0.8179316528497794
LRRC8C,0.7289377638653587,0.031496062992125984,0.6826476042030583
LRRC8D,-0.4917092168050212,0.25196850393700787,0.8470756930926249
ZNF326,0.017729619414401654,0.9606299212598425,0.9967290768663719
ZNF644,-0.2823972350364228,0.41732283464566927,0.9107246259166057
RPL5P6,0.5465695825524433,0.3700787401574803,0.8970171905992668
CDC7,-0.792381456363008,0.08661417322834646,0.7251724549592804
HSP90B3P,0.04450319320621965,0.952755905511811,0.9944898714583753
TGFBR3,-0.2517093671425923,0.7952755905511811,0.978664400309132
GLMN,-0.03347782505993102,0.889763779527559,0.9886177730539346
RPAP2,-0.9863367395953295,0.2440944881889764,0.8410862980163292
GFI1,-0.9818565242405235,0.2992125984251969,0.8629198938688523
EVI5,0.3964050795045386,0.15748031496062992,0.7813115157480315
RPL5,-0.38580007687540174,0.08661417322834646,0.7251724549592804
FAM69A,-0.13523628940970633,0.905511811023622,0.9899212869522312
MTF2,-0.12612910800061083,0.7480314960629921,0.9726051513462561
TMED5,-0.016806012690460115,0.984251968503937,0.9988002758044506
CCDC18,-0.4797598358527724,0.23622047244094488,0.8382889691177539
CCDC18-AS1,-0.46496377404380596,0.2992125984251969,0.8629198938688523
DR1,-0.16709626535621513,0.5511811023622047,0.9514203834061379
FNBP1L,-0.7983751058359259,0.09448818897637795,0.7290975019374097
BCAR3,0.34931705768748955,0.33858267716535434,0.8824827791252136
DNTTIP2,-0.3925029730583658,0.05511811023622047,0.6931238793170655
GCLM,0.24692961170999927,0.7244094488188977,0.9716680124035083
ABCD3,1.1395250357213458,0.2047244094488189,0.8179316528497794
F3,-1.1534049821769092,0.1889763779527559,0.8133366461918351
CNN3,1.2066415899511735,0.2204724409448819,0.8287127766916084
ALG14,-0.7668574168439481,0.25984251968503935,0.8512406093679867
EEF1A1P11,-0.6916627340224344,0.07874015748031496,0.7107880171694956
RPL7P9,-0.42521146784060715,0.07874015748031496,0.7107880171694956
PTBP2,-0.3388329671315624,0.1968503937007874,0.8133366461918351
DPYD,-0.09079966795428529,0.8031496062992126,0.9806560380447493
SEC63P1,-0.3281239945137093,0.6220472440944882,0.9618483135188818
SNX7,1.1078503503418133,0.2992125984251969,0.8629198938688523
AL445433.1,-0.8032761483643993,0.031496062992125984,0.6826476042030583
AGL,0.33236884589079807,0.18110236220472442,0.8073643742935083
SLC35A3,-0.5220114655379087,0.3464566929133858,0.8873455246406359
SASS6,-0.4951115271266069,0.1968503937007874,0.8133366461918351
TRMT13,0.19919257893060038,0.6614173228346457,0.967634523772178
DBT,1.3561800207653887,0.13385826771653545,0.7606862900526696
RTCA,0.29259934751849137,0.5669291338582677,0.954855712655332
CDC14A,-1.2179865948823556,0.023622047244094488,0.6826476042030583
BCAS2P2,-0.47880071883762887,0.5669291338582677,0.954855712655332
VCAM1,0.5666806614468722,0.5748031496062992,0.9559479904608623
EXTL2,-0.9793233126624303,0.1968503937007874,0.8133366461918351
SLC30A7,-0.06445348389155381,0.7401574803149606,0.9726051513462561
DPH5,0.696924007268517,0.29133858267716534,0.8583371233084381
AC093157.1,0.6170697267088159,0.4015748031496063,0.9086765677539906
S1PR1,0.9643098517655724,0.31496062992125984,0.8705799696691885
AL109741.2,-0.6566753832447789,0.33858267716535434,0.8824827791252136
RPSAP19,-0.6508689226159219,0.5196850393700787,0.9452006713295411
RNPC3,-0.12038464583864439,0.6299212598425197,0.962871484045595
AMY2B,-0.9680267026716698,0.07086614173228346,0.7107880171694956
AL512844.2,-0.4086936612523522,0.4881889763779528,0.9357814954688165
AL512844.1,0.5609400951459937,0.6220472440944882,0.9618483135188818
PRMT6,0.875523466578604,0.44881889763779526,0.9212102163700125
AC114491.1,0.27877829380552477,0.2283464566929134,0.8336385014247465
VAV3,-0.4131775069884771,0.13385826771653545,0.7606862900526696
AL390036.1,0.31661474149325564,0.7244094488188977,0.9716680124035083
SLC25A24,0.13519175548380602,0.8110236220472441,0.9806560380447493
FAM102B,0.30436752336215456,0.05511811023622047,0.6931238793170655
HENMT1,-0.033101003290586295,0.9606299212598425,0.9967290768663719
PRPF38B,-0.3559733479325198,0.31496062992125984,0.8705799696691885
STXBP3,0.07314778650305964,0.7086614173228346,0.9697087411223303
GPSM2,0.7293427838737774,0.36220472440944884,0.8957091520102044
CLCC1,0.691558306244922,0.4645669291338583,0.9271628797814478
WDR47,-0.38328433509508697,0.36220472440944884,0.8957091520102044
BX679664.3,-0.9761121346478734,0.023622047244094488,0.6826476042030583
TAF13,-0.13195266357487956,0.36220472440944884,0.8957091520102044
TMEM167B,0.021332557553758846,0.937007874015748,0.9941472732331481
SARS,-0.10433032460152436,0.6771653543307087,0.9685447258281904
CELSR2,1.2630788989611375,0.05511811023622047,0.6931238793170655
PSRC1,0.012249306764354095,0.952755905511811,0.9944898714583753
SORT1,0.17987690888957886,0.6456692913385826,0.9653496962085154
PSMA5,0.18645136387221228,0.6614173228346457,0.967634523772178
ATXN7L2,0.3252102024774408,0.6220472440944882,0.9618483135188818
CYB561D1,1.6429439910564074,0.09448818897637795,0.7290975019374097
GNAI3,0.10943454810677178,0.4645669291338583,0.9271628797814478
AMPD2,0.1505669946876349,0.7637795275590551,0.9726051513462561
GSTM4,0.8153341619194441,0.2992125984251969,0.8629198938688523
GSTM3,0.7115411832301892,0.30708661417322836,0.868085262990023
CSF1,0.2228398866014798,0.7165354330708661,0.9697087411223303
AHCYL1,0.056931372508039146,0.8661417322834646,0.9853875082167936
STRIP1,0.24285769343142682,0.4330708661417323,0.9149090270901766
AL160006.1,0.2032854925799803,0.7165354330708661,0.9697087411223303
RBM15,-0.5094000672218337,0.3937007874015748,0.9060325603890926
LAMTOR5,-0.05582375315264798,0.7165354330708661,0.9697087411223303
AL365361.1,0.3913204267469137,0.5984251968503937,0.9608942225121786
KCNA3,-0.41457905698266106,0.6535433070866141,0.966090961744307
CD53,0.16708989829213117,0.09448818897637795,0.7290975019374097
LRIF1,-0.3829753543580452,0.5196850393700787,0.9452006713295411
DRAM2,-0.060219460889663345,0.889763779527559,0.9886177730539346
CEPT1,0.1451256088519104,0.6141732283464567,0.9618483135188818
DENND2D,-0.5706312104351747,0.4015748031496063,0.9086765677539906
CHI3L2,-0.488591742894386,0.5826771653543307,0.9597435711535928
WDR77,0.17745227309922873,0.7716535433070866,0.9760752568014447
ATP5F1,0.07991195432749443,0.5590551181102362,0.9539915430764625
C1orf162,-0.40024880636681637,0.06299212598425197,0.6963124387519445
TMIGD3,1.6086737556256774,0.07874015748031496,0.7107880171694956
ADORA3,0.7277427452411611,0.44881889763779526,0.9212102163700125
RAP1A,0.26881609137138973,0.2047244094488189,0.8179316528497794
FAM212B,-0.00906618506981971,0.9763779527559056,0.9988002758044506
DDX20,0.4233148943082785,0.7244094488188977,0.9716680124035083
KCND3,-0.06674765075293165,0.952755905511811,0.9944898714583753
CTTNBP2NL,0.8570293586129019,0.16535433070866143,0.7925152280493241
WNT2B,-0.5953893191126918,0.49606299212598426,0.9378529417969822
ST7L,-0.7170912125692772,0.2283464566929134,0.8336385014247465
CAPZA1,0.01238106634543712,0.9291338582677166,0.9923418376941026
MOV10,0.3432874784051059,0.7637795275590551,0.9726051513462561
RHOC,1.111715218347066,0.4015748031496063,0.9086765677539906
PPM1J,-0.2163652549637587,0.7559055118110236,0.9726051513462561
SLC16A1,0.3203623421870354,0.5275590551181102,0.9452006713295411
SLC16A1-AS1,0.14316039663038582,0.8346456692913385,0.9819224384651066
LRIG2,-0.414170237765505,0.29133858267716534,0.8583371233084381
MAGI3,-0.01008186232388697,0.968503937007874,0.9977263771544332
AL391058.1,1.0818482881030893,0.18110236220472442,0.8073643742935083
PHTF1,-0.18012285997787902,0.8188976377952756,0.9819224384651066
RSBN1,-0.5225494414322371,0.1732283464566929,0.8038630721031994
PTPN22,-0.3608506655488313,0.015748031496062992,0.6826476042030583
AP4B1,0.7745564016054209,0.4645669291338583,0.9271628797814478
DCLRE1B,1.811239490574783,0.015748031496062992,0.6826476042030583
HIPK1-AS1,0.4791657673702536,0.4566929133858268,0.9233455416926752
HIPK1,0.38402009116327296,0.12598425196850394,0.7505281352026119
OLFML3,1.6755806140516691,0.2204724409448819,0.8287127766916084
TRIM33,-0.055694568382081755,0.8188976377952756,0.9819224384651066
BCAS2,-0.02597719010199917,0.8976377952755905,0.9899212869522312
NRAS,0.3158877140101781,0.29133858267716534,0.8583371233084381
CSDE1,-0.01920991385926385,0.9133858267716536,0.9910228417757366
SIKE1,-0.02486330411303328,0.952755905511811,0.9944898714583753
TSPAN2,-1.0860208252797698,0.23622047244094488,0.8382889691177539
VANGL1,-0.5709022476696695,0.5196850393700787,0.9452006713295411
SLC22A15,0.21712532995521094,0.8346456692913385,0.9819224384651066
U3,-0.037854521995083434,0.9133858267716536,0.9910228417757366
ATP1A1,0.04037507513734351,0.7795275590551181,0.9769863358554425
CD58,0.726390866160072,0.047244094488188976,0.6826476042030583
NAP1L4P1,0.38175812456251723,0.6614173228346457,0.967634523772178
CD2,0.10134489948708314,0.8267716535433071,0.9819224384651066
PTGFRN,2.287895143134338,0.03937007874015748,0.6826476042030583
CD101,1.47007999606131,0.08661417322834646,0.7251724549592804
TTF2,0.737034539535161,0.11023622047244094,0.7341951946620201
TRIM45,-0.9425625143360226,0.2283464566929134,0.8336385014247465
MAN1A2,-0.47679149478749494,0.16535433070866143,0.7925152280493241
FAM46C,-0.5770905373326007,0.25196850393700787,0.8470756930926249
PNRC2P1,-0.7741742476778035,0.2125984251968504,0.8224832770104163
GDAP2,-0.2737217951268667,0.1889763779527559,0.8133366461918351
WDR3,0.3802695806400713,0.4015748031496063,0.9086765677539906
WARS2,-0.4516013233085645,0.6692913385826772,0.967634523772178
ZNF697,1.2071494328993424,0.2440944881889764,0.8410862980163292
PHGDH,-0.5326728766919943,0.4094488188976378,0.9090035743434535
NOTCH2,-0.4311159213228777,0.25196850393700787,0.8470756930926249
SEC22B,-0.0986809238071471,0.5275590551181102,0.9452006713295411
AC244669.1,0.18926277037469597,0.8582677165354331,0.9837431881343323
U1,0.31196687547446444,0.6062992125984252,0.9608942225121786
NBPF8,-0.12227761067201559,0.9133858267716536,0.9910228417757366
AC241952.1,-0.5185039958149851,0.3543307086614173,0.8915123476047269
U2,-0.13351067134642158,0.8110236220472441,0.9806560380447493
NBPF26,0.8900403164178063,0.25196850393700787,0.8470756930926249
RNVU1-19,0.6775676215341813,0.15748031496062992,0.7813115157480315
LINC00623,0.744195018048643,0.2755905511811024,0.853725753792971
RNVU1-4,0.4443111635675878,0.5669291338582677,0.954855712655332
FCGR1B,-0.1130884300594035,0.8818897637795275,0.9879934629764293
SRGAP2C,0.22126320018124535,0.5118110236220472,0.9438814884599421
EMBP1,0.8994873782886699,0.11023622047244094,0.7341951946620201
FCGR1CP,0.3134268086389218,0.7637795275590551,0.9726051513462561
RNVU1-15,1.1013185624857704,0.23622047244094488,0.8382889691177539
SRGAP2B,-0.05017499531336078,0.9606299212598425,0.9967290768663719
AC245014.3,0.6317486916733746,0.3858267716535433,0.901137518714905
NBPF20,1.4014377281638386,0.11811023622047244,0.7364350074797351
GPR89A,1.5282978748323903,0.08661417322834646,0.7251724549592804
RNF115,-0.22130591662367305,0.06299212598425197,0.6963124387519445
POLR3C,-0.4148709629107219,0.25984251968503935,0.8512406093679867
PIAS3,-0.6353163199826619,0.031496062992125984,0.6826476042030583
PEX11B,0.3968966397907554,0.4566929133858268,0.9233455416926752
RBM8A,0.06344380290915375,0.4881889763779528,0.9357814954688165
LIX1L,0.4438493712656424,0.07086614173228346,0.7107880171694956
POLR3GL,0.22319884042239213,0.3858267716535433,0.901137518714905
TXNIP,-0.34776884444434764,0.5905511811023622,0.9608942225121786
RNVU1-6,-0.037155727473432876,0.9448818897637795,0.9944898714583753
NBPF10,-0.5122000396768187,0.6535433070866141,0.966090961744307
NBPF12,0.23712904750866115,0.8582677165354331,0.9837431881343323
AC241584.1,0.118009795776294,0.889763779527559,0.9886177730539346
PRKAB2,0.2674911773929258,0.6141732283464567,0.9618483135188818
FMO5,-0.6985679603943673,0.12598425196850394,0.7505281352026119
PDIA3P1,0.4116763295764194,0.10236220472440945,0.7341951946620201
CCT8P1,-0.5003990209923588,0.2125984251968504,0.8224832770104163
CHD1L,-0.16832341074268786,0.5984251968503937,0.9608942225121786
BCL9,-0.07072825694686835,0.905511811023622,0.9899212869522312
ACP6,0.6891426156741418,0.30708661417322836,0.868085262990023
GPR89B,-0.40641022281258343,0.6850393700787402,0.9695596467319408
RNVU1-7,-0.5297808271132038,0.5590551181102362,0.9539915430764625
NBPF11,-0.4214023026143563,0.29133858267716534,0.8583371233084381
LINC01138,0.11657950367469638,0.8740157480314961,0.9870953241817563
NBPF14,-0.19414254231933015,0.7401574803149606,0.9726051513462561
PDE4DIP,0.39598062120925537,0.4015748031496063,0.9086765677539906
NBPF9,0.5195524198943464,0.4409448818897638,0.9193107263430548
AC245297.3,0.06441741768723785,0.952755905511811,0.9944898714583753
AC245297.1,0.3122410828085256,0.7559055118110236,0.9726051513462561
NBPF19,-0.17983782358245604,0.4881889763779528,0.9357814954688165
LINC00869,-0.5016605202439774,0.25196850393700787,0.8470756930926249
FCGR1A,0.31613163636637776,0.6141732283464567,0.9618483135188818
AC239868.2,-0.1625839284283226,0.8346456692913385,0.9819224384651066
HIST2H2BE,0.12880072461269032,0.937007874015748,0.9941472732331481
BOLA1,1.4359557018141813,0.07874015748031496,0.7107880171694956
SF3B4,0.28649817564992297,0.023622047244094488,0.6826476042030583
MTMR11,-0.8014114106646,0.18110236220472442,0.8073643742935083
VPS45,-0.24458612949739233,0.47244094488188976,0.9331994464922055
PLEKHO1,0.055407352151635614,0.84251968503937,0.9823595446327953
ANP32E,-0.03425032055874322,0.9212598425196851,0.9916034965968238
APH1A,0.18098580060448732,0.4094488188976378,0.9090035743434535
C1orf54,0.9606491150744736,0.06299212598425197,0.6963124387519445
MRPS21,-0.11459475004739517,0.5905511811023622,0.9608942225121786
PRPF3,-0.3219956529653878,0.3543307086614173,0.8915123476047269
RPRD2,0.43733322978406264,0.14173228346456693,0.7686343861159114
TARS2,-0.27397535767272174,0.7165354330708661,0.9697087411223303
ECM1,1.7240337589787975,0.16535433070866143,0.7925152280493241
ADAMTSL4,0.23118629786853706,0.8346456692913385,0.9819224384651066
ADAMTSL4-AS1,-0.27768637077753433,0.7401574803149606,0.9726051513462561
RN7SL473P,-1.0051313910047066,0.25196850393700787,0.8470756930926249
RN7SL600P,0.4839859076576286,0.5039370078740157,0.939868419531259
MCL1,-0.20670089552874238,0.5039370078740157,0.939868419531259
ENSA,0.08771752651639986,0.7401574803149606,0.9726051513462561
GOLPH3L,-0.3050782546619457,0.25984251968503935,0.8512406093679867
CTSS,-0.3830516335125722,0.18110236220472442,0.8073643742935083
CTSK,-0.8097789581012913,0.6929133858267716,0.9695596467319408
ARNT,0.18864201143162607,0.5196850393700787,0.9452006713295411
SETDB1,-0.2566564166640046,0.4251968503937008,0.9130051051310895
CERS2,0.41368919415360583,0.5748031496062992,0.9559479904608623
MINDY1,0.3428181129875967,0.6377952755905512,0.962871484045595
PRUNE1,0.061457686733371375,0.9212598425196851,0.9916034965968238
C1orf56,0.08874529948507992,0.905511811023622,0.9899212869522312
CDC42SE1,0.4668858802817928,0.3700787401574803,0.8970171905992668
MLLT11,-0.6290301600776202,0.2283464566929134,0.8336385014247465
GABPB2,-0.5566751982015594,0.1968503937007874,0.8133366461918351
TNFAIP8L2,0.6628153919666975,0.1732283464566929,0.8038630721031994
SCNM1,0.17720795600248884,0.6771653543307087,0.9685447258281904
LYSMD1,0.6016338850315668,0.3464566929133858,0.8873455246406359
VPS72,0.2343124972807198,0.5354330708661418,0.9479419337985596
PIP5K1A,-0.24644072242628567,0.4645669291338583,0.9271628797814478
PSMD4,0.2980764399896074,0.2283464566929134,0.8336385014247465
ZNF687,0.12311084426632246,0.9763779527559056,0.9988002758044506
PI4KB,-1.3575246439982127,0.09448818897637795,0.7290975019374097
RFX5,-0.09952070525119527,0.8346456692913385,0.9819224384651066
AL391069.3,1.465558101601657,0.06299212598425197,0.6963124387519445
PSMB4,0.09076766147497661,0.5433070866141733,0.9499646623191925
POGZ,-0.5052453151511855,0.10236220472440945,0.7341951946620201
TUFT1,-0.16248289304084107,0.8267716535433071,0.9819224384651066
SNX27,-0.2684681943137166,0.4094488188976378,0.9090035743434535
MRPL9,1.0347910633013815,0.05511811023622047,0.6931238793170655
TDRKH,0.28453522585282753,0.4094488188976378,0.9090035743434535
THEM4,-0.39616205315016106,0.2047244094488189,0.8179316528497794
S100A10,0.5899666546293272,0.05511811023622047,0.6931238793170655
S100A11,0.7845864003875498,0.1732283464566929,0.8038630721031994
TCHH,-0.018062971972214292,0.984251968503937,0.9988002758044506
HMGN3P1,-1.3311503480450708,0.09448818897637795,0.7290975019374097
SPRR3,1.59389008023197,0.2125984251968504,0.8224832770104163
SPRR1B,1.673394013693595,0.16535433070866143,0.7925152280493241
SPRR2D,0.07102917122328911,0.8582677165354331,0.9837431881343323
SPRR2A,0.7728448892153943,0.5039370078740157,0.939868419531259
SPRR2E,1.1002899443831256,0.36220472440944884,0.8957091520102044
S100A9,-1.3740585476919627,0.3858267716535433,0.901137518714905
S100A12,-1.4507645428164153,0.10236220472440945,0.7341951946620201
S100A8,-0.9718610319113026,0.10236220472440945,0.7341951946620201
S100A7,1.95118359334258,0.023622047244094488,0.6826476042030583
S100A6,0.35833454600653347,0.3543307086614173,0.8915123476047269
S100A4,0.2643541643376057,0.6220472440944882,0.9618483135188818
S100A2,2.7837026324972802,0.023622047244094488,0.6826476042030583
CHTOP,-0.07091404065802376,0.8267716535433071,0.9819224384651066
SNAPIN,-0.6742333472515325,0.07874015748031496,0.7107880171694956
ILF2,-0.09580480854979534,0.3543307086614173,0.8915123476047269
INTS3,-0.26895121781122433,0.7874015748031497,0.9775940764002741
SLC27A3,-0.5049495739652867,0.3858267716535433,0.901137518714905
GATAD2B,-0.522804593860565,0.09448818897637795,0.7290975019374097
AL513523.1,0.973684241435472,0.14173228346456693,0.7686343861159114
DENND4B,-0.05614253577369599,0.84251968503937,0.9823595446327953
CRTC2,-0.2977031726833639,0.2677165354330709,0.8534808525440345
SLC39A1,0.7056388591676788,0.1732283464566929,0.8038630721031994
CREB3L4,0.5916851680178028,0.36220472440944884,0.8957091520102044
JTB,-0.002777525911480616,1.0,1.0
RAB13,0.3572084996357052,0.4881889763779528,0.9357814954688165
RPS27,-0.37456394898320866,0.18110236220472442,0.8073643742935083
AL358472.1,-0.5851856739376968,0.12598425196850394,0.7505281352026119
TPM3,0.07759782654434311,0.5984251968503937,0.9608942225121786
C1orf43,-0.13483186088206534,0.6614173228346457,0.967634523772178
UBAP2L,-0.23655772700125333,0.08661417322834646,0.7251724549592804
HAX1,-0.04030512792966512,0.937007874015748,0.9941472732331481
ATP8B2,-1.0415477177913437,0.07086614173228346,0.7107880171694956
IL6R-AS1,-0.44179525718807877,0.6614173228346457,0.967634523772178
IL6R,0.28380071433277454,0.2047244094488189,0.8179316528497794
UBE2Q1,-0.017696846614525974,0.9212598425196851,0.9916034965968238
ADAR,-0.09779732850446177,0.84251968503937,0.9823595446327953
PMVK,0.11077411710885432,0.6377952755905512,0.962871484045595
PBXIP1,0.3450556540332901,0.4566929133858268,0.9233455416926752
PYGO2,0.26630332380441457,0.49606299212598426,0.9378529417969822
SHC1,-0.15748552045867426,0.8188976377952756,0.9819224384651066
CKS1B,-0.08232615348099515,0.8661417322834646,0.9853875082167936
FLAD1,-0.41350269749028756,0.5590551181102362,0.9539915430764625
ZBTB7B,-0.24981452460373177,0.6141732283464567,0.9618483135188818
ADAM15,0.5415764006250465,0.7165354330708661,0.9697087411223303
EFNA4,0.8517217915695316,0.2204724409448819,0.8287127766916084
SLC50A1,0.850533488622653,0.11023622047244094,0.7341951946620201
DPM3,-0.3293883680169314,0.8582677165354331,0.9837431881343323
THBS3,-0.11749817468918966,0.6771653543307087,0.9685447258281904
GBA,0.9784358239766873,0.1968503937007874,0.8133366461918351
FAM189B,0.0644568812560844,0.8818897637795275,0.9879934629764293
SCAMP3,0.2134289511487708,0.5826771653543307,0.9597435711535928
CLK2,0.6146702381131766,0.14173228346456693,0.7686343861159114
FDPS,-0.9676423953468225,0.031496062992125984,0.6826476042030583
RUSC1-AS1,-0.8723127028496472,0.2440944881889764,0.8410862980163292
RUSC1,0.3584729981777617,0.07874015748031496,0.7107880171694956
ASH1L,-0.300386905219149,0.14173228346456693,0.7686343861159114
ASH1L-AS1,-0.6890848344242138,0.30708661417322836,0.868085262990023
MSTO1,0.46102440818304125,0.4566929133858268,0.9233455416926752
YY1AP1,0.4800452079951132,0.4251968503937008,0.9130051051310895
DAP3,-0.24576234569765454,0.031496062992125984,0.6826476042030583
GON4L,0.022864099256266535,0.9448818897637795,0.9944898714583753
SYT11,0.9510510370200129,0.015748031496062992,0.6826476042030583
RIT1,0.3656851565442478,0.3464566929133858,0.8873455246406359
KHDC4,-0.1996485890805504,0.47244094488188976,0.9331994464922055
ARHGEF2,0.6683437372530321,0.047244094488188976,0.6826476042030583
SSR2,-0.03784905995309895,0.889763779527559,0.9886177730539346
UBQLN4,0.5224294742014823,0.33858267716535434,0.8824827791252136
LAMTOR2,0.4127565150217807,0.10236220472440945,0.7341951946620201
LMNA,1.6944221751317832,0.16535433070866143,0.7925152280493241
SEMA4A,0.12677678575876872,0.10236220472440945,0.7341951946620201
SLC25A44,0.46923568762820533,0.12598425196850394,0.7505281352026119
PMF1,0.31824833431779886,0.44881889763779526,0.9212102163700125
PAQR6,-0.04862208828501169,0.937007874015748,0.9941472732331481
SMG5,-0.11927186438909487,0.7637795275590551,0.9726051513462561
TMEM79,0.8615846506143467,0.2047244094488189,0.8179316528497794
GLMP,0.7342597603259977,0.2440944881889764,0.8410862980163292
CCT3,0.278015764489818,0.03937007874015748,0.6826476042030583
MEF2D,-0.22498119858214594,0.25984251968503935,0.8512406093679867
IQGAP3,1.9123550107358218,0.06299212598425197,0.6963124387519445
TTC24,-1.7278741664855,0.031496062992125984,0.6826476042030583
NAXE,0.1499830828379265,0.5196850393700787,0.9452006713295411
GPATCH4,0.1926024882479762,0.7165354330708661,0.9697087411223303
CRABP2,-0.028881887568283693,1.0,1.0
ISG20L2,-0.10857951261362331,0.7007874015748031,0.9697087411223303
RRNAD1,0.8705282254147559,0.2204724409448819,0.8287127766916084
MRPL24,0.82641537760643,0.09448818897637795,0.7290975019374097
HDGF,0.11334551028144801,0.4645669291338583,0.9271628797814478
PRCC,-0.06212396549045529,0.8346456692913385,0.9819224384651066
SH2D2A,0.5623465882631102,0.4409448818897638,0.9193107263430548
ARHGEF11,0.4709475792773654,0.14173228346456693,0.7686343861159114
AL157713.1,0.9268372257810887,0.13385826771653545,0.7606862900526696
ETV3,-0.4106925402628825,0.18110236220472442,0.8073643742935083
CYCSP52,0.6998703739465522,0.33070866141732286,0.8811266433105555
AL357143.1,-1.999123832614106,0.05511811023622047,0.6931238793170655
FCRL5,0.5583619283944317,0.5590551181102362,0.9539915430764625
ELL2P1,0.4564630021458702,0.5748031496062992,0.9559479904608623
CD1D,-1.1512645789154439,0.2440944881889764,0.8410862980163292
CD1A,2.0997915346514446,0.25984251968503935,0.8512406093679867
CD1C,0.6387231563724107,0.4015748031496063,0.9086765677539906
CD1B,2.399750901679877,0.015748031496062992,0.6826476042030583
CD1E,2.5881458474290566,0.06299212598425197,0.6963124387519445
MNDA,-0.24554322147654162,0.5275590551181102,0.9452006713295411
PYHIN1,-0.7483232522354041,0.31496062992125984,0.8705799696691885
IFI16,0.0950838784935204,0.7716535433070866,0.9760752568014447
AIM2,-0.4386502758471402,0.7086614173228346,0.9697087411223303
ACKR1,2.697221347671876,0.047244094488188976,0.6826476042030583
FCER1A,-0.1824999503440985,0.7874015748031497,0.9775940764002741
DUSP23,0.9273526902812135,0.14960629921259844,0.7739916929935694
FCRL6,-1.2977343320749801,0.06299212598425197,0.6963124387519445
SLAMF8,1.7003424316546871,0.015748031496062992,0.6826476042030583
AL590560.3,-0.5298081076406179,0.3700787401574803,0.8970171905992668
TAGLN2,-0.0023461176578436493,1.0,1.0
SLAMF9,0.8298997484211128,0.31496062992125984,0.8705799696691885
AL513302.2,0.8250195092414907,0.16535433070866143,0.7925152280493241
PIGM,0.2303071197390385,0.5748031496062992,0.9559479904608623
IGSF8,0.9218387780367214,0.07874015748031496,0.7107880171694956
PEA15,1.147827953785768,0.047244094488188976,0.6826476042030583
DCAF8,-0.5395977594416959,0.07874015748031496,0.7107880171694956
PEX19,-0.002029502579598663,0.9921259842519685,1.0
COPA,-0.1774533421546849,0.5826771653543307,0.9597435711535928
SUMO1P3,-0.04088281210086819,0.905511811023622,0.9899212869522312
NCSTN,-0.1337652040266697,0.7007874015748031,0.9697087411223303
NHLH1,-0.4567688506061256,0.5275590551181102,0.9452006713295411
SLAMF6,-1.2539888046366003,0.07874015748031496,0.7107880171694956
CD84,0.811478588203296,0.18110236220472442,0.8073643742935083
SLAMF1,-0.0061756084829980296,0.984251968503937,0.9988002758044506
CD48,-0.5717904180487565,0.05511811023622047,0.6931238793170655
SLAMF7,-0.40850320385945516,0.2440944881889764,0.8410862980163292
LY9,-0.6394946319837,0.2755905511811024,0.853725753792971
CD244,0.07224660326474286,0.8661417322834646,0.9853875082167936
AL354714.2,-0.2968326047619696,0.8267716535433071,0.9819224384651066
F11R,0.8043200883135357,0.015748031496062992,0.6826476042030583
TSTD1,0.33204512316446966,0.49606299212598426,0.9378529417969822
USF1,-0.19514389689233091,0.7086614173228346,0.9697087411223303
ARHGAP30,-0.08408177312597598,0.7007874015748031,0.9697087411223303
PFDN2,-0.5793181735046558,0.13385826771653545,0.7606862900526696
NIT1,-0.6347646883969897,0.1968503937007874,0.8133366461918351
DEDD,-0.08094044182468707,0.8110236220472441,0.9806560380447493
UFC1,-0.02627286249375782,0.905511811023622,0.9899212869522312
USP21,-0.4627642508435943,0.3779527559055118,0.90080276839105
PPOX,-1.1811587641328125,0.015748031496062992,0.6826476042030583
B4GALT3,1.0118088897721198,0.49606299212598426,0.9378529417969822
ADAMTS4,-0.22642438337181314,0.8110236220472441,0.9806560380447493
NDUFS2,0.21277631278855225,0.12598425196850394,0.7505281352026119
FCER1G,-0.06162838282492977,0.8031496062992126,0.9806560380447493
SDHC,0.09054082717895007,0.84251968503937,0.9823595446327953
FCGR2A,0.2663183931661317,0.25984251968503935,0.8512406093679867
HSPA6,-0.7836790507137588,0.33858267716535434,0.8824827791252136
FCGR3A,1.5582968305799447,0.047244094488188976,0.6826476042030583
FCGR2C,1.035927570422908,0.18110236220472442,0.8073643742935083
HSPA7,-0.3627460430808336,0.7637795275590551,0.9726051513462561
FCGR3B,-0.5001185020239465,0.6535433070866141,0.966090961744307
FCGR2B,2.935018134161095,0.03937007874015748,0.6826476042030583
FCRLA,-1.029708184640254,0.4251968503937008,0.9130051051310895
FCRLB,1.463154313872078,0.15748031496062992,0.7813115157480315
DUSP12,1.503701320394014,0.08661417322834646,0.7251724549592804
ATF6,0.466698090707121,0.05511811023622047,0.6931238793170655
AL391825.1,-0.6672466462652296,0.23622047244094488,0.8382889691177539
OLFML2B,2.4412947334376067,0.03937007874015748,0.6826476042030583
UHMK1,-0.18229817716767815,0.36220472440944884,0.8957091520102044
UAP1,-0.15042966956187165,0.7086614173228346,0.9697087411223303
DDR2,0.8719497640661972,0.2283464566929134,0.8336385014247465
HSD17B7,0.38818453445117784,0.7244094488188977,0.9716680124035083
RGS5,1.950351326009664,0.05511811023622047,0.6931238793170655
NUF2,0.31990495979959466,0.6535433070866141,0.966090961744307
AL390119.1,-1.5167915856732361,0.05511811023622047,0.6931238793170655
MGST3,0.711281303927767,0.14960629921259844,0.7739916929935694
ALDH9A1,-0.35955890840520155,0.48031496062992124,0.9342236316938177
TMCO1,0.1211813194200202,0.7007874015748031,0.9697087411223303
UCK2,0.36209874587653346,0.4645669291338583,0.9271628797814478
AL596087.1,-0.2520259596922969,0.5118110236220472,0.9438814884599421
POGK,-0.293009160713229,0.28346456692913385,0.8574144950147485
TADA1,0.919793502177666,0.3543307086614173,0.8915123476047269
AL451050.1,-0.13245140946555045,0.84251968503937,0.9823595446327953
POU2F1,0.5319220819786681,0.2283464566929134,0.8336385014247465
CD247,-0.7607548792283041,0.08661417322834646,0.7251724549592804
CREG1,0.7452013250114415,0.2283464566929134,0.8336385014247465
RCSD1,-0.8525214578400293,0.1968503937007874,0.8133366461918351
MPZL1,-0.17668667974832974,0.2047244094488189,0.8179316528497794
MPC2,-0.441747097713157,0.2440944881889764,0.8410862980163292
DCAF6,-0.3663041523136714,0.2755905511811024,0.853725753792971
GCSHP5,0.6486090317964712,0.23622047244094488,0.8382889691177539
TIPRL,0.31502563214351653,0.3779527559055118,0.90080276839105
RPL34P1,-0.872610289072504,0.03937007874015748,0.6826476042030583
SFT2D2,-0.3283330874558992,0.2047244094488189,0.8179316528497794
TBX19,-0.7657533408821271,0.18110236220472442,0.8073643742935083
ATP1B1,-0.10823947703309411,0.8818897637795275,0.9879934629764293
NME7,1.2125834006070968,0.07086614173228346,0.7107880171694956
BLZF1,0.444620800213297,0.49606299212598426,0.9378529417969822
SLC19A2,1.5064326431956299,0.031496062992125984,0.6826476042030583
F5,-1.3690173477180232,0.031496062992125984,0.6826476042030583
C1orf112,1.5195783222786883,0.023622047244094488,0.6826476042030583
SELL,-1.1187394854771417,0.023622047244094488,0.6826476042030583
SELE,2.9821109084507467,0.031496062992125984,0.6826476042030583
SCYL3,-0.13691938117542168,0.8740157480314961,0.9870953241817563
KIFAP3,0.16839503817204893,0.8818897637795275,0.9879934629764293
GORAB,0.049984973787629006,0.9448818897637795,0.9944898714583753
PRRX1,-0.701761348716208,0.47244094488188976,0.9331994464922055
FMO4,-0.652456168609856,0.5039370078740157,0.939868419531259
PRRC2C,-0.07871361179903147,0.6299212598425197,0.962871484045595
PFN1P1,-0.47271371994672196,0.3858267716535433,0.901137518714905
RPL4P3,-0.12652295806029934,0.84251968503937,0.9823595446327953
VAMP4,0.01309224921846619,0.9763779527559056,0.9988002758044506
METTL13,1.4733688437026267,0.12598425196850394,0.7505281352026119
DNM3,-0.21892194094145045,0.7874015748031497,0.9775940764002741
PIGC,0.8945753230538798,0.16535433070866143,0.7925152280493241
SUCO,-0.17659900455219102,0.6062992125984252,0.9608942225121786
TNFSF4,0.13366190643683273,0.889763779527559,0.9886177730539346
PRDX6,-0.21860919507363707,0.2125984251968504,0.8224832770104163
KLHL20,1.1004319268235627,0.33858267716535434,0.8824827791252136
CENPL,-0.23641117184845428,0.5354330708661418,0.9479419337985596
DARS2,0.9248381488343203,0.047244094488188976,0.6826476042030583
GAS5,-0.4131584500418901,0.3858267716535433,0.901137518714905
ZBTB37,-0.010755493538025629,0.984251968503937,0.9988002758044506
RC3H1,-0.024758571029799725,0.952755905511811,0.9944898714583753
RABGAP1L,-1.1244715464014856,0.03937007874015748,0.6826476042030583
CACYBP,0.13130503317081743,0.7086614173228346,0.9697087411223303
MRPS14,0.06726227223413517,0.7952755905511811,0.978664400309132
KIAA0040,-0.2937913479369252,0.5118110236220472,0.9438814884599421
RPS29P5,-0.5668094514331532,0.4566929133858268,0.9233455416926752
RFWD2,0.3094287706355239,0.25984251968503935,0.8512406093679867
AL359075.1,-0.3519291506665041,0.7401574803149606,0.9726051513462561
RASAL2,1.364589230818746,0.14173228346456693,0.7686343861159114
AL365357.1,0.16382609425734662,0.9133858267716536,0.9910228417757366
RALGPS2,-0.7836299321477558,0.14960629921259844,0.7739916929935694
PTPN2P1,0.2633605896771596,0.9133858267716536,0.9910228417757366
FAM20B,-0.6333507974308343,0.11811023622047244,0.7364350074797351
TOR3A,0.1281495079109849,0.7716535433070866,0.9760752568014447
ABL2,0.32695837829050767,0.5984251968503937,0.9608942225121786
SOAT1,0.4542445838129856,0.2677165354330709,0.8534808525440345
TOR1AIP2,-0.028034085587318458,0.905511811023622,0.9899212869522312
TOR1AIP1,0.07125738822780114,0.905511811023622,0.9899212869522312
CEP350,0.021580878697157857,0.8267716535433071,0.9819224384651066
QSOX1,0.4464464433649873,0.1732283464566929,0.8038630721031994
ACBD6,-0.17503886205150287,0.5590551181102362,0.9539915430764625
XPR1,-0.17837669354609176,0.8031496062992126,0.9806560380447493
STX6,0.5049474653224291,0.33858267716535434,0.8824827791252136
MR1,0.6745817767649251,0.1732283464566929,0.8038630721031994
IER5,-0.5084582474730706,0.1968503937007874,0.8133366461918351
EIF1P3,-0.16951058584830125,0.5354330708661418,0.9479419337985596
GLUL,1.030038671177838,0.015748031496062992,0.6826476042030583
RNASEL,0.09360268586915277,0.9606299212598425,0.9967290768663719
RGS16,-0.9776062624478539,0.33858267716535434,0.8824827791252136
NPL,1.0109101512604166,0.25196850393700787,0.8470756930926249
DHX9,-0.06664760336275943,0.8188976377952756,0.9819224384651066
LAMC1,0.5814371515674877,0.4881889763779528,0.9357814954688165
LAMC2,0.7869051255473026,0.41732283464566927,0.9107246259166057
SMG7,-0.23660846371955824,0.30708661417322836,0.868085262990023
NCF2,-0.4746875037182905,0.2440944881889764,0.8410862980163292
ARPC5,0.12239673094854808,0.6535433070866141,0.966090961744307
RGL1,1.7244945637554832,0.015748031496062992,0.6826476042030583
COLGALT2,0.23547164200477622,0.8346456692913385,0.9819224384651066
TSEN15,1.3384812060604414,0.2283464566929134,0.8336385014247465
C1orf21,0.9691791857980911,0.10236220472440945,0.7341951946620201
EDEM3,-0.10834828985156264,0.7874015748031497,0.9775940764002741
FAM129A,0.6795966937745739,0.07874015748031496,0.7107880171694956
RNF2,0.27304579626589387,0.16535433070866143,0.7925152280493241
TRMT1L,-0.48399205753536956,0.3700787401574803,0.8970171905992668
SWT1,1.2598398081400664,0.047244094488188976,0.6826476042030583
RPL5P5,-0.07288545117725231,0.8740157480314961,0.9870953241817563
IVNS1ABP,-0.07421178906174575,0.8188976377952756,0.9819224384651066
TPR,0.09282775873236204,0.6614173228346457,0.967634523772178
C1orf27,-0.26159510857333146,0.3700787401574803,0.8970171905992668
PTGS2,-0.22084581858263874,0.6062992125984252,0.9608942225121786
PLA2G4A,0.575660363531374,0.1968503937007874,0.8133366461918351
RGS18,0.3163236426721827,0.48031496062992124,0.9342236316938177
AL513175.1,1.499619933220402,0.015748031496062992,0.6826476042030583
AL513175.2,0.5723802704022907,0.2755905511811024,0.853725753792971
RGS1,0.40511603136838836,0.28346456692913385,0.8574144950147485
RGS13,-0.12458515310348894,0.8818897637795275,0.9879934629764293
AL136454.1,-0.2776322900088828,0.6141732283464567,0.9618483135188818
RGS2,-0.6762427017251404,0.2677165354330709,0.8534808525440345
UCHL5,-0.5138921443497075,0.15748031496062992,0.7813115157480315
TROVE2,-0.07089343703707396,0.7952755905511811,0.978664400309132
GLRX2,0.45240465560160725,0.3464566929133858,0.8873455246406359
CDC73,-0.24145915524775674,0.12598425196850394,0.7505281352026119
LINC01724,-1.5091966391186689,0.14173228346456693,0.7686343861159114
CFH,0.9327331810888617,0.2283464566929134,0.8336385014247465
ASPM,-0.416252092608826,0.7244094488188977,0.9716680124035083
ZBTB41,-0.9648705366400532,0.07874015748031496,0.7107880171694956
DENND1B,-0.026848672889364877,0.8818897637795275,0.9879934629764293
NEK7,0.11992474976349943,0.5984251968503937,0.9608942225121786
PTPRC,0.006347758152964289,0.968503937007874,0.9977263771544332
MIR181A1HG,0.9944712074628851,0.18110236220472442,0.8073643742935083
ZNF281,-0.36136168086993337,0.3700787401574803,0.8970171905992668
KIF14,-0.03469607713105294,0.984251968503937,0.9988002758044506
DDX59,0.35522859365088877,0.3937007874015748,0.9060325603890926
CAMSAP2,1.5129107234986972,0.023622047244094488,0.6826476042030583
KIF21B,0.3355846135067124,0.8346456692913385,0.9819224384651066
TMEM9,-0.19555872714554967,0.5905511811023622,0.9608942225121786
LAD1,1.34522595487911,0.23622047244094488,0.8382889691177539
CSRP1,1.439438962595915,0.015748031496062992,0.6826476042030583
RPS10P7,0.569565371732834,0.4330708661417323,0.9149090270901766
NAV1,1.0064617254481103,0.023622047244094488,0.6826476042030583
IPO9,-0.26728639612759686,0.5433070866141733,0.9499646623191925
TIMM17A,0.6447107947869171,0.11811023622047244,0.7364350074797351
RNPEP,0.12645868219886136,0.5826771653543307,0.9597435711535928
ARL8A,0.0908761717818205,0.8503937007874016,0.9835944261634448
PTPN7,0.8068352348827106,0.5118110236220472,0.9438814884599421
UBE2T,-0.18603521853583782,0.6771653543307087,0.9685447258281904
PPP1R12B,-0.7387509000417474,0.30708661417322836,0.868085262990023
AC099336.2,-0.715727229627344,0.07086614173228346,0.7107880171694956
KDM5B,-0.1554180988008902,0.7401574803149606,0.9726051513462561
AC098934.3,0.12696623723871436,0.7322834645669292,0.9726051513462561
PCAT6,-0.6775356716363403,0.4094488188976378,0.9090035743434535
RABIF,0.33982200940710383,0.5511811023622047,0.9514203834061379
KLHL12,0.9748810515326451,0.11023622047244094,0.7341951946620201
ADIPOR1,0.06895847236881014,0.8267716535433071,0.9819224384651066
CYB5R1,0.33266822444992616,0.31496062992125984,0.8705799696691885
TMEM183A,-0.004862664204441813,0.9921259842519685,1.0
CHI3L1,0.21153419129852047,0.9212598425196851,0.9916034965968238
LINC01353,0.08341836493406851,0.8267716535433071,0.9819224384651066
LINC01136,-0.6364910564882029,0.5118110236220472,0.9438814884599421
BTG2,-0.9001812992325995,0.031496062992125984,0.6826476042030583
ATP2B4,0.07241643617141946,0.7874015748031497,0.9775940764002741
AL513343.1,1.6749834660578014,0.015748031496062992,0.6826476042030583
LAX1,-0.5369140540785406,0.4409448818897638,0.9193107263430548
SNRPE,-0.19424884510796048,0.5511811023622047,0.9514203834061379
HSPE1P6,-0.2298859454104365,0.8267716535433071,0.9819224384651066
AL592114.1,-1.482321036161965,0.023622047244094488,0.6826476042030583
PPP1R15B,0.21494696983458184,0.3228346456692913,0.8759501889864706
PIK3C2B,1.9643033341197493,0.015748031496062992,0.6826476042030583
MDM4,-0.7657647761585844,0.07874015748031496,0.7107880171694956
RBBP5,-0.5396931336094104,0.2440944881889764,0.8410862980163292
DSTYK,0.7893036429435725,0.2677165354330709,0.8534808525440345
NUAK2,0.1639810542020479,0.7401574803149606,0.9726051513462561
SNRPGP10,0.20969694173378528,0.49606299212598426,0.9378529417969822
CDK18,-0.08763865854479347,0.8582677165354331,0.9837431881343323
ELK4,-0.4978233732221282,0.031496062992125984,0.6826476042030583
AC096533.1,-0.9599577598733788,0.2755905511811024,0.853725753792971
SLC45A3,2.1495730509341198,0.015748031496062992,0.6826476042030583
NUCKS1,0.2152131413678786,0.11023622047244094,0.7341951946620201
RAB29,0.11704153722605248,0.7007874015748031,0.9697087411223303
SLC41A1,0.42190492448909667,0.6692913385826772,0.967634523772178
RAB7B,1.4386391728198005,0.2204724409448819,0.8287127766916084
C1orf186,-1.3971286578065882,0.015748031496062992,0.6826476042030583
SRGAP2,0.30344198229231534,0.2204724409448819,0.8287127766916084
IKBKE,0.9262306356267271,0.14173228346456693,0.7686343861159114
RASSF5,-0.02207958955456668,0.9921259842519685,1.0
EIF2D,-0.7936190712409497,0.08661417322834646,0.7251724549592804
DYRK3,0.18280855671812724,0.8503937007874016,0.9835944261634448
MAPKAPK2,-0.9894969102367481,0.023622047244094488,0.6826476042030583
AL591846.1,-0.5672244136813909,0.4094488188976378,0.9090035743434535
IL20,-0.3617166835411776,0.7165354330708661,0.9697087411223303
FCMR,-0.975299945100951,0.12598425196850394,0.7505281352026119
PFKFB2,-0.9739359392448312,0.15748031496062992,0.7813115157480315
YOD1,-0.49389423165380597,0.33858267716535434,0.8824827791252136
CD55,-0.45436297435847983,0.4566929133858268,0.9233455416926752
CR1,-0.09777990651905277,0.9448818897637795,0.9944898714583753
CD46,-0.41791591110717174,0.07874015748031496,0.7107880171694956
C1orf132,-0.9675396979305066,0.18110236220472442,0.8073643742935083
CD34,2.3542696793185605,0.023622047244094488,0.6826476042030583
PLXNA2,1.318860239824987,0.11811023622047244,0.7364350074797351
CAMK1G,1.1345323526155193,0.14960629921259844,0.7739916929935694
LAMB3,1.8672874941264173,0.13385826771653545,0.7606862900526696
G0S2,0.7472910792472298,0.2125984251968504,0.8224832770104163
HSD11B1,2.1382519996304317,0.11023622047244094,0.7341951946620201
TRAF3IP3,-0.059151070674074546,0.905511811023622,0.9899212869522312
DIEXF,-0.5950846566475807,0.49606299212598426,0.9378529417969822
ST13P19,-0.19887765138258562,0.6377952755905512,0.962871484045595
HHAT,-1.1767784943165638,0.25196850393700787,0.8470756930926249
AC092017.1,1.0760705823485543,0.2125984251968504,0.8224832770104163
RCOR3,-0.06608237980236265,0.8031496062992126,0.9806560380447493
TRAF5,-0.5999131897755476,0.3228346456692913,0.8759501889864706
LINC00467,-0.6997744587763455,0.16535433070866143,0.7925152280493241
SLC30A1,0.1592490579516994,0.9212598425196851,0.9916034965968238
LPGAT1,-0.2276520538659783,0.23622047244094488,0.8382889691177539
INTS7,-1.0195250284587738,0.11023622047244094,0.7341951946620201
DTL,0.13900921083313422,0.8503937007874016,0.9835944261634448
PPP2R5A,0.11104298511578659,0.7244094488188977,0.9716680124035083
TMEM206,0.5326817178284564,0.31496062992125984,0.8705799696691885
NENF,-0.09676076623022434,0.9212598425196851,0.9916034965968238
AC092803.2,0.08988686886350994,0.8582677165354331,0.9837431881343323
ATF3,0.4580182079929358,0.14960629921259844,0.7739916929935694
BATF3,0.041630929808800676,0.9291338582677166,0.9923418376941026
NSL1,0.2088619324196861,0.5039370078740157,0.939868419531259
TATDN3,-0.6164653145078631,0.3228346456692913,0.8759501889864706
FLVCR1-AS1,-0.5461638313071728,0.4251968503937008,0.9130051051310895
FLVCR1,-0.4089760632713193,0.4094488188976378,0.9090035743434535
VASH2,-2.190539318780621,0.05511811023622047,0.6931238793170655
ANGEL2,-0.5111828753338266,0.11811023622047244,0.7364350074797351
RPS6KC1,-0.2018849100184008,0.5118110236220472,0.9438814884599421
SMYD2,0.15416210750812365,0.6929133858267716,0.9695596467319408
AL445305.1,-1.8349315984571093,0.023622047244094488,0.6826476042030583
CENPF,2.026708745774588,0.2677165354330709,0.8534808525440345
KCTD3,-0.5310829866297713,0.2204724409448819,0.8287127766916084
GPATCH2,0.9882205922034522,0.4094488188976378,0.9090035743434535
RRP15,-0.32024465781819167,0.2677165354330709,0.8534808525440345
LYPLAL1,0.3264070888303694,0.4251968503937008,0.9130051051310895
EPRS,0.05529129295118729,0.8503937007874016,0.9835944261634448
BPNT1,-0.35771227350807955,0.3228346456692913,0.8759501889864706
IARS2,0.12521308135547926,0.5826771653543307,0.9597435711535928
RPS15AP12,0.9744716594310654,0.3543307086614173,0.8915123476047269
RAB3GAP2,0.14009856658838604,0.6614173228346457,0.967634523772178
MORF4L1P1,-0.002528820943042298,0.9921259842519685,1.0
C1orf115,1.758892067556053,0.023622047244094488,0.6826476042030583
MARC1,-1.2768691294970038,0.047244094488188976,0.6826476042030583
HLX,0.29107325065598344,0.6535433070866141,0.966090961744307
DUSP10,2.540178427390534,0.015748031496062992,0.6826476042030583
TAF1A,0.29348103574225015,0.6456692913385826,0.9653496962085154
MIA3,-0.5994279654177364,0.10236220472440945,0.7341951946620201
AL592148.3,0.49005290012954394,0.5118110236220472,0.9438814884599421
AIDA,0.16560181164693866,0.8582677165354331,0.9837431881343323
BROX,0.3168802297922122,0.48031496062992124,0.9342236316938177
FAM177B,-0.15284561809231412,0.8582677165354331,0.9837431881343323
AL392172.1,1.1183978251487658,0.16535433070866143,0.7925152280493241
DISP1,1.468871660373062,0.047244094488188976,0.6826476042030583
TLR5,0.29014982937703504,0.5118110236220472,0.9438814884599421
CAPN2,-0.1098822426699968,0.8110236220472441,0.9806560380447493
TP53BP2,0.16697371322816235,0.7007874015748031,0.9697087411223303
GTF2IP20,0.058096262560481726,0.9291338582677166,0.9923418376941026
AC138393.1,-0.27567524090989015,0.7874015748031497,0.9775940764002741
FBXO28,0.23355457807805813,0.4881889763779528,0.9357814954688165
AC092809.3,1.0172317517475715,0.18110236220472442,0.8073643742935083
DEGS1,-0.13951030934061137,0.6929133858267716,0.9695596467319408
AC092809.2,0.4517504452469887,0.5590551181102362,0.9539915430764625
NVL,1.0616099094122213,0.2755905511811024,0.853725753792971
CNIH4,-0.08441941371310602,0.8582677165354331,0.9837431881343323
WDR26,-0.015481779961382891,0.9921259842519685,1.0
LBR,-0.23051293774160797,0.44881889763779526,0.9212102163700125
SRP9,-0.04139295044665925,0.8661417322834646,0.9853875082167936
EPHX1,0.17975880417102807,0.889763779527559,0.9886177730539346
AL591895.1,-1.536442168948963,0.047244094488188976,0.6826476042030583
TMEM63A,0.6570037678439395,0.07874015748031496,0.7107880171694956
PYCR2,-0.2598583658596514,0.4409448818897638,0.9193107263430548
SDE2,-0.13996096993226992,0.7480314960629921,0.9726051513462561
H3F3A,-0.8025081425532292,0.05511811023622047,0.6931238793170655
ACBD3,0.41768623004013516,0.4015748031496063,0.9086765677539906
LIN9,0.8241423323316197,0.2677165354330709,0.8534808525440345
PARP1,0.39406701695396684,0.2440944881889764,0.8410862980163292
ITPKB,0.8734458603333537,0.47244094488188976,0.9331994464922055
PSEN2,-0.034947928350101964,0.9212598425196851,0.9916034965968238
COQ8A,0.754315433441024,0.5905511811023622,0.9608942225121786
CDC42BPA,0.9305417356289405,0.28346456692913385,0.8574144950147485
BTF3P9,-1.1767649806972469,0.14960629921259844,0.7739916929935694
ZNF678,-0.007023696625628073,0.9921259842519685,1.0
SNAP47,-0.23293007199470184,0.8031496062992126,0.9806560380447493
JMJD4,-0.3609550275958111,0.8110236220472441,0.9806560380447493
ARF1,0.17670239028800516,0.6692913385826772,0.967634523772178
C1orf35,0.2681394030603621,0.47244094488188976,0.9331994464922055
MRPL55,0.27181551737231135,0.6535433070866141,0.966090961744307
GUK1,-0.6140922423540918,0.6377952755905512,0.962871484045595
IBA57,-0.8951026867503389,0.25984251968503935,0.8512406093679867
TRIM11,0.6286218910376498,0.2440944881889764,0.8410862980163292
HIST3H2A,0.5188958162752719,0.6062992125984252,0.9608942225121786
RNF187,0.5896587114421594,0.14173228346456693,0.7686343861159114
FTH1P2,-0.35762720461077624,0.4645669291338583,0.9271628797814478
RHOU,-0.5215909013888016,0.14960629921259844,0.7739916929935694
RAB4A,-0.0463018487320479,0.8582677165354331,0.9837431881343323
CCSAP,0.16351449703306553,0.6929133858267716,0.9695596467319408
NUP133,0.09572088080239638,0.889763779527559,0.9886177730539346
ABCB10,0.8138550406276592,0.1732283464566929,0.8038630721031994
TAF5L,0.18693120855645073,0.6692913385826772,0.967634523772178
URB2,0.5734114319807695,0.5748031496062992,0.9559479904608623
GALNT2,-0.23404774476185963,0.5748031496062992,0.9559479904608623
COG2,-0.1098198281183107,0.7874015748031497,0.9775940764002741
C1orf198,0.3694022649069497,0.6614173228346457,0.967634523772178
TTC13,-0.24880429067236642,0.5905511811023622,0.9608942225121786
ARV1,0.23615950299253408,0.5433070866141733,0.9499646623191925
FAM89A,1.4878306426303802,0.10236220472440945,0.7341951946620201
C1orf131,0.3681619889866603,0.4645669291338583,0.9271628797814478
GNPAT,0.03402130782041635,0.8661417322834646,0.9853875082167936
EXOC8,-0.4849612007976871,0.2677165354330709,0.8534808525440345
SPRTN,0.8816752053749575,0.36220472440944884,0.8957091520102044
EGLN1,-0.30654597986734977,0.33858267716535434,0.8824827791252136
AL445524.1,0.32219877707438993,0.6141732283464567,0.9618483135188818
TSNAX,0.257297302458503,0.5826771653543307,0.9597435711535928
DISC1,0.010408619262124219,0.9921259842519685,1.0
SIPA1L2,0.39653593423723166,0.7637795275590551,0.9726051513462561
MAP10,0.39891601035754,0.6299212598425197,0.962871484045595
NTPCR,0.3356630656526498,0.4566929133858268,0.9233455416926752
PCNX2,0.3279086691983073,0.7559055118110236,0.9726051513462561
MAP3K21,0.9194902508350422,0.2283464566929134,0.8336385014247465
KCNK1,-0.40465254627910996,0.6614173228346457,0.967634523772178
SLC35F3,-1.2792108744740727,0.1968503937007874,0.8133366461918351
AL355472.1,1.024747200207242,0.07874015748031496,0.7107880171694956
COA6,0.11105628520057209,0.7165354330708661,0.9697087411223303
TARBP1,-1.0635934187887761,0.015748031496062992,0.6826476042030583
IRF2BP2,-0.45464911497177063,0.2440944881889764,0.8410862980163292
AL391832.2,0.46191054771838846,0.6220472440944882,0.9618483135188818
AL391832.3,1.234940209472367,0.05511811023622047,0.6931238793170655
TOMM20,-0.0736633030388294,0.7244094488188977,0.9716680124035083
RBM34,0.06750306769274061,0.905511811023622,0.9899212869522312
ARID4B,-0.5180582756360863,0.14960629921259844,0.7739916929935694
GGPS1,0.28919142898940997,0.5039370078740157,0.939868419531259
TBCE,-0.1432767401445072,0.8976377952755905,0.9899212869522312
B3GALNT2,-0.1747934642813025,0.6929133858267716,0.9695596467319408
LYST,-0.28830068110408025,0.2992125984251969,0.8629198938688523
NID1,1.4493833993669232,0.23622047244094488,0.8382889691177539
GPR137B,1.710908004967198,0.03937007874015748,0.6826476042030583
ERO1B,-0.5344705476601019,0.2755905511811024,0.853725753792971
LGALS8,0.19741078041013793,0.48031496062992124,0.9342236316938177
HEATR1,-1.1516073552498733,0.13385826771653545,0.7606862900526696
MTR,-0.03485215431496247,0.9212598425196851,0.9916034965968238
RPL35P1,0.01593156224978909,1.0,1.0
AL359918.1,-0.11391977760812733,0.8031496062992126,0.9806560380447493
RGS7,0.43270487786577894,0.6062992125984252,0.9608942225121786
FH,0.08497964216377607,0.8188976377952756,0.9819224384651066
KMO,-0.6917989761850434,0.18110236220472442,0.8073643742935083
OPN3,-0.7312385009796429,0.2755905511811024,0.853725753792971
CHML,-0.5625499340932532,0.3543307086614173,0.8915123476047269
EXO1,0.4849715197601405,0.3858267716535433,0.901137518714905
CEP170,0.44263641716095403,0.1732283464566929,0.8038630721031994
SDCCAG8,0.9220988635786327,0.031496062992125984,0.6826476042030583
AKT3,1.5020492333982474,0.015748031496062992,0.6826476042030583
ZBTB18,-1.4705506337464733,0.05511811023622047,0.6931238793170655
ADSS,-0.2251252554722285,0.3858267716535433,0.901137518714905
DESI2,0.3213445354958093,0.11023622047244094,0.7341951946620201
HNRNPU,0.036246641451862516,0.8188976377952756,0.9819224384651066
EFCAB2,-0.2984658638004043,0.6850393700787402,0.9695596467319408
SMYD3,0.7334215850275401,0.07874015748031496,0.7107880171694956
TFB2M,-0.3909376117573955,0.48031496062992124,0.9342236316938177
CNST,0.4594133463264054,0.2992125984251969,0.8629198938688523
SCCPDH,0.2738440179425412,0.6220472440944882,0.9618483135188818
AHCTF1,-0.07306772897918279,0.7952755905511811,0.978664400309132
ZNF670,-1.0296103773616363,0.2125984251968504,0.8224832770104163
ZNF669,0.6139428383489793,0.30708661417322836,0.868085262990023
ZNF124,0.9930867251834044,0.1732283464566929,0.8038630721031994
AL390728.6,-0.7495286762622779,0.18110236220472442,0.8073643742935083
AL390728.4,-0.2644896745877947,0.6929133858267716,0.9695596467319408
ZNF496,-1.2244945548176784,0.15748031496062992,0.7813115157480315
NLRP3,-0.6047422050107345,0.2677165354330709,0.8534808525440345
OR2B11,-0.4113238638694634,0.7165354330708661,0.9697087411223303
TRIM58,0.9422590825172552,0.3700787401574803,0.8970171905992668
SH3BP5L,0.3322164698765895,0.44881889763779526,0.9212102163700125
ZNF672,0.4616998363454634,0.6141732283464567,0.9618483135188818
ZNF692,0.786297354473362,0.28346456692913385,0.8574144950147485
PGBD2,0.36361321817102743,0.5669291338582677,0.954855712655332
SH3YL1,-0.2011281738459343,0.5669291338582677,0.954855712655332
ACP1,-0.3080689511039836,0.2755905511811024,0.853725753792971
TMEM18,-0.7831733663226332,0.13385826771653545,0.7606862900526696
PXDN,0.3619773170135592,0.7165354330708661,0.9697087411223303
EIPR1,0.16261143015970347,0.6535433070866141,0.966090961744307
TRAPPC12,0.15322430624722116,0.6456692913385826,0.9653496962085154
ADI1,0.08181194226008692,0.7244094488188977,0.9716680124035083
RNASEH1,0.13914654735899168,0.7480314960629921,0.9726051513462561
RPS7,-0.27892779270908363,0.03937007874015748,0.6826476042030583
CMPK2,-0.298258913405407,0.7952755905511811,0.978664400309132
RSAD2,-0.20216506865715234,0.8976377952755905,0.9899212869522312
RNF144A,-0.2990957849504774,0.6929133858267716,0.9695596467319408
ID2,-0.6461538873846155,0.06299212598425197,0.6963124387519445
KIDINS220,-0.0393407047649017,0.889763779527559,0.9886177730539346
MBOAT2,1.0436115271597792,0.3779527559055118,0.90080276839105
ASAP2,1.8730492337523725,0.023622047244094488,0.6826476042030583
ITGB1BP1,-0.04870362167593445,0.905511811023622,0.9899212869522312
CPSF3,-0.18572888067585946,0.36220472440944884,0.8957091520102044
IAH1,0.2423946813031126,0.4251968503937008,0.9130051051310895
ADAM17,0.043424795151536966,0.8188976377952756,0.9819224384651066
AC073195.1,-0.22278167070603283,0.7322834645669292,0.9726051513462561
YWHAQ,0.06291580247750073,0.7401574803149606,0.9726051513462561
TAF1B,-0.3930759408860087,0.18110236220472442,0.8073643742935083
AC010969.2,0.8016946633410305,0.2440944881889764,0.8410862980163292
AC104794.2,0.9471527211724289,0.015748031496062992,0.6826476042030583
KLF11,-0.520017870587175,0.3700787401574803,0.8970171905992668
RRM2,1.6018471760918196,0.11023622047244094,0.7341951946620201
HPCAL1,0.007600751210995682,0.9606299212598425,0.9967290768663719
ODC1,-1.375724509097866,0.023622047244094488,0.6826476042030583
NOL10,-0.269623506180932,0.5354330708661418,0.9479419337985596
PDIA6,0.5376664162803175,0.10236220472440945,0.7341951946620201
PQLC3,-0.20485588410691147,0.5590551181102362,0.9539915430764625
ROCK2,-0.08943510841260505,0.7244094488188977,0.9716680124035083
AC018463.1,0.08282432716402988,0.8740157480314961,0.9870953241817563
E2F6,0.2540207951105149,0.7322834645669292,0.9726051513462561
LPIN1,0.0657161649972231,0.8503937007874016,0.9835944261634448
TRIB2,0.5921346941914751,0.49606299212598426,0.9378529417969822
NBAS,-0.11737880104798837,0.7480314960629921,0.9726051513462561
DDX1,0.509138869805053,0.03937007874015748,0.6826476042030583
FAM49A,0.056396925562778755,0.7716535433070866,0.9760752568014447
SMC6,-0.8685725579142325,0.25196850393700787,0.8470756930926249
GEN1,-0.462020705466184,0.5118110236220472,0.9438814884599421
RDH14,0.3705025038564793,0.7559055118110236,0.9726051513462561
TTC32,-0.17934052489036567,0.7165354330708661,0.9697087411223303
WDR35,-1.2539011624078202,0.06299212598425197,0.6963124387519445
LAPTM4A,0.11717628529265411,0.5669291338582677,0.954855712655332
SDC1,1.1791557413670628,0.3779527559055118,0.90080276839105
PUM2,-0.07008401101311446,0.7322834645669292,0.9726051513462561
RHOB,0.27621128363713154,0.36220472440944884,0.8957091520102044
AC012065.5,0.7002418398207875,0.41732283464566927,0.9107246259166057
HS1BP3,-0.4114357147513936,0.7480314960629921,0.9726051513462561
LDAH,0.6185324937195453,0.5826771653543307,0.9597435711535928
ATAD2B,-0.06502413006120733,0.7086614173228346,0.9697087411223303
UBXN2A,-0.12373522728164321,0.6141732283464567,0.9618483135188818
WDCP,-0.1783687668126448,0.8582677165354331,0.9837431881343323
FKBP1B,2.112303544801941,0.05511811023622047,0.6931238793170655
SF3B6,0.03533499575725596,0.889763779527559,0.9886177730539346
FAM228B,-0.19050077224350126,0.7795275590551181,0.9769863358554425
TP53I3,0.2926266131738964,0.9291338582677166,0.9923418376941026
ITSN2,0.17534996254242508,0.29133858267716534,0.8583371233084381
NCOA1,-0.16225171464080557,0.33858267716535434,0.8824827791252136
PTRHD1,-0.1800518674464282,0.5118110236220472,0.9438814884599421
CENPO,1.0972449772497421,0.1889763779527559,0.8133366461918351
ADCY3,0.6603701150457493,0.6062992125984252,0.9608942225121786
DNAJC27,-1.5814536877005712,0.023622047244094488,0.6826476042030583
DNMT3A,0.7654727603131701,0.3858267716535433,0.901137518714905
DTNB,0.24094384023775817,0.8582677165354331,0.9837431881343323
ASXL2,0.05030074871704926,0.8661417322834646,0.9853875082167936
KIF3C,-0.12638049761021164,0.889763779527559,0.9886177730539346
TRMT112P6,-0.11344113584024962,0.7559055118110236,0.9726051513462561
RAB10,0.25272553285410826,0.29133858267716534,0.8583371233084381
GAREM2,-0.4925667138324996,0.5590551181102362,0.9539915430764625
HADHA,-0.14196119479783054,0.4094488188976378,0.9090035743434535
HADHB,0.11285582854707865,0.2440944881889764,0.8410862980163292
SELENOI,-0.046049003835560764,0.889763779527559,0.9886177730539346
SLC35F6,1.2504253071565588,0.2992125984251969,0.8629198938688523
CENPA,0.19012555614705606,0.8346456692913385,0.9819224384651066
MAPRE3,1.0918038258548348,0.2440944881889764,0.8410862980163292
TMEM214,0.3260984344317688,0.11023622047244094,0.7341951946620201
AGBL5,0.5185342766484626,0.5275590551181102,0.9452006713295411
OST4,0.01861833125717549,0.8503937007874016,0.9835944261634448
PREB,0.6408565394387429,0.2440944881889764,0.8410862980163292
SLC5A6,-0.36942326020855587,0.4409448818897638,0.9193107263430548
ATRAID,0.4778232911730793,0.14960629921259844,0.7739916929935694
CAD,0.8855753696137767,0.07086614173228346,0.7107880171694956
MPV17,0.12130058885184081,0.6062992125984252,0.9608942225121786
GTF3C2,0.39955356512545936,0.1889763779527559,0.8133366461918351
AC074117.1,-0.1665754517307927,0.9212598425196851,0.9916034965968238
EIF2B4,0.17719554723018138,0.7007874015748031,0.9697087411223303
SNX17,0.3587554702005402,0.1732283464566929,0.8038630721031994
PPM1G,-0.03821687973209098,0.7952755905511811,0.978664400309132
NRBP1,-0.0029031085689013025,1.0,1.0
IFT172,0.6013805721750816,0.4566929133858268,0.9233455416926752
ZNF512,-0.33154467292886025,0.6299212598425197,0.962871484045595
GPN1,0.15502844795133353,0.6062992125984252,0.9608942225121786
SUPT7L,0.5311189809609314,0.15748031496062992,0.7813115157480315
SLC4A1AP,-0.05527540130062647,0.8582677165354331,0.9837431881343323
MRPL33,-0.13130843505911027,0.6771653543307087,0.9685447258281904
RBKS,0.2113822687385869,0.84251968503937,0.9823595446327953
BABAM2,0.14176086998642656,0.8661417322834646,0.9853875082167936
FOSL2,-0.4260980717942786,0.3543307086614173,0.8915123476047269
AC104695.3,-0.5552144203542051,0.4409448818897638,0.9193107263430548
AC104695.2,-0.7660765762562742,0.28346456692913385,0.8574144950147485
PLB1,0.09799269483589157,0.9133858267716536,0.9910228417757366
PPP1CB,-0.03698803917591853,0.8818897637795275,0.9879934629764293
SPDYA,0.7773103303035707,0.3228346456692913,0.8759501889864706
WDR43,-0.10082188414065385,0.5905511811023622,0.9608942225121786
TOGARAM2,1.0983245271598852,0.29133858267716534,0.8583371233084381
CLIP4,0.19739567287380355,0.7086614173228346,0.9697087411223303
YPEL5,-0.41037449399731685,0.15748031496062992,0.7813115157480315
LBH,-1.7076366770904947,0.05511811023622047,0.6931238793170655
LCLAT1,2.1624134822749714,0.023622047244094488,0.6826476042030583
MEMO1,0.02697678984166707,0.9921259842519685,1.0
DPY30,0.10731578796152874,0.8267716535433071,0.9819224384651066
SPAST,0.24065605184083694,0.6141732283464567,0.9618483135188818
SLC30A6,0.35793766514750747,0.28346456692913385,0.8574144950147485
NLRC4,0.03714485283833202,0.9606299212598425,0.9967290768663719
YIPF4,0.02336556382645849,0.905511811023622,0.9899212869522312
BIRC6,-0.5035786234736364,0.047244094488188976,0.6826476042030583
AL133243.3,-0.6127752154878094,0.3779527559055118,0.90080276839105
TTC27,-0.6746904262478512,0.5433070866141733,0.9499646623191925
RASGRP3,0.48200957815404566,0.11811023622047244,0.7364350074797351
FAM98A,-0.8820772818486167,0.2125984251968504,0.8224832770104163
AC009414.2,0.28001994301363575,0.5984251968503937,0.9608942225121786
CRIM1,0.05644318689979855,0.937007874015748,0.9941472732331481
FEZ2,-0.40509919127963734,0.2755905511811024,0.853725753792971
AC007382.1,0.42619174124838355,0.5984251968503937,0.9608942225121786
STRN,0.0010410263690898702,0.9921259842519685,1.0
HEATR5B,-0.46389877097990695,0.07086614173228346,0.7107880171694956
GPATCH11,0.22860424470120577,0.5984251968503937,0.9608942225121786
EIF2AK2,0.11009962180008692,0.84251968503937,0.9823595446327953
CEBPZOS,-0.006806078645581692,0.9763779527559056,0.9988002758044506
CEBPZ,0.06265291387846794,0.84251968503937,0.9823595446327953
NDUFAF7,-1.494816209764748,0.031496062992125984,0.6826476042030583
PRKD3,-0.2288225726012536,0.33070866141732286,0.8811266433105555
QPCT,0.4761689344732867,0.2047244094488189,0.8179316528497794
CDC42EP3,0.005755012665371595,0.9921259842519685,1.0
RMDN2,-0.32258341588504713,0.6692913385826772,0.967634523772178
CYP1B1,-1.2264415290418844,0.08661417322834646,0.7251724549592804
ATL2,-0.5658483565384316,0.07874015748031496,0.7107880171694956
RPLP0P6,-0.4872022502773943,0.3779527559055118,0.90080276839105
HNRNPLL,0.9195574002376956,0.015748031496062992,0.6826476042030583
GALM,0.8860227360327695,0.13385826771653545,0.7606862900526696
SRSF7,-0.2830044432935175,0.33858267716535434,0.8824827791252136
GEMIN6,1.1147012982579536,0.2125984251968504,0.8224832770104163
DHX57,-0.3587981103534563,0.1889763779527559,0.8133366461918351
MORN2,-0.26759537367295305,0.6771653543307087,0.9685447258281904
SOS1,-0.46989403435665533,0.14960629921259844,0.7739916929935694
MAP4K3,1.0732978420626929,0.05511811023622047,0.6931238793170655
AC007388.1,-0.3168165627844126,0.6456692913385826,0.9653496962085154
THUMPD2,-0.5578103209531473,0.6141732283464567,0.9618483135188818
SLC8A1-AS1,0.4487886827872041,0.6299212598425197,0.962871484045595
SLC8A1,1.268242970599732,0.015748031496062992,0.6826476042030583
EML4,0.18459609400764965,0.31496062992125984,0.8705799696691885
COX7A2L,-0.4169213082191856,0.23622047244094488,0.8382889691177539
MTA3,0.7738480238331706,0.33070866141732286,0.8811266433105555
HAAO,0.46439238254445625,0.6062992125984252,0.9608942225121786
ZFP36L2,-0.4780678472738309,0.2440944881889764,0.8410862980163292
THADA,0.3349348070470559,0.16535433070866143,0.7925152280493241
DYNC2LI1,-1.0282521986763968,0.11023622047244094,0.7341951946620201
LRPPRC,-0.08185950848834445,0.6771653543307087,0.9685447258281904
AC019129.1,-0.7466889729461561,0.3464566929133858,0.8873455246406359
PPM1B,-0.10444714018259926,0.84251968503937,0.9823595446327953
PREPL,0.20525913213374114,0.6771653543307087,0.9685447258281904
CAMKMT,0.11997368030214206,0.8976377952755905,0.9899212869522312
AC012354.2,-0.09186671267077084,0.8110236220472441,0.9806560380447493
SRBD1,0.27931167043326255,0.6377952755905512,0.962871484045595
PRKCE,-0.8353552842392671,0.09448818897637795,0.7290975019374097
EPAS1,1.8457840293386925,0.15748031496062992,0.7813115157480315
RHOQ,0.38401338570202537,0.3779527559055118,0.90080276839105
PIGF,-0.7564123971553436,0.3228346456692913,0.8759501889864706
CRIPT,-0.29198478682913453,0.5511811023622047,0.9514203834061379
SOCS5,-1.0138822481774858,0.015748031496062992,0.6826476042030583
MCFD2,-0.41976005502127034,0.1889763779527559,0.8133366461918351
TTC7A,0.13573599189987196,0.7637795275590551,0.9726051513462561
CALM2,-0.030347257612758582,0.9212598425196851,0.9916034965968238
MSH2,0.06106949233884773,0.8267716535433071,0.9819224384651066
MSH6,-0.80494771321528,0.11811023622047244,0.7364350074797351
FBXO11,0.10684008215162999,0.7401574803149606,0.9726051513462561
FOXN2,0.49341020224701726,0.4566929133858268,0.9233455416926752
PPP1R21,0.0908728771412104,0.7165354330708661,0.9697087411223303
ASB3,0.20927468856045994,0.7637795275590551,0.9726051513462561
ERLEC1,0.5662483850340232,0.18110236220472442,0.8073643742935083
PSME4,0.0494967696322588,0.8267716535433071,0.9819224384651066
ACYP2,-0.5160078280200007,0.5118110236220472,0.9438814884599421
SPTBN1,0.2253624313143856,0.6850393700787402,0.9695596467319408
RTN4,0.23319938533140494,0.31496062992125984,0.8705799696691885
RPS27A,-0.13037381274621218,0.47244094488188976,0.9331994464922055
MTIF2,0.6236911357676647,0.03937007874015748,0.6826476042030583
CCDC88A,-0.05255318247750829,0.6929133858267716,0.9695596467319408
BTF3P5,-0.7363285360191747,0.2992125984251969,0.8629198938688523
CFAP36,0.0030131379927484936,1.0,1.0
PPP4R3B,0.052462308874702934,0.8582677165354331,0.9837431881343323
PNPT1,0.059980222738780675,0.7559055118110236,0.9726051513462561
VRK2,-0.06922862325903445,0.7716535433070866,0.9760752568014447
FANCL,-0.2237762435521522,0.3700787401574803,0.8970171905992668
EIF3FP3,-0.6185151830446114,0.047244094488188976,0.6826476042030583
AC007238.1,-0.47365549327297174,0.36220472440944884,0.8957091520102044
MIR4432HG,-0.23182307008059255,0.8740157480314961,0.9870953241817563
BCL11A,-1.0279935217809273,0.08661417322834646,0.7251724549592804
PAPOLG,0.1769019582696414,0.5275590551181102,0.9452006713295411
REL,-0.2182764017056389,0.6771653543307087,0.9685447258281904
PUS10,0.2388219948729735,0.5905511811023622,0.9608942225121786
PEX13,0.40068036659149087,0.6771653543307087,0.9685447258281904
KIAA1841,1.5848317036267394,0.07086614173228346,0.7107880171694956
AC016747.1,0.12178338271587563,0.7480314960629921,0.9726051513462561
AHSA2,-0.6597721280027411,0.031496062992125984,0.6826476042030583
USP34,-0.04083477430456384,0.8818897637795275,0.9879934629764293
XPO1,0.029845501570666677,0.9133858267716536,0.9910228417757366
RPS24P7,-0.05389288505166867,0.8976377952755905,0.9899212869522312
FAM161A,0.9033432712471929,0.2125984251968504,0.8224832770104163
CCT4,-0.09153449464648133,0.7795275590551181,0.9769863358554425
COMMD1,0.3478462298854019,0.2992125984251969,0.8629198938688523
B3GNT2,0.5902271152186849,0.5669291338582677,0.954855712655332
EHBP1,0.7229219589834681,0.2677165354330709,0.8534808525440345
WDPCP,0.7025196472330437,0.4645669291338583,0.9271628797814478
MDH1,-0.04736739114188904,0.7874015748031497,0.9775940764002741
AC016734.1,0.22051665736629555,0.8110236220472441,0.9806560380447493
AC096664.2,-0.47513061155589176,0.4015748031496063,0.9086765677539906
UGP2,0.2499638144218732,0.5275590551181102,0.9452006713295411
VPS54,0.07827518824303148,0.7165354330708661,0.9697087411223303
PELI1,-0.04173416887926784,0.9448818897637795,0.9944898714583753
AC012368.1,-1.8988700940102747,0.03937007874015748,0.6826476042030583
LINC00309,-0.7381460281476668,0.4251968503937008,0.9130051051310895
AC008074.3,0.31339542348242055,0.84251968503937,0.9823595446327953
AFTPH,0.05330722119324527,0.8346456692913385,0.9819224384651066
SERTAD2,-0.025003002860930046,0.9212598425196851,0.9916034965968238
LINC01800,-1.23487210565294,0.12598425196850394,0.7505281352026119
SLC1A4,-0.42292494949925086,0.2125984251968504,0.8224832770104163
CEP68,-0.15075757180575877,0.7322834645669292,0.9726051513462561
RAB1A,0.10323454841228763,0.7716535433070866,0.9760752568014447
AC007318.1,-0.22217546403198707,0.48031496062992124,0.9342236316938177
ACTR2,0.2772823123550534,0.3464566929133858,0.8873455246406359
SPRED2,0.6778485477895093,0.16535433070866143,0.7925152280493241
MEIS1,-0.5418610024510633,0.48031496062992124,0.9342236316938177
ETAA1,-0.2746323795428771,0.7795275590551181,0.9769863358554425
C1D,-0.17241662093967047,0.7007874015748031,0.9697087411223303
WDR92,0.46997398558877945,0.6535433070866141,0.966090961744307
PNO1,0.42339607266736223,0.07874015748031496,0.7107880171694956
PPP3R1,-0.17934865854871784,0.1889763779527559,0.8133366461918351
CNRIP1,1.7843045030660676,0.07086614173228346,0.7107880171694956
PLEK,0.018592081861219967,0.9763779527559056,0.9988002758044506
FBXO48,0.6641975192960952,0.2677165354330709,0.8534808525440345
APLF,0.3714020008036065,0.5354330708661418,0.9479419337985596
ARHGAP25,-0.010340562195224834,0.9921259842519685,1.0
ANTXR1,1.8353180384525518,0.18110236220472442,0.8073643742935083
GFPT1,0.6869661795811206,0.1968503937007874,0.8133366461918351
NFU1,0.9651492731023046,0.031496062992125984,0.6826476042030583
AAK1,-0.035740891380219075,0.905511811023622,0.9899212869522312
ANXA4,0.14181732450076368,0.6692913385826772,0.967634523772178
GMCL1,-0.558845916200311,0.14960629921259844,0.7739916929935694
SNRNP27,-0.11939746767314752,0.6220472440944882,0.9618483135188818
MXD1,0.05237909549703801,0.937007874015748,0.9941472732331481
PCBP1-AS1,-0.2271512901954149,0.7874015748031497,0.9775940764002741
PCBP1,-0.23824613554725294,0.7637795275590551,0.9726051513462561
C2orf42,0.5660998984939023,0.5275590551181102,0.9452006713295411
TIA1,-0.30049494006366473,0.2283464566929134,0.8336385014247465
PCYOX1,0.037536122178279285,0.8740157480314961,0.9870953241817563
SNRPG,0.18365284411409455,0.6062992125984252,0.9608942225121786
FAM136A,0.11154739934561819,0.8188976377952756,0.9819224384651066
TGFA,1.1208022715061354,0.28346456692913385,0.8574144950147485
CLEC4F,0.057705516181244976,1.0,1.0
CD207,1.548271845801044,0.25984251968503935,0.8512406093679867
TEX261,0.12776080164960923,0.6062992125984252,0.9608942225121786
NAGK,-0.01065889010282639,0.968503937007874,0.9977263771544332
MCEE,0.8323785255697538,0.15748031496062992,0.7813115157480315
MPHOSPH10,-0.30630712850576725,0.6141732283464567,0.9618483135188818
PAIP2B,-0.29060820671367504,0.6692913385826772,0.967634523772178
ZNF638,-0.28983241249407055,0.44881889763779526,0.9212102163700125
DYSF,-0.12336115605114006,0.9291338582677166,0.9923418376941026
RPS20P10,-0.18421781287209815,0.8346456692913385,0.9819224384651066
EXOC6B,0.8501783093124518,0.28346456692913385,0.8574144950147485
SPR,1.2798487812924169,0.08661417322834646,0.7251724549592804
SFXN5,0.38206913186194136,0.5275590551181102,0.9452006713295411
SMYD5,-0.7546253530540101,0.31496062992125984,0.8705799696691885
PRADC1,1.7872571323880972,0.047244094488188976,0.6826476042030583
CCT7,-0.38937150280494315,0.7086614173228346,0.9697087411223303
FBXO41,-0.1234984740303049,0.7874015748031497,0.9775940764002741
ALMS1,-0.37019901145804335,0.25984251968503935,0.8512406093679867
TPRKB,-0.12388258872474545,0.7952755905511811,0.978664400309132
DUSP11,-0.6426076224426924,0.031496062992125984,0.6826476042030583
STAMBP,-0.14191957376788267,0.5984251968503937,0.9608942225121786
DGUOK,0.03991205850775703,0.9133858267716536,0.9910228417757366
TET3,-0.3380698162881792,0.3464566929133858,0.8873455246406359
BOLA3,0.391638106874896,0.2283464566929134,0.8336385014247465
MOB1A,-0.053764174175183754,0.8503937007874016,0.9835944261634448
MTHFD2,0.5079198428301241,0.15748031496062992,0.7813115157480315
SLC4A5,-1.0209597968765833,0.15748031496062992,0.7813115157480315
DCTN1,0.5408447834450492,0.11023622047244094,0.7341951946620201
WDR54,-0.13009441501019925,0.84251968503937,0.9823595446327953
RTKN,0.9868801278983597,0.2047244094488189,0.8179316528497794
INO80B,0.9154216447191104,0.03937007874015748,0.6826476042030583
MOGS,0.6100654989838792,0.25984251968503935,0.8512406093679867
CCDC142,0.8981427865099851,0.2125984251968504,0.8224832770104163
TTC31,0.13606256197963162,0.8031496062992126,0.9806560380447493
LBX2-AS1,0.3963243762156776,0.6377952755905512,0.962871484045595
PCGF1,1.8659612621798547,0.015748031496062992,0.6826476042030583
AUP1,0.5141160742856057,0.18110236220472442,0.8073643742935083
LOXL3,0.000564336817053146,1.0,1.0
DOK1,0.5278165394689665,0.2677165354330709,0.8534808525440345
M1AP,-0.032952169940904774,0.952755905511811,0.9944898714583753
AC019069.1,0.6535923526332637,0.3858267716535433,0.901137518714905
HK2,-0.3627481536422632,0.10236220472440945,0.7341951946620201
LINC01291,1.358718254502663,0.14173228346456693,0.7686343861159114
POLE4,-0.06289834254322368,0.8503937007874016,0.9835944261634448
MRPL19,0.18697892015610318,0.6929133858267716,0.9695596467319408
GCFC2,-0.5634393201901684,0.15748031496062992,0.7813115157480315
AC005034.3,-0.5428051594727781,0.4881889763779528,0.9357814954688165
SUCLG1,0.30662370436504194,0.4330708661417323,0.9149090270901766
TRABD2A,-0.6909801155530033,0.16535433070866143,0.7925152280493241
TMSB10,0.24509338799412816,0.6062992125984252,0.9608942225121786
KCMF1,0.023090140043538376,0.937007874015748,0.9941472732331481
AC093162.1,-0.6042907223687561,0.4094488188976378,0.9090035743434535
TGOLN2,0.23444209429202267,0.30708661417322836,0.868085262990023
RETSAT,0.5705783879586965,0.2677165354330709,0.8534808525440345
ELMOD3,-0.15871202524935724,0.7795275590551181,0.9769863358554425
CAPG,1.215162936188623,0.031496062992125984,0.6826476042030583
MAT2A,-0.2418204652082805,0.5748031496062992,0.9559479904608623
GGCX,0.35418875074308875,0.3779527559055118,0.90080276839105
VAMP8,0.043365937949202404,0.8582677165354331,0.9837431881343323
VAMP5,-0.05277982945531079,0.905511811023622,0.9899212869522312
RNF181,0.1356998178298312,0.7874015748031497,0.9775940764002741
TMEM150A,1.1114542142286497,0.047244094488188976,0.6826476042030583
USP39,0.026777640242594103,0.905511811023622,0.9899212869522312
C2orf68,0.029862050629329673,0.9212598425196851,0.9916034965968238
GNLY,-0.23923542315796764,0.7874015748031497,0.9775940764002741
ST3GAL5,-0.4020536827815375,0.3858267716535433,0.901137518714905
POLR1A,-0.05083219517647297,0.952755905511811,0.9944898714583753
PTCD3,-0.38044703856540174,0.31496062992125984,0.8705799696691885
IMMT,0.36882506639692725,0.2204724409448819,0.8287127766916084
MRPL35,0.6316348033709689,0.2125984251968504,0.8224832770104163
KDM3A,-0.7713585372603804,0.05511811023622047,0.6931238793170655
CHMP3,-0.029154688413815855,0.9212598425196851,0.9916034965968238
AC015971.1,-0.49356451832940884,0.30708661417322836,0.868085262990023
RNF103,-0.6506475297764718,0.023622047244094488,0.6826476042030583
RMND5A,0.10113666551477873,0.6850393700787402,0.9695596467319408
CD8A,-1.849106875895402,0.06299212598425197,0.6963124387519445
CYTOR,-0.18959423193933755,0.7795275590551181,0.9769863358554425
RNU2-63P,-0.74293029913503,0.29133858267716534,0.8583371233084381
KRCC1,0.017476299312247257,0.952755905511811,0.9944898714583753
THNSL2,-1.0040907993128898,0.11023622047244094,0.7341951946620201
EIF2AK3,-0.3462720816614806,0.3937007874015748,0.9060325603890926
AC062029.1,0.6516670309410455,0.33858267716535434,0.8824827791252136
RPIA,0.16159087106249448,0.5590551181102362,0.9539915430764625
IGKC,1.8953741800726291,0.2440944881889764,0.8410862980163292
IGKJ1,-1.0192815305388605,0.25984251968503935,0.8512406093679867
IGKV4-1,1.8778611286183309,0.2755905511811024,0.853725753792971
IGKV1-5,-0.0039376564137909575,1.0,1.0
IGKV3-20,0.492053715798628,0.7322834645669292,0.9726051513462561
MAL,-0.4964784695918689,0.5669291338582677,0.954855712655332
MRPS5,0.19441726794476732,0.5590551181102362,0.9539915430764625
ZNF514,0.6097877925152311,0.5118110236220472,0.9438814884599421
FAHD2A,0.41600470255591615,0.2440944881889764,0.8410862980163292
LINC00342,-0.8144617782047336,0.13385826771653545,0.7606862900526696
ANKRD36C,-0.6227304726884069,0.14960629921259844,0.7739916929935694
ADRA2B,-0.9380375146281017,0.30708661417322836,0.868085262990023
DUSP2,0.04055353530577932,0.8031496062992126,0.9806560380447493
STARD7,-0.12608147081028598,0.7086614173228346,0.9697087411223303
TMEM127,0.6750408153602159,0.05511811023622047,0.6931238793170655
CIAO1,-0.129608349552794,0.6929133858267716,0.9695596467319408
SNRNP200,0.14619446641590095,0.5511811023622047,0.9514203834061379
ITPRIPL1,1.0316168795834972,0.31496062992125984,0.8705799696691885
NCAPH,0.46225799659524647,0.5826771653543307,0.9597435711535928
NEURL3,0.40253913008590714,0.6535433070866141,0.966090961744307
ARID5A,0.22719768964047837,0.8110236220472441,0.9806560380447493
KANSL3,0.226631305541658,0.5905511811023622,0.9608942225121786
LMAN2L,1.036450257827299,0.11811023622047244,0.7364350074797351
CNNM4,0.4132308083133416,0.25984251968503935,0.8512406093679867
CNNM3,-0.04365396633947172,0.9763779527559056,0.9988002758044506
ANKRD39,-0.03903569063116552,0.984251968503937,0.9988002758044506
SEMA4C,1.3551730799115531,0.2755905511811024,0.853725753792971
ANKRD36,0.30485607985957985,0.6850393700787402,0.9695596467319408
ANKRD36B,-0.2306403786036575,0.7637795275590551,0.9726051513462561
COX5B,0.08809343420663662,0.7795275590551181,0.9769863358554425
ACTR1B,0.36831543703940106,0.2755905511811024,0.853725753792971
C2orf92,0.5014919310432033,0.4566929133858268,0.9233455416926752
TMEM131,0.07740969654194796,0.7480314960629921,0.9726051513462561
INPP4A,-0.9521600198655857,0.06299212598425197,0.6963124387519445
COA5,-0.09482921921231924,0.8661417322834646,0.9853875082167936
UNC50,0.08526247651879881,0.8582677165354331,0.9837431881343323
MGAT4A,0.4157774146616786,0.41732283464566927,0.9107246259166057
AC109826.1,-0.18668895279196995,0.8188976377952756,0.9819224384651066
KIAA1211L,0.39229719631618365,0.6692913385826772,0.967634523772178
TSGA10,0.16497021365985676,0.889763779527559,0.9886177730539346
AC019097.1,0.9488843871352218,0.1968503937007874,0.8133366461918351
MITD1,0.17632570490231725,0.6377952755905512,0.962871484045595
MRPL30,0.577912249382547,0.25984251968503935,0.8512406093679867
TXNDC9,0.7043423312170112,0.5354330708661418,0.9479419337985596
EIF5B,-0.015108766480534719,0.968503937007874,0.9977263771544332
REV1,0.04217034488175386,0.9291338582677166,0.9923418376941026
AFF3,-0.8623277612648179,0.15748031496062992,0.7813115157480315
PDCL3,0.7446507347230309,0.023622047244094488,0.6826476042030583
RPL31,-0.222896971909055,0.41732283464566927,0.9107246259166057
TBC1D8,-0.6109303909368116,0.12598425196850394,0.7505281352026119
CNOT11,-0.2978488748094499,0.2677165354330709,0.8534808525440345
RNF149,-0.24290815123233944,0.3858267716535433,0.901137518714905
MAP4K4,-0.6689937109308355,0.06299212598425197,0.6963124387519445
IL1R2,0.52955863404787,0.5590551181102362,0.9539915430764625
IL1R1,2.851908147759448,0.031496062992125984,0.6826476042030583
IL1RL2,0.38336028136626465,0.6062992125984252,0.9608942225121786
IL18R1,-0.6933984484583027,0.06299212598425197,0.6963124387519445
IL18RAP,-0.11381378040898449,0.8346456692913385,0.9819224384651066
MFSD9,-0.19182763598951524,0.6692913385826772,0.967634523772178
TMEM182,0.14156416743329459,0.7795275590551181,0.9769863358554425
MRPS9,0.027676681480081733,0.9448818897637795,0.9944898714583753
TGFBRAP1,-0.4111024736661415,0.2283464566929134,0.8336385014247465
AC012360.3,-0.789661640962741,0.18110236220472442,0.8073643742935083
C2orf49,-0.3215718617303587,0.2677165354330709,0.8534808525440345
NCK2,-0.06320326987304536,0.8661417322834646,0.9853875082167936
UXS1,0.6417398994087651,0.2283464566929134,0.8336385014247465
EEF1A1P12,-1.0487059136061858,0.15748031496062992,0.7813115157480315
GCC2,-0.30144186987894717,0.41732283464566927,0.9107246259166057
LIMS1,1.2993307531125176,0.015748031496062992,0.6826476042030583
RANBP2,-0.4248382602711649,0.2755905511811024,0.853725753792971
CCDC138,-1.140728946103354,0.11811023622047244,0.7364350074797351
SH3RF3,1.6961708237108621,0.015748031496062992,0.6826476042030583
SEPT10,2.0527343160187983,0.015748031496062992,0.6826476042030583
SOWAHC,-0.33749178485752407,0.6692913385826772,0.967634523772178
LINC00116,1.50392438809834,0.06299212598425197,0.6963124387519445
BUB1,-0.00955771646311021,0.9763779527559056,0.9988002758044506
BCL2L11,-0.6017853071687504,0.14173228346456693,0.7686343861159114
MIR4435-2HG,0.5064536886618347,0.1889763779527559,0.8133366461918351
ANAPC1,-0.11372608004298801,0.7480314960629921,0.9726051513462561
MERTK,2.1810144616616025,0.03937007874015748,0.6826476042030583
AC104651.1,-0.13501174326624965,0.7795275590551181,0.9769863358554425
TMEM87B,0.4302710093592994,0.4409448818897638,0.9193107263430548
ZC3H8,-0.7339135848368095,0.10236220472440945,0.7341951946620201
ZC3H6,0.018544828890194154,0.9448818897637795,0.9944898714583753
TTL,0.901335696411051,0.08661417322834646,0.7251724549592804
POLR1B,0.4556176533460339,0.6062992125984252,0.9608942225121786
CHCHD5,0.5231067840708872,0.5433070866141733,0.9499646623191925
AC079922.1,-0.18626950651695573,0.5984251968503937,0.9608942225121786
SLC20A1,-0.6003803523942501,0.2283464566929134,0.8336385014247465
CKAP2L,0.528497008832234,0.6377952755905512,0.962871484045595
IL1A,-0.807617903556932,0.4094488188976378,0.9090035743434535
IL1B,0.034840375575756255,0.968503937007874,0.9977263771544332
AC079753.1,-0.12502856493019632,0.8188976377952756,0.9819224384651066
IL1RN,0.5095035900873519,0.5039370078740157,0.939868419531259
PSD4,-0.171619321570458,0.6850393700787402,0.9695596467319408
PAX8-AS1,1.225661409476388,0.05511811023622047,0.6931238793170655
PAX8,0.3924928410134152,0.5748031496062992,0.9559479904608623
CBWD2,0.0029016116670455006,0.984251968503937,0.9988002758044506
WASH2P,-1.3942601442199227,0.16535433070866143,0.7925152280493241
RPL23AP7,-1.755314531150796,0.023622047244094488,0.6826476042030583
RABL2A,0.645086849589892,0.2204724409448819,0.8287127766916084
AL078621.1,-0.25424044396935663,0.5196850393700787,0.9452006713295411
SLC35F5,1.5181285730447573,0.015748031496062992,0.6826476042030583
ACTR3,0.531745136094818,0.015748031496062992,0.6826476042030583
DDX18,-0.16943114438998208,0.41732283464566927,0.9107246259166057
AC009404.1,-0.9904308132286763,0.4094488188976378,0.9090035743434535
CCDC93,0.3141260918641109,0.44881889763779526,0.9212102163700125
AC009303.4,-0.8476179308502412,0.3464566929133858,0.8873455246406359
INSIG2,0.20727030911293465,0.6299212598425197,0.962871484045595
MARCO,1.659262743138,0.33858267716535434,0.8824827791252136
STEAP3,2.018966530186212,0.11023622047244094,0.7341951946620201
C2orf76,1.106455473505516,0.015748031496062992,0.6826476042030583
DBI,0.4639428198441147,0.2283464566929134,0.8336385014247465
TMEM37,2.2033918263609444,0.023622047244094488,0.6826476042030583
PTPN4,-0.2774347374114443,0.6062992125984252,0.9608942225121786
EPB41L5,-0.33281587716461436,0.6692913385826772,0.967634523772178
TMEM185B,1.222073879763455,0.05511811023622047,0.6931238793170655
RALB,0.2458619523208423,0.2204724409448819,0.8287127766916084
CLASP1,0.4217897879699355,0.2992125984251969,0.8629198938688523
RNU4ATAC,-0.1302638746554443,0.8976377952755905,0.9899212869522312
NIFK-AS1,0.3081493516312994,0.7795275590551181,0.9769863358554425
NIFK,0.3393927621842785,0.41732283464566927,0.9107246259166057
TSN,0.17397442738067248,0.5433070866141733,0.9499646623191925
YWHAZP2,1.050150186223034,0.047244094488188976,0.6826476042030583
GYPC,-0.25270038793977445,0.6220472440944882,0.9618483135188818
BIN1,-0.4706796696742952,0.6850393700787402,0.9695596467319408
ERCC3,-0.37762645955235197,0.4094488188976378,0.9090035743434535
MAP3K2,-0.22676479609951983,0.1889763779527559,0.8133366461918351
AC068282.1,0.32035121573974434,0.49606299212598426,0.9378529417969822
PROC,-0.09489593560022547,0.8582677165354331,0.9837431881343323
IWS1,0.2513702202139738,0.5433070866141733,0.9499646623191925
WDR33,-0.6070100788088721,0.07086614173228346,0.7107880171694956
POLR2D,1.1041159896771893,0.23622047244094488,0.8382889691177539
AMMECR1L,-0.29253929323870675,0.4015748031496063,0.9086765677539906
AC012306.2,-0.7073255412413999,0.4094488188976378,0.9090035743434535
SAP130,-0.41670468947405936,0.2047244094488189,0.8179316528497794
UGGT1,0.1296663625318093,0.3858267716535433,0.901137518714905
HS6ST1,0.5168461545746421,0.6456692913385826,0.9653496962085154
SMPD4,1.0382725062893576,0.11811023622047244,0.7364350074797351
MZT2B,0.29999511252876276,0.7559055118110236,0.9726051513462561
RHOQP3,0.624830483695835,0.3858267716535433,0.901137518714905
CCDC115,0.27507952316349815,0.4645669291338583,0.9271628797814478
IMP4,0.5690859515671596,0.3228346456692913,0.8759501889864706
PTPN18,0.059309938190947875,0.7559055118110236,0.9726051513462561
FAM168B,0.0396017728385516,0.8031496062992126,0.9806560380447493
PLEKHB2,0.3771424649983244,0.031496062992125984,0.6826476042030583
RHOQP2,0.036723838765114536,0.8582677165354331,0.9837431881343323
MZT2A,-0.8327884839410329,0.4566929133858268,0.9233455416926752
AC073869.1,-0.13518244711715033,0.905511811023622,0.9899212869522312
CCDC74A,-0.9694410061913695,0.2440944881889764,0.8410862980163292
NCKAP5,0.005498650807912231,0.984251968503937,0.9988002758044506
MGAT5,0.15952800764503827,0.7637795275590551,0.9726051513462561
TMEM163,0.9193847364869558,0.44881889763779526,0.9212102163700125
CCNT2,-0.5687109205098384,0.15748031496062992,0.7813115157480315
RAB3GAP1,1.6106208256826147,0.14960629921259844,0.7739916929935694
ZRANB3,-0.13924268865298117,0.5905511811023622,0.9608942225121786
R3HDM1,-0.06174887746421742,0.8188976377952756,0.9819224384651066
UBXN4,0.013385748289398869,0.937007874015748,0.9941472732331481
AC011893.1,-1.9206274827678018,0.047244094488188976,0.6826476042030583
MCM6,0.22185993188760111,0.7480314960629921,0.9726051513462561
DARS,-0.28811564887732644,0.2992125984251969,0.8629198938688523
CXCR4,-0.44750303130841473,0.2755905511811024,0.853725753792971
HNRNPKP2,-0.25767328413273294,0.5748031496062992,0.9559479904608623
HNMT,0.46205680627417767,0.4566929133858268,0.9233455416926752
SPOPL,-0.07692669251575524,0.7795275590551181,0.9769863358554425
KYNU,0.3663150823905337,0.18110236220472442,0.8073643742935083
ARHGAP15,-0.6495307474269953,0.015748031496062992,0.6826476042030583
GTDC1,2.1848379237148445,0.023622047244094488,0.6826476042030583
ZEB2,0.23234444321274061,0.33858267716535434,0.8824827791252136
ZEB2-AS1,0.052554780657942946,0.9212598425196851,0.9916034965968238
AC092484.1,2.945340298385527,0.015748031496062992,0.6826476042030583
ACVR2A,-0.1793203489840538,0.8346456692913385,0.9819224384651066
ORC4,-0.7680132566297053,0.16535433070866143,0.7925152280493241
MBD5,-0.8873062942049339,0.05511811023622047,0.6931238793170655
EPC2,0.0493130273128104,0.7401574803149606,0.9726051513462561
MMADHC,-0.34310485763181386,0.3858267716535433,0.901137518714905
RND3,-0.783700464506963,0.33070866141732286,0.8811266433105555
RBM43,-1.0690343345465616,0.25984251968503935,0.8512406093679867
NMI,-0.2297832555569137,0.6377952755905512,0.962871484045595
TNFAIP6,-0.13308483715573427,0.9133858267716536,0.9910228417757366
RIF1,0.3554687573275874,0.11023622047244094,0.7341951946620201
NEB,-0.05957634824536706,0.9291338582677166,0.9923418376941026
ARL5A,-0.06386008234376561,0.889763779527559,0.9886177730539346
CACNB4,0.6904807242085873,0.4015748031496063,0.9086765677539906
STAM2,0.08060253375189941,0.7637795275590551,0.9726051513462561
FMNL2,0.6068960568522233,0.3779527559055118,0.90080276839105
AC012066.1,0.7909535883414827,0.12598425196850394,0.7505281352026119
PRPF40A,-0.007193039255895428,0.9763779527559056,0.9988002758044506
ARL6IP6,-0.7234246548972534,0.14173228346456693,0.7686343861159114
ATP5A1P2,1.0915896010824744,0.09448818897637795,0.7290975019374097
NR4A2,-0.5064377851207205,0.047244094488188976,0.6826476042030583
GPD2,-0.5346211162688466,0.11023622047244094,0.7341951946620201
FAM133DP,-0.662392867713637,0.16535433070866143,0.7925152280493241
CYTIP,0.11628614806213822,0.7637795275590551,0.9726051513462561
ACVR1,0.44336101895169033,0.30708661417322836,0.868085262990023
PKP4,0.3593396806634299,0.47244094488188976,0.9331994464922055
TANC1,0.6085104856108325,0.3228346456692913,0.8759501889864706
BTF3L4P2,-0.4504261358427595,0.25196850393700787,0.8470756930926249
WDSUB1,0.17264956257712472,0.8267716535433071,0.9819224384651066
BAZ2B,-0.30843049780136855,0.2204724409448819,0.8287127766916084
AC009506.1,0.6975206229160342,0.3779527559055118,0.90080276839105
MARCH7,-0.17744207194278783,0.6456692913385826,0.9653496962085154
CD302,-0.3008834015747395,0.33070866141732286,0.8811266433105555
LY75,-0.11270814115527372,0.7952755905511811,0.978664400309132
RBMS1,-0.2322972498948097,0.4409448818897638,0.9193107263430548
TANK,-0.08812236465192669,0.6929133858267716,0.9695596467319408
PSMD14,0.4367756335329487,0.4015748031496063,0.9086765677539906
DPP4,-0.751665335734403,0.047244094488188976,0.6826476042030583
IFIH1,-0.11818793881003309,0.8661417322834646,0.9853875082167936
GCA,-0.30585210116942907,0.2992125984251969,0.8629198938688523
AC107075.1,-0.6644419129980497,0.015748031496062992,0.6826476042030583
COBLL1,-0.9617113308276206,0.12598425196850394,0.7505281352026119
GALNT3,-1.3079817414108001,0.05511811023622047,0.6931238793170655
TTC21B,0.28050155015830036,0.6377952755905512,0.962871484045595
SCN9A,-1.2632315093053883,0.015748031496062992,0.6826476042030583
STK39,0.22355959279836402,0.5196850393700787,0.9452006713295411
CERS6,-0.40005149747633517,0.06299212598425197,0.6963124387519445
SPC25,0.7512456002985983,0.3464566929133858,0.8873455246406359
DHRS9,0.31909220376248104,0.7165354330708661,0.9697087411223303
FASTKD1,-0.05076370474669556,0.937007874015748,0.9941472732331481
PPIG,-0.08984495886651889,0.7874015748031497,0.9775940764002741
KLHL23,-1.553213545951038,0.03937007874015748,0.6826476042030583
SSB,0.05252259908000312,0.9133858267716536,0.9910228417757366
METTL5,0.28474034679621596,0.44881889763779526,0.9212102163700125
UBR3,-0.3154152791124023,0.3937007874015748,0.9060325603890926
EIF2S2P4,0.2104944757185434,0.6062992125984252,0.9608942225121786
GORASP2,0.16922944230705106,0.5905511811023622,0.9608942225121786
TLK1,-0.6628806768411053,0.08661417322834646,0.7251724549592804
METTL8,0.2474562891692349,0.6299212598425197,0.962871484045595
DCAF17,-0.16743203595681866,0.7716535433070866,0.9760752568014447
DAP3P2,1.0406112576820072,0.07086614173228346,0.7107880171694956
AC007969.1,0.842942175750995,0.1889763779527559,0.8133366461918351
CYBRD1,0.5337353681882586,0.15748031496062992,0.7813115157480315
DYNC1I2,0.6744686035710803,0.1732283464566929,0.8038630721031994
SLC25A12,0.5067045870729432,0.023622047244094488,0.6826476042030583
HAT1,0.055097432673335334,0.8976377952755905,0.9899212869522312
DLX2,0.8447453391232915,0.30708661417322836,0.868085262990023
ITGA6,2.0737563940686368,0.015748031496062992,0.6826476042030583
PDK1,0.6403198312055438,0.1968503937007874,0.8133366461918351
MAP3K20,0.28306640873426137,0.5275590551181102,0.9452006713295411
MAP3K20-AS1,-0.4783790017421605,0.5354330708661418,0.9479419337985596
CDCA7,0.9508604467243451,0.2440944881889764,0.8410862980163292
SP3,-0.5120781647772352,0.05511811023622047,0.6931238793170655
OLA1,0.13784418339925075,0.5275590551181102,0.9452006713295411
CIR1,-0.03852426660568131,0.9606299212598425,0.9967290768663719
SCRN3,-0.44527823949390877,0.4094488188976378,0.9090035743434535
GPR155,0.17001454761432466,0.7086614173228346,0.9697087411223303
AC010894.2,0.5897478077103551,0.3464566929133858,0.8873455246406359
WIPF1,0.25416838478613,0.031496062992125984,0.6826476042030583
H3F3AP4,-0.12136348710291589,0.3779527559055118,0.90080276839105
ATF2,0.1664195914259432,0.31496062992125984,0.8705799696691885
ATP5G3,0.07266586937746489,0.8031496062992126,0.9806560380447493
LNPK,0.18216132862637568,0.5905511811023622,0.9608942225121786
AC016739.1,0.01971007217312959,0.9763779527559056,0.9988002758044506
MTX2,0.49194166124097505,0.49606299212598426,0.9378529417969822
HNRNPA3,-0.12572793338070198,0.6929133858267716,0.9695596467319408
NFE2L2,0.10194221109237489,0.7637795275590551,0.9726051513462561
AC079305.1,0.9893149238832237,0.3858267716535433,0.901137518714905
AGPS,-0.20683282052174867,0.5118110236220472,0.9438814884599421
RBM45,0.1516020445538211,0.7086614173228346,0.9697087411223303
AC009948.1,0.13880774398140439,0.6141732283464567,0.9618483135188818
PRKRA,-0.1412651743636193,0.4094488188976378,0.9090035743434535
AC009948.2,0.5670665458336854,0.33858267716535434,0.8824827791252136
FKBP7,-0.507747308051981,0.2677165354330709,0.8534808525440345
PLEKHA3,-0.5809283685313531,0.07874015748031496,0.7107880171694956
TTN,-0.5933810557370998,0.31496062992125984,0.8705799696691885
SESTD1,0.5189650243334407,0.25196850393700787,0.8470756930926249
CWC22,-0.2960268653507132,0.5748031496062992,0.9559479904608623
FTH1P20,0.11270200534438679,0.6850393700787402,0.9695596467319408
UBE2E3,-0.4120868681388625,0.3858267716535433,0.901137518714905
ITGA4,0.06709715336261013,0.7795275590551181,0.9769863358554425
CERKL,0.20196471469047061,0.5039370078740157,0.939868419531259
SAP18P2,-0.8045588925571598,0.047244094488188976,0.6826476042030583
SSFA2,0.133484659268861,0.6141732283464567,0.9618483135188818
DNAJC10,0.3391144664185628,0.09448818897637795,0.7290975019374097
NCKAP1,0.521459121339958,0.5354330708661418,0.9479419337985596
NUP35,0.9759501516362978,0.2125984251968504,0.8224832770104163
CACYBPP2,-0.015251233940306363,0.984251968503937,0.9988002758044506
AC096667.1,-1.2385443182532176,0.18110236220472442,0.8073643742935083
ZNF804A,1.4060778010838546,0.15748031496062992,0.7813115157480315
ZC3H15,-0.19493276845167173,0.5196850393700787,0.9452006713295411
ITGAV,1.8730568597622703,0.023622047244094488,0.6826476042030583
CALCRL,0.5437298673005753,0.33858267716535434,0.8824827791252136
TFPI,-0.6330473324702139,0.29133858267716534,0.8583371233084381
COL3A1,1.942628312185251,0.33858267716535434,0.8824827791252136
COL5A2,0.782769322445426,0.4881889763779528,0.9357814954688165
WDR75,-0.1260024040896086,0.7322834645669292,0.9726051513462561
SLC40A1,1.1770247187172718,0.09448818897637795,0.7290975019374097
ASNSD1,0.07270508650844221,0.889763779527559,0.9886177730539346
ANKAR,0.30811118930126424,0.7322834645669292,0.9726051513462561
OSGEPL1,0.30843749997802083,0.5669291338582677,0.954855712655332
ORMDL1,-0.12227790744998135,0.6220472440944882,0.9618483135188818
PMS1,-0.2290007405171819,0.6062992125984252,0.9608942225121786
HNRNPCP2,-0.4437297992770137,0.015748031496062992,0.6826476042030583
HIBCH,1.1081394983922297,0.23622047244094488,0.8382889691177539
INPP1,-0.07921000332625994,0.7795275590551181,0.9769863358554425
MFSD6,-0.01792033196214371,0.968503937007874,0.9977263771544332
NEMP2,0.49149982980468954,0.6850393700787402,0.9695596467319408
NAB1,0.22389907198496228,0.6299212598425197,0.962871484045595
GLS,0.12397159332996477,0.3779527559055118,0.90080276839105
STAT1,-0.07110770849337111,0.952755905511811,0.9944898714583753
STAT4,-0.7212299022976243,0.4015748031496063,0.9086765677539906
MYO1B,0.550176221352803,0.6062992125984252,0.9608942225121786
NABP1,-0.09037299040447166,0.7322834645669292,0.9726051513462561
CAVIN2,-0.534288696324208,0.5748031496062992,0.9559479904608623
SLC39A10,0.07523463229957184,0.8740157480314961,0.9870953241817563
STK17B,-0.03713597588652284,0.8503937007874016,0.9835944261634448
AC114760.2,0.10597536192227519,0.8976377952755905,0.9899212869522312
GTF3C3,-0.6068657564800173,0.015748031496062992,0.6826476042030583
PGAP1,-1.0413578142753535,0.33858267716535434,0.8824827791252136
ANKRD44,-0.33390407671010713,0.2047244094488189,0.8179316528497794
SF3B1,-0.378524638518428,0.14960629921259844,0.7739916929935694
COQ10B,0.6682364827358658,0.031496062992125984,0.6826476042030583
HSPD1,0.02165501192529007,0.9212598425196851,0.9916034965968238
HSPE1,-0.11618621919201555,0.8976377952755905,0.9899212869522312
MOB4,0.21307073581807146,0.7322834645669292,0.9726051513462561
RFTN2,-0.3488304906189845,0.7637795275590551,0.9726051513462561
MARS2,-0.987726974950507,0.30708661417322836,0.868085262990023
PLCL1,-0.25413681936327626,0.6692913385826772,0.967634523772178
FTCDNL1,-0.1921471096159708,0.7559055118110236,0.9726051513462561
C2orf69,-0.06631404962413079,0.9212598425196851,0.9916034965968238
TYW5,-0.13017029815875714,0.8582677165354331,0.9837431881343323
MAIP1,0.3120217010156261,0.84251968503937,0.9823595446327953
SPATS2L,0.4996216358426988,0.031496062992125984,0.6826476042030583
KCTD18,-1.0581189452613424,0.2440944881889764,0.8410862980163292
SGO2,0.6260454766748276,0.6062992125984252,0.9608942225121786
BZW1,0.026250601239654614,0.937007874015748,0.9941472732331481
CLK1,-0.5328278735694765,0.09448818897637795,0.7290975019374097
PPIL3,-0.47451878233930156,0.03937007874015748,0.6826476042030583
NIF3L1,0.7874147805036027,0.23622047244094488,0.8382889691177539
ORC2,-0.4167033885516367,0.4409448818897638,0.9193107263430548
FAM126B,-0.026251879035827486,0.937007874015748,0.9941472732331481
NDUFB3,0.18650360624993034,0.6220472440944882,0.9618483135188818
CFLAR,-0.06626843488578338,0.7322834645669292,0.9726051513462561
CFLAR-AS1,1.1095974071350339,0.12598425196850394,0.7505281352026119
CASP10,-1.0498086954402797,0.015748031496062992,0.6826476042030583
CASP8,-0.2577142047981509,0.41732283464566927,0.9107246259166057
TRAK2,0.6132652929153801,0.14173228346456693,0.7686343861159114
STRADB,-0.18964204062434398,0.7952755905511811,0.978664400309132
AC007256.1,0.2866053887862654,0.7165354330708661,0.9697087411223303
TMEM237,1.3060235193300658,0.023622047244094488,0.6826476042030583
ALS2,-0.125007710176138,0.7165354330708661,0.9697087411223303
FZD7,0.09165027168351658,0.905511811023622,0.9899212869522312
PSMA2P3,-0.8284730554290347,0.3700787401574803,0.8970171905992668
SUMO1,0.005073318722638831,0.9921259842519685,1.0
NOP58,-0.6134233911203859,0.14173228346456693,0.7686343861159114
BMPR2,0.4233525875085098,0.023622047244094488,0.6826476042030583
FAM117B,-0.9010437857434024,0.03937007874015748,0.6826476042030583
ICA1L,-1.1916985358217453,0.11023622047244094,0.7341951946620201
WDR12,-0.6185607824758677,0.2125984251968504,0.8224832770104163
CARF,-1.1559889663607401,0.11811023622047244,0.7364350074797351
NBEAL1,0.16129637577140388,0.6929133858267716,0.9695596467319408
CYP20A1,0.3276299961678131,0.29133858267716534,0.8583371233084381
ABI2,-0.4805642573488056,0.18110236220472442,0.8073643742935083
RAPH1,1.152016894918778,0.13385826771653545,0.7606862900526696
CD28,0.041038117185876466,0.9763779527559056,0.9988002758044506
ICOS,-0.21530764754623455,0.8110236220472441,0.9806560380447493
NRP2,1.3171901175660778,0.08661417322834646,0.7251724549592804
INO80D,-0.1326282890267123,0.6614173228346457,0.967634523772178
NDUFS1,0.39720392758894274,0.2677165354330709,0.8534808525440345
EEF1B2,-0.1545190617600145,0.3700787401574803,0.8970171905992668
ZDBF2,-1.6865200550150603,0.03937007874015748,0.6826476042030583
FASTKD2,-0.34247261836990184,0.5826771653543307,0.9597435711535928
KLF7,0.3872136707643987,0.1889763779527559,0.8133366461918351
CREB1,-0.15467180274301562,0.5669291338582677,0.954855712655332
METTL21A,-0.1460787296726993,0.5905511811023622,0.9608942225121786
LINC01857,0.995701925101617,0.3228346456692913,0.8759501889864706
CCNYL1,0.9743924643634543,0.06299212598425197,0.6963124387519445
FZD5,0.5977986621910705,0.4645669291338583,0.9271628797814478
PLEKHM3,-0.4735126254758004,0.13385826771653545,0.7606862900526696
IDH1,0.8854189410862716,0.10236220472440945,0.7341951946620201
PIKFYVE,-0.30771904042097464,0.3543307086614173,0.8915123476047269
RPE,0.8395181235890212,0.031496062992125984,0.6826476042030583
KANSL1L,0.3162103940207719,0.5905511811023622,0.9608942225121786
LANCL1,-0.17118686104253333,0.6141732283464567,0.9618483135188818
IKZF2,0.3475061173705347,0.7637795275590551,0.9726051513462561
SPAG16,-0.5993583082878822,0.2204724409448819,0.8287127766916084
BARD1,-0.7746981936153303,0.08661417322834646,0.7251724549592804
ATIC,0.834263626452417,0.03937007874015748,0.6826476042030583
FN1,2.103354697790288,0.13385826771653545,0.7606862900526696
MREG,1.3125162723726218,0.33858267716535434,0.8824827791252136
PECR,1.181268981547141,0.047244094488188976,0.6826476042030583
XRCC5,0.06853072083283074,0.7086614173228346,0.9697087411223303
SMARCAL1,-0.6971179342572915,0.03937007874015748,0.6826476042030583
RPL37A,0.14087891834621402,0.4409448818897638,0.9193107263430548
IGFBP5,0.48131482688194493,0.7165354330708661,0.9697087411223303
TNS1,1.0322780850849358,0.3779527559055118,0.90080276839105
RUFY4,-0.9359187479975462,0.16535433070866143,0.7925152280493241
CXCR2P1,-0.646479158792395,0.5748031496062992,0.9559479904608623
CXCR2,-0.1894194983940145,0.8110236220472441,0.9806560380447493
ARPC2,0.22534195544908187,0.2283464566929134,0.8336385014247465
AC021016.2,1.6209425550345133,0.11023622047244094,0.7341951946620201
GPBAR1,-0.2445934515284982,0.8110236220472441,0.9806560380447493
AAMP,-0.001633911331517801,0.9763779527559056,0.9988002758044506
PNKD,0.9158069665616182,0.2047244094488189,0.8179316528497794
TMBIM1,0.7412659917109528,0.05511811023622047,0.6931238793170655
SLC11A1,-0.9868541992918303,0.11023622047244094,0.7341951946620201
CTDSP1,-0.5557518406362094,0.031496062992125984,0.6826476042030583
USP37,-0.14868109676698715,0.8503937007874016,0.9835944261634448
CNOT9,0.2523916244348037,0.5984251968503937,0.9608942225121786
ZNF142,0.25622650172340045,0.6377952755905512,0.962871484045595
BCS1L,-0.21810527306757743,0.5669291338582677,0.954855712655332
STK36,0.8073291407678851,0.2992125984251969,0.8629198938688523
TTLL4,-0.23362334524994388,0.6771653543307087,0.9685447258281904
CYP27A1,0.23018201314396025,0.8188976377952756,0.9819224384651066
WNT10A,-0.8388898228568644,0.36220472440944884,0.8957091520102044
CNPPD1,0.16841669084812683,0.6535433070866141,0.966090961744307
RETREG2,0.023125296119435035,0.9133858267716536,0.9910228417757366
ZFAND2B,0.27904141776310176,0.7637795275590551,0.9726051513462561
ATG9A,0.4748572899967973,0.6771653543307087,0.9685447258281904
ANKZF1,-0.6648272652920104,0.33070866141732286,0.8811266433105555
GLB1L,0.77694674156078,0.25984251968503935,0.8512406093679867
STK16,0.8865314320793853,0.047244094488188976,0.6826476042030583
TUBA4A,-0.1586853944968416,0.8661417322834646,0.9853875082167936
DNAJB2,0.24825560750881115,0.7322834645669292,0.9726051513462561
DNPEP,-0.5483762329970086,0.14173228346456693,0.7686343861159114
GMPPA,0.2866333549357787,0.7086614173228346,0.9697087411223303
CHPF,-1.5204547789672316,0.08661417322834646,0.7251724549592804
OBSL1,-0.8997618152603413,0.3858267716535433,0.901137518714905
STK11IP,-0.2954966163851056,0.6535433070866141,0.966090961744307
SLC4A3,0.7656034013741126,0.47244094488188976,0.9331994464922055
EPHA4,-0.12800739787705306,0.9133858267716536,0.9910228417757366
AC009302.1,0.5332831191169138,0.48031496062992124,0.9342236316938177
HSPA9P1,0.3422849263845862,0.7716535433070866,0.9760752568014447
FARSB,0.09557592051513097,0.8110236220472441,0.9806560380447493
MOGAT1,-0.8072579284808588,0.3700787401574803,0.8970171905992668
AC016712.1,-0.307044833110643,0.5275590551181102,0.9452006713295411
ACSL3,-0.0029040378835549774,0.9763779527559056,0.9988002758044506
AP1S3,-0.46082361122265203,0.41732283464566927,0.9107246259166057
WDFY1,-0.43393458790479844,0.1732283464566929,0.8038630721031994
MRPL44,-0.01447380247200769,0.9763779527559056,0.9988002758044506
CUL3,-0.1034993079771267,0.6850393700787402,0.9695596467319408
DOCK10,0.40183064974796867,0.11023622047244094,0.7341951946620201
RHBDD1,-0.4161181490470298,0.25196850393700787,0.8470756930926249
MFF,-0.31255966055105233,0.41732283464566927,0.9107246259166057
AGFG1,-0.05920116593793168,0.6377952755905512,0.962871484045595
CCL20,-0.28508869526349834,0.7086614173228346,0.9697087411223303
PID1,1.213786497261954,0.15748031496062992,0.7813115157480315
TRIP12,0.27442373076284365,0.2755905511811024,0.853725753792971
SP110,-0.5577291575567802,0.2125984251968504,0.8224832770104163
SP140,-0.13258913793335303,0.6692913385826772,0.967634523772178
SP140L,0.0720160355187014,0.8661417322834646,0.9853875082167936
SP100,-0.191363912452867,0.41732283464566927,0.9107246259166057
TPM3P8,-0.811360534434443,0.15748031496062992,0.7813115157480315
CAB39,0.12189563836976802,0.7480314960629921,0.9726051513462561
ITM2C,-1.3593034739161105,0.03937007874015748,0.6826476042030583
PSMD1,0.8109328241757359,0.023622047244094488,0.6826476042030583
AC018738.1,-0.3461433096471951,0.7559055118110236,0.9726051513462561
B3GNT7,0.9944978520736298,0.2677165354330709,0.8534808525440345
ZBTB8OSP2,-0.7623282734328893,0.07086614173228346,0.7107880171694956
NCL,-0.05113271230357341,0.6377952755905512,0.962871484045595
PTMA,-0.13531752149049403,0.49606299212598426,0.9378529417969822
PDE6D,-0.007999987743605885,0.9763779527559056,0.9988002758044506
COPS7B,0.23544169537169424,0.4881889763779528,0.9357814954688165
DIS3L2,0.39941119656091395,0.4645669291338583,0.9271628797814478
TIGD1,0.23468430082660174,0.6929133858267716,0.9695596467319408
EIF4E2,0.0576921135092503,0.7952755905511811,0.978664400309132
GIGYF2,-0.06828959495082731,0.7795275590551181,0.9769863358554425
INPP5D,0.018682019634914226,0.9133858267716536,0.9910228417757366
ATG16L1,-0.47725919789565996,0.2047244094488189,0.8179316528497794
DGKD,-0.5042626575856222,0.6614173228346457,0.967634523772178
USP40,-0.33442492695938064,0.5511811023622047,0.9514203834061379
HJURP,0.6974224927902251,0.48031496062992124,0.9342236316938177
ARL4C,-0.290946336455308,0.31496062992125984,0.8705799696691885
SH3BP4,-0.6093775189861139,0.16535433070866143,0.7925152280493241
ACKR3,0.40071859075770044,0.6614173228346457,0.967634523772178
COPS8,0.06969738825684857,0.9133858267716536,0.9910228417757366
COL6A3,0.12834934070373594,0.8818897637795275,0.9879934629764293
LRRFIP1,-0.035163849626139054,0.8346456692913385,0.9819224384651066
UBE2F,0.1878276132663288,0.4566929133858268,0.9233455416926752
ILKAP,-0.0762734680409336,0.905511811023622,0.9899212869522312
HES6,1.2952034300612105,0.047244094488188976,0.6826476042030583
PER2,0.14094173587585912,0.7322834645669292,0.9726051513462561
TRAF3IP1,0.688798503052924,0.11023622047244094,0.7341951946620201
ASB1,0.22975778831255944,0.7165354330708661,0.9697087411223303
HDAC4,1.1409034113418262,0.18110236220472442,0.8073643742935083
NDUFA10,-0.321217134579471,0.2992125984251969,0.8629198938688523
COPS9,0.25406446559671725,0.49606299212598426,0.9378529417969822
ANKMY1,-0.8366248008778419,0.023622047244094488,0.6826476042030583
DUSP28,-0.7677246734276943,0.047244094488188976,0.6826476042030583
RNPEPL1,0.365177054008925,0.6692913385826772,0.967634523772178
CAPN10,-0.5580348558866153,0.3700787401574803,0.8970171905992668
GPR35,0.4845848788874778,0.7165354330708661,0.9697087411223303
MTERF4,-0.45866260441441264,0.13385826771653545,0.7606862900526696
PASK,-0.6270803351238023,0.33070866141732286,0.8811266433105555
PPP1R7,1.0272661184837206,0.06299212598425197,0.6963124387519445
HDLBP,0.5255045767237849,0.33070866141732286,0.8811266433105555
SEPT2,0.14688300144112176,0.33858267716535434,0.8824827791252136
FARP2,0.07064424606565645,0.4881889763779528,0.9357814954688165
STK25,-0.1164497615615172,0.6141732283464567,0.9618483135188818
THAP4,0.880848473345202,0.11023622047244094,0.7341951946620201
ATG4B,0.1726611061045129,0.7952755905511811,0.978664400309132
DTYMK,0.12496023895535968,0.8110236220472441,0.9806560380447493
ING5,0.2444108229611297,0.7165354330708661,0.9697087411223303
D2HGDH,0.009815019101560019,1.0,1.0
AC131097.3,0.012626294430021057,1.0,1.0
NEU4,-0.8457886852739291,0.3700787401574803,0.8970171905992668
PDCD1,-0.6643570379105027,0.44881889763779526,0.9212102163700125
LINC01881,-0.2573089236290005,0.5433070866141733,0.9499646623191925
TRNT1,0.1546645139262739,0.7322834645669292,0.9726051513462561
CRBN,-0.5386712780856708,0.06299212598425197,0.6963124387519445
SUMF1,-0.015045505805860948,0.9606299212598425,0.9967290768663719
SETMAR,-0.4055945098974836,0.7007874015748031,0.9697087411223303
ITPR1,-0.5595934023474429,0.05511811023622047,0.6931238793170655
AC018816.1,0.13986404570273847,1.0,1.0
BHLHE40,-0.4338998090440267,0.031496062992125984,0.6826476042030583
ARL8B,0.19997299492289677,0.23622047244094488,0.8382889691177539
EDEM1,-0.3520625200584959,0.2125984251968504,0.8224832770104163
MRPS36P1,-0.7905710739816199,0.29133858267716534,0.8583371233084381
LMCD1,1.179587800440067,0.1732283464566929,0.8038630721031994
RAD18,1.5970474284151286,0.06299212598425197,0.6963124387519445
SRGAP3,2.572819089997701,0.015748031496062992,0.6826476042030583
THUMPD3-AS1,-0.2169819161215516,0.5511811023622047,0.9514203834061379
THUMPD3,0.47067331660668854,0.11811023622047244,0.7364350074797351
SETD5,-0.3529346582415922,0.15748031496062992,0.7813115157480315
MTMR14,-0.4332084991727436,0.14960629921259844,0.7739916929935694
BRPF1,-0.3965698555162982,0.4881889763779528,0.9357814954688165
OGG1,0.4417083665036241,0.6535433070866141,0.966090961744307
TADA3,0.4880919696949686,0.3700787401574803,0.8970171905992668
ARPC4,0.06750948136234047,0.889763779527559,0.9886177730539346
TTLL3,0.25530263597378156,0.7322834645669292,0.9726051513462561
RPUSD3,0.597600444031873,0.29133858267716534,0.8583371233084381
JAGN1,-0.054750593545984216,0.5590551181102362,0.9539915430764625
IL17RC,0.2395801396472561,0.8110236220472441,0.9806560380447493
CRELD1,-0.22344013731777457,0.7086614173228346,0.9697087411223303
AC018809.1,0.24719775219495133,0.7952755905511811,0.978664400309132
AC018809.2,-0.4933150033557807,0.3543307086614173,0.8915123476047269
EMC3,-0.08938806166694668,0.8188976377952756,0.9819224384651066
CIDECP,-1.1928214215164568,0.06299212598425197,0.6963124387519445
FANCD2,0.5253977147507305,0.7086614173228346,0.9697087411223303
BRK1,0.026375440704273778,0.84251968503937,0.9823595446327953
VHL,0.13273871786117386,0.7401574803149606,0.9726051513462561
IRAK2,1.0475496182126323,0.4881889763779528,0.9357814954688165
TATDN2,-0.00943723127515117,0.9921259842519685,1.0
LINC00852,-0.6095361452583674,0.10236220472440945,0.7341951946620201
GHRLOS,-1.1498388065188532,0.13385826771653545,0.7606862900526696
SEC13,0.5420600748068676,0.047244094488188976,0.6826476042030583
HRH1,-0.47332566084562533,0.5433070866141733,0.9499646623191925
ATG7,-0.5451794786733215,0.2047244094488189,0.8179316528497794
VGLL4,0.4312966521582702,0.6141732283464567,0.9618483135188818
TAMM41,0.5056616793024489,0.3464566929133858,0.8873455246406359
PPARG,0.062464353818399765,0.9763779527559056,0.9988002758044506
TSEN2,0.7874983920198677,0.18110236220472442,0.8073643742935083
MKRN2,-0.20064584686561515,0.6220472440944882,0.9618483135188818
RAF1,0.1012281996173865,0.8661417322834646,0.9853875082167936
RPL32,-0.2973438909030044,0.2677165354330709,0.8534808525440345
IQSEC1,-0.4901847921752198,0.3228346456692913,0.8759501889864706
NUP210,-0.5499639233910552,0.36220472440944884,0.8957091520102044
HDAC11,-0.08913621056737675,0.952755905511811,0.9944898714583753
FBLN2,-0.3160779061653727,0.7716535433070866,0.9760752568014447
CHCHD4,1.0033617080220063,0.05511811023622047,0.6931238793170655
TMEM43,0.33536124873305084,0.3858267716535433,0.901137518714905
XPC,-0.42213820861879103,0.4251968503937008,0.9130051051310895
LSM3,-0.18944803742068306,0.5669291338582677,0.954855712655332
SLC6A6,0.650597839222856,0.07874015748031496,0.7107880171694956
CCDC174,-0.38827888474132344,0.3464566929133858,0.8873455246406359
FGD5,1.8292454688136588,0.10236220472440945,0.7341951946620201
FGD5-AS1,-0.10917963848731826,0.6929133858267716,0.9695596467319408
NR2C2,-0.5606543207028523,0.2125984251968504,0.8224832770104163
MRPS25,-0.1700876850852442,0.5984251968503937,0.9608942225121786
RBSN,0.1029873631852758,0.8503937007874016,0.9835944261634448
CAPN7,-0.4155737450406276,0.10236220472440945,0.7341951946620201
SH3BP5-AS1,-0.29153571746288165,0.7874015748031497,0.9775940764002741
SH3BP5,-1.099388345566323,0.10236220472440945,0.7341951946620201
METTL6,0.5459110900485169,0.4881889763779528,0.9357814954688165
EAF1,-0.4077949111842365,0.4409448818897638,0.9193107263430548
HACL1,0.12172091288876574,0.6456692913385826,0.9653496962085154
BTD,0.012263466621706964,0.9921259842519685,1.0
ANKRD28,0.5698512710726176,0.1889763779527559,0.8133366461918351
DPH3,0.5432072833139987,0.25984251968503935,0.8512406093679867
OXNAD1,0.39378948087121257,0.44881889763779526,0.9212102163700125
RFTN1,0.3684398840448262,0.2677165354330709,0.8534808525440345
PLCL2,0.5708608756346871,0.29133858267716534,0.8583371233084381
TBC1D5,0.1685163171430366,0.5826771653543307,0.9597435711535928
AC104297.1,0.9145461738345964,0.33070866141732286,0.8811266433105555
SATB1,-0.038360613196326554,0.8661417322834646,0.9853875082167936
SATB1-AS1,1.4696406965456592,0.12598425196850394,0.7505281352026119
RAB5A,0.13095814461655397,0.4094488188976378,0.9090035743434535
KAT2B,-0.18653901643449888,0.5118110236220472,0.9438814884599421
SGO1,0.3888366328767323,0.6929133858267716,0.9695596467319408
HMGB1P5,0.07228437986893521,0.6771653543307087,0.9685447258281904
UBE2E2,-0.021034119551835317,0.968503937007874,0.9977263771544332
UBE2E1,-0.07353268189979811,0.7874015748031497,0.9775940764002741
NKIRAS1,-0.3252046451765995,0.48031496062992124,0.9342236316938177
RPL15,-0.02526914102806188,0.9291338582677166,0.9923418376941026
NR1D2,-1.1919640318883031,0.031496062992125984,0.6826476042030583
THRB,0.07364365055804378,0.905511811023622,0.9899212869522312
TOP2B,-0.20923519895199494,0.5275590551181102,0.9452006713295411
NGLY1,-0.5331442743065935,0.25984251968503935,0.8512406093679867
OXSM,-0.282960572290506,0.6299212598425197,0.962871484045595
SLC4A7,0.6668893425308493,0.015748031496062992,0.6826476042030583
AC098614.1,-0.6276573229454718,0.23622047244094488,0.8382889691177539
EOMES,-0.6972341492267167,0.4094488188976378,0.9090035743434535
CMC1,-0.02573830578094416,0.8661417322834646,0.9853875082167936
AZI2,-0.08344059587068342,0.7874015748031497,0.9775940764002741
RBMS3,-0.47293017546257154,0.5748031496062992,0.9559479904608623
TGFBR2,-0.4335644538401979,0.2204724409448819,0.8287127766916084
AC096921.2,-1.067902310444227,0.11811023622047244,0.7364350074797351
STT3B,-0.10114146672702606,0.4645669291338583,0.9271628797814478
GPD1L,0.37160395996335316,0.7952755905511811,0.978664400309132
CMTM8,0.8423699055065823,0.31496062992125984,0.8705799696691885
CMTM7,0.3886971173637468,0.09448818897637795,0.7290975019374097
CMTM6,0.23487751858324568,0.2677165354330709,0.8534808525440345
DYNC1LI1,0.14458636063005237,0.6377952755905512,0.962871484045595
RPL30P4,-0.7017538355902664,0.07874015748031496,0.7107880171694956
CNOT10,0.3600861140084062,0.31496062992125984,0.8705799696691885
RPL23AP43,-0.5233759429483071,0.33070866141732286,0.8811266433105555
GLB1,0.38737582622456745,0.031496062992125984,0.6826476042030583
TMPPE,-0.10215072478267828,0.8110236220472441,0.9806560380447493
CRTAP,-0.006905272171855437,0.9291338582677166,0.9923418376941026
UBP1,0.09084821579375468,0.7244094488188977,0.9716680124035083
CLASP2,-0.2380799606788928,0.11811023622047244,0.7364350074797351
PDCD6IP,-0.15436348383278542,0.6850393700787402,0.9695596467319408
ARPP21,-1.2294242527865855,0.14173228346456693,0.7686343861159114
HSPD1P6,-0.15384922338530604,0.8346456692913385,0.9819224384651066
TRANK1,0.07426492909548221,0.8188976377952756,0.9819224384651066
EPM2AIP1,-0.4376972192275703,0.31496062992125984,0.8705799696691885
MLH1,0.5103416276276249,0.10236220472440945,0.7341951946620201
RPL29P11,-1.0186758611793436,0.023622047244094488,0.6826476042030583
LRRFIP2,-0.018048536714762697,0.9448818897637795,0.9944898714583753
GOLGA4,0.02770867219970352,0.9133858267716536,0.9910228417757366
TCEA1P2,-0.22609908157315584,0.25196850393700787,0.8470756930926249
ITGA9,0.858479406533958,0.44881889763779526,0.9212102163700125
CTDSPL,0.46655193862505295,0.5905511811023622,0.9608942225121786
VILL,0.32224777423654727,0.7244094488188977,0.9716680124035083
PLCD1,0.12207017529861863,0.8818897637795275,0.9879934629764293
ACAA1,-0.30481938619919857,0.6456692913385826,0.9653496962085154
MYD88,-0.43243876015227656,0.12598425196850394,0.7505281352026119
OXSR1,0.09112299892186204,0.8110236220472441,0.9806560380447493
XYLB,0.9484166810188444,0.25984251968503935,0.8512406093679867
ACVR2B,0.5435856268605332,0.41732283464566927,0.9107246259166057
EXOG,0.38331963271168545,0.6850393700787402,0.9695596467319408
WDR48,-0.5922086341077657,0.015748031496062992,0.6826476042030583
GORASP1,0.21773970298829326,0.7322834645669292,0.9726051513462561
TTC21A,-0.9770988599248289,0.23622047244094488,0.8382889691177539
CSRNP1,-0.18648996473686807,0.6456692913385826,0.9653496962085154
AC092053.3,0.47009155492419286,0.5826771653543307,0.9597435711535928
CX3CR1,1.7971249555318671,0.023622047244094488,0.6826476042030583
SLC25A38,-0.06853375602554967,0.8661417322834646,0.9853875082167936
RPSA,-0.12710966773886412,0.3858267716535433,0.901137518714905
EIF1B,-0.24646082116822488,0.4015748031496063,0.9086765677539906
ENTPD3-AS1,-0.26862920249201094,0.5748031496062992,0.9559479904608623
RPL14,-0.35406181527592295,0.11023622047244094,0.7341951946620201
ZNF621,0.5089873230065054,0.2755905511811024,0.853725753792971
AC099560.2,-0.427230589844001,0.2283464566929134,0.8336385014247465
CTNNB1,0.47421426609470974,0.1968503937007874,0.8133366461918351
ULK4,0.270327699540317,0.7401574803149606,0.9726051513462561
TRAK1,0.4448657386305648,0.03937007874015748,0.6826476042030583
AC092047.1,-0.4210417318814055,0.3858267716535433,0.901137518714905
VIPR1,-1.0634390384122954,0.05511811023622047,0.6931238793170655
SEC22C,0.37712343544067295,0.33858267716535434,0.8824827791252136
SS18L2,-0.22813951592977322,0.5354330708661418,0.9479419337985596
NKTR,-0.3944978133463577,0.16535433070866143,0.7925152280493241
LINC02158,-0.9365088054854604,0.2125984251968504,0.8224832770104163
HIGD1A,-0.3184162425578947,0.5984251968503937,0.9608942225121786
SNRK,-0.0316742781928232,0.9448818897637795,0.9944898714583753
ANO10,2.366264783304519,0.031496062992125984,0.6826476042030583
ABHD5,-0.5846495475505664,0.05511811023622047,0.6931238793170655
TCAIM,0.5224935134340836,0.29133858267716534,0.8583371233084381
LINC00694,-0.5999785401512088,0.5118110236220472,0.9438814884599421
ZNF445,-0.023688460004472667,0.9763779527559056,0.9988002758044506
ZNF197,0.3363377761041644,0.6220472440944882,0.9618483135188818
ZNF35,-0.10817058492328924,0.952755905511811,0.9944898714583753
KIAA1143,-0.6246293612236222,0.07874015748031496,0.7107880171694956
KIF15,0.276444239846678,0.8110236220472441,0.9806560380447493
TMEM42,0.21301424244332834,0.7480314960629921,0.9726051513462561
ZDHHC3,0.02718439548666396,0.9291338582677166,0.9923418376941026
EXOSC7,0.4300382020605107,0.29133858267716534,0.8583371233084381
CDCP1,1.2695244874608895,0.11023622047244094,0.7341951946620201
RPS24P8,-0.18710407786761474,0.6220472440944882,0.9618483135188818
TMEM158,0.21601614502756927,0.8740157480314961,0.9870953241817563
LARS2,0.22162807474249924,0.7559055118110236,0.9726051513462561
LIMD1,-0.08469289849862083,0.7795275590551181,0.9769863358554425
SACM1L,0.3980796949773495,0.047244094488188976,0.6826476042030583
LZTFL1,0.5427071138623116,0.2125984251968504,0.8224832770104163
FYCO1,-1.9249761323130188,0.023622047244094488,0.6826476042030583
XCR1,0.7315627156209898,0.5196850393700787,0.9452006713295411
CCR3,0.18409747051136793,0.8267716535433071,0.9819224384651066
CCR1,0.43770443632444245,0.41732283464566927,0.9107246259166057
CCR2,0.09784882444762122,0.9291338582677166,0.9923418376941026
AC098613.1,0.7026237643062481,0.23622047244094488,0.8382889691177539
CCR5,0.9274959903170252,0.07086614173228346,0.7107880171694956
CCRL2,0.04090736136026596,0.968503937007874,0.9977263771544332
CCDC12,0.2573513929694311,0.48031496062992124,0.9342236316938177
NBEAL2,-0.214539371343905,0.8110236220472441,0.9806560380447493
SETD2,-0.27063042583181307,0.29133858267716534,0.8583371233084381
KIF9,-0.742575681581267,0.28346456692913385,0.8574144950147485
KLHL18,0.005438250172047354,0.9921259842519685,1.0
AC099778.1,-0.7285363427165517,0.4015748031496063,0.9086765677539906
PTPN23,0.2626948255852719,0.5748031496062992,0.9559479904608623
SCAP,0.3614993208200534,0.49606299212598426,0.9378529417969822
ELP6,-0.17800133226362114,0.7086614173228346,0.9697087411223303
SMARCC1,0.06543957078217666,0.7716535433070866,0.9760752568014447
DHX30,-0.14906265468638535,0.6456692913385826,0.9653496962085154
MAP4,0.22110958304906347,0.33070866141732286,0.8811266433105555
CDC25A,1.4197746150088215,0.023622047244094488,0.6826476042030583
NDUFB1P1,-0.5922857865152844,0.14173228346456693,0.7686343861159114
ZNF589,0.23613057604584897,0.4251968503937008,0.9130051051310895
FCF1P2,0.0071083255250532495,0.984251968503937,0.9988002758044506
NME6,0.10586450829645022,0.7480314960629921,0.9726051513462561
CCDC51,0.5405573372410457,0.3543307086614173,0.8915123476047269
TMA7,0.0047410324349108635,0.984251968503937,0.9988002758044506
SHISA5,0.02972583100757653,0.889763779527559,0.9886177730539346
PFKFB4,-1.649201024390028,0.07086614173228346,0.7107880171694956
UQCRC1,0.730319059418008,0.14173228346456693,0.7686343861159114
SLC26A6,0.584334589282852,0.09448818897637795,0.7290975019374097
NCKIPSD,0.5916475354024335,0.2047244094488189,0.8179316528497794
IP6K2,0.10687743570648855,0.8031496062992126,0.9806560380447493
PRKAR2A,0.3999662630558145,0.2125984251968504,0.8224832770104163
SLC25A20,0.0011653757184917346,1.0,1.0
ARIH2,0.3234166232181579,0.2992125984251969,0.8629198938688523
NDUFAF3,0.16194458701275138,0.5433070866141733,0.9499646623191925
IMPDH2,-0.15635228907052046,0.4251968503937008,0.9130051051310895
QRICH1,-0.35806332219338,0.2440944881889764,0.8410862980163292
QARS,0.05928128194348403,0.8267716535433071,0.9819224384651066
USP19,0.18943061527185368,0.4881889763779528,0.9357814954688165
LAMB2,0.7357757095985815,0.4094488188976378,0.9090035743434535
CCDC71,0.49724761668870787,0.6614173228346457,0.967634523772178
KLHDC8B,1.7473687704876064,0.2283464566929134,0.8336385014247465
C3orf62,-0.0571511180653137,0.889763779527559,0.9886177730539346
USP4,-0.04667719739766785,0.8740157480314961,0.9870953241817563
GPX1,0.12348278240596322,0.6220472440944882,0.9618483135188818
RHOA,0.2118796294800127,0.4094488188976378,0.9090035743434535
TCTA,0.7744999223663447,0.14960629921259844,0.7739916929935694
DAG1,-0.8607756719734772,0.2204724409448819,0.8287127766916084
APEH,0.16000916903883944,0.8110236220472441,0.9806560380447493
GMPPB,0.3114673147053497,0.6299212598425197,0.962871484045595
IP6K1,0.826340464531818,0.1968503937007874,0.8133366461918351
UBA7,0.013972198126135815,0.9606299212598425,0.9967290768663719
MON1A,0.6231559063943558,0.4015748031496063,0.9086765677539906
RBM6,-0.6103524546662813,0.12598425196850394,0.7505281352026119
RBM5,-0.29398151183378474,0.2125984251968504,0.8224832770104163
GNAI2,0.12128886246473947,0.889763779527559,0.9886177730539346
NAT6,1.2532553023912079,0.07874015748031496,0.7107880171694956
HYAL2,0.079166530828779,0.905511811023622,0.9899212869522312
TUSC2,-0.35167693947319156,0.2047244094488189,0.8179316528497794
RASSF1,-0.20908770067199622,0.28346456692913385,0.8574144950147485
NPRL2,0.5143321197218258,0.3228346456692913,0.8759501889864706
CYB561D2,0.16384274987653402,0.5905511811023622,0.9608942225121786
TMEM115,-0.4172209642385756,0.6299212598425197,0.962871484045595
HEMK1,0.9806904762707367,0.2755905511811024,0.853725753792971
CISH,0.8805438570164648,0.3543307086614173,0.8915123476047269
MAPKAPK3,0.3283348646642015,0.25196850393700787,0.8470756930926249
LINC02019,-0.9083295059150693,0.07086614173228346,0.7107880171694956
MANF,0.19717256689003726,0.4015748031496063,0.9086765677539906
RBM15B,0.03885830485660602,1.0,1.0
DCAF1,-0.03457520302116279,0.9291338582677166,0.9923418376941026
RAD54L2,-0.02595841963326606,0.9133858267716536,0.9910228417757366
TEX264,0.26270927417129375,0.33070866141732286,0.8811266433105555
RRP9,-0.45956858244881116,0.5196850393700787,0.9452006713295411
PARP3,0.20292911027428584,0.8031496062992126,0.9806560380447493
ABHD14B,0.23844814520835378,0.6771653543307087,0.9685447258281904
ABHD14A,0.49936599256544056,0.33070866141732286,0.8811266433105555
RPL29,-0.2146421062442272,0.7244094488188977,0.9716680124035083
DUSP7,0.44841365366350994,0.3543307086614173,0.8915123476047269
POC1A,0.09513099982747408,0.8818897637795275,0.9879934629764293
ALAS1,0.681009833714302,0.03937007874015748,0.6826476042030583
TWF2,0.28014559888871515,0.6929133858267716,0.9695596467319408
PPM1M,0.03834014867203184,0.9606299212598425,0.9967290768663719
WDR82,-0.17798572767590315,0.6141732283464567,0.9618483135188818
GLYCTK,1.4928979702867622,0.06299212598425197,0.6963124387519445
DNAH1,-0.7676611197773098,0.36220472440944884,0.8957091520102044
AC092045.1,-0.3054138106879716,0.6456692913385826,0.9653496962085154
BAP1,0.6413795673589888,0.08661417322834646,0.7251724549592804
PHF7,-0.3054723570547686,0.7086614173228346,0.9697087411223303
NISCH,0.6596490002616369,0.07086614173228346,0.7107880171694956
STAB1,1.5197124505666038,0.031496062992125984,0.6826476042030583
NT5DC2,1.1876467166073406,0.2440944881889764,0.8410862980163292
SMIM4,0.7993012833555291,0.5826771653543307,0.9597435711535928
PBRM1,0.032263708998636176,0.8976377952755905,0.9899212869522312
GNL3,-0.24838765975945964,0.36220472440944884,0.8957091520102044
GLT8D1,-0.544204110562228,0.3858267716535433,0.901137518714905
SPCS1,-0.6573581341368726,0.15748031496062992,0.7813115157480315
NEK4,-0.23813889872759741,0.6062992125984252,0.9608942225121786
SFMBT1,1.8155470163369527,0.05511811023622047,0.6931238793170655
RFT1,-0.01694403055858995,0.9763779527559056,0.9988002758044506
PRKCD,0.05328467266738901,0.8503937007874016,0.9835944261634448
TKT,-0.36856841206094515,0.12598425196850394,0.7505281352026119
DCP1A,-0.18597325811105136,0.33070866141732286,0.8811266433105555
AC012467.2,-0.021579721074368008,0.984251968503937,0.9988002758044506
ACTR8,-0.0628014926819862,0.9448818897637795,0.9944898714583753
SELENOK,-0.05272447347897291,0.8976377952755905,0.9899212869522312
CACNA2D3,0.3474392004117046,0.5669291338582677,0.954855712655332
WNT5A,1.3577309224760012,0.1732283464566929,0.8038630721031994
CCDC66,-0.4705015424106267,0.1968503937007874,0.8133366461918351
FAM208A,-0.3932601863751337,0.16535433070866143,0.7925152280493241
ARHGEF3,-0.30573462765457604,0.6456692913385826,0.9653496962085154
HESX1,-0.316957652048534,0.7795275590551181,0.9769863358554425
APPL1,0.18001412946989248,0.4015748031496063,0.9086765677539906
ASB14,1.012103563837226,0.13385826771653545,0.7606862900526696
RNF7P1,0.6404163949063784,0.3937007874015748,0.9060325603890926
PDE12,0.36815408081850887,0.8740157480314961,0.9870953241817563
ARF4,-0.048208017986325125,0.8110236220472441,0.9806560380447493
DENND6A,-0.1917720651662549,0.6377952755905512,0.962871484045595
SLMAP,0.11842716993374047,0.7637795275590551,0.9726051513462561
FLNB,-1.3369380411643483,0.031496062992125984,0.6826476042030583
DNASE1L3,-0.7900714044357979,0.07874015748031496,0.7107880171694956
ABHD6,0.8027187653841321,0.31496062992125984,0.8705799696691885
RPP14,0.5754613346727386,0.4094488188976378,0.9090035743434535
PXK,-0.4512598134298873,0.09448818897637795,0.7290975019374097
PDHB,-0.07383794592197734,0.8031496062992126,0.9806560380447493
KCTD6,-1.09058167458941,0.28346456692913385,0.8574144950147485
FHIT,-0.15109105308617354,0.8267716535433071,0.9819224384651066
RPL10AP6,-0.22758269315195712,0.10236220472440945,0.7341951946620201
AC104849.1,-1.1160283469769468,0.13385826771653545,0.7606862900526696
C3orf14,1.3192584310614475,0.03937007874015748,0.6826476042030583
THOC7,-0.10602488878088501,0.7244094488188977,0.9716680124035083
ATXN7,-0.5174758044936976,0.07086614173228346,0.7107880171694956
PSMD6,0.12141094964492716,0.6692913385826772,0.967634523772178
SLC25A26,0.6596506523716519,0.08661417322834646,0.7251724549592804
LRIG1,0.07391060857866116,0.952755905511811,0.9944898714583753
KBTBD8,0.0008463321168186155,1.0,1.0
SUCLG2,-0.1565670449924461,0.6220472440944882,0.9618483135188818
PSMC1P1,0.07024602988833983,0.6220472440944882,0.9618483135188818
EOGT,1.5556327110334411,0.16535433070866143,0.7925152280493241
TMF1,-0.2814442780688884,0.2440944881889764,0.8410862980163292
UBA3,0.5474782509515235,0.3937007874015748,0.9060325603890926
ARL6IP5,0.7159090719106693,0.047244094488188976,0.6826476042030583
FRMD4B,0.8317696190041275,0.015748031496062992,0.6826476042030583
MITF,0.8820265507333094,0.07874015748031496,0.7107880171694956
FOXP1,0.25966738103469744,0.5433070866141733,0.9499646623191925
AC097634.1,0.9030809958895256,0.2125984251968504,0.8224832770104163
EIF4E3,-0.9671953843862999,0.023622047244094488,0.6826476042030583
GPR27,-1.26790884231684,0.13385826771653545,0.7606862900526696
PROK2,0.11716180842455537,0.9763779527559056,0.9988002758044506
LINC00877,-0.08788397047088736,0.7165354330708661,0.9697087411223303
RYBP,-0.16624401874955463,0.4094488188976378,0.9090035743434535
SHQ1,0.39999547459755425,0.4566929133858268,0.9233455416926752
GXYLT2,-0.9293225711029769,0.07874015748031496,0.7107880171694956
FTH1P23,-0.44109644304402984,0.4015748031496063,0.9086765677539906
PPP4R2,0.0709012365028947,0.7244094488188977,0.9716680124035083
HNRNPA3P6,0.2891463942452077,0.33858267716535434,0.8824827791252136
ZNF717,1.0319249443673344,0.30708661417322836,0.868085262990023
AC026877.1,-0.34907728672374505,0.6377952755905512,0.962871484045595
ROBO1,1.0188969056437123,0.18110236220472442,0.8073643742935083
GBE1,-0.36906935136057983,0.6692913385826772,0.967634523772178
CYP51A1P1,0.5685081355529591,0.5669291338582677,0.954855712655332
CHMP2B,-0.2444553229037787,0.41732283464566927,0.9107246259166057
CGGBP1,-0.12055493562086639,0.33858267716535434,0.8824827791252136
ZNF654,-0.36732673396553306,0.3228346456692913,0.8759501889864706
C3orf38,-0.15571351442078818,0.5275590551181102,0.9452006713295411
PROS1,2.2627406832656227,0.031496062992125984,0.6826476042030583
ARL13B,0.0678249140017968,0.8976377952755905,0.9899212869522312
DHFR2,-0.15320190766165975,0.7795275590551181,0.9769863358554425
NSUN3,0.254528886253075,0.5196850393700787,0.9452006713295411
HNRNPKP4,0.22231428336299963,0.5511811023622047,0.9514203834061379
MTRNR2L12,-1.0797637269888334,0.015748031496062992,0.6826476042030583
CRYBG3,0.07560847463338671,0.7401574803149606,0.9726051513462561
RIOX2,0.9028175719118723,0.4330708661417323,0.9149090270901766
CLDND1,0.46875908835820823,0.09448818897637795,0.7290975019374097
CPOX,1.33443216061969,0.14173228346456693,0.7686343861159114
WWP1P1,-0.09967400196550757,0.952755905511811,0.9944898714583753
ST3GAL6,0.5622189577280263,0.023622047244094488,0.6826476042030583
DCBLD2,0.024320374741924944,0.9921259842519685,1.0
CMSS1,0.8447899458242194,0.07874015748031496,0.7107880171694956
FILIP1L,0.9561687980007507,0.3543307086614173,0.8915123476047269
VTI1BP1,-0.23211322271291568,0.7637795275590551,0.9726051513462561
TBC1D23,-0.15675224522080278,0.7086614173228346,0.9697087411223303
NIT2,0.06817411970314868,0.8503937007874016,0.9835944261634448
TOMM70,-0.11307053828207536,0.6377952755905512,0.962871484045595
TMEM45A,0.7355766029082631,0.4251968503937008,0.9130051051310895
TFG,0.4739395977117855,0.1732283464566929,0.8038630721031994
SENP7,0.22047442842725307,0.41732283464566927,0.9107246259166057
AC110994.2,-0.7418652040653173,0.16535433070866143,0.7925152280493241
TRMT10C,-0.3348180884117635,0.5511811023622047,0.9514203834061379
PCNP,0.003620465461318112,0.9921259842519685,1.0
AC073861.1,-0.3419119108231765,0.6929133858267716,0.9695596467319408
ZBTB11,-0.5403050348241596,0.13385826771653545,0.7606862900526696
RPL24,-0.33720289377929724,0.2125984251968504,0.8224832770104163
PDCL3P4,-0.43385535317168045,0.6377952755905512,0.962871484045595
CEP97,-0.21298522520681162,0.7165354330708661,0.9697087411223303
NXPE3,-0.4333766955255447,0.2677165354330709,0.8534808525440345
NFKBIZ,-0.43610427974076416,0.06299212598425197,0.6963124387519445
ALCAM,0.5409006494984805,0.11811023622047244,0.7364350074797351
CBLB,-0.793247894778176,0.15748031496062992,0.7813115157480315
BBX,-0.12043099825155323,0.4251968503937008,0.9130051051310895
CD47,0.2392036001758342,0.4251968503937008,0.9130051051310895
LINC01215,-0.06619646384889366,0.9606299212598425,0.9967290768663719
IFT57,0.44022363189214797,0.18110236220472442,0.8073643742935083
CIP2A,1.3166113933241168,0.05511811023622047,0.6931238793170655
DZIP3,0.20772878110249282,0.5984251968503937,0.9608942225121786
DPPA4,-0.9203473051164601,0.09448818897637795,0.7290975019374097
CD96,-1.8600218334631513,0.047244094488188976,0.6826476042030583
PLCXD2,-1.710533270140394,0.07874015748031496,0.7107880171694956
ABHD10,0.22224975693360793,0.7322834645669292,0.9726051513462561
C3orf52,1.4360677001495195,0.031496062992125984,0.6826476042030583
GCSAM,0.7969744208797604,0.2440944881889764,0.8410862980163292
CD200,0.6155417523729937,0.5590551181102362,0.9539915430764625
BTLA,-0.2397442777527421,0.6299212598425197,0.962871484045595
ATG3,0.25977412264015776,0.2204724409448819,0.8287127766916084
SLC35A5,0.6695401994955734,0.023622047244094488,0.6826476042030583
CCDC80,-0.5245961261138408,0.6692913385826772,0.967634523772178
CD200R1,0.6514830135452323,0.5984251968503937,0.9608942225121786
GTPBP8,0.21216307115193933,0.4566929133858268,0.9233455416926752
NEPRO,0.03431331606375476,0.9606299212598425,0.9967290768663719
CFAP44,-0.2769784160633231,0.7480314960629921,0.9726051513462561
SPICE1,0.5110765672637196,0.5590551181102362,0.9539915430764625
SIDT1,-1.7038239337664405,0.031496062992125984,0.6826476042030583
USF3,-0.518170006549477,0.11811023622047244,0.7364350074797351
NAA50,0.10307495911568942,0.5669291338582677,0.954855712655332
ATP6V1A,0.08152778013391604,0.84251968503937,0.9823595446327953
CCDC191,-0.42455711442490074,0.3779527559055118,0.90080276839105
QTRT2,-0.251924952012879,0.6692913385826772,0.967634523772178
TIGIT,-0.24933972436698526,0.5196850393700787,0.9452006713295411
ZBTB20,0.3964644579962999,0.4409448818897638,0.9193107263430548
BZW1P2,0.22614860081899035,0.3937007874015748,0.9060325603890926
PTMAP8,0.22104391378530241,0.5590551181102362,0.9539915430764625
B4GALT4,-0.4992545154351822,0.1889763779527559,0.8133366461918351
ARHGAP31,0.7708646441701665,0.015748031496062992,0.6826476042030583
RPS26P21,0.6172463064556897,0.3858267716535433,0.901137518714905
TMEM39A,0.08870060572902627,0.7559055118110236,0.9726051513462561
POGLUT1,-0.13060646241884744,0.7559055118110236,0.9726051513462561
TIMMDC1,0.3564110435257488,0.25196850393700787,0.8470756930926249
CD80,0.9228293397541782,0.4094488188976378,0.9090035743434535
ADPRH,0.6008255240952538,0.29133858267716534,0.8583371233084381
PLA1A,-0.2663585111255995,0.6299212598425197,0.962871484045595
COX17,-0.3176151196895436,0.2755905511811024,0.853725753792971
GSK3B,-0.0017830253760626746,1.0,1.0
LRRC58,-0.08514537552844725,0.7007874015748031,0.9697087411223303
FSTL1,0.6587044032727827,0.6062992125984252,0.9608942225121786
NDUFB4,0.34116983942325874,0.3464566929133858,0.8873455246406359
RABL3,0.40222331879881734,0.33070866141732286,0.8811266433105555
GTF2E1,-0.2662869539501491,0.7244094488188977,0.9716680124035083
NAP1L1P3,-0.9776922685422793,0.08661417322834646,0.7251724549592804
POLQ,-0.01104282414739699,0.984251968503937,0.9988002758044506
HCLS1,0.1826918899506378,0.031496062992125984,0.6826476042030583
GOLGB1,-0.1524403328918158,0.44881889763779526,0.9212102163700125
IQCB1,-0.19779658473310757,0.4881889763779528,0.9357814954688165
EAF2,-0.2520633352218171,0.5984251968503937,0.9608942225121786
SLC15A2,-0.05087205163039865,0.8818897637795275,0.9879934629764293
CD86,0.6693501934450179,0.015748031496062992,0.6826476042030583
CSTA,-0.4786177051935079,0.11023622047244094,0.7341951946620201
CCDC58,2.4461912694701207,0.015748031496062992,0.6826476042030583
FAM162A,0.16372879146225827,0.5984251968503937,0.9608942225121786
WDR5B,0.11571820163454505,0.8976377952755905,0.9899212869522312
AC083798.2,0.3912302579495872,0.6614173228346457,0.967634523772178
KPNA1,-0.22998335940971515,0.30708661417322836,0.868085262990023
PARP9,0.12110156060507471,0.7322834645669292,0.9726051513462561
DTX3L,-0.16768907192350646,0.7480314960629921,0.9726051513462561
PARP15,0.004916746150696483,0.9921259842519685,1.0
PARP14,-0.12942904054314575,0.8661417322834646,0.9853875082167936
HSPBAP1,0.3299846254978842,0.33070866141732286,0.8811266433105555
DIRC2,1.0904072726758565,0.08661417322834646,0.7251724549592804
LINC02035,-0.017385467139060307,0.9606299212598425,0.9967290768663719
PDIA5,0.3162526196835418,0.5826771653543307,0.9597435711535928
SEC22A,-0.6314097380397952,0.12598425196850394,0.7505281352026119
HACD2,0.22341336648728038,0.4409448818897638,0.9193107263430548
MYLK,-0.3311892065391673,0.36220472440944884,0.8957091520102044
CCDC14,0.1809536891181427,0.5275590551181102,0.9452006713295411
UMPS,0.6671024982665976,0.1889763779527559,0.8133366461918351
ITGB5,1.7805027425745403,0.03937007874015748,0.6826476042030583
HEG1,1.214199217223475,0.09448818897637795,0.7290975019374097
ZNF148,0.05153599701114864,0.8346456692913385,0.9819224384651066
SNX4,-0.1264319718113338,0.7559055118110236,0.9726051513462561
OSBPL11,0.26179658498746416,0.4566929133858268,0.9233455416926752
SLC41A3,0.9913823001763733,0.015748031496062992,0.6826476042030583
ZXDC,-0.42402269872387066,0.3700787401574803,0.8970171905992668
CHST13,0.20125635657393737,0.8582677165354331,0.9837431881343323
TXNRD3,0.9258284525381437,0.25196850393700787,0.8470756930926249
PLXNA1,0.06419337965744587,0.952755905511811,0.9944898714583753
TPRA1,-0.05501048335207148,0.937007874015748,0.9941472732331481
MCM2,0.5331947317308776,0.6850393700787402,0.9695596467319408
ABTB1,0.41649734186465626,0.7401574803149606,0.9726051513462561
MGLL,0.49882593374783024,0.6299212598425197,0.962871484045595
SEC61A1,0.0127325202639339,0.9763779527559056,0.9988002758044506
RUVBL1,0.12190327806540946,0.5669291338582677,0.954855712655332
EEFSEC,-0.2911580110253169,0.8346456692913385,0.9819224384651066
RPN1,0.20138691495602856,0.3464566929133858,0.8873455246406359
RAB7A,0.3035323760781612,0.2125984251968504,0.8224832770104163
ACAD9,-0.08611907025162813,0.84251968503937,0.9823595446327953
AC108673.2,-0.5913990162901334,0.4566929133858268,0.9233455416926752
ISY1,-0.005008537422010129,0.9921259842519685,1.0
CNBP,-0.04310469993152388,0.8267716535433071,0.9819224384651066
COPG1,0.1954268527400309,0.36220472440944884,0.8957091520102044
HMCES,-0.10697891158616457,0.8740157480314961,0.9870953241817563
H1FX,0.37658812454197355,0.6377952755905512,0.962871484045595
RPL32P3,0.974427616284119,0.1968503937007874,0.8133366461918351
MBD4,0.20612966194574156,0.5905511811023622,0.9608942225121786
IFT122,-0.35249952385615013,0.8503937007874016,0.9835944261634448
PLXND1,1.8193928853720367,0.2440944881889764,0.8410862980163292
TMCC1,0.6755284320489383,0.4251968503937008,0.9130051051310895
AC083799.1,0.20677415660604037,0.6929133858267716,0.9695596467319408
TRH,1.3652607470024583,0.2047244094488189,0.8179316528497794
PIK3R4,0.5429221816090188,0.6771653543307087,0.9685447258281904
GSTO3P,-0.0007026744965412668,1.0,1.0
ATP2C1,0.5345785760314925,0.05511811023622047,0.6931238793170655
ASTE1,0.13021006422303083,0.6850393700787402,0.9695596467319408
NUDT16P1,0.15538408828296513,0.7401574803149606,0.9726051513462561
NUDT16,0.21778029803414967,0.6141732283464567,0.9618483135188818
MRPL3,0.29200432671562027,0.3937007874015748,0.9060325603890926
ACPP,0.6438045438471471,0.11023622047244094,0.7341951946620201
DNAJC13,-0.38390951702789433,0.14173228346456693,0.7686343861159114
UBA5,0.018591798837073625,0.968503937007874,0.9977263771544332
NPHP3,-0.027871061325172253,0.968503937007874,0.9977263771544332
CDV3,0.09549550875052049,0.7795275590551181,0.9769863358554425
TOPBP1,0.07225846859765905,0.8346456692913385,0.9819224384651066
SRPRB,0.2787046508971782,0.48031496062992124,0.9342236316938177
RYK,-0.21399989569015432,0.5826771653543307,0.9597435711535928
ANAPC13,-0.2807913555139052,0.33858267716535434,0.8824827791252136
CEP63,-0.4947600632179139,0.30708661417322836,0.868085262990023
EPHB1,-1.455513560447966,0.07874015748031496,0.7107880171694956
PPP2R3A,0.5714288068036668,0.4330708661417323,0.9149090270901766
MSL2,-1.1976329478345926,0.023622047244094488,0.6826476042030583
PCCB,0.7671304859413368,0.047244094488188976,0.6826476042030583
STAG1,-0.22416678672073953,0.5984251968503937,0.9608942225121786
NCK1-AS1,0.23632883635344637,0.4330708661417323,0.9149090270901766
NCK1,1.0886098802488489,0.06299212598425197,0.6963124387519445
DZIP1L,1.3906281084112764,0.047244094488188976,0.6826476042030583
DBR1,-0.6269396134572696,0.07086614173228346,0.7107880171694956
ARMC8,-0.5348607734495774,0.2440944881889764,0.8410862980163292
MRAS,1.4180449540012243,0.047244094488188976,0.6826476042030583
FAIM,-0.2606644042693387,0.7007874015748031,0.9697087411223303
PIK3CB,0.04831233399011836,0.9212598425196851,0.9916034965968238
MRPS22,0.06065251125620552,0.905511811023622,0.9899212869522312
COPB2,0.37138278173929073,0.25984251968503935,0.8512406093679867
SLC25A36,-0.8445489066241354,0.031496062992125984,0.6826476042030583
ZBTB38,0.18626022104005724,0.5984251968503937,0.9608942225121786
RASA2,0.08574651191371796,0.7716535433070866,0.9760752568014447
RNF7,0.09188756624211525,0.6692913385826772,0.967634523772178
ATP1B3,0.4316318663767582,0.3464566929133858,0.8873455246406359
TFDP2,-0.03585323656563277,0.9291338582677166,0.9923418376941026
AC133435.1,-0.07671000051527943,0.889763779527559,0.9886177730539346
GK5,0.5728144481422723,0.2992125984251969,0.8629198938688523
XRN1,-0.813555693533222,0.015748031496062992,0.6826476042030583
ATR,-0.08337840906940208,0.7874015748031497,0.9775940764002741
AC021074.1,-0.45295928497833504,0.6771653543307087,0.9685447258281904
U2SURP,-0.14130207357517488,0.6692913385826772,0.967634523772178
CHST2,1.317984081196908,0.07874015748031496,0.7107880171694956
SLC9A9,0.24084406838573358,0.7559055118110236,0.9726051513462561
ST13P15,-0.056591050998093806,0.9133858267716536,0.9910228417757366
C3orf58,-0.15625496829068286,0.49606299212598426,0.9378529417969822
AC069528.2,0.11626289099495501,0.7795275590551181,0.9769863358554425
PLSCR1,0.34827819524568504,0.25984251968503935,0.8512406093679867
CPA3,1.4360938036635167,0.2125984251968504,0.8224832770104163
GYG1,0.5217931550311325,0.25984251968503935,0.8512406093679867
HLTF,-0.07211890040652325,0.7559055118110236,0.9726051513462561
HPS3,-0.10786935930853225,0.84251968503937,0.9823595446327953
TM4SF1,2.8998027981043117,0.015748031496062992,0.6826476042030583
COMMD2,-0.2420042686512609,0.41732283464566927,0.9107246259166057
RNF13,0.31696145047788704,0.3543307086614173,0.8915123476047269
AC117395.1,-0.9290953081689655,0.3543307086614173,0.8915123476047269
AC022494.1,0.12807796688695405,0.84251968503937,0.9823595446327953
TSC22D2,-0.38951076057123224,0.3543307086614173,0.8915123476047269
SERP1,-0.20482006030010602,0.015748031496062992,0.6826476042030583
EIF2A,-0.20349521176531216,0.18110236220472442,0.8073643742935083
SELENOT,0.35476561589439726,0.11811023622047244,0.7364350074797351
SIAH2,-0.4677007501990227,0.2283464566929134,0.8336385014247465
MED12L,-0.8451850068780589,0.11811023622047244,0.7364350074797351
GPR171,0.6636333405089183,0.5984251968503937,0.9608942225121786
P2RY14,-0.8437258918959945,0.11023622047244094,0.7341951946620201
P2RY13,0.44071771340428345,0.4094488188976378,0.9090035743434535
P2RY12,0.19151245711896414,0.8976377952755905,0.9899212869522312
SUCNR1,1.5303225874194433,0.07086614173228346,0.7107880171694956
MBNL1,-0.07563889532800339,0.6062992125984252,0.9608942225121786
MBNL1-AS1,-0.2644793855323393,0.4409448818897638,0.9193107263430548
P2RY1,-0.4165146745778521,0.6535433070866141,0.966090961744307
RAP2B,-0.10730883797201773,0.6062992125984252,0.9608942225121786
DHX36,-0.17763660864208575,0.41732283464566927,0.9107246259166057
MME,-0.9680955471466164,0.09448818897637795,0.7290975019374097
C3orf33,0.09883113996356552,0.8503937007874016,0.9835944261634448
SLC33A1,-0.3661848404901322,0.41732283464566927,0.9107246259166057
GMPS,0.32338165787133555,0.4409448818897638,0.9193107263430548
SETP14,-0.18631629056503485,0.5984251968503937,0.9608942225121786
KCNAB1,-0.08823552559771652,0.9448818897637795,0.9944898714583753
SSR3,-0.06157947101520911,0.6220472440944882,0.9618483135188818
TIPARP-AS1,-0.32922677194348726,0.6850393700787402,0.9695596467319408
TIPARP,-0.34972727563550077,0.4251968503937008,0.9130051051310895
PA2G4P4,-0.47777853622853916,0.2755905511811024,0.853725753792971
LEKR1,0.20084578427928523,0.7637795275590551,0.9726051513462561
CCNL1,-0.7157920480760733,0.06299212598425197,0.6963124387519445
PTX3,-0.07975536417697615,0.8582677165354331,0.9837431881343323
RSRC1,0.24419566351858268,0.2047244094488189,0.8179316528497794
GFM1,0.49108432535936863,0.33070866141732286,0.8811266433105555
LXN,0.776366943048008,0.5039370078740157,0.939868419531259
RARRES1,2.326670955675944,0.2755905511811024,0.853725753792971
MFSD1,0.4294430010584698,0.3464566929133858,0.8873455246406359
BRD7P2,0.3666204488131122,0.8346456692913385,0.9819224384651066
IFT80,-0.005446560810177026,0.984251968503937,0.9988002758044506
SMC4,0.07315307644431002,0.889763779527559,0.9886177730539346
TRIM59,0.9666695972292554,0.11811023622047244,0.7364350074797351
KPNA4,0.14485513196404654,0.2440944881889764,0.8410862980163292
KRT8P12,2.2978393288693666,0.015748031496062992,0.6826476042030583
PPM1L,0.5176337567969647,0.2440944881889764,0.8410862980163292
NMD3,-0.02144021182010558,0.9448818897637795,0.9944898714583753
WDR49,-0.12934880670314075,0.8740157480314961,0.9870953241817563
PDCD10,0.08083398530255081,0.8582677165354331,0.9837431881343323
SERPINI1,-0.9147127945977593,0.33858267716535434,0.8824827791252136
GOLIM4,0.8248815488705175,0.023622047244094488,0.6826476042030583
AC074033.1,-0.2709271450406261,0.2283464566929134,0.8336385014247465
MYNN,-0.061778050649051064,0.9291338582677166,0.9923418376941026
SEC62,-0.09868546275807333,0.5275590551181102,0.9452006713295411
GPR160,-0.23433499225816057,0.4015748031496063,0.9086765677539906
PHC3,-0.46751192783461093,0.23622047244094488,0.8382889691177539
PRKCI,-0.22950040358303347,0.5196850393700787,0.9452006713295411
SKIL,-0.15524344992960515,0.6929133858267716,0.9695596467319408
RPL22L1,0.5792829924372604,0.07874015748031496,0.7107880171694956
EIF5A2,-1.5200137568343453,0.015748031496062992,0.6826476042030583
TNIK,-0.0027290211102277695,1.0,1.0
PLD1,0.05754113802508165,0.952755905511811,0.9944898714583753
FNDC3B,0.2452832632194788,0.4094488188976378,0.9090035743434535
TNFSF10,-0.4072764549624619,0.7480314960629921,0.9726051513462561
NCEH1,0.9390580989598742,0.16535433070866143,0.7925152280493241
ECT2,0.9427113709212231,0.31496062992125984,0.8705799696691885
AC069218.1,-0.3280158407136258,0.6377952755905512,0.962871484045595
UBE2V1P2,-0.8462531173315533,0.09448818897637795,0.7290975019374097
TBL1XR1,0.001919213900758443,1.0,1.0
ZMAT3,0.4680195995537826,0.33070866141732286,0.8811266433105555
PIK3CA,-0.11497854286637033,0.7480314960629921,0.9726051513462561
LRRFIP1P1,0.0496697692321717,0.9133858267716536,0.9910228417757366
ZNF639,-0.1713911945297073,0.6771653543307087,0.9685447258281904
MFN1,-0.09550218683043799,0.7559055118110236,0.9726051513462561
GNB4,0.32653550373543094,0.2992125984251969,0.8629198938688523
ACTL6A,0.7536600260762345,0.015748031496062992,0.6826476042030583
MRPL47,-0.19876891719044298,0.6614173228346457,0.967634523772178
NDUFB5,-0.45340876019797527,0.14173228346456693,0.7686343861159114
USP13,0.08129094374280044,0.905511811023622,0.9899212869522312
TTC14,-0.6036590637921471,0.18110236220472442,0.8073643742935083
AC108734.3,-0.28515878283609064,0.7480314960629921,0.9726051513462561
FXR1,-0.19252021810463749,0.25196850393700787,0.8470756930926249
DNAJC19,-0.09763281737078433,0.6771653543307087,0.9685447258281904
ATP11B,-0.7970372683253242,0.015748031496062992,0.6826476042030583
DCUN1D1,0.10838449738718747,0.6929133858267716,0.9695596467319408
MCCC1,0.37856700417287925,0.2440944881889764,0.8410862980163292
LAMP3,2.138426063099037,0.13385826771653545,0.7606862900526696
B3GNT5,0.4018378884647511,0.44881889763779526,0.9212102163700125
LINC00888,0.7921947486135617,0.3464566929133858,0.8873455246406359
KLHL6,0.4199158118706192,0.4251968503937008,0.9130051051310895
KLHL24,-0.4703655583059776,0.2125984251968504,0.8224832770104163
YEATS2,0.31907702359461965,0.31496062992125984,0.8705799696691885
PARL,0.5101589487843547,0.11023622047244094,0.7341951946620201
ABCC5,1.409131339669333,0.015748031496062992,0.6826476042030583
EIF2B5,-0.049283088501949734,0.8188976377952756,0.9819224384651066
AC131235.1,-0.6398435591634053,0.2047244094488189,0.8179316528497794
DVL3,0.04167251516703363,0.6614173228346457,0.967634523772178
AP2M1,0.6441524598778186,0.11023622047244094,0.7341951946620201
ABCF3,-0.535293695253181,0.4015748031496063,0.9086765677539906
ALG3,0.35357603304040097,0.31496062992125984,0.8705799696691885
ECE2,0.5756379466898056,0.2992125984251969,0.8629198938688523
PSMD2,0.38020763362664134,0.2283464566929134,0.8336385014247465
EIF4G1,0.0737240325148969,0.8031496062992126,0.9806560380447493
FAM131A,-0.1735258000084583,0.7007874015748031,0.9697087411223303
POLR2H,-0.01549665364116315,0.968503937007874,0.9977263771544332
EPHB3,0.8009366789289172,0.4094488188976378,0.9090035743434535
MAGEF1,0.41792285354227054,0.6062992125984252,0.9608942225121786
VPS8,-0.08413241569103302,0.8661417322834646,0.9853875082167936
EHHADH,1.766060885315103,0.015748031496062992,0.6826476042030583
MAP3K13,0.0787002007924631,0.8110236220472441,0.9806560380447493
RPL4P4,-0.324839187467008,0.2283464566929134,0.8336385014247465
TMEM41A,-0.16779217127916146,0.8346456692913385,0.9819224384651066
SENP2,-0.3932988866060425,0.08661417322834646,0.7251724549592804
IGF2BP2,-0.4810327624102797,0.33070866141732286,0.8811266433105555
TRA2B,-0.21530385911587313,0.41732283464566927,0.9107246259166057
ETV5,2.1917415036648005,0.015748031496062992,0.6826476042030583
DGKG,-0.8611431425159317,0.33858267716535434,0.8824827791252136
TBCCD1,-0.9320347543945697,0.2047244094488189,0.8179316528497794
DNAJB11,0.17290373875075726,0.5433070866141733,0.9499646623191925
EIF4A2,-0.5380005219687334,0.2440944881889764,0.8410862980163292
RFC4,0.6165620519123403,0.047244094488188976,0.6826476042030583
RPS20P14,-0.6346073317385947,0.12598425196850394,0.7505281352026119
ST6GAL1,0.4061624382538289,0.3858267716535433,0.901137518714905
RPL39L,0.09835382258536085,0.9212598425196851,0.9916034965968238
RTP4,-0.2981027363566622,0.7716535433070866,0.9760752568014447
BCL6,0.40208457483507587,0.031496062992125984,0.6826476042030583
BCL6-AS1,0.8232732119750996,0.4094488188976378,0.9090035743434535
LPP,0.39702660796711964,0.29133858267716534,0.8583371233084381
P3H2,-1.0234160103407524,0.07086614173228346,0.7107880171694956
CLDN1,3.2091125760889954,0.06299212598425197,0.6963124387519445
IL1RAP,1.8220874841469552,0.023622047244094488,0.6826476042030583
CCDC50,-0.920927299033897,0.2204724409448819,0.8287127766916084
MB21D2,3.261820108885951,0.015748031496062992,0.6826476042030583
OPA1,-0.3108450875934796,0.4409448818897638,0.9193107263430548
HES1,0.8691251168820742,0.18110236220472442,0.8073643742935083
ATP13A3,0.43601728019909736,0.36220472440944884,0.8957091520102044
LINC00884,1.22999238475541,0.18110236220472442,0.8073643742935083
TMEM44-AS1,-0.3897605156694386,0.6299212598425197,0.962871484045595
TMEM44,-0.5573288787645585,0.5748031496062992,0.9559479904608623
LSG1,-0.24945881434643535,0.6692913385826772,0.967634523772178
FAM43A,-0.6232348811747199,0.2677165354330709,0.8534808525440345
XXYLT1,-0.4284144418166491,0.3464566929133858,0.8873455246406359
XXYLT1-AS2,-0.722087753116935,0.4330708661417323,0.9149090270901766
ACAP2,-0.25603587985510057,0.023622047244094488,0.6826476042030583
PPP1R2,-0.22938044189561158,0.5039370078740157,0.939868419531259
APOD,-0.7854381602616096,0.30708661417322836,0.868085262990023
LINC00969,-0.5155728686687282,0.33858267716535434,0.8824827791252136
TNK2,-0.36335218632795474,0.5196850393700787,0.9452006713295411
SDHAP1,0.3104351596316035,0.7322834645669292,0.9726051513462561
TFRC,0.6240121414892235,0.2125984251968504,0.8224832770104163
SLC51A,0.9231662223074075,0.2047244094488189,0.8179316528497794
PCYT1A,0.49311835783392777,0.031496062992125984,0.6826476042030583
UBXN7,-0.11352626691438861,0.7716535433070866,0.9760752568014447
RNF168,-0.30374804774505115,0.3228346456692913,0.8759501889864706
RPS29P3,-0.14736882191494782,0.7952755905511811,0.978664400309132
WDR53,0.3206370511067962,0.7165354330708661,0.9697087411223303
FBXO45,0.5473772877352685,0.1889763779527559,0.8133366461918351
NRROS,-0.10259728040172522,0.7795275590551181,0.9769863358554425
PIGX,-0.08320577771969884,0.9133858267716536,0.9910228417757366
CEP19,0.8341485559341062,0.31496062992125984,0.8705799696691885
PAK2,0.01022949828576536,0.9448818897637795,0.9944898714583753
SENP5,-0.48354619342518834,0.1968503937007874,0.8133366461918351
NCBP2,-0.18673320860717002,0.6377952755905512,0.962871484045595
NCBP2-AS2,-0.07765000054961746,0.8503937007874016,0.9835944261634448
PIGZ,0.1573200883291892,0.8582677165354331,0.9837431881343323
MELTF,1.0598541014125975,0.2283464566929134,0.8336385014247465
MELTF-AS1,-0.12801198190293306,1.0,1.0
DLG1,-0.15736644242697206,0.1889763779527559,0.8133366461918351
BDH1,1.2601244537610585,0.14960629921259844,0.7739916929935694
AC132008.2,0.09457575249791894,0.84251968503937,0.9823595446327953
RUBCN,-1.2014168712899096,0.047244094488188976,0.6826476042030583
FYTTD1,-0.6700077355624536,0.14960629921259844,0.7739916929935694
LRCH3,0.05910119736955455,0.7952755905511811,0.978664400309132
AC144530.1,0.37059581791641727,0.6377952755905512,0.962871484045595
IQCG,0.14378078500235114,0.8188976377952756,0.9819224384651066
RPL35A,-0.3336545859261264,0.28346456692913385,0.8574144950147485
LMLN,0.6817307450295744,0.48031496062992124,0.9342236316938177
ZNF595,-0.7447647993482334,0.5433070866141733,0.9499646623191925
ZNF718,-0.23811703600657452,0.6062992125984252,0.9608942225121786
ZNF141,-0.07211918660646166,0.8503937007874016,0.9835944261634448
AC079140.2,-0.19990881424849016,0.6377952755905512,0.962871484045595
ZNF721,-0.554583571015415,0.3228346456692913,0.8759501889864706
PIGG,-0.474629833442743,0.31496062992125984,0.8705799696691885
PDE6B,-0.1521909626184037,0.8503937007874016,0.9835944261634448
ATP5I,-0.3481996142715351,0.2125984251968504,0.8224832770104163
PCGF3,0.3045271303892534,0.5905511811023622,0.9608942225121786
CPLX1,0.48003690642809704,0.6850393700787402,0.9695596467319408
GAK,0.46940858589759493,0.48031496062992124,0.9342236316938177
TMEM175,0.4798930779626587,0.7637795275590551,0.9726051513462561
DGKQ,0.1583315130693448,0.7480314960629921,0.9726051513462561
IDUA,0.09648513997657737,0.952755905511811,0.9944898714583753
FGFRL1,1.0632549450541278,0.1889763779527559,0.8133366461918351
SPON2,-1.6349996368042392,0.03937007874015748,0.6826476042030583
CTBP1,-0.33917489805241896,0.6220472440944882,0.9618483135188818
CTBP1-AS2,-0.01828582583707794,0.8818897637795275,0.9879934629764293
MAEA,-0.4622434397289652,0.1732283464566929,0.8038630721031994
UVSSA,-0.08244723961355094,0.84251968503937,0.9823595446327953
AC147067.1,0.010694687970806083,1.0,1.0
SLBP,-0.30115365291410345,0.5433070866141733,0.9499646623191925
TMEM129,0.15318908480494953,0.7559055118110236,0.9726051513462561
TACC3,-0.37191786988773057,0.48031496062992124,0.9342236316938177
LETM1,0.21599807080696642,0.7165354330708661,0.9697087411223303
NSD2,-0.25269473607335513,0.2992125984251969,0.8629198938688523
NELFA,-0.901045031990805,0.047244094488188976,0.6826476042030583
C4orf48,0.768570265575389,0.3858267716535433,0.901137518714905
NAT8L,-0.07075382731239221,0.952755905511811,0.9944898714583753
HAUS3,-0.5334619895362711,0.25196850393700787,0.8470756930926249
MXD4,-0.08075017203811674,0.9212598425196851,0.9916034965968238
ZFYVE28,0.6541156412144598,0.41732283464566927,0.9107246259166057
RNF4,0.13193296225550766,0.7086614173228346,0.9697087411223303
FAM193A,0.05901989824115361,0.9291338582677166,0.9923418376941026
TNIP2,0.24413490595750797,0.5039370078740157,0.939868419531259
SH3BP2,1.3485097028936428,0.015748031496062992,0.6826476042030583
ADD1,-0.12339140247976665,0.3464566929133858,0.8873455246406359
MFSD10,-0.2988983137964132,0.8503937007874016,0.9835944261634448
NOP14-AS1,0.10018022511246527,0.8976377952755905,0.9899212869522312
NOP14,-0.1410896442245262,0.6299212598425197,0.962871484045595
GRK4,-0.4025177769271837,0.5826771653543307,0.9597435711535928
HTT,0.3192878402524739,0.6929133858267716,0.9695596467319408
RGS12,1.471536732870208,0.2283464566929134,0.8336385014247465
LRPAP1,0.3668330911442732,0.6062992125984252,0.9608942225121786
FAM86EP,0.1529464092737367,0.8582677165354331,0.9837431881343323
TMEM128,0.2946680427555597,0.5905511811023622,0.9608942225121786
LYAR,0.21244177933843655,0.48031496062992124,0.9342236316938177
STX18,-0.08625355408819324,0.7401574803149606,0.9726051513462561
MSX1,0.022726279443670006,0.952755905511811,0.9944898714583753
STK32B,1.0860574576293578,0.16535433070866143,0.7925152280493241
EVC2,-0.8025102620313802,0.3228346456692913,0.8759501889864706
WFS1,1.8157685195128694,0.03937007874015748,0.6826476042030583
MAN2B2,0.4445237045719477,0.23622047244094488,0.8382889691177539
MRFAP1,-0.04776281756924661,0.9133858267716536,0.9910228417757366
AC093323.1,-1.268166481717509,0.14960629921259844,0.7739916929935694
S100P,-1.0175569954349972,0.30708661417322836,0.868085262990023
MRFAP1L1,-0.17268810278890667,0.7952755905511811,0.978664400309132
BLOC1S4,0.2800657251627019,0.6929133858267716,0.9695596467319408
KIAA0232,-0.003385492468565232,0.9763779527559056,0.9988002758044506
TBC1D14,0.3034266857078025,0.8346456692913385,0.9819224384651066
TADA2B,-0.5134305629382316,0.03937007874015748,0.6826476042030583
GRPEL1,-0.42639766689341485,0.1889763779527559,0.8133366461918351
GMPSP1,1.825370554152395,0.023622047244094488,0.6826476042030583
SH3TC1,-1.430878335184424,0.30708661417322836,0.868085262990023
HTRA3,-0.5343075773652863,0.7637795275590551,0.9726051513462561
ACOX3,-0.01966188900077226,0.952755905511811,0.9944898714583753
TRMT44,1.1045970270514551,0.15748031496062992,0.7813115157480315
SLC2A9,0.24891647429426644,0.6220472440944882,0.9618483135188818
AC005674.2,-0.39046484050501196,0.5354330708661418,0.9479419337985596
WDR1,-0.05524790648388489,0.8110236220472441,0.9806560380447493
ZNF518B,-0.23346006624429716,0.6062992125984252,0.9608942225121786
CLNK,0.2648299784188435,0.7637795275590551,0.9726051513462561
HS3ST1,1.7412623354065015,0.015748031496062992,0.6826476042030583
RAB28,-0.8557856630528926,0.18110236220472442,0.8073643742935083
BOD1L1,-0.3425808937758994,0.28346456692913385,0.8574144950147485
CPEB2,-0.1217318676275605,0.7007874015748031,0.9697087411223303
CC2D2A,1.0513512980783477,0.11023622047244094,0.7341951946620201
FBXL5,-0.3595527305114281,0.3464566929133858,0.8873455246406359
FAM200B,-0.20841630633609398,0.1968503937007874,0.8133366461918351
BST1,-0.8719126423725001,0.13385826771653545,0.7606862900526696
CD38,-1.0181944073802187,0.15748031496062992,0.7813115157480315
FGFBP2,-1.37336464690728,0.29133858267716534,0.8583371233084381
TAPT1,0.3728238501659584,0.5196850393700787,0.9452006713295411
TAPT1-AS1,0.122217137533851,0.8582677165354331,0.9837431881343323
QDPR,0.05618069420471716,0.8582677165354331,0.9837431881343323
LAP3,0.24149147127129655,0.7007874015748031,0.9697087411223303
MED28,-0.2793977446118996,0.3858267716535433,0.901137518714905
DCAF16,-0.46973838662744827,0.09448818897637795,0.7290975019374097
NCAPG,-0.11052722475644039,0.8740157480314961,0.9870953241817563
LCORL,-0.605398929122634,0.11811023622047244,0.7364350074797351
AC114728.1,-0.4575703841871057,0.08661417322834646,0.7251724549592804
PACRGL,-0.33478636832037045,0.4251968503937008,0.9130051051310895
ADGRA3,-0.44914643184392866,0.5039370078740157,0.939868419531259
CDC42P6,-0.3332553682355801,0.3228346456692913,0.8759501889864706
DHX15,0.008342483869399508,0.984251968503937,0.9988002758044506
SOD3,0.15041000477942446,0.84251968503937,0.9823595446327953
CCDC149,0.357030111958035,0.6614173228346457,0.967634523772178
SEPSECS,0.10319143266483533,0.7874015748031497,0.9775940764002741
SEPSECS-AS1,0.5685394965421979,0.5039370078740157,0.939868419531259
PI4K2B,-0.4495651262138103,0.2440944881889764,0.8410862980163292
ZCCHC4,0.9009633044264032,0.3543307086614173,0.8915123476047269
ANAPC4,0.08939429693213885,0.7480314960629921,0.9726051513462561
RPS29P11,-0.9292610852714176,0.2047244094488189,0.8179316528497794
SEL1L3,-0.8580576377317142,0.07874015748031496,0.7107880171694956
SMIM20,0.04892864093189697,0.84251968503937,0.9823595446327953
RBPJ,0.6035133564202821,0.023622047244094488,0.6826476042030583
TBC1D19,1.4282002694843214,0.11811023622047244,0.7364350074797351
STIM2,-0.46460042317559846,0.11023622047244094,0.7341951946620201
AC016687.1,-1.262764787133153,0.06299212598425197,0.6963124387519445
ARAP2,-0.6819819569732246,0.07874015748031496,0.7107880171694956
RELL1,0.21442402405546845,0.6692913385826772,0.967634523772178
PGM2,0.34500601267454467,0.11023622047244094,0.7341951946620201
TBC1D1,-0.07593688840310797,0.8188976377952756,0.9819224384651066
KLF3,-0.31950241674937274,0.15748031496062992,0.7813115157480315
TLR10,0.46339016791651133,0.41732283464566927,0.9107246259166057
TLR1,1.272689317150392,0.031496062992125984,0.6826476042030583
TLR6,0.5312225694839405,0.1889763779527559,0.8133366461918351
FAM114A1,1.1452071974902092,0.031496062992125984,0.6826476042030583
TMEM156,0.3138001811050706,0.5196850393700787,0.9452006713295411
KLHL5,-0.10104192061043005,0.6377952755905512,0.962871484045595
WDR19,0.3289609014067931,0.31496062992125984,0.8705799696691885
RFC1,-0.382116220790393,0.3779527559055118,0.90080276839105
RPL9,-0.2670005313975752,0.2755905511811024,0.853725753792971
LIAS,0.12817379362785353,0.7165354330708661,0.9697087411223303
UGDH,-0.20669966185723654,0.6692913385826772,0.967634523772178
SMIM14,-0.5223004568892193,0.09448818897637795,0.7290975019374097
UBE2K,-0.04348737085890608,0.8346456692913385,0.9819224384651066
PDS5A,-0.34000197439843305,0.031496062992125984,0.6826476042030583
AC098591.2,0.4410130928950964,0.5039370078740157,0.939868419531259
N4BP2,-0.37765969528013166,0.28346456692913385,0.8574144950147485
RHOH,-0.5462252931912399,0.05511811023622047,0.6931238793170655
RBM47,0.3586452971943501,0.4409448818897638,0.9193107263430548
LIMCH1,1.434464313871986,0.09448818897637795,0.7290975019374097
TMEM33,0.19682487494801748,0.5196850393700787,0.9452006713295411
SLC30A9,-0.048947675694086534,0.889763779527559,0.9886177730539346
BEND4,-0.9240249588284567,0.07086614173228346,0.7107880171694956
ATP8A1,-0.5106263333581564,0.28346456692913385,0.8574144950147485
NDUFB4P12,-0.5139816477351964,0.031496062992125984,0.6826476042030583
GUF1,0.4414420111858117,0.31496062992125984,0.8705799696691885
GNPDA2,-0.8545693018782057,0.3779527559055118,0.90080276839105
RAC1P2,0.4341051313505364,0.2283464566929134,0.8336385014247465
COMMD8,0.49671958577814657,0.4566929133858268,0.9233455416926752
ATP10D,0.06920208915220627,0.905511811023622,0.9899212869522312
AC092597.1,-0.4112389905742122,0.5433070866141733,0.9499646623191925
NFXL1,-0.14520725478572416,0.7952755905511811,0.978664400309132
TEC,0.30653497339494384,0.7716535433070866,0.9760752568014447
SLAIN2,-0.2611934561751976,0.28346456692913385,0.8574144950147485
FRYL,-0.10442579439884092,0.7007874015748031,0.9697087411223303
OCIAD1,-0.134496575592995,0.5905511811023622,0.9608942225121786
OCIAD2,-0.40313954142855213,0.4330708661417323,0.9149090270901766
DCUN1D4,1.115242320388587,0.23622047244094488,0.8382889691177539
SGCB,-0.5175598820872354,0.48031496062992124,0.9342236316938177
USP46,-0.24051513569452165,0.7401574803149606,0.9726051513462561
DANCR,0.36744040821939983,0.23622047244094488,0.8382889691177539
SCFD2,0.2805955093385033,0.36220472440944884,0.8957091520102044
FIP1L1,-0.21041626470386277,0.44881889763779526,0.9212102163700125
CHIC2,-0.265697996827166,0.49606299212598426,0.9378529417969822
KIT,0.31392073661928643,0.8582677165354331,0.9837431881343323
RPL38P3,0.4564784593885052,0.5275590551181102,0.9452006713295411
SRD5A3,0.633345653385458,0.29133858267716534,0.8583371233084381
TMEM165,0.4734227656777641,0.14173228346456693,0.7686343861159114
CLOCK,0.7179387694846051,0.031496062992125984,0.6826476042030583
EXOC1,0.13733516434923043,0.6614173228346457,0.967634523772178
CEP135,0.27322142195227883,0.6614173228346457,0.967634523772178
AASDH,0.10330599000574336,0.8582677165354331,0.9837431881343323
PPAT,0.6445700488326893,0.3543307086614173,0.8915123476047269
PAICS,0.22628575247885863,0.5275590551181102,0.9452006713295411
SRP72,-0.03683147206407256,0.84251968503937,0.9823595446327953
REST,0.3083537111372783,0.3464566929133858,0.8873455246406359
NOA1,-0.47579838857691037,0.4015748031496063,0.9086765677539906
POLR2B,-0.3194516450397691,0.2755905511811024,0.853725753792971
IGFBP7,1.4700670098424888,0.1732283464566929,0.8038630721031994
EXOC5P1,-0.48879460041002476,0.41732283464566927,0.9107246259166057
AC115223.1,-0.687401014465765,0.30708661417322836,0.868085262990023
CENPC,-0.5326151629689644,0.11023622047244094,0.7341951946620201
STAP1,0.07998801369696729,0.968503937007874,0.9977263771544332
UBA6,-0.09139268848270721,0.8267716535433071,0.9819224384651066
UBA6-AS1,-0.5232367534648663,0.2992125984251969,0.8629198938688523
GCOM2,-0.11375726973069034,0.889763779527559,0.9886177730539346
YTHDC1,-0.2052199800903356,0.5196850393700787,0.9452006713295411
SULT1B1,-0.7277257539319661,0.11811023622047244,0.7364350074797351
ODAM,0.8235112695315667,0.5905511811023622,0.9608942225121786
FDCSP,2.7174294965685055,0.29133858267716534,0.8583371233084381
JCHAIN,-1.5697163915936194,0.03937007874015748,0.6826476042030583
UTP3,-0.4353136894586269,0.44881889763779526,0.9212102163700125
RUFY3,-0.24934157381765765,0.41732283464566927,0.9107246259166057
GRSF1,-0.4661382615537324,0.23622047244094488,0.8382889691177539
MOB1B,-0.20765422495806263,0.05511811023622047,0.6931238793170655
DCK,-0.28491137105751907,0.7165354330708661,0.9697087411223303
COX18,-0.8253710783283799,0.2283464566929134,0.8336385014247465
ANKRD17,-0.5261079661374373,0.06299212598425197,0.6963124387519445
CXCL8,0.07575021136515403,0.9133858267716536,0.9910228417757366
CXCL1,2.3984264976371072,0.10236220472440945,0.7341951946620201
CXCL5,0.00589158351419794,1.0,1.0
CXCL3,0.9333611201239211,0.31496062992125984,0.8705799696691885
AC093677.1,-0.19429365419215383,0.6614173228346457,0.967634523772178
CXCL2,0.6472154586415417,0.1968503937007874,0.8133366461918351
MTHFD2L,-0.055435689275697975,0.8976377952755905,0.9899212869522312
EREG,0.38075459473214757,0.5669291338582677,0.954855712655332
AREG,-0.0702227572331573,0.8661417322834646,0.9853875082167936
PARM1,1.5362653894947167,0.03937007874015748,0.6826476042030583
RCHY1,-0.3300001868664175,0.4881889763779528,0.9357814954688165
THAP6,0.6181499297016799,0.15748031496062992,0.7813115157480315
G3BP2,-0.05092028586107311,0.7716535433070866,0.9760752568014447
USO1,0.12332035149953757,0.33070866141732286,0.8811266433105555
NAAA,0.11186641470116943,0.7637795275590551,0.9726051513462561
SDAD1,0.017979585626343386,0.9606299212598425,0.9967290768663719
CXCL9,2.2841872574059234,0.2755905511811024,0.853725753792971
CXCL10,1.2194245866911864,0.5118110236220472,0.9438814884599421
CXCL11,0.708597453850346,0.6850393700787402,0.9695596467319408
NUP54,0.5035165704228319,0.15748031496062992,0.7813115157480315
SCARB2,0.18056129647249364,0.6929133858267716,0.9695596467319408
SNX5P1,0.33238260889961735,0.5433070866141733,0.9499646623191925
SEPT11,0.16384210477967276,0.6062992125984252,0.9608942225121786
TXNP6,-0.958353826932143,0.23622047244094488,0.8382889691177539
CCNI,-0.18924261469202897,0.23622047244094488,0.8382889691177539
CCNG2,0.3445326235675754,0.4251968503937008,0.9130051051310895
CXCL13,2.8356178536529537,0.2125984251968504,0.8224832770104163
CNOT6L,-0.5459199512800987,0.03937007874015748,0.6826476042030583
MRPL1,0.7761951171078594,0.33858267716535434,0.8824827791252136
SERBP1P5,0.10505657661021495,0.6299212598425197,0.962871484045595
LINC01094,1.784263155520232,0.14960629921259844,0.7739916929935694
BMP2K,0.7145758663171105,0.3700787401574803,0.8970171905992668
PAQR3,0.5785418694937325,0.29133858267716534,0.8583371233084381
ANTXR2,-0.33360563044418967,0.2992125984251969,0.8629198938688523
PRDM8,2.2233179958362994,0.047244094488188976,0.6826476042030583
RASGEF1B,0.2969995847138005,0.4330708661417323,0.9149090270901766
BIN2P1,-1.449427650696257,0.047244094488188976,0.6826476042030583
HNRNPD,-0.07344641433230237,0.7165354330708661,0.9697087411223303
HNRNPDL,-0.49875556644531294,0.03937007874015748,0.6826476042030583
ENOPH1,-0.12599403867414516,0.7244094488188977,0.9716680124035083
AC067942.1,-0.7213036378122124,0.4566929133858268,0.9233455416926752
SCD5,0.8013331880995143,0.2755905511811024,0.853725753792971
SEC31A,0.03491149296020879,0.889763779527559,0.9886177730539346
THAP9-AS1,-0.5773605258790013,0.06299212598425197,0.6963124387519445
THAP9,-0.46029565148980334,0.25984251968503935,0.8512406093679867
LIN54,0.6827094096355681,0.4330708661417323,0.9149090270901766
COPS4,0.8316432121327795,0.09448818897637795,0.7290975019374097
PLAC8,-1.139314811788763,0.14960629921259844,0.7739916929935694
COQ2,-0.04451057701994365,0.8976377952755905,0.9899212869522312
HPSE,-1.027554146707537,0.047244094488188976,0.6826476042030583
HELQ,-0.18572953340450615,0.7322834645669292,0.9726051513462561
MRPS18C,-0.23363723163124872,0.7952755905511811,0.978664400309132
ABRAXAS1,-0.6675439638335363,0.33070866141732286,0.8811266433105555
GPAT3,0.15313525976327735,0.5590551181102362,0.9539915430764625
CDS1,0.674723536251213,0.4094488188976378,0.9090035743434535
WDFY3,0.17886630313331686,0.5196850393700787,0.9452006713295411
ARHGAP24,1.2113319831242728,0.2047244094488189,0.8179316528497794
PTPN13,1.9551234539355111,0.05511811023622047,0.6931238793170655
C4orf36,0.3330496926078257,0.25196850393700787,0.8470756930926249
AFF1,0.003058285883737355,0.984251968503937,0.9988002758044506
TECRP1,-0.4352786196621885,0.7637795275590551,0.9726051513462561
KLHL8,-0.3567526975812445,0.44881889763779526,0.9212102163700125
GAPDHP60,0.11494039547735091,0.8976377952755905,0.9899212869522312
HSD17B11,-0.4591188038033307,0.07874015748031496,0.7107880171694956
NUDT9,0.21118579785066416,0.84251968503937,0.9823595446327953
SPARCL1,2.4604545239403857,0.07086614173228346,0.7107880171694956
HSP90AB3P,-0.16932288452150246,0.5905511811023622,0.9608942225121786
SPP1,3.471576977587879,0.2283464566929134,0.8336385014247465
PKD2,0.11261858726696694,0.9212598425196851,0.9916034965968238
PPM1K,-0.8500771930571265,0.12598425196850394,0.7505281352026119
HERC6,0.33809304484508207,0.6771653543307087,0.9685447258281904
HERC5,-0.1565955878981593,0.889763779527559,0.9886177730539346
HERC3,-0.06894783641945068,0.8031496062992126,0.9806560380447493
NAP1L5,-0.2681388452308435,0.7007874015748031,0.9697087411223303
FAM13A-AS1,0.415193676003065,0.5511811023622047,0.9514203834061379
FAM13A,0.1137852801627055,0.8188976377952756,0.9819224384651066
TIGD2,0.2985132851579344,0.7559055118110236,0.9726051513462561
GPRIN3,1.5739539720114886,0.023622047244094488,0.6826476042030583
SNCA,-0.4074013396378495,0.4645669291338583,0.9271628797814478
MMRN1,-1.1220869298882359,0.08661417322834646,0.7251724549592804
CCSER1,0.18055688035364037,0.5905511811023622,0.9608942225121786
TMSB4XP8,0.05389885652310156,0.8110236220472441,0.9806560380447493
SMARCAD1,-0.3126645117100324,0.5748031496062992,0.9559479904608623
HPGDS,1.6441815837098672,0.09448818897637795,0.7290975019374097
PDLIM5,0.6289173662685421,0.015748031496062992,0.6826476042030583
COX7A2P2,0.12619113623257627,0.8976377952755905,0.9899212869522312
RPL5P12,-1.4073048955701246,0.03937007874015748,0.6826476042030583
RAP1GDS1,0.2880432824009471,0.36220472440944884,0.8957091520102044
EIF4E,0.3621865819039298,0.4645669291338583,0.9271628797814478
METAP1,-0.1159053487027446,0.7165354330708661,0.9697087411223303
ADH5,0.01685627787244215,0.9606299212598425,0.9967290768663719
TRMT10A,0.4907874185069345,0.6929133858267716,0.9695596467319408
DAPP1,0.09014179548726897,0.5748031496062992,0.9559479904608623
LAMTOR3,-0.16143308485594687,0.2992125984251969,0.8629198938688523
DNAJB14,0.23183440893712692,0.5590551181102362,0.9539915430764625
H2AFZ,-0.04430177732438523,0.7637795275590551,0.9726051513462561
PPP3CA,-0.11842237082360718,0.5275590551181102,0.9452006713295411
FLJ20021,-1.0173880342526045,0.2440944881889764,0.8410862980163292
BANK1,-0.3150893921620366,0.5354330708661418,0.9479419337985596
SLC39A8,1.3618254198405468,0.047244094488188976,0.6826476042030583
AC098487.1,0.2206631368500267,0.889763779527559,0.9886177730539346
NFKB1,-0.11540886271135697,0.8110236220472441,0.9806560380447493
MANBA,0.311833932511397,0.16535433070866143,0.7925152280493241
UBE2D3,-0.16080322675570002,0.1889763779527559,0.8133366461918351
CISD2,0.3664955196595985,0.4251968503937008,0.9130051051310895
SLC9B1,-0.9311300621342915,0.2283464566929134,0.8336385014247465
SLC9B2,-0.1035004875511989,0.8818897637795275,0.9879934629764293
BDH2,0.5426325547856519,0.48031496062992124,0.9342236316938177
CENPE,0.8147523821679923,0.6220472440944882,0.9618483135188818
AC004069.1,0.2015039858210934,0.5590551181102362,0.9539915430764625
TET2,0.04359376036615181,0.8740157480314961,0.9870953241817563
PPA2,0.5266883780037066,0.49606299212598426,0.9378529417969822
EEF1A1P9,-0.7776216429872225,0.015748031496062992,0.6826476042030583
INTS12,-0.20830756782252724,0.7401574803149606,0.9726051513462561
GSTCD,-0.3528019817002406,0.3464566929133858,0.8873455246406359
TBCK,0.2927773802937259,0.3779527559055118,0.90080276839105
AIMP1,-0.23030876564028802,0.5433070866141733,0.9499646623191925
PAPSS1,0.8345418640597737,0.015748031496062992,0.6826476042030583
SGMS2,-0.10055526632138356,0.7637795275590551,0.9726051513462561
CYP2U1,-1.3098305412501228,0.03937007874015748,0.6826476042030583
HADH,-0.2037720270434482,0.44881889763779526,0.9212102163700125
LEF1,-0.14269284612677247,0.8503937007874016,0.9835944261634448
RPL34,-0.4224001978284644,0.14173228346456693,0.7686343861159114
OSTC,-0.296801135355631,0.4330708661417323,0.9149090270901766
SEC24B,0.050561944985052065,0.7952755905511811,0.978664400309132
MCUB,-0.04534116844410896,0.7952755905511811,0.978664400309132
CASP6,-0.3679555278535309,0.3858267716535433,0.901137518714905
PLA2G12A,0.18620421110910046,0.7007874015748031,0.9697087411223303
CFI,1.1908010533440967,0.10236220472440945,0.7341951946620201
GAR1,-0.8566444994253537,0.1732283464566929,0.8038630721031994
HSBP1P2,-0.07680646100027722,0.8740157480314961,0.9870953241817563
FAM241A,-1.0260261265347586,0.06299212598425197,0.6963124387519445
AP1AR,-0.03424114475513296,0.9606299212598425,0.9967290768663719
TIFA,-0.6758812946301873,0.2755905511811024,0.853725753792971
ALPK1,-0.16715748725120383,0.6377952755905512,0.962871484045595
ZGRF1,-0.010370204649975179,0.984251968503937,0.9988002758044506
LARP7,-0.16837291777328645,0.6377952755905512,0.962871484045595
RPL7AP30,-0.56401716439318,0.49606299212598426,0.9378529417969822
AC004057.1,0.6347081730487789,0.5669291338582677,0.954855712655332
CAMK2D,-0.4771038527367839,0.25984251968503935,0.8512406093679867
CIR1P2,-0.8346856474693274,0.2047244094488189,0.8179316528497794
NT5C3AP1,-0.38680275659812113,0.7007874015748031,0.9697087411223303
SNHG8,-0.32373689897069546,0.09448818897637795,0.7290975019374097
METTL14,-0.5814621550600862,0.4015748031496063,0.9086765677539906
SEC24D,0.31847741287705134,0.31496062992125984,0.8705799696691885
SYNPO2,-0.2990403893699094,0.7952755905511811,0.978664400309132
USP53,1.2880961304527365,0.1889763779527559,0.8133366461918351
C4orf3,0.2101682907525122,0.4251968503937008,0.9130051051310895
AC093752.1,-0.4894622136724349,0.11811023622047244,0.7364350074797351
MAD2L1,0.9968020003171905,0.1889763779527559,0.8133366461918351
TNIP3,1.8800580174070145,0.18110236220472442,0.8073643742935083
ANXA5,0.6586959401631542,0.023622047244094488,0.6826476042030583
EXOSC9,-0.45787939301599145,0.3464566929133858,0.8873455246406359
CCNA2,1.3891712515699814,0.18110236220472442,0.8073643742935083
BBS7,-0.42535329577284253,0.5905511811023622,0.9608942225121786
KIAA1109,0.12709105939452137,0.5433070866141733,0.9499646623191925
BBS12,-0.11658572161691261,0.8740157480314961,0.9870953241817563
SPATA5,-0.4328822078980492,0.5433070866141733,0.9499646623191925
SPRY1,0.45514743434709004,0.4409448818897638,0.9193107263430548
ANKRD50,0.5756348735617896,0.7637795275590551,0.9726051513462561
INTU,-0.18605291331929374,0.7637795275590551,0.9726051513462561
PLK4,0.014503701113667056,0.984251968503937,0.9988002758044506
MFSD8,-0.21366067674998845,0.7086614173228346,0.9697087411223303
ABHD18,0.16176589822721787,0.5433070866141733,0.9499646623191925
LARP1B,-0.3533902152899886,0.29133858267716534,0.8583371233084381
PGRMC2,0.22105812957067084,0.47244094488188976,0.9331994464922055
JADE1,-0.642199684753725,0.023622047244094488,0.6826476042030583
SCLT1,-0.5699781880237111,0.25196850393700787,0.8470756930926249
C4orf33,0.04266175661263638,0.9448818897637795,0.9944898714583753
SLC7A11,0.49997648268242134,0.4094488188976378,0.9090035743434535
NOCT,1.6650071694016078,0.15748031496062992,0.7813115157480315
ELF2,-0.18438915167812286,0.7559055118110236,0.9726051513462561
PPP1R14BP3,-1.4740626014892242,0.3700787401574803,0.8970171905992668
NDUFC1,0.5338123070846139,0.2047244094488189,0.8179316528497794
NAA15,-0.1658976001998056,0.6850393700787402,0.9695596467319408
AC097376.2,-0.6270165815165485,0.2204724409448819,0.8287127766916084
RAB33B,-0.021175212341131733,0.8976377952755905,0.9899212869522312
SETD7,0.40174025699951343,0.29133858267716534,0.8583371233084381
MGST2,0.1514047107763412,0.5511811023622047,0.9514203834061379
H3F3AP6,-0.47220894507114397,0.5039370078740157,0.939868419531259
MAML3,-0.11336457363618102,0.7322834645669292,0.9726051513462561
SCOC,-0.08836433468604277,0.7952755905511811,0.978664400309132
SCOC-AS1,-0.9998245174999199,0.1889763779527559,0.8133366461918351
CLGN,-0.09983622111355772,0.8031496062992126,0.9806560380447493
ELMOD2,-0.06865338948524524,0.952755905511811,0.9944898714583753
TBC1D9,-0.3224205781109495,0.3464566929133858,0.8873455246406359
ZNF330,-0.6044983509708333,0.25984251968503935,0.8512406093679867
LINC02432,-2.4329989301760784,0.015748031496062992,0.6826476042030583
IL15,1.251059649374576,0.06299212598425197,0.6963124387519445
INPP4B,-0.6421477496089572,0.2992125984251969,0.8629198938688523
USP38,-0.437179925186598,0.12598425196850394,0.7505281352026119
GAB1,-1.3766813720466597,0.023622047244094488,0.6826476042030583
SMARCA5,-0.1575654542622864,0.3543307086614173,0.8915123476047269
HHIP-AS1,-1.8752660375696584,0.023622047244094488,0.6826476042030583
ANAPC10,-0.06688861123171908,0.8740157480314961,0.9870953241817563
HSPD1P5,1.6481280544868155,0.015748031496062992,0.6826476042030583
ABCE1,-0.09047263688901808,0.8267716535433071,0.9819224384651066
OTUD4,-0.41031908675635176,0.023622047244094488,0.6826476042030583
RTN3P1,-0.384904608209351,0.49606299212598426,0.9378529417969822
MMAA,-0.8137595894632916,0.2125984251968504,0.8224832770104163
ZNF827,-0.3051686052871907,0.7322834645669292,0.9726051513462561
LSM6,-0.3391891478804716,0.33070866141732286,0.8811266433105555
SLC10A7,0.036641429018833716,0.968503937007874,0.9977263771544332
GTF2F2P1,-0.35934699259379577,0.5669291338582677,0.954855712655332
TMEM184C,-0.45814861455836375,0.023622047244094488,0.6826476042030583
PRMT9,-0.30174284607403656,0.6299212598425197,0.962871484045595
ARHGAP10,0.37594703814932107,0.5511811023622047,0.9514203834061379
NR3C2,-0.8190522331716192,0.29133858267716534,0.8583371233084381
DCLK2,0.5739537667535732,0.31496062992125984,0.8705799696691885
LRBA,-0.6593852289256388,0.03937007874015748,0.6826476042030583
RPS3A,-0.31611158592750055,0.3858267716535433,0.901137518714905
SH3D19,-0.6655543074103163,0.48031496062992124,0.9342236316938177
AC095055.1,-0.26833600322871143,0.6771653543307087,0.9685447258281904
FAM160A1,-0.6003623517604693,0.5511811023622047,0.9514203834061379
GATB,0.5324134571599108,0.18110236220472442,0.8073643742935083
AC097375.1,-2.0976783180628664,0.023622047244094488,0.6826476042030583
FBXW7,-0.5015687159742761,0.2047244094488189,0.8179316528497794
TMEM154,-1.0085695850088632,0.047244094488188976,0.6826476042030583
ARFIP1,0.3886937852025696,0.3700787401574803,0.8970171905992668
FAM192BP,0.5672208886847456,0.2440944881889764,0.8410862980163292
MND1,-0.792897415459852,0.44881889763779526,0.9212102163700125
TMEM131L,-0.27593842845301,0.4330708661417323,0.9149090270901766
AC106865.1,0.9206876250127785,0.25984251968503935,0.8512406093679867
TLR2,0.060591371710424724,0.84251968503937,0.9823595446327953
RNF175,0.06141792001803337,0.9133858267716536,0.9910228417757366
PLRG1,-0.20195724497898926,0.5905511811023622,0.9608942225121786
MAP9,0.22069411024917596,0.905511811023622,0.9899212869522312
GUCY1A3,-1.2118592480899566,0.1968503937007874,0.8133366461918351
AC104083.1,-0.8554753734413252,0.11023622047244094,0.7341951946620201
GUCY1B3,1.8853404014912605,0.08661417322834646,0.7251724549592804
CTSO,-0.3470089934500322,0.5433070866141733,0.9499646623191925
FTH1P21,0.19919910339090663,0.6929133858267716,0.9695596467319408
PDGFC,0.8331722172247407,0.47244094488188976,0.9331994464922055
GLRB,-1.9289050682792868,0.05511811023622047,0.6931238793170655
FAM198B,0.4467668084095813,0.16535433070866143,0.7925152280493241
FAM198B-AS1,-0.17215779424553546,0.6929133858267716,0.9695596467319408
TMEM144,0.3567261963476671,0.2992125984251969,0.8629198938688523
C4orf46,-0.8324345636276309,0.36220472440944884,0.8957091520102044
ETFDH,0.2436165080792554,0.3700787401574803,0.8970171905992668
PPID,-0.26984859653585946,0.4251968503937008,0.9130051051310895
FNIP2,1.1737033998433617,0.06299212598425197,0.6963124387519445
AC093700.1,0.2712202008858038,0.7480314960629921,0.9726051513462561
RAPGEF2,-0.13029822766371169,0.84251968503937,0.9823595446327953
NAF1,-0.9608990274085709,0.18110236220472442,0.8073643742935083
TMA16,0.14136554674628066,0.6299212598425197,0.962871484045595
MARCH1,0.6148435892032227,0.28346456692913385,0.8574144950147485
ANP32C,0.8350709957900762,0.2992125984251969,0.8629198938688523
NACA3P,-1.00912951907691,0.031496062992125984,0.6826476042030583
AC106872.2,-1.1162192210532043,0.1732283464566929,0.8038630721031994
TMEM192,0.18328618064884594,0.7086614173228346,0.9697087411223303
KLHL2,-0.06770794361878796,0.8661417322834646,0.9853875082167936
MSMO1,0.5143096512516481,0.29133858267716534,0.8583371233084381
HADHAP1,0.01933797285116534,0.9921259842519685,1.0
DDX60,-0.7861260139856379,0.28346456692913385,0.8574144950147485
DDX60L,-0.48183282440166497,0.2440944881889764,0.8410862980163292
PALLD,0.522958426955813,0.5354330708661418,0.9479419337985596
CBR4,1.4060863463111963,0.12598425196850394,0.7505281352026119
SH3RF1,1.2686568008219443,0.14960629921259844,0.7739916929935694
NEK1,0.36329701324108266,0.5984251968503937,0.9608942225121786
CLCN3,0.5727950516855307,0.07874015748031496,0.7107880171694956
HPF1,0.8176235735378499,0.2047244094488189,0.8179316528497794
HSP90AA6P,-0.8620268952930468,0.44881889763779526,0.9212102163700125
GALNT7,0.24742417928617932,0.5669291338582677,0.954855712655332
HMGB2,-0.49930181137440055,0.25984251968503935,0.8512406093679867
SAP30,-0.5191055937245328,0.30708661417322836,0.868085262990023
FBXO8,-0.36227082420290024,0.6299212598425197,0.962871484045595
CEP44,-0.8061289303963601,0.1732283464566929,0.8038630721031994
HPGD,1.1863375313209854,0.2283464566929134,0.8336385014247465
GPM6A,-0.41463087971610424,0.6929133858267716,0.9695596467319408
WDR17,0.7284353434092632,0.2677165354330709,0.8534808525440345
SPCS3,0.09279485882064087,0.5590551181102362,0.9539915430764625
AGA,-0.5190289208252619,0.11023622047244094,0.7341951946620201
DCTD,0.09249997101585805,0.5196850393700787,0.9452006713295411
WWC2,0.673404520817372,0.2047244094488189,0.8179316528497794
CDKN2AIP,-0.24915703475537665,0.6220472440944882,0.9618483135188818
ING2,1.3447937896272508,0.015748031496062992,0.6826476042030583
RWDD4,0.5083770912653764,0.1968503937007874,0.8133366461918351
TRAPPC11,-0.08430567754874208,0.6535433070866141,0.966090961744307
IRF2,0.0647791365980046,0.9133858267716536,0.9910228417757366
AC099343.3,0.9955910750061823,0.25984251968503935,0.8512406093679867
CASP3,0.2946641192932882,0.5905511811023622,0.9608942225121786
PRIMPOL,-0.5853979574335462,0.5275590551181102,0.9452006713295411
CENPU,0.5535748658243254,0.4409448818897638,0.9193107263430548
ACSL1,-0.038155399082569375,0.968503937007874,0.9977263771544332
MIR3945HG,0.6770825625562509,0.6377952755905512,0.962871484045595
SLC25A4,-1.2108975793878765,0.1968503937007874,0.8133366461918351
CFAP97,0.13587416419844267,0.6771653543307087,0.9685447258281904
SNX25,0.557387433206066,0.48031496062992124,0.9342236316938177
LRP2BP,-1.0612987974012218,0.13385826771653545,0.7606862900526696
UFSP2,0.14392467442891643,0.7795275590551181,0.9769863358554425
TLR3,-0.04207730438557755,0.952755905511811,0.9944898714583753
CYP4V2,-0.19444139979697894,0.6299212598425197,0.962871484045595
LINC01262,0.012343915148219864,1.0,1.0
FRG1,0.28395803999758407,0.3937007874015748,0.9060325603890926
PLEKHG4B,-0.04647827040843833,0.952755905511811,0.9944898714583753
CCDC127,0.29977734977182147,0.5826771653543307,0.9597435711535928
SDHA,-0.07718236204876483,0.6456692913385826,0.9653496962085154
PDCD6,0.269304613098325,0.2677165354330709,0.8534808525440345
EXOC3,0.12539536250405803,0.7244094488188977,0.9716680124035083
PP7080,-0.0112727869142486,0.9921259842519685,1.0
BRD9,0.09807738849866254,0.9133858267716536,0.9910228417757366
TRIP13,-0.33825672149941943,0.6220472440944882,0.9618483135188818
SLC12A7,0.78056189602336,0.6535433070866141,0.966090961744307
CLPTM1L,-0.0693721169012731,0.7480314960629921,0.9726051513462561
LPCAT1,0.7481863601694845,0.6377952755905512,0.962871484045595
AC026412.1,0.26853486401959126,0.5118110236220472,0.9438814884599421
MRPL36,-0.41251591471304927,0.5354330708661418,0.9479419337985596
NDUFS6,0.15308920266259562,0.48031496062992124,0.9342236316938177
ICE1,-0.45029764305067665,0.09448818897637795,0.7290975019374097
MED10,-0.30877314034432635,0.3543307086614173,0.8915123476047269
NSUN2,-0.26068479620503293,0.4645669291338583,0.9271628797814478
SRD5A1,-0.4918776663887128,0.1968503937007874,0.8133366461918351
PAPD7,-0.8293191279385663,0.08661417322834646,0.7251724549592804
MTRR,0.3857515858188174,0.1968503937007874,0.8133366461918351
FASTKD3,0.2321964976274109,0.8267716535433071,0.9819224384651066
MIR4458HG,-0.3194469337079977,0.6692913385826772,0.967634523772178
SEMA5A,-0.36520884484457583,0.6456692913385826,0.9653496962085154
FAM173B,1.3078309197550704,0.10236220472440945,0.7341951946620201
CCT5,0.2254349629762471,0.6299212598425197,0.962871484045595
MARCH6,-0.1002567418994067,0.6377952755905512,0.962871484045595
ANKRD33B,-1.222721676258719,0.18110236220472442,0.8073643742935083
DAP,-0.19988528114351567,0.7086614173228346,0.9697087411223303
CTNND2,0.03248642220178266,0.968503937007874,0.9977263771544332
TRIO,0.17549364156237512,0.6850393700787402,0.9695596467319408
FAM105A,0.33116845343237866,0.5984251968503937,0.9608942225121786
CCT6P2,-0.20584510684510993,0.8188976377952756,0.9819224384651066
EEF1A1P13,-0.5578781474458596,0.06299212598425197,0.6963124387519445
OTULIN,0.6632030131047477,0.10236220472440945,0.7341951946620201
ANKH,1.5875167045303566,0.015748031496062992,0.6826476042030583
ZNF622,-0.14890479165936998,0.6456692913385826,0.9653496962085154
RETREG1,-0.5947349416905996,0.36220472440944884,0.8957091520102044
MYO10,2.07167008148826,0.031496062992125984,0.6826476042030583
BASP1,0.4276423860176841,0.29133858267716534,0.8583371233084381
GUSBP1,-0.6386580502151866,0.3858267716535433,0.901137518714905
HSPD1P1,-0.03822925116710074,0.8582677165354331,0.9837431881343323
MSNP1,-0.18083598785862254,0.9212598425196851,0.9916034965968238
DROSHA,-0.14936193512833196,0.6850393700787402,0.9695596467319408
C5orf22,0.7482222851333731,0.023622047244094488,0.6826476042030583
AC025458.1,-0.3655707260156662,0.41732283464566927,0.9107246259166057
GOLPH3,-0.008437684027808423,0.9921259842519685,1.0
AC025181.2,0.4626277201598139,0.5275590551181102,0.9452006713295411
AC025181.1,-0.5366557952809087,0.5590551181102362,0.9539915430764625
MTMR12,0.15179475877882354,0.5669291338582677,0.954855712655332
ZFR,-0.07307718113681094,0.6220472440944882,0.9618483135188818
SUB1,-0.21569926902767378,0.5748031496062992,0.9559479904608623
AC025459.1,0.030818234205150397,0.9448818897637795,0.9944898714583753
AC010343.1,-0.48390144393971024,0.05511811023622047,0.6931238793170655
TARS,0.08642060614728475,0.6692913385826772,0.967634523772178
RAI14,0.667023307541164,0.5039370078740157,0.939868419531259
RAD1,-0.9836255324694028,0.05511811023622047,0.6931238793170655
BRIX1,0.023458615997364873,0.9448818897637795,0.9944898714583753
DNAJC21,0.1049011357560019,0.7007874015748031,0.9697087411223303
PRLR,-0.3795087182345753,0.6220472440944882,0.9618483135188818
SPEF2,0.7917441659283628,0.30708661417322836,0.868085262990023
IL7R,1.9738387111871152,0.047244094488188976,0.6826476042030583
LMBRD2,0.2649111970449942,0.36220472440944884,0.8957091520102044
SKP2,0.07152517550782456,0.8582677165354331,0.9837431881343323
NADK2,-0.562309065276466,0.03937007874015748,0.6826476042030583
SLC1A3,1.4255874277114486,0.2204724409448819,0.8287127766916084
NIPBL,-0.3104563972086787,0.15748031496062992,0.7813115157480315
RPS4XP6,-1.1595039680308183,0.12598425196850394,0.7505281352026119
C5orf42,-0.3069354830615003,0.28346456692913385,0.8574144950147485
OFD1P17,-1.216691455413856,0.18110236220472442,0.8073643742935083
NUP155,-0.004636853412286701,0.9763779527559056,0.9988002758044506
WDR70,0.21184378004549487,0.6614173228346457,0.967634523772178
RICTOR,-0.1299565501843709,0.6062992125984252,0.9608942225121786
FYB1,0.339114355754468,0.5984251968503937,0.9608942225121786
DAB2,0.41101331428969345,0.4015748031496063,0.9086765677539906
INTS6P1,-1.2966662525157364,0.09448818897637795,0.7290975019374097
TTC33,-0.010323841530905042,0.968503937007874,0.9977263771544332
PTGER4,0.7932703526120557,0.10236220472440945,0.7341951946620201
PRKAA1,-0.2541000186001483,0.4330708661417323,0.9149090270901766
RPL37,-0.29837331878627715,0.16535433070866143,0.7925152280493241
CARD6,1.4079283170939068,0.07874015748031496,0.7107880171694956
OXCT1,0.09249647796579819,0.905511811023622,0.9899212869522312
C5orf51,0.28786520307182784,0.25984251968503935,0.8512406093679867
FBXO4,0.5444216452567945,0.7244094488188977,0.9716680124035083
CCDC152,-0.562991032980966,0.6929133858267716,0.9695596467319408
SELENOP,1.5584069900086397,0.3228346456692913,0.8759501889864706
AC025171.1,-0.6857860036866186,0.33070866141732286,0.8811266433105555
ANXA2R,-0.8225249566534649,0.30708661417322836,0.868085262990023
AC025171.2,0.3673444632632785,0.7007874015748031,0.9697087411223303
ZNF131,-0.15926619043458068,0.4330708661417323,0.9149090270901766
HMGCS1,-0.06257793527088307,0.8818897637795275,0.9879934629764293
CCL28,0.5727481761299299,0.4566929133858268,0.9233455416926752
TMEM267,0.34743839031907475,0.4094488188976378,0.9090035743434535
C5orf34,-1.3074164507691362,0.11023622047244094,0.7341951946620201
PAIP1,-1.0678649563067824,0.047244094488188976,0.6826476042030583
NNT-AS1,-0.17009691969021912,0.7952755905511811,0.978664400309132
NNT,0.08547444329777143,0.7795275590551181,0.9769863358554425
MRPS30,-0.17728849655731693,0.7322834645669292,0.9726051513462561
EMB,-0.33478515323637836,0.1732283464566929,0.8038630721031994
PARP8,-0.7945212240648356,0.07874015748031496,0.7107880171694956
ITGA1,0.2784571003939711,0.7637795275590551,0.9726051513462561
PELO,0.571173011814365,0.14173228346456693,0.7686343861159114
MOCS2,0.38340808854476194,0.18110236220472442,0.8073643742935083
NDUFS4,-0.12167098388260911,0.7322834645669292,0.9726051513462561
ARL15,-0.07286159602593445,0.9212598425196851,0.9916034965968238
SNX18,0.10509824235764675,0.8582677165354331,0.9837431881343323
GZMA,-0.8153698297507161,0.47244094488188976,0.9331994464922055
DHX29,0.6465005863964581,0.2204724409448819,0.8287127766916084
SKIV2L2,-0.6494683556244985,0.047244094488188976,0.6826476042030583
PLPP1,-0.5712576208859526,0.4015748031496063,0.9086765677539906
SLC38A9,-0.1781567590914661,0.7165354330708661,0.9697087411223303
IL6ST,0.382371760582612,0.2992125984251969,0.8629198938688523
RPL26P19,-0.5811345398343626,0.05511811023622047,0.6931238793170655
MAP3K1,-0.1341475633530882,0.7952755905511811,0.978664400309132
SETD9,1.3444001184925418,0.2125984251968504,0.8224832770104163
MIER3,-1.0322360130727941,0.06299212598425197,0.6963124387519445
GPBP1,-0.19346886414220155,0.2204724409448819,0.8287127766916084
PLK2,0.16376834457326517,0.7165354330708661,0.9697087411223303
GAPT,-0.5021394838243989,0.30708661417322836,0.868085262990023
PDE4D,-0.6109894548353072,0.25196850393700787,0.8470756930926249
DEPDC1B,0.4111455646133688,0.6220472440944882,0.9618483135188818
ERCC8,0.6531395251156638,0.4094488188976378,0.9090035743434535
NDUFAF2,0.3769168378349175,0.5984251968503937,0.9608942225121786
SMIM15,0.1433896998883002,0.7559055118110236,0.9726051513462561
ZSWIM6,0.5520816318382824,0.047244094488188976,0.6826476042030583
KIF2A,0.08458107216393351,0.8582677165354331,0.9837431881343323
DIMT1,-0.16715000804075686,0.6299212598425197,0.962871484045595
IPO11,1.0201657392619565,0.10236220472440945,0.7341951946620201
SREK1IP1,0.02442358339246198,0.937007874015748,0.9941472732331481
CWC27,-0.15506676180158596,0.3464566929133858,0.8873455246406359
CENPK,-0.22847153371483175,0.7086614173228346,0.9697087411223303
PPWD1,-0.25593684029047736,0.4645669291338583,0.9271628797814478
TRIM23,-0.24681499883181335,0.6456692913385826,0.9653496962085154
TRAPPC13,1.8114971522728256,0.023622047244094488,0.6826476042030583
AC008560.1,-0.1632993070272768,0.8346456692913385,0.9819224384651066
SGTB,0.729948504830908,0.11023622047244094,0.7341951946620201
NLN,1.456988624290152,0.031496062992125984,0.6826476042030583
ERBIN,0.02879075316724844,0.8976377952755905,0.9899212869522312
SREK1,-0.17097552455053489,0.5433070866141733,0.9499646623191925
MAST4,0.3279506851739087,0.7086614173228346,0.9697087411223303
CD180,0.9822658109610805,0.1732283464566929,0.8038630721031994
PIK3R1,-0.21459021523090627,0.4566929133858268,0.9233455416926752
SLC30A5,-0.02330617914451949,0.9606299212598425,0.9967290768663719
CCNB1,1.2176207769757683,0.30708661417322836,0.868085262990023
CENPH,-0.48525716846165556,0.5669291338582677,0.954855712655332
MRPS36,0.47156095198238823,0.2440944881889764,0.8410862980163292
CDK7,-0.5030819870069356,0.2047244094488189,0.8179316528497794
CCDC125,0.116681057352233,0.6850393700787402,0.9695596467319408
AK6,0.45179563401308886,0.49606299212598426,0.9378529417969822
TAF9,-0.33134133113152586,0.33858267716535434,0.8824827791252136
RAD17,0.3404211492476925,0.25984251968503935,0.8512406093679867
GTF2H2C,0.7821858824065991,0.18110236220472442,0.8073643742935083
AC139495.1,0.5793180965680365,0.2204724409448819,0.8287127766916084
SMN2,0.5470255154384502,0.6456692913385826,0.9653496962085154
SMN1,-0.2779457906545333,0.4566929133858268,0.9233455416926752
NAIP,0.4611847454746276,0.5905511811023622,0.9608942225121786
BDP1,-0.560087650735789,0.07874015748031496,0.7107880171694956
MCCC2,-0.010073019307630382,0.968503937007874,0.9977263771544332
MRPS27,-0.32276695547140744,0.36220472440944884,0.8957091520102044
PTCD2,0.6548291595759026,0.4409448818897638,0.9193107263430548
AC093278.2,0.3110753609645336,0.6062992125984252,0.9608942225121786
ZNF366,0.43707275240041277,0.47244094488188976,0.9331994464922055
TNPO1,0.3888309635477567,0.2755905511811024,0.853725753792971
FCHO2,1.742820863774547,0.031496062992125984,0.6826476042030583
BTF3,-0.23738394387137696,0.48031496062992124,0.9342236316938177
ANKRA2,-0.28912298719606877,0.5275590551181102,0.9452006713295411
UTP15,-0.10550660423056257,0.8031496062992126,0.9806560380447493
ENC1,-0.5289060293036951,0.5511811023622047,0.9514203834061379
HEXB,0.518339376861161,0.13385826771653545,0.7606862900526696
GFM2,0.6544763515792846,0.4015748031496063,0.9086765677539906
NSA2,-0.07004544873820606,0.8267716535433071,0.9819224384651066
HMGCR,-0.10012121848714362,0.7559055118110236,0.9726051513462561
COL4A3BP,-0.4417433627894747,0.2755905511811024,0.853725753792971
POLK,0.17164847139967243,0.5275590551181102,0.9452006713295411
POC5,-0.8181708988046865,0.10236220472440945,0.7341951946620201
AC113404.3,-0.04668248429217137,0.7637795275590551,0.9726051513462561
HMGN2P4,0.5023003488697562,0.5511811023622047,0.9514203834061379
IQGAP2,-0.5128732280349979,0.1968503937007874,0.8133366461918351
F2R,0.8230429104890511,0.3858267716535433,0.901137518714905
F2RL1,0.21047903222060016,0.7874015748031497,0.9775940764002741
S100Z,-1.3579308111540165,0.031496062992125984,0.6826476042030583
AGGF1,0.5105589237298336,0.2283464566929134,0.8336385014247465
ZBED3,0.319426006775557,0.8818897637795275,0.9879934629764293
PDE8B,0.7144779363469809,0.33858267716535434,0.8824827791252136
ALDH7A1P1,-0.02541363597243329,0.9763779527559056,0.9988002758044506
WDR41,-0.4612383497945558,0.031496062992125984,0.6826476042030583
RPL7P23,-0.4358283021675433,0.4409448818897638,0.9193107263430548
TBCA,0.00938092627982634,0.984251968503937,0.9988002758044506
ACTBP2,1.0694313324673854,0.2204724409448819,0.8287127766916084
AP3B1,-0.023355131810746776,0.968503937007874,0.9977263771544332
SCAMP1-AS1,0.026329408281840383,0.984251968503937,0.9988002758044506
SCAMP1,0.19917850137002002,0.6771653543307087,0.9685447258281904
LHFPL2,1.069929430672241,0.07874015748031496,0.7107880171694956
ARSB,-0.10409480993089826,0.7244094488188977,0.9716680124035083
JMY,-1.333497239002324,0.03937007874015748,0.6826476042030583
HOMER1,0.5013615699205527,0.4566929133858268,0.9233455416926752
PAPD4,-0.09857100297871213,0.7086614173228346,0.9697087411223303
MTX3,-0.11742863712263363,0.8661417322834646,0.9853875082167936
SERINC5,0.6936110875191828,0.015748031496062992,0.6826476042030583
RBMX2P5,0.03977261001749799,0.952755905511811,0.9944898714583753
ZFYVE16,0.7176281618583342,0.06299212598425197,0.6963124387519445
FAM151B,0.791810972509097,0.1968503937007874,0.8133366461918351
DHFR,-0.13672746047372009,0.7952755905511811,0.978664400309132
MSH3,0.136920332262374,0.6220472440944882,0.9618483135188818
ZCCHC9,0.6931026257916209,0.05511811023622047,0.6931238793170655
SSBP2,-0.4097677239126374,0.1968503937007874,0.8133366461918351
SEM1P1,-0.40890336434708274,0.6220472440944882,0.9618483135188818
ATG10,0.4642926588041709,0.6141732283464567,0.9618483135188818
RPS23,-0.5115184089428375,0.07086614173228346,0.7107880171694956
TMEM167A,-0.4123130580156449,0.1732283464566929,0.8038630721031994
XRCC4,1.1187390796420127,0.015748031496062992,0.6826476042030583
VCAN,-0.6913102831901039,0.06299212598425197,0.6963124387519445
RPL5P17,-0.7213096330226052,0.2204724409448819,0.8287127766916084
COX7C,0.055699762183728296,0.8110236220472441,0.9806560380447493
RASA1,-0.21426898585438003,0.4645669291338583,0.9271628797814478
CCNH,-0.1888621170664191,0.4251968503937008,0.9130051051310895
TMEM161B,1.2317160787729744,0.13385826771653545,0.7606862900526696
TMEM161B-AS1,0.2048918596262983,0.7401574803149606,0.9726051513462561
MEF2C,-0.4263058028009441,0.07086614173228346,0.7107880171694956
CETN3,0.466081917312124,0.4645669291338583,0.9271628797814478
MBLAC2,-0.004439231416668132,0.9921259842519685,1.0
LYSMD3,-0.7943614536821544,0.023622047244094488,0.6826476042030583
LUCAT1,-0.21271421532256163,0.7716535433070866,0.9760752568014447
ARRDC3,0.8384382468872715,0.07874015748031496,0.7107880171694956
FAM172A,-0.0006944004185562846,0.9921259842519685,1.0
NPM1P27,-0.289476683575117,0.11811023622047244,0.7364350074797351
KIAA0825,0.6698375378429395,0.28346456692913385,0.8574144950147485
SLF1,-0.5508456000004438,0.1732283464566929,0.8038630721031994
MCTP1,0.3149424955173945,0.03937007874015748,0.6826476042030583
TTC37,-0.44355534611372516,0.15748031496062992,0.7813115157480315
ARSK,0.5267412917254144,0.5275590551181102,0.9452006713295411
RHOBTB3,1.6047952752982928,0.11023622047244094,0.7341951946620201
GLRX,-0.291392722234991,0.49606299212598426,0.9378529417969822
ELL2,0.39540256743960533,0.5748031496062992,0.9559479904608623
CAST,-0.20531172976313528,0.4251968503937008,0.9130051051310895
ERAP1,-0.19255399436983112,0.4409448818897638,0.9193107263430548
ERAP2,0.9011988588328688,0.5354330708661418,0.9479419337985596
LNPEP,0.005064843764746918,0.984251968503937,0.9988002758044506
RIOK2,0.11398281079624883,0.7637795275590551,0.9726051513462561
AC116347.1,-0.6172297950077397,0.3700787401574803,0.8970171905992668
CHD1,-0.49566248730865414,0.2204724409448819,0.8287127766916084
FAM174A,-0.36674839556106287,0.6929133858267716,0.9695596467319408
ST8SIA4,0.5092993958082639,0.10236220472440945,0.7341951946620201
SLCO4C1,-0.6834374526298455,0.49606299212598426,0.9378529417969822
PAM,-0.11450892834374526,0.8267716535433071,0.9819224384651066
GIN1,0.4648847508991598,0.5984251968503937,0.9608942225121786
PPIP5K2,0.1118535028474934,0.6771653543307087,0.9685447258281904
C5orf30,-1.420398885016129,0.03937007874015748,0.6826476042030583
NUDT12,0.11735873211863623,0.889763779527559,0.9886177730539346
FBXL17,-0.5393944470248808,0.25196850393700787,0.8470756930926249
FER,0.8563703134948555,0.14173228346456693,0.7686343861159114
PJA2,0.192203171068817,0.4881889763779528,0.9357814954688165
MAN2A1,0.14859315489508695,0.2992125984251969,0.8629198938688523
SLC25A46,-0.38430798933442123,0.36220472440944884,0.8957091520102044
WDR36,-0.11549468145595654,0.8267716535433071,0.9819224384651066
CAMK4,-1.2696557138783537,0.11023622047244094,0.7341951946620201
STARD4,0.4925484446688655,0.4251968503937008,0.9130051051310895
STARD4-AS1,-0.5334417026566767,0.3937007874015748,0.9060325603890926
NREP,-0.40044643399138824,0.2755905511811024,0.853725753792971
EPB41L4A-AS1,-1.066154997010261,0.031496062992125984,0.6826476042030583
APC,0.03761629551986356,0.905511811023622,0.9899212869522312
SRP19,0.1082551062317858,0.7716535433070866,0.9760752568014447
REEP5,0.012733591551294943,0.9291338582677166,0.9923418376941026
DCP2,-0.2636118515984718,0.3464566929133858,0.8873455246406359
MCC,-1.5853280017988256,0.015748031496062992,0.6826476042030583
YTHDC2,-0.13506116655636546,0.6929133858267716,0.9695596467319408
TRIM36,0.7071805994632068,0.2283464566929134,0.8336385014247465
PGGT1B,0.07691134700014324,0.8346456692913385,0.9819224384651066
CCDC112,0.12250280481200093,0.9763779527559056,0.9988002758044506
FEM1C,-0.49738284258911136,0.11811023622047244,0.7364350074797351
AC010226.1,-0.9695199033510407,0.25196850393700787,0.8470756930926249
TMED7,-0.23109560663210882,0.5984251968503937,0.9608942225121786
ATG12,-0.4730758926744949,0.12598425196850394,0.7505281352026119
AP3S1,-0.5305602255891815,0.2204724409448819,0.8287127766916084
AC034236.1,-0.12525759496364763,0.6929133858267716,0.9695596467319408
AC034236.3,-0.5141037798862322,0.4645669291338583,0.9271628797814478
AC034236.2,0.005331648511195386,1.0,1.0
COMMD10,-0.12417326654508987,0.8110236220472441,0.9806560380447493
SEMA6A-AS1,-0.5734333392377715,0.41732283464566927,0.9107246259166057
RPS14P8,0.20383085038223592,0.7795275590551181,0.9769863358554425
DTWD2,0.4516159838271636,0.2283464566929134,0.8336385014247465
PTMAP2,0.06931152352799153,0.4015748031496063,0.9086765677539906
MIR1244-2,-0.26882657088334394,0.3779527559055118,0.90080276839105
DMXL1,-0.4923045250363556,0.1889763779527559,0.8133366461918351
TNFAIP8,-0.23463280061888447,0.3937007874015748,0.9060325603890926
HSD17B4,0.4418610053425347,0.10236220472440945,0.7341951946620201
SRFBP1,0.3421357862262564,0.5354330708661418,0.9479419337985596
SNX2,0.2202002772676721,0.5905511811023622,0.9608942225121786
SNX24,0.3740276134639111,0.4409448818897638,0.9193107263430548
PPIC,0.5646857622432309,0.4330708661417323,0.9149090270901766
CEP120,-0.5921390480039914,0.047244094488188976,0.6826476042030583
CSNK1G3,-0.4737395914523539,0.5275590551181102,0.9452006713295411
ZNF608,-0.13237749111555996,0.6692913385826772,0.967634523772178
GRAMD2B,-0.16564929942138118,0.6692913385826772,0.967634523772178
ALDH7A1,1.0623742487660248,0.2047244094488189,0.8179316528497794
PHAX,-0.6305921617284014,0.2204724409448819,0.8287127766916084
LMNB1,0.05457488740049321,0.905511811023622,0.9899212869522312
MARCH3,0.6261597639794656,0.4566929133858268,0.9233455416926752
C5orf63,-0.20504912337790238,0.6535433070866141,0.966090961744307
PRRC1,-0.14961660628636952,0.7952755905511811,0.978664400309132
LINC01184,0.3197012008685345,0.3937007874015748,0.9060325603890926
SLC12A2,0.04085190397657179,0.9448818897637795,0.9944898714583753
FBN2,0.14877696085786596,0.8346456692913385,0.9819224384651066
ISOC1,0.14078459944337673,0.7480314960629921,0.9726051513462561
AC113367.1,-0.5191543091903723,0.2440944881889764,0.8410862980163292
HINT1,-0.2051295877098589,0.4251968503937008,0.9130051051310895
LYRM7,0.3023839044941985,0.41732283464566927,0.9107246259166057
CDC42SE2,-0.3064394951410234,0.047244094488188976,0.6826476042030583
RAPGEF6,-0.13064329648674988,0.7795275590551181,0.9769863358554425
FNIP1,-0.4050227500896071,0.1968503937007874,0.8133366461918351
P4HA2,0.9787922187296865,0.09448818897637795,0.7290975019374097
SLC22A4,0.7569873628788617,0.30708661417322836,0.868085262990023
SLC22A5,-0.10159126928509954,0.889763779527559,0.9886177730539346
C5orf56,-0.5353271094806864,0.14960629921259844,0.7739916929935694
AC116366.1,-1.2124413281715085,0.10236220472440945,0.7341951946620201
IRF1,-0.3867467623020202,0.4015748031496063,0.9086765677539906
RAD50,-0.5883826358430482,0.5039370078740157,0.939868419531259
KIF3A,1.21578701542751,0.16535433070866143,0.7925152280493241
SEPT8,1.5958529642057286,0.08661417322834646,0.7251724549592804
SHROOM1,0.23173136542799289,0.7007874015748031,0.9697087411223303
UQCRQ,0.33691082245795023,0.03937007874015748,0.6826476042030583
AFF4,-0.14295709305621518,0.31496062992125984,0.8705799696691885
ZCCHC10,0.34448661181672335,0.3228346456692913,0.8759501889864706
HSPA4,0.5135393812685356,0.1732283464566929,0.8038630721031994
C5orf15,0.1221670053391124,0.5669291338582677,0.954855712655332
VDAC1,0.4023863521968538,0.2047244094488189,0.8179316528497794
TCF7,-1.6157731231464796,0.015748031496062992,0.6826476042030583
SKP1,-0.11551164157483207,0.5354330708661418,0.9479419337985596
PPP2CA,-0.026833998869705944,0.889763779527559,0.9886177730539346
UBE2B,-0.06472131694110406,0.8031496062992126,0.9806560380447493
CDKN2AIPNL,0.13676335001804407,0.3779527559055118,0.90080276839105
JADE2,-0.3295427809268192,0.5433070866141733,0.9499646623191925
SAR1B,-0.383348893952725,0.2992125984251969,0.8629198938688523
SEC24A,1.1234605371713169,0.047244094488188976,0.6826476042030583
CAMLG,-0.3420530043096015,0.2992125984251969,0.8629198938688523
DDX46,0.0663740626493885,0.7480314960629921,0.9726051513462561
C5orf24,0.1487538395847663,0.29133858267716534,0.8583371233084381
TXNDC15,0.13267804455370324,0.6850393700787402,0.9695596467319408
PCBD2,-0.6298180014411225,0.3937007874015748,0.9060325603890926
MTND4P12,0.5577529430097647,0.30708661417322836,0.868085262990023
H2AFY,0.20257045222641779,0.13385826771653545,0.7606862900526696
TIFAB,1.194086832892073,0.07874015748031496,0.7107880171694956
CXCL14,0.567974528497218,0.6220472440944882,0.9618483135188818
TGFBI,0.49111772896192285,0.09448818897637795,0.7290975019374097
SMAD5,0.06566102892838366,0.905511811023622,0.9899212869522312
KLHL3,0.8127013824993524,0.2440944881889764,0.8410862980163292
HNRNPA0,-0.10114662042775091,0.5511811023622047,0.9514203834061379
FAM13B,-0.5183450880326737,0.2204724409448819,0.8287127766916084
BRD8,0.8870060704344649,0.2125984251968504,0.8224832770104163
KIF20A,-0.24895813243366827,0.7952755905511811,0.978664400309132
CDC23,0.007623645454551742,0.9921259842519685,1.0
FAM53C,-1.2198303293346076,0.023622047244094488,0.6826476042030583
KDM3B,-0.24145645501926527,0.5669291338582677,0.954855712655332
EGR1,-1.6961598219107383,0.031496062992125984,0.6826476042030583
ETF1,-0.4130319021297657,0.14960629921259844,0.7739916929935694
HSPA9,0.17267045343887588,0.4645669291338583,0.9271628797814478
CTNNA1,0.7727721175627504,0.031496062992125984,0.6826476042030583
SIL1,0.7277988678463294,0.03937007874015748,0.6826476042030583
MATR3,-0.20329203379713157,0.14960629921259844,0.7739916929935694
PAIP2,-0.04602117325579691,0.8582677165354331,0.9837431881343323
MZB1,-1.7841876302993795,0.14173228346456693,0.7686343861159114
SPATA24,0.18870577440616465,0.8031496062992126,0.9806560380447493
DNAJC18,-0.14031244125187925,0.8976377952755905,0.9899212869522312
TMEM173,0.7329160711232294,0.023622047244094488,0.6826476042030583
UBE2D2,-0.18513390534581653,0.2440944881889764,0.8410862980163292
CXXC5,-0.15345937656178332,0.7244094488188977,0.9716680124035083
PURA,0.07686325618070722,0.7952755905511811,0.978664400309132
IGIP,-0.2244627334615974,0.6929133858267716,0.9695596467319408
CYSTM1,0.24217277939055215,0.4409448818897638,0.9193107263430548
PFDN1,0.05201566007718572,0.7637795275590551,0.9726051513462561
HBEGF,0.15411877917506622,0.8267716535433071,0.9819224384651066
ANKHD1,-0.21252377926571597,0.6850393700787402,0.9695596467319408
SRA1,0.2035564253047113,0.3937007874015748,0.9060325603890926
APBB3,0.05216701341414787,0.8503937007874016,0.9835944261634448
SLC35A4,0.19719335097787294,0.6299212598425197,0.962871484045595
AC116353.5,-1.0036735282751603,0.14173228346456693,0.7686343861159114
CD14,0.3774746855780897,0.6377952755905512,0.962871484045595
NDUFA2,-0.13008839741605716,0.5748031496062992,0.9559479904608623
TMCO6,0.15804907481423536,0.9133858267716536,0.9910228417757366
IK,-0.3209836867919389,0.3858267716535433,0.901137518714905
WDR55,0.24035204882600203,0.5039370078740157,0.939868419531259
HARS,1.7053858569154223,0.06299212598425197,0.6963124387519445
HARS2,0.42060608149883505,0.5039370078740157,0.939868419531259
ZMAT2,0.18540411315057703,0.5196850393700787,0.9452006713295411
TAF7,-0.11005800941104305,0.7007874015748031,0.9697087411223303
DIAPH1,-0.024636317864414004,0.937007874015748,0.9941472732331481
HDAC3,0.3471127715069535,0.6456692913385826,0.9653496962085154
FCHSD1,0.9859465650209271,0.11811023622047244,0.7364350074797351
ARAP3,0.9642894699920502,0.3700787401574803,0.8970171905992668
KIAA0141,0.08453791270995925,0.7952755905511811,0.978664400309132
PCDH12,0.4549683776808018,0.3543307086614173,0.8915123476047269
RNF14,-0.4730050083115964,0.29133858267716534,0.8583371233084381
GNPDA1,0.8930883315188112,0.11023622047244094,0.7341951946620201
NDFIP1,0.17416692750489293,0.3464566929133858,0.8873455246406359
ARHGAP26,0.2856287035955969,0.1889763779527559,0.8133366461918351
NR3C1,-0.7519455911088997,0.023622047244094488,0.6826476042030583
YIPF5,0.4390896628626999,0.31496062992125984,0.8705799696691885
PRELID2,0.4824487950154899,0.5748031496062992,0.9559479904608623
SH3RF2,-0.05377726231489266,0.9763779527559056,0.9988002758044506
LARS,-0.22247598202516095,0.48031496062992124,0.9342236316938177
RBM27,-0.230898419667958,0.18110236220472442,0.8073643742935083
TCERG1,-0.0684479261754447,0.5826771653543307,0.9597435711535928
JAKMIP2,-1.1316732070973525,0.18110236220472442,0.8073643742935083
FBXO38,0.019457619820082428,0.9606299212598425,0.9967290768663719
ADRB2,-0.06724528878153357,0.8582677165354331,0.9837431881343323
GRPEL2,0.13576280293133003,0.7952755905511811,0.978664400309132
PCYOX1L,0.7530778397185554,0.5669291338582677,0.954855712655332
CSNK1A1,-0.19773075680059637,0.13385826771653545,0.7606862900526696
AC021078.1,-0.8917396373965145,0.023622047244094488,0.6826476042030583
PPARGC1B,-0.14565864520602778,0.8267716535433071,0.9819224384651066
AC008427.1,-0.8592337028251189,0.25984251968503935,0.8512406093679867
SLC26A2,0.5509335725778852,0.05511811023622047,0.6931238793170655
HMGXB3,-0.07791641576744723,0.84251968503937,0.9823595446327953
CSF1R,1.1613113029570838,0.015748031496062992,0.6826476042030583
RPL7P1,-0.2889645339079374,0.5905511811023622,0.9608942225121786
PDGFRB,0.8326204939288425,0.44881889763779526,0.9212102163700125
TCOF1,0.6254452116140223,0.2677165354330709,0.8534808525440345
CD74,0.4749669358082613,0.15748031496062992,0.7813115157480315
RPS14,-0.27397838161963506,0.7480314960629921,0.9726051513462561
NDST1,0.010312727057395055,0.9921259842519685,1.0
SYNPO,1.3628566848971242,0.11023622047244094,0.7341951946620201
RBM22,-0.3547268876695373,0.23622047244094488,0.8382889691177539
DCTN4,0.1958155562023789,0.3858267716535433,0.901137518714905
SMIM3,-0.5561199128080103,0.1732283464566929,0.8038630721031994
GPX3,0.3069271322274405,0.7874015748031497,0.9775940764002741
TNIP1,-0.5317893232353263,0.6062992125984252,0.9608942225121786
ANXA6,0.35681453202992053,0.5748031496062992,0.9559479904608623
CCDC69,-0.05102978599882313,0.9133858267716536,0.9910228417757366
GM2A,0.3396413641802898,0.4094488188976378,0.9090035743434535
SLC36A1,1.7252270791524014,0.14960629921259844,0.7739916929935694
SPARC,1.2957401550000212,0.3937007874015748,0.9060325603890926
AC011374.2,1.580315195953491,0.023622047244094488,0.6826476042030583
ATOX1,0.8469741547250944,0.11811023622047244,0.7364350074797351
G3BP1,0.19198669665457313,0.2677165354330709,0.8534808525440345
FAM114A2,0.05298595668614947,0.9212598425196851,0.9916034965968238
MFAP3,-0.229810770737658,0.7244094488188977,0.9716680124035083
GALNT10,0.5999272257616273,0.5039370078740157,0.939868419531259
SAP30L,0.20022290258049047,0.6929133858267716,0.9695596467319408
LARP1,-0.03866817735685757,0.7401574803149606,0.9726051513462561
FAXDC2,-0.1844911966951579,0.8503937007874016,0.9835944261634448
CNOT8,-0.2793159581365048,0.4251968503937008,0.9130051051310895
GEMIN5,-0.20797830434103304,0.7086614173228346,0.9697087411223303
MRPL22,-0.12383455757632467,0.7874015748031497,0.9775940764002741
AC008725.1,-0.023178601231896856,0.968503937007874,0.9977263771544332
PPP1R2P3,-0.02002255255281815,0.937007874015748,0.9941472732331481
HAVCR2,0.8388301814796097,0.015748031496062992,0.6826476042030583
MED7,0.4167654593989498,0.7007874015748031,0.9697087411223303
ITK,-2.393264083734782,0.023622047244094488,0.6826476042030583
CYFIP2,-1.132848123178718,0.031496062992125984,0.6826476042030583
ADAM19,0.3183446053778507,0.29133858267716534,0.8583371233084381
THG1L,-0.40612817536206514,0.5196850393700787,0.9452006713295411
LSM11,1.0992893263373822,0.11023622047244094,0.7341951946620201
CLINT1,0.1009710190185471,0.3228346456692913,0.8759501889864706
AC008677.2,-0.07954470828706128,0.889763779527559,0.9886177730539346
RNF145,-0.0369628048969215,0.905511811023622,0.9899212869522312
UBLCP1,0.13393467562627848,0.6220472440944882,0.9618483135188818
GAPDHP40,-0.4485701669905229,0.2992125984251969,0.8629198938688523
TTC1,0.3434722827375589,0.2283464566929134,0.8336385014247465
PWWP2A,-0.23656976993805667,0.4566929133858268,0.9233455416926752
AC112191.2,0.28225277362246226,0.6377952755905512,0.962871484045595
SLU7,-0.6581383655567565,0.14173228346456693,0.7686343861159114
PTTG1,-0.41311324597755306,0.2992125984251969,0.8629198938688523
MIR3142HG,0.2983742571976231,0.7716535433070866,0.9760752568014447
CCNG1,-0.6960329177385693,0.031496062992125984,0.6826476042030583
NUDCD2,-0.40937137533102863,0.31496062992125984,0.8705799696691885
HMMR,1.210068675671892,0.3464566929133858,0.8873455246406359
MAT2B,-0.3335333970139205,0.44881889763779526,0.9212102163700125
AC026403.1,-0.07623146692796023,0.8740157480314961,0.9870953241817563
RARS,-0.08827688459896343,0.8031496062992126,0.9806560380447493
PANK3,0.006456292897056848,0.937007874015748,0.9941472732331481
RPL10P9,-0.25319901200302564,0.6850393700787402,0.9695596467319408
SPDL1,0.24504515847883823,0.7086614173228346,0.9697087411223303
DOCK2,0.36673185259633634,0.2755905511811024,0.853725753792971
LCP2,-0.09368971598844933,0.5118110236220472,0.9438814884599421
AC034199.1,0.8566527793109473,0.33858267716535434,0.8824827791252136
KCNMB1,1.1913254766513948,0.023622047244094488,0.6826476042030583
NPM1,-0.18356056302692103,0.29133858267716534,0.8583371233084381
FBXW11,0.01880469790807915,0.937007874015748,0.9941472732331481
STK10,-0.4456392455417104,0.14173228346456693,0.7686343861159114
UBTD2,0.032688798254091544,0.8346456692913385,0.9819224384651066
SH3PXD2B,2.0437673462680763,0.07874015748031496,0.7107880171694956
NEURL1B,2.0155959323070607,0.031496062992125984,0.6826476042030583
AC027309.2,-0.2595442438487261,0.2992125984251969,0.8629198938688523
AC022217.2,1.019491998303072,0.10236220472440945,0.7341951946620201
DUSP1,0.08676989478910713,0.889763779527559,0.9886177730539346
ERGIC1,0.1784340328075551,0.44881889763779526,0.9212102163700125
RPL26L1,0.047887270179815644,0.8267716535433071,0.9819224384651066
AC008429.2,0.872251438041701,0.25196850393700787,0.8470756930926249
ATP6V0E1,0.13814601561541373,0.5511811023622047,0.9514203834061379
CREBRF,-0.2509955057793567,0.5433070866141733,0.9499646623191925
BNIP1,1.312916359889548,0.047244094488188976,0.6826476042030583
BOD1,0.335605469147628,0.4330708661417323,0.9149090270901766
CPEB4,-0.2914090571621397,0.31496062992125984,0.8705799696691885
SFXN1,0.881619153418522,0.5905511811023622,0.9608942225121786
HRH2,0.6812060389238574,0.2755905511811024,0.853725753792971
THOC3,0.29790420150984565,0.3700787401574803,0.8970171905992668
SIMC1,1.2851624446692183,0.2283464566929134,0.8336385014247465
BRCC3P1,-0.7902238466412284,0.14173228346456693,0.7686343861159114
KIAA1191,0.27865189308452276,0.3779527559055118,0.90080276839105
ARL10,-0.10828272792513971,0.952755905511811,0.9944898714583753
NOP16,0.36071543039149034,0.8582677165354331,0.9837431881343323
HIGD2A,-0.16227208561017914,0.4251968503937008,0.9130051051310895
CLTB,0.5283506522499875,0.6141732283464567,0.9618483135188818
FAF2,0.029587678395539108,0.9291338582677166,0.9923418376941026
RNF44,-0.20897699004216452,0.3228346456692913,0.8759501889864706
TSPAN17,0.07602983757955117,0.9291338582677166,0.9923418376941026
HK3,0.4359056129944796,0.8110236220472441,0.9806560380447493
UIMC1,-0.009541736315724414,0.984251968503937,0.9988002758044506
ZNF346,0.41531667083328516,0.5511811023622047,0.9514203834061379
NSD1,0.17209252991003243,0.41732283464566927,0.9107246259166057
RAB24,-0.6828259432892112,0.5354330708661418,0.9479419337985596
PRELID1,0.21613296351093547,0.8031496062992126,0.9806560380447493
LMAN2,0.3709109287225356,0.15748031496062992,0.7813115157480315
RGS14,-0.06177541271111231,0.9448818897637795,0.9944898714583753
GRK6,-0.26373603047263217,0.5826771653543307,0.9597435711535928
PRR7,-0.15467636316876154,0.8346456692913385,0.9819224384651066
DBN1,1.36385610251738,0.25984251968503935,0.8512406093679867
AC145098.2,-1.314587734873657,0.1968503937007874,0.8133366461918351
PDLIM7,1.3024005847943867,0.23622047244094488,0.8382889691177539
DOK3,0.1591499524143396,0.7165354330708661,0.9697087411223303
DDX41,0.7592500822498489,0.2204724409448819,0.8287127766916084
FAM193B,0.33322867295126013,0.8267716535433071,0.9819224384651066
TMED9,0.2588591426641669,0.5118110236220472,0.9438814884599421
B4GALT7,-0.46797991611724576,0.41732283464566927,0.9107246259166057
AC106795.1,0.20809119768467088,0.6850393700787402,0.9695596467319408
SUDS3P1,0.7637631064881187,0.11811023622047244,0.7364350074797351
AC136632.1,-0.10169796975801226,0.8110236220472441,0.9806560380447493
RMND5B,0.15588884096956512,0.905511811023622,0.9899212869522312
NHP2,-0.8016286642282826,0.3464566929133858,0.8873455246406359
HNRNPAB,0.16382259075177785,0.5590551181102362,0.9539915430764625
PHYKPL,-0.6338567893989966,0.015748031496062992,0.6826476042030583
CLK4,-0.7529679075658331,0.08661417322834646,0.7251724549592804
ZNF354A,-0.17192773424215524,0.3700787401574803,0.8970171905992668
ZNF354B,-0.321547009756741,0.5590551181102362,0.9539915430764625
ADAMTS2,-0.6255327865383289,0.6062992125984252,0.9608942225121786
AC136628.3,-0.0864311432779048,0.8740157480314961,0.9870953241817563
RUFY1,0.5727099095611736,0.015748031496062992,0.6826476042030583
HNRNPH1,-0.26681780676051137,0.14173228346456693,0.7686343861159114
CANX,0.14944463797763596,0.28346456692913385,0.8574144950147485
MAML1,0.5732454684276642,0.49606299212598426,0.9378529417969822
MGAT4B,0.9962371436323196,0.11811023622047244,0.7364350074797351
SQSTM1,-0.5118359438416054,0.29133858267716534,0.8583371233084381
MRNIP,-1.1922742597438305,0.11811023622047244,0.7364350074797351
TBC1D9B,0.08088473878342306,0.7322834645669292,0.9726051513462561
RNF130,0.07600174912053959,0.33070866141732286,0.8811266433105555
MAPK9,0.10371109861334205,0.6456692913385826,0.9653496962085154
CNOT6,0.3602848528661644,0.4251968503937008,0.9130051051310895
MGAT1,0.049135722048511354,0.905511811023622,0.9899212869522312
HEIH,-0.038497133489249435,0.9212598425196851,0.9916034965968238
LINC00847,0.488219279149793,0.49606299212598426,0.9378529417969822
ZFP62,0.12175384517515386,0.9133858267716536,0.9910228417757366
TRIM7,0.8021001541002918,0.3700787401574803,0.8970171905992668
TRIM41,-0.27610534710160817,0.4645669291338583,0.9271628797814478
RACK1,-0.30693471998068667,0.18110236220472442,0.8073643742935083
TRIM52,-0.10579595112086926,0.7874015748031497,0.9775940764002741
TRIM52-AS1,-0.5937637793130102,0.4015748031496063,0.9086765677539906
AL035696.3,-1.69462033691094,0.09448818897637795,0.7290975019374097
DUSP22,0.48455144505860304,0.2125984251968504,0.8224832770104163
IRF4,-1.5451141194142677,0.047244094488188976,0.6826476042030583
EXOC2,0.2535256161798678,0.49606299212598426,0.9378529417969822
FOXC1,0.2524885181644767,0.7401574803149606,0.9726051513462561
GMDS,0.5841405914943008,0.5039370078740157,0.939868419531259
GMDS-AS1,1.2241503713563606,0.03937007874015748,0.6826476042030583
WRNIP1,-0.2827710854255807,0.3937007874015748,0.9060325603890926
SERPINB1,0.13929808516849107,0.4566929133858268,0.9233455416926752
SERPINB9P1,1.0488730868915037,0.25984251968503935,0.8512406093679867
SERPINB9,0.42815969442507296,0.4566929133858268,0.9233455416926752
SERPINB6,0.6961371140644523,0.2677165354330709,0.8534808525440345
LINC01011,-0.6178843894555646,0.5748031496062992,0.9559479904608623
NQO2,0.29589200090148626,0.07874015748031496,0.7107880171694956
RIPK1,-0.1253739984032034,0.7480314960629921,0.9726051513462561
TUBB2A,1.3766298295732144,0.09448818897637795,0.7290975019374097
PSMG4,0.7414801982772934,0.1968503937007874,0.8133366461918351
PXDC1,1.4574103772089035,0.06299212598425197,0.6963124387519445
AL391422.3,1.1399938110461152,0.2677165354330709,0.8534808525440345
FAM50B,-0.5009303817879216,0.4251968503937008,0.9130051051310895
GLRX3P2,-0.7825136054456161,0.1732283464566929,0.8038630721031994
PRPF4B,-0.017151309667989167,0.937007874015748,0.9941472732331481
ECI2,-0.6175988304633435,0.16535433070866143,0.7925152280493241
CDYL,-0.5759793030409588,0.07874015748031496,0.7107880171694956
RPP40,-1.1264691635501791,0.13385826771653545,0.7606862900526696
PPP1R3G,0.24917384682692822,0.7480314960629921,0.9726051513462561
LYRM4,-0.0020379487392228057,0.9921259842519685,1.0
FARS2,0.13684682566927941,0.8661417322834646,0.9853875082167936
AL136968.2,-0.6818638399788783,0.15748031496062992,0.7813115157480315
F13A1,0.5844962926800594,0.29133858267716534,0.8583371233084381
LY86,0.04103805974301,0.84251968503937,0.9823595446327953
BTF3P7,-1.444488980296477,0.023622047244094488,0.6826476042030583
RREB1,0.27763264003165666,0.1889763779527559,0.8133366461918351
SSR1,0.028437997745104582,0.8267716535433071,0.9819224384651066
AL139095.2,-1.068428079146269,0.23622047244094488,0.8382889691177539
RIOK1,-0.6862999965799359,0.08661417322834646,0.7251724549592804
SNRNP48,-0.02194996803724214,0.9763779527559056,0.9988002758044506
BLOC1S5,0.48102170025802815,0.2677165354330709,0.8534808525440345
EEF1E1,-0.04565113547035349,0.952755905511811,0.9944898714583753
SLC35B3,0.1764664745114417,0.5669291338582677,0.954855712655332
GCNT2,0.5392647911215716,0.6614173228346457,0.967634523772178
PAK1IP1,0.7739555826317743,0.15748031496062992,0.7813115157480315
TMEM14C,0.0023417449259124368,0.984251968503937,0.9988002758044506
TMEM14B,-0.20085462782215124,0.6062992125984252,0.9608942225121786
SYCP2L,-0.8378286910482757,0.4330708661417323,0.9149090270901766
SMIM13,-0.3511115592397456,0.2677165354330709,0.8534808525440345
NEDD9,0.43938020785225884,0.4645669291338583,0.9271628797814478
TMEM170B,-1.2347659142399978,0.015748031496062992,0.6826476042030583
ADTRP,2.199685752498791,0.03937007874015748,0.6826476042030583
HIVEP1,-0.8515311450380212,0.031496062992125984,0.6826476042030583
EDN1,0.4196270087679983,0.7007874015748031,0.9697087411223303
RPL15P3,-0.05747201248526057,0.8661417322834646,0.9853875082167936
PHACTR1,-0.23933615910593886,0.6299212598425197,0.962871484045595
AL008729.1,0.2223116095312836,0.6692913385826772,0.967634523772178
TBC1D7,0.0675473420227215,0.8267716535433071,0.9819224384651066
GFOD1,0.5035085402408477,0.7086614173228346,0.9697087411223303
RPS4XP7,-1.010023819146419,0.12598425196850394,0.7505281352026119
SIRT5,0.8322532073584072,0.28346456692913385,0.8574144950147485
NOL7,-0.13355105872665263,0.4881889763779528,0.9357814954688165
RANBP9,-0.023902777877618853,0.8976377952755905,0.9899212869522312
MCUR1,0.6552024075039267,0.3700787401574803,0.8970171905992668
CD83,-0.20584718301911664,0.7480314960629921,0.9726051513462561
AL138720.1,0.18735904232510703,0.8818897637795275,0.9879934629764293
JARID2,-0.18029642528920498,0.23622047244094488,0.8382889691177539
JARID2-AS1,-1.1490556127828881,0.1732283464566929,0.8038630721031994
DTNBP1,0.017751098335638815,0.9763779527559056,0.9988002758044506
ARPC3P5,-0.43250686574020314,0.6535433070866141,0.966090961744307
MYLIP,-0.8092919344967981,0.14173228346456693,0.7686343861159114
GMPR,-1.0992671878840135,0.06299212598425197,0.6963124387519445
ATXN1,0.7044132869841349,0.2047244094488189,0.8179316528497794
FAM8A1,-1.0532341904236455,0.14173228346456693,0.7686343861159114
NUP153,-0.29617822872206556,0.03937007874015748,0.6826476042030583
AL138724.1,0.5193720877368038,0.33858267716535434,0.8824827791252136
KIF13A,-0.1544905848666316,0.6062992125984252,0.9608942225121786
TPMT,0.519501065163011,0.09448818897637795,0.7290975019374097
KDM1B,-0.010382440195187748,0.9133858267716536,0.9910228417757366
DEK,0.1540504261017741,0.3464566929133858,0.8873455246406359
RNF144B,-0.32050526148903646,0.031496062992125984,0.6826476042030583
MBOAT1,0.2409173599336909,0.84251968503937,0.9823595446327953
E2F3,0.009928435044602502,0.9763779527559056,0.9988002758044506
CDKAL1,-0.03858105333152739,0.9448818897637795,0.9944898714583753
SOX4,-0.9736986422112306,0.07086614173228346,0.7107880171694956
MRS2,-0.4072969608975021,0.3700787401574803,0.8970171905992668
ALDH5A1,-1.5442190430238583,0.03937007874015748,0.6826476042030583
TDP2,0.117624079348019,0.8188976377952756,0.9819224384651066
ACOT13,0.15242367299873694,0.6614173228346457,0.967634523772178
AL031775.1,-0.48552228848587564,0.6929133858267716,0.9695596467319408
C6orf62,-0.1491952319103138,0.4881889763779528,0.9357814954688165
GMNN,0.1502983088215526,0.8110236220472441,0.9806560380447493
RIPOR2,-0.9233353149894903,0.047244094488188976,0.6826476042030583
PPIAP29,-0.6717408514195597,0.08661417322834646,0.7251724549592804
AL160400.1,0.9739133623212425,0.18110236220472442,0.8073643742935083
CMAHP,0.30411685594476046,0.5275590551181102,0.9452006713295411
CARMIL1,1.0578215657646615,0.11023622047244094,0.7341951946620201
TRIM38,-0.5034516639469784,0.16535433070866143,0.7925152280493241
U91328.2,1.181780815642052,0.1732283464566929,0.8038630721031994
HIST1H1C,0.2551455577216615,0.7401574803149606,0.9726051513462561
HFE,1.12090694925051,0.2047244094488189,0.8179316528497794
HIST1H4C,0.22204881645816865,0.6535433070866141,0.966090961744307
HIST1H2BC,-1.2955337991216807,0.18110236220472442,0.8073643742935083
HIST1H2AC,-0.9360899600729189,0.13385826771653545,0.7606862900526696
HIST1H2BD,-0.9522222562527602,0.4330708661417323,0.9149090270901766
HIST1H2BG,-0.9954869958504573,0.31496062992125984,0.8705799696691885
HIST1H2AE,-0.7961117539668559,0.1968503937007874,0.8133366461918351
HIST1H3E,1.6397235412024056,0.03937007874015748,0.6826476042030583
HIST1H1D,-0.029180308342070527,1.0,1.0
BTN3A2,-0.4943738268480642,0.3228346456692913,0.8759501889864706
BTN2A2,-0.3832487915381746,0.023622047244094488,0.6826476042030583
BTN3A1,-0.051791325761181284,0.8740157480314961,0.9870953241817563
BTN2A3P,-0.3528685892479434,0.6377952755905512,0.962871484045595
BTN3A3,-0.9432531377882203,0.2283464566929134,0.8336385014247465
BTN2A1,0.09839889971647686,0.8346456692913385,0.9819224384651066
HCG11,-0.6912571617152801,0.29133858267716534,0.8583371233084381
HMGN4,1.1396888643969518,0.08661417322834646,0.7251724549592804
ABT1,-0.411891504504307,0.1889763779527559,0.8133366461918351
ZNF322,0.25638816704203027,0.6692913385826772,0.967634523772178
HIST1H2BJ,-1.0063108490193946,0.2125984251968504,0.8224832770104163
HIST1H2AG,1.077610393199141,0.14960629921259844,0.7739916929935694
HIST1H4I,-0.7196444590238413,0.2440944881889764,0.8410862980163292
HIST1H2BK,-1.0385710455379993,0.28346456692913385,0.8574144950147485
ZNF184,0.0868935404129414,0.8740157480314961,0.9870953241817563
HIST1H2BN,-0.9189134436594338,0.25196850393700787,0.8470756930926249
HIST1H1B,-0.47013029769331993,0.7007874015748031,0.9697087411223303
AL121944.1,1.4570111602130895,0.14173228346456693,0.7686343861159114
ZNF165,-1.4104765275056192,0.18110236220472442,0.8073643742935083
ZSCAN16-AS1,-0.2627695985737035,0.6771653543307087,0.9685447258281904
ZSCAN16,1.1238719854623898,0.2047244094488189,0.8179316528497794
ZKSCAN8,-0.583452783997902,0.3937007874015748,0.9060325603890926
ZSCAN9,-0.266902831389384,0.7322834645669292,0.9726051513462561
ZKSCAN4,1.2934336686485433,0.047244094488188976,0.6826476042030583
ZSCAN26,-0.1332697823283162,0.905511811023622,0.9899212869522312
PGBD1,-0.15357689869832236,0.84251968503937,0.9823595446327953
ZSCAN31,-0.6838218327929335,0.14960629921259844,0.7739916929935694
ZSCAN12,-0.4646848754718098,0.5118110236220472,0.9438814884599421
TRIM27,-0.3593664373846668,0.5590551181102362,0.9539915430764625
GABBR1,-0.5491155760032589,0.3700787401574803,0.8970171905992668
SUMO2P1,-0.5662480361793807,0.07086614173228346,0.7107880171694956
HLA-F,-0.2994891756374427,0.31496062992125984,0.8705799696691885
HLA-A,0.20516369079520658,0.5826771653543307,0.9597435711535928
ZNRD1,-0.07653730043316287,0.8503937007874016,0.9835944261634448
PPP1R11,0.9974014426478095,0.05511811023622047,0.6931238793170655
TRIM26,-0.13956712354635492,0.5590551181102362,0.9539915430764625
HLA-L,0.9593550014969128,0.2125984251968504,0.8224832770104163
AL662795.2,-1.45859677254639,0.1968503937007874,0.8133366461918351
HCG18,-0.6586104139989386,0.2125984251968504,0.8224832770104163
TRIM39,0.176906370511698,0.7401574803149606,0.9726051513462561
RANP1,-0.4109319144687351,0.3228346456692913,0.8759501889864706
HLA-E,-0.11481687822384501,0.7165354330708661,0.9697087411223303
GNL1,-0.8053025345365294,0.10236220472440945,0.7341951946620201
PRR3,0.9918760454562554,0.30708661417322836,0.868085262990023
ABCF1,-0.12964736617127048,0.6535433070866141,0.966090961744307
PPP1R10,-0.2668163546439777,0.5433070866141733,0.9499646623191925
MRPS18B,-0.1499633573011412,0.7007874015748031,0.9697087411223303
ATAT1,-0.8540060278644372,0.4015748031496063,0.9086765677539906
C6orf136,0.02548265259263971,0.9606299212598425,0.9967290768663719
DHX16,-1.3181496684329135,0.031496062992125984,0.6826476042030583
PPP1R18,0.3227560926665749,0.11811023622047244,0.7364350074797351
NRM,0.21206109397856032,0.48031496062992124,0.9342236316938177
MDC1,0.4764121738172835,0.08661417322834646,0.7251724549592804
TUBB,0.519696822472314,0.2125984251968504,0.8224832770104163
FLOT1,0.9084262437054598,0.047244094488188976,0.6826476042030583
IER3,-0.7804454018494997,0.5433070866141733,0.9499646623191925
LINC00243,-0.12726686089046213,0.8976377952755905,0.9899212869522312
DDR1,0.9638604664492783,0.30708661417322836,0.868085262990023
VARS2,1.2512522551503014,0.03937007874015748,0.6826476042030583
CCHCR1,0.30086478194838784,0.6692913385826772,0.967634523772178
TCF19,1.3730270191778364,0.15748031496062992,0.7813115157480315
HLA-C,0.0012108279015681234,1.0,1.0
HLA-B,0.12653912891530794,0.7480314960629921,0.9726051513462561
RPL3P2,-0.40954617560444806,0.48031496062992124,0.9342236316938177
AL645933.2,0.46679478608182845,0.6692913385826772,0.967634523772178
MICA,1.3170589033081017,0.12598425196850394,0.7505281352026119
HCP5,0.639287382863305,0.08661417322834646,0.7251724549592804
MICB,0.61983712236513,0.16535433070866143,0.7925152280493241
DDX39B,0.025970153793830164,0.9448818897637795,0.9944898714583753
NFKBIL1,0.7474459345854383,0.3700787401574803,0.8970171905992668
TNF,-1.7804132832771096,0.047244094488188976,0.6826476042030583
LTB,-0.2632839926691659,0.8503937007874016,0.9835944261634448
LST1,0.42106375570238797,0.3858267716535433,0.901137518714905
AIF1,0.6704674366258896,0.031496062992125984,0.6826476042030583
PRRC2A,0.701721916284757,0.6299212598425197,0.962871484045595
BAG6,0.27714989543004087,0.6929133858267716,0.9695596467319408
C6orf47,-0.2191714848253059,0.7244094488188977,0.9716680124035083
GPANK1,2.044177720082632,0.031496062992125984,0.6826476042030583
CSNK2B,0.0789470953300313,0.7244094488188977,0.9716680124035083
LY6G5C,0.7941782722022368,0.25984251968503935,0.8512406093679867
MPIG6B,-0.9430619448323543,0.11023622047244094,0.7341951946620201
DDAH2,-0.11592190869894559,0.8267716535433071,0.9819224384651066
CLIC1,0.23280858716241326,0.4251968503937008,0.9130051051310895
VARS,0.36329769820247293,0.6456692913385826,0.9653496962085154
LSM2,0.4156797676632955,0.07086614173228346,0.7107880171694956
HSPA1L,0.6850070931909661,0.30708661417322836,0.868085262990023
HSPA1A,-0.7790497758680086,0.3858267716535433,0.901137518714905
HSPA1B,-1.1965621619520395,0.2440944881889764,0.8410862980163292
C6orf48,-0.4323220161760837,0.29133858267716534,0.8583371233084381
NEU1,0.1719317517676009,0.4566929133858268,0.9233455416926752
EHMT2,-0.03015783131360683,0.952755905511811,0.9944898714583753
C2,2.4247221798227145,0.07874015748031496,0.7107880171694956
NELFE,0.02044561963289393,0.937007874015748,0.9941472732331481
SKIV2L,-0.21237118530119892,0.8740157480314961,0.9870953241817563
DXO,-0.5101550855863648,0.13385826771653545,0.7606862900526696
STK19,1.4801830217416154,0.09448818897637795,0.7290975019374097
ATF6B,0.0006236306842684058,1.0,1.0
PPT2,-0.8975048952627258,0.07086614173228346,0.7107880171694956
AGPAT1,0.1038192742497257,0.6850393700787402,0.9695596467319408
RNF5,-0.25559867810951786,0.3228346456692913,0.8759501889864706
AGER,0.43818938162232834,0.6692913385826772,0.967634523772178
PBX2,-0.5867824655589304,0.07086614173228346,0.7107880171694956
GPSM3,-0.21400312176859249,0.5433070866141733,0.9499646623191925
NOTCH4,-0.5078703298973251,0.5118110236220472,0.9438814884599421
HLA-DRA,0.7496688411847163,0.015748031496062992,0.6826476042030583
HLA-DRB5,-2.3218103050266032,0.2677165354330709,0.8534808525440345
HLA-DRB6,3.4478385524855835,0.047244094488188976,0.6826476042030583
HLA-DRB1,0.27304256024119944,0.7480314960629921,0.9726051513462561
HLA-DQA1,0.22241962688490347,0.6929133858267716,0.9695596467319408
HLA-DQB1,0.5511346124168508,0.41732283464566927,0.9107246259166057
HLA-DQA2,3.614523899005304,0.03937007874015748,0.6826476042030583
HLA-DQB2,1.8019341882869515,0.2677165354330709,0.8534808525440345
HLA-DOB,0.6936332392479105,0.4094488188976378,0.9090035743434535
TAP2,-0.0544853557690379,0.8976377952755905,0.9899212869522312
PSMB8,-0.27397441829804325,0.6614173228346457,0.967634523772178
PSMB8-AS1,-0.38413250026134005,0.2440944881889764,0.8410862980163292
PSMB9,-0.3797656565794618,0.5826771653543307,0.9597435711535928
TAP1,0.3054991861825016,0.9606299212598425,0.9967290768663719
HLA-DMB,0.5375048269900393,0.015748031496062992,0.6826476042030583
HLA-DMA,0.5583239585005053,0.047244094488188976,0.6826476042030583
BRD2,-0.342571501743123,0.14173228346456693,0.7686343861159114
HLA-DOA,0.46215359275335466,0.16535433070866143,0.7925152280493241
HLA-DPA1,0.6882880216414442,0.06299212598425197,0.6963124387519445
HLA-DPB1,0.7125781981055521,0.031496062992125984,0.6826476042030583
RPL32P1,0.24821679088382265,0.6850393700787402,0.9695596467319408
HLA-DPB2,-1.1688411863377834,0.13385826771653545,0.7606862900526696
RXRB,-0.7315583153674448,0.1968503937007874,0.8133366461918351
SLC39A7,0.06783764481911625,0.7795275590551181,0.9769863358554425
HSD17B8,-0.4032601706307637,0.6062992125984252,0.9608942225121786
RING1,0.405493319129123,0.4645669291338583,0.9271628797814478
VPS52,0.2455097482817158,0.7165354330708661,0.9697087411223303
RPS18,-0.38386515176888025,0.7007874015748031,0.9697087411223303
B3GALT4,1.0007079608845868,0.25984251968503935,0.8512406093679867
WDR46,0.10803034718515381,0.6850393700787402,0.9695596467319408
PFDN6,0.4484995914459593,0.4409448818897638,0.9193107263430548
RGL2,-0.3709487256621804,0.3228346456692913,0.8759501889864706
TAPBP,-0.196952324096757,0.8031496062992126,0.9806560380447493
ZBTB22,-0.3733465674978964,0.5039370078740157,0.939868419531259
DAXX,0.621872900264032,0.14960629921259844,0.7739916929935694
KIFC1,0.4152987049315202,0.4094488188976378,0.9090035743434535
PHF1,0.28554563248481113,0.5275590551181102,0.9452006713295411
CUTA,-0.1683722843767388,0.3700787401574803,0.8970171905992668
SYNGAP1,-0.04840294852830418,0.952755905511811,0.9944898714583753
BAK1,-0.6165099333704838,0.28346456692913385,0.8574144950147485
UQCC2,0.36117432058012433,0.49606299212598426,0.9378529417969822
LEMD2,-0.3960740982528872,0.48031496062992124,0.9342236316938177
CYCSP55,-0.7778749351541459,0.015748031496062992,0.6826476042030583
HMGA1,-0.5015883060756208,0.7244094488188977,0.9716680124035083
SMIM29,0.8093095148982128,0.1732283464566929,0.8038630721031994
RPS10,0.2992442737100829,0.3228346456692913,0.8759501889864706
PACSIN1,-1.214935465367505,0.07086614173228346,0.7107880171694956
C6orf106,0.4230948479997636,0.03937007874015748,0.6826476042030583
AL451165.2,-0.001549537711687421,1.0,1.0
AL139100.1,0.6155568945487251,0.3858267716535433,0.901137518714905
SNRPC,0.2884464060870231,0.2677165354330709,0.8534808525440345
UHRF1BP1,1.395288528835735,0.18110236220472442,0.8073643742935083
TAF11,0.07146315543917225,0.7322834645669292,0.9726051513462561
ANKS1A,1.0858177903155672,0.3228346456692913,0.8759501889864706
ZNF76,-0.5380491955587141,0.2755905511811024,0.853725753792971
DEF6,-0.7544118007305354,0.1968503937007874,0.8133366461918351
PPARD,1.54874652026297,0.2283464566929134,0.8336385014247465
FANCE,-0.06431279007256308,0.7795275590551181,0.9769863358554425
RPL10A,-0.16467700828866683,0.2204724409448819,0.8287127766916084
AL033519.2,-0.5106243484082862,0.023622047244094488,0.6826476042030583
FKBP5,-0.16850895946712008,0.5196850393700787,0.9452006713295411
SRPK1,0.053294421820535565,0.8976377952755905,0.9899212869522312
MAPK14,-0.5081883749321436,0.07086614173228346,0.7107880171694956
MAPK13,0.9128495278188882,0.4409448818897638,0.9193107263430548
BRPF3,0.1381953332691399,0.7480314960629921,0.9726051513462561
KCTD20,0.08265460913764766,0.6614173228346457,0.967634523772178
STK38,-0.2541836425022348,0.11811023622047244,0.7364350074797351
SRSF3,-0.38072605960180184,0.05511811023622047,0.6931238793170655
CDKN1A,-0.1956480597227923,0.6535433070866141,0.966090961744307
RAB44,-1.2362356105785461,0.11023622047244094,0.7341951946620201
CPNE5,-0.021736484280543866,0.952755905511811,0.9944898714583753
PPIL1,1.543776734650967,0.10236220472440945,0.7341951946620201
C6orf89,0.011776985412329743,0.9606299212598425,0.9967290768663719
MTCH1,0.04645972444821567,0.7795275590551181,0.9769863358554425
FGD2,-0.2927259821523407,0.05511811023622047,0.6931238793170655
COX6A1P2,0.42867185452561607,0.11811023622047244,0.7364350074797351
PIM1,0.22615579459081836,0.6850393700787402,0.9695596467319408
TMEM217,0.6907354663832588,0.48031496062992124,0.9342236316938177
TBC1D22B,-0.22994395055117955,0.5590551181102362,0.9539915430764625
RNF8,0.47998132323418075,0.4645669291338583,0.9271628797814478
CMTR1,-0.21857429786582738,0.6692913385826772,0.967634523772178
CCDC167,1.3870750595062042,0.047244094488188976,0.6826476042030583
ZFAND3,0.12338187396446099,0.6377952755905512,0.962871484045595
BTBD9,-0.2731775192828181,0.7086614173228346,0.9697087411223303
GLO1,0.05962493954673942,0.8188976377952756,0.9819224384651066
SAYSD1,0.3306337984449468,0.5275590551181102,0.9452006713295411
KCNK17,-0.27898144212001696,0.7637795275590551,0.9726051513462561
FO393411.1,-0.4959087205424071,0.03937007874015748,0.6826476042030583
OARD1,-0.5105849019371886,0.16535433070866143,0.7925152280493241
NFYA,-0.504671216238652,0.12598425196850394,0.7505281352026119
TREML1,0.7969363238795096,0.5275590551181102,0.9452006713295411
TREM2,2.4786418876099887,0.06299212598425197,0.6963124387519445
TREML2,1.7422604746685089,0.023622047244094488,0.6826476042030583
TREM1,0.07491336470628873,0.8582677165354331,0.9837431881343323
FOXP4,0.4657463689301782,0.25196850393700787,0.8470756930926249
TFEB,0.9044439156935216,0.6692913385826772,0.967634523772178
FRS3,-0.4826994388910568,0.2440944881889764,0.8410862980163292
USP49,-0.519856738876038,0.29133858267716534,0.8583371233084381
MED20,0.29891006729175906,0.7401574803149606,0.9726051513462561
BYSL,0.6443074641604105,0.33858267716535434,0.8824827791252136
CCND3,-0.6437261607986926,0.10236220472440945,0.7341951946620201
TAF8,-0.5413517176283076,0.3228346456692913,0.8759501889864706
MRPS10,0.055453658604087686,0.8818897637795275,0.9879934629764293
TRERF1,-0.3387213553554478,0.5748031496062992,0.9559479904608623
UBR2,-0.12637220728624232,0.889763779527559,0.9886177730539346
TBCC,-0.717713726727828,0.05511811023622047,0.6931238793170655
BICRAL,-0.3227990580504656,0.4094488188976378,0.9090035743434535
RPL7L1,0.10162623615296962,0.8110236220472441,0.9806560380447493
C6orf226,-0.49914029862242604,0.5826771653543307,0.9597435711535928
PTCRA,-0.9650726140795234,0.2125984251968504,0.8224832770104163
CNPY3,-0.3267290481936387,0.16535433070866143,0.7925152280493241
AL035587.1,1.3405871199340915,0.047244094488188976,0.6826476042030583
RPL24P4,-0.6384690233413668,0.05511811023622047,0.6931238793170655
PEX6,0.058438712278406246,0.952755905511811,0.9944898714583753
PPP2R5D,-0.2566544023627002,0.5275590551181102,0.9452006713295411
MEA1,1.4718811026850638,0.10236220472440945,0.7341951946620201
KLHDC3,1.0007171319796617,0.4409448818897638,0.9193107263430548
RRP36,0.3540896093158694,0.07086614173228346,0.7107880171694956
CUL7,0.5315986326780824,0.5275590551181102,0.9452006713295411
KLC4,-0.40981154787388063,0.6535433070866141,0.966090961744307
MRPL2,-0.16687574651872117,0.9212598425196851,0.9916034965968238
PTK7,-0.8941167215917312,0.2755905511811024,0.853725753792971
SRF,-0.1608343157118437,0.36220472440944884,0.8957091520102044
CUL9,1.1914474472348697,0.11811023622047244,0.7364350074797351
DNPH1,1.8827197504425293,0.12598425196850394,0.7505281352026119
ZNF318,1.0967261116063565,0.2204724409448819,0.8287127766916084
RPL12P47,0.07488841808474156,0.952755905511811,0.9944898714583753
AL583834.1,0.11820611807654102,0.8503937007874016,0.9835944261634448
ABCC10,1.2566313580896284,0.023622047244094488,0.6826476042030583
TJAP1,-0.15071216381526353,0.7795275590551181,0.9769863358554425
POLR1C,-0.04329201195921861,0.968503937007874,0.9977263771544332
YIPF3,0.0369487743364747,0.9448818897637795,0.9944898714583753
XPO5,0.28156238674039713,0.7795275590551181,0.9769863358554425
POLH,0.17431204730193373,0.7952755905511811,0.978664400309132
GTPBP2,0.1378797590749672,0.7637795275590551,0.9726051513462561
MAD2L1BP,0.08164926906599446,0.8818897637795275,0.9879934629764293
VEGFA,0.9339066151713151,0.11023622047244094,0.7341951946620201
AL109615.3,1.4576880860016335,0.18110236220472442,0.8073643742935083
C6orf223,1.5857893107295324,0.08661417322834646,0.7251724549592804
MRPL14,-0.16561363263319695,0.4566929133858268,0.9233455416926752
TMEM63B,1.124975766266684,0.2125984251968504,0.8224832770104163
SLC29A1,0.7709941294985869,0.05511811023622047,0.6931238793170655
HSP90AB1,0.1365162807527529,0.4881889763779528,0.9357814954688165
SLC35B2,0.4687909049568262,0.8818897637795275,0.9879934629764293
NFKBIE,0.9139227320219225,0.03937007874015748,0.6826476042030583
AARS2,0.7357433086339626,0.12598425196850394,0.7505281352026119
CDC5L,-0.22544319790939316,0.5669291338582677,0.954855712655332
SUPT3H,-0.39627429468360065,0.4015748031496063,0.9086765677539906
RUNX2,-1.20151901128596,0.06299212598425197,0.6963124387519445
AL096865.1,-1.3375112520005197,0.18110236220472442,0.8073643742935083
ENPP4,-0.5135200174457628,0.3779527559055118,0.90080276839105
TDRD6,2.186604160060386,0.12598425196850394,0.7505281352026119
PLA2G7,2.555423309491914,0.047244094488188976,0.6826476042030583
TNFRSF21,-0.30320446941349743,0.5433070866141733,0.9499646623191925
CD2AP,-1.0274877216949472,0.031496062992125984,0.6826476042030583
MUT,0.5624592047494459,0.2677165354330709,0.8534808525440345
CENPQ,0.159958050192758,0.6377952755905512,0.962871484045595
FTH1P5,-0.7242913974385183,0.2125984251968504,0.8224832770104163
AL158050.1,-0.09176215748272432,0.7716535433070866,0.9760752568014447
MCM3,0.35546955371327726,0.4645669291338583,0.9271628797814478
PAQR8,0.4967963031841762,0.41732283464566927,0.9107246259166057
EFHC1,-0.35119425277019145,0.44881889763779526,0.9212102163700125
TRAM2,0.48241873399063095,0.31496062992125984,0.8705799696691885
TRAM2-AS1,0.48640327713597165,0.4645669291338583,0.9271628797814478
AL109918.1,-0.24771314168460545,0.6771653543307087,0.9685447258281904
TMEM14A,-0.14999579392020834,0.6377952755905512,0.962871484045595
ICK,-0.4353893590402267,0.28346456692913385,0.8574144950147485
FBXO9,-0.631407025311896,0.07874015748031496,0.7107880171694956
ELOVL5,0.04866621545794736,0.8267716535433071,0.9819224384651066
GCLC,-0.3747401015224332,0.41732283464566927,0.9107246259166057
LRRC1,0.6137439262608606,0.2992125984251969,0.8629198938688523
DST,0.054308737274735286,0.8740157480314961,0.9870953241817563
BEND6,-1.0518103014318703,0.10236220472440945,0.7341951946620201
FTH1P15,-0.41063359858068815,0.5275590551181102,0.9452006713295411
KIAA1586,-0.20849409427375765,0.7322834645669292,0.9726051513462561
ZNF451,-0.05612786267419523,0.8031496062992126,0.9806560380447493
BAG2,0.2828754250479393,0.7165354330708661,0.9697087411223303
PRIM2,0.10461230667186783,0.8818897637795275,0.9879934629764293
AL021368.2,-0.9880432899699401,0.18110236220472442,0.8073643742935083
FKBP1C,-0.1202708036701099,0.8582677165354331,0.9837431881343323
PTP4A1,-0.4093211862953545,0.05511811023622047,0.6931238793170655
PHF3,-0.47534494472160027,0.05511811023622047,0.6931238793170655
LMBRD1,0.06199569397004545,0.9133858267716536,0.9910228417757366
FAM135A,-0.23577439457357308,0.5354330708661418,0.9479419337985596
SDHAF4,0.4924540776815778,0.5590551181102362,0.9539915430764625
SMAP1,0.9518121520504086,0.023622047244094488,0.6826476042030583
OGFRL1,0.298243118029518,0.03937007874015748,0.6826476042030583
EIF3EP1,-0.6931652379688251,0.47244094488188976,0.9331994464922055
RPL39P3,-0.2637803117372979,0.3700787401574803,0.8970171905992668
DDX43,0.1975395524784691,0.7795275590551181,0.9769863358554425
CGAS,-0.2773355631941943,0.6771653543307087,0.9685447258281904
MTO1,-0.8379589815335362,0.07086614173228346,0.7107880171694956
EEF1A1,-0.4676341308999383,0.015748031496062992,0.6826476042030583
SLC17A5,1.0280179003090177,0.10236220472440945,0.7341951946620201
CD109,0.7970742716700032,0.25984251968503935,0.8512406093679867
COL12A1,-0.019892122567767956,0.9763779527559056,0.9988002758044506
COX7A2,-0.05022222023873635,0.937007874015748,0.9941472732331481
TMEM30A,-0.261058624404928,0.3858267716535433,0.901137518714905
SENP6,-0.3258105425840139,0.1732283464566929,0.8038630721031994
MYO6,1.1979104101636027,0.06299212598425197,0.6963124387519445
PHIP,-0.0648884951494395,0.8582677165354331,0.9837431881343323
HMGN3,-0.21294532715893588,0.41732283464566927,0.9107246259166057
GAPDHP63,-0.2465512250948807,0.6062992125984252,0.9608942225121786
TTK,1.370473347747727,0.1889763779527559,0.8133366461918351
AL591135.1,0.6436167579388696,0.11811023622047244,0.7364350074797351
BCKDHB,-0.49926907020690425,0.33070866141732286,0.8811266433105555
FAM46A,-0.6815120526162239,0.18110236220472442,0.8073643742935083
IBTK,0.011696176701765815,0.9606299212598425,0.9967290768663719
UBE3D,-0.3667749571271478,0.6692913385826772,0.967634523772178
DOPEY1,-0.611223784926505,0.023622047244094488,0.6826476042030583
PGM3,-0.2483853878621094,0.5984251968503937,0.9608942225121786
RWDD2A,0.06669186733659127,0.905511811023622,0.9899212869522312
ME1,1.9703055364715967,0.05511811023622047,0.6931238793170655
CYB5R4,0.1520174157094134,0.6929133858267716,0.9695596467319408
CEP162,-0.11378482806656631,0.8031496062992126,0.9806560380447493
SNX14,0.0005079307463526916,1.0,1.0
SYNCRIP,0.03985647210516152,0.7874015748031497,0.9775940764002741
SNHG5,-0.5351716376153579,0.47244094488188976,0.9331994464922055
ZNF292,-0.545889486767428,0.14173228346456693,0.7686343861159114
SMIM8,-0.2779485264432813,0.6771653543307087,0.9685447258281904
SLC35A1,-0.7500265994305506,0.2440944881889764,0.8410862980163292
RARS2,0.5351744917837209,0.13385826771653545,0.7606862900526696
ORC3,1.0692382540806835,0.1968503937007874,0.8133366461918351
AKIRIN2,0.13822615736799726,0.49606299212598426,0.9378529417969822
RNGTT,0.053719572908530466,0.9291338582677166,0.9923418376941026
AL079342.2,-0.1716697586412994,0.7952755905511811,0.978664400309132
PNRC1,0.1863914593763294,0.4566929133858268,0.9233455416926752
RN7SL336P,-0.8349805376869182,0.2992125984251969,0.8629198938688523
PM20D2,-0.6282819443787284,0.25196850393700787,0.8470756930926249
UBE2J1,-0.17412006584425566,0.6299212598425197,0.962871484045595
RRAGD,0.8477196909540026,0.2677165354330709,0.8534808525440345
ANKRD6,1.6314657207609429,0.015748031496062992,0.6826476042030583
LYRM2,0.6640539717302607,0.13385826771653545,0.7606862900526696
MDN1,-0.5230316020372507,0.2677165354330709,0.8534808525440345
CASP8AP2,-0.6035309631657464,0.07874015748031496,0.7107880171694956
BACH2,-0.8821641633144885,0.3543307086614173,0.8915123476047269
MAP3K7,-0.36636625684671564,0.25984251968503935,0.8512406093679867
MANEA,0.2037354327482186,0.8976377952755905,0.9899212869522312
UFL1,-0.021679084197444354,0.968503937007874,0.9977263771544332
NDUFAF4,0.8675475755000779,0.06299212598425197,0.6963124387519445
MMS22L,0.03200633271763609,0.9133858267716536,0.9910228417757366
FBXL4,-0.04280182233816321,0.937007874015748,0.9941472732331481
BDH2P1,0.19497688252426948,0.7637795275590551,0.9726051513462561
COQ3,-0.6239153287136096,0.4094488188976378,0.9090035743434535
PNISR,-0.2222275138116485,0.5354330708661418,0.9479419337985596
USP45,1.0416450300043216,0.15748031496062992,0.7813115157480315
CCNC,0.2104620666757837,0.49606299212598426,0.9378529417969822
ASCC3,-0.527427865533574,0.11023622047244094,0.7341951946620201
AL133338.2,-0.5902338293840731,0.31496062992125984,0.8705799696691885
HACE1,0.0034856368197413445,0.9921259842519685,1.0
PREP,0.4473041823617825,0.33858267716535434,0.8824827791252136
ATG5,0.16990047701726763,0.4015748031496063,0.9086765677539906
PRDM1,0.1618646329333222,0.3858267716535433,0.901137518714905
AL022067.1,-0.5528730582774402,0.3700787401574803,0.8970171905992668
CRYBG1,0.4865609888253495,0.015748031496062992,0.6826476042030583
RTN4IP1,1.152970379793734,0.1732283464566929,0.8038630721031994
QRSL1,0.3012079604603288,0.4409448818897638,0.9193107263430548
C6orf203,0.10283829934916255,0.8818897637795275,0.9879934629764293
BEND3,0.4354608132633426,0.5118110236220472,0.9438814884599421
PDSS2,0.23168252639699727,0.6299212598425197,0.962871484045595
SOBP,0.25887700615738374,0.5590551181102362,0.9539915430764625
SCML4,-0.5781253072281965,0.4251968503937008,0.9130051051310895
SEC63,-0.16646340067019416,0.5039370078740157,0.939868419531259
RPL3P7,-1.0294148305281146,0.30708661417322836,0.868085262990023
OSTM1,0.4022979773817328,0.1968503937007874,0.8133366461918351
SNX3,-0.05212440808097796,0.8267716535433071,0.9819224384651066
AFG1L,0.6850331952710138,0.4330708661417323,0.9149090270901766
FOXO3,-0.1617418288127901,0.5748031496062992,0.9559479904608623
ARMC2,0.003759960360660619,1.0,1.0
AL445189.2,0.4953684117940922,0.29133858267716534,0.8583371233084381
SESN1,0.2842840762750338,0.4409448818897638,0.9193107263430548
CEP57L1,0.5921567664054632,0.14960629921259844,0.7739916929935694
CD164,-0.533320711706506,0.12598425196850394,0.7505281352026119
SMPD2,0.39513980532322535,0.6850393700787402,0.9695596467319408
MICAL1,-0.38203119902163785,0.6850393700787402,0.9695596467319408
ZBTB24,-0.980178954088613,0.1968503937007874,0.8133366461918351
AK9,-0.4359683460086239,0.6220472440944882,0.9618483135188818
FIG4,-0.09337566486552706,0.8818897637795275,0.9879934629764293
WASF1,-0.30133683511203646,0.6456692913385826,0.9653496962085154
CDC40,-0.7249717053020035,0.2283464566929134,0.8336385014247465
SLC22A16,1.2996068964524423,0.06299212598425197,0.6963124387519445
CDK19,-0.1578102748634871,0.5118110236220472,0.9438814884599421
AMD1,0.03989900885397901,0.889763779527559,0.9886177730539346
GTF3C6,0.24245130233787737,0.6299212598425197,0.962871484045595
RPF2,-0.20529556843969932,0.4881889763779528,0.9357814954688165
SLC16A10,2.2511156131749592,0.015748031496062992,0.6826476042030583
MFSD4B,0.6722226611965554,0.49606299212598426,0.9378529417969822
REV3L,-0.6279234112774352,0.14960629921259844,0.7739916929935694
TRAF3IP2-AS1,-0.8079419913132777,0.2125984251968504,0.8224832770104163
TRAF3IP2,0.7931083821116511,0.33858267716535434,0.8824827791252136
FYN,-0.40407608524748717,0.25196850393700787,0.8470756930926249
TUBE1,0.6910518215726444,0.4330708661417323,0.9149090270901766
LAMA4,-0.13187871087447212,0.8267716535433071,0.9819224384651066
AL358942.1,0.5655380901016906,0.33070866141732286,0.8811266433105555
RPS27AP11,-0.994906645671986,0.1889763779527559,0.8133366461918351
MARCKS,0.863847842022313,0.23622047244094488,0.8382889691177539
HDAC2,0.31651996766325485,0.07086614173228346,0.7107880171694956
HDAC2-AS2,0.9233724136933132,0.2125984251968504,0.8224832770104163
NT5DC1,-0.4864475135986259,0.14960629921259844,0.7739916929935694
TSPYL4,-0.3746118195096364,0.14173228346456693,0.7686343861159114
DSE,0.7337188603143918,0.11811023622047244,0.7364350074797351
TSPYL1,-0.5182579589052567,0.2204724409448819,0.8287127766916084
CBX3P9,-0.0008803182435652701,1.0,1.0
CALHM6,-0.20845684048435675,0.7716535433070866,0.9760752568014447
RWDD1,0.012263391989973726,0.984251968503937,0.9988002758044506
ZUFSP,-0.6166002427058803,0.3779527559055118,0.90080276839105
KPNA5,-0.7945876495929132,0.31496062992125984,0.8705799696691885
DCBLD1,0.9316189996727147,0.05511811023622047,0.6931238793170655
GOPC,-0.1193328797752482,0.7007874015748031,0.9697087411223303
NUS1,-0.541198767604163,0.12598425196850394,0.7505281352026119
AL450405.1,-1.1427652817803642,0.3464566929133858,0.8873455246406359
CEP85L,-0.2524810353945117,0.4881889763779528,0.9357814954688165
MCM9,0.7420183241381824,0.015748031496062992,0.6826476042030583
ASF1A,-0.06531295887204802,0.8661417322834646,0.9853875082167936
MAN1A1,-0.1463756827770064,0.7007874015748031,0.9697087411223303
TBC1D32,-1.112029102537838,0.10236220472440945,0.7341951946620201
GJA1,1.3571275217040801,0.023622047244094488,0.6826476042030583
HSF2,-0.45544894757860277,0.44881889763779526,0.9212102163700125
Z99129.4,0.0507608648571507,0.952755905511811,0.9944898714583753
SERINC1,-0.19323719488485747,0.6377952755905512,0.962871484045595
PKIB,1.9543205000323525,0.015748031496062992,0.6826476042030583
SMPDL3A,0.5616032559647035,0.6220472440944882,0.9618483135188818
ATP5LP2,-0.7068529066102274,0.11811023622047244,0.7364350074797351
RNF217,0.42086454782486804,0.33858267716535434,0.8824827791252136
HDDC2,-0.4419931343802226,0.2677165354330709,0.8534808525440345
NCOA7,-0.7238144788034653,0.023622047244094488,0.6826476042030583
HINT3,0.6682015335001865,0.4015748031496063,0.9086765677539906
TRMT11,-0.6204316231963034,0.30708661417322836,0.868085262990023
CENPW,0.08535269975068527,0.7086614173228346,0.9697087411223303
PRELID1P1,-0.32216248954448656,0.5275590551181102,0.9452006713295411
RNF146,-0.029864800974916506,0.9763779527559056,0.9988002758044506
ECHDC1,-0.15856720855444806,0.5905511811023622,0.9608942225121786
YWHAZP4,-0.26914718954518824,0.6850393700787402,0.9695596467319408
ARHGAP18,0.9211037988019708,0.023622047244094488,0.6826476042030583
L3MBTL3,-1.4066675112253453,0.031496062992125984,0.6826476042030583
EPB41L2,0.32514739377355006,0.25196850393700787,0.8470756930926249
AKAP7,-0.017811105351905,0.9921259842519685,1.0
MED23,0.08151538401404856,0.9133858267716536,0.9910228417757366
ENPP1,-0.657192935573002,0.31496062992125984,0.8705799696691885
CTGF,0.03113475027681689,1.0,1.0
STX7,-0.3127698654919717,0.4330708661417323,0.9149090270901766
VNN1,-0.21123815755657915,0.7716535433070866,0.9760752568014447
VNN2,-1.2506735290221265,0.03937007874015748,0.6826476042030583
SLC18B1,-0.8566782078686268,0.1968503937007874,0.8133366461918351
RPS12,-0.3854031683872652,0.13385826771653545,0.7606862900526696
SNORD100,-0.10763230996565432,0.8110236220472441,0.9806560380447493
TBPL1,-0.34218560245852325,0.5511811023622047,0.9514203834061379
SGK1,1.1726448625121524,0.015748031496062992,0.6826476042030583
HBS1L,-0.5019529204362034,0.1968503937007874,0.8133366461918351
MYB,-1.6215726468076452,0.023622047244094488,0.6826476042030583
AHI1,-0.535522837335864,0.41732283464566927,0.9107246259166057
MTFR2,0.5843614032910722,0.3858267716535433,0.901137518714905
BCLAF1,-0.38260379053422877,0.28346456692913385,0.8574144950147485
MAP7,0.6294951742404509,0.5905511811023622,0.9608942225121786
MAP3K5,0.36252255761133156,0.07874015748031496,0.7107880171694956
PEX7,0.44547095752122967,0.11811023622047244,0.7364350074797351
IL22RA2,1.6896195709748933,0.06299212598425197,0.6963124387519445
IFNGR1,0.6478617729144842,0.06299212598425197,0.6963124387519445
AL357060.2,-0.4291366646906156,0.2755905511811024,0.853725753792971
TNFAIP3,-0.0877250979446238,0.7559055118110236,0.9726051513462561
PERP,1.538028000888493,0.10236220472440945,0.7341951946620201
HEBP2,-0.09358026844362755,0.6692913385826772,0.967634523772178
NHSL1,0.8503594298133166,0.2204724409448819,0.8287127766916084
CCDC28A,0.11297863313933654,0.7086614173228346,0.9697087411223303
REPS1,-0.05905311821319437,0.889763779527559,0.9886177730539346
ABRACL,-0.19365728602684484,0.5984251968503937,0.9608942225121786
HECA,-0.22967115487830814,0.3700787401574803,0.8970171905992668
TXLNB,1.1188527031918962,0.29133858267716534,0.8583371233084381
AL592429.1,0.4792322686431292,0.889763779527559,0.9886177730539346
CITED2,-0.44073590213044245,0.30708661417322836,0.868085262990023
VTA1,-0.1055418075844834,0.7637795275590551,0.9726051513462561
ADGRG6,0.0657062884974633,0.937007874015748,0.9941472732331481
HIVEP2,-0.8406644090924402,0.05511811023622047,0.6931238793170655
AIG1,1.0503355456165577,0.18110236220472442,0.8073643742935083
ADAT2,-0.31011215348937293,0.5826771653543307,0.9597435711535928
PEX3,1.9847903790854677,0.047244094488188976,0.6826476042030583
FUCA2,0.2472953391238759,0.3858267716535433,0.901137518714905
PHACTR2,0.13352376650233744,0.5669291338582677,0.954855712655332
LTV1,-0.5082897708020155,0.3543307086614173,0.8915123476047269
PLAGL1,-0.22931155852842267,0.4566929133858268,0.9233455416926752
SF3B5,0.5928017880043459,0.08661417322834646,0.7251724549592804
STX11,-0.352017500733945,0.2755905511811024,0.853725753792971
TPT1P4,-0.5753794220298492,0.10236220472440945,0.7341951946620201
UTRN,-0.15959636092667573,0.4566929133858268,0.9233455416926752
EPM2A,0.8241322370269186,0.2677165354330709,0.8534808525440345
FBXO30,0.18223709711735392,0.47244094488188976,0.9331994464922055
AL356599.1,-0.03751677027430622,0.952755905511811,0.9944898714583753
SHPRH,-0.9363404865409768,0.1732283464566929,0.8038630721031994
RAB32,0.669947120650142,0.06299212598425197,0.6963124387519445
KATNBL1P6,-0.7781859448878174,0.10236220472440945,0.7341951946620201
STXBP5,0.011585803246952686,0.968503937007874,0.9977263771544332
SASH1,0.6817887899635307,0.1732283464566929,0.8038630721031994
UST,-0.887200409341435,0.15748031496062992,0.7813115157480315
TAB2,-0.002643626653743958,0.9921259842519685,1.0
ZC3H12D,-0.40015425633281776,0.3937007874015748,0.9060325603890926
AL031133.1,-1.1625337977555894,0.023622047244094488,0.6826476042030583
PPIL4,0.12179062126587326,0.5354330708661418,0.9479419337985596
GINM1,0.12638309090859323,0.5905511811023622,0.9608942225121786
RPS18P9,0.4640362075385214,0.5354330708661418,0.9479419337985596
KATNA1,0.011484769971592534,0.984251968503937,0.9988002758044506
LATS1,-0.310032720736368,0.5826771653543307,0.9597435711535928
NUP43,0.5307423724742732,0.49606299212598426,0.9378529417969822
PCMT1,0.07078232736935686,0.7559055118110236,0.9726051513462561
LRP11,0.4584252137263771,0.5354330708661418,0.9479419337985596
ULBP2,-1.7565779526462784,0.14173228346456693,0.7686343861159114
ULBP1,1.0628147698028967,0.2677165354330709,0.8534808525440345
BTF3P10,-0.8898462426594316,0.18110236220472442,0.8073643742935083
PDCL3P5,0.2582356392630736,0.3779527559055118,0.90080276839105
MTHFD1L,2.4887222643205833,0.023622047244094488,0.6826476042030583
AL356535.1,-0.896334734367831,0.2677165354330709,0.8534808525440345
AKAP12,-0.5601794510744422,0.5039370078740157,0.939868419531259
ZBTB2,-0.7324184920614698,0.2125984251968504,0.8224832770104163
RMND1,-0.7318714077862913,0.25196850393700787,0.8470756930926249
ARMT1,0.33141162250586564,0.5748031496062992,0.9559479904608623
CCDC170,1.0365993135201497,0.023622047244094488,0.6826476042030583
ESR1,1.2419016458753882,0.023622047244094488,0.6826476042030583
SYNE1,-0.01765478580714941,0.9763779527559056,0.9988002758044506
FBXO5,-0.3399038203925251,0.23622047244094488,0.8382889691177539
MTRF1L,0.4655788210432861,0.6062992125984252,0.9608942225121786
AL590867.2,-0.29035407992947526,0.15748031496062992,0.7813115157480315
IPCEF1,0.6176834390796762,0.4330708661417323,0.9149090270901766
SCAF8,0.17599707214272087,0.6929133858267716,0.9695596467319408
TIAM2,0.7392920614703842,0.3543307086614173,0.8915123476047269
TFB1M,1.421479756014898,0.08661417322834646,0.7251724549592804
ARID1B,-0.5796727930155461,0.10236220472440945,0.7341951946620201
TMEM242,-0.15290233077117144,0.7480314960629921,0.9726051513462561
ZDHHC14,-0.784826313839432,0.25984251968503935,0.8512406093679867
SNX9,-0.026649726749245595,0.8740157480314961,0.9870953241817563
SYNJ2,0.5372540867246367,0.6377952755905512,0.962871484045595
SERAC1,0.8250268168663477,0.29133858267716534,0.8583371233084381
GTF2H5,-0.13844979023362392,0.6535433070866141,0.966090961744307
TULP4,-0.7671078502822137,0.023622047244094488,0.6826476042030583
SRP72P2,-0.04346835672431415,0.9212598425196851,0.9916034965968238
TMEM181,-0.2831343189613964,0.5354330708661418,0.9479419337985596
DYNLT1,0.10463723206268494,0.8346456692913385,0.9819224384651066
SYTL3,-0.36540860938423636,0.7322834645669292,0.9726051513462561
EZR,-0.46085044967014,0.29133858267716534,0.8583371233084381
C6orf99,0.8532004174807456,0.33858267716535434,0.8824827791252136
RSPH3,0.10670465890525715,0.5511811023622047,0.9514203834061379
TAGAP,-0.5059907725744734,0.2677165354330709,0.8534808525440345
SOD2,0.13418358742653957,0.7322834645669292,0.9726051513462561
WTAP,0.01028554661233727,0.9763779527559056,0.9988002758044506
ACAT2,1.1483718129361673,0.18110236220472442,0.8073643742935083
TCP1,-0.2334750717967875,0.6141732283464567,0.9618483135188818
MRPL18,-0.20563846509684325,0.5905511811023622,0.9608942225121786
IGF2R,0.06564882098612035,0.8110236220472441,0.9806560380447493
AL353625.1,-0.8482095768882059,0.25984251968503935,0.8512406093679867
MAP3K4,0.19785195426133884,0.4015748031496063,0.9086765677539906
AGPAT4,1.0471244980927406,0.2440944881889764,0.8410862980163292
CAHM,-0.707484485370474,0.5196850393700787,0.9452006713295411
QKI,0.2505283432829728,0.06299212598425197,0.6963124387519445
SFT2D1,-0.32065197222082986,0.4409448818897638,0.9193107263430548
MPC1,-0.04866099668164825,0.8818897637795275,0.9879934629764293
RPS6KA2,-0.17346871978433853,0.8110236220472441,0.9806560380447493
RNASET2,-0.49457664497851805,0.2755905511811024,0.853725753792971
FGFR1OP,-0.4445705542047489,0.1889763779527559,0.8133366461918351
GPR31,0.2057654590079001,0.8818897637795275,0.9879934629764293
AFDN,1.1858870248590212,0.023622047244094488,0.6826476042030583
THBS2,-0.7984956197637982,0.5039370078740157,0.939868419531259
WDR27,-1.4971887747820039,0.07086614173228346,0.7107880171694956
C6orf120,0.41977132209456025,0.13385826771653545,0.7606862900526696
PHF10,0.17285050164037052,0.5196850393700787,0.9452006713295411
AL354892.2,1.270528131351968,0.2440944881889764,0.8410862980163292
TCTE3,-0.10581510483709566,0.8503937007874016,0.9835944261634448
ERMARD,-0.2738165877625294,0.4015748031496063,0.9086765677539906
DLL1,-0.002997825840118651,1.0,1.0
FAM120B,0.1730335372082883,0.44881889763779526,0.9212102163700125
PSMB1,0.30015306599452174,0.07086614173228346,0.7107880171694956
TBP,0.3145761233698203,0.6141732283464567,0.9618483135188818
PDCD2,-0.5385587593386463,0.14173228346456693,0.7686343861159114
AC093627.4,0.8205072213076201,0.4409448818897638,0.9193107263430548
FAM20C,0.9811803223915376,0.47244094488188976,0.9331994464922055
PRKAR1B,0.13396166388675557,0.952755905511811,0.9944898714583753
AC147651.3,0.36661774012183024,0.6692913385826772,0.967634523772178
DNAAF5,-0.6358272658723712,0.4251968503937008,0.9130051051310895
SUN1,-0.3454022059364479,0.4094488188976378,0.9090035743434535
ADAP1,0.4088773271278314,0.7874015748031497,0.9775940764002741
COX19,-0.5498093895917857,0.2047244094488189,0.8179316528497794
C7orf50,0.509539681713655,0.5984251968503937,0.9608942225121786
GPER1,0.1148038704381471,0.905511811023622,0.9899212869522312
ZFAND2A,-0.874188949982063,0.11023622047244094,0.7341951946620201
AC091729.3,0.45947349218727696,0.48031496062992124,0.9342236316938177
INTS1,0.9210999337154953,0.5275590551181102,0.9452006713295411
PSMG3,-0.12866127804185812,0.6692913385826772,0.967634523772178
MAD1L1,-0.5168921527767785,0.6062992125984252,0.9608942225121786
MRM2,0.05162699631833334,0.9291338582677166,0.9923418376941026
NUDT1,0.08560675544041718,0.8976377952755905,0.9899212869522312
SNX8,1.3727464451084503,0.03937007874015748,0.6826476042030583
EIF3B,0.058387507124536775,0.9291338582677166,0.9923418376941026
CHST12,-0.6685576741346715,0.3700787401574803,0.8970171905992668
LFNG,0.5144727389828718,0.2440944881889764,0.8410862980163292
BRAT1,-0.10595100931104628,0.8740157480314961,0.9870953241817563
IQCE,0.43959040943266725,0.5196850393700787,0.9452006713295411
TTYH3,0.8057749982391318,0.09448818897637795,0.7290975019374097
AMZ1,-0.08099390551354535,0.937007874015748,0.9941472732331481
GNA12,-0.12031044347307329,0.6456692913385826,0.9653496962085154
CARD11,-0.3644877017366217,0.6535433070866141,0.966090961744307
FOXK1,-0.4493282774231404,0.4566929133858268,0.9233455416926752
AP5Z1,0.35546492880882763,0.7322834645669292,0.9726051513462561
AC092610.1,-0.3349340311474249,0.5590551181102362,0.9539915430764625
RNF216P1,0.6450294068466715,0.6220472440944882,0.9618483135188818
RBAK,0.9333528622030478,0.33858267716535434,0.8824827791252136
WIPI2,0.4036335458485789,0.2125984251968504,0.8224832770104163
TNRC18,1.2791505859169265,0.2283464566929134,0.8336385014247465
AC092171.2,-0.39982921799630544,0.5354330708661418,0.9479419337985596
ACTB,0.405076012126262,0.07086614173228346,0.7107880171694956
FSCN1,0.7365754256905914,0.48031496062992124,0.9342236316938177
RNF216,-0.15806717722941155,0.3228346456692913,0.8759501889864706
CCZ1,0.07701263178884732,0.9448818897637795,0.9944898714583753
PMS2,-0.34713156830326763,0.4566929133858268,0.9233455416926752
AIMP2,0.894212969131384,0.3700787401574803,0.8970171905992668
EIF2AK1,0.02613526541173883,0.84251968503937,0.9823595446327953
USP42,-0.7101078766367963,0.2677165354330709,0.8534808525440345
CYTH3,1.2335250782597957,0.031496062992125984,0.6826476042030583
FAM220A,0.04980761507293696,0.84251968503937,0.9823595446327953
RAC1,0.49135624542905987,0.10236220472440945,0.7341951946620201
DAGLB,0.33057348896479066,0.5984251968503937,0.9608942225121786
KDELR2,-0.08228569127193541,0.7401574803149606,0.9726051513462561
ZDHHC4,1.487131789357846,0.06299212598425197,0.6963124387519445
C7orf26,0.180979314629913,0.7086614173228346,0.9697087411223303
ZNF316,-0.41043545038293905,0.7165354330708661,0.9697087411223303
ZNF12,-0.7491374660257462,0.28346456692913385,0.8574144950147485
CCZ1B,-0.11204466230739651,0.889763779527559,0.9886177730539346
C1GALT1,-0.6649771365669626,0.13385826771653545,0.7606862900526696
MIOS,0.35394287212338593,0.4409448818897638,0.9193107263430548
RPA3,0.04672274241707619,0.9133858267716536,0.9910228417757366
UMAD1,-0.5592219662364757,0.3464566929133858,0.8873455246406359
GLCCI1,-1.0351123471571628,0.047244094488188976,0.6826476042030583
ICA1,1.4739012659388975,0.10236220472440945,0.7341951946620201
NDUFA4,-0.2330349929702633,0.10236220472440945,0.7341951946620201
PHF14,-0.1608458323656885,0.6850393700787402,0.9695596467319408
TMEM106B,0.6441313152761765,0.14960629921259844,0.7739916929935694
AC013470.3,-0.3402722241563021,0.6377952755905512,0.962871484045595
ARL4A,0.6223263202520064,0.023622047244094488,0.6826476042030583
ANKMY2,-0.4442519734100845,0.11023622047244094,0.7341951946620201
BZW2,0.012366675886281264,0.9763779527559056,0.9988002758044506
TSPAN13,-0.9905958237270767,0.15748031496062992,0.7813115157480315
AHR,1.1275896087835733,0.10236220472440945,0.7341951946620201
SNX13,0.06557682582531754,0.7874015748031497,0.9775940764002741
HDAC9,-0.6507250869023782,0.03937007874015748,0.6826476042030583
TWISTNB,0.7376768986666287,0.1968503937007874,0.8133366461918351
RPL21P75,-1.228523843845088,0.015748031496062992,0.6826476042030583
MACC1,0.7859351178273015,0.14960629921259844,0.7739916929935694
AC005083.1,1.3702285856408207,0.14960629921259844,0.7739916929935694
ITGB8,0.4375664263841168,0.5748031496062992,0.9559479904608623
RPL23P8,-0.566374553232091,0.14960629921259844,0.7739916929935694
SP4,-0.8474914722278073,0.13385826771653545,0.7606862900526696
CDCA7L,-1.1194452972399827,0.10236220472440945,0.7341951946620201
EEF1A1P6,-1.5079317578952773,0.023622047244094488,0.6826476042030583
IL6,-0.33102270243720433,0.7874015748031497,0.9775940764002741
TOMM7,-0.32509142918152456,0.2125984251968504,0.8224832770104163
FAM126A,0.43261874677710743,0.4015748031496063,0.9086765677539906
KLHL7,0.2129317726338673,0.4881889763779528,0.9357814954688165
NUPL2,0.1575612112145297,0.7086614173228346,0.9697087411223303
GPNMB,2.7558128441242884,0.11811023622047244,0.7364350074797351
MALSU1,-0.34670180313549137,0.5826771653543307,0.9597435711535928
TRA2A,-0.5950469689303368,0.023622047244094488,0.6826476042030583
CCDC126,0.4069720718056078,0.4094488188976378,0.9090035743434535
FAM221A,-0.4089478222628826,0.1732283464566929,0.8038630721031994
MPP6,-0.0864774450951038,0.8346456692913385,0.9819224384651066
GSDME,0.4509009335240015,0.3543307086614173,0.8915123476047269
OSBPL3,0.29451399562902303,0.2440944881889764,0.8410862980163292
CYCS,0.1987734947410722,0.4094488188976378,0.9090035743434535
C7orf31,-0.1495239744483321,0.5984251968503937,0.9608942225121786
NFE2L3,0.11968411361328446,0.7637795275590551,0.9726051513462561
AC004520.1,-0.014530525425128449,1.0,1.0
HNRNPA2B1,-0.0691452654990865,0.7086614173228346,0.9697087411223303
CBX3,0.13529956333005533,0.4330708661417323,0.9149090270901766
SNX10,-0.21267823387057305,0.5511811023622047,0.9514203834061379
SKAP2,-0.0739142903340948,0.7716535433070866,0.9760752568014447
HOTAIRM1,0.05718707141457324,0.968503937007874,0.9977263771544332
HOXA5,-0.09877000557988991,0.937007874015748,0.9941472732331481
HOXA9,0.5427018195533233,0.36220472440944884,0.8957091520102044
EIF4HP1,-0.20899167454270473,0.7165354330708661,0.9697087411223303
HIBADH,0.6940827617131382,0.11811023622047244,0.7364350074797351
TAX1BP1,-0.1033731939212883,0.6456692913385826,0.9653496962085154
JAZF1,-0.2669813166653263,0.4881889763779528,0.9357814954688165
CREB5,-0.05754063242279717,0.8346456692913385,0.9819224384651066
CPVL,0.4756794216678397,0.2125984251968504,0.8224832770104163
CHN2,-0.2535657977333363,0.5196850393700787,0.9452006713295411
SCRN1,0.01989859838885888,0.9606299212598425,0.9967290768663719
FKBP14,0.4150477778667363,0.5275590551181102,0.9452006713295411
PLEKHA8,0.33622897565311805,0.5433070866141733,0.9499646623191925
MTURN,-0.6216716659731585,0.33070866141732286,0.8811266433105555
ZNRF2,-0.1259544525831986,0.8031496062992126,0.9806560380447493
AC006978.1,-0.7122139238295859,0.2677165354330709,0.8534808525440345
LINC01176,-0.028071087864321553,0.984251968503937,0.9988002758044506
NOD1,0.043606759191986866,0.905511811023622,0.9899212869522312
GGCT,0.20281963261452063,0.6771653543307087,0.9685447258281904
AC005154.1,0.6340716850249075,0.1968503937007874,0.8133366461918351
GARS,-0.034287570662487,0.9133858267716536,0.9910228417757366
AQP1,2.0365182488379467,0.13385826771653545,0.7606862900526696
LSM5,0.2486148193606299,0.6456692913385826,0.9653496962085154
AVL9,-0.11137071693099765,0.8976377952755905,0.9899212869522312
DPY19L1P1,-0.06187451947951539,0.937007874015748,0.9941472732331481
AC018645.2,-1.2565836986481398,0.11023622047244094,0.7341951946620201
KBTBD2,-0.4830663617854878,0.1968503937007874,0.8133366461918351
RP9P,0.3229598972899148,0.6692913385826772,0.967634523772178
FKBP9,0.6717955290903586,0.36220472440944884,0.8957091520102044
NT5C3A,-0.5048004098460659,0.6535433070866141,0.966090961744307
RP9,0.9984826364784487,0.33858267716535434,0.8824827791252136
BBS9,0.5750545713694581,0.3858267716535433,0.901137518714905
DPY19L1,0.7377312817786645,0.1968503937007874,0.8133366461918351
HERPUD2,-0.2430873672346694,0.15748031496062992,0.7813115157480315
AC018647.2,0.7539202833841845,0.41732283464566927,0.9107246259166057
SEPT7,0.20849392563861802,0.5511811023622047,0.9514203834061379
EEPD1,1.320878131837466,0.11811023622047244,0.7364350074797351
ANLN,0.42174175303462746,0.6614173228346457,0.967634523772178
AOAH,0.7751533692830677,0.023622047244094488,0.6826476042030583
ELMO1,0.005544813182670083,0.9921259842519685,1.0
GPR141,0.5596481530365618,0.5354330708661418,0.9479419337985596
EPDR1,0.5390222831620677,0.5590551181102362,0.9539915430764625
NME8,-0.5794139805271543,0.30708661417322836,0.868085262990023
STARD3NL,0.16650681306241832,0.6220472440944882,0.9618483135188818
TRGC2,-0.5138399266430769,0.4566929133858268,0.9233455416926752
TRGC1,-0.231259941920406,0.8582677165354331,0.9837431881343323
AC006033.2,0.23190701455154272,0.7637795275590551,0.9726051513462561
TRG-AS1,0.6456924050259931,0.1968503937007874,0.8133366461918351
VPS41,0.045949947176647576,0.6299212598425197,0.962871484045595
YAE1D1,0.13212097471626416,0.7480314960629921,0.9726051513462561
RALA,0.6157998778638083,0.06299212598425197,0.6963124387519445
LINC00265,-0.2715916896166042,0.7795275590551181,0.9769863358554425
AC004987.2,-0.25037220137138827,0.5275590551181102,0.9452006713295411
RWDD4P2,0.31050168740974105,0.5826771653543307,0.9597435711535928
CDK13,-0.04686407300835249,0.889763779527559,0.9886177730539346
MPLKIP,-0.24381061760057854,0.3228346456692913,0.8759501889864706
INHBA,1.459364290976195,0.44881889763779526,0.9212102163700125
PSMA2,0.4533030927142869,0.47244094488188976,0.9331994464922055
MRPL32,-0.11316102955433038,0.8031496062992126,0.9806560380447493
STK17A,-0.38995910400574285,0.2755905511811024,0.853725753792971
COA1,-0.28029678383184553,0.5118110236220472,0.9438814884599421
BLVRA,0.2991691033641253,0.5984251968503937,0.9608942225121786
MRPS24,0.5787015424677044,0.4881889763779528,0.9357814954688165
URGCP,-0.18425590209100307,0.8267716535433071,0.9819224384651066
UBE2D4,0.3506274851569975,0.4015748031496063,0.9086765677539906
POLR2J4,0.2618420066304492,0.6614173228346457,0.967634523772178
RASA4CP,-1.0433788358119795,0.07874015748031496,0.7107880171694956
DBNL,-0.05907645553365537,0.8188976377952756,0.9819224384651066
POLM,-0.183292142979798,0.6929133858267716,0.9695596467319408
AEBP1,-0.23086103466302976,0.8346456692913385,0.9819224384651066
POLD2,-0.6384929783278657,0.6456692913385826,0.9653496962085154
YKT6,0.4437098559783399,0.1889763779527559,0.8133366461918351
NUDCD3,-0.5611249225908406,0.4094488188976378,0.9090035743434535
AC004453.1,-0.5157593645728307,0.23622047244094488,0.8382889691177539
DDX56,1.1357263006396403,0.2755905511811024,0.853725753792971
TMED4,0.13287908801751858,0.33858267716535434,0.8824827791252136
OGDH,0.17071014746074287,0.6141732283464567,0.9618483135188818
ZMIZ2,0.16832913891985157,0.7559055118110236,0.9726051513462561
PPIA,0.2417116531563721,0.25984251968503935,0.8512406093679867
H2AFV,-0.03458852671025525,0.9448818897637795,0.9944898714583753
PURB,-0.46165377186818723,0.14960629921259844,0.7739916929935694
AC004847.1,0.5245280602909319,0.47244094488188976,0.9331994464922055
MYO1G,-0.32906484711334993,0.5433070866141733,0.9499646623191925
SNHG15,-0.5543514189352443,0.08661417322834646,0.7251724549592804
CCM2,-0.40833930505583194,0.6771653543307087,0.9685447258281904
TBRG4,1.1894780441290163,0.14960629921259844,0.7739916929935694
SEPT7P2,-0.9714093577042435,0.16535433070866143,0.7925152280493241
IGFBP3,-0.8825448315713857,0.48031496062992124,0.9342236316938177
TNS3,0.513754356560808,0.28346456692913385,0.8574144950147485
HUS1,0.29665851978295077,0.1889763779527559,0.8133366461918351
UPP1,-0.20064404201821162,0.8188976377952756,0.9819224384651066
IKZF1,-0.18842740684444603,0.5748031496062992,0.9559479904608623
FIGNL1,1.4573155824295556,0.08661417322834646,0.7251724549592804
GRB10,0.5386753029403153,0.4645669291338583,0.9271628797814478
COBL,-1.6936300692671213,0.09448818897637795,0.7290975019374097
HAUS6P1,0.0624609034792134,0.9133858267716536,0.9910228417757366
SEC61G,-0.4818528219113327,0.31496062992125984,0.8705799696691885
LANCL2,-0.36447989194641695,0.4645669291338583,0.9271628797814478
VOPP1,0.4803662437193559,0.25196850393700787,0.8470756930926249
PSPHP1,-0.22186239990868195,0.7322834645669292,0.9726051513462561
ZNF713,-0.4966369300816025,0.4409448818897638,0.9193107263430548
NIPSNAP2,-0.1100042156003811,0.7952755905511811,0.978664400309132
MRPS17,0.5337555101716314,0.4645669291338583,0.9271628797814478
PSPH,0.5039265277483891,0.5354330708661418,0.9479419337985596
CCT6A,-0.003005259090829604,0.984251968503937,0.9988002758044506
SUMF2,0.20973187131146398,0.6535433070866141,0.966090961744307
CHCHD2,-0.09992168642172494,0.5590551181102362,0.9539915430764625
AC006970.2,-1.0169326731350088,0.14173228346456693,0.7686343861159114
AC073136.2,1.0481499051134118,0.16535433070866143,0.7925152280493241
AC099654.2,0.2142250102208112,0.7559055118110236,0.9726051513462561
ZNF736,-1.1130100936849465,0.015748031496062992,0.6826476042030583
ZNF680,0.17180329376461234,0.8267716535433071,0.9819224384651066
ZNF107,0.8344350180475186,0.3858267716535433,0.901137518714905
ZNF138,0.09383276779464422,0.9133858267716536,0.9910228417757366
ZNF273,-0.032165056249609414,0.9606299212598425,0.9967290768663719
ZNF117,0.01607496687670995,0.9763779527559056,0.9988002758044506
ERV3-1,-0.6994510567805334,0.4015748031496063,0.9086765677539906
CCT6P3,-0.12664590529331576,0.8188976377952756,0.9819224384651066
ZNF92,-0.38872658576343344,0.4881889763779528,0.9357814954688165
CCT6P1,-1.194832540349715,0.07874015748031496,0.7107880171694956
VKORC1L1,-0.10966949920352498,0.7559055118110236,0.9726051513462561
GUSB,0.14726065593324122,0.7244094488188977,0.9716680124035083
CRCP,0.26396829420866297,0.4251968503937008,0.9130051051310895
TPST1,-0.2763655921431576,0.6929133858267716,0.9695596467319408
LINC00174,-0.3481541897326399,0.49606299212598426,0.9378529417969822
AC006001.3,0.09321240832400646,0.8346456692913385,0.9819224384651066
RPL35P5,-0.07281930731871533,0.84251968503937,0.9823595446327953
KCTD7,0.12363263753446185,0.8661417322834646,0.9853875082167936
RABGEF1,-0.12960456252652808,0.7165354330708661,0.9697087411223303
AC073335.2,0.23879127219087826,0.7716535433070866,0.9760752568014447
AC073335.1,-0.9205857133359792,0.1968503937007874,0.8133366461918351
TMEM248,0.14120637567369787,0.3858267716535433,0.901137518714905
SBDS,-0.23754807438610737,0.5984251968503937,0.9608942225121786
TYW1,0.2731532659419482,0.6062992125984252,0.9608942225121786
STAG3L4,-0.21817876199772357,0.6141732283464567,0.9618483135188818
AUTS2,-0.9169753738181416,0.03937007874015748,0.6826476042030583
TYW1B,0.6113212704752455,0.5984251968503937,0.9608942225121786
SBDSP1,-0.48630511720958225,0.15748031496062992,0.7813115157480315
POM121,-0.16042351486491935,0.6535433070866141,0.966090961744307
NCF1B,0.21678189223974131,0.7559055118110236,0.9726051513462561
NSUN5,-0.07873196271706817,0.8267716535433071,0.9819224384651066
BAZ1B,0.1512347600127253,0.6614173228346457,0.967634523772178
BCL7B,-0.18848175603208883,0.4645669291338583,0.9271628797814478
TBL2,0.40182689046479103,0.4330708661417323,0.9149090270901766
DNAJC30,0.9720864882584594,0.2283464566929134,0.8336385014247465
BUD23,-0.3634406149419869,0.28346456692913385,0.8574144950147485
ABHD11,0.1543318692229647,0.4409448818897638,0.9193107263430548
LIMK1,0.5815895974875058,0.3228346456692913,0.8759501889864706
EIF4H,0.07422610343738256,0.7716535433070866,0.9760752568014447
LAT2,0.24612051739340757,0.3779527559055118,0.90080276839105
RFC2,-0.37634314022658044,0.36220472440944884,0.8957091520102044
CLIP2,1.6554271667262692,0.2047244094488189,0.8179316528497794
GTF2IRD1,0.7439579887792003,0.5275590551181102,0.9452006713295411
GTF2I,-0.01275193677399944,0.968503937007874,0.9977263771544332
NCF1,-1.028708518720912,0.11023622047244094,0.7341951946620201
STAG3L2,-0.6235678481722844,0.14960629921259844,0.7739916929935694
RCC1L,0.48315830950906236,0.5354330708661418,0.9479419337985596
NCF1C,-0.7636410738633477,0.5196850393700787,0.9452006713295411
NSUN5P1,-0.4995569570006553,0.6062992125984252,0.9608942225121786
POM121C,-0.44003495188607467,0.10236220472440945,0.7341951946620201
PMS2P3,0.14378809784080726,0.905511811023622,0.9899212869522312
HIP1,-0.2565393348057805,0.4566929133858268,0.9233455416926752
RHBDD2,0.8314392454392809,0.33858267716535434,0.8824827791252136
POR,-0.3865146827032304,0.7637795275590551,0.9726051513462561
TMEM120A,-0.33709905069368595,0.5354330708661418,0.9479419337985596
STYXL1,0.5574866395579763,0.11811023622047244,0.7364350074797351
MDH2,0.11503196814133965,0.5748031496062992,0.9559479904608623
HSPB1,0.8951533793956958,0.4881889763779528,0.9357814954688165
YWHAG,0.15097781873746285,0.6141732283464567,0.9618483135188818
DTX2,0.13579885567586336,0.905511811023622,0.9899212869522312
AC004980.1,-0.4503070475678459,0.44881889763779526,0.9212102163700125
CCDC146,-0.7651552831732982,0.08661417322834646,0.7251724549592804
FGL2,0.18520594645367972,0.4645669291338583,0.9271628797814478
GSAP,0.26138035273297344,0.33070866141732286,0.8811266433105555
AC004921.1,0.4237630697505814,0.6062992125984252,0.9608942225121786
PTPN12,0.639849132994601,0.2283464566929134,0.8336385014247465
APTR,0.7341998259650926,0.29133858267716534,0.8583371233084381
RSBN1L,-0.12098092346180778,0.7007874015748031,0.9697087411223303
TMEM60,0.5036434786641992,0.28346456692913385,0.8574144950147485
PHTF2,0.3891967554260489,0.13385826771653545,0.7606862900526696
MAGI2-AS3,0.5544021025438581,0.33858267716535434,0.8824827791252136
GNAI1,-0.5477485769925146,0.4330708661417323,0.9149090270901766
CD36,-0.5553970257397873,0.25984251968503935,0.8512406093679867
SEMA3C,-0.9403023144360514,0.07086614173228346,0.7107880171694956
HGF,0.40381594787722364,0.1968503937007874,0.8133366461918351
SEMA3A,0.9829566785428456,0.36220472440944884,0.8957091520102044
DMTF1,-0.2568707339754228,0.23622047244094488,0.8382889691177539
TMEM243,-0.2306925174538179,0.6771653543307087,0.9685447258281904
TP53TG1,-0.7662627170678191,0.1889763779527559,0.8133366461918351
CROT,0.567232988609768,0.5511811023622047,0.9514203834061379
ABCB4,2.0583690911507677,0.015748031496062992,0.6826476042030583
SLC25A40,0.8036568586671184,0.2283464566929134,0.8336385014247465
DBF4,-0.23840336082664937,0.48031496062992124,0.9342236316938177
SRI,0.32894476683780205,0.48031496062992124,0.9342236316938177
STEAP4,-0.517429058220019,0.48031496062992124,0.9342236316938177
STEAP1,0.9032416134559729,0.25984251968503935,0.8512406093679867
GTPBP10,-0.30890466394269245,0.5826771653543307,0.9597435711535928
CDK14,0.7611099840017692,0.023622047244094488,0.6826476042030583
AC002456.1,0.64441642837824,0.5433070866141733,0.9499646623191925
FZD1,1.1958253986660723,0.06299212598425197,0.6963124387519445
MTERF1,1.0817203074640385,0.14173228346456693,0.7686343861159114
AKAP9,-0.5300516518208127,0.15748031496062992,0.7813115157480315
KRIT1,0.08565189672306195,0.8503937007874016,0.9835944261634448
ANKIB1,0.07199218067222368,0.7401574803149606,0.9726051513462561
GATAD1,0.21665615345958056,0.5354330708661418,0.9479419337985596
PEX1,0.08493345323492729,0.7401574803149606,0.9726051513462561
RBM48,0.10658242831435905,0.8188976377952756,0.9819224384651066
FAM133B,-0.2410853192361171,0.5196850393700787,0.9452006713295411
CDK6,0.5139674727378258,0.1968503937007874,0.8133366461918351
SAMD9,-0.563280367676156,0.3779527559055118,0.90080276839105
SAMD9L,-0.11933689901241173,0.8582677165354331,0.9837431881343323
VPS50,0.26310203205444527,0.4881889763779528,0.9357814954688165
GNG11,-0.17618145996626344,0.8110236220472441,0.9806560380447493
BET1,0.06260065254368286,0.8740157480314961,0.9870953241817563
COL1A2,-0.3056311283331512,0.8267716535433071,0.9819224384651066
CASD1,-0.707756547320396,0.13385826771653545,0.7606862900526696
PON2,0.1298551525745708,0.7874015748031497,0.9775940764002741
PDK4,-1.003459537692465,0.31496062992125984,0.8705799696691885
SLC25A13,0.30878201095177626,0.4645669291338583,0.9271628797814478
SEM1,-0.02474838009665259,0.9606299212598425,0.9967290768663719
SDHAF3,-1.0395970480219905,0.07086614173228346,0.7107880171694956
OR7E38P,-0.9529180262745158,0.3779527559055118,0.90080276839105
LMTK2,-0.06649260672505042,0.9212598425196851,0.9916034965968238
TECPR1,-0.31993425060610026,0.5275590551181102,0.9452006713295411
BRI3,0.19601897005609192,0.5275590551181102,0.9452006713295411
BAIAP2L1,0.16456160763108296,0.8976377952755905,0.9899212869522312
RPS3AP26,-0.2347192103644895,0.4409448818897638,0.9193107263430548
NPTX2,-1.248310392169826,0.13385826771653545,0.7606862900526696
TRRAP,0.15349243877064067,0.8818897637795275,0.9879934629764293
SMURF1,0.4090711088166765,0.7244094488188977,0.9716680124035083
ARPC1A,-0.006170393856259615,1.0,1.0
ARPC1B,0.012855409307956478,0.968503937007874,0.9977263771544332
PDAP1,0.13812019294798095,0.5905511811023622,0.9608942225121786
BUD31,0.3966931809507033,0.29133858267716534,0.8583371233084381
CPSF4,-0.11420211627322008,0.9133858267716536,0.9910228417757366
ATP5J2,0.23330910332514598,0.28346456692913385,0.8574144950147485
ZNF789,0.721993030286268,0.33858267716535434,0.8824827791252136
ZNF394,-0.36359599827371714,0.33858267716535434,0.8824827791252136
ZKSCAN5,0.3537086921064714,0.6692913385826772,0.967634523772178
FAM200A,0.6154653841839359,0.33070866141732286,0.8811266433105555
ZNF655,-0.1027815800570071,0.7007874015748031,0.9697087411223303
ZSCAN25,-0.48184289902396893,0.4330708661417323,0.9149090270901766
TRIM4,0.17853151780863286,0.6377952755905512,0.962871484045595
ZKSCAN1,-0.006981386478189577,1.0,1.0
ZSCAN21,-0.016671875621927734,0.952755905511811,0.9944898714583753
ZNF3,0.3185006409743094,0.8346456692913385,0.9819224384651066
COPS6,0.14575514870629913,0.25196850393700787,0.8470756930926249
MCM7,0.31113227295775037,0.7086614173228346,0.9697087411223303
AP4M1,0.6215920820939043,0.4015748031496063,0.9086765677539906
CNPY4,-0.05140423526593674,0.8976377952755905,0.9899212869522312
LAMTOR4,-0.47304103122446417,0.41732283464566927,0.9107246259166057
C7orf43,0.07963568777034169,0.7559055118110236,0.9726051513462561
GAL3ST4,1.6289104617232404,0.08661417322834646,0.7251724549592804
STAG3,0.6663041126740188,0.1968503937007874,0.8133366461918351
PMS2P1,-0.20319423010082405,0.6771653543307087,0.9685447258281904
STAG3L5P-PVRIG2P-PILRB,0.563196733912781,0.48031496062992124,0.9342236316938177
PILRA,-0.007298978861466132,0.984251968503937,0.9988002758044506
ZCWPW1,-0.9690535926285444,0.3858267716535433,0.901137518714905
MEPCE,0.0393010154898743,0.9133858267716536,0.9910228417757366
TSC22D4,-1.1353487626656582,0.4881889763779528,0.9357814954688165
AGFG2,0.6113480842532608,0.7086614173228346,0.9697087411223303
PCOLCE,-1.4308446799224024,0.1968503937007874,0.8133366461918351
MOSPD3,0.5179138811232948,0.5196850393700787,0.9452006713295411
GNB2,0.16840850594709966,0.9291338582677166,0.9923418376941026
GIGYF1,-0.3748310668285013,0.49606299212598426,0.9378529417969822
POP7,0.4878957953185141,0.4094488188976378,0.9090035743434535
EPHB4,0.8974949522266131,0.18110236220472442,0.8073643742935083
SLC12A9,0.28891462788967726,0.5039370078740157,0.939868419531259
TRIP6,0.8883124773250777,0.4881889763779528,0.9357814954688165
SRRT,-0.06599329857002889,0.7637795275590551,0.9726051513462561
ACHE,-0.36755430913096543,0.7322834645669292,0.9726051513462561
TRIM56,-0.31480367606062387,0.3937007874015748,0.9060325603890926
SERPINE1,0.18816158687018625,0.8188976377952756,0.9819224384651066
AP1S1,-0.3284665943067191,0.8188976377952756,0.9819224384651066
PLOD3,1.2114721192798297,0.23622047244094488,0.8382889691177539
ZNHIT1,0.10202550083760542,0.8740157480314961,0.9870953241817563
CLDN15,0.21838818499383494,0.8503937007874016,0.9835944261634448
FIS1,0.24636469586754828,0.5748031496062992,0.9559479904608623
IFT22,-0.9392286092713809,0.33070866141732286,0.8811266433105555
COL26A1,-1.5646844513184341,0.29133858267716534,0.8583371233084381
CUX1,-0.36810350857737806,0.1889763779527559,0.8133366461918351
PRKRIP1,-0.6560304381832429,0.08661417322834646,0.7251724549592804
ORAI2,0.3430505437015219,0.2755905511811024,0.853725753792971
ALKBH4,0.7921438874845892,0.30708661417322836,0.868085262990023
LRWD1,-1.2959660005848057,0.1968503937007874,0.8133366461918351
POLR2J,0.18607486234275417,0.8110236220472441,0.9806560380447493
POLR2J3,0.3908154994455657,0.48031496062992124,0.9342236316938177
RASA4,0.5277751724946165,0.4251968503937008,0.9130051051310895
ARMC10,-0.04519345379298212,0.8503937007874016,0.9835944261634448
NAPEPLD,-0.27990470419686275,0.48031496062992124,0.9342236316938177
AC007683.1,-0.11809577416331352,0.889763779527559,0.9886177730539346
PMPCB,-0.6573149769046926,0.12598425196850394,0.7505281352026119
DNAJC2,0.16093970417497783,0.7480314960629921,0.9726051513462561
PSMC2,0.1550166347967128,0.6220472440944882,0.9618483135188818
ORC5,0.2552055846808674,0.84251968503937,0.9823595446327953
EIF4BP6,-0.31858383235963394,0.1968503937007874,0.8133366461918351
AC007384.1,0.36557066262727433,0.48031496062992124,0.9342236316938177
LINC01004,-0.5591928616607114,0.4251968503937008,0.9130051051310895
KMT2E-AS1,-0.8488835365730423,0.2125984251968504,0.8224832770104163
KMT2E,-0.23133801301453882,0.11811023622047244,0.7364350074797351
SRPK2,-0.1222461330958593,0.6850393700787402,0.9695596467319408
RWDD4P1,-0.3355420475124826,0.6929133858267716,0.9695596467319408
PUS7,0.6152481407024442,0.5669291338582677,0.954855712655332
RINT1,0.36880698725279126,0.6062992125984252,0.9608942225121786
YBX1P2,-0.02841351358254185,0.9606299212598425,0.9967290768663719
ATXN7L1,1.0104339334085992,0.11023622047244094,0.7341951946620201
SYPL1,0.0066972487287184634,1.0,1.0
NAMPT,0.36168594628833617,0.1968503937007874,0.8133366461918351
CCDC71L,-0.3647126074048792,0.4251968503937008,0.9130051051310895
PIK3CG,-0.5400955237474365,0.06299212598425197,0.6963124387519445
PRKAR2B,-0.13295766130425513,0.8110236220472441,0.9806560380447493
HBP1,-0.33748988146510417,0.44881889763779526,0.9212102163700125
COG5,0.6439678945837528,0.11811023622047244,0.7364350074797351
DUS4L,-0.6937735534111682,0.2047244094488189,0.8179316528497794
BCAP29,0.704127175204623,0.047244094488188976,0.6826476042030583
CBLL1,-0.4664211707984869,0.3543307086614173,0.8915123476047269
DLD,0.17678583405045423,0.6456692913385826,0.9653496962085154
LAMB1,1.5489515775616884,0.11811023622047244,0.7364350074797351
PNPLA8,0.09450630634729862,0.8110236220472441,0.9806560380447493
RPL7P32,-0.06506874592709222,0.84251968503937,0.9823595446327953
THAP5,-0.3097144734212627,0.4330708661417323,0.9149090270901766
DNAJB9,-0.3105533087291077,0.1889763779527559,0.8133366461918351
IMMP2L,-0.4903883843440433,0.5590551181102362,0.9539915430764625
DOCK4,1.3429295467913551,0.031496062992125984,0.6826476042030583
ZNF277,0.12143954474996033,0.6299212598425197,0.962871484045595
IFRD1,-0.5854991792117499,0.14960629921259844,0.7739916929935694
LSMEM1,-0.15261438415220874,0.8661417322834646,0.9853875082167936
TMEM168,-0.3657412241963467,0.1889763779527559,0.8133366461918351
BMT2,-0.25764716292532563,0.5748031496062992,0.9559479904608623
GPR85,-0.13659444903884244,0.8031496062992126,0.9806560380447493
SMIM30,0.30510175460003186,0.4094488188976378,0.9090035743434535
MDFIC,-0.2864601486678682,0.31496062992125984,0.8705799696691885
TFEC,0.3090565396327474,0.49606299212598426,0.9378529417969822
AC073130.3,0.6264983633751844,0.48031496062992124,0.9342236316938177
TES,0.3544069775910135,0.1889763779527559,0.8133366461918351
CAV1,2.1122358747151466,0.023622047244094488,0.6826476042030583
CAPZA2,0.2036105750478514,0.48031496062992124,0.9342236316938177
ST7,0.29739528359688183,0.5826771653543307,0.9597435711535928
CTTNBP2,-0.04925051824174331,0.9291338582677166,0.9923418376941026
LSM8,-0.05090079451353624,0.9133858267716536,0.9910228417757366
ING3,-0.005756893520425521,0.984251968503937,0.9988002758044506
CPED1,0.13483390565505537,0.6377952755905512,0.962871484045595
FAM3C,0.6112245132284873,0.16535433070866143,0.7925152280493241
NDUFA5,-0.20320117605374577,0.4645669291338583,0.9271628797814478
WASL,0.2290659393031924,0.6456692913385826,0.9653496962085154
AC006333.2,0.4078049690111234,0.5039370078740157,0.939868419531259
POT1,-0.06942475937817694,0.8661417322834646,0.9853875082167936
AC010099.1,-0.13439402095767639,0.84251968503937,0.9823595446327953
ZNF800,-0.5283487605293251,0.2047244094488189,0.8179316528497794
GCC1,-0.9903011577782732,0.031496062992125984,0.6826476042030583
ARF5,-0.6188201515261584,0.5275590551181102,0.9452006713295411
SND1,0.29419993908110964,0.10236220472440945,0.7341951946620201
LRRC4,-0.9153613003103107,0.09448818897637795,0.7290975019374097
RBM28,-0.1132782094453253,0.8267716535433071,0.9819224384651066
IMPDH1,0.7021290522087389,0.3464566929133858,0.8873455246406359
HILPDA,0.19045061498378235,0.7165354330708661,0.9697087411223303
METTL2B,0.08999836883051682,0.8503937007874016,0.9835944261634448
AC090114.2,1.1042512677777903,0.09448818897637795,0.7290975019374097
AC090114.1,0.6468902620220955,0.5433070866141733,0.9499646623191925
AC018638.5,0.07623332397573424,0.8582677165354331,0.9837431881343323
CALU,0.5620261559291198,0.23622047244094488,0.8382889691177539
ATP6V1F,0.4242019731740969,0.33070866141732286,0.8811266433105555
IRF5,0.6149755242908421,0.2204724409448819,0.8287127766916084
TNPO3,0.2551872530932222,0.25196850393700787,0.8470756930926249
TSPAN33,0.6610593226371524,0.25984251968503935,0.8512406093679867
AHCYL2,-0.48365365039141084,0.10236220472440945,0.7341951946620201
AC009244.1,-0.6341768573165925,0.2755905511811024,0.853725753792971
AC078846.1,-0.18258778901375727,0.8110236220472441,0.9806560380447493
NRF1,0.10074481398039081,0.889763779527559,0.9886177730539346
UBE2H,0.008097154394410389,0.952755905511811,0.9944898714583753
ZC3HC1,-0.3096363276212337,0.8188976377952756,0.9819224384651066
KLHDC10,0.9428727339864502,0.06299212598425197,0.6963124387519445
TMEM209,-0.0943240698522878,0.7952755905511811,0.978664400309132
CEP41,0.6956643760289434,0.25984251968503935,0.8512406093679867
MEST,0.10251553591039508,0.9448818897637795,0.9944898714583753
COPG2,-0.01800162158753249,0.9448818897637795,0.9944898714583753
LINC00513,-0.3538980418566742,0.7244094488188977,0.9716680124035083
AC016831.1,0.026877205876857158,0.984251968503937,0.9988002758044506
AC016831.5,-0.9886895582943649,0.2283464566929134,0.8336385014247465
AC058791.1,0.3743345054005651,0.8661417322834646,0.9853875082167936
LINC-PINT,0.058152003798395135,0.8267716535433071,0.9819224384651066
MKLN1,-0.19043600935447724,0.33070866141732286,0.8811266433105555
AC009362.1,0.1264915919664995,0.8661417322834646,0.9853875082167936
PODXL,1.3399297188514443,0.047244094488188976,0.6826476042030583
EEF1B2P6,-0.11253119910144083,0.6377952755905512,0.962871484045595
PLXNA4,-1.7028531260666675,0.03937007874015748,0.6826476042030583
CHCHD3,-0.12515092284377527,0.6929133858267716,0.9695596467319408
AC008038.1,-0.1568915128046049,0.6456692913385826,0.9653496962085154
EXOC4,0.09835539630671342,0.7165354330708661,0.9697087411223303
SLC35B4,0.02319591930653564,0.9606299212598425,0.9967290768663719
AKR1B1,1.3850882861327056,0.03937007874015748,0.6826476042030583
BPGM,-0.3701660656817358,0.6535433070866141,0.966090961744307
CALD1,1.4881873381071802,0.1889763779527559,0.8133366461918351
AGBL3,0.5504916180379196,0.36220472440944884,0.8957091520102044
TMEM140,1.4063452574220103,0.07086614173228346,0.7107880171694956
WDR91,0.2492004507758523,0.4094488188976378,0.9090035743434535
CNOT4,0.05030556944665232,0.7795275590551181,0.9769863358554425
NUP205,-0.5363093021549901,0.16535433070866143,0.7925152280493241
STMP1,0.08361821682017467,0.7637795275590551,0.9726051513462561
MTPN,-0.031224363078843353,0.7559055118110236,0.9726051513462561
AC090498.1,0.1635254724345483,0.5905511811023622,0.9608942225121786
AC009245.1,-1.0227702321598913,0.11811023622047244,0.7364350074797351
CREB3L2,-0.4596770341775329,0.11023622047244094,0.7341951946620201
AC024082.2,0.09902838414316162,0.8976377952755905,0.9899212869522312
TRIM24,-0.18463475947489094,0.6377952755905512,0.962871484045595
ZC3HAV1,-1.1094503431057001,0.11811023622047244,0.7364350074797351
AC018644.1,-0.3857634560396459,0.6771653543307087,0.9685447258281904
TTC26,0.10798465459557383,0.8110236220472441,0.9806560380447493
UBN2,0.3811612988139137,0.6220472440944882,0.9618483135188818
FMC1,0.3699820422240181,0.6377952755905512,0.962871484045595
LUC7L2,0.02006071832726697,0.952755905511811,0.9944898714583753
HIPK2,0.23460377283838607,0.5275590551181102,0.9452006713295411
TBXAS1,0.1285209457774954,0.7322834645669292,0.9726051513462561
PARP12,-0.1410848303639276,0.7322834645669292,0.9726051513462561
KDM7A,0.5434318406985863,0.05511811023622047,0.6931238793170655
JHDM1D-AS1,0.2966886064553007,0.6141732283464567,0.9618483135188818
SLC37A3,-0.3139186727273626,0.6929133858267716,0.9695596467319408
MKRN1,-0.23812240157076658,0.5275590551181102,0.9452006713295411
ADCK2,0.35616367016935424,0.06299212598425197,0.6963124387519445
NDUFB2,0.21099026566698775,0.3779527559055118,0.90080276839105
BRAF,0.17246474278692503,0.7165354330708661,0.9697087411223303
MRPS33,-0.16466624001682373,0.5748031496062992,0.9559479904608623
AGK,-0.3713467159798296,0.4015748031496063,0.9086765677539906
AC004918.1,0.19306302109407492,0.8110236220472441,0.9806560380447493
KIAA1147,-0.09183325005246168,0.8188976377952756,0.9819224384651066
SSBP1,0.13055821133689882,0.6377952755905512,0.962871484045595
MGAM,-0.07844960222628439,0.952755905511811,0.9944898714583753
CLEC5A,1.6578671052413316,0.023622047244094488,0.6826476042030583
TRBC1,-0.06873729123505257,0.9763779527559056,0.9988002758044506
TRBC2,-1.0365844692806085,0.16535433070866143,0.7925152280493241
EPHB6,0.8926867586381644,0.4251968503937008,0.9130051051310895
GSTK1,-0.100375604216012,0.5433070866141733,0.9499646623191925
CASP2,-0.41214577489605997,0.2125984251968504,0.8224832770104163
AC093673.1,1.0220996522757662,0.047244094488188976,0.6826476042030583
ZYX,0.4351634709687753,0.6614173228346457,0.967634523772178
EPHA1-AS1,-0.4120477049311251,0.5039370078740157,0.939868419531259
TCAF2,0.2928718821827865,0.6850393700787402,0.9695596467319408
TCAF1,-0.35316183884513874,0.5984251968503937,0.9608942225121786
TPK1,-0.23994425934999875,0.5354330708661418,0.9479419337985596
AC005229.4,0.39520607099952465,0.6535433070866141,0.966090961744307
CUL1,-0.48053592280884594,0.25984251968503935,0.8512406093679867
EZH2,0.26709730677312216,0.49606299212598426,0.9378529417969822
PDIA4,0.31693497934146997,0.2204724409448819,0.8287127766916084
ZNF786,-0.2379634132785191,0.7952755905511811,0.978664400309132
ZNF398,-0.06398098303505861,0.905511811023622,0.9899212869522312
ZNF282,1.0625931454361721,0.2204724409448819,0.8287127766916084
ZNF212,-0.8072227591025563,0.3464566929133858,0.8873455246406359
ZNF783,-0.5203150129714018,0.41732283464566927,0.9107246259166057
ZNF777,-0.4784070477391458,0.5984251968503937,0.9608942225121786
ZNF746,-0.1424540587891583,0.8188976377952756,0.9819224384651066
ZNF767P,-0.5604846134168788,0.5039370078740157,0.939868419531259
KRBA1,0.7621823335960878,0.3700787401574803,0.8970171905992668
ZNF467,-0.5394307138623113,0.6299212598425197,0.962871484045595
ZNF862,0.7980612602381933,0.4094488188976378,0.9090035743434535
LRRC61,0.6519954962049312,0.28346456692913385,0.8574144950147485
ZBED6CL,0.7892147862973946,0.4645669291338583,0.9271628797814478
REPIN1,-0.3535486305370563,0.2677165354330709,0.8534808525440345
ZNF775,0.6910552063560467,0.2283464566929134,0.8336385014247465
AC073111.5,-0.5226763512800185,0.6299212598425197,0.962871484045595
LINC00996,-0.8550799701628766,0.3228346456692913,0.8759501889864706
GIMAP8,0.6590139469634577,0.5433070866141733,0.9499646623191925
GIMAP7,-0.1180652084627658,0.9448818897637795,0.9944898714583753
GIMAP4,-0.5112436594760572,0.29133858267716534,0.8583371233084381
GIMAP6,0.6897636061527566,0.5669291338582677,0.954855712655332
GIMAP2,-0.013147123544197559,0.9763779527559056,0.9988002758044506
GIMAP1,0.15851967162503744,0.8582677165354331,0.9837431881343323
TMEM176B,2.704675214884384,0.023622047244094488,0.6826476042030583
TMEM176A,2.99331846836783,0.023622047244094488,0.6826476042030583
AOC1,0.3185560024072216,0.8346456692913385,0.9819224384651066
ABCB8,-0.48519576673194775,0.4015748031496063,0.9086765677539906
CDK5,0.869722294011904,0.5748031496062992,0.9559479904608623
FASTK,-0.5038436046186328,0.7637795275590551,0.9726051513462561
TMUB1,1.0885132112876845,0.2440944881889764,0.8410862980163292
AGAP3,0.6727699324843535,0.33858267716535434,0.8824827791252136
ABCF2,-0.1642229426405315,0.3464566929133858,0.8873455246406359
CHPF2,1.4863573050172505,0.11023622047244094,0.7341951946620201
SMARCD3,-1.1842976485754755,0.16535433070866143,0.7925152280493241
NUB1,-0.2592407962910137,0.44881889763779526,0.9212102163700125
RHEB,-0.027029169106197237,0.9448818897637795,0.9944898714583753
PRKAG2,-0.30122424890326727,0.23622047244094488,0.8382889691177539
AC093583.1,1.2790950001934185,0.047244094488188976,0.6826476042030583
PRKAG2-AS1,-0.8320998687012895,0.06299212598425197,0.6963124387519445
GALNT11,0.5582121031700744,0.2204724409448819,0.8287127766916084
KMT2C,0.1702258970563033,0.44881889763779526,0.9212102163700125
SEPT7P6,-0.5806949645925901,0.11811023622047244,0.7364350074797351
LINC01003,-0.892317881626115,0.2047244094488189,0.8179316528497794
XRCC2,0.3794699637995913,0.5433070866141733,0.9499646623191925
ACTR3B,-0.19414442945166588,0.7165354330708661,0.9697087411223303
PAXIP1-AS2,0.013900563023044432,1.0,1.0
PAXIP1,0.2699726413624739,0.4330708661417323,0.9149090270901766
AC093726.1,0.28195813810973314,0.6850393700787402,0.9695596467319408
PAXIP1-AS1,0.07563386583716292,0.905511811023622,0.9899212869522312
AC144652.1,-0.4496190918317624,0.29133858267716534,0.8583371233084381
INSIG1,0.7527273874891716,0.25196850393700787,0.8470756930926249
AC009403.1,-0.15666825339475854,0.7086614173228346,0.9697087411223303
RBM33,0.003956904762829616,0.9921259842519685,1.0
LINC01006,-0.5878427211711239,0.28346456692913385,0.8574144950147485
LMBR1,-0.8306900299969153,0.12598425196850394,0.7505281352026119
NOM1,-0.05601932942057264,0.8188976377952756,0.9819224384651066
UBE3C,-0.1009694376720951,0.7165354330708661,0.9697087411223303
RPS27AP12,0.04524020364896786,0.9291338582677166,0.9923418376941026
DNAJB6,-0.4222970995534432,0.2283464566929134,0.8336385014247465
PTPRN2,0.0813653218274899,0.952755905511811,0.9944898714583753
AC011899.3,0.4619914547370393,0.5275590551181102,0.9452006713295411
NCAPG2,-0.45480847114204703,0.5039370078740157,0.939868419531259
ESYT2,-0.16141199601931344,0.6220472440944882,0.9618483135188818
WDR60,-0.7935937776489679,0.03937007874015748,0.6826476042030583
PLCXD1,-0.002472349516313699,1.0,1.0
GTPBP6,0.19839246218082618,0.905511811023622,0.9899212869522312
CRLF2,-0.13397121738135276,0.889763779527559,0.9886177730539346
CSF2RA,0.33506878743778756,0.3543307086614173,0.8915123476047269
IL3RA,-1.4645654322173698,0.07086614173228346,0.7107880171694956
SLC25A6,-0.12121200426208212,0.7480314960629921,0.9726051513462561
ASMTL,-0.14423094231350087,0.8267716535433071,0.9819224384651066
P2RY8,-0.423138028743101,0.3700787401574803,0.8970171905992668
AKAP17A,-0.402762899326067,0.3228346456692913,0.8759501889864706
DHRSX,1.4564554019989204,0.11811023622047244,0.7364350074797351
ZBED1,-0.1124560024427872,0.6535433070866141,0.966090961744307
CD99P1,-0.6009144308476664,0.5433070866141733,0.9499646623191925
CD99,0.022158004029860123,0.952755905511811,0.9944898714583753
ARSD,-0.18611730263526116,0.6850393700787402,0.9695596467319408
MXRA5,-0.09486154404712965,0.8818897637795275,0.9879934629764293
PRKX,-0.2571320081090658,0.5433070866141733,0.9499646623191925
BX890604.1,0.6433104126655667,0.33070866141732286,0.8811266433105555
PUDP,0.4062789754984495,0.1889763779527559,0.8133366461918351
STS,-0.014063062392887016,0.984251968503937,0.9988002758044506
PNPLA4,0.6994010149551397,0.1968503937007874,0.8133366461918351
ANOS1,1.375224177946078,0.18110236220472442,0.8073643742935083
TBL1X,-0.0788690491082722,0.8661417322834646,0.9853875082167936
EIF5P1,0.03632792022826048,0.952755905511811,0.9944898714583753
WWC3,0.9408324298844377,0.03937007874015748,0.6826476042030583
CLCN4,1.300116722957347,0.14960629921259844,0.7739916929935694
HCCS,0.33628639107316527,0.6299212598425197,0.962871484045595
ARHGAP6,1.1763914985183457,0.07086614173228346,0.7107880171694956
MSL3,-0.4334105496945515,0.09448818897637795,0.7290975019374097
PRPS2,0.5162855041726879,0.2204724409448819,0.8287127766916084
TLR7,0.09982413315451488,0.9212598425196851,0.9916034965968238
TLR8,0.3593038933048769,0.4645669291338583,0.9271628797814478
TMSB4X,0.3302833264838849,0.05511811023622047,0.6931238793170655
GPX1P1,0.24223699716068614,0.7322834645669292,0.9726051513462561
RAB9A,0.25039766847559086,0.47244094488188976,0.9331994464922055
TRAPPC2,-0.08210906588523992,0.937007874015748,0.9941472732331481
OFD1,-1.167848220968141,0.03937007874015748,0.6826476042030583
GPM6B,-1.8823741110249412,0.08661417322834646,0.7251724549592804
GEMIN8,0.4814589778659242,0.5590551181102362,0.9539915430764625
FANCB,1.1252400757163619,0.047244094488188976,0.6826476042030583
MOSPD2,0.2502443081806556,0.4645669291338583,0.9271628797814478
PIGA,0.47143113210744936,0.41732283464566927,0.9107246259166057
CA5BP1,0.30875651110223656,0.7401574803149606,0.9726051513462561
CA5B,-0.3787053656316348,0.3937007874015748,0.9060325603890926
ZRSR2,-0.3643617963054382,0.2440944881889764,0.8410862980163292
AP1S2,-0.5554533162002979,0.08661417322834646,0.7251724549592804
CTPS2,-0.6671051500805971,0.16535433070866143,0.7925152280493241
SYAP1,0.33144016668957743,0.49606299212598426,0.9378529417969822
TXLNG,-0.8755755193970991,0.09448818897637795,0.7290975019374097
RBBP7,-0.335378009878192,0.25196850393700787,0.8470756930926249
REPS2,0.15230901547764608,0.7165354330708661,0.9697087411223303
NHS,-0.55675984945402,0.6299212598425197,0.962871484045595
SCML1,0.1435284244483821,0.7086614173228346,0.9697087411223303
SCML2,-1.1091223966011197,0.11811023622047244,0.7364350074797351
CDKL5,0.6067970206431808,0.6456692913385826,0.9653496962085154
PHKA2,0.7163559114756755,0.4330708661417323,0.9149090270901766
PDHA1,0.6756007215166067,0.015748031496062992,0.6826476042030583
SH3KBP1,-0.28050244602162167,0.1968503937007874,0.8133366461918351
BCLAF3,-0.8567084791032533,0.11811023622047244,0.7364350074797351
EIF1AX,-0.10817292230106368,0.8031496062992126,0.9806560380447493
RPS6KA3,0.20790544332251315,0.1889763779527559,0.8133366461918351
MBTPS2,-0.25632643213857254,0.4094488188976378,0.9090035743434535
SMS,0.2500409192311208,0.5275590551181102,0.9452006713295411
PHEX,-1.0072978075760837,0.29133858267716534,0.8583371233084381
FAM3C2,0.3050383273227719,0.7401574803149606,0.9726051513462561
PRDX4,0.2900960972047759,0.5039370078740157,0.939868419531259
ACOT9,-0.03721350850973604,0.8346456692913385,0.9819224384651066
SAT1,0.24846556387266894,0.4094488188976378,0.9090035743434535
APOO,0.1943095664445318,0.5354330708661418,0.9479419337985596
RPL9P7,-0.5460490386663563,0.5826771653543307,0.9597435711535928
KLHL15,-0.6180237153618968,0.23622047244094488,0.8382889691177539
EIF2S3,0.04448121341306788,0.8188976377952756,0.9819224384651066
ZFX,-0.06850000281344482,0.937007874015748,0.9941472732331481
AC004552.1,-1.0362453860151812,0.2755905511811024,0.853725753792971
PDK3,0.5848929097648226,0.2283464566929134,0.8336385014247465
AC004656.1,-0.13618236891065516,0.8188976377952756,0.9819224384651066
POLA1,-0.6959978917891783,0.36220472440944884,0.8957091520102044
EEF1B2P3,-0.1222353158816496,0.7716535433070866,0.9760752568014447
AC097263.1,0.3043824693228294,0.6062992125984252,0.9608942225121786
CXorf21,0.8425829363530335,0.2283464566929134,0.8336385014247465
FTLP2,0.8196514878676833,0.23622047244094488,0.8382889691177539
GK,0.4032357343178816,0.33070866141732286,0.8811266433105555
GK-IT1,0.12480885474325087,0.8346456692913385,0.9819224384651066
AC112496.1,-1.149267997501065,0.07874015748031496,0.7107880171694956
TAB3,-0.3019900543485443,0.2755905511811024,0.853725753792971
DMD,1.115896901100467,0.09448818897637795,0.7290975019374097
TBCAP1,0.08479166217318657,0.9291338582677166,0.9923418376941026
CYBB,0.3527828750319575,0.36220472440944884,0.8957091520102044
DYNLT3,-0.2013143753408171,0.5118110236220472,0.9438814884599421
SRPX,-0.1986341790788928,0.7952755905511811,0.978664400309132
RPGR,0.22942809965252753,0.5984251968503937,0.9608942225121786
TSPAN7,1.5204370155486644,0.08661417322834646,0.7251724549592804
MID1IP1,0.3029790182016585,0.1968503937007874,0.8133366461918351
GAPDHP1,-0.041945543032593235,0.9291338582677166,0.9923418376941026
BCOR,-0.8456090952391042,0.07086614173228346,0.7107880171694956
ATP6AP2,0.44285168058475577,0.33070866141732286,0.8811266433105555
CXorf38,-0.4711083826222833,0.3464566929133858,0.8873455246406359
MED14,0.12041787924905378,0.33070866141732286,0.8811266433105555
MED14OS,0.9165129803509688,0.18110236220472442,0.8073643742935083
SDCBPP3,0.888335778552133,0.14960629921259844,0.7739916929935694
RPS2P55,-0.28901857206533155,0.4566929133858268,0.9233455416926752
USP9X,0.2489594381328466,0.10236220472440945,0.7341951946620201
DDX3X,-0.11664697562198434,0.5905511811023622,0.9608942225121786
CASK,-0.03267590831311962,0.968503937007874,0.9977263771544332
GPR34,2.153919085565182,0.05511811023622047,0.6931238793170655
GPR82,2.7969459696123677,0.023622047244094488,0.6826476042030583
ATP5G2P4,-1.6074019192770357,0.06299212598425197,0.6963124387519445
MAOA,1.9997772846802482,0.06299212598425197,0.6963124387519445
AL034370.1,0.08507247728026623,0.8582677165354331,0.9837431881343323
FUNDC1,0.268309841565217,0.5039370078740157,0.939868419531259
KDM6A,-0.010991885779842114,0.9606299212598425,0.9967290768663719
MIR222HG,-0.12814614748199737,0.8661417322834646,0.9853875082167936
GAPDHP65,-0.44960386823404797,0.5196850393700787,0.9452006713295411
KRBOX4,0.31526668728845486,0.28346456692913385,0.8574144950147485
ZNF674,0.3808331855564393,0.6535433070866141,0.966090961744307
ZNF674-AS1,0.9401298837963707,0.3779527559055118,0.90080276839105
CHST7,0.7972538743202251,0.4251968503937008,0.9130051051310895
SLC9A7,0.057524940986387385,0.8188976377952756,0.9819224384651066
RP2,0.3112395766890623,0.4015748031496063,0.9086765677539906
JADE3,-0.585674286375542,0.3464566929133858,0.8873455246406359
NDUFB11,-0.11958094304439548,0.7795275590551181,0.9769863358554425
RBM10,0.33376268584324453,0.6377952755905512,0.962871484045595
UBA1,0.557839913814183,0.2677165354330709,0.8534808525440345
CDK16,-0.058921039644586504,0.9763779527559056,0.9988002758044506
USP11,-0.19087943176790745,0.6771653543307087,0.9685447258281904
ZNF41,1.0735697172827254,0.18110236220472442,0.8073643742935083
NUS1P1,0.4185194401252579,0.5748031496062992,0.9559479904608623
ARAF,-0.1701123032558831,0.5669291338582677,0.954855712655332
SYN1,1.064873453571,0.3543307086614173,0.8915123476047269
TIMP1,0.9088026754824128,0.47244094488188976,0.9331994464922055
CFP,-0.7137864015649322,0.29133858267716534,0.8583371233084381
ELK1,0.23550717541876676,0.6220472440944882,0.9618483135188818
UXT,-0.4098163987870427,0.06299212598425197,0.6963124387519445
WASF4P,0.8561052631519019,0.03937007874015748,0.6826476042030583
ZNF182,-0.9916303965745494,0.11811023622047244,0.7364350074797351
SLC38A5,0.06342951679162656,0.937007874015748,0.9941472732331481
FTSJ1,0.8745282987206293,0.031496062992125984,0.6826476042030583
PORCN,0.10707634523419429,0.9448818897637795,0.9944898714583753
EBP,0.5521081295124222,0.1968503937007874,0.8133366461918351
TBC1D25,0.44511309527516296,0.30708661417322836,0.868085262990023
RBM3,-0.44781517395424864,0.11811023622047244,0.7364350074797351
WDR13,-0.42365818742725203,0.5984251968503937,0.9608942225121786
WAS,0.070667905052618,0.8818897637795275,0.9879934629764293
SUV39H1,-0.8111928795162611,0.2125984251968504,0.8224832770104163
AC231533.2,0.6060890685187803,0.3937007874015748,0.9060325603890926
HDAC6,0.19381807355506453,0.3228346456692913,0.8759501889864706
TIMM17B,0.04046976964472737,0.984251968503937,0.9988002758044506
PQBP1,-0.4399255307235528,0.7952755905511811,0.978664400309132
SLC35A2,-0.8034732460903964,0.023622047244094488,0.6826476042030583
PIM2,-0.36763194474676997,0.28346456692913385,0.8574144950147485
OTUD5,-0.404898724599426,0.4881889763779528,0.9357814954688165
GRIPAP1,0.5105747574388015,0.15748031496062992,0.7813115157480315
TFE3,0.15103633112274029,0.7322834645669292,0.9726051513462561
CCDC120,-0.7223769558078486,0.28346456692913385,0.8574144950147485
PRAF2,0.9440026827395129,0.3858267716535433,0.901137518714905
WDR45,-0.07964351795356528,0.7401574803149606,0.9726051513462561
GPKOW,0.4840143690277827,0.4094488188976378,0.9090035743434535
PLP2,-0.7520619633874759,0.047244094488188976,0.6826476042030583
PRICKLE3,0.6518520819345539,0.4330708661417323,0.9149090270901766
CCDC22,-0.06801465472486035,0.905511811023622,0.9899212869522312
PPP1R3F,0.43216594224273,0.5275590551181102,0.9452006713295411
VDAC1P2,1.7983470614801709,0.023622047244094488,0.6826476042030583
USP27X,-0.6879122880745476,0.5275590551181102,0.9452006713295411
CLCN5,-0.049707905889251336,0.8661417322834646,0.9853875082167936
GSPT2,-0.7051973569911856,0.44881889763779526,0.9212102163700125
MAGED1,-0.9348221228460591,0.08661417322834646,0.7251724549592804
TSPYL2,-1.8527363270205823,0.03937007874015748,0.6826476042030583
KANTR,-0.2753473593314455,0.7716535433070866,0.9760752568014447
KDM5C,-0.1641873801219873,0.5826771653543307,0.9597435711535928
IQSEC2,0.7676311966633871,0.15748031496062992,0.7813115157480315
SMC1A,0.13719858643585514,0.6850393700787402,0.9695596467319408
HSD17B10,0.21906308879273606,0.4015748031496063,0.9086765677539906
HUWE1,0.12320142248289745,0.5511811023622047,0.9514203834061379
AC233279.1,-1.602695769915596,0.08661417322834646,0.7251724549592804
PHF8,0.8255779609805054,0.2047244094488189,0.8179316528497794
FAM120C,-0.6743768946534121,0.4409448818897638,0.9193107263430548
TSR2,0.40879622689916406,0.047244094488188976,0.6826476042030583
GNL3L,0.42698592480847,0.09448818897637795,0.7290975019374097
MAGED2,0.49421894902741137,0.25984251968503935,0.8512406093679867
APEX2,1.290797774383567,0.12598425196850394,0.7505281352026119
FAM104B,0.22858724564313748,0.5905511811023622,0.9608942225121786
MAGEH1,0.7234563263882254,0.06299212598425197,0.6963124387519445
USP51,0.1776740374630199,0.8267716535433071,0.9819224384651066
RRAGB,0.5595069104647701,0.14960629921259844,0.7739916929935694
KLF8,0.5901305168840518,0.44881889763779526,0.9212102163700125
UBQLN2,0.42987843096828016,0.48031496062992124,0.9342236316938177
NBDY,-0.13091680250015347,0.4566929133858268,0.9233455416926752
UQCRBP1,-0.5628203296825518,0.18110236220472442,0.8073643742935083
SPIN3,-0.4274845478560789,0.7086614173228346,0.9697087411223303
ZXDB,-0.6319119005160605,0.18110236220472442,0.8073643742935083
BX322784.1,-0.010076877023749375,1.0,1.0
LINC01278,-0.32955502629123945,0.4330708661417323,0.9149090270901766
SPIN4,1.2847479052937958,0.07874015748031496,0.7107880171694956
ARHGEF9,0.638726630252477,0.15748031496062992,0.7813115157480315
HNRNPDP1,-0.5245228165326645,0.6062992125984252,0.9608942225121786
LAS1L,0.272216330102383,0.3779527559055118,0.90080276839105
MSN,0.3470269817839924,0.18110236220472442,0.8073643742935083
AL034397.3,-0.7210188346828477,0.2755905511811024,0.853725753792971
VSIG4,1.4654258103243056,0.11023622047244094,0.7341951946620201
AR,-0.9928036082867213,0.11023622047244094,0.7341951946620201
OPHN1,-0.09777282691881206,0.905511811023622,0.9899212869522312
AL158201.1,-1.096037405663736,0.07874015748031496,0.7107880171694956
YIPF6,-0.15027558365901683,0.6220472440944882,0.9618483135188818
RPL31P63,-1.278640383599383,0.09448818897637795,0.7290975019374097
STARD8,1.015219209798564,0.2755905511811024,0.853725753792971
SERBP1P1,0.09888817502826042,0.889763779527559,0.9886177730539346
EFNB1,0.14723416652315313,0.8976377952755905,0.9899212869522312
PJA1,0.09410304028378214,0.9133858267716536,0.9910228417757366
CNOT7P1,-0.6241167346190124,0.49606299212598426,0.9378529417969822
IGBP1,-0.25939393278822376,0.2204724409448819,0.8287127766916084
PDZD11,0.30328668156791494,0.5039370078740157,0.939868419531259
KIF4A,1.746437405145354,0.10236220472440945,0.7341951946620201
RPS23P8,-0.5094167014476785,0.2047244094488189,0.8179316528497794
SNX12,0.9345036859628006,0.14173228346456693,0.7686343861159114
FOXO4,0.7904865348993577,0.36220472440944884,0.8957091520102044
CXorf65,0.10859371579559207,0.9291338582677166,0.9923418376941026
IL2RG,0.15523711183020872,0.7165354330708661,0.9697087411223303
MED12,-0.0018013308138575823,1.0,1.0
AL590764.1,-0.01434186636724788,0.984251968503937,0.9988002758044506
ZMYM3,0.21046320602197488,0.7244094488188977,0.9716680124035083
NONO,-0.1710923570063585,0.06299212598425197,0.6963124387519445
AL590762.3,0.9494451783833555,0.25984251968503935,0.8512406093679867
TAF1,-0.0022073221695295686,1.0,1.0
AL590762.1,-0.0440014618687834,0.9763779527559056,0.9988002758044506
OGT,-1.1335599444116449,0.047244094488188976,0.6826476042030583
GCNA,-0.3288185778025181,0.8031496062992126,0.9806560380447493
CXCR3,-0.8757098077556087,0.2283464566929134,0.8336385014247465
NHSL2,-0.4746201691825407,0.2755905511811024,0.853725753792971
RTL5,1.6474549720967717,0.015748031496062992,0.6826476042030583
PIN4,-0.3724007327996146,0.31496062992125984,0.8705799696691885
RPS4X,-0.31405476492724205,0.5354330708661418,0.9479419337985596
HDAC8,1.0959489230836934,0.023622047244094488,0.6826476042030583
TOMM20P4,0.3362962806508887,0.4330708661417323,0.9149090270901766
CHIC1,-0.9846764250152629,0.2992125984251969,0.8629198938688523
XIST,0.6514545004660319,0.7637795275590551,0.9726051513462561
FTX,0.42018463834691033,0.36220472440944884,0.8957091520102044
USMG5P1,-0.3239105468773693,0.44881889763779526,0.9212102163700125
AC004386.1,-0.9886499048111195,0.015748031496062992,0.6826476042030583
PABPC1P3,-0.6464692209712544,0.031496062992125984,0.6826476042030583
RLIM,-0.4608954224832109,0.1968503937007874,0.8133366461918351
ABCB7,-0.574712227278285,0.09448818897637795,0.7290975019374097
UPRT,0.41883788272658906,0.3937007874015748,0.9060325603890926
TTC3P1,-1.1063515694925945,0.023622047244094488,0.6826476042030583
PBDC1,0.1553574056649989,0.8031496062992126,0.9806560380447493
LDHBP2,-0.8698015749355821,0.13385826771653545,0.7606862900526696
ATRX,-0.12345548677643414,0.5905511811023622,0.9608942225121786
MAGT1,0.02235375637971515,0.9763779527559056,0.9988002758044506
COX7B,0.5050105830126794,0.015748031496062992,0.6826476042030583
ATP7A,0.3207294083933072,0.7401574803149606,0.9726051513462561
AL356235.1,0.46834284130161086,0.47244094488188976,0.9331994464922055
PGK1,0.3978519605415576,0.03937007874015748,0.6826476042030583
TAF9B,-0.23035268108036755,0.4566929133858268,0.9233455416926752
CYSLTR1,-0.2435004200481945,0.5039370078740157,0.939868419531259
P2RY10,0.6694695014518173,0.36220472440944884,0.8957091520102044
ITM2A,0.5462531703561226,0.30708661417322836,0.868085262990023
BRWD3,0.36802904036080886,0.25984251968503935,0.8512406093679867
VDAC1P1,0.1007168610994702,0.905511811023622,0.9899212869522312
HMGN5,-0.5565842566199404,0.5669291338582677,0.954855712655332
SH3BGRL,-0.08026723991967799,0.5748031496062992,0.9559479904608623
TERF1P4,-1.4192041253663938,0.05511811023622047,0.6931238793170655
HDX,0.11382912776204268,0.8346456692913385,0.9819224384651066
APOOL,0.020344422516807903,0.952755905511811,0.9944898714583753
ZNF711,-1.443818591227748,0.015748031496062992,0.6826476042030583
CHM,-0.13450089439126867,0.6692913385826772,0.967634523772178
Z96811.1,0.8666171032758327,0.16535433070866143,0.7925152280493241
AL024493.1,0.20971425771953012,0.8110236220472441,0.9806560380447493
EIF4A1P10,-0.2517701769764473,0.6220472440944882,0.9618483135188818
AL121871.1,0.8728235773056293,0.14960629921259844,0.7739916929935694
AL359263.1,1.3458003979112951,0.07874015748031496,0.7107880171694956
ST13P18,0.45317913406323884,0.4094488188976378,0.9090035743434535
DIAPH2,-0.15941974969993833,0.6377952755905512,0.962871484045595
CSTF2,-0.4097097911376333,0.6062992125984252,0.9608942225121786
Z73417.1,0.9061100418591128,0.2677165354330709,0.8534808525440345
TRMT2B,-0.6510155091833814,0.14960629921259844,0.7739916929935694
TIMM8A,0.16224474597345484,0.8346456692913385,0.9819224384651066
BTK,0.1446352819421035,0.18110236220472442,0.8073643742935083
RPL36A,-0.05845296841080483,1.0,1.0
GLA,1.1186239808163005,0.015748031496062992,0.6826476042030583
HNRNPH2,0.2609212825883418,0.48031496062992124,0.9342236316938177
AC234775.2,-0.17231259511359487,0.7795275590551181,0.9769863358554425
ARMCX1,-0.040583294755224486,0.937007874015748,0.9941472732331481
ARMCX6,0.7261484170597095,0.30708661417322836,0.868085262990023
ARMCX3,-0.1554521117509866,0.5511811023622047,0.9514203834061379
ARMCX2,1.5742828433648701,0.09448818897637795,0.7290975019374097
AL672207.1,1.0876189251258286,0.13385826771653545,0.7606862900526696
ZMAT1,-0.5557671825788049,0.5196850393700787,0.9452006713295411
ARMCX5,-0.36637811903657225,0.7165354330708661,0.9697087411223303
ARMCX5-GPRASP2,-0.27118575542806633,0.7244094488188977,0.9716680124035083
BEX4,-0.17936097378720284,0.25984251968503935,0.8512406093679867
TCEAL8,0.22765941492842412,0.4094488188976378,0.9090035743434535
BEX2,-0.10992524204902665,0.8582677165354331,0.9837431881343323
TCEAL9,0.34399790518907647,0.47244094488188976,0.9331994464922055
BEX3,0.9351137342350198,0.10236220472440945,0.7341951946620201
TCEAL4,1.1844599252002173,0.023622047244094488,0.6826476042030583
TCEAL3,0.8800649565389715,0.2755905511811024,0.853725753792971
TCEAL1,0.5167230919764725,0.2992125984251969,0.8629198938688523
MORF4L2,-0.2443227532516392,0.11811023622047244,0.7364350074797351
SLC25A53,0.2780452284407431,0.6929133858267716,0.9695596467319408
FAM199X,0.1881818653286942,0.5511811023622047,0.9514203834061379
CXorf57,-0.7570055602995989,0.29133858267716534,0.8583371233084381
TBC1D8B,-0.07613379252661157,0.9212598425196851,0.9916034965968238
MORC4,0.014164958369108582,1.0,1.0
RBM41,-0.849421273990135,0.25196850393700787,0.8470756930926249
AL390039.1,-0.43274585285398715,0.5196850393700787,0.9452006713295411
DNAJA1P3,-2.019550424807689,0.015748031496062992,0.6826476042030583
PRPS1,0.15690536025499302,0.5511811023622047,0.9514203834061379
TSC22D3,0.031203832253078545,0.8976377952755905,0.9899212869522312
PSMD10,-0.10285615408854998,0.7086614173228346,0.9697087411223303
ATG4A,1.1382529085624116,0.23622047244094488,0.8382889691177539
NXT2,0.10122363929797906,0.968503937007874,0.9977263771544332
ACSL4,0.13584682882668986,0.5275590551181102,0.9452006713295411
TMEM164,-0.6178780479558976,0.25196850393700787,0.8470756930926249
AMMECR1,1.0500772221277086,0.25196850393700787,0.8470756930926249
GNG5P2,-0.22359082861923962,0.47244094488188976,0.9331994464922055
EIF4BP7,0.1413296587802626,0.8740157480314961,0.9870953241817563
ALG13,-0.22712662004838613,0.023622047244094488,0.6826476042030583
PLS3,0.5060090044749654,0.6929133858267716,0.9695596467319408
AC005000.1,0.08402401882300037,0.889763779527559,0.9886177730539346
KLHL13,-1.3496739850594885,0.15748031496062992,0.7813115157480315
WDR44,-0.5995329198875705,0.09448818897637795,0.7290975019374097
DOCK11,-0.13257471834275503,0.6692913385826772,0.967634523772178
IL13RA1,0.2863372846954899,0.1968503937007874,0.8133366461918351
LONRF3,0.5570270644127748,0.25984251968503935,0.8512406093679867
HNRNPA1P28,-0.5678463168726324,0.23622047244094488,0.8382889691177539
PGRMC1,0.05126474928277691,0.84251968503937,0.9823595446327953
SLC25A43,0.27910707322034645,0.6062992125984252,0.9608942225121786
SLC25A5,0.13198971027557072,0.5748031496062992,0.9559479904608623
CXorf56,-0.11904921318173312,0.8503937007874016,0.9835944261634448
UBE2A,0.22732468102524805,0.11811023622047244,0.7364350074797351
NKRF,0.2268599706872756,0.5826771653543307,0.9597435711535928
SEPT6,-0.07554256238331458,0.8346456692913385,0.9819224384651066
RPL39,-0.26846589729822945,0.5196850393700787,0.9452006713295411
UPF3B,-0.10595165793667505,0.7795275590551181,0.9769863358554425
RNF113A,-0.7172030273235985,0.13385826771653545,0.7606862900526696
NDUFA1,0.1056042007971012,0.5905511811023622,0.9608942225121786
NKAP,0.4508282033855746,0.33858267716535434,0.8824827791252136
RHOXF1-AS1,-0.6096473686266008,0.3937007874015748,0.9060325603890926
NKAPP1,-0.0625246357566076,0.952755905511811,0.9944898714583753
ZBTB33,-0.9012911219863993,0.14960629921259844,0.7739916929935694
TMEM255A,0.8602465866029091,0.3858267716535433,0.901137518714905
LAMP2,0.24429020662604817,0.3858267716535433,0.901137518714905
CUL4B,-0.7383419865718155,0.03937007874015748,0.6826476042030583
MCTS1,0.1456959542561007,0.7007874015748031,0.9697087411223303
C1GALT1C1,0.08378800823448174,0.8976377952755905,0.9899212869522312
GLUD2,0.24589517799166338,0.7716535433070866,0.9760752568014447
HSPA8P1,-0.3827756959508337,0.7244094488188977,0.9716680124035083
AL590139.1,0.14128762811545714,0.7007874015748031,0.9697087411223303
THOC2,-0.2679452020788613,0.28346456692913385,0.8574144950147485
XIAP,0.291616621750312,0.4566929133858268,0.9233455416926752
STAG2,-0.25636678995173146,0.10236220472440945,0.7341951946620201
SH2D1A,-0.9783526015288512,0.31496062992125984,0.8705799696691885
OCRL,-0.3246858343432697,0.5748031496062992,0.9559479904608623
SASH3,0.17439075493690837,0.6692913385826772,0.967634523772178
ZDHHC9,0.6592484779241339,0.15748031496062992,0.7813115157480315
UTP14A,0.21567533490771584,0.5275590551181102,0.9452006713295411
BCORL1,0.4560332282726698,0.28346456692913385,0.8574144950147485
ELF4,-0.03690103215433904,0.8267716535433071,0.9819224384651066
AIFM1,0.4478369692123687,0.29133858267716534,0.8583371233084381
RAB33A,0.33286228022458975,0.6299212598425197,0.962871484045595
ZNF280C,0.3058408130503927,0.6850393700787402,0.9695596467319408
SLC25A14,-0.5659681527247455,0.2755905511811024,0.853725753792971
RBMX2,-0.42987655507134814,0.5669291338582677,0.954855712655332
ENOX2,0.03457548060036775,0.8740157480314961,0.9870953241817563
STK26,-0.3673870296608115,0.23622047244094488,0.8382889691177539
RAP2C,-0.09709583620406104,0.7874015748031497,0.9775940764002741
RAP2C-AS1,0.49236757187949687,0.5511811023622047,0.9514203834061379
MBNL3,-0.220090710507578,0.4881889763779528,0.9357814954688165
GPC4,0.8171571928073216,0.2755905511811024,0.853725753792971
AL009174.1,-0.26629182390490946,0.2047244094488189,0.8179316528497794
PHF6,0.9188563544410973,0.03937007874015748,0.6826476042030583
HPRT1,0.46121086490404206,0.18110236220472442,0.8073643742935083
FAM122B,-0.13430864944120735,0.7716535433070866,0.9760752568014447
FAM122C,1.0241056252609937,0.2677165354330709,0.8534808525440345
MOSPD1,0.013293222062391141,0.984251968503937,0.9988002758044506
RTL8B,0.7482310880153598,0.4015748031496063,0.9086765677539906
RTL8C,0.9502401774424101,0.015748031496062992,0.6826476042030583
RTL8A,-0.04724462045690947,0.8267716535433071,0.9819224384651066
ZNF75D,0.06287782553670596,0.8818897637795275,0.9879934629764293
ZNF449,0.3415726369447514,0.3858267716535433,0.901137518714905
INTS6L,-0.21033816865025745,0.5905511811023622,0.9608942225121786
MMGT1,-0.42663493385840123,0.08661417322834646,0.7251724549592804
SLC9A6,0.0967843442657994,0.7480314960629921,0.9726051513462561
FHL1,-1.4637186060138938,0.047244094488188976,0.6826476042030583
MAP7D3,-0.38524693775257735,0.1968503937007874,0.8133366461918351
HTATSF1,-0.15468356028056895,0.6062992125984252,0.9608942225121786
ARHGEF6,0.11722793565592138,0.4566929133858268,0.9233455416926752
RBMX,-0.10360103368003504,0.33070866141732286,0.8811266433105555
SRRM1P3,-0.5659333842426806,0.14960629921259844,0.7739916929935694
ATP11C,0.04883057923006984,0.9606299212598425,0.9967290768663719
HNRNPA3P3,0.4715945709974907,0.4881889763779528,0.9357814954688165
LDOC1,-0.5034376316072235,0.5275590551181102,0.9452006713295411
SLITRK4,1.0858693506231223,0.12598425196850394,0.7505281352026119
FMR1,0.1319551316548191,0.5196850393700787,0.9452006713295411
FTH1P8,0.02616418719964919,0.9212598425196851,0.9916034965968238
IDS,0.2801659343119063,0.25984251968503935,0.8512406093679867
LINC00893,-0.5060463074218046,0.36220472440944884,0.8957091520102044
CXorf40A,0.030961132414910608,0.9921259842519685,1.0
TMEM185A,0.19343610496245311,0.6299212598425197,0.962871484045595
CXorf40B,-0.502684411412841,0.36220472440944884,0.8957091520102044
BX322650.1,-0.14201550567397092,0.8740157480314961,0.9870953241817563
XRCC6P2,0.013929275931918284,0.984251968503937,0.9988002758044506
MTM1,-0.5523755834009618,0.25196850393700787,0.8470756930926249
MTMR1,-0.627797164894143,0.09448818897637795,0.7290975019374097
CD99L2,-0.36731516724556146,0.905511811023622,0.9899212869522312
HMGB3,0.2503902911976068,0.7007874015748031,0.9697087411223303
AF013593.1,0.22846408156446607,0.8346456692913385,0.9819224384651066
VMA21,0.4871863123840079,0.09448818897637795,0.7290975019374097
CETN2,0.3612359477674758,0.2992125984251969,0.8629198938688523
NSDHL,1.7308614992816844,0.09448818897637795,0.7290975019374097
ZNF185,-1.0060342773876423,0.2204724409448819,0.8287127766916084
ZNF275,-0.8163126074873706,0.031496062992125984,0.6826476042030583
CCNQ,1.5217919491588356,0.1889763779527559,0.8133366461918351
SLC6A8,0.6806883043143868,0.44881889763779526,0.9212102163700125
BCAP31,0.8326441120768893,0.015748031496062992,0.6826476042030583
ABCD1,1.0448930387261164,0.3937007874015748,0.9060325603890926
IDH3G,0.11635642658897716,0.8110236220472441,0.9806560380447493
SSR4,-0.06645496593067257,0.952755905511811,0.9944898714583753
CYCSP45,0.5813646649995228,0.3937007874015748,0.9060325603890926
ARHGAP4,-0.27936674966298103,0.7952755905511811,0.978664400309132
NAA10,1.452863770454885,0.07874015748031496,0.7107880171694956
RENBP,-0.049534042858780936,0.9448818897637795,0.9944898714583753
HCFC1,-0.16988519004598146,0.47244094488188976,0.9331994464922055
TMEM187,0.20457765785796855,0.8267716535433071,0.9819224384651066
IRAK1,0.49362142358860606,0.13385826771653545,0.7606862900526696
MECP2,0.14977059487654998,0.7874015748031497,0.9775940764002741
FLNA,-0.330881537761492,0.7322834645669292,0.9726051513462561
EMD,0.13448419654244415,0.7637795275590551,0.9726051513462561
RPL10,-0.287510954096982,0.29133858267716534,0.8583371233084381
DNASE1L1,0.3174667078263034,0.5511811023622047,0.9514203834061379
TAZ,-1.0524581388402718,0.2440944881889764,0.8410862980163292
CH17-340M24.3,0.8946672012316824,0.3700787401574803,0.8970171905992668
ATP6AP1,0.6861233765048196,0.12598425196850394,0.7505281352026119
GDI1,0.006108262869401138,0.9921259842519685,1.0
FAM50A,-0.18442967481437567,0.8503937007874016,0.9835944261634448
PLXNA3,1.288421858188919,0.14960629921259844,0.7739916929935694
LAGE3,0.09314255807385274,0.8661417322834646,0.9853875082167936
UBL4A,0.662971579675586,0.4251968503937008,0.9130051051310895
SLC10A3,0.39201308969054516,0.4409448818897638,0.9193107263430548
FAM3A,0.5348674503865132,0.5590551181102362,0.9539915430764625
G6PD,-0.9435975928214093,0.5354330708661418,0.9479419337985596
GAB3,0.1015714835280832,0.7244094488188977,0.9716680124035083
DKC1,0.06412356860654356,0.8267716535433071,0.9819224384651066
MPP1,0.2686401441809583,0.5196850393700787,0.9452006713295411
F8,0.505446954866233,0.5039370078740157,0.939868419531259
F8A1,0.3039481204984402,0.44881889763779526,0.9212102163700125
FUNDC2,0.03337202118272309,0.905511811023622,0.9899212869522312
BRCC3,-0.059985042811433686,0.8740157480314961,0.9870953241817563
VBP1,-0.057017114494297694,0.8740157480314961,0.9870953241817563
RAB39B,0.26695480572312946,0.7795275590551181,0.9769863358554425
CLIC2,0.4403468410273197,0.2677165354330709,0.8534808525440345
AC234781.3,-0.42745244357596746,0.5590551181102362,0.9539915430764625
TMLHE,-0.024429361260315918,0.905511811023622,0.9899212869522312
VAMP7,-0.3788898579207389,0.13385826771653545,0.7606862900526696
WASH6P,0.37215646756913556,0.6062992125984252,0.9608942225121786
FBXO25,-0.2691648265333306,0.2283464566929134,0.8336385014247465
ERICH1,-0.43632296519874814,0.11811023622047244,0.7364350074797351
CLN8,-0.36051033527188636,0.23622047244094488,0.8382889691177539
AC100810.1,0.5530997807397062,0.14960629921259844,0.7739916929935694
KBTBD11,-1.4935085431288087,0.031496062992125984,0.6826476042030583
MYOM2,-1.1459108700406202,0.05511811023622047,0.6931238793170655
MCPH1,-0.10163062945364576,0.8267716535433071,0.9819224384651066
AGPAT5,-0.7944687539247948,0.031496062992125984,0.6826476042030583
PRAG1,-0.39060512189277796,0.2125984251968504,0.8224832770104163
CLDN23,-0.270028254681949,0.8503937007874016,0.9835944261634448
MFHAS1,0.9927986890959604,0.023622047244094488,0.6826476042030583
ERI1,1.086774092902794,0.2283464566929134,0.8336385014247465
PPP1R3B,0.8712673478839768,0.15748031496062992,0.7813115157480315
TNKS,-0.35974833544121054,0.41732283464566927,0.9107246259166057
MSRA,0.2589323307595901,0.4881889763779528,0.9357814954688165
PINX1,0.03799318515495642,0.8818897637795275,0.9879934629764293
XKR6,1.1245891333706708,0.06299212598425197,0.6963124387519445
MTMR9,-0.2508896096990032,0.6535433070866141,0.966090961744307
FAM167A,-0.04526596291752183,0.9606299212598425,0.9967290768663719
BLK,0.152883625755741,0.889763779527559,0.9886177730539346
NEIL2,-0.5830757430444331,0.11023622047244094,0.7341951946620201
SUB1P1,0.06172126428305358,0.8031496062992126,0.9806560380447493
FDFT1,-0.20172883229317673,0.4094488188976378,0.9090035743434535
CTSB,1.2619570216466798,0.031496062992125984,0.6826476042030583
AC025857.2,0.3222984220240789,0.7637795275590551,0.9726051513462561
LONRF1,-0.09391635309971536,0.84251968503937,0.9823595446327953
DLC1,0.35476055503176385,0.6692913385826772,0.967634523772178
MSR1,1.3120525843390523,0.03937007874015748,0.6826476042030583
ZDHHC2,0.11810544027080638,0.7716535433070866,0.9760752568014447
CNOT7,-0.6615450528937687,0.07086614173228346,0.7107880171694956
VPS37A,-0.23647807698762957,0.5748031496062992,0.9559479904608623
MTUS1,0.18853136404498683,0.7637795275590551,0.9726051513462561
PCM1,-0.3427134303400905,0.11023622047244094,0.7341951946620201
ASAH1,0.40296709607174996,0.4015748031496063,0.9086765677539906
NAT1,0.2996862994451073,0.6377952755905512,0.962871484045595
PSD3,2.0102532582622192,0.06299212598425197,0.6963124387519445
CSGALNACT1,-0.5365515198642234,0.16535433070866143,0.7925152280493241
INTS10,0.16751870159155224,0.5196850393700787,0.9452006713295411
LPL,2.846096710015148,0.03937007874015748,0.6826476042030583
SLC18A1,-0.21223709813461278,0.8267716535433071,0.9819224384651066
ATP6V1B2,0.006173294507337168,1.0,1.0
GFRA2,0.4503573450204632,0.6692913385826772,0.967634523772178
DOK2,0.4435405024865027,0.4566929133858268,0.9233455416926752
XPO7,0.1777142075696716,0.5275590551181102,0.9452006713295411
FAM160B2,0.8708052790322469,0.023622047244094488,0.6826476042030583
NUDT18,-0.23845263594380506,0.8346456692913385,0.9819224384651066
REEP4,0.6680644007822716,0.06299212598425197,0.6963124387519445
BMP1,1.0927924327299783,0.2047244094488189,0.8179316528497794
POLR3D,-0.1874103516262804,0.6220472440944882,0.9618483135188818
SLC39A14,0.7066754001369617,0.41732283464566927,0.9107246259166057
PPP3CC,-0.07072980373066873,0.8346456692913385,0.9819224384651066
SORBS3,0.2698022774366273,0.952755905511811,0.9944898714583753
PDLIM2,-0.6805047736825354,0.1889763779527559,0.8133366461918351
C8orf58,0.9425376475942358,0.1889763779527559,0.8133366461918351
CCAR2,-0.5367201616835167,0.2677165354330709,0.8534808525440345
AC105046.1,-0.7629241169280825,0.2204724409448819,0.8287127766916084
EGR3,-1.0938142138694769,0.28346456692913385,0.8574144950147485
TNFRSF10B,0.1277466857404841,0.3858267716535433,0.901137518714905
TNFRSF10C,1.333347124692914,0.023622047244094488,0.6826476042030583
TNFRSF10D,-0.2021822117951011,0.7086614173228346,0.9697087411223303
TNFRSF10A,0.5922771324404574,0.4645669291338583,0.9271628797814478
CHMP7,-0.41879696272019773,0.47244094488188976,0.9331994464922055
R3HCC1,0.4568797703272618,0.6929133858267716,0.9695596467319408
LOXL2,-0.25249792582442643,0.6141732283464567,0.9618483135188818
ENTPD4,-0.5972874334082467,0.047244094488188976,0.6826476042030583
SLC25A37,0.2309080781728916,0.6141732283464567,0.9618483135188818
ADAM28,0.6681043875833907,0.16535433070866143,0.7925152280493241
AC120193.1,-0.08212764047672949,0.889763779527559,0.9886177730539346
ADAMDEC1,2.09648831380291,0.11023622047244094,0.7341951946620201
DOCK5,0.31413318084700226,0.25196850393700787,0.8470756930926249
KCTD9,-0.13266582374153213,0.5826771653543307,0.9597435711535928
CDCA2,0.836733841241367,0.47244094488188976,0.9331994464922055
PPP2R2A,0.14309896573597491,0.7244094488188977,0.9716680124035083
SDAD1P1,-1.2163569987349183,0.11023622047244094,0.7341951946620201
BNIP3L,0.39440527418692106,0.07874015748031496,0.7107880171694956
DPYSL2,0.15810169164942245,0.6141732283464567,0.9618483135188818
TRIM35,-0.40090815808556,0.5354330708661418,0.9479419337985596
PTK2B,-0.18794043915349246,0.4094488188976378,0.9090035743434535
CLU,0.5730988062160045,0.6062992125984252,0.9608942225121786
CCDC25,-0.3199523647895761,0.44881889763779526,0.9212102163700125
ESCO2,1.0768587447135582,0.2283464566929134,0.8336385014247465
SCARA5,-0.7077778541545641,0.36220472440944884,0.8957091520102044
ELP3,0.44255550874024596,0.4251968503937008,0.9130051051310895
PNOC,-0.7099236494939838,0.25984251968503935,0.8512406093679867
ZNF395,-0.3831272970838464,0.49606299212598426,0.9378529417969822
FZD3,-0.40295643191719543,0.6377952755905512,0.962871484045595
EXTL3,-0.9110697687779785,0.33858267716535434,0.8824827791252136
INTS9,-0.29857989637605886,0.5590551181102362,0.9539915430764625
HMBOX1,0.1826671087192402,0.6141732283464567,0.9618483135188818
KIF13B,-0.7193682454389223,0.15748031496062992,0.7813115157480315
DUSP4,2.0703167103445415,0.08661417322834646,0.7251724549592804
SARAF,-0.11103750609807683,0.44881889763779526,0.9212102163700125
AC044849.2,-0.22939943644339,0.7874015748031497,0.9775940764002741
LEPROTL1,-0.10015565231337664,0.7165354330708661,0.9697087411223303
RPS15AP24,-0.483576705523153,0.2204724409448819,0.8287127766916084
AC026979.3,-1.5654110005478705,0.07874015748031496,0.7107880171694956
DCTN6,-0.014928761442039473,0.9606299212598425,0.9967290768663719
RBPMS,0.38996595889523156,0.6456692913385826,0.9653496962085154
GTF2E2,-0.36936642594941294,0.14960629921259844,0.7739916929935694
GSR,0.04362713555265341,0.8818897637795275,0.9879934629764293
UBXN8,-0.11649178564482865,0.7716535433070866,0.9760752568014447
PPP2CB,0.32862666946243646,0.3464566929133858,0.8873455246406359
AC090281.1,0.554098416137762,0.07086614173228346,0.7107880171694956
WRN,-0.10902853412464131,0.8582677165354331,0.9837431881343323
NRG1,1.0126347593354357,0.047244094488188976,0.6826476042030583
AC090204.1,-0.5525152389462251,0.36220472440944884,0.8957091520102044
FUT10,0.04058319212642858,0.905511811023622,0.9899212869522312
TTI2,-0.1254660004800826,0.8582677165354331,0.9837431881343323
MAK16,0.43500325520416716,0.3937007874015748,0.9060325603890926
RNF122,-0.42518873952114244,0.2755905511811024,0.853725753792971
AF279873.1,1.1932265055385187,0.07086614173228346,0.7107880171694956
AC087343.1,0.10347874929556422,0.7874015748031497,0.9775940764002741
LSM12P1,0.11667705882824997,0.8582677165354331,0.9837431881343323
ZNF703,-0.25630782780934025,0.7244094488188977,0.9716680124035083
ERLIN2,0.1081844184271894,0.7795275590551181,0.9769863358554425
PLPBP,0.3420043942000328,0.06299212598425197,0.6963124387519445
RAB11FIP1,-0.42472327219772676,0.28346456692913385,0.8574144950147485
EIF4EBP1,0.9903578565929729,0.11811023622047244,0.7364350074797351
ASH2L,-0.2624817151195735,0.5905511811023622,0.9608942225121786
LSM1,0.07599951040748065,0.8582677165354331,0.9837431881343323
BAG4,-0.3241263808164767,0.5748031496062992,0.9559479904608623
DDHD2,0.23192614921406962,0.18110236220472442,0.8073643742935083
PLPP5,0.6189680438760075,0.06299212598425197,0.6963124387519445
NSD3,-0.43578103160897186,0.03937007874015748,0.6826476042030583
LETM2,0.7710681597242588,0.3228346456692913,0.8759501889864706
FGFR1,0.6994191784325907,0.48031496062992124,0.9342236316938177
RNF5P1,-0.14065937449850985,0.8267716535433071,0.9819224384651066
TACC1,-0.06351375442345208,0.7637795275590551,0.9726051513462561
PLEKHA2,0.20197159604325954,0.3779527559055118,0.90080276839105
TM2D2,0.7500950318925925,0.14173228346456693,0.7686343861159114
ADAM9,1.2586264851850215,0.08661417322834646,0.7251724549592804
IDO1,0.6481292681075965,0.3779527559055118,0.90080276839105
AC007991.2,0.6471493212412138,0.6456692913385826,0.9653496962085154
IDO2,-0.2052150967328772,0.6535433070866141,0.966090961744307
GOLGA7,0.11861926719044469,0.6456692913385826,0.9653496962085154
GINS4,-0.4036178782705666,0.6692913385826772,0.967634523772178
GPAT4,-0.07982219359817488,0.5275590551181102,0.9452006713295411
KAT6A,-0.01957298192885748,0.9133858267716536,0.9910228417757366
AP3M2,0.44170277741558106,0.4409448818897638,0.9193107263430548
IKBKB,-0.5578429048686502,0.1732283464566929,0.8038630721031994
POLB,-1.3593478356410937,0.031496062992125984,0.6826476042030583
RPL5P23,-1.590301801009278,0.03937007874015748,0.6826476042030583
VDAC3,0.2112266857851388,0.3779527559055118,0.90080276839105
SLC20A2,0.3028967032168537,0.49606299212598426,0.9378529417969822
SMIM19,-0.046576196603743014,0.8976377952755905,0.9899212869522312
THAP1,0.7302279254148543,0.023622047244094488,0.6826476042030583
RNF170,0.5258307388445171,0.2677165354330709,0.8534808525440345
HOOK3,0.2307846198646306,0.2992125984251969,0.8629198938688523
FNTA,0.05724059311592011,0.968503937007874,0.9977263771544332
HGSNAT,0.46974764020853144,0.25984251968503935,0.8512406093679867
RPL10AP2,-0.9419688765079788,0.03937007874015748,0.6826476042030583
SPIDR,-0.19351948583984235,0.6299212598425197,0.962871484045595
CEBPD,0.7203449463034559,0.14173228346456693,0.7686343861159114
PRKDC,0.34908527923371135,0.11811023622047244,0.7364350074797351
MCM4,0.7222954566813016,0.015748031496062992,0.6826476042030583
UBE2V2,0.2481595504382863,0.5275590551181102,0.9452006713295411
PCMTD1,-0.26413319165136606,0.5354330708661418,0.9479419337985596
ST18,0.22349742754757385,0.6456692913385826,0.9653496962085154
RB1CC1,-0.35743067003081386,0.3700787401574803,0.8970171905992668
ATP6V1H,0.03761720063881313,0.8661417322834646,0.9853875082167936
TCEA1,0.22065473444601746,0.11023622047244094,0.7341951946620201
LYPLA1,-0.03795207897969011,0.8976377952755905,0.9899212869522312
MRPL15,0.08932460872525283,0.7795275590551181,0.9769863358554425
SEC11B,0.1945237080552329,0.6614173228346457,0.967634523772178
TMEM68,-0.8748619113913843,0.05511811023622047,0.6931238793170655
TGS1,-0.4200529943919378,0.41732283464566927,0.9107246259166057
LYN,-0.11241782680083645,0.7007874015748031,0.9697087411223303
AC046176.1,-0.35294164311682463,0.6535433070866141,0.966090961744307
RPS20,-0.2915080114749422,0.07874015748031496,0.7107880171694956
CHCHD7,0.24864024160331333,0.4881889763779528,0.9357814954688165
RPL37P6,-0.7749348262099596,0.07874015748031496,0.7107880171694956
IMPAD1,0.0389637157819287,0.8661417322834646,0.9853875082167936
FAM110B,-0.32350328705822684,0.6929133858267716,0.9695596467319408
UBXN2B,-0.3369072273521212,0.5984251968503937,0.9608942225121786
SDCBP,0.34124216475595226,0.1968503937007874,0.8133366461918351
NSMAF,0.08524153260614042,0.6929133858267716,0.9695596467319408
AC068522.1,-0.35478972823569044,0.6850393700787402,0.9695596467319408
TOX,0.05004046524298511,0.9133858267716536,0.9910228417757366
AC090152.1,1.119279240582935,0.07086614173228346,0.7107880171694956
CA8,-1.3594600058405348,0.2125984251968504,0.8224832770104163
RAB2A,0.00471171739999221,0.984251968503937,0.9988002758044506
CHD7,0.32106702236694407,0.5433070866141733,0.9499646623191925
AC022182.3,0.1341195412092011,0.7244094488188977,0.9716680124035083
NPM1P6,-0.8578834747003432,0.047244094488188976,0.6826476042030583
ASPH,0.8619475051968113,0.03937007874015748,0.6826476042030583
GGH,0.9020867130023911,0.10236220472440945,0.7341951946620201
YTHDF3,-0.24930737702948758,0.3779527559055118,0.90080276839105
ARMC1,0.546105902435535,0.13385826771653545,0.7606862900526696
MTFR1,0.41351672517937876,0.23622047244094488,0.8382889691177539
AC055822.1,-1.0105327534053992,0.015748031496062992,0.6826476042030583
PDE7A,-0.550524838001901,0.05511811023622047,0.6931238793170655
RRS1,1.037207852303609,0.015748031496062992,0.6826476042030583
MYBL1,-0.2013764515084504,0.8188976377952756,0.9819224384651066
VCPIP1,-0.48540016608753245,0.2677165354330709,0.8534808525440345
C8orf44,-0.0847495228249533,0.8818897637795275,0.9879934629764293
SGK3,0.11209649563360635,0.6220472440944882,0.9618483135188818
SNHG6,-0.2645703056286255,0.2204724409448819,0.8287127766916084
COPS5,0.5897342302216475,0.48031496062992124,0.9342236316938177
CSPP1,0.28204154884069066,0.6220472440944882,0.9618483135188818
ARFGEF1,-0.04832492558930834,0.6456692913385826,0.9653496962085154
AF201337.1,-0.4426747043748218,0.41732283464566927,0.9107246259166057
SLCO5A1,0.8060054739603877,0.3779527559055118,0.90080276839105
AC084251.1,0.05956301122840246,0.9763779527559056,0.9988002758044506
NCOA2,-0.392748795889708,0.1889763779527559,0.8133366461918351
TRAM1,-0.39110365754733856,0.12598425196850394,0.7505281352026119
LACTB2,-0.13286936901479418,0.7244094488188977,0.9716680124035083
MSC-AS1,0.37390447004553606,0.6141732283464567,0.9618483135188818
MSC,0.1051771499902121,0.905511811023622,0.9899212869522312
TERF1,-0.6343818367293226,0.16535433070866143,0.7925152280493241
RPL7,-0.8348993870171646,0.015748031496062992,0.6826476042030583
RDH10,-0.44583294669530327,0.6299212598425197,0.962871484045595
STAU2,0.1978716571479966,0.5039370078740157,0.939868419531259
UBE2W,0.08973432020450023,0.8267716535433071,0.9819224384651066
ELOC,-0.05830349726686368,0.8582677165354331,0.9837431881343323
TMEM70,0.20067334450898944,0.6377952755905512,0.962871484045595
LY96,0.26508158336863286,0.5590551181102362,0.9539915430764625
AC087672.3,0.5946968594284967,0.2047244094488189,0.8179316528497794
GDAP1,1.0361277981059993,0.1968503937007874,0.8133366461918351
AC115837.1,-0.3608349115635159,0.2204724409448819,0.8287127766916084
PEX2,0.15557019055510235,0.7086614173228346,0.9697087411223303
PKIA,-0.979564345009682,0.3464566929133858,0.8873455246406359
ZC2HC1A,0.26896176501918045,0.6692913385826772,0.967634523772178
IL7,1.5583229329623678,0.07874015748031496,0.7107880171694956
THAP12P7,1.4664773076954034,0.047244094488188976,0.6826476042030583
MRPS28,0.8392257089791615,0.28346456692913385,0.8574144950147485
AC036214.2,0.5338947818395603,0.4409448818897638,0.9193107263430548
TPD52,-0.15670124838498367,0.7716535433070866,0.9760752568014447
AC009812.1,-0.10114495116119393,0.9133858267716536,0.9910228417757366
ZBTB10,-0.15082696397713224,0.7244094488188977,0.9716680124035083
AC009812.3,0.2905453640331699,0.6850393700787402,0.9695596467319408
AC009812.4,0.10993255776784161,0.8818897637795275,0.9879934629764293
PAG1,-0.28878524247182025,0.5118110236220472,0.9438814884599421
UBE2HP1,0.07653435796966068,0.952755905511811,0.9944898714583753
FTH1P11,0.05644972633494039,0.8503937007874016,0.9835944261634448
IMPA1,-0.4668503897382621,0.3700787401574803,0.8970171905992668
ZFAND1,-0.42430476601145006,0.2047244094488189,0.8179316528497794
SNX16,-0.7149686170905745,0.2125984251968504,0.8224832770104163
LRRCC1,-0.47325937156354936,0.13385826771653545,0.7606862900526696
E2F5,-1.0244541799596836,0.15748031496062992,0.7813115157480315
C8orf59,-0.6491474519496014,0.15748031496062992,0.7813115157480315
CA13,-0.18266793047537755,0.7007874015748031,0.9697087411223303
CA2,0.9478133952457597,0.12598425196850394,0.7505281352026119
ATP6V0D2,1.655998131883946,0.09448818897637795,0.7290975019374097
WWP1,0.6041694021746329,0.07086614173228346,0.7107880171694956
RMDN1,-0.03985544916371797,0.8818897637795275,0.9879934629764293
CPNE3,-0.3004862177245835,0.2992125984251969,0.8629198938688523
AF117829.1,-0.8986441604620508,0.07874015748031496,0.7107880171694956
RIPK2,-0.41502566980572997,0.2440944881889764,0.8410862980163292
OSGIN2,0.44073534275141757,0.6771653543307087,0.9685447258281904
NBN,-0.3453169005146517,0.11023622047244094,0.7341951946620201
DECR1,-0.4473621792425089,0.12598425196850394,0.7505281352026119
TMEM64,0.15240013400377572,0.7874015748031497,0.9775940764002741
PIP4P2,-0.1675803912037246,0.7874015748031497,0.9775940764002741
OTUD6B-AS1,-0.1365265171072716,0.7322834645669292,0.9726051513462561
OTUD6B,-0.4442905622072364,0.5039370078740157,0.939868419531259
TRIQK,-0.21671779949663472,0.5118110236220472,0.9438814884599421
FAM92A,-0.3840129518884938,0.6535433070866141,0.966090961744307
RBM12B,-0.5044691106367338,0.49606299212598426,0.9378529417969822
TMEM67,-0.5137064303319947,0.47244094488188976,0.9331994464922055
PDP1,-0.5085244642684641,0.2755905511811024,0.853725753792971
RPL34P18,-0.5819026539152716,0.2204724409448819,0.8287127766916084
CDH17,0.12216814607844229,0.889763779527559,0.9886177730539346
GEM,-0.07884967463014547,0.9212598425196851,0.9916034965968238
VIRMA,0.03312632942393989,0.937007874015748,0.9941472732331481
DPY19L4,1.58187615389491,0.07874015748031496,0.7107880171694956
INTS8,-0.5530730648274664,0.06299212598425197,0.6963124387519445
NDUFAF6,0.2852616974188815,0.5984251968503937,0.9608942225121786
TP53INP1,0.10075771007194234,0.8582677165354331,0.9837431881343323
PLEKHF2,-0.7335883875237856,0.015748031496062992,0.6826476042030583
C8orf37,0.7023583562949947,0.2440944881889764,0.8410862980163292
AC024995.1,1.157900092157064,0.10236220472440945,0.7341951946620201
UQCRB,-0.08884826499944687,0.8031496062992126,0.9806560380447493
MTERF3,0.6900645338647022,0.5118110236220472,0.9438814884599421
PTDSS1,0.31129628512351104,0.015748031496062992,0.6826476042030583
SDC2,2.4380075915072363,0.047244094488188976,0.6826476042030583
CPQ,0.5505004915216336,0.3779527559055118,0.90080276839105
TSPYL5,0.1105607129490549,0.889763779527559,0.9886177730539346
MTDH,0.07063659136973222,0.5984251968503937,0.9608942225121786
LAPTM4B,0.33311815198242645,0.5039370078740157,0.939868419531259
RPS23P1,-0.8231530776953591,0.14960629921259844,0.7739916929935694
RPL30,-0.5545113565630739,0.07086614173228346,0.7107880171694956
AP003352.1,-1.2771027579757195,0.2047244094488189,0.8179316528497794
RIDA,0.059586163464351305,0.905511811023622,0.9899212869522312
POP1,1.7869138651801095,0.07874015748031496,0.7107880171694956
NIPAL2,0.35812683539869017,0.03937007874015748,0.6826476042030583
STK3,0.19163203908559812,0.6141732283464567,0.9618483135188818
OSR2,-0.2714627606368205,0.7637795275590551,0.9726051513462561
VPS13B,0.15660424679863816,0.6141732283464567,0.9618483135188818
COX6C,0.03039888858488382,0.905511811023622,0.9899212869522312
POLR2K,-0.013343477425686423,0.9606299212598425,0.9967290768663719
SPAG1,0.11391702062181142,0.968503937007874,0.9977263771544332
RNF19A,0.16828821972938446,0.9133858267716536,0.9910228417757366
ANKRD46,0.12981958803563476,0.7874015748031497,0.9775940764002741
PABPC1,-0.27504925262243596,0.3858267716535433,0.901137518714905
AC027373.1,0.37402164487024714,0.6456692913385826,0.9653496962085154
YWHAZ,-0.16498208911815126,0.25984251968503935,0.8512406093679867
ZNF706,-0.4211495518171029,0.03937007874015748,0.6826476042030583
AP001330.5,-0.020151069361734608,1.0,1.0
NACAP1,0.4822791075583335,0.5590551181102362,0.9539915430764625
NCALD,-1.5713388200777045,0.023622047244094488,0.6826476042030583
RRM2B,-0.19661839467761677,0.4251968503937008,0.9130051051310895
UBR5-AS1,-0.3412638037758877,0.7401574803149606,0.9726051513462561
UBR5,-0.23097662608631087,0.41732283464566927,0.9107246259166057
KLF10,-0.7961880623579152,0.13385826771653545,0.7606862900526696
GASAL1,0.8159251090629396,0.16535433070866143,0.7925152280493241
AZIN1,-0.024093755178308918,0.84251968503937,0.9823595446327953
AP003354.2,-0.27192638885098397,0.6614173228346457,0.967634523772178
ATP6V1C1,0.1802136612517522,0.5748031496062992,0.9559479904608623
FZD6,-0.36736741943518103,0.6456692913385826,0.9653496962085154
SLC25A32,-0.7161492081302527,0.23622047244094488,0.8382889691177539
DCAF13,0.3778973700572159,0.4566929133858268,0.9233455416926752
DCSTAMP,0.44355581757227314,0.5905511811023622,0.9608942225121786
LRP12,1.0973205368411278,0.047244094488188976,0.6826476042030583
AC027031.2,-0.13536761683627585,0.8346456692913385,0.9819224384651066
OXR1,-0.7001128928555751,0.08661417322834646,0.7251724549592804
TAGLN2P1,1.0764986863904817,0.31496062992125984,0.8705799696691885
EIF3E,-0.4117837857145741,0.10236220472440945,0.7341951946620201
EMC2,0.2765119370626308,0.7322834645669292,0.9726051513462561
NUDCD1,-0.36238423227440997,0.5669291338582677,0.954855712655332
ENY2,-0.19436376175459458,0.6220472440944882,0.9618483135188818
EBAG9,-0.08271658169836371,0.8110236220472441,0.9806560380447493
TRPS1,0.6202314952806747,0.18110236220472442,0.8073643742935083
EIF3H,0.0796739420529402,0.6850393700787402,0.9695596467319408
UTP23,-0.04113655847662878,0.952755905511811,0.9944898714583753
RAD21,0.209712432306846,0.33858267716535434,0.8824827791252136
MED30,-0.9189604064362342,0.08661417322834646,0.7251724549592804
EXT1,-0.10064222054107397,0.8818897637795275,0.9879934629764293
SAMD12,-0.8501921689147363,0.07874015748031496,0.7107880171694956
AC023590.1,-1.2874174953608732,0.07086614173228346,0.7107880171694956
TNFRSF11B,0.10854584287715108,0.952755905511811,0.9944898714583753
NOV,-0.6622442812620559,0.6535433070866141,0.966090961744307
ENPP2,1.0485759110398467,0.3464566929133858,0.8873455246406359
TAF2,-0.27169562122084123,0.4645669291338583,0.9271628797814478
DSCC1,-0.2305594320403368,0.7322834645669292,0.9726051513462561
DEPTOR,0.1414535511194015,0.7795275590551181,0.9769863358554425
AC091563.1,0.5006416004138234,0.5118110236220472,0.9438814884599421
COL14A1,-0.8244655767067042,0.5748031496062992,0.9559479904608623
MRPL13,0.571679564342702,0.3858267716535433,0.901137518714905
MTBP,-0.42531853220192306,0.6377952755905512,0.962871484045595
SNTB1,-1.1815871899711903,0.047244094488188976,0.6826476042030583
ZHX2,-0.5176906954219831,0.3464566929133858,0.8873455246406359
DERL1,0.22920436558791302,0.48031496062992124,0.9342236316938177
TBC1D31,-0.1745566988557239,0.4645669291338583,0.9271628797814478
C8orf76,0.8987358300796546,0.047244094488188976,0.6826476042030583
ZHX1,-0.053819977755952486,0.8110236220472441,0.9806560380447493
ATAD2,1.107751213954574,0.3543307086614173,0.8915123476047269
WDYHV1,-0.9924422603653569,0.2440944881889764,0.8410862980163292
FBXO32,-0.08875609919120575,0.9133858267716536,0.9910228417757366
FAM91A1,0.15298256210447914,0.5039370078740157,0.939868419531259
TMEM65,-0.08113606670429796,0.8346456692913385,0.9819224384651066
TRMT12,2.0187751297781786,0.015748031496062992,0.6826476042030583
RNF139-AS1,0.041479427501196486,0.9448818897637795,0.9944898714583753
RNF139,-0.21814284022267216,0.5196850393700787,0.9452006713295411
TATDN1,-0.2355670902974838,0.7086614173228346,0.9697087411223303
NDUFB9,0.14246556071927596,0.6535433070866141,0.966090961744307
MTSS1,0.28628584941079804,0.7559055118110236,0.9726051513462561
SQLE,1.1020278564415031,0.023622047244094488,0.6826476042030583
WASHC5,0.010917883202188783,0.9921259842519685,1.0
NSMCE2,0.20837977639886684,0.7086614173228346,0.9697087411223303
TRIB1,-0.16222141969647996,0.6220472440944882,0.9618483135188818
MYC,-0.5432214604536645,0.07086614173228346,0.7107880171694956
PVT1,-0.6458349089940669,0.3543307086614173,0.8915123476047269
FAM49B,0.29841357348342257,0.1889763779527559,0.8133366461918351
ASAP1,0.15078493309003793,0.44881889763779526,0.9212102163700125
EFR3A,0.24082848716529615,0.3228346456692913,0.8759501889864706
LRRC6,0.14767218956312045,0.8818897637795275,0.9879934629764293
TMEM71,-1.114973882764466,0.06299212598425197,0.6963124387519445
PHF20L1,-0.37837798503004727,0.28346456692913385,0.8574144950147485
SLA,0.491371985066559,0.2125984251968504,0.8224832770104163
NDRG1,-0.788955769443521,0.031496062992125984,0.6826476042030583
ST13P6,-0.4381084574010998,0.4015748031496063,0.9086765677539906
ST3GAL1,0.6693818565755132,0.14173228346456693,0.7686343861159114
AC103706.1,0.05366102377659887,0.952755905511811,0.9944898714583753
ZFAT,-1.8131725632418307,0.015748031496062992,0.6826476042030583
AC083843.2,0.48115598013950467,0.5511811023622047,0.9514203834061379
TRAPPC9,0.03186636826706879,0.968503937007874,0.9977263771544332
PEG13,-1.0320943690212558,0.5669291338582677,0.954855712655332
CHRAC1,-0.5034474477932998,0.015748031496062992,0.6826476042030583
AGO2,0.107266011373925,0.84251968503937,0.9823595446327953
AC067931.1,-0.8921638784193047,0.15748031496062992,0.7813115157480315
AC067931.3,0.016095023508648776,0.9921259842519685,1.0
PTK2,-0.008958950771089214,0.984251968503937,0.9988002758044506
DENND3,0.890317958465439,0.09448818897637795,0.7290975019374097
AC040970.1,0.9588365865440496,0.2677165354330709,0.8534808525440345
SLC45A4,0.5859967624141404,0.5905511811023622,0.9608942225121786
PTP4A3,0.09353184661064029,0.9448818897637795,0.9944898714583753
TSNARE1,0.6837233010786086,0.3228346456692913,0.8759501889864706
THEM6,0.8230118456798903,0.08661417322834646,0.7251724549592804
CDC42P3,0.3010868896499297,0.6692913385826772,0.967634523772178
LY6E,-0.909465407387211,0.4094488188976378,0.9090035743434535
GLI4,-0.41961158408034627,0.6377952755905512,0.962871484045595
MINCR,-0.6508685230523481,0.3464566929133858,0.8873455246406359
TOP1MT,-0.44877507943675843,0.5905511811023622,0.9608942225121786
MAFA,-0.11756783893919776,0.8267716535433071,0.9819224384651066
ZC3H3,-0.6193980964201486,0.6141732283464567,0.9618483135188818
GSDMD,-0.5054786656470092,0.5984251968503937,0.9608942225121786
MROH6,0.1062038369792413,0.952755905511811,0.9944898714583753
EEF1D,0.22850516490692518,0.8818897637795275,0.9879934629764293
TSTA3,1.5447610098126652,0.2283464566929134,0.8336385014247465
ZNF623,0.45117800874251923,0.6535433070866141,0.966090961744307
ZNF707,1.1036098156202228,0.2755905511811024,0.853725753792971
AC105219.1,-0.6653838496812554,0.2125984251968504,0.8224832770104163
FAM83H,0.24226472453536552,0.905511811023622,0.9899212869522312
SCRIB,0.011920932736420475,0.984251968503937,0.9988002758044506
PUF60,0.7135576679673461,0.13385826771653545,0.7606862900526696
NRBP2,-0.452314422538604,0.3937007874015748,0.9060325603890926
PLEC,1.0445437116395562,0.49606299212598426,0.9378529417969822
PARP10,0.9679381082739114,0.4645669291338583,0.9271628797814478
GRINA,0.3662894120519038,0.6614173228346457,0.967634523772178
EXOSC4,0.5218194131920169,0.6220472440944882,0.9618483135188818
GPAA1,-0.3449415789187569,0.7322834645669292,0.9726051513462561
CYC1,0.07153757608457756,0.8267716535433071,0.9819224384651066
SHARPIN,0.0889668671864392,0.889763779527559,0.9886177730539346
MAF1,-0.1245787549434656,0.9133858267716536,0.9910228417757366
HGH1,2.260001619678496,0.031496062992125984,0.6826476042030583
MROH1,0.5715375819707131,0.10236220472440945,0.7341951946620201
BOP1,0.9721797322775938,0.4409448818897638,0.9193107263430548
HSF1,-0.2893413772436657,0.6377952755905512,0.962871484045595
DGAT1,-0.4283280018375488,0.7952755905511811,0.978664400309132
SLC52A2,-0.6261617083018369,0.5669291338582677,0.954855712655332
FBXL6,-0.47496835388574077,0.5039370078740157,0.939868419531259
CPSF1,0.5165292229622285,0.6614173228346457,0.967634523772178
SLC39A4,0.2640481146853242,0.7165354330708661,0.9697087411223303
VPS28,1.1233629486146066,0.5511811023622047,0.9514203834061379
TONSL,0.4492870007976719,0.5905511811023622,0.9608942225121786
CYHR1,0.21334929298958105,0.8661417322834646,0.9853875082167936
PPP1R16A,1.3166355085367536,0.07086614173228346,0.7107880171694956
MFSD3,0.46521751823608026,0.6692913385826772,0.967634523772178
LRRC14,0.6640332098670605,0.3779527559055118,0.90080276839105
C8orf82,0.8117346017588432,0.047244094488188976,0.6826476042030583
ZNF251,0.12537414974064642,0.905511811023622,0.9899212869522312
ZNF34,0.9743558240713501,0.2125984251968504,0.8224832770104163
RPL8,-0.10590704850035415,0.8740157480314961,0.9870953241817563
ZNF7,0.3834248898035102,0.7086614173228346,0.9697087411223303
COMMD5,1.1977837186094273,0.25196850393700787,0.8470756930926249
ZNF250,0.5792150833033247,0.5433070866141733,0.9499646623191925
ZNF252P,-0.25610563599757086,0.6850393700787402,0.9695596467319408
C8orf33,-0.46071477609648026,0.25984251968503935,0.8512406093679867
WASHC1,0.6889519612829351,0.5354330708661418,0.9479419337985596
CBWD1,0.08542734117536543,0.8740157480314961,0.9870953241817563
C9orf66,0.37442403116013434,0.6456692913385826,0.9653496962085154
DOCK8,-0.14336099580845563,0.33070866141732286,0.8811266433105555
KANK1,-0.3217672384983552,0.6850393700787402,0.9695596467319408
SMARCA2,-0.15032585610966898,0.3779527559055118,0.90080276839105
PUM3,-0.4182280019780311,0.47244094488188976,0.9331994464922055
ATP5HP2,-0.22953711728115866,0.7244094488188977,0.9716680124035083
RFX3,0.33935750632772654,0.7244094488188977,0.9716680124035083
PLPP6,-0.43680751346871105,0.41732283464566927,0.9107246259166057
CDC37L1,-0.21836145455111877,0.6692913385826772,0.967634523772178
AK3,-0.48032202280589953,0.14960629921259844,0.7739916929935694
RCL1,-0.6264158960318222,0.4094488188976378,0.9090035743434535
JAK2,-0.5752541668746369,0.08661417322834646,0.7251724549592804
PLGRKT,1.0041081308142639,0.06299212598425197,0.6963124387519445
CD274,1.317860036928221,0.25196850393700787,0.8470756930926249
PDCD1LG2,1.4072759899246081,0.06299212598425197,0.6963124387519445
RIC1,-0.32575550150231347,0.25196850393700787,0.8470756930926249
ERMP1,0.5876890152249539,0.18110236220472442,0.8073643742935083
KIAA2026,0.1147759264784236,0.6929133858267716,0.9695596467319408
RANBP6,-0.10337365899810891,0.7637795275590551,0.9726051513462561
UHRF2,-0.3765498980865072,0.5196850393700787,0.9452006713295411
KDM4C,0.19858872770887448,0.5669291338582677,0.954855712655332
SNRPEP2,-0.17722138542032084,0.7401574803149606,0.9726051513462561
RPL4P5,-0.8765525457942034,0.09448818897637795,0.7290975019374097
DMAC1,0.5883700855857379,0.7795275590551181,0.9769863358554425
RPS26P3,-0.48367445915030083,0.5984251968503937,0.9608942225121786
PRDX1P1,0.21141970410247302,0.7716535433070866,0.9760752568014447
ZDHHC21,-1.0269018631858247,0.05511811023622047,0.6931238793170655
LDHAP4,0.6254046013881434,0.29133858267716534,0.8583371233084381
AL592293.2,1.3528066019324063,0.06299212598425197,0.6963124387519445
TTC39B,-0.7081551780351574,0.25196850393700787,0.8470756930926249
SNAPC3,-0.5705133225360797,0.13385826771653545,0.7606862900526696
PSIP1,-0.1829323378414136,0.3700787401574803,0.8970171905992668
FTH1P12,2.1888465450291124,0.10236220472440945,0.7341951946620201
CCDC171,0.219723800318115,0.7795275590551181,0.9769863358554425
CNTLN,0.18459775877142093,0.6535433070866141,0.966090961744307
RRAGA,0.992703460981339,0.023622047244094488,0.6826476042030583
HAUS6,0.07825764373435762,0.7795275590551181,0.9769863358554425
PLIN2,0.6528547786813128,0.16535433070866143,0.7925152280493241
AL161909.1,-0.7021426161034174,0.18110236220472442,0.8073643742935083
DENND4C,-0.01950347447329115,0.937007874015748,0.9941472732331481
RPS6,-0.34397762549230393,0.07874015748031496,0.7107880171694956
MLLT3,-0.2925799582966677,0.4645669291338583,0.9271628797814478
FOCAD,0.2803045625723053,0.5039370078740157,0.939868419531259
HACD4,-0.22913461976073268,0.33858267716535434,0.8824827791252136
IFNB1,-0.11593590969776102,0.968503937007874,0.9977263771544332
KLHL9,0.2892546707455983,0.5039370078740157,0.939868419531259
MTAP,-0.37319669688633805,0.3858267716535433,0.901137518714905
CDKN2B,1.0174575233874077,0.14173228346456693,0.7686343861159114
TUSC1,0.9230730624891321,0.2283464566929134,0.8336385014247465
CAAP1,-0.2535449861720478,0.6377952755905512,0.962871484045595
PLAA,-0.17529023543001632,0.4015748031496063,0.9086765677539906
IFT74,-0.08474035059150786,0.9212598425196851,0.9916034965968238
MOB3B,0.8695057266362967,0.2992125984251969,0.8629198938688523
C9orf72,-0.6030550164659374,0.015748031496062992,0.6826476042030583
SLC4A1APP1,0.6057448385564586,0.4645669291338583,0.9271628797814478
RBMXP2,0.31641041206168885,0.6771653543307087,0.9685447258281904
ACO1,0.9773281942004672,0.15748031496062992,0.7813115157480315
DDX58,0.5648785287651323,0.48031496062992124,0.9342236316938177
TOPORS,-0.25021958998484806,0.13385826771653545,0.7606862900526696
SMIM27,-0.04519603239651704,0.968503937007874,0.9977263771544332
NDUFB6,-0.2101337383914803,0.49606299212598426,0.9378529417969822
APTX,0.12110527282424677,0.7952755905511811,0.978664400309132
DNAJA1,-0.5675213744391687,0.03937007874015748,0.6826476042030583
SMU1,0.02991452833918906,0.8582677165354331,0.9837431881343323
B4GALT1,-0.49332712319278826,0.023622047244094488,0.6826476042030583
BAG1,-0.26829261641498814,0.2440944881889764,0.8410862980163292
CHMP5,-0.12373018966447624,0.8503937007874016,0.9835944261634448
NFX1,-0.5079330344341022,0.05511811023622047,0.6931238793170655
AQP3,-0.509252359681228,0.5590551181102362,0.9539915430764625
NOL6,1.04132113133311,0.23622047244094488,0.8382889691177539
ANXA2P2,0.24075277867114409,0.6614173228346457,0.967634523772178
PTENP1,0.0339259476656828,0.84251968503937,0.9823595446327953
UBE2R2,-0.03807994842661433,0.7952755905511811,0.978664400309132
UBAP2,0.13680089981919696,0.7322834645669292,0.9726051513462561
DCAF12,0.2439079570291165,0.5118110236220472,0.9438814884599421
UBAP1,-0.18865062107056296,0.44881889763779526,0.9212102163700125
NUDT2,-0.03252711519834328,0.984251968503937,0.9988002758044506
FAM219A,0.3865106665242757,0.2755905511811024,0.853725753792971
RPP25L,0.9322531518485477,0.2677165354330709,0.8534808525440345
DCTN3,-0.07991538468835024,0.7559055118110236,0.9726051513462561
SIGMAR1,-0.21557500390441442,0.5275590551181102,0.9452006713295411
GALT,-0.4627656790988883,0.4645669291338583,0.9271628797814478
IL11RA,0.524273414611536,0.6220472440944882,0.9618483135188818
CCL19,0.7479459575873195,0.5039370078740157,0.939868419531259
DNAJB5,1.7652420580887451,0.023622047244094488,0.6826476042030583
VCP,0.33118333844711767,0.09448818897637795,0.7290975019374097
FANCG,-0.23628465332447623,0.7244094488188977,0.9716680124035083
PIGO,0.9568049367686196,0.13385826771653545,0.7606862900526696
STOML2,-0.041682347971201406,0.8503937007874016,0.9835944261634448
FAM214B,0.8803974709891889,0.08661417322834646,0.7251724549592804
UNC13B,2.0762020482276258,0.023622047244094488,0.6826476042030583
RPS29P17,-0.3251616510546129,0.6535433070866141,0.966090961744307
TESK1,0.5171940726486568,0.5196850393700787,0.9452006713295411
CD72,0.48225687237239745,0.7244094488188977,0.9716680124035083
SIT1,-1.2661336682998234,0.13385826771653545,0.7606862900526696
TPM2,-1.2576108977889113,0.047244094488188976,0.6826476042030583
TLN1,0.15442665878418005,0.5984251968503937,0.9608942225121786
CREB3,0.760488003395793,0.14960629921259844,0.7739916929935694
GBA2,-0.10926274740228115,0.8346456692913385,0.9819224384651066
RGP1,0.666112206548652,0.47244094488188976,0.9331994464922055
HINT2,-0.012988017706621058,0.9291338582677166,0.9923418376941026
TMEM8B,-0.7657091449114368,0.15748031496062992,0.7813115157480315
YBX1P10,1.1503668803549414,0.28346456692913385,0.8574144950147485
RECK,0.42848585743820156,0.5748031496062992,0.9559479904608623
GLIPR2,0.3586897664861457,0.08661417322834646,0.7251724549592804
CLTA,0.2378752550467116,0.33070866141732286,0.8811266433105555
GNE,0.1421228000932726,0.7401574803149606,0.9726051513462561
RNF38,-0.5452570842171571,0.11811023622047244,0.7364350074797351
MELK,1.6307656315863044,0.13385826771653545,0.7606862900526696
EBLN3P,-0.31164243492014254,0.3937007874015748,0.9060325603890926
ZCCHC7,-0.2440566119519607,0.49606299212598426,0.9378529417969822
GRHPR,0.5479931025336002,0.5196850393700787,0.9452006713295411
ZBTB5,0.21624974205889202,0.6929133858267716,0.9695596467319408
POLR1E,-0.6754149855424036,0.2992125984251969,0.8629198938688523
TRMT10B,-0.7743114705797298,0.14173228346456693,0.7686343861159114
EXOSC3,0.5462678382593102,0.25196850393700787,0.8470756930926249
DCAF10,0.3009251746551831,0.5590551181102362,0.9539915430764625
SLC25A51,-0.5065364586188132,0.5669291338582677,0.954855712655332
SHB,1.0359412769653469,0.28346456692913385,0.8574144950147485
ALDH1B1,1.7499374962859795,0.03937007874015748,0.6826476042030583
FRG1HP,0.4196606820680646,0.33858267716535434,0.8824827791252136
AL353763.2,0.6722292680764337,0.14173228346456693,0.7686343861159114
CBWD6,-0.3512608950950735,0.6771653543307087,0.9685447258281904
LINC01410,-0.7782551958270814,0.06299212598425197,0.6963124387519445
ANKRD20A4,-0.3169773310253763,0.5669291338582677,0.954855712655332
CBWD5,0.135798942850883,0.8346456692913385,0.9819224384651066
PIP5K1B,0.3082947913063845,0.7165354330708661,0.9697087411223303
FAM122A,-0.46649967966526384,0.2283464566929134,0.8336385014247465
FXN,1.0822798996319025,0.07086614173228346,0.7107880171694956
TJP2,0.2369706602109969,0.7007874015748031,0.9697087411223303
APBA1,0.9951080406998354,0.2204724409448819,0.8287127766916084
PTAR1,-0.5778358948540392,0.023622047244094488,0.6826476042030583
RPL24P8,-0.44806067493167756,0.14173228346456693,0.7686343861159114
SMC5,-0.2719347718106784,0.2204724409448819,0.8287127766916084
KLF9,0.04338645726845769,0.905511811023622,0.9899212869522312
RPL35AP21,-0.5409384443788237,0.3779527559055118,0.90080276839105
TMEM2,-0.4654453431358334,0.1968503937007874,0.8133366461918351
ABHD17B,-0.9793781457013924,0.023622047244094488,0.6826476042030583
C9orf85,-0.1885575422422594,0.6614173228346457,0.967634523772178
BTF3P4,-0.9540141273950411,0.05511811023622047,0.6931238793170655
LINC01504,0.006064547642401941,1.0,1.0
ZFAND5,-0.03980206744320114,0.8661417322834646,0.9853875082167936
ALDH1A1,-1.5038484598883848,0.25984251968503935,0.8512406093679867
ANXA1,0.11835063872175233,0.4251968503937008,0.9130051051310895
C9orf40,0.22813456152878908,0.6220472440944882,0.9618483135188818
CARNMT1,-0.18033013503258388,0.7007874015748031,0.9697087411223303
NMRK1,0.7096923650696438,0.6614173228346457,0.967634523772178
OSTF1,0.4641641144310764,0.09448818897637795,0.7290975019374097
PCSK5,-0.20859138945067546,0.8582677165354331,0.9837431881343323
RFK,-0.16418446493087302,0.8110236220472441,0.9806560380447493
RPSAP9,-0.43892998674276873,0.47244094488188976,0.9331994464922055
GCNT1,0.20364712414098474,0.6141732283464567,0.9618483135188818
PRUNE2,0.03643652723125679,0.9763779527559056,0.9988002758044506
VPS13A,-0.6544089514340818,0.07874015748031496,0.7107880171694956
GNAQ,0.26983542419400663,0.1732283464566929,0.8038630721031994
CEP78,0.6216788014425081,0.28346456692913385,0.8574144950147485
CHCHD2P9,-0.04130601591228622,0.84251968503937,0.9823595446327953
TLE4,0.23533036271994057,0.2677165354330709,0.8534808525440345
TLE1,-0.5157579516522717,0.4251968503937008,0.9130051051310895
FRMD3,-1.8094936159887265,0.07086614173228346,0.7107880171694956
IDNK,-0.9456706273105775,0.10236220472440945,0.7341951946620201
UBQLN1,0.33203508072970234,0.2204724409448819,0.8287127766916084
GKAP1,-0.6608255425685203,0.31496062992125984,0.8705799696691885
KIF27,-1.1944495133881994,0.18110236220472442,0.8073643742935083
C9orf64,0.47615896619686326,0.5590551181102362,0.9539915430764625
HNRNPK,-0.11714825525711348,0.5196850393700787,0.9452006713295411
RMI1,0.3283196025229391,0.5511811023622047,0.9514203834061379
AGTPBP1,-0.6928893614771958,0.023622047244094488,0.6826476042030583
AL353743.1,-0.6757779608818684,0.25984251968503935,0.8512406093679867
NAA35,0.019527841204922236,0.9212598425196851,0.9916034965968238
GOLM1,0.4350347415570166,0.5590551181102362,0.9539915430764625
ISCA1,-0.3836900754183583,0.5354330708661418,0.9479419337985596
ZCCHC6,-0.5659582354789059,0.11811023622047244,0.7364350074797351
AL353678.1,-0.9962714427006341,0.06299212598425197,0.6963124387519445
GAS1,-0.5664014683567102,0.5669291338582677,0.954855712655332
DAPK1,0.022717407469174944,0.937007874015748,0.9941472732331481
AL161787.1,-0.5897637184826996,0.31496062992125984,0.8705799696691885
CTSL,1.4338106706507494,0.1889763779527559,0.8133366461918351
RPS10P3,-0.48953679711559506,0.2204724409448819,0.8287127766916084
AL353726.1,-0.3185860709729179,0.6377952755905512,0.962871484045595
SPIN1,0.3549004986818316,0.3937007874015748,0.9060325603890926
S1PR3,-0.16509770348986974,0.8503937007874016,0.9835944261634448
CKS2,-0.053345904602449146,0.8110236220472441,0.9806560380447493
SECISBP2,-0.5187188203348665,0.1889763779527559,0.8133366461918351
SEMA4D,-0.6411404100222553,0.07874015748031496,0.7107880171694956
GADD45G,-0.7472802159847052,0.4094488188976378,0.9090035743434535
SYK,-0.21924411391957044,0.30708661417322836,0.868085262990023
AUH,-0.0808754200789128,0.9212598425196851,0.9916034965968238
NFIL3,0.25673019589309476,0.7637795275590551,0.9726051513462561
SPTLC1,-0.17160646989297135,0.5118110236220472,0.9438814884599421
IARS,-0.09298512553848237,0.8661417322834646,0.9853875082167936
NOL8,-0.03920857383528631,0.937007874015748,0.9941472732331481
ASPN,-1.2086055391824546,0.36220472440944884,0.8957091520102044
BICD2,0.2852265706595789,0.28346456692913385,0.8574144950147485
ZNF484,-0.6363895489388784,0.4094488188976378,0.9090035743434535
FGD3,-0.01279408425148354,0.9921259842519685,1.0
SUSD3,1.3963417221232248,0.11023622047244094,0.7341951946620201
CARD19,0.8229158656355731,0.2047244094488189,0.8179316528497794
NINJ1,0.6426811317402583,0.4409448818897638,0.9193107263430548
FAM120AOS,-0.2565182136039459,0.31496062992125984,0.8705799696691885
FAM120A,0.0005523680969448108,1.0,1.0
PHF2,-0.22684211809732702,0.14173228346456693,0.7686343861159114
PTPDC1,1.046160994359056,0.13385826771653545,0.7606862900526696
ZNF169,-0.8556026051093103,0.2125984251968504,0.8224832770104163
AL691447.3,-0.4019512511994796,0.6299212598425197,0.962871484045595
MFSD14B,-0.2814345997568566,0.28346456692913385,0.8574144950147485
FBP1,0.16817987179717075,0.3858267716535433,0.901137518714905
C9orf3,0.02210641310852912,1.0,1.0
FANCC,-0.5042663644095591,0.5511811023622047,0.9514203834061379
LINC00476,-0.6848006826523363,0.4251968503937008,0.9130051051310895
ERCC6L2,-1.1036804192493048,0.031496062992125984,0.6826476042030583
EIF4BP3,-0.9553177426728969,0.031496062992125984,0.6826476042030583
SLC35D2,0.5189848897707918,0.11023622047244094,0.7341951946620201
ZNF367,-0.45024945870305344,0.6062992125984252,0.9608942225121786
AL133477.1,-0.12230285735699065,0.7874015748031497,0.9775940764002741
AAED1,1.2025025271784826,0.03937007874015748,0.6826476042030583
ZNF510,0.9542037961049874,0.3543307086614173,0.8915123476047269
ZNF782,0.06189921563691403,0.9921259842519685,1.0
MFSD14C,0.22780004097653128,0.6141732283464567,0.9618483135188818
CTSV,-0.5341902367742604,0.5826771653543307,0.9597435711535928
TDRD7,-0.0017911409308735138,1.0,1.0
TSTD2,-0.515024274560619,0.4094488188976378,0.9090035743434535
NCBP1,0.3839124831179781,0.6141732283464567,0.9618483135188818
XPA,-0.014376684511484328,0.968503937007874,0.9977263771544332
TRMO,-0.8841062777252908,0.07086614173228346,0.7107880171694956
ANP32B,0.018513263915584943,0.8110236220472441,0.9806560380447493
NANS,-0.37450621276648555,0.09448818897637795,0.7290975019374097
TRIM14,-0.35425383181697967,0.2992125984251969,0.8629198938688523
CORO2A,0.30312119953680483,0.5118110236220472,0.9438814884599421
TBC1D2,0.49255312813433205,0.3700787401574803,0.8970171905992668
COL15A1,2.745950667728411,0.06299212598425197,0.6963124387519445
TGFBR1,-0.22642330136075461,0.29133858267716534,0.8583371233084381
ALG2,-0.15286151343334797,0.6062992125984252,0.9608942225121786
SEC61B,-0.5696577010147594,0.07874015748031496,0.7107880171694956
NR4A3,-0.5354456607039495,0.4015748031496063,0.9086765677539906
STX17,-0.35155652948605987,0.3543307086614173,0.8915123476047269
ERP44,0.2396863687172397,0.25196850393700787,0.8470756930926249
INVS,1.7820221050046967,0.031496062992125984,0.6826476042030583
TEX10,0.1687999192154095,0.8110236220472441,0.9806560380447493
MSANTD3,-0.23215845576839644,0.5511811023622047,0.9514203834061379
MRPL50,-0.07911282032292366,0.8110236220472441,0.9806560380447493
ZNF189,0.06859627629754428,0.8976377952755905,0.9899212869522312
RNF20,-0.044613795289193625,0.8818897637795275,0.9879934629764293
SMC2,0.7038363936336971,0.29133858267716534,0.8583371233084381
NIPSNAP3A,0.13818312030289714,0.7559055118110236,0.9726051513462561
NIPSNAP3B,-0.7434584888586495,0.2047244094488189,0.8179316528497794
ABCA1,1.205075381054792,0.13385826771653545,0.7606862900526696
AL359182.2,-0.2895868840179453,0.6220472440944882,0.9618483135188818
SLC44A1,0.6802104860704015,0.07086614173228346,0.7107880171694956
FSD1L,1.477050148481974,0.047244094488188976,0.6826476042030583
RALGAPA1P1,0.3213001719348103,0.5590551181102362,0.9539915430764625
FKTN,0.7750898218818612,0.07874015748031496,0.7107880171694956
TMEM38B,-0.4278569215138459,0.3779527559055118,0.90080276839105
ZNF462,0.6267532919843903,0.5275590551181102,0.9452006713295411
AL807761.2,-0.2559291487226246,0.5826771653543307,0.9597435711535928
RAD23B,0.12342954139937312,0.6692913385826772,0.967634523772178
KLF4,0.1205294850891434,0.8582677165354331,0.9837431881343323
AC068050.1,0.5293975177642944,0.4645669291338583,0.9271628797814478
AL669983.1,-0.3424467916008167,0.3779527559055118,0.90080276839105
ELP1,0.08476533770380978,0.9212598425196851,0.9916034965968238
FAM206A,0.37925884291339695,0.2047244094488189,0.8179316528497794
CTNNAL1,0.03136953397458919,0.984251968503937,0.9988002758044506
TMEM245,0.3950256720285168,0.11023622047244094,0.7341951946620201
TXN,-0.3027465699054268,0.6850393700787402,0.9695596467319408
LPAR1,0.9861723532039466,0.07086614173228346,0.7107880171694956
KIAA0368,-0.31664803504263617,0.2992125984251969,0.8629198938688523
PTGR1,1.9831872397113741,0.023622047244094488,0.6826476042030583
DNAJC25,0.25981462742407935,0.5748031496062992,0.9559479904608623
UGCG,-0.7248307121986732,0.33070866141732286,0.8811266433105555
AL138756.1,-0.2873922190806417,0.5354330708661418,0.9479419337985596
SUSD1,-0.42692127839320726,0.4094488188976378,0.9090035743434535
PTBP3,-0.2717951442975046,0.031496062992125984,0.6826476042030583
HSDL2,-0.10410109804470835,0.7637795275590551,0.9726051513462561
KIAA1958,-0.10137797762195877,0.8661417322834646,0.9853875082167936
INIP,0.6572325757997062,0.023622047244094488,0.6826476042030583
SNX30,-0.0847745460584175,0.8346456692913385,0.9819224384651066
SLC31A2,-0.20277035541808797,0.7322834645669292,0.9726051513462561
FKBP15,0.33085151628476694,0.3700787401574803,0.8970171905992668
SLC31A1,1.1291194260611483,0.015748031496062992,0.6826476042030583
CDC26,-1.0126746139137006,0.2204724409448819,0.8287127766916084
PRPF4,-0.15909359905364795,0.6377952755905512,0.962871484045595
BSPRY,-0.1464085643494193,0.889763779527559,0.9886177730539346
HDHD3,0.1504479173863731,0.8503937007874016,0.9835944261634448
ALAD,0.14041560882515114,0.7401574803149606,0.9726051513462561
POLE3,0.04427797585656279,0.889763779527559,0.9886177730539346
RGS3,-1.0213667957635562,0.2125984251968504,0.8224832770104163
ZNF618,-0.19357493249408675,0.7480314960629921,0.9726051513462561
COL27A1,0.24946266616367607,0.8740157480314961,0.9870953241817563
AKNA,-0.569621451433636,0.41732283464566927,0.9107246259166057
WHRN,0.5934819222474279,0.4015748031496063,0.9086765677539906
ATP6V1G1,0.2525781330980008,0.4094488188976378,0.9090035743434535
TMEM268,-0.2768391605045535,0.5433070866141733,0.9499646623191925
TNFSF15,1.81132308754459,0.10236220472440945,0.7341951946620201
TNFSF8,-0.10274111172238598,0.84251968503937,0.9823595446327953
TRIM32,-0.21519197342872998,0.7401574803149606,0.9726051513462561
TLR4,0.5453164020105454,0.14173228346456693,0.7686343861159114
TPT1P9,-0.7442307641650041,0.023622047244094488,0.6826476042030583
CDK5RAP2,0.5715173838777945,0.08661417322834646,0.7251724549592804
MEGF9,-0.6606101224455347,0.05511811023622047,0.6931238793170655
FBXW2,-0.38111021827368763,0.13385826771653545,0.7606862900526696
PSMD5,0.1770950023479747,0.6377952755905512,0.962871484045595
CUTALP,-0.11462753157874417,0.8267716535433071,0.9819224384651066
PHF19,0.6664943634351483,0.33858267716535434,0.8824827791252136
TRAF1,0.8271617971847576,0.41732283464566927,0.9107246259166057
C5,-0.7623102866027673,0.14960629921259844,0.7739916929935694
CNTRL,-0.5729199167735395,0.1732283464566929,0.8038630721031994
RAB14,0.07277874346934787,0.7244094488188977,0.9716680124035083
GSN,0.8300582158161847,0.023622047244094488,0.6826476042030583
STOM,0.45621391042673487,0.2677165354330709,0.8534808525440345
GGTA1P,0.9183408143546163,0.08661417322834646,0.7251724549592804
NDUFA8,0.1549080818934092,0.33858267716535434,0.8824827791252136
RBM18,-0.6487700246257218,0.05511811023622047,0.6931238793170655
MRRF,0.06157633728246914,0.7559055118110236,0.9726051513462561
PTGS1,2.1359168874487895,0.015748031496062992,0.6826476042030583
PDCL,0.7305408676691609,0.07874015748031496,0.7107880171694956
RC3H2,-0.345034504438277,0.2992125984251969,0.8629198938688523
ZBTB6,-0.1401830509243589,0.8582677165354331,0.9837431881343323
ZBTB26,-0.4534309695124954,0.5196850393700787,0.9452006713295411
RABGAP1,0.0949622921536184,0.5669291338582677,0.954855712655332
STRBP,-0.5475780314355951,0.2755905511811024,0.853725753792971
DENND1A,0.3085664410340794,0.4566929133858268,0.9233455416926752
NEK6,0.9980820634858043,0.11811023622047244,0.7364350074797351
PSMB7,-0.27476446088031814,0.16535433070866143,0.7925152280493241
NR6A1,0.8656567740976584,0.33858267716535434,0.8824827791252136
OLFML2A,0.4642890871425509,0.5511811023622047,0.9514203834061379
RPL35,0.09487087391502236,0.937007874015748,0.9941472732331481
ARPC5L,0.3236207699560474,0.36220472440944884,0.8957091520102044
GOLGA1,-0.6975639438416334,0.023622047244094488,0.6826476042030583
SCAI,0.7470550557669338,0.2204724409448819,0.8287127766916084
PPP6C,-0.11517997888916298,0.6299212598425197,0.962871484045595
RABEPK,1.0098179439389,0.03937007874015748,0.6826476042030583
HSPA5,0.49186601654071715,0.05511811023622047,0.6931238793170655
GAPVD1,-0.3181351584699845,0.1889763779527559,0.8133366461918351
MAPKAP1,-0.2222659843303605,0.5590551181102362,0.9539915430764625
PBX3,-0.4915506354408903,0.1732283464566929,0.8038630721031994
MVB12B,0.5473112466231678,0.5590551181102362,0.9539915430764625
ZBTB43,-0.19114616243634508,0.48031496062992124,0.9342236316938177
ZBTB34,0.07173114380366474,0.905511811023622,0.9899212869522312
SLC2A8,0.5252489187941487,0.4566929133858268,0.9233455416926752
RPL12,-0.22336566092863563,0.2992125984251969,0.8629198938688523
LRSAM1,0.5376687913134863,0.6456692913385826,0.9653496962085154
FAM129B,1.7564137113836011,0.09448818897637795,0.7290975019374097
STXBP1,1.4082703632465265,0.08661417322834646,0.7251724549592804
TOR2A,0.03954811155633964,0.937007874015748,0.9941472732331481
SH2D3C,-0.5797924756266233,0.3700787401574803,0.8970171905992668
CDK9,-0.629091524480839,0.15748031496062992,0.7813115157480315
FPGS,-0.12268730951194051,0.8661417322834646,0.9853875082167936
ENG,1.1204943035609247,0.3228346456692913,0.8759501889864706
ST6GALNAC6,-0.0781591526443508,0.8661417322834646,0.9853875082167936
ST6GALNAC4,-1.14855746265554,0.2047244094488189,0.8179316528497794
DPM2,1.1709952991415578,0.44881889763779526,0.9212102163700125
FAM102A,0.4061278506656665,0.5354330708661418,0.9479419337985596
NAIF1,0.06394154020115428,0.937007874015748,0.9941472732331481
SLC25A25-AS1,-1.31093021304619,0.07874015748031496,0.7107880171694956
PTGES2,0.11681931607504925,0.8740157480314961,0.9870953241817563
LCN2,-0.10247308378147069,0.9212598425196851,0.9916034965968238
C9orf16,-0.4252682609193892,0.7244094488188977,0.9716680124035083
CIZ1,0.04522034733620828,0.984251968503937,0.9988002758044506
DNM1,-0.04582082007068866,0.937007874015748,0.9941472732331481
GOLGA2,0.07748082159726177,0.7244094488188977,0.9716680124035083
SWI5,0.06457233476187874,0.9212598425196851,0.9916034965968238
TRUB2,0.1831830437006654,0.7795275590551181,0.9769863358554425
COQ4,0.12978596677291465,0.84251968503937,0.9823595446327953
SLC27A4,1.5580508657123744,0.03937007874015748,0.6826476042030583
TMSB4XP4,1.0141153484947547,0.1889763779527559,0.8133366461918351
URM1,0.44823133097202206,0.48031496062992124,0.9342236316938177
CERCAM,0.07188204658889652,0.952755905511811,0.9944898714583753
ODF2,0.05587275818656323,0.6771653543307087,0.9685447258281904
GLE1,0.2519506359265131,0.41732283464566927,0.9107246259166057
SPTAN1,0.034210519706715736,0.9291338582677166,0.9923418376941026
WDR34,-0.1340737649847734,0.9291338582677166,0.9923418376941026
SET,-0.10934629685666941,0.6456692913385826,0.9653496962085154
PKN3,0.24482538399736775,0.8031496062992126,0.9806560380447493
ZDHHC12,-0.10921596406974565,0.952755905511811,0.9944898714583753
AL441992.1,0.14323012910634936,0.7637795275590551,0.9726051513462561
ZER1,-0.3311269988981982,0.7874015748031497,0.9775940764002741
TBC1D13,-0.41180074608415307,0.14960629921259844,0.7739916929935694
SPOUT1,0.7322005639619631,0.14960629921259844,0.7739916929935694
KYAT1,0.4109072484616426,0.6220472440944882,0.9618483135188818
LRRC8A,0.643243122649682,0.5354330708661418,0.9479419337985596
PHYHD1,0.3087599411249,0.6614173228346457,0.967634523772178
DOLK,0.4694206579179827,0.6456692913385826,0.9653496962085154
NUP188,0.8623066947368658,0.33070866141732286,0.8811266433105555
SH3GLB2,0.8016907317413864,0.4881889763779528,0.9357814954688165
MIGA2,-0.8058376957130831,0.23622047244094488,0.8382889691177539
DOLPP1,0.48188324087823853,0.41732283464566927,0.9107246259166057
CRAT,0.969026610928156,0.3779527559055118,0.90080276839105
PTPA,1.0153641512491753,0.5511811023622047,0.9514203834061379
IER5L,0.780381889975069,0.18110236220472442,0.8073643742935083
LINC01503,0.9044867193067829,0.10236220472440945,0.7341951946620201
LINC00963,0.8646305238124361,0.2047244094488189,0.8179316528497794
ASB6,0.2703223172860625,0.6062992125984252,0.9608942225121786
TOR1B,-0.5360910594710937,0.3779527559055118,0.90080276839105
TOR1A,-0.17667600966114083,0.25196850393700787,0.8470756930926249
C9orf78,0.07080133767292107,0.8188976377952756,0.9819224384651066
USP20,-0.06906089231161516,0.952755905511811,0.9944898714583753
FNBP1,-0.15625156144712626,0.3700787401574803,0.8970171905992668
GPR107,0.13833561210376555,0.6299212598425197,0.962871484045595
NCS1,0.0888188537524699,0.952755905511811,0.9944898714583753
FUBP3,0.23462854727014015,0.5118110236220472,0.9438814884599421
EXOSC2,-0.5676196857658202,0.4881889763779528,0.9357814954688165
ABL1,1.016838709596331,0.015748031496062992,0.6826476042030583
NUP214,-0.2626321225375303,0.44881889763779526,0.9212102163700125
FAM78A,0.2280275416262385,0.23622047244094488,0.8382889691177539
PRRC2B,-0.3068725587662082,0.6771653543307087,0.9685447258281904
POMT1,-0.762991799479368,0.3700787401574803,0.8970171905992668
UCK1,0.7758751297936839,0.23622047244094488,0.8382889691177539
RAPGEF1,0.4349172008726532,0.5511811023622047,0.9514203834061379
MED27,0.14130410947387828,0.8267716535433071,0.9819224384651066
SETX,-0.04161719693569044,0.889763779527559,0.9886177730539346
TTF1,-0.558864548727672,0.2992125984251969,0.8629198938688523
DDX31,-0.4306888347221838,0.44881889763779526,0.9212102163700125
GTF3C4,-0.20126249542575003,0.8110236220472441,0.9806560380447493
TSC1,-0.03626484860327617,0.952755905511811,0.9944898714583753
EEF1A1P5,-0.6349078271064306,0.031496062992125984,0.6826476042030583
GTF3C5,-0.6770550094332171,0.2440944881889764,0.8410862980163292
RALGDS,-0.10229700079894855,0.7401574803149606,0.9726051513462561
GBGT1,0.30187712433477953,0.4645669291338583,0.9271628797814478
SURF6,0.31097463588308205,0.7007874015748031,0.9697087411223303
MED22,-0.9619740031377766,0.13385826771653545,0.7606862900526696
RPL7A,-0.3293958248699447,0.03937007874015748,0.6826476042030583
SURF1,0.4114709684251423,0.4015748031496063,0.9086765677539906
SURF2,-0.7975079093778006,0.2992125984251969,0.8629198938688523
SURF4,0.255425585163624,0.23622047244094488,0.8382889691177539
REXO4,-0.34987533933882187,0.4409448818897638,0.9193107263430548
CACFD1,1.038627800690356,0.2125984251968504,0.8224832770104163
SLC2A6,0.12547813888914572,0.5984251968503937,0.9608942225121786
VAV2,0.35505981332970915,0.5511811023622047,0.9514203834061379
BRD3,-0.2620404941564001,0.6299212598425197,0.962871484045595
WDR5,0.5142285513584737,0.3543307086614173,0.8915123476047269
RXRA,0.14484965172563946,0.5826771653543307,0.9597435711535928
COL5A1,0.09457270719713584,0.968503937007874,0.9977263771544332
FCN1,-0.6971376359734673,0.2440944881889764,0.8410862980163292
OLFM1,0.952184319025442,0.4566929133858268,0.9233455416926752
PPP1R26,0.028870877024113506,0.9763779527559056,0.9988002758044506
MRPS2,0.08830402632600443,0.7952755905511811,0.978664400309132
CAMSAP1,0.6485017609217243,0.2047244094488189,0.8179316528497794
UBAC1,1.0638034484125427,0.031496062992125984,0.6826476042030583
NACC2,-0.1007861454330552,0.8582677165354331,0.9837431881343323
TMEM250,0.2145670040935297,0.8582677165354331,0.9837431881343323
QSOX2,-0.4953235496307733,0.4251968503937008,0.9130051051310895
CARD9,0.6861982194961693,0.5196850393700787,0.9452006713295411
SNAPC4,-0.36534382103971463,0.8582677165354331,0.9837431881343323
SDCCAG3,0.46899857685098345,0.4015748031496063,0.9086765677539906
PMPCA,1.1747074832840754,0.3700787401574803,0.8970171905992668
INPP5E,1.277753155107701,0.25984251968503935,0.8512406093679867
SEC16A,-0.1478065522480243,0.7874015748031497,0.9775940764002741
NOTCH1,-0.06414261979697677,0.9291338582677166,0.9923418376941026
EGFL7,0.013650773592284615,1.0,1.0
AGPAT2,-0.7452084397147258,0.2992125984251969,0.8629198938688523
SNHG7,-1.1549582153852809,0.031496062992125984,0.6826476042030583
TMEM141,-0.21398940414591916,0.5590551181102362,0.9539915430764625
AL355987.4,-0.6838194936744308,0.33858267716535434,0.8824827791252136
RABL6,-0.18088664129433063,0.8188976377952756,0.9819224384651066
PHPT1,0.14159265353981088,0.9291338582677166,0.9923418376941026
MAMDC4,0.2855251729548709,0.6692913385826772,0.967634523772178
EDF1,-0.15824452764540098,0.84251968503937,0.9823595446327953
TRAF2,0.47919153187736674,0.4566929133858268,0.9233455416926752
FBXW5,-0.4628493667981939,0.7637795275590551,0.9726051513462561
PTGDS,-1.4017352179219804,0.16535433070866143,0.7925152280493241
PAXX,-1.2808903347083738,0.3858267716535433,0.901137518714905
CLIC3,-0.9591814109698453,0.5826771653543307,0.9597435711535928
ABCA2,-0.36098227358945145,0.8110236220472441,0.9806560380447493
C9orf139,1.2333173187190543,0.09448818897637795,0.7290975019374097
FUT7,1.151057553944562,0.31496062992125984,0.8705799696691885
NPDC1,-0.1569762434069677,0.889763779527559,0.9886177730539346
SAPCD2,-0.27509368430079806,0.7874015748031497,0.9775940764002741
UAP1L1,0.5607478901339173,0.1889763779527559,0.8133366461918351
MAN1B1-AS1,1.1493638219959608,0.18110236220472442,0.8073643742935083
MAN1B1,0.40200965373964026,0.7165354330708661,0.9697087411223303
DPP7,-1.1343324347777965,0.5118110236220472,0.9438814884599421
ANAPC2,0.0321356192822313,0.952755905511811,0.9944898714583753
SSNA1,0.40930152591582214,0.6062992125984252,0.9608942225121786
TMEM203,0.49649515574262937,0.6062992125984252,0.9608942225121786
RNF208,0.5520798252450897,0.5118110236220472,0.9438814884599421
TUBB4B,0.07965299328114206,0.9448818897637795,0.9944898714583753
NELFB,1.0566384607238932,0.44881889763779526,0.9212102163700125
TOR4A,0.41964275349530755,0.28346456692913385,0.8574144950147485
NRARP,0.5918319770005374,0.4094488188976378,0.9090035743434535
EXD3,1.0439325874840328,0.2283464566929134,0.8336385014247465
NSMF,-0.5170781294878508,0.7401574803149606,0.9726051513462561
MRPL41,0.4179678015505246,0.4015748031496063,0.9086765677539906
DPH7,-0.16828975675054236,0.8503937007874016,0.9835944261634448
ZMYND19,0.47965833764365096,0.5669291338582677,0.954855712655332
ARRDC1,0.1766650543153756,0.968503937007874,0.9977263771544332
EHMT1,0.3137610108653792,0.5826771653543307,0.9597435711535928
BET1L,-0.2332039129179453,0.5905511811023622,0.9608942225121786
RIC8A,0.30886635400526785,0.3779527559055118,0.90080276839105
SIRT3,1.5494842905373107,0.031496062992125984,0.6826476042030583
PSMD13,0.10511254180984775,0.5669291338582677,0.954855712655332
PGGHG,0.27393717684638386,0.7637795275590551,0.9726051513462561
IFITM2,0.49067155754421954,0.36220472440944884,0.8957091520102044
IFITM1,-0.5151514471076206,0.33070866141732286,0.8811266433105555
IFITM3,0.6688268816549403,0.25984251968503935,0.8512406093679867
AC136475.5,0.6759401531521396,0.2992125984251969,0.8629198938688523
SIGIRR,-0.11593368516995994,0.952755905511811,0.9944898714583753
PTDSS2,-0.16456829238976334,0.8661417322834646,0.9853875082167936
RNH1,0.1965772981889291,0.6771653543307087,0.9685447258281904
HRAS,-0.017360062389362163,1.0,1.0
RASSF7,0.7750423293960385,0.4015748031496063,0.9086765677539906
PHRF1,-0.12741008696579037,0.952755905511811,0.9944898714583753
IRF7,-1.3501119577565577,0.023622047244094488,0.6826476042030583
SCT,-0.5045565622799955,0.8110236220472441,0.9806560380447493
DRD4,-0.4994200816598324,0.6456692913385826,0.9653496962085154
DEAF1,0.746557199792018,0.3543307086614173,0.8915123476047269
TMEM80,-0.23309888907773413,0.6929133858267716,0.9695596467319408
TALDO1,0.12359103821719408,0.3937007874015748,0.9060325603890926
GATD1,0.8872900808848057,0.2204724409448819,0.8287127766916084
SLC25A22,-0.37519400930459756,0.6692913385826772,0.967634523772178
RPLP2,0.12564926893875494,0.7795275590551181,0.9769863358554425
PNPLA2,-0.6758704000513394,0.1732283464566929,0.8038630721031994
CRACR2B,0.1335529085107625,0.8582677165354331,0.9837431881343323
CD151,1.9614442942157204,0.15748031496062992,0.7813115157480315
POLR2L,0.1103797717667625,0.9291338582677166,0.9923418376941026
TSPAN4,0.44446833523465124,0.5354330708661418,0.9479419337985596
CHID1,-0.7005788673687499,0.6062992125984252,0.9608942225121786
AP2A2,0.8786515154257879,0.18110236220472442,0.8073643742935083
TOLLIP,-0.14311505948087522,0.8267716535433071,0.9819224384651066
MOB2,2.090142795217166,0.07874015748031496,0.7107880171694956
DUSP8,0.08008619593185284,0.952755905511811,0.9944898714583753
CTSD,1.3712993296761296,0.08661417322834646,0.7251724549592804
TNNI2,0.5141395277869032,0.6456692913385826,0.9653496962085154
LSP1,0.2666307331278901,0.6535433070866141,0.966090961744307
ASCL2,0.4385931342709797,0.6456692913385826,0.9653496962085154
C11orf21,-1.3855086207281548,0.10236220472440945,0.7341951946620201
TSPAN32,-0.2538257142199414,0.7952755905511811,0.978664400309132
RPL26P30,-0.32582240854514355,0.7165354330708661,0.9697087411223303
CD81,1.335593104410795,0.14173228346456693,0.7686343861159114
TSSC4,-0.4735830883901342,0.5826771653543307,0.9597435711535928
KCNQ1,-0.39210066018683953,0.2992125984251969,0.8629198938688523
KCNQ1OT1,-1.65807364621211,0.047244094488188976,0.6826476042030583
CDKN1C,0.053112586984414456,0.8976377952755905,0.9899212869522312
SLC22A18,-0.13690193129696127,0.8582677165354331,0.9837431881343323
PHLDA2,0.8268135182186254,0.3779527559055118,0.90080276839105
NAP1L4,-0.2867029795551357,0.2755905511811024,0.853725753792971
CARS,0.25337456377189316,0.4645669291338583,0.9271628797814478
OSBPL5,0.8003286519718698,0.36220472440944884,0.8957091520102044
ZNF195,0.07506177503627542,0.9291338582677166,0.9923418376941026
NUP98,-0.014675440719047472,0.905511811023622,0.9899212869522312
PGAP2,-0.984979335779006,0.11023622047244094,0.7341951946620201
RHOG,0.5256720368687198,0.03937007874015748,0.6826476042030583
STIM1,-0.25915986067622043,0.5905511811023622,0.9608942225121786
RRM1,0.2089395807320562,0.7795275590551181,0.9769863358554425
TRIM21,-0.7078116029449983,0.12598425196850394,0.7505281352026119
TRIM68,0.3433306582898572,0.6929133858267716,0.9695596467319408
HBB,-1.7023477565627236,0.4409448818897638,0.9193107263430548
TRIM6,1.1054149310585184,0.08661417322834646,0.7251724549592804
TRIM5,-0.09858676156035084,0.8503937007874016,0.9835944261634448
TRIM22,-0.6297799677323086,0.16535433070866143,0.7925152280493241
FAM160A2,0.6326748831342814,0.031496062992125984,0.6826476042030583
CAVIN3,1.9195460917727756,0.03937007874015748,0.6826476042030583
SMPD1,-0.12189861570229432,0.9212598425196851,0.9916034965968238
TRIM3,0.7407056780311092,0.41732283464566927,0.9107246259166057
ARFIP2,-0.4133028656474469,0.2440944881889764,0.8410862980163292
TIMM10B,0.09027463646162737,0.8661417322834646,0.9853875082167936
RRP8,0.1182790501406572,0.7007874015748031,0.9697087411223303
TAF10,-0.21315199046468347,0.2677165354330709,0.8534808525440345
TPP1,0.17571985591679606,0.1968503937007874,0.8133366461918351
MRPL17,1.0451786235270757,0.09448818897637795,0.7290975019374097
GVINP1,0.8155908667657235,0.33070866141732286,0.8811266433105555
ZNF215,0.4865326915278547,0.5590551181102362,0.9539915430764625
AC107884.1,0.17468144655553797,0.7637795275590551,0.9726051513462561
PPFIBP2,0.8775353541844573,0.4015748031496063,0.9086765677539906
EIF3F,-0.24950786555938897,0.2440944881889764,0.8410862980163292
TRIM66,-0.570946090084631,0.3700787401574803,0.8970171905992668
RPL27A,-0.46863308947195215,0.015748031496062992,0.6826476042030583
AKIP1,0.3058658222075019,0.5669291338582677,0.954855712655332
TMEM9B,0.3352014014962341,0.2755905511811024,0.853725753792971
NRIP3,-0.11420082376998453,0.8818897637795275,0.9879934629764293
DENND5A,-0.32360554623536686,0.2677165354330709,0.8534808525440345
TMEM41B,-0.21911566565815388,0.49606299212598426,0.9378529417969822
IPO7,0.5377342682453827,0.047244094488188976,0.6826476042030583
AC132192.2,-0.5403687482241204,0.4645669291338583,0.9271628797814478
ZNF143,-0.35065923487216377,0.4251968503937008,0.9130051051310895
WEE1,0.9266926322502917,0.23622047244094488,0.8382889691177539
SWAP70,1.1567533569334039,0.015748031496062992,0.6826476042030583
SBF2,-0.07746883284316208,0.7165354330708661,0.9697087411223303
ADM,-0.1022001024741801,0.8346456692913385,0.9819224384651066
AMPD3,1.1190351244817842,0.031496062992125984,0.6826476042030583
RNF141,-0.143966366058482,0.7165354330708661,0.9697087411223303
LYVE1,-1.7394347811873172,0.18110236220472442,0.8073643742935083
MRVI1,-0.2702590845642394,0.6850393700787402,0.9695596467319408
CTR9,0.16538548529439812,0.8110236220472441,0.9806560380447493
EIF4G2,0.22267068250015143,0.031496062992125984,0.6826476042030583
ZBED5,0.06946480126456667,0.8582677165354331,0.9837431881343323
ZBED5-AS1,0.41064292004187,0.25196850393700787,0.8470756930926249
CSNK2A3,-0.3398548104423822,0.6535433070866141,0.966090961744307
USP47,0.3990808772289123,0.4094488188976378,0.9090035743434535
MICAL2,0.9816266276355163,0.07874015748031496,0.7107880171694956
MICALCL,0.7572776360883617,0.14960629921259844,0.7739916929935694
ARNTL,-0.0815246362945583,0.8031496062992126,0.9806560380447493
BTBD10,0.38986482650648124,0.3700787401574803,0.8970171905992668
FAR1,0.047021194695815005,0.8740157480314961,0.9870953241817563
COPB1,0.11876621745058458,0.6771653543307087,0.9685447258281904
PSMA1,0.350150231841007,0.10236220472440945,0.7341951946620201
PDE3B,-0.6431637787840745,0.14960629921259844,0.7739916929935694
CYP2R1,-0.7811397171780143,0.11023622047244094,0.7341951946620201
C11orf58,-0.20304721649397894,0.4094488188976378,0.9090035743434535
PLEKHA7,1.251547567632151,0.11811023622047244,0.7364350074797351
AC116533.1,-0.13946207444704228,0.6299212598425197,0.962871484045595
RPS13,-0.19150566028882388,0.33070866141732286,0.8811266433105555
SNORD14A,-1.789220804098537,0.03937007874015748,0.6826476042030583
PIK3C2A,0.32392424596167135,0.29133858267716534,0.8583371233084381
NUCB2,-1.2005872842289111,0.06299212598425197,0.6963124387519445
NCR3LG1,0.24859257218111486,0.84251968503937,0.9823595446327953
AC124798.1,-0.35112252037948366,0.8188976377952756,0.9819224384651066
SERGEF,0.637606604382416,0.2047244094488189,0.8179316528497794
SAAL1,0.33556853826125055,0.5118110236220472,0.9438814884599421
ST13P5,0.029415658284119406,0.952755905511811,0.9944898714583753
SAA1,1.1084283690184242,0.2047244094488189,0.8179316528497794
HPS5,0.5145626090643249,0.33070866141732286,0.8811266433105555
GTF2H1,-0.04125917452156891,0.84251968503937,0.9823595446327953
LDHA,0.335992087202845,0.07086614173228346,0.7107880171694956
TSG101,0.2056503845996085,0.2047244094488189,0.8179316528497794
UEVLD,-0.05119466275715645,0.8818897637795275,0.9879934629764293
SPTY2D1,-0.419280070422376,0.08661417322834646,0.7251724549592804
AP006296.1,0.020675275580606556,0.9291338582677166,0.9923418376941026
TMEM86A,1.5157737642125673,0.11811023622047244,0.7364350074797351
IGSF22,-0.20118731827915126,0.7007874015748031,0.9697087411223303
ZDHHC13,0.20184422611748465,0.6535433070866141,0.966090961744307
E2F8,0.6230158559845562,0.6220472440944882,0.9618483135188818
NAV2,0.4515581997830975,0.6692913385826772,0.967634523772178
HTATIP2,0.5681418495402664,0.2204724409448819,0.8287127766916084
PRMT3,-0.5981522103264592,0.29133858267716534,0.8583371233084381
FANCF,-0.7084307557929672,0.3700787401574803,0.8970171905992668
SVIP,-0.6454253882962799,0.03937007874015748,0.6826476042030583
CCDC34,0.27553223960297335,0.8267716535433071,0.9819224384651066
LGR4,0.11299814245408735,0.889763779527559,0.9886177730539346
LIN7C,-0.29800310897953697,0.5039370078740157,0.939868419531259
AC104563.1,-0.7558340622633921,0.44881889763779526,0.9212102163700125
HSP90AA2P,-0.4948235637834415,0.6141732283464567,0.9618483135188818
KIF18A,0.11928145215428043,0.8346456692913385,0.9819224384651066
METTL15,0.31427628170788724,0.5748031496062992,0.9559479904608623
ARL14EP,0.1812209514454617,0.7086614173228346,0.9697087411223303
DNAJC24,0.4373866790376053,0.3228346456692913,0.8759501889864706
IMMP1L,0.48361792241260204,0.7952755905511811,0.978664400309132
ELP4,-0.16189167574931318,0.6850393700787402,0.9695596467319408
RCN1,0.5695817580049365,0.2677165354330709,0.8534808525440345
EIF3M,-0.5044169240353984,0.023622047244094488,0.6826476042030583
PRRG4,-0.3636618887574512,0.4881889763779528,0.9357814954688165
QSER1,0.27878412557274235,0.3543307086614173,0.8915123476047269
DEPDC7,0.4373984172309231,0.5905511811023622,0.9608942225121786
TCP11L1,0.009476472762647958,0.984251968503937,0.9988002758044506
LINC00294,0.5271621068369612,0.3228346456692913,0.8759501889864706
CSTF3,0.17426870884430867,0.49606299212598426,0.9378529417969822
AL136126.1,0.27669917023088875,0.5984251968503937,0.9608942225121786
HIPK3,0.07816671283164389,0.5196850393700787,0.9452006713295411
CD59,0.9545104381646894,0.10236220472440945,0.7341951946620201
FBXO3,0.11630748062214158,0.8110236220472441,0.9806560380447493
LMO2,0.03677308964357984,0.9133858267716536,0.9910228417757366
CAPRIN1,0.1636190059866216,0.6535433070866141,0.966090961744307
NAT10,-0.27607320538764313,0.3700787401574803,0.8970171905992668
ABTB2,-1.373983895451614,0.07086614173228346,0.7107880171694956
CAT,-0.5839489383133376,0.07086614173228346,0.7107880171694956
EHF,-1.2222360321266041,0.25984251968503935,0.8512406093679867
APIP,-0.2102729813171207,0.6062992125984252,0.9608942225121786
PDHX,1.0827041266177257,0.3700787401574803,0.8970171905992668
CD44,0.696655555078749,0.03937007874015748,0.6826476042030583
CD44-AS1,1.2857908659687465,0.18110236220472442,0.8073643742935083
AL133330.1,1.3818151802826515,0.05511811023622047,0.6931238793170655
FJX1,-0.6589135421195873,0.5905511811023622,0.9608942225121786
TRIM44,-0.12193721553532466,0.31496062992125984,0.8705799696691885
LDLRAD3,2.19579326079885,0.06299212598425197,0.6963124387519445
COMMD9,0.32454130040299045,0.2755905511811024,0.853725753792971
PRR5L,0.13928121668145277,0.9133858267716536,0.9910228417757366
TRAF6,0.3429150444693012,0.7637795275590551,0.9726051513462561
C11orf74,1.5899377008105078,0.031496062992125984,0.6826476042030583
API5,0.5319953504628163,0.10236220472440945,0.7341951946620201
TTC17,-0.24772540133642806,0.023622047244094488,0.6826476042030583
HSD17B12,-0.08419570245628183,0.7952755905511811,0.978664400309132
ALKBH3,-0.3884410341339235,0.49606299212598426,0.9378529417969822
C11orf96,0.30628381031713214,0.7874015748031497,0.9775940764002741
ACCS,0.27906941344739833,0.7637795275590551,0.9726051513462561
EXT2,1.158136267311205,0.09448818897637795,0.7290975019374097
CD82,-0.139495032278667,0.7716535433070866,0.9760752568014447
TP53I11,0.8034366385015042,0.48031496062992124,0.9342236316938177
PRDM11,-0.5763492186062034,0.4881889763779528,0.9357814954688165
SLC35C1,0.2214941951368834,0.6929133858267716,0.9695596467319408
CRY2,-0.39478103355134886,0.7007874015748031,0.9697087411223303
PEX16,0.08741528458611558,0.937007874015748,0.9941472732331481
PHF21A,-0.07779017816934797,0.5669291338582677,0.954855712655332
DGKZ,-0.2660599751822783,0.4251968503937008,0.9130051051310895
MDK,0.3874997999434364,0.7637795275590551,0.9726051513462561
AMBRA1,0.05086547797546892,0.8976377952755905,0.9899212869522312
AC024293.1,-0.1005928251307413,0.7007874015748031,0.9697087411223303
ATG13,-0.04742023806784701,0.8740157480314961,0.9870953241817563
ARHGAP1,-0.22141156965581832,0.4251968503937008,0.9130051051310895
CKAP5,0.576550198577304,0.08661417322834646,0.7251724549592804
C11orf49,-0.8869125367138282,0.13385826771653545,0.7606862900526696
ARFGAP2,1.009617040473158,0.14173228346456693,0.7686343861159114
AC090589.1,-0.7226508228036019,0.07086614173228346,0.7107880171694956
DDB2,-0.3093285304718063,0.47244094488188976,0.9331994464922055
ACP2,2.389222493222622,0.031496062992125984,0.6826476042030583
NR1H3,2.269164259661548,0.08661417322834646,0.7251724549592804
MADD,-0.13877147954472369,0.7244094488188977,0.9716680124035083
SPI1,0.6154036684862856,0.49606299212598426,0.9378529417969822
AC090559.1,-0.13276330207607057,0.8031496062992126,0.9806560380447493
SLC39A13,1.4795937638718493,0.13385826771653545,0.7606862900526696
PSMC3,0.4343629613562836,0.14173228346456693,0.7686343861159114
CELF1,-0.04191820311140404,0.8110236220472441,0.9806560380447493
NDUFS3,0.1559744340449063,0.6614173228346457,0.967634523772178
PTPMT1,-0.03652313373623528,0.9212598425196851,0.9916034965968238
MTCH2,0.5304509978141443,0.07086614173228346,0.7107880171694956
FNBP4,-0.5774855385224642,0.11023622047244094,0.7341951946620201
NUP160,0.007724610208407867,0.984251968503937,0.9988002758044506
AC023232.1,0.11798331778314353,0.8661417322834646,0.9853875082167936
PTPRJ,0.4491240297517951,0.13385826771653545,0.7606862900526696
RPL5P29,-0.3152219100275906,0.6141732283464567,0.9618483135188818
TNKS1BP1,1.003428666855966,0.2440944881889764,0.8410862980163292
SSRP1,0.002205487582270571,0.9921259842519685,1.0
SLC43A3,0.5749662459350597,0.05511811023622047,0.6931238793170655
SLC43A1,1.6802455326611638,0.10236220472440945,0.7341951946620201
TIMM10,0.3502589118004762,0.3779527559055118,0.90080276839105
UBE2L6,-0.0640861879123813,0.968503937007874,0.9977263771544332
RPS4XP13,-1.0553226593288005,0.06299212598425197,0.6963124387519445
SERPING1,-0.3116218279505132,0.5826771653543307,0.9597435711535928
CLP1,-0.07450172784740028,0.9291338582677166,0.9923418376941026
ZDHHC5,0.16697551077726658,0.3700787401574803,0.8970171905992668
MED19,0.8537451627566979,0.14960629921259844,0.7739916929935694
TMX2,0.7587249823707118,0.047244094488188976,0.6826476042030583
SELENOH,-0.5373615563514234,0.5433070866141733,0.9499646623191925
CTNND1,1.5733307427749974,0.047244094488188976,0.6826476042030583
LPXN,0.11614071054513353,0.5826771653543307,0.9597435711535928
ZFP91,-0.27226082694125253,0.23622047244094488,0.8382889691177539
FAM111B,0.5887134178746996,0.5748031496062992,0.9559479904608623
FAM111A,-0.506582231852641,0.03937007874015748,0.6826476042030583
DTX4,-1.166193083849831,0.12598425196850394,0.7505281352026119
MPEG1,-0.26175608910740067,0.13385826771653545,0.7606862900526696
OSBP,-0.1646923516152432,0.5433070866141733,0.9499646623191925
PATL1,-0.1445482240711753,0.5354330708661418,0.9479419337985596
STX3,0.12549049870788131,0.6141732283464567,0.9618483135188818
FABP5P7,1.2353156393900062,0.07086614173228346,0.7107880171694956
MRPL16,-0.16460516469528308,0.6692913385826772,0.967634523772178
MS4A2,1.1563428618750993,0.25984251968503935,0.8512406093679867
MS4A6A,0.5438207814431504,0.12598425196850394,0.7505281352026119
MS4A4E,0.2661471199007348,0.7637795275590551,0.9726051513462561
MS4A4A,0.8119273381909107,0.2677165354330709,0.8534808525440345
MS4A7,0.9376230721424577,0.023622047244094488,0.6826476042030583
MS4A14,1.7588433804798598,0.14173228346456693,0.7686343861159114
MS4A1,-0.8768688758149745,0.3858267716535433,0.901137518714905
CCDC86,0.10750766902108566,0.8188976377952756,0.9819224384651066
PRPF19,-0.08111085133940499,0.7559055118110236,0.9726051513462561
TMEM109,-0.21573440972568303,0.5984251968503937,0.9608942225121786
TMEM132A,-0.5193763939059066,0.5748031496062992,0.9559479904608623
SLC15A3,0.4413412776187622,0.6220472440944882,0.9618483135188818
CD6,0.281703602353093,0.6771653543307087,0.9685447258281904
CD5,0.7293007275853203,0.23622047244094488,0.8382889691177539
VPS37C,0.9663675588923675,0.4015748031496063,0.9086765677539906
DDB1,0.05534108532616955,0.8740157480314961,0.9870953241817563
TKFC,0.22195434675571413,0.47244094488188976,0.9331994464922055
CYB561A3,0.6937406192288091,0.3700787401574803,0.8970171905992668
TMEM138,0.9210194174501556,0.05511811023622047,0.6931238793170655
TMEM216,0.28040975169321714,0.2677165354330709,0.8534808525440345
CPSF7,-0.40600389667301684,0.10236220472440945,0.7341951946620201
SDHAF2,1.0725711606356407,0.2677165354330709,0.8534808525440345
TMEM258,0.012327388985807985,0.84251968503937,0.9823595446327953
FEN1,0.5649973886432722,0.2677165354330709,0.8534808525440345
FADS2,0.7012501295231002,0.29133858267716534,0.8583371233084381
FADS1,0.10057043134956878,0.6535433070866141,0.966090961744307
FADS3,0.7227096697260036,0.4330708661417323,0.9149090270901766
RAB3IL1,1.1277187582627,0.2204724409448819,0.8287127766916084
BEST1,-0.330690483131014,0.5039370078740157,0.939868419531259
FTH1,-0.22929548364214725,0.8110236220472441,0.9806560380447493
AP003733.4,0.4681845992079743,0.7086614173228346,0.9697087411223303
INCENP,0.0016932379700502764,0.9921259842519685,1.0
ASRGL1,0.8230234006112376,0.25984251968503935,0.8512406093679867
AHNAK,0.2107558957518858,0.4566929133858268,0.9233455416926752
TUT1,-0.05776604214984804,0.889763779527559,0.9886177730539346
MTA2,0.5742251416510715,0.3779527559055118,0.90080276839105
EML3,-0.16204864668486207,0.889763779527559,0.9886177730539346
B3GAT3,0.3998941769826658,0.7086614173228346,0.9697087411223303
GANAB,0.1271859134610791,0.5118110236220472,0.9438814884599421
INTS5,-0.5369339753518316,0.4645669291338583,0.9271628797814478
METTL12,0.41110990172572315,0.5433070866141733,0.9499646623191925
UQCC3,-0.6354150719171447,0.36220472440944884,0.8957091520102044
UBXN1,-0.13174667298592269,0.7007874015748031,0.9697087411223303
HNRNPUL2,0.4885228505076906,0.1732283464566929,0.8038630721031994
TTC9C,-0.6217137950151042,0.1968503937007874,0.8133366461918351
POLR2G,-0.11144186545674817,0.6614173228346457,0.967634523772178
TMEM223,0.5328378329966537,0.3858267716535433,0.901137518714905
TMEM179B,-0.079491260282472,0.84251968503937,0.9823595446327953
NXF1,-0.18925093032220985,0.7165354330708661,0.9697087411223303
STX5,0.05873177079326286,0.889763779527559,0.9886177730539346
WDR74,0.502407736179018,0.44881889763779526,0.9212102163700125
SNHG1,0.2600682691987677,0.6614173228346457,0.967634523772178
SLC3A2,0.07584652722328933,0.9133858267716536,0.9910228417757366
RARRES3,-1.7629393214472464,0.031496062992125984,0.6826476042030583
PLA2G16,-1.0218228457814975,0.14173228346456693,0.7686343861159114
ATL3,0.6090821452039377,0.015748031496062992,0.6826476042030583
RTN3,0.07860447762978762,0.5511811023622047,0.9514203834061379
C11orf95,-0.5615888293725737,0.5118110236220472,0.9438814884599421
C11orf84,-0.6377199843807482,0.6299212598425197,0.962871484045595
MARK2,0.35506499764065325,0.6377952755905512,0.962871484045595
NAA40,-0.3887374192459214,0.2440944881889764,0.8410862980163292
COX8A,0.32341800449280633,0.14173228346456693,0.7686343861159114
OTUB1,-0.20813258532384182,0.7007874015748031,0.9697087411223303
STIP1,0.763823553979484,0.11023622047244094,0.7341951946620201
FERMT3,0.2735142885309525,0.6456692913385826,0.9653496962085154
TRPT1,0.9841451020069738,0.10236220472440945,0.7341951946620201
NUDT22,0.19705158685360735,0.8346456692913385,0.9819224384651066
DNAJC4,-0.8499172013479588,0.5196850393700787,0.9452006713295411
VEGFB,-0.7277275717737206,0.023622047244094488,0.6826476042030583
FKBP2,-0.09377783386217153,0.7559055118110236,0.9726051513462561
PPP1R14B,-0.5500532477918982,0.5984251968503937,0.9608942225121786
PLCB3,0.5211443315001993,0.6220472440944882,0.9618483135188818
BAD,-1.0636701432519966,0.1889763779527559,0.8133366461918351
GPR137,-0.19110122922293682,0.8188976377952756,0.9819224384651066
ESRRA,0.11318876111540765,0.9212598425196851,0.9916034965968238
TRMT112,0.012172266166139423,0.9212598425196851,0.9916034965968238
PRDX5,0.310142893189183,0.23622047244094488,0.8382889691177539
CCDC88B,-0.028921142920292908,0.984251968503937,0.9988002758044506
RPS6KA4,-0.2024196247148362,0.6614173228346457,0.967634523772178
AP003774.3,-2.5065833719270127,0.031496062992125984,0.6826476042030583
RASGRP2,-0.9566471118427371,0.14173228346456693,0.7686343861159114
SF1,-0.21034697039692496,0.4094488188976378,0.9090035743434535
MAP4K2,-0.08003229841493198,0.9212598425196851,0.9916034965968238
MEN1,-0.4319463869316662,0.15748031496062992,0.7813115157480315
EHD1,0.3365179535755676,0.7874015748031497,0.9775940764002741
ATG2A,0.11780780475611241,0.7952755905511811,0.978664400309132
PPP2R5B,-0.675650416353216,0.1889763779527559,0.8133366461918351
ARL2,1.0183392491981245,0.3937007874015748,0.9060325603890926
SAC3D1,0.7550707563447623,0.31496062992125984,0.8705799696691885
CDCA5,-0.3444329645332922,0.7401574803149606,0.9726051513462561
FAU,-0.16723765028256743,0.5748031496062992,0.9559479904608623
SYVN1,0.2648102564256982,0.6692913385826772,0.967634523772178
MRPL49,0.3560198525642093,0.49606299212598426,0.9378529417969822
CAPN1,0.145139031197977,0.6614173228346457,0.967634523772178
POLA2,-0.6669770851942616,0.41732283464566927,0.9107246259166057
CDC42EP2,1.4549669207987739,0.2204724409448819,0.8287127766916084
DPF2,-0.450268805072505,0.49606299212598426,0.9378529417969822
TIGD3,-0.35844229930116867,0.6614173228346457,0.967634523772178
SLC25A45,0.08291773331593744,0.8188976377952756,0.9819224384651066
FRMD8,0.08679569266478016,0.6771653543307087,0.9685447258281904
NEAT1,-0.3658521447783265,0.5118110236220472,0.9438814884599421
AP000769.1,0.8956553604422911,0.2204724409448819,0.8287127766916084
MALAT1,-0.41231611970258086,0.4330708661417323,0.9149090270901766
SCYL1,0.2712974139132305,0.7086614173228346,0.9697087411223303
LTBP3,0.4191593742372288,0.7637795275590551,0.9726051513462561
SSSCA1,1.1550083579955182,0.29133858267716534,0.8583371233084381
FAM89B,0.5951779027752488,0.3228346456692913,0.8759501889864706
EHBP1L1,1.1707692684353423,0.3464566929133858,0.8873455246406359
MAP3K11,-0.5822402240317741,0.5275590551181102,0.9452006713295411
PCNX3,0.49403845291568005,0.6614173228346457,0.967634523772178
SIPA1,0.8911574452115785,0.5275590551181102,0.9452006713295411
RELA,-0.07967647755780405,0.7244094488188977,0.9716680124035083
RNASEH2C,0.7149681193255981,0.6377952755905512,0.962871484045595
AP5B1,-1.2548869475109925,0.08661417322834646,0.7251724549592804
CFL1,0.22201562595498814,0.1732283464566929,0.8038630721031994
MUS81,0.6277910599553858,0.7165354330708661,0.9697087411223303
CTSW,-0.2701981763409316,0.7559055118110236,0.9726051513462561
FIBP,-0.13300256941863164,0.9291338582677166,0.9923418376941026
CCDC85B,-0.8521494781854124,0.49606299212598426,0.9378529417969822
FOSL1,0.2920886904624034,0.7637795275590551,0.9726051513462561
C11orf68,2.0514167647781223,0.015748031496062992,0.6826476042030583
DRAP1,0.21100201539340802,0.7795275590551181,0.9769863358554425
SART1,-0.42565804125883044,0.6850393700787402,0.9695596467319408
EIF1AD,0.12255656286355521,0.8661417322834646,0.9853875082167936
BANF1,0.16971341409452645,0.5511811023622047,0.9514203834061379
CST6,1.7525610353413217,0.031496062992125984,0.6826476042030583
CATSPER1,1.4741039113776058,0.14960629921259844,0.7739916929935694
SF3B2,0.08336210014284262,0.5511811023622047,0.9514203834061379
PACS1,0.5650976449353324,0.5433070866141733,0.9499646623191925
YIF1A,-0.1506974848416105,0.8976377952755905,0.9899212869522312
RIN1,-0.04916649463098066,0.952755905511811,0.9944898714583753
BRMS1,-0.08308072808454448,0.8346456692913385,0.9819224384651066
B4GAT1,0.7724155782766822,0.2677165354330709,0.8534808525440345
MRPL11,0.16044929652193662,0.6141732283464567,0.9618483135188818
DPP3,0.06607409384695995,0.8740157480314961,0.9870953241817563
ZDHHC24,0.39722148356112097,0.25984251968503935,0.8512406093679867
CTSF,1.5565175605734844,0.023622047244094488,0.6826476042030583
CCS,-0.09229083030756291,0.9212598425196851,0.9916034965968238
RBM14,0.24230158282225212,0.25984251968503935,0.8512406093679867
RBM4,-0.7506927943411985,0.3700787401574803,0.8970171905992668
RBM4B,0.22150034730483315,0.1968503937007874,0.8133366461918351
AP001157.1,0.9096794270516899,0.25196850393700787,0.8470756930926249
C11orf80,-0.6543030982148934,0.2283464566929134,0.8336385014247465
RCE1,0.2217273137852951,0.7086614173228346,0.9697087411223303
PC,1.480546185697725,0.07874015748031496,0.7107880171694956
KDM2A,-0.301405320528235,0.023622047244094488,0.6826476042030583
GRK2,-0.4762563530360868,0.5118110236220472,0.9438814884599421
ANKRD13D,-0.17842718220318732,0.7559055118110236,0.9726051513462561
SSH3,1.480795382010677,0.14173228346456693,0.7686343861159114
RAD9A,0.28057366316992916,0.7559055118110236,0.9726051513462561
CLCF1,-0.3148539229515457,0.6377952755905512,0.962871484045595
PPP1CA,0.050725743667571876,0.984251968503937,0.9988002758044506
TBC1D10C,-0.5974161793364807,0.41732283464566927,0.9107246259166057
RPS6KB2,-0.2307084571439033,0.7874015748031497,0.9775940764002741
CORO1B,0.8405089224209705,0.5748031496062992,0.9559479904608623
TMEM134,-0.010984944098116234,1.0,1.0
AIP,-0.5601255420348483,0.6771653543307087,0.9685447258281904
PITPNM1,0.2110441804805392,0.7322834645669292,0.9726051513462561
CDK2AP2,-0.0998882801613421,0.8031496062992126,0.9806560380447493
GSTP1,0.36164218628567113,0.6614173228346457,0.967634523772178
NDUFV1,0.5427758117249946,0.7401574803149606,0.9726051513462561
ACY3,0.8852236295571558,0.4015748031496063,0.9086765677539906
RPL37P2,-0.7396572515600361,0.05511811023622047,0.6931238793170655
UNC93B1,-0.9019912621422588,0.3543307086614173,0.8915123476047269
ALDH3B1,0.06208447063473699,0.7795275590551181,0.9769863358554425
NDUFS8,0.34431794158491424,0.6692913385826772,0.967634523772178
TCIRG1,0.325501996758641,0.7086614173228346,0.9697087411223303
CHKA,0.3429022385679721,0.28346456692913385,0.8574144950147485
KMT5B,-0.005136814033559922,0.9606299212598425,0.9967290768663719
C11orf24,1.3784425561894897,0.03937007874015748,0.6826476042030583
LRP5,-0.7909637868865294,0.5039370078740157,0.939868419531259
PPP6R3,0.48207310195001885,0.07086614173228346,0.7107880171694956
CPT1A,-0.3830031639556486,0.25984251968503935,0.8512406093679867
MRPL21,0.24508368012237902,0.5826771653543307,0.9597435711535928
IGHMBP2,-0.7742560293698513,0.3937007874015748,0.9060325603890926
TPCN2,-0.49646806746964645,0.031496062992125984,0.6826476042030583
CCND1,0.9388263163482202,0.25984251968503935,0.8512406093679867
ORAOV1,0.40937772303814723,0.4330708661417323,0.9149090270901766
PPFIA1,0.45730178852380643,0.29133858267716534,0.8583371233084381
CTTN,1.1600839003457009,0.06299212598425197,0.6963124387519445
DHCR7,0.6467995336112913,0.4094488188976378,0.9090035743434535
AP002387.1,0.6457505956705853,0.4330708661417323,0.9149090270901766
NADSYN1,-0.16720059569957257,0.7401574803149606,0.9726051513462561
FAM86C1,1.4576042591732568,0.03937007874015748,0.6826476042030583
RNF121,-0.04682526998637915,0.9133858267716536,0.9910228417757366
IL18BP,0.20417716691706378,0.5118110236220472,0.9438814884599421
NUMA1,0.22235112439954108,0.6377952755905512,0.962871484045595
LRTOMT,-0.381561833685542,0.5275590551181102,0.9452006713295411
LAMTOR1,-0.1223322281363215,0.44881889763779526,0.9212102163700125
FOLR2,0.9239767784960007,0.31496062992125984,0.8705799696691885
INPPL1,0.2845733816810885,0.7716535433070866,0.9760752568014447
CLPB,-0.14720768645985416,0.8661417322834646,0.9853875082167936
LINC01537,-0.07652538693348987,0.905511811023622,0.9899212869522312
PDE2A,1.2876629094250829,0.1968503937007874,0.8133366461918351
ARAP1,-0.43372324966092757,0.6062992125984252,0.9608942225121786
STARD10,-0.030953055514339134,0.952755905511811,0.9944898714583753
ATG16L2,-0.6160374664542854,0.06299212598425197,0.6963124387519445
FCHSD2,-0.5725309101219125,0.03937007874015748,0.6826476042030583
P2RY2,-0.36674519605365496,0.6692913385826772,0.967634523772178
AP002761.4,1.0299862681762535,0.2047244094488189,0.8179316528497794
P2RY6,-0.30214751966818465,0.5196850393700787,0.9452006713295411
RELT,0.33449295754166997,0.25196850393700787,0.8470756930926249
FAM168A,0.7739603274567362,0.07874015748031496,0.7107880171694956
RAB6A,0.05800904306502108,0.8110236220472441,0.9806560380447493
MRPL48,0.46224115615261985,0.2992125984251969,0.8629198938688523
COA4,0.2887280728241608,0.2047244094488189,0.8179316528497794
PAAF1,-0.4215776783625289,0.4251968503937008,0.9130051051310895
UCP2,0.24716230624599334,0.14960629921259844,0.7739916929935694
C2CD3,1.786187909317726,0.08661417322834646,0.7251724549592804
PPME1,-0.04602524438059197,0.889763779527559,0.9886177730539346
PGM2L1,-0.38187673920389287,0.3858267716535433,0.901137518714905
KCNE3,-0.0559383744154438,0.8267716535433071,0.9819224384651066
AP001372.2,-0.057819210157157075,0.8582677165354331,0.9837431881343323
POLD3,0.507526745178656,0.09448818897637795,0.7290975019374097
AP001324.1,-0.3873288078780819,0.41732283464566927,0.9107246259166057
RNF169,0.3060469133267083,0.6614173228346457,0.967634523772178
XRRA1,0.1323074436548226,0.8976377952755905,0.9899212869522312
AP001992.1,-0.1541404459291542,0.7874015748031497,0.9775940764002741
SPCS2,-0.18173190059544808,0.6377952755905512,0.962871484045595
NEU3,1.2934067102274012,0.03937007874015748,0.6826476042030583
SLCO2B1,2.6837476526290307,0.05511811023622047,0.6931238793170655
AP001972.5,-0.4330355425627399,0.5511811023622047,0.9514203834061379
ARRB1,0.022114239117025924,0.937007874015748,0.9941472732331481
RPS3,-0.10267034778393658,0.5511811023622047,0.9514203834061379
GDPD5,-0.5500437753628047,0.25196850393700787,0.8470756930926249
SERPINH1,1.0487961639391674,0.11023622047244094,0.7341951946620201
DGAT2,0.1939237733611323,0.8740157480314961,0.9870953241817563
UVRAG,-0.30163258037104423,0.2125984251968504,0.8224832770104163
THAP12,-0.0022096342408381986,1.0,1.0
AP002360.2,0.46891610336979395,0.4015748031496063,0.9086765677539906
EMSY,0.666052851027553,0.3464566929133858,0.8873455246406359
ACER3,0.8764413032439764,0.023622047244094488,0.6826476042030583
MYO7A,-0.15751686277551924,0.8740157480314961,0.9870953241817563
PAK1,-0.013291773183591538,0.968503937007874,0.9977263771544332
CLNS1A,0.06027449471510682,0.8346456692913385,0.9819224384651066
RSF1,0.04845053762976104,0.8503937007874016,0.9835944261634448
FTH1P16,-0.523386956037132,0.023622047244094488,0.6826476042030583
INTS4,0.0453624056034756,0.8661417322834646,0.9853875082167936
NDUFC2,0.5647397213128356,0.047244094488188976,0.6826476042030583
ALG8,0.033378027280431155,0.905511811023622,0.9899212869522312
KCTD21,0.3500391360496349,0.49606299212598426,0.9378529417969822
GAB2,-0.41065292439380663,0.015748031496062992,0.6826476042030583
AP003086.1,0.4883873643521588,0.5511811023622047,0.9514203834061379
NARS2,0.269271875642064,0.3858267716535433,0.901137518714905
ARL6IP1P3,-0.20233815981039638,0.6929133858267716,0.9695596467319408
RPS28P7,0.19400157453817712,0.8582677165354331,0.9837431881343323
PRCP,0.42817213663787435,0.25196850393700787,0.8470756930926249
DDIAS,0.42506995543122184,0.6220472440944882,0.9618483135188818
RAB30,-0.3842106764262221,0.5118110236220472,0.9438814884599421
RAB30-AS1,-0.23844683426497726,0.6692913385826772,0.967634523772178
PCF11,-0.42179029528708334,0.13385826771653545,0.7606862900526696
ANKRD42,0.19199442366635955,0.4015748031496063,0.9086765677539906
CCDC90B,0.2337106838166596,0.6220472440944882,0.9618483135188818
TMEM126B,0.12053601499417166,0.7559055118110236,0.9726051513462561
TMEM126A,0.3836267441511243,0.4881889763779528,0.9357814954688165
CREBZF,-0.42081157034838057,0.36220472440944884,0.8957091520102044
SYTL2,-0.8794964985085554,0.1968503937007874,0.8133366461918351
PICALM,0.3697467474056886,0.023622047244094488,0.6826476042030583
EED,-0.29252324760773263,0.4015748031496063,0.9086765677539906
HIKESHI,0.20809344952853692,0.7007874015748031,0.9697087411223303
CCDC81,0.17640774485513577,0.8740157480314961,0.9870953241817563
ME3,0.8946861858105959,0.41732283464566927,0.9107246259166057
PRSS23,1.7332547291961244,0.14960629921259844,0.7739916929935694
FZD4,0.5142539803834647,0.36220472440944884,0.8957091520102044
TMEM135,-0.5637178204270219,0.48031496062992124,0.9342236316938177
RAB38,0.20923379798309227,0.84251968503937,0.9823595446327953
CTSC,0.3797562873908955,0.5354330708661418,0.9479419337985596
AP000648.3,-1.2161350589800723,0.11023622047244094,0.7341951946620201
CHORDC1,-0.09482191912737026,0.7716535433070866,0.9760752568014447
SLC36A4,-0.20121214698768863,0.5275590551181102,0.9452006713295411
SMCO4,0.4980792126911373,0.031496062992125984,0.6826476042030583
AP004242.1,0.017416700416533093,1.0,1.0
CEP295,-0.020880212118132846,0.9448818897637795,0.9944898714583753
SCARNA9,0.4463231242622072,0.5590551181102362,0.9539915430764625
TAF1D,-0.73207575639307,0.07086614173228346,0.7107880171694956
C11orf54,0.21410196752364952,0.6850393700787402,0.9695596467319408
MED17,0.5511218142974441,0.4881889763779528,0.9357814954688165
PANX1,0.24777545536025913,0.8267716535433071,0.9819224384651066
AP002784.2,-0.2393974767511935,0.5984251968503937,0.9608942225121786
MRE11,-0.49690974346951666,0.31496062992125984,0.8705799696691885
ANKRD49,-0.10427818167693914,0.8740157480314961,0.9870953241817563
PIWIL4,-0.30504123084711965,0.7165354330708661,0.9697087411223303
FUT4,0.10117779952491679,0.8661417322834646,0.9853875082167936
AMOTL1,-0.1454852414165868,0.84251968503937,0.9823595446327953
CWC15,0.18293375676288637,0.4094488188976378,0.9090035743434535
SRSF8,-0.6677929564506044,0.06299212598425197,0.6963124387519445
ENDOD1,-0.0499296495192012,0.8976377952755905,0.9899212869522312
SESN3,-0.3108429815338747,0.3937007874015748,0.9060325603890926
FAM76B,-0.3730620572242236,0.23622047244094488,0.8382889691177539
CEP57,-0.23912911923748226,0.5275590551181102,0.9452006713295411
MTMR2,0.1551414485571474,0.7401574803149606,0.9726051513462561
MAML2,0.759129022041193,0.15748031496062992,0.7813115157480315
CCDC82,-0.35677472930972876,0.31496062992125984,0.8705799696691885
JRKL,-0.34231321850151675,0.5433070866141733,0.9499646623191925
ARHGAP42,-1.2584567064045933,0.14960629921259844,0.7739916929935694
TRPC6,0.7008924364742604,0.4566929133858268,0.9233455416926752
CEP126,-0.7284302516610124,0.4015748031496063,0.9086765677539906
BIRC3,0.07762640862458348,0.8346456692913385,0.9819224384651066
BIRC2,-0.2234154814537357,0.36220472440944884,0.8957091520102044
TMEM123,-0.22528390916726515,0.3228346456692913,0.8759501889864706
MMP12,5.295664277096766,0.015748031496062992,0.6826476042030583
DCUN1D5,-0.053702429625615,0.8661417322834646,0.9853875082167936
DYNC2H1,0.494627862756434,0.5984251968503937,0.9608942225121786
CASP4,-0.07747963795647905,0.7874015748031497,0.9775940764002741
CASP5,1.3905122166987547,0.10236220472440945,0.7341951946620201
CASP1,-0.05900855917843817,0.905511811023622,0.9899212869522312
CARD16,-0.01757008308428354,0.937007874015748,0.9941472732331481
MSANTD4,0.0379515388827949,0.9448818897637795,0.9944898714583753
KBTBD3,1.3744366205485714,0.05511811023622047,0.6931238793170655
AASDHPPT,0.12403254489146232,0.7716535433070866,0.9760752568014447
CWF19L2,0.010902071675618963,0.984251968503937,0.9988002758044506
ALKBH8,-0.14308137129917498,0.8031496062992126,0.9806560380447493
SLC35F2,1.731867999906496,0.015748031496062992,0.6826476042030583
AP001024.1,-0.8061026399997462,0.2125984251968504,0.8224832770104163
RAB39A,1.1622398402915466,0.023622047244094488,0.6826476042030583
CUL5,-0.36287320432353987,0.1889763779527559,0.8133366461918351
ACAT1,0.017438948784282537,0.9448818897637795,0.9944898714583753
NPAT,-0.2631632947291811,0.4094488188976378,0.9090035743434535
ATM,-0.18141531377029363,0.5433070866141733,0.9499646623191925
KDELC2,-0.42456018314413946,0.30708661417322836,0.868085262990023
EXPH5,-0.26610299872123266,0.7165354330708661,0.9697087411223303
DDX10,0.6148264351310537,0.11023622047244094,0.7341951946620201
ZC3H12C,-0.2205105080284997,0.7716535433070866,0.9760752568014447
RDX,0.8616418150920051,0.023622047244094488,0.6826476042030583
FDX1,0.5384055904928378,0.2992125984251969,0.8629198938688523
ARHGAP20,0.471729411160825,0.5748031496062992,0.9559479904608623
POU2AF1,1.104461035874736,0.3858267716535433,0.901137518714905
SIK2,0.15037960477951318,0.8267716535433071,0.9819224384651066
PPP2R1B,0.15481644200726885,0.84251968503937,0.9823595446327953
FDXACB1,1.3587042928864985,0.023622047244094488,0.6826476042030583
C11orf1,-1.1461206448675583,0.015748031496062992,0.6826476042030583
RPL37AP8,-0.1955859282883563,0.8582677165354331,0.9837431881343323
DIXDC1,1.444705060149664,0.1732283464566929,0.8038630721031994
DLAT,-0.37716234602763477,0.3858267716535433,0.901137518714905
PPIHP1,-0.10994107784300389,0.8818897637795275,0.9879934629764293
NKAPD1,0.12570974740394014,0.84251968503937,0.9823595446327953
TIMM8B,0.8967821205389903,0.023622047244094488,0.6826476042030583
SDHD,0.09713868072782805,0.84251968503937,0.9823595446327953
IL18,0.7315332319779566,0.15748031496062992,0.7813115157480315
BCO2,1.2806498289288535,0.14960629921259844,0.7739916929935694
PTS,0.04953287811778173,0.8740157480314961,0.9870953241817563
AP002884.3,-0.5953462673173322,0.07086614173228346,0.7107880171694956
NCAM1,1.1507464298881716,0.2755905511811024,0.853725753792971
TTC12,-0.10640899812534288,0.8503937007874016,0.9835944261634448
ZW10,0.13950420004897923,0.7952755905511811,0.978664400309132
USP28,0.4637915962021544,0.16535433070866143,0.7925152280493241
C11orf71,0.7045713920365015,0.12598425196850394,0.7505281352026119
RBM7,-0.3261716969132209,0.3779527559055118,0.90080276839105
REXO2,-0.320890567202313,0.6062992125984252,0.9608942225121786
CADM1,1.2636791183123144,0.5275590551181102,0.9452006713295411
LINC00900,0.36118325090685266,0.6692913385826772,0.967634523772178
BUD13,0.19491695294600975,0.7322834645669292,0.9726051513462561
ZPR1,0.03823494434940944,0.8740157480314961,0.9870953241817563
SIK3,-0.6475980639840602,0.015748031496062992,0.6826476042030583
AP000936.3,-1.6592392756592613,0.047244094488188976,0.6826476042030583
PAFAH1B2,0.10413897978795283,0.8110236220472441,0.9806560380447493
SIDT2,0.5534099399505892,0.6850393700787402,0.9695596467319408
PCSK7,0.17543617874510797,0.7480314960629921,0.9726051513462561
RNF214,0.12874423937306378,0.7795275590551181,0.9769863358554425
BACE1,0.5580356564999771,0.5196850393700787,0.9452006713295411
CEP164,0.39081910181493695,0.3700787401574803,0.8970171905992668
FXYD6,-0.3868657929917312,0.4094488188976378,0.9090035743434535
TMPRSS13,0.7987728851181908,0.33070866141732286,0.8811266433105555
IL10RA,-0.4047564385754088,0.23622047244094488,0.8382889691177539
SMIM35,-0.7597341587695838,0.41732283464566927,0.9107246259166057
JAML,-0.1167847177844461,0.6692913385826772,0.967634523772178
MPZL3,-0.31179785610085897,0.6377952755905512,0.962871484045595
MPZL2,1.7402707941947924,0.11811023622047244,0.7364350074797351
CD3E,-0.98242648978934,0.2204724409448819,0.8287127766916084
CD3D,-0.2074081478281915,0.7637795275590551,0.9726051513462561
CD3G,-0.07515760598396404,0.9212598425196851,0.9916034965968238
UBE4A,-0.10628253188197156,0.6062992125984252,0.9608942225121786
ATP5L,-0.209878377814535,0.25196850393700787,0.8470756930926249
KMT2A,-0.20010257206455861,0.4094488188976378,0.9090035743434535
IFT46,0.5738517105321121,0.4094488188976378,0.9090035743434535
ARCN1,-0.08840095464349318,0.7244094488188977,0.9716680124035083
PHLDB1,0.4296714183534176,0.5196850393700787,0.9452006713295411
DDX6,-0.06173724071531517,0.6929133858267716,0.9695596467319408
AP004609.3,0.2934263285641239,0.6929133858267716,0.9695596467319408
BCL9L,0.33639511102506026,0.7401574803149606,0.9726051513462561
CCDC84,-0.17109477593810007,0.7165354330708661,0.9697087411223303
RPS25,-0.17781921063891026,0.1968503937007874,0.8133366461918351
TRAPPC4,0.5040555660227763,0.30708661417322836,0.868085262990023
SLC37A4,2.0732636889883165,0.015748031496062992,0.6826476042030583
HYOU1,-0.42123167407638906,0.3228346456692913,0.8759501889864706
VPS11,-0.10383345450305992,0.8346456692913385,0.9819224384651066
HMBS,0.8407442427409055,0.4094488188976378,0.9090035743434535
H2AFX,-0.23414873430799865,0.7952755905511811,0.978664400309132
DPAGT1,0.7823351996142085,0.2755905511811024,0.853725753792971
C2CD2L,-0.2983659564911765,0.13385826771653545,0.7606862900526696
HINFP,-0.14331183089524657,0.7244094488188977,0.9716680124035083
NLRX1,0.9170393821301042,0.25196850393700787,0.8470756930926249
CBL,0.09107167973672858,0.7401574803149606,0.9726051513462561
RNF26,0.45018538407456665,0.7322834645669292,0.9726051513462561
THY1,1.0394706442509554,0.2992125984251969,0.8629198938688523
NECTIN1,-0.21033629389509123,0.7480314960629921,0.9726051513462561
OAF,-0.4757030182381712,0.33070866141732286,0.8811266433105555
TMEM136,0.21705949298031424,0.7637795275590551,0.9726051513462561
ARHGEF12,0.17841039480160958,0.7637795275590551,0.9726051513462561
TBCEL,0.8531593219855029,0.4094488188976378,0.9090035743434535
SC5D,-0.6028432521064309,0.07086614173228346,0.7107880171694956
SORL1,-0.13212311455616899,0.6850393700787402,0.9695596467319408
UBASH3B,0.387528504620156,0.44881889763779526,0.9212102163700125
CRTAM,-0.41660828787078286,0.3858267716535433,0.901137518714905
JHY,0.7172217161971441,0.5511811023622047,0.9514203834061379
HSPA8,0.11642882685911715,0.6377952755905512,0.962871484045595
GRAMD1B,-1.348552901426383,0.023622047244094488,0.6826476042030583
SF3A3P2,0.5219923717567909,0.4251968503937008,0.9130051051310895
ZNF202,1.472442528887828,0.11023622047244094,0.7341951946620201
VWA5A,-0.004829009245374216,0.9921259842519685,1.0
TBRG1,-0.38301768188082885,0.4409448818897638,0.9193107263430548
SIAE,1.3363684964518283,0.023622047244094488,0.6826476042030583
NRGN,-1.2268286542527442,0.4094488188976378,0.9090035743434535
ESAM,1.9584796760098606,0.07086614173228346,0.7107880171694956
MSANTD2,0.798205297068546,0.3858267716535433,0.901137518714905
ROBO3,-0.13056198744531988,0.9133858267716536,0.9910228417757366
CCDC15,1.0287213006993206,0.2125984251968504,0.8224832770104163
SLC37A2,2.0611946684176115,0.1968503937007874,0.8133366461918351
TMEM218,-0.10492040085276866,0.8031496062992126,0.9806560380447493
FEZ1,0.04313003502222745,0.8740157480314961,0.9870953241817563
EI24,0.47022006003302774,0.2992125984251969,0.8629198938688523
STT3A,-0.3841563767015135,0.30708661417322836,0.868085262990023
CHEK1,2.4057531511327883,0.031496062992125984,0.6826476042030583
HYLS1,-0.9700327479675295,0.07874015748031496,0.7107880171694956
PUS3,0.3936227659460356,0.8031496062992126,0.9806560380447493
NAP1L1P1,-0.4895060403360407,0.14173228346456693,0.7686343861159114
RPUSD4,-0.014375636047801787,0.9606299212598425,0.9967290768663719
FAM118B,0.07555677760400137,0.905511811023622,0.9899212869522312
SRPRA,-0.12761630679627256,0.5905511811023622,0.9608942225121786
FOXRED1,-0.06883940509118291,0.9212598425196851,0.9916034965968238
DCPS,-0.14281183936931452,0.8976377952755905,0.9899212869522312
GSEC,0.18372673359376268,0.7480314960629921,0.9726051513462561
ST3GAL4,0.10814121543706623,0.8976377952755905,0.9899212869522312
KIRREL3,-1.0216726846517197,0.2677165354330709,0.8534808525440345
AP001000.1,0.605349002929009,0.6692913385826772,0.967634523772178
ETS1,-0.8417875795457856,0.13385826771653545,0.7606862900526696
FLI1,-0.6758412193964505,0.06299212598425197,0.6963124387519445
SENCR,-0.15693272920631163,0.7874015748031497,0.9775940764002741
KCNJ5,0.8452374726448939,0.44881889763779526,0.9212102163700125
C11orf45,1.1103552779110268,0.09448818897637795,0.7290975019374097
ARHGAP32,-0.23419188576658456,0.7086614173228346,0.9697087411223303
TMEM45B,-0.07220503030370962,0.905511811023622,0.9899212869522312
NFRKB,1.1329792568262977,0.1968503937007874,0.8133366461918351
PRDM10,1.203706857853346,0.18110236220472442,0.8073643742935083
APLP2,-0.046497736892256114,0.6929133858267716,0.9695596467319408
ST14,0.028749957165032924,0.984251968503937,0.9988002758044506
ZBTB44,0.08226037153302279,0.8110236220472441,0.9806560380447493
SNX19,-0.33801488403140123,0.2204724409448819,0.8287127766916084
NTM,-1.0127476186132394,0.1968503937007874,0.8133366461918351
JAM3,1.069238754008788,0.11023622047244094,0.7341951946620201
PTP4A2P2,-0.7718626597655063,0.18110236220472442,0.8073643742935083
NCAPD3,-0.4683675327216603,0.29133858267716534,0.8583371233084381
VPS26B,-0.36443510149455793,0.23622047244094488,0.8382889691177539
THYN1,-0.421862174474704,0.06299212598425197,0.6963124387519445
ACAD8,-0.4809598654787868,0.2047244094488189,0.8179316528497794
ZMYND11,-0.15076336089018305,0.6771653543307087,0.9685447258281904
LARP4B,-0.12102524690767424,0.6535433070866141,0.966090961744307
GTPBP4,-0.20418237871194123,0.5590551181102362,0.9539915430764625
IDI1,-1.0614309929647314,0.015748031496062992,0.6826476042030583
WDR37,-0.9532442834410557,0.14960629921259844,0.7739916929935694
PFKP,0.08718688747333792,0.8346456692913385,0.9819224384651066
PITRM1,0.6281257267463038,0.2125984251968504,0.8224832770104163
KLF6,0.47769155723237766,0.18110236220472442,0.8073643742935083
AKR1C3,0.26241201187287433,0.6771653543307087,0.9685447258281904
NET1,0.19600061996578866,0.6220472440944882,0.9618483135188818
ASB13,0.19831802745582294,0.7244094488188977,0.9716680124035083
FAM208B,-0.2201294924916093,0.5669291338582677,0.954855712655332
GDI2,0.17242544327358722,0.23622047244094488,0.8382889691177539
ANKRD16,-0.964079550032025,0.33858267716535434,0.8824827791252136
FBXO18,-1.0829000641485524,0.2125984251968504,0.8224832770104163
IL15RA,0.80697701477416,0.4094488188976378,0.9090035743434535
IL2RA,1.60250333662788,0.25984251968503935,0.8512406093679867
RBM17,0.08507059988956289,0.6535433070866141,0.966090961744307
PFKFB3,0.031224713267821613,0.968503937007874,0.9977263771544332
PRKCQ,-1.0015446668745802,0.15748031496062992,0.7813115157480315
PRKCQ-AS1,-0.09115864591503575,0.9133858267716536,0.9910228417757366
SFMBT2,-0.2541641196395066,0.36220472440944884,0.8957091520102044
KIN,-0.6325150609063321,0.16535433070866143,0.7925152280493241
ATP5C1,-0.17094912754461067,0.2047244094488189,0.8179316528497794
TAF3,-0.3385079291870179,0.2283464566929134,0.8336385014247465
CELF2,-0.2025804110925833,0.047244094488188976,0.6826476042030583
USP6NL,0.2694368501336317,0.44881889763779526,0.9212102163700125
ECHDC3,-0.30349099451478545,0.7086614173228346,0.9697087411223303
UPF2,0.26852124491478513,0.1732283464566929,0.8038630721031994
DHTKD1,-0.21833274073706388,0.5669291338582677,0.954855712655332
SEC61A2,-0.47798403918421783,0.4251968503937008,0.9130051051310895
NUDT5,0.14073823089756665,0.5590551181102362,0.9539915430764625
CDC123,0.6646963590501782,0.10236220472440945,0.7341951946620201
CAMK1D,0.48598322653951076,0.4409448818897638,0.9193107263430548
CCDC3,0.4538192753223922,0.5118110236220472,0.9438814884599421
OPTN,0.12240850289267513,0.8582677165354331,0.9837431881343323
MCM10,-0.37991797122437476,0.6535433070866141,0.966090961744307
PHYH,-0.19695114128843327,0.7480314960629921,0.9726051513462561
SEPHS1,-0.6864611003788017,0.1968503937007874,0.8133366461918351
PRPF18,-0.07517194026897833,0.8267716535433071,0.9819224384651066
FRMD4A,1.513460854701604,0.10236220472440945,0.7341951946620201
FAM107B,0.02121599494462334,0.9291338582677166,0.9923418376941026
HSPA14,-0.5648215556079856,0.33858267716535434,0.8824827791252136
SUV39H2,1.3902109717035323,0.047244094488188976,0.6826476042030583
DCLRE1C,-0.6284881282436703,0.30708661417322836,0.868085262990023
RPP38,-0.6723704038530962,0.2440944881889764,0.8410862980163292
NMT2,0.7997056361502932,0.3543307086614173,0.8915123476047269
MINDY3,-0.48120521425722984,0.14960629921259844,0.7739916929935694
PTER,0.191455923607168,0.6220472440944882,0.9618483135188818
RSU1,0.3560287668126687,0.047244094488188976,0.6826476042030583
TRDMT1,-0.24466359325378928,0.6141732283464567,0.9618483135188818
VIM-AS1,-0.32148711746436964,0.4330708661417323,0.9149090270901766
VIM,0.586583542313603,0.15748031496062992,0.7813115157480315
STAM,2.546015823471229,0.05511811023622047,0.6931238793170655
TMEM236,0.9862149196349359,0.2125984251968504,0.8224832770104163
MRC1,1.2507080787767713,0.047244094488188976,0.6826476042030583
NSUN6,-0.33752163897789966,0.48031496062992124,0.9342236316938177
ARL5B,-0.16639508197093278,0.8267716535433071,0.9819224384651066
PLXDC2,1.0750907502035494,0.023622047244094488,0.6826476042030583
MLLT10,-0.08470120469708231,0.84251968503937,0.9823595446327953
HNRNPRP1,-0.6170092988712321,0.3858267716535433,0.901137518714905
DNAJC1,-0.02865572136106742,0.9291338582677166,0.9923418376941026
COMMD3,0.20545058771080438,0.5433070866141733,0.9499646623191925
BMI1,-0.18519698613437363,0.5039370078740157,0.939868419531259
PIP4K2A,-0.2842128369874022,0.015748031496062992,0.6826476042030583
MSRB2,0.5251816866439558,0.23622047244094488,0.8382889691177539
YWHAZP3,0.03742065809513395,0.9291338582677166,0.9923418376941026
OTUD1,0.7545828295837005,0.07874015748031496,0.7107880171694956
ARHGAP21,0.11460363101633941,0.7637795275590551,0.9726051513462561
PRTFDC1,0.7238319061914055,0.36220472440944884,0.8957091520102044
THNSL1,0.5723926380103117,0.3779527559055118,0.90080276839105
APBB1IP,0.07162708797297856,0.7874015748031497,0.9775940764002741
PDSS1,0.977691391171764,0.1968503937007874,0.8133366461918351
ABI1,0.10171018403066512,0.7559055118110236,0.9726051513462561
ANKRD26,-0.31177452690286866,0.49606299212598426,0.9378529417969822
YME1L1,-0.2077428295746131,0.16535433070866143,0.7925152280493241
MASTL,-0.33130252878341615,0.6141732283464567,0.9618483135188818
ACBD5,-0.1879523156824563,0.5826771653543307,0.9597435711535928
RAB18,-0.11630638889282352,0.7952755905511811,0.978664400309132
MPP7,-1.3449264283550644,0.09448818897637795,0.7290975019374097
WAC-AS1,-0.21085981001385878,0.5039370078740157,0.939868419531259
WAC,-0.42794732196663254,0.08661417322834646,0.7251724549592804
BAMBI,0.3718779543673252,0.6929133858267716,0.9695596467319408
RPL21P93,-1.037869614561333,0.10236220472440945,0.7341951946620201
SVIL-AS1,0.3587841778162817,0.6614173228346457,0.967634523772178
SVIL,0.2960901106236009,0.6456692913385826,0.9653496962085154
MTPAP,0.41739745670235173,0.11811023622047244,0.7364350074797351
MAP3K8,-0.3382458250677125,0.2440944881889764,0.8410862980163292
ZNF438,-0.2699120673150772,0.4330708661417323,0.9149090270901766
ZEB1-AS1,0.09404151985898856,0.952755905511811,0.9944898714583753
ZEB1,-0.5009594456439794,0.14960629921259844,0.7739916929935694
AL161935.3,0.7366672428291483,0.30708661417322836,0.868085262990023
ARHGAP12,-0.375372361026995,0.5039370078740157,0.939868419531259
KIF5B,-0.43566497605027266,0.12598425196850394,0.7505281352026119
RPS4XP11,-1.246834348474818,0.05511811023622047,0.6931238793170655
PPIAP31,-0.7141458799885823,0.33858267716535434,0.8824827791252136
EPC1,-0.43073683557359654,0.11811023622047244,0.7364350074797351
CCDC7,0.05460874185868425,1.0,1.0
ITGB1,0.3906181443019987,0.31496062992125984,0.8705799696691885
NRP1,0.2555746195730766,0.3228346456692913,0.8759501889864706
CUL2,0.22799164403311956,0.3779527559055118,0.90080276839105
CREM,-0.8309518306418227,0.06299212598425197,0.6963124387519445
AL117336.2,-0.836337341148587,0.1732283464566929,0.8038630721031994
CCNY,-0.23885747064564988,0.3937007874015748,0.9060325603890926
NAMPTP1,0.6082290495203928,0.29133858267716534,0.8583371233084381
ZNF248,-0.7041552266584694,0.11023622047244094,0.7341951946620201
ZNF25,-0.4020597612512593,0.6456692913385826,0.9653496962085154
ZNF33A,-0.36133335726133176,0.33858267716535434,0.8824827791252136
ZNF37A,-0.0542544900889812,0.9133858267716536,0.9910228417757366
ZNF37BP,-0.14390072199135595,0.7401574803149606,0.9726051513462561
EIF3LP2,-0.09850796101354908,0.8110236220472441,0.9806560380447493
ZNF33B,0.00510253162294072,0.9921259842519685,1.0
BMS1,0.22851533698661441,0.5905511811023622,0.9608942225121786
RET,-1.2095761787440078,0.13385826771653545,0.7606862900526696
CSGALNACT2,0.3607253646848916,0.13385826771653545,0.7606862900526696
RASGEF1A,-0.31481937893112777,0.5196850393700787,0.9452006713295411
HNRNPF,-0.06897591559672467,0.7716535433070866,0.9760752568014447
AL450326.1,-0.6362692247188115,0.5275590551181102,0.9452006713295411
ZNF487,-0.18681409630819967,0.7165354330708661,0.9697087411223303
CAP1P2,-0.367752079737488,0.2677165354330709,0.8534808525440345
ZNF485,0.28758389657055616,0.5905511811023622,0.9608942225121786
ZNF32,-0.0757185225101622,0.9291338582677166,0.9923418376941026
HNRNPA3P1,-0.48163974518652397,0.3858267716535433,0.901137518714905
CXCL12,0.36435354397333075,0.7637795275590551,0.9726051513462561
RASSF4,0.4977753610291744,0.13385826771653545,0.7606862900526696
C10orf25,0.21446030479061728,0.8661417322834646,0.9853875082167936
ZNF22,0.1438049419323013,0.8188976377952756,0.9819224384651066
ALOX5,1.0081655704878187,0.08661417322834646,0.7251724549592804
MARCH8,-0.4437496485360377,0.28346456692913385,0.8574144950147485
ZFAND4,-1.0708774744972764,0.05511811023622047,0.6931238793170655
WASHC2C,-0.07268679820456114,0.8346456692913385,0.9819224384651066
TIMM23,0.15356484427965267,0.6771653543307087,0.9685447258281904
NCOA4,-0.01078845107550741,0.9763779527559056,0.9988002758044506
MAPK8,-0.21812963330766788,0.4409448818897638,0.9193107263430548
ARHGAP22,0.06426795709492694,0.9448818897637795,0.9944898714583753
WDFY4,-0.030637929271847497,0.937007874015748,0.9941472732331481
C10orf128,0.8695033072955658,0.047244094488188976,0.6826476042030583
ERCC6,-0.031205738690949225,0.937007874015748,0.9941472732331481
PARG,0.2923547552356296,0.4645669291338583,0.9271628797814478
TIMM23B,-0.31685705310567824,0.4566929133858268,0.9233455416926752
AGAP6,0.7590134398906763,0.41732283464566927,0.9107246259166057
WASHC2A,-0.031991123934323795,0.9212598425196851,0.9916034965968238
DYNC1I2P1,0.2647825311230676,0.3464566929133858,0.8873455246406359
SGMS1,0.384753366778261,0.2283464566929134,0.8336385014247465
CSTF2T,-0.2954080281168192,0.6141732283464567,0.9618483135188818
AC074327.1,1.4263944095541303,0.05511811023622047,0.6931238793170655
ZWINT,1.5581744492615988,0.15748031496062992,0.7813115157480315
IPMK,-0.23041477694147172,0.5905511811023622,0.9608942225121786
CISD1,0.4686630189711969,0.33858267716535434,0.8824827791252136
UBE2D1,-0.07611838331062959,0.7874015748031497,0.9775940764002741
TFAM,0.03597295531322953,0.9133858267716536,0.9910228417757366
CCDC6,0.012829955801066717,0.968503937007874,0.9977263771544332
ANK3,-0.5204318848487979,0.4251968503937008,0.9130051051310895
CDK1,0.21731968200543772,0.7401574803149606,0.9726051513462561
RHOBTB1,1.6109247617777456,0.11811023622047244,0.7364350074797351
ARID5B,0.9418719566979008,0.14960629921259844,0.7739916929935694
ADO,0.868536677540396,0.06299212598425197,0.6963124387519445
EGR2,-0.11552614109718373,0.8818897637795275,0.9879934629764293
NRBF2,-0.6489843427237574,0.03937007874015748,0.6826476042030583
JMJD1C,0.13801897522788042,0.6850393700787402,0.9695596467319408
TATDN1P1,-0.6778482812759496,0.2677165354330709,0.8534808525440345
REEP3,0.18182982132447556,0.6692913385826772,0.967634523772178
RPL7AP50,-0.5300343905673592,0.4330708661417323,0.9149090270901766
DBF4P1,0.06902352881620466,0.9606299212598425,0.9967290768663719
DNAJC12,-0.7299610312097113,0.48031496062992124,0.9342236316938177
RPL12P8,-0.08817137531789632,0.9291338582677166,0.9923418376941026
SIRT1,-0.40960042093980675,0.2204724409448819,0.8287127766916084
HERC4,-0.04490984145105781,0.8661417322834646,0.9853875082167936
PBLD,0.03361019855376224,0.9606299212598425,0.9967290768663719
HNRNPH3,0.08062344340636507,0.7716535433070866,0.9760752568014447
RUFY2,-0.4437553360208093,0.36220472440944884,0.8957091520102044
DNA2,-0.2102589434917972,0.7795275590551181,0.9769863358554425
SLC25A16,-0.033750265576452776,0.937007874015748,0.9941472732331481
TMEM14DP,1.5151770886212912,0.08661417322834646,0.7251724549592804
COX20P1,0.008444102548707644,1.0,1.0
CCAR1,-0.14944574276398104,0.5984251968503937,0.9608942225121786
DDX50,-0.03246141153239002,0.8740157480314961,0.9870953241817563
DDX21,-0.10157717191592042,0.6692913385826772,0.967634523772178
KIF1BP,0.7029193080226959,0.2992125984251969,0.8629198938688523
SRGN,-0.11462402361472357,0.6535433070866141,0.966090961744307
VPS26A,0.4707593476171308,0.11023622047244094,0.7341951946620201
SUPV3L1,0.10721196046474768,0.968503937007874,0.9977263771544332
HK1,0.7665557652761716,0.1968503937007874,0.8133366461918351
TSPAN15,1.7621290755542574,0.14960629921259844,0.7739916929935694
H2AFY2,0.6592925633247795,0.5354330708661418,0.9479419337985596
AIFM2,1.7703084076847782,0.031496062992125984,0.6826476042030583
TYSND1,-0.010118320361061528,0.9763779527559056,0.9988002758044506
SAR1A,0.1831060111238294,0.41732283464566927,0.9107246259166057
CALM2P2,-0.6619845070047079,0.3228346456692913,0.8759501889864706
PPA1,0.9403102918667727,0.28346456692913385,0.8574144950147485
NPFFR1,1.1384583327379707,0.2755905511811024,0.853725753792971
LRRC20,0.6563603365365709,0.2440944881889764,0.8410862980163292
EIF4EBP2,-0.3078585821225106,0.3228346456692913,0.8759501889864706
PALD1,0.9898287233193228,0.11023622047244094,0.7341951946620201
PRF1,-0.5503074691761363,0.3858267716535433,0.901137518714905
SGPL1,1.5230134758381872,0.015748031496062992,0.6826476042030583
PCBD1,1.0914694927531254,0.015748031496062992,0.6826476042030583
UNC5B,3.2838309218456696,0.031496062992125984,0.6826476042030583
SLC29A3,0.15823083091658585,0.7401574803149606,0.9726051513462561
AL359183.1,0.5194689139196509,0.5275590551181102,0.9452006713295411
CDH23,-1.1050535864875815,0.07086614173228346,0.7107880171694956
C10orf105,0.9453588728577493,0.23622047244094488,0.8382889691177539
VSIR,-0.33344277498775465,0.7165354330708661,0.9697087411223303
PSAP,0.33627284230033894,0.2755905511811024,0.853725753792971
SPOCK2,-1.0012740621078402,0.2283464566929134,0.8336385014247465
ASCC1,-0.536580746398803,0.12598425196850394,0.7505281352026119
ANAPC16,-0.6014420017680475,0.15748031496062992,0.7813115157480315
DDIT4,-0.5120744973579661,0.6377952755905512,0.962871484045595
DNAJB12,0.5315522898212484,0.36220472440944884,0.8957091520102044
MICU1,-0.04491751950319589,0.9133858267716536,0.9910228417757366
MCU,0.16588749897534782,0.5590551181102362,0.9539915430764625
NPM1P24,-0.4510503059263433,0.5748031496062992,0.9559479904608623
P4HA1,0.5175031951240125,0.18110236220472442,0.8073643742935083
ECD,0.1438099571454119,0.8661417322834646,0.9853875082167936
FAM149B1,-0.16646107720327485,0.6062992125984252,0.9608942225121786
DNAJC9,0.19333652865832018,0.7401574803149606,0.9726051513462561
MRPS16,0.1973156759761414,0.6692913385826772,0.967634523772178
ANXA7,0.14757252987775704,0.6377952755905512,0.962871484045595
RPL26P6,0.21324185183312383,0.7401574803149606,0.9726051513462561
PPP3CB,-0.20315697409926514,0.4409448818897638,0.9193107263430548
PPP3CB-AS1,1.1102589140627948,0.11023622047244094,0.7341951946620201
AC022400.7,-0.9990147791176014,0.11811023622047244,0.7364350074797351
FUT11,0.5934951276536653,0.13385826771653545,0.7606862900526696
CHCHD1,-0.0987510771199478,0.8110236220472441,0.9806560380447493
ZSWIM8,-0.32507672571190294,0.7086614173228346,0.9697087411223303
CAMK2G,-0.0776268606635564,0.889763779527559,0.9886177730539346
PLAU,1.2480911941744184,0.07874015748031496,0.7107880171694956
C10orf55,-0.003759405967768137,1.0,1.0
VCL,-0.6577146554319802,0.25196850393700787,0.8470756930926249
AP3M1,-0.0893700643812867,0.7874015748031497,0.9775940764002741
ADK,-0.530794457922724,0.047244094488188976,0.6826476042030583
KAT6B,-0.07918487568807109,0.7795275590551181,0.9769863358554425
SAMD8,0.32660002616086903,0.2047244094488189,0.8179316528497794
VDAC2,0.08445984688811947,0.7322834645669292,0.9726051513462561
COMTD1,0.2215481402848738,0.7165354330708661,0.9697087411223303
ZNF503,0.34869091568288724,0.44881889763779526,0.9212102163700125
LRMDA,-0.49474911378183783,0.33070866141732286,0.8811266433105555
KCNMA1,1.1553405337960454,0.3543307086614173,0.8915123476047269
POLR3A,-0.10915164045789938,0.8818897637795275,0.9879934629764293
RPS24,-0.1457291836533674,0.3700787401574803,0.8970171905992668
ZMIZ1,0.4533017308569356,0.25984251968503935,0.8512406093679867
PPIF,0.20357450662063492,0.6535433070866141,0.966090961744307
ZCCHC24,0.5227964280391122,0.5590551181102362,0.9539915430764625
EIF5AL1,0.6993080844437929,0.4330708661417323,0.9149090270901766
NUTM2B-AS1,0.5495921313907788,0.2755905511811024,0.853725753792971
AL135925.1,-0.03245012768562594,0.952755905511811,0.9944898714583753
PGGT1BP2,-0.2977267058889146,0.5354330708661418,0.9479419337985596
TMEM254,-0.6191121401698907,0.2283464566929134,0.8336385014247465
ANXA11,0.08777085845635124,0.7874015748031497,0.9775940764002741
FAM213A,-1.0937057122662663,0.16535433070866143,0.7925152280493241
TSPAN14,0.6999640918699335,0.07874015748031496,0.7107880171694956
GHITM,-0.26691177916280573,0.4409448818897638,0.9193107263430548
CCSER2,0.06853081580391951,0.8661417322834646,0.9853875082167936
RPS3AP5,-0.7256918678767583,0.14960629921259844,0.7739916929935694
WAPL,-0.138575763349146,0.6456692913385826,0.9653496962085154
MMRN2,0.6788777609464587,0.41732283464566927,0.9107246259166057
GLUD1,0.39283427119115366,0.06299212598425197,0.6963124387519445
FAM35A,0.4286794684895723,0.2440944881889764,0.8410862980163292
NUTM2A-AS1,-0.20591026986646543,0.7322834645669292,0.9726051513462561
LINC00863,-1.2294447017854588,0.06299212598425197,0.6963124387519445
MINPP1,0.13540276572692544,0.8110236220472441,0.9806560380447493
PAPSS2,2.2831735719247805,0.015748031496062992,0.6826476042030583
ATAD1,0.10893739556136595,0.6535433070866141,0.966090961744307
PTEN,0.2196040221013753,0.2125984251968504,0.8224832770104163
RPL11P3,0.8864213557580776,0.3543307086614173,0.8915123476047269
RNLS,0.17159861942641452,0.6692913385826772,0.967634523772178
LIPN,-0.4154665022414097,0.7165354330708661,0.9697087411223303
ANKRD22,1.1917350214885754,0.4251968503937008,0.9130051051310895
STAMBPL1,-0.23314609886804316,0.7244094488188977,0.9716680124035083
FAS,-0.40129182828299736,0.33070866141732286,0.8811266433105555
CH25H,2.023729937245282,0.031496062992125984,0.6826476042030583
LIPA,0.9189813493690862,0.14173228346456693,0.7686343861159114
IFIT2,-0.6268702742074437,0.6220472440944882,0.9618483135188818
IFIT3,-0.5738520156125855,0.6692913385826772,0.967634523772178
IFIT1,0.00567919142015505,0.9921259842519685,1.0
IFIT5,-0.0731551027893742,0.8110236220472441,0.9806560380447493
PANK1,0.04767607524126616,0.8818897637795275,0.9879934629764293
KIF20B,-0.3202822819207718,0.33858267716535434,0.8824827791252136
LINC00865,0.6509786328875244,0.4566929133858268,0.9233455416926752
LINC01374,-0.08840253048767144,0.9291338582677166,0.9923418376941026
HTR7,0.505038448464096,0.5748031496062992,0.9559479904608623
RPP30,0.678140856932612,0.12598425196850394,0.7505281352026119
PCGF5,-0.3087292549913947,0.06299212598425197,0.6963124387519445
HECTD2,0.6179854952907249,0.4251968503937008,0.9130051051310895
TNKS2,-0.22032207658316239,0.44881889763779526,0.9212102163700125
SRP9P1,0.18397636241116766,0.7716535433070866,0.9760752568014447
BTAF1,-1.1359319169401578,0.015748031496062992,0.6826476042030583
CPEB3,0.3816598807062239,0.49606299212598426,0.9378529417969822
NHP2P1,-0.6852156259701991,0.03937007874015748,0.6826476042030583
MARCH5,-0.3745381236238563,0.3228346456692913,0.8759501889864706
IDE,0.1043907320717734,0.8110236220472441,0.9806560380447493
KIF11,0.1375256765463897,0.9291338582677166,0.9923418376941026
EIF2S2P3,-0.8642762596064963,0.29133858267716534,0.8583371233084381
HHEX,-0.14203168130278332,0.84251968503937,0.9823595446327953
EXOC6,-0.1746746053205186,0.6456692913385826,0.9653496962085154
MYOF,0.18993408429627312,0.7244094488188977,0.9716680124035083
CEP55,0.5921557646465296,0.33858267716535434,0.8824827791252136
FFAR4,0.6955260541355817,0.4566929133858268,0.9233455416926752
FRA10AC1,0.09690275146185989,0.8188976377952756,0.9819224384651066
SLC35G1,0.28373846417263104,0.6771653543307087,0.9685447258281904
PIPSL,-0.1921131955292701,0.7480314960629921,0.9726051513462561
NOC3L,-0.2865728783523602,0.6220472440944882,0.9618483135188818
TBC1D12,0.5832596331155777,0.3464566929133858,0.8873455246406359
HELLS,-0.06387169674294135,0.84251968503937,0.9823595446327953
PDLIM1,-0.0660868363205176,0.9212598425196851,0.9916034965968238
ALDH18A1,0.17200682836922665,0.8346456692913385,0.9819224384651066
TCTN3,0.9640867600533198,0.03937007874015748,0.6826476042030583
ENTPD1,0.7725872645098786,0.047244094488188976,0.6826476042030583
ENTPD1-AS1,0.9623659294193654,0.14960629921259844,0.7739916929935694
CCNJ,0.22295589519316827,0.7086614173228346,0.9697087411223303
ZNF518A,-0.15196042194658066,0.7637795275590551,0.9726051513462561
NPM1P25,-0.22625033954503904,0.7716535433070866,0.9760752568014447
BLNK,-0.596529225056667,0.3464566929133858,0.8873455246406359
TM9SF3,-0.10598872424209738,0.4330708661417323,0.9149090270901766
PIK3AP1,0.08392280511136097,0.8503937007874016,0.9835944261634448
RPL13AP5,-0.17474052142809704,0.5118110236220472,0.9438814884599421
LCOR,0.0644433510325193,0.7874015748031497,0.9775940764002741
ARHGAP19,0.4112334911684741,0.4409448818897638,0.9193107263430548
FRAT1,-0.8620023070866782,0.047244094488188976,0.6826476042030583
FRAT2,-0.12362012489462693,0.6062992125984252,0.9608942225121786
RRP12,0.20889580276859387,0.8661417322834646,0.9853875082167936
PGAM1,-0.10117254112569274,0.7952755905511811,0.978664400309132
EXOSC1,-0.5275185245879799,0.4094488188976378,0.9090035743434535
ZDHHC16,-0.19513943006777268,0.6692913385826772,0.967634523772178
MMS19,0.6777134203359032,0.08661417322834646,0.7251724549592804
UBTD1,0.23706199048526078,0.7795275590551181,0.9769863358554425
PI4K2A,1.037795617395957,0.11023622047244094,0.7341951946620201
AVPI1,1.2621915365771805,0.14173228346456693,0.7686343861159114
MARVELD1,1.3472777671023781,0.2677165354330709,0.8534808525440345
ZFYVE27,-0.042564893064573006,0.968503937007874,0.9977263771544332
R3HCC1L,-0.06175527404962278,0.889763779527559,0.9886177730539346
PYROXD2,-0.09897561479969963,0.952755905511811,0.9944898714583753
HPS1,-0.33331288060753916,0.2204724409448819,0.8287127766916084
GOT1,0.5189979429992659,0.07086614173228346,0.7107880171694956
SLC25A28,-0.6470312091766637,0.11811023622047244,0.7364350074797351
AL353719.1,-1.30009850922214,0.08661417322834646,0.7251724549592804
ENTPD7,0.4158797174549642,0.7637795275590551,0.9726051513462561
CUTC,0.4770848867748141,0.4566929133858268,0.9233455416926752
COX15,0.021867005426482677,0.968503937007874,0.9977263771544332
DNMBP,0.017827338150065764,0.968503937007874,0.9977263771544332
ERLIN1,-0.015189905506496792,0.952755905511811,0.9944898714583753
CHUK,0.09233134887709937,0.84251968503937,0.9823595446327953
CWF19L1,0.654104096444128,0.5196850393700787,0.9452006713295411
BLOC1S2,0.47689248803118645,0.09448818897637795,0.7290975019374097
SCD,1.0919047636963786,0.10236220472440945,0.7341951946620201
OLMALINC,-0.28300735598699145,0.7480314960629921,0.9726051513462561
SEC31B,-0.72825207532403,0.10236220472440945,0.7341951946620201
NDUFB8,0.23838567833036262,0.33858267716535434,0.8824827791252136
HIF1AN,1.94684492951993,0.023622047244094488,0.6826476042030583
SLF2,-0.05166721992040735,0.8188976377952756,0.9819224384651066
MRPL43,0.20423842582242013,0.5196850393700787,0.9452006713295411
TWNK,-0.3318642404070884,0.7007874015748031,0.9697087411223303
LZTS2,0.48847384659853277,0.3543307086614173,0.8915123476047269
SFXN3,0.10718472281747449,0.7007874015748031,0.9697087411223303
BTRC,-0.22587475094591758,0.6456692913385826,0.9653496962085154
DPCD,0.6069523765598253,0.4566929133858268,0.9233455416926752
POLL,-0.11673791114428478,0.905511811023622,0.9899212869522312
FBXW4,-0.4125280565489504,0.30708661417322836,0.868085262990023
NPM3,1.1140632074020704,0.08661417322834646,0.7251724549592804
MGEA5,-0.24015839885090617,0.4645669291338583,0.9271628797814478
C10orf76,0.118855972734627,0.7795275590551181,0.9769863358554425
HPS6,-0.13584125620859844,0.7401574803149606,0.9726051513462561
LDB1,0.017998593298423238,0.9448818897637795,0.9944898714583753
PPRC1,0.011315013193846646,0.9763779527559056,0.9988002758044506
NOLC1,-0.18319735959201555,0.4251968503937008,0.9130051051310895
GBF1,-0.26835281706171266,0.6929133858267716,0.9695596467319408
NFKB2,-0.054254850817213374,0.9448818897637795,0.9944898714583753
FBXL15,0.15806588076847694,0.905511811023622,0.9899212869522312
CUEDC2,0.04632070078995021,0.7086614173228346,0.9697087411223303
RPARP-AS1,0.3786574603849999,0.6850393700787402,0.9695596467319408
MFSD13A,0.8274930297267402,0.36220472440944884,0.8957091520102044
ACTR1A,0.3734514069720847,0.06299212598425197,0.6963124387519445
SUFU,0.0671437108416959,0.7952755905511811,0.978664400309132
AL391121.1,0.07470702525570605,0.9291338582677166,0.9923418376941026
TRIM8,0.22948814205867585,0.11023622047244094,0.7341951946620201
ARL3,1.403880628304898,0.14960629921259844,0.7739916929935694
SFXN2,0.16945293432614084,0.8818897637795275,0.9879934629764293
WBP1L,0.37317513959882653,0.08661417322834646,0.7251724549592804
BORCS7,-0.1665637237733293,0.8031496062992126,0.9806560380447493
CNNM2,0.10985805437261109,0.84251968503937,0.9823595446327953
NT5C2,0.6827849451557619,0.4409448818897638,0.9193107263430548
PCGF6,0.656261759423697,0.7874015748031497,0.9775940764002741
TAF5,-0.27794753511200465,0.8740157480314961,0.9870953241817563
USMG5,0.15584451842807923,0.5984251968503937,0.9608942225121786
PDCD11,0.17783121943455438,0.7952755905511811,0.978664400309132
CALHM2,0.49056897204555483,0.06299212598425197,0.6963124387519445
NEURL1,1.1569855974426697,0.1968503937007874,0.8133366461918351
SH3PXD2A,0.31298932449466577,0.6456692913385826,0.9653496962085154
STN1,0.8640111270890665,0.3543307086614173,0.8915123476047269
SLK,-0.11853395900346708,0.6535433070866141,0.966090961744307
SFR1,0.814367055292033,0.1732283464566929,0.8038630721031994
GSTO1,0.046393129940919486,0.9212598425196851,0.9916034965968238
GSTO2,-0.20257068504424125,0.6535433070866141,0.966090961744307
ITPRIP,-0.5129782940660501,0.11811023622047244,0.7364350074797351
CFAP58-AS1,-0.22562505406942668,0.7165354330708661,0.9697087411223303
XPNPEP1,-0.11550018975636078,0.5433070866141733,0.9499646623191925
ADD3,-0.9947271847406443,0.015748031496062992,0.6826476042030583
MXI1,-0.1354922907846845,0.8188976377952756,0.9819224384651066
SMNDC1,-0.04711108812329634,0.6771653543307087,0.9685447258281904
DUSP5,-0.8922760720033907,0.14960629921259844,0.7739916929935694
SMC3,0.12675090580682458,0.7874015748031497,0.9775940764002741
PDCD4-AS1,-0.7225588521817357,0.4409448818897638,0.9193107263430548
PDCD4,-0.3695927497133944,0.13385826771653545,0.7606862900526696
BBIP1,-0.01171320141215837,0.968503937007874,0.9977263771544332
SHOC2,-0.2106940583871566,0.4094488188976378,0.9090035743434535
GPAM,-1.9328056596456185,0.05511811023622047,0.6931238793170655
ACSL5,0.04373786953508407,0.7637795275590551,0.9726051513462561
ZDHHC6,0.1569828807548248,0.3543307086614173,0.8915123476047269
VTI1A,-0.05806115458255601,0.9212598425196851,0.9916034965968238
TCF7L2,-0.11240892046881168,0.8661417322834646,0.9853875082167936
CASP7,-0.25835859431346453,0.31496062992125984,0.8705799696691885
DCLRE1A,-0.27589165962767814,0.7007874015748031,0.9697087411223303
NHLRC2,0.5516015917643995,0.11023622047244094,0.7341951946620201
CCDC186,-0.971995330230202,0.14960629921259844,0.7739916929935694
ABLIM1,-0.9471224477267177,0.44881889763779526,0.9212102163700125
FAM160B1,-0.46779489857025114,0.5039370078740157,0.939868419531259
TRUB1,0.7927677094631793,0.4409448818897638,0.9193107263430548
SHTN1,-0.13786642146346928,0.5039370078740157,0.939868419531259
SLC18A2,-1.0978684799380782,0.11023622047244094,0.7341951946620201
PDZD8,0.21111015309336612,0.4881889763779528,0.9357814954688165
RAB11FIP2,-0.14850094141950532,0.4330708661417323,0.9149090270901766
FAM204A,0.18051565649945633,0.6456692913385826,0.9653496962085154
CACUL1,0.33010129130618626,0.03937007874015748,0.6826476042030583
RPL17P36,-0.8513643922419627,0.1889763779527559,0.8133366461918351
NANOS1,-1.1750615353214766,0.14173228346456693,0.7686343861159114
EIF3A,0.01998890563874589,0.968503937007874,0.9977263771544332
FAM45A,0.17852645143019608,0.7244094488188977,0.9716680124035083
SFXN4,-0.16111438075494755,0.7559055118110236,0.9726051513462561
PRDX3,0.00891984521830036,0.9921259842519685,1.0
GRK5,0.31930551136126617,0.7716535433070866,0.9760752568014447
RGS10,0.2270365220629298,0.5826771653543307,0.9597435711535928
TIAL1,-0.06491067072022183,0.6299212598425197,0.962871484045595
BAG3,0.20006970361493703,0.6141732283464567,0.9618483135188818
INPP5F,-0.8623845779767203,0.023622047244094488,0.6826476042030583
MCMBP,0.012087579408014193,0.984251968503937,0.9988002758044506
SEC23IP,0.4243665175625999,0.2125984251968504,0.8224832770104163
WDR11,-0.21519506637012853,0.6062992125984252,0.9608942225121786
RPL19P16,0.49273819885341297,0.33070866141732286,0.8811266433105555
ATE1,-0.356729558113174,0.33070866141732286,0.8811266433105555
NSMCE4A,-0.15929762815975224,0.5748031496062992,0.9559479904608623
PLEKHA1,-0.1094461918446723,0.7322834645669292,0.9726051513462561
HTRA1,2.344768609097308,0.023622047244094488,0.6826476042030583
C10orf88,1.6495955742074908,0.047244094488188976,0.6826476042030583
IKZF5,-0.5370627369459777,0.3464566929133858,0.8873455246406359
ACADSB,0.028815099169078984,0.8976377952755905,0.9899212869522312
BUB3,0.012598388333772803,0.9763779527559056,0.9988002758044506
CHST15,-0.6224803506127383,0.2755905511811024,0.853725753792971
OAT,-0.11835133738380321,0.7559055118110236,0.9726051513462561
LHPP,-0.07561261346400272,0.8031496062992126,0.9806560380447493
FAM53B,-0.8716341102793534,0.4015748031496063,0.9086765677539906
EEF1AKMT2,-0.3588775265750339,0.36220472440944884,0.8957091520102044
ABRAXAS2,-0.2979046012411253,0.4645669291338583,0.9271628797814478
ZRANB1,0.3117645209670843,0.7086614173228346,0.9697087411223303
CTBP2,0.294151074631376,0.29133858267716534,0.8583371233084381
EDRF1,-0.623839477422802,0.11023622047244094,0.7341951946620201
UROS,-0.0457589855334688,0.8976377952755905,0.9899212869522312
BCCIP,0.6228654315949491,0.08661417322834646,0.7251724549592804
DHX32,0.7779239567836829,0.047244094488188976,0.6826476042030583
ADAM12,0.3966929586572234,0.7165354330708661,0.9697087411223303
DOCK1,1.5547447905766951,0.15748031496062992,0.7813115157480315
FAM196A,-1.5141033912169544,0.08661417322834646,0.7251724549592804
PTPRE,-0.4833815149208682,0.015748031496062992,0.6826476042030583
MKI67,0.5497372861535643,0.5118110236220472,0.9438814884599421
MGMT,0.38005090673857334,0.5118110236220472,0.9438814884599421
C10orf143,-0.19130165079285177,0.6929133858267716,0.9695596467319408
CTAGE7P,-0.4813922227819407,0.49606299212598426,0.9378529417969822
GLRX3,0.1049431084790653,0.8503937007874016,0.9835944261634448
PPP2R2D,-0.3353560139690819,0.6062992125984252,0.9608942225121786
BNIP3,-0.4389242907397759,0.6929133858267716,0.9695596467319408
STK32C,1.4374019393791149,0.11023622047244094,0.7341951946620201
LRRC27,0.5911823541718584,0.41732283464566927,0.9107246259166057
PWWP2B,0.8085607031639035,0.4251968503937008,0.9130051051310895
C10orf91,0.2704239389795875,0.7952755905511811,0.978664400309132
INPP5A,0.29827232655897906,0.6299212598425197,0.962871484045595
VENTX,0.9402224014324112,0.10236220472440945,0.7341951946620201
AL592071.1,-0.05123929847575037,0.9763779527559056,0.9988002758044506
ADAM8,0.5531621415937105,0.33070866141732286,0.8811266433105555
TUBGCP2,0.1832593874286763,0.6220472440944882,0.9618483135188818
ZNF511,0.36558879420453794,0.30708661417322836,0.868085262990023
FUOM,-0.42703511254333826,0.4409448818897638,0.9193107263430548
ECHS1,0.23063800935952194,0.6771653543307087,0.9685447258281904
PAOX,0.9773399478772631,0.12598425196850394,0.7505281352026119
CYP2E1,0.41122720930654144,0.6062992125984252,0.9608942225121786
AC215219.1,0.08218192485224729,0.905511811023622,0.9899212869522312
AC026369.3,-0.1892172468008564,0.7559055118110236,0.9726051513462561
SLC6A12,-0.6108908355163359,0.2440944881889764,0.8410862980163292
AC007406.5,0.4615819019819236,0.5511811023622047,0.9514203834061379
KDM5A,-0.4732163297163474,0.09448818897637795,0.7290975019374097
CCDC77,-0.363750358366421,0.6456692913385826,0.9653496962085154
NINJ2,-0.042600018804928474,0.9133858267716536,0.9910228417757366
AC021054.1,0.3777527905230236,0.6141732283464567,0.9618483135188818
WNK1,0.39303825284100924,0.023622047244094488,0.6826476042030583
RAD52,0.5805532081890481,0.4645669291338583,0.9271628797814478
ERC1,-0.05934693925268952,0.7559055118110236,0.9726051513462561
WNT5B,-0.6149343182905724,0.5196850393700787,0.9452006713295411
ADIPOR2,-0.35610686040244843,0.2677165354330709,0.8534808525440345
CACNA2D4,0.9205735749848434,0.16535433070866143,0.7925152280493241
DCP1B,0.8618420287164614,0.31496062992125984,0.8705799696691885
FKBP4,0.7235361522354244,0.015748031496062992,0.6826476042030583
ITFG2,-0.6201707043498859,0.16535433070866143,0.7925152280493241
RHNO1,0.6732163697825198,0.6220472440944882,0.9618483135188818
TULP3,0.19550174113884866,0.7559055118110236,0.9726051513462561
AC005912.1,-0.23124988635833965,0.6299212598425197,0.962871484045595
CRACR2A,0.7768542411355939,0.25196850393700787,0.8470756930926249
AC005831.1,0.1712499324486032,0.7795275590551181,0.9769863358554425
PARP11,-0.29790020889477287,0.5590551181102362,0.9539915430764625
HSPA8P5,0.3430764928287442,0.6535433070866141,0.966090961744307
CCND2,0.30620335289414236,0.6141732283464567,0.9618483135188818
TIGAR,0.2949480180565205,0.6692913385826772,0.967634523772178
C12orf4,0.3934013749417602,0.3858267716535433,0.901137518714905
RAD51AP1,0.4174932280478587,0.7559055118110236,0.9726051513462561
DYRK4,0.2461342382403524,0.47244094488188976,0.9331994464922055
NDUFA9,0.04921178558766215,0.905511811023622,0.9899212869522312
KCNA5,-0.7850859924754316,0.49606299212598426,0.9378529417969822
VWF,1.8157427114955,0.13385826771653545,0.7606862900526696
CD9,2.4122722157575343,0.015748031496062992,0.6826476042030583
TNFRSF1A,0.2098011439450076,0.41732283464566927,0.9107246259166057
LTBR,0.28189590794569686,0.2125984251968504,0.8224832770104163
AC005840.1,-0.5779577755612584,0.29133858267716534,0.8583371233084381
AC005840.2,2.0816094361862376,0.03937007874015748,0.6826476042030583
CD27-AS1,-0.9442331355281421,0.05511811023622047,0.6931238793170655
TAPBPL,0.20638207771262973,0.5118110236220472,0.9438814884599421
VAMP1,-0.6240154657559529,0.5118110236220472,0.9438814884599421
AC005840.5,-0.4024047225601084,0.5511811023622047,0.9514203834061379
MRPL51,0.03199946629385675,0.9291338582677166,0.9923418376941026
NCAPD2,0.8856813409253803,0.48031496062992124,0.9342236316938177
GAPDH,0.13487820253018246,0.8267716535433071,0.9819224384651066
IFFO1,-0.3497642658734996,0.33070866141732286,0.8811266433105555
NOP2,-0.17762770389600657,0.6220472440944882,0.9618483135188818
CHD4,-3.266678304925108e-05,1.0,1.0
LPAR5,1.2043226859101979,0.2755905511811024,0.853725753792971
ACRBP,1.0645670769194724,0.09448818897637795,0.7290975019374097
ING4,-0.19009736564587865,0.5275590551181102,0.9452006713295411
COPS7A,0.42456822297698427,0.05511811023622047,0.6931238793170655
MLF2,-0.0834802398282184,0.6141732283464567,0.9618483135188818
PTMS,0.4765327408334885,0.6771653543307087,0.9685447258281904
LAG3,1.1072054165957854,0.1968503937007874,0.8133366461918351
CD4,0.5031537941417827,0.1732283464566929,0.8038630721031994
GPR162,0.17845505443624665,0.6062992125984252,0.9608942225121786
CDCA3,0.1360080133239192,0.8818897637795275,0.9879934629764293
USP5,0.33430965058767326,0.4645669291338583,0.9271628797814478
TPI1,0.3419654041513347,0.18110236220472442,0.8073643742935083
SPSB2,-0.47565329115312216,0.49606299212598426,0.9378529417969822
LRRC23,0.7642501110810687,0.3543307086614173,0.8915123476047269
DSTNP2,-0.5337134159836294,0.10236220472440945,0.7341951946620201
ENO2,0.007130620531201837,0.984251968503937,0.9988002758044506
ATN1,0.414048590392218,0.7086614173228346,0.9697087411223303
C12orf57,-0.7053764932453355,0.5590551181102362,0.9539915430764625
PTPN6,0.23184305666953886,0.2047244094488189,0.8179316528497794
PHB2,-0.4746970674026274,0.2755905511811024,0.853725753792971
EMG1,0.6804881229402509,0.15748031496062992,0.7813115157480315
C1S,1.0284751856959296,0.4566929133858268,0.9233455416926752
C1R,-0.21075244418430805,0.8031496062992126,0.9806560380447493
C1RL,0.14009279050671308,0.7874015748031497,0.9775940764002741
CLSTN3,-0.08560282912461759,0.9291338582677166,0.9923418376941026
PEX5,-0.7115987634590324,0.15748031496062992,0.7813115157480315
CD163L1,2.227974260459095,0.06299212598425197,0.6963124387519445
AC131206.1,0.14056979676241887,0.952755905511811,0.9944898714583753
CD163,0.9814351978961016,0.1889763779527559,0.8133366461918351
CLEC4C,-1.868368535306387,0.11023622047244094,0.7341951946620201
SLC2A14,0.4427985955381638,0.5905511811023622,0.9608942225121786
SLC2A3,0.4852510387184026,0.1732283464566929,0.8038630721031994
FOXJ2,-0.5112187963499228,0.3464566929133858,0.8873455246406359
C3AR1,2.0804373884647296,0.023622047244094488,0.6826476042030583
NECAP1,0.19877955921706025,0.5118110236220472,0.9438814884599421
CLEC4A,-0.4755446643809389,0.33070866141732286,0.8811266433105555
LINC00937,0.021835262896611418,1.0,1.0
CLEC6A,0.8191222021563349,0.1889763779527559,0.8133366461918351
CLEC4D,0.01686118988729035,0.984251968503937,0.9988002758044506
CLEC4E,-0.6837766624873227,0.11811023622047244,0.7364350074797351
HADHAP2,-0.975912987131081,0.12598425196850394,0.7505281352026119
RIMKLB,1.1415107593502851,0.23622047244094488,0.8382889691177539
M6PR,0.18027111310857258,0.2992125984251969,0.8629198938688523
KLRG1,1.1129532795602088,0.1732283464566929,0.8038630721031994
A2M-AS1,-0.2019629750257088,0.7480314960629921,0.9726051513462561
A2M,2.473098780481382,0.015748031496062992,0.6826476042030583
LINC00987,0.005328145631584791,1.0,1.0
KLRB1,-0.8264081366324965,0.44881889763779526,0.9212102163700125
AC010186.3,-0.6091944457071787,0.2677165354330709,0.8534808525440345
CLEC2D,-0.8313541348038584,0.015748031496062992,0.6826476042030583
CLECL1,0.5049326661553311,0.4566929133858268,0.9233455416926752
CD69,-0.13059371179620882,0.7559055118110236,0.9726051513462561
CLEC2B,0.3885970558601253,0.06299212598425197,0.6963124387519445
CLEC12A-AS1,-0.32725281491480085,0.7086614173228346,0.9697087411223303
CLEC12A,-1.162361860227909,0.031496062992125984,0.6826476042030583
CLEC1B,-1.7256422470137736,0.023622047244094488,0.6826476042030583
CLEC12B,-1.0490864426422701,0.14173228346456693,0.7686343861159114
CLEC9A,0.06751231923509682,0.937007874015748,0.9941472732331481
CLEC1A,0.05072891464016971,0.9291338582677166,0.9923418376941026
CLEC7A,-0.20542186288160202,0.2677165354330709,0.8534808525440345
OLR1,0.6349115264535818,0.5354330708661418,0.9479419337985596
TMEM52B,-0.03911115467854742,0.8976377952755905,0.9899212869522312
GABARAPL1,0.11218946011064546,0.7480314960629921,0.9726051513462561
AC068775.1,-0.7765407845861154,0.23622047244094488,0.8382889691177539
MAGOHB,1.752083058239081,0.015748031496062992,0.6826476042030583
YBX3,0.4899120816699858,0.2992125984251969,0.8629198938688523
SMIM10L1,0.26255775699496997,0.3543307086614173,0.8915123476047269
ETV6,-0.08915854278759561,0.6377952755905512,0.962871484045595
BCL2L14,1.0445488883131833,0.18110236220472442,0.8073643742935083
LRP6,0.1054078750313594,0.905511811023622,0.9899212869522312
BORCS5,-0.900290936012996,0.10236220472440945,0.7341951946620201
DUSP16,0.7165361445800218,0.28346456692913385,0.8574144950147485
CREBL2,0.7781952330066781,0.06299212598425197,0.6963124387519445
CDKN1B,0.158888905541537,0.7322834645669292,0.9726051513462561
AC008115.3,-0.24161475049004788,0.7874015748031497,0.9775940764002741
AC007688.1,-0.40969286531482796,0.2677165354330709,0.8534808525440345
GPRC5A,1.5317348196094636,0.09448818897637795,0.7290975019374097
HEBP1,0.5162737074872394,0.18110236220472442,0.8073643742935083
HTR7P1,1.2056603603130833,0.03937007874015748,0.6826476042030583
FAM234B,0.9751849156936094,0.2440944881889764,0.8410862980163292
EMP1,2.313548751364694,0.031496062992125984,0.6826476042030583
ATF7IP,-0.1420515593770144,0.5275590551181102,0.9452006713295411
PLBD1,-0.22722968232241936,0.33858267716535434,0.8824827791252136
H2AFJ,0.44069271624347284,0.6692913385826772,0.967634523772178
WBP11,-0.038633014472122085,0.8818897637795275,0.9879934629764293
MGP,1.1349927325962281,0.25196850393700787,0.8470756930926249
ERP27,-0.5258655822610829,0.5984251968503937,0.9608942225121786
ARHGDIB,0.48582453286613614,0.015748031496062992,0.6826476042030583
PTPRO,1.478694187680917,0.08661417322834646,0.7251724549592804
EPS8,1.2812786783688512,0.015748031496062992,0.6826476042030583
STRAP,0.05039159573420182,0.9212598425196851,0.9916034965968238
DERA,0.08836200055299326,0.8346456692913385,0.9819224384651066
MGST1,-1.202076983143943,0.047244094488188976,0.6826476042030583
SUPT16HP1,-0.03118415486420334,0.937007874015748,0.9941472732331481
AC023512.1,-0.16654489988682952,0.6771653543307087,0.9685447258281904
PLEKHA5,0.07263671914062897,0.84251968503937,0.9823595446327953
AEBP2,-0.05106408840119858,0.8740157480314961,0.9870953241817563
PDCD5P1,0.523849205950597,0.5039370078740157,0.939868419531259
TCP1P3,-0.6088747184601114,0.31496062992125984,0.8705799696691885
PYROXD1,0.8204332323678845,0.4645669291338583,0.9271628797814478
RECQL,-0.2016603963465382,0.5433070866141733,0.9499646623191925
GOLT1B,-0.20752552417066816,0.6141732283464567,0.9618483135188818
LDHB,-0.45203691605935514,0.1968503937007874,0.8133366461918351
CMAS,0.4287723715392646,0.14960629921259844,0.7739916929935694
C2CD5,0.3812719773343325,0.6771653543307087,0.9685447258281904
ETNK1,-0.0919536853733307,0.7559055118110236,0.9726051513462561
BCAT1,0.9751586763786246,0.05511811023622047,0.6931238793170655
LRMP,0.21146598872068978,0.5275590551181102,0.9452006713295411
ETFRF1,-0.29670029455857216,0.4645669291338583,0.9271628797814478
KRAS,0.08107233587807094,0.8031496062992126,0.9806560380447493
AC087239.1,0.31773893962766375,0.6771653543307087,0.9685447258281904
TDGP1,-0.3279851761846473,0.6535433070866141,0.966090961744307
RASSF8,0.1555950069024039,0.7952755905511811,0.978664400309132
BHLHE41,2.2211964756890734,0.06299212598425197,0.6963124387519445
SSPN,1.6812679954818681,0.05511811023622047,0.6931238793170655
ITPR2,0.43202163820575823,0.12598425196850394,0.7505281352026119
INTS13,0.2695574529410152,0.31496062992125984,0.8705799696691885
FGFR1OP2,0.2133686830567907,0.5039370078740157,0.939868419531259
AC024896.1,0.14649231298964072,0.84251968503937,0.9823595446327953
TM7SF3,0.37623827346686856,0.3464566929133858,0.8873455246406359
MED21,0.2917113742645392,0.4409448818897638,0.9193107263430548
AC092747.4,0.12145712760809824,0.8976377952755905,0.9899212869522312
STK38L,1.1671142140178175,0.015748031496062992,0.6826476042030583
ARNTL2,1.7128609931117107,0.11811023622047244,0.7364350074797351
PPFIBP1,0.6669566669868061,0.3228346456692913,0.8759501889864706
MRPS35,0.12469963126852157,0.6377952755905512,0.962871484045595
KLHL42,0.2680938586985846,0.44881889763779526,0.9212102163700125
CCDC91,-0.3592279468406403,0.4251968503937008,0.9130051051310895
FAR2,0.4090230294391408,0.5196850393700787,0.9452006713295411
ERGIC2,-0.3528053068816952,0.29133858267716534,0.8583371233084381
IPO8,0.25523373168689467,0.1889763779527559,0.8133366461918351
CAPRIN2,-0.36988014743746156,0.4251968503937008,0.9130051051310895
DDX11,-0.36701783926651643,0.6220472440944882,0.9618483135188818
SINHCAF,0.04299184656435173,0.8976377952755905,0.9899212869522312
DENND5B,-0.8715149837673346,0.1732283464566929,0.8038630721031994
ETFBKMT,0.6282875406369264,0.23622047244094488,0.8382889691177539
AMN1,0.38508458710878657,0.44881889763779526,0.9212102163700125
AC023157.3,-1.0970491308340105,0.14173228346456693,0.7686343861159114
AC023157.2,0.04187996228216151,0.968503937007874,0.9977263771544332
AC023157.1,1.1100219995948084,0.3937007874015748,0.9060325603890926
H3F3C,-0.46596673287565427,0.41732283464566927,0.9107246259166057
KIAA1551,0.05952366228388151,0.8976377952755905,0.9899212869522312
BICD1,-0.2518422776404581,0.48031496062992124,0.9342236316938177
FGD4,0.41129733614228847,0.4251968503937008,0.9130051051310895
DNM1L,-0.07565347856141891,0.7637795275590551,0.9726051513462561
AC084824.1,-0.11166169135437176,0.7165354330708661,0.9697087411223303
YARS2,1.0193690425886093,0.2755905511811024,0.853725753792971
PKP2,0.12647246213587993,0.9606299212598425,0.9967290768663719
ALG10,-0.09450056792004347,0.937007874015748,0.9941472732331481
ALG10B,-0.06029593759726026,0.905511811023622,0.9899212869522312
CPNE8,0.038714231865549564,0.9291338582677166,0.9923418376941026
KIF21A,0.709736747926212,0.3700787401574803,0.8970171905992668
ABCD2,-0.17667461626250835,0.905511811023622,0.9899212869522312
SLC2A13,0.9452743320675911,0.18110236220472442,0.8073643742935083
AC079630.1,-0.4830167195164612,0.5748031496062992,0.9559479904608623
LRRK2,-1.3027011399167518,0.015748031496062992,0.6826476042030583
GXYLT1,-0.18391097306996063,0.8110236220472441,0.9806560380447493
YAF2,-0.45111898649371795,0.11811023622047244,0.7364350074797351
PPHLN1,0.006961881569611528,0.984251968503937,0.9988002758044506
ZCRB1,-0.03454628057702802,0.8267716535433071,0.9819224384651066
PUS7L,0.8754225522711176,0.1889763779527559,0.8133366461918351
IRAK4,-0.12831082520328518,0.6456692913385826,0.9653496962085154
TWF1,0.33143218220264536,0.44881889763779526,0.9212102163700125
PLEKHA8P1,0.10317207618594204,0.905511811023622,0.9899212869522312
ANO6,0.12556477851887582,0.6141732283464567,0.9618483135188818
AC008124.1,-0.49839179490915075,0.11023622047244094,0.7341951946620201
ARID2,0.32633714101632183,0.10236220472440945,0.7341951946620201
SCAF11,-0.15919304198754958,0.5590551181102362,0.9539915430764625
SLC38A1,-0.6199868300411042,0.06299212598425197,0.6963124387519445
SLC38A2,-0.3153189230809943,0.08661417322834646,0.7251724549592804
AC008014.1,-1.0654153743511499,0.10236220472440945,0.7341951946620201
AC008035.1,0.009027509680011647,0.984251968503937,0.9988002758044506
AMIGO2,-0.4185116806426441,0.7086614173228346,0.9697087411223303
PCED1B,-0.3126528427384887,0.6062992125984252,0.9608942225121786
PCED1B-AS1,-0.7000933632982083,0.1968503937007874,0.8133366461918351
RPAP3,-0.09192605286421163,0.8110236220472441,0.9806560380447493
AC004241.3,-0.11876490314360333,0.84251968503937,0.9823595446327953
SLC48A1,0.8467007596625926,0.3858267716535433,0.901137518714905
HDAC7,0.7027042234800969,0.3543307086614173,0.8915123476047269
VDR,0.7284955319070789,0.023622047244094488,0.6826476042030583
TMEM106C,1.0544697869458348,0.23622047244094488,0.8382889691177539
SENP1,-0.31750878225189316,0.48031496062992124,0.9342236316938177
PFKM,1.2995490626791473,0.023622047244094488,0.6826476042030583
ASB8,0.6338330447088687,0.30708661417322836,0.868085262990023
ZNF641,0.011038457247579458,0.9763779527559056,0.9988002758044506
KANSL2,-0.6206039064118722,0.11023622047244094,0.7341951946620201
CCNT1,-0.7400011063192826,0.015748031496062992,0.6826476042030583
DDX23,0.1409123463235078,0.6771653543307087,0.9685447258281904
RND1,0.36604842218157074,0.7637795275590551,0.9726051513462561
FKBP11,0.9251896463245752,0.3543307086614173,0.8915123476047269
ARF3,0.24695843834041753,0.1968503937007874,0.8133366461918351
PRKAG1,0.19759478433406308,0.4409448818897638,0.9193107263430548
KMT2D,-0.4002271365509209,0.18110236220472442,0.8073643742935083
LMBR1L,-0.19082641618378293,0.6377952755905512,0.962871484045595
TUBA1B,1.0136316818918458,0.2755905511811024,0.853725753792971
TUBA1A,1.0290524960253418,0.06299212598425197,0.6963124387519445
TROAP,1.15438667391992,0.2440944881889764,0.8410862980163292
SPATS2,-0.32833550056282235,0.2992125984251969,0.8629198938688523
MCRS1,0.23057055785269664,0.5511811023622047,0.9514203834061379
FMNL3,0.17983600932856625,0.33858267716535434,0.8824827791252136
TMBIM6,0.3503767901965329,0.07086614173228346,0.7107880171694956
NCKAP5L,0.6371027841829298,0.10236220472440945,0.7341951946620201
BCDIN3D,0.9552063744240487,0.15748031496062992,0.7813115157480315
RACGAP1,0.186393842565169,0.7637795275590551,0.9726051513462561
SMARCD1,0.5109683935023259,0.2047244094488189,0.8179316528497794
COX14,-0.124861194888096,0.7322834645669292,0.9726051513462561
CERS5,-0.20510661630731297,0.6771653543307087,0.9685447258281904
LIMA1,1.0304560426189218,0.031496062992125984,0.6826476042030583
LARP4,0.06306212381255882,0.9606299212598425,0.9967290768663719
DIP2B,0.37019332496501445,0.33070866141732286,0.8811266433105555
ATF1,-0.15004928717074417,0.5590551181102362,0.9539915430764625
METTL7A,-0.11169189200586338,0.6456692913385826,0.9653496962085154
SLC11A2,0.7576922547021754,0.031496062992125984,0.6826476042030583
LETMD1,-0.6732538513622721,0.11811023622047244,0.7364350074797351
CSRNP2,-0.20296743821632113,0.7086614173228346,0.9697087411223303
TFCP2,0.6569432748795982,0.11023622047244094,0.7341951946620201
POU6F1,0.3677906463052505,0.7165354330708661,0.9697087411223303
DAZAP2,-0.0713008779559896,0.6456692913385826,0.9653496962085154
SMAGP,1.062842162786173,0.3228346456692913,0.8759501889864706
BIN2,-0.24554429581712967,0.29133858267716534,0.8583371233084381
GALNT6,0.4670040673076645,0.28346456692913385,0.8574144950147485
SLC4A8,0.841059946678143,0.2677165354330709,0.8534808525440345
HNRNPA3P10,-0.025081361229941646,0.952755905511811,0.9944898714583753
ACVR1B,0.7663278095659107,0.4881889763779528,0.9357814954688165
GRASP,-0.5751722663584946,0.5826771653543307,0.9597435711535928
NR4A1,-0.5146033440539464,0.41732283464566927,0.9107246259166057
KRT6A,1.801625519591378,0.14173228346456693,0.7686343861159114
KRT5,-2.1515291808508756,0.015748031496062992,0.6826476042030583
EIF4B,-0.34306630436321583,0.1968503937007874,0.8133366461918351
SPRYD3,1.1303564748166317,0.047244094488188976,0.6826476042030583
IGFBP6,0.5690105588931715,0.25196850393700787,0.8470756930926249
HIGD1AP1,-0.9845005129234523,0.28346456692913385,0.8574144950147485
EIF4A1P4,0.9579380027571153,0.2125984251968504,0.8224832770104163
CSAD,0.019611416430449502,0.984251968503937,0.9988002758044506
ZNF740,0.36123410000922007,0.8976377952755905,0.9899212869522312
RARG,-1.3483213743945264,0.2047244094488189,0.8179316528497794
MFSD5,0.06959011748882427,0.9291338582677166,0.9923418376941026
ESPL1,1.0214174780004739,0.2755905511811024,0.853725753792971
PFDN5,-0.06423808307113354,0.8346456692913385,0.9819224384651066
C12orf10,0.516980322877215,0.5433070866141733,0.9499646623191925
AAAS,0.4783625825877973,0.23622047244094488,0.8382889691177539
SP1,-0.24720431450460012,0.5590551181102362,0.9539915430764625
PRR13,-0.04841239883274984,0.8976377952755905,0.9899212869522312
PCBP2,-0.30317753977276585,0.14960629921259844,0.7739916929935694
TARBP2,1.7077354956574777,0.09448818897637795,0.7290975019374097
ATF7,-0.18562387211579878,0.6220472440944882,0.9618483135188818
ATP5G2,-0.136713547591798,0.5590551181102362,0.9539915430764625
CALCOCO1,0.07750050076885806,0.8503937007874016,0.9835944261634448
SMUG1,-0.3409652931511724,0.29133858267716534,0.8583371233084381
LINC02381,0.6596117377299118,0.5039370078740157,0.939868419531259
CBX5,-0.1252153609114366,0.7165354330708661,0.9697087411223303
HNRNPA1,-0.2621631008585279,0.3700787401574803,0.8970171905992668
NFE2,-0.6962365030990567,0.5118110236220472,0.9438814884599421
COPZ1,-0.14036840114301175,0.4881889763779528,0.9357814954688165
GPR84,0.2841333019372989,0.5354330708661418,0.9479419337985596
ZNF385A,0.3329344123006832,0.7007874015748031,0.9697087411223303
ITGA5,0.4223234417946724,0.5354330708661418,0.9479419337985596
GTSF1,-0.7046459491265327,0.3228346456692913,0.8759501889864706
NCKAP1L,0.4019168985697572,0.015748031496062992,0.6826476042030583
PDE1B,-0.5346157731430461,0.4645669291338583,0.9271628797814478
TESPA1,-0.5244442957236242,0.5196850393700787,0.9452006713295411
BLOC1S1,0.3798849915538529,0.23622047244094488,0.8382889691177539
CD63,0.9766943678960747,0.03937007874015748,0.6826476042030583
AC009779.2,1.4811742558909957,0.023622047244094488,0.6826476042030583
ORMDL2,-0.044276234073397536,0.8976377952755905,0.9899212869522312
TMEM198B,1.2271369929458877,0.08661417322834646,0.7251724549592804
MMP19,1.0005160364294277,0.29133858267716534,0.8583371233084381
PYM1,0.08246106485937243,0.8031496062992126,0.9806560380447493
DGKA,0.21190517674147902,0.6692913385826772,0.967634523772178
CDK2,0.042016637354863384,0.9212598425196851,0.9916034965968238
RAB5B,-0.13449309604532722,0.5590551181102362,0.9539915430764625
AC034102.1,0.6878067532760834,0.30708661417322836,0.868085262990023
SUOX,0.4930343624576863,0.2440944881889764,0.8410862980163292
IKZF4,1.4964808920108217,0.13385826771653545,0.7606862900526696
RPS26,-0.33958786851079115,0.47244094488188976,0.9331994464922055
PA2G4,0.37437433925889874,0.4094488188976378,0.9090035743434535
RPL41,-0.5524517217044114,0.023622047244094488,0.6826476042030583
ZC3H10,0.4864172301249443,0.4330708661417323,0.9149090270901766
ESYT1,-0.03118426167148325,0.9763779527559056,0.9988002758044506
MYL6B,0.3647716859632246,0.6850393700787402,0.9695596467319408
MYL6,0.19110429563749065,0.12598425196850394,0.7505281352026119
AC073896.4,0.15500471481598144,0.6456692913385826,0.9653496962085154
SMARCC2,-0.12184962354321183,0.8110236220472441,0.9806560380447493
RNF41,-0.035428741034652766,0.9133858267716536,0.9910228417757366
NABP2,1.2886971774295883,0.10236220472440945,0.7341951946620201
ANKRD52,0.6987986592390234,0.5511811023622047,0.9514203834061379
COQ10A,-0.5039006067152574,0.1889763779527559,0.8133366461918351
CS,0.13789195411003696,0.3858267716535433,0.901137518714905
CNPY2,0.6649225548167883,0.31496062992125984,0.8705799696691885
PAN2,0.1432907414302944,0.6062992125984252,0.9608942225121786
IL23A,-0.8023215831389461,0.4015748031496063,0.9086765677539906
STAT2,-0.660305353513948,0.29133858267716534,0.8583371233084381
TIMELESS,-0.03004714431107347,0.937007874015748,0.9941472732331481
SPRYD4,1.0554885847616826,0.1968503937007874,0.8133366461918351
HSPD1P4,0.868750235303019,0.3228346456692913,0.8759501889864706
RBMS2,0.26698185354431514,0.6299212598425197,0.962871484045595
BAZ2A,-0.18483747120600924,0.5669291338582677,0.954855712655332
ATP5B,-0.051426279743131076,0.6220472440944882,0.9618483135188818
PTGES3,0.03023615718914563,0.9448818897637795,0.9944898714583753
NACA,-0.49790787351208365,0.08661417322834646,0.7251724549592804
PRIM1,0.24269537703211652,0.8267716535433071,0.9819224384651066
ZBTB39,-0.11460932375876598,0.9291338582677166,0.9923418376941026
NEMP1,-0.4497579565582317,0.03937007874015748,0.6826476042030583
NAB2,0.23133926998505316,0.9133858267716536,0.9910228417757366
STAT6,0.03275764989337571,0.9212598425196851,0.9916034965968238
LRP1,0.10705754822092928,0.84251968503937,0.9823595446327953
SHMT2,-0.16429960263294863,0.6771653543307087,0.9685447258281904
STAC3,0.24795923326757263,0.6535433070866141,0.966090961744307
R3HDM2,-0.2680663499393514,0.11023622047244094,0.7341951946620201
ARHGAP9,-0.5126442623505199,0.1968503937007874,0.8133366461918351
MARS,0.7360780720212436,0.6850393700787402,0.9695596467319408
DDIT3,1.235317679208354,0.3228346456692913,0.8759501889864706
MBD6,-0.1690400729592465,0.6377952755905512,0.962871484045595
DCTN2,0.5964462783352031,0.10236220472440945,0.7341951946620201
PIP4K2C,0.6630297742005258,0.031496062992125984,0.6826476042030583
DTX3,0.6028407928222579,0.3937007874015748,0.9060325603890926
OS9,0.0643055073889629,0.905511811023622,0.9899212869522312
AGAP2,-0.21474082240935788,0.8031496062992126,0.9806560380447493
TSPAN31,0.34037941734375377,0.08661417322834646,0.7251724549592804
MARCH9,0.1741254399406742,0.6062992125984252,0.9608942225121786
CYP27B1,-0.19554593798171838,0.84251968503937,0.9823595446327953
METTL1,0.09643499031650604,0.8976377952755905,0.9899212869522312
EEF1AKMT3,1.2264633620880547,0.16535433070866143,0.7925152280493241
TSFM,0.11003586186866832,0.8818897637795275,0.9879934629764293
CTDSP2,0.31414646402078006,0.015748031496062992,0.6826476042030583
AC084033.3,0.6135342303070658,0.33858267716535434,0.8824827791252136
ATP23,-0.8616597331447013,0.2283464566929134,0.8336385014247465
SLC16A7,-0.6450497548862533,0.03937007874015748,0.6826476042030583
FAM19A2,-2.1488114537935914,0.023622047244094488,0.6826476042030583
RPS3P6,-0.5083394358648001,0.6771653543307087,0.9685447258281904
USP15,-0.7002209960495813,0.11811023622047244,0.7364350074797351
MON2,0.39942191755932344,0.3858267716535433,0.901137518714905
AC048341.3,-0.22195635024403737,0.7480314960629921,0.9726051513462561
PPM1H,1.2798356357517777,0.05511811023622047,0.6931238793170655
RPL14P1,-0.4602423096446522,0.047244094488188976,0.6826476042030583
TMEM5,0.23263853847069216,0.5669291338582677,0.954855712655332
PABPC1P4,-0.4486887629928136,0.14960629921259844,0.7739916929935694
SRGAP1,0.514900998051941,0.2283464566929134,0.8336385014247465
C12orf66,-0.14280346398076027,0.7874015748031497,0.9775940764002741
AC135279.2,0.6978517188422213,0.4251968503937008,0.9130051051310895
XPOT,0.2687528992153849,0.2283464566929134,0.8336385014247465
TBK1,0.1738874734582705,0.5433070866141733,0.9499646623191925
RASSF3,-0.07208430491124851,0.889763779527559,0.9886177730539346
GNS,0.15393182591492405,0.5905511811023622,0.9608942225121786
TBC1D30,1.2042091706159392,0.12598425196850394,0.7505281352026119
LEMD3,-0.15264467226394896,0.7401574803149606,0.9726051513462561
AC026124.2,0.6930686171434578,0.28346456692913385,0.8574144950147485
MSRB3,-1.2345942480471996,0.05511811023622047,0.6931238793170655
LLPH,-0.0558423132588457,0.8503937007874016,0.9835944261634448
TMBIM4,-0.34906503083363516,0.4094488188976378,0.9090035743434535
IRAK3,-0.032272612940638545,0.8976377952755905,0.9899212869522312
RBMS1P1,0.13226564856755907,0.7952755905511811,0.978664400309132
HELB,0.632995137294277,0.5118110236220472,0.9438814884599421
GRIP1,-1.9402858373670333,0.047244094488188976,0.6826476042030583
CAND1,0.0993303673134216,0.7795275590551181,0.9769863358554425
DYRK2,0.5690259565977174,0.1968503937007874,0.8133366461918351
MDM1,0.03762690425699722,0.9133858267716536,0.9910228417757366
LINC02384,0.34199492709849255,0.6377952755905512,0.962871484045595
RAP1B,-0.1984243202656275,0.2755905511811024,0.853725753792971
ATP5HP4,-0.9113168110698386,0.1889763779527559,0.8133366461918351
NUP107,0.1911396838943018,0.7165354330708661,0.9697087411223303
SLC35E3,-0.7061673173532768,0.30708661417322836,0.868085262990023
MDM2,-0.09493152410101668,0.8976377952755905,0.9899212869522312
CPM,1.2614097612228141,0.09448818897637795,0.7290975019374097
CPSF6,-0.2334874456843643,0.5433070866141733,0.9499646623191925
LYZ,-0.3285889315343731,0.2283464566929134,0.8336385014247465
YEATS4,-0.1997495653450052,0.6614173228346457,0.967634523772178
FRS2,-0.4185462863782914,0.3543307086614173,0.8915123476047269
CCT2,-0.02010908761717012,0.9606299212598425,0.9967290768663719
RAB3IP,-0.44497912844920995,0.31496062992125984,0.8705799696691885
LINC01481,0.6830054719172507,0.4094488188976378,0.9090035743434535
CNOT2,-0.19350079046576418,0.1889763779527559,0.8133366461918351
KCNMB4,0.5390549554847097,0.4881889763779528,0.9357814954688165
ZFC3H1,-0.037057688747940354,0.9212598425196851,0.9916034965968238
THAP2,0.302555798597858,0.6850393700787402,0.9695596467319408
TMEM19,-0.09874707173193453,0.7401574803149606,0.9726051513462561
RAB21,-0.006804189576130604,0.984251968503937,0.9988002758044506
TBC1D15,0.3114535631979498,0.1889763779527559,0.8133366461918351
ATXN7L3B,0.21751225011996755,0.5748031496062992,0.9559479904608623
GLIPR1,-0.3060619106609046,0.1732283464566929,0.8038630721031994
KRR1,-0.16846337140516265,0.7086614173228346,0.9697087411223303
PHLDA1,0.40695825865576385,0.5511811023622047,0.9514203834061379
NAP1L1,-0.12589879744284715,0.5590551181102362,0.9539915430764625
BBS10,0.9541319255246781,0.23622047244094488,0.8382889691177539
OSBPL8,-0.005922409235616044,0.9921259842519685,1.0
AC107032.1,-0.7442619224322797,0.07874015748031496,0.7107880171694956
AC093014.1,1.4654749413517578,0.015748031496062992,0.6826476042030583
ZDHHC17,-0.9185345968526786,0.05511811023622047,0.6931238793170655
CSRP2,0.33446505849940333,0.6692913385826772,0.967634523772178
E2F7,-0.04238770542754744,0.937007874015748,0.9941472732331481
AC068993.1,-0.023054873321769254,0.9606299212598425,0.9967290768663719
SYT1,0.40955496773589783,0.5275590551181102,0.9452006713295411
PAWR,-0.08309740057624992,0.889763779527559,0.9886177730539346
PPP1R12A,-0.16567700931356555,0.5669291338582677,0.954855712655332
AC078817.1,-0.6884685848293866,0.1889763779527559,0.8133366461918351
LIN7A,-0.23345474614710904,0.7007874015748031,0.9697087411223303
CCDC59,-0.6762503007798557,0.06299212598425197,0.6963124387519445
METTL25,0.1468672613498292,0.6929133858267716,0.9695596467319408
TMTC2,0.06886102013169992,0.8267716535433071,0.9819224384651066
C12orf29,-0.18765490370086235,0.6535433070866141,0.966090961744307
CEP290,-0.6146993422047036,0.41732283464566927,0.9107246259166057
TMTC3,0.3842679697061189,0.5511811023622047,0.9514203834061379
DUSP6,-0.2180854685961826,0.7559055118110236,0.9726051513462561
POC1B,0.10555651663896448,0.5590551181102362,0.9539915430764625
CENPCP1,-0.9636296921041161,0.16535433070866143,0.7925152280493241
ATP2B1,0.10494331911556287,0.6929133858267716,0.9695596467319408
ATP2B1-AS1,-0.7323259787383325,0.047244094488188976,0.6826476042030583
LUM,0.4592825697868914,0.6850393700787402,0.9695596467319408
DCN,0.3059959010229196,0.8031496062992126,0.9806560380447493
BTG1,0.2666489031077788,0.29133858267716534,0.8583371233084381
AC025164.2,0.6944590317616774,0.5039370078740157,0.939868419531259
LINC02397,-1.561149952309382,0.047244094488188976,0.6826476042030583
EEA1,0.13545497126533235,0.7086614173228346,0.9697087411223303
RPL41P5,0.29700957729981514,0.6377952755905512,0.962871484045595
NUDT4,-0.1565385800146437,0.6614173228346457,0.967634523772178
UBE2N,0.16138263565801214,0.29133858267716534,0.8583371233084381
MRPL42,0.16029989891613639,0.49606299212598426,0.9378529417969822
SOCS2,-0.3077868953623546,0.5748031496062992,0.9559479904608623
CRADD,1.0047165384302472,0.2755905511811024,0.853725753792971
PLXNC1,1.1209278112795573,0.023622047244094488,0.6826476042030583
CEP83,0.0968213484389393,0.7952755905511811,0.978664400309132
AC023161.2,-0.8050652144360795,0.047244094488188976,0.6826476042030583
TMCC3,-0.25556423185328203,0.4409448818897638,0.9193107263430548
NDUFA12,0.30981544843740494,0.10236220472440945,0.7341951946620201
NR2C1,-0.11209862787266678,0.8110236220472441,0.9806560380447493
FGD6,0.3206008802019449,0.5669291338582677,0.954855712655332
VEZT,-0.027476764212420512,0.9448818897637795,0.9944898714583753
METAP2,-0.013908296814095777,0.9448818897637795,0.9944898714583753
SNRPF,-0.17714338973185573,0.5669291338582677,0.954855712655332
HAL,-1.191251938546132,0.06299212598425197,0.6963124387519445
LTA4H,-0.17457235014210237,0.6220472440944882,0.9618483135188818
ELK3,0.4971077203076195,0.25196850393700787,0.8470756930926249
CDK17,-0.17835517369878318,0.7401574803149606,0.9726051513462561
NEDD1,0.054857319417417116,0.889763779527559,0.9886177730539346
SLC9A7P1,-0.7040060202070995,0.3779527559055118,0.90080276839105
TMPO-AS1,-0.359104531516226,0.6614173228346457,0.967634523772178
TMPO,-0.4875321558024064,0.031496062992125984,0.6826476042030583
SLC25A3,0.11462975161592226,0.5275590551181102,0.9452006713295411
IKBIP,-0.057401970049522966,0.8818897637795275,0.9879934629764293
APAF1,-0.11863026258333242,0.7480314960629921,0.9726051513462561
RPS4XP1,-1.2371927839614707,0.03937007874015748,0.6826476042030583
UHRF1BP1L,0.0719811045443235,0.7559055118110236,0.9726051513462561
AC126474.2,0.2783586484448102,0.5039370078740157,0.939868419531259
GOLGA2P5,0.539887630537981,0.4251968503937008,0.9130051051310895
ACTR6,0.008650662147807964,0.9921259842519685,1.0
SCYL2,-0.08084214472834805,0.6220472440944882,0.9618483135188818
GAS2L3,0.7646269675471178,0.11811023622047244,0.7364350074797351
UTP20,0.3702458875315564,0.5354330708661418,0.9479419337985596
ARL1,-0.27824930521503966,0.49606299212598426,0.9378529417969822
CHPT1,-0.06733714985720685,0.8976377952755905,0.9899212869522312
GNPTAB,0.28927354202503697,0.2047244094488189,0.8179316528497794
HSPE1P4,0.5013522155649759,0.5905511811023622,0.9608942225121786
DRAM1,1.3093562223654431,0.10236220472440945,0.7341951946620201
WASHC3,-0.18625878186023304,0.6220472440944882,0.9618483135188818
NUP37,0.07506527803664165,0.9133858267716536,0.9910228417757366
PARPBP,0.4462315340451293,0.49606299212598426,0.9378529417969822
HELLPAR,-0.07183276571911268,0.9763779527559056,0.9988002758044506
IGF1,0.8968894332207651,0.3779527559055118,0.90080276839105
C12orf42,-1.8648663814328532,0.03937007874015748,0.6826476042030583
NT5DC3,0.6791312356043124,0.4645669291338583,0.9271628797814478
HSP90B1,-0.365686551796399,0.3543307086614173,0.8915123476047269
C12orf73,0.17581612148143577,0.5984251968503937,0.9608942225121786
TDG,-0.1287428466623517,0.3228346456692913,0.8759501889864706
HCFC2,-0.11098513618620665,0.6692913385826772,0.967634523772178
NFYB,0.2910156713697116,0.4881889763779528,0.9357814954688165
TXNRD1,0.7012306645765456,0.16535433070866143,0.7925152280493241
RPL18AP3,-0.2331702602364869,0.7952755905511811,0.978664400309132
CHST11,0.18142627617686014,0.3937007874015748,0.9060325603890926
SLC41A2,-0.4566458186713209,0.15748031496062992,0.7813115157480315
C12orf45,-0.31189525893322934,0.44881889763779526,0.9212102163700125
WASHC4,-0.21295419139553573,0.41732283464566927,0.9107246259166057
APPL2,1.2517818168822705,0.08661417322834646,0.7251724549592804
C12orf75,-1.6512732739553417,0.047244094488188976,0.6826476042030583
CKAP4,-0.8014568221485243,0.031496062992125984,0.6826476042030583
TCP11L2,0.4889593438305089,0.6220472440944882,0.9618483135188818
POLR3B,-0.03962354845067839,0.9606299212598425,0.9967290768663719
RIC8B,0.9093547232106887,0.25984251968503935,0.8512406093679867
TMEM263,-0.05567657273167814,0.937007874015748,0.9941472732331481
MTERF2,0.032681887709857804,0.952755905511811,0.9944898714583753
CRY1,0.15935369228012952,0.905511811023622,0.9899212869522312
BTBD11,-0.0017184787063522222,1.0,1.0
PWP1,-0.18396491448111618,0.6141732283464567,0.9618483135188818
PRDM4,-0.29766024497508425,0.3937007874015748,0.9060325603890926
CMKLR1,0.6096594754030953,0.3937007874015748,0.9060325603890926
FICD,-0.07697065936363634,0.8503937007874016,0.9835944261634448
SART3,0.05539998411121605,0.8661417322834646,0.9853875082167936
ISCU,0.15555308652252187,0.7007874015748031,0.9697087411223303
TMEM119,0.8867432206958639,0.25196850393700787,0.8470756930926249
SELPLG,-0.6944826759499945,0.07086614173228346,0.7107880171694956
CORO1C,-0.05705183224975663,0.905511811023622,0.9899212869522312
SSH1,0.5453765729468287,0.08661417322834646,0.7251724549592804
USP30,0.8006799769363315,0.31496062992125984,0.8705799696691885
ALKBH2,-0.8467641300464428,0.25984251968503935,0.8512406093679867
UNG,0.2995138695141679,0.5354330708661418,0.9479419337985596
ACACB,0.6275292884143269,0.5748031496062992,0.9559479904608623
KCTD10,0.697310364189073,0.33070866141732286,0.8811266433105555
UBE3B,0.47209023031073327,0.12598425196850394,0.7505281352026119
MMAB,0.470921294619532,0.5669291338582677,0.954855712655332
MVK,0.2847640015512116,0.7086614173228346,0.9697087411223303
FAM222A,-0.07422975966468304,0.952755905511811,0.9944898714583753
TRPV4,-0.8556466415773489,0.2755905511811024,0.853725753792971
GLTP,-0.16124404953767613,0.6062992125984252,0.9608942225121786
TCHP,-0.6820091197966303,0.11023622047244094,0.7341951946620201
GIT2,0.46775640491584536,0.047244094488188976,0.6826476042030583
ANKRD13A,-0.36321748060867076,0.12598425196850394,0.7505281352026119
C12orf76,0.10048582272056228,0.889763779527559,0.9886177730539346
IFT81,-0.11555309806435354,0.8503937007874016,0.9835944261634448
ATP2A2,0.23157409307575083,0.07874015748031496,0.7107880171694956
ANAPC7,0.7749189893641022,0.25196850393700787,0.8470756930926249
ARPC3,0.03390547261944299,0.8267716535433071,0.9819224384651066
GPN3,0.35341273009670005,0.28346456692913385,0.8574144950147485
RPL31P49,-0.9212680905465369,0.07874015748031496,0.7107880171694956
FAM216A,0.27739101030519064,0.4566929133858268,0.9233455416926752
VPS29,0.09509128603408179,0.7874015748031497,0.9775940764002741
RAD9B,0.39259726705704734,0.5354330708661418,0.9479419337985596
PPTC7,-0.3340071566385978,0.023622047244094488,0.6826476042030583
TCTN1,0.3864394626070804,0.6456692913385826,0.9653496962085154
HVCN1,0.5938682480086213,0.8582677165354331,0.9837431881343323
PPP1CC,-0.14386365972467985,0.5590551181102362,0.9539915430764625
CUX2,-2.665984943000355,0.031496062992125984,0.6826476042030583
FAM109A,0.9015128112849515,0.4566929133858268,0.9233455416926752
SH2B3,-0.702942119039295,0.015748031496062992,0.6826476042030583
ATXN2,-0.006684669431906265,0.984251968503937,0.9988002758044506
BRAP,-0.28839825042723444,0.6850393700787402,0.9695596467319408
ACAD10,-1.0988306974548028,0.07874015748031496,0.7107880171694956
ALDH2,0.7092285827335969,0.09448818897637795,0.7290975019374097
MAPKAPK5-AS1,-0.5316025687913006,0.09448818897637795,0.7290975019374097
MAPKAPK5,-0.2526182995145394,0.48031496062992124,0.9342236316938177
TMEM116,-0.15773678982575356,0.8503937007874016,0.9835944261634448
ERP29,-0.4467330049339511,0.33858267716535434,0.8824827791252136
NAA25,-0.3406859163954472,0.5039370078740157,0.939868419531259
TRAFD1,-0.028966577262257154,0.968503937007874,0.9977263771544332
HECTD4,0.21761413171449373,0.6771653543307087,0.9685447258281904
RPL6,-0.47062904891347834,0.08661417322834646,0.7251724549592804
PTPN11,-0.20876643269272854,0.30708661417322836,0.868085262990023
RPH3A,-1.5752193134510222,0.10236220472440945,0.7341951946620201
OAS1,-0.8143347383447512,0.1968503937007874,0.8133366461918351
OAS3,0.007026145355372826,1.0,1.0
OAS2,-0.3516108163275593,0.7637795275590551,0.9726051513462561
RASAL1,2.0202267689621234,0.015748031496062992,0.6826476042030583
DDX54,-0.29102349055288634,0.5196850393700787,0.9452006713295411
RITA1,0.9201811023600841,0.15748031496062992,0.7813115157480315
IQCD,1.0779212754558727,0.14960629921259844,0.7739916929935694
TPCN1,1.0924395985236726,0.48031496062992124,0.9342236316938177
SLC8B1,-0.5311304529268055,0.4094488188976378,0.9090035743434535
PLBD2,0.36717607051467294,0.29133858267716534,0.8583371233084381
SDS,0.5799286371883543,0.47244094488188976,0.9331994464922055
SDSL,1.3758217122280536,0.31496062992125984,0.8705799696691885
RBM19,0.5955944760530656,0.2755905511811024,0.853725753792971
MED13L,-0.16022737417361732,0.6062992125984252,0.9608942225121786
LINC00173,-0.5070958248250395,0.5590551181102362,0.9539915430764625
MAP1LC3B2,-0.46286418746884284,0.25984251968503935,0.8512406093679867
C12orf49,0.18179788691705134,0.5748031496062992,0.9559479904608623
FBXW8,-0.376481454918006,0.4566929133858268,0.9233455416926752
TESC,-0.1610714663321886,0.937007874015748,0.9941472732331481
FBXO21,0.004220612647753974,0.9921259842519685,1.0
RFC5,0.16897039817005144,0.8031496062992126,0.9806560380447493
WSB2,0.08850961093745546,0.7716535433070866,0.9760752568014447
VSIG10,1.6778277097745224,0.11811023622047244,0.7364350074797351
PEBP1,-0.20535397732236227,0.4645669291338583,0.9271628797814478
TAOK3,0.11971812552752592,0.5196850393700787,0.9452006713295411
RPS2P5,-0.3748853901405722,0.5196850393700787,0.9452006713295411
SUDS3,0.014182007678306796,0.984251968503937,0.9988002758044506
AC084880.1,-0.8374077095946055,0.07086614173228346,0.7107880171694956
PRKAB1,-0.9455212495280776,0.14173228346456693,0.7686343861159114
CIT,-0.46232025246760045,0.6062992125984252,0.9608942225121786
RAB35,0.4632740980283341,0.03937007874015748,0.6826476042030583
AC004812.2,-0.21206920693220122,0.6929133858267716,0.9695596467319408
GCN1,0.3837201397835521,0.25984251968503935,0.8512406093679867
RPLP0,-0.09642270490080307,0.7874015748031497,0.9775940764002741
PXN,0.002761942963133812,0.9921259842519685,1.0
NME2P1,-0.41489607433768416,0.3700787401574803,0.8970171905992668
RNU4-2,0.16765401134631475,0.8267716535433071,0.9819224384651066
COX6A1,0.06929621924510698,0.7559055118110236,0.9726051513462561
TRIAP1,-0.08870854404076489,0.937007874015748,0.9941472732331481
GATC,0.05588450267284095,0.9606299212598425,0.9967290768663719
SRSF9,0.11288686984450713,0.7637795275590551,0.9726051513462561
DYNLL1,0.186501057106768,0.4566929133858268,0.9233455416926752
COQ5,0.6165514282634521,0.3543307086614173,0.8915123476047269
RNF10,-0.014768280792338828,0.8818897637795275,0.9879934629764293
POP5,-0.4477236255441359,0.30708661417322836,0.868085262990023
MLEC,0.24812472452467027,0.3779527559055118,0.90080276839105
ACADS,1.1857635367803385,0.2125984251968504,0.8224832770104163
SPPL3,0.22484465458964653,0.4330708661417323,0.9149090270901766
C12orf43,1.1224240718103005,0.2440944881889764,0.8410862980163292
OASL,-0.17549579704305618,0.9448818897637795,0.9944898714583753
P2RX7,0.3393928919309541,0.3858267716535433,0.901137518714905
AC069209.1,-0.14754917292738767,0.8110236220472441,0.9806560380447493
P2RX4,0.2772178609425069,0.23622047244094488,0.8382889691177539
CAMKK2,-0.1290138859362857,0.7401574803149606,0.9726051513462561
ANAPC5,-0.26685935542132544,0.1732283464566929,0.8038630721031994
RNF34,0.7622675271582682,0.015748031496062992,0.6826476042030583
KDM2B,0.2258709341981504,0.8188976377952756,0.9819224384651066
ORAI1,0.6106357239541413,0.3700787401574803,0.8970171905992668
TMEM120B,-1.1528884167047406,0.031496062992125984,0.6826476042030583
LINC01089,-0.7406765542531171,0.2283464566929134,0.8336385014247465
SETD1B,-0.6096893551416294,0.13385826771653545,0.7606862900526696
PSMD9,-0.874155572930432,0.2125984251968504,0.8224832770104163
WDR66,-1.3928494217971972,0.07874015748031496,0.7107880171694956
BCL7A,-0.5625146864718928,0.2992125984251969,0.8629198938688523
MLXIP,0.06893352211999915,0.7401574803149606,0.9726051513462561
VPS33A,0.9135488590381766,0.12598425196850394,0.7505281352026119
CLIP1,0.29354158443710787,0.31496062992125984,0.8705799696691885
ZCCHC8,-0.3520254480188578,0.4330708661417323,0.9149090270901766
RSRC2,-0.18222519308195562,0.4330708661417323,0.9149090270901766
KNTC1,0.05468721972162793,0.905511811023622,0.9899212869522312
HCAR2,-0.20562410839384349,0.6220472440944882,0.9618483135188818
DENR,-0.21806681569021613,0.3228346456692913,0.8759501889864706
VPS37B,-0.06626719640748346,1.0,1.0
AC027290.2,-1.0631711759371618,0.3543307086614173,0.8915123476047269
MPHOSPH9,0.0012071489589891016,1.0,1.0
C12orf65,0.4303568384563885,0.8110236220472441,0.9806560380447493
CDK2AP1,-0.31228848649796115,0.5433070866141733,0.9499646623191925
SBNO1,-0.11701584021092071,0.7322834645669292,0.9726051513462561
AC137767.1,-0.6140000973220137,0.3858267716535433,0.901137518714905
KMT5A,-0.10467151326191182,0.7716535433070866,0.9760752568014447
RILPL2,-0.2702924879820987,0.5905511811023622,0.9608942225121786
SNRNP35,0.06721784267330211,0.84251968503937,0.9823595446327953
TMED2,-0.06344355883751795,0.8818897637795275,0.9879934629764293
DDX55,-0.26473201529386214,0.6850393700787402,0.9695596467319408
EIF2B1,0.15615396824588412,0.5433070866141733,0.9499646623191925
GTF2H3,0.20130596426913527,0.5590551181102362,0.9539915430764625
ATP6V0A2,0.08005344020203786,0.84251968503937,0.9823595446327953
CCDC92,-0.7179367658126448,0.2125984251968504,0.8224832770104163
ZNF664,0.12425553496715924,0.7244094488188977,0.9716680124035083
NCOR2,0.5481377601947734,0.6456692913385826,0.9653496962085154
SCARB1,0.6041853294194968,0.5826771653543307,0.9597435711535928
UBC,-0.3665046864352739,0.14960629921259844,0.7739916929935694
DHX37,0.2566566677223343,0.6692913385826772,0.967634523772178
BRI3BP,0.5506595094486126,0.3937007874015748,0.9060325603890926
AC122688.1,-1.0229421081320274,0.07086614173228346,0.7107880171694956
AACS,0.6314559227831453,0.5433070866141733,0.9499646623191925
SLC15A4,-1.222874443930288,0.05511811023622047,0.6931238793170655
AC108704.1,-1.0249781639028617,0.14960629921259844,0.7739916929935694
GLT1D1,-1.662211750769294,0.09448818897637795,0.7290975019374097
STX2,0.39389798400677734,0.4881889763779528,0.9357814954688165
RAN,0.128894639918121,0.6062992125984252,0.9608942225121786
SFSWAP,-0.25403515153129774,0.41732283464566927,0.9107246259166057
ULK1,-1.0921191788187867,0.023622047244094488,0.6826476042030583
PUS1,0.9294834127360083,0.2125984251968504,0.8224832770104163
EP400,0.006056057312301633,0.9763779527559056,0.9988002758044506
EP400NL,-1.2788198940598257,0.07086614173228346,0.7107880171694956
DDX51,0.4005896031431031,0.8031496062992126,0.9806560380447493
NOC4L,-0.05474738287760683,0.9448818897637795,0.9944898714583753
AC148476.1,-0.4899672983171395,0.5275590551181102,0.9452006713295411
FBRSL1,-0.25407477967167313,0.33858267716535434,0.8824827791252136
POLE,-0.3052064183186807,0.6850393700787402,0.9695596467319408
PGAM5,-0.7247568787267156,0.36220472440944884,0.8957091520102044
ANKLE2,-0.4187832824394242,0.2047244094488189,0.8179316528497794
GOLGA3,-0.1987553737024932,0.5669291338582677,0.954855712655332
CHFR,0.5689783749820414,0.11811023622047244,0.7364350074797351
RPS11P5,-0.7222865246675712,0.10236220472440945,0.7341951946620201
ZNF605,-0.3940254274666244,0.6771653543307087,0.9685447258281904
ZNF26,0.35758032501853254,0.5433070866141733,0.9499646623191925
ZNF84,-0.14973806674319157,0.7874015748031497,0.9775940764002741
ZNF140,0.24377456096866235,0.7637795275590551,0.9726051513462561
ZNF891,-1.1066042227576185,0.06299212598425197,0.6963124387519445
ZNF10,-0.8767940266668139,0.29133858267716534,0.8583371233084381
ZNF268,0.14464254368445095,0.8740157480314961,0.9870953241817563
SETD8P1,0.3025767385678282,0.7401574803149606,0.9726051513462561
MPHOSPH8,-0.018680582942104174,0.9448818897637795,0.9944898714583753
PSPC1,-0.5266478564098298,0.08661417322834646,0.7251724549592804
ZMYM5,0.2547561909649607,0.4881889763779528,0.9357814954688165
AL355001.2,-1.1009733355849627,0.13385826771653545,0.7606862900526696
ZMYM2,-0.5130837703385991,0.10236220472440945,0.7341951946620201
GJB2,1.1738381548927967,0.29133858267716534,0.8583371233084381
CRYL1,0.5362618802311325,0.4645669291338583,0.9271628797814478
IFT88,-1.0292708007199591,0.07874015748031496,0.7107880171694956
EEF1AKMT1,0.6924427626573697,0.33858267716535434,0.8824827791252136
XPO4,-0.4881663010570163,0.36220472440944884,0.8957091520102044
LATS2,0.8866130803688277,0.09448818897637795,0.7290975019374097
SAP18,-0.29547938113057093,0.28346456692913385,0.8574144950147485
SKA3,1.9352126296901533,0.05511811023622047,0.6931238793170655
MRPL57,0.4147389302754769,0.3228346456692913,0.8759501889864706
ZDHHC20,-0.05319884496190852,0.7716535433070866,0.9760752568014447
MICU2,-0.05770703117039666,0.7716535433070866,0.9760752568014447
RPS7P10,-0.33412617480211804,0.4645669291338583,0.9271628797814478
FTH1P7,-0.5215064192246484,0.14173228346456693,0.7686343861159114
SACS,-0.20661639585399616,0.6614173228346457,0.967634523772178
MIPEP,0.3551870044274663,0.7244094488188977,0.9716680124035083
SPATA13,-0.21246056089020282,0.6062992125984252,0.9608942225121786
IPO7P2,-0.05958274161400068,0.9763779527559056,0.9988002758044506
PARP4,-0.2998599785853351,0.3464566929133858,0.8873455246406359
CENPJ,-0.21038490848890357,0.5669291338582677,0.954855712655332
RPL34P27,-0.6306893548723291,0.05511811023622047,0.6931238793170655
PABPC3,-0.46261960495280174,0.18110236220472442,0.8073643742935083
MTMR6,-0.5022776843852084,0.031496062992125984,0.6826476042030583
NUP58,0.588051518562656,0.023622047244094488,0.6826476042030583
RNF6,-0.03244544005617911,0.9291338582677166,0.9923418376941026
CDK8,-0.3240977611021485,0.09448818897637795,0.7290975019374097
USP12,0.2960983955428311,0.25196850393700787,0.8470756930926249
RPL21,0.028276003631264146,0.9606299212598425,0.9967290768663719
RASL11A,-0.8950378554956524,0.3228346456692913,0.8759501889864706
GTF3A,-0.021753436681231086,0.889763779527559,0.9886177730539346
MTIF3,0.08277083660433426,0.8110236220472441,0.9806560380447493
LNX2,-0.8411272260134608,0.08661417322834646,0.7251724549592804
POLR1D,-0.17586406018998613,0.1968503937007874,0.8133366461918351
ATP5EP2,-0.361029124593804,0.12598425196850394,0.7505281352026119
FLT3,-0.7951924505473125,0.015748031496062992,0.6826476042030583
PAN3,-0.244370413121203,0.5354330708661418,0.9479419337985596
FLT1,2.0474131948714427,0.18110236220472442,0.8073643742935083
POMP,0.3115082432547771,0.2677165354330709,0.8534808525440345
SLC46A3,0.09522068085373459,0.6062992125984252,0.9608942225121786
SLC7A1,0.26865881058842955,0.44881889763779526,0.9212102163700125
UBL3,-0.19527101684024117,0.29133858267716534,0.8583371233084381
KATNAL1,-0.43608186499889356,0.23622047244094488,0.8382889691177539
HMGB1,0.030275786485762346,0.9133858267716536,0.9910228417757366
PTPN2P2,-0.6279731834359388,0.36220472440944884,0.8957091520102044
USPL1,0.23909718892395748,0.7952755905511811,0.978664400309132
ALOX5AP,-0.5512734945182611,0.29133858267716534,0.8583371233084381
HSPH1,-0.23896160173944914,0.3858267716535433,0.901137518714905
B3GLCT,1.1944352046586664,0.2204724409448819,0.8287127766916084
EEF1DP3,1.0818744749062716,0.18110236220472442,0.8073643742935083
FRY,-0.17961127131757149,0.6771653543307087,0.9685447258281904
BRCA2,0.26574795627915293,0.8346456692913385,0.9819224384651066
N4BP2L1,-1.0061147952856055,0.023622047244094488,0.6826476042030583
N4BP2L2,-0.44570013068877046,0.2047244094488189,0.8179316528497794
PDS5B,0.10636014412301886,0.7637795275590551,0.9726051513462561
STARD13,-0.507158233488274,0.6692913385826772,0.967634523772178
RFC3,-0.4590311381883323,0.4566929133858268,0.9233455416926752
NBEA,-0.37290978790904683,0.6062992125984252,0.9608942225121786
SPART,-0.3346129602771173,0.25984251968503935,0.8512406093679867
RFXAP,-0.3201878574310002,0.2047244094488189,0.8179316528497794
ALG5,-0.25930045508546673,0.3543307086614173,0.8915123476047269
EXOSC8,-0.15768010702686563,0.7559055118110236,0.9726051513462561
SUPT20H,-0.3281890595818133,0.5275590551181102,0.9452006713295411
POSTN,0.5013654066123856,0.7165354330708661,0.9697087411223303
UFM1,-0.06569797761089635,0.6929133858267716,0.9695596467319408
PROSER1,0.09282080160403883,0.8267716535433071,0.9819224384651066
NHLRC3,0.19423092731736258,0.5826771653543307,0.9597435711535928
LHFPL6,1.2024521316212158,0.015748031496062992,0.6826476042030583
COG6,0.6713297157507698,0.047244094488188976,0.6826476042030583
FOXO1,0.2919990383902782,0.6614173228346457,0.967634523772178
MRPS31,-0.06419533351779894,0.8503937007874016,0.9835944261634448
SLC25A15,-0.9650238453292603,0.09448818897637795,0.7290975019374097
ELF1,0.0661066416493572,0.7637795275590551,0.9726051513462561
WBP4,-0.29970764785176307,0.5275590551181102,0.9452006713295411
CALM2P3,0.7946949374728036,0.2047244094488189,0.8179316528497794
KBTBD7,-0.8541332254950404,0.12598425196850394,0.7505281352026119
MTRF1,0.03947850891736282,0.968503937007874,0.9977263771544332
NAA16,-0.16508393170323643,0.5118110236220472,0.9438814884599421
RGCC,1.161156761935862,0.03937007874015748,0.6826476042030583
VWA8,1.3875125151166015,0.07086614173228346,0.7107880171694956
DGKH,1.180003664530587,0.2204724409448819,0.8287127766916084
AKAP11,0.1329922858398307,0.5669291338582677,0.954855712655332
EPSTI1,-0.03775046375719171,0.9606299212598425,0.9967290768663719
DNAJC15,0.22343928872817198,0.29133858267716534,0.8583371233084381
ENOX1,-0.40196654798474696,0.5118110236220472,0.9438814884599421
CCDC122,1.1896841419455944,0.13385826771653545,0.7606862900526696
LACC1,0.685167645664313,0.2755905511811024,0.853725753792971
TSC22D1,0.06158297166014304,0.9606299212598425,0.9967290768663719
SMARCE1P5,-0.24206769000614403,0.7322834645669292,0.9726051513462561
NUFIP1,-0.40607965046604777,0.23622047244094488,0.8382889691177539
GPALPP1,0.036504489434112664,0.9212598425196851,0.9916034965968238
GTF2F2,-0.051777609443969475,0.8740157480314961,0.9870953241817563
TPT1,-0.13404046920970814,0.28346456692913385,0.8574144950147485
TPT1-AS1,-0.5228947132611452,0.5905511811023622,0.9608942225121786
RCN1P2,1.1047221061504948,0.08661417322834646,0.7251724549592804
SLC25A30,-0.0588838714136819,0.8976377952755905,0.9899212869522312
COG3,-0.7363149322934994,0.11023622047244094,0.7341951946620201
ZC3H13,-0.29278023658570973,0.4645669291338583,0.9271628797814478
LCP1,0.1433686167706263,0.4566929133858268,0.9233455416926752
RUBCNL,-0.08004769281700064,0.8267716535433071,0.9819224384651066
COX17P1,0.4947329184893654,0.8031496062992126,0.9806560380447493
LRCH1,0.5553877586641596,0.1889763779527559,0.8133366461918351
ESD,0.04294652171649105,0.8346456692913385,0.9819224384651066
NAP1L4P3,-0.936300938242395,0.031496062992125984,0.6826476042030583
SUCLA2,1.5853575364506467,0.031496062992125984,0.6826476042030583
NUDT15,0.10291403178339698,0.7322834645669292,0.9726051513462561
MED4,-0.05488962143799547,0.905511811023622,0.9899212869522312
ITM2B,0.304704692846272,0.3228346456692913,0.8759501889864706
RB1,0.6384803451038614,0.05511811023622047,0.6931238793170655
LPAR6,0.6327383422169746,0.10236220472440945,0.7341951946620201
RCBTB2,0.4459216242918256,0.33858267716535434,0.8824827791252136
CYSLTR2,0.5473955756973767,0.15748031496062992,0.7813115157480315
PSME2P2,0.5824321231420155,0.7952755905511811,0.978664400309132
AL161421.1,0.7538339544805508,0.3228346456692913,0.8759501889864706
FNDC3A,-0.41217385262688566,0.05511811023622047,0.6931238793170655
COX7CP1,0.3895176174272308,0.5196850393700787,0.9452006713295411
CDADC1,0.6481348561166973,0.29133858267716534,0.8583371233084381
CAB39L,-0.17326773195122924,0.8110236220472441,0.9806560380447493
SETDB2,0.02413566118469479,0.9606299212598425,0.9967290768663719
PHF11,0.027257778258324983,0.9606299212598425,0.9967290768663719
RCBTB1,0.6319641321976928,0.2204724409448819,0.8287127766916084
ARL11,-0.07155384053732217,0.84251968503937,0.9823595446327953
EBPL,-0.021283353630932922,0.9291338582677166,0.9923418376941026
KPNA3,0.7124094369695664,0.015748031496062992,0.6826476042030583
SPRYD7,1.1615104178784255,0.1968503937007874,0.8133366461918351
DLEU2,-0.38766776121628554,0.6220472440944882,0.9618483135188818
TRIM13,0.11050966328456724,0.8188976377952756,0.9819224384651066
DLEU1,-0.4378550601840111,0.4645669291338583,0.9271628797814478
ST13P4,0.5470926625103552,0.33858267716535434,0.8824827791252136
RPL34P26,-0.6226102879372375,0.13385826771653545,0.7606862900526696
DLEU7,0.3841702283181787,0.5669291338582677,0.954855712655332
RNASEH2B,-0.0825786810900766,0.84251968503937,0.9823595446327953
INTS6,-0.28766214381727195,0.2755905511811024,0.853725753792971
RPS4XP16,-0.8523139349968614,0.2755905511811024,0.853725753792971
WDFY2,-0.3023853772623921,0.2755905511811024,0.853725753792971
DHRS12,0.6267833151282818,0.5039370078740157,0.939868419531259
AL162377.1,-0.8688385138232071,0.2677165354330709,0.8534808525440345
ALG11,-0.804537127612037,0.28346456692913385,0.8574144950147485
UTP14C,-0.04371593070689617,0.8976377952755905,0.9899212869522312
NEK3,0.026259981720149206,0.984251968503937,0.9988002758044506
VPS36,-0.18033277202002562,0.3937007874015748,0.9060325603890926
CKAP2,-0.5340093007540974,0.2283464566929134,0.8336385014247465
HNRNPA1L2,-0.41553753218770395,0.6377952755905512,0.962871484045595
SUGT1,-0.0048754661221686035,0.9921259842519685,1.0
RPL13AP25,-0.5364951079653242,0.2440944881889764,0.8410862980163292
DIAPH3,1.501202322766122,0.023622047244094488,0.6826476042030583
TDRD3,-0.5014371509879689,0.16535433070866143,0.7925152280493241
HNRNPA3P5,-0.7075831531811367,0.11023622047244094,0.7341951946620201
PCDH9,-1.6243654954612146,0.07874015748031496,0.7107880171694956
ZDHHC20P4,-0.30324766516021207,0.7007874015748031,0.9697087411223303
DACH1,-1.8738072515140956,0.06299212598425197,0.6963124387519445
H3F3BP1,0.5064808944598858,0.3779527559055118,0.90080276839105
MZT1,-0.15174395272068075,0.7086614173228346,0.9697087411223303
BORA,-0.6668153245746484,0.14960629921259844,0.7739916929935694
DIS3,0.16904166128404352,0.7716535433070866,0.9760752568014447
PIBF1,-0.19826462350298701,0.7480314960629921,0.9726051513462561
KLF5,0.5432632637047283,0.5275590551181102,0.9452006713295411
FABP5P1,1.1456421178409681,0.11811023622047244,0.7364350074797351
KLF12,0.01714555835846099,0.9606299212598425,0.9967290768663719
TBC1D4,-0.7024955218074966,0.11023622047244094,0.7341951946620201
COMMD6,-0.3689095416180077,0.1968503937007874,0.8133366461918351
UCHL3,0.8118691568354759,0.11811023622047244,0.7364350074797351
LMO7,1.5642489305538252,0.031496062992125984,0.6826476042030583
KCTD12,0.3074746038130822,0.4094488188976378,0.9090035743434535
ACOD1,-0.9243127145156835,0.4645669291338583,0.9271628797814478
DHX9P1,-1.0784101949517146,0.11811023622047244,0.7364350074797351
CLN5,0.14797472438559112,0.6614173228346457,0.967634523772178
FBXL3,-0.2071334251362016,0.6929133858267716,0.9695596467319408
MYCBP2,-0.08603155616787816,0.6220472440944882,0.9618483135188818
SLAIN1,-0.1293864999285934,0.889763779527559,0.9886177730539346
EDNRB,1.0055012564989634,0.3700787401574803,0.8970171905992668
POU4F1,-1.2893180010928726,0.11023622047244094,0.7341951946620201
RNF219,-0.23795239474854402,0.8267716535433071,0.9819224384651066
RBM26,-0.40030255208861654,0.11811023622047244,0.7364350074797351
NDFIP2,-0.07436993602153374,0.968503937007874,0.9977263771544332
SPRY2,-0.7076590257890905,0.2755905511811024,0.853725753792971
PTMAP5,-0.5751903927023481,0.1732283464566929,0.8038630721031994
SLITRK5,-2.9178156280098135,0.015748031496062992,0.6826476042030583
TGDS,0.1618800337500632,0.8740157480314961,0.9870953241817563
GPR180,0.4487336708426355,0.28346456692913385,0.8574144950147485
BRD7P5,-0.8789576646639077,0.14173228346456693,0.7686343861159114
ABCC4,1.0124726704982239,0.23622047244094488,0.8382889691177539
DNAJC3-AS1,-0.5327151558167253,0.7165354330708661,0.9697087411223303
DNAJC3,0.2334487624913244,0.3228346456692913,0.8759501889864706
UGGT2,0.9479078035545689,0.05511811023622047,0.6931238793170655
MBNL2,0.13048600688211298,0.7086614173228346,0.9697087411223303
RAP2A,0.7012517916338004,0.06299212598425197,0.6963124387519445
IPO5,0.4365042797559857,0.3858267716535433,0.901137518714905
STK24,0.6155138939687856,0.6299212598425197,0.962871484045595
CALM2P4,-1.0207953386942004,0.07874015748031496,0.7107880171694956
UBAC2,0.013339886384439836,0.984251968503937,0.9988002758044506
GPR18,-0.40205266220829694,0.4881889763779528,0.9357814954688165
GPR183,0.149877774016689,0.6377952755905512,0.962871484045595
LINC01232,1.104951196215615,0.08661417322834646,0.7251724549592804
TM9SF2,-0.2797891811110498,0.3858267716535433,0.901137518714905
CLYBL,-0.03622522535112083,0.937007874015748,0.9941472732331481
AL355338.1,0.5452233510942555,0.3937007874015748,0.9060325603890926
PCCA,1.1467163338885356,0.10236220472440945,0.7341951946620201
GGACT,-0.5700890257093918,0.6141732283464567,0.9618483135188818
RPS26P47,-0.7330203201519643,0.5196850393700787,0.9452006713295411
TMTC4,-0.7992333528887916,0.10236220472440945,0.7341951946620201
TPP2,0.4764581703818367,0.12598425196850394,0.7505281352026119
TEX30,-0.7568501043021127,0.33070866141732286,0.8811266433105555
KDELC1,1.1680898142988694,0.11811023622047244,0.7364350074797351
BIVM,0.7678823849957293,0.3543307086614173,0.8915123476047269
ERCC5,0.14242607560180254,0.889763779527559,0.9886177730539346
EFNB2,-0.9010720324418726,0.14173228346456693,0.7686343861159114
ARGLU1,-0.45270932792395513,0.11023622047244094,0.7341951946620201
LIG4,0.8952993698859748,0.2283464566929134,0.8336385014247465
ABHD13,-0.0757425593547083,0.8661417322834646,0.9853875082167936
TNFSF13B,-0.24721149169633616,0.49606299212598426,0.9378529417969822
IRS2,-0.13281109251662127,0.8267716535433071,0.9819224384651066
COL4A1,2.472888611392383,0.06299212598425197,0.6963124387519445
COL4A2,2.926817469497832,0.03937007874015748,0.6826476042030583
RAB20,0.7362608668522315,0.36220472440944884,0.8957091520102044
NAXD,0.2790572528842792,0.47244094488188976,0.9331994464922055
CARS2,-0.7834993697331787,0.2047244094488189,0.8179316528497794
ING1,-1.3320914762056058,0.015748031496062992,0.6826476042030583
ANKRD10,-0.10471841447117214,0.7244094488188977,0.9716680124035083
ANKRD10-IT1,-0.5616868776377029,0.15748031496062992,0.7813115157480315
AL442128.2,-0.48092259067297616,0.4330708661417323,0.9149090270901766
PARP1P1,-0.9512788490784749,0.06299212598425197,0.6963124387519445
ARHGEF7,-0.37000181043018543,0.08661417322834646,0.7251724549592804
TUBGCP3,-0.2727371832244909,0.3937007874015748,0.9060325603890926
AL139384.1,-0.16846890729437014,0.7401574803149606,0.9726051513462561
ATP11A,0.21175793240426533,0.5433070866141733,0.9499646623191925
PCID2,-0.09446923811597996,0.7401574803149606,0.9726051513462561
CUL4A,-0.1843587309848358,0.5984251968503937,0.9608942225121786
LAMP1,0.42109428359152634,0.07874015748031496,0.7107880171694956
DCUN1D2,-1.5307076730041147,0.031496062992125984,0.6826476042030583
TMCO3,0.02310203350988882,0.905511811023622,0.9899212869522312
TFDP1,-0.1647857029085058,0.5433070866141733,0.9499646623191925
TMEM255B,1.4062323675352721,0.12598425196850394,0.7505281352026119
GAS6-AS1,1.2930955707072718,0.14173228346456693,0.7686343861159114
GAS6,1.1981633592478511,0.48031496062992124,0.9342236316938177
RASA3,0.4130837129863645,0.2204724409448819,0.8287127766916084
CDC16,-0.2028491877031069,0.6692913385826772,0.967634523772178
UPF3A,0.17347529911151316,0.7007874015748031,0.9697087411223303
CHAMP1,-0.5516701693611221,0.18110236220472442,0.8073643742935083
TTC5,0.5109432265563996,0.7007874015748031,0.9697087411223303
CCNB1IP1,-0.6976628326264498,0.10236220472440945,0.7341951946620201
PARP2,1.3120922058688138,0.13385826771653545,0.7606862900526696
TEP1,0.5006361105106549,0.14960629921259844,0.7739916929935694
KLHL33,-1.152006873354273,0.05511811023622047,0.6931238793170655
OSGEP,-0.3513193411716893,0.5984251968503937,0.9608942225121786
APEX1,-0.19561217753165927,0.30708661417322836,0.868085262990023
PIP4P1,-0.19345799443112988,0.5039370078740157,0.939868419531259
PNP,-0.09800389581927504,0.7795275590551181,0.9769863358554425
ANG,0.5572109160632821,0.48031496062992124,0.9342236316938177
RNASE6,-0.2667033087232422,0.1968503937007874,0.8133366461918351
AL133371.2,0.53724862692231,0.5354330708661418,0.9479419337985596
RNASE1,0.7057509894373091,0.5433070866141733,0.9499646623191925
AL355922.1,0.8080968438838703,0.4330708661417323,0.9149090270901766
RNASE2,-1.1260654446233138,0.07086614173228346,0.7107880171694956
METTL17,0.37654354511820864,0.7007874015748031,0.9697087411223303
NDRG2,1.2747980445880716,0.11023622047244094,0.7341951946620201
ARHGEF40,0.15355211848110972,0.7401574803149606,0.9726051513462561
SMARCE1P3,0.25688912704753664,0.7952755905511811,0.978664400309132
LINC00641,-1.6609047726363615,0.047244094488188976,0.6826476042030583
HNRNPC,-0.057373360346328894,0.47244094488188976,0.9331994464922055
RPGRIP1,0.4199033215614447,0.5826771653543307,0.9597435711535928
SUPT16H,0.20039402034747145,0.48031496062992124,0.9342236316938177
CHD8,-0.0177858091743186,0.9133858267716536,0.9910228417757366
RAB2B,-0.17341194457335707,0.6299212598425197,0.962871484045595
TOX4,-0.5521067729042155,0.015748031496062992,0.6826476042030583
METTL3,0.3288183794207957,0.5354330708661418,0.9479419337985596
TRAC,-0.546325418537768,0.3779527559055118,0.90080276839105
DAD1,0.24194679783146888,0.5590551181102362,0.9539915430764625
ABHD4,0.4833191907451533,0.25984251968503935,0.8512406093679867
OXA1L,-0.04509966538148369,0.7559055118110236,0.9726051513462561
SLC7A7,-0.0037504362812388337,0.9921259842519685,1.0
MRPL52,0.4564301595107185,0.28346456692913385,0.8574144950147485
MMP14,1.283866116207565,0.33070866141732286,0.8811266433105555
LRP10,0.10774402287583928,0.7086614173228346,0.9697087411223303
RBM23,-0.14406386809115013,0.4566929133858268,0.9233455416926752
HAUS4,-0.13000778617616282,0.7716535433070866,0.9760752568014447
C14orf93,-0.21648485200569811,0.968503937007874,0.9977263771544332
PSMB5,0.9140497106473138,0.11023622047244094,0.7341951946620201
ACIN1,-0.15013989793225235,0.5196850393700787,0.9452006713295411
C14orf119,0.26289796674214916,0.4881889763779528,0.9357814954688165
SLC7A8,1.5180814529903572,0.16535433070866143,0.7925152280493241
HOMEZ,-0.3578368588812846,0.4881889763779528,0.9357814954688165
PPP1R3E,-0.40752917590863813,0.47244094488188976,0.9331994464922055
BCL2L2,0.7275875089430088,0.13385826771653545,0.7606862900526696
PABPN1,0.0044689935947914705,0.9606299212598425,0.9967290768663719
NGDN,0.2655800653004352,0.5669291338582677,0.954855712655332
ZFHX2-AS1,0.01672036165285995,0.9763779527559056,0.9988002758044506
AP1G2,0.2108232193315258,0.7165354330708661,0.9697087411223303
JPH4,-0.3453404523333028,0.7165354330708661,0.9697087411223303
DHRS4-AS1,0.03950044441210521,0.9212598425196851,0.9916034965968238
DHRS4,1.0686730353415936,0.15748031496062992,0.7813115157480315
DHRS4L2,1.2910522442715324,0.023622047244094488,0.6826476042030583
PCK2,0.5522174460598865,0.3858267716535433,0.901137518714905
DCAF11,-0.4410452607647093,0.2755905511811024,0.853725753792971
PSME1,-0.5257549412587919,0.05511811023622047,0.6931238793170655
EMC9,0.9852744444071129,0.015748031496062992,0.6826476042030583
PSME2,-0.3580472723136001,0.4881889763779528,0.9357814954688165
IRF9,-0.044261713961864624,0.952755905511811,0.9944898714583753
REC8,1.3066517483488462,0.31496062992125984,0.8705799696691885
TM9SF1,0.7828508607096327,0.2283464566929134,0.8336385014247465
AL136295.7,-0.2611493091788457,0.7637795275590551,0.9726051513462561
NEDD8,-0.17136043420664038,0.14960629921259844,0.7739916929935694
GMPR2,-0.14388603306367198,0.6377952755905512,0.962871484045595
TINF2,-0.5861136762317525,0.047244094488188976,0.6826476042030583
RABGGTA,-0.8496292870680997,0.5275590551181102,0.9452006713295411
DHRS1,-0.40121307057025835,0.2047244094488189,0.8179316528497794
NOP9,1.1649365491921673,0.16535433070866143,0.7925152280493241
LTB4R,-0.226774597371441,0.7322834645669292,0.9726051513462561
ADCY4,1.0980280322115212,0.2125984251968504,0.8224832770104163
RIPK3,1.3128834365005815,0.10236220472440945,0.7341951946620201
NYNRIN,1.5244007699730502,0.07874015748031496,0.7107880171694956
CBLN3,1.6437847902090592,0.047244094488188976,0.6826476042030583
KHNYN,0.1872909029873875,0.6535433070866141,0.966090961744307
CTSG,-1.2722866215231599,0.7401574803149606,0.9726051513462561
GZMH,-0.2479717795198415,0.84251968503937,0.9823595446327953
GZMB,-1.4729311992918532,0.03937007874015748,0.6826476042030583
BNIP3P1,-0.8748054748339734,0.25196850393700787,0.8470756930926249
G2E3,0.4595879555355529,0.31496062992125984,0.8705799696691885
SCFD1,-0.3932629808896513,0.2047244094488189,0.8179316528497794
AL049830.1,-0.3831316222972241,0.5826771653543307,0.9597435711535928
STRN3,-0.07001555608561283,0.7007874015748031,0.9697087411223303
AP4S1,0.884565047109021,0.1889763779527559,0.8133366461918351
HECTD1,-0.6267349033575531,0.023622047244094488,0.6826476042030583
HEATR5A,1.8784766844522767,0.023622047244094488,0.6826476042030583
AL139353.3,-1.1121194794946843,0.2047244094488189,0.8179316528497794
DTD2,0.754901837238386,0.11811023622047244,0.7364350074797351
NUBPL,0.8367338471384622,0.49606299212598426,0.9378529417969822
ARHGAP5,-0.14542796517494327,0.5433070866141733,0.9499646623191925
AL136298.3,-0.44912955548441436,0.47244094488188976,0.9331994464922055
AKAP6,-0.9248366014733871,0.2047244094488189,0.8179316528497794
EGLN3,-1.1827449667584258,0.05511811023622047,0.6931238793170655
SPTSSA,-0.43773956859543883,0.30708661417322836,0.868085262990023
EAPP,0.0015281352638991663,0.984251968503937,0.9988002758044506
SNX6,0.23825915230127936,0.4330708661417323,0.9149090270901766
RPS19P3,-0.31392848694048237,0.5433070866141733,0.9499646623191925
CFL2,0.39451697458405777,0.5984251968503937,0.9608942225121786
RPL12P6,0.09661622764756972,0.9448818897637795,0.9944898714583753
BAZ1A,-0.3884321494154275,0.13385826771653545,0.7606862900526696
AL121603.2,-0.35506095998262843,0.4094488188976378,0.9090035743434535
SRP54,-0.10224416914345102,0.6299212598425197,0.962871484045595
FAM177A1,-0.34701032029351087,0.1889763779527559,0.8133366461918351
PPP2R3C,0.16813381456352428,0.48031496062992124,0.9342236316938177
KIAA0391,1.1204162306251313,0.031496062992125984,0.6826476042030583
PSMA6,0.18810207355037,0.7007874015748031,0.9697087411223303
AL133163.2,-1.0202306262259633,0.2440944881889764,0.8410862980163292
NFKBIA,0.015446275243530039,0.9448818897637795,0.9944898714583753
RALGAPA1,-0.22530607823855675,0.5433070866141733,0.9499646623191925
BRMS1L,-0.1993095449940281,0.7007874015748031,0.9697087411223303
MBIP,-0.05431114179259122,0.905511811023622,0.9899212869522312
FOXA1,-0.6644818713789724,0.4881889763779528,0.9357814954688165
SEC23A,-0.2238728422787286,0.6535433070866141,0.966090961744307
GEMIN2,-0.15680769917737036,0.8582677165354331,0.9837431881343323
TRAPPC6B,-0.10717641559676849,0.7244094488188977,0.9716680124035083
PNN,-0.19865476113264702,0.5511811023622047,0.9514203834061379
CTAGE5,0.09232067901400143,0.4330708661417323,0.9149090270901766
FBXO33,-0.5728828701948361,0.05511811023622047,0.6931238793170655
HNRNPUP1,-0.23726143810164935,0.4881889763779528,0.9357814954688165
AL109766.1,-0.01849745007585435,0.9763779527559056,0.9988002758044506
C14orf28,0.2961953792992158,0.8110236220472441,0.9806560380447493
KLHL28,0.21442027411216724,0.6535433070866141,0.966090961744307
TOGARAM1,0.318644135475195,0.6377952755905512,0.962871484045595
PRPF39,-0.33487726862607126,0.5511811023622047,0.9514203834061379
FKBP3,-0.23317146620030016,0.44881889763779526,0.9212102163700125
FANCM,-0.8108286084341967,0.03937007874015748,0.6826476042030583
MIS18BP1,-0.16877734316208315,0.5669291338582677,0.954855712655332
DNAJC19P9,0.012544556965801146,0.9291338582677166,0.9923418376941026
RPS29,-0.2018305320141085,0.6692913385826772,0.967634523772178
LRR1,-0.7135602481458223,0.4566929133858268,0.9233455416926752
RHOQP1,-0.6796700739773736,0.4251968503937008,0.9130051051310895
RPL36AL,-0.07798257614008897,0.7244094488188977,0.9716680124035083
DNAAF2,-0.47116614144967883,0.48031496062992124,0.9342236316938177
POLE2,0.7894291184853466,0.25196850393700787,0.8470756930926249
KLHDC1,-0.7027689092712524,0.3858267716535433,0.901137518714905
KLHDC2,0.9216598733268886,0.3464566929133858,0.8873455246406359
NEMF,0.08732115123486572,0.8661417322834646,0.9853875082167936
ARF6,-0.034181350882469985,0.7322834645669292,0.9726051513462561
LINC01588,0.4982151146745948,0.2677165354330709,0.8534808525440345
VCPKMT,-0.35246839277213127,0.5275590551181102,0.9452006713295411
SOS2,0.205917148365093,0.49606299212598426,0.9378529417969822
L2HGDH,0.6734848388619601,0.25196850393700787,0.8470756930926249
ATP5S,0.17983340323354113,0.6771653543307087,0.9685447258281904
MAP4K5,0.015241233210193883,0.968503937007874,0.9977263771544332
ATL1,0.9765946176480471,0.11023622047244094,0.7341951946620201
SAV1,-0.08435375738215267,0.8188976377952756,0.9819224384651066
AL606834.2,0.09524867817986382,0.9291338582677166,0.9923418376941026
NIN,-0.4244505878840954,0.1968503937007874,0.8133366461918351
AL606834.3,0.0625972078303425,0.9448818897637795,0.9944898714583753
PYGL,0.16749236109760712,0.7086614173228346,0.9697087411223303
TMX1,0.12115309608508706,0.6692913385826772,0.967634523772178
GNG2,-0.31041978999062536,0.6850393700787402,0.9695596467319408
RTRAF,-0.2590680023290508,0.2755905511811024,0.853725753792971
COX5AP2,-0.892693923325804,0.15748031496062992,0.7813115157480315
PTGER2,0.4801526195744952,0.5433070866141733,0.9499646623191925
TXNDC16,1.093578348218192,0.03937007874015748,0.6826476042030583
ERO1A,0.28834793865854547,0.3700787401574803,0.8970171905992668
PSMC6,0.26728403264989886,0.5905511811023622,0.9608942225121786
STYX,0.28411216584526855,0.29133858267716534,0.8583371233084381
GNPNAT1,1.893221030241388,0.023622047244094488,0.6826476042030583
DDHD1,0.32765382373777996,0.47244094488188976,0.9331994464922055
ATP5C1P1,-0.24573040782429656,0.7637795275590551,0.9726051513462561
CDKN3,0.9419431584212798,0.2440944881889764,0.8410862980163292
CNIH1,-0.39369972106559015,0.3543307086614173,0.8915123476047269
GMFB,0.27909980401740064,0.4566929133858268,0.9233455416926752
CGRRF1,1.2643060399200265,0.12598425196850394,0.7505281352026119
SAMD4A,-0.21470025421172068,0.8503937007874016,0.9835944261634448
GCH1,-1.144739668547503,0.06299212598425197,0.6963124387519445
WDHD1,0.5923064845001926,0.5354330708661418,0.9479419337985596
SOCS4,0.12772934797576774,0.5905511811023622,0.9608942225121786
MAPK1IP1L,-0.0962488802510233,0.6377952755905512,0.962871484045595
LGALS3,1.1055519258650826,0.031496062992125984,0.6826476042030583
DLGAP5,0.4954103526359859,0.7401574803149606,0.9726051513462561
AL158801.5,0.5795024022703337,0.2204724409448819,0.8287127766916084
AL158801.4,-0.5344132150269596,0.41732283464566927,0.9107246259166057
FBXO34,-0.4206458662205552,0.30708661417322836,0.868085262990023
CHMP4BP1,0.44204211912945435,0.3858267716535433,0.901137518714905
ATG14,-0.10125530095342228,0.7716535433070866,0.9760752568014447
KTN1,0.06584949899015058,0.7874015748031497,0.9775940764002741
PELI2,-0.8482144396766049,0.11023622047244094,0.7341951946620201
TMEM260,0.48123714159833275,0.8503937007874016,0.9835944261634448
EXOC5,0.2895344956289829,0.28346456692913385,0.8574144950147485
AP5M1,0.594425061273796,0.6062992125984252,0.9608942225121786
NAA30,-0.9748679948311141,0.07086614173228346,0.7107880171694956
ACTR10,0.2365972379144603,0.5748031496062992,0.9559479904608623
PSMA3,-0.16598629445312518,0.7007874015748031,0.9697087411223303
AL132989.1,-0.818694959306089,0.29133858267716534,0.8583371233084381
PSMA3-AS1,-0.26269266700622307,0.2283464566929134,0.8336385014247465
ARID4A,-0.2756856773149341,0.41732283464566927,0.9107246259166057
TIMM9,0.35540313375217414,0.5984251968503937,0.9608942225121786
KIAA0586,0.4256486713560852,0.3700787401574803,0.8970171905992668
HNRNPCP1,-0.5912700573403753,0.4015748031496063,0.9086765677539906
DACT1,-1.2851145668146624,0.2283464566929134,0.8336385014247465
AL049873.1,-0.5422326675415006,0.14173228346456693,0.7686343861159114
DAAM1,-0.9287474041831194,0.07086614173228346,0.7107880171694956
L3HYPDH,-0.2735735854533603,0.6535433070866141,0.966090961744307
JKAMP,-0.06671968107967441,0.8976377952755905,0.9899212869522312
RTN1,0.46399129442954656,0.11811023622047244,0.7364350074797351
PCNX4,0.03593736417820814,0.9291338582677166,0.9923418376941026
DHRS7,-0.5671093763104817,0.03937007874015748,0.6826476042030583
PPM1A,-0.29097650176191525,0.31496062992125984,0.8705799696691885
RBM8B,-0.3111977713609111,0.47244094488188976,0.9331994464922055
MNAT1,-0.8211123219214755,0.11811023622047244,0.7364350074797351
TRMT5,0.894544728046313,0.3464566929133858,0.8873455246406359
SLC38A6,0.8564043317885659,0.3228346456692913,0.8759501889864706
PRKCH,0.8898948366735104,0.11811023622047244,0.7364350074797351
AL355916.1,1.1623804500639483,0.07086614173228346,0.7107880171694956
HIF1A,0.4750070653666105,0.2677165354330709,0.8534808525440345
HIF1A-AS2,-0.9960322687620972,0.14960629921259844,0.7739916929935694
SNAPC1,-0.31996279203889966,0.2047244094488189,0.8179316528497794
PPP2R5E,-0.11703341648397725,0.6220472440944882,0.9618483135188818
WDR89,0.8606838446381122,0.47244094488188976,0.9331994464922055
HSPE1P2,0.029826199617971838,0.952755905511811,0.9944898714583753
SGPP1,0.7567044742399878,0.18110236220472442,0.8073643742935083
SYNE2,-0.4924417407877466,0.06299212598425197,0.6963124387519445
MTHFD1,0.6368306546292741,0.07874015748031496,0.7107880171694956
ZBTB25,0.8678000216053459,0.11023622047244094,0.7341951946620201
ZBTB1,-0.8593336953514674,0.023622047244094488,0.6826476042030583
HSPA2,-0.7756547906647389,0.2204724409448819,0.8287127766916084
PLEKHG3,0.521196035893301,0.11023622047244094,0.7341951946620201
CHURC1,0.545317164988079,0.3937007874015748,0.9060325603890926
RAB15,0.09095947242248359,0.8267716535433071,0.9819224384651066
FNTB,0.9879150673965085,0.1968503937007874,0.8133366461918351
MAX,-0.11534358246856602,0.5511811023622047,0.9514203834061379
FUT8,0.5912889186278423,0.2204724409448819,0.8287127766916084
YBX1P1,0.2282263485619218,0.4566929133858268,0.9233455416926752
GPHN,-1.1317065547793639,0.11811023622047244,0.7364350074797351
MPP5,-0.1432903124088729,0.7401574803149606,0.9726051513462561
ATP6V1D,0.21194985144933476,0.5275590551181102,0.9452006713295411
EIF2S1,0.5159748455136262,0.3779527559055118,0.90080276839105
PLEK2,2.723153627970696,0.015748031496062992,0.6826476042030583
TMEM229B,0.6998649585838053,0.33858267716535434,0.8824827791252136
PIGH,0.4074287381135302,0.33070866141732286,0.8811266433105555
VTI1B,0.246096741914144,0.5905511811023622,0.9608942225121786
RDH11,0.31049548675995897,0.5826771653543307,0.9597435711535928
ZFYVE26,0.39446927101420126,0.3858267716535433,0.901137518714905
RAD51B,-0.257249184196076,0.7637795275590551,0.9726051513462561
ZFP36L1,0.7372026223440447,0.12598425196850394,0.7505281352026119
ACTN1,0.7421116985933303,0.11023622047244094,0.7341951946620201
DCAF5,-0.47281659142112353,0.015748031496062992,0.6826476042030583
EXD2,-0.029197509658935417,0.9291338582677166,0.9923418376941026
ERH,-0.11680316527553813,0.6771653543307087,0.9685447258281904
SLC39A9,0.14086674206721872,0.7401574803149606,0.9726051513462561
PLEKHD1,-1.1274039186369145,0.4015748031496063,0.9086765677539906
SUSD6,0.17755637359986753,0.3543307086614173,0.8915123476047269
SRSF5,-0.43494766901646464,0.05511811023622047,0.6931238793170655
SMOC1,-1.3503381015894358,0.023622047244094488,0.6826476042030583
RPL7AP6,-0.5713240235821972,0.13385826771653545,0.7606862900526696
COX16,1.4889018272473442,0.06299212598425197,0.6963124387519445
SYNJ2BP,0.3286027912548244,0.4015748031496063,0.9086765677539906
MED6,-0.22369180239847175,0.5039370078740157,0.939868419531259
PCNX1,0.1337317608942854,0.7480314960629921,0.9726051513462561
AC004817.3,1.989601047129847,0.03937007874015748,0.6826476042030583
SIPA1L1,0.6388513705944785,0.13385826771653545,0.7606862900526696
DCAF4,0.8766563849065334,0.11811023622047244,0.7364350074797351
ZFYVE1,0.1353652373905585,0.8976377952755905,0.9899212869522312
RBM25,-0.4295017837744144,0.2047244094488189,0.8179316528497794
PSEN1,-0.032449412928322374,0.905511811023622,0.9899212869522312
PAPLN,0.1381069527153933,0.7244094488188977,0.9716680124035083
AC004846.1,-0.9387569186968019,0.1732283464566929,0.8038630721031994
NUMB,-0.03165098269798605,0.889763779527559,0.9886177730539346
RIOX1,0.03142686584474963,0.968503937007874,0.9977263771544332
ACOT2,0.2435840236284359,0.6535433070866141,0.966090961744307
DNAL1,-1.5556005721653092,0.023622047244094488,0.6826476042030583
PNMA1,1.3024429843587426,0.14173228346456693,0.7686343861159114
ELMSAN1,-0.6825502891601003,0.047244094488188976,0.6826476042030583
PTGR2,0.2502509491218474,0.7874015748031497,0.9775940764002741
COQ6,-0.059231601062317285,0.9763779527559056,0.9988002758044506
ENTPD5,0.11659569872675046,0.7952755905511811,0.978664400309132
BBOF1,0.05518901942282506,0.937007874015748,0.9941472732331481
ALDH6A1,0.6996353733682987,0.1889763779527559,0.8133366461918351
LIN52,0.7226230421111999,0.1732283464566929,0.8038630721031994
ABCD4,0.0778310918674876,0.9133858267716536,0.9910228417757366
AC005479.3,0.12165076100307748,1.0,1.0
NPC2,0.34539909068060304,0.2125984251968504,0.8224832770104163
RAP1AP,-0.03771129829477271,1.0,1.0
ISCA2,-0.014197564339863966,0.9921259842519685,1.0
LTBP2,1.8381682579683511,0.09448818897637795,0.7290975019374097
AREL1,1.1047390843308618,0.30708661417322836,0.868085262990023
FCF1,0.17031676804066098,0.5511811023622047,0.9514203834061379
YLPM1,-0.0032444978249950296,0.984251968503937,0.9988002758044506
DLST,-0.9861953900902973,0.4330708661417323,0.9149090270901766
RPS6KL1,-0.9458644645190518,0.31496062992125984,0.8705799696691885
EIF2B2,-0.8046875731902259,0.2440944881889764,0.8410862980163292
MLH3,-0.28965311966540064,0.11811023622047244,0.7364350074797351
ACYP1,0.37876615810167946,0.6771653543307087,0.9685447258281904
NEK9,0.14268151148686758,0.7007874015748031,0.9697087411223303
TMED10,-0.004041136855182259,0.9763779527559056,0.9988002758044506
FOS,-0.2412278115476223,0.7244094488188977,0.9716680124035083
LINC01220,-0.40454699830510066,0.6377952755905512,0.962871484045595
AF111167.2,0.6156865667625824,0.36220472440944884,0.8957091520102044
JDP2,-0.32514915291053725,0.8346456692913385,0.9819224384651066
BATF,0.23391275903998876,0.7480314960629921,0.9726051513462561
FLVCR2,0.5558511456190978,0.4881889763779528,0.9357814954688165
AC007182.2,-0.4974361588853897,0.047244094488188976,0.6826476042030583
TTLL5,-0.040249435336960904,0.9133858267716536,0.9910228417757366
ERG28,0.17236042031779952,0.6377952755905512,0.962871484045595
IFT43,-0.9937569030752438,0.14173228346456693,0.7686343861159114
GPATCH2L,-0.03597088693306105,0.9448818897637795,0.9944898714583753
VASH1,1.4015606658592814,0.10236220472440945,0.7341951946620201
ANGEL1,0.2181594028420113,0.4409448818897638,0.9193107263430548
AF111169.1,-0.30066495126971926,0.31496062992125984,0.8705799696691885
IRF2BPL,-0.6538430619490905,0.16535433070866143,0.7925152280493241
CIPC,0.06397978803863014,0.9212598425196851,0.9916034965968238
POMT2,-1.0488317492105403,0.25196850393700787,0.8470756930926249
GSTZ1,1.0178548963420897,0.23622047244094488,0.8382889691177539
TMED8,0.3664076602016073,0.2283464566929134,0.8336385014247465
VIPAS39,1.0276839109226223,0.36220472440944884,0.8957091520102044
AHSA1,0.09004128688340618,0.889763779527559,0.9886177730539346
SPTLC2,-0.310952445767108,0.3543307086614173,0.8915123476047269
ALKBH1,0.2292131384760432,0.7480314960629921,0.9726051513462561
SLIRP,0.09486054294709856,0.6929133858267716,0.9695596467319408
SNW1,-0.3218736962115374,0.4015748031496063,0.9086765677539906
ADCK1,0.0546307957287957,0.9212598425196851,0.9916034965968238
DIO2,0.33076531446875,0.5748031496062992,0.9559479904608623
CEP128,0.017572296239810825,0.9448818897637795,0.9944898714583753
GTF2A1,-0.567401199200364,0.1732283464566929,0.8038630721031994
DYNLL1P1,-1.3426316243066285,0.11811023622047244,0.7364350074797351
STON2,-0.8577417419258424,0.33070866141732286,0.8811266433105555
DYNLL1P2,0.12136886406243663,0.9133858267716536,0.9910228417757366
SEL1L,0.07727458312466684,0.8110236220472441,0.9806560380447493
ENSAP2,0.3155893278590072,0.6692913385826772,0.967634523772178
GALC,0.25652844351678183,0.5354330708661418,0.9479419337985596
GPR65,-0.6419691226423909,0.12598425196850394,0.7505281352026119
KCNK10,-1.4149278282869577,0.07086614173228346,0.7107880171694956
SPATA7,0.44404330067570275,0.31496062992125984,0.8705799696691885
ZC3H14,1.7016473077184058,0.015748031496062992,0.6826476042030583
TTC8,-0.23054999794461573,0.7401574803149606,0.9726051513462561
FOXN3,0.29625931064700506,0.3543307086614173,0.8915123476047269
EFCAB11,0.6581905117956208,0.47244094488188976,0.9331994464922055
TDP1,-0.4628924096559355,0.1968503937007874,0.8133366461918351
KCNK13,0.8249450292971341,0.13385826771653545,0.7606862900526696
NRDE2,-0.08308181326379627,0.8818897637795275,0.9879934629764293
CALM1,0.05032398093352164,0.7401574803149606,0.9726051513462561
TTC7B,1.0572297760027534,0.29133858267716534,0.8583371233084381
AL122020.1,-0.9874151685516463,0.41732283464566927,0.9107246259166057
RPS6KA5,-0.6967571679158344,0.11811023622047244,0.7364350074797351
DGLUCY,-0.1070625125186977,0.8031496062992126,0.9806560380447493
GPR68,0.7829608408324873,0.3779527559055118,0.90080276839105
AL135818.1,0.304987956182742,0.8110236220472441,0.9806560380447493
CCDC88C,-0.385374882747195,0.4645669291338583,0.9271628797814478
PPP4R3A,-0.1452321833322694,0.3858267716535433,0.901137518714905
TC2N,-1.6566225961134005,0.09448818897637795,0.7290975019374097
TRIP11,0.21970382515936038,0.5669291338582677,0.954855712655332
ATXN3,-0.2310622497012691,0.2755905511811024,0.853725753792971
NDUFB1,-0.060514874627090265,0.7165354330708661,0.9697087411223303
CPSF2,-0.1017715003656594,0.6929133858267716,0.9695596467319408
SLC24A4,-0.10938582483755344,0.84251968503937,0.9823595446327953
RIN3,0.7699895620805388,0.6692913385826772,0.967634523772178
LGMN,0.8454873042606632,0.31496062992125984,0.8705799696691885
GOLGA5,0.16469297629551782,0.7795275590551181,0.9769863358554425
ITPK1,-0.21956951306543715,0.8110236220472441,0.9806560380447493
MOAP1,-0.37793943763648397,0.4330708661417323,0.9149090270901766
TMEM251,1.0171569741887505,0.07874015748031496,0.7107880171694956
GON7,0.23866896753403388,0.5275590551181102,0.9452006713295411
UBR7,-0.07853395212478365,0.8661417322834646,0.9853875082167936
BTBD7,-0.35520651975633477,0.5826771653543307,0.9597435711535928
ASB2,-0.2694925065319229,0.7086614173228346,0.9697087411223303
DDX24,-0.6552083505040507,0.031496062992125984,0.6826476042030583
IFI27L1,-1.0071135896631156,0.2125984251968504,0.8224832770104163
IFI27,0.3486024358213644,0.8110236220472441,0.9806560380447493
IFI27L2,-0.20138028015617593,0.6062992125984252,0.9608942225121786
SERPINA1,0.39806680856706755,0.3464566929133858,0.8873455246406359
DICER1,0.5147333249978434,0.2204724409448819,0.8287127766916084
CLMN,-0.6269692003107901,0.047244094488188976,0.6826476042030583
SYNE3,-0.38979732715344495,0.4566929133858268,0.9233455416926752
SNHG10,-0.056679829691114625,0.9291338582677166,0.9923418376941026
GLRX5,-0.1601650652472406,0.7795275590551181,0.9769863358554425
TCL6,-1.0490990953591421,0.2440944881889764,0.8410862980163292
TCL1A,-2.654929399063503,0.031496062992125984,0.6826476042030583
BDKRB2,1.0959619860354883,0.13385826771653545,0.7606862900526696
ATG2B,0.35268437009922593,0.5196850393700787,0.9452006713295411
GSKIP,-0.16273710838273647,0.7480314960629921,0.9726051513462561
PAPOLA,0.10377471912350433,0.2677165354330709,0.8534808525440345
VRK1,-0.4727663749083373,0.4251968503937008,0.9130051051310895
RPL3P4,-0.38953384760193543,0.07874015748031496,0.7107880171694956
AL162151.2,-0.1409569285294583,0.7165354330708661,0.9697087411223303
BCL11B,-2.040604375187235,0.023622047244094488,0.6826476042030583
SETD3,0.2671111259828507,0.2677165354330709,0.8534808525440345
CCNK,-0.7285364679126602,0.047244094488188976,0.6826476042030583
CYP46A1,-2.1612726701384486,0.023622047244094488,0.6826476042030583
EVL,-0.7285294675311276,0.5118110236220472,0.9438814884599421
YY1,0.02828714059752624,0.9448818897637795,0.9944898714583753
WARS,-0.60483469599244,0.33070866141732286,0.8811266433105555
AL157871.3,-0.3490601660017102,0.49606299212598426,0.9378529417969822
WDR25,-0.20236507447880592,0.7480314960629921,0.9726051513462561
LINC02285,-0.05699179193151971,0.984251968503937,0.9988002758044506
AL355032.1,-0.2422312130791031,0.7401574803149606,0.9726051513462561
PPP2R5C,-0.4530559664806608,0.031496062992125984,0.6826476042030583
DYNC1H1,-0.3028896213362948,0.09448818897637795,0.7290975019374097
HSP90AA1,-0.3462692281128277,0.5275590551181102,0.9452006713295411
WDR20,-0.6572151124658876,0.09448818897637795,0.7290975019374097
ZNF839,0.7430707340310476,0.28346456692913385,0.8574144950147485
CINP,0.18893486425734674,0.7322834645669292,0.9726051513462561
TECPR2,0.6194535087653432,0.5118110236220472,0.9438814884599421
ANKRD9,0.10880307041527648,0.8818897637795275,0.9879934629764293
RCOR1,0.00848916141906475,0.9448818897637795,0.9944898714583753
TRAF3,0.22311199075104327,0.25196850393700787,0.8470756930926249
CDC42BPB,-0.30184004662552555,0.6377952755905512,0.962871484045595
TNFAIP2,-0.29256060942453654,0.49606299212598426,0.9378529417969822
EIF5,-0.2959283680134739,0.07874015748031496,0.7107880171694956
MARK3,0.020322510454929166,0.84251968503937,0.9823595446327953
CKB,-0.5260751197090276,0.7401574803149606,0.9726051513462561
BAG5,-0.02851107947019038,0.9448818897637795,0.9944898714583753
KLC1,-0.32487494505325953,0.7165354330708661,0.9697087411223303
APOPT1,0.04697752927046128,0.952755905511811,0.9944898714583753
AL049840.4,-0.05604830686012541,0.952755905511811,0.9944898714583753
XRCC3,0.376549699302122,0.7007874015748031,0.9697087411223303
ZFYVE21,0.8253457278399261,0.16535433070866143,0.7925152280493241
PPP1R13B,0.6207336243890542,0.2755905511811024,0.853725753792971
C14orf2,-0.4327266292888714,0.08661417322834646,0.7251724549592804
TDRD9,-0.23063600969557196,0.889763779527559,0.9886177730539346
INF2,0.023452330328952886,0.984251968503937,0.9988002758044506
SIVA1,0.6419836972102706,0.6614173228346457,0.967634523772178
AKT1,0.37484677412273015,0.6929133858267716,0.9695596467319408
PLD4,-1.3061245708322273,0.2125984251968504,0.8224832770104163
AHNAK2,-0.4490972206889068,0.4330708661417323,0.9149090270901766
CDCA4,0.5088154194401282,0.7401574803149606,0.9726051513462561
GPR132,0.006949199686734353,0.984251968503937,0.9988002758044506
JAG2,0.6529624493789363,0.4330708661417323,0.9149090270901766
NUDT14,1.3037105130592366,0.1732283464566929,0.8038630721031994
BRF1,-0.09834297178143414,0.905511811023622,0.9899212869522312
BTBD6,-0.47622161814427066,0.30708661417322836,0.868085262990023
PACS2,0.3231349317474064,0.7952755905511811,0.978664400309132
AL928654.5,-0.23771239380147113,0.7637795275590551,0.9726051513462561
MTA1,0.09543410679464404,0.889763779527559,0.9886177730539346
CRIP2,2.233001309192451,0.2125984251968504,0.8224832770104163
TEDC1,0.6252384473192909,0.5039370078740157,0.939868419531259
IGHA2,-0.8738362882374315,0.6299212598425197,0.962871484045595
IGHG4,2.1857709122543927,0.29133858267716534,0.8583371233084381
IGHG2,3.9659077833966734,0.14960629921259844,0.7739916929935694
IGHGP,-0.2698182998714844,0.9212598425196851,0.9916034965968238
IGHA1,0.7380518144270622,0.7637795275590551,0.9726051513462561
IGHG1,4.69015251964487,0.13385826771653545,0.7606862900526696
IGHG3,1.5079392803355125,0.5511811023622047,0.9514203834061379
IGHM,-0.9966118391985939,0.15748031496062992,0.7813115157480315
FAM30A,-0.39908578691493,0.6692913385826772,0.967634523772178
AC246787.1,-0.6428527045285461,0.06299212598425197,0.6963124387519445
AC100757.1,1.0387922779121679,0.23622047244094488,0.8382889691177539
HERC2P2,-0.25756304465184954,0.2677165354330709,0.8534808525440345
WHAMMP3,0.6672733806016193,0.29133858267716534,0.8583371233084381
AC138649.1,-0.5795898774763182,0.4015748031496063,0.9086765677539906
NIPA1,-0.557247283947508,0.07874015748031496,0.7107880171694956
NIPA2,-0.02175707828982354,0.9921259842519685,1.0
CYFIP1,1.189958499770161,0.015748031496062992,0.6826476042030583
TUBGCP5,0.49053417883031925,0.6141732283464567,0.9618483135188818
NDN,0.06629983245954474,0.8976377952755905,0.9899212869522312
SNRPN,-0.39344572681512124,0.5275590551181102,0.9452006713295411
RPL5P1,-1.1825778562571632,0.015748031496062992,0.6826476042030583
SNHG14,-0.618964886406046,0.30708661417322836,0.868085262990023
PWAR6,0.8091324288887309,0.23622047244094488,0.8382889691177539
UBE3A,-0.11468778275648095,0.6850393700787402,0.9695596467319408
ATP10A,-1.2139682574609758,0.08661417322834646,0.7251724549592804
HERC2,0.4149178921291248,0.3858267716535433,0.901137518714905
RPL41P2,0.40504831414500786,0.5748031496062992,0.9559479904608623
HERC2P9,-1.3677293357577518,0.05511811023622047,0.6931238793170655
WHAMMP2,-0.8278857757872775,0.2755905511811024,0.853725753792971
NSMCE3,-0.6963877303061334,0.25984251968503935,0.8512406093679867
HMGN2P5,0.051628336880499504,0.9448818897637795,0.9944898714583753
AC127502.1,-0.09503783971789215,1.0,1.0
AC127502.2,-0.43294747664751876,0.33858267716535434,0.8824827791252136
ARHGAP11B,-0.4805643513890123,0.5433070866141733,0.9499646623191925
FAN1,-0.11543269347535778,0.905511811023622,0.9899212869522312
AC087481.3,-0.6566725979269824,0.5275590551181102,0.9452006713295411
MTMR10,-0.5063179819724075,0.25196850393700787,0.8470756930926249
KLF13,0.1776230522781992,0.6614173228346457,0.967634523772178
AC135983.2,-0.2800972031936326,0.49606299212598426,0.9378529417969822
GOLGA8N,-0.07050641056325091,0.9291338582677166,0.9923418376941026
ARHGAP11A,-0.29775172426695207,0.6535433070866141,0.966090961744307
FMN1,0.3799254197926274,0.25196850393700787,0.8470756930926249
AVEN,-0.9548986913336228,0.11811023622047244,0.7364350074797351
EMC7,-0.04699295912762835,0.9212598425196851,0.9916034965968238
PGBD4,-1.3557016775001158,0.14173228346456693,0.7686343861159114
KATNBL1,-0.14982922408017618,0.5984251968503937,0.9608942225121786
EMC4,-0.34427916623386334,0.28346456692913385,0.8574144950147485
SLC12A6,0.10172762159761106,0.7795275590551181,0.9769863358554425
NOP10,0.127923472502375,0.5511811023622047,0.9514203834061379
LPCAT4,0.10365805908469872,0.7716535433070866,0.9760752568014447
GOLGA8A,-0.9769057616657624,0.11023622047244094,0.7341951946620201
HNRNPLP2,0.6152130964950426,0.30708661417322836,0.868085262990023
GOLGA8B,-0.9817162326425231,0.05511811023622047,0.6931238793170655
AQR,0.3080236244041714,0.49606299212598426,0.9378529417969822
AC018868.1,-0.5541274811470926,0.41732283464566927,0.9107246259166057
ZNF770,0.017300328501575812,0.9763779527559056,0.9988002758044506
AC021231.2,-0.6435276885503999,0.2283464566929134,0.8336385014247465
ANP32AP1,-1.2189734235091216,0.05511811023622047,0.6931238793170655
DPH6,0.25791800685498156,0.5433070866141733,0.9499646623191925
SPRED1,1.761804876632869,0.03937007874015748,0.6826476042030583
FAM98B,0.47918202603353777,0.11023622047244094,0.7341951946620201
RASGRP1,-0.8498539173314514,0.47244094488188976,0.9331994464922055
THBS1,0.1752261950314331,0.9212598425196851,0.9916034965968238
EIF2AK4,-0.3752923022810535,0.031496062992125984,0.6826476042030583
SRP14,-0.15351437841373716,0.6299212598425197,0.962871484045595
SRP14-AS1,0.1801075492389015,0.7559055118110236,0.9726051513462561
BMF,-0.6106716781360984,0.2677165354330709,0.8534808525440345
BUB1B,-0.8181349683992023,0.4251968503937008,0.9130051051310895
PLCB2,0.08281337151469081,0.8976377952755905,0.9899212869522312
AC020658.5,1.0111996047359846,0.25984251968503935,0.8512406093679867
INAFM2,-0.2726073053489362,0.5748031496062992,0.9559479904608623
KNSTRN,0.3850543738974026,0.6062992125984252,0.9608942225121786
IVD,-0.35576266175140336,0.2283464566929134,0.8336385014247465
BAHD1,-0.5719058692186283,0.07874015748031496,0.7107880171694956
CHST14,0.26774902447126214,0.6535433070866141,0.966090961744307
CCDC32,-0.5370601297626849,0.4330708661417323,0.9149090270901766
KNL1,0.49609757494962103,0.6299212598425197,0.962871484045595
RAD51,-0.6782418076316126,0.30708661417322836,0.868085262990023
RMDN3,-0.16373411576785202,0.7637795275590551,0.9726051513462561
DNAJC17,0.10394885071603888,0.8267716535433071,0.9819224384651066
ZFYVE19,-0.2636271186592558,0.33858267716535434,0.8824827791252136
SPINT1,1.28341149138225,0.11023622047244094,0.7341951946620201
VPS18,-0.047563703196870755,0.952755905511811,0.9944898714583753
INO80,0.6488274168611787,0.03937007874015748,0.6826476042030583
CHP1,-0.24796811645793237,0.3700787401574803,0.8970171905992668
OIP5-AS1,0.2046150335583592,0.5669291338582677,0.954855712655332
OIP5,-1.3447074270880743,0.047244094488188976,0.6826476042030583
NUSAP1,0.04749673185827774,0.952755905511811,0.9944898714583753
NDUFAF1,0.4556364665148376,0.3779527559055118,0.90080276839105
RTF1,0.07365241354863361,0.8661417322834646,0.9853875082167936
LTK,-0.9555025987910608,0.2283464566929134,0.8336385014247465
RPAP1,-0.37038511079058134,0.3700787401574803,0.8970171905992668
ELOCP2,-1.0089082924066441,0.08661417322834646,0.7251724549592804
MGA,0.1876086279328133,0.6456692913385826,0.9653496962085154
MAPKBP1,0.07906033484919206,0.7480314960629921,0.9726051513462561
SPTBN5,1.4851932692189003,0.047244094488188976,0.6826476042030583
EHD4,0.9852323388179505,0.031496062992125984,0.6826476042030583
VPS39,-0.34307243102872054,0.5275590551181102,0.9452006713295411
TMEM87A,0.1024021149767762,0.6614173228346457,0.967634523772178
GANC,0.31146406493628476,0.4251968503937008,0.9130051051310895
ZNF106,0.26125104849464265,0.3543307086614173,0.8915123476047269
SNAP23,1.0990186189698505,0.031496062992125984,0.6826476042030583
LRRC57,0.8957879028103446,0.10236220472440945,0.7341951946620201
HAUS2,0.2646753215427178,0.6377952755905512,0.962871484045595
MYL12BP1,-0.701621298705516,0.3858267716535433,0.901137518714905
STARD9,0.03980739779031173,0.952755905511811,0.9944898714583753
TTBK2,-0.3747311961850732,0.1968503937007874,0.8133366461918351
UBR1,0.40080796038053546,0.3937007874015748,0.9060325603890926
RPS3AP47,-0.2920910631091711,0.6614173228346457,0.967634523772178
TMEM62,0.9332224986658044,0.28346456692913385,0.8574144950147485
CCNDBP1,0.13868804970378168,0.5275590551181102,0.9452006713295411
LCMT2,-0.6848998062965413,0.4094488188976378,0.9090035743434535
ADAL,1.4289087683793666,0.05511811023622047,0.6931238793170655
ZSCAN29,-0.06197291210453404,0.905511811023622,0.9899212869522312
TUBGCP4,-0.14529209428448242,0.6850393700787402,0.9695596467319408
TP53BP1,0.4876465529294314,0.6062992125984252,0.9608942225121786
MAP1A,-1.317404895255958,0.10236220472440945,0.7341951946620201
PPIP5K1,0.8519840405693175,0.14173228346456693,0.7686343861159114
CATSPER2,-0.0073199685946774284,1.0,1.0
PDIA3,0.4597301236829576,0.07086614173228346,0.7107880171694956
SERF2,0.35263371744282246,0.3700787401574803,0.8970171905992668
MFAP1,-0.3925257984000661,0.4330708661417323,0.9149090270901766
WDR76,0.6660415704854321,0.11023622047244094,0.7341951946620201
PIN4P1,-0.09314051610268281,0.8818897637795275,0.9879934629764293
CASC4,0.5135452374142071,0.18110236220472442,0.8073643742935083
CTDSPL2,-0.3644162279937344,0.16535433070866143,0.7925152280493241
EIF3J-AS1,-0.8237319310119666,0.48031496062992124,0.9342236316938177
EIF3J,0.32115503230762155,0.03937007874015748,0.6826476042030583
SPG11,0.06330213637264048,0.9133858267716536,0.9910228417757366
PATL2,-0.12198119601798885,0.8110236220472441,0.9806560380447493
B2M,-0.13996961073239156,0.7952755905511811,0.978664400309132
TRIM69,0.18431912241531734,0.6377952755905512,0.962871484045595
SORD,0.8363481137801934,0.05511811023622047,0.6931238793170655
GATM,0.49445269410870374,0.2755905511811024,0.853725753792971
SPATA5L1,0.484928831316247,0.3779527559055118,0.90080276839105
C15orf48,2.128615104990158,0.047244094488188976,0.6826476042030583
AC025580.2,0.4302075583305591,0.5511811023622047,0.9514203834061379
SLC30A4,-0.4065353465857986,0.48031496062992124,0.9342236316938177
AC090527.3,0.4892649839972263,0.5511811023622047,0.9514203834061379
BLOC1S6,0.013858226354159342,0.9763779527559056,0.9988002758044506
SQOR,0.0740073500858971,0.889763779527559,0.9886177730539346
AC044787.1,-0.3866371847782717,0.2755905511811024,0.853725753792971
MYEF2,-0.7368439004814635,0.08661417322834646,0.7251724549592804
DUT,-0.08461469188925275,0.7086614173228346,0.9697087411223303
FBN1,0.233101131079251,0.8031496062992126,0.9806560380447493
CEP152,-0.24398313837126606,0.7165354330708661,0.9697087411223303
EID1,-0.34528498540285835,0.11811023622047244,0.7364350074797351
SECISBP2L,-0.3848427728784998,0.09448818897637795,0.7290975019374097
COPS2,0.09159770214691854,0.7795275590551181,0.9769863358554425
GALK2,-0.3674680577673455,0.6062992125984252,0.9608942225121786
FAM227B,-0.8597874411122086,0.2992125984251969,0.8629198938688523
AC022306.1,-0.7521733941005524,0.2204724409448819,0.8287127766916084
DTWD1,0.33664179462999755,0.5669291338582677,0.954855712655332
ATP8B4,0.23405625973308464,0.48031496062992124,0.9342236316938177
GABPB1,-0.403388826532729,0.14960629921259844,0.7739916929935694
GABPB1-AS1,-0.9245594094622209,0.18110236220472442,0.8073643742935083
USP8,0.05190635116230524,0.7952755905511811,0.978664400309132
TRPM7,0.5778336013981518,0.047244094488188976,0.6826476042030583
SPPL2A,0.3055069261019039,0.2992125984251969,0.8629198938688523
AP4E1,0.1791313041585414,0.7874015748031497,0.9775940764002741
DMXL2,-0.2079981885179274,0.5669291338582677,0.954855712655332
LYSMD2,-0.418198478527132,0.4881889763779528,0.9357814954688165
TMOD2,0.2230824298258698,0.7480314960629921,0.9726051513462561
TMOD3,-0.05376415404966739,0.8740157480314961,0.9870953241817563
LEO1,-0.26767739866111295,0.5118110236220472,0.9438814884599421
MAPK6,-0.09213546954447516,0.8661417322834646,0.9853875082167936
AC090970.3,-0.26072941859647525,0.7874015748031497,0.9775940764002741
AC023906.1,-1.308572830503349,0.05511811023622047,0.6931238793170655
GNB5,-0.8975124625840927,0.15748031496062992,0.7813115157480315
MYO5C,0.7238750250115911,0.4251968503937008,0.9130051051310895
MYO5A,-0.02738966673017096,0.8267716535433071,0.9819224384651066
ARPP19,0.04023202295757944,0.84251968503937,0.9823595446327953
FAM214A,-0.5325012632884949,0.08661417322834646,0.7251724549592804
RSL24D1,-0.48284641000899686,0.18110236220472442,0.8073643742935083
RAB27A,-0.6912373977363018,0.047244094488188976,0.6826476042030583
PIGBOS1,-0.56827074762192,0.2047244094488189,0.8179316528497794
PIGB,-0.14612409478396415,0.7637795275590551,0.9726051513462561
CCPG1,-0.1847249647290381,0.7086614173228346,0.9697087411223303
NEDD4,-0.3206432489941542,0.5511811023622047,0.9514203834061379
CNOT6LP1,-0.5578006259408017,0.5984251968503937,0.9608942225121786
RFX7,-0.35559195538281774,0.2440944881889764,0.8410862980163292
MNS1,-0.07242547685632839,0.9291338582677166,0.9923418376941026
ZNF280D,0.19191761420190367,0.5511811023622047,0.9514203834061379
TCF12,0.5693594826584789,0.14173228346456693,0.7686343861159114
MYZAP,-0.21113753766730037,0.7401574803149606,0.9726051513462561
POLR2M,0.4472368956829169,0.13385826771653545,0.7606862900526696
AQP9,-0.18602053663508666,0.8346456692913385,0.9819224384651066
ADAM10,-0.22706533860116096,0.3700787401574803,0.8970171905992668
MINDY2,-0.8018096913742951,0.08661417322834646,0.7251724549592804
RNF111,-0.3672750577880102,0.30708661417322836,0.868085262990023
SLTM,-0.1481798553444369,0.6220472440944882,0.9618483135188818
CCNB2,1.1475624260765596,0.2047244094488189,0.8179316528497794
MYO1E,0.020384961482125874,0.9133858267716536,0.9910228417757366
FAM81A,-0.8213985983823582,0.48031496062992124,0.9342236316938177
AC092868.1,0.7400297526352386,0.3228346456692913,0.8759501889864706
GTF2A2,-0.15798639957796023,0.6377952755905512,0.962871484045595
BNIP2,0.14428043139577973,0.5354330708661418,0.9479419337985596
AC092755.2,-0.20606943449687098,0.8503937007874016,0.9835944261634448
RPS3AP6,-0.4847229499747048,0.18110236220472442,0.8073643742935083
ANXA2,0.9508092693595742,0.015748031496062992,0.6826476042030583
ICE2,-0.6245408300603632,0.06299212598425197,0.6963124387519445
RORA,-1.5988628802475804,0.08661417322834646,0.7251724549592804
VPS13C,-0.24083401144878724,0.23622047244094488,0.8382889691177539
TLN2,0.502782989826541,0.5669291338582677,0.954855712655332
TPM1,-0.19798468892413368,0.6535433070866141,0.966090961744307
LACTB,0.14494075635356474,0.6377952755905512,0.962871484045595
RPS27L,0.2614080841762467,0.4881889763779528,0.9357814954688165
RAB8B,0.011459345402965226,0.984251968503937,0.9988002758044506
APH1B,0.04078827243042937,0.9133858267716536,0.9910228417757366
AC007950.2,-0.6884578022085954,0.30708661417322836,0.868085262990023
USP3,-0.12823323168670697,0.6929133858267716,0.9695596467319408
HERC1,-0.38370944829281317,0.11811023622047244,0.7364350074797351
DAPK2,-1.2075214245734758,0.11023622047244094,0.7341951946620201
FAM96A,0.21774220852799253,0.4330708661417323,0.9149090270901766
SNX1,0.3280593270017338,0.11811023622047244,0.7364350074797351
SNX22,1.3254276468295036,0.25196850393700787,0.8470756930926249
PPIB,-0.25918129962098524,0.5275590551181102,0.9452006713295411
CSNK1G1,0.1813962630792476,0.6220472440944882,0.9618483135188818
PCLAF,1.6057884169098648,0.07086614173228346,0.7107880171694956
TRIP4,-0.12053114432773526,0.6535433070866141,0.966090961744307
ZNF609,0.12319261406971993,0.6141732283464567,0.9618483135188818
OAZ2,0.520946419235301,0.03937007874015748,0.6826476042030583
PLEKHO2,0.7274164042666937,0.05511811023622047,0.6931238793170655
ANKDD1A,-0.15513172751620163,0.7322834645669292,0.9726051513462561
SPG21,0.07047765902594172,0.7322834645669292,0.9726051513462561
MTFMT,1.4970685547527438,0.06299212598425197,0.6963124387519445
PDCD7,-0.5834600942886858,0.18110236220472442,0.8073643742935083
CLPX,-0.0448075998605546,0.952755905511811,0.9944898714583753
PARP16,-0.28417446404970104,0.3700787401574803,0.8970171905992668
RNU5A-1,-0.7363802203163239,0.2283464566929134,0.8336385014247465
RNU5B-1,1.2812242775869542,0.11811023622047244,0.7364350074797351
DPP8,-0.4319867827734738,0.3937007874015748,0.9060325603890926
HACD3,0.12182352046666622,0.49606299212598426,0.9378529417969822
INTS14,0.40933141019440233,0.5039370078740157,0.939868419531259
SLC24A1,0.3527094392878971,0.6850393700787402,0.9695596467319408
DENND4A,0.0780087705396122,0.7952755905511811,0.978664400309132
RAB11A,0.16357487719426977,0.2992125984251969,0.8629198938688523
AC011939.1,-0.311982459291237,0.6929133858267716,0.9695596467319408
DIS3L,0.5350262694517127,0.3779527559055118,0.90080276839105
TIPIN,0.871012304068298,0.2992125984251969,0.8629198938688523
MAP2K1,-0.016316674097708095,0.968503937007874,0.9977263771544332
SNAPC5,-0.08994823505265215,0.9133858267716536,0.9910228417757366
RPL4,-0.293979236204267,0.023622047244094488,0.6826476042030583
ZWILCH,0.11872865426173096,0.7716535433070866,0.9760752568014447
SMAD6,1.9299093515684136,0.031496062992125984,0.6826476042030583
SMAD3,-1.374858094732581,0.03937007874015748,0.6826476042030583
AAGAB,-0.21482736290474236,0.5826771653543307,0.9597435711535928
IQCH-AS1,0.9993735585384715,0.2125984251968504,0.8224832770104163
C15orf61,0.14176110047494905,0.889763779527559,0.9886177730539346
MAP2K5,0.6855627874975578,0.3858267716535433,0.901137518714905
PIAS1,-0.34642389330412193,0.12598425196850394,0.7505281352026119
CLN6,-0.8474843750936629,0.41732283464566927,0.9107246259166057
FEM1B,0.12970822277693994,0.7559055118110236,0.9726051513462561
ANP32A,-0.13001710853022708,0.5590551181102362,0.9539915430764625
GLCE,-0.16131754914783336,0.8188976377952756,0.9819224384651066
KIF23,0.5359216488508656,0.5905511811023622,0.9608942225121786
RPLP1,0.005031305149229226,0.9921259842519685,1.0
TLE3,-0.16410437818343038,0.7244094488188977,0.9716680124035083
UACA,0.960397900725281,0.12598425196850394,0.7505281352026119
HMGB1P6,0.2697734043284292,0.4330708661417323,0.9149090270901766
AC064799.1,-0.7314948459872959,0.07874015748031496,0.7107880171694956
MYO9A,-0.22686917825171093,0.2992125984251969,0.8629198938688523
GRAMD2A,-0.672789583010324,0.4330708661417323,0.9149090270901766
PKM,0.7306503987410959,0.1889763779527559,0.8133366461918351
PARP6,0.17657754717935958,0.5275590551181102,0.9452006713295411
HEXA,0.6442027989209969,0.25196850393700787,0.8470756930926249
ARIH1,-0.10596916511724785,0.7086614173228346,0.9697087411223303
BBS4,1.0019796633806561,0.2283464566929134,0.8336385014247465
ADPGK,-0.024814936820077627,0.8582677165354331,0.9837431881343323
ADPGK-AS1,0.5010552545889574,0.5196850393700787,0.9452006713295411
NPTN,0.19060408517492977,0.5669291338582677,0.954855712655332
CD276,2.6269418573132115,0.023622047244094488,0.6826476042030583
PML,-0.05446516394285705,0.905511811023622,0.9899212869522312
SEMA7A,-1.260661632649935,0.3779527559055118,0.90080276839105
UBL7,0.11421030459998693,0.9212598425196851,0.9916034965968238
UBL7-AS1,1.7398382371456709,0.03937007874015748,0.6826476042030583
ARID3B,-0.25824367743997545,0.7244094488188977,0.9716680124035083
CLK3,-0.557011208525628,0.5669291338582677,0.954855712655332
EDC3,0.11560667279141068,0.7559055118110236,0.9726051513462561
CSK,0.42161532890356046,0.5039370078740157,0.939868419531259
ULK3,0.49079667355275003,0.4015748031496063,0.9086765677539906
SCAMP2,0.5550506908616031,0.11023622047244094,0.7341951946620201
MPI,-0.11891415905669955,0.7322834645669292,0.9726051513462561
FAM219B,-0.1747750413889625,0.905511811023622,0.9899212869522312
COX5A,0.20009679095463717,0.4566929133858268,0.9233455416926752
RPP25,-0.47843016974696884,0.25984251968503935,0.8512406093679867
SCAMP5,-2.0907166701780975,0.047244094488188976,0.6826476042030583
PPCDC,0.7407789641736771,0.2047244094488189,0.8179316528497794
C15orf39,0.28479243181075553,0.9291338582677166,0.9923418376941026
ANP32BP1,-0.2784624581198476,0.6692913385826772,0.967634523772178
COMMD4,0.7128195981615746,0.09448818897637795,0.7290975019374097
MAN2C1,1.3017958928472106,0.031496062992125984,0.6826476042030583
SIN3A,-0.24207321007533977,0.4251968503937008,0.9130051051310895
PTPN9,0.12291034600810136,0.5905511811023622,0.9608942225121786
SNUPN,0.4545771792455473,0.8188976377952756,0.9819224384651066
IMP3,-0.2719444077349875,0.48031496062992124,0.9342236316938177
SNX33,0.05103622433875166,0.9291338582677166,0.9923418376941026
UBE2Q2,0.45171954154250216,0.2440944881889764,0.8410862980163292
FBXO22,0.6048981937662639,0.1732283464566929,0.8038630721031994
ETFA,0.23116126802217707,0.4881889763779528,0.9357814954688165
SCAPER,-0.1629463616304978,0.7637795275590551,0.9726051513462561
RCN2,-0.4788098887889767,0.18110236220472442,0.8073643742935083
PSTPIP1,-0.40441251719379245,0.7952755905511811,0.978664400309132
TSPAN3,-0.3368184420840823,0.44881889763779526,0.9212102163700125
PEAK1,1.5380877279362917,0.05511811023622047,0.6931238793170655
HMG20A,0.41392177772016003,0.6929133858267716,0.9695596467319408
TBC1D2B,-0.20433522436955665,0.5905511811023622,0.9608942225121786
CIB2,-1.1866503683050658,0.05511811023622047,0.6931238793170655
IDH3A,-1.5338459746866797,0.05511811023622047,0.6931238793170655
DNAJA4,-0.6159406944925321,0.1889763779527559,0.8133366461918351
WDR61,0.07780936253334225,0.8346456692913385,0.9819224384651066
IREB2,0.005875131648307885,0.968503937007874,0.9977263771544332
PSMA4,-0.046044109835747804,0.9606299212598425,0.9967290768663719
MORF4L1,-0.021882608045749485,0.9291338582677166,0.9923418376941026
CTSH,1.1461829652831979,0.06299212598425197,0.6963124387519445
TMED3,0.6755311242037072,0.09448818897637795,0.7290975019374097
MTHFS,0.18112052316867833,0.7952755905511811,0.978664400309132
ST20,-0.5995666302077556,0.2755905511811024,0.853725753792971
AC015871.3,-0.8146371503283925,0.4094488188976378,0.9090035743434535
ST20-AS1,-0.22286957509070704,0.7007874015748031,0.9697087411223303
BCL2A1,-0.3744809495535062,0.3937007874015748,0.9060325603890926
ZFAND6,0.17664302083768124,0.6614173228346457,0.967634523772178
FAH,0.1607849907952108,0.7637795275590551,0.9726051513462561
ABHD17C,-0.3511988484972619,0.2992125984251969,0.8629198938688523
MESD,0.1914864415686779,0.5669291338582677,0.954855712655332
TLNRD1,-0.014271730501702606,0.968503937007874,0.9977263771544332
IL16,-0.3746918059506452,0.12598425196850394,0.7505281352026119
MEX3B,0.32579630085819833,0.8740157480314961,0.9870953241817563
EFL1,-0.5567048517028383,0.25984251968503935,0.8512406093679867
RPL9P9,-0.7272987107556528,0.15748031496062992,0.7813115157480315
RPS17,-0.10879601051633259,0.6062992125984252,0.9608942225121786
WHAMM,-0.5190803784757998,0.07086614173228346,0.7107880171694956
HOMER2,-0.9888613287932762,0.1732283464566929,0.8038630721031994
FAM103A1,0.14307629447130554,0.9606299212598425,0.9967290768663719
C15orf40,-0.2560473031256669,0.5984251968503937,0.9608942225121786
BTBD1,0.033453539871754145,0.937007874015748,0.9941472732331481
TM6SF1,1.1096204786470434,0.2204724409448819,0.8287127766916084
HDGFL3,0.7812228310697882,0.03937007874015748,0.6826476042030583
UBE2Q2P1,-0.20593912158337435,0.952755905511811,0.9944898714583753
ZSCAN2,0.6185669732441594,0.4330708661417323,0.9149090270901766
SEC11A,0.148962732899256,0.5984251968503937,0.9608942225121786
ZNF592,0.03218477189551905,0.889763779527559,0.9886177730539346
PDE8A,-0.23814626510049752,0.41732283464566927,0.9107246259166057
AKAP13,-0.16745210976957736,0.5275590551181102,0.9452006713295411
AC104046.1,-0.1303861121113803,0.8582677165354331,0.9837431881343323
MRPL46,0.8769412455682799,0.29133858267716534,0.8583371233084381
MRPS11,-0.028201422035593282,0.9133858267716536,0.9910228417757366
DET1,-0.417689626246613,0.5511811023622047,0.9514203834061379
AEN,-0.28466231081534765,0.6535433070866141,0.966090961744307
ISG20,-1.2667319218085527,0.11811023622047244,0.7364350074797351
HAPLN3,0.9382182415960827,0.33858267716535434,0.8824827791252136
ABHD2,0.40873509137931396,0.18110236220472442,0.8073643742935083
FANCI,0.27692214360155365,0.5354330708661418,0.9479419337985596
POLG,-0.3805537571743167,0.4015748031496063,0.9086765677539906
RHCG,1.0759776503273364,0.3700787401574803,0.8970171905992668
ANPEP,0.5800914543826945,0.6299212598425197,0.962871484045595
AP3S2,0.6438484241577265,0.5354330708661418,0.9479419337985596
ARPIN,1.236626135286385,0.015748031496062992,0.6826476042030583
ZNF710,1.5905422656400878,0.07874015748031496,0.7107880171694956
ZNF710-AS1,-0.025173246841158736,0.984251968503937,0.9988002758044506
IDH2,0.919129995880211,0.2677165354330709,0.8534808525440345
SEMA4B,-0.23930993052177385,0.47244094488188976,0.9331994464922055
CIB1,-0.13567466977484344,0.9606299212598425,0.9967290768663719
NGRN,-0.38154709126588005,0.3937007874015748,0.9060325603890926
IQGAP1,0.3096382459595901,0.2047244094488189,0.8179316528497794
CRTC3,-0.23568620081690383,0.3937007874015748,0.9060325603890926
HSPE1P3,-0.21936279276398007,0.7322834645669292,0.9726051513462561
BLM,1.2937793237322295,0.2125984251968504,0.8224832770104163
FURIN,0.16661774193317314,0.6771653543307087,0.9685447258281904
FES,-0.49883082781276045,0.5826771653543307,0.9597435711535928
MAN2A2,-1.2552689635450682,0.06299212598425197,0.6963124387519445
UNC45A,0.4328823335692409,0.7637795275590551,0.9726051513462561
RCCD1,0.4031336104832479,0.6141732283464567,0.9618483135188818
PRC1,0.583361645977055,0.4330708661417323,0.9149090270901766
VPS33B,0.338855518574261,0.6299212598425197,0.962871484045595
SLCO3A1,0.3298059084435554,0.031496062992125984,0.6826476042030583
FAM174B,0.15826683537663322,0.8582677165354331,0.9837431881343323
HMGN1P38,0.5287473901558717,0.6929133858267716,0.9695596467319408
AC091544.3,0.4204157398128705,0.47244094488188976,0.9331994464922055
LINC01578,0.0019541484630822836,1.0,1.0
CHD2,-0.12910336382096954,0.4881889763779528,0.9357814954688165
LINC02207,-0.648934364779099,0.2992125984251969,0.8629198938688523
AC103996.2,-0.6001258363360726,0.4881889763779528,0.9357814954688165
AC104390.1,-0.4115904071626,0.4881889763779528,0.9357814954688165
MCTP2,-0.931104015299457,0.2992125984251969,0.8629198938688523
NR2F2,0.11619492980885959,0.9291338582677166,0.9923418376941026
ARRDC4,0.4060847837095465,0.44881889763779526,0.9212102163700125
IGF1R,1.0608474395284269,0.2283464566929134,0.8336385014247465
TTC23,0.20435434395033303,0.8188976377952756,0.9819224384651066
LRRC28,-0.08422681181800273,0.7874015748031497,0.9775940764002741
HSP90B2P,-0.9326708674352799,0.015748031496062992,0.6826476042030583
MEF2A,0.40999236638342484,0.06299212598425197,0.6963124387519445
LYSMD4,-0.3795453612578652,0.6535433070866141,0.966090961744307
AC027020.2,-0.47805700230214276,0.4881889763779528,0.9357814954688165
LINS1,0.9299349681283777,0.07874015748031496,0.7107880171694956
ASB7,0.1677402852635983,0.8582677165354331,0.9837431881343323
LRRK1,0.026138093707491983,0.9133858267716536,0.9910228417757366
CHSY1,-0.06249356088296665,0.8188976377952756,0.9819224384651066
SELENOS,-0.6453795174446508,0.16535433070866143,0.7925152280493241
SNRPA1,-0.34221839051015746,0.2755905511811024,0.853725753792971
TM2D3,0.01635103965412732,0.984251968503937,0.9988002758044506
TARSL2,-0.3488366997798771,0.44881889763779526,0.9212102163700125
AC027559.1,0.37239487988339404,0.6062992125984252,0.9608942225121786
POLR3K,0.45393169887279594,0.49606299212598426,0.9378529417969822
SNRNP25,-0.5713992046947354,0.14960629921259844,0.7739916929935694
NPRL3,1.1177289603753149,0.2204724409448819,0.8287127766916084
HBA2,-1.6660761126991823,0.3779527559055118,0.90080276839105
HBA1,0.14011121743603372,0.968503937007874,0.9977263771544332
LUC7L,-0.19841240504643043,0.6771653543307087,0.9685447258281904
FAM234A,0.20748109141485482,0.889763779527559,0.9886177730539346
AXIN1,0.010061533061581862,1.0,1.0
MRPL28,0.1889133380127852,0.968503937007874,0.9977263771544332
TMEM8A,0.5827883754478602,0.33070866141732286,0.8811266433105555
NME4,0.5658346955782081,0.4015748031496063,0.9086765677539906
DECR2,-0.24295329442661595,0.5275590551181102,0.9452006713295411
RAB11FIP3,-0.06690599181070933,0.905511811023622,0.9899212869522312
CAPN15,-1.6212494211087929,0.10236220472440945,0.7341951946620201
RAB40C,0.3630794858489379,0.6220472440944882,0.9618483135188818
METTL26,0.36275731268575306,0.7480314960629921,0.9726051513462561
MCRIP2,0.3893950063733669,0.6377952755905512,0.962871484045595
WDR90,-0.033022061799639735,0.968503937007874,0.9977263771544332
RHOT2,-0.24240313109884903,0.7559055118110236,0.9726051513462561
JMJD8,-0.41124790563712676,0.5275590551181102,0.9452006713295411
FAM173A,1.1676099313190749,0.28346456692913385,0.8574144950147485
NARFL,0.16186072244131555,0.8818897637795275,0.9879934629764293
RPUSD1,-0.41347651127326857,0.7874015748031497,0.9775940764002741
CHTF18,0.15423019167787788,0.8267716535433071,0.9819224384651066
LMF1,0.5939654343460807,0.49606299212598426,0.9378529417969822
TPSB2,1.335979392200827,0.5118110236220472,0.9438814884599421
TPSAB1,1.1590297237649363,0.5433070866141733,0.9499646623191925
UBE2I,0.12250535173505828,0.7244094488188977,0.9716680124035083
GNPTG,0.5864047705793811,0.6377952755905512,0.962871484045595
UNKL,0.13429671886583128,0.8503937007874016,0.9835944261634448
C16orf91,-0.8993265942521795,0.4015748031496063,0.9086765677539906
CLCN7,0.05086790408090058,1.0,1.0
TELO2,-0.3234462591281222,0.7401574803149606,0.9726051513462561
CRAMP1,0.3893142296591132,0.7874015748031497,0.9775940764002741
JPT2,0.6659016364425825,0.13385826771653545,0.7606862900526696
MAPK8IP3,0.1314429330785445,0.905511811023622,0.9899212869522312
NME3,-0.06095593644998765,0.9763779527559056,0.9988002758044506
MRPS34,0.4883778310178233,0.36220472440944884,0.8957091520102044
EME2,-0.29866150583660867,0.7165354330708661,0.9697087411223303
NUBP2,-0.07451877978145838,0.889763779527559,0.9886177730539346
HAGH,-0.1449498640839213,0.6535433070866141,0.966090961744307
FAHD1,0.34628525641786734,0.4645669291338583,0.9271628797814478
MSRB1,-0.7588800041654769,0.10236220472440945,0.7341951946620201
NDUFB10,0.41890404347075627,0.5826771653543307,0.9597435711535928
RPS2,-0.14180996455564454,0.6850393700787402,0.9695596467319408
SNHG9,-1.657557201496782,0.015748031496062992,0.6826476042030583
TBL3,-0.02210433735890094,0.9763779527559056,0.9988002758044506
GFER,1.8484350932875353,0.07874015748031496,0.7107880171694956
ZNF598,0.10618509069172588,0.8818897637795275,0.9879934629764293
SLC9A3R2,0.7735491196402837,0.3543307086614173,0.8915123476047269
TSC2,1.398414349902323,0.3937007874015748,0.9060325603890926
PKD1,-0.00409482679651374,1.0,1.0
SNHG19,-0.5409193387291913,0.6220472440944882,0.9618483135188818
TRAF7,-0.03554864760358356,0.984251968503937,0.9988002758044506
MLST8,0.241035009759194,0.7637795275590551,0.9726051513462561
PGP,-0.06439106067302891,0.9133858267716536,0.9910228417757366
ECI1,1.1765985703204014,0.28346456692913385,0.8574144950147485
RNPS1,-0.1366133245815897,0.6614173228346457,0.967634523772178
AC106820.1,0.6419028659717583,0.2992125984251969,0.8629198938688523
CCNF,-0.16481113529963065,0.8267716535433071,0.9819224384651066
TBC1D24,-0.019476768164365055,0.9921259842519685,1.0
AMDHD2,0.9200475250904544,0.2125984251968504,0.8224832770104163
PDPK1,-0.3139830612347225,0.4015748031496063,0.9086765677539906
AC141586.1,-1.505594205872741,0.015748031496062992,0.6826476042030583
ERVK13-1,-0.24087976660666133,0.7007874015748031,0.9697087411223303
KCTD5,-0.6839956233836935,0.16535433070866143,0.7925152280493241
SRRM2,-0.5076040844390421,0.031496062992125984,0.6826476042030583
ELOB,0.23428158533930965,0.7637795275590551,0.9726051513462561
PRSS22,0.8778702389887818,0.4645669291338583,0.9271628797814478
FLYWCH2,-0.17820193293168796,0.7401574803149606,0.9726051513462561
FLYWCH1,-1.0018417682739638,0.3228346456692913,0.8759501889864706
TNFRSF12A,1.153559676554727,0.15748031496062992,0.7813115157480315
HCFC1R1,0.762035088708302,0.2755905511811024,0.853725753792971
THOC6,0.10843848200579753,1.0,1.0
MMP25,-0.1870632794071363,0.5748031496062992,0.9559479904608623
MMP25-AS1,-0.223524760567829,0.7165354330708661,0.9697087411223303
IL32,-0.716330211138481,0.48031496062992124,0.9342236316938177
AC108134.3,-0.9917034631935553,0.36220472440944884,0.8957091520102044
ZNF213,0.14492620496138464,0.8740157480314961,0.9870953241817563
ZNF200,0.3609143905081882,0.3779527559055118,0.90080276839105
MEFV,-1.083940149291756,0.2047244094488189,0.8179316528497794
LINC00921,0.04345067320670304,0.984251968503937,0.9988002758044506
ZNF263,0.2653454263643269,0.5039370078740157,0.939868419531259
ZNF75A,-0.9869463041196984,0.09448818897637795,0.7290975019374097
ZNF174,-0.08452304743310823,0.8267716535433071,0.9819224384651066
ZNF597,0.5759413772806665,0.4881889763779528,0.9357814954688165
NAA60,1.0589596977248728,0.05511811023622047,0.6931238793170655
CLUAP1,0.35420037062704157,0.6929133858267716,0.9695596467319408
SLX4,0.9565254231716631,0.1889763779527559,0.8133366461918351
DNASE1,-0.9249456226279671,0.2755905511811024,0.853725753792971
TRAP1,-0.5147621812368179,0.4566929133858268,0.9233455416926752
CREBBP,-0.20034522383604791,0.3464566929133858,0.8873455246406359
ADCY9,-0.5529760977327771,0.4015748031496063,0.9086765677539906
TFAP4,0.4122595433316776,0.6062992125984252,0.9608942225121786
CORO7,-0.13574939456776836,0.8188976377952756,0.9819224384651066
VASN,0.5331254702865438,0.7401574803149606,0.9726051513462561
DNAJA3,-0.02822465132737939,0.937007874015748,0.9941472732331481
NMRAL1,0.5213343095446885,0.48031496062992124,0.9342236316938177
HMOX2,1.4509833149585596,0.015748031496062992,0.6826476042030583
CDIP1,0.0381286063299795,0.9448818897637795,0.9944898714583753
SUB1P3,-0.39625961025656053,0.4566929133858268,0.9233455416926752
UBALD1,-0.85761358488543,0.30708661417322836,0.868085262990023
MGRN1,0.9514511445599889,0.3858267716535433,0.901137518714905
NUDT16L1,-0.37901339648389953,0.4566929133858268,0.9233455416926752
ROGDI,-0.4364040304082999,0.6929133858267716,0.9695596467319408
GLYR1,0.2383928711680996,0.28346456692913385,0.8574144950147485
UBN1,-0.6217865757401686,0.023622047244094488,0.6826476042030583
NAGPA,0.5485255228621044,0.09448818897637795,0.7290975019374097
METTL22,1.164115360021681,0.28346456692913385,0.8574144950147485
ABAT,1.1558870110669328,0.2440944881889764,0.8410862980163292
PMM2,-0.2465362953496637,0.6220472440944882,0.9618483135188818
CARHSP1,-0.15597483330004458,0.8346456692913385,0.9819224384651066
USP7,-0.4783979109612728,0.015748031496062992,0.6826476042030583
C16orf72,-0.1797978730565255,0.4566929133858268,0.9233455416926752
RPL21P119,-1.609912725406587,0.05511811023622047,0.6931238793170655
ATF7IP2,1.164718439570934,0.36220472440944884,0.8957091520102044
EMP2,1.9838007868230294,0.09448818897637795,0.7290975019374097
NUBP1,1.5190679304035961,0.14173228346456693,0.7686343861159114
TVP23A,1.573995216165749,0.14960629921259844,0.7739916929935694
CIITA,0.1345760957592157,0.7952755905511811,0.978664400309132
AC133065.6,0.013845766169026774,0.984251968503937,0.9988002758044506
AC133065.4,0.4944400022422708,0.33858267716535434,0.8824827791252136
AC133065.2,0.04075512330501008,0.9763779527559056,0.9988002758044506
CLEC16A,0.793121293565541,0.23622047244094488,0.8382889691177539
RMI2,0.33722612864273493,0.7244094488188977,0.9716680124035083
SOCS1,-0.18638612305897473,0.84251968503937,0.9823595446327953
LITAF,0.47217574548742647,0.2125984251968504,0.8224832770104163
SNN,-0.4964729501329561,0.1968503937007874,0.8133366461918351
TXNDC11,-0.3669501874390404,0.49606299212598426,0.9378529417969822
ZC3H7A,0.15959870207847704,0.41732283464566927,0.9107246259166057
RSL1D1,-0.33435864017492634,0.09448818897637795,0.7290975019374097
GSPT1,0.40520576050743884,0.10236220472440945,0.7341951946620201
TNFRSF17,-0.080910209418388,0.9763779527559056,0.9988002758044506
SNX29,0.31958787089001106,0.6220472440944882,0.9618483135188818
CPPED1,0.06992098806013303,0.8188976377952756,0.9819224384651066
AC092324.1,-1.025069540655935,0.07874015748031496,0.7107880171694956
ERCC4,0.5197318351930984,0.6141732283464567,0.9618483135188818
MKL2,-0.3837677147830054,0.25196850393700787,0.8470756930926249
PARN,0.225419036283804,0.6220472440944882,0.9618483135188818
BFAR,-0.3185995323294897,0.3858267716535433,0.901137518714905
NOMO1,0.15518178828502416,0.8503937007874016,0.9835944261634448
NPIPA1,-0.3105868047494349,0.5905511811023622,0.9608942225121786
PDXDC1,-0.14771542839770824,0.7559055118110236,0.9726051513462561
NTAN1,0.24617500856763508,0.7401574803149606,0.9726051513462561
RRN3,-0.47773092624181146,0.47244094488188976,0.9331994464922055
NPIPP1,-0.2038687750681758,0.7007874015748031,0.9697087411223303
PKD1P6,0.4718222038786357,0.5748031496062992,0.9559479904608623
NPIPA5,0.443188499426739,0.5826771653543307,0.9597435711535928
C16orf45,-0.9822736304437376,0.13385826771653545,0.7606862900526696
MARF1,0.10677444168726691,0.4566929133858268,0.9233455416926752
NDE1,0.6075529870130407,0.3779527559055118,0.90080276839105
AC026401.3,0.656658044134713,0.07086614173228346,0.7107880171694956
FOPNL,-0.3417360798295235,0.47244094488188976,0.9331994464922055
ABCC1,0.17085155918659822,0.4330708661417323,0.9149090270901766
XYLT1,-0.06341959613015558,0.8976377952755905,0.9899212869522312
AC099494.2,1.3981485685430681,0.07874015748031496,0.7107880171694956
RPS15A,-0.2898457895919275,0.08661417322834646,0.7251724549592804
ARL6IP1,-0.006194428819084052,0.968503937007874,0.9977263771544332
SMG1,-0.18743749765574869,0.3779527559055118,0.90080276839105
COQ7,-0.23195104374886766,0.7401574803149606,0.9726051513462561
ITPRIPL2,0.8980550807884597,0.07874015748031496,0.7107880171694956
GDE1,0.4317367031974557,0.4409448818897638,0.9193107263430548
CCP110,-0.28671100805295335,0.5354330708661418,0.9479419337985596
C16orf62,0.6015320778859516,0.07086614173228346,0.7107880171694956
KNOP1,1.243121864804181,0.14173228346456693,0.7686343861159114
ACSM3,0.42263879421438233,0.7165354330708661,0.9697087411223303
THUMPD1,-0.2092321088481217,0.6692913385826772,0.967634523772178
ERI2,0.6927753932466052,0.3937007874015748,0.9060325603890926
DCUN1D3,-0.007114443155189498,1.0,1.0
LYRM1,0.6213294449213023,0.7086614173228346,0.9697087411223303
TMEM159,-0.8651007985299888,0.09448818897637795,0.7290975019374097
CRYM,-2.4728604909129546,0.023622047244094488,0.6826476042030583
CRYM-AS1,-1.2800716633691092,0.047244094488188976,0.6826476042030583
SMG1P3,-0.4955764175602413,0.49606299212598426,0.9378529417969822
METTL9,-0.5964467707189511,0.03937007874015748,0.6826476042030583
AC005632.2,-0.6031268452360727,0.2755905511811024,0.853725753792971
IGSF6,0.4852570321405558,0.15748031496062992,0.7813115157480315
RRN3P1,0.40781986524307934,0.6692913385826772,0.967634523772178
SMG1P4,-1.38911969726918,0.14173228346456693,0.7686343861159114
UQCRC2,-0.01685841652471609,0.9291338582677166,0.9923418376941026
C16orf52,0.35118201097180446,0.49606299212598426,0.9378529417969822
EEF2K,0.5469550775143341,0.2992125984251969,0.8629198938688523
POLR3E,0.27568039298321434,0.1968503937007874,0.8133366461918351
CDR2,-0.38727121836781686,0.5196850393700787,0.9452006713295411
RRN3P3,-0.12556122717693574,0.889763779527559,0.9886177730539346
SMG1P1,-1.6880981375805724,0.015748031496062992,0.6826476042030583
USP31,1.0023971590854128,0.16535433070866143,0.7925152280493241
COG7,-1.3221035315912002,0.047244094488188976,0.6826476042030583
GGA2,-0.3198507278888414,0.3937007874015748,0.9060325603890926
EARS2,0.5104761223933956,0.6299212598425197,0.962871484045595
UBFD1,-0.02248175582484091,0.9212598425196851,0.9916034965968238
NDUFAB1,0.18027748364433993,0.5905511811023622,0.9608942225121786
PALB2,-0.5101931852678887,0.5984251968503937,0.9608942225121786
DCTN5,0.3895820982806928,0.1889763779527559,0.8133366461918351
PLK1,0.5875286799298913,0.5275590551181102,0.9452006713295411
PRKCB,-0.4886317651806369,0.11023622047244094,0.7341951946620201
RBBP6,-0.5371288514242876,0.05511811023622047,0.6931238793170655
TNRC6A,0.07336429633443498,0.8503937007874016,0.9835944261634448
ARHGAP17,-0.08562928525163738,0.8031496062992126,0.9806560380447493
LCMT1,-0.27087611041855153,0.7795275590551181,0.9769863358554425
HMGN2P3,0.7698878386735237,0.29133858267716534,0.8583371233084381
NSMCE1,0.28948601056122136,0.889763779527559,0.9886177730539346
FLJ21408,1.9505211485441478,0.023622047244094488,0.6826476042030583
AC106739.1,-0.10119828963027255,0.905511811023622,0.9899212869522312
IL4R,0.2509101439987145,0.5196850393700787,0.9452006713295411
IL21R,2.668143154354815,0.03937007874015748,0.6826476042030583
GTF3C1,0.789765134769485,0.4409448818897638,0.9193107263430548
KIAA0556,0.11191171292765612,0.6692913385826772,0.967634523772178
XPO6,-0.01734131945197781,0.984251968503937,0.9988002758044506
GAPDHP35,0.349723842226076,0.7401574803149606,0.9726051513462561
CLN3,-0.2248600164043575,0.8110236220472441,0.9806560380447493
APOBR,0.6662309680896619,0.6850393700787402,0.9695596467319408
NUPR1,0.5705851721345176,0.6377952755905512,0.962871484045595
SGF29,-0.4677327956484949,0.2755905511811024,0.853725753792971
SULT1A1,0.022286298718023012,0.9291338582677166,0.9923418376941026
EIF3C,-0.6391695829708737,0.4015748031496063,0.9086765677539906
ATXN2L,0.21471695266954693,0.7559055118110236,0.9726051513462561
TUFM,0.35562860401439433,0.08661417322834646,0.7251724549592804
SH2B1,0.2465572422338984,0.7874015748031497,0.9775940764002741
RABEP2,0.19695669501630952,0.7165354330708661,0.9697087411223303
CD19,-0.38680163430780645,0.6692913385826772,0.967634523772178
NFATC2IP,-0.2150740638541606,0.5984251968503937,0.9608942225121786
AC109460.1,-0.12696320784599258,0.84251968503937,0.9823595446327953
RRN3P2,-0.12900255912911884,0.9448818897637795,0.9944898714583753
AC009093.2,-0.435815166771774,0.5669291338582677,0.954855712655332
NPIPB11,-0.3967234967088016,0.6141732283464567,0.9618483135188818
SMG1P2,-0.035061494919037095,0.937007874015748,0.9941472732331481
SPN,-0.6201702580349533,0.03937007874015748,0.6826476042030583
QPRT,-0.2796567411850184,0.7480314960629921,0.9726051513462561
C16orf54,-0.5684489374120285,0.31496062992125984,0.8705799696691885
KIF22,-0.046745910881061725,0.984251968503937,0.9988002758044506
MVP,-0.31511624102216995,0.8188976377952756,0.9819224384651066
CDIPT,-0.4522815238346851,0.1732283464566929,0.8038630721031994
KCTD13,0.18164584414375984,0.6850393700787402,0.9695596467319408
TMEM219,0.4199451341570164,0.11811023622047244,0.7364350074797351
TAOK2,0.30332881191718464,0.3937007874015748,0.9060325603890926
HIRIP3,0.7919836595608469,0.41732283464566927,0.9107246259166057
ALDOA,0.21188787857168467,0.7401574803149606,0.9726051513462561
PPP4C,0.27656823974572387,0.5669291338582677,0.954855712655332
YPEL3,-0.14514706676176647,0.5826771653543307,0.9597435711535928
GDPD3,0.16243793493507663,0.8110236220472441,0.9806560380447493
MAPK3,0.6489808093061922,0.44881889763779526,0.9212102163700125
CORO1A,0.8403906141573065,0.6692913385826772,0.967634523772178
CD2BP2,0.7283831884275571,0.12598425196850394,0.7505281352026119
TBC1D10B,-0.171849869180285,0.6062992125984252,0.9608942225121786
MYLPF,0.1765014038207935,0.8110236220472441,0.9806560380447493
ZNF48,0.5680825753038781,0.2677165354330709,0.8534808525440345
DCTPP1,0.9602315338272911,0.06299212598425197,0.6963124387519445
SEPHS2,0.014154935039759842,0.9763779527559056,0.9988002758044506
ITGAL,-0.7839769642021048,0.047244094488188976,0.6826476042030583
ZNF768,0.9696781489595341,0.2755905511811024,0.853725753792971
ZNF747,0.023170715278134413,0.968503937007874,0.9977263771544332
ZNF764,0.09061938953897775,0.9291338582677166,0.9923418376941026
ZNF688,0.4625490339508138,0.5748031496062992,0.9559479904608623
ZNF785,0.32045409475348796,0.5590551181102362,0.9539915430764625
ZNF689,0.17083311905102372,0.7322834645669292,0.9726051513462561
PRR14,-0.6303562700598508,0.4881889763779528,0.9357814954688165
FBRS,-0.26379618437128016,0.7795275590551181,0.9769863358554425
SRCAP,-0.3128354557179627,0.6771653543307087,0.9685447258281904
PHKG2,0.5560892179017483,0.3858267716535433,0.901137518714905
ZNF629,1.4931068306624957,0.14173228346456693,0.7686343861159114
BCL7C,0.12319534376782615,0.937007874015748,0.9941472732331481
CTF1,0.3238450726050124,0.6850393700787402,0.9695596467319408
ORAI3,0.8762374021423738,0.2755905511811024,0.853725753792971
SETD1A,0.2962633025344039,0.7322834645669292,0.9726051513462561
HSD3B7,0.6473270255996333,0.3700787401574803,0.8970171905992668
STX4,0.280530141768188,0.7795275590551181,0.9769863358554425
VKORC1,0.5110198847877578,0.31496062992125984,0.8705799696691885
BCKDK,1.038190676642087,0.29133858267716534,0.8583371233084381
KAT8,-0.5899917071403022,0.15748031496062992,0.7813115157480315
AC135050.5,0.29102060253499107,0.7165354330708661,0.9697087411223303
AC135050.6,0.1448720628067819,0.8267716535433071,0.9819224384651066
PRSS36,0.02670458074783988,0.952755905511811,0.9944898714583753
FUS,0.016128312401351153,0.984251968503937,0.9988002758044506
PYCARD,0.700066023765336,0.3228346456692913,0.8759501889864706
ITGAM,0.3234091611122212,0.3937007874015748,0.9060325603890926
ITGAX,0.29869514615138737,0.6771653543307087,0.9685447258281904
ITGAD,-0.3107991489941091,0.8110236220472441,0.9806560380447493
ARMC5,-1.1050483844321324,0.07086614173228346,0.7107880171694956
AC106730.1,0.7792136147822131,0.4015748031496063,0.9086765677539906
ZNF720,0.005248964619434915,0.984251968503937,0.9988002758044506
ZNF267,0.11538756131058214,0.6692913385826772,0.967634523772178
BCLAF1P2,-0.4545107709208609,0.30708661417322836,0.868085262990023
SHCBP1,0.14833187148047378,0.8582677165354331,0.9837431881343323
VPS35,0.4535980112192366,0.2125984251968504,0.8224832770104163
ORC6,0.8753960073456071,0.30708661417322836,0.868085262990023
C16orf87,0.29478712260400464,0.6299212598425197,0.962871484045595
GPT2,0.4612543765779282,0.7086614173228346,0.9697087411223303
DNAJA2,-0.022461261559524104,0.905511811023622,0.9899212869522312
NETO2,1.359535744199861,0.031496062992125984,0.6826476042030583
ITFG1,0.6830382060885851,0.07874015748031496,0.7107880171694956
PHKB,0.21612985215676517,0.5511811023622047,0.9514203834061379
NDUFA5P11,-0.25489656701277497,0.6692913385826772,0.967634523772178
LONP2,0.2055679318751018,0.3858267716535433,0.901137518714905
SIAH1,0.3602121623773229,0.16535433070866143,0.7925152280493241
N4BP1,-0.11634155363837628,0.6456692913385826,0.9653496962085154
CNEP1R1,0.030746699762521423,0.9763779527559056,0.9988002758044506
HEATR3,0.38708622671588433,0.5275590551181102,0.9452006713295411
PAPD5,-0.12886358500388262,0.4881889763779528,0.9357814954688165
ADCY7,0.7899490287048041,0.30708661417322836,0.868085262990023
BRD7,-0.39384086118322426,0.33858267716535434,0.8824827791252136
SNX20,0.5501711039049084,0.3464566929133858,0.8873455246406359
NOD2,-0.2613921220025759,0.33070866141732286,0.8811266433105555
AC007728.2,-0.05420625237771093,0.9763779527559056,0.9988002758044506
CYLD,-0.23589854882168027,0.10236220472440945,0.7341951946620201
HNRNPA1P48,-0.5671987082689744,0.15748031496062992,0.7813115157480315
AC026462.1,-0.04392041813835501,0.8267716535433071,0.9819224384651066
CHD9,-0.3488417689534433,0.3543307086614173,0.8915123476047269
AC007342.3,-0.7740430661802375,0.14173228346456693,0.7686343861159114
RBL2,0.0797578775803327,0.8661417322834646,0.9853875082167936
AKTIP,0.45532035325982045,0.4409448818897638,0.9193107263430548
RPGRIP1L,-0.9087113613409241,0.15748031496062992,0.7813115157480315
FTO,0.830685491251062,0.1732283464566929,0.8038630721031994
MMP2,1.3498054281030738,0.3779527559055118,0.90080276839105
MMP2-AS1,0.4071866954167662,0.7322834645669292,0.9726051513462561
LPCAT2,0.4722474285635183,0.1889763779527559,0.8133366461918351
GNAO1,2.016751042500868,0.11811023622047244,0.7364350074797351
AMFR,0.09772559043861762,0.8818897637795275,0.9879934629764293
NUDT21,0.28166501290143575,0.5433070866141733,0.9499646623191925
OGFOD1,0.4334942903525061,0.29133858267716534,0.8583371233084381
BBS2,0.5270591245174487,0.6141732283464567,0.9618483135188818
MT2A,-1.0377667898813145,0.2755905511811024,0.853725753792971
MT1E,-0.9523946201294555,0.3464566929133858,0.8873455246406359
MT1F,1.023654659070239,0.11023622047244094,0.7341951946620201
MT1G,-0.49481373177716126,0.6062992125984252,0.9608942225121786
MT1X,0.6688181414524266,0.5354330708661418,0.9479419337985596
NUP93,-0.09363299768468769,0.9133858267716536,0.9910228417757366
SLC12A3,-0.36675256274094936,0.7559055118110236,0.9726051513462561
RPS24P17,-0.3888763324474689,0.6692913385826772,0.967634523772178
HERPUD1,-0.28579898278034754,0.5905511811023622,0.9608942225121786
AC012181.2,0.5357424103655515,0.4330708661417323,0.9149090270901766
NLRC5,0.2886282162435285,0.6771653543307087,0.9685447258281904
CPNE2,1.151005822574274,0.2992125984251969,0.8629198938688523
FAM192A,-0.28033832531701197,0.4409448818897638,0.9193107263430548
RSPRY1,0.19436683315462489,0.5984251968503937,0.9608942225121786
CCL22,0.19846613642729372,0.8267716535433071,0.9819224384651066
CIAPIN1,0.24913726350439624,0.5039370078740157,0.939868419531259
COQ9,-0.26195107287136876,0.8188976377952756,0.9819224384651066
POLR2C,-0.5617044389108177,0.6299212598425197,0.962871484045595
ADGRG5,-0.7751775170065276,0.14960629921259844,0.7739916929935694
KATNB1,0.1393535256992473,0.8582677165354331,0.9837431881343323
KIFC3,1.8256899929498274,0.047244094488188976,0.6826476042030583
ZNF319,0.1335132921831197,0.8740157480314961,0.9870953241817563
USB1,0.6768924972304795,0.2283464566929134,0.8336385014247465
MMP15,-0.9831172557963989,0.1889763779527559,0.8133366461918351
CFAP20,-0.2095573337742609,0.6062992125984252,0.9608942225121786
CSNK2A2,-0.011837685382502627,0.952755905511811,0.9944898714583753
GINS3,0.9135837451654705,0.2047244094488189,0.8179316528497794
SETD6,-0.9689957031309842,0.06299212598425197,0.6963124387519445
CNOT1,0.8109659548987618,0.08661417322834646,0.7251724549592804
SLC38A7,1.8569366450128353,0.031496062992125984,0.6826476042030583
GOT2,-0.1914201712818162,0.6062992125984252,0.9608942225121786
RPS27AP16,-0.33569858523152973,0.1889763779527559,0.8133366461918351
AC093536.1,-0.10410204291403558,0.8031496062992126,0.9806560380447493
TK2,-0.4450525401526457,0.4251968503937008,0.9130051051310895
CMTM2,-0.1097265423970839,0.8346456692913385,0.9819224384651066
CMTM3,0.006512596185744179,0.968503937007874,0.9977263771544332
CMTM4,0.40705559225611676,0.5905511811023622,0.9608942225121786
DYNC1LI2,-0.08951520240708621,0.7007874015748031,0.9697087411223303
NAE1,-0.08853611914854564,0.7795275590551181,0.9769863358554425
PDP2,1.702427259719895,0.06299212598425197,0.6963124387519445
RRAD,0.14320611719109166,0.9291338582677166,0.9923418376941026
FAM96B,0.28420176334176706,0.6456692913385826,0.9653496962085154
CES2,0.404486221393745,0.4251968503937008,0.9130051051310895
CES4A,-1.308796116177023,0.13385826771653545,0.7606862900526696
CBFB,0.07572899994498083,0.84251968503937,0.9823595446327953
C16orf70,0.8502117091199239,0.3464566929133858,0.8873455246406359
TRADD,0.6262235845919073,0.3700787401574803,0.8970171905992668
NOL3,-0.5747699280541376,0.47244094488188976,0.9331994464922055
KIAA0895L,-0.7941234813627316,0.2204724409448819,0.8287127766916084
E2F4,0.2927704021279398,0.4330708661417323,0.9149090270901766
TMEM208,0.22402757466613288,0.6220472440944882,0.9618483135188818
FHOD1,0.6992404616337735,0.09448818897637795,0.7290975019374097
LRRC36,-0.7994367190997369,0.4094488188976378,0.9090035743434535
TPPP3,-0.031111106630226093,0.968503937007874,0.9977263771544332
ATP6V0D1,0.23376091672357102,0.4330708661417323,0.9149090270901766
AC009061.2,-0.959687441179721,0.16535433070866143,0.7925152280493241
RIPOR1,0.44985772424498904,0.3228346456692913,0.8759501889864706
CTCF,-0.05992945114376358,0.8818897637795275,0.9879934629764293
CARMIL2,-0.47689361151937015,0.5275590551181102,0.9452006713295411
ACD,0.8770870273397728,0.33858267716535434,0.8824827791252136
PARD6A,0.02143978847877448,1.0,1.0
ENKD1,0.2742997358409356,0.7559055118110236,0.9726051513462561
GFOD2,1.0326036423640816,0.09448818897637795,0.7290975019374097
RANBP10,0.22623151154369836,0.4881889763779528,0.9357814954688165
CENPT,-0.11917204040476204,0.8740157480314961,0.9870953241817563
THAP11,0.5073538516242984,0.2204724409448819,0.8287127766916084
NUTF2,0.6454445010657386,0.047244094488188976,0.6826476042030583
PSKH1,-0.5777719527736132,0.2283464566929134,0.8336385014247465
PSMB10,0.7038318865937839,0.33858267716535434,0.8824827791252136
LCAT,-0.8264665487138068,0.3700787401574803,0.8970171905992668
SLC12A4,-0.3127902011271697,0.33858267716535434,0.8824827791252136
DPEP2,0.756193286179877,0.12598425196850394,0.7505281352026119
DUS2,0.5485882052958795,0.4566929133858268,0.9233455416926752
DDX28,-0.13959630698249592,0.9212598425196851,0.9916034965968238
NFATC3,-0.24965234404174597,0.6220472440944882,0.9618483135188818
PLA2G15,1.3310473395738123,0.08661417322834646,0.7251724549592804
SLC7A6,0.12118826334364918,0.8188976377952756,0.9819224384651066
PRMT7,-0.07447940578523093,0.9212598425196851,0.9916034965968238
SMPD3,-1.8156860578403329,0.047244094488188976,0.6826476042030583
ZFP90,1.3815836602587401,0.3464566929133858,0.8873455246406359
CDH1,0.00011826838390494032,1.0,1.0
TANGO6,0.7974716100363786,0.48031496062992124,0.9342236316938177
CHTF8,0.15036076127639486,0.4251968503937008,0.9130051051310895
UTP4,-0.04303455168584147,0.8582677165354331,0.9837431881343323
SNTB2,-0.24048166287304662,0.5275590551181102,0.9452006713295411
VPS4A,-0.15112208660410253,0.7322834645669292,0.9726051513462561
COG8,0.8819511346663149,0.15748031496062992,0.7813115157480315
NIP7,0.1308239966220075,0.8346456692913385,0.9819224384651066
TERF2,0.4320934046601037,0.30708661417322836,0.868085262990023
CYB5B,0.6350080574269024,0.023622047244094488,0.6826476042030583
NFAT5,0.19673765302196955,0.5275590551181102,0.9452006713295411
NQO1,1.1051050430269256,0.2125984251968504,0.8224832770104163
NOB1,1.313634840294891,0.05511811023622047,0.6931238793170655
WWP2,-0.15723486486310279,0.5433070866141733,0.9499646623191925
PDPR,1.1179673134602517,0.36220472440944884,0.8957091520102044
SMG1P7,1.0503641256835619,0.2125984251968504,0.8224832770104163
EXOSC6,0.09495397659364979,0.6850393700787402,0.9695596467319408
AARS,0.9844760498549263,0.015748031496062992,0.6826476042030583
DDX19B,0.8240624656147308,0.3779527559055118,0.90080276839105
DDX19A,-0.23280047816182492,0.5433070866141733,0.9499646623191925
ST3GAL2,-0.5823151714263073,0.1889763779527559,0.8133366461918351
FUK,0.0909179170768799,0.8740157480314961,0.9870953241817563
COG4,0.8213272282972808,0.3779527559055118,0.90080276839105
SF3B3,-0.02226513236793881,0.8661417322834646,0.9853875082167936
MTSS1L,-0.36392783834051623,0.6850393700787402,0.9695596467319408
VAC14,0.0983571392350635,0.7480314960629921,0.9726051513462561
CMTR2,0.2314850588972801,0.7244094488188977,0.9716680124035083
PHLPP2,-0.21090827254645106,0.7244094488188977,0.9716680124035083
AP1G1,0.1709828962766391,0.5511811023622047,0.9514203834061379
ATXN1L,0.3963898251337796,0.14960629921259844,0.7739916929935694
IST1,-0.143163775410879,0.4645669291338583,0.9271628797814478
ZNF821,-0.2231650414926466,0.8110236220472441,0.9806560380447493
ATP5A1P3,-0.7041296295195472,0.11811023622047244,0.7364350074797351
DHODH,-0.2091608983012856,0.7401574803149606,0.9726051513462561
TXNL4B,0.39040584930997513,0.5196850393700787,0.9452006713295411
HP,-1.1102195659066427,0.3543307086614173,0.8915123476047269
DHX38,-0.05634922582067681,0.9133858267716536,0.9910228417757366
AC004943.2,0.2361203305657631,0.7165354330708661,0.9697087411223303
ZFHX3,0.6194280887715271,0.14173228346456693,0.7686343861159114
PSMD7,-0.22982097381933198,0.6220472440944882,0.9618483135188818
NPIPB15,-0.8216601099441347,0.09448818897637795,0.7290975019374097
GLG1,-0.18968514265884995,0.1968503937007874,0.8133366461918351
RFWD3,1.016737531112169,0.2992125984251969,0.8629198938688523
MLKL,-0.005911870682805187,0.984251968503937,0.9988002758044506
WDR59,0.3289775258320988,0.2440944881889764,0.8410862980163292
ZNRF1,1.4688038508835803,0.12598425196850394,0.7505281352026119
ZFP1,-0.392928451920006,0.6141732283464567,0.9618483135188818
CFDP1,0.1997665709243499,0.6299212598425197,0.962871484045595
TMEM170A,0.059346606791838674,0.8267716535433071,0.9819224384651066
TMEM231,0.14029053567920502,0.8503937007874016,0.9835944261634448
GABARAPL2,-0.1307466978450087,0.5039370078740157,0.939868419531259
ADAT1,-0.1414785892173982,0.7795275590551181,0.9769863358554425
KARS,-0.10134288616933596,0.6062992125984252,0.9608942225121786
TERF2IP,-0.2369611989352558,0.2677165354330709,0.8534808525440345
ATP5F1P7,-0.39980604480515525,0.6377952755905512,0.962871484045595
MON1B,-0.22240482952973117,0.4330708661417323,0.9149090270901766
WWOX,-0.6846001661487564,0.2755905511811024,0.853725753792971
MAF,1.1375131601861144,0.09448818897637795,0.7290975019374097
CDYL2,-0.31972370918509485,0.6220472440944882,0.9618483135188818
CMC2,-0.3153991416073758,0.3858267716535433,0.901137518714905
CENPN,1.359530381892137,0.015748031496062992,0.6826476042030583
AC092718.4,1.2311570473718818,0.10236220472440945,0.7341951946620201
ATMIN,-0.12938105092487007,0.7401574803149606,0.9726051513462561
GAN,-0.31835323569781915,0.7244094488188977,0.9716680124035083
CMIP,0.17472287464954306,0.5905511811023622,0.9608942225121786
AC099524.1,0.17176440747280575,0.8188976377952756,0.9819224384651066
PLCG2,-0.05482278642163241,0.905511811023622,0.9899212869522312
MPHOSPH6,0.36295153450823747,0.23622047244094488,0.8382889691177539
HSBP1,0.35046517728045146,0.41732283464566927,0.9107246259166057
MLYCD,-0.4141055697794651,0.6377952755905512,0.962871484045595
MBTPS1,0.19615693043169724,0.5669291338582677,0.954855712655332
HSDL1,0.09279531432647836,0.8503937007874016,0.9835944261634448
DNAAF1,-0.1855260462313102,0.7795275590551181,0.9769863358554425
TAF1C,0.17593579709494644,0.8267716535433071,0.9819224384651066
TLDC1,1.0586842911851555,0.1889763779527559,0.8133366461918351
COTL1,0.43087523786875437,0.30708661417322836,0.868085262990023
KLHL36,-0.29050265500702555,0.6220472440944882,0.9618483135188818
USP10,-0.2504860008668519,0.12598425196850394,0.7505281352026119
CRISPLD2,-1.710426567206615,0.015748031496062992,0.6826476042030583
ZDHHC7,-0.1202851108273757,0.7480314960629921,0.9726051513462561
KIAA0513,-0.7620344965444348,0.12598425196850394,0.7505281352026119
GSE1,0.44316961263036436,0.4330708661417323,0.9149090270901766
GINS2,1.1867942105828042,0.2204724409448819,0.8287127766916084
EMC8,0.7849950368177048,0.2992125984251969,0.8629198938688523
COX4I1,-0.12657539224321646,0.4251968503937008,0.9130051051310895
IRF8,-0.6546900017337745,0.25196850393700787,0.8470756930926249
LINC02132,-0.7676898540769317,0.23622047244094488,0.8382889691177539
MTHFSD,0.5893027343176458,0.4015748031496063,0.9086765677539906
FBXO31,-0.37048969935607445,0.3464566929133858,0.8873455246406359
MAP1LC3B,-0.017120016841733587,0.952755905511811,0.9944898714583753
ZCCHC14,0.549956616655384,0.6062992125984252,0.9608942225121786
KLHDC4,-0.4801292618301045,0.33858267716535434,0.8824827791252136
SLC7A5,-1.0613521873620666,0.2204724409448819,0.8287127766916084
BANP,-0.7671878740092879,0.06299212598425197,0.6963124387519445
AC134312.5,0.8004556976278787,0.36220472440944884,0.8957091520102044
ZNF469,-0.23401148483764045,0.6535433070866141,0.966090961744307
ZC3H18,-0.31327693032990744,0.6535433070866141,0.966090961744307
CYBA,0.8472819241871621,0.6377952755905512,0.962871484045595
MVD,0.31599955391033197,0.7401574803149606,0.9726051513462561
SNAI3,-0.09791525470957607,0.8740157480314961,0.9870953241817563
RNF166,-0.5565849680274897,0.6850393700787402,0.9695596467319408
PIEZO1,-0.2131537238094494,0.8346456692913385,0.9819224384651066
CDT1,0.05413665121475919,0.952755905511811,0.9944898714583753
APRT,0.10004661182093066,0.8188976377952756,0.9819224384651066
GALNS,-0.09915592104196769,0.8503937007874016,0.9835944261634448
TRAPPC2L,0.9980531252054714,0.29133858267716534,0.8583371233084381
CBFA2T3,-0.7094531282816554,0.031496062992125984,0.6826476042030583
AC092384.1,-1.2892001015150831,0.023622047244094488,0.6826476042030583
ACSF3,0.20118706706705236,0.7795275590551181,0.9769863358554425
ZNF778,0.7003271269760545,0.31496062992125984,0.8705799696691885
ANKRD11,-0.5495635259146141,0.06299212598425197,0.6963124387519445
SPG7,0.43221641432300206,0.3543307086614173,0.8915123476047269
AC092123.2,-0.7238287920766213,0.31496062992125984,0.8705799696691885
RPL13,-0.39215578413580765,0.3937007874015748,0.9060325603890926
CHMP1A,0.009510276774991944,0.9921259842519685,1.0
SPATA33,0.20905854521198686,0.8110236220472441,0.9806560380447493
CDK10,-0.2549445332542768,0.8503937007874016,0.9835944261634448
SPATA2L,-0.15444255825571584,0.905511811023622,0.9899212869522312
VPS9D1,0.6017937641688129,0.5196850393700787,0.9452006713295411
ZNF276,-1.178310184927136,0.14960629921259844,0.7739916929935694
FANCA,-0.22261049087531637,0.7874015748031497,0.9775940764002741
TCF25,-0.4181236100307597,0.4330708661417323,0.9149090270901766
DEF8,-0.03270978303372196,0.952755905511811,0.9944898714583753
AFG3L1P,0.4370295772591839,0.2992125984251969,0.8629198938688523
RPH3AL,-0.9710314936597688,0.07874015748031496,0.7107880171694956
RFLNB,-0.9179397096085977,0.16535433070866143,0.7925152280493241
VPS53,-0.18047251023153432,0.30708661417322836,0.868085262990023
FAM57A,1.357380184785165,0.28346456692913385,0.8574144950147485
GEMIN4,0.4667188029330629,0.4409448818897638,0.9193107263430548
GLOD4,-0.18211138879405997,0.4881889763779528,0.9357814954688165
MRM3,0.5905227475237986,0.3228346456692913,0.8759501889864706
TIMM22,0.3304123000728538,0.6929133858267716,0.9695596467319408
ABR,0.49869783018012903,0.6692913385826772,0.967634523772178
YWHAE,0.2856272783508089,0.15748031496062992,0.7813115157480315
CRK,0.16368342175852124,0.5984251968503937,0.9608942225121786
MYO1C,1.035629285624601,0.3700787401574803,0.8970171905992668
INPP5K,0.374318476589548,0.7480314960629921,0.9726051513462561
PITPNA,0.8429980698985196,0.12598425196850394,0.7505281352026119
SLC43A2,0.5288922711604691,0.23622047244094488,0.8382889691177539
SCARF1,0.5340946349020794,0.12598425196850394,0.7505281352026119
RILP,1.06429833661773,0.07874015748031496,0.7107880171694956
PRPF8,0.009635937408784656,0.9448818897637795,0.9944898714583753
TLCD2,1.87509648715143,0.015748031496062992,0.6826476042030583
MIR22HG,-0.4264850496250636,0.1889763779527559,0.8133366461918351
SERPINF2,0.24723326160343717,0.7322834645669292,0.9726051513462561
SERPINF1,-0.2839403242720353,0.2440944881889764,0.8410862980163292
SMYD4,-1.1687253798475616,0.14173228346456693,0.7686343861159114
RPA1,-0.059186979558248254,0.8976377952755905,0.9899212869522312
DPH1,-0.08538677574602405,0.8740157480314961,0.9870953241817563
AC090617.6,0.21796930084783117,0.8110236220472441,0.9806560380447493
HIC1,0.8774953570206399,0.44881889763779526,0.9212102163700125
SMG6,-0.02077024278441697,0.968503937007874,0.9977263771544332
SRR,0.20213364987170102,0.7795275590551181,0.9769863358554425
TSR1,2.1415561981387747,0.07874015748031496,0.7107880171694956
SGSM2,-0.7594344140710447,0.4881889763779528,0.9357814954688165
MNT,0.1645236569016153,0.905511811023622,0.9899212869522312
METTL16,1.0566740119926612,0.2677165354330709,0.8534808525440345
PAFAH1B1,0.25222590599033357,0.18110236220472442,0.8073643742935083
CLUH,-0.09170424062206095,0.8267716535433071,0.9819224384651066
RAP1GAP2,-0.5869247833658795,0.13385826771653545,0.7606862900526696
TRPV1,0.6231905649812954,0.3937007874015748,0.9060325603890926
CTNS,0.1606326076152813,0.6535433070866141,0.966090961744307
TAX1BP3,0.1666252359376652,0.6062992125984252,0.9608942225121786
P2RX5,0.638523849835261,0.33070866141732286,0.8811266433105555
ITGAE,-0.2846052706977673,0.5590551181102362,0.9539915430764625
NCBP3,-0.373230599392004,0.13385826771653545,0.7606862900526696
CAMKK1,-2.2416784927811477,0.015748031496062992,0.6826476042030583
P2RX1,-0.5195759210173456,0.6614173228346457,0.967634523772178
ATP2A3,-0.3847885561261659,0.3937007874015748,0.9060325603890926
ZZEF1,0.05484702748707404,0.8661417322834646,0.9853875082167936
CYB5D2,0.05833238699819576,0.8976377952755905,0.9899212869522312
ANKFY1,0.0030150409900091546,0.9763779527559056,0.9988002758044506
UBE2G1,-0.1430267512623109,0.6535433070866141,0.966090961744307
SPNS3,0.6292639286895875,0.5275590551181102,0.9452006713295411
MYBBP1A,-0.3694761256052115,0.7165354330708661,0.9697087411223303
TXNP4,-0.5736497987271632,0.5984251968503937,0.9608942225121786
ALOX15,0.5558554214809663,0.5748031496062992,0.9559479904608623
PELP1,0.542234915476747,0.7007874015748031,0.9697087411223303
ARRB2,0.31067918856015453,0.14960629921259844,0.7739916929935694
MED11,-0.6348856973694104,0.11023622047244094,0.7341951946620201
CXCL16,0.8711873693134837,0.07086614173228346,0.7107880171694956
ZMYND15,1.116160942527125,0.2755905511811024,0.853725753792971
VMO1,1.4712993095501665,0.2204724409448819,0.8287127766916084
AC233723.2,1.0594452421566953,0.07874015748031496,0.7107880171694956
PSMB6,0.3634588069923641,0.5118110236220472,0.9438814884599421
PLD2,0.9879178429129052,0.41732283464566927,0.9107246259166057
MINK1,0.050399645839865226,0.9212598425196851,0.9916034965968238
CHRNE,0.9780042754942864,0.28346456692913385,0.8574144950147485
C17orf107,0.5082495543013625,0.48031496062992124,0.9342236316938177
SLC25A11,0.555296408644903,0.13385826771653545,0.7606862900526696
RNF167,0.06377095155179902,0.7952755905511811,0.978664400309132
PFN1,0.3532820551795002,0.2755905511811024,0.853725753792971
ENO3,0.9658013319363181,0.3858267716535433,0.901137518714905
SPAG7,-0.1909567959875984,0.44881889763779526,0.9212102163700125
CAMTA2,1.1604310050436952,0.3228346456692913,0.8759501889864706
KIF1C,1.0293855963314917,0.015748031496062992,0.6826476042030583
ZFP3,0.15207558348217187,0.8503937007874016,0.9835944261634448
ZNF232,-0.10736862889639198,0.8346456692913385,0.9819224384651066
AC012146.1,-0.3772221277435537,0.6062992125984252,0.9608942225121786
SCIMP,0.0351927888326351,0.8976377952755905,0.9899212869522312
RABEP1,0.3703950367943989,0.36220472440944884,0.8957091520102044
NUP88,0.5707029929925769,0.4881889763779528,0.9357814954688165
RPAIN,0.06568027682873812,0.8188976377952756,0.9819224384651066
C1QBP,-0.05506252495995678,0.8267716535433071,0.9819224384651066
DHX33,0.3658275540836433,0.7795275590551181,0.9769863358554425
DERL2,-0.4060154815385797,0.2204724409448819,0.8287127766916084
MIS12,-0.1821332715171664,0.6850393700787402,0.9695596467319408
NLRP1,-0.5324222674273136,0.1732283464566929,0.8038630721031994
BTF3P14,-0.9119209480756911,0.18110236220472442,0.8073643742935083
KIAA0753,0.8954695159806434,0.30708661417322836,0.868085262990023
TXNDC17,0.11307646196152721,0.7007874015748031,0.9697087411223303
MED31,-0.7311533369379513,0.28346456692913385,0.8574144950147485
XAF1,-0.1936956087940942,0.8267716535433071,0.9819224384651066
ALOX12-AS1,0.570651438880758,0.5984251968503937,0.9608942225121786
AC040977.1,-0.64177018049775,0.4330708661417323,0.9149090270901766
RNASEK,0.16329791711232633,0.7952755905511811,0.978664400309132
CLEC10A,1.1493771421743553,0.13385826771653545,0.7606862900526696
ASGR2,0.3422048272759124,0.5039370078740157,0.939868419531259
ASGR1,-0.024415457251022232,0.9606299212598425,0.9967290768663719
DLG4,0.39228093221439897,0.6535433070866141,0.966090961744307
ACADVL,-0.19538851393892198,0.6535433070866141,0.966090961744307
DVL2,-0.44227838669459274,0.4330708661417323,0.9149090270901766
PHF23,-0.33628043676380237,0.5669291338582677,0.954855712655332
GABARAP,-0.17208315677357777,0.8582677165354331,0.9837431881343323
CTDNEP1,0.14922879971957848,0.7165354330708661,0.9697087411223303
ELP5,-0.021266458099425734,0.968503937007874,0.9977263771544332
CLDN7,-0.4615671936104926,0.3858267716535433,0.901137518714905
EIF5A,0.02021058277415122,0.9763779527559056,0.9988002758044506
ACAP1,-0.07119816369585497,0.968503937007874,0.9977263771544332
TMEM256,0.22785017344494118,0.4251968503937008,0.9130051051310895
NLGN2,0.5159398094485977,0.5511811023622047,0.9514203834061379
CHRNB1,-0.9484847228664746,0.16535433070866143,0.7925152280493241
ZBTB4,-0.281271698316627,0.2992125984251969,0.8629198938688523
POLR2A,-0.4167630422457247,0.33858267716535434,0.8824827791252136
TNFSF12,1.1598346488211364,0.031496062992125984,0.6826476042030583
SENP3,-0.48941053802381695,0.5590551181102362,0.9539915430764625
EIF4A1,-0.31964308869172964,0.6299212598425197,0.962871484045595
MPDU1,1.0254864237827324,0.4330708661417323,0.9149090270901766
FXR2,-0.2937392717951308,0.6456692913385826,0.9653496962085154
SAT2,-0.15343782954582785,0.5354330708661418,0.9479419337985596
TP53,-0.45057439993994564,0.1889763779527559,0.8133366461918351
AC087388.1,0.1298054764520027,0.8267716535433071,0.9819224384651066
WRAP53,0.42913406425919565,0.49606299212598426,0.9378529417969822
KDM6B,-0.22087236135782629,0.8740157480314961,0.9870953241817563
TMEM88,-0.46739393353326175,0.6771653543307087,0.9685447258281904
NAA38,-0.1931044209457662,0.8503937007874016,0.9835944261634448
AC104581.4,-0.7827700532496742,0.41732283464566927,0.9107246259166057
CHD3,-0.8315888887021803,0.06299212598425197,0.6963124387519445
LINC02581,-0.026694134611850107,0.9606299212598425,0.9967290768663719
TRAPPC1,0.0299256196106521,0.952755905511811,0.9944898714583753
CNTROB,-0.8567045103155668,0.11811023622047244,0.7364350074797351
GUCY2D,-1.569495156802589,0.06299212598425197,0.6963124387519445
PER1,-0.32429167982595963,0.6692913385826772,0.967634523772178
VAMP2,-0.6718705837251724,0.015748031496062992,0.6826476042030583
TMEM107,0.6971720614200372,0.07086614173228346,0.7107880171694956
BORCS6,1.6337796220431953,0.03937007874015748,0.6826476042030583
AURKB,0.6352082446128555,0.6692913385826772,0.967634523772178
LINC00324,-0.39863778621097223,0.4881889763779528,0.9357814954688165
CTC1,-0.9444196945600121,0.29133858267716534,0.8583371233084381
PFAS,-0.4735193231687944,0.6141732283464567,0.9618483135188818
SLC25A35,0.2708234939255969,0.7874015748031497,0.9775940764002741
RPL26,-0.22177539882772912,0.4094488188976378,0.9090035743434535
NDEL1,0.592484279756599,0.3543307086614173,0.8915123476047269
MYH10,0.7028186759300841,0.4251968503937008,0.9130051051310895
PIK3R6,0.605138863594707,0.5984251968503937,0.9608942225121786
PIK3R5,-0.038725993766485445,0.8110236220472441,0.9806560380447493
AC002091.2,0.4367397144068621,0.5748031496062992,0.9559479904608623
STX8,0.5254997701769719,0.03937007874015748,0.6826476042030583
GAS7,-0.05498123476009731,0.9133858267716536,0.9910228417757366
MYH3,0.4471047667834982,0.4251968503937008,0.9130051051310895
SCO1,0.48656372645179413,0.1968503937007874,0.8133366461918351
ADPRM,-1.2526119689458128,0.11811023622047244,0.7364350074797351
TMEM220,-0.20808759979115798,0.6299212598425197,0.962871484045595
ZNF18,0.12749769704638148,0.84251968503937,0.9823595446327953
MAP2K4,-0.3469355945945827,0.07874015748031496,0.7107880171694956
ELAC2,0.10785614172222902,0.8582677165354331,0.9837431881343323
COX10-AS1,0.38428549329112327,0.5984251968503937,0.9608942225121786
COX10,-0.26882239677005204,0.6771653543307087,0.9685447258281904
HS3ST3B1,-0.5903168218286039,0.28346456692913385,0.8574144950147485
AC005224.4,0.2771741398079661,0.7637795275590551,0.9726051513462561
RPS18P12,-0.9781444201796425,0.31496062992125984,0.8705799696691885
PMP22,1.0277821966115708,0.03937007874015748,0.6826476042030583
TRIM16,0.9228762649647733,0.33070866141732286,0.8811266433105555
ADORA2B,0.3423639397295952,0.44881889763779526,0.9212102163700125
ZSWIM7,0.5587593774845239,0.2125984251968504,0.8224832770104163
TTC19,0.19136920387687795,0.4330708661417323,0.9149090270901766
NCOR1,-0.02689533741994321,0.8818897637795275,0.9879934629764293
PIGL,-0.6128575564647369,0.12598425196850394,0.7505281352026119
UBB,-0.48225873834888766,0.2677165354330709,0.8534808525440345
TRPV2,0.32856319528016886,0.3228346456692913,0.8759501889864706
LRRC75A-AS1,-0.037855809256229556,0.9448818897637795,0.9944898714583753
AC005822.1,0.6904931732480506,0.28346456692913385,0.8574144950147485
ZNF624,-0.4950702078575505,0.6535433070866141,0.966090961744307
UPF3AP1,-1.0997883621088271,0.015748031496062992,0.6826476042030583
AC104024.1,-0.9149385570662292,0.4094488188976378,0.9090035743434535
MPRIP,-0.2581342074307771,0.4330708661417323,0.9149090270901766
PLD6,0.09297136322250932,0.9212598425196851,0.9916034965968238
FLCN,0.36587460528093274,0.5196850393700787,0.9452006713295411
COPS3,-0.21878389595464842,0.3543307086614173,0.8915123476047269
RPL13P12,-0.747142970804302,0.14960629921259844,0.7739916929935694
MED9,-1.01564463866161,0.1968503937007874,0.8133366461918351
RASD1,-1.9182631647626067,0.07874015748031496,0.7107880171694956
PEMT,0.7389081171202307,0.4330708661417323,0.9149090270901766
SREBF1,0.5821557486784972,0.12598425196850394,0.7505281352026119
TOM1L2,-0.13648777034065818,0.9291338582677166,0.9923418376941026
ATPAF2,1.023033866643206,0.3543307086614173,0.8915123476047269
GID4,-0.4231360525994332,0.4881889763779528,0.9357814954688165
DRG2,0.24817699477428512,0.7322834645669292,0.9726051513462561
ALKBH5,-0.6233483876730892,0.031496062992125984,0.6826476042030583
FLII,0.42610557410081995,0.6220472440944882,0.9618483135188818
MIEF2,-0.6968294832141975,0.33858267716535434,0.8824827791252136
TOP3A,-0.15308386117621264,0.48031496062992124,0.9342236316938177
SMCR8,-0.0432900567112644,0.968503937007874,0.9977263771544332
SHMT1,-0.19081529568258127,0.7952755905511811,0.978664400309132
CCDC144B,1.280607368377158,0.047244094488188976,0.6826476042030583
AC026271.1,0.16586732382464398,0.84251968503937,0.9823595446327953
TVP23B,-0.4879770298391386,0.2440944881889764,0.8410862980163292
PRPSAP2,-0.04070292786495511,0.8346456692913385,0.9819224384651066
SNORD3B-1,-0.8115649870642927,0.36220472440944884,0.8957091520102044
SNORD3B-2,-1.4501548901460781,0.09448818897637795,0.7290975019374097
AC007952.4,-0.44862829046321595,0.6929133858267716,0.9695596467319408
SNORD3A,-0.2068707771565652,0.8188976377952756,0.9819224384651066
SNORD3C,-0.9729842498962319,0.14960629921259844,0.7739916929935694
MFAP4,0.08484269208316464,0.889763779527559,0.9886177730539346
RPS2P46,-0.45402765182154203,0.6692913385826772,0.967634523772178
SLC47A1,-0.5133052196970445,0.44881889763779526,0.9212102163700125
ALDH3A2,0.5471548760955285,0.07086614173228346,0.7107880171694956
ULK2,1.1698844508991963,0.03937007874015748,0.6826476042030583
AKAP10,0.2750632117406244,0.5196850393700787,0.9452006713295411
SPECC1,0.05983864363056046,0.84251968503937,0.9823595446327953
KCTD9P1,0.22244394971752257,0.6141732283464567,0.9618483135188818
CCDC144CP,-0.5566906912052207,0.5039370078740157,0.939868419531259
UPF3AP2,0.18519577484225636,0.7086614173228346,0.9697087411223303
USP22,0.8268857324287127,0.4881889763779528,0.9357814954688165
DHRS7B,0.2334118713682738,0.5118110236220472,0.9438814884599421
TMEM11,-0.1408426640396252,0.5905511811023622,0.9608942225121786
NATD1,0.5134866185465401,0.48031496062992124,0.9342236316938177
EIF1P5,-0.4353278548931807,0.5275590551181102,0.9452006713295411
MAP2K3,-0.26578384455043746,0.4881889763779528,0.9357814954688165
RPL34P31,-0.8152640625318459,0.14173228346456693,0.7686343861159114
WSB1,-0.15573593802686858,0.5511811023622047,0.9514203834061379
KSR1,1.73812166951739,0.031496062992125984,0.6826476042030583
LGALS9,0.05298305051197616,0.905511811023622,0.9899212869522312
NLK,0.1132671746595415,0.6771653543307087,0.9685447258281904
TMEM97,0.5821157061611522,0.4645669291338583,0.9271628797814478
IFT20,0.06552072794456087,0.8110236220472441,0.9806560380447493
TNFAIP1,0.3635323966505801,0.3937007874015748,0.9060325603890926
POLDIP2,0.5232445267995018,0.05511811023622047,0.6931238793170655
TMEM199,1.0338828438631946,0.2047244094488189,0.8179316528497794
SLC46A1,2.268558866692827,0.031496062992125984,0.6826476042030583
AC005726.2,-1.854449902458288,0.023622047244094488,0.6826476042030583
RPS7P1,-0.3776380229025502,0.13385826771653545,0.7606862900526696
UNC119,-0.24305897025651735,0.41732283464566927,0.9107246259166057
PIGS,0.2751678581709882,0.4251968503937008,0.9130051051310895
SPAG5,0.47320605156816775,0.8503937007874016,0.9835944261634448
AC005726.4,-0.316379980585344,0.6220472440944882,0.9618483135188818
KIAA0100,-0.3377581192236079,0.047244094488188976,0.6826476042030583
SDF2,0.18795021745484863,0.5039370078740157,0.939868419531259
SUPT6H,-0.05495977745724545,0.7795275590551181,0.9769863358554425
PROCA1,-0.23427002676284836,0.7559055118110236,0.9726051513462561
RAB34,0.10808143434377726,0.9212598425196851,0.9916034965968238
RPL23A,-0.5521793910662431,0.11811023622047244,0.7364350074797351
AC010761.1,0.9747757813525784,0.2440944881889764,0.8410862980163292
NEK8,-0.980600241023525,0.13385826771653545,0.7606862900526696
TRAF4,-1.358738216615286,0.05511811023622047,0.6931238793170655
FAM222B,0.18055104921637,0.8740157480314961,0.9870953241817563
ERAL1,0.28545765910557686,0.7401574803149606,0.9726051513462561
FLOT2,0.17498544561530505,0.6299212598425197,0.962871484045595
PHF12,-0.14522904693456962,0.5905511811023622,0.9608942225121786
PIPOX,0.7811317600994396,0.28346456692913385,0.8574144950147485
AC024619.4,-1.3361614893037208,0.09448818897637795,0.7290975019374097
MYO18A,-0.5368549987855054,0.3779527559055118,0.90080276839105
TIAF1,0.36425433282979625,0.5275590551181102,0.9452006713295411
TWF1P1,1.0618155767224824,0.2283464566929134,0.8336385014247465
NUFIP2,-0.13674973831098036,0.7480314960629921,0.9726051513462561
TAOK1,-0.15655522575492054,0.2755905511811024,0.853725753792971
ABHD15,-0.9428782835922647,0.03937007874015748,0.6826476042030583
TP53I13,-1.0408179369789758,0.25196850393700787,0.8470756930926249
GIT1,-0.8478414072417135,0.41732283464566927,0.9107246259166057
SSH2,-0.34384975323124056,0.2204724409448819,0.8287127766916084
NSRP1,-0.35654554215000633,0.5275590551181102,0.9452006713295411
BLMH,0.1955960888988173,0.5826771653543307,0.9597435711535928
CPD,0.5321910292097307,0.047244094488188976,0.6826476042030583
GOSR1,-0.3069899844928594,0.6062992125984252,0.9608942225121786
LRRC37BP1,-0.07266204541678167,0.8818897637795275,0.9879934629764293
SUZ12P1,-1.0522950062214882,0.07874015748031496,0.7107880171694956
CRLF3,-0.20436857463988822,0.3543307086614173,0.8915123476047269
AC127024.5,0.3571093143741595,0.5748031496062992,0.9559479904608623
ATAD5,0.13159250337771722,0.8267716535433071,0.9819224384651066
TEFM,-1.385177836350726,0.09448818897637795,0.7290975019374097
ADAP2,1.1752973708263061,0.015748031496062992,0.6826476042030583
RN7SL138P,0.950680676653384,0.25984251968503935,0.8512406093679867
AC138207.5,1.2978292986167483,0.06299212598425197,0.6963124387519445
RNF135,0.33343615920915237,0.3858267716535433,0.901137518714905
NF1,0.3029072045295331,0.5984251968503937,0.9608942225121786
EVI2B,-0.4747782205589175,0.18110236220472442,0.8073643742935083
EVI2A,0.14854770696797903,0.6771653543307087,0.9685447258281904
RAB11FIP4,0.17268813605417588,0.7086614173228346,0.9697087411223303
COPRS,1.3681670297177977,0.047244094488188976,0.6826476042030583
UTP6,0.7207932723126209,0.1889763779527559,0.8133366461918351
SUZ12,0.09501294539977945,0.7952755905511811,0.978664400309132
LRRC37B,0.952748895280264,0.2283464566929134,0.8336385014247465
RHOT1,-0.14532291776844541,0.29133858267716534,0.8583371233084381
UBL5P2,0.6367591937346049,0.33858267716535434,0.8824827791252136
C17orf75,-0.7622066830635843,0.2755905511811024,0.853725753792971
ZNF207,-0.21640363367339432,0.48031496062992124,0.9342236316938177
PSMD11,0.28835109824679694,0.23622047244094488,0.8382889691177539
CDK5R1,-1.057298598263466,0.11023622047244094,0.7341951946620201
MYO1D,0.9614831330627531,0.4094488188976378,0.9090035743434535
TMEM98,-1.1176751895259385,0.11811023622047244,0.7364350074797351
TLK2P1,-0.37522556525985706,0.6220472440944882,0.9618483135188818
CCL2,0.5835170109468946,0.5748031496062992,0.9559479904608623
CCL8,-0.16434232887246392,0.905511811023622,0.9899212869522312
CCL13,1.610541616008693,0.29133858267716534,0.8583371233084381
CCT6B,0.34399958300746347,0.6929133858267716,0.9695596467319408
ZNF830,-0.7375661585627453,0.09448818897637795,0.7290975019374097
LIG3,-0.31924598618814937,0.49606299212598426,0.9378529417969822
RAD51D,-0.588356186589015,0.2992125984251969,0.8629198938688523
SLFN5,0.592423504556514,0.33070866141732286,0.8811266433105555
AC022706.1,-0.7626175367579613,0.2125984251968504,0.8224832770104163
SLFN11,-0.2579124945654101,0.2992125984251969,0.8629198938688523
AC060766.7,0.9816223924451728,0.25196850393700787,0.8470756930926249
SLFN12,-0.11839146644632415,0.8267716535433071,0.9819224384651066
SLFN13,0.9576418897601124,0.36220472440944884,0.8957091520102044
AC015911.4,-0.18964759220593086,0.7244094488188977,0.9716680124035083
LINC02001,-0.570037966809811,0.23622047244094488,0.8382889691177539
PEX12,-0.09223223175943418,0.952755905511811,0.9944898714583753
AP2B1,0.3705181290542727,0.1968503937007874,0.8133366461918351
TAF15,0.03858151171817603,0.8582677165354331,0.9837431881343323
AC015849.6,0.8506731027766667,0.31496062992125984,0.8705799696691885
CCL5,-0.8501642988947209,0.3700787401574803,0.8970171905992668
CCL23,0.2696003392345323,0.8110236220472441,0.9806560380447493
CCL18,4.882404373196901,0.12598425196850394,0.7505281352026119
CCL3,-0.6482397378369171,0.7165354330708661,0.9697087411223303
CCL4,-0.6130976876750402,0.2125984251968504,0.8224832770104163
CCL3L3,0.01738607220097599,0.984251968503937,0.9988002758044506
CCL4L2,0.29620397446770497,0.6299212598425197,0.962871484045595
ZNHIT3,-0.4282572690855506,0.16535433070866143,0.7925152280493241
MYO19,0.0822852432401846,0.8503937007874016,0.9835944261634448
PIGW,1.1704475019439402,0.2047244094488189,0.8179316528497794
GGNBP2,-0.7704203013422033,0.12598425196850394,0.7505281352026119
DHRS11,1.3260656443448848,0.07086614173228346,0.7107880171694956
AATF,0.2142967527449482,0.4881889763779528,0.9357814954688165
ACACA,1.9561903861999745,0.031496062992125984,0.6826476042030583
TADA2A,-0.2465655466058707,0.6929133858267716,0.9695596467319408
DUSP14,0.47153878560077045,0.6692913385826772,0.967634523772178
SYNRG,-0.35196411878034084,0.33070866141732286,0.8811266433105555
DDX52,-0.2371326192286487,0.4409448818897638,0.9193107263430548
TBC1D3L,0.631798216882269,0.4015748031496063,0.9086765677539906
MRPL45,-0.22594676339075637,0.5590551181102362,0.9539915430764625
SOCS7,0.6539606218277347,0.33858267716535434,0.8824827791252136
ARHGAP23,1.54130170535098,0.06299212598425197,0.6963124387519445
EPOP,0.3851454657420299,0.4881889763779528,0.9357814954688165
AC006449.6,1.1710282229791553,0.14960629921259844,0.7739916929935694
MLLT6,0.3141740377618234,0.4094488188976378,0.9090035743434535
CISD3,0.9103610282069929,0.28346456692913385,0.8574144950147485
PSMB3,0.36866664954345296,0.14960629921259844,0.7739916929935694
PIP4K2B,0.3124632453089067,0.7401574803149606,0.9726051513462561
CWC25,0.03993957448375696,0.8818897637795275,0.9879934629764293
RPL23,-0.2179860888413767,0.12598425196850394,0.7505281352026119
LASP1,-0.25308590604268577,0.33858267716535434,0.8824827791252136
LINC00672,0.3884826767266736,0.6377952755905512,0.962871484045595
PLXDC1,0.07552268693801945,0.937007874015748,0.9941472732331481
RPL19,-0.12855210665669503,0.7716535433070866,0.9760752568014447
FBXL20,0.02627917012803982,0.937007874015748,0.9941472732331481
AC005288.1,0.9758952262951297,0.2992125984251969,0.8629198938688523
MED1,-0.501079125568614,0.31496062992125984,0.8705799696691885
CDK12,-0.17171163761098995,0.31496062992125984,0.8705799696691885
AC009283.1,0.13671241315165705,0.8818897637795275,0.9879934629764293
STARD3,0.17897486741819169,0.889763779527559,0.9886177730539346
TCAP,0.50133560543946,0.48031496062992124,0.9342236316938177
PGAP3,1.4652947961333922,0.11023622047244094,0.7341951946620201
MIEN1,0.5067692212415214,0.13385826771653545,0.7606862900526696
IKZF3,-0.6652506085805316,0.3543307086614173,0.8915123476047269
GSDMB,1.206052124349919,0.07874015748031496,0.7107880171694956
ORMDL3,0.04937301041550324,0.8818897637795275,0.9879934629764293
GSDMA,0.3441710252798931,0.84251968503937,0.9823595446327953
PSMD3,0.052623702774438286,0.9448818897637795,0.9944898714583753
CSF3,1.4361821855614139,0.11811023622047244,0.7364350074797351
MED24,1.064252762181916,0.07874015748031496,0.7107880171694956
THRA,1.2772008853445556,0.05511811023622047,0.6931238793170655
NR1D1,0.20370123589013023,0.8346456692913385,0.9819224384651066
MSL1,-0.13516029352484527,0.49606299212598426,0.9378529417969822
CASC3,-0.7093530710778477,0.023622047244094488,0.6826476042030583
WIPF2,-0.36751888350246364,0.2677165354330709,0.8534808525440345
CDC6,1.2676781903684056,0.09448818897637795,0.7290975019374097
RARA,-0.9359972673581343,0.47244094488188976,0.9331994464922055
RARA-AS1,0.14118131044634108,0.8740157480314961,0.9870953241817563
TOP2A,0.379569799071823,0.6299212598425197,0.962871484045595
IGFBP4,1.3076249209655728,0.33070866141732286,0.8811266433105555
CCR7,1.4094458667836784,0.29133858267716534,0.8583371233084381
SMARCE1,-0.2923938002400073,0.2440944881889764,0.8410862980163292
KRT10,0.21535950035785678,0.36220472440944884,0.8957091520102044
TMEM99,1.1887219500082509,0.047244094488188976,0.6826476042030583
EIF1,-0.13582098644046248,0.5354330708661418,0.9479419337985596
JUP,-0.3352985428925428,0.4094488188976378,0.9090035743434535
NT5C3B,0.2840560571542121,0.7874015748031497,0.9775940764002741
AC125257.1,-1.1004904993245008,0.07086614173228346,0.7107880171694956
ACLY,-0.07426309111149187,0.8188976377952756,0.9819224384651066
CNP,-0.29044384047804606,0.3464566929133858,0.8873455246406359
DNAJC7,-0.06017088911716151,0.8267716535433071,0.9819224384651066
NKIRAS2,0.018018928134491574,0.952755905511811,0.9944898714583753
ZNF385C,-0.963824335319021,0.3937007874015748,0.9060325603890926
DHX58,0.6294991530057343,0.6692913385826772,0.967634523772178
KAT2A,-0.42134564290893195,0.6850393700787402,0.9695596467319408
RAB5C,0.16236409741302804,0.6141732283464567,0.9618483135188818
GHDC,-0.5505669626509397,0.2125984251968504,0.8224832770104163
STAT5B,-0.3459628903119718,0.23622047244094488,0.8382889691177539
STAT5A,-0.019977277279925154,0.952755905511811,0.9944898714583753
STAT3,-0.07563759339465381,0.4566929133858268,0.9233455416926752
CAVIN1,1.0364875154357693,0.33858267716535434,0.8824827791252136
ATP6V0A1,0.7426861116023087,0.36220472440944884,0.8957091520102044
PTP4A2P1,-0.9060229150050105,0.05511811023622047,0.6931238793170655
NAGLU,1.4681149690826758,0.12598425196850394,0.7505281352026119
COASY,0.7224452886662096,0.7637795275590551,0.9726051513462561
MLX,-0.5989554587934784,0.11023622047244094,0.7341951946620201
RETREG3,0.17081760749598196,0.5354330708661418,0.9479419337985596
TUBG1,2.8850605656048454,0.015748031496062992,0.6826476042030583
TUBG2,1.2416077206515994,0.18110236220472442,0.8073643742935083
CNTNAP1,-0.6189444582881146,0.3779527559055118,0.90080276839105
EZH1,-0.8016445680526854,0.023622047244094488,0.6826476042030583
RAMP2,2.4546108704754643,0.05511811023622047,0.6931238793170655
VPS25,0.6621974931643342,0.015748031496062992,0.6826476042030583
COA3,0.193439620295222,0.4645669291338583,0.9271628797814478
BECN1,0.31654858736053937,0.6850393700787402,0.9695596467319408
PSME3,0.19828318836148995,0.23622047244094488,0.8382889691177539
RUNDC1,-0.10764113695409927,0.9291338582677166,0.9923418376941026
RPL27,-0.08237462511634064,0.7244094488188977,0.9716680124035083
IFI35,0.018025527639938144,0.9606299212598425,0.9967290768663719
VAT1,0.4629408593463662,0.5511811023622047,0.9514203834061379
BRCA1,2.205562125414062,0.023622047244094488,0.6826476042030583
NBR2,0.4639987739918521,0.5748031496062992,0.9559479904608623
AC060780.1,-0.2908993675670337,0.7559055118110236,0.9726051513462561
NBR1,-0.011314261586685248,0.9763779527559056,0.9988002758044506
TMEM106A,0.41097035503753254,0.28346456692913385,0.8574144950147485
AC109326.1,0.6635832879344186,0.8503937007874016,0.9835944261634448
ARL4D,0.9976918803981039,0.18110236220472442,0.8073643742935083
DHX8,-0.009987229180392632,1.0,1.0
AC055813.1,-1.2546332309208563,0.07874015748031496,0.7107880171694956
DUSP3,0.4022671598288321,0.047244094488188976,0.6826476042030583
MPP3,-0.13260854369455943,0.8976377952755905,0.9899212869522312
TMEM101,0.5465028206622993,0.2440944881889764,0.8410862980163292
LSM12,-0.6352757266227087,0.16535433070866143,0.7925152280493241
G6PC3,0.24984418907854788,0.5275590551181102,0.9452006713295411
HDAC5,1.1500052627083541,0.33858267716535434,0.8824827791252136
ASB16-AS1,-0.08407179978019541,0.937007874015748,0.9941472732331481
TMUB2,0.6512441736998129,0.47244094488188976,0.9331994464922055
ATXN7L3,-0.29463590191364997,0.7007874015748031,0.9697087411223303
UBTF,-0.40298309703849533,0.28346456692913385,0.8574144950147485
SLC25A39,1.0809874120319627,0.09448818897637795,0.7290975019374097
GRN,0.41601006653189465,0.33070866141732286,0.8811266433105555
GPATCH8,0.16541667966887275,0.48031496062992124,0.9342236316938177
FZD2,0.5154415550160487,0.5905511811023622,0.9608942225121786
CCDC43,0.07581570869292165,0.8346456692913385,0.9819224384651066
DBF4B,0.7686065291227318,0.3543307086614173,0.8915123476047269
EFTUD2,0.15812725535017602,0.6062992125984252,0.9608942225121786
KIF18B,0.3062777284978977,0.7165354330708661,0.9697087411223303
DCAKD,-0.07273354269101961,0.952755905511811,0.9944898714583753
NMT1,0.39299366329097385,0.5275590551181102,0.9452006713295411
HEXIM1,-0.41459861399605824,0.4881889763779528,0.9357814954688165
AC008105.3,-0.5494429806900651,0.06299212598425197,0.6963124387519445
FMNL1,0.031872030803281604,0.937007874015748,0.9941472732331481
MAP3K14,-0.8644286755955974,0.2755905511811024,0.853725753792971
ARHGAP27,0.4670632002066064,0.7637795275590551,0.9726051513462561
PLEKHM1,-0.39942429511569566,0.48031496062992124,0.9342236316938177
LRRC37A4P,0.43118436373295443,0.7165354330708661,0.9697087411223303
LINC02210,-0.7030854012858523,0.44881889763779526,0.9212102163700125
KANSL1,-0.021835170940794235,0.937007874015748,0.9941472732331481
KANSL1-AS1,-0.09173616974814003,0.952755905511811,0.9944898714583753
LRRC37A,0.3684576930988466,0.4645669291338583,0.9271628797814478
LRRC37A2,-0.15590341149580134,0.8110236220472441,0.9806560380447493
NSF,0.31619747877909354,0.1889763779527559,0.8133366461918351
RPS7P11,-0.2428035785081386,0.7874015748031497,0.9775940764002741
GOSR2,-0.050390142711572494,0.8976377952755905,0.9899212869522312
AC068152.1,-0.9780870083824513,0.07874015748031496,0.7107880171694956
CDC27,-0.06059701236942239,0.7716535433070866,0.9760752568014447
EFCAB13,-0.8725003847286257,0.31496062992125984,0.8705799696691885
NPEPPS,0.3685206921418951,0.11811023622047244,0.7364350074797351
KPNB1,0.35124692732853013,0.25984251968503935,0.8512406093679867
TBKBP1,0.49999001993264613,0.6377952755905512,0.962871484045595
OSBPL7,0.4222013672432272,0.6141732283464567,0.9618483135188818
MRPL10,0.6732152988715177,0.36220472440944884,0.8957091520102044
SCRN2,1.1873631645678158,0.14173228346456693,0.7686343861159114
AC018521.5,0.667271764594795,0.5118110236220472,0.9438814884599421
SP2,0.118952519284659,0.6220472440944882,0.9618483135188818
PNPO,0.9068759728158118,0.14173228346456693,0.7686343861159114
COPZ2,0.2186749406836428,0.8110236220472441,0.9806560380447493
NFE2L1,0.5538323923557558,0.09448818897637795,0.7290975019374097
CBX1,0.3229526829334395,0.30708661417322836,0.868085262990023
SNX11,1.2128665643376944,0.2440944881889764,0.8410862980163292
HOXB2,0.25290976825617895,0.6220472440944882,0.9618483135188818
HOXB-AS1,-0.5600020799124525,0.4409448818897638,0.9193107263430548
HOXB3,-1.3518208289478868,0.023622047244094488,0.6826476042030583
CALCOCO2,-0.287308824788302,0.1889763779527559,0.8133366461918351
ATP5G1,-0.17602357572626826,0.5669291338582677,0.954855712655332
UBE2Z,0.1946151620104981,0.2440944881889764,0.8410862980163292
SNF8,1.318182486392209,0.03937007874015748,0.6826476042030583
GNGT2,0.7088301987144652,0.07086614173228346,0.7107880171694956
ABI3,1.0086775974320998,0.023622047244094488,0.6826476042030583
PHOSPHO1,1.0209068715271048,0.15748031496062992,0.7813115157480315
ZNF652,0.37089224703677814,0.3700787401574803,0.8970171905992668
PHB,0.024710552828045795,0.984251968503937,0.9988002758044506
EIF4EP2,1.1701203205329267,0.18110236220472442,0.8073643742935083
SPOP,0.30638053906190343,0.31496062992125984,0.8705799696691885
SLC35B1,0.227356946581442,0.6614173228346457,0.967634523772178
FAM117A,-0.9050924890742951,0.07874015748031496,0.7107880171694956
KAT7,-0.17319230858026735,0.49606299212598426,0.9378529417969822
PPP1R9B,-0.12033099277834847,0.8818897637795275,0.9879934629764293
COL1A1,-0.6243450184793895,0.7480314960629921,0.9726051513462561
XYLT2,0.2323404206159978,0.8031496062992126,0.9806560380447493
MRPL27,0.35526427876001865,0.3700787401574803,0.8970171905992668
LRRC59,0.014745102101145768,1.0,1.0
ACSF2,0.5182609885432168,0.1889763779527559,0.8133366461918351
RSAD1,0.1714499577730617,0.7795275590551181,0.9769863358554425
SPATA20,0.007476720444000051,0.9763779527559056,0.9988002758044506
ABCC3,1.901938552592735,0.015748031496062992,0.6826476042030583
ANKRD40,0.9547715739034186,0.08661417322834646,0.7251724549592804
LUC7L3,-0.4047689131614174,0.2677165354330709,0.8534808525440345
TOB1,-0.23948777340708993,0.44881889763779526,0.9212102163700125
SPAG9,-0.05941209161916028,0.7952755905511811,0.978664400309132
NME1,0.6983071528622808,0.047244094488188976,0.6826476042030583
MBTD1,-0.17685312190103897,0.7244094488188977,0.9716680124035083
AC005839.1,-0.6482971709259766,0.5275590551181102,0.9452006713295411
UTP18,0.42473702889342846,0.5433070866141733,0.9499646623191925
MTCO1P40,-0.39454848324362213,0.14173228346456693,0.7686343861159114
COX11,0.039970478551945465,0.952755905511811,0.9944898714583753
AC007485.2,0.8675614730790933,0.28346456692913385,0.8574144950147485
MMD,1.47796775259499,0.07874015748031496,0.7107880171694956
PCTP,1.0040954449425836,0.28346456692913385,0.8574144950147485
C17orf67,-0.15084221576719004,0.8188976377952756,0.9819224384651066
DGKE,-0.21513533614265157,0.5984251968503937,0.9608942225121786
TRIM25,-0.33352744629116593,0.6456692913385826,0.9653496962085154
AC015912.3,-0.193033919030841,0.8818897637795275,0.9879934629764293
COIL,0.008592105103389702,0.984251968503937,0.9988002758044506
SCPEP1,-0.01912465607342284,0.9448818897637795,0.9944898714583753
AKAP1,0.5971975742319042,0.16535433070866143,0.7925152280493241
MSI2,-0.4945170823979925,0.07086614173228346,0.7107880171694956
MRPS23,0.40799554194348,0.29133858267716534,0.8583371233084381
CUEDC1,-0.35838912470155515,0.4881889763779528,0.9357814954688165
VEZF1,0.0747844730720173,0.8740157480314961,0.9870953241817563
SRSF1,-0.059492459770194905,0.8818897637795275,0.9879934629764293
DYNLL2,0.1393085072802398,0.44881889763779526,0.9212102163700125
AC015813.6,-0.33121790746089697,0.6220472440944882,0.9618483135188818
MKS1,1.113092151122711,0.07086614173228346,0.7107880171694956
MPO,-2.203212940716739,0.33070866141732286,0.8811266433105555
TSPOAP1,0.39201974467853606,0.7480314960629921,0.9726051513462561
AC004687.1,-0.3797024071881525,0.7559055118110236,0.9726051513462561
SUPT4H1,-0.09175482767602094,0.7401574803149606,0.9726051513462561
MTMR4,-0.48651235179972296,0.23622047244094488,0.8382889691177539
RAD51C,0.06420945474012996,0.9212598425196851,0.9916034965968238
TRIM37,-0.5652778219215033,0.2440944881889764,0.8410862980163292
SKA2,0.3817780729270135,0.33858267716535434,0.8824827791252136
PRR11,0.23947623141476004,0.4566929133858268,0.9233455416926752
SMG8,-0.4784923389925799,0.3858267716535433,0.901137518714905
GDPD1,0.35874644333709593,0.5826771653543307,0.9597435711535928
YPEL2,-0.06301764747721883,0.9291338582677166,0.9923418376941026
DHX40,-0.06908551598304591,0.7322834645669292,0.9726051513462561
AC091271.1,1.1609315782391036,0.16535433070866143,0.7925152280493241
CLTC,0.48730527494699416,0.16535433070866143,0.7925152280493241
PTRH2,-0.1999037535013275,0.8031496062992126,0.9806560380447493
VMP1,0.23151667992525127,0.3464566929133858,0.8873455246406359
TUBD1,-0.2242355194470882,0.7874015748031497,0.9775940764002741
RPS6KB1,-0.05014074431657001,0.9291338582677166,0.9923418376941026
RNFT1,0.03935831410467383,0.9212598425196851,0.9916034965968238
HEATR6,0.759420300925183,0.14173228346456693,0.7686343861159114
WFDC21P,0.2140574391741552,0.7086614173228346,0.9697087411223303
AC025048.6,-0.7026179981641123,0.31496062992125984,0.8705799696691885
USP32,-0.15792649609907805,0.5433070866141733,0.9499646623191925
RPL12P38,-0.09062701562252395,0.9291338582677166,0.9923418376941026
APPBP2,-0.3856710925233493,0.25984251968503935,0.8512406093679867
PPM1D,0.004771608589813958,0.9921259842519685,1.0
BCAS3,-0.23251723610571373,0.6377952755905512,0.962871484045595
NACA2,-0.7273407363401505,0.2283464566929134,0.8336385014247465
BRIP1,0.7651839602552213,0.2440944881889764,0.8410862980163292
INTS2,0.7466123812337742,0.4566929133858268,0.9233455416926752
MED13,-0.03032598499885708,0.8267716535433071,0.9819224384651066
AC008026.2,0.2711970225051643,0.7559055118110236,0.9726051513462561
METTL2A,-0.021640689313371375,0.984251968503937,0.9988002758044506
TLK2,-0.41131090917699,0.11023622047244094,0.7341951946620201
MRC2,0.5800912015432941,0.6062992125984252,0.9608942225121786
TANC2,1.2234362406583124,0.25984251968503935,0.8512406093679867
CYB561,0.8655609244594658,0.15748031496062992,0.7813115157480315
ACE,1.035172660638284,0.2992125984251969,0.8629198938688523
DCAF7,0.1970265785802212,0.48031496062992124,0.9342236316938177
TACO1,0.8526031333928725,0.4015748031496063,0.9086765677539906
MAP3K3,-0.5356451873316908,0.3700787401574803,0.8970171905992668
STRADA,-0.9936965361253627,0.05511811023622047,0.6931238793170655
LIMD2,-0.8274313842544627,0.4645669291338583,0.9271628797814478
AC046185.3,-0.05985089438148927,1.0,1.0
CCDC47,0.04147492467140168,0.8818897637795275,0.9879934629764293
DDX42,0.10152370786327758,0.7244094488188977,0.9716680124035083
FTSJ3,-0.0473994397211186,0.937007874015748,0.9941472732331481
PSMC5,0.048088213043075534,0.8346456692913385,0.9819224384651066
SMARCD2,0.23266438122830113,0.6771653543307087,0.9685447258281904
CD79B,-0.4471782634316013,0.5826771653543307,0.9597435711535928
ERN1,-0.6361861803049411,0.03937007874015748,0.6826476042030583
SNHG25,0.861762729273484,0.5590551181102362,0.9539915430764625
SNORD104,0.5184353474124954,0.4881889763779528,0.9357814954688165
TEX2,-0.6013946439332747,0.2440944881889764,0.8410862980163292
PECAM1,0.21632557448418943,0.1968503937007874,0.8133366461918351
MILR1,0.3399959355782114,0.14173228346456693,0.7686343861159114
POLG2,-0.9336067652641131,0.023622047244094488,0.6826476042030583
DDX5,-0.25011066309004626,0.23622047244094488,0.8382889691177539
CEP95,-0.2575319674652423,0.2440944881889764,0.8410862980163292
SMURF2,0.6504351801418498,0.14173228346456693,0.7686343861159114
MINOS1P2,-0.3328271716239326,0.7401574803149606,0.9726051513462561
ARHGAP27P1-BPTFP1-KPNA2P3,-0.48623264427554025,0.6614173228346457,0.967634523772178
AC132812.1,-0.2516115133409551,0.7165354330708661,0.9697087411223303
PLEKHM1P1,0.3867633725102131,0.7559055118110236,0.9726051513462561
AMZ2P1,-0.5372465438354048,0.3464566929133858,0.8873455246406359
GNA13,-0.04146039915919708,0.7559055118110236,0.9726051513462561
RGS9,0.6835826022966538,0.2440944881889764,0.8410862980163292
CEP112,-0.39860831205255653,0.4330708661417323,0.9149090270901766
PRKCA,1.248321901165606,0.03937007874015748,0.6826476042030583
HELZ,0.07589300052583603,0.7952755905511811,0.978664400309132
PSMD12,0.02862126012618038,0.9133858267716536,0.9910228417757366
PITPNC1,-0.06255803563450524,0.8976377952755905,0.9899212869522312
NOL11,0.21109305766215147,0.5669291338582677,0.954855712655332
BPTF,-0.44920688822648724,0.06299212598425197,0.6963124387519445
C17orf58,1.060902659284452,0.2047244094488189,0.8179316528497794
KPNA2,-0.677080092027218,0.047244094488188976,0.6826476042030583
LINC00674,0.03128667013778186,0.9921259842519685,1.0
LRRC37A16P,1.9760408989960538,0.031496062992125984,0.6826476042030583
AC005332.9,0.1315759291195988,0.7795275590551181,0.9769863358554425
AC005332.8,-0.5906268887695139,0.47244094488188976,0.9331994464922055
AC005332.7,-0.22963150247502284,0.7559055118110236,0.9726051513462561
AC005332.1,0.653706848091717,0.4409448818897638,0.9193107263430548
AMZ2,-0.4624137668638042,0.16535433070866143,0.7925152280493241
SLC16A6,0.191978573017769,0.6850393700787402,0.9695596467319408
WIPI1,0.38926870819292114,0.5984251968503937,0.9608942225121786
PRKAR1A,-0.051560952227706736,0.7637795275590551,0.9726051513462561
FAM20A,0.22637957616312043,0.7952755905511811,0.978664400309132
ABCA6,-0.49010937546647515,0.49606299212598426,0.9378529417969822
ABCA5,-0.5979708254545963,0.18110236220472442,0.8073643742935083
MAP2K6,-0.7080941515541408,0.25196850393700787,0.8470756930926249
AC002546.1,-0.21105871331796955,0.7322834645669292,0.9726051513462561
KCNJ2-AS1,-0.7935604757371687,0.33858267716535434,0.8824827791252136
KCNJ2,-0.19623165864380532,0.8267716535433071,0.9819224384651066
MYL6P5,-1.216910983098435,0.015748031496062992,0.6826476042030583
SLC39A11,0.5493020213645945,0.11811023622047244,0.7364350074797351
AC025198.1,0.3538885751533758,0.6062992125984252,0.9608942225121786
COG1,0.5682848907925504,0.5039370078740157,0.939868419531259
FAM104A,0.3150019047138757,0.7637795275590551,0.9726051513462561
C17orf80,-0.08951657686271641,0.8661417322834646,0.9853875082167936
CDC42EP4,-0.683095751328064,0.2204724409448819,0.8287127766916084
SDK2,0.6775423932432267,0.5511811023622047,0.9514203834061379
RPL38,-0.13632132843000733,0.6220472440944882,0.9618483135188818
MGC16275,0.7742584857756816,0.33858267716535434,0.8824827791252136
TTYH2,0.4814827573879721,0.6535433070866141,0.966090961744307
DNAI2,0.15491933959034832,0.8110236220472441,0.9806560380447493
GPRC5C,0.5546591635615594,0.5748031496062992,0.9559479904608623
CD300A,-0.4824994636346913,0.03937007874015748,0.6826476042030583
CD300LB,-1.06494322398808,0.2992125984251969,0.8629198938688523
CD300C,0.6925487954204161,0.4251968503937008,0.9130051051310895
AC079325.2,0.006143042680108124,0.9763779527559056,0.9988002758044506
AC064805.1,-0.12410604443346385,0.8582677165354331,0.9837431881343323
CD300E,0.04943881203751577,0.9291338582677166,0.9923418376941026
RAB37,-0.8818298319253279,0.15748031496062992,0.7813115157480315
CD300LF,-0.48000549072094323,0.2677165354330709,0.8534808525440345
SLC9A3R1,-0.5431648349470528,0.15748031496062992,0.7813115157480315
NAT9,1.6931190399796385,0.03937007874015748,0.6826476042030583
TMEM104,-0.336229757033482,0.4330708661417323,0.9149090270901766
FDXR,0.9782187122762585,0.2677165354330709,0.8534808525440345
MRPL58,1.6326648980780396,0.06299212598425197,0.6963124387519445
KCTD2,0.73878860495451,0.06299212598425197,0.6963124387519445
ATP5H,0.08004209140267271,0.8031496062992126,0.9806560380447493
SLC16A5,-0.5124434806345968,0.6141732283464567,0.9618483135188818
ARMC7,0.707857097493682,0.36220472440944884,0.8957091520102044
NT5C,0.7223299877272584,0.5905511811023622,0.9608942225121786
JPT1,-0.04916389948705113,0.9763779527559056,0.9988002758044506
SUMO2,-0.2153543194149652,0.3543307086614173,0.8915123476047269
NUP85,-0.25202257819373397,0.5984251968503937,0.9608942225121786
GGA3,-0.4679157928803477,0.11023622047244094,0.7341951946620201
MRPS7,-0.3851340780018284,0.3858267716535433,0.901137518714905
MIF4GD,-0.5566179396735826,0.09448818897637795,0.7290975019374097
SLC25A19,0.3269661399845334,0.7480314960629921,0.9726051513462561
GRB2,0.021768498700570404,0.8818897637795275,0.9879934629764293
TMEM94,-0.12043121090196163,0.7007874015748031,0.9697087411223303
TSEN54,-1.1146210000597812,0.031496062992125984,0.6826476042030583
LLGL2,-0.202644867445557,0.6377952755905512,0.962871484045595
MYO15B,-1.5270654452772434,0.09448818897637795,0.7290975019374097
RECQL5,0.3104107918150789,0.6377952755905512,0.962871484045595
SMIM5,-1.3637784077718653,0.09448818897637795,0.7290975019374097
SMIM6,-0.372025902245523,0.6377952755905512,0.962871484045595
SAP30BP,-0.5231952542533813,0.1889763779527559,0.8133366461918351
GALK1,1.1308879062739772,0.3464566929133858,0.8873455246406359
H3F3B,-0.09914394843157481,0.6929133858267716,0.9695596467319408
UNK,1.5216484754473658,0.29133858267716534,0.8583371233084381
UNC13D,0.0018377770694453233,1.0,1.0
WBP2,-0.20866874438377092,0.7401574803149606,0.9726051513462561
TRIM47,1.4129519451811121,0.14960629921259844,0.7739916929935694
TRIM65,-0.40167974102766113,0.5039370078740157,0.939868419531259
ACOX1,0.2821459117723517,0.31496062992125984,0.8705799696691885
SRP68,-0.3908154724603934,0.23622047244094488,0.8382889691177539
EXOC7,-0.10732284176749296,0.8267716535433071,0.9819224384651066
UBALD2,0.4135769766226307,0.5196850393700787,0.9452006713295411
PRPSAP1,0.463739157078888,0.4645669291338583,0.9271628797814478
SPHK1,0.09548599081690856,0.8503937007874016,0.9835944261634448
UBE2O,0.4463012993855324,0.41732283464566927,0.9107246259166057
RHBDF2,-0.07812349647337591,0.8346456692913385,0.9819224384651066
CYGB,-0.0187955221262206,1.0,1.0
SNHG16,-0.3468289754029361,0.33858267716535434,0.8824827791252136
MXRA7,-1.1641357507495345,0.1889763779527559,0.8133366461918351
JMJD6,-1.061105743830944,0.03937007874015748,0.6826476042030583
METTL23,0.9178286917912866,0.5196850393700787,0.9452006713295411
SRSF2,-0.32428154388455255,0.11023622047244094,0.7341951946620201
MFSD11,-0.24046784075321348,0.4645669291338583,0.9271628797814478
SNHG20,-0.3444844371662851,0.6456692913385826,0.9653496962085154
SEC14L1,0.19311314455802542,0.2283464566929134,0.8336385014247465
SEPT9,-0.5888407572103764,0.3228346456692913,0.8759501889864706
TNRC6C,-0.025977101095474353,0.9606299212598425,0.9967290768663719
TMC6,0.40326653981141547,0.5826771653543307,0.9597435711535928
TMC8,-0.3205725272159352,0.5511811023622047,0.9514203834061379
SYNGR2,0.5453764473678948,0.5196850393700787,0.9452006713295411
TK1,1.0743705034472768,0.1968503937007874,0.8133366461918351
AFMID,0.6366761739415132,0.11023622047244094,0.7341951946620201
BIRC5,1.4441606294154394,0.07874015748031496,0.7107880171694956
AC087645.2,-0.43143142534400236,0.6377952755905512,0.962871484045595
SOCS3,0.06960432150290075,0.8503937007874016,0.9835944261634448
PGS1,-0.43224839275730487,0.29133858267716534,0.8583371233084381
DNAH17,-0.6302296964657466,0.4015748031496063,0.9086765677539906
CYTH1,0.011489229109397314,0.937007874015748,0.9941472732331481
USP36,-0.46511761784809025,0.48031496062992124,0.9342236316938177
TIMP2,0.3089182312798915,0.4094488188976378,0.9090035743434535
LGALS3BP,-0.496136244443079,0.3543307086614173,0.8915123476047269
CANT1,-0.40478586670919947,0.3464566929133858,0.8873455246406359
C1QTNF1,0.6804439023345139,0.41732283464566927,0.9107246259166057
ENGASE,-0.7744254622774687,0.48031496062992124,0.9342236316938177
CBX8,-1.095371443165663,0.1889763779527559,0.8133366461918351
CBX4,-1.140530917751713,0.07086614173228346,0.7107880171694956
TBC1D16,0.7830768716395795,0.3464566929133858,0.8873455246406359
GAA,1.3569518411308028,0.3543307086614173,0.8915123476047269
EIF4A3,-0.24603415713335686,0.4409448818897638,0.9193107263430548
AC087741.1,0.35059679872227467,0.6535433070866141,0.966090961744307
SGSH,-0.34969618594342267,0.5984251968503937,0.9608942225121786
SLC26A11,1.8768210259150364,0.09448818897637795,0.7290975019374097
RNF213,-0.4018739863969545,0.29133858267716534,0.8583371233084381
ENDOV,0.4198415497602357,0.5196850393700787,0.9452006713295411
RPTOR,0.5485375613037917,0.5511811023622047,0.9514203834061379
BAIAP2-AS1,-0.4269594345038419,0.4094488188976378,0.9090035743434535
BAIAP2,-0.8336987311027055,0.5039370078740157,0.939868419531259
CEP131,0.07610252641014115,0.968503937007874,0.9977263771544332
TEPSIN,-0.47382743609754563,0.2755905511811024,0.853725753792971
NDUFAF8,0.12378773513737329,0.8188976377952756,0.9819224384651066
SLC38A10,0.20582987734587377,0.44881889763779526,0.9212102163700125
BAHCC1,-0.23090302262977236,0.8661417322834646,0.9853875082167936
ACTG1,0.10936352823402729,0.7165354330708661,0.9697087411223303
FAAP100,-0.951686667697327,0.2992125984251969,0.8629198938688523
NPLOC4,0.2395727157464318,0.5511811023622047,0.9514203834061379
PDE6G,-0.13673433002866342,0.8818897637795275,0.9879934629764293
OXLD1,1.4548259902895757,0.047244094488188976,0.6826476042030583
CCDC137,1.4474075282827785,0.047244094488188976,0.6826476042030583
ARL16,-0.09474691473789587,0.968503937007874,0.9977263771544332
MRPL12,-0.34180309661070263,0.7795275590551181,0.9769863358554425
MCRIP1,-0.24473935245234024,0.6456692913385826,0.9653496962085154
P4HB,0.6853867308276373,0.6141732283464567,0.9618483135188818
ARHGDIA,0.15655234626389158,0.8582677165354331,0.9837431881343323
ALYREF,-0.17153889019174073,0.31496062992125984,0.8705799696691885
ANAPC11,0.08781192359151735,0.9212598425196851,0.9916034965968238
PCYT2,0.0758985444532112,0.9291338582677166,0.9923418376941026
SIRT7,-0.0445288489948541,0.8818897637795275,0.9879934629764293
MAFG,-0.252759242411714,0.5748031496062992,0.9559479904608623
ASPSCR1,0.5975101316147273,0.5984251968503937,0.9608942225121786
CENPX,0.13411352959703837,0.8346456692913385,0.9819224384651066
DCXR,0.2959634530630213,0.6141732283464567,0.9618483135188818
RFNG,0.4440089664552911,0.31496062992125984,0.8705799696691885
GPS1,-0.10799753644758603,0.8818897637795275,0.9879934629764293
DUS1L,-0.4367268628871166,0.7165354330708661,0.9697087411223303
FASN,0.9479308113957923,0.3464566929133858,0.8873455246406359
CCDC57,0.43593192533288105,0.7480314960629921,0.9726051513462561
SLC16A3,0.5387808021402147,0.5984251968503937,0.9608942225121786
CSNK1D,0.010052640599242046,0.984251968503937,0.9988002758044506
AC132872.4,-1.358947692083981,0.10236220472440945,0.7341951946620201
LINC01970,0.1405370668710597,0.8346456692913385,0.9819224384651066
AC132872.1,-0.19340678847849002,0.6535433070866141,0.966090961744307
CD7,-0.8933453439322951,0.4566929133858268,0.9233455416926752
SECTM1,0.7959055953043164,0.3464566929133858,0.8873455246406359
OGFOD3,1.4232095093674513,0.16535433070866143,0.7925152280493241
HEXDC,0.12356484956789826,0.8740157480314961,0.9870953241817563
C17orf62,0.27977542127275257,0.7637795275590551,0.9726051513462561
NARF,-0.38873641682855187,0.6456692913385826,0.9653496962085154
FOXK2,0.2774227603673465,0.8661417322834646,0.9853875082167936
WDR45B,-0.1836289009318559,0.6377952755905512,0.962871484045595
RAB40B,-0.5509297843224075,0.08661417322834646,0.7251724549592804
FN3KRP,-0.5023735457458671,0.07874015748031496,0.7107880171694956
TBCD,0.9056548648536782,0.2677165354330709,0.8534808525440345
B3GNTL1,0.3024356857205801,0.7165354330708661,0.9697087411223303
METRNL,0.27592724347327824,0.6771653543307087,0.9685447258281904
AC144831.1,-0.058195873687364674,1.0,1.0
USP14,0.14651102868581756,0.6377952755905512,0.962871484045595
THOC1,-0.3128820333310136,0.1968503937007874,0.8133366461918351
COLEC12,2.5649503010982646,0.07874015748031496,0.7107880171694956
TYMS,0.41168103329921735,0.7086614173228346,0.9697087411223303
ENOSF1,0.3346834794938438,0.25196850393700787,0.8470756930926249
YES1,0.21711693955669054,0.7637795275590551,0.9726051513462561
METTL4,-0.9223148465360729,0.09448818897637795,0.7290975019374097
NDC80,0.08228550926167744,0.9448818897637795,0.9944898714583753
SMCHD1,-0.48174509017223244,0.08661417322834646,0.7251724549592804
EMILIN2,0.33124715136397587,0.3464566929133858,0.8873455246406359
LPIN2,-0.1272180470932831,0.7637795275590551,0.9726051513462561
AP000919.1,1.0193131442771568,0.023622047244094488,0.6826476042030583
MYOM1,-1.5806839764039002,0.023622047244094488,0.6826476042030583
MYL12A,-0.3211036929925193,0.1968503937007874,0.8133366461918351
MYL12B,0.10404658494202756,0.5118110236220472,0.9438814884599421
TGIF1,0.2588457713591774,0.6535433070866141,0.966090961744307
DLGAP1-AS1,0.3889799704170831,0.7007874015748031,0.9697087411223303
DLGAP1-AS2,0.6255163081669608,0.4015748031496063,0.9086765677539906
LINC00667,0.13737963494506822,0.7874015748031497,0.9775940764002741
ZBTB14,-0.5729050150781925,0.36220472440944884,0.8957091520102044
EPB41L3,0.41120479678456956,0.3779527559055118,0.90080276839105
L3MBTL4,-0.0664471678583789,0.9133858267716536,0.9910228417757366
RPL6P27,-0.2884770772678884,0.06299212598425197,0.6963124387519445
PTPRM,0.34368532821937214,0.6377952755905512,0.962871484045595
RAB12,0.8251731829052575,0.11023622047244094,0.7341951946620201
NDUFV2-AS1,0.3244500871617573,0.6771653543307087,0.9685447258281904
ANKRD12,-0.4495378346518848,0.13385826771653545,0.7606862900526696
AP001033.2,-0.982706254879577,0.1968503937007874,0.8133366461918351
TWSG1,-0.11953437122750454,0.5354330708661418,0.9479419337985596
RALBP1,0.15119775166399307,0.2755905511811024,0.853725753792971
PPP4R1,-0.09810916335988296,0.47244094488188976,0.9331994464922055
RAB31,0.7636265711035346,0.03937007874015748,0.6826476042030583
VAPA,0.046258788980394705,0.7874015748031497,0.9775940764002741
APCDD1,0.6955992448309243,0.4251968503937008,0.9130051051310895
NAPG,0.05715922045540367,0.8503937007874016,0.9835944261634448
CHMP1B,0.007244093746457736,1.0,1.0
MPPE1,0.4164598213392605,0.4409448818897638,0.9193107263430548
IMPA2,-0.2112322571937213,0.6535433070866141,0.966090961744307
AP001542.3,-0.5231302031905043,0.4094488188976378,0.9090035743434535
TUBB6,0.47233421477766857,0.3543307086614173,0.8915123476047269
AFG3L2,-0.19241436829290404,0.5354330708661418,0.9479419337985596
SPIRE1,0.9991995036117038,0.33858267716535434,0.8824827791252136
PSMG2,-0.20707176486310175,0.6141732283464567,0.9618483135188818
CEP76,0.1865736405793701,0.8267716535433071,0.9819224384651066
PTPN2,-0.019860919097332896,0.9606299212598425,0.9967290768663719
SEH1L,-0.6383899352833327,0.15748031496062992,0.7813115157480315
CEP192,-0.5466863795804331,0.3228346456692913,0.8759501889864706
LDLRAD4,-0.3653257633056821,0.5196850393700787,0.9452006713295411
FAM210A,1.3853872968163632,0.031496062992125984,0.6826476042030583
RNMT,-0.1603340408895031,0.7480314960629921,0.9726051513462561
ZNF519,0.05830641692636185,0.9212598425196851,0.9916034965968238
ANKRD20A5P,-0.8997716289214333,0.2677165354330709,0.8534808525440345
ROCK1,-0.003622607348763296,0.9921259842519685,1.0
ESCO1,0.5293839048310494,0.11023622047244094,0.7341951946620201
SNRPD1,0.02866303623053401,0.8582677165354331,0.9837431881343323
ABHD3,0.5563942925449279,0.3858267716535433,0.901137518714905
MIB1,-0.5363098377221345,0.12598425196850394,0.7505281352026119
CTAGE1,0.21384308122270856,0.7480314960629921,0.9726051513462561
RBBP8,-0.13404068736063568,0.6062992125984252,0.9608942225121786
TMEM241,0.21046711339892088,0.6692913385826772,0.967634523772178
RIOK3,-0.199920919946301,0.3700787401574803,0.8970171905992668
C18orf8,-0.3872452174398049,0.5826771653543307,0.9597435711535928
NPC1,-0.6279025989631517,0.13385826771653545,0.7606862900526696
TTC39C,-0.4086399128233458,0.2283464566929134,0.8336385014247465
AC090772.4,-0.48057900464372594,0.2992125984251969,0.8629198938688523
OSBPL1A,0.37627388635171233,0.2992125984251969,0.8629198938688523
IMPACT,-0.4905827271129697,0.31496062992125984,0.8705799696691885
ZNF521,-0.5947658278325432,0.44881889763779526,0.9212102163700125
SS18,0.17963597900498396,0.7795275590551181,0.9769863358554425
TAF4B,-0.33377102880491405,0.6771653543307087,0.9685447258281904
AC018371.2,-0.5194266743909767,0.41732283464566927,0.9107246259166057
DSC2,1.1792141637489122,0.05511811023622047,0.6931238793170655
DSG2,-0.8817063936350991,0.15748031496062992,0.7813115157480315
B4GALT6,-0.3418913476676053,0.6456692913385826,0.9653496962085154
TRAPPC8,-0.6034095142198392,0.023622047244094488,0.6826476042030583
AC009831.1,-0.29600948807817806,0.6692913385826772,0.967634523772178
RNF125,0.2089754507094641,0.44881889763779526,0.9212102163700125
RNF138,-0.7474778867566663,0.12598425196850394,0.7505281352026119
WBP11P1,-0.09651372325413754,0.8346456692913385,0.9819224384651066
DTNA,0.142623036190209,0.8740157480314961,0.9870953241817563
MAPRE2,-0.36674462466898294,0.1732283464566929,0.8038630721031994
ZNF397,-1.104080381745494,0.06299212598425197,0.6963124387519445
ZSCAN30,-0.8821488821180146,0.1732283464566929,0.8038630721031994
ZNF271P,-0.46848398852164497,0.13385826771653545,0.7606862900526696
ZNF24,-0.21453061905631543,0.5748031496062992,0.9559479904608623
INO80C,0.13709971415945965,0.5275590551181102,0.9452006713295411
GALNT1,0.1423811594385862,0.4566929133858268,0.9233455416926752
C18orf21,1.1452249927576448,0.047244094488188976,0.6826476042030583
RPRD1A,-0.10417184262693535,0.7874015748031497,0.9775940764002741
SLC39A6,-0.4561042902883985,0.2440944881889764,0.8410862980163292
ELP2,0.0033182092703780697,0.9921259842519685,1.0
MOCOS,1.252678253412213,0.06299212598425197,0.6963124387519445
TPGS2,0.40624949609341066,0.5354330708661418,0.9479419337985596
KIAA1328,0.0951489005542594,0.8976377952755905,0.9899212869522312
RPL7AP66,-1.5121750626640211,0.023622047244094488,0.6826476042030583
PIK3C3,0.29291601254399335,0.5669291338582677,0.954855712655332
SETBP1,-1.6775496536274885,0.031496062992125984,0.6826476042030583
SIGLEC15,0.8147918949038222,0.5196850393700787,0.9452006713295411
EPG5,0.2306463846252229,0.5039370078740157,0.939868419531259
PSTPIP2,-0.2383078598405488,0.4015748031496063,0.9086765677539906
ATP5A1,-0.13752472778600922,0.7165354330708661,0.9697087411223303
HAUS1,-0.03665000545054564,0.8031496062992126,0.9806560380447493
C18orf25,-0.5002463142810099,0.2204724409448819,0.8287127766916084
RNF165,-0.8112443637313463,0.5039370078740157,0.939868419531259
PIAS2,-0.14346789030039808,0.5905511811023622,0.9608942225121786
IER3IP1,-0.32949467623037965,0.4645669291338583,0.9271628797814478
TPMTP1,-0.36501722269703585,0.5118110236220472,0.9438814884599421
SMAD2,-0.14419764933145007,0.6771653543307087,0.9685447258281904
CTIF,1.1854048611252281,0.11811023622047244,0.7364350074797351
SMAD7,-0.7097208874617307,0.09448818897637795,0.7290975019374097
DYM,-0.14730348662004378,0.6299212598425197,0.962871484045595
C18orf32,0.020896526104206004,0.9606299212598425,0.9967290768663719
ACAA2,-0.05973611229684295,0.9133858267716536,0.9910228417757366
MBD1,0.1467404955964211,0.7244094488188977,0.9716680124035083
CXXC1,1.164238705346174,0.36220472440944884,0.8957091520102044
SKA1,0.7296708441483977,0.3228346456692913,0.8759501889864706
ME2,0.32410212440203434,0.4015748031496063,0.9086765677539906
ELAC1,0.7739905409964591,0.5275590551181102,0.9452006713295411
SMAD4,-0.4242525650473352,0.33858267716535434,0.8824827791252136
MEX3C,0.02385859761091691,0.9212598425196851,0.9916034965968238
MBD2,-0.1888220242115981,0.2047244094488189,0.8179316528497794
POLI,0.12091500395718802,0.8031496062992126,0.9806560380447493
C18orf54,-0.06286347855556218,0.9291338582677166,0.9923418376941026
SNRPGP2,-0.08194970652847555,0.6929133858267716,0.9695596467319408
TCF4,-0.801679797153307,0.10236220472440945,0.7341951946620201
TXNL1,-0.1131107640656106,0.5669291338582677,0.954855712655332
WDR7,0.10695102723192118,0.6614173228346457,0.967634523772178
FECH,0.13808886420284328,0.7795275590551181,0.9769863358554425
NARS,0.47839513076174356,0.14960629921259844,0.7739916929935694
AC027097.1,-0.26250827423217515,0.15748031496062992,0.7813115157480315
AC027097.2,0.1495799747740323,0.84251968503937,0.9823595446327953
ATP8B1,0.6980674315775041,0.44881889763779526,0.9212102163700125
NEDD4L,0.27458727335382793,0.4645669291338583,0.9271628797814478
ALPK2,-1.3393571699774756,0.047244094488188976,0.6826476042030583
AC105105.1,0.48321586210296896,0.4881889763779528,0.9357814954688165
MALT1,-0.42242185527500364,0.2992125984251969,0.8629198938688523
AC104365.1,-0.2150039975498863,0.7952755905511811,0.978664400309132
ZNF532,0.9618274046540747,0.09448818897637795,0.7290975019374097
SEC11C,-0.18143380252904429,0.6220472440944882,0.9618483135188818
LMAN1,-0.07754322047742335,0.7637795275590551,0.9726051513462561
PMAIP1,-0.3786615188018896,0.49606299212598426,0.9378529417969822
FAM60CP,-0.20328601295087667,0.6929133858267716,0.9695596467319408
RPS3AP49,-1.145856063010505,0.2047244094488189,0.8179316528497794
PIGN,-0.2073255159451115,0.5748031496062992,0.9559479904608623
KIAA1468,-0.20883812108681,0.5118110236220472,0.9438814884599421
TNFRSF11A,0.48902114955893117,0.4881889763779528,0.9357814954688165
ZCCHC2,-0.17353454455214745,0.6062992125984252,0.9608942225121786
PHLPP1,0.879934542005866,0.1889763779527559,0.8133366461918351
BCL2,0.2258416963888541,0.3543307086614173,0.8915123476047269
KDSR,0.1846204754452021,0.4409448818897638,0.9193107263430548
VPS4B,0.132752798469161,0.6929133858267716,0.9695596467319408
SERPINB2,-1.0817328531517871,0.2283464566929134,0.8336385014247465
HMSD,1.140187351142334,0.11811023622047244,0.7364350074797351
SERPINB8,-0.0870197214521653,0.6141732283464567,0.9618483135188818
AC022968.1,-0.27355789656279783,0.7480314960629921,0.9726051513462561
TMX3,0.08359885486647389,0.7952755905511811,0.978664400309132
CCDC102B,-0.8639988296408614,0.2755905511811024,0.853725753792971
CD226,2.0862886600273436,0.07874015748031496,0.7107880171694956
RTTN,0.7316447956697227,0.41732283464566927,0.9107246259166057
SOCS6,0.35422833935241194,0.4330708661417323,0.9149090270901766
TIMM21,0.2954028811038185,0.4409448818897638,0.9193107263430548
CYB5A,0.8876141352270106,0.07086614173228346,0.7107880171694956
FAUP1,-0.7011694077301929,0.2677165354330709,0.8534808525440345
CNDP2,0.21982641463601826,0.48031496062992124,0.9342236316938177
LINC00909,-1.1933249566341422,0.08661417322834646,0.7251724549592804
ZNF407,-0.45189348357419634,0.12598425196850394,0.7505281352026119
ZADH2,0.6024246971993037,0.33070866141732286,0.8811266433105555
TSHZ1,-0.14132263132085932,0.6456692913385826,0.9653496962085154
ZNF516,-0.23316520944187147,0.3700787401574803,0.8970171905992668
ZNF236,-0.43877581781138586,0.10236220472440945,0.7341951946620201
MBP,-0.07994136386461381,0.7795275590551181,0.9769863358554425
AC018529.2,0.43076612328525155,0.48031496062992124,0.9342236316938177
ATP9B,-0.43586359040488976,0.4094488188976378,0.9090035743434535
AC125437.1,-0.2978729820236117,0.7401574803149606,0.9726051513462561
NFATC1,0.20545669536036204,0.6771653543307087,0.9685447258281904
AC068473.5,0.9034402702560642,0.1968503937007874,0.8133366461918351
CTDP1,-0.2814157165514555,0.8110236220472441,0.9806560380447493
PQLC1,0.013756932758230533,0.984251968503937,0.9988002758044506
HSBP1L1,0.8903001876022549,0.33858267716535434,0.8824827791252136
TXNL4A,-0.004298429038650298,0.984251968503937,0.9988002758044506
RBFA,0.6802619976106645,0.2125984251968504,0.8224832770104163
ADNP2,-0.3108979558625897,0.3937007874015748,0.9060325603890926
PARD6G-AS1,-0.5760730581243096,0.4566929133858268,0.9233455416926752
C20orf96,0.4657160967367342,0.4094488188976378,0.9090035743434535
ZCCHC3,-0.6021813975735486,0.29133858267716534,0.8583371233084381
SOX12,-0.04535138848323239,0.984251968503937,0.9988002758044506
NRSN2,0.7014834282293636,0.3858267716535433,0.901137518714905
RBCK1,-0.571261316259406,0.05511811023622047,0.6931238793170655
TBC1D20,0.22302967889370118,0.5196850393700787,0.9452006713295411
CSNK2A1,-0.3038032965905595,0.11811023622047244,0.7364350074797351
FAM110A,1.2323405830440226,0.07874015748031496,0.7107880171694956
PSMF1,-0.12273778441177274,0.6220472440944882,0.9618483135188818
FKBP1A,0.14983912161850554,0.3937007874015748,0.9060325603890926
NSFL1C,0.6838827625240507,0.05511811023622047,0.6931238793170655
SIRPB2,0.045716539070320916,0.968503937007874,0.9977263771544332
SIRPB1,-0.7854536293219363,0.2125984251968504,0.8224832770104163
SIRPA,0.9836540245228464,0.031496062992125984,0.6826476042030583
STK35,0.7460451241961574,0.47244094488188976,0.9331994464922055
AL121899.1,0.11694840463243761,0.905511811023622,0.9899212869522312
SNRPB,-0.1928421768589237,0.7401574803149606,0.9726051513462561
NOP56,-0.46274092209363893,0.05511811023622047,0.6931238793170655
IDH3B,-0.10345929945164034,0.7637795275590551,0.9726051513462561
EBF4,1.367440239203209,0.18110236220472442,0.8073643742935083
CPXM1,-0.605776421249677,0.6062992125984252,0.9608942225121786
PCED1A,-0.1761623235479597,0.8031496062992126,0.9806560380447493
VPS16,0.43779377328639324,0.3858267716535433,0.901137518714905
PTPRA,-0.06584852814304032,0.6929133858267716,0.9695596467319408
MRPS26,0.031263937812215925,0.952755905511811,0.9944898714583753
FASTKD5,0.010275877331058947,0.9921259842519685,1.0
DDRGK1,-0.06110718158886641,0.952755905511811,0.9944898714583753
ITPA,-0.19342127728628355,0.7086614173228346,0.9697087411223303
C20orf194,0.30525516362183414,0.2677165354330709,0.8534808525440345
ATRN,0.9548732988141415,0.023622047244094488,0.6826476042030583
ADAM33,1.251876680711737,0.2047244094488189,0.8179316528497794
SIGLEC1,-0.44543759804316263,0.6456692913385826,0.9653496962085154
C20orf27,-0.1130035004261396,0.9212598425196851,0.9916034965968238
CENPB,0.49951592878845563,0.6299212598425197,0.962871484045595
CDC25B,0.1665913651543014,0.6929133858267716,0.9695596467319408
AP5S1,0.6182291861757636,0.49606299212598426,0.9378529417969822
MAVS,0.5225254759478446,0.36220472440944884,0.8957091520102044
PANK2,-0.2926479882283157,0.49606299212598426,0.9378529417969822
RNF24,-0.3183331040863804,0.5905511811023622,0.9608942225121786
FTLP3,0.4793292907918314,0.29133858267716534,0.8583371233084381
SMOX,0.6216336211327813,0.05511811023622047,0.6931238793170655
RPS4XP2,-0.7826444855644401,0.2204724409448819,0.8287127766916084
PRNP,0.06729637126599197,0.7874015748031497,0.9775940764002741
RASSF2,-0.0907840432014666,0.7480314960629921,0.9726051513462561
SLC23A2,-0.04607943956128224,0.8661417322834646,0.9853875082167936
TMEM230,-0.14112550318572215,0.3937007874015748,0.9060325603890926
PCNA,0.3331430254286314,0.23622047244094488,0.8382889691177539
CDS2,0.36849806792809403,0.4094488188976378,0.9090035743434535
UBE2D3P1,0.03512270102933357,0.889763779527559,0.9886177730539346
GPCPD1,0.014864749935144417,0.952755905511811,0.9944898714583753
C20orf196,0.45623144951111216,0.5669291338582677,0.954855712655332
TRMT6,0.5850629727481538,0.03937007874015748,0.6826476042030583
MCM8,0.3428631536683908,0.6299212598425197,0.962871484045595
CRLS1,-0.025819217284661633,0.952755905511811,0.9944898714583753
AL109618.1,-0.38227656633040397,0.3779527559055118,0.90080276839105
TMX4,0.11133946559763253,0.7165354330708661,0.9697087411223303
PLCB1,-0.9230890877679774,0.1889763779527559,0.8133366461918351
PLCB4,-0.5417643225925843,0.1732283464566929,0.8038630721031994
LAMP5,-1.3701356625048904,0.1889763779527559,0.8133366461918351
ANKEF1,-0.4809639078913892,0.5984251968503937,0.9608942225121786
SDAD1P2,0.011544880430814253,0.9921259842519685,1.0
MKKS,-0.10649490640917225,0.7559055118110236,0.9726051513462561
SLX4IP,-1.0109911678060015,0.10236220472440945,0.7341951946620201
JAG1,-0.4638372434308886,0.2755905511811024,0.853725753792971
BTBD3,-0.06876247856388096,0.905511811023622,0.9899212869522312
TASP1,0.26682813642697045,0.8110236220472441,0.9806560380447493
ESF1,0.6029487918071892,0.15748031496062992,0.7813115157480315
NDUFAF5,-0.8166936609364992,0.1732283464566929,0.8038630721031994
KIF16B,-0.0202736449787162,0.968503937007874,0.9977263771544332
SNRPB2,-0.1925747082908904,0.49606299212598426,0.9378529417969822
DSTN,-0.21815135213741677,0.4409448818897638,0.9193107263430548
RRBP1,-0.26199654007685336,0.5905511811023622,0.9608942225121786
SNX5,0.3156620379590711,0.14173228346456693,0.7686343861159114
MGME1,0.19352376749281053,0.6141732283464567,0.9618483135188818
PET117,-0.8808657627479133,0.29133858267716534,0.8583371233084381
KAT14,1.8534804940684546,0.03937007874015748,0.6826476042030583
DZANK1,-0.5064944978445205,0.4251968503937008,0.9130051051310895
POLR3F,-0.0102629703859356,1.0,1.0
RBBP9,2.506137986215635,0.023622047244094488,0.6826476042030583
RPS19P1,-0.2796744764061341,0.5354330708661418,0.9479419337985596
SEC23B,-0.28890603280077265,0.2283464566929134,0.8336385014247465
SMIM26,-0.026191983022275878,0.9291338582677166,0.9923418376941026
DTD1,-0.1829155502885862,0.6692913385826772,0.967634523772178
RIN2,1.288153542772129,0.1889763779527559,0.8133366461918351
NAA20,0.11397652075976339,0.8503937007874016,0.9835944261634448
CRNKL1,-0.3085758934644609,0.44881889763779526,0.9212102163700125
INSM1,0.3812822704510219,0.7086614173228346,0.9697087411223303
RALGAPA2,0.2993676049565832,0.7244094488188977,0.9716680124035083
RPL24P2,-1.310936110297159,0.10236220472440945,0.7341951946620201
KIZ,-1.0382690990594146,0.14173228346456693,0.7686343861159114
RPS15AP1,-0.8002634151318153,0.10236220472440945,0.7341951946620201
AL117332.1,-0.3076859235731827,0.5905511811023622,0.9608942225121786
XRN2,0.17034518050996805,0.33070866141732286,0.8811266433105555
THBD,-0.6313516200528806,0.12598425196850394,0.7505281352026119
CD93,0.2963941173673561,0.2677165354330709,0.8534808525440345
AL118508.3,1.1007852669356655,0.2125984251968504,0.8224832770104163
AL118508.1,-0.5067851368341124,0.6062992125984252,0.9608942225121786
NXT1,0.25354855932541254,0.7795275590551181,0.9769863358554425
GZF1,-0.34411555696052076,0.14960629921259844,0.7739916929935694
NAPB,-0.37631903793096155,0.4645669291338583,0.9271628797814478
CST3,0.23090677442342056,0.7795275590551181,0.9769863358554425
CST7,1.336915064825635,0.1732283464566929,0.8038630721031994
APMAP,0.7902074118149063,0.023622047244094488,0.6826476042030583
ACSS1,-0.6451972682701408,0.29133858267716534,0.8583371233084381
ENTPD6,-0.3572283117990458,0.6929133858267716,0.9695596467319408
PYGB,0.5775752710197724,0.5433070866141733,0.9499646623191925
ABHD12,2.074950780107457,0.03937007874015748,0.6826476042030583
GINS1,0.7965448442513017,0.2677165354330709,0.8534808525440345
NANP,0.9253485455794233,0.28346456692913385,0.8574144950147485
FRG1CP,0.5649522878308506,0.7795275590551181,0.9769863358554425
FRG1BP,0.370762888241547,0.7165354330708661,0.9697087411223303
HM13,0.1526971709478362,0.6771653543307087,0.9685447258281904
ID1,-0.18135419943477427,0.7244094488188977,0.9716680124035083
BCL2L1,0.680335672613051,0.3464566929133858,0.8873455246406359
TPX2,0.35307379536920847,0.6062992125984252,0.9608942225121786
PDRG1,0.27856676419061754,0.3700787401574803,0.8970171905992668
HCK,0.3192822736799119,0.4645669291338583,0.9271628797814478
TM9SF4,-0.14742615235930323,0.5984251968503937,0.9608942225121786
PLAGL2,-0.9717762658216405,0.06299212598425197,0.6963124387519445
POFUT1,0.8205100565657246,0.3779527559055118,0.90080276839105
KIF3B,0.5941151073721538,0.023622047244094488,0.6826476042030583
ASXL1,0.16838555593916826,0.3700787401574803,0.8970171905992668
NOL4L,1.372281828237024,0.023622047244094488,0.6826476042030583
COMMD7,0.7753303487616057,0.03937007874015748,0.6826476042030583
MAPRE1,-0.12797279189640687,0.5433070866141733,0.9499646623191925
AL035071.1,0.4467122318742276,0.3858267716535433,0.901137518714905
CDK5RAP1,0.3385318118917917,0.5433070866141733,0.9499646623191925
SNTA1,-0.06186680622581786,0.9291338582677166,0.9923418376941026
CBFA2T2,-0.08124735983122422,0.984251968503937,0.9988002758044506
NECAB3,0.2196409930876817,0.8346456692913385,0.9819224384651066
E2F1,-0.10437419076178012,0.9212598425196851,0.9916034965968238
PXMP4,1.2557942474357786,0.11811023622047244,0.7364350074797351
ZNF341,-0.09405720339450951,0.8188976377952756,0.9819224384651066
RPL31P2,-1.065438215561213,0.3464566929133858,0.8873455246406359
CHMP4B,0.223454702209402,0.41732283464566927,0.9107246259166057
RALY,0.4764806653209712,0.7244094488188977,0.9716680124035083
EIF2S2,-0.11323502642701744,0.6220472440944882,0.9618483135188818
AL035458.1,-0.24067560708273916,0.5826771653543307,0.9597435711535928
AHCY,-0.25211099818935523,0.49606299212598426,0.9378529417969822
ITCH,-0.3151319968424495,0.11023622047244094,0.7341951946620201
DYNLRB1,0.19118703900139877,0.5433070866141733,0.9499646623191925
MAP1LC3A,0.9859017451110161,0.36220472440944884,0.8957091520102044
PIGU,-0.2750452158381078,0.7165354330708661,0.9697087411223303
NCOA6,-0.36081589043098106,0.16535433070866143,0.7925152280493241
TP53INP2,1.1510578361603399,0.4251968503937008,0.9130051051310895
GGT7,-0.16994241245743957,0.9448818897637795,0.9944898714583753
ACSS2,-0.4423710706262831,0.2283464566929134,0.8336385014247465
GSS,-0.1914898577390982,0.36220472440944884,0.8957091520102044
TRPC4AP,-0.1496269222654596,0.8818897637795275,0.9879934629764293
EDEM2,1.288442437565164,0.015748031496062992,0.6826476042030583
PROCR,1.3858724710816572,0.07086614173228346,0.7107880171694956
MMP24OS,0.7973659442814398,0.3543307086614173,0.8915123476047269
EIF6,0.3088335196105634,0.3228346456692913,0.8759501889864706
UQCC1,-0.03206465227573441,0.889763779527559,0.9886177730539346
CEP250,0.870923846575884,0.2755905511811024,0.853725753792971
FO393401.1,0.5623427071925389,0.31496062992125984,0.8705799696691885
ERGIC3,0.10045299158104815,0.7007874015748031,0.9697087411223303
SPAG4,-0.8478509703909838,0.2677165354330709,0.8534808525440345
CPNE1,0.8049894884956306,0.6614173228346457,0.967634523772178
RBM12,-0.18640584215093003,0.2283464566929134,0.8336385014247465
NFS1,0.38384660938350557,0.4409448818897638,0.9193107263430548
ROMO1,0.7317108481966006,0.33070866141732286,0.8811266433105555
RBM39,-0.39439089452751297,0.031496062992125984,0.6826476042030583
PHF20,-0.212080409444674,0.4015748031496063,0.9086765677539906
SCAND1,0.14823273852434626,0.8582677165354331,0.9837431881343323
NORAD,-0.041324984920202645,0.9133858267716536,0.9910228417757366
EPB41L1,0.48371084714871815,0.6692913385826772,0.967634523772178
AAR2,0.8373578963495945,0.06299212598425197,0.6963124387519445
DLGAP4,0.7993442845423542,0.3779527559055118,0.90080276839105
MYL9,0.8326626687659688,0.5275590551181102,0.9452006713295411
TGIF2,0.033533924588639685,0.905511811023622,0.9899212869522312
SLA2,-1.7917278711306412,0.07874015748031496,0.7107880171694956
NDRG3,0.5536245055332394,0.07086614173228346,0.7107880171694956
DSN1,-1.0095464670314587,0.047244094488188976,0.6826476042030583
SOGA1,0.17274318996859428,0.6614173228346457,0.967634523772178
TLDC2,-0.6274692723867172,0.4409448818897638,0.9193107263430548
SAMHD1,0.12759683299085722,0.6614173228346457,0.967634523772178
RBL1,-0.18768898006633883,0.8188976377952756,0.9819224384651066
RPN2,0.042757932982794955,0.889763779527559,0.9886177730539346
MANBAL,0.6640648702091094,0.5118110236220472,0.9438814884599421
SRC,0.03545463255114534,0.968503937007874,0.9977263771544332
BLCAP,-0.5094861268553972,0.2755905511811024,0.853725753792971
CTNNBL1,0.11278200025923635,0.5748031496062992,0.9559479904608623
TTI1,0.12455495932789962,0.7952755905511811,0.978664400309132
RPRD1B,0.208757810047985,0.6929133858267716,0.9695596467319408
TGM2,0.5968561779123034,0.5118110236220472,0.9438814884599421
BPI,-0.619850815811259,0.48031496062992124,0.9342236316938177
SNHG17,0.2533393557942434,0.7401574803149606,0.9726051513462561
SNHG11,-0.45962522033468867,0.3779527559055118,0.90080276839105
RALGAPB,0.12441836205433798,0.6535433070866141,0.966090961744307
SLC32A1,-1.3476895390357466,0.15748031496062992,0.7813115157480315
ACTR5,0.5385901665256232,0.5984251968503937,0.9608942225121786
PPP1R16B,-0.3219883447201166,0.48031496062992124,0.9342236316938177
FAM83D,-0.10983631851271869,0.8582677165354331,0.9837431881343323
DHX35,0.514533975261595,0.4881889763779528,0.9357814954688165
MAFB,0.5600328666267282,0.3700787401574803,0.8970171905992668
TOP1,-0.021620638529002534,0.9448818897637795,0.9944898714583753
PLCG1,-0.1899224272340192,0.8346456692913385,0.9819224384651066
ZHX3,0.17555616981378197,0.7480314960629921,0.9726051513462561
CHD6,-0.6661552285702079,0.07874015748031496,0.7107880171694956
SRSF6,-0.6544829225974791,0.031496062992125984,0.6826476042030583
IFT52,0.45984344863469273,0.3937007874015748,0.9060325603890926
MYBL2,-1.4911758939024642,0.2204724409448819,0.8287127766916084
TOX2,-1.13712475753155,0.03937007874015748,0.6826476042030583
OSER1,-0.2372788501747074,0.5669291338582677,0.954855712655332
OSER1-AS1,-0.6811340037702189,0.28346456692913385,0.8574144950147485
RPL37AP1,-0.6289175420482511,0.08661417322834646,0.7251724549592804
TTPAL,-0.5254278560559626,0.28346456692913385,0.8574144950147485
SERINC3,-0.18186625540794754,0.44881889763779526,0.9212102163700125
PKIG,1.0446570569790399,0.33070866141732286,0.8811266433105555
ADA,0.4514377682787316,0.3228346456692913,0.8759501889864706
YWHAB,0.09719235332996945,0.6220472440944882,0.9618483135188818
PABPC1L,0.4342885173957334,0.6220472440944882,0.9618483135188818
TOMM34,0.5692996810862172,0.14960629921259844,0.7739916929935694
STK4,-0.0757760916477519,0.6141732283464567,0.9618483135188818
PI3,0.9014118151618215,0.30708661417322836,0.868085262990023
SLPI,0.2502768809582421,0.889763779527559,0.9886177730539346
SDC4,0.8271145004763065,0.31496062992125984,0.8705799696691885
AL021578.1,-0.216018533269557,0.937007874015748,0.9941472732331481
SYS1,0.04298936012543031,0.8976377952755905,0.9899212869522312
PIGT,-0.10621389919877533,0.5748031496062992,0.9559479904608623
DNTTIP1,-0.13290566339367604,0.7874015748031497,0.9775940764002741
UBE2C,0.7773467501802664,0.5118110236220472,0.9438814884599421
ACOT8,-0.09197246111461999,0.9212598425196851,0.9916034965968238
ZSWIM3,-1.0401954330626255,0.18110236220472442,0.8073643742935083
CTSA,0.32492403621914434,0.47244094488188976,0.9331994464922055
PLTP,3.3993290777782628,0.015748031496062992,0.6826476042030583
PCIF1,-0.1792443731574691,0.7401574803149606,0.9726051513462561
ZNF335,0.1737868705775667,0.7952755905511811,0.978664400309132
MMP9,1.3701794331270651,0.31496062992125984,0.8705799696691885
NCOA5,0.11589669130124447,0.7795275590551181,0.9769863358554425
CD40,0.5207410469832716,0.44881889763779526,0.9212102163700125
SLC35C2,-0.43963787362719575,0.06299212598425197,0.6963124387519445
ELMO2,0.10374439407252911,0.8110236220472441,0.9806560380447493
TP53RK,-0.4486501437048265,0.5039370078740157,0.939868419531259
ZMYND8,-0.13836401434593792,0.6299212598425197,0.962871484045595
NCOA3,-0.07768866643125527,0.5984251968503937,0.9608942225121786
SULF2,-0.6911094969104097,0.023622047244094488,0.6826476042030583
PREX1,0.1020658626083426,0.5590551181102362,0.9539915430764625
AL133342.1,0.6744262857520601,0.5275590551181102,0.9452006713295411
ARFGEF2,-0.3989713375832409,0.1732283464566929,0.8038630721031994
CSE1L,0.0431609981658756,0.8818897637795275,0.9879934629764293
STAU1,0.1662512451746032,0.3779527559055118,0.90080276839105
ARPC3P1,-0.31954712196137436,0.4330708661417323,0.9149090270901766
DDX27,-0.5358557250760869,0.015748031496062992,0.6826476042030583
ZNFX1,-0.316549479276774,0.3700787401574803,0.8970171905992668
ZFAS1,0.10601430932528988,0.5275590551181102,0.9452006713295411
B4GALT5,-0.11169948588000711,0.7480314960629921,0.9726051513462561
SNRPFP1,-0.4234261150446992,0.3858267716535433,0.901137518714905
SLC9A8,-0.4986222365489388,0.3937007874015748,0.9060325603890926
SPATA2,0.8210824831993033,0.28346456692913385,0.8574144950147485
RNF114,-0.5792239548626119,0.015748031496062992,0.6826476042030583
SNAI1,0.08807498224683386,0.7637795275590551,0.9726051513462561
TMEM189,0.17736920503092968,0.7007874015748031,0.9697087411223303
CEBPB,0.10075612051541505,0.7637795275590551,0.9726051513462561
SMIM25,1.1304273362277257,0.3700787401574803,0.8970171905992668
PTPN1,0.11018382945645211,0.7007874015748031,0.9697087411223303
BCAS4,-0.5077877991451891,0.5039370078740157,0.939868419531259
ADNP,-0.5103032755384405,0.023622047244094488,0.6826476042030583
ADNP-AS1,-0.29398970896411125,0.6850393700787402,0.9695596467319408
DPM1,-0.5212305673114495,0.13385826771653545,0.7606862900526696
MOCS3,0.44112452587146644,0.5275590551181102,0.9452006713295411
NFATC2,-0.1899985783757181,0.7244094488188977,0.9716680124035083
ZFP64,0.5536378127697321,0.11023622047244094,0.7341951946620201
ZNF217,0.5541909788245043,0.28346456692913385,0.8574144950147485
BCAS1,-0.6727804776054532,0.3464566929133858,0.8873455246406359
PFDN4,0.11105050231367652,0.7165354330708661,0.9697087411223303
RPL12P4,-0.20439691933617876,0.5669291338582677,0.954855712655332
FAM210B,0.1816314541975581,0.5905511811023622,0.9608942225121786
AURKA,0.37207646434906305,0.8503937007874016,0.9835944261634448
CSTF1,0.4488207978759453,0.7795275590551181,0.9769863358554425
CASS4,0.9960532728284699,0.023622047244094488,0.6826476042030583
RTFDC1,-0.19541095223066662,0.4094488188976378,0.9090035743434535
RAE1,-0.19268971420752656,0.8976377952755905,0.9899212869522312
AL109955.1,-1.0925950888705136,0.08661417322834646,0.7251724549592804
RBM38,-2.3792355522107242,0.031496062992125984,0.6826476042030583
ZBP1,-0.945440142570219,0.3700787401574803,0.8970171905992668
PMEPA1,-1.2995944188220294,0.047244094488188976,0.6826476042030583
PPP4R1L,1.3200225625150646,0.05511811023622047,0.6931238793170655
RAB22A,0.11884481236476674,0.6456692913385826,0.9653496962085154
VAPB,-0.2083627905184655,0.6141732283464567,0.9618483135188818
STX16,-0.2971279961928932,0.3228346456692913,0.8759501889864706
NPEPL1,0.6555286108813956,0.6220472440944882,0.9618483135188818
GNAS,0.0019899728876406897,1.0,1.0
NELFCD,-0.27877949739775865,0.5590551181102362,0.9539915430764625
CTSZ,0.8709588332012004,0.023622047244094488,0.6826476042030583
ATP5E,0.09540747596186172,0.3779527559055118,0.90080276839105
PRELID3B,0.017718995252615777,1.0,1.0
SYCP2,0.27402884342622413,0.8346456692913385,0.9819224384651066
FAM217B,-0.20759885090089014,0.7637795275590551,0.9726051513462561
PPP1R3D,-0.789564484795811,0.5118110236220472,0.9438814884599421
CDH26,-0.08877564720316666,0.8818897637795275,0.9879934629764293
C20orf197,-0.29743274431161915,0.7322834645669292,0.9726051513462561
TAF4,-0.048319267242109554,0.8976377952755905,0.9899212869522312
LSM14B,0.06038975360845544,0.8582677165354331,0.9837431881343323
PSMA7,0.11710156672286853,0.7637795275590551,0.9726051513462561
SS18L1,0.37273570849936677,0.7952755905511811,0.978664400309132
MTG2,-0.28499948720328794,0.7874015748031497,0.9775940764002741
OSBPL2,0.39934868227047016,0.3858267716535433,0.901137518714905
ADRM1,-0.012054728018594307,1.0,1.0
LAMA5,-0.636625342447444,0.4015748031496063,0.9086765677539906
RPS21,-0.20872753630293772,0.2125984251968504,0.8224832770104163
CABLES2,-0.06969706206652138,0.8031496062992126,0.9806560380447493
SLCO4A1,0.6201256922773717,0.5039370078740157,0.939868419531259
MRGBP,1.4871555132413392,0.14173228346456693,0.7686343861159114
OGFR,0.6658289438085956,0.5748031496062992,0.9559479904608623
TCFL5,0.004471988184735931,1.0,1.0
DIDO1,-0.05317353531719604,0.8740157480314961,0.9870953241817563
GID8,0.043375099218398994,0.6850393700787402,0.9695596467319408
SLC17A9,0.34350244026475796,0.7874015748031497,0.9775940764002741
YTHDF1,0.19751051988361024,0.5590551181102362,0.9539915430764625
ARFGAP1,-1.4192294273360018,0.10236220472440945,0.7341951946620201
PPDPF,-0.06374527255097195,0.889763779527559,0.9886177730539346
PTK6,-0.7205079763338447,0.4251968503937008,0.9130051051310895
HELZ2,-0.5852613100878385,0.6141732283464567,0.9618483135188818
GMEB2,0.5668015039147596,0.4330708661417323,0.9149090270901766
MHENCR,-0.3054929796218344,0.7086614173228346,0.9697087411223303
STMN3,-0.6601698580595879,0.47244094488188976,0.9331994464922055
ARFRP1,0.7987333003724513,0.4881889763779528,0.9357814954688165
SLC2A4RG,1.310127534459749,0.1732283464566929,0.8038630721031994
ZBTB46,0.6915997316093261,0.2992125984251969,0.8629198938688523
TPD52L2,0.2513012624413129,0.5984251968503937,0.9608942225121786
DNAJC5,0.20953815533311992,0.41732283464566927,0.9107246259166057
UCKL1,0.36068935422051007,0.48031496062992124,0.9342236316938177
ZNF512B,0.7477504347641553,0.28346456692913385,0.8574144950147485
PRPF6,-0.6906575305562592,0.2755905511811024,0.853725753792971
TCEA2,0.006301810173722,1.0,1.0
RGS19,-0.16612618523191625,0.7322834645669292,0.9726051513462561
OPRL1,0.37142004581116694,0.7086614173228346,0.9697087411223303
PCMTD2,-0.4254009406985464,0.2440944881889764,0.8410862980163292
CDC34,1.1552305766395756,0.41732283464566927,0.9107246259166057
BSG,-0.4030298130476142,0.6377952755905512,0.962871484045595
POLRMT,0.29537064496817367,0.5196850393700787,0.9452006713295411
RNF126,-0.6166145118879851,0.5118110236220472,0.9438814884599421
FSTL3,-0.8065431215120469,0.4251968503937008,0.9130051051310895
PTBP1,0.2597478025700788,0.2204724409448819,0.8287127766916084
AZU1,-2.2137508933417127,0.1732283464566929,0.8038630721031994
PRTN3,-2.2510019104647645,0.44881889763779526,0.9212102163700125
ELANE,-2.717469421007986,0.1732283464566929,0.8038630721031994
CFD,-0.09608074720378701,0.937007874015748,0.9941472732331481
MED16,0.1528706015226151,0.905511811023622,0.9899212869522312
R3HDM4,0.1925157349616855,0.8188976377952756,0.9819224384651066
ARID3A,-0.5780390129701134,0.18110236220472442,0.8073643742935083
WDR18,0.3780511123808221,0.4330708661417323,0.9149090270901766
TMEM259,-0.2736004721142695,0.8188976377952756,0.9819224384651066
CNN2,0.07992819292303643,0.8661417322834646,0.9853875082167936
ABCA7,-0.48737881625021373,0.6141732283464567,0.9618483135188818
ARHGAP45,-0.20821448400026243,0.7874015748031497,0.9775940764002741
POLR2E,0.42353259419292755,0.41732283464566927,0.9107246259166057
GPX4,0.5621842382794258,0.6929133858267716,0.9695596467319408
SBNO2,-0.6316361251634932,0.7480314960629921,0.9726051513462561
STK11,1.0853881990970626,0.29133858267716534,0.8583371233084381
ATP5D,0.634741063180349,0.5511811023622047,0.9514203834061379
MIDN,-0.18794562840496098,0.7401574803149606,0.9726051513462561
CIRBP,-0.10575688821212292,0.7244094488188977,0.9716680124035083
C19orf24,0.09729593633114231,0.9763779527559056,0.9988002758044506
MUM1,0.8580597054575567,0.4251968503937008,0.9130051051310895
DAZAP1,0.8377630863749026,0.10236220472440945,0.7341951946620201
RPS15,0.12817429891231313,0.8661417322834646,0.9853875082167936
C19orf25,0.988536219227766,0.44881889763779526,0.9212102163700125
REEP6,-0.5813882868842821,0.5433070866141733,0.9499646623191925
MEX3D,0.042863765027707945,0.9763779527559056,0.9988002758044506
MBD3,-0.22042226212110538,0.7637795275590551,0.9726051513462561
UQCR11,0.9721747487368955,0.10236220472440945,0.7341951946620201
TCF3,-0.3523481364184553,0.3228346456692913,0.8759501889864706
ATP8B3,0.1969804478375563,0.8110236220472441,0.9806560380447493
KLF16,-0.7480220119114471,0.5118110236220472,0.9438814884599421
AC012615.1,-1.4625647817933762,0.07086614173228346,0.7107880171694956
ABHD17A,0.07213318655652401,0.905511811023622,0.9899212869522312
SCAMP4,-0.3009349503927572,0.6141732283464567,0.9618483135188818
CSNK1G2,-0.4073820546404221,0.6692913385826772,0.967634523772178
BTBD2,-0.2681223485062678,0.8267716535433071,0.9819224384651066
MKNK2,-0.24908450733364873,0.7559055118110236,0.9726051513462561
MOB3A,-0.16023530979845813,0.905511811023622,0.9899212869522312
AP3D1,0.2709149663679753,0.5669291338582677,0.954855712655332
DOT1L,1.0645998572448065,0.3937007874015748,0.9060325603890926
PLEKHJ1,-0.15984930433552424,0.8267716535433071,0.9819224384651066
SF3A2,-0.2955321822562631,0.6614173228346457,0.967634523772178
OAZ1,-0.14169228292829317,0.8188976377952756,0.9819224384651066
PEAK3,0.4212561594259405,0.5511811023622047,0.9514203834061379
LSM7,0.9277076477840982,0.5511811023622047,0.9514203834061379
SPPL2B,0.09054994052789,0.9291338582677166,0.9923418376941026
TIMM13,0.35128783265449925,0.28346456692913385,0.8574144950147485
LMNB2,0.24127324942258266,0.8267716535433071,0.9819224384651066
GADD45B,-0.46666727258920027,0.2204724409448819,0.8287127766916084
GNG7,-0.9220432402822807,0.015748031496062992,0.6826476042030583
SLC39A3,-0.08621182487912549,0.905511811023622,0.9899212869522312
SGTA,0.41537768485540827,0.7637795275590551,0.9726051513462561
THOP1,-0.8246457227772754,0.2992125984251969,0.8629198938688523
ZNF554,-0.9123795574404755,0.3779527559055118,0.90080276839105
ZNF555,-0.05616498868353004,0.968503937007874,0.9977263771544332
ZNF556,-0.9725065767919079,0.4330708661417323,0.9149090270901766
ZNF77,0.9996513024425899,0.08661417322834646,0.7251724549592804
AES,-1.1834743554233826,0.3543307086614173,0.8915123476047269
GNA11,-0.729175800283762,0.44881889763779526,0.9212102163700125
GNA15,-0.2257281460161007,0.6377952755905512,0.962871484045595
S1PR4,0.3670713994661725,0.7165354330708661,0.9697087411223303
NCLN,0.593639532025982,0.6614173228346457,0.967634523772178
NFIC,0.3662116628082277,0.16535433070866143,0.7925152280493241
DOHH,1.1194870217516786,0.14173228346456693,0.7686343861159114
FZR1,-0.3045065980732491,0.5669291338582677,0.954855712655332
MFSD12,-0.926081175160224,0.2755905511811024,0.853725753792971
HMG20B,-0.09368446614688741,0.9212598425196851,0.9916034965968238
CACTIN,-0.3620587581229664,0.6771653543307087,0.9685447258281904
PIP5K1C,1.011525008070783,0.015748031496062992,0.6826476042030583
APBA3,0.6922123610178228,0.4566929133858268,0.9233455416926752
MRPL54,0.257295503468133,0.6220472440944882,0.9618483135188818
MATK,0.7508669596104354,0.4015748031496063,0.9086765677539906
DAPK3,0.5615693836493805,0.5748031496062992,0.9559479904608623
EEF2,-0.30668108231198765,0.3543307086614173,0.8915123476047269
PIAS4,1.0045439146263204,0.48031496062992124,0.9342236316938177
ZBTB7A,-0.3408367208251848,0.41732283464566927,0.9107246259166057
MAP2K2,-0.6847828118241135,0.5826771653543307,0.9597435711535928
SIRT6,0.17224159659876648,0.8346456692913385,0.9819224384651066
EBI3,1.3935253464461868,0.33070866141732286,0.8811266433105555
CCDC94,0.09830147259993671,0.8818897637795275,0.9879934629764293
SHD,-0.1012065184794908,0.937007874015748,0.9941472732331481
TMIGD2,-0.5384062526555571,0.49606299212598426,0.9378529417969822
MPND,-0.6213709736965378,0.5275590551181102,0.9452006713295411
SH3GL1,0.2299789119042801,0.5433070866141733,0.9499646623191925
CHAF1A,-0.5221565140722566,0.14960629921259844,0.7739916929935694
UBXN6,-0.12288918782955793,0.9448818897637795,0.9944898714583753
AC011498.7,1.0291062376986977,0.10236220472440945,0.7341951946620201
HDGFL2,1.009907963599181,0.4094488188976378,0.9090035743434535
LRG1,0.26496720668807017,0.9133858267716536,0.9910228417757366
SEMA6B,0.7054690393362355,0.5905511811023622,0.9608942225121786
TNFAIP8L1,0.016512861132286893,0.9921259842519685,1.0
MYDGF,0.477108426214933,0.13385826771653545,0.7606862900526696
DPP9,1.2454320370593508,0.2440944881889764,0.8410862980163292
FEM1A,0.6977019246959386,0.47244094488188976,0.9331994464922055
TICAM1,-0.32924228906041764,0.6220472440944882,0.9618483135188818
PLIN3,0.3152590044127299,0.4566929133858268,0.9233455416926752
UHRF1,0.799973789913222,0.2440944881889764,0.8410862980163292
KDM4B,-0.5757998786565857,0.28346456692913385,0.8574144950147485
PTPRS,-0.8491097915627654,0.30708661417322836,0.868085262990023
SNRPEP4,0.053367283857956416,0.9291338582677166,0.9923418376941026
SAFB2,-0.12888474186406107,0.5590551181102362,0.9539915430764625
SAFB,-0.45723831374737856,0.03937007874015748,0.6826476042030583
RPL36,-0.21080710413880155,0.6771653543307087,0.9685447258281904
C19orf70,0.33973424718056844,0.8346456692913385,0.9819224384651066
LONP1,-0.4645940127154593,0.6850393700787402,0.9695596467319408
DUS3L,0.005634365810211817,0.968503937007874,0.9977263771544332
NDUFA11,1.0497853581039909,0.1732283464566929,0.8038630721031994
VMAC,0.2262908475785551,0.7637795275590551,0.9726051513462561
CAPS,-0.6429879669883243,0.5748031496062992,0.9559479904608623
RANBP3,0.6421729575027926,0.41732283464566927,0.9107246259166057
RFX2,0.5703673511480734,0.3937007874015748,0.9060325603890926
MLLT1,0.1906434453845547,0.6456692913385826,0.9653496962085154
CLPP,0.6478349622512196,0.5669291338582677,0.954855712655332
ALKBH7,-0.15238691847185226,0.905511811023622,0.9899212869522312
PSPN,1.427911232383552,0.07086614173228346,0.7107880171694956
GTF2F1,-0.049020339578361494,0.8740157480314961,0.9870953241817563
KHSRP,-0.03076385914510915,0.9606299212598425,0.9967290768663719
DENND1C,0.8991118808193495,0.5669291338582677,0.954855712655332
TNFSF9,-0.7193834562859163,0.18110236220472442,0.8073643742935083
TNFSF14,-0.5994245922151769,0.33858267716535434,0.8824827791252136
C3,2.741965267350271,0.07086614173228346,0.7107880171694956
GPR108,0.6318105267754284,0.28346456692913385,0.8574144950147485
TRIP10,2.2492858003332756,0.11811023622047244,0.7364350074797351
VAV1,0.4744446224876029,0.6062992125984252,0.9608942225121786
ADGRE1,1.472751110908948,0.2047244094488189,0.8179316528497794
ADGRE4P,0.7273152480971037,0.23622047244094488,0.8382889691177539
ZNF557,0.33245074514449335,0.7086614173228346,0.9697087411223303
INSR,0.06816727571341907,0.7480314960629921,0.9726051513462561
ZNF358,-0.03147997904272026,1.0,1.0
MCOLN1,0.738579444502975,0.5511811023622047,0.9514203834061379
PNPLA6,1.5000390720436503,0.33858267716535434,0.8824827791252136
XAB2,-0.5123345395701007,0.5196850393700787,0.9452006713295411
PET100,-0.7706278385835348,0.36220472440944884,0.8957091520102044
STXBP2,-0.53052008330625,0.5905511811023622,0.9608942225121786
RETN,-1.3285419251791661,0.31496062992125984,0.8705799696691885
MCEMP1,-0.4622088334847483,0.25984251968503935,0.8512406093679867
CD209,-0.11618444462837463,0.9212598425196851,0.9916034965968238
EVI5L,1.2844964017787497,0.1889763779527559,0.8133366461918351
MAP2K7,-0.6168886211373867,0.6141732283464567,0.9618483135188818
SNAPC2,0.8644086433706875,0.3858267716535433,0.901137518714905
TIMM44,0.15788183538737655,0.8503937007874016,0.9835944261634448
ELAVL1,-0.1650531519288121,0.4015748031496063,0.9086765677539906
CERS4,0.14237546222381026,0.8582677165354331,0.9837431881343323
CD320,0.5541099666977596,0.4251968503937008,0.9130051051310895
RPS28,-1.068730149833228,0.36220472440944884,0.8957091520102044
RAB11B-AS1,-0.00851193282110918,1.0,1.0
RAB11B,0.03355328416659997,0.9291338582677166,0.9923418376941026
MARCH2,0.673023381983092,0.03937007874015748,0.6826476042030583
HNRNPM,0.11558035529300259,0.48031496062992124,0.9342236316938177
PRAM1,-0.2615867201108508,0.8818897637795275,0.9879934629764293
MYO1F,0.08413182585911905,0.7952755905511811,0.978664400309132
ADAMTS10,0.9065418559941314,0.4330708661417323,0.9149090270901766
ZNF558,1.155199137995496,0.09448818897637795,0.7290975019374097
ZNF317,-0.1884746789091425,0.8110236220472441,0.9806560380447493
ZNF559,0.24101606036009926,0.7244094488188977,0.9716680124035083
ZNF266,-0.9140213590758428,0.03937007874015748,0.6826476042030583
ZNF426,-0.2197917070447617,0.8818897637795275,0.9879934629764293
ZNF121,-0.3380002946781766,0.07874015748031496,0.7107880171694956
ZNF561,0.3769386545164153,0.4330708661417323,0.9149090270901766
ZNF561-AS1,0.8637217055096071,0.2440944881889764,0.8410862980163292
ZNF562,0.5480883866459223,0.2755905511811024,0.853725753792971
AC008759.3,1.3102538148057767,0.09448818897637795,0.7290975019374097
ZNF846,0.4356516942075044,0.6377952755905512,0.962871484045595
FBXL12,0.7074055636991905,0.4409448818897638,0.9193107263430548
UBL5,0.28335840360512154,0.29133858267716534,0.8583371233084381
PIN1,-0.2160830629952475,0.6456692913385826,0.9653496962085154
C19orf66,0.06402077933947847,0.6535433070866141,0.966090961744307
EIF3G,-0.5964889852115576,0.6535433070866141,0.966090961744307
DNMT1,0.2869209450222101,0.41732283464566927,0.9107246259166057
S1PR2,2.1214723223867815,0.03937007874015748,0.6826476042030583
MRPL4,-0.6845492031094724,0.4251968503937008,0.9130051051310895
ICAM1,0.3561902428535362,0.3937007874015748,0.9060325603890926
AC011511.5,1.3966109490724872,0.09448818897637795,0.7290975019374097
TYK2,-0.20777642555679599,0.6456692913385826,0.9653496962085154
CDC37,0.17015167635566453,0.7795275590551181,0.9769863358554425
PDE4A,1.5991546509281584,0.23622047244094488,0.8382889691177539
KEAP1,0.28359409836672356,0.49606299212598426,0.9378529417969822
KRI1,0.3750418521219734,0.7480314960629921,0.9726051513462561
CDKN2D,-0.6503142329436225,0.33070866141732286,0.8811266433105555
SLC44A2,-1.2100208174181182,0.047244094488188976,0.6826476042030583
ILF3-AS1,-0.5975420678975856,0.2125984251968504,0.8224832770104163
ILF3,0.14908103823228558,0.4330708661417323,0.9149090270901766
QTRT1,0.3020812437539617,0.7007874015748031,0.9697087411223303
DNM2,-0.1562975648233289,0.8976377952755905,0.9899212869522312
C19orf38,-0.7115935463982499,0.15748031496062992,0.7813115157480315
CARM1,-0.046296294365746116,1.0,1.0
YIPF2,1.6585237081124349,0.023622047244094488,0.6826476042030583
TIMM29,-0.0983175104930254,0.8188976377952756,0.9819224384651066
SMARCA4,0.08858853966788072,0.8346456692913385,0.9819224384651066
LDLR,0.18561273909516718,0.7952755905511811,0.978664400309132
SPC24,0.06675330009751157,0.9133858267716536,0.9910228417757366
KANK2,0.4588814051785144,0.5748031496062992,0.9559479904608623
AC011472.2,-0.6287878123991602,0.07086614173228346,0.7107880171694956
RAB3D,0.20931565265410113,0.905511811023622,0.9899212869522312
TMEM205,-0.4795449629971573,0.3543307086614173,0.8915123476047269
CCDC159,-0.6213133777339035,0.3937007874015748,0.9060325603890926
PLPPR2,0.4232874475933226,0.6929133858267716,0.9695596467319408
SWSAP1,-0.46278915175809754,0.44881889763779526,0.9212102163700125
EPOR,0.020769061278160805,0.9921259842519685,1.0
PRKCSH,-0.12398195973358561,0.905511811023622,0.9899212869522312
ECSIT,-0.4148732636243744,0.7795275590551181,0.9769863358554425
ELOF1,0.13472735500101596,0.8818897637795275,0.9879934629764293
ZNF627,0.5006397739437558,0.6771653543307087,0.9685447258281904
ACP5,1.194521763805854,0.3228346456692913,0.8759501889864706
ZNF441,-0.4175537585308631,0.6141732283464567,0.9618483135188818
ZNF440,0.07090423979260296,0.9212598425196851,0.9916034965968238
ZNF439,1.2968787355073172,0.14173228346456693,0.7686343861159114
ZNF69,0.2855674349732982,0.6771653543307087,0.9685447258281904
ZNF700,0.5260396924638036,0.5433070866141733,0.9499646623191925
AC008770.1,0.046719438227295296,0.9212598425196851,0.9916034965968238
ZNF844,0.29132265033497795,0.7244094488188977,0.9716680124035083
ZNF136,0.5624942953196852,0.5905511811023622,0.9608942225121786
ZNF44,0.4679674726022207,0.5433070866141733,0.9499646623191925
AC012618.1,0.4869829655096478,0.5984251968503937,0.9608942225121786
ZNF490,-1.8764994869823912,0.031496062992125984,0.6826476042030583
ZNF791,-0.050379426969692886,0.8976377952755905,0.9899212869522312
RPL10P16,-0.5087556193435754,0.10236220472440945,0.7341951946620201
MAN2B1,-0.13403381836954775,0.8740157480314961,0.9870953241817563
WDR83,0.10078145128028648,0.905511811023622,0.9899212869522312
WDR83OS,0.12893395514281636,0.7322834645669292,0.9726051513462561
DHPS,-0.5956262891606241,0.07874015748031496,0.7107880171694956
TNPO2,0.17056674154721474,0.7165354330708661,0.9697087411223303
TRIR,-0.13769381525009994,0.6850393700787402,0.9695596467319408
ASNA1,0.2697789319850985,0.8346456692913385,0.9819224384651066
HOOK2,0.8822912025311063,0.33070866141732286,0.8811266433105555
JUNB,-0.29248108380163806,0.6850393700787402,0.9695596467319408
PRDX2,-0.12109595679236129,0.9212598425196851,0.9916034965968238
RNASEH2A,0.028145709677656505,0.9606299212598425,0.9967290768663719
DNASE2,1.0815591765267216,0.047244094488188976,0.6826476042030583
GCDH,0.31468466715057053,0.5590551181102362,0.9539915430764625
RPS6P25,-0.5489183804382867,0.25196850393700787,0.8470756930926249
FARSA,0.9019735863547824,0.06299212598425197,0.6963124387519445
CALR,0.6282788962312011,0.07874015748031496,0.7107880171694956
RAD23A,-0.16673183589651952,0.4409448818897638,0.9193107263430548
GADD45GIP1,1.080413024378519,0.4094488188976378,0.9090035743434535
NFIX,-0.3138628699649906,0.7322834645669292,0.9726051513462561
LYL1,0.7788818988826365,0.36220472440944884,0.8957091520102044
TRMT1,-0.5496232482639396,0.6850393700787402,0.9695596467319408
NACC1,-0.10903586531421672,0.937007874015748,0.9941472732331481
STX10,-0.7453445968689731,0.7007874015748031,0.9697087411223303
IER2,-1.0110666157396357,0.09448818897637795,0.7290975019374097
CCDC130,0.5112657818536874,0.7086614173228346,0.9697087411223303
MRI1,0.19235502951885586,0.8110236220472441,0.9806560380447493
C19orf53,0.015566148572956351,0.9763779527559056,0.9988002758044506
ZSWIM4,1.560648384146341,0.07086614173228346,0.7107880171694956
AC020916.1,0.3277631817387068,0.5354330708661418,0.9479419337985596
CC2D1A,0.9242560648017433,0.28346456692913385,0.8574144950147485
DCAF15,-0.16362856969873807,0.8818897637795275,0.9879934629764293
RFX1,0.001769316258985576,1.0,1.0
IL27RA,-0.3412093815980324,0.5354330708661418,0.9479419337985596
EEF1DP1,-0.651484449871635,0.13385826771653545,0.7606862900526696
SAMD1,0.13573883704423828,0.7401574803149606,0.9726051513462561
PRKACA,0.5580778625315013,0.5118110236220472,0.9438814884599421
ASF1B,-0.12495604899996371,0.8582677165354331,0.9837431881343323
ADGRL1,-0.4736858657504217,0.6299212598425197,0.962871484045595
ADGRE5,0.23688381087081467,0.7952755905511811,0.978664400309132
DDX39A,0.7791528637907623,0.4330708661417323,0.9149090270901766
PKN1,0.43450492103967875,0.7480314960629921,0.9726051513462561
GIPC1,0.5879103048001939,0.3543307086614173,0.8915123476047269
SNRPGP15,-0.2598419922544546,0.7559055118110236,0.9726051513462561
DNAJB1,-0.6598307489373028,0.3228346456692913,0.8759501889864706
TECR,0.022001859968444837,0.984251968503937,0.9988002758044506
NDUFB7,0.5783349558267314,0.6771653543307087,0.9685447258281904
CLEC17A,0.6679664811565307,0.4566929133858268,0.9233455416926752
ADGRE3,0.7507645065439417,0.12598425196850394,0.7505281352026119
ITGB1P1,1.0042144658486918,0.023622047244094488,0.6826476042030583
ZNF333,0.17357955430723537,0.8740157480314961,0.9870953241817563
ADGRE2,0.46551236439829236,0.25196850393700787,0.8470756930926249
ILVBL,1.349066902899437,0.14960629921259844,0.7739916929935694
NOTCH3,1.301629852550485,0.1968503937007874,0.8133366461918351
BRD4,-0.20302228965843394,0.6692913385826772,0.967634523772178
AKAP8,-0.6245322129011663,0.047244094488188976,0.6826476042030583
AKAP8L,-0.8484046012734359,0.3464566929133858,0.8873455246406359
WIZ,-0.018784960287393293,0.9448818897637795,0.9944898714583753
RASAL3,0.8532318244967443,0.12598425196850394,0.7505281352026119
RPL23AP2,-0.9278609582627384,0.015748031496062992,0.6826476042030583
TPM4,0.2997916071933826,0.25984251968503935,0.8512406093679867
RAB8A,-0.4326242308718271,0.15748031496062992,0.7813115157480315
HSH2D,-0.13951955429672758,0.7322834645669292,0.9726051513462561
FAM32A,-0.3363185561368063,0.07874015748031496,0.7107880171694956
AP1M1,-0.23339104074756545,0.7559055118110236,0.9726051513462561
KLF2,0.06197658893465352,0.937007874015748,0.9941472732331481
EPS15L1,0.09181959004953821,0.7559055118110236,0.9726051513462561
CHERP,0.03489453507768436,0.968503937007874,0.9977263771544332
SLC35E1,-0.57990816070987,0.07874015748031496,0.7107880171694956
MED26,-0.0765757720841802,0.9212598425196851,0.9916034965968238
SMIM7,-0.005592030453091645,0.9921259842519685,1.0
TMEM38A,0.22788066349967506,0.7401574803149606,0.9726051513462561
SIN3B,-0.25120634551263343,0.7795275590551181,0.9769863358554425
HAUS8,0.7899728667720609,0.4566929133858268,0.9233455416926752
MYO9B,0.24896962659222588,0.7007874015748031,0.9697087411223303
USE1,-0.07837000024897911,0.6929133858267716,0.9695596467319408
OCEL1,0.1269888672056534,0.7637795275590551,0.9726051513462561
BABAM1,0.7993110394076646,0.44881889763779526,0.9212102163700125
ANKLE1,-0.8613838535527307,0.2204724409448819,0.8287127766916084
ABHD8,0.20076429392884965,0.7637795275590551,0.9726051513462561
MRPL34,0.26216239385192,0.6377952755905512,0.962871484045595
DDA1,-0.25041108023255987,0.6850393700787402,0.9695596467319408
ANO8,-0.41493295887340453,0.8503937007874016,0.9835944261634448
GTPBP3,-0.2990531144622959,0.30708661417322836,0.868085262990023
PLVAP,-0.38763772797509466,0.7480314960629921,0.9726051513462561
BST2,-0.06426998640159631,0.952755905511811,0.9944898714583753
BISPR,-0.6854040067013707,0.28346456692913385,0.8574144950147485
MVB12A,1.7896395404126348,0.07874015748031496,0.7107880171694956
SLC27A1,0.41496092993424494,0.6771653543307087,0.9685447258281904
PGLS,-0.13545122058412673,0.9448818897637795,0.9944898714583753
FAM129C,-1.8863593158758398,0.03937007874015748,0.6826476042030583
COLGALT1,0.17622264222844564,0.6535433070866141,0.966090961744307
FCHO1,-0.4650393877082437,0.7007874015748031,0.9697087411223303
JAK3,0.668575851583074,0.2283464566929134,0.8336385014247465
RPL18A,-0.988638146103491,0.44881889763779526,0.9212102163700125
CCDC124,0.8835724580656095,0.6456692913385826,0.9653496962085154
ARRDC2,0.09959060029977884,0.9606299212598425,0.9967290768663719
IL12RB1,1.0358680014402957,0.2283464566929134,0.8336385014247465
MAST3,0.387140844433417,0.6141732283464567,0.9618483135188818
IFI30,0.4964050828664681,0.11023622047244094,0.7341951946620201
MPV17L2,0.2780854945410778,0.5196850393700787,0.9452006713295411
KIAA1683,-1.083770549808265,0.3700787401574803,0.8970171905992668
JUND,-0.08222564756259843,0.8582677165354331,0.9837431881343323
LSM4,0.626830641886329,0.3543307086614173,0.8915123476047269
PGPEP1,0.22965945724671277,0.7716535433070866,0.9760752568014447
LRRC25,0.5423433636275456,0.1968503937007874,0.8133366461918351
SSBP4,0.3954187928650388,0.7874015748031497,0.9775940764002741
ISYNA1,0.19176017527036837,0.8503937007874016,0.9835944261634448
ELL,-0.5027979423731037,0.2204724409448819,0.8287127766916084
FKBP8,-0.6340136172941504,0.6377952755905512,0.962871484045595
KXD1,1.1160121977627955,0.09448818897637795,0.7290975019374097
UBA52,0.20749131501490226,0.7244094488188977,0.9716680124035083
REX1BD,-0.3934128493633926,0.6535433070866141,0.966090961744307
KLHL26,0.22831116461497203,0.6692913385826772,0.967634523772178
CRTC1,-0.09459294699397613,0.952755905511811,0.9944898714583753
UPF1,0.3421187420063254,0.5590551181102362,0.9539915430764625
COPE,0.013597258258726264,0.9921259842519685,1.0
DDX49,-0.5555931769586282,0.3858267716535433,0.901137518714905
HOMER3,1.6309153281587938,0.047244094488188976,0.6826476042030583
SUGP2,-0.16418803412372363,0.29133858267716534,0.8583371233084381
ARMC6,-0.7660058908927758,0.47244094488188976,0.9331994464922055
TMEM161A,0.12467223984811016,0.9133858267716536,0.9910228417757366
BORCS8,0.531009722740448,0.6377952755905512,0.962871484045595
RFXANK,-0.03423298897433669,0.952755905511811,0.9944898714583753
NR2C2AP,-0.04291506784598287,0.9448818897637795,0.9944898714583753
SUGP1,-0.23013907093048935,0.5826771653543307,0.9597435711535928
MAU2,-0.17293732119651573,0.5511811023622047,0.9514203834061379
GATAD2A,0.06562958212233738,0.7637795275590551,0.9726051513462561
NDUFA13,0.15322767516686153,0.8582677165354331,0.9837431881343323
LPAR2,-0.7066858147371446,0.14173228346456693,0.7686343861159114
GMIP,0.7061915275533921,0.2755905511811024,0.853725753792971
ATP13A1,-1.4010869447492258,0.3937007874015748,0.9060325603890926
ZNF101,0.5927884211764125,0.23622047244094488,0.8382889691177539
ZNF14,0.49906544489734506,0.47244094488188976,0.9331994464922055
ZNF506,-0.15388558709208056,0.8267716535433071,0.9819224384651066
ZNF253,0.7157026604098198,0.31496062992125984,0.8705799696691885
ZNF93,-1.0023918685403395,0.2755905511811024,0.853725753792971
ZNF682,-0.0635359267337472,0.8976377952755905,0.9899212869522312
ZNF90,-0.3083297426151641,0.7952755905511811,0.978664400309132
ZNF486,-0.3565967673775079,0.6692913385826772,0.967634523772178
AC078899.1,-0.791744962959037,0.2992125984251969,0.8629198938688523
ZNF826P,0.4798394149668006,0.4015748031496063,0.9086765677539906
ZNF626,-0.169785146623064,0.8110236220472441,0.9806560380447493
ZNF85,-0.6907874030031134,0.3858267716535433,0.901137518714905
ZNF430,0.21396294663008675,0.7716535433070866,0.9760752568014447
ZNF714,1.1437669481750956,0.3858267716535433,0.901137518714905
ZNF431,-0.1756522022861815,0.7874015748031497,0.9775940764002741
ZNF708,-0.914725060759852,0.07874015748031496,0.7107880171694956
ZNF738,-0.7437543414088914,0.2125984251968504,0.8224832770104163
ZNF493,-0.4240323341206156,0.7322834645669292,0.9726051513462561
ZNF429,0.02523097724679957,0.968503937007874,0.9977263771544332
ZNF100,0.0587590029109637,0.8818897637795275,0.9879934629764293
ZNF43,-0.31138196586310585,0.6220472440944882,0.9618483135188818
RPL34P34,-0.06426096655958835,0.889763779527559,0.9886177730539346
RPL34P33,0.05214436592151994,0.952755905511811,0.9944898714583753
SNX6P1,-0.36691820265562813,0.6456692913385826,0.9653496962085154
ZNF91,-0.1314256538025793,0.8031496062992126,0.9806560380447493
ZNF675,-0.7700208870367304,0.2283464566929134,0.8336385014247465
ZNF681,0.01532459057537583,0.984251968503937,0.9988002758044506
RPSAP58,-0.34247403610661475,0.30708661417322836,0.868085262990023
ZNF254,0.39350064660802664,0.6771653543307087,0.9685447258281904
LINC00662,0.1590328529095859,0.8740157480314961,0.9870953241817563
AC006504.5,0.4460474793291278,0.5433070866141733,0.9499646623191925
UQCRFS1,-0.01515147773840475,0.9606299212598425,0.9967290768663719
POP4,0.8185705035885715,0.031496062992125984,0.6826476042030583
C19orf12,-0.3018798400042506,0.5511811023622047,0.9514203834061379
CCNE1,-0.6321889821288779,0.4881889763779528,0.9357814954688165
URI1,-0.3348423189812131,0.1732283464566929,0.8038630721031994
TSHZ3,0.31030028475671845,0.6141732283464567,0.9618483135188818
DPY19L3,0.3720901424838847,0.3228346456692913,0.8759501889864706
PDCD5,0.4650641707665102,0.3464566929133858,0.8873455246406359
ANKRD27,1.1131026309614356,0.13385826771653545,0.7606862900526696
NUDT19,-0.4310058710424638,0.11023622047244094,0.7341951946620201
CEP89,0.17511229552212848,0.6535433070866141,0.966090961744307
FAAP24,0.3392294111421126,0.7244094488188977,0.9716680124035083
GPATCH1,0.4539558860813431,0.14960629921259844,0.7739916929935694
CEBPG,-1.6827006035669e-05,1.0,1.0
PEPD,0.47355243276868997,0.023622047244094488,0.6826476042030583
KCTD15,-0.006233996991289459,1.0,1.0
LSM14A,-0.14944025714382914,0.5196850393700787,0.9452006713295411
KIAA0355,-0.33892367966788095,0.30708661417322836,0.868085262990023
GPI,0.5859634733793753,0.2204724409448819,0.8287127766916084
PDCD2L,0.2890028439243375,0.7322834645669292,0.9726051513462561
UBA2,-0.2143487835596698,0.5511811023622047,0.9514203834061379
ZNF302,0.32608177735750576,0.8582677165354331,0.9837431881343323
ZNF181,1.1485261666725783,0.11811023622047244,0.7364350074797351
ZNF599,-0.43349197936120054,0.5354330708661418,0.9479419337985596
GRAMD1A,0.19388734411670505,0.8346456692913385,0.9819224384651066
SCN1B,0.27817171230715587,0.8346456692913385,0.9819224384651066
FXYD3,1.1620793497011221,0.2047244094488189,0.8179316528497794
FXYD5,0.10521596514646703,0.8976377952755905,0.9899212869522312
LSR,0.4924261326875681,0.6062992125984252,0.9608942225121786
USF2,-0.1882210368219237,0.8188976377952756,0.9819224384651066
HAMP,2.031475009903239,0.2204724409448819,0.8287127766916084
CD22,-0.6431069906691018,0.33070866141732286,0.8811266433105555
FFAR2,-1.4027345732701275,0.09448818897637795,0.7290975019374097
TMEM147-AS1,0.25098096418741633,0.7401574803149606,0.9726051513462561
TMEM147,1.0148457430123559,0.03937007874015748,0.6826476042030583
HAUS5,0.7859844580926452,0.1889763779527559,0.8133366461918351
RBM42,0.32086624291514365,0.5275590551181102,0.9452006713295411
COX6B1,-0.29553387077486803,0.31496062992125984,0.8705799696691885
KMT2B,-1.3302866732773326,0.05511811023622047,0.6931238793170655
IGFLR1,0.17544064084610556,0.7086614173228346,0.9697087411223303
U2AF1L4,0.16947558827173803,0.8110236220472441,0.9806560380447493
PSENEN,0.10968308595418552,0.7401574803149606,0.9726051513462561
ARHGAP33,-0.04576953779548698,0.9763779527559056,0.9988002758044506
NFKBID,-0.15574048695135367,0.7637795275590551,0.9726051513462561
AD000864.1,0.14673076878551772,0.8503937007874016,0.9835944261634448
HCST,-0.12229473816021841,0.7559055118110236,0.9726051513462561
TYROBP,-0.04330472143357156,0.9291338582677166,0.9923418376941026
SDHAF1,1.151650348535945,0.2677165354330709,0.8534808525440345
ALKBH6,-0.3511322830233412,0.6220472440944882,0.9618483135188818
THAP8,1.05531361138691,0.11811023622047244,0.7364350074797351
POLR2I,0.31882945092382675,0.7165354330708661,0.9697087411223303
TBCB,0.12714674017831307,0.8503937007874016,0.9835944261634448
CAPNS1,-0.03927625638665866,0.9448818897637795,0.9944898714583753
ZNF565,0.49766938794760884,0.4881889763779528,0.9357814954688165
ZNF146,-0.17231217274559363,0.6220472440944882,0.9618483135188818
LINC00665,0.08730828191021889,0.8740157480314961,0.9870953241817563
ZFP14,0.9325991519793124,0.25984251968503935,0.8512406093679867
ZFP82,0.36687316392974,0.6299212598425197,0.962871484045595
ZNF566,0.7582187783407521,0.3858267716535433,0.901137518714905
ZNF260,0.48731105526251817,0.36220472440944884,0.8957091520102044
ZNF529,-0.4595348983900682,0.2204724409448819,0.8287127766916084
ZNF567,0.5731344945506174,0.5196850393700787,0.9452006713295411
ZNF790,0.40704222540409796,0.6692913385826772,0.967634523772178
ZNF345,-0.05799632006865796,0.9291338582677166,0.9923418376941026
ZNF829,-1.5248680738135534,0.10236220472440945,0.7341951946620201
ZNF568,0.4167825605438924,0.6456692913385826,0.9653496962085154
ZNF420,0.3512331129936155,0.6850393700787402,0.9695596467319408
ZNF585A,0.8058169491051276,0.3858267716535433,0.901137518714905
ZNF383,0.8530006689920318,0.25984251968503935,0.8512406093679867
HKR1,1.1055068667853143,0.23622047244094488,0.8382889691177539
ZNF527,0.48536841725079327,0.5748031496062992,0.9559479904608623
ZNF569,-1.2361137633885713,0.2125984251968504,0.8224832770104163
ZNF570,0.2722843805483479,0.7559055118110236,0.9726051513462561
ZNF793,0.4649046958704456,0.5039370078740157,0.939868419531259
ZNF571,-1.0977254815155486,0.23622047244094488,0.8382889691177539
ZFP30,-1.2243959538863298,0.03937007874015748,0.6826476042030583
SELENOKP1,0.15750149694758697,0.937007874015748,0.9941472732331481
ZNF607,-0.8417518652807476,0.2992125984251969,0.8629198938688523
AC093227.1,0.8477607589283527,0.16535433070866143,0.7925152280493241
ZNF573,-0.5352899693502711,0.3937007874015748,0.9060325603890926
AC016582.2,0.0834417945140713,0.9212598425196851,0.9916034965968238
SIPA1L3,0.19847006522921617,0.7086614173228346,0.9697087411223303
SPINT2,0.16311958887116162,0.5039370078740157,0.939868419531259
PPP1R14A,-0.027879478352781373,0.952755905511811,0.9944898714583753
YIF1B,0.898558647658759,0.3228346456692913,0.8759501889864706
KCNK6,0.3743644170098035,0.29133858267716534,0.8583371233084381
CATSPERG,-0.3574537900063137,0.49606299212598426,0.9378529417969822
PSMD8,0.5922799529672984,0.29133858267716534,0.8583371233084381
FAM98C,1.0176051345212733,0.25984251968503935,0.8512406093679867
RASGRP4,-0.5482624174167459,0.3779527559055118,0.90080276839105
RYR1,-0.3071148960380894,0.7165354330708661,0.9697087411223303
MAP4K1,-0.7799999169208531,0.07874015748031496,0.7107880171694956
EIF3K,0.06688101386739564,0.5669291338582677,0.954855712655332
ACTN4,-0.4154407816418404,0.6692913385826772,0.967634523772178
ECH1,-0.0014290069814455464,1.0,1.0
HNRNPL,0.14569576660505668,0.44881889763779526,0.9212102163700125
RINL,-0.3791922476524765,0.2755905511811024,0.853725753792971
SIRT2,0.04637436501025238,0.7795275590551181,0.9769863358554425
NFKBIB,0.00133695418613744,1.0,1.0
MRPS12,-0.05664858870991285,0.8740157480314961,0.9870953241817563
FBXO27,0.03717247552036396,0.968503937007874,0.9977263771544332
PAK4,0.368750045376401,0.7165354330708661,0.9697087411223303
NCCRP1,0.39889116557101145,0.6377952755905512,0.962871484045595
LRFN1,-0.2215863103275182,0.8110236220472441,0.9806560380447493
GMFG,-0.24279029935924168,0.4251968503937008,0.9130051051310895
AC011445.2,-1.1708096743456429,0.015748031496062992,0.6826476042030583
SAMD4B,0.5002186433968134,0.28346456692913385,0.8574144950147485
PAF1,-0.308153548983471,0.5590551181102362,0.9539915430764625
MED29,-0.056194401074368905,0.8661417322834646,0.9853875082167936
ZFP36,-0.11906638289218208,0.8267716535433071,0.9819224384651066
PLEKHG2,-0.08040841487470995,0.9212598425196851,0.9916034965968238
RPS16,0.20936303951514468,0.1889763779527559,0.8133366461918351
SUPT5H,-0.2740053401431961,0.3543307086614173,0.8915123476047269
TIMM50,-0.016371631889771088,0.968503937007874,0.9977263771544332
EID2,0.057666268779983376,0.8267716535433071,0.9819224384651066
DYRK1B,-0.4494096867645796,0.6614173228346457,0.967634523772178
FBL,-0.4584069216415765,0.12598425196850394,0.7505281352026119
FCGBP,3.8692410696893096,0.015748031496062992,0.6826476042030583
PRR13P5,-0.07258847851358396,0.8582677165354331,0.9837431881343323
PSMC4,0.23106788757473584,0.5433070866141733,0.9499646623191925
ZNF546,0.408908328050569,0.6692913385826772,0.967634523772178
ZNF780B,-0.1826274144022635,0.7874015748031497,0.9775940764002741
ZNF780A,0.9367165207354442,0.1732283464566929,0.8038630721031994
MAP3K10,-0.40589571649921985,0.4251968503937008,0.9130051051310895
AKT2,-0.0533846736477015,0.8582677165354331,0.9837431881343323
C19orf47,-0.07748537882012663,0.8740157480314961,0.9870953241817563
PLD3,0.8353863112383575,0.6535433070866141,0.966090961744307
SERTAD1,-0.8386086640556174,0.1968503937007874,0.8133366461918351
SERTAD3,0.6317743702548455,0.31496062992125984,0.8705799696691885
BLVRB,-0.0811587435444947,0.8267716535433071,0.9819224384651066
SHKBP1,0.5101477831042986,0.4330708661417323,0.9149090270901766
LTBP4,0.02879376961873925,0.9921259842519685,1.0
NUMBL,-0.4367698535511033,0.7480314960629921,0.9726051513462561
COQ8B,-0.2672618179016739,0.7559055118110236,0.9726051513462561
ITPKC,-1.3058883624738402,0.06299212598425197,0.6963124387519445
C19orf54,-0.3221712953121578,0.6299212598425197,0.962871484045595
SNRPA,0.7794112629395658,0.28346456692913385,0.8574144950147485
RAB4B,0.4399657166516696,0.4251968503937008,0.9130051051310895
EGLN2,0.7361159861501672,0.30708661417322836,0.868085262990023
CYP2S1,1.600717513949789,0.031496062992125984,0.6826476042030583
AXL,1.2881310518192217,0.05511811023622047,0.6931238793170655
HNRNPUL1,0.04250034607361819,0.8267716535433071,0.9819224384651066
TGFB1,0.0722645318113031,0.952755905511811,0.9944898714583753
CCDC97,0.2711958303166977,0.29133858267716534,0.8583371233084381
TMEM91,0.5110440959403177,0.48031496062992124,0.9342236316938177
EXOSC5,-0.3485141042697131,0.6929133858267716,0.9695596467319408
DMAC2,-0.8829830335021978,0.1732283464566929,0.8038630721031994
AC243960.2,0.052599877979738974,0.8503937007874016,0.9835944261634448
PLEKHA3P1,-0.7431931820078673,0.4881889763779528,0.9357814954688165
AC243960.3,-1.804676017023207,0.08661417322834646,0.7251724549592804
LINC01480,-0.9136773455552166,0.1968503937007874,0.8133366461918351
AC243960.1,-0.30701247580249813,0.5748031496062992,0.9559479904608623
CEACAM21,0.25955906173759136,0.7401574803149606,0.9726051513462561
CEACAM4,-0.02688787648311841,0.9606299212598425,0.9967290768663719
CEACAM3,0.5605020038497666,0.4094488188976378,0.9090035743434535
RPS19,-0.03622443668461628,0.9763779527559056,0.9988002758044506
CD79A,0.810537513757986,0.5511811023622047,0.9514203834061379
ARHGEF1,-0.46131779282810914,0.6850393700787402,0.9695596467319408
RABAC1,0.0761458892603053,0.952755905511811,0.9944898714583753
ATP1A3,-0.2967397416170734,0.5275590551181102,0.9452006713295411
ZNF574,-0.18358733945319816,0.8503937007874016,0.9835944261634448
POU2F2,0.09306114868342164,0.7874015748031497,0.9775940764002741
DEDD2,-0.7540436117270657,0.09448818897637795,0.7290975019374097
GSK3A,0.008137133080763803,0.9921259842519685,1.0
ERF,0.604655188713525,0.6692913385826772,0.967634523772178
CIC,0.5543765928688487,0.4330708661417323,0.9149090270901766
PAFAH1B3,0.8046407725789486,0.5039370078740157,0.939868419531259
MEGF8,0.5952535203925597,0.13385826771653545,0.7606862900526696
CNFN,1.3264073540511374,0.11023622047244094,0.7341951946620201
CEACAM1,-0.0012000761476298472,1.0,1.0
LYPD3,-0.12248836882152503,0.9448818897637795,0.9944898714583753
PHLDB3,-0.257744500401778,0.7637795275590551,0.9726051513462561
ETHE1,0.6550610272805244,0.09448818897637795,0.7290975019374097
ZNF575,-0.4289718277385952,0.5511811023622047,0.9514203834061379
XRCC1,0.5387282262411754,0.3464566929133858,0.8873455246406359
IRGQ,1.1416842192541736,0.09448818897637795,0.7290975019374097
ZNF576,-0.22826320211081552,0.7086614173228346,0.9697087411223303
ZNF428,0.2800845637791509,0.3700787401574803,0.8970171905992668
CADM4,-0.6772367629522487,0.3228346456692913,0.8759501889864706
PLAUR,0.20029790670246683,0.8031496062992126,0.9806560380447493
RN7SL368P,-0.7829543234363618,0.2677165354330709,0.8534808525440345
SMG9,0.3534727596205909,0.5669291338582677,0.954855712655332
KCNN4,2.330977055946752,0.031496062992125984,0.6826476042030583
ZNF283,0.823667320998059,0.25984251968503935,0.8512406093679867
ZNF45,0.7977425289213838,0.2125984251968504,0.8224832770104163
ZNF224,-0.3836402958948395,0.31496062992125984,0.8705799696691885
ZNF225,0.24313653114684586,0.6062992125984252,0.9608942225121786
ZNF234,-0.09979062405396011,0.7874015748031497,0.9775940764002741
ZNF226,0.403313055225877,0.4409448818897638,0.9193107263430548
ZNF227,-0.5411919973649604,0.3779527559055118,0.90080276839105
ZNF235,0.46974840659976924,0.4251968503937008,0.9130051051310895
ZNF180,0.5562985864757215,0.5275590551181102,0.9452006713295411
PVR,1.3412948720383042,0.015748031496062992,0.6826476042030583
AC243964.3,0.4160350948263003,0.6692913385826772,0.967634523772178
BCL3,-0.24884538112751553,0.8267716535433071,0.9819224384651066
NECTIN2,1.4467273295486391,0.031496062992125984,0.6826476042030583
TOMM40,-0.1020645789664334,0.9212598425196851,0.9916034965968238
APOE,0.8539118753837167,0.6456692913385826,0.9653496962085154
APOC1,4.0055686086924185,0.015748031496062992,0.6826476042030583
CLPTM1,1.009183801753803,0.3937007874015748,0.9060325603890926
RELB,0.5911514951226593,0.8740157480314961,0.9870953241817563
CLASRP,-0.5872346905242933,0.1968503937007874,0.8133366461918351
ZNF296,1.01787976865856,0.18110236220472442,0.8073643742935083
GEMIN7,0.8669091204030379,0.09448818897637795,0.7290975019374097
MARK4,-0.06930247484953789,0.9212598425196851,0.9916034965968238
PPP1R37,0.8962724327694316,0.31496062992125984,0.8705799696691885
TRAPPC6A,-0.07035380994510865,0.9448818897637795,0.9944898714583753
BLOC1S3,0.1447339044218432,0.7559055118110236,0.9726051513462561
ERCC2,-0.6965266529543572,0.2047244094488189,0.8179316528497794
PPP1R13L,-0.06066590957565099,0.9291338582677166,0.9923418376941026
CD3EAP,0.20570881890883275,0.7244094488188977,0.9716680124035083
ERCC1,0.08488242477099917,0.6771653543307087,0.9685447258281904
FOSB,-0.20140858726796296,0.3543307086614173,0.8915123476047269
RTN2,-0.6225237087478632,0.4094488188976378,0.9090035743434535
PPM1N,1.897004943416098,0.07086614173228346,0.7107880171694956
VASP,0.45900640431371365,0.031496062992125984,0.6826476042030583
OPA3,-0.10956375550314945,0.5669291338582677,0.954855712655332
EML2,0.9873864918275537,0.36220472440944884,0.8957091520102044
GIPR,-0.07759418734218326,0.952755905511811,0.9944898714583753
SNRPD2,0.38253808179526416,0.1889763779527559,0.8133366461918351
QPCTL,0.22607348847632114,0.7165354330708661,0.9697087411223303
FBXO46,-0.04295137580260233,0.937007874015748,0.9941472732331481
DMWD,-0.28345050797401683,0.7874015748031497,0.9775940764002741
SYMPK,0.09823165127671141,0.8661417322834646,0.9853875082167936
IRF2BP1,0.4453181056133497,0.5669291338582677,0.954855712655332
MYPOP,-0.015115116958037689,0.9291338582677166,0.9923418376941026
PPP5D1,0.15439655102071592,0.8818897637795275,0.9879934629764293
CALM3,0.7435303488700313,0.031496062992125984,0.6826476042030583
PTGIR,0.09990877339277038,0.8346456692913385,0.9819224384651066
PRKD2,0.9821470562761805,0.11811023622047244,0.7364350074797351
STRN4,-0.05014410295231286,0.937007874015748,0.9941472732331481
FKRP,-0.6540697607237687,0.2677165354330709,0.8534808525440345
SLC1A5,-0.1313541689331048,0.5039370078740157,0.939868419531259
AP2S1,0.7484104294793186,0.5354330708661418,0.9479419337985596
ARHGAP35,0.9085845290533161,0.12598425196850394,0.7505281352026119
TMEM160,0.4679644752866281,0.6929133858267716,0.9695596467319408
ZC3H4,0.5470180122465194,0.6220472440944882,0.9618483135188818
SAE1,0.8788276768476919,0.10236220472440945,0.7341951946620201
BBC3,-1.3833969361945138,0.12598425196850394,0.7505281352026119
CCDC9,-1.2108989416602944,0.3937007874015748,0.9060325603890926
INAFM1,0.04265998499347878,0.9606299212598425,0.9967290768663719
C5AR1,0.47055285163472504,0.33070866141732286,0.8811266433105555
C5AR2,0.8342444243444567,0.2047244094488189,0.8179316528497794
DHX34,0.2934621007423366,0.6850393700787402,0.9695596467319408
KPTN,-0.6007857933062621,0.14173228346456693,0.7686343861159114
NAPA,-0.1856590264395348,0.8031496062992126,0.9806560380447493
BICRA,0.4420802708226126,0.5354330708661418,0.9479419337985596
EHD2,0.053125844430837565,0.9291338582677166,0.9923418376941026
NOP53,-0.8729973652371106,0.6220472440944882,0.9618483135188818
SELENOW,1.3902824022548037,0.015748031496062992,0.6826476042030583
PLA2G4C,0.9277897650014428,0.33858267716535434,0.8824827791252136
LIG1,0.48727819240058867,0.6299212598425197,0.962871484045595
ZSWIM9,-0.5462099203596522,0.2992125984251969,0.8629198938688523
CARD8,0.055238185518408756,0.9133858267716536,0.9910228417757366
CARD8-AS1,0.01670701182896206,0.984251968503937,0.9988002758044506
EMP3,-0.6801576877786539,0.6771653543307087,0.9685447258281904
TMEM143,0.5544989010046752,0.5039370078740157,0.939868419531259
KDELR1,0.39109904194367395,0.14960629921259844,0.7739916929935694
GRIN2D,0.2453691043762425,0.7401574803149606,0.9726051513462561
GRWD1,-0.10174717538155997,0.8740157480314961,0.9870953241817563
CYTH2,-0.07887257198525432,0.8188976377952756,0.9819224384651066
RPL18,-0.36761129683053095,0.7401574803149606,0.9726051513462561
CA11,0.10133562094070858,1.0,1.0
IZUMO1,0.07417696440625243,0.9133858267716536,0.9910228417757366
BCAT2,-0.8593675844955251,0.4251968503937008,0.9130051051310895
HSD17B14,0.9363349223099657,0.28346456692913385,0.8574144950147485
PPP1R15A,-0.3677871909040302,0.6456692913385826,0.9653496962085154
TULP2,-0.42951641993437306,0.6299212598425197,0.962871484045595
NUCB1,0.22282013127165,0.7322834645669292,0.9726051513462561
BAX,0.08994940952268493,0.12598425196850394,0.7505281352026119
FTL,0.7441081078199954,0.06299212598425197,0.6963124387519445
GYS1,0.6859265892556374,0.30708661417322836,0.868085262990023
RUVBL2,1.1303362949254612,0.25984251968503935,0.8512406093679867
SNRNP70,0.06983544391350094,0.8818897637795275,0.9879934629764293
TRPM4,-0.1436210687696846,0.7716535433070866,0.9760752568014447
CD37,-0.3993716234753677,0.6299212598425197,0.962871484045595
PIH1D1,0.14647403749865173,0.8031496062992126,0.9806560380447493
ALDH16A1,0.9908464257871832,0.07086614173228346,0.7107880171694956
RPL13A,-0.41001831045715065,0.03937007874015748,0.6826476042030583
RPS11,-0.05833542380497292,0.889763779527559,0.9886177730539346
FCGRT,-0.08581533597333202,0.952755905511811,0.9944898714583753
RCN3,1.2826877240689019,0.3228346456692913,0.8759501889864706
NOSIP,0.04906613099146773,0.968503937007874,0.9977263771544332
PRR12,1.0415092594431992,0.23622047244094488,0.8382889691177539
RRAS,0.3694272174043918,0.4881889763779528,0.9357814954688165
SCAF1,-0.3739347477770645,0.6850393700787402,0.9695596467319408
IRF3,-0.08336974447976697,0.8818897637795275,0.9879934629764293
BCL2L12,-0.07730244121783292,0.8503937007874016,0.9835944261634448
PRMT1,-0.2691103878486443,0.7716535433070866,0.9760752568014447
AC011495.1,-1.1505071911074554,0.28346456692913385,0.8574144950147485
AP2A1,-0.7194661772401854,0.31496062992125984,0.8705799696691885
FUZ,-0.8304634471395718,0.29133858267716534,0.8583371233084381
MED25,0.6253849629747008,0.6929133858267716,0.9695596467319408
PTOV1-AS1,-0.048490470380881945,0.968503937007874,0.9977263771544332
PTOV1,-0.1529567030536021,0.84251968503937,0.9823595446327953
PNKP,0.16102659783949091,0.8188976377952756,0.9819224384651066
AKT1S1,0.3977547619862185,0.7559055118110236,0.9726051513462561
TBC1D17,0.9910132610931282,0.3543307086614173,0.8915123476047269
IL4I1,0.3553170352520918,0.7795275590551181,0.9769863358554425
NUP62,-0.17022145751471207,0.6377952755905512,0.962871484045595
ATF5,0.23869571152044067,0.5354330708661418,0.9479419337985596
SIGLEC16,0.006003224858119882,1.0,1.0
VRK3,0.03398497648214516,0.9606299212598425,0.9967290768663719
ZNF473,0.4457890541404719,0.6220472440944882,0.9618483135188818
KCNC3,1.5139327324533665,0.12598425196850394,0.7505281352026119
NR1H2,-0.1294199487489358,0.7795275590551181,0.9769863358554425
NAPSB,-1.1569063274289286,0.4645669291338583,0.9271628797814478
POLD1,0.702228684019923,0.4094488188976378,0.9090035743434535
SPIB,-0.7866626824086929,0.2204724409448819,0.8287127766916084
EMC10,1.2826891429543714,0.2204724409448819,0.8287127766916084
JOSD2,-0.5562233764572952,0.6456692913385826,0.9653496962085154
CLEC11A,0.43760363424405213,0.7165354330708661,0.9697087411223303
SIGLEC9,-0.15932919317167205,0.7086614173228346,0.9697087411223303
SIGLEC7,0.7456347253467168,0.31496062992125984,0.8705799696691885
SIGLEC17P,-0.2747674707468868,0.7559055118110236,0.9726051513462561
CD33,0.014033943128378468,0.937007874015748,0.9941472732331481
IGLON5,1.9120037010673432,0.06299212598425197,0.6963124387519445
VSIG10L,1.0367995334374358,0.14173228346456693,0.7686343861159114
ETFB,-0.46099650205178366,0.6929133858267716,0.9695596467319408
NKG7,0.024282773544143765,0.952755905511811,0.9944898714583753
C19orf84,0.5151669389652453,0.4566929133858268,0.9233455416926752
SIGLEC10,1.3746516274272826,0.07874015748031496,0.7107880171694956
SIGLEC12,0.9556131185872752,0.36220472440944884,0.8957091520102044
SIGLEC6,-0.24110820552034462,0.8582677165354331,0.9837431881343323
ZNF175,-1.0582027146963053,0.03937007874015748,0.6826476042030583
SIGLEC5,0.04679599093152875,0.9212598425196851,0.9916034965968238
AC018755.4,0.5719021484070113,0.7401574803149606,0.9726051513462561
SIGLEC14,0.9515838715513367,0.5748031496062992,0.9559479904608623
SPACA6,1.068236541814003,0.1968503937007874,0.8133366461918351
HAS1,1.0256594928504605,0.36220472440944884,0.8957091520102044
FPR1,0.06148307008485698,0.8503937007874016,0.9835944261634448
FPR2,-0.38612604135580186,0.6062992125984252,0.9608942225121786
FPR3,2.5663721049540023,0.015748031496062992,0.6826476042030583
ZNF577,1.2629095515316977,0.031496062992125984,0.6826476042030583
ZNF649,-0.9061366047434745,0.1732283464566929,0.8038630721031994
ZNF613,-0.12712111080559563,0.8346456692913385,0.9819224384651066
ZNF350,-0.16385641803594275,0.8267716535433071,0.9819224384651066
ZNF615,0.6737870325583908,0.2992125984251969,0.8629198938688523
ZNF614,0.7371286920638713,0.3700787401574803,0.8970171905992668
ZNF432,0.48568920375439206,0.5590551181102362,0.9539915430764625
ZNF841,1.2125040502127549,0.11811023622047244,0.7364350074797351
ZNF616,0.9138928014581431,0.13385826771653545,0.7606862900526696
RPL37P23,-0.64494843001959,0.05511811023622047,0.6931238793170655
ZNF836,0.018947484958686367,0.984251968503937,0.9988002758044506
PPP2R1A,0.07604622708422148,0.9291338582677166,0.9923418376941026
ZNF766,0.34760472244640317,0.8031496062992126,0.9806560380447493
ZNF480,0.15019690326622293,0.7716535433070866,0.9760752568014447
ZNF880,-0.7728191559966189,0.09448818897637795,0.7290975019374097
ZNF528-AS1,0.03502231406012468,0.9763779527559056,0.9988002758044506
ZNF528,0.8263531700284186,0.18110236220472442,0.8073643742935083
ZNF808,0.7186923557659006,0.25196850393700787,0.8470756930926249
ZNF701,-0.023558174710661905,0.968503937007874,0.9977263771544332
ZNF83,-0.03623263091329543,0.9606299212598425,0.9967290768663719
AC022150.4,0.3586920601713217,0.6850393700787402,0.9695596467319408
ZNF611,-0.18734574143622718,0.7637795275590551,0.9726051513462561
ZNF600,-0.42821507139695614,0.5748031496062992,0.9559479904608623
ZNF28,0.5939000537675834,0.5748031496062992,0.9559479904608623
ZNF468,-0.7261317401519336,0.33858267716535434,0.8824827791252136
ZNF320,-0.8845541125333432,0.15748031496062992,0.7813115157480315
ZNF888,0.029565705888846328,0.968503937007874,0.9977263771544332
ZNF160,0.3868868985800695,0.44881889763779526,0.9212102163700125
ZNF415,-0.9085749222544404,0.48031496062992124,0.9342236316938177
ZNF347,-0.6785644293289625,0.5196850393700787,0.9452006713295411
AC092070.2,0.7175744154769523,0.4330708661417323,0.9149090270901766
NDUFV2P1,0.19037898590859692,0.6299212598425197,0.962871484045595
ZNF677,0.1767887500618559,0.7244094488188977,0.9716680124035083
ZNF525,0.4724618553942619,0.7165354330708661,0.9697087411223303
ZNF765,-0.14431297612398142,0.7874015748031497,0.9775940764002741
TPM3P9,1.1185617227119873,0.18110236220472442,0.8073643742935083
ZNF761,-0.07850410324481105,0.937007874015748,0.9941472732331481
ZNF813,0.6928994859960564,0.3700787401574803,0.8970171905992668
ZNF331,-0.5547291327301682,0.14960629921259844,0.7739916929935694
NLRP12,-0.5970864875947945,0.48031496062992124,0.9342236316938177
MYADM,0.17428664494290302,0.6220472440944882,0.9618483135188818
VSTM1,-1.5563485831889219,0.11811023622047244,0.7364350074797351
OSCAR,0.0784363795962566,0.8661417322834646,0.9853875082167936
NDUFA3,-0.3644335166932695,0.6220472440944882,0.9618483135188818
TFPT,0.5870742098254962,0.5905511811023622,0.9608942225121786
PRPF31,-0.4095897095820398,0.6535433070866141,0.966090961744307
CNOT3,-0.15103182482068034,0.6929133858267716,0.9695596467319408
LENG1,0.3708307503928596,0.7637795275590551,0.9726051513462561
TMC4,0.2495040188995019,0.7401574803149606,0.9726051513462561
MBOAT7,-0.33436614434443257,0.6850393700787402,0.9695596467319408
TSEN34,-0.04832395903385667,0.8267716535433071,0.9819224384651066
RPS9,-0.5386227854372692,0.5826771653543307,0.9597435711535928
LILRB3,-0.09579032883246175,0.8267716535433071,0.9819224384651066
LILRA6,0.3502134108675037,0.4330708661417323,0.9149090270901766
LILRB5,1.2053730028233636,0.5196850393700787,0.9452006713295411
LILRB2,0.09249763506226216,0.7874015748031497,0.9775940764002741
AC245884.12,-0.3863789915352096,0.84251968503937,0.9823595446327953
LILRA5,-0.3999201993626347,0.29133858267716534,0.8583371233084381
AC245884.11,-0.5718593719348574,0.5433070866141733,0.9499646623191925
LILRA4,-1.6638672072272511,0.07874015748031496,0.7107880171694956
LAIR1,0.4467112049467028,0.11023622047244094,0.7341951946620201
LENG8,-0.24679690841106794,0.5905511811023622,0.9608942225121786
LILRA2,-0.5513731809563085,0.2677165354330709,0.8534808525440345
LILRA1,0.04905537260134274,0.984251968503937,0.9988002758044506
LILRB1,0.2910874551423168,0.5984251968503937,0.9608942225121786
LILRB4,0.3264947054175158,0.31496062992125984,0.8705799696691885
FCAR,-0.8654750019392621,0.1732283464566929,0.8038630721031994
AC245128.3,-0.450212674984825,0.30708661417322836,0.868085262990023
NLRP7,-1.518992117000505,0.11811023622047244,0.7364350074797351
NLRP2,-1.6562648096450843,0.16535433070866143,0.7925152280493241
RDH13,-0.20993768842361682,0.84251968503937,0.9823595446327953
EPS8L1,-0.9442769209074011,0.25984251968503935,0.8512406093679867
PPP1R12C,-0.18372153981704908,0.9921259842519685,1.0
TNNT1,-0.315548949707521,0.7874015748031497,0.9775940764002741
TMEM86B,0.2822192507796384,0.5511811023622047,0.9514203834061379
PPP6R1,-0.4806538347732747,0.5669291338582677,0.954855712655332
HSPBP1,0.4466926506878779,0.49606299212598426,0.9378529417969822
KMT5C,-0.2606355040925341,0.4881889763779528,0.9357814954688165
RPL28,-0.2409119191565381,0.8661417322834646,0.9853875082167936
UBE2S,0.9021309709788632,0.49606299212598426,0.9378529417969822
ISOC2,0.8916539963401844,0.49606299212598426,0.9378529417969822
NAT14,0.13642162403097036,0.8818897637795275,0.9879934629764293
SSC5D,-0.8327366677661081,0.4566929133858268,0.9233455416926752
FIZ1,-0.003990513628962411,1.0,1.0
ZNF524,0.16940911671881365,0.6929133858267716,0.9695596467319408
ZNF865,0.5263239715018477,0.5590551181102362,0.9539915430764625
ZNF784,1.8514967210549376,0.023622047244094488,0.6826476042030583
ZNF580,-0.30815623874072795,0.5590551181102362,0.9539915430764625
ZNF581,0.029053863947287262,0.9448818897637795,0.9944898714583753
CCDC106,0.7320011158880444,0.48031496062992124,0.9342236316938177
U2AF2,0.5925136721352295,0.31496062992125984,0.8705799696691885
EPN1,-0.41950366778518866,0.7086614173228346,0.9697087411223303
RFPL4A,0.41385415876937226,0.5748031496062992,0.9559479904608623
ZNF787,-0.35785418913406986,0.6771653543307087,0.9685447258281904
ZNF444,-0.1114896447084659,0.8110236220472441,0.9806560380447493
ZSCAN5A,0.5643538917365647,0.6062992125984252,0.9608942225121786
ZNF542P,-0.5431287189600389,0.3543307086614173,0.8915123476047269
ZNF582,0.4376193947363025,0.5984251968503937,0.9608942225121786
ZNF583,0.5550934653109545,0.4881889763779528,0.9357814954688165
ZNF667-AS1,-0.39470775984290896,0.6377952755905512,0.962871484045595
ZFP28,1.0023221755867013,0.09448818897637795,0.7290975019374097
ZNF71,0.062052843998025464,0.9212598425196851,0.9916034965968238
PEG3,1.0090921234515213,0.11023622047244094,0.7341951946620201
ZNF264,-0.8415287325493006,0.03937007874015748,0.6826476042030583
AC005261.2,0.82440202236875,0.10236220472440945,0.7341951946620201
ZNF543,-0.538257219651431,0.5275590551181102,0.9452006713295411
ZNF304,0.5293615088069032,0.5984251968503937,0.9608942225121786
TRAPPC2B,-0.11994757461328787,0.84251968503937,0.9823595446327953
ZNF548,-0.740688988964405,0.09448818897637795,0.7290975019374097
ZNF772,0.13941744657316713,0.8110236220472441,0.9806560380447493
ZNF549,-0.7319006384855453,0.3937007874015748,0.9060325603890926
ZNF550,-0.510122190464362,0.5118110236220472,0.9438814884599421
ZNF134,-0.11124574255381026,0.8346456692913385,0.9819224384651066
ZNF211,-0.14406195941741107,0.8582677165354331,0.9837431881343323
ZNF551,0.24635746101333744,0.7244094488188977,0.9716680124035083
ZNF154,-1.065361870010694,0.047244094488188976,0.6826476042030583
ZNF671,0.2717218164650932,0.7165354330708661,0.9697087411223303
ZNF776,0.43157324096980876,0.29133858267716534,0.8583371233084381
ZNF586,-0.5092166456895795,0.5590551181102362,0.9539915430764625
ZNF552,0.520273816948049,0.4094488188976378,0.9090035743434535
ZNF587B,0.5834377055094413,0.3779527559055118,0.90080276839105
ZNF814,0.735621577749364,0.07086614173228346,0.7107880171694956
ZNF587,0.9004058157230856,0.2047244094488189,0.8179316528497794
ZNF256,-0.8582126834482278,0.1968503937007874,0.8133366461918351
ZSCAN18,0.3940782662922313,0.5748031496062992,0.9559479904608623
ZNF329,-0.23301133529352303,0.8110236220472441,0.9806560380447493
ZNF274,0.3018409107922806,0.3228346456692913,0.8759501889864706
ZNF544,-1.078356002543557,0.1968503937007874,0.8133366461918351
ZNF8,-0.9954701088714972,0.25196850393700787,0.8470756930926249
ERVK3-1,0.6720907419844822,0.48031496062992124,0.9342236316938177
ZSCAN22,-0.16924113851541733,1.0,1.0
RPS5,-0.31297518172818073,0.30708661417322836,0.868085262990023
ZNF324,-0.459337852058592,0.5433070866141733,0.9499646623191925
SLC27A5,1.1049786307291305,0.14960629921259844,0.7739916929935694
ZBTB45,-0.7246390125259432,0.4566929133858268,0.9233455416926752
TRIM28,0.34019639693797643,0.7007874015748031,0.9697087411223303
CHMP2A,0.4671901908616318,0.29133858267716534,0.8583371233084381
UBE2M,0.8649213698598093,0.5905511811023622,0.9608942225121786
MZF1-AS1,0.8319150315701727,0.2677165354330709,0.8534808525440345
MZF1,0.8123958733977803,0.1732283464566929,0.8038630721031994
CENPBD1P1,-0.12988822689881552,0.6141732283464567,0.9618483135188818
RPS4Y1,-0.7032389588673751,0.84251968503937,0.9823595446327953
ZFY,-0.8323047076173804,0.6062992125984252,0.9608942225121786
VDAC1P6,0.47784210011353356,0.4409448818897638,0.9193107263430548
EIF4A1P2,0.13548834879818283,0.7244094488188977,0.9716680124035083
PRKY,-0.8087410319297428,0.6062992125984252,0.9608942225121786
TTTY15,-0.5856866726113645,0.7637795275590551,0.9726051513462561
USP9Y,-0.11211670010863961,1.0,1.0
DDX3Y,-1.1614914529987335,0.6062992125984252,0.9608942225121786
UTY,0.08032176421538773,0.9212598425196851,0.9916034965968238
PSMA6P1,-0.3220995120341903,0.3543307086614173,0.8915123476047269
TXLNGY,-0.4478205727754565,1.0,1.0
KDM5D,-0.5618453214264176,0.6062992125984252,0.9608942225121786
EIF1AY,-0.9153967969703714,0.6062992125984252,0.9608942225121786
AP000547.3,0.022388460655875297,0.968503937007874,0.9977263771544332
IL17RA,-0.16167334429741498,0.6220472440944882,0.9618483135188818
TMEM121B,0.9855420712204417,0.09448818897637795,0.7290975019374097
HDHD5,-0.2524045572501019,0.5354330708661418,0.9479419337985596
ADA2,-0.17248987364352608,0.5354330708661418,0.9479419337985596
SLC25A18,-1.3602022162061904,0.023622047244094488,0.6826476042030583
ATP6V1E1,-0.059484534826608204,0.6377952755905512,0.962871484045595
BCL2L13,-0.2958707744777609,0.4251968503937008,0.9130051051310895
BID,-0.02481016122168178,0.937007874015748,0.9941472732331481
LINC00528,-0.42178102496415004,0.5748031496062992,0.9559479904608623
PEX26,0.4608850836301537,0.6141732283464567,0.9618483135188818
DGCR2,-0.2198259994807059,0.5039370078740157,0.939868419531259
ESS2,0.5773478245230081,0.36220472440944884,0.8957091520102044
SLC25A1,-0.1859829576067451,0.889763779527559,0.9886177730539346
HIRA,-0.9036600029686448,0.11811023622047244,0.7364350074797351
C22orf39,-0.6807961748495308,0.2125984251968504,0.8224832770104163
MRPL40,1.080318733981005,0.015748031496062992,0.6826476042030583
UFD1,-0.15264784150784028,0.7165354330708661,0.9697087411223303
CDC45,0.09794730102916938,0.8582677165354331,0.9837431881343323
RTL10,-0.030133233480214905,0.984251968503937,0.9988002758044506
TXNRD2,-0.801485417926223,0.5039370078740157,0.939868419531259
COMT,0.23322991908534174,0.6220472440944882,0.9618483135188818
TANGO2,0.0879591700808453,0.9291338582677166,0.9923418376941026
AC006547.1,-1.5302161262302774,0.07086614173228346,0.7107880171694956
DGCR8,0.4228075256941064,0.6299212598425197,0.962871484045595
TRMT2A,0.41386368676136165,0.6062992125984252,0.9608942225121786
RANBP1,0.28059832158128284,0.3228346456692913,0.8759501889864706
ZDHHC8,0.22092158752932312,0.8582677165354331,0.9837431881343323
DGCR6L,0.8166288467970944,0.41732283464566927,0.9107246259166057
ZNF74,-0.035603188369700334,0.952755905511811,0.9944898714583753
KLHL22,1.9604733666491714,0.08661417322834646,0.7251724549592804
MED15,0.6657315070462859,0.5905511811023622,0.9608942225121786
PI4KA,-1.04594884174759,0.05511811023622047,0.6931238793170655
SNAP29,-0.18515173050873912,0.44881889763779526,0.9212102163700125
CRKL,-0.3610036097131868,0.3464566929133858,0.8873455246406359
LINC01637,0.6960485950351643,0.4566929133858268,0.9233455416926752
AIFM3,-0.28379422358400475,0.8582677165354331,0.9837431881343323
LZTR1,1.2531993079996924,0.2047244094488189,0.8179316528497794
HIC2,-0.48837392488716436,0.4409448818897638,0.9193107263430548
UBE2L3,-0.0031460812944352767,0.984251968503937,0.9988002758044506
YDJC,-0.2684510351809699,0.984251968503937,0.9988002758044506
SDF2L1,1.6094521031081066,0.03937007874015748,0.6826476042030583
YPEL1,-0.6827198298487729,0.1968503937007874,0.8133366461918351
MAPK1,0.14315998665068008,0.5511811023622047,0.9514203834061379
PPM1F,-0.317678875884857,0.4645669291338583,0.9271628797814478
AC245452.1,0.3817262457901265,0.7559055118110236,0.9726051513462561
AC245060.4,-0.30831315274730287,0.4566929133858268,0.9233455416926752
IGLV1-40,-0.7786323327204376,0.8818897637795275,0.9879934629764293
IGLV2-14,-0.17573422208309752,1.0,1.0
IGLC2,0.836567708412483,0.6377952755905512,0.962871484045595
IGLC3,2.0886814479690576,0.3700787401574803,0.8970171905992668
IGLC7,0.4627015962085428,0.84251968503937,0.9823595446327953
GNAZ,0.07513767198959487,0.937007874015748,0.9941472732331481
BCR,0.7997528381342554,0.33858267716535434,0.8824827791252136
AP000347.1,-0.3494728303946697,0.5669291338582677,0.954855712655332
ZNF70,1.3128427139542327,0.023622047244094488,0.6826476042030583
CHCHD10,0.37448047457533207,0.5196850393700787,0.9452006713295411
MMP11,-0.4298216326015998,0.7165354330708661,0.9697087411223303
SMARCB1,0.3999049243151003,0.5748031496062992,0.9559479904608623
DERL3,-0.6931480257076323,0.4015748031496063,0.9086765677539906
SLC2A11,-0.996082768758717,0.16535433070866143,0.7925152280493241
CABIN1,-0.34334890486535086,0.7716535433070866,0.9760752568014447
GGT5,1.2502715309331904,0.15748031496062992,0.7813115157480315
SPECC1L,0.9767921444848557,0.2440944881889764,0.8410862980163292
ADORA2A-AS1,0.9886869679246477,0.18110236220472442,0.8073643742935083
UPB1,-0.7191643284068843,0.2677165354330709,0.8534808525440345
GUCD1,-0.14762233861404717,0.7637795275590551,0.9726051513462561
SNRPD3,-0.228019639145435,0.31496062992125984,0.8705799696691885
GGT1,-0.21622539112205996,0.6929133858267716,0.9695596467319408
LRP5L,-0.267190923691762,0.7559055118110236,0.9726051513462561
CRYBB2P1,-0.4017284898075495,0.3464566929133858,0.8873455246406359
GRK3,0.06984861412605614,0.6141732283464567,0.9618483135188818
YES1P1,0.3657978015064032,0.5826771653543307,0.9597435711535928
SEZ6L,-0.5930715297260951,0.4015748031496063,0.9086765677539906
ASPHD2,-0.6872090001021809,0.3464566929133858,0.8873455246406359
HPS4,-0.7396051134812676,0.30708661417322836,0.868085262990023
TFIP11,0.08823007024965679,0.9212598425196851,0.9916034965968238
TPST2,0.2147442263209287,0.3464566929133858,0.8873455246406359
HMGB1P10,0.19340887257059292,0.7480314960629921,0.9726051513462561
MIATNB,1.4194993118259784,0.07874015748031496,0.7107880171694956
MN1,0.5690328419083728,0.6141732283464567,0.9618483135188818
PITPNB,0.14040431035394274,0.6299212598425197,0.962871484045595
TTC28-AS1,-0.6754456766133035,0.1889763779527559,0.8133366461918351
TTC28,-0.29558853785069017,0.4409448818897638,0.9193107263430548
CHEK2,-0.142011214106887,0.7007874015748031,0.9697087411223303
HSCB,0.10991640879321851,0.8582677165354331,0.9837431881343323
CCDC117,-0.19933321712237806,0.6220472440944882,0.9618483135188818
XBP1,-0.5000013934351095,0.07874015748031496,0.7107880171694956
Z93930.2,0.9267894277909159,0.3464566929133858,0.8873455246406359
KREMEN1,-0.3389091594070557,0.3700787401574803,0.8970171905992668
EWSR1,-0.0684214543142101,0.7559055118110236,0.9726051513462561
GAS2L1,-0.035501400726106525,0.9448818897637795,0.9944898714583753
AP1B1,0.55220223379348,0.12598425196850394,0.7505281352026119
NEFH,0.31950684389368433,0.33070866141732286,0.8811266433105555
THOC5,0.6350045376682698,0.3779527559055118,0.90080276839105
NIPSNAP1,-0.027154074528691563,0.952755905511811,0.9944898714583753
NF2,0.35462129705777556,0.44881889763779526,0.9212102163700125
UQCR10,0.025775391811168724,0.952755905511811,0.9944898714583753
ASCC2,0.35950594063294883,0.48031496062992124,0.9342236316938177
MTMR3,-0.5439927701226606,0.2047244094488189,0.8179316528497794
AC003681.1,0.014590067883929692,0.984251968503937,0.9988002758044506
LIF,-0.7135953230841637,0.4330708661417323,0.9149090270901766
OSM,0.03446027014434172,0.9606299212598425,0.9967290768663719
TBC1D10A,0.6691207125767842,0.5511811023622047,0.9514203834061379
SF3A1,-0.060138062608455556,0.8346456692913385,0.9819224384651066
RNF215,0.6211401760800233,0.33858267716535434,0.8824827791252136
SIRPAP1,1.206033861506211,0.023622047244094488,0.6826476042030583
PES1,0.05337046285138891,0.9448818897637795,0.9944898714583753
TCN2,0.806424540370914,0.047244094488188976,0.6826476042030583
SLC35E4,0.9657291989962797,0.2125984251968504,0.8224832770104163
DUSP18,0.43049589635618535,0.41732283464566927,0.9107246259166057
MORC2,0.3898558681915043,0.7874015748031497,0.9775940764002741
TUG1,0.09877729556131865,0.6535433070866141,0.966090961744307
SMTN,-0.2008533165258206,0.7637795275590551,0.9726051513462561
SELENOM,1.1965494640225263,0.18110236220472442,0.8073643742935083
RNF185,-0.253694115678885,0.5354330708661418,0.9479419337985596
LIMK2,-0.2043377621966216,0.7952755905511811,0.978664400309132
PIK3IP1,0.44904683861909644,0.41732283464566927,0.9107246259166057
PATZ1,-0.5664609827539344,0.6220472440944882,0.9618483135188818
DRG1,-0.14186777846406784,0.4330708661417323,0.9149090270901766
EIF4ENIF1,-0.8268758080642766,0.2283464566929134,0.8336385014247465
SFI1,0.37104644765441464,0.6692913385826772,0.967634523772178
PISD,-0.5239914643182133,0.1732283464566929,0.8038630721031994
PRR14L,-0.11503820963125122,0.7165354330708661,0.9697087411223303
DEPDC5,0.7062488624243182,0.25984251968503935,0.8512406093679867
YWHAH,1.574893859238502,0.023622047244094488,0.6826476042030583
Z74021.1,-0.4053425849374639,0.2992125984251969,0.8629198938688523
RTCB,0.3824127856078601,0.41732283464566927,0.9107246259166057
FBXO7,-0.07943685031256909,0.7559055118110236,0.9726051513462561
TIMP3,0.7270870164081557,0.5669291338582677,0.954855712655332
HMGXB4,0.434975677022881,0.1968503937007874,0.8133366461918351
AL008635.1,-0.5383119068795702,0.3858267716535433,0.901137518714905
TOM1,0.052462239432751634,0.9763779527559056,0.9988002758044506
HMOX1,0.8563387807015985,0.3464566929133858,0.8873455246406359
MCM5,0.9279736150535092,0.23622047244094488,0.8382889691177539
APOL6,-0.43912544853786617,0.6456692913385826,0.9653496962085154
RBFOX2,-0.012194614564126738,1.0,1.0
APOL3,-0.22978290786840994,0.6062992125984252,0.9608942225121786
APOL4,-0.6039689553338401,0.48031496062992124,0.9342236316938177
APOL2,0.1305187291099248,0.8031496062992126,0.9806560380447493
APOL1,0.06623907674411367,0.8818897637795275,0.9879934629764293
MYH9,0.12679909961550173,0.2677165354330709,0.8534808525440345
RPS15AP38,-0.009036307178483582,0.9763779527559056,0.9988002758044506
TXN2,0.26520264649259584,0.1968503937007874,0.8133366461918351
FOXRED2,0.4764388811946061,0.5511811023622047,0.9514203834061379
EIF3D,0.15966420637918777,0.12598425196850394,0.7505281352026119
IFT27,0.4878762558686205,0.7401574803149606,0.9726051513462561
NCF4,-0.061870455988044526,0.8346456692913385,0.9819224384651066
CSF2RB,-0.4560012103071651,0.4566929133858268,0.9233455416926752
TST,0.7531409362880099,0.2047244094488189,0.8179316528497794
MPST,0.5268643561404325,0.6692913385826772,0.967634523772178
KCTD17,0.6651251500278355,0.5354330708661418,0.9479419337985596
IL2RB,-0.5748677748359103,0.48031496062992124,0.9342236316938177
C1QTNF6,-1.2970820245766421,0.14173228346456693,0.7686343861159114
RAC2,-0.6939081427982412,0.047244094488188976,0.6826476042030583
CYTH4,0.4027173922127876,0.1732283464566929,0.8038630721031994
MFNG,0.31822777246803025,0.30708661417322836,0.868085262990023
CDC42EP1,0.8562999565239635,0.5039370078740157,0.939868419531259
LGALS2,-0.17310859349150487,0.6299212598425197,0.962871484045595
GGA1,-0.14609268417528654,0.7086614173228346,0.9697087411223303
SH3BP1,0.2921350385563066,0.7007874015748031,0.9697087411223303
LGALS1,0.3181871405166312,0.7401574803149606,0.9726051513462561
TRIOBP,-0.5611389229686612,0.2755905511811024,0.853725753792971
H1F0,0.18453066987899902,0.6062992125984252,0.9608942225121786
ANKRD54,-0.8256958412673638,0.29133858267716534,0.8583371233084381
EIF3L,-0.3577907453630029,0.6850393700787402,0.9695596467319408
MICALL1,0.11034790420821317,0.8346456692913385,0.9819224384651066
AL031587.6,-0.3997871330733702,0.4015748031496063,0.9086765677539906
PLA2G6,-0.8106765997595118,0.3779527559055118,0.90080276839105
AL022322.2,-0.5184085830316358,0.4881889763779528,0.9357814954688165
MAFF,-0.0127856352628406,0.9921259842519685,1.0
TMEM184B,0.11278367046078586,0.7559055118110236,0.9726051513462561
CSNK1E,-0.5202882204760018,0.29133858267716534,0.8583371233084381
Z98749.2,-0.21880835550349054,0.8740157480314961,0.9870953241817563
DDX17,-0.31347160617583647,0.11023622047244094,0.7341951946620201
TOMM22,-0.049709945248815224,0.7795275590551181,0.9769863358554425
JOSD1,-0.41300768685134503,0.4645669291338583,0.9271628797814478
GTPBP1,-0.5231308298505146,0.5118110236220472,0.9438814884599421
SUN2,-0.14050796139896915,0.8582677165354331,0.9837431881343323
AL021707.6,-0.47491898565510926,0.6614173228346457,0.967634523772178
DNAL4,0.9817840787049734,0.1968503937007874,0.8133366461918351
NPTXR,-0.2536142301142543,0.7165354330708661,0.9697087411223303
CBX6,-0.13044457044616653,0.7480314960629921,0.9726051513462561
APOBEC3A,-1.121993701019063,0.5354330708661418,0.9479419337985596
APOBEC3C,-0.2467619751790382,0.31496062992125984,0.8705799696691885
APOBEC3F,0.41394710321531014,0.44881889763779526,0.9212102163700125
APOBEC3G,0.30155410437862784,0.6062992125984252,0.9608942225121786
CBX7,-0.03505952920919819,0.968503937007874,0.9977263771544332
PDGFB,0.502913159701416,0.7086614173228346,0.9697087411223303
AL031590.1,-1.0909164529503839,0.3700787401574803,0.8970171905992668
RPL3,-0.3386529199513424,0.25196850393700787,0.8470756930926249
SYNGR1,-0.8383913050151184,0.4015748031496063,0.9086765677539906
TAB1,0.6722838367550215,0.15748031496062992,0.7813115157480315
MIEF1,-0.0910874812154141,0.84251968503937,0.9823595446327953
ATF4,-0.19636198154631224,0.5354330708661418,0.9479419337985596
RPS19BP1,0.3621491450026477,0.2204724409448819,0.8287127766916084
GRAP2,-0.5081118620078344,0.5590551181102362,0.9539915430764625
TNRC6B,-0.5320691073940855,0.031496062992125984,0.6826476042030583
ADSL,0.5605726000455138,0.5984251968503937,0.9608942225121786
MKL1,0.08507412115993152,0.889763779527559,0.9886177730539346
SLC25A17,0.060856178100287206,0.84251968503937,0.9823595446327953
ST13,-0.3502420623913398,0.03937007874015748,0.6826476042030583
XPNPEP3,0.10795705156369761,0.8740157480314961,0.9870953241817563
RBX1,0.09841596974902345,0.6062992125984252,0.9608942225121786
AL080243.2,-0.05497320247227444,0.9212598425196851,0.9916034965968238
EP300,-0.2256466134797428,0.03937007874015748,0.6826476042030583
L3MBTL2,0.8748610657858107,0.07086614173228346,0.7107880171694956
RANGAP1,0.9027403052436118,0.6771653543307087,0.9685447258281904
ZC3H7B,-0.383058469670833,0.3464566929133858,0.8873455246406359
TEF,-0.23339248830308446,0.7716535433070866,0.9760752568014447
TOB2,-0.29885851928863083,0.6692913385826772,0.967634523772178
PHF5A,-0.6799093061802663,0.15748031496062992,0.7813115157480315
ACO2,-0.001456718170042448,1.0,1.0
POLR3H,0.40585034995722924,0.5433070866141733,0.9499646623191925
PMM1,1.2311225457000408,0.2283464566929134,0.8336385014247465
DESI1,0.7630627619595738,0.11811023622047244,0.7364350074797351
XRCC6,0.2130512978320862,0.6141732283464567,0.9618483135188818
SNU13,-0.14563822581218755,0.33070866141732286,0.8811266433105555
C22orf46,-0.12189125227301378,0.84251968503937,0.9823595446327953
MEI1,0.07628147844753874,0.889763779527559,0.9886177730539346
AL021453.1,0.9759487821572028,0.2677165354330709,0.8534808525440345
SREBF2,0.18428356015742064,0.6771653543307087,0.9685447258281904
TNFRSF13C,-1.042716107187305,0.23622047244094488,0.8382889691177539
CENPM,1.4961790223028437,0.11811023622047244,0.7364350074797351
SEPT3,0.9318467767691474,0.4566929133858268,0.9233455416926752
WBP2NL,-0.08716427563965778,0.8976377952755905,0.9899212869522312
NAGA,0.04991348428419062,0.8110236220472441,0.9806560380447493
SMDT1,-0.11641648099984803,0.5511811023622047,0.9514203834061379
NDUFA6,0.47514731938612265,0.11023622047244094,0.7341951946620201
OLA1P1,0.39773079966814917,0.48031496062992124,0.9342236316938177
TCF20,-0.276396837365378,0.25196850393700787,0.8470756930926249
NFAM1,0.03931523033113571,0.8582677165354331,0.9837431881343323
RRP7A,-0.07615003842534751,0.8110236220472441,0.9806560380447493
POLDIP3,-0.1321381135577857,0.5433070866141733,0.9499646623191925
Z93241.1,0.4122993691794594,0.6929133858267716,0.9695596467319408
CYB5R3,0.2877336292141921,0.6062992125984252,0.9608942225121786
ATP5L2,-0.1155091424855863,0.84251968503937,0.9823595446327953
RPL5P34,-0.5010672676381427,0.11023622047244094,0.7341951946620201
ARFGAP3,0.17539796880016922,0.3937007874015748,0.9060325603890926
PACSIN2,0.6385962357472188,0.3858267716535433,0.901137518714905
BIK,-0.3165823168258761,0.7007874015748031,0.9697087411223303
MCAT,0.7762566633543905,0.2440944881889764,0.8410862980163292
TSPO,0.02674558745205946,0.984251968503937,0.9988002758044506
TTLL12,-0.258872162041043,0.7795275590551181,0.9769863358554425
SAMM50,0.516511877670407,0.5433070866141733,0.9499646623191925
AL035398.1,-0.7795515415060912,0.16535433070866143,0.7925152280493241
PARVB,0.4291869880556174,0.25984251968503935,0.8512406093679867
PARVG,-0.2762981052543916,0.7322834645669292,0.9726051513462561
AL031595.2,-0.3537790715118667,0.7401574803149606,0.9726051513462561
RTL6,0.24696392482077645,0.5354330708661418,0.9479419337985596
NUP50-AS1,0.33860356482879084,0.7322834645669292,0.9726051513462561
NUP50,-0.34800877247507067,0.2755905511811024,0.853725753792971
KIAA0930,-0.008483507835838289,0.9291338582677166,0.9923418376941026
UPK3A,-0.7002665242175174,0.4409448818897638,0.9193107263430548
FAM118A,-0.13658916550947175,0.7952755905511811,0.978664400309132
FBLN1,-0.8922080687208704,0.4881889763779528,0.9357814954688165
ATXN10,0.03656286410530818,0.889763779527559,0.9886177730539346
PRR34-AS1,0.556328659553341,0.5669291338582677,0.954855712655332
PPARA,-0.6982256632557879,0.3228346456692913,0.8759501889864706
CDPF1,0.4140081776681446,0.6850393700787402,0.9695596467319408
TTC38,1.9739180102827416,0.03937007874015748,0.6826476042030583
GTSE1,1.5870621128137998,0.12598425196850394,0.7505281352026119
TRMU,0.2838993137183756,0.7322834645669292,0.9726051513462561
CELSR1,-0.27195930427343584,0.6771653543307087,0.9685447258281904
GRAMD4,0.37045419936726987,0.7322834645669292,0.9726051513462561
CERK,-0.18400645115167524,0.5275590551181102,0.9452006713295411
AL118516.1,-0.6864210257407128,0.11023622047244094,0.7341951946620201
TBC1D22A,0.6130119370776264,0.25196850393700787,0.8470756930926249
BRD1,-0.5669151007347768,0.18110236220472442,0.8073643742935083
ZBED4,0.19970125009146145,0.5826771653543307,0.9597435711535928
CRELD2,0.37279415880981137,0.1968503937007874,0.8133366461918351
PIM3,0.04221829682066147,0.9133858267716536,0.9910228417757366
PANX2,-1.3375589094054814,0.11811023622047244,0.7364350074797351
TRABD,-0.3373096468564807,0.6456692913385826,0.9653496962085154
AL022328.3,0.4970133907705627,0.5511811023622047,0.9514203834061379
SELENOO,0.8353464404288524,0.4330708661417323,0.9149090270901766
TUBGCP6,0.3065033543330262,0.8031496062992126,0.9806560380447493
HDAC10,1.584778019049819,0.2283464566929134,0.8336385014247465
PLXNB2,0.315511340147669,0.7480314960629921,0.9726051513462561
DENND6B,0.6613657030301385,0.5275590551181102,0.9452006713295411
PPP6R2,0.4814380881638227,0.6220472440944882,0.9618483135188818
SBF1,-0.5166654453836568,0.7322834645669292,0.9726051513462561
ADM2,0.5485478302514162,0.5354330708661418,0.9479419337985596
LMF2,0.17260280267655492,0.7637795275590551,0.9726051513462561
NCAPH2,-0.3975108078833356,0.6535433070866141,0.966090961744307
SCO2,-0.17044784587472872,0.6692913385826772,0.967634523772178
U62317.3,-1.0691491415509469,0.1968503937007874,0.8133366461918351
TYMP,0.06882995094393074,0.8188976377952756,0.9819224384651066
ODF3B,0.12753331301761195,0.952755905511811,0.9944898714583753
U62317.2,1.5054091607145739,0.023622047244094488,0.6826476042030583
KLHDC7B,0.09064014150053268,0.9133858267716536,0.9910228417757366
ARSA,0.46418924347575397,0.6692913385826772,0.967634523772178
SHANK3,2.211772993139316,0.05511811023622047,0.6931238793170655
RPL23AP82,-0.024562022987707932,1.0,1.0
RABL2B,-0.41998477252096356,0.2440944881889764,0.8410862980163292
FP565260.3,-0.5039565389004016,0.6299212598425197,0.962871484045595
FP565260.7,-1.092818169372681,0.15748031496062992,0.7813115157480315
CU639417.1,-1.2166277509656345,0.031496062992125984,0.6826476042030583
HSPA13,-0.20590631975712892,0.5039370078740157,0.939868419531259
SAMSN1,0.12896611995464724,0.84251968503937,0.9823595446327953
NRIP1,-0.12077587193685524,0.5826771653543307,0.9597435711535928
USP25,-0.3392660758862558,0.23622047244094488,0.8382889691177539
BTG3,0.6066086246909004,0.3779527559055118,0.90080276839105
C21orf91,-0.46964845349658635,0.4330708661417323,0.9149090270901766
PPIAP22,-0.11935038971381218,0.6220472440944882,0.9618483135188818
AP000568.1,-0.07806773440571257,0.84251968503937,0.9823595446327953
LINC01684,-0.8956994903886646,0.1889763779527559,0.8133366461918351
RPL13AP7,-0.763016839828492,0.14960629921259844,0.7739916929935694
MIR155HG,0.34530872288231107,0.5748031496062992,0.9559479904608623
MRPL39,-0.5930201200340006,0.25196850393700787,0.8470756930926249
JAM2,1.08089373663364,0.23622047244094488,0.8382889691177539
ATP5J,0.19799966721605333,0.33070866141732286,0.8811266433105555
GABPA,0.08371861478952969,0.7480314960629921,0.9726051513462561
APP,-1.065271967495665,0.03937007874015748,0.6826476042030583
CYYR1,-1.4028358380725452,0.015748031496062992,0.6826476042030583
N6AMT1,-0.23868681968036842,0.7637795275590551,0.9726051513462561
LTN1,0.05396835707840264,0.8503937007874016,0.9835944261634448
RWDD2B,1.3468070580532636,0.12598425196850394,0.7505281352026119
USP16,0.05392353327937549,0.7795275590551181,0.9769863358554425
CCT8,-0.2809175617515294,0.33070866141732286,0.8811266433105555
MAP3K7CL,-0.04779637361158562,0.9763779527559056,0.9988002758044506
BACH1,0.23069649169892603,0.6141732283464567,0.9618483135188818
BACH1-IT1,-0.09341283331664285,0.905511811023622,0.9899212869522312
AP000240.1,-0.6218384569553163,0.33858267716535434,0.8824827791252136
TIAM1,0.19893793125389703,0.6299212598425197,0.962871484045595
SOD1,0.3752183541866154,0.14173228346456693,0.7686343861159114
AP000254.1,0.9760062774099436,0.11023622047244094,0.7341951946620201
SCAF4,-0.22073983140376185,0.5826771653543307,0.9597435711535928
MIS18A,-0.13102262537172482,0.8346456692913385,0.9819224384651066
URB1,0.2046312322903996,0.8031496062992126,0.9806560380447493
C21orf59,0.27660640539350023,0.3937007874015748,0.9060325603890926
SYNJ1,0.8423629800619263,0.5433070866141733,0.9499646623191925
PAXBP1-AS1,-1.1644013572921805,0.031496062992125984,0.6826476042030583
PAXBP1,-0.5269973662599456,0.023622047244094488,0.6826476042030583
OLIG1,-1.1073783431419233,0.2283464566929134,0.8336385014247465
IFNAR2,-0.6041518999276718,0.2677165354330709,0.8534808525440345
IL10RB-AS1,0.543303901928684,0.3228346456692913,0.8759501889864706
IL10RB,0.09213012200999149,0.7874015748031497,0.9775940764002741
IFNAR1,0.2843432049874144,0.06299212598425197,0.6963124387519445
IFNGR2,0.5325350246983698,0.1889763779527559,0.8133366461918351
TMEM50B,0.35853051478929565,0.2204724409448819,0.8287127766916084
DNAJC28,0.8402505710257011,0.14960629921259844,0.7739916929935694
GART,0.14922623878230112,0.7952755905511811,0.978664400309132
SON,-0.17778115785855952,0.4330708661417323,0.9149090270901766
DONSON,0.031654068409493696,0.9921259842519685,1.0
CRYZL1,0.016660100463866456,0.968503937007874,0.9977263771544332
ITSN1,0.8698965311760745,0.5669291338582677,0.954855712655332
ATP5O,0.23985806810841925,0.23622047244094488,0.8382889691177539
LINC00649,0.9200603168413695,0.3937007874015748,0.9060325603890926
MRPS6,0.22935780695043917,0.5118110236220472,0.9438814884599421
SLC5A3,1.407478414601564,0.07874015748031496,0.7107880171694956
KCNE1,0.02850099042515275,0.9448818897637795,0.9944898714583753
RCAN1,-0.18837965700489345,0.9291338582677166,0.9923418376941026
RUNX1,-0.5233241881690782,0.14960629921259844,0.7739916929935694
SETD4,0.29808786981315816,0.7637795275590551,0.9726051513462561
CBR1,0.5855695318495302,0.48031496062992124,0.9342236316938177
MEMO1P1,0.1780551148418963,0.8267716535433071,0.9819224384651066
CBR3-AS1,-0.8023269653474083,0.1889763779527559,0.8133366461918351
DOPEY2,-0.10208815658836112,0.8031496062992126,0.9806560380447493
MORC3,0.3326781569201689,0.5984251968503937,0.9608942225121786
HLCS,0.20143511024668292,0.8267716535433071,0.9819224384651066
PIGP,0.2388818953543872,0.4881889763779528,0.9357814954688165
TTC3,-0.3668004124018003,0.3228346456692913,0.8759501889864706
DSCR3,-0.24612272453316297,0.3779527559055118,0.90080276839105
AP001437.1,1.229122089365831,0.06299212598425197,0.6963124387519445
DYRK1A,0.2152177226118157,0.2125984251968504,0.8224832770104163
KCNJ15,0.7457708738956486,0.5826771653543307,0.9597435711535928
ETS2,0.08783867236212117,0.8110236220472441,0.9806560380447493
PSMG1,0.4743336682065582,0.14960629921259844,0.7739916929935694
BRWD1,-0.5277548672673191,0.09448818897637795,0.7290975019374097
HMGN1,-0.20452650940812767,0.4881889763779528,0.9357814954688165
WRB,0.3641564725023567,0.44881889763779526,0.9212102163700125
SH3BGR,-0.17964969382905815,0.8503937007874016,0.9835944261634448
BACE2,0.872413953272521,0.3700787401574803,0.8970171905992668
MX2,-0.24093099542908725,0.6535433070866141,0.966090961744307
MX1,-0.6074386702951244,0.3858267716535433,0.901137518714905
PRDM15,-0.32766558984003247,0.7086614173228346,0.9697087411223303
C2CD2,0.7259506174161432,0.2992125984251969,0.8629198938688523
ZBTB21,-0.6413377151641813,0.015748031496062992,0.6826476042030583
ABCG1,1.552437971121599,0.11023622047244094,0.7341951946620201
SLC37A1,-0.1361245418287158,0.8661417322834646,0.9853875082167936
WDR4,0.35284487084126637,0.15748031496062992,0.7813115157480315
NDUFV3,0.15994343740268313,0.5905511811023622,0.9608942225121786
PKNOX1,-0.5214086306101096,0.31496062992125984,0.8705799696691885
U2AF1,0.6921431467160017,0.4094488188976378,0.9090035743434535
LINC01679,-0.8021925238375238,0.4251968503937008,0.9130051051310895
SIK1,-0.4229250445729337,0.7165354330708661,0.9697087411223303
RRP1B,-0.20781963817013427,0.5039370078740157,0.939868419531259
PDXK,0.5913456503499059,0.3700787401574803,0.8970171905992668
CSTB,0.8017067423064104,0.047244094488188976,0.6826476042030583
RRP1,0.35557133297054655,0.7559055118110236,0.9726051513462561
AATBC,1.213069590433548,0.2047244094488189,0.8179316528497794
AGPAT3,0.35372158528820474,0.4330708661417323,0.9149090270901766
TRAPPC10,0.9525878762411848,0.15748031496062992,0.7813115157480315
ICOSLG,1.5047292331640287,0.07874015748031496,0.7107880171694956
PFKL,-0.07419411220487238,0.8661417322834646,0.9853875082167936
AP001062.1,0.4090875767869784,0.49606299212598426,0.9378529417969822
TRPM2,0.03857419038721055,0.952755905511811,0.9944898714583753
UBE2G2,0.08386162962136456,0.8346456692913385,0.9819224384651066
SUMO3,0.11626950406114034,0.49606299212598426,0.9378529417969822
PTTG1IP,0.6198176931972172,0.023622047244094488,0.6826476042030583
ITGB2,0.22478508476284453,0.11023622047244094,0.7341951946620201
ITGB2-AS1,0.7033024291232199,0.7637795275590551,0.9726051513462561
AL844908.1,-0.058387218712178335,0.9448818897637795,0.9944898714583753
FAM207A,1.2850120926230817,0.07874015748031496,0.7107880171694956
AP001505.2,0.03382197010974042,0.984251968503937,0.9988002758044506
ADARB1,0.22910005472329908,0.7874015748031497,0.9775940764002741
POFUT2,-0.5345077235265023,0.047244094488188976,0.6826476042030583
LINC00205,-0.5005612901636938,0.5118110236220472,0.9438814884599421
SLC19A1,-0.15813447559826788,0.8661417322834646,0.9853875082167936
COL6A1,1.5243458810789363,0.3543307086614173,0.8915123476047269
COL6A2,0.10458313516210271,1.0,1.0
LSS,0.45392152961036825,0.36220472440944884,0.8957091520102044
MCM3AP,-0.6964026938054189,0.5118110236220472,0.9438814884599421
YBEY,0.342044483546426,0.8188976377952756,0.9819224384651066
PCNT,-0.5867920394500219,0.1968503937007874,0.8133366461918351
DIP2A,-0.5169616577096745,0.30708661417322836,0.868085262990023
S100B,2.039744141500079,0.05511811023622047,0.6931238793170655
PRMT2,0.4686969916220578,0.09448818897637795,0.7290975019374097
MT-TF,0.6318167447866996,0.44881889763779526,0.9212102163700125
MT-RNR1,-0.06888353197277652,0.7795275590551181,0.9769863358554425
MT-TV,0.019818401797650598,0.9606299212598425,0.9967290768663719
MT-RNR2,-0.09132490718271136,0.6850393700787402,0.9695596467319408
MT-TL1,0.9694570428499887,0.2440944881889764,0.8410862980163292
MT-ND1,0.14951312614789458,0.3543307086614173,0.8915123476047269
MT-TM,-0.6067602796182194,0.41732283464566927,0.9107246259166057
MT-ND2,0.024297888665341105,0.8346456692913385,0.9819224384651066
MT-TC,1.4049518533471728,0.14173228346456693,0.7686343861159114
MT-TY,0.7009686624231803,0.09448818897637795,0.7290975019374097
MT-CO1,0.23288143303852848,0.11023622047244094,0.7341951946620201
MT-CO2,0.08488569446885563,0.5590551181102362,0.9539915430764625
MT-ATP8,0.20411546891841859,0.5196850393700787,0.9452006713295411
MT-ATP6,0.2111997763700817,0.06299212598425197,0.6963124387519445
MT-CO3,0.16084569560924677,0.3779527559055118,0.90080276839105
MT-ND3,0.17073819446012806,0.4094488188976378,0.9090035743434535
MT-ND4L,0.12766568664315692,0.4881889763779528,0.9357814954688165
MT-ND4,0.18970384056880363,0.11811023622047244,0.7364350074797351
MT-ND5,0.3222034120336694,0.06299212598425197,0.6963124387519445
MT-ND6,0.2740919868333762,0.015748031496062992,0.6826476042030583
MT-CYB,0.1471278069453188,0.33858267716535434,0.8824827791252136
MT-TP,0.9921364968501436,0.2440944881889764,0.8410862980163292
AC011043.1,-1.0337544887286354,0.1889763779527559,0.8133366461918351
AL592183.1,0.5617356242727967,0.5669291338582677,0.954855712655332
AC240274.1,0.48765397161758184,0.5669291338582677,0.954855712655332
