gene,log2FC,p_perm,FDR
MTND1P23,-0.41064296060208605,0.36220472440944884,1.0
MTND2P28,-0.4744579739487511,0.33070866141732286,1.0
MTCO1P12,-0.0502767747046553,0.9291338582677166,1.0
MTCO2P12,-0.5769287387959348,0.3543307086614173,1.0
MTATP6P1,-0.08349445529239574,0.6141732283464567,1.0
MTCO3P12,-1.1926497971028622,0.05511811023622047,1.0
AL669831.4,-0.8235822703466229,0.09448818897637795,1.0
LINC01128,0.04199176489395384,0.9606299212598425,1.0
LINC00115,-0.20145588572819895,0.7637795275590551,1.0
NOC2L,0.5289401622315855,0.5118110236220472,1.0
KLHL17,0.8561122352563499,0.4251968503937008,1.0
PLEKHN1,0.0619060495296444,1.0,1.0
ISG15,-0.8433408368794684,0.6535433070866141,1.0
AL390719.1,0.8989774068785953,0.2677165354330709,1.0
C1orf159,0.48157585267675285,0.7165354330708661,1.0
TNFRSF18,1.3010126909195017,0.36220472440944884,1.0
TNFRSF4,0.808068071908421,0.5826771653543307,1.0
SDF4,0.5111371724073805,0.6377952755905512,1.0
B3GALT6,0.04216424701212418,0.937007874015748,1.0
UBE2J2,-0.37690925228402783,0.4645669291338583,1.0
ACAP3,0.28093877392362954,0.7716535433070866,1.0
INTS11,-0.4856468241537919,0.7007874015748031,1.0
CPTP,0.6424596288652218,0.36220472440944884,1.0
DVL1,-0.10672265329525565,0.9291338582677166,1.0
MXRA8,-1.0206672582295,0.11023622047244094,1.0
AURKAIP1,0.4450074281054519,0.49606299212598426,1.0
CCNL2,-0.20441876355880595,0.5590551181102362,1.0
AL391244.1,0.052798542735070786,0.952755905511811,1.0
MRPL20,-0.5353398780248408,0.2992125984251969,1.0
ATAD3C,-0.027990885540358335,0.9291338582677166,1.0
ATAD3B,-0.14812614088364873,0.9291338582677166,1.0
ATAD3A,-1.1255013506118705,0.2440944881889764,1.0
SSU72,0.2789905966292734,0.023622047244094488,1.0
AL645728.1,-1.2416681796525717,0.14173228346456693,1.0
AL691432.2,-0.22156757406825545,0.7322834645669292,1.0
MIB2,-1.142590330292185,0.3464566929133858,1.0
CDK11B,0.5793992718759142,0.4330708661417323,1.0
SLC35E2B,-1.015093467975106,0.031496062992125984,1.0
SLC35E2,0.09490951304096718,0.8582677165354331,1.0
NADK,-0.04579275653370818,0.968503937007874,1.0
GNB1,0.17506315107371329,0.047244094488188976,1.0
FAAP20,1.2650549915575597,0.31496062992125984,1.0
SKI,-0.00472181725751053,0.984251968503937,1.0
RER1,-0.3341116970851772,0.29133858267716534,1.0
PLCH2,0.40283981448029427,0.7007874015748031,1.0
PANK4,0.21287257265434034,0.7795275590551181,1.0
AL139246.5,0.6491561274484414,0.5039370078740157,1.0
TNFRSF14-AS1,-0.2601152144422456,0.7244094488188977,1.0
TNFRSF14,-0.3353457862532432,0.5354330708661418,1.0
AL139246.3,-0.4769500249024716,0.5196850393700787,1.0
FAM213B,-0.1322262027533032,0.8661417322834646,1.0
TPRG1L,-0.10908208164928901,0.7244094488188977,1.0
WRAP73,-0.339912446517447,0.47244094488188976,1.0
TP73-AS1,-0.4525639286887517,0.13385826771653545,1.0
LRRC47,0.350773530998004,0.25984251968503935,1.0
CEP104,0.09096026402892043,0.6535433070866141,1.0
DFFB,-0.32915709508692714,0.5118110236220472,1.0
C1orf174,-0.08075988093343156,0.8818897637795275,1.0
KCNAB2,0.1604920398397125,0.7165354330708661,1.0
RPL22,-0.14396774552369074,0.3700787401574803,1.0
RNF207,0.5234466416031314,0.5905511811023622,1.0
ICMT,-0.297802678207594,0.6535433070866141,1.0
ACOT7,1.5110872077964836,0.08661417322834646,1.0
TNFRSF25,0.42545077041214796,0.5511811023622047,1.0
NOL9,-0.10811899901345612,0.8031496062992126,1.0
ZBTB48,0.4028475074724751,0.6692913385826772,1.0
KLHL21,-0.09136210911915654,0.7795275590551181,1.0
PHF13,0.5334603618559646,0.23622047244094488,1.0
DNAJC11,0.5977398067348263,0.5039370078740157,1.0
CAMTA1,0.21874492338676443,0.2047244094488189,1.0
VAMP3,0.06239527372762055,0.8582677165354331,1.0
PER3,-1.1570336751659824,0.25984251968503935,1.0
UTS2,0.43958000091905625,0.5748031496062992,1.0
TNFRSF9,2.051132505172829,0.2204724409448819,1.0
PARK7,0.09478139535150909,0.6299212598425197,1.0
Y_RNA,0.4773214192148152,0.30708661417322836,1.0
ERRFI1,0.7565349447642218,0.4251968503937008,1.0
RERE,-0.07774679593343325,0.8031496062992126,1.0
AL096855.1,-0.5197662185164407,0.5118110236220472,1.0
ENO1,0.33207466175849554,0.25196850393700787,1.0
CA6,-0.7064042078953535,0.3700787401574803,1.0
GPR157,-0.17433546814204082,0.7322834645669292,1.0
H6PD,0.10738752369035698,0.7637795275590551,1.0
SPSB1,1.689486679399904,0.023622047244094488,1.0
SLC25A33,-0.15117840972046404,0.7086614173228346,1.0
TMEM201,0.4551900556306139,0.6377952755905512,1.0
PIK3CD,-0.15830295118882987,0.4881889763779528,1.0
CLSTN1,-0.08354899133911164,0.9291338582677166,1.0
CTNNBIP1,-0.13014446476742858,0.84251968503937,1.0
LZIC,0.4094869754045831,0.5669291338582677,1.0
NMNAT1,0.7151773631482334,0.29133858267716534,1.0
UBE4B,0.23946534245581486,0.41732283464566927,1.0
KIF1B,0.8795119229776862,0.6771653543307087,1.0
PGD,0.6177586661123593,0.1732283464566929,1.0
DFFA,0.00673873587681495,0.968503937007874,1.0
PEX14,0.48482151459694833,0.4251968503937008,1.0
CASZ1,1.4017928311461503,0.08661417322834646,1.0
TARDBP,-0.2632964508458624,0.4330708661417323,1.0
SRM,0.009895808809491147,0.984251968503937,1.0
EXOSC10,-0.14462280725844234,0.5433070866141733,1.0
MTOR,0.9343896200839694,0.05511811023622047,1.0
UBIAD1,0.3448922361747666,0.5984251968503937,1.0
FBXO2,0.8921987806496401,0.3228346456692913,1.0
FBXO44,0.4081365101376111,0.5669291338582677,1.0
FBXO6,1.3377797181788833,0.2125984251968504,1.0
MAD2L2,0.7501186627749674,0.4015748031496063,1.0
AGTRAP,-0.34418586889275327,0.5196850393700787,1.0
MTHFR,-0.658855772166512,0.09448818897637795,1.0
CLCN6,-0.02317234727139139,0.9448818897637795,1.0
RNU5E-4P,-0.31124109966865077,0.5905511811023622,1.0
KIAA2013,0.3160830667806236,0.4015748031496063,1.0
PLOD1,0.5514005585748123,0.5118110236220472,1.0
MFN2,0.07182374495163746,0.8346456692913385,1.0
MIIP,0.5682461190312167,0.6220472440944882,1.0
TNFRSF8,2.14248356651516,0.11023622047244094,1.0
TNFRSF1B,0.7034755571722151,0.2125984251968504,1.0
VPS13D,0.32829597060834104,0.4881889763779528,1.0
DHRS3,-0.8989280620461702,0.5275590551181102,1.0
PRDM2,-0.11656262922096428,0.7559055118110236,1.0
EFHD2,0.05931706996976427,0.905511811023622,1.0
CASP9,0.6279984907032703,0.06299212598425197,1.0
DNAJC16,-0.10146097774405671,0.84251968503937,1.0
AGMAT,0.4908937474442534,0.6299212598425197,1.0
DDI2,0.01221088035189588,0.9921259842519685,1.0
PLEKHM2,0.5880977125937363,0.5905511811023622,1.0
UQCRHL,-0.08411556121404917,0.8110236220472441,1.0
AL450998.1,0.43226054222111454,0.6220472440944882,1.0
FLJ37453,1.3506295007428992,0.11023622047244094,1.0
SPEN,-0.09298124395609442,0.7401574803149606,1.0
ZBTB17,-0.3921891272596132,0.6692913385826772,1.0
MT1XP1,-0.6044059002970579,0.5118110236220472,1.0
FBXO42,0.00696048961444351,1.0,1.0
SZRD1,0.7379166381513143,0.2677165354330709,1.0
AL358794.1,-0.624770894380729,0.4330708661417323,1.0
NECAP2,0.4002139343093658,0.4409448818897638,1.0
NBPF1,-0.9319000488750171,0.10236220472440945,1.0
CROCCP2,0.1854737335430281,0.6141732283464567,1.0
MST1P2,0.26163474242140916,0.7716535433070866,1.0
EIF1AXP1,0.10183192961121534,0.8503937007874016,1.0
CROCC,-0.35742972487805424,0.8582677165354331,1.0
BX284668.5,0.14182978196120222,0.8740157480314961,1.0
ATP13A2,1.5112274499575042,0.25984251968503935,1.0
SDHB,-0.19130513828401519,0.33070866141732286,1.0
RCC2,0.31105601444317443,0.6456692913385826,1.0
IFFO2,0.684849062260195,0.3779527559055118,1.0
UBR4,-0.34844698081803127,0.30708661417322836,1.0
EMC1,0.22552699665438247,0.4330708661417323,1.0
MRTO4,0.6888445421988729,0.5826771653543307,1.0
AKR7A2,0.13840333567797813,0.5984251968503937,1.0
PQLC2,0.9317917690376372,0.25984251968503935,1.0
CAPZB,0.4256194382209184,0.31496062992125984,1.0
MINOS1,-0.24436120496460223,0.49606299212598426,1.0
AL031727.1,-0.36673645652893505,0.8503937007874016,1.0
NBL1,-1.2107934957353947,0.36220472440944884,1.0
TMCO4,0.28630544245267053,0.7716535433070866,1.0
OTUD3,-0.3339984104593623,0.6062992125984252,1.0
UBXN10-AS1,1.5398488259801129,0.15748031496062992,1.0
CAMK2N1,0.03160594101892222,0.8110236220472441,1.0
MUL1,0.4887677187255546,0.6062992125984252,1.0
PINK1-AS,-0.9609055002549356,0.2440944881889764,1.0
DDOST,0.1451378280404274,0.7637795275590551,1.0
HP1BP3,0.08950201456476492,0.5669291338582677,1.0
EIF4G3,0.725127277449082,0.023622047244094488,1.0
ECE1,0.47639920152726134,0.1968503937007874,1.0
NBPF2P,-1.3425884423998238,0.03937007874015748,1.0
USP48,0.05771764744944807,0.8976377952755905,1.0
LINC00339,-0.9584204810137722,0.03937007874015748,1.0
CDC42,0.30370978782512204,0.06299212598425197,1.0
ZBTB40,0.0328011636109915,0.905511811023622,1.0
C1QC,0.5644960936863973,0.47244094488188976,1.0
KDM1A,-0.07202494436640006,0.7322834645669292,1.0
LUZP1,0.06276496344077032,0.7952755905511811,1.0
HNRNPR,0.10401127418214351,0.7401574803149606,1.0
ZNF436,0.23773913878661723,0.7637795275590551,1.0
TCEA3,1.4915280978615426,0.1732283464566929,1.0
ID3,-0.46420438453996127,0.41732283464566927,1.0
MDS2,-0.04437004878755024,1.0,1.0
RPL11,-0.08626900099035595,0.4094488188976378,1.0
ELOA,-0.1404056137946803,0.6929133858267716,1.0
PITHD1,-0.11670536337400339,0.7165354330708661,1.0
LYPLA2,0.6797733903651473,0.33858267716535434,1.0
GALE,1.8249970934915947,0.047244094488188976,1.0
HMGCL,0.9703052007965618,0.25984251968503935,1.0
FUCA1,0.7138617567650858,0.1889763779527559,1.0
PNRC2,-0.20600390030935856,0.13385826771653545,1.0
SRSF10,-0.2476333853767434,0.1732283464566929,1.0
IFNLR1,0.1927146074643511,0.6929133858267716,1.0
STPG1,0.4947985635095913,0.48031496062992124,1.0
NIPAL3,0.7630747348097673,0.2440944881889764,1.0
RCAN3,-0.036696413402517614,0.8503937007874016,1.0
SRRM1,-0.12421080794684869,0.4409448818897638,1.0
CLIC4,0.9383957891842165,0.23622047244094488,1.0
RUNX3,-0.3135907317126847,0.14960629921259844,1.0
SYF2,-0.12549207256561967,0.6535433070866141,1.0
RSRP1,-0.23520265912501515,0.49606299212598426,1.0
TMEM50A,0.13395740797307365,0.4645669291338583,1.0
TMEM57,-0.21219223158799938,0.41732283464566927,1.0
LDLRAP1,-0.2653976431337455,0.6692913385826772,1.0
MAN1C1,-0.4895411596861807,0.11811023622047244,1.0
SELENON,0.1271670526743911,0.84251968503937,1.0
MTFR1L,0.2053262572092618,0.7086614173228346,1.0
PAQR7,-0.3570528096372252,0.5905511811023622,1.0
STMN1,-1.137691011694728,0.023622047244094488,1.0
PAFAH2,-0.4685546331234205,0.3464566929133858,1.0
PDIK1L,0.15668126312252229,0.7795275590551181,1.0
CNKSR1,1.0992173003077919,0.2283464566929134,1.0
CEP85,0.5484989764058641,0.2204724409448819,1.0
SH3BGRL3,0.5768311640713115,0.5748031496062992,1.0
UBXN11,0.321301693728945,0.84251968503937,1.0
CD52,0.31886293811761135,0.6220472440944882,1.0
ZNF683,0.20827690507270824,0.7322834645669292,1.0
DHDDS,-0.07552097490091025,0.889763779527559,1.0
HMGN2,-0.33683898316567973,0.6141732283464567,1.0
RPS6KA1,0.7531738185704997,0.08661417322834646,1.0
ARID1A,0.09636027590139662,0.48031496062992124,1.0
PIGV,0.28089902456115645,0.7874015748031497,1.0
ZDHHC18,0.7519065552571531,0.2204724409448819,1.0
SFN,1.6293417632945097,0.07086614173228346,1.0
GPN2,0.4452246681438159,0.8110236220472441,1.0
GPATCH3,0.17325742795100219,0.8661417322834646,1.0
NUDC,0.379380893738654,0.25196850393700787,1.0
SLC9A1,0.16867595315141504,0.6535433070866141,1.0
NPM1P39,-0.40523247047229205,0.12598425196850394,1.0
WDTC1,-0.09709077614024597,0.9212598425196851,1.0
TMEM222,-0.02160212808529538,0.9921259842519685,1.0
SYTL1,0.6021488955251355,0.5118110236220472,1.0
GPR3,-0.567162162586234,0.4881889763779528,1.0
WASF2,0.36197394580900166,0.08661417322834646,1.0
AHDC1,0.08690912262023076,0.8818897637795275,1.0
FGR,0.391094858470304,0.7322834645669292,1.0
AL031729.1,0.09935379731932015,0.84251968503937,1.0
IFI6,-0.013670107258449526,0.9921259842519685,1.0
FAM76A,-0.4904124880210756,0.28346456692913385,1.0
AL020997.1,1.5849074926213262,0.047244094488188976,1.0
STX12,0.04278727875836186,0.8740157480314961,1.0
PPP1R8,0.307809999114216,0.3700787401574803,1.0
THEMIS2,-0.06397317094924304,0.9212598425196851,1.0
RPA2,-0.0005094389023216905,1.0,1.0
XKR8,-0.18357872110317208,0.6535433070866141,1.0
EYA3,0.006424906800386765,0.9921259842519685,1.0
SPCS2P4,0.23085014606551368,0.4330708661417323,1.0
PTAFR,0.5500221990258165,0.5590551181102362,1.0
DNAJC8,0.06793515934565786,0.7086614173228346,1.0
ATPIF1,0.025754459667719942,0.8740157480314961,1.0
SESN2,0.27713039844281306,0.7086614173228346,1.0
MED18,-0.34997909849993114,0.6929133858267716,1.0
PHACTR4,0.22603828729644615,0.14173228346456693,1.0
CR391992.1,0.6664477209311505,0.3700787401574803,1.0
RCC1,0.45095497682557495,0.3228346456692913,1.0
SNHG3,0.1235805218170114,0.5433070866141733,1.0
TRNAU1AP,-0.08832957665028385,0.7244094488188977,1.0
SNHG12,0.12936244541410957,0.8110236220472441,1.0
SNORD99,0.5817174420779698,0.5511811023622047,1.0
TAF12,0.5698411239084882,0.07086614173228346,1.0
GMEB1,-0.09532514748823928,0.7952755905511811,1.0
YTHDF2,-0.1776672211230954,0.7322834645669292,1.0
EPB41,-0.012367902027654587,0.952755905511811,1.0
AL138785.1,-0.2534865519850529,0.7322834645669292,1.0
Metazoa_SRP,-0.720087297616332,0.14960629921259844,1.0
SRSF4,-0.008981992153699991,0.984251968503937,1.0
MECR,-0.25236870833096514,0.7244094488188977,1.0
MATN1-AS1,-0.1262346674458188,0.8267716535433071,1.0
LAPTM5,0.12959023334708242,0.8267716535433071,1.0
PUM1,0.08391854332697157,0.7086614173228346,1.0
SNRNP40,-0.16424981389328952,0.6062992125984252,1.0
ZCCHC17,-0.17205860670893536,0.84251968503937,1.0
TINAGL1,2.1806346728911508,0.031496062992125984,1.0
PEF1,0.6198367322341758,0.3464566929133858,1.0
PTP4A2,0.20454135278874475,0.6456692913385826,1.0
KHDRBS1,-0.01542361883137744,0.9448818897637795,1.0
TMEM39B,0.4029417254530596,0.5826771653543307,1.0
KPNA6,0.1131164441650645,0.7007874015748031,1.0
TXLNA,1.2213764140829806,0.031496062992125984,1.0
CCDC28B,-0.007415904289613584,0.9763779527559056,1.0
TMEM234,0.24732141732919133,0.8188976377952756,1.0
EIF3I,0.27767881996900723,0.2125984251968504,1.0
LCK,0.39285359736069747,0.08661417322834646,1.0
HDAC1,0.12473263673145318,0.5669291338582677,1.0
MARCKSL1,-0.7440858267195809,0.07086614173228346,1.0
BSDC1,0.09357027864462797,0.7637795275590551,1.0
ZBTB8OS,0.3107385335377284,0.48031496062992124,1.0
RBBP4,0.016674796017373872,0.9448818897637795,1.0
YARS,0.03601375742276325,0.889763779527559,1.0
S100PBP,-0.12857632877149427,0.6929133858267716,1.0
RNF19B,-0.09170159597209349,0.905511811023622,1.0
AK2,0.05572725048828353,0.7795275590551181,1.0
AZIN2,-1.0617824092105725,0.18110236220472442,1.0
TRIM62,-0.17719187875598674,0.6850393700787402,1.0
AL662907.2,0.10164569888513153,0.905511811023622,1.0
ZNF362,0.3830302036271571,0.23622047244094488,1.0
PHC2,0.12104166516680426,0.7086614173228346,1.0
SMIM12,-0.32598422081714684,0.4015748031496063,1.0
AC114490.1,-0.5760522862169455,0.3543307086614173,1.0
ZMYM6,0.07203596527008749,0.8503937007874016,1.0
ZMYM1,-0.42779783873175736,0.33858267716535434,1.0
SFPQ,-0.11111358256277093,0.5590551181102362,1.0
ZMYM4,0.29050565204883316,0.36220472440944884,1.0
RPL5P4,-0.8754857343436102,0.2283464566929134,1.0
KIAA0319L,0.7314676500782333,0.05511811023622047,1.0
NCDN,-0.3464866937925404,0.7244094488188977,1.0
PSMB2,0.5738032024729485,0.015748031496062992,1.0
C1orf216,1.8643381010921176,0.015748031496062992,1.0
CLSPN,1.2025958177635954,0.11811023622047244,1.0
AGO4,-0.565837932195997,0.28346456692913385,1.0
AGO1,0.13123794183538795,0.5905511811023622,1.0
AGO3,-0.28387673691913573,0.2440944881889764,1.0
ADPRHL2,-0.28981869180879993,0.3543307086614173,1.0
TRAPPC3,0.5385190400300539,0.07874015748031496,1.0
MAP7D1,-0.23872962620434368,0.2677165354330709,1.0
THRAP3,0.1747626275202494,0.4566929133858268,1.0
STK40,0.716783857965809,0.03937007874015748,1.0
LSM10,-0.5054232956045603,0.3700787401574803,1.0
MRPS15,0.20677276966421587,0.5275590551181102,1.0
CSF3R,-0.30657779954837894,0.7874015748031497,1.0
LINC01137,-0.5397197430063247,0.5039370078740157,1.0
ZC3H12A,-0.6707543826614231,0.3228346456692913,1.0
MEAF6,-0.11758311628501872,0.6850393700787402,1.0
SNIP1,0.49324539590245386,0.2755905511811024,1.0
AL034379.1,-0.48163154134992947,0.4881889763779528,1.0
GNL2,0.5127736137508769,0.1732283464566929,1.0
C1orf109,0.4012624865505572,0.2992125984251969,1.0
YRDC,-0.8278096267584543,0.1889763779527559,1.0
C1orf122,0.4027094694124602,0.33070866141732286,1.0
MTF1,-0.14792465302936098,0.7480314960629921,1.0
INPP5B,0.17015785537831007,0.937007874015748,1.0
SF3A3,0.11801007182484557,0.7559055118110236,1.0
FHL3,0.19853877419078447,0.8346456692913385,1.0
UTP11,0.5449162700221324,0.08661417322834646,1.0
POU3F1,-0.680130669213407,0.5354330708661418,1.0
AL354702.1,0.12717656396427635,0.905511811023622,1.0
RRAGC,0.3634389100462698,0.47244094488188976,1.0
MYCBP,0.6999538429866732,0.1968503937007874,1.0
AKIRIN1,-0.3310848370497679,0.09448818897637795,1.0
NDUFS5,-0.06150742072674653,0.7952755905511811,1.0
MACF1,0.16983418425933117,0.4015748031496063,1.0
PABPC4,0.19830361695269527,0.08661417322834646,1.0
HPCAL4,1.2188196711636259,0.2440944881889764,1.0
PPIE,0.7244450403684719,0.1889763779527559,1.0
TRIT1,-0.4107797277474128,0.4645669291338583,1.0
CAP1,-0.11526820315745745,0.7480314960629921,1.0
PPT1,0.5228621057159843,0.3464566929133858,1.0
RLF,-0.3419168022007586,0.3228346456692913,1.0
AL050341.2,-0.1767822935198302,0.8110236220472441,1.0
ZMPSTE24,0.23344292032087743,0.3464566929133858,1.0
COL9A2,0.5822337046406831,0.4330708661417323,1.0
SMAP2,-0.017492263980772194,0.9448818897637795,1.0
ZFP69B,0.2717943449063982,0.8582677165354331,1.0
AL031985.3,-0.4693974512849779,0.5905511811023622,1.0
ZFP69,0.04338984264758272,0.984251968503937,1.0
EXO5,0.45862974762698916,0.5275590551181102,1.0
ZNF684,-0.27219553405964403,0.6535433070866141,1.0
RIMS3,-0.4338699497011773,0.6377952755905512,1.0
NFYC,-0.051373959499843025,0.889763779527559,1.0
CITED4,-0.3890393783854207,0.8582677165354331,1.0
CTPS1,0.58283314518467,0.25196850393700787,1.0
SCMH1,-0.6486761665833289,0.11811023622047244,1.0
HIVEP3,1.0317297122271816,0.25984251968503935,1.0
FOXJ3,-0.18056245738976795,0.5196850393700787,1.0
PPCS,-0.06745526330473073,0.8740157480314961,1.0
CCDC30,0.8944470420998982,0.16535433070866143,1.0
PPIH,-0.5186862483394714,0.05511811023622047,1.0
YBX1,0.1866290365737111,0.5275590551181102,1.0
P3H1,-0.2612797891254117,0.7480314960629921,1.0
SVBP,-0.4081214906337287,0.4330708661417323,1.0
ERMAP,0.30906717255220806,0.6850393700787402,1.0
ZNF691,-0.65666082536585,0.36220472440944884,1.0
SLC2A1,-0.4550111980819205,0.25196850393700787,1.0
EBNA1BP2,0.5343571106618894,0.2047244094488189,1.0
ELOVL1,1.0278651529475562,0.5118110236220472,1.0
MED8,0.6603313306342269,0.2440944881889764,1.0
SZT2,-0.5059802466810468,0.1889763779527559,1.0
KDM4A,-0.07271138750767392,0.84251968503937,1.0
IPO13,0.1045116698390176,0.7952755905511811,1.0
DPH2,0.11588812666529957,0.8976377952755905,1.0
ATP6V0B,0.10501687758273626,0.7874015748031497,1.0
B4GALT2,-0.7579380069381041,0.33070866141732286,1.0
AL356653.1,-0.35786620449774054,0.8110236220472441,1.0
DMAP1,-0.7166730532103962,0.4409448818897638,1.0
ERI3,0.2783215895026121,0.8031496062992126,1.0
RNF220,0.3725970745901144,0.4330708661417323,1.0
C1orf228,0.8236647520173435,0.41732283464566927,1.0
RNU5F-1,0.07840442063496256,0.952755905511811,1.0
KIF2C,-0.7127651287924527,0.33858267716535434,1.0
RPS8,0.05758264337189267,0.5905511811023622,1.0
SNORD46,0.3420160782175301,0.6456692913385826,1.0
RPS15AP11,-0.5790541575413357,0.047244094488188976,1.0
PLK3,-0.25078124726952034,0.7637795275590551,1.0
BTBD19,-0.13994825695725233,0.7559055118110236,1.0
PTCH2,0.28804583275414464,0.7165354330708661,1.0
EIF2B3,-0.5275270798440017,0.3700787401574803,1.0
HECTD3,-0.04448380376925343,0.889763779527559,1.0
UROD,0.41772278313071354,0.36220472440944884,1.0
ZSWIM5,-0.1227520050265205,0.905511811023622,1.0
MUTYH,0.22995395097543625,0.6614173228346457,1.0
TOE1,0.2980263977431248,0.6535433070866141,1.0
TESK2,-0.47003077951587313,0.3779527559055118,1.0
CCDC163,0.07978375194031773,0.905511811023622,1.0
MMACHC,1.4433863840614118,0.07086614173228346,1.0
PRDX1,-0.13005738195495908,0.7637795275590551,1.0
AKR1A1,-0.07166655387354837,0.7480314960629921,1.0
NASP,-0.3223943537039915,0.031496062992125984,1.0
GPBP1L1,0.05843930093028149,0.7716535433070866,1.0
TMEM69,-0.1639456683404905,0.7795275590551181,1.0
IPP,0.08712246084995412,0.9212598425196851,1.0
AL604028.1,1.290656570671154,0.023622047244094488,1.0
MAST2,0.5114765314982883,0.5984251968503937,1.0
TMA16P2,0.28881861172772094,0.7795275590551181,1.0
PIK3R3,0.8970242416709628,0.33070866141732286,1.0
POMGNT1,1.0618043703359215,0.25196850393700787,1.0
LRRC41,-0.5099394410303555,0.12598425196850394,1.0
UQCRH,0.0273170279549797,0.8976377952755905,1.0
NSUN4,0.21589980626921523,0.5118110236220472,1.0
MKNK1,0.05871432248948327,0.8031496062992126,1.0
MOB3C,0.03757290334261887,0.8976377952755905,1.0
ATPAF1,0.7972290498365426,0.11811023622047244,1.0
EFCAB14,0.12496688316414062,0.49606299212598426,1.0
STIL,0.8337169293736979,0.15748031496062992,1.0
CMPK1,-0.1319072284130769,0.7244094488188977,1.0
FOXD2-AS1,1.2251690362751488,0.06299212598425197,1.0
FOXD2,-0.04456091099671178,0.905511811023622,1.0
SPATA6,-0.3288474167464268,0.7322834645669292,1.0
FAF1,0.21083141683092865,0.5748031496062992,1.0
CDKN2C,0.11970613620989656,0.8661417322834646,1.0
RNF11,-0.1299593830749446,0.7716535433070866,1.0
EPS15,-0.016686514425057197,0.905511811023622,1.0
OSBPL9,-0.4591575963446335,0.14173228346456693,1.0
NRDC,0.38091314219732464,0.015748031496062992,1.0
TXNDC12,0.2176519903224552,0.08661417322834646,1.0
KTI12,-1.0118677539071934,0.14960629921259844,1.0
BTF3L4,0.5629790455537522,0.12598425196850394,1.0
ZFYVE9,0.44115645759426947,0.6850393700787402,1.0
AL139156.2,0.37969199107409213,0.5275590551181102,1.0
CC2D1B,-0.1014936074604158,0.8267716535433071,1.0
PRPF38A,0.055729751517549886,0.7244094488188977,1.0
ZCCHC11,-0.34705214022103714,0.1968503937007874,1.0
GPX7,0.22614301575111728,0.6614173228346457,1.0
FAM159A,-0.6123927858898144,0.33070866141732286,1.0
COA7,0.443971921149775,0.3700787401574803,1.0
ZYG11B,-0.04315775332147087,0.8110236220472441,1.0
RPS13P2,-0.15535195795769852,0.5433070866141733,1.0
ECHDC2,-0.7601427819167901,0.13385826771653545,1.0
SCP2,0.5268443963400697,0.06299212598425197,1.0
C1orf123,0.03770241632724014,0.8818897637795275,1.0
MAGOH,0.47486028569995664,0.4645669291338583,1.0
LRP8,2.092297674438771,0.015748031496062992,1.0
NDC1,-0.13509550090937283,0.7952755905511811,1.0
YIPF1,0.2493988188290448,0.6535433070866141,1.0
HSPB11,-0.019424132105449132,0.9212598425196851,1.0
LRRC42,0.6750642323930136,0.49606299212598426,1.0
HNRNPA3P12,-0.35944409935964283,0.6929133858267716,1.0
TMEM59,-0.02402791324896736,0.952755905511811,1.0
TCEANC2,-0.00898455898734607,0.9763779527559056,1.0
CYB5RL,-0.5551348272707357,0.4566929133858268,1.0
MRPL37,0.25672827498925344,0.3937007874015748,1.0
SSBP3,0.04657355332750068,0.8740157480314961,1.0
TTC22,-0.39529698367339816,0.6377952755905512,1.0
DHCR24,0.9395230662632228,0.31496062992125984,1.0
USP24,-0.5367995411129165,0.015748031496062992,1.0
DAB1,-0.2778809472924897,0.7165354330708661,1.0
RPS26P15,-0.6417478436456352,0.5433070866141733,1.0
OMA1,-0.03268018160389019,0.9291338582677166,1.0
TACSTD2,2.921612995113757,0.015748031496062992,1.0
AL035411.1,0.6004759676180312,0.4251968503937008,1.0
MYSM1,-0.3577762037439012,0.06299212598425197,1.0
JUN,-0.2765093620066974,0.5118110236220472,1.0
HOOK1,-0.7560484370858358,0.015748031496062992,1.0
NFIA,0.7229869047746416,0.5669291338582677,1.0
TM2D1,0.023748045884785185,0.9212598425196851,1.0
PATJ,-0.39168748452698576,0.3543307086614173,1.0
USP1,-0.07654061660331912,0.8661417322834646,1.0
DOCK7,0.15710325106818157,0.9133858267716536,1.0
ATG4C,0.6623160604204812,0.12598425196850394,1.0
ALG6,-0.519855672495364,0.09448818897637795,1.0
ITGB3BP,0.4430590310355962,0.09448818897637795,1.0
EFCAB7,0.47458094333371026,0.5354330708661418,1.0
PGM1,-0.4213987260006711,0.5511811023622047,1.0
RAVER2,-0.44157495693321636,0.7716535433070866,1.0
JAK1,-0.04893209408109023,0.7559055118110236,1.0
LEPROT,0.6496134587567299,0.30708661417322836,1.0
LEPR,0.38580679693180153,0.5275590551181102,1.0
PDE4B,0.13164299589980644,0.49606299212598426,1.0
MIER1,0.10798240501621148,0.33858267716535434,1.0
SLC35D1,0.2708205073155314,0.4881889763779528,1.0
IL23R,-1.427654414449223,0.03937007874015748,1.0
IL12RB2,0.23216298584536554,0.7165354330708661,1.0
SERBP1,-0.17491706023809606,0.36220472440944884,1.0
GADD45A,0.019317944573085555,0.9763779527559056,1.0
LRRC40,-1.056195838394082,0.12598425196850394,1.0
SRSF11,-0.1427027747348042,0.4566929133858268,1.0
ANKRD13C,0.2354893223470338,0.5039370078740157,1.0
HHLA3,0.050425801508779955,0.905511811023622,1.0
CTH,1.5836522922587917,0.11811023622047244,1.0
AL354872.1,0.5594487462275823,0.5590551181102362,1.0
ZRANB2,-0.29320656705039116,0.4251968503937008,1.0
FPGT,0.09562426705903171,0.968503937007874,1.0
CRYZ,0.8444077621960302,0.11023622047244094,1.0
TYW3,-0.1848460836967627,0.49606299212598426,1.0
ACADM,-0.13174685413850007,0.5590551181102362,1.0
RABGGTB,-0.2134931535554081,0.5590551181102362,1.0
ST6GALNAC3,0.37983373723977687,0.6377952755905512,1.0
PIGK,0.20884171925925177,0.4251968503937008,1.0
AC113935.1,-0.025642457678808128,0.9606299212598425,1.0
AK5,0.7385691232184022,0.4566929133858268,1.0
ZZZ3,-0.24244157485499063,0.2440944881889764,1.0
USP33,-0.3079797752842852,0.2992125984251969,1.0
MIGA1,0.39512485136995146,0.6456692913385826,1.0
AC138392.1,-0.6631616162965379,0.2755905511811024,1.0
NSRP1P1,1.2914096150912275,0.08661417322834646,1.0
FUBP1,0.010098369643610106,0.937007874015748,1.0
DNAJB4,-0.4916681743795044,0.2677165354330709,1.0
AC103591.3,0.40882073581568346,0.7086614173228346,1.0
AC103591.1,1.130636740421238,0.15748031496062992,1.0
IFI44L,-0.8487649300423614,0.5196850393700787,1.0
IFI44,-0.1261953002545102,0.905511811023622,1.0
AC104837.1,-0.2975366810858995,0.7637795275590551,1.0
PRKACB,-0.06714042050020108,0.6850393700787402,1.0
AL450063.1,0.16794378642583485,0.7637795275590551,1.0
RPF1,0.10756989519566673,0.7007874015748031,1.0
GNG5,0.4409778520575536,0.03937007874015748,1.0
CTBS,0.639403591079609,0.1968503937007874,1.0
SSX2IP,0.27651921378475075,0.84251968503937,1.0
MCOLN2,0.7219343890935319,0.49606299212598426,1.0
SYDE2,-0.9192947319018328,0.1732283464566929,1.0
C1orf52,-0.07276882242456484,0.7244094488188977,1.0
BCL10,0.26130502529771427,0.30708661417322836,1.0
CYR61,-0.32152564774571446,0.8110236220472441,1.0
ZNHIT6,-0.3867410458011111,0.31496062992125984,1.0
ODF2L,-0.4102729459665406,0.3779527559055118,1.0
SH3GLB1,0.3238654168590607,0.15748031496062992,1.0
SELENOF,-0.19912760355283066,0.41732283464566927,1.0
HS2ST1,0.7333789569029099,0.11811023622047244,1.0
LMO4,1.1116792504031006,0.6456692913385826,1.0
PKN2,-0.23417186719810434,0.2047244094488189,1.0
GTF2B,-0.303447288476951,0.3543307086614173,1.0
KYAT3,0.13557757823001815,0.7244094488188977,1.0
RBMXL1,-0.29193248402118144,0.33858267716535434,1.0
GBP3,0.6164017399346768,0.4645669291338583,1.0
GBP1,-0.3163220558284605,0.6220472440944882,1.0
PTGES3P1,-0.042899850310905485,0.9212598425196851,1.0
GBP2,0.16952487238409208,0.7086614173228346,1.0
GBP4,-0.015800134470318028,0.9763779527559056,1.0
AC099063.4,0.5537146198446814,0.5748031496062992,1.0
GBP5,-0.19991771438075379,0.6456692913385826,1.0
LRRC8B,0.2267432444700539,0.5511811023622047,1.0
LRRC8C-DT,0.07150773364072993,0.937007874015748,1.0
LRRC8C,-0.3569870933250865,0.07086614173228346,1.0
LRRC8D,0.3677964918342722,0.33858267716535434,1.0
ZNF326,-0.09144486440457911,0.6614173228346457,1.0
ZNF644,-0.03159154638067996,0.9133858267716536,1.0
RPL5P6,-1.511390997054705,0.08661417322834646,1.0
CDC7,1.2798107356534376,0.11023622047244094,1.0
HSP90B3P,0.403904499830428,0.7165354330708661,1.0
TGFBR3,-0.05967431255137168,0.8267716535433071,1.0
GLMN,-0.18498617158306185,0.6141732283464567,1.0
RPAP2,0.3414059933954414,0.23622047244094488,1.0
GFI1,0.09651591344356536,0.937007874015748,1.0
EVI5,0.06205056239828477,0.952755905511811,1.0
RPL5,-0.22483980450443397,0.05511811023622047,1.0
FAM69A,-0.2911225537748132,0.6062992125984252,1.0
MTF2,-0.1690370392199636,0.7086614173228346,1.0
TMED5,0.20851582755320752,0.44881889763779526,1.0
CCDC18,-0.36190772442971175,0.4645669291338583,1.0
CCDC18-AS1,-0.43300731234142376,0.31496062992125984,1.0
DR1,-0.07523727340152586,0.7952755905511811,1.0
FNBP1L,-0.1322182907052205,0.8818897637795275,1.0
DNTTIP2,-0.28658295505876286,0.2677165354330709,1.0
GCLM,-0.2391129045541298,0.7086614173228346,1.0
ABCD3,-0.11748113083079748,0.8503937007874016,1.0
CNN3,0.6935887631087243,0.5905511811023622,1.0
ALG14,-0.37697073638162903,0.6771653543307087,1.0
EEF1A1P11,-1.6667202251058355,0.023622047244094488,1.0
RPL7P9,-0.23474464710121268,0.5511811023622047,1.0
PTBP2,-0.4104989920137574,0.2204724409448819,1.0
DPYD,0.3297701975793208,0.4566929133858268,1.0
SEC63P1,0.37017539603067373,0.8031496062992126,1.0
AL445433.1,-0.7931448471807929,0.09448818897637795,1.0
AGL,0.09664058373494289,0.7874015748031497,1.0
SLC35A3,-0.13259688581162532,0.6141732283464567,1.0
SASS6,0.8381288545808707,0.3937007874015748,1.0
TRMT13,-0.08018246270072193,0.8031496062992126,1.0
DBT,-0.4465107279908791,0.31496062992125984,1.0
RTCA,0.011747209559931804,0.968503937007874,1.0
CDC14A,0.3450159079667863,0.30708661417322836,1.0
BCAS2P2,-0.6766938498161612,0.09448818897637795,1.0
VCAM1,0.10179724503736098,0.7795275590551181,1.0
EXTL2,-0.3769895558092742,0.6220472440944882,1.0
SLC30A7,-0.13734528230642162,0.5748031496062992,1.0
DPH5,-0.2894147735297361,0.5433070866141733,1.0
AC093157.1,0.2987366007206198,0.6535433070866141,1.0
S1PR1,-0.1748684424523157,0.7086614173228346,1.0
AL109741.3,-0.5518039412627302,0.6062992125984252,1.0
AL109741.2,-1.233659659790698,0.16535433070866143,1.0
RPSAP19,-0.04416206413802737,0.968503937007874,1.0
RNPC3,0.2763610056814416,0.48031496062992124,1.0
AMY2B,-0.953676538953963,0.18110236220472442,1.0
AL512844.2,-0.8121587239278831,0.30708661417322836,1.0
AL512844.1,-0.06695586707174117,0.8582677165354331,1.0
PRMT6,0.888941755619574,0.4094488188976378,1.0
AC114491.1,0.021383656553931374,0.8818897637795275,1.0
VAV3,0.19036582727659024,0.7795275590551181,1.0
SLC25A24,0.0323240427694218,0.9606299212598425,1.0
FAM102B,0.46020994781979585,0.33070866141732286,1.0
HENMT1,-0.4950540797309002,0.2204724409448819,1.0
PRPF38B,-0.09790185380216165,0.5905511811023622,1.0
STXBP3,-0.0020405158708918236,0.9763779527559056,1.0
GPSM2,-0.12027578507123149,0.905511811023622,1.0
CLCC1,0.1600378900356385,0.6456692913385826,1.0
WDR47,-0.5393571190214894,0.30708661417322836,1.0
BX679664.3,-0.6670084526139304,0.07874015748031496,1.0
TAF13,0.7753328735579892,0.05511811023622047,1.0
TMEM167B,-0.19264187270209998,0.29133858267716534,1.0
KIAA1324,0.4488596549220327,0.5354330708661418,1.0
SARS,-0.15500700830764114,0.5984251968503937,1.0
PSMA5,0.07018307531989532,0.8740157480314961,1.0
ATXN7L2,-0.41301461965346986,0.5590551181102362,1.0
CYB561D1,0.21882904801728564,0.6850393700787402,1.0
AMIGO1,0.433318821157318,0.84251968503937,1.0
GNAI3,-0.1578663928947872,0.2440944881889764,1.0
AMPD2,-0.3836075129307428,0.4094488188976378,1.0
GSTM4,-1.002658011526142,0.33858267716535434,1.0
GSTM2,-0.5337587093983909,0.44881889763779526,1.0
GSTM3,-0.8770167451534352,0.3937007874015748,1.0
CSF1,0.5295645999559184,0.06299212598425197,1.0
AHCYL1,-0.2016176816485915,0.3779527559055118,1.0
STRIP1,0.012310243688292033,0.9448818897637795,1.0
AL160006.1,-0.07825991814891875,0.9133858267716536,1.0
KCNC4,1.1857956152840048,0.1889763779527559,1.0
RBM15,-0.20211628435463425,0.6535433070866141,1.0
LAMTOR5-AS1,-0.040743998884824606,0.952755905511811,1.0
LAMTOR5,0.259927536997715,0.2204724409448819,1.0
KCNA2,1.252571261944259,0.03937007874015748,1.0
AL365361.1,-0.10402199443889604,0.7637795275590551,1.0
KCNA3,-0.6100332878465133,0.08661417322834646,1.0
CD53,0.05405484332319688,0.8188976377952756,1.0
LRIF1,-0.7939756303332759,0.23622047244094488,1.0
DRAM2,0.12142436903315534,0.6456692913385826,1.0
CEPT1,-0.2704116056211392,0.5433070866141733,1.0
DENND2D,0.11591342143683292,0.6299212598425197,1.0
CHI3L2,0.43496925301203637,0.7716535433070866,1.0
WDR77,-0.4270425620784981,0.4251968503937008,1.0
ATP5F1,-0.05307840149253451,0.8976377952755905,1.0
C1orf162,0.08916336773903755,0.7952755905511811,1.0
RAP1A,0.25259570105816564,0.1889763779527559,1.0
FAM212B,-0.3889244394954854,0.5826771653543307,1.0
DDX20,0.5493343980865628,0.7165354330708661,1.0
CTTNBP2NL,0.8704944274745667,0.2283464566929134,1.0
ST7L,-0.7227748376754048,0.18110236220472442,1.0
CAPZA1,0.2916254868463142,0.07086614173228346,1.0
MOV10,-1.016226203385028,0.06299212598425197,1.0
RHOC,0.4091343721172125,0.6299212598425197,1.0
SLC16A1,0.12522361089266987,0.7716535433070866,1.0
SLC16A1-AS1,0.5694274806867723,0.7559055118110236,1.0
LRIG2,-0.16339172250965817,0.6220472440944882,1.0
MAGI3,0.45079088035584736,0.6614173228346457,1.0
AL391058.1,1.2345598863888698,0.10236220472440945,1.0
PHTF1,0.6619078403227938,0.047244094488188976,1.0
RSBN1,0.1379826636890833,0.5669291338582677,1.0
PTPN22,0.26370113162098985,0.29133858267716534,1.0
AP4B1,-0.4596614434496571,0.16535433070866143,1.0
DCLRE1B,-0.03318575573160265,0.984251968503937,1.0
HIPK1-AS1,0.5901185533520792,0.5118110236220472,1.0
HIPK1,0.1474784751954541,0.48031496062992124,1.0
TRIM33,-0.2006312639251,0.25196850393700787,1.0
BCAS2,-0.43133138995529574,0.18110236220472442,1.0
NRAS,0.12173351203235061,0.7559055118110236,1.0
CSDE1,-0.0776079696944958,0.6456692913385826,1.0
SIKE1,-0.2948675307176263,0.18110236220472442,1.0
TSPAN2,0.6736907777276357,0.2125984251968504,1.0
VANGL1,1.128522093304923,0.2283464566929134,1.0
U3,-0.17976512315364168,0.6614173228346457,1.0
ATP1A1,0.03907385738936586,0.6771653543307087,1.0
CD58,0.4592312330809811,0.14960629921259844,1.0
NAP1L4P1,-0.1662905252222897,0.6062992125984252,1.0
CD2,0.4236205715029797,0.047244094488188976,1.0
FTH1P22,-0.5583962513439844,0.3858267716535433,1.0
PTGFRN,-0.3126040986759142,0.7637795275590551,1.0
CD101,-0.32813732694633924,0.8110236220472441,1.0
TTF2,-0.12666214878167992,0.7874015748031497,1.0
MAN1A2,-0.3723124701847107,0.1732283464566929,1.0
FAM46C,0.3847505768988313,0.2440944881889764,1.0
PNRC2P1,0.06083924918509931,0.9212598425196851,1.0
GDAP2,-0.1561033434567598,0.7086614173228346,1.0
WDR3,-0.6561570609603526,0.1968503937007874,1.0
WARS2,0.5505117092723384,0.5826771653543307,1.0
AL359915.2,-0.37148359433461264,0.7637795275590551,1.0
AL359752.1,-0.6154641052395067,0.48031496062992124,1.0
NOTCH2,-0.29951153069950553,0.5748031496062992,1.0
SEC22B,-0.6030992696960471,0.12598425196850394,1.0
AC244669.1,0.2753438196024365,0.5984251968503937,1.0
U1,-0.9572136766932262,0.06299212598425197,1.0
NBPF8,-0.34374878749640647,0.3937007874015748,1.0
AC241952.1,0.2517949715313641,0.6535433070866141,1.0
NBPF26,-0.41428406033162757,0.5590551181102362,1.0
RNVU1-19,-0.7300016363960058,0.031496062992125984,1.0
LINC00623,0.2855018935865541,0.6377952755905512,1.0
SRGAP2C,0.9757160291058735,0.03937007874015748,1.0
AL592494.3,0.18492424072880564,0.7007874015748031,1.0
EMBP1,0.831958044148188,0.3858267716535433,1.0
RNVU1-15,-2.574462007368518,0.023622047244094488,1.0
NBPF15,-0.15705394988117138,0.7559055118110236,1.0
AC241585.2,-0.3622759682715829,0.6850393700787402,1.0
AC245014.3,-0.17535167243864325,0.8267716535433071,1.0
NBPF20,-0.4500138100833482,0.6692913385826772,1.0
NBPF25P,-1.0679109932666409,0.14960629921259844,1.0
GPR89A,0.6303084684058922,0.4015748031496063,1.0
RNF115,0.5057145480075818,0.33070866141732286,1.0
POLR3C,0.9789371006060268,0.3543307086614173,1.0
PIAS3,0.6753519894512003,0.33070866141732286,1.0
ANKRD35,1.0782758060234203,0.29133858267716534,1.0
PEX11B,0.49343899010719383,0.4015748031496063,1.0
RBM8A,0.11886599895043481,0.3228346456692913,1.0
GNRHR2,0.6664739342557822,0.41732283464566927,1.0
LIX1L,-0.04723510796646302,0.7795275590551181,1.0
ANKRD34A,0.7782805907552482,0.15748031496062992,1.0
POLR3GL,0.20007121049145393,0.6456692913385826,1.0
TXNIP,-0.755081895566752,0.3779527559055118,1.0
RNVU1-6,0.4086861191538107,0.6535433070866141,1.0
NBPF12,0.29195428452501915,0.5039370078740157,1.0
AC241584.1,0.2823802881723987,0.7322834645669292,1.0
PRKAB2,-0.8257020581119061,0.14173228346456693,1.0
PDIA3P1,-0.33366404018975615,0.3228346456692913,1.0
CCT8P1,-0.6374618260339173,0.2125984251968504,1.0
CHD1L,0.06171054019021138,0.7795275590551181,1.0
BCL9,-0.4334154886346866,0.48031496062992124,1.0
ACP6,1.1153644746699785,0.3464566929133858,1.0
GPR89B,-0.6915360554785073,0.2125984251968504,1.0
RNVU1-7,-1.163298852628817,0.11023622047244094,1.0
NBPF11,-0.12749576165404974,0.7244094488188977,1.0
LINC01138,-1.8476568155943829,0.06299212598425197,1.0
AC245100.4,-1.390153304546193,0.09448818897637795,1.0
NBPF14,0.6954859274321985,0.44881889763779526,1.0
PDE4DIP,-0.10836988810700277,0.7637795275590551,1.0
NBPF9,0.46978515550689126,0.6456692913385826,1.0
AC245297.3,-0.37511158050831783,0.6535433070866141,1.0
NBPF19,-0.31289111455589325,0.44881889763779526,1.0
LINC00869,-0.17792849228804153,0.8740157480314961,1.0
HIST2H2BF,-0.9777709799525137,0.25196850393700787,1.0
AC239868.2,0.8549446834218708,0.14173228346456693,1.0
HIST2H2BE,-0.5823094190393054,0.5590551181102362,1.0
BOLA1,1.1614391626603788,0.2283464566929134,1.0
SV2A,0.029179412505789593,0.9606299212598425,1.0
SF3B4,0.2898492844702423,0.08661417322834646,1.0
OTUD7B,0.2093952374006971,0.49606299212598426,1.0
VPS45,0.9220711558364436,0.1968503937007874,1.0
PLEKHO1,0.16382168926973328,0.6929133858267716,1.0
ANP32E,-0.05479708217254853,0.8110236220472441,1.0
APH1A,0.005292004972428543,0.9763779527559056,1.0
C1orf54,1.0624376084244282,0.15748031496062992,1.0
MRPS21,0.29745151060313546,0.23622047244094488,1.0
PRPF3,-0.06693998430084136,0.6929133858267716,1.0
RPRD2,-0.04634427700310795,0.7716535433070866,1.0
TARS2,0.1927500004617464,0.6535433070866141,1.0
ECM1,-0.24348110608952123,0.84251968503937,1.0
ADAMTSL4-AS1,1.0738640204897298,0.2440944881889764,1.0
MCL1,0.3050970665235422,0.2677165354330709,1.0
ENSA,0.11185032641813208,0.7244094488188977,1.0
GOLPH3L,-0.465128993190957,0.30708661417322836,1.0
CTSS,0.10533885504226159,0.5433070866141733,1.0
CTSK,-0.12051434436289554,0.8582677165354331,1.0
ARNT,0.405023401371416,0.2283464566929134,1.0
SETDB1,0.15184487308832573,0.7244094488188977,1.0
CERS2,0.6081325312574188,0.5275590551181102,1.0
MINDY1,0.5030193904654998,0.5433070866141733,1.0
PRUNE1,-0.2633300403688965,0.5118110236220472,1.0
C1orf56,0.2878560302895181,0.7007874015748031,1.0
CDC42SE1,0.10585238848015166,0.8503937007874016,1.0
MLLT11,-0.31643312374547294,0.6377952755905512,1.0
GABPB2,0.2820257591039974,0.7559055118110236,1.0
SEMA6C,-1.2291706300024945,0.14173228346456693,1.0
TNFAIP8L2,1.0705113662802876,0.4645669291338583,1.0
SCNM1,0.2838932128904341,0.4645669291338583,1.0
LYSMD1,0.03577268120420196,0.9763779527559056,1.0
VPS72,0.17276191061132185,0.6692913385826772,1.0
PIP5K1A,0.9826796516338527,0.015748031496062992,1.0
PSMD4,0.3161705564898982,0.18110236220472442,1.0
ZNF687,0.06225146525279257,0.952755905511811,1.0
PI4KB,-0.32272296753873553,0.8346456692913385,1.0
RFX5,0.2073779576271768,0.6850393700787402,1.0
PSMB4,0.047395487064383346,0.8188976377952756,1.0
POGZ,-0.10813378351072878,0.48031496062992124,1.0
TUFT1,-0.9776310904505396,0.33070866141732286,1.0
SNX27,0.1506556350817645,0.3700787401574803,1.0
MRPL9,0.6442119667361723,0.5748031496062992,1.0
TDRKH,1.1494098001419046,0.09448818897637795,1.0
RORC,0.6555754461245549,0.4881889763779528,1.0
THEM5,0.5754737994339814,0.5196850393700787,1.0
THEM4,-0.5351526881164395,0.023622047244094488,1.0
S100A10,-0.023538523529790467,0.9291338582677166,1.0
S100A11,0.4412614744909158,0.5118110236220472,1.0
SPRR3,1.216239880337557,0.44881889763779526,1.0
SPRR1B,0.9604526953547536,0.4645669291338583,1.0
SPRR2D,1.5470856588366457,0.2125984251968504,1.0
SPRR2A,1.9649990950790848,0.16535433070866143,1.0
SPRR2F,0.5401459003577023,0.5354330708661418,1.0
S100A9,0.7820542976284663,0.6377952755905512,1.0
S100A8,1.1549587797129979,0.23622047244094488,1.0
S100A7,2.2702752623538354,0.05511811023622047,1.0
S100A6,0.21039216515086778,0.6220472440944882,1.0
S100A4,0.22094381221568682,0.7007874015748031,1.0
S100A2,1.759349706378298,0.14173228346456693,1.0
CHTOP,-0.1646041472728328,0.5905511811023622,1.0
SNAPIN,0.2694971968733739,0.6692913385826772,1.0
ILF2,-0.031160759197407017,0.905511811023622,1.0
INTS3,-0.4096134056383365,0.7244094488188977,1.0
SLC27A3,0.08570633666450345,0.937007874015748,1.0
GATAD2B,0.06385916823441029,0.7165354330708661,1.0
AL513523.1,0.014823245628340143,0.9763779527559056,1.0
DENND4B,0.3802742295876742,0.2440944881889764,1.0
CRTC2,0.022264294768894466,0.9212598425196851,1.0
SLC39A1,0.8243822337928055,0.7086614173228346,1.0
JTB,0.19193397038577942,0.36220472440944884,1.0
RAB13,1.506503893728219,0.031496062992125984,1.0
RPS27,-0.13278254025117242,0.25984251968503935,1.0
NUP210L,0.7383075911536758,0.2677165354330709,1.0
AL358472.1,-0.29103074926398165,0.4645669291338583,1.0
TPM3,0.24057508455763887,0.28346456692913385,1.0
C1orf43,0.22602872471137658,0.4409448818897638,1.0
UBAP2L,-0.24316453510008706,0.18110236220472442,1.0
HAX1,0.15526112514817214,0.5354330708661418,1.0
ATP8B2,-0.13258257567751652,0.6929133858267716,1.0
IL6R,0.21067682105712215,0.5196850393700787,1.0
UBE2Q1,0.026037746588059463,0.905511811023622,1.0
ADAR,0.18268577467937774,0.6614173228346457,1.0
KCNN3,1.7035566492170005,0.07086614173228346,1.0
PMVK,0.38689562650799836,0.41732283464566927,1.0
PBXIP1,0.4164779016578066,0.047244094488188976,1.0
PYGO2,0.3718636599297689,0.14960629921259844,1.0
SHC1,-0.9815766632338474,0.3779527559055118,1.0
CKS1B,0.4765537705159737,0.5748031496062992,1.0
FLAD1,-0.9232124234257388,0.2204724409448819,1.0
ZBTB7B,0.6469257364090115,0.4409448818897638,1.0
ADAM15,1.0944884104470334,0.29133858267716534,1.0
EFNA1,0.21454464768660397,0.8110236220472441,1.0
SLC50A1,0.3676965880548977,0.13385826771653545,1.0
DPM3,-0.23838338384909008,0.7874015748031497,1.0
THBS3,-0.3133426098415284,0.7559055118110236,1.0
GBA,0.2501859596405783,0.7401574803149606,1.0
FAM189B,-0.7320677277144743,0.2125984251968504,1.0
SCAMP3,0.12617286410898032,0.3228346456692913,1.0
CLK2,0.8116779239507004,0.06299212598425197,1.0
FDPS,-0.23312489495359046,0.6377952755905512,1.0
RUSC1-AS1,-0.3809070856013974,0.6456692913385826,1.0
RUSC1,-0.16891542134975523,0.5905511811023622,1.0
ASH1L,0.06155011296322055,0.7244094488188977,1.0
ASH1L-AS1,0.16007141245546186,0.9448818897637795,1.0
MSTO1,-1.3661512248774448,0.07086614173228346,1.0
YY1AP1,0.17382642016702388,0.7874015748031497,1.0
DAP3,0.33529458382173516,0.1732283464566929,1.0
GON4L,0.2437457073483964,0.5275590551181102,1.0
SYT11,0.7646079286134411,0.11811023622047244,1.0
RIT1,-0.14147486393780184,0.6535433070866141,1.0
KHDC4,-0.4698918408297974,0.10236220472440945,1.0
ARHGEF2,0.1296125730033335,0.7795275590551181,1.0
SSR2,-0.04510173538523965,0.8188976377952756,1.0
UBQLN4,-0.8436400414284777,0.1968503937007874,1.0
LAMTOR2,0.613114742150759,0.1889763779527559,1.0
LMNA,0.35760232671081305,0.7716535433070866,1.0
SEMA4A,0.38385443914703554,0.5669291338582677,1.0
SLC25A44,0.059933696123605884,0.8582677165354331,1.0
PMF1,0.6109110346157687,0.08661417322834646,1.0
PAQR6,-0.9878998798375894,0.13385826771653545,1.0
SMG5,0.46976122141817456,0.41732283464566927,1.0
TMEM79,-0.07019715346717259,0.937007874015748,1.0
GLMP,0.07265987792764772,0.84251968503937,1.0
CCT3,-0.05092162160442815,0.7874015748031497,1.0
MEF2D,-0.1124821949311956,0.7086614173228346,1.0
NAXE,0.5954710137784103,0.08661417322834646,1.0
GPATCH4,-0.2693297620649835,0.5590551181102362,1.0
CRABP2,-0.8725708134779306,0.49606299212598426,1.0
ISG20L2,-0.4040478581640219,0.08661417322834646,1.0
RRNAD1,-0.730532503531335,0.14173228346456693,1.0
MRPL24,-0.4062491425877006,0.28346456692913385,1.0
HDGF,0.11900811765343633,0.5196850393700787,1.0
PRCC,-0.2060705075556557,0.14960629921259844,1.0
SH2D2A,0.5022633617267358,0.2755905511811024,1.0
ARHGEF11,0.6957144012877414,0.4251968503937008,1.0
AL157713.1,0.5076756446599469,0.4330708661417323,1.0
ETV3,-0.24159188943643173,0.7322834645669292,1.0
FCRL5,0.8559232835404282,0.5275590551181102,1.0
FCRL3,-0.5744138249807405,0.5118110236220472,1.0
FCRL2,0.6815864564310495,0.4330708661417323,1.0
ELL2P1,-0.9700013043047537,0.16535433070866143,1.0
CD1C,-0.2833768317644242,0.84251968503937,1.0
MNDA,-0.15200122879984912,0.84251968503937,1.0
PYHIN1,0.016000859851705407,0.968503937007874,1.0
IFI16,0.29844740208499765,0.2047244094488189,1.0
AIM2,1.340170541348841,0.05511811023622047,1.0
ACKR1,3.061243778223631,0.09448818897637795,1.0
DUSP23,0.5566830225280439,0.33858267716535434,1.0
FCRL6,-0.7627327008868345,0.4881889763779528,1.0
SLAMF8,-0.22596130555716631,0.9921259842519685,1.0
TAGLN2,0.20611052547958586,0.6771653543307087,1.0
AL513302.2,0.6330959721448823,0.25984251968503935,1.0
PIGM,0.33853457644687834,0.5511811023622047,1.0
IGSF8,0.22559846020793994,0.5039370078740157,1.0
PEA15,0.6794926887563157,0.05511811023622047,1.0
DCAF8,-0.1417947004896476,0.6771653543307087,1.0
PEX19,0.331866576321195,0.3858267716535433,1.0
COPA,0.1341325229223731,0.5748031496062992,1.0
SUMO1P3,-0.021609343139487702,0.9763779527559056,1.0
NCSTN,0.2555758075721357,0.3464566929133858,1.0
SLAMF6,0.16430868279393263,0.6850393700787402,1.0
CD84,0.36083360100590234,0.07086614173228346,1.0
SLAMF1,0.13592942681551357,0.5905511811023622,1.0
CD48,-0.3572475111258431,0.1968503937007874,1.0
SLAMF7,0.7021882238883288,0.3464566929133858,1.0
LY9,-0.21313252863611876,0.8661417322834646,1.0
CD244,0.5569182428675623,0.5196850393700787,1.0
AL354714.2,-0.425664025881511,0.6299212598425197,1.0
F11R,0.3016783279225699,0.2283464566929134,1.0
TSTD1,0.0025553682366057373,1.0,1.0
USF1,0.10686399127579316,0.7874015748031497,1.0
ARHGAP30,-0.07354179007508943,0.7401574803149606,1.0
PFDN2,-0.34181814607309224,0.6220472440944882,1.0
NIT1,-0.20924526688766276,0.7165354330708661,1.0
DEDD,-0.05520963834158987,0.7716535433070866,1.0
UFC1,0.12534318784279108,0.7480314960629921,1.0
USP21,0.07957238951065548,0.6062992125984252,1.0
PPOX,-0.1604117746938556,0.7086614173228346,1.0
B4GALT3,0.36361879634207295,0.25196850393700787,1.0
NDUFS2,0.02213718674696441,0.9291338582677166,1.0
FCER1G,-0.5260693395319262,0.5748031496062992,1.0
SDHC,0.12279415419528039,0.6141732283464567,1.0
HSPA6,-1.2979075009324519,0.3700787401574803,1.0
FCGR3A,-0.2654890704294519,0.7874015748031497,1.0
FCGR2C,-0.20425082584511522,0.8267716535433071,1.0
FCGR3B,-0.4830578875508671,0.6850393700787402,1.0
FCGR2B,1.755102533617511,0.023622047244094488,1.0
RPL31P11,0.29046721705634004,0.7322834645669292,1.0
DUSP12,0.09070306439152942,0.8661417322834646,1.0
ATF6,0.19632044380286828,0.18110236220472442,1.0
UHMK1,-0.0995723988712518,0.6377952755905512,1.0
UAP1,-0.3699529822869323,0.47244094488188976,1.0
HSD17B7,0.5007594739582135,0.2992125984251969,1.0
RGS5,1.195814923547708,0.23622047244094488,1.0
NUF2,-0.15405418767328838,0.8740157480314961,1.0
AL390119.1,-0.6561104921514,0.1889763779527559,1.0
MGST3,-0.15295638156870695,0.5826771653543307,1.0
ALDH9A1,-0.1683863230625935,0.5118110236220472,1.0
TMCO1,0.251938454777461,0.2677165354330709,1.0
UCK2,0.5418451993336562,0.6220472440944882,1.0
FAM78B,1.4302608206916545,0.015748031496062992,1.0
AL596087.1,-0.8858047181062627,0.11023622047244094,1.0
POGK,-0.2861809468418457,0.3858267716535433,1.0
TADA1,-0.06813980691595445,0.8740157480314961,1.0
GPA33,1.123175564011881,0.28346456692913385,1.0
AL451050.1,-0.564504108813882,0.4566929133858268,1.0
POU2F1,0.3892200497854663,0.3858267716535433,1.0
CD247,0.46110062441042743,0.14960629921259844,1.0
CREG1,-0.5096740183249544,0.14960629921259844,1.0
RCSD1,-0.09143733478404847,0.7952755905511811,1.0
MPZL1,0.26810889026636486,0.7716535433070866,1.0
MPC2,0.3394724692779576,0.33858267716535434,1.0
DCAF6,-0.18062958526355288,0.16535433070866143,1.0
TIPRL,-0.3168736245578163,0.30708661417322836,1.0
RPL34P1,-0.35963079757702054,0.5039370078740157,1.0
SFT2D2,0.18297481699027607,0.5118110236220472,1.0
TBX19,-0.31200578185330663,0.5826771653543307,1.0
ATP1B1,0.38287930322706565,0.5275590551181102,1.0
NME7,1.1345303846113048,0.1889763779527559,1.0
BLZF1,0.5151626255897108,0.15748031496062992,1.0
SLC19A2,-1.4370963009982565,0.015748031496062992,1.0
F5,1.2269602054872362,0.25984251968503935,1.0
SELP,0.626530295094883,0.4566929133858268,1.0
SELL,0.31282450126288097,0.5669291338582677,1.0
SELE,3.86133918445456,0.023622047244094488,1.0
METTL18,0.5207990966504217,0.4015748031496063,1.0
SCYL3,0.006122005678310227,0.9763779527559056,1.0
KIFAP3,0.4270328917906925,0.5511811023622047,1.0
GORAB,1.014509568032929,0.2677165354330709,1.0
FMO4,-0.05756836186374281,1.0,1.0
PRRC2C,-0.09154114363491317,0.6220472440944882,1.0
PFN1P1,0.7127486466424298,0.5275590551181102,1.0
VAMP4,-0.3043507781607051,0.2283464566929134,1.0
METTL13,0.1566694228342973,0.7874015748031497,1.0
DNM3,0.9346945352428075,0.23622047244094488,1.0
PIGC,1.4236702946946984,0.2992125984251969,1.0
SUCO,-0.45085384443793064,0.11811023622047244,1.0
FASLG,-0.18908047612271695,0.7716535433070866,1.0
TNFSF4,-0.009241572520454877,0.968503937007874,1.0
AL645568.1,-0.8663333731180396,0.031496062992125984,1.0
PRDX6,0.01356775676155042,0.952755905511811,1.0
KLHL20,0.038316081200927776,0.9133858267716536,1.0
CENPL,-0.43693751244877355,0.6929133858267716,1.0
DARS2,0.684376766672389,0.5354330708661418,1.0
GAS5,-0.6758629070012523,0.10236220472440945,1.0
ZBTB37,-0.10150282384053266,0.8976377952755905,1.0
RC3H1,0.01254380492169016,0.9763779527559056,1.0
RABGAP1L,0.289223019646327,0.15748031496062992,1.0
CACYBP,-0.40517809936635363,0.28346456692913385,1.0
MRPS14,1.311473086407556,0.29133858267716534,1.0
KIAA0040,-0.03512834244532215,0.8976377952755905,1.0
RPS29P5,-0.833903555399595,0.16535433070866143,1.0
RFWD2,-0.32679803030804067,0.48031496062992124,1.0
AL365357.1,-1.2195734503075077,0.2204724409448819,1.0
RALGPS2,0.1355986243579359,0.7874015748031497,1.0
PTPN2P1,-0.7973447590943596,0.2047244094488189,1.0
FAM20B,0.09731708967238539,0.8661417322834646,1.0
TOR3A,0.35498639371642016,0.4094488188976378,1.0
ABL2,-0.3668976052779769,0.5039370078740157,1.0
SOAT1,0.5347897171380831,0.3937007874015748,1.0
TOR1AIP2,-0.117826922261969,0.7874015748031497,1.0
TOR1AIP1,0.0977383334855162,0.7401574803149606,1.0
CEP350,-0.16643699273536416,0.3228346456692913,1.0
QSOX1,0.4674137456328227,0.16535433070866143,1.0
ACBD6,-0.07003650992332489,0.7716535433070866,1.0
XPR1,1.1336673944311277,0.4330708661417323,1.0
STX6,-0.40753568056975187,0.29133858267716534,1.0
MR1,0.11647244013712577,0.30708661417322836,1.0
IER5,-0.8251337235799605,0.06299212598425197,1.0
EIF1P3,-0.04601819792049788,0.8661417322834646,1.0
GLUL,-0.20140115555309723,0.6299212598425197,1.0
RNASEL,-0.593069592612034,0.3937007874015748,1.0
RGS16,-0.0904461955106779,0.8976377952755905,1.0
NPL,0.15434088817577063,0.8267716535433071,1.0
DHX9,-0.17678632998264554,0.49606299212598426,1.0
LAMC1,0.9210228721342343,0.33858267716535434,1.0
LAMC2,0.6000260401431209,0.5275590551181102,1.0
SMG7,-0.05740231225424708,0.7165354330708661,1.0
NCF2,0.9134056595036053,0.3464566929133858,1.0
ARPC5,0.06063941746496049,0.7874015748031497,1.0
RGL1,-0.24476516449962737,0.6062992125984252,1.0
COLGALT2,-0.8946222264647457,0.2992125984251969,1.0
TSEN15,0.12263959657744206,0.7165354330708661,1.0
C1orf21,-0.902124967772878,0.14960629921259844,1.0
EDEM3,0.1548080239889318,0.48031496062992124,1.0
FAM129A,0.18884631741754276,0.6692913385826772,1.0
RNF2,-0.4037423695756317,0.09448818897637795,1.0
TRMT1L,0.08526863644768756,0.8110236220472441,1.0
SWT1,1.3039161567731683,0.2283464566929134,1.0
RPL5P5,-0.2983933255854765,0.6850393700787402,1.0
AL356273.3,-0.5962587044757748,0.5433070866141733,1.0
IVNS1ABP,-0.3713370643740799,0.2283464566929134,1.0
HMCN1,-0.5322968004948144,0.8346456692913385,1.0
PRG4,1.5896267866642124,0.031496062992125984,1.0
TPR,-0.012445876240652964,0.9763779527559056,1.0
C1orf27,0.05014651238621681,0.889763779527559,1.0
PTGS2,-0.13704260725860573,0.8818897637795275,1.0
RGS18,-0.08155915745578057,0.9291338582677166,1.0
AL513175.1,-0.35779368893774377,0.6299212598425197,1.0
AL513175.2,0.7223512168717874,0.6771653543307087,1.0
RGS1,0.7093653975976117,0.031496062992125984,1.0
AL136454.1,-0.2869817947611999,0.5354330708661418,1.0
RGS2,0.023217045370302003,0.9606299212598425,1.0
UCHL5,0.22316169425383503,0.6614173228346457,1.0
TROVE2,-0.056160997605951835,0.7480314960629921,1.0
AL136370.1,0.30002478565293167,0.7480314960629921,1.0
GLRX2,-0.0036597762218995022,1.0,1.0
CDC73,0.6210365924501531,0.23622047244094488,1.0
B3GALT2,-1.308857462160431,0.07086614173228346,1.0
CFH,-0.4674795715382798,0.5433070866141733,1.0
ZBTB41,-0.864928515853356,0.03937007874015748,1.0
DENND1B,-0.20902815442391365,0.5826771653543307,1.0
NEK7,-0.09701016683015151,0.6771653543307087,1.0
PTPRC,0.21460744137738175,0.2755905511811024,1.0
PEBP1P3,-0.5034345809460514,0.5984251968503937,1.0
ZNF281,0.9748904615059795,0.11023622047244094,1.0
DDX59,0.554857103735773,0.25984251968503935,1.0
CAMSAP2,0.3854199104802656,0.5354330708661418,1.0
RPL34P6,-0.00321963561141958,1.0,1.0
KIF21B,0.1953974634777822,0.4881889763779528,1.0
TMEM9,-0.4687813725724248,0.6692913385826772,1.0
CSRP1,0.907225731480116,0.14960629921259844,1.0
AC096677.1,-0.2756510689547036,0.6377952755905512,1.0
RPS10P7,0.562036646678084,0.4881889763779528,1.0
NAV1,0.8348007515996354,0.29133858267716534,1.0
IPO9,0.1327342597075285,0.5196850393700787,1.0
TIMM17A,-0.14301499422247232,0.6771653543307087,1.0
RNPEP,-0.31187056267911295,0.30708661417322836,1.0
ARL8A,0.06932848417079995,0.889763779527559,1.0
PTPN7,0.2528465209569024,0.5826771653543307,1.0
UBE2T,0.4325141086445883,0.7165354330708661,1.0
PPP1R12B,-0.14717341973133724,0.8346456692913385,1.0
AC099336.2,-0.6196757625470335,0.06299212598425197,1.0
KDM5B,0.21258534016276265,0.5984251968503937,1.0
AC098934.3,0.12007871396670566,0.7559055118110236,1.0
RABIF,0.013228712164429446,0.937007874015748,1.0
KLHL12,-0.45532997422135013,0.30708661417322836,1.0
ADIPOR1,0.1088705031532502,0.4330708661417323,1.0
CYB5R1,0.017562635206443744,0.9763779527559056,1.0
TMEM183A,0.1386038511016423,0.5354330708661418,1.0
LINC01353,-1.0553392071986243,0.1732283464566929,1.0
BTG2,-0.471078774155437,0.2204724409448819,1.0
FMOD,-0.26034547973950173,0.8818897637795275,1.0
ATP2B4,0.1750666177066238,0.47244094488188976,1.0
AL513343.1,-0.2963844407985534,0.6929133858267716,1.0
LAX1,0.03193630167170536,0.8661417322834646,1.0
SNRPE,-0.29023947422229046,0.5275590551181102,1.0
HSPE1P6,-1.2223656669765197,0.1968503937007874,1.0
SOX13,0.8108902326762232,0.2204724409448819,1.0
AL592114.1,-0.7384570475028347,0.16535433070866143,1.0
PPP1R15B,-0.0889885561079069,0.7086614173228346,1.0
PIK3C2B,-0.35819261793511803,0.3464566929133858,1.0
MDM4,-0.09294132974800551,0.7322834645669292,1.0
AL512306.2,-0.32589881437810897,0.5984251968503937,1.0
TMEM81,0.9688347284869845,0.2283464566929134,1.0
RBBP5,0.19277288049456498,0.7007874015748031,1.0
DSTYK,-0.2427959428082591,0.3858267716535433,1.0
TMCC2,-1.481876176687138,0.06299212598425197,1.0
NUAK2,0.29533012353113985,0.7637795275590551,1.0
SNRPGP10,0.4829343782772053,0.08661417322834646,1.0
ELK4,0.08125390708048119,0.6535433070866141,1.0
AC096533.1,0.6697491876723096,0.5511811023622047,1.0
NUCKS1,-0.05169799829373112,0.7480314960629921,1.0
RAB29,-0.2746334368965506,0.4566929133858268,1.0
SLC41A1,-0.17561621758611778,0.7165354330708661,1.0
PM20D1,0.39361681988569697,0.5511811023622047,1.0
SRGAP2,1.5903671267980006,0.11811023622047244,1.0
IKBKE,0.4198123434970711,0.5826771653543307,1.0
RASSF5,0.201097361259146,0.2047244094488189,1.0
EIF2D,-0.1306592667508486,0.5196850393700787,1.0
DYRK3,0.10099968537629755,0.9291338582677166,1.0
MAPKAPK2,-0.3094611260657638,0.5433070866141733,1.0
AL591846.1,-0.31850813547183066,0.8267716535433071,1.0
IL24,-0.06412281550217536,0.8818897637795275,1.0
FCMR,-0.14730623590241443,0.6377952755905512,1.0
YOD1,0.03589340455875645,0.9291338582677166,1.0
CD55,-0.20849420143152209,0.7165354330708661,1.0
CR2,0.3914663355607879,0.6299212598425197,1.0
CR1,0.3929959113609649,0.6535433070866141,1.0
CD46,-0.38514545539570477,0.015748031496062992,1.0
C1orf132,0.023097733860661496,0.968503937007874,1.0
CD34,0.11826162197904466,0.905511811023622,1.0
G0S2,1.0442698130683685,0.3858267716535433,1.0
HSD11B1,1.113929725766964,0.09448818897637795,1.0
TRAF3IP3,-0.23292035898248376,0.44881889763779526,1.0
DIEXF,-0.6060027180531202,0.14960629921259844,1.0
ST13P19,-0.060737967397834325,0.8582677165354331,1.0
HHAT,0.990580911763417,0.11811023622047244,1.0
RCOR3,-0.28951182669819264,0.33858267716535434,1.0
TRAF5,-0.20869970480374977,0.5511811023622047,1.0
LINC00467,1.2098761868783137,0.14960629921259844,1.0
SLC30A1,0.07446936234198631,0.9921259842519685,1.0
LPGAT1,-0.18400605396813496,0.3858267716535433,1.0
INTS7,0.8374958333723095,0.30708661417322836,1.0
RPL21P28,-0.7623520297126618,0.36220472440944884,1.0
PPP2R5A,-0.19907329538673402,0.047244094488188976,1.0
TMEM206,-0.04121101254991766,0.9606299212598425,1.0
NENF,0.19198048950511115,0.28346456692913385,1.0
ATF3,0.9224568070847781,0.13385826771653545,1.0
NSL1,0.4274556146161288,0.16535433070866143,1.0
TATDN3,0.42116375596139655,0.5433070866141733,1.0
FLVCR1-AS1,-0.32612735278838767,0.7007874015748031,1.0
FLVCR1,-0.1997979120150113,0.6850393700787402,1.0
ANGEL2,-0.12491811398528707,0.6220472440944882,1.0
RPS6KC1,0.04962308800152426,0.8582677165354331,1.0
SMYD2,0.8089903833968588,0.7086614173228346,1.0
PTPN14,0.5250900110541208,0.6220472440944882,1.0
AL445305.1,0.21755312458828868,0.7637795275590551,1.0
KCTD3,0.6508521082126585,0.4645669291338583,1.0
GPATCH2,0.0007529422572742916,1.0,1.0
RRP15,-0.6633219704609257,0.1968503937007874,1.0
LYPLAL1,0.01956573664320782,0.968503937007874,1.0
ZC3H11B,0.20530636563463367,0.7401574803149606,1.0
EPRS,0.08936218929505912,0.7480314960629921,1.0
BPNT1,0.7544099477851818,0.06299212598425197,1.0
IARS2,0.2746358092185135,0.4566929133858268,1.0
RPS15AP12,0.04004331604910094,0.8818897637795275,1.0
RAB3GAP2,-0.12121917413719796,0.7795275590551181,1.0
MORF4L1P1,0.03374471383661426,0.8267716535433071,1.0
DUSP10,0.8541745301625392,0.1732283464566929,1.0
TAF1A,-0.8241186418104691,0.3543307086614173,1.0
MIA3,0.19660420016387636,0.5275590551181102,1.0
AL592148.3,-0.8465509722898601,0.3464566929133858,1.0
AIDA,0.2844392782124814,0.8267716535433071,1.0
BROX,0.07461279966023948,0.7716535433070866,1.0
AL392172.1,0.06167228769146682,0.9291338582677166,1.0
DISP1,0.24837386161815034,0.7480314960629921,1.0
TLR5,-1.5335245296132,0.06299212598425197,1.0
SUSD4,1.3350014399472163,0.09448818897637795,1.0
CAPN2,-0.06192285981256607,0.8188976377952756,1.0
TP53BP2,0.5089142905879012,0.2047244094488189,1.0
GTF2IP20,0.12165328170300116,0.889763779527559,1.0
AC138393.1,1.1079597398597099,0.2283464566929134,1.0
FBXO28,-0.19066470751791176,0.5196850393700787,1.0
AC092809.3,0.0047238255217403324,1.0,1.0
DEGS1,-0.2989932759491616,0.2992125984251969,1.0
NVL,-0.0820442385418092,0.8188976377952756,1.0
CNIH4,-0.14394004155042506,0.7322834645669292,1.0
WDR26,0.00407142777495384,0.9921259842519685,1.0
CNIH3,1.1739290642011693,0.14173228346456693,1.0
LBR,0.05430451146624726,0.84251968503937,1.0
SRP9,0.11404670782894932,0.5196850393700787,1.0
AL591895.1,-1.2017334506354573,0.07874015748031496,1.0
TMEM63A,-0.3070118969183131,0.4409448818897638,1.0
PYCR2,-0.07209154626248182,0.7952755905511811,1.0
SDE2,0.184959343410811,0.5669291338582677,1.0
H3F3A,-0.26353854314601044,0.36220472440944884,1.0
ACBD3,-0.057802238671159856,0.84251968503937,1.0
LIN9,-0.07653393236259776,0.968503937007874,1.0
PARP1,0.40171528458002737,0.3228346456692913,1.0
ITPKB,0.17875141639759207,0.4015748031496063,1.0
PSEN2,-0.3178227644336491,0.6692913385826772,1.0
COQ8A,-0.3414780325775979,0.5039370078740157,1.0
CDC42BPA,0.07653445946892456,0.889763779527559,1.0
BTF3P9,-0.48066441789736625,0.5984251968503937,1.0
ZNF678,0.074806621777876,0.7401574803149606,1.0
SNAP47,0.8318950996272623,0.015748031496062992,1.0
ARF1,0.2645775767015355,0.5590551181102362,1.0
C1orf35,-0.1970485072205208,0.7559055118110236,1.0
MRPL55,-0.2658480717926248,0.5511811023622047,1.0
GUK1,0.07838923013975574,0.9291338582677166,1.0
IBA57,0.4694051248162081,0.29133858267716534,1.0
OBSCN,-1.3529916513527058,0.09448818897637795,1.0
TRIM11,0.8796674628707906,0.4094488188976378,1.0
HIST3H2A,-0.4256794700758917,0.5196850393700787,1.0
RNF187,-0.10777994827370296,0.6535433070866141,1.0
FTH1P2,-0.4539647362573671,0.4251968503937008,1.0
RHOU,-0.9283520264370209,0.3228346456692913,1.0
RAB4A,0.5037954827579298,0.14173228346456693,1.0
CCSAP,-1.095314932800047,0.031496062992125984,1.0
NUP133,-0.1773842439701312,0.6062992125984252,1.0
ABCB10,-0.2328403874441367,0.6377952755905512,1.0
TAF5L,-0.26607509126118645,0.3464566929133858,1.0
URB2,0.4176561735438402,0.6692913385826772,1.0
GALNT2,1.0281892469778118,0.047244094488188976,1.0
COG2,-0.04154951967202436,0.9291338582677166,1.0
C1orf198,0.8034654815771056,0.23622047244094488,1.0
TTC13,-0.5414673725819661,0.33858267716535434,1.0
ARV1,0.6340822697277702,0.29133858267716534,1.0
FAM89A,0.17645881673128905,0.6614173228346457,1.0
C1orf131,0.6137487786418392,0.3858267716535433,1.0
GNPAT,-0.3760323891702111,0.2992125984251969,1.0
EXOC8,0.49892600662109476,0.07874015748031496,1.0
SPRTN,-0.16410339511226013,0.6850393700787402,1.0
EGLN1,0.13879221732874125,0.4409448818897638,1.0
AL445524.1,-0.11055212108438894,0.8582677165354331,1.0
TSNAX,-0.171955865598874,0.7401574803149606,1.0
DISC1,-1.7144155854272842,0.047244094488188976,1.0
SIPA1L2,0.2972893733566129,0.7637795275590551,1.0
MAP10,0.6708604452192934,0.4094488188976378,1.0
NTPCR,1.8149849359555277,0.015748031496062992,1.0
PCNX2,-0.826906977460939,0.11811023622047244,1.0
MAP3K21,-1.7074112230704142,0.023622047244094488,1.0
AL355472.1,-0.8505922178691889,0.33858267716535434,1.0
COA6,0.644595154207539,0.047244094488188976,1.0
TARBP1,-0.5771821790119436,0.023622047244094488,1.0
IRF2BP2,0.13781865961228945,0.6456692913385826,1.0
TOMM20,0.004555595523113354,0.9921259842519685,1.0
RBM34,0.10882243025201599,0.7874015748031497,1.0
ARID4B,0.08214742713581025,0.8031496062992126,1.0
GGPS1,0.2516882497175592,0.30708661417322836,1.0
TBCE,-0.493665179731293,0.25984251968503935,1.0
B3GALNT2,0.22991633796435096,0.8110236220472441,1.0
GNG4,3.201706519713497,0.023622047244094488,1.0
LYST,0.6099196895457615,0.13385826771653545,1.0
GPR137B,1.0660542980527659,0.03937007874015748,1.0
ERO1B,0.6732495308386959,0.07874015748031496,1.0
EDARADD,0.5441836398582605,0.6220472440944882,1.0
LGALS8,0.3244292292528055,0.2047244094488189,1.0
HEATR1,0.614366222151582,0.30708661417322836,1.0
MTR,0.1597534507400722,0.4330708661417323,1.0
RPL35P1,-0.6247275981491685,0.28346456692913385,1.0
CHRM3-AS2,-0.17232722312215465,0.6535433070866141,1.0
AL359918.1,-0.5179110546721284,0.36220472440944884,1.0
GREM2,0.24060142553171637,0.8503937007874016,1.0
FH,-0.7787593285427619,0.23622047244094488,1.0
CHML,0.22367075093587863,0.952755905511811,1.0
CEP170,0.3845928963760583,0.44881889763779526,1.0
SDCCAG8,-0.33130302697183556,0.4566929133858268,1.0
AKT3,-0.13012633942988217,0.5118110236220472,1.0
ZBTB18,-0.5937202677150646,0.12598425196850394,1.0
ADSS,-0.3514443233971454,0.13385826771653545,1.0
DESI2,0.23556106835568968,0.1889763779527559,1.0
COX20,-0.09368842404213362,0.8818897637795275,1.0
HNRNPU,0.08043858262561443,0.7322834645669292,1.0
EFCAB2,-1.5066810337007221,0.12598425196850394,1.0
SMYD3,0.3325241762740694,0.5354330708661418,1.0
TFB2M,-0.5341512270968884,0.7086614173228346,1.0
CNST,-0.20369006501683184,0.5669291338582677,1.0
SCCPDH,0.38343288676523946,0.49606299212598426,1.0
AHCTF1,-0.0267226344973448,0.968503937007874,1.0
ZNF670,-0.4326808446672816,0.49606299212598426,1.0
ZNF669,-0.056789948387815814,0.9448818897637795,1.0
ZNF124,-0.9663988388437659,0.06299212598425197,1.0
AL390728.6,-0.5985355991989305,0.36220472440944884,1.0
AL390728.4,0.40704330691314006,0.5118110236220472,1.0
ZNF496,0.18874282605697257,0.8503937007874016,1.0
NLRP3,-0.4480961113555577,0.3700787401574803,1.0
SH3BP5L,-0.28893495049063134,0.5275590551181102,1.0
ZNF672,-0.5045914534429299,0.4015748031496063,1.0
ZNF692,-0.13690098366065007,0.7401574803149606,1.0
PGBD2,-0.21722337460171603,0.7874015748031497,1.0
FAM110C,-1.0056208581498272,0.16535433070866143,1.0
SH3YL1,0.07817010790470214,0.8582677165354331,1.0
ACP1,-0.2699991430559052,0.29133858267716534,1.0
TMEM18,0.21260363075727007,0.5669291338582677,1.0
PXDN,0.7822843104162089,0.3858267716535433,1.0
EIPR1,0.23506616496292487,0.3779527559055118,1.0
TRAPPC12,0.17242270257536418,0.7322834645669292,1.0
ADI1,0.09728619214427692,0.5196850393700787,1.0
RNASEH1,0.25620954266625073,0.48031496062992124,1.0
RNASEH1-AS1,0.05142482807663118,0.937007874015748,1.0
RPS7,-0.00308904192705306,0.968503937007874,1.0
CMPK2,-0.12938238493160448,0.9448818897637795,1.0
RSAD2,-0.6197348707825325,0.5984251968503937,1.0
RNF144A,-1.1401419108268684,0.03937007874015748,1.0
LINC01871,-0.3143995981556831,0.6299212598425197,1.0
ID2,-0.8304521829112073,0.25984251968503935,1.0
KIDINS220,0.08485370797637426,0.7795275590551181,1.0
MBOAT2,-0.26282129027807843,0.7244094488188977,1.0
ITGB1BP1,-0.11363623911740905,0.7637795275590551,1.0
CPSF3,0.38698998054509115,0.14960629921259844,1.0
IAH1,-0.5276732864034237,0.2204724409448819,1.0
ADAM17,0.24368150057646165,0.7952755905511811,1.0
YWHAQ,-0.237626138099853,0.3464566929133858,1.0
TAF1B,0.010528832977566793,0.968503937007874,1.0
AC010969.2,0.9081092498537044,0.31496062992125984,1.0
GRHL1,1.1959128421369032,0.11023622047244094,1.0
AC104794.2,-1.847206916522276,0.05511811023622047,1.0
KLF11,-0.9072382096375273,0.28346456692913385,1.0
HPCAL1,0.39598382210359695,0.05511811023622047,1.0
ODC1,-0.41787538033520644,0.3228346456692913,1.0
NOL10,-0.11537090714455278,0.6692913385826772,1.0
PDIA6,0.2279759423102492,0.6299212598425197,1.0
PQLC3,-0.1319628344363286,0.7401574803149606,1.0
ROCK2,-0.01978769264704816,0.968503937007874,1.0
AC018463.1,-0.3336838626053622,0.7244094488188977,1.0
E2F6,0.8470730434211364,0.4015748031496063,1.0
LPIN1,-0.2060366668518716,0.47244094488188976,1.0
TRIB2,0.34290611947638183,0.3700787401574803,1.0
NBAS,0.5064119825834501,0.8031496062992126,1.0
DDX1,-0.33925116561224833,0.3228346456692913,1.0
FAM49A,-0.7926956025648841,0.4566929133858268,1.0
SMC6,0.4277553708911901,0.25196850393700787,1.0
GEN1,1.2096232580214488,0.18110236220472442,1.0
RDH14,-1.1018540016532858,0.15748031496062992,1.0
LINC00954,0.502115841929633,0.6062992125984252,1.0
TTC32,-0.15796461830987862,0.7401574803149606,1.0
WDR35,0.9144758060449303,0.11023622047244094,1.0
LAPTM4A,0.04187258911576741,0.905511811023622,1.0
SDC1,0.7520705857952441,0.4409448818897638,1.0
PUM2,-0.11015760049517098,0.3858267716535433,1.0
RHOB,-0.32979536810987753,0.4409448818897638,1.0
AC012065.5,0.06693302179067073,0.937007874015748,1.0
HS1BP3,-0.026008136197857468,0.9763779527559056,1.0
GDF7,1.1956472287341346,0.33858267716535434,1.0
LDAH,0.30725951712159194,0.5354330708661418,1.0
ATAD2B,0.3359382601718002,0.11023622047244094,1.0
UBXN2A,0.14407218784752818,0.6220472440944882,1.0
WDCP,-0.49180409993754703,0.5275590551181102,1.0
SF3B6,0.3501279289602266,0.25984251968503935,1.0
FAM228B,-0.0007477999181877415,0.9921259842519685,1.0
ITSN2,-0.020340179675493175,0.9448818897637795,1.0
SCARNA21,-0.21198036198132186,0.8110236220472441,1.0
NCOA1,0.009681695239568633,0.9606299212598425,1.0
PTRHD1,0.7210540196820565,0.12598425196850394,1.0
CENPO,-0.10051595396985791,0.889763779527559,1.0
ADCY3,1.1486379949924488,0.14173228346456693,1.0
DNAJC27,0.017453713174643504,0.9763779527559056,1.0
DNAJC27-AS1,-0.016183217413734408,1.0,1.0
DNMT3A,0.0024556657542333937,1.0,1.0
DTNB,-0.6640767631245761,0.18110236220472442,1.0
ASXL2,-0.38673925725902425,0.14960629921259844,1.0
PTGES3P2,-0.208171857957145,0.7874015748031497,1.0
KIF3C,0.07941058261431189,0.937007874015748,1.0
TRMT112P6,0.2062563293990376,0.4566929133858268,1.0
RAB10,0.452017443392144,0.10236220472440945,1.0
GAREM2,0.14367833800039165,0.8582677165354331,1.0
HADHA,0.07135146669615455,0.7559055118110236,1.0
HADHB,0.09200721652859656,0.7007874015748031,1.0
SELENOI,0.2079946110808244,0.4566929133858268,1.0
SLC35F6,-1.0117573608471804,0.047244094488188976,1.0
MAPRE3,1.2515553607304746,0.1968503937007874,1.0
TMEM214,-0.17058379123642187,0.5590551181102362,1.0
AGBL5,0.6411444547623601,0.4330708661417323,1.0
OST4,0.15231717038071224,0.16535433070866143,1.0
PREB,-0.13131256685248172,0.6771653543307087,1.0
SLC5A6,-0.18933894080426894,0.7480314960629921,1.0
ATRAID,0.318039199414331,0.2677165354330709,1.0
CAD,0.7998457369464442,0.08661417322834646,1.0
MPV17,-0.05227740118249535,0.8818897637795275,1.0
GTF3C2,-0.09560005799750737,0.8188976377952756,1.0
AC074117.1,0.9122492222744483,0.2283464566929134,1.0
EIF2B4,-0.32755218200467784,0.5669291338582677,1.0
SNX17,0.1715805164720008,0.6141732283464567,1.0
PPM1G,0.2595851178387054,0.4094488188976378,1.0
NRBP1,0.5547453549082473,0.5196850393700787,1.0
KRTCAP3,1.0953316528911252,0.031496062992125984,1.0
IFT172,0.7112512268943021,0.4015748031496063,1.0
ZNF512,-0.4941777276377257,0.4330708661417323,1.0
GPN1,0.4314385680692263,0.30708661417322836,1.0
SUPT7L,0.3325869446530385,0.3543307086614173,1.0
SLC4A1AP,-0.099209488420537,0.8110236220472441,1.0
MRPL33,-0.25209313377533604,0.4015748031496063,1.0
RBKS,0.3561212225193393,0.5748031496062992,1.0
BABAM2,0.4860127285369211,0.33070866141732286,1.0
FOSL2,-0.018411965431720745,0.9763779527559056,1.0
AC104695.3,0.6568266096996829,0.4566929133858268,1.0
AC104695.2,-0.10877211300983158,0.9291338582677166,1.0
PPP1CB,0.0854675685840256,0.7637795275590551,1.0
SPDYA,-0.18089457209467952,0.7874015748031497,1.0
WDR43,-0.43859670731481426,0.11811023622047244,1.0
TOGARAM2,0.8681013437418499,0.36220472440944884,1.0
CLIP4,0.021999040717817664,0.9606299212598425,1.0
YPEL5,0.21333769584722972,0.7401574803149606,1.0
LBH,-0.026001747912113515,0.937007874015748,1.0
LCLAT1,0.5005033966468391,0.36220472440944884,1.0
EHD3,0.48929055908140673,0.6062992125984252,1.0
MEMO1,-0.3000159136390481,0.7086614173228346,1.0
DPY30,0.04781884974338624,0.8661417322834646,1.0
SPAST,0.31905724643235356,0.5905511811023622,1.0
SLC30A6,-0.30635259687003114,0.5433070866141733,1.0
DDX50P1,-0.18973850884044485,0.7165354330708661,1.0
YIPF4,0.5188610159643874,0.4094488188976378,1.0
BIRC6,-0.26258764960071446,0.08661417322834646,1.0
AL133243.2,-0.3626646141673231,0.5354330708661418,1.0
AL133243.3,0.8076868975301448,0.3464566929133858,1.0
TTC27,0.17839307689864192,0.4330708661417323,1.0
RASGRP3,-0.9966699714571119,0.18110236220472442,1.0
FAM98A,0.43663514882223975,0.25984251968503935,1.0
CRIM1,-0.2877383777948257,0.6377952755905512,1.0
FEZ2,-0.3752409821067557,0.41732283464566927,1.0
AC007382.1,-0.6021518467139697,0.3700787401574803,1.0
STRN,0.24984558423458392,0.4094488188976378,1.0
HEATR5B,-0.04021950073907643,0.889763779527559,1.0
GPATCH11,-0.4668183537309387,0.2440944881889764,1.0
EIF2AK2,-0.39535683601419347,0.5511811023622047,1.0
CEBPZOS,0.2656843341665711,0.3543307086614173,1.0
CEBPZ,-0.27594201627286985,0.16535433070866143,1.0
NDUFAF7,-0.12495423458020172,0.7244094488188977,1.0
PRKD3,0.1844923585283027,0.7480314960629921,1.0
QPCT,0.7362178693561905,0.4251968503937008,1.0
AC006369.1,-0.3859381548662042,0.6299212598425197,1.0
CDC42EP3,-0.48287393250129185,0.10236220472440945,1.0
AC010878.1,-1.2637166909287623,0.16535433070866143,1.0
RMDN2,0.24144360367254536,0.7874015748031497,1.0
ATL2,-0.05673474206866036,0.8267716535433071,1.0
RPLP0P6,-0.5057064891181344,0.3464566929133858,1.0
HNRNPLL,0.027385869426962195,0.8661417322834646,1.0
GALM,0.5007455638353768,0.11023622047244094,1.0
SRSF7,-0.2207291617510645,0.2204724409448819,1.0
GEMIN6,-0.010136181139576816,0.984251968503937,1.0
DHX57,-0.15365346242657507,0.7637795275590551,1.0
SOS1,0.16997920792202859,0.8110236220472441,1.0
SOS1-IT1,-0.19566947138552182,0.9212598425196851,1.0
MAP4K3,0.9227744824447366,0.2440944881889764,1.0
AC007388.1,-0.5130357820255778,0.5984251968503937,1.0
THUMPD2,-0.8451282661522919,0.4094488188976378,1.0
AC009413.1,-0.18402927275219727,0.8267716535433071,1.0
EML4,0.21371743026986323,0.4409448818897638,1.0
COX7A2L,0.07192631686294426,0.7795275590551181,1.0
MTA3,1.3237107704573874,0.015748031496062992,1.0
ZFP36L2,-0.4818247293277196,0.2440944881889764,1.0
THADA,0.8440324037846398,0.1732283464566929,1.0
DYNC2LI1,-0.5039564232111898,0.5826771653543307,1.0
LRPPRC,-0.42234794213323656,0.015748031496062992,1.0
AC019129.1,0.6087561916873634,0.3464566929133858,1.0
PPM1B,-0.059761261318553416,0.8818897637795275,1.0
PREPL,-0.519800746218996,0.25984251968503935,1.0
CAMKMT,0.7460551500020933,0.3228346456692913,1.0
AC012354.2,0.3129154853172267,0.5118110236220472,1.0
SRBD1,0.13728773287659246,0.7795275590551181,1.0
PRKCE,0.38436483753302175,0.49606299212598426,1.0
EPAS1,1.308330923854417,0.11023622047244094,1.0
ATP6V1E2,0.4967264418804884,0.5275590551181102,1.0
RHOQ,-0.4109176785827744,0.29133858267716534,1.0
CRIPT,-0.03892422001275797,0.9606299212598425,1.0
SOCS5,-0.19017311113982727,0.6850393700787402,1.0
MCFD2,0.20486312652437189,0.5905511811023622,1.0
TTC7A,0.0764788880137619,0.889763779527559,1.0
CALM2,-0.21057388823396828,0.1732283464566929,1.0
MSH2,-0.5416080947941708,0.15748031496062992,1.0
AC079250.1,0.25097300077576135,0.5984251968503937,1.0
MSH6,-0.34735991965472834,0.6062992125984252,1.0
FBXO11,0.1561401779377558,0.6850393700787402,1.0
FOXN2,0.16552911123433844,0.4251968503937008,1.0
PPP1R21,-0.09292270599590946,0.8110236220472441,1.0
STON1,1.084121617355279,0.18110236220472442,1.0
ASB3,1.3139011377904835,0.15748031496062992,1.0
ERLEC1,0.3864088974589208,0.44881889763779526,1.0
PSME4,-0.23894065438265688,0.4330708661417323,1.0
ACYP2,0.3764742843393356,0.889763779527559,1.0
AC008280.3,0.8184262648442829,0.3858267716535433,1.0
SPTBN1,0.3849366103882419,0.1968503937007874,1.0
RTN4,0.22879690139187048,0.6220472440944882,1.0
CLHC1,0.30174632253003963,0.6377952755905512,1.0
RPS27A,-0.06598640033526948,0.5275590551181102,1.0
MTIF2,0.3615658778827546,0.25196850393700787,1.0
CCDC88A,-0.2511187970877158,0.4881889763779528,1.0
BTF3P5,-0.7489317501959083,0.49606299212598426,1.0
CFAP36,0.1562874284521376,0.7086614173228346,1.0
PPP4R3B,-0.09256684038126117,0.6299212598425197,1.0
PNPT1,0.2686395336307168,0.5275590551181102,1.0
VRK2,0.6937110566222793,0.33858267716535434,1.0
FANCL,0.19501790071316227,0.6377952755905512,1.0
EIF3FP3,-0.3661399393772973,0.1889763779527559,1.0
AC007238.1,-0.2004222858867859,0.7244094488188977,1.0
BCL11A,-1.1075858059569468,0.15748031496062992,1.0
PAPOLG,-0.04505039727434568,0.889763779527559,1.0
REL,-0.3190994525446653,0.5354330708661418,1.0
PUS10,0.694184895643247,0.6220472440944882,1.0
PEX13,0.5305144787827456,0.7480314960629921,1.0
KIAA1841,-0.2591992339574565,0.6220472440944882,1.0
AC016747.1,0.1945820269636911,0.8346456692913385,1.0
AHSA2,-0.21737623065673883,0.5118110236220472,1.0
USP34,0.19827645526440385,0.4409448818897638,1.0
XPO1,0.044290262474675046,0.8503937007874016,1.0
RPS24P7,0.3755971905344724,0.6220472440944882,1.0
FAM161A,-1.3909715651352605,0.2125984251968504,1.0
CCT4,0.12673280139759857,0.6062992125984252,1.0
COMMD1,0.6546108819853722,0.11023622047244094,1.0
B3GNT2,0.19879775117511755,0.6929133858267716,1.0
EHBP1,0.5301600011111969,0.2047244094488189,1.0
WDPCP,0.5229155572770154,0.5669291338582677,1.0
MDH1,0.1839190705033289,0.5039370078740157,1.0
AC016734.1,0.853640577927469,0.29133858267716534,1.0
AC096664.2,-0.4875225783057049,0.3779527559055118,1.0
UGP2,0.35336983323169413,0.10236220472440945,1.0
VPS54,0.11762407299931876,0.5275590551181102,1.0
PELI1,0.06074799804580078,0.8740157480314961,1.0
AC012368.1,-0.6502619017834621,0.7086614173228346,1.0
AC008074.3,-0.17776564845972942,0.8818897637795275,1.0
AFTPH,-0.10672388381172127,0.7952755905511811,1.0
SERTAD2,-0.22293173520539966,0.13385826771653545,1.0
SLC1A4,1.542316593596158,0.1732283464566929,1.0
CEP68,-0.8665197090027998,0.023622047244094488,1.0
RAB1A,-0.3487692909775415,0.3700787401574803,1.0
AC007318.1,0.26981248107575917,0.4881889763779528,1.0
ACTR2,0.27269905006168393,0.3464566929133858,1.0
SPRED2,2.586707627169259,0.015748031496062992,1.0
ETAA1,0.09204926151641857,0.7244094488188977,1.0
C1D,-0.35794705816217487,0.4330708661417323,1.0
WDR92,0.30889689276022736,0.7244094488188977,1.0
PNO1,0.11200173418747195,0.7637795275590551,1.0
PPP3R1,0.12212446323554893,0.7322834645669292,1.0
PLEK,-0.28008089044413076,0.4645669291338583,1.0
FBXO48,-0.09900819992100773,0.905511811023622,1.0
APLF,-0.05872240567913556,0.8031496062992126,1.0
ARHGAP25,0.20453410151123919,0.2677165354330709,1.0
GFPT1,-0.5318553675285607,0.015748031496062992,1.0
NFU1,-0.2884883632549293,0.6062992125984252,1.0
AAK1,-0.003229702085699948,0.984251968503937,1.0
ANXA4,0.2828472337176855,0.5433070866141733,1.0
GMCL1,0.28397720253743053,0.5669291338582677,1.0
SNRNP27,0.2501933053968539,0.25984251968503935,1.0
MXD1,-0.7667029526793572,0.3858267716535433,1.0
PCBP1-AS1,-0.2138354382594141,0.5039370078740157,1.0
C2orf42,0.05597038086288153,0.8661417322834646,1.0
TIA1,0.3484739942222346,0.5905511811023622,1.0
AC016700.2,-0.13822382921695509,0.9212598425196851,1.0
PCYOX1,-0.4522590416063137,0.30708661417322836,1.0
SNRPG,0.3254161300393106,0.4251968503937008,1.0
FAM136A,-0.17093136041580825,0.7559055118110236,1.0
TGFA,-0.8122907917285573,0.14173228346456693,1.0
TEX261,-0.04813819749517734,0.7007874015748031,1.0
NAGK,-0.11339650953940694,0.8346456692913385,1.0
MCEE,0.18479633085283265,0.9133858267716536,1.0
MPHOSPH10,-0.285269698874,0.5433070866141733,1.0
PAIP2B,-0.8572908258529972,0.28346456692913385,1.0
ZNF638,-0.003072786908448144,0.984251968503937,1.0
RPS20P10,-0.04178595793216511,0.9606299212598425,1.0
EXOC6B,0.4314441319362077,0.31496062992125984,1.0
SFXN5,0.9453990159615919,0.3858267716535433,1.0
RAB11FIP5,-0.04951592271184024,0.9212598425196851,1.0
SMYD5,1.220502463795957,0.14960629921259844,1.0
PRADC1,0.014456442568762773,0.952755905511811,1.0
CCT7,0.2413017534398687,0.6692913385826772,1.0
FBXO41,1.1434578292765307,0.08661417322834646,1.0
ALMS1,-0.16965544713010505,0.6456692913385826,1.0
TPRKB,0.38512211980383526,0.7007874015748031,1.0
DUSP11,-0.3952642137399307,0.10236220472440945,1.0
STAMBP,0.5471565783925145,0.13385826771653545,1.0
DGUOK,0.4773832827678852,0.07874015748031496,1.0
TET3,0.12419842260078973,0.6929133858267716,1.0
FNBP1P1,-1.25006031698876,0.12598425196850394,1.0
BOLA3,0.5060742356327532,0.12598425196850394,1.0
BOLA3-AS1,-0.9722476086270404,0.015748031496062992,1.0
MOB1A,-0.09993261140739662,0.6456692913385826,1.0
MTHFD2,0.5441021062664468,0.07086614173228346,1.0
DCTN1,0.06884321180792519,0.9133858267716536,1.0
WDR54,0.7743875383027374,0.6377952755905512,1.0
INO80B,1.3010569806332857,0.2755905511811024,1.0
MOGS,0.04879925245523076,0.8818897637795275,1.0
CCDC142,0.43422778676407026,0.6062992125984252,1.0
TTC31,0.04859755501278862,0.8976377952755905,1.0
LBX2-AS1,0.7879169005046462,0.3779527559055118,1.0
PCGF1,-0.5619193932218902,0.2047244094488189,1.0
AUP1,1.004976085668721,0.09448818897637795,1.0
HTRA2,-0.3072419508639681,0.6929133858267716,1.0
DOK1,-0.4150845181710947,0.4881889763779528,1.0
SEMA4F,0.5481599927125749,0.5669291338582677,1.0
HK2,-0.4563255047411907,0.4566929133858268,1.0
POLE4,0.2874386702164804,0.4015748031496063,1.0
MRPL19,0.9101197091186588,0.48031496062992124,1.0
GCFC2,0.06465929618463839,0.7795275590551181,1.0
AC005034.3,0.24538322179564576,0.7716535433070866,1.0
SUCLG1,0.14454515974873416,0.6141732283464567,1.0
DNAH6,0.32155114633776094,0.5905511811023622,1.0
TRABD2A,0.13099969974180858,0.8661417322834646,1.0
TMSB10,0.22399777379559005,0.6692913385826772,1.0
KCMF1,-0.012327768108231218,0.9291338582677166,1.0
AC093162.1,0.4789958544374362,0.6062992125984252,1.0
TGOLN2,0.03334742647827493,0.8818897637795275,1.0
RETSAT,-0.09265808551663213,0.7086614173228346,1.0
ELMOD3,0.4848481546189811,0.4409448818897638,1.0
CAPG,1.1529674801807719,0.11811023622047244,1.0
MAT2A,-0.12314025810012508,0.8582677165354331,1.0
GGCX,0.4667993273111559,0.36220472440944884,1.0
VAMP8,0.38411886937733986,0.23622047244094488,1.0
VAMP5,-0.12117688161991857,0.937007874015748,1.0
RNF181,0.2328207156865183,0.6692913385826772,1.0
TMEM150A,1.1068106870197028,0.031496062992125984,1.0
USP39,0.17729675724068894,0.6692913385826772,1.0
C2orf68,0.31961970221439717,0.4409448818897638,1.0
GNLY,1.4669151564389153,0.2992125984251969,1.0
ST3GAL5,-0.025070085856673252,0.8818897637795275,1.0
POLR1A,-0.0750190401929256,0.8740157480314961,1.0
PTCD3,-0.19704622654228388,0.49606299212598426,1.0
IMMT,0.47426049910447166,0.14173228346456693,1.0
MRPL35,-0.07513456911303429,0.9448818897637795,1.0
KDM3A,0.2587152407092379,0.07874015748031496,1.0
CHMP3,-0.29017151889165405,0.5118110236220472,1.0
AC015971.1,-0.8364269505594364,0.3858267716535433,1.0
RNF103,-0.4546390329782888,0.3543307086614173,1.0
RMND5A,-0.5489516962038881,0.015748031496062992,1.0
CD8A,0.07426143164942545,0.952755905511811,1.0
CD8B,-0.7379401144593061,0.3464566929133858,1.0
LINC01943,0.5359187910154963,0.5511811023622047,1.0
CYTOR,0.5675074512495124,0.5118110236220472,1.0
AC133644.2,-0.25186222630271526,0.5669291338582677,1.0
RGPD2,0.4111239248020051,0.5905511811023622,1.0
RNU2-63P,-0.6383126146939366,0.15748031496062992,1.0
KRCC1,-0.17241762233921065,0.6614173228346457,1.0
EIF2AK3,-0.28522142038826015,0.5590551181102362,1.0
AC062029.1,0.48511276461371255,0.5433070866141733,1.0
RPIA,0.45328529685293706,0.2204724409448819,1.0
ANKRD36BP2,0.2708328014222303,0.7637795275590551,1.0
IGKC,1.1535561943763977,0.3700787401574803,1.0
MAL,-0.23542969160069482,0.48031496062992124,1.0
MRPS5,-0.1594476973653718,0.6850393700787402,1.0
ZNF514,-0.006194025371730749,0.984251968503937,1.0
ZNF2,1.1620104232918125,0.11811023622047244,1.0
FAHD2A,-0.11799830019608404,0.7874015748031497,1.0
LINC00342,-0.16300088111619093,0.5669291338582677,1.0
ANKRD36C,0.09857553959167742,0.8267716535433071,1.0
DUSP2,0.13073911094562085,0.7322834645669292,1.0
STARD7,-0.03906165712545473,0.8740157480314961,1.0
TMEM127,0.08153434246217017,0.7007874015748031,1.0
CIAO1,-0.08818894602304272,0.7874015748031497,1.0
SNRNP200,0.41748519421933405,0.07086614173228346,1.0
ITPRIPL1,0.2518224482989577,0.4409448818897638,1.0
NCAPH,0.2598061575234416,0.5354330708661418,1.0
ARID5A,0.20874666907186246,0.8503937007874016,1.0
KANSL3,-0.12405053093267426,0.7322834645669292,1.0
LMAN2L,-0.5898726732338146,0.2755905511811024,1.0
CNNM4,0.5596153913108393,0.2755905511811024,1.0
CNNM3,-0.29938839335123735,0.44881889763779526,1.0
ANKRD23,0.2724195415129045,0.6850393700787402,1.0
ANKRD39,-0.08913640340420281,0.9606299212598425,1.0
SEMA4C,-0.9296751871841566,0.09448818897637795,1.0
FAHD2B,-0.9778762195420447,0.1732283464566929,1.0
ANKRD36,-0.7471756559379923,0.07086614173228346,1.0
ANKRD36B,0.14347072053827237,0.7637795275590551,1.0
COX5B,0.06743664791071069,0.84251968503937,1.0
ACTR1B,0.04930035443861591,0.8503937007874016,1.0
C2orf92,-0.7897361757230865,0.30708661417322836,1.0
ZAP70,0.021828054685656184,0.9763779527559056,1.0
TMEM131,-0.24899761051319214,0.25196850393700787,1.0
INPP4A,0.39240496365089417,0.4409448818897638,1.0
COA5,2.311440462957119,0.09448818897637795,1.0
UNC50,-0.13496255307799654,0.7401574803149606,1.0
MGAT4A,-0.23713854376464472,0.3543307086614173,1.0
AC109826.1,0.3237105497513264,0.48031496062992124,1.0
TSGA10,-0.14516268487698847,0.7480314960629921,1.0
AC019097.1,-2.2858941052250517,0.07086614173228346,1.0
LIPT1,0.4991168273603801,0.6141732283464567,1.0
MITD1,-0.019690158166781657,0.968503937007874,1.0
MRPL30,0.18526613495294608,0.5669291338582677,1.0
TXNDC9,-0.5965586557213967,0.47244094488188976,1.0
EIF5B,-0.03381618233427286,0.8976377952755905,1.0
REV1,-0.4490149729820949,0.09448818897637795,1.0
AFF3,-0.23739603333345416,0.7716535433070866,1.0
PDCL3,0.10368352316884089,0.5826771653543307,1.0
NPAS2,-0.6854556754454023,0.4645669291338583,1.0
RPL31,-0.07480732626998865,0.7480314960629921,1.0
TBC1D8,-0.13346165694612266,0.9212598425196851,1.0
CNOT11,0.5046394987579976,0.10236220472440945,1.0
RNF149,-0.05208334111247659,0.6692913385826772,1.0
MAP4K4,0.0008973345859741855,0.9921259842519685,1.0
IL1R2,1.1597917253541397,0.2204724409448819,1.0
IL1R1,1.1570700316674234,0.14173228346456693,1.0
IL1RL1,-0.2844920068562222,0.7401574803149606,1.0
IL18R1,-0.3719649517678585,0.4409448818897638,1.0
IL18RAP,-0.777004319982459,0.5826771653543307,1.0
MFSD9,-0.6162680956811242,0.31496062992125984,1.0
TMEM182,1.320587426611698,0.11811023622047244,1.0
MRPS9,0.03379700313368961,0.8976377952755905,1.0
TGFBRAP1,-0.2944864834721823,0.3937007874015748,1.0
AC012360.3,-1.376026318163646,0.11023622047244094,1.0
C2orf49,0.10654965163882935,0.905511811023622,1.0
FHL2,-0.45750705551607673,0.49606299212598426,1.0
NCK2,0.10444785849015226,0.7480314960629921,1.0
UXS1,-0.10136054849931497,0.7086614173228346,1.0
EEF1A1P12,0.01391760133582265,0.9921259842519685,1.0
GCC2,-0.0714144909396115,0.84251968503937,1.0
LIMS1,0.5124806212492246,0.1889763779527559,1.0
RANBP2,-0.04919715529630064,0.8740157480314961,1.0
CCDC138,0.09760056980547027,0.8031496062992126,1.0
EDAR,-0.19125846400134083,0.8346456692913385,1.0
SH3RF3,1.1719635134642004,0.031496062992125984,1.0
SEPT10,0.4696594608074014,0.5039370078740157,1.0
LINC00116,1.1665336712718615,0.16535433070866143,1.0
BUB1,0.36046915416107317,0.7401574803149606,1.0
BCL2L11,0.3375904503171556,0.13385826771653545,1.0
MIR4435-2HG,1.4063948419912027,0.05511811023622047,1.0
AC068491.4,0.4745044409234187,0.6062992125984252,1.0
AC017002.3,-0.4633721252250109,0.7480314960629921,1.0
ANAPC1,0.3376818685389207,0.28346456692913385,1.0
AC104651.1,0.40999595827592894,0.5748031496062992,1.0
TMEM87B,0.632074923166571,0.1889763779527559,1.0
FBLN7,0.4575810538685223,0.4330708661417323,1.0
AC092645.1,-0.663431855483013,0.33070866141732286,1.0
ZC3H8,-0.4003502097390683,0.29133858267716534,1.0
ZC3H6,-0.34250363997083166,0.047244094488188976,1.0
RGPD8,0.33513324474107864,0.6299212598425197,1.0
TTL,0.17694348109075353,0.6456692913385826,1.0
POLR1B,-0.7674942890244592,0.2204724409448819,1.0
CHCHD5,1.426065844565366,0.11811023622047244,1.0
AC079922.1,-0.7008284034518457,0.023622047244094488,1.0
AC079922.2,-0.30663423464733386,0.6377952755905512,1.0
SLC20A1,-0.37777642539220313,0.14173228346456693,1.0
IL1B,0.8661098118740584,0.5039370078740157,1.0
IL1RN,0.4271630404121063,0.7952755905511811,1.0
PSD4,0.354792572449699,0.25196850393700787,1.0
PAX8-AS1,0.7205615735022977,0.36220472440944884,1.0
CBWD2,-0.117972623267657,0.7795275590551181,1.0
WASH2P,0.7791037154530218,0.3700787401574803,1.0
RABL2A,-0.19414197894162655,0.6535433070866141,1.0
AL078621.1,-1.3072562636999168,0.015748031496062992,1.0
SLC35F5,0.419764723265446,0.49606299212598426,1.0
ACTR3,0.30549796143669283,0.11023622047244094,1.0
DDX18,-0.2187302680097618,0.28346456692913385,1.0
AC009404.1,-0.41684977859901773,0.4566929133858268,1.0
CCDC93,-0.29824039662720914,0.6692913385826772,1.0
AC009303.4,1.269378817892819,0.2125984251968504,1.0
INSIG2,-0.3393957696952219,0.4330708661417323,1.0
C2orf76,0.6982243511185069,0.41732283464566927,1.0
DBI,0.5031718484779226,0.031496062992125984,1.0
TMEM177,0.4787148716683767,0.5275590551181102,1.0
PTPN4,-0.6541392345771069,0.11023622047244094,1.0
EPB41L5,0.5490846856560285,0.48031496062992124,1.0
TMEM185B,-1.0979837565293131,0.06299212598425197,1.0
RALB,-0.08532609436785954,0.9606299212598425,1.0
CLASP1,0.18629898048901072,0.4566929133858268,1.0
RNU4ATAC,0.4738001590584524,0.6062992125984252,1.0
NIFK-AS1,-0.6160565152031312,0.1968503937007874,1.0
NIFK,0.3335049132406551,0.47244094488188976,1.0
TSN,-0.2182020190834555,0.6299212598425197,1.0
YWHAZP2,1.0909395398348478,0.13385826771653545,1.0
GYPC,0.12689376121046703,0.7874015748031497,1.0
BIN1,-0.06853669782718175,0.968503937007874,1.0
ERCC3,0.30348939555449395,0.5748031496062992,1.0
MAP3K2,0.007144828427686711,0.937007874015748,1.0
IWS1,0.02956709146126535,0.8740157480314961,1.0
WDR33,0.2352619143164132,0.25196850393700787,1.0
POLR2D,0.012598101438014098,0.9606299212598425,1.0
AMMECR1L,1.1500703223379887,0.36220472440944884,1.0
AC012306.2,-0.829252895444037,0.3779527559055118,1.0
SAP130,0.010591977447435674,0.9921259842519685,1.0
UGGT1,-0.06972128709173298,0.7874015748031497,1.0
AC079776.1,-0.21452427996361267,0.905511811023622,1.0
SMPD4,-1.0693335426792911,0.2125984251968504,1.0
MZT2B,0.051236679987329836,0.968503937007874,1.0
CCDC115,0.2230127761404379,0.6062992125984252,1.0
IMP4,0.2035541911798484,0.3937007874015748,1.0
PTPN18,0.6016473779047979,0.16535433070866143,1.0
FAM168B,-0.11323362993503228,0.7244094488188977,1.0
PLEKHB2,-0.027852671661906747,0.889763779527559,1.0
WTH3DI,0.0402494435744396,0.84251968503937,1.0
RHOQP2,-1.3517631204246519,0.11023622047244094,1.0
MZT2A,-0.3526419168774213,0.6850393700787402,1.0
AC073869.1,-0.16831154293413686,0.7244094488188977,1.0
MGAT5,0.19521359561759954,0.3779527559055118,1.0
CCNT2,-0.3367154893010147,0.2992125984251969,1.0
RAB3GAP1,0.12064203039921217,0.7244094488188977,1.0
ZRANB3,0.8216140916995387,0.1968503937007874,1.0
R3HDM1,0.5681866445809609,0.023622047244094488,1.0
UBXN4,0.15632994896582275,0.06299212598425197,1.0
MCM6,0.12564524761871532,0.7401574803149606,1.0
DARS,0.010017108050975665,0.9133858267716536,1.0
DARS-AS1,-0.9675652078827863,0.3543307086614173,1.0
CXCR4,-0.01566351002869837,0.9921259842519685,1.0
HNRNPKP2,-0.7996764644380745,0.16535433070866143,1.0
HNMT,-0.42066379715179947,0.7007874015748031,1.0
SPOPL,-0.1220686760370393,0.6850393700787402,1.0
KYNU,0.2573803335577589,0.9212598425196851,1.0
ARHGAP15,0.0943882185251157,0.8503937007874016,1.0
AC092652.3,0.554601634167766,0.4251968503937008,1.0
GTDC1,0.3478499994943913,0.16535433070866143,1.0
ZEB2,0.9173097573833315,0.18110236220472442,1.0
ACVR2A,-1.0897213095861873,0.05511811023622047,1.0
ORC4,-0.5613968871428536,0.1732283464566929,1.0
MBD5,-0.2967923570442057,0.3858267716535433,1.0
RPS29P8,0.11428668811899678,0.8110236220472441,1.0
EPC2,-0.3237898035408051,0.2204724409448819,1.0
KIF5C,-0.16876462581283125,0.7086614173228346,1.0
MMADHC,-0.5858398476914335,0.2204724409448819,1.0
RBM43,-0.6626585331420967,0.2125984251968504,1.0
NMI,0.0976874122964917,0.8976377952755905,1.0
RIF1,-0.19308568952302885,0.3937007874015748,1.0
NEB,-0.6901712282140211,0.33858267716535434,1.0
ARL5A,0.21183277271654877,0.6377952755905512,1.0
STAM2,-0.3541986520810818,0.2992125984251969,1.0
FMNL2,-0.5143674986726822,0.6377952755905512,1.0
PRPF40A,-0.26729753435189085,0.4566929133858268,1.0
ARL6IP6,-0.18196810598939894,0.6850393700787402,1.0
NR4A2,0.15777167373497214,0.8110236220472441,1.0
GPD2,-0.7643663247323538,0.03937007874015748,1.0
FAM133DP,-0.5423910075241452,0.3464566929133858,1.0
CYTIP,0.06879722372476671,0.7795275590551181,1.0
ACVR1C,-1.147935193761708,0.30708661417322836,1.0
ACVR1,0.754539467803097,0.10236220472440945,1.0
PKP4,0.42821339213474907,0.3543307086614173,1.0
TANC1,-0.3043194626973684,0.7322834645669292,1.0
BTF3L4P2,-0.687154288860789,0.4409448818897638,1.0
WDSUB1,-0.003026483409599212,1.0,1.0
BAZ2B,-0.4206311527654707,0.2047244094488189,1.0
MARCH7,-0.2710588948803272,0.5275590551181102,1.0
LY75,0.17428182292246586,0.4330708661417323,1.0
RBMS1,-0.06807529853657357,0.905511811023622,1.0
TANK,0.030227939610587562,0.9606299212598425,1.0
LINC01806,0.6436485179528508,0.3543307086614173,1.0
PSMD14,0.37238707753209166,0.23622047244094488,1.0
SLC4A10,-2.8859526122374466,0.031496062992125984,1.0
AC009487.2,-0.1883985480649315,0.84251968503937,1.0
DPP4,-0.887551986079564,0.08661417322834646,1.0
IFIH1,0.07685047840121229,0.8346456692913385,1.0
GCA,0.2786211551635098,0.4409448818897638,1.0
AC107075.1,-0.1599702139605199,0.8110236220472441,1.0
COBLL1,0.057591964223404846,0.968503937007874,1.0
GALNT3,0.7801665704609095,0.3543307086614173,1.0
TTC21B,0.02679920118254131,0.9606299212598425,1.0
STK39,0.49238048270264745,0.047244094488188976,1.0
CERS6,-0.19038281414277503,0.7952755905511811,1.0
FASTKD1,0.44115792307033397,0.905511811023622,1.0
PPIG,-0.10092132157936895,0.6535433070866141,1.0
CCDC173,-0.8995875650746474,0.25984251968503935,1.0
PHOSPHO2,0.1853841062532502,0.6456692913385826,1.0
KLHL23,-1.6755618520247113,0.07086614173228346,1.0
SSB,-0.25851888568967674,0.4409448818897638,1.0
METTL5,-0.1658451572544566,0.7086614173228346,1.0
UBR3,-0.45185884319790937,0.1889763779527559,1.0
EIF2S2P4,-0.4259525810848581,0.33858267716535434,1.0
GORASP2,0.1863750452866313,0.3464566929133858,1.0
TLK1,0.2203985963810311,0.3937007874015748,1.0
METTL8,0.15641052122440335,0.7952755905511811,1.0
DCAF17,-0.07906202883331659,0.7952755905511811,1.0
DAP3P2,-0.706660564721421,0.1968503937007874,1.0
AC007969.1,0.34361200401237824,0.5748031496062992,1.0
CYBRD1,-1.2455925533107806,0.08661417322834646,1.0
DYNC1I2,0.1854458325866215,0.6299212598425197,1.0
SLC25A12,1.3105419459358263,0.25196850393700787,1.0
HAT1,-0.27837818720946395,0.4645669291338583,1.0
METAP1D,0.2891728278849157,0.7401574803149606,1.0
ITGA6,-0.8182100637271121,0.09448818897637795,1.0
AC078883.3,1.333843831404018,0.031496062992125984,1.0
AC078883.1,0.31505867754651384,0.7952755905511811,1.0
PDK1,-0.02051181410058156,0.968503937007874,1.0
MAP3K20,-0.26616303048281065,0.8267716535433071,1.0
CDCA7,1.4854773523753502,0.05511811023622047,1.0
SP3,-0.04598658987866955,0.8267716535433071,1.0
OLA1,-0.018533994013195887,0.9448818897637795,1.0
CIR1,0.042957940587159626,0.8818897637795275,1.0
SCRN3,0.8501891348056287,0.48031496062992124,1.0
GPR155,-0.10893450016979322,0.6692913385826772,1.0
AC010894.5,0.09390959629327944,0.952755905511811,1.0
WIPF1,0.03544928628450528,0.7165354330708661,1.0
H3F3AP4,0.5635244401260557,0.12598425196850394,1.0
CHN1,0.894642774927807,0.29133858267716534,1.0
ATF2,0.03792134402578817,0.889763779527559,1.0
ATP5G3,0.35254419642092394,0.2677165354330709,1.0
LNPK,0.1544400609237062,0.5590551181102362,1.0
AC016739.1,0.19033642541889328,0.7401574803149606,1.0
MTX2,0.8014495552367578,0.6692913385826772,1.0
HNRNPA3,-0.07291033326309382,0.8110236220472441,1.0
NFE2L2,-0.09243998638115158,0.8346456692913385,1.0
AC019080.1,1.25228509436681,0.11023622047244094,1.0
AGPS,-0.6085899669234918,0.09448818897637795,1.0
RBM45,0.07772379166884802,0.8976377952755905,1.0
AC009948.1,0.46424682710704834,0.6456692913385826,1.0
PRKRA,-0.24482551609597802,0.1968503937007874,1.0
AC009948.2,-0.10470368254863605,0.8818897637795275,1.0
PLEKHA3,0.14159154126363127,0.952755905511811,1.0
TTN-AS1,-0.13478106977021875,0.7401574803149606,1.0
TTN,-0.040611326047256036,0.937007874015748,1.0
CCDC141,1.1437424105223306,0.25984251968503935,1.0
SESTD1,1.03987009618481,0.25196850393700787,1.0
CWC22,0.08974810381854503,0.6220472440944882,1.0
FTH1P20,-0.04718030351032709,0.8346456692913385,1.0
UBE2E3,0.4085834987549113,0.28346456692913385,1.0
LINC01934,-0.5754234827745459,0.4566929133858268,1.0
ITGA4,-0.036892321750315205,0.9448818897637795,1.0
CERKL,-0.15050917992698665,0.6535433070866141,1.0
SAP18P2,-0.6352952456059642,0.5590551181102362,1.0
SSFA2,0.16104169229095167,0.5433070866141733,1.0
DNAJC10,0.30084177947442914,0.2992125984251969,1.0
NCKAP1,1.9940775567801983,0.023622047244094488,1.0
NUP35,0.3148880987735492,0.7795275590551181,1.0
CACYBPP2,-0.5970619167575295,0.11023622047244094,1.0
ZC3H15,0.00996810893635569,0.9921259842519685,1.0
ITGAV,0.11312666578252673,0.8740157480314961,1.0
CALCRL,1.8442319000367955,0.05511811023622047,1.0
COL3A1,1.3757110710109348,0.3464566929133858,1.0
COL5A2,0.3812202910812623,0.6456692913385826,1.0
WDR75,-0.2162824802796237,0.33070866141732286,1.0
SLC40A1,-0.7492763998858871,0.36220472440944884,1.0
ASNSD1,-0.34983818090648633,0.3858267716535433,1.0
ANKAR,0.2799739899730769,0.7480314960629921,1.0
OSGEPL1,-0.49139879653518204,0.3937007874015748,1.0
ORMDL1,0.1430725084470197,0.5669291338582677,1.0
PMS1,0.42093449119595405,0.2677165354330709,1.0
HNRNPCP2,-0.02738308184240701,0.9133858267716536,1.0
HIBCH,0.06848567926974836,0.8740157480314961,1.0
INPP1,1.1374991443561804,0.29133858267716534,1.0
MFSD6,0.7634847983033488,0.031496062992125984,1.0
AC093388.1,-0.6910405167348938,0.41732283464566927,1.0
NEMP2,0.08921614662529942,0.7716535433070866,1.0
AC006460.2,0.39549776414533244,0.6692913385826772,1.0
NAB1,0.9124791052515571,0.14173228346456693,1.0
GLS,-0.21138143129258147,0.15748031496062992,1.0
STAT1,-0.2376046835618082,0.7716535433070866,1.0
STAT4,-0.0544633551915652,0.8031496062992126,1.0
MYO1B,-0.6725410681572832,0.3858267716535433,1.0
NABP1,0.025865236692243165,0.937007874015748,1.0
SLC39A10,0.45553055663267283,0.2204724409448819,1.0
STK17B,0.33238445601272915,0.07086614173228346,1.0
AC114760.2,0.8463317907866905,0.2992125984251969,1.0
HECW2,1.4331802516194876,0.03937007874015748,1.0
AC020571.1,0.9549067809126521,0.3937007874015748,1.0
GTF3C3,-0.2783142879074836,0.36220472440944884,1.0
PGAP1,-0.11437199471472592,0.952755905511811,1.0
ANKRD44,-0.2546627363301912,0.11811023622047244,1.0
AC013264.1,0.2377312535742666,0.8110236220472441,1.0
ANKRD44-IT1,-0.3710491962560927,0.6535433070866141,1.0
SF3B1,-0.18920986209447754,0.33858267716535434,1.0
COQ10B,0.43452826156850133,0.11811023622047244,1.0
HSPD1,0.08465548628488762,0.8346456692913385,1.0
HSPE1,-0.7366675823147961,0.41732283464566927,1.0
MOB4,0.00293418893437547,0.9921259842519685,1.0
RFTN2,-0.003599371050106992,1.0,1.0
MARS2,-0.8478793042860984,0.18110236220472442,1.0
PLCL1,-0.06895607942356552,0.8582677165354331,1.0
FTCDNL1,-0.21364488622394706,0.8031496062992126,1.0
C2orf69,-0.013207218592901526,0.968503937007874,1.0
TYW5,-0.6424339181938623,0.08661417322834646,1.0
MAIP1,0.34181937047641897,0.4251968503937008,1.0
SPATS2L,0.6234595681769122,0.2677165354330709,1.0
KCTD18,-0.022763117825030044,0.984251968503937,1.0
SGO2,0.47037857935032523,0.7637795275590551,1.0
BZW1,-0.02944784581156412,0.8031496062992126,1.0
CLK1,-0.07958737070623556,0.7322834645669292,1.0
PPIL3,-0.34520559502039916,0.29133858267716534,1.0
NIF3L1,-0.05699905771528524,0.889763779527559,1.0
ORC2,-0.6183869981580203,0.12598425196850394,1.0
FAM126B,0.303662754738264,0.6377952755905512,1.0
NDUFB3,0.1866536316334173,0.6929133858267716,1.0
CFLAR,0.03462253346512689,0.889763779527559,1.0
CASP10,0.5997019556520717,0.8188976377952756,1.0
CASP8,-0.17643026619758562,0.5196850393700787,1.0
ALS2CR12,-1.51880423358702,0.07874015748031496,1.0
TRAK2,0.23814606790340598,0.4094488188976378,1.0
STRADB,-0.3826106359699848,0.5196850393700787,1.0
TMEM237,0.012629131602488908,0.984251968503937,1.0
ALS2,1.0930659996415395,0.16535433070866143,1.0
FZD7,-0.5137469983808656,0.4881889763779528,1.0
SUMO1,-0.17858088427702068,0.6299212598425197,1.0
NOP58,-0.04070161539117034,0.9291338582677166,1.0
SNORD70,0.10244726080827204,0.905511811023622,1.0
SNORD11,0.6488014842982428,0.3700787401574803,1.0
AC064836.3,-0.23565455637934818,0.6929133858267716,1.0
BMPR2,0.3305047839125619,0.30708661417322836,1.0
FAM117B,-0.8358868141070355,0.047244094488188976,1.0
ICA1L,0.2700317942880488,0.84251968503937,1.0
WDR12,0.09091415181234552,0.6771653543307087,1.0
CARF,-0.914866116827449,0.031496062992125984,1.0
NBEAL1,-0.009549287875755486,0.9921259842519685,1.0
CYP20A1,0.09190511792682887,0.4330708661417323,1.0
ABI2,-0.35954781626948673,0.4015748031496063,1.0
CD28,0.1633882768511672,0.6299212598425197,1.0
CTLA4,1.0375542426817272,0.11811023622047244,1.0
ICOS,0.6531477426767847,0.09448818897637795,1.0
NRP2,0.3392215154901046,0.6850393700787402,1.0
INO80D,-0.3594082749533998,0.09448818897637795,1.0
NDUFS1,-0.09357641791867799,0.6850393700787402,1.0
EEF1B2,-0.09443436187430443,0.6299212598425197,1.0
ZDBF2,-0.2027062010604439,0.6771653543307087,1.0
ADAM23,-1.250177853095018,0.48031496062992124,1.0
FASTKD2,0.7192220214489531,0.6062992125984252,1.0
KLF7,0.9266948760909912,0.18110236220472442,1.0
CREB1,-0.19800991450940408,0.4015748031496063,1.0
METTL21A,-0.559140503847912,0.13385826771653545,1.0
CCNYL1,0.3673650065134013,0.3464566929133858,1.0
PLEKHM3,-0.3411090686214484,0.25984251968503935,1.0
IDH1,0.8386198304658525,0.3543307086614173,1.0
PIKFYVE,-0.26216557494197534,0.36220472440944884,1.0
RPE,0.4656817465095413,0.7716535433070866,1.0
KANSL1L,0.23130462782631955,0.8661417322834646,1.0
LANCL1,0.3615465862096272,0.08661417322834646,1.0
IKZF2,0.3468310899892062,0.7007874015748031,1.0
SPAG16,-0.03911656223661142,0.8976377952755905,1.0
BARD1,0.5653380209883019,0.13385826771653545,1.0
RPL10P6,1.252870409369056,0.7244094488188977,1.0
ATIC,0.0078588241015769,0.9921259842519685,1.0
FN1,0.029198495247874545,0.952755905511811,1.0
MREG,-0.050849711608147885,0.9606299212598425,1.0
PECR,0.4140432762941946,0.36220472440944884,1.0
TMEM169,-0.4335783496995096,0.5826771653543307,1.0
XRCC5,0.1520270615437802,0.5275590551181102,1.0
AC012513.3,0.647556064021682,0.44881889763779526,1.0
LINC01963,1.273576425392387,0.11023622047244094,1.0
SMARCAL1,2.254429228936547,0.015748031496062992,1.0
RPL37A,0.4568369121068354,0.015748031496062992,1.0
IGFBP5,-0.7942906573728128,0.6062992125984252,1.0
DIRC3,-0.35393679328172234,0.5905511811023622,1.0
ARPC2,0.2854468081518782,0.06299212598425197,1.0
AC021016.2,1.0181459051392214,0.031496062992125984,1.0
AAMP,0.014993789806484692,0.9606299212598425,1.0
PNKD,0.14273871458858345,0.7874015748031497,1.0
TMBIM1,0.11901255578035741,0.7401574803149606,1.0
AC021016.1,-0.7625945229627678,0.2440944881889764,1.0
SLC11A1,-0.19564013567402727,0.8582677165354331,1.0
CTDSP1,0.3796349661690934,0.047244094488188976,1.0
USP37,0.8122889517647378,0.5118110236220472,1.0
CNOT9,0.48657947612726016,0.07874015748031496,1.0
ZNF142,1.1795101125336045,0.13385826771653545,1.0
BCS1L,-0.6647450809325908,0.14173228346456693,1.0
RNF25,1.7750981844507003,0.06299212598425197,1.0
STK36,-0.2798792124211218,0.4566929133858268,1.0
TTLL4,-0.9213984588134796,0.15748031496062992,1.0
WNT10A,1.0675729265471792,0.023622047244094488,1.0
CNPPD1,0.739497608443819,0.031496062992125984,1.0
RETREG2,0.03489974725176381,0.9448818897637795,1.0
ZFAND2B,-0.32469198523270437,0.5590551181102362,1.0
ATG9A,0.005573134947965741,1.0,1.0
ANKZF1,-0.07710694899355008,0.84251968503937,1.0
STK16,0.38754667104273066,0.2125984251968504,1.0
TUBA4A,-0.527619402074202,0.5433070866141733,1.0
DNAJB2,-0.9964473296869958,0.11023622047244094,1.0
DNPEP,0.1447057404356178,0.7244094488188977,1.0
SPEG,-0.7148999237342649,0.4330708661417323,1.0
GMPPA,0.49788401069578736,0.5511811023622047,1.0
CHPF,0.27634683604464083,0.84251968503937,1.0
STK11IP,0.04059679031279906,0.9133858267716536,1.0
EPHA4,0.6120291476926267,0.30708661417322836,1.0
AC009302.1,-1.098771984812622,0.2283464566929134,1.0
HSPA9P1,0.13658858999582635,0.8740157480314961,1.0
SGPP2,0.9222139858050946,0.31496062992125984,1.0
FARSB,0.0010529236223000282,1.0,1.0
AC016712.1,-0.6723613936211521,0.14173228346456693,1.0
ACSL3,-0.23647118161302938,0.5433070866141733,1.0
AP1S3,0.48224952386129183,0.4645669291338583,1.0
WDFY1,-0.41746100630283234,0.14173228346456693,1.0
MRPL44,0.318628960211631,0.6377952755905512,1.0
SERPINE2,0.621646317152118,0.44881889763779526,1.0
CUL3,-0.2390770408731706,0.5275590551181102,1.0
DOCK10,0.20504123349980752,0.2283464566929134,1.0
IRS1,-0.8136395244566241,0.48031496062992124,1.0
RHBDD1,-0.0194335828042691,0.9133858267716536,1.0
MFF,-0.10279599764840608,0.5118110236220472,1.0
AGFG1,0.09087193645331837,0.7322834645669292,1.0
CCL20,-0.17576726073159588,0.7952755905511811,1.0
TRIP12,-0.10626166444688767,0.8346456692913385,1.0
FBXO36,-0.4405028198764209,0.5433070866141733,1.0
SP110,0.2410922471366037,0.4094488188976378,1.0
SP140,-0.06460465887495559,0.7795275590551181,1.0
SP140L,-0.04941378569967636,0.7244094488188977,1.0
SP100,-0.1867757050461858,0.5905511811023622,1.0
TPM3P8,-0.4216163141129403,0.6377952755905512,1.0
CAB39,0.07839077805289296,0.8188976377952756,1.0
ITM2C,-0.0067542625116825405,0.9763779527559056,1.0
COX20P2,0.3334824149357589,0.7165354330708661,1.0
PSMD1,0.21923534968488845,0.3858267716535433,1.0
AC018738.1,-0.42771732798503725,0.8582677165354331,1.0
ZBTB8OSP2,0.6736016941724223,0.4251968503937008,1.0
NCL,-0.09233679071424561,0.2755905511811024,1.0
PTMA,-0.1772036758069664,0.5433070866141733,1.0
PDE6D,0.46188876203683193,0.05511811023622047,1.0
COPS7B,-0.49795322795225516,0.05511811023622047,1.0
DIS3L2,-0.23723045618301697,0.47244094488188976,1.0
TIGD1,-0.45752288557782217,0.5354330708661418,1.0
EIF4E2,0.01603056875883535,0.84251968503937,1.0
GIGYF2,0.029303056711752262,0.8818897637795275,1.0
INPP5D,-0.1742054971940039,0.2204724409448819,1.0
ATG16L1,-0.2430404961412167,0.4330708661417323,1.0
DGKD,0.05249225026849391,0.9291338582677166,1.0
USP40,0.44517877327164257,0.6299212598425197,1.0
LINC01891,-0.18054519787606882,0.8346456692913385,1.0
ARL4C,0.24734203541695265,0.33070866141732286,1.0
AGAP1,-0.06509592118923124,0.9448818897637795,1.0
ACKR3,-0.21168498135198455,0.8346456692913385,1.0
COPS8,0.019460574488808113,0.9606299212598425,1.0
COL6A3,2.2538561374375727,0.015748031496062992,1.0
LRRFIP1,0.02632724611357773,0.8661417322834646,1.0
RBM44,-0.3164203912626251,0.6929133858267716,1.0
UBE2F,0.22711874964775536,0.4094488188976378,1.0
SCLY,0.341972611551668,0.6535433070866141,1.0
ILKAP,0.2678412110958184,0.7244094488188977,1.0
PER2,-0.7076026539712088,0.06299212598425197,1.0
TRAF3IP1,-0.14095507642287508,0.7480314960629921,1.0
ASB1,0.15627348532110963,0.7007874015748031,1.0
HDAC4,0.7909715756835034,0.1968503937007874,1.0
NDUFA10,-0.09453572812419964,0.7244094488188977,1.0
COPS9,0.255641638169414,0.3700787401574803,1.0
ANKMY1,-0.8704748116504133,0.031496062992125984,1.0
DUSP28,-0.17342116186383683,0.48031496062992124,1.0
RNPEPL1,0.35403331031692975,0.6850393700787402,1.0
CAPN10-AS1,-1.6048033245358149,0.08661417322834646,1.0
CAPN10,-0.18815505255487142,0.7795275590551181,1.0
SNED1,1.0330416871225072,0.18110236220472442,1.0
MTERF4,0.06940488071316153,0.8818897637795275,1.0
PASK,1.1223565075519266,0.10236220472440945,1.0
PPP1R7,0.4717236991576632,0.07874015748031496,1.0
HDLBP,0.24050903920835154,0.5354330708661418,1.0
SEPT2,0.20732980498875353,0.23622047244094488,1.0
FARP2,0.7697985708559476,0.5118110236220472,1.0
STK25,0.525380712620299,0.07086614173228346,1.0
THAP4,0.6761714217941526,0.1968503937007874,1.0
ATG4B,0.0007562159390417378,0.9921259842519685,1.0
DTYMK,-0.04005069926376903,0.9448818897637795,1.0
ING5,-0.48334547485631507,0.08661417322834646,1.0
D2HGDH,-0.1811353897823449,0.937007874015748,1.0
AC131097.3,-1.417975501447852,0.23622047244094488,1.0
PDCD1,0.22474098715890012,0.8188976377952756,1.0
RTP5,-1.0042348456125687,0.2755905511811024,1.0
LINC01881,0.01873406975729397,0.968503937007874,1.0
TRNT1,0.16669440932061974,0.7559055118110236,1.0
CRBN,-0.06610337960128732,0.7952755905511811,1.0
SUMF1,0.643985997275971,0.1968503937007874,1.0
SETMAR,0.8931308526131958,0.10236220472440945,1.0
ITPR1,-0.4866009124511086,0.1889763779527559,1.0
EGOT,0.05840165033507905,0.905511811023622,1.0
AC018816.1,0.9301175951175313,0.2755905511811024,1.0
BHLHE40-AS1,1.3665723396571652,0.18110236220472442,1.0
BHLHE40,-0.09036541598072656,0.8267716535433071,1.0
ARL8B,0.20619062397159915,0.2440944881889764,1.0
EDEM1,0.05196587695206123,0.8582677165354331,1.0
MRPS36P1,0.6999053844576846,0.3779527559055118,1.0
LMCD1,1.252433523140774,0.11023622047244094,1.0
RAD18,0.31618791392525214,0.4330708661417323,1.0
SRGAP3,1.1747889752080023,0.14960629921259844,1.0
THUMPD3-AS1,-0.6183926868891243,0.2283464566929134,1.0
THUMPD3,0.34544982113545064,0.4645669291338583,1.0
SETD5,-0.2584301139679628,0.12598425196850394,1.0
MTMR14,0.39737690203554576,0.3779527559055118,1.0
BRPF1,-0.7847842446442677,0.09448818897637795,1.0
OGG1,0.06887294104799713,0.8818897637795275,1.0
TADA3,0.6549826832495356,0.2755905511811024,1.0
ARPC4,0.4127353372745155,0.5826771653543307,1.0
TTLL3,-0.0047728857836240035,1.0,1.0
RPUSD3,1.3326686734743154,0.07874015748031496,1.0
JAGN1,-0.5424996884813913,0.4094488188976378,1.0
IL17RE,-0.9915622087395786,0.1968503937007874,1.0
IL17RC,-0.8936710640161868,0.44881889763779526,1.0
CRELD1,0.2505172097162385,0.8110236220472441,1.0
PRRT3,1.494094000494365,0.06299212598425197,1.0
AC018809.2,0.40216615642540954,0.5748031496062992,1.0
EMC3,0.08362050510124241,0.7401574803149606,1.0
CIDECP,0.028755042872471215,0.9212598425196851,1.0
FANCD2,0.30888707740500276,0.5196850393700787,1.0
BRK1,0.1205958744466793,0.6377952755905512,1.0
VHL,-0.3146486695938808,0.4409448818897638,1.0
IRAK2,-0.4194281164793865,0.6062992125984252,1.0
TATDN2,-0.11172023795689157,0.6692913385826772,1.0
LINC00852,0.36906421173874504,0.3228346456692913,1.0
SEC13,0.04091621963483938,0.889763779527559,1.0
ATG7,-0.5038339356667694,0.4015748031496063,1.0
VGLL4,-0.1918008542247942,0.7637795275590551,1.0
TAMM41,-0.0052136900800165975,0.9921259842519685,1.0
PPARG,2.0753268089950545,0.015748031496062992,1.0
TSEN2,-0.9612784591609214,0.29133858267716534,1.0
MKRN2,-0.6127921032104466,0.10236220472440945,1.0
RAF1,-0.28955885891567323,0.2755905511811024,1.0
RPL32,-0.19097165306887476,0.2283464566929134,1.0
IQSEC1,-0.37099729409669546,0.15748031496062992,1.0
NUP210,0.27227048116948627,0.5984251968503937,1.0
HDAC11,-0.1972205830174285,0.8818897637795275,1.0
FBLN2,-0.1027216707994425,0.8267716535433071,1.0
WNT7A,0.3151486033520352,0.7165354330708661,1.0
CHCHD4,0.15096192121781682,0.7401574803149606,1.0
TMEM43,0.04789771413681443,0.889763779527559,1.0
XPC,-0.151647023617425,0.7716535433070866,1.0
LSM3,0.17839813093467427,0.5748031496062992,1.0
SLC6A6,0.4275373213941869,0.28346456692913385,1.0
CCDC174,-0.14115592501585184,0.28346456692913385,1.0
FGD5-AS1,-0.23078704406108574,0.2677165354330709,1.0
NR2C2,-0.21594333249332465,0.4566929133858268,1.0
MRPS25,0.004747393007064282,0.9763779527559056,1.0
RBSN,0.5739723970783799,0.15748031496062992,1.0
CAPN7,-0.2820950200663539,0.3858267716535433,1.0
SH3BP5-AS1,-0.2130916966962193,0.6299212598425197,1.0
SH3BP5,0.7010138959989949,0.31496062992125984,1.0
METTL6,0.9824833032634985,0.25196850393700787,1.0
EAF1,0.29635109865951836,0.6141732283464567,1.0
HACL1,1.020507640304528,0.2440944881889764,1.0
BTD,-0.08166676781984439,0.8582677165354331,1.0
ANKRD28,0.11124704701899546,0.6062992125984252,1.0
DPH3,0.23351107902665458,0.6692913385826772,1.0
OXNAD1,0.06443898308519458,0.8661417322834646,1.0
RFTN1,0.480541995039502,0.1889763779527559,1.0
AC090948.1,1.02679171629048,0.15748031496062992,1.0
AC090948.2,-0.08170803432542084,0.952755905511811,1.0
AC090948.3,0.45255075087502705,0.7007874015748031,1.0
PLCL2,0.04209142090177398,0.8976377952755905,1.0
TBC1D5,0.11685295322978195,0.4645669291338583,1.0
AC104297.1,-0.19665131109282297,0.8267716535433071,1.0
SATB1,0.07316809587980622,0.7874015748031497,1.0
SATB1-AS1,-0.14469993122088454,0.7480314960629921,1.0
RAB5A,-0.42970535641690066,0.13385826771653545,1.0
KAT2B,0.1230578245265237,0.6220472440944882,1.0
SGO1,0.8056859020727236,0.29133858267716534,1.0
HMGB1P5,-0.13028747632072069,0.5511811023622047,1.0
UBE2E2,-0.967996917509242,0.12598425196850394,1.0
UBE2E1,-0.1155973770635077,0.6929133858267716,1.0
NKIRAS1,-0.5409131982953346,0.3228346456692913,1.0
RPL15,0.1730377712157587,0.2125984251968504,1.0
NR1D2,-0.6908079898839548,0.08661417322834646,1.0
TOP2B,-0.20970065877904354,0.1889763779527559,1.0
NGLY1,-0.666187524662484,0.11811023622047244,1.0
OXSM,0.27834630271222327,0.6692913385826772,1.0
NEK10,0.06521078242005118,0.9291338582677166,1.0
SLC4A7,0.17378939352952294,0.49606299212598426,1.0
AC098614.1,-0.6067060499160366,0.4015748031496063,1.0
LINC02084,-1.7527585264307675,0.11811023622047244,1.0
EOMES,-0.5140589998441509,0.3937007874015748,1.0
CMC1,0.36863500693743667,0.7165354330708661,1.0
AZI2,-0.897530251086422,0.2047244094488189,1.0
RBMS3,-0.19782786520167028,0.8267716535433071,1.0
TGFBR2,-0.2554460569638115,0.3858267716535433,1.0
AC096921.2,1.037109710503679,0.10236220472440945,1.0
THRAP3P1,0.18076773310362793,0.8582677165354331,1.0
STT3B,-0.029967709242828988,0.8818897637795275,1.0
GPD1L,0.4789444755672365,0.8740157480314961,1.0
CMTM8,-0.09397682997726786,0.6535433070866141,1.0
CMTM7,0.1309401065088016,0.6141732283464567,1.0
CMTM6,0.15434756274347983,0.6299212598425197,1.0
AC104306.1,0.09869189258109246,0.9763779527559056,1.0
DYNC1LI1,-0.4475923322325519,0.29133858267716534,1.0
RPL30P4,-0.4261331610794974,0.015748031496062992,1.0
CNOT10,0.4348353621744563,0.08661417322834646,1.0
CCR4,0.6508798869631232,0.4251968503937008,1.0
GLB1,0.059357458894202964,0.9291338582677166,1.0
CRTAP,0.06758939569710254,0.6535433070866141,1.0
UBP1,-0.053401824984683266,0.8267716535433071,1.0
CLASP2,-0.17548188108388008,0.5748031496062992,1.0
PDCD6IP,0.18758211711940653,0.5511811023622047,1.0
AC105749.1,-1.073872517748463,0.2755905511811024,1.0
TRANK1,0.17101510386577967,0.5275590551181102,1.0
EPM2AIP1,0.12947848946457796,0.7637795275590551,1.0
MLH1,0.5382551467523795,0.18110236220472442,1.0
RPL29P11,0.87380668381917,0.3543307086614173,1.0
LRRFIP2,-0.35214558383787953,0.6456692913385826,1.0
GOLGA4,-0.31455602932555315,0.33070866141732286,1.0
TCEA1P2,0.2129886233447964,0.15748031496062992,1.0
CTDSPL,-1.6392234681351594,0.031496062992125984,1.0
VILL,0.31016508074398796,0.4881889763779528,1.0
PLCD1,1.1758844597936924,0.09448818897637795,1.0
ACAA1,-0.2820941244768993,0.7952755905511811,1.0
MYD88,0.002732405422420925,1.0,1.0
OXSR1,0.41536550514466786,0.16535433070866143,1.0
ACVR2B,-0.28406821880472144,0.5511811023622047,1.0
EXOG,0.8218613290070076,0.5590551181102362,1.0
WDR48,0.21117972973693178,0.5905511811023622,1.0
GORASP1,-0.050334754520731106,0.952755905511811,1.0
CSRNP1,0.1740737460620263,0.7007874015748031,1.0
CX3CR1,0.29007960671035016,0.6535433070866141,1.0
CCR8,0.6561349328556747,0.6299212598425197,1.0
HNRNPA1P21,1.5116997621988455,0.11023622047244094,1.0
SLC25A38,-0.3639550034271961,0.07086614173228346,1.0
RPSA,0.08706289209438012,0.7874015748031497,1.0
EIF1B,0.05925461757916928,0.6850393700787402,1.0
ENTPD3-AS1,-0.49553939087392207,0.1968503937007874,1.0
RPL14,-0.3158813557097986,0.15748031496062992,1.0
RNU5B-2P,0.2316462409154385,0.7401574803149606,1.0
ZNF620,0.0243165808360144,1.0,1.0
ZNF621,0.3612066727440615,0.5590551181102362,1.0
AC099560.2,-0.16576749397424884,0.48031496062992124,1.0
CTNNB1,-0.25486685555951283,0.4330708661417323,1.0
ULK4,0.10427613065879804,0.8110236220472441,1.0
TRAK1,-0.033065333697113175,0.8976377952755905,1.0
AC092047.1,-0.757627449872329,0.07874015748031496,1.0
VIPR1,-0.22496111114639517,0.7952755905511811,1.0
SEC22C,-0.17724920917616593,0.5354330708661418,1.0
SS18L2,0.19479343419202166,0.48031496062992124,1.0
NKTR,-0.13935337224129718,0.5196850393700787,1.0
HIGD1A,0.24061413613248384,0.6771653543307087,1.0
ZNF662,0.10119645381880527,0.952755905511811,1.0
POMGNT2,-0.6076111730672569,0.5354330708661418,1.0
SNRK,-0.4725924138878117,0.2047244094488189,1.0
ANO10,1.0824317172576072,0.2677165354330709,1.0
ABHD5,-1.2136925432568204,0.15748031496062992,1.0
TCAIM,0.34588262486868215,0.47244094488188976,1.0
ZNF445,0.182577305583552,0.6929133858267716,1.0
ZNF852,-0.6614090759272087,0.48031496062992124,1.0
ZKSCAN7,-0.8342903381962012,0.25196850393700787,1.0
ZNF197,-0.6468772480350529,0.36220472440944884,1.0
ZNF502,-0.3999498480879091,0.5118110236220472,1.0
KIAA1143,-0.09398949673528367,0.6929133858267716,1.0
TMEM42,-0.3951893267454487,0.41732283464566927,1.0
ZDHHC3,0.4234157195544972,0.023622047244094488,1.0
EXOSC7,-0.2987287440467563,0.5511811023622047,1.0
RPS24P8,-1.4188903289717683,0.023622047244094488,1.0
LARS2,0.9654865216142092,0.15748031496062992,1.0
LIMD1,1.1981309685645263,0.11811023622047244,1.0
SACM1L,-0.2212521034358561,0.29133858267716534,1.0
LZTFL1,0.30608232336965413,0.7952755905511811,1.0
FYCO1,0.0504228025416289,0.937007874015748,1.0
CXCR6,0.19942202820970856,0.44881889763779526,1.0
CCR1,0.7123974431786011,0.5748031496062992,1.0
CCR2,-0.5360563526313382,0.6929133858267716,1.0
CCR5,0.2829810580974028,0.6062992125984252,1.0
CCRL2,0.9071858185258168,0.11023622047244094,1.0
LTF,-0.25247986688993596,0.9606299212598425,1.0
LRRC2,0.35407779405739914,0.5748031496062992,1.0
ALS2CL,-0.10642318179287136,0.9212598425196851,1.0
CCDC12,0.0910011100068795,0.8031496062992126,1.0
NBEAL2,0.7294629979214267,0.15748031496062992,1.0
SETD2,0.054273165848544025,0.7244094488188977,1.0
KIF9,0.4201839031488128,0.6062992125984252,1.0
KLHL18,-0.10290172551511656,0.8267716535433071,1.0
AC099778.1,-0.5517710808901107,0.4881889763779528,1.0
PTPN23,0.20015631161009662,0.6062992125984252,1.0
SCAP,0.4475866328187008,0.23622047244094488,1.0
ELP6,0.37293757288829754,0.2677165354330709,1.0
SMARCC1,0.0909723120653112,0.6771653543307087,1.0
DHX30,0.23288935272535127,0.7480314960629921,1.0
MAP4,0.14162155803500642,0.5118110236220472,1.0
NDUFB1P1,-0.3377252151650101,0.4409448818897638,1.0
ZNF589,-0.24113350789266796,0.5826771653543307,1.0
FCF1P2,0.3287547861801241,0.5984251968503937,1.0
NME6,0.41383685490804334,0.7559055118110236,1.0
PLXNB1,1.6770545248107598,0.023622047244094488,1.0
CCDC51,0.34164403651466557,0.5590551181102362,1.0
TMA7,0.04123822270195987,0.952755905511811,1.0
SHISA5,0.19936428052151278,0.3937007874015748,1.0
UQCRC1,-0.030115392154322684,0.9448818897637795,1.0
SLC26A6,1.6733022316890047,0.015748031496062992,1.0
CELSR3,0.15243548821932285,0.9212598425196851,1.0
NCKIPSD,0.3174962540759436,0.7244094488188977,1.0
IP6K2,0.2604509414599052,0.8031496062992126,1.0
PRKAR2A,0.28682356589792857,0.4015748031496063,1.0
SLC25A20,-0.2844556471715034,0.6850393700787402,1.0
ARIH2OS,1.1187080410952808,0.18110236220472442,1.0
ARIH2,0.11479029112771943,0.7322834645669292,1.0
P4HTM,0.25762635985003923,0.8582677165354331,1.0
WDR6,0.708868055523612,0.2125984251968504,1.0
DALRD3,0.5968243191992331,0.5039370078740157,1.0
NDUFAF3,1.2159307119879328,0.015748031496062992,1.0
IMPDH2,-0.27963623781848845,0.1968503937007874,1.0
QRICH1,-0.2291035122941567,0.10236220472440945,1.0
QARS,0.16520380936202894,0.3543307086614173,1.0
USP19,-0.1338232603535472,0.7007874015748031,1.0
LAMB2,-0.23719010129905915,0.905511811023622,1.0
CCDC71,-1.0612123516941256,0.18110236220472442,1.0
C3orf62,0.12878284248320204,0.7007874015748031,1.0
USP4,0.5128295353698826,0.2992125984251969,1.0
GPX1,0.9314145325070857,0.3700787401574803,1.0
RHOA,0.4580510770872728,0.18110236220472442,1.0
TCTA,-0.17568887458754112,0.5748031496062992,1.0
DAG1,1.096473052051239,0.1889763779527559,1.0
APEH,0.21825755761783405,0.6062992125984252,1.0
GMPPB,1.6643061146429936,0.015748031496062992,1.0
IP6K1,-0.17950465499577195,0.8740157480314961,1.0
UBA7,-0.30100288805813413,0.7086614173228346,1.0
MON1A,0.8362924346676361,0.13385826771653545,1.0
RBM6,0.12252652278052345,0.6299212598425197,1.0
RBM5,0.014090163277226786,0.8976377952755905,1.0
GNAI2,0.1467343144200104,0.8503937007874016,1.0
NAT6,0.19551666060914652,0.6299212598425197,1.0
HYAL2,0.8098993811595363,0.31496062992125984,1.0
TUSC2,0.883281722254253,0.023622047244094488,1.0
RASSF1,-0.2527465577216539,0.4881889763779528,1.0
NPRL2,0.3868589361067545,0.7637795275590551,1.0
CYB561D2,0.18549193046196333,0.7795275590551181,1.0
TMEM115,0.7104779776074612,0.4645669291338583,1.0
C3orf18,0.3185672663592676,0.7165354330708661,1.0
HEMK1,1.0714223096679172,0.2047244094488189,1.0
CISH,-0.057123548495925824,0.9133858267716536,1.0
MAPKAPK3,0.28054936101223493,0.3464566929133858,1.0
LINC02019,0.852108411398418,0.25984251968503935,1.0
MANF,0.28387562605925076,0.3858267716535433,1.0
RBM15B,-0.23049164474548967,0.3779527559055118,1.0
DCAF1,-0.1264529037182438,0.7007874015748031,1.0
RAD54L2,0.5060937562156713,0.07874015748031496,1.0
TEX264,1.3522839425263156,0.05511811023622047,1.0
RRP9,0.5052838274872626,0.6062992125984252,1.0
PARP3,0.2595549890993567,0.5905511811023622,1.0
PCBP4,0.13957100176411608,0.937007874015748,1.0
ABHD14B,0.06289097816884492,0.8031496062992126,1.0
ABHD14A,0.4685700643387376,0.023622047244094488,1.0
RPL29,0.05361053825284756,0.9212598425196851,1.0
DUSP7,-0.5241744297212718,0.4015748031496063,1.0
ALAS1,0.46710479674507654,0.36220472440944884,1.0
TWF2,-0.3835645487273944,0.7637795275590551,1.0
PPM1M,-0.031938346524285066,0.952755905511811,1.0
WDR82,0.07636212884925797,0.7874015748031497,1.0
GLYCTK,2.424875721765853,0.015748031496062992,1.0
DNAH1,0.26621470270053926,0.7322834645669292,1.0
AC092045.1,0.2988926823603819,0.2047244094488189,1.0
BAP1,0.3087089132092231,0.4881889763779528,1.0
PHF7,0.35166830653663284,0.6850393700787402,1.0
NISCH,0.503045750212384,0.4015748031496063,1.0
NT5DC2,0.9458501999167679,0.25984251968503935,1.0
SMIM4,0.3268330243554938,0.7086614173228346,1.0
PBRM1,0.41263083747883655,0.06299212598425197,1.0
GNL3,-0.22966565559127705,0.3937007874015748,1.0
GLT8D1,-0.5658299620892637,0.1968503937007874,1.0
SPCS1,0.34498099616576905,0.33070866141732286,1.0
NEK4,-0.04233497752230608,0.952755905511811,1.0
ITIH4,0.1625957017199482,0.8346456692913385,1.0
SFMBT1,-0.15436887152681855,0.47244094488188976,1.0
RFT1,0.03452722864733193,0.9606299212598425,1.0
PRKCD,0.507387306761923,0.13385826771653545,1.0
TKT,-0.025796441919060165,0.905511811023622,1.0
DCP1A,-0.2871394674426053,0.11811023622047244,1.0
SNORD63,-0.9620642512716742,0.1889763779527559,1.0
CHDH,0.5696388032057798,0.44881889763779526,1.0
IL17RB,0.5138981335537065,0.6062992125984252,1.0
AC012467.2,0.2319890645206104,0.7952755905511811,1.0
ACTR8,0.2595059274792333,0.5275590551181102,1.0
SELENOK,0.4542178277082609,0.3543307086614173,1.0
CCDC66,-0.09322151802735945,0.7559055118110236,1.0
FAM208A,0.08685948851573322,0.7559055118110236,1.0
ARHGEF3,0.3528941027441297,0.15748031496062992,1.0
APPL1,-0.19092248700028147,0.2992125984251969,1.0
ASB14,1.5269789074507136,0.11811023622047244,1.0
RNF7P1,-0.2462438258961146,0.7716535433070866,1.0
PDE12,-0.9211236377553567,0.12598425196850394,1.0
ARF4,-0.09147313297172754,0.7086614173228346,1.0
DENND6A,-0.3127942873552376,0.2440944881889764,1.0
SLMAP,0.20831774399355396,0.3858267716535433,1.0
FLNB,0.4138043045306632,0.4251968503937008,1.0
ABHD6,1.1165998791386254,0.031496062992125984,1.0
RPP14,-0.3909448324503568,0.5118110236220472,1.0
PXK,-0.14623919160938037,0.5590551181102362,1.0
PDHB,0.33981901352830324,0.14960629921259844,1.0
KCTD6,0.4437275280799673,0.5354330708661418,1.0
FHIT,0.3045825397663591,0.7874015748031497,1.0
RPL10AP6,-0.25586772645614,0.10236220472440945,1.0
C3orf14,0.42759728246046746,0.6929133858267716,1.0
THOC7,0.14673460022466234,0.6535433070866141,1.0
ATXN7,-0.21422933654603682,0.3228346456692913,1.0
PSMD6,0.10537412592223117,0.8031496062992126,1.0
SLC25A26,1.4373125263288618,0.06299212598425197,1.0
LRIG1,-0.4967173175247215,0.2125984251968504,1.0
KBTBD8,0.7541296042648269,0.07874015748031496,1.0
SUCLG2,-0.2503661382319473,0.1889763779527559,1.0
SUCLG2-AS1,0.37925280524119764,0.6141732283464567,1.0
PSMC1P1,-0.21085503360832192,0.7322834645669292,1.0
EOGT,0.1743793946511092,0.6299212598425197,1.0
TMF1,-0.05877255061558184,0.6220472440944882,1.0
UBA3,0.32934119467263123,0.5984251968503937,1.0
ARL6IP5,0.30004860353812646,0.36220472440944884,1.0
FRMD4B,0.4558213735558594,0.29133858267716534,1.0
FOXP1,-0.13223199254978724,0.5118110236220472,1.0
EIF4E3,0.20118789185122132,0.6141732283464567,1.0
GPR27,-0.9424304672428203,0.2125984251968504,1.0
PROK2,1.2641338644825886,0.13385826771653545,1.0
RYBP,-0.21519210195370064,0.5511811023622047,1.0
SHQ1,-0.27505531040161424,0.3858267716535433,1.0
AC134050.1,-0.32472457769412977,0.6220472440944882,1.0
FTH1P23,0.4416075699444928,0.6220472440944882,1.0
PPP4R2,-0.11814125571849488,0.5511811023622047,1.0
EBLN2,-0.3619083812938131,0.6692913385826772,1.0
HNRNPA3P6,0.34334694442103153,0.1968503937007874,1.0
FAM86DP,0.6064919946364749,0.4645669291338583,1.0
ZNF717,0.32650817916772645,0.6692913385826772,1.0
AC026877.1,-0.026294064912659953,0.9606299212598425,1.0
GBE1,0.5053338813261208,0.25984251968503935,1.0
CHMP2B,0.3246234187792014,0.3228346456692913,1.0
CGGBP1,-0.05684762495928908,0.7480314960629921,1.0
ZNF654,-0.23072070306821058,0.3700787401574803,1.0
C3orf38,-0.5500934555658406,0.30708661417322836,1.0
ARL13B,0.3099799805042611,0.023622047244094488,1.0
DHFR2,0.24990116779532023,0.8110236220472441,1.0
NSUN3,-0.45338725520716316,0.33858267716535434,1.0
HNRNPKP4,-0.5696867451062251,0.14173228346456693,1.0
MTRNR2L12,-0.7680648926128812,0.41732283464566927,1.0
ARL6,-0.3920512602252817,0.7795275590551181,1.0
CRYBG3,0.9002386906508921,0.25984251968503935,1.0
RIOX2,-0.8587058687342637,0.13385826771653545,1.0
CLDND1,0.08918976274686585,0.49606299212598426,1.0
CPOX,0.7781125861931839,0.6771653543307087,1.0
GPR15,0.24897577389377012,0.8267716535433071,1.0
WWP1P1,0.22163381024188222,0.5354330708661418,1.0
CMSS1,-0.6363365604501943,0.16535433070866143,1.0
FILIP1L,1.2415007960829907,0.18110236220472442,1.0
TBC1D23,0.0023518757099871834,1.0,1.0
NIT2,0.09837195940113208,0.6535433070866141,1.0
TOMM70,-0.16915412950383235,0.41732283464566927,1.0
TFG,0.1543474413996231,0.4881889763779528,1.0
SENP7,0.10678345620659968,0.3779527559055118,1.0
AC110994.2,-0.17213884989276185,0.889763779527559,1.0
FAM172BP,-0.16734057880895192,0.8267716535433071,1.0
TRMT10C,-0.41542520895126156,0.1968503937007874,1.0
PCNP,-0.2935519352379474,0.15748031496062992,1.0
AC073861.1,-0.23029084168308778,0.7874015748031497,1.0
ZBTB11,-0.30118328990058085,0.18110236220472442,1.0
RPL24,-0.08845323110718262,0.6220472440944882,1.0
CEP97,0.5765992432901879,0.07874015748031496,1.0
NXPE3,0.2236302883851904,0.5039370078740157,1.0
NFKBIZ,-0.11799653554616096,0.6850393700787402,1.0
ALCAM,-0.17879898537968453,0.5354330708661418,1.0
CBLB,-0.5899025342674147,0.05511811023622047,1.0
BBX,-0.11018529846044878,0.6062992125984252,1.0
CD47,-0.1831810831126237,0.30708661417322836,1.0
LINC01215,0.7825749581253651,0.2283464566929134,1.0
IFT57,0.7122809964348864,0.3937007874015748,1.0
CIP2A,0.052563941637290945,0.937007874015748,1.0
DZIP3,0.47978778759200313,0.3464566929133858,1.0
TRAT1,-0.04071036606696321,0.905511811023622,1.0
NECTIN3,-1.14030914890667,0.031496062992125984,1.0
CD96,-0.26817625356141583,0.33858267716535434,1.0
ZBED2,2.3475984695397227,0.06299212598425197,1.0
AC055748.1,-0.8530376220373039,0.3937007874015748,1.0
PLCXD2,0.9467681939832575,0.4566929133858268,1.0
PHLDB2,0.15642012094911006,0.8346456692913385,1.0
ABHD10,-0.023454051683303057,0.9763779527559056,1.0
C3orf52,0.923823548265831,0.2047244094488189,1.0
GCSAM,-0.1139608768871554,0.7559055118110236,1.0
CD200,1.3715987816190252,0.25984251968503935,1.0
BTLA,1.1992348427496622,0.12598425196850394,1.0
ATG3,0.26009795505377564,0.1968503937007874,1.0
SLC35A5,0.23464737148806725,0.6062992125984252,1.0
CD200R1,-0.3646282954608635,0.4094488188976378,1.0
GTPBP8,-0.7737893838500183,0.08661417322834646,1.0
NEPRO,-0.23923735936340584,0.30708661417322836,1.0
CFAP44,1.0071741497530136,0.4094488188976378,1.0
SPICE1,0.07676751768471668,0.889763779527559,1.0
SIDT1,-0.4353049919338652,0.16535433070866143,1.0
SIDT1-AS1,0.6949234324856219,0.23622047244094488,1.0
USF3,0.20228835802414036,0.3543307086614173,1.0
NAA50,-0.2709737442061879,0.18110236220472442,1.0
ATP6V1A,-0.18430647643490072,0.5433070866141733,1.0
CCDC191,-0.3273104311039785,0.6850393700787402,1.0
QTRT2,-0.18463556804724401,0.7322834645669292,1.0
AC093010.2,0.5859495879141754,0.4094488188976378,1.0
TIGIT,1.457100914870039,0.08661417322834646,1.0
ZBTB20,-0.3376573528962705,0.031496062992125984,1.0
BZW1P2,0.23416118448528955,0.41732283464566927,1.0
PTMAP8,-1.0016076128330935,0.08661417322834646,1.0
B4GALT4,-0.7542674973029868,0.14173228346456693,1.0
ARHGAP31,-0.048741183848387326,0.952755905511811,1.0
TMEM39A,0.10126789558765381,0.7874015748031497,1.0
POGLUT1,-0.2996113250705008,0.3700787401574803,1.0
TIMMDC1,0.6950719456616277,0.11023622047244094,1.0
CD80,1.429242069192072,0.08661417322834646,1.0
ADPRH,0.8412637558557363,0.1889763779527559,1.0
COX17,0.6117170559359826,0.15748031496062992,1.0
GSK3B,0.29710611065370607,0.11023622047244094,1.0
LRRC58,-0.13400006041379697,0.44881889763779526,1.0
NDUFB4,0.2921658449589586,0.1889763779527559,1.0
RABL3,-0.49894926693125097,0.2047244094488189,1.0
GTF2E1,-0.12430968914056795,0.84251968503937,1.0
NAP1L1P3,-0.8144677376769076,0.14173228346456693,1.0
HCLS1,0.18336780855316803,0.25984251968503935,1.0
RN7SL172P,-1.2350047393026533,0.11023622047244094,1.0
GOLGB1,0.4358519963635725,0.31496062992125984,1.0
IQCB1,-0.17648093598160752,0.7559055118110236,1.0
EAF2,-0.012344962718808805,1.0,1.0
CD86,0.5439941610441981,0.4251968503937008,1.0
CSTA,0.8287638425960857,0.25196850393700787,1.0
CCDC58,-0.32056598363615585,0.7244094488188977,1.0
FAM162A,0.551805408204034,0.12598425196850394,1.0
WDR5B,0.5506833933131494,0.5275590551181102,1.0
AC083798.2,-0.6118472056354074,0.4251968503937008,1.0
KPNA1,0.09481638560888683,0.7795275590551181,1.0
PARP9,-0.10507138054104459,0.8503937007874016,1.0
DTX3L,0.2251184782628366,0.6929133858267716,1.0
PARP15,0.06367130657983022,0.8110236220472441,1.0
PARP14,-0.3515529695794237,0.33858267716535434,1.0
HSPBAP1,0.10549587204015198,0.8503937007874016,1.0
DIRC2,-0.05032701554592922,0.8031496062992126,1.0
LINC02035,-0.22345654533560722,0.7795275590551181,1.0
PDIA5,-0.5403193742014935,0.5590551181102362,1.0
SEC22A,0.07041603657629558,0.905511811023622,1.0
HACD2,-0.2308550605651538,0.2992125984251969,1.0
MYLK,-0.06030999974392648,0.9291338582677166,1.0
CCDC14,0.330634709014781,0.23622047244094488,1.0
UMPS,-0.5151034085593782,0.4330708661417323,1.0
ITGB5,0.3896446728220989,0.5905511811023622,1.0
HEG1,0.24077560147568455,0.3464566929133858,1.0
ZNF148,0.06899979982233795,0.84251968503937,1.0
SNX4,0.31427120571941813,0.3858267716535433,1.0
OSBPL11,0.18410642971255342,0.5590551181102362,1.0
SLC41A3,0.5348138018549289,0.11023622047244094,1.0
ZXDC,-0.4513145576183124,0.03937007874015748,1.0
CHCHD6,-0.6349815808780973,0.3700787401574803,1.0
PLXNA1,1.1552064312218915,0.06299212598425197,1.0
TPRA1,-0.3511224977378915,0.41732283464566927,1.0
MCM2,0.21695170782137696,0.6692913385826772,1.0
ABTB1,-0.5366644619295418,0.41732283464566927,1.0
MGLL,0.2738847249599714,0.7322834645669292,1.0
SEC61A1,-0.15669310530810243,0.7716535433070866,1.0
RUVBL1,-0.07614846362603434,0.8267716535433071,1.0
EEFSEC,0.517640634876253,0.6535433070866141,1.0
RPN1,0.11312193190305386,0.7007874015748031,1.0
RAB7A,0.10400454201251463,0.6850393700787402,1.0
ACAD9,0.25831784919554845,0.5590551181102362,1.0
ISY1,0.26796999373522645,0.1732283464566929,1.0
CNBP,-0.3571657354019635,0.15748031496062992,1.0
COPG1,0.17997017830860607,0.5669291338582677,1.0
HMCES,0.5938751501022681,0.03937007874015748,1.0
H1FX,0.4515387565456468,0.6377952755905512,1.0
RPL32P3,0.18619255742178886,0.7952755905511811,1.0
MBD4,0.4484441117570839,0.2125984251968504,1.0
IFT122,-1.1985474727137364,0.06299212598425197,1.0
PLXND1,-0.47827982439313255,0.5669291338582677,1.0
TMCC1,-0.06730311869635841,0.8661417322834646,1.0
AC083799.1,0.796926982316017,0.10236220472440945,1.0
COL6A4P2,0.5651839152005672,0.4330708661417323,1.0
PIK3R4,-0.04950005186188999,0.937007874015748,1.0
ATP2C1,0.043082425300688065,0.889763779527559,1.0
ASTE1,-0.7777584160045881,0.1889763779527559,1.0
NEK11,0.5231607572050061,0.5748031496062992,1.0
NUDT16,0.2645033807971391,0.6220472440944882,1.0
MRPL3,-0.031819756047711145,0.9133858267716536,1.0
DNAJC13,0.41175945083242915,0.031496062992125984,1.0
UBA5,-0.15746453189937437,0.6692913385826772,1.0
NPHP3,0.14593173384507807,0.5826771653543307,1.0
SNORA33,-0.4342052496069243,0.5826771653543307,1.0
CDV3,0.10679266759063655,0.6141732283464567,1.0
TOPBP1,-0.5590578357468505,0.015748031496062992,1.0
SRPRB,0.27798532615113025,0.3700787401574803,1.0
RAB6B,-0.4037926756106147,0.6220472440944882,1.0
RYK,-0.09175999287211223,0.7559055118110236,1.0
ANAPC13,0.06183040871845247,0.9212598425196851,1.0
CEP63,0.6740588617650456,0.3464566929133858,1.0
PPP2R3A,1.1276304032952107,0.11811023622047244,1.0
MSL2,-0.2331235689063993,0.2047244094488189,1.0
PCCB,-0.7805507874156583,0.09448818897637795,1.0
STAG1,-0.22673345389607036,0.4566929133858268,1.0
AC096992.2,-0.07227534650862744,0.968503937007874,1.0
NCK1-AS1,-0.4868886733909541,0.2755905511811024,1.0
NCK1,-0.18448460639848818,0.7007874015748031,1.0
DBR1,0.0672605543241902,0.8740157480314961,1.0
ARMC8,-0.10986294634772609,0.6535433070866141,1.0
CEP70,0.4649141661758618,0.6850393700787402,1.0
FAIM,0.5779379645384739,0.5433070866141733,1.0
PIK3CB,0.23810233438122808,0.3543307086614173,1.0
MRPS22,-0.3618032618530833,0.08661417322834646,1.0
COPB2,0.0036360009526541504,0.984251968503937,1.0
SLC25A36,-0.25243500199716795,0.5039370078740157,1.0
PXYLP1,-0.30150443422095696,0.44881889763779526,1.0
ZBTB38,0.22930892176673723,0.48031496062992124,1.0
RASA2,-0.2769339903718837,0.2125984251968504,1.0
RNF7,0.06934787779179707,0.8031496062992126,1.0
ATP1B3,0.7107493298342149,0.03937007874015748,1.0
TFDP2,-0.7448196542826473,0.23622047244094488,1.0
AC133435.1,-0.5407593695842752,0.5118110236220472,1.0
GK5,0.027949444561671477,0.9448818897637795,1.0
XRN1,-0.10677630423484885,0.6456692913385826,1.0
ATR,0.10501819660027589,0.4881889763779528,1.0
TRPC1,0.39656756898836676,0.6692913385826772,1.0
AC021074.1,-0.4209264970383324,0.49606299212598426,1.0
U2SURP,-0.10924401907176406,0.7244094488188977,1.0
CHST2,1.0441175852177484,0.30708661417322836,1.0
SLC9A9,0.7019722956252705,0.11023622047244094,1.0
ST13P15,0.4318040313921623,0.5433070866141733,1.0
C3orf58,-0.0762634172858272,0.8582677165354331,1.0
PLSCR1,-0.10814732127681204,0.9133858267716536,1.0
CPA3,0.7897597746700522,0.5118110236220472,1.0
GYG1,-0.205921766292108,0.5118110236220472,1.0
HLTF,0.32567247750298645,0.6141732283464567,1.0
HPS3,0.4952095438367028,0.07874015748031496,1.0
TM4SF1,1.8279517299354289,0.07874015748031496,1.0
WWTR1,1.204764887882961,0.13385826771653545,1.0
COMMD2,-0.3370013003671781,0.2992125984251969,1.0
RNF13,0.053991017009441755,0.8661417322834646,1.0
AC117395.1,-0.6610872885322172,0.3228346456692913,1.0
AC022494.1,0.4366287425163289,0.5275590551181102,1.0
TSC22D2,-0.28655944730257943,0.6220472440944882,1.0
SERP1,0.004485003268618115,0.9606299212598425,1.0
EIF2A,0.013649642349948365,0.8976377952755905,1.0
SELENOT,0.12466631600077349,0.5590551181102362,1.0
ERICH6-AS1,-0.04770400313757328,0.9291338582677166,1.0
SIAH2,0.40389478036558746,0.11811023622047244,1.0
GPR171,0.04121088616203217,0.952755905511811,1.0
P2RY14,-1.0667294517491899,0.2992125984251969,1.0
MBNL1,0.17034866666702797,0.05511811023622047,1.0
MBNL1-AS1,0.05357793753280582,1.0,1.0
RAP2B,0.20188643755652613,0.5590551181102362,1.0
DHX36,-0.11300773791932794,0.44881889763779526,1.0
MME,-0.029367139759255867,0.9921259842519685,1.0
C3orf33,0.31521517825205914,0.7952755905511811,1.0
SLC33A1,0.1707470813809877,0.6141732283464567,1.0
GMPS,-0.05888787769627424,0.7480314960629921,1.0
SETP14,-0.619995097007572,0.14960629921259844,1.0
KCNAB1,0.11103692082628425,0.8818897637795275,1.0
SSR3,0.13281435349572934,0.5354330708661418,1.0
TIPARP,-0.26884597896738605,0.7007874015748031,1.0
PA2G4P4,-0.6734394830351844,0.1968503937007874,1.0
LEKR1,0.19306834917229976,0.8503937007874016,1.0
CCNL1,-0.38595891929755766,0.09448818897637795,1.0
RSRC1,-0.34643598510596707,0.31496062992125984,1.0
MLF1,0.7782800231950393,0.3543307086614173,1.0
GFM1,0.3884840779647414,0.6771653543307087,1.0
LXN,-1.3272017331874024,0.031496062992125984,1.0
MFSD1,0.027698081098998628,0.9448818897637795,1.0
BRD7P2,-0.14732457750124706,0.7322834645669292,1.0
IFT80,0.46275255550823235,0.11811023622047244,1.0
SMC4,0.052460098337328454,0.8661417322834646,1.0
TRIM59,0.12441744799428811,0.7874015748031497,1.0
KPNA4,0.04079514518270777,0.7795275590551181,1.0
KRT8P12,-0.6391195874684623,0.4566929133858268,1.0
PPM1L,0.1578182094319045,0.7401574803149606,1.0
NMD3,-0.12895483964240828,0.4881889763779528,1.0
PDCD10,0.3307488383577759,0.4330708661417323,1.0
SERPINI1,0.4030460498033275,0.7244094488188977,1.0
GOLIM4,2.028542274030654,0.015748031496062992,1.0
AC074033.1,0.011520376832803159,0.8818897637795275,1.0
MYNN,0.22349191763259757,0.889763779527559,1.0
SEC62,-0.14970227447640472,0.5118110236220472,1.0
GPR160,-1.311303559208822,0.10236220472440945,1.0
PHC3,-0.1700625175714654,0.48031496062992124,1.0
PRKCI,1.1611053460271172,0.5511811023622047,1.0
SKIL,-0.028090446449718698,0.968503937007874,1.0
RPL22L1,0.28253603355457546,0.36220472440944884,1.0
EIF5A2,0.5772974289871584,0.18110236220472442,1.0
TNIK,0.46585110392164175,0.08661417322834646,1.0
PLD1,-1.0010491941351027,0.15748031496062992,1.0
FNDC3B,0.5792149725302043,0.25196850393700787,1.0
TNFSF10,0.525753381065134,0.6771653543307087,1.0
NCEH1,0.5636743292105391,0.6062992125984252,1.0
AC069218.1,-0.10285142565295025,1.0,1.0
UBE2V1P2,-0.08735255428750976,0.7716535433070866,1.0
TBL1XR1,0.13593733310841571,0.5984251968503937,1.0
ZMAT3,0.19363506354250504,0.4645669291338583,1.0
PIK3CA,0.030731157222752437,0.905511811023622,1.0
LRRFIP1P1,0.6977070356566428,0.25984251968503935,1.0
ZNF639,-0.18184009945333646,0.5275590551181102,1.0
MFN1,-0.36383736519299603,0.4015748031496063,1.0
GNB4,1.2833116920192587,0.08661417322834646,1.0
ACTL6A,0.9597518257627056,0.3937007874015748,1.0
MRPL47,-0.23506571628770168,0.6456692913385826,1.0
NDUFB5,-0.23783320339421987,0.5590551181102362,1.0
USP13,-0.632117744776572,0.2677165354330709,1.0
TTC14,-0.037266561747371085,0.9448818897637795,1.0
CCDC39,-0.06505092710534943,0.952755905511811,1.0
FXR1,-0.003739603006610359,0.9763779527559056,1.0
DNAJC19,-0.24451786773762052,0.16535433070866143,1.0
AC083904.1,-0.23055853953976746,0.7637795275590551,1.0
ATP11B,0.0006799099072125614,1.0,1.0
DCUN1D1,-0.40084428838911546,0.2047244094488189,1.0
MCCC1,1.074472460232077,0.2755905511811024,1.0
LAMP3,-0.1603448787841999,0.8740157480314961,1.0
MCF2L2,1.121452014740883,0.28346456692913385,1.0
B3GNT5,0.03628238261609895,0.937007874015748,1.0
LINC00888,0.6477491721955255,0.5511811023622047,1.0
SNORA81,0.05034677432326107,0.937007874015748,1.0
KLHL6,-0.18588202971846446,0.5984251968503937,1.0
KLHL24,-0.439598339385765,0.13385826771653545,1.0
YEATS2,-0.2839342822383806,0.6062992125984252,1.0
PARL,0.14568937395928216,0.6771653543307087,1.0
ABCC5,-0.6223614579033305,0.30708661417322836,1.0
EIF2B5,-0.20597335006346462,0.6062992125984252,1.0
AC131235.1,-0.761511541300278,0.05511811023622047,1.0
DVL3,0.1331335413587098,0.7007874015748031,1.0
AP2M1,0.52839611803262,0.31496062992125984,1.0
ABCF3,-0.5723334441413304,0.25196850393700787,1.0
ALG3,0.3709658286451525,0.33070866141732286,1.0
ECE2,0.02404210063998291,1.0,1.0
PSMD2,0.21318022476948162,0.5039370078740157,1.0
EIF4G1,-0.030514740320704448,0.937007874015748,1.0
FAM131A,0.25262607333498854,0.7401574803149606,1.0
POLR2H,-0.82142431638548,0.05511811023622047,1.0
MAGEF1,0.3015589200521305,0.6062992125984252,1.0
VPS8,-0.5145697489508123,0.2204724409448819,1.0
MAP3K13,-0.20675596874252866,0.5511811023622047,1.0
RPL4P4,-0.05128947342159762,0.8031496062992126,1.0
TMEM41A,-0.4947994197378769,0.11811023622047244,1.0
SENP2,-0.37953793473500674,0.2204724409448819,1.0
TRA2B,-0.18268787693753108,0.3464566929133858,1.0
TBCCD1,-0.047365616247642794,0.952755905511811,1.0
DNAJB11,0.15063278409803083,0.8267716535433071,1.0
EIF4A2,-0.2886002810118491,0.44881889763779526,1.0
RFC4,0.5780385471920932,0.3464566929133858,1.0
RPS20P14,-0.5950552961805089,0.023622047244094488,1.0
ST6GAL1,-0.2626026223940059,0.5748031496062992,1.0
RPL39L,-0.14510022948171075,0.8661417322834646,1.0
RTP4,-0.6703048597168622,0.29133858267716534,1.0
BCL6,0.9130136955710517,0.28346456692913385,1.0
BCL6-AS1,-0.8069419636678339,0.3779527559055118,1.0
LPP,0.23566256206061897,0.3937007874015748,1.0
TPRG1,-0.9459031084424296,0.14960629921259844,1.0
IL1RAP,-0.6630194005906862,0.07874015748031496,1.0
CCDC50,0.17288488891674714,0.6771653543307087,1.0
MB21D2,0.48609902659027826,0.33858267716535434,1.0
OPA1,-0.1485356213018285,0.6220472440944882,1.0
HES1,0.9297348717802374,0.29133858267716534,1.0
ATP13A3,0.26631911445967216,0.4094488188976378,1.0
TMEM44-AS1,0.7374834875510312,0.48031496062992124,1.0
LSG1,-0.5397141449046066,0.4881889763779528,1.0
FAM43A,0.23545939742748612,0.7086614173228346,1.0
XXYLT1,1.0258244393868798,0.25196850393700787,1.0
XXYLT1-AS2,1.126279547365882,0.14960629921259844,1.0
ACAP2,-0.16152637485394372,0.3464566929133858,1.0
PPP1R2,0.19951627212592804,0.3543307086614173,1.0
LINC00969,-0.733650357254148,0.08661417322834646,1.0
TNK2,-0.2558731649327868,0.6692913385826772,1.0
SDHAP1,-0.6233541351412235,0.44881889763779526,1.0
TFRC,0.7273630684918908,0.05511811023622047,1.0
PCYT1A,-0.05407262367015431,0.8740157480314961,1.0
TCTEX1D2,0.01915273979258547,0.984251968503937,1.0
UBXN7,0.008187117711342395,0.952755905511811,1.0
RNF168,0.15871612583715056,0.5984251968503937,1.0
RPS29P3,-0.6971398762243535,0.11811023622047244,1.0
WDR53,0.4773877500753323,0.4015748031496063,1.0
FBXO45,0.1361733006416319,0.6692913385826772,1.0
NRROS,0.48503877350249347,0.2204724409448819,1.0
PIGX,0.23097759255783767,0.4330708661417323,1.0
CEP19,0.13590275611766156,0.7401574803149606,1.0
PAK2,0.17319585919460856,0.4015748031496063,1.0
SENP5,-0.0983987534298798,0.7480314960629921,1.0
NCBP2,-0.14405258449074854,0.5905511811023622,1.0
NCBP2-AS2,0.4833529213233776,0.3779527559055118,1.0
MELTF-AS1,-0.4961643224038972,0.6062992125984252,1.0
DLG1,-0.23918303049048983,0.3700787401574803,1.0
BDH1,-0.6283622409260365,0.4251968503937008,1.0
AC132008.2,-0.6477316539881863,0.6220472440944882,1.0
RUBCN,0.22445766583254567,0.4566929133858268,1.0
FYTTD1,-0.009838355266413856,0.9606299212598425,1.0
LRCH3,-0.3648958360817778,0.15748031496062992,1.0
AC144530.1,0.02563900850871037,0.984251968503937,1.0
IQCG,0.12814540588464096,0.7952755905511811,1.0
RPL35A,-0.11278343973525828,0.6850393700787402,1.0
LMLN,-0.2927891401016902,0.49606299212598426,1.0
ZNF595,-0.09240792255810737,0.9212598425196851,1.0
ZNF718,-0.18012174235217993,0.6614173228346457,1.0
ZNF141,-1.463366128344779,0.07086614173228346,1.0
AC079140.2,-0.25216080107025496,0.5511811023622047,1.0
ZNF721,-0.7091685002842931,0.015748031496062992,1.0
PIGG,0.004708561748354434,0.9921259842519685,1.0
PDE6B,-0.44570930639424633,0.3779527559055118,1.0
ATP5I,-0.06800558574848736,0.7952755905511811,1.0
PCGF3,0.7562411725781404,0.031496062992125984,1.0
CPLX1,-0.625333986338457,0.25984251968503935,1.0
GAK,0.31585794007472856,0.7559055118110236,1.0
TMEM175,1.0989883860307554,0.44881889763779526,1.0
DGKQ,0.02239557204145104,0.9291338582677166,1.0
IDUA,0.20872380242520538,0.889763779527559,1.0
FGFRL1,-0.7270855587652303,0.4409448818897638,1.0
RNF212,-0.2810038345686645,0.7165354330708661,1.0
SPON2,0.7681391325728102,0.30708661417322836,1.0
CTBP1,0.2375311224057901,0.6456692913385826,1.0
CTBP1-AS2,-0.20030263275988158,0.5590551181102362,1.0
MAEA,0.12187577677985129,0.6614173228346457,1.0
UVSSA,-0.46764103103487464,0.18110236220472442,1.0
AC147067.1,-0.24460583217791498,0.8267716535433071,1.0
SLBP,0.41842339059735867,0.3858267716535433,1.0
TMEM129,-0.8938359648913985,0.1968503937007874,1.0
TACC3,0.37848624922728646,0.4015748031496063,1.0
LETM1,0.339379038502031,0.3228346456692913,1.0
NSD2,0.2605813255589444,0.5590551181102362,1.0
NELFA,0.05736383491024322,0.9291338582677166,1.0
C4orf48,1.3739157307752625,0.11811023622047244,1.0
HAUS3,-0.508343899081594,0.2440944881889764,1.0
MXD4,0.09919515382203947,0.905511811023622,1.0
ZFYVE28,0.0037749807241258537,0.9921259842519685,1.0
RNF4,0.0322460361041319,0.8740157480314961,1.0
FAM193A,0.06956385294714096,0.8740157480314961,1.0
TNIP2,1.0367940924634818,0.2047244094488189,1.0
SH3BP2,0.4277958443044598,0.33070866141732286,1.0
ADD1,0.03200539347777909,0.8503937007874016,1.0
MFSD10,0.03198599673552138,0.9763779527559056,1.0
NOP14-AS1,0.010872386053946581,0.9763779527559056,1.0
NOP14,0.47248849887775357,0.2755905511811024,1.0
GRK4,-0.6049252792151663,0.4330708661417323,1.0
HTT,0.3760092981602243,0.48031496062992124,1.0
RGS12,0.6233836779406361,0.4094488188976378,1.0
LRPAP1,0.7481805085416422,0.14173228346456693,1.0
TMEM128,0.011467400743505607,0.968503937007874,1.0
LYAR,-0.5731470670592822,0.09448818897637795,1.0
ZBTB49,-0.8621088356532494,0.07874015748031496,1.0
NSG1,-0.036494908184048214,0.984251968503937,1.0
STX18,-0.16798589469346403,0.6141732283464567,1.0
STX18-AS1,-0.34284701502170445,0.6456692913385826,1.0
EVC2,0.8478527820102641,0.1968503937007874,1.0
CRMP1,0.24127496988642494,0.7795275590551181,1.0
JAKMIP1,0.09573107146049908,0.889763779527559,1.0
WFS1,-0.14082109964806167,0.7795275590551181,1.0
MAN2B2,-0.10993911943659196,0.6220472440944882,1.0
MRFAP1,-0.08866002364011738,0.7795275590551181,1.0
AC093323.1,-0.3476278956938472,0.4330708661417323,1.0
LINC002481,0.0400513190556393,0.8976377952755905,1.0
MRFAP1L1,-0.01210127346504386,0.9763779527559056,1.0
BLOC1S4,-0.417154479758282,0.41732283464566927,1.0
KIAA0232,-0.46283029029255474,0.30708661417322836,1.0
TBC1D14,0.6497800880251745,0.4881889763779528,1.0
CCDC96,0.17448636313766386,0.7874015748031497,1.0
TADA2B,-0.15031155261770834,0.5275590551181102,1.0
GRPEL1,0.13865354770688043,0.9763779527559056,1.0
AFAP1,0.4162820274465129,0.7559055118110236,1.0
GMPSP1,0.31406128742152584,0.7165354330708661,1.0
SH3TC1,0.2567739413645973,0.8976377952755905,1.0
AC104825.2,-0.5164871488285256,0.5984251968503937,1.0
ACOX3,0.42050438790349354,0.36220472440944884,1.0
TRMT44,1.0597823771120054,0.2047244094488189,1.0
AC005674.2,-0.2766982520291399,0.6535433070866141,1.0
WDR1,0.3770281325913851,0.3464566929133858,1.0
ZNF518B,0.22027120433739888,0.6377952755905512,1.0
CLNK,-0.8803141514969814,0.44881889763779526,1.0
RNPS1P1,1.4133852709870611,0.047244094488188976,1.0
RAB28,-0.5661836212288538,0.33858267716535434,1.0
BOD1L1,-0.08475537413654166,0.6456692913385826,1.0
CPEB2,0.17593429443367192,0.6614173228346457,1.0
FBXL5,-0.007310316366060832,0.968503937007874,1.0
FAM200B,-0.3008069538956768,0.5039370078740157,1.0
CD38,0.11420145548144989,0.984251968503937,1.0
TAPT1,-0.5555607775868134,0.08661417322834646,1.0
TAPT1-AS1,-0.11709466577660255,0.952755905511811,1.0
LDB2,0.30602007000063836,0.6456692913385826,1.0
QDPR,0.0460263959264573,0.9763779527559056,1.0
LAP3,-0.8163069738295583,0.08661417322834646,1.0
MED28,0.10025672824968623,0.7874015748031497,1.0
DCAF16,-0.09263949971710606,0.7244094488188977,1.0
LCORL,-0.2712893425138114,0.5196850393700787,1.0
AC114728.1,-0.3301300698829204,0.23622047244094488,1.0
PACRGL,0.5999927274262431,0.49606299212598426,1.0
CDC42P6,0.17719120932277121,0.84251968503937,1.0
DHX15,-0.45896881052125416,0.1732283464566929,1.0
SOD3,-0.6897905769614001,0.6062992125984252,1.0
SEPSECS,-0.056727028685561454,0.8110236220472441,1.0
SEPSECS-AS1,0.057933864208389085,0.8818897637795275,1.0
PI4K2B,-0.6865477555886645,0.15748031496062992,1.0
ZCCHC4,-1.3543699375022404,0.03937007874015748,1.0
ANAPC4,0.14100931673855577,0.5984251968503937,1.0
RPS29P11,0.27943801712468286,0.6771653543307087,1.0
SEL1L3,0.31688187232699505,0.14960629921259844,1.0
SMIM20,-0.7396671581861227,0.11811023622047244,1.0
RBPJ,0.26267772746189344,0.3700787401574803,1.0
TBC1D19,0.4270235150219337,0.7322834645669292,1.0
STIM2,-0.04907356498347859,0.5669291338582677,1.0
AC106047.1,-0.6521433760916175,0.3858267716535433,1.0
AC016687.1,-0.24735220942750002,0.7874015748031497,1.0
ARAP2,-0.4993202922295801,0.08661417322834646,1.0
DTHD1,0.7057276850809631,0.5590551181102362,1.0
RELL1,-0.7848622694820991,0.30708661417322836,1.0
PGM2,0.5261693732299033,0.11811023622047244,1.0
TBC1D1,0.5274863379576971,0.03937007874015748,1.0
KLF3,-0.13181704921702853,0.8346456692913385,1.0
TLR1,-1.3098835461969576,0.031496062992125984,1.0
TLR6,-0.041847871102309586,0.9448818897637795,1.0
TMEM156,0.6630925547377808,0.07086614173228346,1.0
KLHL5,0.5155755834756413,0.2440944881889764,1.0
WDR19,-0.7421451309710889,0.2440944881889764,1.0
RFC1,-0.09498234445797227,0.6929133858267716,1.0
RPL9,-0.3939319449583545,0.06299212598425197,1.0
LIAS,-0.10428112748156249,0.8031496062992126,1.0
UGDH,-0.40319720657777136,0.5196850393700787,1.0
SMIM14,0.1842043093007284,0.9291338582677166,1.0
UBE2K,-0.18164615813652674,0.3464566929133858,1.0
PDS5A,0.017176341610525725,0.8818897637795275,1.0
N4BP2,-0.2382495354580394,0.5984251968503937,1.0
AC095057.3,0.4349884984265172,0.5748031496062992,1.0
RHOH,0.15755168774911077,0.6377952755905512,1.0
RBM47,-0.8872143285122833,0.44881889763779526,1.0
TMEM33,0.05033648143430902,0.8110236220472441,1.0
SLC30A9,-0.14674516134351023,0.33858267716535434,1.0
ATP8A1,-0.19490838527449306,0.5984251968503937,1.0
NDUFB4P12,1.005951517051873,0.4094488188976378,1.0
GUF1,-0.46329105883794774,0.2125984251968504,1.0
GNPDA2,0.2109744827268596,0.7165354330708661,1.0
RAC1P2,1.2285601465125078,0.29133858267716534,1.0
COMMD8,-0.018075181326028478,0.9921259842519685,1.0
ATP10D,0.7351450211765602,0.41732283464566927,1.0
NFXL1,-1.1006504469186225,0.11811023622047244,1.0
TXK,0.09882794244797921,0.8110236220472441,1.0
TEC,-1.058836052573946,0.2283464566929134,1.0
SLAIN2,0.2359735922870616,0.4409448818897638,1.0
FRYL,-0.04694639213694529,0.8031496062992126,1.0
OCIAD1,0.03665604038000314,0.8740157480314961,1.0
OCIAD2,0.18212589018125147,0.4330708661417323,1.0
DCUN1D4,0.6155810459190816,0.8188976377952756,1.0
SGCB,1.7305072418139953,0.11811023622047244,1.0
USP46,-0.33370008508584803,0.5196850393700787,1.0
DANCR,-0.6996810031335414,0.06299212598425197,1.0
SCFD2,-0.33410036136447774,0.5354330708661418,1.0
FIP1L1,-0.1306340959131962,0.5826771653543307,1.0
CHIC2,0.2890138923359551,0.2755905511811024,1.0
KIT,1.017187545350459,0.29133858267716534,1.0
RPL38P3,-0.36078553948321,0.7007874015748031,1.0
KDR,1.0019647960975884,0.18110236220472442,1.0
SRD5A3,0.33777500752927603,0.29133858267716534,1.0
TMEM165,0.4326821113760033,0.07874015748031496,1.0
CLOCK,-0.2940813926367838,0.5748031496062992,1.0
EXOC1,-0.16534708625696748,0.5905511811023622,1.0
CEP135,0.0523566273403544,0.889763779527559,1.0
AASDH,-0.5645167528242458,0.16535433070866143,1.0
PPAT,-0.55628220151464,0.3228346456692913,1.0
PAICS,-0.19450272672612456,0.4094488188976378,1.0
SRP72,-0.05897775825625917,0.7795275590551181,1.0
HOPX,-0.5871730931651347,0.6692913385826772,1.0
SPINK2,-0.09910200288651039,0.9448818897637795,1.0
REST,0.26945295470040964,0.33070866141732286,1.0
NOA1,0.08138014947022487,0.937007874015748,1.0
POLR2B,-0.07797583931272634,0.8188976377952756,1.0
IGFBP7,3.008847920944472,0.031496062992125984,1.0
AC108161.1,-1.0322013616556545,0.2283464566929134,1.0
RPS15AP17,0.031194031834077762,0.9133858267716536,1.0
EXOC5P1,1.1252540957102846,0.2125984251968504,1.0
AC115223.1,-0.4938412206812899,0.5354330708661418,1.0
AC116049.1,-0.037821345405379736,1.0,1.0
CENPC,-0.49726789077505096,0.15748031496062992,1.0
STAP1,-0.8819724543860672,0.31496062992125984,1.0
UBA6,0.018850114646343563,0.8740157480314961,1.0
UBA6-AS1,0.36449775085174263,0.5433070866141733,1.0
GCOM2,0.07707443973101413,0.905511811023622,1.0
YTHDC1,-0.15614008930008172,0.4251968503937008,1.0
MT2P1,-0.5018310368877565,0.5826771653543307,1.0
SULT1B1,0.10786239482975102,0.8346456692913385,1.0
ODAM,0.6858793187537953,0.5748031496062992,1.0
FDCSP,3.1147084234860243,0.14960629921259844,1.0
JCHAIN,1.803791908508309,0.11811023622047244,1.0
UTP3,-0.2578065641931566,0.6062992125984252,1.0
RUFY3,-1.178351379902626,0.10236220472440945,1.0
GRSF1,0.07238822608719353,0.84251968503937,1.0
MOB1B,-0.25336320276500635,0.28346456692913385,1.0
DCK,-0.08149662903696075,0.8582677165354331,1.0
SLC4A4,-0.6587274952017717,0.6220472440944882,1.0
COX18,1.100101762732118,0.29133858267716534,1.0
ANKRD17,-0.1105359968139572,0.6299212598425197,1.0
RASSF6,-0.749716531998185,0.5275590551181102,1.0
CXCL8,1.4481332005720384,0.31496062992125984,1.0
CXCL1,0.9172084895519501,0.4015748031496063,1.0
CXCL2,1.3524682734298412,0.11023622047244094,1.0
MTHFD2L,-0.9433570146241226,0.023622047244094488,1.0
EREG,-0.1525680526241857,0.8661417322834646,1.0
AREG,0.06989070977832146,0.9606299212598425,1.0
PARM1,1.4139145155062072,0.13385826771653545,1.0
RCHY1,0.1199675635342885,0.8031496062992126,1.0
THAP6,-0.1348268246778792,0.7401574803149606,1.0
CDKL2,0.22491262876179752,0.8582677165354331,1.0
G3BP2,0.09423142045784694,0.7795275590551181,1.0
USO1,0.258210926604896,0.3779527559055118,1.0
NAAA,1.0097799850348181,0.7007874015748031,1.0
SDAD1,0.2749769734574503,0.5984251968503937,1.0
NUP54,0.1130096553550235,0.5196850393700787,1.0
SCARB2,-0.14454362171326274,0.8267716535433071,1.0
SNX5P1,-1.385766548816227,0.015748031496062992,1.0
SEPT11,0.5063776714838237,0.4881889763779528,1.0
TXNP6,-0.628697006028982,0.16535433070866143,1.0
CCNI,0.1367543038880008,0.1732283464566929,1.0
CCNG2,0.39342647864453895,0.4409448818897638,1.0
CXCL13,5.938060934234828,0.015748031496062992,1.0
CNOT6L,-0.03070759753853558,0.9133858267716536,1.0
MRPL1,0.13277716442472265,0.3858267716535433,1.0
SERBP1P5,-0.25503145182163944,0.4566929133858268,1.0
BMP2K,-0.22607226991663154,0.6850393700787402,1.0
PAQR3,-0.05383989639523268,0.905511811023622,1.0
ANTXR2,0.46499894293741306,0.07874015748031496,1.0
PRDM8,0.0724089187443755,0.84251968503937,1.0
RASGEF1B,-0.3069222117940624,0.7322834645669292,1.0
BIN2P1,0.08882058824140637,0.8976377952755905,1.0
HNRNPD,0.013630183382476346,0.9133858267716536,1.0
AC124016.1,0.4014664617312069,0.5196850393700787,1.0
HNRNPDL,-0.2659651541316208,0.1889763779527559,1.0
ENOPH1,1.1390060131909951,0.44881889763779526,1.0
AC067942.1,-0.4233826006452297,0.5275590551181102,1.0
SCD5,-1.166488827135872,0.15748031496062992,1.0
SEC31A,-0.3292972864349215,0.15748031496062992,1.0
THAP9-AS1,-0.7825218312325015,0.05511811023622047,1.0
THAP9,0.8859812449200402,0.2440944881889764,1.0
LIN54,-0.691420347809161,0.05511811023622047,1.0
COPS4,-0.8013961517291492,0.13385826771653545,1.0
PLAC8,-0.49839790864986444,0.18110236220472442,1.0
COQ2,-0.20040968730885034,0.6456692913385826,1.0
HPSE,0.0553028834758873,0.8188976377952756,1.0
HELQ,-0.168916107099089,0.6535433070866141,1.0
MRPS18C,-0.2733515001435429,0.6535433070866141,1.0
ABRAXAS1,-0.08191347918830605,0.8818897637795275,1.0
GPAT3,-0.30183246228141325,0.5590551181102362,1.0
PTPN13,0.5712439184027485,0.25196850393700787,1.0
C4orf36,-1.3578665319635486,0.08661417322834646,1.0
AFF1,-0.2508548787715563,0.29133858267716534,1.0
TECRP1,-0.3562727629057463,0.84251968503937,1.0
KLHL8,0.17529617180094537,0.7480314960629921,1.0
GAPDHP60,-0.07878862282060695,0.8582677165354331,1.0
HSD17B13,-0.7531630865758697,0.3858267716535433,1.0
HSD17B11,-0.19421218558743014,0.2440944881889764,1.0
NUDT9,-0.10129403426104222,0.8346456692913385,1.0
SPARCL1,2.6939669828355783,0.031496062992125984,1.0
HSP90AB3P,-0.7192168606534395,0.047244094488188976,1.0
SPP1,-0.25183020563148184,0.84251968503937,1.0
PKD2,-0.333302093705103,0.4881889763779528,1.0
ABCG2,-0.6401280643828247,0.44881889763779526,1.0
PPM1K,-0.5979516739308917,0.023622047244094488,1.0
HERC6,-0.12922542861697206,0.7952755905511811,1.0
HERC5,0.25016119834337225,0.6692913385826772,1.0
HERC3,-0.30689415146316623,0.11811023622047244,1.0
NAP1L5,0.45627867320111726,0.44881889763779526,1.0
FAM13A-AS1,-0.8966147753589424,0.2677165354330709,1.0
FAM13A,-0.155237908159211,0.7874015748031497,1.0
TIGD2,-1.2147361263725887,0.2440944881889764,1.0
GPRIN3,0.1636815917640817,0.48031496062992124,1.0
MMRN1,0.626779539395729,0.49606299212598426,1.0
TMSB4XP8,-0.1561872597475551,0.6614173228346457,1.0
SMARCAD1,0.015591740890437578,0.952755905511811,1.0
PDLIM5,0.059295561283751574,0.7952755905511811,1.0
RPL5P12,-0.031182205536759877,1.0,1.0
RAP1GDS1,-0.07491456156221066,0.6299212598425197,1.0
TSPAN5,0.0678797522728134,0.889763779527559,1.0
EIF4E,0.21893714862196223,0.7007874015748031,1.0
METAP1,-0.1369804886885344,0.6299212598425197,1.0
ADH5,0.08298317719252601,0.8503937007874016,1.0
TRMT10A,0.5198403440747348,0.2440944881889764,1.0
DAPP1,0.18303541267817014,0.5748031496062992,1.0
LAMTOR3,-0.038284142124394904,0.889763779527559,1.0
DNAJB14,-0.2244227986045626,0.5196850393700787,1.0
H2AFZ,-0.05050670555419856,0.8110236220472441,1.0
PPP3CA,-0.28051042964088513,0.4251968503937008,1.0
SLC39A8,-0.48505263803399234,0.4881889763779528,1.0
AC098487.1,1.4177623011083318,0.015748031496062992,1.0
NFKB1,0.15325840721680706,0.5984251968503937,1.0
MANBA,-0.6911796683521736,0.1732283464566929,1.0
UBE2D3,0.06515244278704024,0.7165354330708661,1.0
CISD2,-0.3335755535338478,0.14960629921259844,1.0
SLC9B1,-1.4243795132077337,0.07086614173228346,1.0
SLC9B2,0.19946407815089717,0.5669291338582677,1.0
BDH2,0.8858507803472437,0.2204724409448819,1.0
CENPE,1.7384426958448085,0.11023622047244094,1.0
TET2,0.6459850052810117,0.07086614173228346,1.0
PPA2,0.19766614421690054,0.3937007874015748,1.0
EEF1A1P9,0.05914281733719351,0.937007874015748,1.0
INTS12,-0.06322727913793713,0.8818897637795275,1.0
GSTCD,-0.20291607774658882,0.7637795275590551,1.0
TBCK,0.36345750697743373,0.33070866141732286,1.0
AIMP1,-0.3878125615708532,0.3543307086614173,1.0
PAPSS1,-0.0052050560407588264,0.984251968503937,1.0
CYP2U1,-1.7041637056952552,0.09448818897637795,1.0
HADH,-0.3408566317689199,0.2677165354330709,1.0
LEF1,0.1668390650227387,0.6771653543307087,1.0
LEF1-AS1,1.2271976164269374,0.18110236220472442,1.0
RPL34,-0.16584621934480026,0.5275590551181102,1.0
OSTC,-0.3099864165129107,0.3543307086614173,1.0
SEC24B,0.061017861657313155,0.7007874015748031,1.0
MCUB,-0.2884475827349968,0.28346456692913385,1.0
CASP6,0.013791619916891484,0.9763779527559056,1.0
AC004067.1,-1.3759597869645082,0.2047244094488189,1.0
PLA2G12A,0.02261505756876936,0.9606299212598425,1.0
GAR1,0.19227124289804198,0.6456692913385826,1.0
ELOVL6,0.14000085753583402,0.905511811023622,1.0
FAM241A,-0.71688818225432,0.10236220472440945,1.0
AP1AR,-0.04994811242394004,0.8267716535433071,1.0
TIFA,0.15577972304086707,0.6692913385826772,1.0
ALPK1,-0.22403273772818189,0.8188976377952756,1.0
ZGRF1,-0.9099683117650792,0.2440944881889764,1.0
LARP7,0.17260057204493684,0.6141732283464567,1.0
RPL7AP30,0.04562764867757396,0.9763779527559056,1.0
AC004057.1,0.33462299563948017,0.8346456692913385,1.0
CAMK2D,-0.22798897229027482,0.5196850393700787,1.0
CIR1P2,-0.8182093071202421,0.25984251968503935,1.0
NT5C3AP1,-0.9438879837250029,0.2283464566929134,1.0
SNHG8,-0.12931649491385233,0.6220472440944882,1.0
METTL14,-0.5878360294973488,0.2125984251968504,1.0
SEC24D,0.4456728419952247,0.4881889763779528,1.0
SYNPO2,0.7627205822377214,0.1968503937007874,1.0
USP53,-0.6047297864117738,0.08661417322834646,1.0
C4orf3,0.06446040123809471,0.8740157480314961,1.0
AC093752.1,0.06366073846879328,0.8740157480314961,1.0
PDE5A,0.6467397927219474,0.4015748031496063,1.0
MAD2L1,-0.03207415501515909,0.968503937007874,1.0
TNIP3,0.5892577948524966,0.6062992125984252,1.0
ANXA5,0.449666729952269,0.1732283464566929,1.0
EXOSC9,0.4036691206840395,0.36220472440944884,1.0
BBS7,-0.4135433671391131,0.3858267716535433,1.0
KIAA1109,-0.1952428125861907,0.1968503937007874,1.0
IL2,-1.0943270011363504,0.15748031496062992,1.0
IL21,2.233586910954613,0.05511811023622047,1.0
IL21-AS1,1.8647381838895618,0.07874015748031496,1.0
BBS12,-1.2406186933586707,0.07874015748031496,1.0
SPATA5,-0.6418440153567437,0.1732283464566929,1.0
SPRY1,0.1105285263320166,0.8267716535433071,1.0
PLK4,0.30517827612247794,0.6535433070866141,1.0
MFSD8,-0.2760865223360476,0.41732283464566927,1.0
ABHD18,-0.1776532179221748,0.7007874015748031,1.0
LARP1B,0.029039344390164423,0.9448818897637795,1.0
PGRMC2,-0.09036363957638116,0.7716535433070866,1.0
JADE1,-0.014405308601911138,0.9763779527559056,1.0
SCLT1,0.006225649582924042,0.984251968503937,1.0
C4orf33,-0.7746436858563803,0.08661417322834646,1.0
NOCT,-0.3228791097822652,0.8740157480314961,1.0
ELF2,-0.4053103374078475,0.25984251968503935,1.0
PPP1R14BP3,0.5389957986442799,0.7165354330708661,1.0
NDUFC1,0.684592587879111,0.2283464566929134,1.0
NAA15,0.06394879024595568,0.8346456692913385,1.0
AC097376.2,-0.29881091507489677,0.7637795275590551,1.0
RAB33B,-0.16796947597200695,0.5669291338582677,1.0
SETD7,-0.47234192320281565,0.4015748031496063,1.0
MGST2,0.9957271150951499,0.14173228346456693,1.0
MAML3,0.0503842356415376,0.889763779527559,1.0
SCOC,-0.45839881773431745,0.2755905511811024,1.0
SCOC-AS1,0.010633624861908553,0.952755905511811,1.0
ELMOD2,1.137373744493786,0.2047244094488189,1.0
TBC1D9,-0.1290419144994579,0.8188976377952756,1.0
ZNF330,-0.07913696193691777,0.8582677165354331,1.0
IL15,0.22585609996757317,0.8110236220472441,1.0
INPP4B,-0.2016090069986376,0.30708661417322836,1.0
AC139720.1,0.12236902840329789,0.8661417322834646,1.0
USP38,-0.028169326046889154,0.8976377952755905,1.0
GAB1,-0.6733289229392465,0.4015748031496063,1.0
SMARCA5,-0.07143610633222064,0.7401574803149606,1.0
ANAPC10,0.9182227223781401,0.41732283464566927,1.0
HSPD1P5,0.4371129780267917,0.44881889763779526,1.0
ABCE1,-0.09723429572681219,0.7086614173228346,1.0
OTUD4,-0.24053326113590145,0.41732283464566927,1.0
RTN3P1,-0.30975893872329596,0.6535433070866141,1.0
SMAD1,0.38667006383057023,0.5905511811023622,1.0
MMAA,-0.0681712669754102,0.8503937007874016,1.0
ZNF827,0.11106733144534253,0.8110236220472441,1.0
LSM6,0.17845247242688522,0.6456692913385826,1.0
SLC10A7,0.923175861069855,0.031496062992125984,1.0
TMEM184C,0.0636088893543354,0.8976377952755905,1.0
PRMT9,-0.030282236629306958,0.9212598425196851,1.0
ARHGAP10,-0.22740902703237342,0.6456692913385826,1.0
NR3C2,-0.33406552667726874,0.13385826771653545,1.0
LRBA,0.18588419751475005,0.5748031496062992,1.0
RPS3A,0.029337368745189885,0.9291338582677166,1.0
AC095055.1,1.2413007142973116,0.08661417322834646,1.0
GATB,1.2839249942952358,0.14960629921259844,1.0
LINC02273,-0.27611966590037307,0.4251968503937008,1.0
FBXW7,0.12014400695820537,0.6299212598425197,1.0
LINC02486,0.473178803413818,0.5433070866141733,1.0
AC023424.2,-1.4225922823963424,0.25196850393700787,1.0
TMEM154,0.1884080587685233,0.6850393700787402,1.0
ARFIP1,-0.35259975540983746,0.4645669291338583,1.0
FAM192BP,0.1158968540669294,0.8188976377952756,1.0
TRIM2,-1.1323193537529508,0.13385826771653545,1.0
TMEM131L,-0.2540645254512217,0.48031496062992124,1.0
PLRG1,-0.10531942768773384,0.7559055118110236,1.0
MAP9,-0.37610819053127287,0.2204724409448819,1.0
CTSO,0.5486502137523521,0.49606299212598426,1.0
FTH1P21,1.0883785043227414,0.14173228346456693,1.0
C4orf46,-1.0129691208682168,0.047244094488188976,1.0
ETFDH,-0.855143205406991,0.08661417322834646,1.0
PPID,0.04313262861300249,0.9133858267716536,1.0
FNIP2,0.6889870040697237,0.5984251968503937,1.0
RAPGEF2,-0.3008642466513205,0.31496062992125984,1.0
NAF1,-0.8374384512092092,0.2125984251968504,1.0
TMA16,0.19029107062790285,0.6614173228346457,1.0
MARCH1,-0.29977565266901895,0.7165354330708661,1.0
ANP32C,0.0309519004394625,0.9606299212598425,1.0
NACA3P,-0.44974171637164595,0.1732283464566929,1.0
AC106872.2,-1.0246600991621828,0.09448818897637795,1.0
TMEM192,0.7689720192309277,0.8661417322834646,1.0
KLHL2,0.13006861158630612,0.7874015748031497,1.0
MSMO1,0.7480029224622515,0.6614173228346457,1.0
DDX60,0.05445035266255083,0.9291338582677166,1.0
DDX60L,0.17587383461611594,0.7716535433070866,1.0
PALLD,0.8718322347838514,0.4645669291338583,1.0
CBR4,-0.08342826274951953,0.905511811023622,1.0
NEK1,0.1612968895499236,0.6299212598425197,1.0
CLCN3,0.3584118715314659,0.15748031496062992,1.0
HPF1,0.4881309974925214,0.49606299212598426,1.0
GALNT7,-0.03463798547094399,0.937007874015748,1.0
HMGB2,0.030996032576880772,0.9448818897637795,1.0
AC097534.2,-0.13558694467100008,0.8582677165354331,1.0
SAP30,0.08673119464603296,0.905511811023622,1.0
FBXO8,0.4698234105041008,0.30708661417322836,1.0
CEP44,1.042349198467715,0.5118110236220472,1.0
HPGD,0.4413832190472977,0.30708661417322836,1.0
SPCS3,0.23080294817745628,0.2992125984251969,1.0
AGA,0.013216427902333017,0.968503937007874,1.0
DCTD,0.2075986578888509,0.3543307086614173,1.0
WWC2,0.6075716215637321,0.5433070866141733,1.0
CDKN2AIP,0.02387980500373388,0.9606299212598425,1.0
ING2,-0.4011805719463819,0.11811023622047244,1.0
RWDD4,-0.7527485360619246,0.25196850393700787,1.0
TRAPPC11,-0.4104810248317028,0.10236220472440945,1.0
LINC02362,0.5479143755817748,0.6377952755905512,1.0
IRF2,0.07930340372661515,0.5433070866141733,1.0
AC099343.3,1.5353359400118505,0.12598425196850394,1.0
CASP3,-0.3353520635168925,0.6141732283464567,1.0
PRIMPOL,-1.0735065595443583,0.07086614173228346,1.0
CENPU,0.21869138300896518,0.7716535433070866,1.0
ACSL1,0.47693018936787457,0.5118110236220472,1.0
SLC25A4,-0.5855086979424775,0.6062992125984252,1.0
CFAP97,-0.2438797122897407,0.1889763779527559,1.0
SNX25,-0.004205686615821769,1.0,1.0
LRP2BP,0.23213475441894227,0.6456692913385826,1.0
UFSP2,1.0273487086109112,0.4645669291338583,1.0
TLR3,0.13741151689331366,0.8031496062992126,1.0
CYP4V2,-0.31913958023872,0.4881889763779528,1.0
FRG1,-0.20743751896153384,0.47244094488188976,1.0
CCDC127,-0.11601607355081311,0.7795275590551181,1.0
SDHA,-0.10563273895323366,0.7244094488188977,1.0
PDCD6,-0.19376333026420944,0.5196850393700787,1.0
EXOC3,-0.008594670558935036,0.9763779527559056,1.0
PP7080,-0.6195828997378539,0.3858267716535433,1.0
CEP72,-0.2212132748001978,0.8188976377952756,1.0
TPPP,0.43349192597058783,0.6614173228346457,1.0
BRD9,0.9838790870947163,0.12598425196850394,1.0
TRIP13,0.6258986166125876,0.44881889763779526,1.0
SLC12A7,1.2841838137281862,0.09448818897637795,1.0
CLPTM1L,0.6878163406386424,0.023622047244094488,1.0
AC026748.1,0.6138697445043657,0.48031496062992124,1.0
LPCAT1,0.4907339516951019,0.5118110236220472,1.0
AC026412.1,0.8726677454672735,0.36220472440944884,1.0
MRPL36,-0.5375453411847064,0.33858267716535434,1.0
NDUFS6,0.43937476683402377,0.3228346456692913,1.0
ICE1,0.11670900446990373,0.5196850393700787,1.0
MED10,-0.5093760457252658,0.14960629921259844,1.0
NSUN2,-0.5781735318312169,0.031496062992125984,1.0
SRD5A1,0.31064144592312015,0.18110236220472442,1.0
PAPD7,0.26812980404532905,0.6141732283464567,1.0
MTRR,-0.48805676296475564,0.05511811023622047,1.0
FASTKD3,0.8300592170377437,0.4645669291338583,1.0
MIR4458HG,0.6793047945345503,0.3937007874015748,1.0
SEMA5A,0.5244021798105851,0.5118110236220472,1.0
FAM173B,-0.0006460979397782118,1.0,1.0
CCT5,0.2358642520375076,0.8188976377952756,1.0
MARCH6,-0.16968633269324673,0.5433070866141733,1.0
ANKRD33B,-0.012526438131848394,0.984251968503937,1.0
DAP,0.1487674760567277,0.8267716535433071,1.0
TRIO,-0.2599177140444011,0.7401574803149606,1.0
FAM105A,-0.24086633377254518,0.5748031496062992,1.0
CCT6P2,-0.7683007327394638,0.30708661417322836,1.0
EEF1A1P13,-0.7395416929959975,0.015748031496062992,1.0
OTULIN,-0.5787097529817951,0.10236220472440945,1.0
ANKH,0.4775539838862217,0.09448818897637795,1.0
ZNF622,-0.2716536353117309,0.4645669291338583,1.0
RETREG1,0.3796906659029915,0.49606299212598426,1.0
BASP1,1.888436338774055,0.08661417322834646,1.0
GUSBP1,-0.019334329882204404,1.0,1.0
HSPD1P1,0.8738591582624569,0.047244094488188976,1.0
AC010342.1,-0.3155441357672901,0.6535433070866141,1.0
MSNP1,-0.29253292178510826,0.33858267716535434,1.0
DROSHA,-0.10639501604819124,0.6377952755905512,1.0
C5orf22,-0.5107209605180412,0.2204724409448819,1.0
AC025458.1,-0.3441952111083877,0.5118110236220472,1.0
GOLPH3,-0.32634855826657727,0.047244094488188976,1.0
MTMR12,0.061033021638598584,0.8110236220472441,1.0
ZFR,-0.15304061575217087,0.47244094488188976,1.0
SUB1,0.2074665155859421,0.5511811023622047,1.0
AC010343.1,-0.04162414898540412,0.8346456692913385,1.0
TARS,0.06785781639321886,0.8503937007874016,1.0
AC138409.2,0.5974079977654445,0.4015748031496063,1.0
RAI14,1.2320016775735383,0.29133858267716534,1.0
RAD1,-0.46504245063107064,0.3779527559055118,1.0
BRIX1,-0.5513250755432537,0.2125984251968504,1.0
DNAJC21,-0.052817705002540905,0.8818897637795275,1.0
SPEF2,-0.4619325076972025,0.5905511811023622,1.0
IL7R,-0.3652684752422335,0.2992125984251969,1.0
LMBRD2,0.23925717335089924,0.3700787401574803,1.0
SKP2,-0.8050496415097195,0.13385826771653545,1.0
NADK2,-1.03150592726869,0.03937007874015748,1.0
NIPBL,-0.20245542916958037,0.33070866141732286,1.0
RPS4XP6,-0.6233923590865509,0.5196850393700787,1.0
C5orf42,-0.18627865958232848,0.6692913385826772,1.0
OFD1P17,-0.3316471896846531,0.8188976377952756,1.0
NUP155,-0.6428636220153017,0.09448818897637795,1.0
WDR70,-0.2650631076942229,0.3228346456692913,1.0
RICTOR,-0.21068220162350482,0.48031496062992124,1.0
FYB1,0.10987575319891185,0.47244094488188976,1.0
INTS6P1,0.6439717611316955,0.4251968503937008,1.0
TTC33,0.595356401335267,0.07086614173228346,1.0
PTGER4,0.27067259305741764,0.13385826771653545,1.0
PRKAA1,-0.3109807137562255,0.1968503937007874,1.0
RPL37,0.13286935344070727,0.6377952755905512,1.0
CARD6,0.8859800751252283,0.4566929133858268,1.0
OXCT1,0.5068785649375469,0.23622047244094488,1.0
C5orf51,-0.6099329173351897,0.14173228346456693,1.0
FBXO4,0.267633599607084,0.7795275590551181,1.0
CCDC152,-1.3307269975831726,0.14960629921259844,1.0
AC025171.1,0.2874202797506529,0.8267716535433071,1.0
ANXA2R,-0.024151277546335947,0.937007874015748,1.0
AC025171.2,-0.21797724262924323,0.5669291338582677,1.0
AC025171.4,1.27692689778105,0.13385826771653545,1.0
ZNF131,-0.2867094881354948,0.12598425196850394,1.0
HMGCS1,-0.2660036943573987,0.4330708661417323,1.0
CCL28,0.7583092681932726,0.3779527559055118,1.0
TMEM267,-0.8979364444642601,0.05511811023622047,1.0
C5orf34,-0.37330695180549656,0.5748031496062992,1.0
PAIP1,-0.3507112983260767,0.5196850393700787,1.0
NNT-AS1,-0.30227019063949534,0.5984251968503937,1.0
NNT,0.04228428736504153,0.8582677165354331,1.0
MRPS30,0.00785923706969971,0.9763779527559056,1.0
AC093297.2,-0.8557551156674643,0.2204724409448819,1.0
EMB,0.07664657484998116,0.6614173228346457,1.0
PARP8,-0.7232459437270133,0.08661417322834646,1.0
ITGA1,-0.3243987274707951,0.49606299212598426,1.0
PELO,-0.07631786820915654,0.8740157480314961,1.0
ITGA2,1.077041187803689,0.13385826771653545,1.0
MOCS2,-0.18480637807262745,0.5039370078740157,1.0
NDUFS4,0.13960152716968377,0.8661417322834646,1.0
ARL15,0.33860087550483575,0.5354330708661418,1.0
SNX18,0.22191805760002747,0.7086614173228346,1.0
GZMK,-0.276175714261794,0.6614173228346457,1.0
GZMA,0.24445850924852852,0.6771653543307087,1.0
DHX29,0.2623920644059021,0.4251968503937008,1.0
SKIV2L2,-0.04714810301292882,0.8582677165354331,1.0
PLPP1,-1.7295081235377752,0.047244094488188976,1.0
SLC38A9,0.8918055968527527,0.33070866141732286,1.0
IL6ST,-0.13427468153838795,0.7007874015748031,1.0
ANKRD55,0.4521772882587052,0.5669291338582677,1.0
RPL26P19,-0.2655822047769565,0.2440944881889764,1.0
MAP3K1,0.20354602518767173,0.6299212598425197,1.0
SETD9,-1.1582266457575408,0.13385826771653545,1.0
MIER3,-0.5312268005681426,0.3700787401574803,1.0
GPBP1,-0.02708313252741945,0.889763779527559,1.0
PLK2,-0.8416419229834835,0.2125984251968504,1.0
GAPT,-1.4409977197287491,0.4094488188976378,1.0
PDE4D,0.13832517399075783,0.8188976377952756,1.0
ERCC8,-0.25944667010290745,0.7559055118110236,1.0
NDUFAF2,0.07181495196208587,0.7401574803149606,1.0
SMIM15,0.4944866203321556,0.28346456692913385,1.0
ZSWIM6,-0.2545270644713167,0.5039370078740157,1.0
KIF2A,0.09024336306215108,0.5511811023622047,1.0
DIMT1,-0.3716064070449159,0.12598425196850394,1.0
IPO11,-0.4320692287397665,0.2440944881889764,1.0
SREK1IP1,0.002583528451745032,0.9921259842519685,1.0
CWC27,-0.20915756849435052,0.30708661417322836,1.0
ADAMTS6,0.28549024329660755,0.7086614173228346,1.0
CENPK,0.22153603799209787,0.7795275590551181,1.0
PPWD1,-0.14316843139367386,0.5748031496062992,1.0
TRIM23,0.12021372226320715,0.7795275590551181,1.0
TRAPPC13,-1.2060146014712112,0.015748031496062992,1.0
AC008560.1,0.10745017426881542,0.8582677165354331,1.0
SGTB,0.1505786940998508,0.25196850393700787,1.0
NLN,0.13003946906144703,0.8582677165354331,1.0
ERBIN,-0.0465512178800509,0.8346456692913385,1.0
SREK1,0.08322616767650093,0.6456692913385826,1.0
MAST4,0.6823027630082619,0.16535433070866143,1.0
PIK3R1,0.0035060092746181937,0.984251968503937,1.0
SLC30A5,-0.14406202332400753,0.6929133858267716,1.0
CCNB1,-0.5571251568545772,0.5354330708661418,1.0
CENPH,-0.20200367867441127,0.7086614173228346,1.0
MRPS36,-0.32137617072153546,0.1732283464566929,1.0
CDK7,0.21776493341184366,0.6929133858267716,1.0
CCDC125,0.49956751563854374,0.5669291338582677,1.0
AK6,-0.4944746506987334,0.47244094488188976,1.0
TAF9,0.41768917724091637,0.4015748031496063,1.0
RAD17,-0.027747629332586676,0.9291338582677166,1.0
GTF2H2C,0.6107861728825769,0.4645669291338583,1.0
SMN2,1.4851726722839862,0.23622047244094488,1.0
SMN1,-0.24294406891192377,0.6929133858267716,1.0
BDP1,-0.2813397267787572,0.2755905511811024,1.0
MCCC2,-0.09155241475120413,0.8503937007874016,1.0
MRPS27,0.020543384938827458,0.952755905511811,1.0
PTCD2,-0.4042243515100852,0.5039370078740157,1.0
TNPO1,0.06429839543825899,0.8110236220472441,1.0
FCHO2,-0.3184812730125004,0.7716535433070866,1.0
BTF3,-0.019305582369945284,0.952755905511811,1.0
ANKRA2,-0.10715233445927197,0.7795275590551181,1.0
UTP15,0.0010687840019123485,1.0,1.0
ENC1,1.503057138816493,0.13385826771653545,1.0
HEXB,0.840354669672795,0.6299212598425197,1.0
GFM2,-1.5487364470097709,0.03937007874015748,1.0
NSA2,0.022548123347389648,0.9448818897637795,1.0
FAM169A,0.1096424580826314,0.7480314960629921,1.0
GCNT4,0.27164839099626015,0.5669291338582677,1.0
ANKRD31,-1.1906570460232788,0.08661417322834646,1.0
HMGCR,-0.22905067547307922,0.41732283464566927,1.0
COL4A3BP,-0.3783324855008168,0.2125984251968504,1.0
POLK,0.17323662108818372,0.4645669291338583,1.0
AC010245.2,0.5941093799856709,0.4645669291338583,1.0
POC5,1.0821507974432603,0.4645669291338583,1.0
AC113404.3,-0.15043434728237326,0.6062992125984252,1.0
HMGN2P4,-0.3037403396238241,0.7637795275590551,1.0
IQGAP2,-0.17739139960303252,0.4645669291338583,1.0
F2R,0.2430271143848124,0.6771653543307087,1.0
F2RL1,-0.5406023115967376,0.5433070866141733,1.0
AGGF1,0.1633305917499035,0.7559055118110236,1.0
ZBED3,1.3769939280243602,0.1732283464566929,1.0
WDR41,0.4621637437902222,0.5118110236220472,1.0
RPL7P23,-0.0952630061935853,0.9291338582677166,1.0
TBCA,0.14193085824702312,0.6692913385826772,1.0
ACTBP2,-0.24956443602827072,0.7401574803149606,1.0
AP3B1,0.2873081071273651,0.4645669291338583,1.0
SCAMP1-AS1,-0.677219112716573,0.25984251968503935,1.0
SCAMP1,0.20280296032531542,0.5984251968503937,1.0
LHFPL2,0.9787855391175355,0.44881889763779526,1.0
ARSB,0.6403767430686127,0.4881889763779528,1.0
JMY,-0.2025252324362521,0.6850393700787402,1.0
HOMER1,0.5484927088809044,0.48031496062992124,1.0
PAPD4,-0.17174472795323137,0.5905511811023622,1.0
MTX3,0.1537175066926535,0.7637795275590551,1.0
SERINC5,0.08138047559214545,0.84251968503937,1.0
RBMX2P5,0.6932766647352437,0.5118110236220472,1.0
ZFYVE16,0.04846809345325909,0.968503937007874,1.0
DHFR,-1.467461743975016,0.023622047244094488,1.0
MSH3,0.8433034172126375,0.2440944881889764,1.0
RASGRF2,-0.7910478278245101,0.07874015748031496,1.0
CKMT2-AS1,0.9818254508895528,0.3700787401574803,1.0
ZCCHC9,0.118176800938393,0.84251968503937,1.0
SSBP2,-0.31849174480755504,0.7007874015748031,1.0
SEM1P1,-0.22903145124215096,0.6299212598425197,1.0
ATG10,-0.5181914055304415,0.11811023622047244,1.0
RPS23,-0.30775044862902057,0.1732283464566929,1.0
ATP6AP1L,-0.07899528075954065,0.952755905511811,1.0
TMEM167A,0.03582957276612664,0.9291338582677166,1.0
XRCC4,-0.31177256007487575,0.41732283464566927,1.0
VCAN,-0.8476354550671952,0.4645669291338583,1.0
RPL5P17,-0.1327737075427451,0.8346456692913385,1.0
AC026700.1,-0.2602348841347999,0.8110236220472441,1.0
COX7C,0.10552029471737612,0.6771653543307087,1.0
AC091429.1,-0.22597385347351295,0.6535433070866141,1.0
RASA1,-0.10034961690356337,0.8188976377952756,1.0
AC018754.1,-1.0345741693889594,0.2440944881889764,1.0
CCNH,-0.30609427216865814,0.3543307086614173,1.0
TMEM161B,0.009040152663572165,0.9448818897637795,1.0
TMEM161B-AS1,-0.6091668133749177,0.3858267716535433,1.0
MEF2C,-0.2173071687471877,0.8110236220472441,1.0
CETN3,0.5574788074771306,0.8110236220472441,1.0
MBLAC2,-1.3153131204386188,0.023622047244094488,1.0
POLR3G,-0.030422345031015485,0.9763779527559056,1.0
LYSMD3,-0.5723276747808219,0.031496062992125984,1.0
ARRDC3,-0.12417397915662409,0.6456692913385826,1.0
FAM172A,0.1604392780207693,0.7559055118110236,1.0
NPM1P27,-0.2084173362210091,0.1968503937007874,1.0
KIAA0825,-0.21877621295431848,0.7716535433070866,1.0
SLF1,-0.02746152086128273,0.937007874015748,1.0
MCTP1,-0.07592397722106647,0.9448818897637795,1.0
TTC37,-0.08134038799486376,0.6771653543307087,1.0
ARSK,-0.3503855372109079,0.5826771653543307,1.0
RFESD,1.353307151908599,0.1889763779527559,1.0
RHOBTB3,-0.8031732944195037,0.33858267716535434,1.0
GLRX,0.05460085255116631,0.952755905511811,1.0
ELL2,-0.10970062308668638,0.8503937007874016,1.0
CAST,-0.019595953327613103,0.905511811023622,1.0
ERAP1,-0.48070909971874354,0.1732283464566929,1.0
AC009126.1,0.13446133337362443,0.8582677165354331,1.0
ERAP2,-0.05775930569928622,0.952755905511811,1.0
LNPEP,-0.009441811517520549,0.984251968503937,1.0
RIOK2,0.39082444181661646,0.5039370078740157,1.0
AC116347.1,-0.7568848465562863,0.25984251968503935,1.0
RGMB,-0.4087069781062187,0.6850393700787402,1.0
CHD1,-0.14475495085211776,0.33070866141732286,1.0
FAM174A,-0.01960762293390994,0.9606299212598425,1.0
ST8SIA4,0.5712931803991674,0.06299212598425197,1.0
PAM,0.07165531798334701,0.8818897637795275,1.0
GIN1,0.16606760239034823,0.7559055118110236,1.0
PPIP5K2,0.2643598245118044,0.6692913385826772,1.0
C5orf30,-0.3289275747339182,0.7874015748031497,1.0
FBXL17,-0.4698575562804779,0.09448818897637795,1.0
AC133134.1,-0.14932357950687103,0.7401574803149606,1.0
FER,0.9918747745531107,0.36220472440944884,1.0
AC034207.1,0.41979970140442124,0.5275590551181102,1.0
PJA2,-0.12871797834409993,0.7244094488188977,1.0
MAN2A1,0.3667195126879381,0.15748031496062992,1.0
SLC25A46,-0.2631975947125609,0.6299212598425197,1.0
BCLAF1P1,-1.336913123304258,0.07874015748031496,1.0
WDR36,-0.1249714557875592,0.6141732283464567,1.0
AC010468.1,0.5750260334195714,0.33858267716535434,1.0
CAMK4,-0.15964671876946834,0.5196850393700787,1.0
STARD4,-0.5455249969062832,0.3700787401574803,1.0
NREP,-0.4499852675736393,0.5984251968503937,1.0
EPB41L4A-AS1,-0.3014110813417048,0.4566929133858268,1.0
APC,0.15051813546742743,0.5748031496062992,1.0
SRP19,0.6369439608152012,0.3464566929133858,1.0
REEP5,0.19806634412101864,0.6141732283464567,1.0
DCP2,-0.03084793258402918,0.937007874015748,1.0
MCC,0.11555619489312763,0.8346456692913385,1.0
YTHDC2,-0.1823221266214663,0.5826771653543307,1.0
PGGT1B,-0.03386632831840686,0.889763779527559,1.0
CCDC112,0.5717868479230512,0.6614173228346457,1.0
FEM1C,0.02774033735907011,0.952755905511811,1.0
TMED7,-0.13440903389605285,0.7480314960629921,1.0
ATG12,0.10318321897826976,0.7637795275590551,1.0
AP3S1,-0.06363806641502023,0.8346456692913385,1.0
AC034236.1,-0.17936459068727117,0.4409448818897638,1.0
COMMD10,-0.10708972960856311,0.7795275590551181,1.0
RPS14P8,-1.2447842773150224,0.05511811023622047,1.0
DTWD2,-0.4763552226444201,0.5590551181102362,1.0
PTMAP2,-0.05019365839688916,0.8818897637795275,1.0
MIR1244-2,-0.41596187448187294,0.18110236220472442,1.0
DMXL1,0.005055512174240384,0.9921259842519685,1.0
TNFAIP8,0.05174917936034262,0.8346456692913385,1.0
HSD17B4,-0.06529171792724586,0.8661417322834646,1.0
SRFBP1,-0.14305459712131707,0.7716535433070866,1.0
SNX2,-0.5372332416573977,0.1968503937007874,1.0
SNX24,0.7611539004828152,0.25196850393700787,1.0
CEP120,-0.08223566510335001,0.5590551181102362,1.0
CSNK1G3,0.10883434200109665,0.6692913385826772,1.0
GRAMD2B,0.14503757763955338,0.48031496062992124,1.0
PHAX,-0.20431871570766713,0.6220472440944882,1.0
LMNB1,0.46754840419648325,0.1732283464566929,1.0
MARCH3,0.21552263642169756,0.7795275590551181,1.0
C5orf63,-2.0523748094248244,0.023622047244094488,1.0
PRRC1,-0.27705659910113845,0.4094488188976378,1.0
LINC01184,0.2932197101031395,0.4881889763779528,1.0
SLC12A2,0.2468495924676155,0.5196850393700787,1.0
ISOC1,0.06598496376077634,0.9133858267716536,1.0
AC113367.1,-0.49186137519966966,0.33858267716535434,1.0
HINT1,0.15269263028072544,0.4645669291338583,1.0
LYRM7,0.035670419886974614,0.905511811023622,1.0
CDC42SE2,0.01720759223485402,0.8503937007874016,1.0
RAPGEF6,-0.15987862439172762,0.5748031496062992,1.0
FNIP1,-0.3140307350079832,0.29133858267716534,1.0
ACSL6,0.09330646653004315,0.7716535433070866,1.0
SLC22A5,-0.13392760875385168,0.8188976377952756,1.0
C5orf56,-0.04552455038054326,0.9606299212598425,1.0
AC116366.1,-0.7285533719296065,0.3700787401574803,1.0
IRF1,-0.5113840565788514,0.10236220472440945,1.0
RAD50,-0.36609288036675247,0.7637795275590551,1.0
KIF3A,-0.33567439238987706,0.2204724409448819,1.0
CCNI2,-0.7600249650082042,0.4330708661417323,1.0
SEPT8,-0.30028776898365495,0.5905511811023622,1.0
SHROOM1,0.6277236841779438,0.41732283464566927,1.0
UQCRQ,0.14207031099989997,0.4409448818897638,1.0
AFF4,-0.46277986809862526,0.2440944881889764,1.0
ZCCHC10,-0.3984437129776719,0.2677165354330709,1.0
HSPA4,0.2956741916860661,0.1889763779527559,1.0
C5orf15,0.3822534025488711,0.3543307086614173,1.0
VDAC1,0.32868552018349906,0.33858267716535434,1.0
TCF7,0.2345885358328328,0.4251968503937008,1.0
SKP1,-0.12939688525967696,0.5590551181102362,1.0
PPP2CA,0.009512684858723475,0.9606299212598425,1.0
UBE2B,0.0734866779048522,0.8110236220472441,1.0
CDKN2AIPNL,-0.003960241142107357,0.9763779527559056,1.0
JADE2,-0.19145379712025523,0.6850393700787402,1.0
SAR1B,-0.36916806001642577,0.25984251968503935,1.0
SEC24A,-0.4490165824252541,0.15748031496062992,1.0
CAMLG,-0.13202325058223785,0.6220472440944882,1.0
DDX46,0.3384264059971773,0.09448818897637795,1.0
C5orf24,-0.07659221759011281,0.8346456692913385,1.0
TXNDC15,0.02412116990805746,0.984251968503937,1.0
PCBD2,-0.39107285054730934,0.5905511811023622,1.0
MTND5P11,0.5858718743942932,0.25984251968503935,1.0
MTND4P12,0.14690992691768523,0.8976377952755905,1.0
H2AFY,0.22996882225126214,0.4645669291338583,1.0
TGFBI,0.173746752687169,0.7795275590551181,1.0
SMAD5,-0.18391856110839733,0.6850393700787402,1.0
KLHL3,0.2933334016445146,0.44881889763779526,1.0
HNRNPA0,-0.06392313594218368,0.6535433070866141,1.0
FAM13B,-0.4213998599764208,0.11023622047244094,1.0
BRD8,-0.18234281728337187,0.7322834645669292,1.0
CDC23,0.7854010414098473,0.5275590551181102,1.0
FAM53C,0.16245277972131777,0.9291338582677166,1.0
KDM3B,0.29191181327624705,0.33858267716535434,1.0
EGR1,-1.4226876547632168,0.05511811023622047,1.0
ETF1,0.19873138690024295,0.4094488188976378,1.0
HSPA9,0.014806913025763535,0.8976377952755905,1.0
CTNNA1,0.6405251307335318,0.41732283464566927,1.0
SIL1,-0.1307048657451111,0.905511811023622,1.0
MATR3,-0.06624538199000796,0.6850393700787402,1.0
PAIP2,-0.46556221393792896,0.1732283464566929,1.0
MZB1,0.5149565915657393,0.7086614173228346,1.0
SPATA24,1.5397642406207892,0.07086614173228346,1.0
DNAJC18,0.9117809126287431,0.03937007874015748,1.0
TMEM173,0.31039599194525636,0.13385826771653545,1.0
UBE2D2,0.24805057672869246,0.07086614173228346,1.0
CXXC5,-0.27328344571462004,0.7952755905511811,1.0
MALINC1,-0.8754100217602867,0.3228346456692913,1.0
PURA,-0.2925103756436114,0.3858267716535433,1.0
IGIP,-0.08155919067782058,0.9448818897637795,1.0
CYSTM1,2.3501196496980707,0.015748031496062992,1.0
PFDN1,0.25293652970761293,0.4330708661417323,1.0
HBEGF,0.8736449335029701,0.36220472440944884,1.0
ANKHD1,-0.1018826718525827,0.8818897637795275,1.0
SRA1,-0.26921552344063215,0.5118110236220472,1.0
APBB3,-0.19657810631190742,0.49606299212598426,1.0
SLC35A4,0.48104070105276975,0.25984251968503935,1.0
NDUFA2,0.3060345503005184,0.33858267716535434,1.0
TMCO6,-0.19063031079681414,0.8740157480314961,1.0
IK,0.3582769263555514,0.1968503937007874,1.0
WDR55,0.2070975566453921,0.49606299212598426,1.0
HARS,0.10293440615234584,0.8503937007874016,1.0
HARS2,0.02067275319382489,0.9448818897637795,1.0
ZMAT2,-0.01535506674538123,0.9606299212598425,1.0
TAF7,-0.24222425039164364,0.2677165354330709,1.0
DIAPH1,0.061834986105305134,0.7559055118110236,1.0
HDAC3,0.12217409654564193,0.4645669291338583,1.0
FCHSD1,0.20177846156836443,0.7874015748031497,1.0
ARAP3,-0.9972300374522267,0.2677165354330709,1.0
PCDH1,0.46271751211034484,0.6692913385826772,1.0
KIAA0141,0.17044866780499301,0.48031496062992124,1.0
PCDH12,0.4323312745028939,0.5433070866141733,1.0
RNF14,0.1781373834887514,0.5905511811023622,1.0
GNPDA1,-0.45633338139246327,0.33070866141732286,1.0
NDFIP1,0.013194440492939385,0.9606299212598425,1.0
AC091825.1,-0.5367180750878391,0.13385826771653545,1.0
ARHGAP26,-0.09889799991895565,0.8267716535433071,1.0
NR3C1,0.04498169738114566,0.8031496062992126,1.0
YIPF5,-0.10155052507844964,0.7244094488188977,1.0
PRELID2,0.8569567788125018,0.1968503937007874,1.0
LARS,0.07400337780684296,0.8976377952755905,1.0
RBM27,-0.06783305755484292,0.8031496062992126,1.0
TCERG1,-0.2929629257765125,0.11811023622047244,1.0
PPP2R2B,0.028899672801807164,0.968503937007874,1.0
JAKMIP2,-0.10212156228749114,0.8976377952755905,1.0
FBXO38,-0.29108588417600423,0.4409448818897638,1.0
ADRB2,-0.2554537939788464,0.8188976377952756,1.0
GRPEL2,0.28536515500866244,0.4645669291338583,1.0
PCYOX1L,0.33004911425450345,0.33858267716535434,1.0
CSNK1A1,-0.07196283916440116,0.8582677165354331,1.0
AC021078.1,0.22375174619845506,0.5354330708661418,1.0
PPARGC1B,-0.3416887394294923,0.6692913385826772,1.0
AC008427.1,-0.7219293032750883,0.25196850393700787,1.0
SLC26A2,0.11193823318148688,0.7401574803149606,1.0
HMGXB3,0.8010084677220437,0.6929133858267716,1.0
CSF1R,-0.027855562308793713,0.952755905511811,1.0
RPL7P1,-0.1897305352121288,0.7086614173228346,1.0
PDGFRB,0.12731513627273405,0.889763779527559,1.0
TCOF1,0.2332141836181556,0.09448818897637795,1.0
CD74,0.4943567602261165,0.29133858267716534,1.0
RPS14,-0.12662793949712636,0.84251968503937,1.0
SYNPO,1.3000472757931105,0.03937007874015748,1.0
RBM22,-0.08600756669236631,0.5905511811023622,1.0
DCTN4,0.23106650737271384,0.3858267716535433,1.0
SMIM3,-0.00748708072675619,0.9763779527559056,1.0
IRGM,0.00061409390848155,1.0,1.0
TNIP1,0.44080194832218744,0.5196850393700787,1.0
ANXA6,0.6184195378972213,0.23622047244094488,1.0
CCDC69,0.2944507755293113,0.2755905511811024,1.0
GM2A,0.5498166363917849,0.23622047244094488,1.0
SLC36A1,1.5065810372887287,0.06299212598425197,1.0
SPARC,1.295861843603113,0.4409448818897638,1.0
AC011374.2,0.7738552804380545,0.29133858267716534,1.0
ATOX1,0.29361838848134836,0.49606299212598426,1.0
RPLP1P6,0.9476548816199388,0.2677165354330709,1.0
G3BP1,0.08267848941935618,0.6929133858267716,1.0
FAM114A2,-0.13760590579068044,0.7086614173228346,1.0
MFAP3,1.1963877694421667,0.1968503937007874,1.0
GALNT10,0.03845786191437739,0.7165354330708661,1.0
SAP30L-AS1,0.5804257238197743,0.4566929133858268,1.0
SAP30L,-0.21704250953687065,0.5748031496062992,1.0
CIR1P1,-0.2548110286158387,0.7874015748031497,1.0
LARP1,0.17273639792284978,0.33070866141732286,1.0
CNOT8,-0.10739597810813173,0.8267716535433071,1.0
GEMIN5,-0.5210983252268555,0.29133858267716534,1.0
MRPL22,-0.3816641400733376,0.5590551181102362,1.0
AC008725.1,0.7124903748556899,0.4409448818897638,1.0
PPP1R2P3,0.11188856009370429,0.7559055118110236,1.0
HAVCR2,0.529956160807358,0.47244094488188976,1.0
MED7,0.2495612746400795,0.7559055118110236,1.0
ITK,0.09975754414737636,0.6377952755905512,1.0
CYFIP2,0.27322065498587467,0.11023622047244094,1.0
ADAM19,0.7156689198881985,0.16535433070866143,1.0
THG1L,0.08687042976742365,0.9291338582677166,1.0
LSM11,-0.1248166396734014,0.8110236220472441,1.0
CLINT1,-0.005344164565602938,0.9763779527559056,1.0
AC008677.2,-0.024633060987412136,0.9606299212598425,1.0
RNF145,0.2069497685675472,0.2992125984251969,1.0
UBLCP1,0.3360198618615531,0.31496062992125984,1.0
GAPDHP40,0.9409572664036645,0.28346456692913385,1.0
TTC1,0.4555740449700414,0.11811023622047244,1.0
PWWP2A,-0.40111826447321963,0.3543307086614173,1.0
AC112191.2,-0.03796346533046524,0.952755905511811,1.0
SLU7,-0.042027957540858196,0.9212598425196851,1.0
PTTG1,-0.0021364762730469167,1.0,1.0
MIR3142HG,0.21294625664820765,0.7952755905511811,1.0
CCNG1,-0.08180782419363464,0.6614173228346457,1.0
NUDCD2,0.003073818066972933,0.9921259842519685,1.0
MAT2B,-0.044236993599817254,0.952755905511811,1.0
AC026403.1,0.19653540186930485,0.6929133858267716,1.0
WWC1,0.6419251768844647,0.31496062992125984,1.0
RARS,-0.8823993073468497,0.031496062992125984,1.0
PANK3,-0.06491871638169577,0.7952755905511811,1.0
RPL10P9,-0.18226525483903888,0.7795275590551181,1.0
SPDL1,0.5103832528984968,0.25196850393700787,1.0
DOCK2,0.32449933039971945,0.15748031496062992,1.0
LCP2,0.21336964136034808,0.33070866141732286,1.0
NPM1,-0.0105130071653452,0.937007874015748,1.0
FBXW11,-0.2292741975547825,0.5984251968503937,1.0
STK10,0.029539091319223054,0.8661417322834646,1.0
UBTD2,0.36365951833453636,0.23622047244094488,1.0
NEURL1B,1.6944748803723342,0.05511811023622047,1.0
AC027309.2,-0.12430251183330654,0.5748031496062992,1.0
DUSP1,-0.2610131689216608,0.7007874015748031,1.0
ERGIC1,-0.2227292057713175,0.5196850393700787,1.0
RPL26L1,1.3617265811198722,0.13385826771653545,1.0
AC008429.2,0.21344526122065588,0.5669291338582677,1.0
ATP6V0E1,0.24317757945911822,0.2204724409448819,1.0
CREBRF,-0.11546782821166168,0.4251968503937008,1.0
BNIP1,1.7842359801890388,0.015748031496062992,1.0
BOD1,-0.5309179913454716,0.5826771653543307,1.0
CPEB4,0.18556012518679132,0.4566929133858268,1.0
SFXN1,0.18824140619024643,0.3858267716535433,1.0
HRH2,0.7280258637305024,0.31496062992125984,1.0
THOC3,-0.616116271238881,0.10236220472440945,1.0
FAM153B,-0.9330860820054319,0.4251968503937008,1.0
SIMC1,-0.8060366997769672,0.15748031496062992,1.0
KIAA1191,-0.5267146816630568,0.03937007874015748,1.0
ARL10,1.1747281295855965,0.05511811023622047,1.0
NOP16,-0.1840608355860862,0.8503937007874016,1.0
HIGD2A,0.33900264601099206,0.31496062992125984,1.0
CLTB,0.4550501959648581,0.6535433070866141,1.0
FAF2,0.4859832588660895,0.33070866141732286,1.0
RNF44,-0.12785295582922718,0.49606299212598426,1.0
TSPAN17,0.8486859851947313,0.5354330708661418,1.0
UIMC1,0.13330348222623467,0.3700787401574803,1.0
ZNF346,0.45919970315000347,0.6377952755905512,1.0
NSD1,0.523342025713986,0.12598425196850394,1.0
RAB24,-0.3921613068227048,0.6220472440944882,1.0
PRELID1,-0.3349466234836469,0.6220472440944882,1.0
LMAN2,0.2913081402440172,0.2755905511811024,1.0
RGS14,0.2073638003057443,0.8188976377952756,1.0
GRK6,-0.20719723349270858,0.889763779527559,1.0
PRR7,0.13050052840443582,0.8582677165354331,1.0
DBN1,-0.509661764474878,0.41732283464566927,1.0
PDLIM7,1.6702112227024175,0.23622047244094488,1.0
DOK3,-0.22200396342960627,0.8031496062992126,1.0
DDX41,-0.10471488036067811,0.8110236220472441,1.0
FAM193B,-0.9783348976912265,0.1968503937007874,1.0
TMED9,0.09515061823884796,0.7952755905511811,1.0
B4GALT7,1.0452003577763527,0.15748031496062992,1.0
FAM153A,0.35722933315122996,0.7165354330708661,1.0
AC106795.1,0.06964026730267125,0.9212598425196851,1.0
SUDS3P1,1.39039997012463,0.07086614173228346,1.0
AC136632.1,0.12301099940955851,0.6929133858267716,1.0
RMND5B,-0.41085292085788305,0.4566929133858268,1.0
NHP2,0.04720524074359833,0.952755905511811,1.0
HNRNPAB,-0.15427393174637505,0.3700787401574803,1.0
PHYKPL,0.1539754911477047,0.47244094488188976,1.0
CLK4,-0.1866600055827936,0.41732283464566927,1.0
ZNF354A,0.16483297257124097,0.47244094488188976,1.0
ZNF354B,0.2747012572367815,0.29133858267716534,1.0
ZNF879,0.010778088075638959,0.984251968503937,1.0
ZNF354C,0.9852735236393775,0.29133858267716534,1.0
RUFY1,-0.033317057428727814,0.9212598425196851,1.0
HNRNPH1,-0.27425275812004024,0.10236220472440945,1.0
CANX,-0.16985371738472033,0.3228346456692913,1.0
MAML1,0.09693328420163105,0.5984251968503937,1.0
MGAT4B,-0.7188899741816694,0.5275590551181102,1.0
SQSTM1,-1.1790209099552103,0.08661417322834646,1.0
MRNIP,0.2012312647516108,0.7637795275590551,1.0
TBC1D9B,0.5286336044772213,0.13385826771653545,1.0
RNF130,0.29435819597490553,0.5354330708661418,1.0
MAPK9,-0.004638374475830709,1.0,1.0
AC008610.1,0.6229765353430996,0.48031496062992124,1.0
CNOT6,0.21093604030787727,0.5905511811023622,1.0
FLT4,1.036225961664597,0.1889763779527559,1.0
MGAT1,0.2797688557665845,0.5275590551181102,1.0
HEIH,-1.2245191629398242,0.07874015748031496,1.0
LINC00847,-0.010027524900962703,0.984251968503937,1.0
ZFP62,0.08173435586770417,0.8661417322834646,1.0
BTNL9,-0.5060604139055971,0.7637795275590551,1.0
TRIM41,-0.32753042446020064,0.4251968503937008,1.0
RACK1,-0.01497442178723496,0.968503937007874,1.0
TRIM52,-0.16993765849885456,0.5354330708661418,1.0
TRIM52-AS1,0.0871451269250505,0.84251968503937,1.0
DUSP22,-0.099298364141446,0.8818897637795275,1.0
IRF4,0.8721758428038768,0.2440944881889764,1.0
EXOC2,-0.4035387436891531,0.48031496062992124,1.0
HUS1B,0.8466349738742931,0.18110236220472442,1.0
AL357054.4,1.0701768807951306,0.2125984251968504,1.0
FOXC1,1.8873452165537863,0.05511811023622047,1.0
GMDS,0.3716388097574961,0.5118110236220472,1.0
GMDS-AS1,-0.10315234188505107,0.937007874015748,1.0
WRNIP1,-0.17424591513640486,0.7007874015748031,1.0
SERPINB1,0.013776823414248796,0.952755905511811,1.0
SERPINB9P1,-2.0023516549819385,0.023622047244094488,1.0
SERPINB9,0.11555934826819758,0.7637795275590551,1.0
SERPINB6,0.023621987233547692,0.9606299212598425,1.0
LINC01011,-0.659087270511233,0.25196850393700787,1.0
NQO2,0.4906318116086301,0.1968503937007874,1.0
RIPK1,0.07722447752965156,0.7244094488188977,1.0
TUBB2A,0.17183629584188598,0.8661417322834646,1.0
PSMG4,0.12460253988757763,0.7874015748031497,1.0
PXDC1,1.0828216715355712,0.29133858267716534,1.0
FAM50B,-0.06237893489189483,0.905511811023622,1.0
GLRX3P2,0.9331511768044427,0.3228346456692913,1.0
PRPF4B,-0.19574602157337395,0.3543307086614173,1.0
ECI2,-0.5483057225269983,0.2283464566929134,1.0
CDYL,-0.41316167928092806,0.5118110236220472,1.0
RPP40,0.10154909019091862,0.9133858267716536,1.0
LYRM4,0.6043494832201706,0.2204724409448819,1.0
FARS2,0.6205423055713668,0.11811023622047244,1.0
AL136968.2,-0.6197402405062356,0.2125984251968504,1.0
F13A1,-0.46645917897339273,0.8818897637795275,1.0
LY86,-0.1337364333451927,0.937007874015748,1.0
BTF3P7,-0.11134880763201949,0.8818897637795275,1.0
RREB1,-0.2027471995411272,0.29133858267716534,1.0
SSR1,0.1880678300532752,0.3858267716535433,1.0
AL139095.2,-0.8592699492962805,0.11811023622047244,1.0
RIOK1,-0.05982055365086225,0.7874015748031497,1.0
DSP,0.5787924976493031,0.5118110236220472,1.0
SNRNP48,-0.6291566544477352,0.15748031496062992,1.0
BLOC1S5,1.113065200709607,0.47244094488188976,1.0
EEF1E1,1.580282822009221,0.15748031496062992,1.0
SLC35B3,0.23433595618190006,0.5984251968503937,1.0
GCNT2,0.14540066874183522,0.8031496062992126,1.0
PAK1IP1,-0.12156300412018872,0.8740157480314961,1.0
TMEM14C,0.21028328129548512,0.47244094488188976,1.0
TMEM14B,-0.3437297112669908,0.4094488188976378,1.0
MAK,0.0925936126500817,0.905511811023622,1.0
SMIM13,0.07657197002014371,0.889763779527559,1.0
NEDD9,0.1572415882455207,0.6377952755905512,1.0
TMEM170B,-1.1458569168921158,0.14960629921259844,1.0
ADTRP,0.19880936434182894,0.8110236220472441,1.0
HIVEP1,0.7670233052666866,0.14960629921259844,1.0
RPL15P3,-0.02974659733783991,0.9212598425196851,1.0
PHACTR1,-0.1386295876625907,0.5905511811023622,1.0
TBC1D7,-0.8444918485204553,0.3700787401574803,1.0
GFOD1,-0.1592479262079105,0.8188976377952756,1.0
RPS4XP7,-1.821405106386129,0.03937007874015748,1.0
SIRT5,-0.31025087992129796,0.5826771653543307,1.0
NOL7,-0.039030754652972455,0.8267716535433071,1.0
RANBP9,0.016265995299370672,0.9291338582677166,1.0
MCUR1,0.028093411387677847,0.905511811023622,1.0
CD83,-0.10136825265426275,0.8976377952755905,1.0
AL109914.1,1.2937897263085516,0.07874015748031496,1.0
JARID2,0.26398050009484386,0.49606299212598426,1.0
DTNBP1,-0.4898823266625061,0.31496062992125984,1.0
ARPC3P5,-1.337040018096077,0.10236220472440945,1.0
MYLIP,-0.48526105777741435,0.10236220472440945,1.0
ATXN1,0.05964689259353673,0.7559055118110236,1.0
AL137003.2,0.5259580322993331,0.5196850393700787,1.0
FAM8A1,0.16129431834901542,0.5118110236220472,1.0
NUP153,0.09023279859832023,0.8740157480314961,1.0
TPMT,-0.0596581046089506,0.7007874015748031,1.0
KDM1B,0.2914674662753387,0.6456692913385826,1.0
DEK,0.0728409157653438,0.7401574803149606,1.0
RNF144B,-0.5821359984587955,0.5590551181102362,1.0
MBOAT1,-0.5361846724874062,0.5511811023622047,1.0
E2F3,0.1972893689827515,0.5905511811023622,1.0
CDKAL1,0.7397459950741352,0.05511811023622047,1.0
SOX4,1.0089618989306612,0.11811023622047244,1.0
MRS2,0.10328006480976537,0.7952755905511811,1.0
ALDH5A1,0.6989673790498054,0.30708661417322836,1.0
TDP2,0.43110475892332456,0.30708661417322836,1.0
ACOT13,-0.636725230382714,0.28346456692913385,1.0
AL031775.1,0.8992712011261643,0.23622047244094488,1.0
C6orf62,-0.2281210088740826,0.18110236220472442,1.0
GMNN,1.0448908142392441,0.33070866141732286,1.0
RIPOR2,-0.08735788290950275,0.8503937007874016,1.0
AL160400.1,-0.9259666874598658,0.05511811023622047,1.0
CMAHP,0.39170279818462106,0.4645669291338583,1.0
AL133268.1,0.25464276359678406,0.7637795275590551,1.0
CARMIL1,0.8399222228786545,0.4330708661417323,1.0
TRIM38,0.10985763643498192,0.5275590551181102,1.0
U91328.2,-0.3666551280572671,0.6377952755905512,1.0
HIST1H3A,0.8566097278296452,0.25984251968503935,1.0
HIST1H1C,-0.22044177499025563,0.7637795275590551,1.0
HFE,1.3128057529657895,0.03937007874015748,1.0
HIST1H4C,0.25889500626870454,0.6850393700787402,1.0
HIST1H2AC,0.44916512697395117,0.3858267716535433,1.0
HIST1H1E,1.9039387071145937,0.015748031496062992,1.0
HIST1H2BD,0.15558675598495997,0.7795275590551181,1.0
AL353759.1,0.20811471899893985,0.7795275590551181,1.0
HIST1H4E,1.1888221620024602,0.015748031496062992,1.0
HIST1H2BG,-0.38561878433319663,0.4645669291338583,1.0
HIST1H2AE,-0.4474033362992669,0.49606299212598426,1.0
HIST1H1D,0.4067258553752784,0.6535433070866141,1.0
HIST1H4H,-0.8310127414939537,0.07086614173228346,1.0
BTN3A2,0.16499890591808608,0.7637795275590551,1.0
BTN2A2,0.8046764407110936,0.4251968503937008,1.0
BTN3A1,0.25587911637082605,0.3228346456692913,1.0
BTN2A3P,0.6324563604493721,0.36220472440944884,1.0
BTN3A3,-0.30663436940482036,0.36220472440944884,1.0
BTN2A1,-0.32995075643162863,0.3228346456692913,1.0
HCG11,-0.23479400450993726,0.84251968503937,1.0
HMGN4,-0.42473952573340057,0.2047244094488189,1.0
ABT1,0.03798849948785943,0.905511811023622,1.0
ZNF322,-0.4749192027181859,0.6062992125984252,1.0
HIST1H2BJ,-0.9840388830957308,0.33858267716535434,1.0
HIST1H2AG,-0.1975168734028101,0.8661417322834646,1.0
HIST1H4I,0.6838049830977657,0.07086614173228346,1.0
ZNF204P,-0.40852181914624364,0.4645669291338583,1.0
ZNF391,-1.0961278015260054,0.2125984251968504,1.0
ZNF184,0.1998404501974438,0.4094488188976378,1.0
HIST1H2BN,0.37701630903708216,0.7007874015748031,1.0
AL121944.1,-0.11829104763023945,0.7952755905511811,1.0
ZNF165,-1.11663611501799,0.4409448818897638,1.0
ZSCAN16-AS1,0.9203687469685686,0.5354330708661418,1.0
ZSCAN16,-0.23702339914295978,0.6377952755905512,1.0
ZKSCAN8,-0.7394014646386955,0.15748031496062992,1.0
ZSCAN9,0.22817167518614,0.8661417322834646,1.0
ZKSCAN4,-0.7084620141970805,0.4330708661417323,1.0
ZSCAN26,-1.6034875248252,0.015748031496062992,1.0
PGBD1,0.23600625760086635,0.7874015748031497,1.0
ZSCAN31,-0.514344133857496,0.5275590551181102,1.0
ZKSCAN3,-0.03574565106449512,0.9133858267716536,1.0
ZSCAN12,0.2062002232112634,0.8188976377952756,1.0
TRIM27,-0.3494042758981841,0.4015748031496063,1.0
GABBR1,0.3373453985072965,0.7637795275590551,1.0
SUMO2P1,-0.05778977665363394,0.9448818897637795,1.0
ZFP57,0.4123278908261523,0.6692913385826772,1.0
HLA-F,0.28188592993726136,0.3700787401574803,1.0
HLA-F-AS1,0.028035955401180424,1.0,1.0
IFITM4P,-1.0658880146407304,0.1968503937007874,1.0
HLA-V,-1.4184388624931412,0.29133858267716534,1.0
HLA-A,0.32839055758934066,0.15748031496062992,1.0
ZNRD1ASP,-0.6797351211019113,0.3858267716535433,1.0
ZNRD1,0.28248713486706123,0.49606299212598426,1.0
PPP1R11,-0.004927742762988352,1.0,1.0
TRIM26,0.3416355272221443,0.3779527559055118,1.0
AL662795.2,-0.13547034169510663,0.7480314960629921,1.0
HCG18,0.031400720131038895,0.968503937007874,1.0
TRIM39,0.18767618285205767,0.6692913385826772,1.0
RPP21,-0.5480493815886083,0.5748031496062992,1.0
RANP1,-0.48118326562302904,0.1732283464566929,1.0
HLA-E,-0.1316322563164487,0.7637795275590551,1.0
GNL1,-0.37135458081627704,0.3858267716535433,1.0
PRR3,-0.3111494093694622,0.44881889763779526,1.0
ABCF1,-0.08631301595014129,0.5984251968503937,1.0
PPP1R10,-0.2816115750856891,0.6535433070866141,1.0
MRPS18B,-0.4855211863718347,0.48031496062992124,1.0
ATAT1,0.5729805318035375,0.08661417322834646,1.0
C6orf136,-0.34953364762061634,0.5433070866141733,1.0
DHX16,-0.4337803465154515,0.4330708661417323,1.0
PPP1R18,0.44377551179550245,0.2440944881889764,1.0
NRM,0.21840734335061285,0.7716535433070866,1.0
MDC1,0.24673583532230925,0.5669291338582677,1.0
TUBB,0.007767798894342093,0.9763779527559056,1.0
FLOT1,-0.17398875364538036,0.6535433070866141,1.0
IER3,-1.2125782672639298,0.2992125984251969,1.0
LINC00243,-0.1247793290786603,0.8582677165354331,1.0
DDR1,-0.24819555803315052,0.4645669291338583,1.0
VARS2,0.16269594270628218,0.8582677165354331,1.0
CCHCR1,0.030546202733368943,0.984251968503937,1.0
TCF19,0.14549829140011816,0.7401574803149606,1.0
AL662844.4,-0.7634371778566003,0.14173228346456693,1.0
HLA-C,0.09417758074914495,0.7637795275590551,1.0
HLA-B,0.19885477569338406,0.5905511811023622,1.0
RPL3P2,0.004750284351824785,0.9921259842519685,1.0
AL645933.2,0.6465412212398207,0.5118110236220472,1.0
MICA,-0.7530003995297134,0.08661417322834646,1.0
HCP5,-0.030589294097159048,0.905511811023622,1.0
MICB,-0.4268368705927781,0.3700787401574803,1.0
DDX39B,-0.12086033850725553,0.6929133858267716,1.0
ATP6V1G2,-0.2176528608896342,0.7322834645669292,1.0
NFKBIL1,0.9393797549375567,0.36220472440944884,1.0
LTA,0.5180295170540985,0.11811023622047244,1.0
TNF,-0.3375412244350171,0.3937007874015748,1.0
LTB,0.3685061578907671,0.4330708661417323,1.0
LST1,0.31048979214715233,0.44881889763779526,1.0
NCR3,0.691336164781513,0.2283464566929134,1.0
AIF1,-1.0242514428402876,0.11023622047244094,1.0
PRRC2A,0.06004081666166616,0.9448818897637795,1.0
BAG6,0.04981949709581812,0.8188976377952756,1.0
APOM,0.8062626874382051,0.1968503937007874,1.0
C6orf47,0.6059103676476945,0.3700787401574803,1.0
GPANK1,-0.6898090881995813,0.6850393700787402,1.0
CSNK2B,0.3732871733372196,0.3937007874015748,1.0
LY6G5C,0.36882489906105453,0.5748031496062992,1.0
DDAH2,-1.2519920987198985,0.15748031496062992,1.0
CLIC1,0.5011540426477445,0.2755905511811024,1.0
VARS,-1.1363284697065912,0.31496062992125984,1.0
LSM2,0.5577893266003784,0.047244094488188976,1.0
HSPA1L,-0.6356320975137582,0.1889763779527559,1.0
HSPA1A,-0.5367718803075157,0.6614173228346457,1.0
HSPA1B,-1.2885166079323627,0.3700787401574803,1.0
C6orf48,-0.26383207702279154,0.16535433070866143,1.0
NEU1,0.18741706462975838,0.7401574803149606,1.0
EHMT2,0.133324659602434,0.7165354330708661,1.0
NELFE,-0.03943156870500086,0.9291338582677166,1.0
SKIV2L,-0.6516269871895415,0.6377952755905512,1.0
DXO,-0.6923506022467878,0.047244094488188976,1.0
STK19,1.086419673036552,0.2440944881889764,1.0
ATF6B,0.21457551979144807,0.4881889763779528,1.0
FKBPL,0.46215827807363374,0.5905511811023622,1.0
PPT2,0.4910939186253449,0.5669291338582677,1.0
AGPAT1,-0.20351880520730914,0.84251968503937,1.0
RNF5,0.2116899487974111,0.5905511811023622,1.0
AGER,0.30947825289317255,0.25196850393700787,1.0
PBX2,-0.3528606360188622,0.6456692913385826,1.0
GPSM3,0.30976112602699235,0.4251968503937008,1.0
NOTCH4,0.8987928149456321,0.2440944881889764,1.0
HLA-DRA,0.29646838465712744,0.6614173228346457,1.0
HLA-DRB5,-1.2501221538984684,0.3543307086614173,1.0
HLA-DRB6,2.3464697390403737,0.13385826771653545,1.0
HLA-DRB1,0.28012769824543415,0.7086614173228346,1.0
HLA-DQA1,0.619594335837018,0.28346456692913385,1.0
HLA-DQB1,-0.05989197248302869,0.9212598425196851,1.0
HLA-DQA2,2.10888276866696,0.10236220472440945,1.0
HLA-DOB,-0.5735687424080838,0.4881889763779528,1.0
TAP2,-0.04767640447680144,0.889763779527559,1.0
PSMB8,0.06018712235947543,0.8503937007874016,1.0
PSMB8-AS1,-0.144208264858932,0.7244094488188977,1.0
PSMB9,0.07491402220444421,0.889763779527559,1.0
TAP1,-0.008142252701111463,0.9921259842519685,1.0
HLA-DMB,0.038564877449535295,0.9606299212598425,1.0
HLA-DMA,0.44630935895533774,0.4094488188976378,1.0
BRD2,-0.31142668741031265,0.5118110236220472,1.0
HLA-DOA,0.18498687657917312,0.5590551181102362,1.0
HLA-DPA1,0.1338620098428187,0.7244094488188977,1.0
HLA-DPB1,0.0892375643115777,0.8976377952755905,1.0
RXRB,0.15262415997100387,0.7559055118110236,1.0
SLC39A7,0.30921031174524316,0.36220472440944884,1.0
HSD17B8,0.7632055467451728,0.3464566929133858,1.0
RING1,-0.06400912193978847,0.8818897637795275,1.0
RPS18,-0.12003130317516408,0.9212598425196851,1.0
B3GALT4,-0.198444144756746,0.5748031496062992,1.0
WDR46,0.0601239447055657,0.905511811023622,1.0
PFDN6,0.7816956088918454,0.18110236220472442,1.0
RGL2,-0.5545480434238774,0.33070866141732286,1.0
TAPBP,-0.11647398266874998,0.8267716535433071,1.0
ZBTB22,0.11590066869386773,0.6929133858267716,1.0
DAXX,0.6230859057710472,0.12598425196850394,1.0
KIFC1,1.4135575290460327,0.08661417322834646,1.0
PHF1,-0.18967667616587214,0.5433070866141733,1.0
CUTA,-0.06478756024207843,0.7559055118110236,1.0
SYNGAP1,0.4634421223788223,0.5354330708661418,1.0
BAK1,0.43937245708412664,0.2677165354330709,1.0
ITPR3,-0.2214132294746658,0.9212598425196851,1.0
UQCC2,-0.7376314223592813,0.3543307086614173,1.0
LEMD2,-0.068852450325525,0.8976377952755905,1.0
CYCSP55,0.05578657777711138,0.9448818897637795,1.0
HMGA1,-0.33891495468931065,0.7165354330708661,1.0
SMIM29,0.4437194157589195,0.6141732283464567,1.0
RPS10,-0.1159193648798782,0.5511811023622047,1.0
PACSIN1,-0.03860509081240848,0.9606299212598425,1.0
C6orf106,-0.22223686809180343,0.4251968503937008,1.0
AL451165.2,0.6603943436984248,0.36220472440944884,1.0
AL139100.1,0.6331989872679897,0.5275590551181102,1.0
SNRPC,0.2781376141560603,0.12598425196850394,1.0
UHRF1BP1,-0.6640445320259674,0.1889763779527559,1.0
TAF11,-0.6251614616173988,0.08661417322834646,1.0
ANKS1A,-0.7276325793174268,0.11811023622047244,1.0
ZNF76,0.5883786217885163,0.25984251968503935,1.0
DEF6,0.3933857854164362,0.31496062992125984,1.0
PPARD,0.34036519348716254,0.5039370078740157,1.0
FANCE,-0.039100765302856555,0.968503937007874,1.0
RPL10A,-0.09073593681797121,0.48031496062992124,1.0
AL033519.2,-0.037077603284876304,0.8110236220472441,1.0
FKBP5,0.07307015339900857,0.8267716535433071,1.0
SRPK1,0.5925859417014934,0.18110236220472442,1.0
MAPK14,-0.2400789150700957,0.33070866141732286,1.0
MAPK13,-0.32509502737016494,0.3937007874015748,1.0
BRPF3,0.6427574016704689,0.3779527559055118,1.0
ETV7,0.40366881477282823,0.6771653543307087,1.0
KCTD20,0.2848652213844609,0.25984251968503935,1.0
STK38,0.017441039112040535,0.937007874015748,1.0
SRSF3,-0.1267691871261114,0.4409448818897638,1.0
CDKN1A,-0.16888254230108757,0.8267716535433071,1.0
CPNE5,1.2606525225657808,0.14173228346456693,1.0
PPIL1,0.08908144575293697,0.8582677165354331,1.0
C6orf89,-0.20358739862590802,0.4330708661417323,1.0
PI16,-0.15004670413787569,0.7637795275590551,1.0
MTCH1,-0.09399818337412036,0.8582677165354331,1.0
FGD2,0.07720617896546611,0.9291338582677166,1.0
COX6A1P2,-0.2031232568733765,0.6614173228346457,1.0
PIM1,-0.2062340949709336,0.4645669291338583,1.0
TBC1D22B,-0.2803116809991959,0.6692913385826772,1.0
RNF8,0.19441922141914691,0.8503937007874016,1.0
CMTR1,-0.30445695329564515,0.4409448818897638,1.0
CCDC167,0.2381481359022919,0.6377952755905512,1.0
AL353597.3,-0.7387381690147521,0.5669291338582677,1.0
MDGA1,1.0090162205560507,0.2755905511811024,1.0
ZFAND3,0.30158040184807877,0.2125984251968504,1.0
BTBD9,-0.1321288063956656,0.7795275590551181,1.0
GLO1,-0.09558254400408117,0.7559055118110236,1.0
SAYSD1,-0.3463836240671787,0.23622047244094488,1.0
KCNK5,1.9145200487726277,0.023622047244094488,1.0
FO393411.1,-0.1671695281307919,0.3464566929133858,1.0
UNC5CL,0.7614689738508453,0.3543307086614173,1.0
OARD1,0.3469376011756653,0.8976377952755905,1.0
NFYA,-0.2911414688309071,0.3779527559055118,1.0
ADCY10P1,-0.5481160082447103,0.5039370078740157,1.0
FOXP4,1.5369499521164762,0.15748031496062992,1.0
TFEB,-1.0381856874603828,0.2755905511811024,1.0
FRS3,1.587231857748758,0.07874015748031496,1.0
USP49,0.3708638926643295,0.5196850393700787,1.0
MED20,-0.7267071685817212,0.3779527559055118,1.0
BYSL,1.1792684894154688,0.14173228346456693,1.0
CCND3,-0.4048690780322737,0.31496062992125984,1.0
TAF8,0.5699992308983957,0.29133858267716534,1.0
MRPS10,0.317083663060723,0.3779527559055118,1.0
TRERF1,0.1156218746803166,0.6456692913385826,1.0
UBR2,0.1282068435629906,0.6850393700787402,1.0
TBCC,0.480960007724069,0.29133858267716534,1.0
BICRAL,0.05105750464870873,0.7637795275590551,1.0
RPL7L1,-0.27139298102278175,0.47244094488188976,1.0
C6orf226,-0.376474043474325,0.6771653543307087,1.0
CNPY3,-0.08735639453305755,0.8818897637795275,1.0
RPL24P4,-0.22571124183198155,0.4881889763779528,1.0
PEX6,0.7249063439719636,0.3543307086614173,1.0
PPP2R5D,-0.4411359830681718,0.7795275590551181,1.0
MEA1,-0.2648333186884706,0.5984251968503937,1.0
KLHDC3,-0.5892743531991935,0.48031496062992124,1.0
RRP36,0.5053242878487127,0.10236220472440945,1.0
CUL7,-0.5373086393862936,0.5590551181102362,1.0
KLC4,-0.49355434713137125,0.6535433070866141,1.0
MRPL2,-0.4087701036828033,0.48031496062992124,1.0
SRF,0.24605368245259385,0.1732283464566929,1.0
CUL9,-0.3746828194560621,0.4409448818897638,1.0
DNPH1,0.9062523147954007,0.2204724409448819,1.0
ZNF318,-0.11661332066517094,0.7007874015748031,1.0
RPL12P47,0.2477899450464931,0.7874015748031497,1.0
AL583834.1,-0.9326852346013839,0.3700787401574803,1.0
ABCC10,0.6560994222227667,0.6299212598425197,1.0
TJAP1,0.1409099518527741,0.8267716535433071,1.0
POLR1C,0.04985345439676614,0.9448818897637795,1.0
YIPF3,0.21189663676110282,0.5984251968503937,1.0
XPO5,-0.0794057009354745,0.84251968503937,1.0
POLH,0.10649543936995176,0.7716535433070866,1.0
GTPBP2,0.23185781384080428,0.14173228346456693,1.0
MAD2L1BP,0.13485565774237918,0.84251968503937,1.0
MRPS18A,2.05780517485077,0.015748031496062992,1.0
VEGFA,0.8601855092456092,0.30708661417322836,1.0
MRPL14,-0.19373574612514854,0.7480314960629921,1.0
TMEM63B,0.5233314417164392,0.33070866141732286,1.0
SLC29A1,2.2910060472686133,0.015748031496062992,1.0
HSP90AB1,-0.1715453637504165,0.5905511811023622,1.0
SLC35B2,-0.8252726584951946,0.3228346456692913,1.0
NFKBIE,0.5331489065666184,0.11811023622047244,1.0
AARS2,-0.355213099741456,0.7952755905511811,1.0
CDC5L,-0.11959324356512724,0.7165354330708661,1.0
SUPT3H,0.2425557017157689,0.5984251968503937,1.0
RUNX2,-0.3609243251461942,0.2125984251968504,1.0
AL096865.1,0.8412711458589697,0.2677165354330709,1.0
CLIC5,-0.10139615635984,0.7086614173228346,1.0
ENPP4,0.6827794493433981,0.8818897637795275,1.0
RCAN2,0.9891130739950702,0.30708661417322836,1.0
TNFRSF21,0.6988145683529833,0.36220472440944884,1.0
CD2AP,-0.37531431685082683,0.031496062992125984,1.0
MUT,-0.23981074789894796,0.6929133858267716,1.0
CENPQ,0.46968209099555347,0.11023622047244094,1.0
AL158050.1,1.0709823295767587,0.13385826771653545,1.0
IL17A,3.1019667177723305,0.023622047244094488,1.0
IL17F,4.119671340788608,0.015748031496062992,1.0
MCM3,1.855131768664303,0.03937007874015748,1.0
PAQR8,0.17913369867364537,0.8582677165354331,1.0
EFHC1,-0.4500789849685849,0.4251968503937008,1.0
TRAM2,0.0701839221336229,0.889763779527559,1.0
TMEM14A,0.33851740903834404,0.6535433070866141,1.0
ICK,-0.2646096749483622,0.3543307086614173,1.0
FBXO9,0.011827258478670721,0.952755905511811,1.0
ELOVL5,0.1906764254618345,0.4409448818897638,1.0
GCLC,0.7589077350980626,0.7637795275590551,1.0
LRRC1,1.4021617630085477,0.03937007874015748,1.0
DST,0.21720052624261021,0.7874015748031497,1.0
KIAA1586,-0.8538163449119494,0.25984251968503935,1.0
ZNF451,0.013086976372189696,0.937007874015748,1.0
BAG2,-0.9557767235754446,0.09448818897637795,1.0
PRIM2,0.10993355080174094,0.7637795275590551,1.0
AL021368.2,-0.09784500892470849,0.984251968503937,1.0
LINC00680,0.31655862770372223,0.7401574803149606,1.0
FKBP1C,0.5607130353934926,0.11023622047244094,1.0
PTP4A1,0.06615110158788617,0.9212598425196851,1.0
PHF3,-0.17651082341602375,0.07086614173228346,1.0
LMBRD1,0.037297142848727205,0.9212598425196851,1.0
FAM135A,0.47978656918516327,0.2125984251968504,1.0
SDHAF4,0.2564728024548333,0.7401574803149606,1.0
SMAP1,-0.11581623710297695,0.5511811023622047,1.0
OGFRL1,0.1956290308946267,0.8110236220472441,1.0
KCNQ5,0.64507171454368,0.48031496062992124,1.0
AC019205.2,1.8406395627062195,0.023622047244094488,1.0
EIF3EP1,-0.7662998276682109,0.09448818897637795,1.0
RPL39P3,-0.14984238590574073,0.4881889763779528,1.0
CGAS,-0.10878481726686395,0.8818897637795275,1.0
MTO1,0.2540597288622637,0.4251968503937008,1.0
EEF1A1,-0.30510500074826297,0.06299212598425197,1.0
SLC17A5,-0.3494062270990872,0.3464566929133858,1.0
CD109,1.1961563255622218,0.1732283464566929,1.0
COL12A1,-0.31263787439216006,0.7637795275590551,1.0
COX7A2,-0.06297504364553141,0.8503937007874016,1.0
TMEM30A,0.13064513099507646,0.3700787401574803,1.0
SENP6,-0.3095707525638911,0.09448818897637795,1.0
MYO6,0.4525048313305766,0.5275590551181102,1.0
IRAK1BP1,0.04176345115566038,0.968503937007874,1.0
PHIP,-0.09573423699105543,0.5118110236220472,1.0
HMGN3,0.11000136230000379,0.6850393700787402,1.0
SH3BGRL2,0.005755288248096457,1.0,1.0
ELOVL4,-0.3807556314893037,0.7086614173228346,1.0
GAPDHP63,-0.4380675179051319,0.49606299212598426,1.0
BCKDHB,0.34962418302627274,0.5275590551181102,1.0
FAM46A,-0.18379747695672766,0.7322834645669292,1.0
IBTK,-0.11914716607929243,0.6850393700787402,1.0
TPBG,0.2146165349672784,0.8346456692913385,1.0
UBE3D,0.8245263653017618,0.36220472440944884,1.0
DOPEY1,0.17152852361498194,0.7244094488188977,1.0
PGM3,-0.08174124075292344,0.8346456692913385,1.0
RWDD2A,-0.7134494774650553,0.4251968503937008,1.0
ME1,-0.7030105337372626,0.4409448818897638,1.0
CYB5R4,-0.20429334449190506,0.5275590551181102,1.0
CEP162,-0.2657719281591726,0.3700787401574803,1.0
TPT1P6,-1.5277616387320776,0.05511811023622047,1.0
NT5E,-0.9348463868601518,0.33858267716535434,1.0
SNX14,-0.06627278135479653,0.8267716535433071,1.0
SYNCRIP,-0.0236769226247473,0.8818897637795275,1.0
SNHG5,-0.19104863732245825,0.6850393700787402,1.0
ZNF292,-0.13290654300516458,0.18110236220472442,1.0
SMIM8,-0.697979251585624,0.6456692913385826,1.0
SLC35A1,-0.24495274444467796,0.5748031496062992,1.0
RARS2,-0.1290474070861185,0.7007874015748031,1.0
ORC3,-0.4777212840003817,0.2440944881889764,1.0
AKIRIN2,0.4574470835403073,0.11023622047244094,1.0
RNGTT,-0.27497264703557356,0.2992125984251969,1.0
AL079342.2,-0.16272114972534757,0.7322834645669292,1.0
PNRC1,-0.04996486197050665,0.7559055118110236,1.0
PM20D2,-0.6685739867754221,0.29133858267716534,1.0
UBE2J1,0.005387441968886186,1.0,1.0
RRAGD,-1.0747341075019152,0.25984251968503935,1.0
ANKRD6,-1.1326830070117688,0.11811023622047244,1.0
LYRM2,-0.3999743874948578,0.36220472440944884,1.0
MDN1,-0.553278776368205,0.05511811023622047,1.0
CASP8AP2,-0.12618368259485102,0.6692913385826772,1.0
BACH2,-0.18832161014015725,0.6535433070866141,1.0
MAP3K7,-0.19379723323470355,0.44881889763779526,1.0
MANEA,0.305219781617617,0.49606299212598426,1.0
UFL1,-0.09847869570963308,0.7086614173228346,1.0
NDUFAF4,-0.19402685387580032,0.6299212598425197,1.0
MMS22L,-0.03866366668374521,0.8976377952755905,1.0
FBXL4,-0.5194080109036214,0.25984251968503935,1.0
BDH2P1,-0.8501627511843525,0.33858267716535434,1.0
COQ3,-0.019509786885004265,1.0,1.0
PNISR,-0.2269405807653424,0.5748031496062992,1.0
USP45,-1.312995430766346,0.031496062992125984,1.0
TSTD3,0.48947465918757027,0.4251968503937008,1.0
CCNC,0.21069694079879753,0.6692913385826772,1.0
ASCC3,0.4003434931904506,0.11023622047244094,1.0
HACE1,-0.6617003191792059,0.29133858267716534,1.0
PREP,0.002028698204493473,1.0,1.0
ATG5,-0.17800163954188086,0.48031496062992124,1.0
PRDM1,0.19320923057290873,0.6614173228346457,1.0
CRYBG1,0.24205984501633093,0.2755905511811024,1.0
RTN4IP1,-0.1309541568328898,0.84251968503937,1.0
QRSL1,-0.12464563756732971,0.7007874015748031,1.0
CD24,-0.4313949465533673,0.6456692913385826,1.0
C6orf203,-0.18830533460529342,0.6850393700787402,1.0
BEND3,-0.04729382833824247,0.952755905511811,1.0
PDSS2,0.06349981641803915,0.8582677165354331,1.0
AL096816.1,0.06757876610446667,0.984251968503937,1.0
SCML4,-0.8828369047504188,0.015748031496062992,1.0
SEC63,-0.0536613052481707,0.8661417322834646,1.0
RPL3P7,-0.7219767084202999,0.25196850393700787,1.0
OSTM1,0.07159611760995155,0.7480314960629921,1.0
SNX3,-0.017193915321991327,0.9133858267716536,1.0
AFG1L,-0.03911769305967683,0.9606299212598425,1.0
FOXO3,-0.027770839762356836,0.9606299212598425,1.0
ARMC2,-1.0483997823775666,0.3700787401574803,1.0
AL445189.2,0.7592473960716548,0.14960629921259844,1.0
SESN1,-0.8550303215641577,0.07874015748031496,1.0
CEP57L1,0.49802885678830044,0.5748031496062992,1.0
CD164,0.18805653665781286,0.49606299212598426,1.0
AL359711.2,0.17928038061871376,0.7637795275590551,1.0
SMPD2,-0.1640711902704579,0.8267716535433071,1.0
MICAL1,-0.045758102119009436,0.952755905511811,1.0
ZBTB24,-0.042350708325685105,0.952755905511811,1.0
AK9,1.23407362204106,0.18110236220472442,1.0
FIG4,-0.20929881783557214,0.6141732283464567,1.0
CDC40,0.056694599094646136,0.8976377952755905,1.0
CDK19,0.11653434652834438,0.7480314960629921,1.0
AMD1,-0.4068462280140448,0.2125984251968504,1.0
GTF3C6,0.5748120133058654,0.2283464566929134,1.0
RPF2,-0.44672066650146025,0.1968503937007874,1.0
SLC16A10,-0.04439437735952989,1.0,1.0
MFSD4B,0.5052652010096166,0.5039370078740157,1.0
REV3L,0.2894180860178084,0.25196850393700787,1.0
TRAF3IP2-AS1,0.08520989660130773,0.9291338582677166,1.0
TRAF3IP2,1.7289673102696752,0.031496062992125984,1.0
Z97989.1,-1.6344061343855198,0.07086614173228346,1.0
FYN,0.2169951229591689,0.5275590551181102,1.0
TUBE1,0.6106615105965916,0.2204724409448819,1.0
FAM229B,-0.4993532215614507,0.6377952755905512,1.0
AL358942.1,-1.0237566508878377,0.2204724409448819,1.0
RPS27AP11,0.5679683605946533,0.5669291338582677,1.0
MARCKS,1.0759708373109755,0.14960629921259844,1.0
HDAC2,-0.04423807886369868,0.8818897637795275,1.0
NT5DC1,-0.030072879141666675,0.9212598425196851,1.0
TSPYL4,-0.32047025250983374,0.5118110236220472,1.0
DSE,-0.7401471234782413,0.07874015748031496,1.0
TSPYL1,-0.8306540998411247,0.05511811023622047,1.0
CBX3P9,0.6226652940385802,0.25984251968503935,1.0
CALHM6,-2.4116377733562113,0.023622047244094488,1.0
RWDD1,-0.026993595345115473,0.9133858267716536,1.0
ZUFSP,0.27508904158972447,0.5669291338582677,1.0
KPNA5,-0.05676144967276997,0.8346456692913385,1.0
DCBLD1,1.9743584841732074,0.015748031496062992,1.0
GOPC,-0.2619235377374567,0.3858267716535433,1.0
NUS1,0.08489227197616867,0.7795275590551181,1.0
AL450405.1,-1.2615201494484998,0.3543307086614173,1.0
AL589993.1,0.16683723637391856,0.7952755905511811,1.0
CEP85L,0.08696604759273363,0.7559055118110236,1.0
MCM9,-0.21963058463389729,0.6377952755905512,1.0
ASF1A,0.42953007322716985,0.2992125984251969,1.0
FAM184A,0.8932087290029127,0.3543307086614173,1.0
MAN1A1,0.0689878251942666,0.8031496062992126,1.0
TBC1D32,0.029450382448949597,0.968503937007874,1.0
HSF2,0.6573334112832172,0.14173228346456693,1.0
Z99129.4,-0.6741529509319222,0.08661417322834646,1.0
SERINC1,-0.1786144405536465,0.28346456692913385,1.0
ATP5LP2,-0.13549636478585203,0.7637795275590551,1.0
HDDC2,-0.4173817775184565,0.5118110236220472,1.0
NCOA7,0.07353985355015524,0.905511811023622,1.0
HINT3,-0.2183113319113268,0.5984251968503937,1.0
TRMT11,0.4537370195420696,0.2677165354330709,1.0
RNF146,-0.6197892414655262,0.11811023622047244,1.0
ECHDC1,0.06587054689843974,0.7322834645669292,1.0
YWHAZP4,-0.5173212800076548,0.5039370078740157,1.0
RPL5P18,-1.5454709550599515,0.13385826771653545,1.0
THEMIS,-0.08253231557443375,0.8110236220472441,1.0
ARHGAP18,0.6207752992233795,0.09448818897637795,1.0
TMEM244,-0.08645465271946273,0.8582677165354331,1.0
L3MBTL3,0.05087245133264595,0.8582677165354331,1.0
AL355581.1,-0.16961243470769172,0.7165354330708661,1.0
SAMD3,0.6360300012476898,0.8582677165354331,1.0
TMEM200A,0.3468043601192048,0.49606299212598426,1.0
EPB41L2,-0.5347265641395742,0.28346456692913385,1.0
AKAP7,-0.5677193739191182,0.05511811023622047,1.0
MED23,-0.2821213029777505,0.3228346456692913,1.0
CTGF,0.3219594384061597,0.7165354330708661,1.0
STX7,-0.7313342838651957,0.07086614173228346,1.0
VNN2,-0.4652116199940881,0.1732283464566929,1.0
SLC18B1,0.37211441401047196,0.889763779527559,1.0
RPS12,-0.08524325433902824,0.5511811023622047,1.0
SNORD100,-1.7804042906896203,0.03937007874015748,1.0
TBPL1,0.1353738364686521,0.7795275590551181,1.0
SGK1,0.20056649042511232,0.6220472440944882,1.0
HBS1L,0.2434275293773771,0.6771653543307087,1.0
MYB,0.9475677677326377,0.1968503937007874,1.0
AHI1,0.894167352996253,0.2125984251968504,1.0
PDE7B,1.0798456613874736,0.2992125984251969,1.0
BCLAF1,-0.0689332429865761,0.8267716535433071,1.0
MAP7,0.0952642046387473,0.8110236220472441,1.0
MAP3K5,0.3253676652122133,0.3858267716535433,1.0
PEX7,-0.11076218195573517,0.905511811023622,1.0
IFNGR1,-0.8855854493741555,0.023622047244094488,1.0
AL356234.1,-0.3760202398106325,0.7165354330708661,1.0
AL357060.2,-0.27239867188579403,0.6377952755905512,1.0
TNFAIP3,-0.19586806778491983,0.6220472440944882,1.0
PERP,-0.5691268155861433,0.06299212598425197,1.0
HEBP2,0.023928078846136458,0.984251968503937,1.0
CCDC28A,0.5970344857925296,0.023622047244094488,1.0
REPS1,-0.09626897167921289,0.889763779527559,1.0
ABRACL,0.2732470014030497,0.6299212598425197,1.0
HECA,-0.17339828031030002,0.3543307086614173,1.0
TXLNB,-0.36095953587241625,0.6771653543307087,1.0
CITED2,-0.10493922603938444,0.6850393700787402,1.0
VTA1,0.10929356365303722,0.6456692913385826,1.0
HIVEP2,0.35184637498691984,0.16535433070866143,1.0
AIG1,-0.1583036380643077,0.8740157480314961,1.0
ADAT2,-0.293305489851881,0.7716535433070866,1.0
PEX3,0.5961743901281165,0.6456692913385826,1.0
FUCA2,0.5898616406039929,0.2755905511811024,1.0
PHACTR2,0.2749793382668644,0.5748031496062992,1.0
LTV1,-0.21164880527160435,0.6377952755905512,1.0
PLAGL1,0.6185667671744479,0.2755905511811024,1.0
SF3B5,0.6648798919062484,0.015748031496062992,1.0
STX11,0.7352855088600903,0.3228346456692913,1.0
TPT1P4,-0.46272661974680407,0.047244094488188976,1.0
UTRN,-0.135881718278406,0.28346456692913385,1.0
EPM2A,0.7899379921164638,0.3228346456692913,1.0
FBXO30,0.10135983171785767,0.7637795275590551,1.0
AL356599.1,-0.1666478836942622,0.7874015748031497,1.0
SHPRH,0.6102720312301431,0.33858267716535434,1.0
KATNBL1P6,-0.28923173849705286,0.7007874015748031,1.0
STXBP5,0.05617529219399042,0.8346456692913385,1.0
UST,-0.5186535167175359,0.6692913385826772,1.0
AL603766.1,-0.6796131799682474,0.3700787401574803,1.0
TAB2,0.21885459030387544,0.3937007874015748,1.0
ZC3H12D,0.7031356621139269,0.33070866141732286,1.0
AL031133.1,-1.1962465718883253,0.1889763779527559,1.0
PPIL4,0.12253290819508766,0.5511811023622047,1.0
GINM1,0.15849025939183115,0.5196850393700787,1.0
RPS18P9,-0.9190819914699992,0.2440944881889764,1.0
KATNA1,0.05386976841235391,0.889763779527559,1.0
LATS1,-0.34202579850361836,0.2992125984251969,1.0
NUP43,0.9616089072844427,0.2755905511811024,1.0
PCMT1,0.06695671293457117,0.5196850393700787,1.0
LRP11,-0.11959677606320063,0.9133858267716536,1.0
ULBP2,0.3382855768247772,0.6929133858267716,1.0
BTF3P10,-0.4511826878575649,0.5354330708661418,1.0
PLEKHG1,0.6019119152570083,0.3228346456692913,1.0
PDCL3P5,0.516324458944986,0.5826771653543307,1.0
MTHFD1L,0.6890947299160968,0.3700787401574803,1.0
AL133260.1,-0.3976091477966799,0.6850393700787402,1.0
AL356535.1,-0.07003777113311216,0.8976377952755905,1.0
ZBTB2,-0.3793445917044167,0.2283464566929134,1.0
RMND1,-0.196592785486144,0.6456692913385826,1.0
ARMT1,0.03009159584327481,0.984251968503937,1.0
SYNE1,-0.1075449017047827,0.6771653543307087,1.0
FBXO5,0.05188876814269694,0.8267716535433071,1.0
MTRF1L,0.19003515043597075,0.7086614173228346,1.0
AL590867.2,-0.1198300220742965,0.5433070866141733,1.0
IPCEF1,0.36448876607388403,0.25196850393700787,1.0
SCAF8,0.009356605585683297,0.9606299212598425,1.0
TIAM2,-0.30266349770229484,0.5669291338582677,1.0
AL596202.1,0.3828315147822061,0.5905511811023622,1.0
TFB1M,0.6634392823135742,0.5118110236220472,1.0
ARID1B,0.12508757983790453,0.3228346456692913,1.0
TMEM242,-0.04474188120838729,0.8818897637795275,1.0
ZDHHC14,0.2028524708618913,0.8188976377952756,1.0
SNX9,0.4829483925248148,0.4015748031496063,1.0
SYNJ2,-0.19384716468174013,0.48031496062992124,1.0
SERAC1,0.49036131714409725,0.8110236220472441,1.0
GTF2H5,-0.24233207100400556,0.6377952755905512,1.0
TULP4,0.49206221516453663,0.03937007874015748,1.0
TMEM181,-0.07675349106163765,0.8031496062992126,1.0
DYNLT1,0.49050589153286595,0.1732283464566929,1.0
SYTL3,0.26060764586875695,0.4566929133858268,1.0
EZR,0.4603774148938502,0.2204724409448819,1.0
C6orf99,0.6199501204255486,0.5039370078740157,1.0
RSPH3,0.2749314153698852,0.8582677165354331,1.0
TAGAP,0.13340567863539476,0.8582677165354331,1.0
SOD2,0.2465748414605402,0.48031496062992124,1.0
WTAP,-0.3916906551400299,0.13385826771653545,1.0
ACAT2,-0.14248078515812512,0.8976377952755905,1.0
TCP1,-0.5756417305836852,0.13385826771653545,1.0
MRPL18,-0.17810294376688862,0.47244094488188976,1.0
IGF2R,-0.19037046122311452,0.3937007874015748,1.0
AL353625.1,-0.17642240005047305,0.7952755905511811,1.0
LPAL2,0.6971734713446136,0.4015748031496063,1.0
AL139393.2,0.1314352828081291,0.7559055118110236,1.0
MAP3K4,-0.14760198180571837,0.7322834645669292,1.0
AGPAT4,1.1994982707368869,0.25196850393700787,1.0
QKI,-0.0432115841848022,0.8346456692913385,1.0
SFT2D1,0.34638455636172427,0.3700787401574803,1.0
MPC1,-0.5831579899209509,0.41732283464566927,1.0
RPS6KA2,-0.487173096427886,0.5275590551181102,1.0
RNASET2,-0.05640718058770933,0.889763779527559,1.0
FGFR1OP,0.47078151600405693,0.2677165354330709,1.0
CCR6,0.638424986176727,0.44881889763779526,1.0
AFDN,1.3450156516398315,0.2440944881889764,1.0
THBS2,-1.5573306081010307,0.11023622047244094,1.0
WDR27,0.600223809434552,0.5905511811023622,1.0
C6orf120,0.0835800712175101,0.8661417322834646,1.0
PHF10,0.09779304316341264,0.6692913385826772,1.0
TCTE3,0.7877478737961126,0.2677165354330709,1.0
ERMARD,-0.8168169755836359,0.1968503937007874,1.0
DLL1,0.381900138303366,0.6850393700787402,1.0
FAM120B,-0.7185660563616327,0.023622047244094488,1.0
PSMB1,0.3176120427875144,0.08661417322834646,1.0
TBP,0.2725399303600522,0.6220472440944882,1.0
PDCD2,0.26373251177795876,0.49606299212598426,1.0
PDGFA,0.5558042074911138,0.5275590551181102,1.0
PRKAR1B,2.098986642013367,0.09448818897637795,1.0
AC147651.3,0.23632290745728923,0.7559055118110236,1.0
DNAAF5,-0.8003769213305199,0.33070866141732286,1.0
SUN1,-0.13708795060129564,0.6299212598425197,1.0
ADAP1,0.8341346738069007,0.28346456692913385,1.0
COX19,0.06762987944227561,0.7874015748031497,1.0
C7orf50,0.5123123063027624,0.3464566929133858,1.0
ZFAND2A,-0.6338906165978377,0.2440944881889764,1.0
AC091729.3,1.0171843646974315,0.16535433070866143,1.0
INTS1,-0.35070469331650855,0.7716535433070866,1.0
PSMG3,-0.05169911645843772,0.8976377952755905,1.0
PSMG3-AS1,-0.533909898419707,0.5039370078740157,1.0
MAD1L1,1.1760867358536697,0.29133858267716534,1.0
MRM2,-0.29109782543596996,0.6535433070866141,1.0
NUDT1,0.07261601406388207,0.905511811023622,1.0
SNX8,0.24892843252982866,0.7795275590551181,1.0
EIF3B,-0.47337945770977186,0.5433070866141733,1.0
CHST12,-0.6979834044943107,0.2992125984251969,1.0
LFNG,0.5293178172425304,0.16535433070866143,1.0
BRAT1,-0.006683350715123382,1.0,1.0
IQCE,0.8915898685647505,0.3700787401574803,1.0
TTYH3,0.6540565507072178,0.3228346456692913,1.0
GNA12,0.2909327210688222,0.5826771653543307,1.0
CARD11,-0.6723247907845065,0.3228346456692913,1.0
FOXK1,-0.17647953816980877,0.7480314960629921,1.0
AP5Z1,0.6233403160910367,0.4409448818897638,1.0
AC092610.1,-0.623682425457762,0.08661417322834646,1.0
RNF216P1,-0.3566627421805255,0.3700787401574803,1.0
RBAK,-0.10450587411199663,0.8818897637795275,1.0
WIPI2,0.05593695935770793,0.905511811023622,1.0
TNRC18,0.7448932917247784,0.3464566929133858,1.0
AC092171.2,0.3435990956690729,0.6850393700787402,1.0
ACTB,0.45372759825057685,0.08661417322834646,1.0
FSCN1,-1.019802268560218,0.3858267716535433,1.0
RNF216,-0.16910577426505924,0.5669291338582677,1.0
ZNF815P,0.6820436313997345,0.5669291338582677,1.0
CCZ1,-0.04751092338007323,0.9448818897637795,1.0
PMS2,0.6600778294729448,0.4645669291338583,1.0
EIF2AK1,-0.07774480196087818,0.7322834645669292,1.0
USP42,-0.25769040469521176,0.2755905511811024,1.0
CYTH3,-0.44273026809678484,0.2440944881889764,1.0
FAM220A,-1.7209957239796374,0.09448818897637795,1.0
RAC1,0.11732736160458757,0.6692913385826772,1.0
DAGLB,0.8192940380730223,0.1968503937007874,1.0
KDELR2,0.18665691579528243,0.6535433070866141,1.0
C7orf26,-0.07225840599549116,0.8031496062992126,1.0
ZNF853,-1.1588753826603824,0.2047244094488189,1.0
ZNF316,0.09249566866240322,0.8188976377952756,1.0
ZNF12,-0.4035215033592401,0.5196850393700787,1.0
PMS2CL,-1.7474438410416424,0.031496062992125984,1.0
CCZ1B,-0.4285499421316352,0.6377952755905512,1.0
C1GALT1,-0.12632453166582636,0.6535433070866141,1.0
AC004982.2,-0.9182075813590472,0.2440944881889764,1.0
MIOS,0.2873101560536231,0.4330708661417323,1.0
RPA3,0.12288604761451616,0.7952755905511811,1.0
UMAD1,0.2863685716989295,0.30708661417322836,1.0
GLCCI1,0.24525502205925953,0.5039370078740157,1.0
ICA1,2.1001076131249654,0.08661417322834646,1.0
NDUFA4,-0.009205300161508667,0.9606299212598425,1.0
PHF14,0.01587146685683649,0.9606299212598425,1.0
TMEM106B,0.06575143772487113,0.889763779527559,1.0
AC013470.3,-1.1437784600711778,0.10236220472440945,1.0
ARL4A,-0.17336858503553731,0.4015748031496063,1.0
ETV1,-0.8959203086553298,0.5039370078740157,1.0
ANKMY2,0.2436863110695211,0.5984251968503937,1.0
BZW2,-0.08525500471476555,0.7480314960629921,1.0
TSPAN13,0.8277146499299215,0.25984251968503935,1.0
AC003075.1,0.20763644552488536,0.7322834645669292,1.0
AHR,0.476273478185977,0.11811023622047244,1.0
SNX13,0.2017743949803661,0.3464566929133858,1.0
HDAC9,-0.07087446063678149,0.9606299212598425,1.0
TWISTNB,-0.5833342790335276,0.06299212598425197,1.0
RPL21P75,-0.9823659158557456,0.047244094488188976,1.0
MACC1,1.379087254044034,0.1968503937007874,1.0
RPL23P8,-0.2238474336462124,0.4330708661417323,1.0
SP4,-0.1408690824221317,0.6929133858267716,1.0
CDCA7L,-1.4372713997953848,0.023622047244094488,1.0
EEF1A1P6,-0.24530627522941462,0.14173228346456693,1.0
TOMM7,-0.14319550507027934,0.6299212598425197,1.0
SNHG26,0.2452682391022496,0.7480314960629921,1.0
FAM126A,-0.3603151718637658,0.4330708661417323,1.0
KLHL7,-0.40448065306366976,0.5511811023622047,1.0
NUPL2,0.5270403308434322,0.1968503937007874,1.0
GPNMB,1.139748855049799,0.14173228346456693,1.0
MALSU1,-0.004494524992345816,0.9921259842519685,1.0
TRA2A,-0.03692365874983228,0.937007874015748,1.0
CLK2P1,0.7621697171633401,0.30708661417322836,1.0
CCDC126,0.20278199408426678,0.889763779527559,1.0
FAM221A,-0.09594906480441612,0.8267716535433071,1.0
MPP6,-0.4686275789907528,0.3937007874015748,1.0
GSDME,-0.2740652653430393,0.8267716535433071,1.0
OSBPL3,0.207429838859305,0.4881889763779528,1.0
CYCS,-0.028800864318066388,0.9448818897637795,1.0
C7orf31,0.28188301787227577,0.5826771653543307,1.0
NFE2L3,0.36666551347492105,0.5511811023622047,1.0
HNRNPA2B1,0.1356192584538487,0.5354330708661418,1.0
CBX3,0.22877553507737858,0.4409448818897638,1.0
SNX10,-0.007233395518935204,0.9921259842519685,1.0
SKAP2,-0.1281900978519337,0.8031496062992126,1.0
HOXA1,0.7479516314970813,0.1732283464566929,1.0
EIF4HP1,0.5275275853500252,0.5511811023622047,1.0
HIBADH,-0.1429067054682629,0.6535433070866141,1.0
TAX1BP1,0.04833020168155677,0.9133858267716536,1.0
JAZF1,0.46456341467367235,0.4330708661417323,1.0
CHN2,-0.32656696682470243,0.7165354330708661,1.0
SCRN1,-1.4054165068488764,0.023622047244094488,1.0
FKBP14,-0.46972741119592776,0.36220472440944884,1.0
PLEKHA8,-0.6508535326482008,0.2755905511811024,1.0
MTURN,-0.26883224627538027,0.7322834645669292,1.0
ZNRF2,0.49202021650821504,0.06299212598425197,1.0
AC006978.1,-0.5338431766924723,0.2992125984251969,1.0
NOD1,0.3783704355089448,0.6299212598425197,1.0
GGCT,0.01178727836665594,0.9763779527559056,1.0
AC005154.1,-0.17316028675185624,0.5196850393700787,1.0
GARS,0.04226527951603387,0.889763779527559,1.0
AQP1,2.50339656290642,0.015748031496062992,1.0
LSM5,-0.06030963214789953,0.889763779527559,1.0
AVL9,0.17456052940628997,0.6456692913385826,1.0
DPY19L1P1,-0.8550498082028181,0.30708661417322836,1.0
KBTBD2,-0.16196430184194544,0.5984251968503937,1.0
RP9P,0.7229367984323458,0.2440944881889764,1.0
FKBP9,1.53486307317934,0.07086614173228346,1.0
NT5C3A,-0.17059954795951437,0.6062992125984252,1.0
RP9,-0.23088280242500048,0.6299212598425197,1.0
BBS9,1.0887129590260947,0.03937007874015748,1.0
DPY19L1,1.1196863651899935,0.36220472440944884,1.0
HERPUD2,-0.03853194453834785,0.8661417322834646,1.0
AC018647.2,0.39056957095315914,0.6771653543307087,1.0
SEPT7-AS1,-0.2401942201149505,0.7637795275590551,1.0
SEPT7,0.2419910377112,0.5118110236220472,1.0
EEPD1,1.4117430406704705,0.14960629921259844,1.0
AOAH,-0.18554959605967491,0.8188976377952756,1.0
ELMO1,0.0006917430546202752,1.0,1.0
STARD3NL,-0.347945630520317,0.4645669291338583,1.0
TRGC2,0.07592375589309697,0.952755905511811,1.0
TRGC1,-1.1593035024301166,0.11811023622047244,1.0
TRG-AS1,0.33034335407503956,0.7637795275590551,1.0
TRGV4,-0.20123320178677329,0.8346456692913385,1.0
TRGV2,0.14038714425205145,0.905511811023622,1.0
VPS41,0.12381123536711858,0.6850393700787402,1.0
YAE1D1,-0.6066684966368281,0.5275590551181102,1.0
RALA,0.0944531040455514,0.47244094488188976,1.0
AC004987.2,-0.6147504944031514,0.3937007874015748,1.0
RWDD4P2,1.3528508623525046,0.015748031496062992,1.0
CDK13,0.24572330924357644,0.2283464566929134,1.0
MPLKIP,0.12752590268522557,0.8346456692913385,1.0
TCP1P1,-0.4073455734206648,0.5511811023622047,1.0
PSMA2,-0.108231622750802,0.8267716535433071,1.0
MRPL32,-0.09039318093237547,0.7007874015748031,1.0
STK17A,-0.10539295012845784,0.7874015748031497,1.0
COA1,0.21153132357661253,0.6456692913385826,1.0
BLVRA,0.8322171537171195,0.05511811023622047,1.0
URGCP,-1.0094472151410043,0.11811023622047244,1.0
UBE2D4,-0.704542354060337,0.06299212598425197,1.0
POLR2J4,0.17175596432401563,0.8818897637795275,1.0
SPDYE1,0.11358058070363475,0.952755905511811,1.0
RASA4CP,1.6679707469825304,0.07874015748031496,1.0
LINC00957,0.2627070819759476,0.7165354330708661,1.0
DBNL,0.2678327383828938,0.3858267716535433,1.0
POLM,0.44371636458179253,0.6771653543307087,1.0
AEBP1,0.5902689829461727,0.6220472440944882,1.0
POLD2,-0.7939655021837657,0.5275590551181102,1.0
YKT6,1.1201723493170856,0.09448818897637795,1.0
NUDCD3,0.4488966573003541,0.4881889763779528,1.0
AC004453.1,-0.3665205660363853,0.3937007874015748,1.0
DDX56,0.5858626291292337,0.18110236220472442,1.0
TMED4,-0.09828120240497462,0.7401574803149606,1.0
OGDH,1.0590225747356516,0.03937007874015748,1.0
ZMIZ2,0.146446162896968,0.7874015748031497,1.0
PPIA,0.0804905873927435,0.7874015748031497,1.0
H2AFV,0.3199953322789648,0.07086614173228346,1.0
PURB,-0.24281858601239392,0.3779527559055118,1.0
AC004847.1,-0.9713817178001563,0.15748031496062992,1.0
MYO1G,0.0071728786468296946,0.984251968503937,1.0
SNHG15,-0.48419792840025355,0.11811023622047244,1.0
CCM2,0.1679777154647768,0.6771653543307087,1.0
TBRG4,-0.19036152770500436,0.6220472440944882,1.0
SEPT7P2,0.002067581618725889,0.984251968503937,1.0
IGFBP3,0.6067029157617001,0.5905511811023622,1.0
TNS3,0.43259533187182986,0.7007874015748031,1.0
HUS1,-0.07400082521889662,0.7637795275590551,1.0
UPP1,-0.15882352800106148,0.9212598425196851,1.0
IKZF1,0.06773527153761627,0.5433070866141733,1.0
FIGNL1,-0.2472807192183586,0.6614173228346457,1.0
GRB10,0.6285785945120119,0.5669291338582677,1.0
HAUS6P1,0.20498914128721957,0.8188976377952756,1.0
SEC61G,-0.015364521065564851,0.9763779527559056,1.0
LANCL2,0.17594618854047983,0.6771653543307087,1.0
VOPP1,0.23308015711187924,0.5511811023622047,1.0
PSPHP1,-0.9781445789882683,0.1968503937007874,1.0
NIPSNAP2,0.18045658984620694,0.25196850393700787,1.0
MRPS17,-1.2650877417859878,0.14960629921259844,1.0
PSPH,-0.2463441507364139,0.8346456692913385,1.0
CCT6A,-0.12834631663709928,0.6220472440944882,1.0
SUMF2,0.1843392297911235,0.905511811023622,1.0
CHCHD2,0.0610797431852701,0.7322834645669292,1.0
AC073136.2,-0.4009707816450305,0.4881889763779528,1.0
AC099654.2,0.4946662649786826,0.5039370078740157,1.0
ZNF736,-0.35923292944992946,0.3858267716535433,1.0
ZNF680,-0.3345056457019817,0.6299212598425197,1.0
ZNF107,-0.38180152243088816,0.41732283464566927,1.0
ZNF138,-0.4869002005135403,0.33858267716535434,1.0
ZNF273,-0.04630791739163609,0.8818897637795275,1.0
ZNF117,-0.43827179320240717,0.5669291338582677,1.0
ERV3-1,-0.4960965803924613,0.6692913385826772,1.0
CCT6P3,1.0702082250212586,0.09448818897637795,1.0
ZNF92,-0.024516123240096555,0.937007874015748,1.0
CCT6P1,-0.4935876250593103,0.25984251968503935,1.0
VKORC1L1,-0.1264329415927694,0.7637795275590551,1.0
GUSB,-0.7031980431083973,0.11811023622047244,1.0
CRCP,0.21922716487786698,0.36220472440944884,1.0
LINC00174,0.2536998590635151,0.5905511811023622,1.0
GS1-124K5.4,-0.17673703195776036,0.6929133858267716,1.0
AC006001.3,0.14121372120739695,0.6062992125984252,1.0
RPL35P5,-0.07616592574218117,0.84251968503937,1.0
KCTD7,-0.6953741401691831,0.023622047244094488,1.0
RABGEF1,-0.04939494815154166,0.9448818897637795,1.0
AC073335.2,-0.09961498422031223,0.6850393700787402,1.0
AC073335.1,-0.47641443745673673,0.3228346456692913,1.0
TMEM248,0.170309430912579,0.13385826771653545,1.0
SBDS,-0.300173701199145,0.25984251968503935,1.0
TYW1,0.3717640567702847,0.47244094488188976,1.0
STAG3L4,-0.2464833049820685,0.7401574803149606,1.0
AUTS2,-1.1870122735509678,0.03937007874015748,1.0
TYW1B,0.7026366162549298,0.44881889763779526,1.0
SBDSP1,-0.9521513802402399,0.031496062992125984,1.0
POM121,-0.41653667086537816,0.4251968503937008,1.0
GTF2IP4,0.15926141309552388,0.905511811023622,1.0
NSUN5,1.1265274054447594,0.2204724409448819,1.0
BAZ1B,0.18332024495252774,0.4094488188976378,1.0
BCL7B,0.11239689898142746,0.7480314960629921,1.0
TBL2,0.34670927041694544,0.4566929133858268,1.0
DNAJC30,0.03484207171223552,0.9448818897637795,1.0
BUD23,-0.4469294680717182,0.12598425196850394,1.0
STX1A,0.019544023550603917,0.984251968503937,1.0
ABHD11,0.23698267984029409,0.5354330708661418,1.0
LIMK1,0.3755515260396942,0.3937007874015748,1.0
EIF4H,-0.06705439933066604,0.8188976377952756,1.0
LAT2,0.08834535873079297,0.9448818897637795,1.0
RFC2,-0.2918414272989591,0.6535433070866141,1.0
GTF2I,0.36234982104118707,0.5984251968503937,1.0
GTF2IRD2,-1.895547866692207,0.023622047244094488,1.0
STAG3L2,0.2249495579332943,0.6062992125984252,1.0
RCC1L,-0.8385067541642961,0.14173228346456693,1.0
GTF2IRD2B,0.1441548640943504,0.905511811023622,1.0
NCF1C,0.9274561171546813,0.49606299212598426,1.0
NSUN5P1,1.7402786010420679,0.015748031496062992,1.0
POM121C,-0.008477372590180998,0.9606299212598425,1.0
PMS2P3,-0.5348592406577288,0.4566929133858268,1.0
HIP1,0.4613796401809416,0.33858267716535434,1.0
RHBDD2,0.25701358116036044,0.6929133858267716,1.0
POR,1.0225894616138722,0.3858267716535433,1.0
TMEM120A,-0.22216648246010884,0.3228346456692913,1.0
STYXL1,0.7761295367057373,0.1889763779527559,1.0
MDH2,0.27375358151279094,0.3543307086614173,1.0
HSPB1,0.09980945102454797,0.8582677165354331,1.0
YWHAG,-0.24037956136301375,0.25984251968503935,1.0
DTX2,1.117558758453209,0.23622047244094488,1.0
POMZP3,-0.09996119713217422,0.952755905511811,1.0
CCDC146,-0.5215175418253879,0.49606299212598426,1.0
FGL2,0.21143099530131693,0.7401574803149606,1.0
GSAP,-0.33536178529567273,0.5826771653543307,1.0
PTPN12,0.047298291635768486,0.9448818897637795,1.0
APTR,0.004865250319401326,1.0,1.0
RSBN1L,-0.32024946996459747,0.10236220472440945,1.0
TMEM60,0.31336560695718774,0.6456692913385826,1.0
PHTF2,0.458543688936345,0.08661417322834646,1.0
KIAA1324L,0.3116183746783281,0.7007874015748031,1.0
AC005076.1,0.10707207337020241,0.8740157480314961,1.0
DMTF1,-0.29209712282329914,0.3700787401574803,1.0
TMEM243,-0.0841507889092643,0.8346456692913385,1.0
TP53TG1,1.4448025266291005,0.08661417322834646,1.0
CROT,0.7597748575912036,0.6377952755905512,1.0
ABCB1,-0.17437981128819846,0.905511811023622,1.0
SLC25A40,0.616010031583845,0.2204724409448819,1.0
DBF4,-0.07054706663940635,0.7795275590551181,1.0
ADAM22,0.6964527538592797,0.2283464566929134,1.0
SRI,0.23905919576304857,0.3700787401574803,1.0
GTPBP10,-0.21285385857988892,0.6614173228346457,1.0
CDK14,0.5025335235388306,0.6850393700787402,1.0
MTERF1,-0.490878286063702,0.3464566929133858,1.0
AKAP9,-0.04008519642764252,0.8740157480314961,1.0
KRIT1,0.7490307343011589,0.05511811023622047,1.0
ANKIB1,-0.35865526788452406,0.1889763779527559,1.0
GATAD1,-0.7906838190494305,0.047244094488188976,1.0
PEX1,-0.04338859976708864,0.889763779527559,1.0
RBM48,-0.030169193274602435,0.9448818897637795,1.0
FAM133B,0.9132650064433685,0.36220472440944884,1.0
CDK6,0.019088057163397565,0.984251968503937,1.0
SAMD9,0.06935756004728155,0.9448818897637795,1.0
SAMD9L,-0.0723408028733461,0.905511811023622,1.0
VPS50,0.15237581749109896,0.6535433070866141,1.0
AC002075.2,-1.0012050564057229,0.1732283464566929,1.0
GNG11,0.9247453768190326,0.2677165354330709,1.0
BET1,0.2099296019960173,0.7007874015748031,1.0
COL1A2,-0.5351177855118738,0.6850393700787402,1.0
CASD1,0.4644433878947556,0.1732283464566929,1.0
PON2,0.8067982460195631,0.31496062992125984,1.0
SLC25A13,0.6771787568787961,0.06299212598425197,1.0
SEM1,0.06739201818045082,0.8818897637795275,1.0
SDHAF3,-0.2382545591469616,0.6614173228346457,1.0
OR7E38P,0.6231056485084396,0.4566929133858268,1.0
AC004967.1,-0.777518794872101,0.3858267716535433,1.0
LMTK2,-0.1968279832253419,0.9448818897637795,1.0
TECPR1,0.30236383390415966,0.4094488188976378,1.0
BRI3,0.411396497214497,0.5354330708661418,1.0
RPS3AP26,-0.14158165017048674,0.6929133858267716,1.0
TRRAP,-0.9283819151093984,0.5669291338582677,1.0
AC004893.2,0.7971834323950437,0.023622047244094488,1.0
SMURF1,1.0364091129810267,0.2755905511811024,1.0
ARPC1A,-0.003490279926769091,0.9921259842519685,1.0
ARPC1B,-0.25083101208042846,0.7086614173228346,1.0
PDAP1,0.6703332485825966,0.1732283464566929,1.0
BUD31,0.17399909029734273,0.6850393700787402,1.0
PTCD1,-0.8631124197197044,0.1732283464566929,1.0
CPSF4,-0.2848934102612324,0.6299212598425197,1.0
ATP5J2,0.2442472689723889,0.3858267716535433,1.0
ZNF789,0.10264551375616104,0.8818897637795275,1.0
ZNF394,-0.10275616326997294,0.5669291338582677,1.0
ZKSCAN5,-0.3300330945595107,0.4015748031496063,1.0
FAM200A,-0.208526101592732,0.7874015748031497,1.0
ZNF655,-0.07343858614389287,0.7480314960629921,1.0
ZSCAN25,-0.22118671216798313,0.6771653543307087,1.0
TRIM4,-0.16771623135137048,0.4645669291338583,1.0
ZKSCAN1,0.265566676966535,0.33858267716535434,1.0
ZSCAN21,-0.27088769052836725,0.7401574803149606,1.0
ZNF3,-0.7213882855861575,0.09448818897637795,1.0
COPS6,0.10881635138077517,0.3937007874015748,1.0
MCM7,-0.11513017947616966,0.6456692913385826,1.0
AP4M1,-0.12010516737289789,0.9291338582677166,1.0
CNPY4,0.0010364528841981802,1.0,1.0
LAMTOR4,0.32767012031078036,0.6299212598425197,1.0
C7orf43,-0.07125289208780217,0.9133858267716536,1.0
GAL3ST4,1.0613355542562428,0.2992125984251969,1.0
GPC2,0.11567222347707218,0.9291338582677166,1.0
STAG3,-0.28847623482125084,0.6850393700787402,1.0
GATS,0.6312834095397115,0.2440944881889764,1.0
SPDYE3,-0.08576326254169131,0.889763779527559,1.0
PMS2P1,1.1615920919267366,0.13385826771653545,1.0
STAG3L5P-PVRIG2P-PILRB,-0.25029558594279644,0.7874015748031497,1.0
PILRA,-0.9307957454069924,0.2755905511811024,1.0
ZCWPW1,-1.1128529217737053,0.1732283464566929,1.0
MEPCE,0.20731519960832223,0.7086614173228346,1.0
PPP1R35,-0.29531899996187083,0.7874015748031497,1.0
TSC22D4,0.16243659870036264,0.7559055118110236,1.0
AGFG2,0.719281544354959,0.03937007874015748,1.0
LRCH4,0.7018994506823613,0.41732283464566927,1.0
PCOLCE,-1.5641637214709072,0.1968503937007874,1.0
MOSPD3,0.8005813883009036,0.2125984251968504,1.0
TFR2,0.8388047376890582,0.3700787401574803,1.0
GNB2,0.3581552344126022,0.7795275590551181,1.0
GIGYF1,-0.5362122276715544,0.5905511811023622,1.0
POP7,0.6510009648638331,0.36220472440944884,1.0
EPHB4,0.7560512894092879,0.11023622047244094,1.0
SLC12A9,0.3791324503751565,0.6614173228346457,1.0
TRIP6,-0.8710760779108346,0.3464566929133858,1.0
SRRT,-0.5257691406839973,0.05511811023622047,1.0
TRIM56,0.11332804142332265,0.5984251968503937,1.0
AP1S1,0.9877492473726566,0.4330708661417323,1.0
PLOD3,1.1564990493799145,0.33858267716535434,1.0
ZNHIT1,0.08999967165538525,0.905511811023622,1.0
CLDN15,0.1673953082652977,0.8188976377952756,1.0
FIS1,1.0126275886553167,0.06299212598425197,1.0
IFT22,0.8921044991693644,0.31496062992125984,1.0
CUX1,-0.05283666307970236,0.9212598425196851,1.0
PRKRIP1,0.13361666553457408,0.8110236220472441,1.0
ORAI2,0.8201346274422514,0.08661417322834646,1.0
ALKBH4,-0.6440273486621131,0.31496062992125984,1.0
LRWD1,-1.051532374937267,0.3858267716535433,1.0
POLR2J,-0.2988769248911485,0.6929133858267716,1.0
POLR2J3,0.25592604013270925,0.6456692913385826,1.0
FAM185A,-0.02171242845395227,0.984251968503937,1.0
ARMC10,-0.06268317935467049,0.8976377952755905,1.0
NAPEPLD,-0.01605317789025218,0.9763779527559056,1.0
AC007683.1,-0.11126415001202195,0.8740157480314961,1.0
PMPCB,-0.4748059331064054,0.2755905511811024,1.0
DNAJC2,0.07363195552991719,0.8346456692913385,1.0
PSMC2,0.27779966062747175,0.41732283464566927,1.0
RPS29P16,-0.7943405949752038,0.30708661417322836,1.0
ORC5,0.3392756696068111,0.3700787401574803,1.0
EIF4BP6,-0.34190893462198346,0.2677165354330709,1.0
AC007384.1,-0.558013978907069,0.29133858267716534,1.0
LINC01004,0.3574004342130248,0.6692913385826772,1.0
KMT2E-AS1,-0.40839653198633163,0.23622047244094488,1.0
KMT2E,-0.17677378631324991,0.2204724409448819,1.0
AC005070.3,-0.13400019421152654,0.905511811023622,1.0
SRPK2,0.11428751709193286,0.7480314960629921,1.0
AC004884.1,0.8919212395202942,0.23622047244094488,1.0
PUS7,0.19805796214411897,0.7086614173228346,1.0
RINT1,-1.2641837845986896,0.09448818897637795,1.0
AC073073.2,-1.0605352582001744,0.14173228346456693,1.0
YBX1P2,0.507338245369034,0.6692913385826772,1.0
ATXN7L1,0.044418754156763995,0.889763779527559,1.0
CDHR3,0.5613590027536759,0.30708661417322836,1.0
SYPL1,-0.17314693055248576,0.6535433070866141,1.0
NAMPT,0.6315851996678727,0.25196850393700787,1.0
CCDC71L,0.572642754969876,0.33070866141732286,1.0
PIK3CG,-0.10364511564055423,0.5669291338582677,1.0
HBP1,0.3191078640518423,0.3858267716535433,1.0
COG5,-0.31172647077338933,0.29133858267716534,1.0
DUS4L,0.6257602985254875,0.5354330708661418,1.0
BCAP29,0.5314414148614723,0.06299212598425197,1.0
CBLL1,0.01404490067766151,0.9448818897637795,1.0
DLD,-0.0026836397273299895,1.0,1.0
LAMB1,0.6855755562811703,0.6220472440944882,1.0
NRCAM,-0.7694742902666779,0.44881889763779526,1.0
PNPLA8,0.10210553418768953,0.5984251968503937,1.0
RPL7P32,-0.34405824221793724,0.6614173228346457,1.0
THAP5,-0.18933598341783675,0.5669291338582677,1.0
DNAJB9,0.19207916993438445,0.5826771653543307,1.0
IMMP2L,-0.3799171272763249,0.47244094488188976,1.0
LRRN3,-0.6169118730793026,0.6929133858267716,1.0
DOCK4,1.27256571398205,0.07874015748031496,1.0
ZNF277,0.31639288104999963,0.1732283464566929,1.0
IFRD1,-0.6315385681447356,0.14960629921259844,1.0
TMEM168,-0.03755171354088027,0.9606299212598425,1.0
BMT2,1.1635322353862394,0.28346456692913385,1.0
SMIM30,-0.2412816288551669,0.6377952755905512,1.0
MDFIC,-0.20929479265713802,0.3937007874015748,1.0
AC073130.3,-0.10881525688911164,0.9448818897637795,1.0
TES,0.033370776061577345,0.9291338582677166,1.0
CAV1,2.4158605500370776,0.023622047244094488,1.0
CAPZA2,-0.2090239945641983,0.3937007874015748,1.0
ST7,0.9078175056638971,0.2755905511811024,1.0
LSM8,0.1946134776543511,0.6614173228346457,1.0
ING3,0.2910289675152331,0.3543307086614173,1.0
FAM3C,0.35116817057644667,0.5433070866141733,1.0
AASS,0.7498744282130544,0.3464566929133858,1.0
NDUFA5,-0.07213446517873567,0.6062992125984252,1.0
WASL,0.5175989717537464,0.30708661417322836,1.0
POT1,0.6387602685140514,0.14960629921259844,1.0
ZNF800,-0.3516729566536707,0.11811023622047244,1.0
AC000123.3,0.7989487684313937,0.2992125984251969,1.0
GCC1,0.26134745628343303,0.1968503937007874,1.0
ARF5,0.24505333065490742,0.7165354330708661,1.0
SND1,0.0015521134586213847,1.0,1.0
RBM28,-0.5168236619821709,0.07086614173228346,1.0
IMPDH1,0.6089066918556543,0.6062992125984252,1.0
HILPDA,0.7049122774870069,0.3779527559055118,1.0
METTL2B,0.2683291786164137,0.3543307086614173,1.0
AC090114.2,0.0019388549243897213,1.0,1.0
AC090114.1,0.29915452852204094,0.6614173228346457,1.0
AC018638.5,0.21542733364911237,0.8582677165354331,1.0
CALU,0.18596393242227283,0.5433070866141733,1.0
CCDC136,0.5511113662345308,0.5905511811023622,1.0
ATP6V1F,0.6364542229081858,0.047244094488188976,1.0
IRF5,0.6143335910747636,0.07086614173228346,1.0
TNPO3,0.11216846232126443,0.6299212598425197,1.0
TSPAN33,-0.6473743167613304,0.4881889763779528,1.0
AHCYL2,0.5122404630146118,0.09448818897637795,1.0
AC009244.1,-0.1457645374142409,0.5118110236220472,1.0
SMKR1,-0.6829177645008931,0.4015748031496063,1.0
AC078846.1,-1.4041816784436412,0.09448818897637795,1.0
NRF1,-0.9556922367595071,0.10236220472440945,1.0
UBE2H,0.29591826233725804,0.14960629921259844,1.0
ZC3HC1,1.1486735166364093,0.2125984251968504,1.0
KLHDC10,0.1563763296279852,0.5669291338582677,1.0
TMEM209,0.7293484907432033,0.29133858267716534,1.0
CEP41,0.6225660049366892,0.7165354330708661,1.0
COPG2,0.14393617789573554,0.7795275590551181,1.0
AC016831.1,-0.36512524288228954,0.6299212598425197,1.0
AC016831.5,0.9697881090000258,0.10236220472440945,1.0
AC058791.1,0.577682217470151,0.7007874015748031,1.0
LINC-PINT,0.20449776812494935,0.44881889763779526,1.0
MKLN1,-0.3615446273301366,0.05511811023622047,1.0
AC009362.1,-0.07404179607794781,0.7559055118110236,1.0
PODXL,0.7584951525938413,0.36220472440944884,1.0
EEF1B2P6,-0.21033522921602454,0.4015748031496063,1.0
CHCHD3,0.1521173793860875,0.5590551181102362,1.0
AC008038.1,-0.16916457209144298,0.6850393700787402,1.0
EXOC4,0.42215329780308597,0.23622047244094488,1.0
SLC35B4,0.11007028945230157,0.7874015748031497,1.0
AKR1B1,-0.3945488090466114,0.1968503937007874,1.0
BPGM,-1.064182147696859,0.4094488188976378,1.0
CALD1,0.2896006599885099,0.5039370078740157,1.0
AGBL3,0.013616873469598278,0.984251968503937,1.0
C7orf49,-0.15534471714586084,0.8582677165354331,1.0
TMEM140,-0.6227314929664445,0.5275590551181102,1.0
WDR91,-0.18351288147087974,0.5511811023622047,1.0
CNOT4,-0.5447289341003563,0.15748031496062992,1.0
NUP205,-0.24255352937364716,0.5590551181102362,1.0
STMP1,0.06416244244146618,0.7480314960629921,1.0
MTPN,0.2838212464772427,0.14173228346456693,1.0
AC090498.1,0.20751238067481292,0.5039370078740157,1.0
AC009245.1,0.16867328685896643,0.905511811023622,1.0
CREB3L2,-0.14080699691758092,0.4566929133858268,1.0
TRIM24,0.2000053364270853,0.4566929133858268,1.0
ZC3HAV1,-0.05401134990502321,0.8267716535433071,1.0
AC018644.1,-0.13302052034294842,0.8503937007874016,1.0
TTC26,-0.45091794032486,0.5433070866141733,1.0
UBN2,-0.21179576847369574,0.6692913385826772,1.0
FMC1,0.5533527976333115,0.5433070866141733,1.0
LUC7L2,0.06949881344933484,0.6299212598425197,1.0
HIPK2,0.4922674235218283,0.41732283464566927,1.0
TBXAS1,1.0888562953630765,0.1889763779527559,1.0
PARP12,-0.6190788648453278,0.15748031496062992,1.0
KDM7A,-0.1731557589687096,0.6299212598425197,1.0
JHDM1D-AS1,-0.673773907846011,0.25984251968503935,1.0
SLC37A3,1.1406459259527577,0.2677165354330709,1.0
MKRN1,-0.10760900900737891,0.6929133858267716,1.0
ADCK2,-0.8653961720847203,0.03937007874015748,1.0
NDUFB2,0.4370806212161966,0.03937007874015748,1.0
BRAF,0.005767287175579838,0.9448818897637795,1.0
MRPS33,0.03693238803662435,0.9448818897637795,1.0
AGK,-0.012813843309098516,0.952755905511811,1.0
AC004918.1,0.29636118863786187,0.4645669291338583,1.0
KIAA1147,-0.7130734132807897,0.07086614173228346,1.0
WEE2-AS1,1.1609511542559368,0.05511811023622047,1.0
SSBP1,0.009888373184868904,0.968503937007874,1.0
TRBV3-1,0.4871287540224948,0.5275590551181102,1.0
TRBV5-1,-0.21209683804910928,0.7637795275590551,1.0
TRBV6-2,1.398558871724938,0.11811023622047244,1.0
TRBV7-9,0.8740628345484063,0.4015748031496063,1.0
TRBV14,-0.34682873682139337,0.7401574803149606,1.0
TRBV18,0.8897121766508369,0.2992125984251969,1.0
TRBV19,0.35173563803782826,0.6692913385826772,1.0
TRBV20-1,-0.1774303644978057,0.8818897637795275,1.0
TRBV28,0.8743690081544013,0.2677165354330709,1.0
TRBV29-1,0.8182655233900137,0.2677165354330709,1.0
TRBC1,0.33216453078443564,0.12598425196850394,1.0
TRBC2,0.4416049639064852,0.10236220472440945,1.0
EPHB6,0.09085257539400793,0.8346456692913385,1.0
GSTK1,-0.10617669700509325,0.5826771653543307,1.0
CASP2,-0.0023168218346780733,1.0,1.0
AC093673.1,-0.9358265029563739,0.29133858267716534,1.0
ZYX,0.35983025233139365,0.7244094488188977,1.0
EPHA1,0.48019736320724027,0.8110236220472441,1.0
EPHA1-AS1,-0.23252129915722275,0.8740157480314961,1.0
TCAF2,-0.7498165316068972,0.09448818897637795,1.0
TCAF1,0.4467239549108002,0.7795275590551181,1.0
ARHGEF5,0.8379299034958079,0.2440944881889764,1.0
TPK1,-0.19886676998534014,0.6062992125984252,1.0
AC005229.4,0.2174958216854832,0.6535433070866141,1.0
CUL1,-0.1323220962709737,0.7637795275590551,1.0
EZH2,0.39755720484096546,0.03937007874015748,1.0
RNY4,0.10278635241812206,0.8740157480314961,1.0
PDIA4,0.2887787156459254,0.33070866141732286,1.0
ZNF786,-0.8877042333052465,0.031496062992125984,1.0
ZNF398,-0.021640647602344742,0.9763779527559056,1.0
AC004890.1,-0.6585461513344861,0.3779527559055118,1.0
ZNF282,0.1988696006613706,0.8503937007874016,1.0
ZNF212,0.14553326526863541,0.5748031496062992,1.0
ZNF783,-0.1647741204786275,0.7874015748031497,1.0
AC004941.2,0.2605963063291312,0.7559055118110236,1.0
ZNF777,0.19647763898680415,0.8188976377952756,1.0
ZNF746,0.03672143621264201,0.9291338582677166,1.0
ZNF767P,1.1800644901081156,0.25196850393700787,1.0
KRBA1,-0.6011927575956806,0.4881889763779528,1.0
ZNF467,0.6263779082658708,0.5275590551181102,1.0
ZNF862,-0.5187681405200113,0.25984251968503935,1.0
AC004877.2,0.7054624574021531,0.31496062992125984,1.0
ATP6V0E2,0.6909056732412981,0.5590551181102362,1.0
LRRC61,1.6571269538672517,0.05511811023622047,1.0
ZBED6CL,2.4447469909115327,0.07086614173228346,1.0
REPIN1,-0.2821353601159178,0.5511811023622047,1.0
AC073111.5,-0.4856202194802899,0.2992125984251969,1.0
GIMAP8,-0.45926586053986984,0.4881889763779528,1.0
GIMAP7,0.19213497312719863,0.84251968503937,1.0
GIMAP4,-0.39863986282165786,0.6141732283464567,1.0
GIMAP6,-0.26670342126659285,0.7086614173228346,1.0
GIMAP2,0.2123740401163392,0.8110236220472441,1.0
GIMAP1,-0.31877409961908487,0.6535433070866141,1.0
GIMAP5,-0.6546390397184378,0.48031496062992124,1.0
TMEM176B,0.6390868143663075,0.41732283464566927,1.0
ATG9B,-0.1567503215304784,0.8188976377952756,1.0
ABCB8,0.0998607896228112,0.8346456692913385,1.0
ASIC3,-0.27994636959048425,0.7795275590551181,1.0
CDK5,1.0013553474780177,0.3700787401574803,1.0
FASTK,-0.1081673807871395,0.889763779527559,1.0
TMUB1,-0.5778268120176511,0.5275590551181102,1.0
AGAP3,-0.11411991381641595,0.8503937007874016,1.0
ABCF2,0.21116619976396134,0.7086614173228346,1.0
CHPF2,0.6310353973194414,0.5433070866141733,1.0
SMARCD3,0.7508285937651891,0.3779527559055118,1.0
NUB1,-0.5518713623764864,0.05511811023622047,1.0
WDR86-AS1,-0.7442832593056181,0.49606299212598426,1.0
RHEB,0.16198539412488522,0.8031496062992126,1.0
PRKAG2,-0.510981161863854,0.2677165354330709,1.0
PRKAG2-AS1,-0.6823872822861681,0.1889763779527559,1.0
GALNT11,0.03788330071350554,0.9212598425196851,1.0
KMT2C,0.21693930428391184,0.5275590551181102,1.0
SEPT7P6,0.21178365948141575,0.6850393700787402,1.0
LINC01003,-0.004565223075958524,0.9921259842519685,1.0
ACTR3B,0.9831920212476541,0.18110236220472442,1.0
PAXIP1-AS2,-1.331885478812568,0.2047244094488189,1.0
PAXIP1,1.162216130281828,0.23622047244094488,1.0
AC093726.1,-0.5407700978225152,0.2204724409448819,1.0
PAXIP1-AS1,0.42048093306545153,0.6692913385826772,1.0
AC144652.1,1.1878722994475228,0.09448818897637795,1.0
INSIG1,-0.31302295497718635,0.44881889763779526,1.0
AC009403.1,0.06964714741681233,0.9606299212598425,1.0
RBM33,-0.24598697591227836,0.25196850393700787,1.0
LINC01006,-0.8455516512037562,0.16535433070866143,1.0
LMBR1,1.4497800857508611,0.023622047244094488,1.0
NOM1,-0.05629389192005707,0.7874015748031497,1.0
UBE3C,-0.40546639037411136,0.11811023622047244,1.0
RPS27AP12,-0.5412932738340939,0.47244094488188976,1.0
DNAJB6,-0.2379389801048406,0.29133858267716534,1.0
PTPRN2,0.2185081353904641,0.7559055118110236,1.0
NCAPG2,-0.5614725915311345,0.5590551181102362,1.0
ESYT2,-0.07075902052664507,0.5905511811023622,1.0
WDR60,-0.4852360427103095,0.03937007874015748,1.0
PLCXD1,-0.9705832455898191,0.33858267716535434,1.0
GTPBP6,0.34581201767600334,0.7637795275590551,1.0
LINC00685,-0.23630239253214036,0.8346456692913385,1.0
PPP2R3B,0.5421491326967731,0.5275590551181102,1.0
IL3RA,-0.8939561312999018,0.2125984251968504,1.0
SLC25A6,0.26960964498774054,0.44881889763779526,1.0
ASMTL,-0.5173038143933941,0.3858267716535433,1.0
P2RY8,-0.2291719061441979,0.3700787401574803,1.0
AKAP17A,-0.9432329651675824,0.07086614173228346,1.0
DHRSX,0.4744745353666162,0.33070866141732286,1.0
ZBED1,0.29150950939719245,0.2283464566929134,1.0
CD99P1,1.3703806958392466,0.2047244094488189,1.0
CD99,0.02364714603691631,0.952755905511811,1.0
ARSD,-0.6551765115660633,0.6535433070866141,1.0
PRKX,0.3283609879612053,0.49606299212598426,1.0
BX890604.1,-0.14985081048601723,0.8740157480314961,1.0
AC078991.1,-0.45155030506505134,0.6062992125984252,1.0
PUDP,0.6373475858708639,0.11811023622047244,1.0
STS,-0.526601073481467,0.4881889763779528,1.0
PNPLA4,-0.41388936871427795,0.6771653543307087,1.0
TBL1X,-0.08865028112617068,0.7559055118110236,1.0
EIF5P1,-0.09204103478552006,0.8976377952755905,1.0
WWC3,0.3983930655318737,0.4015748031496063,1.0
HCCS,0.84676721082195,0.2677165354330709,1.0
MSL3,0.2789133711345171,0.2204724409448819,1.0
PRPS2,-0.18552193431598907,0.6929133858267716,1.0
TMSB4X,0.3366686041349052,0.07086614173228346,1.0
TCEANC,-0.22513718736558097,0.8110236220472441,1.0
RAB9A,-0.5699462323625628,0.3700787401574803,1.0
TRAPPC2,0.4536721460028419,0.28346456692913385,1.0
OFD1,-0.3398410203153652,0.18110236220472442,1.0
GEMIN8,0.24166373453905132,0.8267716535433071,1.0
FANCB,-0.8091086278279576,0.4015748031496063,1.0
MOSPD2,1.1366053902895783,0.14960629921259844,1.0
PIGA,0.22690921901127936,0.5511811023622047,1.0
CA5BP1,0.44961635647081966,0.48031496062992124,1.0
CA5B,-0.09861813453016133,0.8818897637795275,1.0
ZRSR2,0.239074650496641,0.4409448818897638,1.0
AP1S2,0.3485503286487148,0.3858267716535433,1.0
CTPS2,-0.7649546608871032,0.2047244094488189,1.0
SYAP1,0.1299390987729243,0.7322834645669292,1.0
TXLNG,-0.11657522436645351,0.7874015748031497,1.0
RBBP7,-0.033972003266494966,0.905511811023622,1.0
SCML1,-0.5950765975057832,0.2283464566929134,1.0
SCML2,0.8454050322192406,0.2125984251968504,1.0
CDKL5,0.942418394056117,0.11023622047244094,1.0
PHKA2,-1.3071305171373986,0.023622047244094488,1.0
PDHA1,-0.3451107114581795,0.33858267716535434,1.0
SH3KBP1,0.44704816612195764,0.023622047244094488,1.0
BCLAF3,0.6521911798285158,0.1732283464566929,1.0
EIF1AX,-0.18548316808441,0.5354330708661418,1.0
RPS6KA3,-0.3780460248169968,0.08661417322834646,1.0
CNKSR2,1.436662203803106,0.18110236220472442,1.0
KLHL34,-0.6577108449035769,0.4881889763779528,1.0
MBTPS2,0.18800029345845415,0.4881889763779528,1.0
SMS,0.3480466212528537,0.09448818897637795,1.0
PHEX,0.22364915310779043,0.8740157480314961,1.0
FAM3C2,-1.016301310478887,0.05511811023622047,1.0
PRDX4,0.07629466646002747,0.889763779527559,1.0
ACOT9,-0.04123291304372234,0.937007874015748,1.0
SAT1,0.30658455606104695,0.4015748031496063,1.0
APOO,1.5371990168506442,0.06299212598425197,1.0
RPL9P7,-0.7646958415798037,0.5433070866141733,1.0
KLHL15,0.13943750750900996,0.7559055118110236,1.0
EIF2S3,-0.07250810633430937,0.8346456692913385,1.0
ZFX,-0.06372290130111491,0.8582677165354331,1.0
AC004552.1,-0.2295528359680108,0.9212598425196851,1.0
PDK3,-0.5712162413505233,0.1968503937007874,1.0
AC004656.1,-0.23570484080748733,0.33858267716535434,1.0
POLA1,0.10392054824119823,0.8976377952755905,1.0
EEF1B2P3,-0.3008786079770154,0.4881889763779528,1.0
AC097263.1,-0.4133071159608668,0.2755905511811024,1.0
CXorf21,2.5857936085873465,0.015748031496062992,1.0
GK,1.6406619937881048,0.023622047244094488,1.0
TAB3,0.2794613281351337,0.3464566929133858,1.0
TBCAP1,-0.2745605620437823,0.5118110236220472,1.0
CYBB,-0.42326021196292585,0.7007874015748031,1.0
DYNLT3,-0.7676902288582585,0.015748031496062992,1.0
RPGR,0.45550102413056415,0.36220472440944884,1.0
TSPAN7,1.7386364541056951,0.06299212598425197,1.0
MID1IP1,-0.026948508863776865,0.9763779527559056,1.0
LINC01281,0.47072745481858247,0.6535433070866141,1.0
GAPDHP1,0.36293659635293185,0.49606299212598426,1.0
BCOR,-0.07999998220698856,0.6929133858267716,1.0
ATP6AP2,0.11305268237188315,0.7322834645669292,1.0
CXorf38,0.004809561020405084,0.968503937007874,1.0
MED14,-0.17900715385211452,0.3700787401574803,1.0
RPS2P55,-0.25413381480041153,0.5669291338582677,1.0
USP9X,-0.04865784564306441,0.8661417322834646,1.0
DDX3X,-0.07713231617927363,0.8031496062992126,1.0
CASK,-0.29684857142910115,0.29133858267716534,1.0
GPR34,1.0051865135294586,0.07874015748031496,1.0
ATP5G2P4,-1.018160007505084,0.09448818897637795,1.0
PPP1R2P9,-0.12152127926724177,0.952755905511811,1.0
AL034370.1,-1.021014822566896,0.023622047244094488,1.0
FUNDC1,0.47606508802673364,0.4251968503937008,1.0
KDM6A,-0.1831950879549762,0.5354330708661418,1.0
MIR222HG,-0.49414157763245536,0.5275590551181102,1.0
GAPDHP65,0.20074714577364627,0.7401574803149606,1.0
KRBOX4,0.9504354468435148,0.5511811023622047,1.0
ZNF674,-0.2796844763031574,0.6771653543307087,1.0
ZNF674-AS1,0.011029802188020188,1.0,1.0
CHST7,1.385702105040025,0.047244094488188976,1.0
SLC9A7,0.5643503633811284,0.5354330708661418,1.0
RP2,-0.6690932773770957,0.1732283464566929,1.0
NDUFB11,0.47034776420342705,0.2992125984251969,1.0
RBM10,0.5728773294987652,0.18110236220472442,1.0
UBA1,0.383053179961113,0.6062992125984252,1.0
CDK16,-0.5561975198787179,0.5905511811023622,1.0
USP11,0.18494106493738638,0.7086614173228346,1.0
ZNF41,-1.184478047378009,0.06299212598425197,1.0
NUS1P1,-0.06296978483488269,0.8661417322834646,1.0
ARAF,-0.16349150804060208,0.2677165354330709,1.0
TIMP1,0.03503888990327031,0.9763779527559056,1.0
CFP,0.6037630995662446,0.36220472440944884,1.0
ELK1,-0.04268899838881968,0.905511811023622,1.0
UXT,0.005141913619654659,0.9763779527559056,1.0
WASF4P,-0.04734140097213624,0.9212598425196851,1.0
ZNF81,0.0838729407195089,0.9133858267716536,1.0
ZNF182,-0.4958342380560703,0.4015748031496063,1.0
SLC38A5,-0.41877725281887335,0.4330708661417323,1.0
FTSJ1,-0.08960587674262133,0.8346456692913385,1.0
PORCN,-0.7558649355990754,0.13385826771653545,1.0
EBP,0.5792460751415338,0.8188976377952756,1.0
TBC1D25,-0.519112520549057,0.2677165354330709,1.0
RBM3,-0.40636801527545785,0.10236220472440945,1.0
AC115618.3,-0.2186490653199995,0.8976377952755905,1.0
WDR13,1.0205152804779085,0.31496062992125984,1.0
WAS,0.08879509073129377,0.8267716535433071,1.0
SUV39H1,-0.5280246511597171,0.6062992125984252,1.0
AC231533.2,-0.6409628661420923,0.44881889763779526,1.0
HDAC6,0.33432087899067886,0.5669291338582677,1.0
PCSK1N,1.059783033279714,0.4094488188976378,1.0
TIMM17B,0.4539334841349527,0.8740157480314961,1.0
PQBP1,-0.702602708763453,0.5748031496062992,1.0
SLC35A2,1.0296932321680745,0.03937007874015748,1.0
PIM2,0.18749459474318897,0.6377952755905512,1.0
OTUD5,-0.5206819403157033,0.1968503937007874,1.0
GRIPAP1,-0.343060459835387,0.07086614173228346,1.0
TFE3,0.5973366858645557,0.06299212598425197,1.0
CCDC120,-0.18049992587656538,0.7874015748031497,1.0
PRAF2,1.2671993931315577,0.03937007874015748,1.0
WDR45,0.43521000560149936,0.33070866141732286,1.0
GPKOW,0.9384396043548939,0.3858267716535433,1.0
PLP2,0.08037310072137238,0.8267716535433071,1.0
PRICKLE3,0.4086734961852121,0.6299212598425197,1.0
CCDC22,1.0516989752289625,0.44881889763779526,1.0
FOXP3,1.5394178042293376,0.25196850393700787,1.0
PPP1R3F,-0.1885163040270501,0.7637795275590551,1.0
AC232271.1,0.26939623805278323,0.7795275590551181,1.0
VDAC1P2,0.7413695561461577,0.23622047244094488,1.0
USP27X,-0.03779469536171187,0.952755905511811,1.0
CLCN5,0.9137786329031201,0.2440944881889764,1.0
NUDT11,0.5433827002993652,0.4566929133858268,1.0
GSPT2,0.46255218715865976,0.7165354330708661,1.0
MAGED1,0.26141941310022077,0.7086614173228346,1.0
TSPYL2,-0.23566804360555338,0.7795275590551181,1.0
KANTR,0.6052884055226948,0.5354330708661418,1.0
KDM5C,0.14112021990997192,0.6850393700787402,1.0
SMC1A,0.48898281192683335,0.1732283464566929,1.0
HSD17B10,-0.03903638125458464,0.8740157480314961,1.0
HUWE1,-0.12442338061140568,0.6850393700787402,1.0
AC233279.1,-0.9678846564659849,0.33858267716535434,1.0
PHF8,0.19258552224582637,0.2992125984251969,1.0
FAM120C,-0.9698142475825366,0.03937007874015748,1.0
TSR2,0.2742458219847963,0.2047244094488189,1.0
GNL3L,0.706500331772868,0.2755905511811024,1.0
MAGED2,-0.04916933428957204,0.9448818897637795,1.0
APEX2,-0.022102389139956102,0.9606299212598425,1.0
FAM104B,-0.6898077277986201,0.36220472440944884,1.0
MAGEH1,0.5635025340296949,0.5905511811023622,1.0
USP51,-0.13009822906149449,0.9291338582677166,1.0
RRAGB,-0.420003647621217,0.3700787401574803,1.0
AL445472.1,-1.8321459067482235,0.047244094488188976,1.0
KLF8,0.3770248141065742,0.5669291338582677,1.0
UBQLN2,0.09238495682270287,0.6535433070866141,1.0
NBDY,0.2545217592916238,0.4251968503937008,1.0
UQCRBP1,-0.17962190921833798,0.48031496062992124,1.0
SPIN3,-0.5738633955593806,0.3858267716535433,1.0
SPIN2B,1.037174892313196,0.18110236220472442,1.0
FAAH2,0.3052013163981604,0.6535433070866141,1.0
ZXDB,0.2490238415618773,0.7401574803149606,1.0
ZXDA,0.13320360816622046,0.8818897637795275,1.0
BX322784.1,0.32544161852979103,0.6771653543307087,1.0
CBX1P1,0.024938728579681824,1.0,1.0
LINC01278,0.260407572882575,0.8110236220472441,1.0
SPIN4,-0.08763073977723357,0.889763779527559,1.0
ARHGEF9,-0.12722898789215176,0.5511811023622047,1.0
HNRNPDP1,0.34209328607068845,0.6062992125984252,1.0
AMER1,-0.814460696233386,0.3779527559055118,1.0
MTMR8,0.2913983626164829,0.7322834645669292,1.0
ZC4H2,0.7413658725423005,0.28346456692913385,1.0
ZC3H12B,-0.2448580419955957,0.7007874015748031,1.0
LAS1L,-0.6399130567361535,0.2755905511811024,1.0
MSN,0.01970450786309108,0.9291338582677166,1.0
YIPF6,1.5279419706825705,0.08661417322834646,1.0
RPL31P63,-0.3866232012629194,0.49606299212598426,1.0
SERBP1P1,0.11577838663209672,0.8188976377952756,1.0
PJA1,-0.92989594321668,0.031496062992125984,1.0
CNOT7P1,-1.5824510612703038,0.06299212598425197,1.0
IGBP1,0.2939378935710817,0.07874015748031496,1.0
PDZD11,0.2234269840100147,0.7007874015748031,1.0
DLG3,0.11073305997547367,0.7401574803149606,1.0
RPS23P8,-0.21510219486039972,0.5669291338582677,1.0
SNX12,0.4852657693435738,0.36220472440944884,1.0
FOXO4,0.41302764273100934,0.5590551181102362,1.0
CXorf65,-0.35110666187826745,0.33070866141732286,1.0
IL2RG,0.39186599895608154,0.4645669291338583,1.0
MED12,-0.11151373642977713,0.6771653543307087,1.0
AL590764.1,-0.8935202921891423,0.33858267716535434,1.0
ZMYM3,0.8466444794369492,0.41732283464566927,1.0
NONO,0.2170987790459149,0.25984251968503935,1.0
AL590762.3,0.6884522416461916,0.47244094488188976,1.0
TAF1,-0.1349450044049103,0.7401574803149606,1.0
AL590762.1,-0.014295344158744117,0.9921259842519685,1.0
OGT,-0.24446223078756546,0.5984251968503937,1.0
GCNA,-0.17858789445584566,0.5590551181102362,1.0
CXCR3,0.17467304685778196,0.7086614173228346,1.0
NHSL2,0.6809132902123167,0.5748031496062992,1.0
RTL5,-2.406041735414208,0.015748031496062992,1.0
PIN4,0.9402721986419826,0.5984251968503937,1.0
RPS4X,0.10094310321711752,0.905511811023622,1.0
HDAC8,0.3397988772963636,0.28346456692913385,1.0
NAP1L2,0.49510478999846796,0.1968503937007874,1.0
TOMM20P4,0.654385836280341,0.5669291338582677,1.0
CHIC1,-0.04221271079516509,0.905511811023622,1.0
XIST,0.5209103369648913,0.8582677165354331,1.0
FTX,0.1374486184574133,0.7480314960629921,1.0
USMG5P1,0.5964136151110622,0.5118110236220472,1.0
Z83843.1,-0.5949414899014731,0.4330708661417323,1.0
AC004386.1,0.6776770142251274,0.4251968503937008,1.0
PABPC1P3,0.0066842506076447705,0.9763779527559056,1.0
RLIM,-0.15673817269946433,0.6062992125984252,1.0
ABCB7,-0.0681686418588745,0.7874015748031497,1.0
UPRT,-1.2458568572993913,0.13385826771653545,1.0
TTC3P1,-0.5286943725559317,0.031496062992125984,1.0
PBDC1,-0.61318818434526,0.1732283464566929,1.0
LDHBP2,-0.0992752497501499,0.8267716535433071,1.0
MAGEE1,-0.13572185802775039,0.889763779527559,1.0
ATRX,-0.04037260385517705,0.8818897637795275,1.0
MAGT1,0.24186338884058323,0.6535433070866141,1.0
COX7B,0.10105983974845323,0.6692913385826772,1.0
ATP7A,-0.09329602107125856,0.8818897637795275,1.0
AL356235.1,-0.7705813515643085,0.33858267716535434,1.0
PGK1,-0.10439029652817489,0.5275590551181102,1.0
TAF9B,0.40996556698142417,0.18110236220472442,1.0
CYSLTR1,0.7109815032698119,0.25196850393700787,1.0
P2RY10,0.13999382086665513,0.7007874015748031,1.0
GPR174,1.006123289001685,0.3464566929133858,1.0
ITM2A,0.3730986629240043,0.25196850393700787,1.0
BRWD3,-0.20582678162683887,0.5196850393700787,1.0
HMGN5,-1.3191891647337115,0.08661417322834646,1.0
SH3BGRL,-0.08103399189970073,0.7086614173228346,1.0
TERF1P4,-0.2500034979699297,0.6614173228346457,1.0
APOOL,0.039863991093740836,0.9133858267716536,1.0
CHM,0.7028982304555216,0.10236220472440945,1.0
Z96811.1,1.4050135421662175,0.03937007874015748,1.0
EIF4A1P10,-0.6201897710553617,0.49606299212598426,1.0
AL121871.1,0.10887562242304138,0.84251968503937,1.0
AL359263.1,0.6858396998883209,0.5196850393700787,1.0
ST13P18,-0.8166332836797574,0.4015748031496063,1.0
NAP1L3,0.8535248678900795,0.3700787401574803,1.0
DIAPH2,0.13753245880756726,0.7086614173228346,1.0
CSTF2,1.255042520710425,0.10236220472440945,1.0
Z73417.1,-0.5578863151611935,0.41732283464566927,1.0
TRMT2B,0.20994833579337513,0.6692913385826772,1.0
TIMM8A,0.3435688540364601,0.6850393700787402,1.0
BTK,-0.5666639947368546,0.6614173228346457,1.0
RPL36A,-0.20564486008456573,0.4251968503937008,1.0
GLA,-0.4751553222348841,0.4409448818897638,1.0
HNRNPH2,0.21187576415333975,0.33858267716535434,1.0
ARMCX4,-1.4600320119733614,0.10236220472440945,1.0
AC234775.2,-0.20055124781448708,0.8818897637795275,1.0
ARMCX6,-0.19283891733767078,0.8582677165354331,1.0
ARMCX3,0.4353798957555197,0.2125984251968504,1.0
ARMCX2,1.1132553176290598,0.14173228346456693,1.0
AL672207.1,0.7968599859016932,0.2677165354330709,1.0
ZMAT1,-0.44248828041377664,0.3464566929133858,1.0
BEX5,0.11397599959093174,0.8188976377952756,1.0
ARMCX5,0.18323835568580815,0.7165354330708661,1.0
ARMCX5-GPRASP2,-0.2910372996535613,0.6929133858267716,1.0
GPRASP1,-0.2480808348596799,0.5748031496062992,1.0
BEX4,-0.6985284496803548,0.11023622047244094,1.0
TCEAL8,0.18655344982145738,0.7716535433070866,1.0
BEX2,-0.30563681792124164,0.5118110236220472,1.0
TCEAL9,-0.38138327489815804,0.6614173228346457,1.0
BEX3,0.5808547790019949,0.23622047244094488,1.0
TCEAL4,0.2501475208482704,0.49606299212598426,1.0
TCEAL3,0.07799725021569204,0.905511811023622,1.0
TCEAL1,0.6505443109964508,0.5905511811023622,1.0
MORF4L2,-0.1395075438960358,0.5826771653543307,1.0
SLC25A53,-0.6453045970217879,0.23622047244094488,1.0
ZCCHC18,0.2854037454386231,0.7401574803149606,1.0
FAM199X,-0.3112005733874854,0.18110236220472442,1.0
KCTD9P2,-0.09125265619757905,0.905511811023622,1.0
CXorf57,0.5154995413601817,0.5433070866141733,1.0
MORC4,-1.0039352610203647,0.31496062992125984,1.0
RBM41,0.12898650990746496,0.8110236220472441,1.0
AL390039.1,0.017127282511673503,0.984251968503937,1.0
DNAJA1P3,-1.106335983661657,0.03937007874015748,1.0
PRPS1,-0.1360153220449254,0.5590551181102362,1.0
TSC22D3,-0.20404611505881576,0.5118110236220472,1.0
MID2,0.6442588545034016,0.47244094488188976,1.0
VSIG1,0.04767613461049702,0.9763779527559056,1.0
PSMD10,0.2366949491025636,0.2204724409448819,1.0
ATG4A,0.8129972904184308,0.09448818897637795,1.0
NXT2,0.8073715631231089,0.4015748031496063,1.0
ACSL4,0.055171543937498235,0.8976377952755905,1.0
TMEM164,-0.6263607261745685,0.023622047244094488,1.0
AMMECR1,-0.4051127784808095,0.13385826771653545,1.0
GNG5P2,-0.45421236246211594,0.41732283464566927,1.0
PAK3,-1.0375518136530724,0.28346456692913385,1.0
EIF4BP7,-0.7819473811175337,0.14173228346456693,1.0
ALG13,0.27087259469589053,0.3700787401574803,1.0
PLS3,0.6276425219805715,0.5590551181102362,1.0
AC005000.1,0.4096523180939382,0.28346456692913385,1.0
API5P1,-0.9206553195070395,0.2125984251968504,1.0
WDR44,0.3083001957379974,0.49606299212598426,1.0
DOCK11,0.15565106977475196,0.7716535433070866,1.0
IL13RA1,0.3511483102787887,0.8582677165354331,1.0
LONRF3,0.30331401442978345,0.7637795275590551,1.0
HNRNPA1P28,-0.34893046547226225,0.5275590551181102,1.0
PGRMC1,0.2907273623630089,0.5433070866141733,1.0
SLC25A43,-0.1668298119176823,0.7952755905511811,1.0
SLC25A5-AS1,1.0044512805140424,0.11811023622047244,1.0
SLC25A5,0.006244883041827798,0.9763779527559056,1.0
CXorf56,-0.7257101178035392,0.2047244094488189,1.0
UBE2A,0.18050933218807952,0.6850393700787402,1.0
NKRF,1.2439186818725103,0.2440944881889764,1.0
SEPT6,0.28458207798746393,0.41732283464566927,1.0
RPL39,-0.04731773545532114,0.84251968503937,1.0
UPF3B,0.6212287218551413,0.47244094488188976,1.0
RNF113A,-0.35198630093396854,0.2677165354330709,1.0
NDUFA1,0.322586204048509,0.28346456692913385,1.0
NKAP,0.5628260822486153,0.8661417322834646,1.0
NKAPP1,-1.0760066160941615,0.12598425196850394,1.0
ZBTB33,-0.10904382056517026,0.7795275590551181,1.0
LAMP2,0.11743691536950696,0.4881889763779528,1.0
CUL4B,-0.27073163837570746,0.2047244094488189,1.0
MCTS1,0.0458679039337353,0.8976377952755905,1.0
C1GALT1C1,0.5538769783691664,0.33070866141732286,1.0
GLUD2,-0.5739214417381125,0.5748031496062992,1.0
HSPA8P1,0.2498901000424496,0.7952755905511811,1.0
AL590139.1,-0.5016340423978995,0.6141732283464567,1.0
THOC2,-0.12506749591266964,0.5905511811023622,1.0
XIAP,0.1067716274503594,0.7480314960629921,1.0
STAG2,-0.042636326396797486,0.8031496062992126,1.0
SH2D1A,0.25028639046935197,0.4881889763779528,1.0
TENM1,-0.1601413714245603,0.8188976377952756,1.0
OCRL,0.7974751178225103,0.2440944881889764,1.0
SASH3,0.34859193727070625,0.2677165354330709,1.0
AL023653.1,0.09374926115033366,0.889763779527559,1.0
ZDHHC9,1.6198818842913059,0.015748031496062992,1.0
UTP14A,-0.0016794965145905394,1.0,1.0
BCORL1,0.11042760523467621,0.937007874015748,1.0
ELF4,0.565518919871824,0.047244094488188976,1.0
AIFM1,0.38591873775501995,0.14960629921259844,1.0
RAB33A,0.12379675003630153,0.8503937007874016,1.0
ZNF280C,0.0370099291488275,0.9133858267716536,1.0
SLC25A14,0.7490716996146469,0.4330708661417323,1.0
RBMX2,0.13862509352913577,0.7165354330708661,1.0
ENOX2,0.5131177100437943,0.12598425196850394,1.0
STK26,0.02757909388271873,0.8582677165354331,1.0
RAP2C,0.0705144250922567,0.84251968503937,1.0
RAP2C-AS1,-0.8773789413326119,0.25984251968503935,1.0
MBNL3,-0.0012265629925494181,1.0,1.0
AL009174.1,-0.13800811631810284,0.6929133858267716,1.0
PHF6,0.5107509312763101,0.28346456692913385,1.0
HPRT1,0.6859641402725467,0.03937007874015748,1.0
FAM122B,-0.3318479375573169,0.28346456692913385,1.0
FAM122C,0.19752631706038049,0.6692913385826772,1.0
MOSPD1,0.16179272532841704,0.8976377952755905,1.0
RTL8C,0.336834168510193,0.3779527559055118,1.0
RTL8A,0.8226612171440739,0.48031496062992124,1.0
ZNF75D,0.48348122342663036,0.2283464566929134,1.0
ZNF449,-0.14421379240935317,0.905511811023622,1.0
INTS6L,-0.1145393030904529,0.6141732283464567,1.0
MMGT1,0.17863031992712397,0.4566929133858268,1.0
SLC9A6,-0.5331145207849888,0.12598425196850394,1.0
FHL1,0.3828402758918976,0.3228346456692913,1.0
MAP7D3,1.3684521586621505,0.2440944881889764,1.0
HTATSF1,0.006460382590459446,0.984251968503937,1.0
LINC00892,0.37326574079480146,0.6062992125984252,1.0
CD40LG,0.6903727290204467,0.30708661417322836,1.0
ARHGEF6,0.19288142398706576,0.2125984251968504,1.0
RBMX,-0.10474219001545215,0.33858267716535434,1.0
SRRM1P3,-0.7792571370779529,0.1968503937007874,1.0
ATP11C,-0.15083284236207994,0.6771653543307087,1.0
HNRNPA3P3,-0.285614141581223,0.6929133858267716,1.0
LDOC1,1.2541794497333525,0.047244094488188976,1.0
FMR1,-0.4106852687936744,0.07874015748031496,1.0
FTH1P8,-0.32678775245191094,0.6456692913385826,1.0
IDS,0.0286871626709555,0.8740157480314961,1.0
LINC00893,-0.0871841902643693,0.8188976377952756,1.0
CXorf40A,0.07189058193262188,0.9763779527559056,1.0
TMEM185A,-0.33812118373049893,0.6062992125984252,1.0
CXorf40B,0.5750381268981335,0.28346456692913385,1.0
BX322650.1,-1.1501580971932603,0.07086614173228346,1.0
XRCC6P2,-0.6188917985975109,0.4409448818897638,1.0
MTM1,0.599000160379827,0.2283464566929134,1.0
MTMR1,-0.12103284915721346,0.7716535433070866,1.0
CD99L2,-1.0242096585966887,0.13385826771653545,1.0
HMGB3,0.24967184952349708,0.8267716535433071,1.0
RPL19P21,0.007813652256512205,1.0,1.0
AF013593.1,0.7323357372797363,0.28346456692913385,1.0
VMA21,0.017412618059967855,0.905511811023622,1.0
CETN2,-0.45380330938029845,0.3543307086614173,1.0
NSDHL,0.16194040066470183,0.889763779527559,1.0
ZNF185,-0.4460335919580527,0.5433070866141733,1.0
ZNF275,-0.48593673277970595,0.29133858267716534,1.0
CCNQ,0.49723990096406423,0.29133858267716534,1.0
BCAP31,0.44987277478939003,0.3543307086614173,1.0
ABCD1,-0.5035491938631256,0.6929133858267716,1.0
IDH3G,0.17803008785434127,0.8031496062992126,1.0
SSR4,0.06524412354776299,0.984251968503937,1.0
PDZD4,-0.17984509762930423,0.8267716535433071,1.0
CYCSP45,-0.08798972320503662,0.84251968503937,1.0
L1CAM,0.7372368116581446,0.2440944881889764,1.0
ARHGAP4,0.012934703863510144,0.984251968503937,1.0
NAA10,1.3255879591867838,0.23622047244094488,1.0
HCFC1,-0.14068969511074148,0.7007874015748031,1.0
TMEM187,1.3248941228355622,0.15748031496062992,1.0
IRAK1,-0.034481936036485195,0.889763779527559,1.0
MECP2,-0.03206999071304484,0.9448818897637795,1.0
TKTL1,0.15791348478205025,0.8031496062992126,1.0
FLNA,0.3157964636156647,0.6456692913385826,1.0
EMD,0.028107300105336464,0.9921259842519685,1.0
RPL10,-0.26247962364086597,0.2677165354330709,1.0
TAZ,-0.5884338207288531,0.6062992125984252,1.0
ATP6AP1,0.1455965972368043,0.6614173228346457,1.0
GDI1,0.1493017603900526,0.7637795275590551,1.0
FAM50A,-0.5437717195815348,0.7165354330708661,1.0
PLXNA3,-0.11256013069080506,0.7952755905511811,1.0
LAGE3,0.6437960753030123,0.1889763779527559,1.0
UBL4A,0.8022873138514566,0.41732283464566927,1.0
SLC10A3,0.17687717114047352,0.7637795275590551,1.0
FAM3A,-0.024482187082374374,0.984251968503937,1.0
G6PD,0.5530763423424219,0.49606299212598426,1.0
GAB3,0.7153477654614084,0.7007874015748031,1.0
DKC1,-0.18653077284183084,0.5826771653543307,1.0
MPP1,-0.4945990184348288,0.28346456692913385,1.0
F8,-0.8442374086856859,0.12598425196850394,1.0
F8A1,0.35120191564795267,0.2755905511811024,1.0
FUNDC2,0.3867403251401882,0.5748031496062992,1.0
BRCC3,0.3514099850601191,0.6771653543307087,1.0
VBP1,0.2788621700622711,0.33070866141732286,1.0
RAB39B,0.18119570004225682,0.6535433070866141,1.0
AC234781.3,0.6645680536714078,0.33858267716535434,1.0
TMLHE,-0.26894877426356034,0.5905511811023622,1.0
VAMP7,0.12645984506889363,0.3700787401574803,1.0
RPL23AP53,0.5259292300811014,0.47244094488188976,1.0
FBXO25,-0.2054646879486226,0.5905511811023622,1.0
ERICH1,0.09373817617179192,0.7559055118110236,1.0
CLN8,-0.15561539408628722,0.7874015748031497,1.0
AC100810.1,-0.6035554600400248,0.3464566929133858,1.0
KBTBD11,0.2586253280277875,0.4566929133858268,1.0
MYOM2,-0.6627288924072727,0.5275590551181102,1.0
MCPH1,0.21964965264006864,0.5354330708661418,1.0
ANGPT2,0.21586022198981558,0.7480314960629921,1.0
AGPAT5,0.2385223765617086,0.5905511811023622,1.0
AC105233.5,0.2314791812561674,0.7637795275590551,1.0
PRAG1,-0.16547441234215654,0.7637795275590551,1.0
MFHAS1,0.05737185855898996,0.6929133858267716,1.0
ERI1,0.10915772101123666,0.7559055118110236,1.0
PPP1R3B,-0.27518812546506144,0.6929133858267716,1.0
TNKS,-0.5377150045065902,0.08661417322834646,1.0
MSRA,0.537355487823624,0.3700787401574803,1.0
PINX1,-0.20698880234128936,0.5984251968503937,1.0
XKR6,-0.5096034838471608,0.23622047244094488,1.0
AF131215.6,-0.8706810169182164,0.10236220472440945,1.0
AF131215.5,1.477585665538445,0.031496062992125984,1.0
MTMR9,-0.1745861016850938,0.7716535433070866,1.0
FAM167A,0.5124853869564738,0.5196850393700787,1.0
AC022239.4,1.3249427025853313,0.3543307086614173,1.0
NEIL2,1.1722622462965973,0.2677165354330709,1.0
SUB1P1,0.8346014601291754,0.49606299212598426,1.0
FDFT1,0.31673745204691794,0.33858267716535434,1.0
CTSB,0.8035335568266149,0.07874015748031496,1.0
AC068587.6,0.8200893235879807,0.3779527559055118,1.0
LONRF1,0.3610112780394923,0.7716535433070866,1.0
ZDHHC2,-0.105683854596899,0.8031496062992126,1.0
CNOT7,0.0028795259242535565,0.984251968503937,1.0
VPS37A,-0.3215068234105578,0.1968503937007874,1.0
MTUS1,0.34376378758231096,0.7086614173228346,1.0
PCM1,-0.15007119829802207,0.4645669291338583,1.0
ASAH1,0.03294202240922317,0.9291338582677166,1.0
NAT1,0.4817296193270715,0.23622047244094488,1.0
PSD3,-0.5847486943691689,0.49606299212598426,1.0
CSGALNACT1,1.0884879188869085,0.08661417322834646,1.0
INTS10,-0.04081564189808784,0.84251968503937,1.0
ATP6V1B2,0.18248766258167315,0.7322834645669292,1.0
DOK2,0.5357741173445385,0.41732283464566927,1.0
XPO7,0.16511389932177423,0.6850393700787402,1.0
DMTN,-0.2248239537474257,0.6220472440944882,1.0
FAM160B2,0.03138560104985988,0.952755905511811,1.0
NUDT18,0.8670224875840906,0.2440944881889764,1.0
REEP4,-0.05983808922430267,0.9133858267716536,1.0
BMP1,-0.3935799506778972,0.5905511811023622,1.0
POLR3D,-0.15523189565327122,0.3779527559055118,1.0
SLC39A14,1.2899967646785733,0.031496062992125984,1.0
PPP3CC,0.04204368317785123,0.8582677165354331,1.0
AC087854.1,-0.5181894856066154,0.4330708661417323,1.0
AC037459.2,0.1316045355817177,0.8503937007874016,1.0
SORBS3,0.3878414016031866,0.6929133858267716,1.0
PDLIM2,0.3445637514944728,0.6456692913385826,1.0
C8orf58,0.5856516405110948,0.6456692913385826,1.0
CCAR2,0.17826750855008422,0.6220472440944882,1.0
EGR3,0.11943570456779273,0.8267716535433071,1.0
TNFRSF10B,0.05289187825501607,0.7716535433070866,1.0
TNFRSF10D,-0.3912398561563797,0.3937007874015748,1.0
TNFRSF10A,0.14075944276313646,0.7952755905511811,1.0
CHMP7,0.3339233456849948,0.5748031496062992,1.0
R3HCC1,0.6071985874768493,0.5511811023622047,1.0
LOXL2,-0.2098317822089184,0.8503937007874016,1.0
ENTPD4,0.033400693660563086,0.905511811023622,1.0
SLC25A37,0.006239447076515248,1.0,1.0
NKX3-1,0.36783336007377776,0.7322834645669292,1.0
ADAM28,1.791597369196194,0.05511811023622047,1.0
NEFM,-0.5783397275306195,0.5354330708661418,1.0
NEFL,0.9328611411972554,0.49606299212598426,1.0
GNRH1,-0.730563521503744,0.3937007874015748,1.0
KCTD9,0.027137648587345353,0.905511811023622,1.0
PPP2R2A,0.18646849407501698,0.3779527559055118,1.0
SDAD1P1,-0.5936133538509767,0.49606299212598426,1.0
BNIP3L,0.2329784031288149,0.09448818897637795,1.0
DPYSL2,0.3430244076694269,0.5984251968503937,1.0
TRIM35,0.18178300870710817,0.6535433070866141,1.0
PTK2B,0.2711150601567285,0.4094488188976378,1.0
EPHX2,0.5770777639278357,0.2755905511811024,1.0
CLU,-0.01547372255340651,1.0,1.0
CCDC25,-0.08839798406690313,0.8582677165354331,1.0
NUGGC,0.7932548041004877,0.4015748031496063,1.0
ELP3,0.8661194851965366,0.7322834645669292,1.0
ZNF395,-0.6761237684355654,0.031496062992125984,1.0
FZD3,0.7509875458742981,0.5433070866141733,1.0
EXTL3,1.1685803676038438,0.2677165354330709,1.0
INTS9,1.130151915547159,0.1968503937007874,1.0
HMBOX1,-0.6699854622194756,0.10236220472440945,1.0
AC108449.2,-1.2747322149468756,0.23622047244094488,1.0
KIF13B,0.07490829419380773,0.9133858267716536,1.0
DUSP4,2.012680747252526,0.047244094488188976,1.0
LINC02099,0.16469212285633628,0.952755905511811,1.0
SARAF,-0.12437577014322265,0.3779527559055118,1.0
AC044849.2,0.0464365867772738,0.952755905511811,1.0
LEPROTL1,-0.0014424125803191856,1.0,1.0
RPS15AP24,-0.2480025799277481,0.2047244094488189,1.0
AC026979.3,0.12728838163094958,0.7952755905511811,1.0
DCTN6,0.2489249948029464,0.4330708661417323,1.0
GTF2E2,0.24056562697334627,0.44881889763779526,1.0
GSR,-0.3550002072629246,0.07874015748031496,1.0
UBXN8,-0.6334368292759742,0.25196850393700787,1.0
PPP2CB,0.2022897396366714,0.5748031496062992,1.0
AC090281.1,-1.932044731331004,0.023622047244094488,1.0
WRN,-0.44928231146321274,0.3464566929133858,1.0
AC090204.1,1.0933946759769753,0.2125984251968504,1.0
FUT10,0.5357061683543196,0.5275590551181102,1.0
MAK16,-0.20366191174090442,0.6535433070866141,1.0
RNF122,0.5373994136145543,0.6062992125984252,1.0
AC087343.1,0.48476668228978514,0.1968503937007874,1.0
LSM12P1,0.4778961611660084,0.5275590551181102,1.0
ZNF703,1.8141906153902334,0.23622047244094488,1.0
ERLIN2,0.035613754054216074,0.937007874015748,1.0
PLPBP,0.2822638794907677,0.3464566929133858,1.0
RAB11FIP1,0.7782725861404725,0.03937007874015748,1.0
EIF4EBP1,1.246759825489566,0.1732283464566929,1.0
ASH2L,-0.4643339533488602,0.44881889763779526,1.0
LSM1,0.5071181613285956,0.2283464566929134,1.0
BAG4,-0.030076348275805742,0.9921259842519685,1.0
DDHD2,-0.3848725790615948,0.2755905511811024,1.0
PLPP5,0.5325949358593336,0.18110236220472442,1.0
NSD3,0.26054983930262043,0.08661417322834646,1.0
AC087623.3,-1.149914760795169,0.11811023622047244,1.0
LETM2,-0.35708869070340654,0.41732283464566927,1.0
FGFR1,0.9084283535003403,0.11811023622047244,1.0
TACC1,0.4932678184599517,0.023622047244094488,1.0
PLEKHA2,-0.10524756421267245,0.7322834645669292,1.0
TM2D2,-0.14097891033950471,0.8031496062992126,1.0
ADAM9,-0.016512520495765237,1.0,1.0
GOLGA7,0.26515428781997574,0.48031496062992124,1.0
GINS4,0.6240197099600162,0.4015748031496063,1.0
GPAT4,-0.2866100863694916,0.5748031496062992,1.0
ANK1,-0.8766301413113289,0.25984251968503935,1.0
KAT6A,-0.045819860968604686,0.8503937007874016,1.0
AC103724.4,0.042235677782533454,0.8976377952755905,1.0
AP3M2,0.15637928646185628,0.5905511811023622,1.0
PLAT,1.45073289588764,0.11023622047244094,1.0
IKBKB,0.11383592820208932,0.7480314960629921,1.0
POLB,0.4859244645750467,0.2204724409448819,1.0
RPL5P23,-0.8365558854359891,0.09448818897637795,1.0
VDAC3,-0.029542530441553083,0.9133858267716536,1.0
SLC20A2,0.1611831262368293,0.6771653543307087,1.0
SMIM19,-0.03718112053243772,0.8818897637795275,1.0
THAP1,0.699910592736146,0.1732283464566929,1.0
RNF170,1.3064887457988958,0.14960629921259844,1.0
HOOK3,-0.0359007833331626,0.8740157480314961,1.0
FNTA,-0.2971232664423571,0.49606299212598426,1.0
HGSNAT,-0.3112131162155265,0.023622047244094488,1.0
RPL10AP2,-0.7442239923864529,0.16535433070866143,1.0
SPIDR,-0.4218916360226963,0.23622047244094488,1.0
CEBPD,-0.3036308262044085,0.6535433070866141,1.0
PRKDC,0.009276577528771313,0.952755905511811,1.0
MCM4,0.5732568856918867,0.2283464566929134,1.0
UBE2V2,0.09282543554843237,0.7244094488188977,1.0
PCMTD1,-0.36720836784554045,0.015748031496062992,1.0
RB1CC1,-0.14620760072522287,0.6299212598425197,1.0
ATP6V1H,0.33599639503416245,0.29133858267716534,1.0
TCEA1,0.16197414125728127,0.4094488188976378,1.0
LYPLA1,-0.10243677633798498,0.7952755905511811,1.0
MRPL15,1.1070019584125652,0.29133858267716534,1.0
SEC11B,-0.46091849926557193,0.6614173228346457,1.0
TMEM68,1.042091753515583,0.2440944881889764,1.0
TGS1,-0.10670606524304027,0.7952755905511811,1.0
LYN,0.2974134779658377,0.7322834645669292,1.0
AC046176.1,-0.23947043053041073,0.5275590551181102,1.0
RPS20,-0.10313434417337675,0.2283464566929134,1.0
PLAG1,1.0451213865252629,0.1732283464566929,1.0
CHCHD7,-0.043875528079850845,0.905511811023622,1.0
RPL37P6,0.9849224944973143,0.6535433070866141,1.0
IMPAD1,-0.01256555149530314,0.9448818897637795,1.0
UBXN2B,0.22091026598278063,0.5354330708661418,1.0
SDCBP,0.5736967440990579,0.23622047244094488,1.0
NSMAF,-0.4108281113571719,0.1889763779527559,1.0
AC068522.1,1.1388494867544163,0.18110236220472442,1.0
TOX,0.2092825807025811,0.6535433070866141,1.0
AC090152.1,0.6927652491774818,0.16535433070866143,1.0
RAB2A,0.20707323288757706,0.5590551181102362,1.0
CHD7,-0.17444625572956252,0.6614173228346457,1.0
AC022182.1,-0.6329121763090158,0.3543307086614173,1.0
AC022182.3,0.1827688545817927,0.7874015748031497,1.0
AC022182.2,-0.5511369224525711,0.4015748031496063,1.0
NPM1P6,0.08907534322808797,0.8031496062992126,1.0
ASPH,-1.089214107632423,0.2047244094488189,1.0
YTHDF3,0.002339991843943956,1.0,1.0
CYP7B1,2.5182629153316185,0.023622047244094488,1.0
ARMC1,-0.00033159856327369397,0.9921259842519685,1.0
MTFR1,0.8036627700447303,0.41732283464566927,1.0
AC055822.1,0.02618134858258525,0.9606299212598425,1.0
PDE7A,-0.5874349061842361,0.11811023622047244,1.0
RRS1,0.847528852356235,0.07874015748031496,1.0
ADHFE1,-0.015388790196310342,1.0,1.0
MYBL1,0.5083425116064371,0.9291338582677166,1.0
VCPIP1,-0.17081104811640113,0.5196850393700787,1.0
SGK3,-0.40482839614492416,0.2125984251968504,1.0
SNHG6,0.04835584341630028,0.8661417322834646,1.0
AC110998.1,-0.03832628492405621,0.9763779527559056,1.0
COPS5,0.23144055644173633,0.5511811023622047,1.0
CSPP1,-0.9077595133308582,0.11811023622047244,1.0
ARFGEF1,-0.1245862501928503,0.5590551181102362,1.0
AF201337.1,0.8850424515872999,0.16535433070866143,1.0
NCOA2,-0.5446372970521542,0.031496062992125984,1.0
TRAM1,-0.16834087303433698,0.3700787401574803,1.0
LACTB2-AS1,0.71450781714322,0.2755905511811024,1.0
LACTB2,0.4922255120827006,0.6771653543307087,1.0
MSC-AS1,0.26014194910023836,0.7637795275590551,1.0
MSC,0.2313464965013834,0.8582677165354331,1.0
TERF1,-0.012033054875614901,0.9763779527559056,1.0
RPL7,-0.4603546493348678,0.2440944881889764,1.0
RDH10,0.7185476380994245,0.2204724409448819,1.0
STAU2,0.35015483088827715,0.14173228346456693,1.0
UBE2W,-0.46707666906533074,0.4015748031496063,1.0
ELOC,0.09542289814229399,0.7874015748031497,1.0
TMEM70,-0.06330643515544843,0.8661417322834646,1.0
LY96,0.7673055157547264,0.2047244094488189,1.0
GDAP1,-0.09912756721676752,0.9133858267716536,1.0
AC115837.1,-0.27173611713051926,0.047244094488188976,1.0
PEX2,-0.04256597469788215,0.8976377952755905,1.0
PKIA,0.6418324467368395,0.1889763779527559,1.0
ZC2HC1A,0.8498596304249739,0.25196850393700787,1.0
IL7,1.1360948402824274,0.2992125984251969,1.0
THAP12P7,-1.2395770289778496,0.031496062992125984,1.0
MRPS28,0.5471272146920692,0.5039370078740157,1.0
AC036214.2,0.8901916285246931,0.10236220472440945,1.0
TPD52,-0.3687531870664644,0.2047244094488189,1.0
AC009812.1,0.33133199920212375,0.6614173228346457,1.0
ZBTB10,0.6137458699938074,0.36220472440944884,1.0
RPSAP47,-0.5579310030295459,0.5511811023622047,1.0
PAG1,-0.09722806010377916,0.6535433070866141,1.0
UBE2HP1,-0.28808450777615535,0.6377952755905512,1.0
FABP5,0.2541639469280571,0.7165354330708661,1.0
FTH1P11,0.029421404079374547,0.9606299212598425,1.0
IMPA1,0.46643050446669587,0.023622047244094488,1.0
ZFAND1,-0.11106214875287979,0.7559055118110236,1.0
SNX16,1.380905974035968,0.08661417322834646,1.0
LRRCC1,-0.4139553624026586,0.3858267716535433,1.0
E2F5,-0.43593491662404915,0.5905511811023622,1.0
C8orf59,-0.3488580578067113,0.4409448818897638,1.0
CA2,-1.469383809385273,0.16535433070866143,1.0
WWP1,0.1490295272579809,0.33070866141732286,1.0
RMDN1,-0.028933577729569393,0.937007874015748,1.0
CPNE3,0.05437496452549695,0.8503937007874016,1.0
AF117829.1,-0.5774870385840036,0.3858267716535433,1.0
RIPK2,-0.19900188321977197,0.6141732283464567,1.0
OSGIN2,0.14660564949579769,0.6850393700787402,1.0
NBN,0.5612986743755979,0.33858267716535434,1.0
DECR1,0.4049680994212359,0.07086614173228346,1.0
TMEM64,-0.13043077011957482,0.6771653543307087,1.0
PIP4P2,0.44092472294682583,0.33858267716535434,1.0
OTUD6B-AS1,-0.2802958720667563,0.5826771653543307,1.0
OTUD6B,-0.8392637467040411,0.11023622047244094,1.0
LRRC69,0.45705273249077494,0.6220472440944882,1.0
TRIQK,-2.221449060802207,0.023622047244094488,1.0
FAM92A,-0.03361879835751358,0.984251968503937,1.0
RBM12B,0.2381579790876973,0.5905511811023622,1.0
TMEM67,-0.49521710271324104,0.5039370078740157,1.0
PDP1,0.26011608542543563,0.4881889763779528,1.0
RPL34P18,-0.2344844495882068,0.5748031496062992,1.0
GEM,0.7989290033548233,0.3779527559055118,1.0
RAD54B,1.154423937316674,0.09448818897637795,1.0
FSBP,-0.3891212994116471,0.5275590551181102,1.0
AC023632.6,0.9306465674425914,0.2677165354330709,1.0
VIRMA,-0.04943344232003444,0.8976377952755905,1.0
DPY19L4,-0.19256629164414374,0.6456692913385826,1.0
INTS8,-0.10498539522939598,0.6299212598425197,1.0
NDUFAF6,-0.5316032336134615,0.03937007874015748,1.0
TP53INP1,0.7996570382961226,0.2047244094488189,1.0
PLEKHF2,-0.4992531386335157,0.2755905511811024,1.0
C8orf37,0.4934210957966507,0.5826771653543307,1.0
AC024995.1,0.3675285452141006,0.6299212598425197,1.0
UQCRB,0.11420310626708385,0.7244094488188977,1.0
MTERF3,0.20429102681287237,0.5748031496062992,1.0
PTDSS1,0.035558525042562295,0.9133858267716536,1.0
CPQ,-0.27365068702728745,0.3543307086614173,1.0
TSPYL5,-0.3408257586441559,0.7401574803149606,1.0
MTDH,0.007333781198633815,0.9606299212598425,1.0
LAPTM4B,0.7199572818378277,0.31496062992125984,1.0
RPS23P1,-0.4238452990950674,0.7007874015748031,1.0
MATN2,0.9173019296423974,0.2047244094488189,1.0
RPL30,-0.4814208468001233,0.14173228346456693,1.0
AP003352.1,-0.626322137983583,0.4251968503937008,1.0
RIDA,0.9785732088399175,0.25196850393700787,1.0
POP1,0.6066377319226666,0.5748031496062992,1.0
NIPAL2,1.0606232772357966,0.1968503937007874,1.0
STK3,1.351271468265488,0.10236220472440945,1.0
VPS13B,0.0074965654463170495,0.9763779527559056,1.0
COX6C,0.08251695908488621,0.7480314960629921,1.0
POLR2K,0.4709560303448139,0.4330708661417323,1.0
SPAG1,-0.2188525220915678,0.6614173228346457,1.0
RNF19A,0.7001717492287618,0.15748031496062992,1.0
ANKRD46,0.7167332256544658,0.7716535433070866,1.0
PABPC1,0.02180218841324333,0.952755905511811,1.0
RPS26P6,-0.4277279257811675,0.6535433070866141,1.0
YWHAZ,-0.015025255301770457,0.8818897637795275,1.0
ZNF706,0.42863836462145244,0.08661417322834646,1.0
NACAP1,0.025447832816416716,0.984251968503937,1.0
NCALD,-0.6045377378549697,0.4645669291338583,1.0
RRM2B,1.004076999856593,0.5748031496062992,1.0
UBR5-AS1,-0.29468886091656454,0.8346456692913385,1.0
UBR5,-0.17953487421498426,0.49606299212598426,1.0
KLF10,-0.28079557532986854,0.6692913385826772,1.0
AZIN1,0.14153994477069887,0.47244094488188976,1.0
ATP6V1C1,0.35725889214986495,0.47244094488188976,1.0
FZD6,1.201470080462161,0.11811023622047244,1.0
SLC25A32,0.017523717773616276,0.9606299212598425,1.0
DCAF13,0.028267350854185302,0.905511811023622,1.0
AC090686.1,0.17992115437150047,0.7322834645669292,1.0
LRP12,0.06366953855739865,0.8818897637795275,1.0
OXR1,-0.24054118305915395,0.5275590551181102,1.0
TAGLN2P1,0.2405312581212078,0.7637795275590551,1.0
EIF3E,-0.39517600597915603,0.14173228346456693,1.0
EMC2,-0.19605084702515452,0.6535433070866141,1.0
NUDCD1,-0.05046567496368404,0.937007874015748,1.0
ENY2,0.08355434348111235,0.8661417322834646,1.0
EBAG9,0.45648113224906695,0.1889763779527559,1.0
TRPS1,1.1773591338659664,0.09448818897637795,1.0
EIF3H,0.11403281187608094,0.4015748031496063,1.0
UTP23,-0.3450221689957944,0.5118110236220472,1.0
RAD21,0.2051278523797837,0.3700787401574803,1.0
MED30,-0.42745680826757226,0.4251968503937008,1.0
EXT1,0.9442185593914658,0.03937007874015748,1.0
SAMD12,0.6231733278979679,0.1968503937007874,1.0
ENPP2,0.0851705866819592,0.952755905511811,1.0
TAF2,0.42021030574665375,0.1889763779527559,1.0
DEPTOR,-0.1468702752976403,0.7795275590551181,1.0
COL14A1,0.05277648761780873,0.889763779527559,1.0
MRPL13,0.5384612684044559,0.4409448818897638,1.0
MTBP,-0.4213970419643651,0.6614173228346457,1.0
SNTB1,-1.1417623255542244,0.14173228346456693,1.0
ZHX2,0.18614074149786397,0.6614173228346457,1.0
DERL1,-0.2681685768482245,0.10236220472440945,1.0
TBC1D31,0.8294375930940987,0.6062992125984252,1.0
C8orf76,0.46832388375746437,0.36220472440944884,1.0
UBA52P5,-1.0882994370437686,0.07086614173228346,1.0
ZHX1,0.08653487998804898,0.8818897637795275,1.0
ATAD2,0.4594909245009404,0.10236220472440945,1.0
WDYHV1,0.03604285276759711,0.889763779527559,1.0
FBXO32,-0.29606705282246004,0.4409448818897638,1.0
FAM91A1,0.11477566931580618,0.7874015748031497,1.0
TMEM65,0.13392782481122456,0.7007874015748031,1.0
TRMT12,-0.3640704838890656,0.2677165354330709,1.0
RNF139-AS1,0.08928908268966973,0.9133858267716536,1.0
RNF139,0.6556129569398674,0.031496062992125984,1.0
TATDN1,-0.5294998103820925,0.07086614173228346,1.0
AC090198.1,0.9799293552822621,0.14173228346456693,1.0
NDUFB9,0.26599539634915814,0.5590551181102362,1.0
MTSS1,1.7179230540461714,0.03937007874015748,1.0
SQLE,-0.27368794392338813,0.4251968503937008,1.0
WASHC5,0.35102584396053427,0.13385826771653545,1.0
NSMCE2,-0.27085611499396034,0.5196850393700787,1.0
TRIB1,1.2414437373940799,0.33858267716535434,1.0
LINC00861,-0.2033957410597136,0.7165354330708661,1.0
FAM84B,-0.6596918282441679,0.15748031496062992,1.0
PCAT1,-0.5052142461292384,0.5433070866141733,1.0
MYC,-0.7714760264485214,0.31496062992125984,1.0
PVT1,-0.2059437186387223,0.5669291338582677,1.0
RNU1-106P,1.5365430259885378,0.07086614173228346,1.0
FAM49B,0.2896934168415761,0.06299212598425197,1.0
ASAP1,0.022403805744846572,0.9606299212598425,1.0
EFR3A,-0.06512466977586584,0.7401574803149606,1.0
TMEM71,-0.2775808193219724,0.5669291338582677,1.0
PHF20L1,0.29482277733457796,0.2755905511811024,1.0
SLA,0.4191434757858694,0.023622047244094488,1.0
NDRG1,0.011500402967896228,0.8976377952755905,1.0
ST13P6,0.34654758463677027,0.7244094488188977,1.0
ST3GAL1,-0.5622489808309723,0.2204724409448819,1.0
AC103706.1,-0.22337657364749575,0.7795275590551181,1.0
ZFAT,-1.1848377993999915,0.031496062992125984,1.0
TRAPPC9,1.086479475574738,0.30708661417322836,1.0
PEG13,-0.43992776366608544,0.5748031496062992,1.0
AC107375.1,0.2632867444576579,0.6614173228346457,1.0
CHRAC1,0.20207640632178414,0.6771653543307087,1.0
AGO2,0.18528673822569974,0.5511811023622047,1.0
AC067931.1,0.38414288520059725,0.6062992125984252,1.0
PTK2,1.070447124564594,0.2440944881889764,1.0
DENND3,-0.05929704594079421,0.9212598425196851,1.0
SLC45A4,-0.0996424566114027,0.8818897637795275,1.0
PTP4A3,1.0398441215464231,0.08661417322834646,1.0
TSNARE1,1.4038596017579394,0.10236220472440945,1.0
JRK,0.608184866108846,0.25984251968503935,1.0
THEM6,-0.052763786232295384,0.937007874015748,1.0
LY6E,-0.561283959610301,0.6377952755905512,1.0
ZFP41,0.3131582492314313,0.6692913385826772,1.0
GLI4,-0.832588799566025,0.31496062992125984,1.0
MINCR,0.5243094761452314,0.6062992125984252,1.0
ZNF696,0.6243397261059167,0.5118110236220472,1.0
TOP1MT,-0.11476858964453474,0.7559055118110236,1.0
RHPN1,1.007011778578566,0.3858267716535433,1.0
ZC3H3,0.2502639332761327,0.9291338582677166,1.0
GSDMD,-0.13002694144593097,0.889763779527559,1.0
MROH6,-0.9673773284007879,0.2992125984251969,1.0
EEF1D,0.24298668975338344,0.8582677165354331,1.0
TSTA3,-0.08468995357830167,0.952755905511811,1.0
ZNF623,-0.17013892902398853,0.7165354330708661,1.0
ZNF707,0.6487929787344044,0.36220472440944884,1.0
AC105219.1,-0.06244178088697572,0.952755905511811,1.0
SCRIB,0.2237851129630677,0.8188976377952756,1.0
PUF60,0.1592063539405144,0.7637795275590551,1.0
NRBP2,-2.032227914571319,0.047244094488188976,1.0
EPPK1,-0.8661024132050243,0.2283464566929134,1.0
PLEC,-0.14752463409537686,0.952755905511811,1.0
PARP10,-0.2899139772372581,0.8267716535433071,1.0
GRINA,-0.17855333904029225,0.8503937007874016,1.0
GPAA1,-0.361873019951795,0.6456692913385826,1.0
CYC1,0.887433888795389,0.03937007874015748,1.0
SHARPIN,0.3784451378908198,0.33070866141732286,1.0
MAF1,0.4370718981060957,0.6535433070866141,1.0
HGH1,-0.08566034547647128,0.8818897637795275,1.0
MROH1,1.6151021712837352,0.2204724409448819,1.0
BOP1,0.41092202986889426,0.2677165354330709,1.0
HSF1,0.7331422658433334,0.3700787401574803,1.0
DGAT1,-0.227656737721178,0.9763779527559056,1.0
SLC52A2,-0.28822537978095797,0.8031496062992126,1.0
CPSF1,-0.06898207612060858,0.9448818897637795,1.0
SLC39A4,1.7169014427223228,0.05511811023622047,1.0
VPS28,0.3498258865248687,0.6220472440944882,1.0
CYHR1,1.0529149240109796,0.3543307086614173,1.0
MFSD3,1.0632664276689883,0.1968503937007874,1.0
LRRC14,-0.5630048789254523,0.5826771653543307,1.0
C8orf82,-0.04138428083854029,0.9763779527559056,1.0
ZNF251,-1.055802375392486,0.11023622047244094,1.0
ZNF34,0.38150309530877635,0.6692913385826772,1.0
RPL8,-0.07072307061279837,0.9212598425196851,1.0
ZNF517,0.26844461581584556,0.6692913385826772,1.0
ZNF7,-1.1571828136328866,0.015748031496062992,1.0
COMMD5,0.09692548685042368,0.8582677165354331,1.0
ZNF250,1.5818849450034271,0.047244094488188976,1.0
ZNF16,0.6634172911668039,0.4094488188976378,1.0
ZNF252P,0.8185041579306045,0.5433070866141733,1.0
C8orf33,-0.4859002954352909,0.33070866141732286,1.0
WASHC1,1.2912773664575008,0.16535433070866143,1.0
CBWD1,0.2762794582204551,0.6850393700787402,1.0
DOCK8,-0.009669105504078068,0.952755905511811,1.0
AL161725.1,0.7468402416024358,0.3228346456692913,1.0
KANK1,1.0087130887324054,0.30708661417322836,1.0
SMARCA2,-0.19058388374359048,0.2440944881889764,1.0
VLDLR,1.0013935033370631,0.2283464566929134,1.0
PUM3,0.011348819912589292,0.984251968503937,1.0
ATP5HP2,-0.20940203780582722,0.8346456692913385,1.0
RFX3,0.26767953617592966,0.5118110236220472,1.0
PLPP6,0.1899789854291316,0.8503937007874016,1.0
CDC37L1-AS1,-0.6760493044007927,0.5275590551181102,1.0
CDC37L1,-0.2641022586051358,0.5433070866141733,1.0
AK3,-0.22875357314952627,0.41732283464566927,1.0
RCL1,-0.08323130275521162,0.8346456692913385,1.0
JAK2,1.1825135624825416,0.29133858267716534,1.0
RLN2,0.18114927832827643,0.8110236220472441,1.0
RLN1,-0.9141721057800597,0.33858267716535434,1.0
PLGRKT,0.5308231639152536,0.07086614173228346,1.0
CD274,-0.06602450802744464,0.9133858267716536,1.0
RIC1,0.2640661223988481,0.5826771653543307,1.0
ERMP1,0.4082894208726682,0.1732283464566929,1.0
KIAA2026,-0.1315500184627041,0.4409448818897638,1.0
RANBP6,-0.5960545001014266,0.08661417322834646,1.0
SELENOTP1,-0.40511119736563683,0.5905511811023622,1.0
UHRF2,-0.11073078838245909,0.6614173228346457,1.0
GLDC,0.850412274305908,0.3228346456692913,1.0
KDM4C,-0.012433975769200245,0.9448818897637795,1.0
SNRPEP2,-0.013161189080049596,0.984251968503937,1.0
RPL4P5,-0.33221054049630894,0.11023622047244094,1.0
DMAC1,-0.2938298013147982,0.5826771653543307,1.0
ZDHHC21,-0.0321472714913682,0.9448818897637795,1.0
LDHAP4,-0.4424078677282135,0.6692913385826772,1.0
AL592293.2,-0.562712800525734,0.1968503937007874,1.0
TTC39B,-0.214193665159085,0.5984251968503937,1.0
SNAPC3,-0.42094393312757017,0.18110236220472442,1.0
PSIP1,0.009673769625972994,0.984251968503937,1.0
FTH1P12,0.5799676155988647,0.5511811023622047,1.0
CCDC171,0.9390847827077815,0.2204724409448819,1.0
CNTLN,0.6623658564527712,0.4015748031496063,1.0
RRAGA,0.26868827396304606,0.3228346456692913,1.0
HAUS6,-0.5578010366230233,0.14173228346456693,1.0
PLIN2,0.26647510159784726,0.6062992125984252,1.0
AL161909.1,-0.3347824179680199,0.4645669291338583,1.0
DENND4C,0.22063794867728692,0.5039370078740157,1.0
RPS6,-0.12777921347707988,0.28346456692913385,1.0
AL158206.1,-1.2463546719117906,0.1889763779527559,1.0
MLLT3,0.15963221112012782,0.5196850393700787,1.0
FOCAD,-0.4675861991132626,0.30708661417322836,1.0
HACD4,-0.19458749969256317,0.5511811023622047,1.0
KLHL9,-0.29485637902462525,0.33070866141732286,1.0
MTAP,0.162146851052273,0.6299212598425197,1.0
CDKN2A,0.1570921531590308,0.8110236220472441,1.0
CDKN2B,0.31639066828135887,0.7007874015748031,1.0
CAAP1,-0.1369621114869144,0.6929133858267716,1.0
PLAA,0.11052967796645419,0.6299212598425197,1.0
IFT74,0.7023679030591774,0.5748031496062992,1.0
C9orf72,-0.03604059414907734,0.9133858267716536,1.0
SLC4A1APP1,0.2039435425902667,0.6299212598425197,1.0
RBMXP2,0.0713815418986603,0.9291338582677166,1.0
ACO1,0.7591332170005622,0.47244094488188976,1.0
DDX58,0.48113498729634685,0.3228346456692913,1.0
TOPORS,0.16294206645713416,0.6062992125984252,1.0
SMIM27,-0.8685004757925596,0.15748031496062992,1.0
NDUFB6,-0.09167011523409396,0.7952755905511811,1.0
APTX,0.7908274281815828,0.6771653543307087,1.0
DNAJA1,-0.47228566014310225,0.2125984251968504,1.0
SMU1,-0.1267640758568529,0.4881889763779528,1.0
B4GALT1,-0.05820581693162019,0.905511811023622,1.0
BAG1,0.28226376105388606,0.4645669291338583,1.0
CHMP5,-0.17891827229181523,0.6614173228346457,1.0
NFX1,-0.8150131411882784,0.015748031496062992,1.0
AQP3,-0.16185892371448762,0.7086614173228346,1.0
NOL6,-0.9110795252556936,0.16535433070866143,1.0
ANXA2P2,0.44925539539721937,0.3228346456692913,1.0
PTENP1,0.039010985940751475,0.8818897637795275,1.0
UBE2R2,-0.04751285894852053,0.8740157480314961,1.0
UBAP2,-0.02008610057855087,0.968503937007874,1.0
DCAF12,-0.24056893072212837,0.48031496062992124,1.0
UBAP1,-0.2122444888787527,0.5590551181102362,1.0
AL353662.2,0.83649434690601,0.1889763779527559,1.0
NUDT2,0.42167456757292854,0.3228346456692913,1.0
MYORG,0.9453939272046206,0.13385826771653545,1.0
FAM219A,0.26648723429759613,0.5039370078740157,1.0
RPP25L,0.16804918264028856,0.7086614173228346,1.0
DCTN3,0.1327778584083079,0.6062992125984252,1.0
SIGMAR1,0.14785709954976634,0.7637795275590551,1.0
GALT,0.4232896984475314,0.09448818897637795,1.0
IL11RA,-0.6741402082759054,0.15748031496062992,1.0
DNAJB5,-0.030426884006382382,1.0,1.0
VCP,0.45376639346257885,0.03937007874015748,1.0
FANCG,0.6728912783579246,0.5118110236220472,1.0
PIGO,-0.19270301765219866,0.8267716535433071,1.0
STOML2,-0.22190197983046955,0.5905511811023622,1.0
FAM214B,1.3521521409781325,0.05511811023622047,1.0
RPS29P17,0.588700139876589,0.44881889763779526,1.0
CD72,-1.0671548732718612,0.1889763779527559,1.0
SIT1,-0.0403536977634813,0.905511811023622,1.0
ARHGEF39,0.11415142080423468,0.952755905511811,1.0
TPM2,-0.4329603281720358,0.7165354330708661,1.0
TLN1,0.27110377594277324,0.33070866141732286,1.0
CREB3,1.3735526948064267,0.015748031496062992,1.0
GBA2,-0.19565336730673089,0.6692913385826772,1.0
RGP1,0.08001767678118066,0.8661417322834646,1.0
HINT2,1.5014834557128438,0.07086614173228346,1.0
TMEM8B,-0.7792177448971573,0.14960629921259844,1.0
YBX1P10,0.5271752535682763,0.2047244094488189,1.0
RECK,-0.509865235887248,0.3779527559055118,1.0
GLIPR2,0.402006470618371,0.14173228346456693,1.0
CLTA,0.28459358863024864,0.2204724409448819,1.0
GNE,0.40876774611701006,0.47244094488188976,1.0
RNF38,-0.0869670913103553,0.7637795275590551,1.0
EBLN3P,-0.2103329664672282,0.30708661417322836,1.0
ZCCHC7,-0.07413971049179224,0.8267716535433071,1.0
GRHPR,-0.05992761568016647,0.7480314960629921,1.0
ZBTB5,0.03295656714387585,0.937007874015748,1.0
POLR1E,-0.21280573889367815,0.48031496062992124,1.0
AL513165.1,-0.21924036139324077,0.7322834645669292,1.0
FBXO10,0.17832296251360802,0.7874015748031497,1.0
TRMT10B,-0.4279511464390193,0.3228346456692913,1.0
EXOSC3,0.04269518254096427,0.937007874015748,1.0
DCAF10,0.0431323334226672,0.8346456692913385,1.0
AL138752.1,-0.08567086750991293,0.889763779527559,1.0
SLC25A51,-0.6067444220179241,0.2440944881889764,1.0
ALDH1B1,-0.004597362411354444,0.9921259842519685,1.0
ANKRD18A,0.5913348370621041,0.5669291338582677,1.0
FAM201A,0.22480786987524293,0.8110236220472441,1.0
FRG1HP,0.9544669274580775,0.2677165354330709,1.0
AL353763.2,0.9391860797184828,0.16535433070866143,1.0
CBWD6,-0.10264539076824253,0.8740157480314961,1.0
CBWD5,-1.0367951891927212,0.1732283464566929,1.0
PIP5K1B,-0.28840352868701213,0.7322834645669292,1.0
FAM122A,-0.2858230254132863,0.4409448818897638,1.0
FXN,-0.21943904550018623,0.6692913385826772,1.0
TJP2,0.5646050085319203,0.4094488188976378,1.0
PTAR1,-0.14972161658454208,0.6771653543307087,1.0
RPL24P8,-0.04287913592587689,0.8346456692913385,1.0
SMC5,0.05591173302371377,0.5511811023622047,1.0
KLF9,-0.19489939754505237,0.4015748031496063,1.0
RPL35AP21,-0.3093123976899341,0.6220472440944882,1.0
TMEM2,0.2943222654855058,0.47244094488188976,1.0
ABHD17B,-0.18138698221534977,0.6692913385826772,1.0
C9orf85,0.5550579116575189,0.3543307086614173,1.0
BTF3P4,-0.1802242204627893,0.8582677165354331,1.0
ZFAND5,-0.34822939661445407,0.16535433070866143,1.0
ANXA1,-0.15948393001964867,0.7716535433070866,1.0
C9orf40,-1.9650297163119197,0.03937007874015748,1.0
CARNMT1,0.6247758418141256,0.09448818897637795,1.0
NMRK1,0.06870502142440049,0.8582677165354331,1.0
OSTF1,0.040423289539733176,0.889763779527559,1.0
PCSK5,-1.5759830113391593,0.07086614173228346,1.0
RFK,-0.0889854397523937,0.7952755905511811,1.0
RPSAP9,-0.3389874255376921,0.7165354330708661,1.0
GCNT1,0.17822987718145367,0.7559055118110236,1.0
VPS13A,-0.39997252169134345,0.09448818897637795,1.0
GNAQ,-0.22381384257826387,0.31496062992125984,1.0
CEP78,-0.06910935926257089,0.9606299212598425,1.0
PSAT1,1.4283147670591134,0.023622047244094488,1.0
CHCHD2P9,0.6723026354936366,0.16535433070866143,1.0
TLE4,-0.4917308897089292,0.05511811023622047,1.0
TLE1,-1.4117456555101915,0.11811023622047244,1.0
IDNK,0.697491045632602,0.5275590551181102,1.0
UBQLN1,-0.019125285461989883,0.889763779527559,1.0
GKAP1,-1.0023996422853938,0.25984251968503935,1.0
KIF27,-0.11625276176287747,0.905511811023622,1.0
C9orf64,-0.7909891560211153,0.4409448818897638,1.0
HNRNPK,0.07123109438067843,0.6771653543307087,1.0
RMI1,-0.2020261504828209,0.6692913385826772,1.0
NTRK2,0.9342984458657242,0.33858267716535434,1.0
AGTPBP1,-0.16937949607453717,0.4330708661417323,1.0
AL353743.1,-0.4675986972177344,0.3858267716535433,1.0
NAA35,-0.21533160511761107,0.25984251968503935,1.0
GOLM1,-0.6331512225563856,0.25196850393700787,1.0
ISCA1,-0.019086578234929874,0.984251968503937,1.0
ZCCHC6,0.03275464254864335,0.8976377952755905,1.0
AL353678.1,-0.3622819676901976,0.5590551181102362,1.0
GAS1,-0.13608773117270934,0.952755905511811,1.0
AL161787.1,-0.05724344443558138,0.9212598425196851,1.0
CTSL,-0.20786293488617602,0.7795275590551181,1.0
CDK20,-0.020509661651257893,0.984251968503937,1.0
RPS10P3,-0.46776849223582184,0.2992125984251969,1.0
AL353726.1,0.8941257283162285,0.18110236220472442,1.0
SPIN1,-0.2658242041933896,0.3543307086614173,1.0
CKS2,-0.14846658096725474,0.7322834645669292,1.0
SECISBP2,-0.23320458005447264,0.5590551181102362,1.0
SEMA4D,-0.06821764817273301,0.8031496062992126,1.0
GADD45G,0.25090265696964575,0.8503937007874016,1.0
UNQ6494,0.42542393419932933,0.7952755905511811,1.0
SYK,-0.14012212291879278,0.8976377952755905,1.0
AUH,0.28163989021137326,0.8818897637795275,1.0
NFIL3,0.14186522629126275,0.7637795275590551,1.0
SPTLC1,-0.03243549400253887,0.952755905511811,1.0
IARS,0.02218451281819167,0.8503937007874016,1.0
NOL8,-0.26317184120379444,0.5275590551181102,1.0
BICD2,0.2385666202469805,0.6141732283464567,1.0
ANKRD19P,1.003555151169252,0.2992125984251969,1.0
AL136981.2,0.2904859334069765,0.5984251968503937,1.0
ZNF484,-0.6784444290077634,0.4409448818897638,1.0
FGD3,-0.10787708963982912,0.7322834645669292,1.0
SUSD3,0.18991307185160355,0.5433070866141733,1.0
CARD19,0.599178593127685,0.4566929133858268,1.0
NINJ1,-0.2921358499606699,0.7244094488188977,1.0
FAM120AOS,-0.12999610372755566,0.7401574803149606,1.0
FAM120A,-0.06486381824438947,0.6692913385826772,1.0
PHF2,-0.15081328566911267,0.6377952755905512,1.0
PTPDC1,0.10723075029204021,0.8582677165354331,1.0
ZNF169,-0.5309917033102668,0.3543307086614173,1.0
AL691447.3,-0.7962111311354656,0.3543307086614173,1.0
MFSD14B,-0.14614951554928357,0.7086614173228346,1.0
FBP1,0.12644368512243354,0.905511811023622,1.0
C9orf3,1.2775626021995659,0.16535433070866143,1.0
PTCH1,-0.7837964036659555,0.33070866141732286,1.0
LINC00476,-0.10055691364523645,0.9763779527559056,1.0
ERCC6L2,0.2981783196568122,0.5118110236220472,1.0
EIF4BP3,-0.26302955037875186,0.6062992125984252,1.0
SLC35D2,0.48558352886416856,0.33858267716535434,1.0
ZNF367,-0.8683675548449457,0.4251968503937008,1.0
AL133477.1,-0.23635457244840818,0.5669291338582677,1.0
HABP4,0.04520389507712963,0.9291338582677166,1.0
CDC14B,-0.07516704687492526,0.9291338582677166,1.0
AAED1,0.062096888102735726,0.7952755905511811,1.0
ZNF510,0.1929942662829638,0.7244094488188977,1.0
ZNF782,0.8123756984858972,0.41732283464566927,1.0
MFSD14C,0.26336627800667367,0.6062992125984252,1.0
TDRD7,-0.19996425074229585,0.8031496062992126,1.0
TSTD2,-0.015570015691486638,1.0,1.0
NCBP1,-0.3454104630399293,0.30708661417322836,1.0
XPA,0.01026095726452958,0.968503937007874,1.0
TRMO,-0.584199706204096,0.13385826771653545,1.0
HEMGN,-0.2336705996109707,0.7244094488188977,1.0
ANP32B,0.04445531006314063,0.6692913385826772,1.0
NANS,-0.22156032063170628,0.6062992125984252,1.0
TRIM14,0.2555902529819223,0.33070866141732286,1.0
CORO2A,0.12751556776604733,0.7716535433070866,1.0
TBC1D2,-0.3290630727229844,0.6771653543307087,1.0
SEPT7P7,0.027841604241426787,0.9212598425196851,1.0
ANKS6,-1.153021118951028,0.12598425196850394,1.0
GALNT12,-0.5920563227486237,0.5748031496062992,1.0
COL15A1,2.5137301098842224,0.10236220472440945,1.0
TGFBR1,-0.06219402753663328,0.889763779527559,1.0
ALG2,0.27241760514056423,0.6377952755905512,1.0
SEC61B,0.33246960867335495,0.07086614173228346,1.0
NR4A3,0.37630407248146547,0.8188976377952756,1.0
STX17,-0.17097393245083747,0.33858267716535434,1.0
ERP44,0.312428063541776,0.09448818897637795,1.0
UPF3AP3,0.13077679024690791,0.889763779527559,1.0
INVS,0.5832682616967819,0.48031496062992124,1.0
TEX10,-0.0047351227440532995,0.984251968503937,1.0
MSANTD3,-0.20888127993452255,0.7007874015748031,1.0
MRPL50,-0.532382708579755,0.23622047244094488,1.0
ZNF189,-0.090922564658793,0.8740157480314961,1.0
RNF20,-0.26470838738519653,0.5826771653543307,1.0
SMC2,-0.22130505389890143,0.6614173228346457,1.0
NIPSNAP3A,0.3511003970062667,0.6692913385826772,1.0
ABCA1,0.9941231564288158,0.023622047244094488,1.0
SLC44A1,0.48223857660625313,0.12598425196850394,1.0
FSD1L,1.4111989946061225,0.07874015748031496,1.0
RALGAPA1P1,-1.1448154730485074,0.2283464566929134,1.0
FKTN,0.2999290935847818,0.6062992125984252,1.0
TMEM38B,-0.5079677490583716,0.2755905511811024,1.0
RAD23B,0.33480543065655954,0.2047244094488189,1.0
KLF4,0.6147866115059513,0.4094488188976378,1.0
AL669983.1,-1.0462471149446784,0.14960629921259844,1.0
ELP1,-0.010049038808886301,0.9763779527559056,1.0
FAM206A,0.08549901919489544,0.7795275590551181,1.0
CTNNAL1,0.6180573736066286,0.47244094488188976,1.0
TMEM245,-0.16100275572474132,0.49606299212598426,1.0
TXN,0.2275943282343995,0.6850393700787402,1.0
KIAA0368,-0.0023716754902798343,0.984251968503937,1.0
ZNF483,-0.4576553967609438,0.5590551181102362,1.0
DNAJC25,0.8475561411147714,0.4645669291338583,1.0
UGCG,-0.007297543859283273,0.9921259842519685,1.0
AL138756.1,-0.5453732088665535,0.5118110236220472,1.0
SUSD1,0.6455903539262207,0.33070866141732286,1.0
PTBP3,0.034859572221463964,0.8110236220472441,1.0
HSDL2,0.2808449360278553,0.3937007874015748,1.0
KIAA1958,0.407584330992913,0.5748031496062992,1.0
INIP,0.24671203854754875,0.3937007874015748,1.0
SNX30,-0.14617688371297,0.7401574803149606,1.0
ZNF883,1.0881085553449699,0.16535433070866143,1.0
ZFP37,0.1155452461708597,0.9212598425196851,1.0
FKBP15,0.5014119107556247,0.1889763779527559,1.0
SLC31A1,0.1556467160935,0.8582677165354331,1.0
CDC26,-0.9456402993594426,0.2047244094488189,1.0
PRPF4,0.08349616890439382,0.8503937007874016,1.0
HDHD3,1.4624845322778945,0.2440944881889764,1.0
ALAD,0.16686656848541404,0.3779527559055118,1.0
POLE3,0.0037795642516975647,0.984251968503937,1.0
RGS3,0.34546296837895607,0.4881889763779528,1.0
AKNA,0.05736260693277284,0.9133858267716536,1.0
WHRN,-0.312711485891338,0.7322834645669292,1.0
ATP6V1G1,0.2791998352017311,0.25984251968503935,1.0
TMEM268,0.7160358869972323,0.08661417322834646,1.0
TNFSF8,1.2028101020654178,0.03937007874015748,1.0
ASTN2,0.7836935137891885,0.3937007874015748,1.0
TRIM32,-0.4824127013290398,0.6614173228346457,1.0
TPT1P9,-0.6720044132009573,0.031496062992125984,1.0
CDK5RAP2,-0.19187758184010928,0.6535433070866141,1.0
MEGF9,0.04167239257202482,0.905511811023622,1.0
FBXW2,0.11904045258326956,0.7244094488188977,1.0
PSMD5,-0.16263024736427134,0.6614173228346457,1.0
CUTALP,0.00563314873125087,0.9921259842519685,1.0
PHF19,0.5272847682614525,0.3700787401574803,1.0
TRAF1,0.6236161459041414,0.44881889763779526,1.0
CNTRL,-0.19150089751393917,0.3858267716535433,1.0
RAB14,0.08133646394803495,0.5905511811023622,1.0
GSN,0.8019929388792777,0.14960629921259844,1.0
STOM,-0.13928643576861877,0.7401574803149606,1.0
DAB2IP,-0.8227189740847913,0.33070866141732286,1.0
TTLL11,1.2347969252390762,0.16535433070866143,1.0
NDUFA8,-0.14167154402166737,0.5433070866141733,1.0
RBM18,-0.42687221689456134,0.13385826771653545,1.0
MRRF,-0.04990148241892278,0.8188976377952756,1.0
TLK1P1,-0.33314052830599783,0.7007874015748031,1.0
SKA2P1,0.0722270208069532,0.8818897637795275,1.0
PDCL,0.5341638704712581,0.2125984251968504,1.0
RC3H2,0.36451808446976575,0.09448818897637795,1.0
ZBTB6,-0.7494112334336416,0.2677165354330709,1.0
ZBTB26,0.09797177028900239,0.8740157480314961,1.0
AC007066.2,-0.6838199553292656,0.3543307086614173,1.0
RABGAP1,0.4429043785314919,0.14960629921259844,1.0
STRBP,0.394692506910582,0.29133858267716534,1.0
DENND1A,0.9920441275800673,0.2204724409448819,1.0
NEK6,0.19984303701542272,0.7795275590551181,1.0
PSMB7,0.49552863207731335,0.031496062992125984,1.0
RPL35,0.34249818380630614,0.5984251968503937,1.0
ARPC5L,-0.05564985539686429,0.905511811023622,1.0
GOLGA1,0.08117285770725413,0.8976377952755905,1.0
SCAI,0.050543028764712616,0.8740157480314961,1.0
PPP6C,0.20494962419041052,0.29133858267716534,1.0
RABEPK,-0.5005410947117772,0.33858267716535434,1.0
HSPA5,0.25626621037821273,0.48031496062992124,1.0
GAPVD1,0.20929436964060777,0.3543307086614173,1.0
MAPKAP1,-0.11405002433902212,0.8110236220472441,1.0
PBX3,0.3744732753301081,0.28346456692913385,1.0
MVB12B,-1.125066779342818,0.23622047244094488,1.0
ZBTB43,-0.11781397502654656,0.7401574803149606,1.0
ZBTB34,1.2387850312442947,0.16535433070866143,1.0
RALGPS1,0.03305094845979584,0.952755905511811,1.0
RPL12,-0.1203754563957613,0.2992125984251969,1.0
LRSAM1,-0.2489960963622715,0.905511811023622,1.0
FAM129B,1.336611663651687,0.15748031496062992,1.0
STXBP1,0.06238474884716805,1.0,1.0
TOR2A,-1.2591462771005846,0.29133858267716534,1.0
SH2D3C,0.12391969510648693,0.7086614173228346,1.0
CDK9,-0.3518500605865613,0.3464566929133858,1.0
FPGS,-0.35874960635553954,0.6614173228346457,1.0
AL162586.1,-1.2604190739004302,0.30708661417322836,1.0
AK1,-0.605190646729282,0.11811023622047244,1.0
ST6GALNAC6,-1.5288268729959982,0.015748031496062992,1.0
ST6GALNAC4,-0.06909340575261114,0.8661417322834646,1.0
DPM2,-0.8753084256074048,0.5826771653543307,1.0
FAM102A,0.10223798059962164,0.8503937007874016,1.0
NAIF1,-0.1484912671639833,0.5748031496062992,1.0
SLC25A25-AS1,0.16921871840178238,0.8346456692913385,1.0
PTGES2,1.6046274203110826,0.07874015748031496,1.0
LCN2,-0.6121427087736708,0.5748031496062992,1.0
C9orf16,0.8763172227853602,0.6062992125984252,1.0
CIZ1,0.22769727979382992,0.7007874015748031,1.0
GOLGA2,1.3668868024669418,0.31496062992125984,1.0
SWI5,-0.28680111796333096,0.7165354330708661,1.0
TRUB2,-0.4034922717260807,0.28346456692913385,1.0
COQ4,0.39085495998341635,0.3858267716535433,1.0
SLC27A4,0.4803452299149178,0.4409448818897638,1.0
TMSB4XP4,-0.6440247844433249,0.5984251968503937,1.0
URM1,0.257999165201964,0.33070866141732286,1.0
ODF2,-0.03724084576441733,0.984251968503937,1.0
GLE1,0.011161623019285472,0.9606299212598425,1.0
SPTAN1,0.3120180183000354,0.31496062992125984,1.0
WDR34,-0.29285923105570655,0.8740157480314961,1.0
SET,-0.02644416049435705,0.952755905511811,1.0
PKN3,-0.23820212380881767,0.7637795275590551,1.0
ZDHHC12,0.8571805145812013,0.5275590551181102,1.0
AL441992.1,0.47632932012947693,0.44881889763779526,1.0
ZER1,0.7566108523450277,0.4015748031496063,1.0
TBC1D13,0.009996106122481585,0.9921259842519685,1.0
SPOUT1,-0.046196084464931175,0.9448818897637795,1.0
LRRC8A,0.13492546441622988,0.8503937007874016,1.0
DOLK,1.0525143172413896,0.2755905511811024,1.0
NUP188,0.38228428547111726,0.6220472440944882,1.0
SH3GLB2,0.24543622715534275,0.7480314960629921,1.0
MIGA2,0.08948600180940769,0.7795275590551181,1.0
DOLPP1,-0.027121268271388832,0.9448818897637795,1.0
CRAT,-0.024002259938037618,0.984251968503937,1.0
PTPA,0.08416154785855623,0.968503937007874,1.0
LINC00963,0.10250854476402438,0.7874015748031497,1.0
NTMT1,-0.9810038717465788,0.1889763779527559,1.0
ASB6,0.14703566082108077,0.7165354330708661,1.0
TOR1B,0.29090068102247013,0.6377952755905512,1.0
TOR1A,-0.008770407289189208,0.9763779527559056,1.0
C9orf78,0.0190938046044673,0.968503937007874,1.0
USP20,0.1741916747799821,0.8110236220472441,1.0
FNBP1,-0.1639630386643045,0.48031496062992124,1.0
GPR107,0.449743515218195,0.09448818897637795,1.0
NCS1,1.8777353259566372,0.015748031496062992,1.0
FUBP3,-0.2472545929942429,0.3700787401574803,1.0
EXOSC2,0.04221020034010081,0.8661417322834646,1.0
ABL1,0.5676055092671453,0.36220472440944884,1.0
NUP214,-0.05521388146305828,0.9291338582677166,1.0
FAM78A,0.24753984749293068,0.4566929133858268,1.0
PRRC2B,0.45531211646820413,0.5748031496062992,1.0
POMT1,0.8557745654877045,0.2677165354330709,1.0
UCK1,0.19097911811645552,0.8582677165354331,1.0
RAPGEF1,-0.16864507194661194,0.8503937007874016,1.0
MED27,0.4832319332547472,0.4094488188976378,1.0
NTNG2,0.06084438514751733,0.9133858267716536,1.0
SETX,-0.07768660561869467,0.5590551181102362,1.0
TTF1,-0.39256299672160644,0.2755905511811024,1.0
DDX31,-0.6681111520705842,0.11811023622047244,1.0
GTF3C4,0.11152122369473982,0.8188976377952756,1.0
TSC1,-0.2216916375077762,0.5826771653543307,1.0
EEF1A1P5,-0.4027662534890091,0.14173228346456693,1.0
GTF3C5,-0.3318210600982141,0.5196850393700787,1.0
RALGDS,0.2676875089219273,0.6220472440944882,1.0
GBGT1,0.5104244001116109,0.6062992125984252,1.0
ABO,0.8435629923076375,0.48031496062992124,1.0
SURF6,-1.0495177316544821,0.10236220472440945,1.0
MED22,0.6783121912298102,0.44881889763779526,1.0
RPL7A,-0.09443055491543184,0.23622047244094488,1.0
SURF1,-0.12490747525453028,0.6850393700787402,1.0
SURF2,1.3181229950141962,0.07874015748031496,1.0
SURF4,0.3897531589235559,0.1889763779527559,1.0
REXO4,0.45679186844209596,0.7322834645669292,1.0
CACFD1,0.3069363088542223,0.6535433070866141,1.0
SLC2A6,0.4743046547463001,0.7322834645669292,1.0
SARDH,0.7009408165317437,0.5354330708661418,1.0
VAV2,1.5795519343718265,0.03937007874015748,1.0
BRD3OS,-0.6160504835839307,0.36220472440944884,1.0
BRD3,0.39207418384372517,0.25984251968503935,1.0
WDR5,1.0118459222957705,0.33070866141732286,1.0
RXRA,-0.7267969803745249,0.05511811023622047,1.0
COL5A1,0.40414998225791043,0.5748031496062992,1.0
FCN1,0.4782760029359723,0.6062992125984252,1.0
MRPS2,1.4111230102855843,0.03937007874015748,1.0
CAMSAP1,0.4904169246721395,0.28346456692913385,1.0
UBAC1,0.03157037199000179,0.889763779527559,1.0
NACC2,0.3303608207318489,0.5118110236220472,1.0
TMEM250,0.33589462748964927,0.6771653543307087,1.0
QSOX2,0.6480658847405607,0.09448818897637795,1.0
SNAPC4,0.06884848147807032,0.937007874015748,1.0
SDCCAG3,-0.24245244568014535,0.5984251968503937,1.0
PMPCA,0.5778566196051012,0.5118110236220472,1.0
INPP5E,0.6612107572235213,0.023622047244094488,1.0
SEC16A,0.2594687731944152,0.2992125984251969,1.0
NOTCH1,-0.359912703754782,0.6456692913385826,1.0
AGPAT2,1.555342677016446,0.10236220472440945,1.0
SNHG7,-0.5134361971810968,0.31496062992125984,1.0
TMEM141,0.6074394387049491,0.49606299212598426,1.0
AL355987.4,-1.026052157394827,0.25984251968503935,1.0
RABL6,0.4484960682021377,0.5669291338582677,1.0
PHPT1,0.7527889052309309,0.6220472440944882,1.0
EDF1,-0.2375412297640631,0.8031496062992126,1.0
TRAF2,1.4174774930178415,0.06299212598425197,1.0
FBXW5,-0.10496948722799493,0.937007874015748,1.0
PTGDS,-0.7204432513349159,0.49606299212598426,1.0
PAXX,0.31773836505892117,0.7480314960629921,1.0
ABCA2,-0.9823675221139219,0.4566929133858268,1.0
FUT7,-0.8381937908640933,0.3700787401574803,1.0
NPDC1,1.6924645209655562,0.1889763779527559,1.0
UAP1L1,0.4580948663623756,0.6141732283464567,1.0
MAN1B1-AS1,-0.0852210099918087,0.8582677165354331,1.0
MAN1B1,-0.549552751306102,0.6692913385826772,1.0
DPP7,0.08243489520276359,0.9291338582677166,1.0
ANAPC2,-0.13309324269293388,0.8110236220472441,1.0
SSNA1,-0.28342869148921324,0.905511811023622,1.0
TPRN,-0.34584478995033496,0.5433070866141733,1.0
TMEM203,0.03233357366477163,0.984251968503937,1.0
TUBB4B,-0.5772884554251121,0.6456692913385826,1.0
NELFB,0.09010654942485541,0.984251968503937,1.0
TOR4A,0.6000070513598277,0.47244094488188976,1.0
NRARP,1.606824633682059,0.08661417322834646,1.0
EXD3,-0.37452922564584057,0.7086614173228346,1.0
NSMF,-0.3011385762328387,0.8818897637795275,1.0
MRPL41,0.4456441334064758,0.5275590551181102,1.0
DPH7,0.9909135439097634,0.3228346456692913,1.0
ZMYND19,0.8248378768911486,0.4330708661417323,1.0
ARRDC1,-0.40843820229352445,0.7795275590551181,1.0
ARRDC1-AS1,-0.1825071576450925,0.9291338582677166,1.0
EHMT1,0.16585728848196002,0.5826771653543307,1.0
BET1L,-0.04313536772147586,0.8740157480314961,1.0
RIC8A,0.1594914947310171,0.6929133858267716,1.0
SIRT3,0.024899942745709502,0.9448818897637795,1.0
PSMD13,0.33820778123764583,0.11023622047244094,1.0
AC136475.3,-0.3969327879110316,0.6377952755905512,1.0
PGGHG,-0.2596519449862882,0.7086614173228346,1.0
IFITM2,0.21930449249082073,0.5984251968503937,1.0
IFITM1,-0.18650587052766898,0.7322834645669292,1.0
AC136475.1,-0.6475403104591844,0.3464566929133858,1.0
IFITM3,0.06700702054810037,0.8503937007874016,1.0
AC136475.5,-0.11919263931588997,0.8818897637795275,1.0
SIGIRR,0.15462627918371652,0.889763779527559,1.0
ANO9,-0.1559114458218005,0.8976377952755905,1.0
PTDSS2,0.1484083053483385,0.952755905511811,1.0
RNH1,0.056606169866688205,0.9291338582677166,1.0
HRAS,0.3559223108505529,0.7480314960629921,1.0
RASSF7,-0.1711223229440173,0.7795275590551181,1.0
PHRF1,-0.03847233308030518,0.968503937007874,1.0
IRF7,-0.03645028461083566,0.9606299212598425,1.0
DEAF1,0.06562639712841278,0.984251968503937,1.0
EPS8L2,-0.030617471372528238,0.9763779527559056,1.0
TMEM80,0.011521134570060543,0.984251968503937,1.0
TALDO1,0.30514740918758587,0.5984251968503937,1.0
GATD1,-0.7071893107884404,0.30708661417322836,1.0
SLC25A22,0.5560924964074805,0.6299212598425197,1.0
PIDD1,0.6912588454715465,0.4251968503937008,1.0
RPLP2,0.2015495079402534,0.7165354330708661,1.0
PNPLA2,-0.28227818315910813,0.6929133858267716,1.0
CD151,0.7836411333676203,0.36220472440944884,1.0
POLR2L,0.5816340654303973,0.5196850393700787,1.0
CHID1,0.6437320733825822,0.4251968503937008,1.0
AP2A2,0.7726229270163882,0.2125984251968504,1.0
TOLLIP,0.5442559016142585,0.30708661417322836,1.0
MOB2,-0.5658181551213284,0.7165354330708661,1.0
DUSP8,-0.2587214307010357,0.8267716535433071,1.0
CTSD,0.3799756768483169,0.6614173228346457,1.0
LSP1,0.5651142637715934,0.41732283464566927,1.0
C11orf21,-0.2155164993345835,0.8110236220472441,1.0
TSPAN32,1.207053633767107,0.2755905511811024,1.0
CD81,-0.06330299152374241,0.968503937007874,1.0
TSSC4,0.817434217107285,0.3464566929133858,1.0
KCNQ1,-0.2740883991506782,0.7559055118110236,1.0
KCNQ1OT1,-2.0660619092102284,0.05511811023622047,1.0
CDKN1C,-0.5433573719538192,0.6377952755905512,1.0
SLC22A18,1.2532472116189868,0.14173228346456693,1.0
PHLDA2,0.4546156187068364,0.6929133858267716,1.0
NAP1L4,0.5032587120721104,0.1889763779527559,1.0
CARS,-0.11117807375558808,0.7795275590551181,1.0
ZNF195,0.10279652078539936,0.8661417322834646,1.0
NUP98,-0.13722667774009167,0.5433070866141733,1.0
PGAP2,-0.19019677202835927,0.6614173228346457,1.0
RHOG,0.31593305292735074,0.2755905511811024,1.0
STIM1,0.19749286258221144,0.5669291338582677,1.0
RRM1,-0.24047543132731697,0.4566929133858268,1.0
TRIM21,0.6255401613921316,0.33858267716535434,1.0
TRIM68,0.5578242007152157,0.47244094488188976,1.0
HBB,-2.8078211321930597,0.2047244094488189,1.0
TRIM5,0.15556562560346787,0.5511811023622047,1.0
TRIM22,-0.3855388516128082,0.06299212598425197,1.0
OR52N4,-1.9501780393546768,0.031496062992125984,1.0
FAM160A2,-0.5717443796141404,0.1968503937007874,1.0
CAVIN3,0.2879271824740097,0.84251968503937,1.0
SMPD1,-0.21444067670881317,0.6535433070866141,1.0
APBB1,-0.6505826830415646,0.05511811023622047,1.0
TRIM3,0.27608505685146767,0.7480314960629921,1.0
ARFIP2,-0.01868893035131869,0.9291338582677166,1.0
TIMM10B,0.023990390493685787,0.9448818897637795,1.0
DNHD1,-0.8358884849624904,0.2047244094488189,1.0
RRP8,-0.0904052926326191,0.8976377952755905,1.0
TAF10,0.4431165227685261,0.06299212598425197,1.0
TPP1,0.5336794510665008,0.09448818897637795,1.0
MRPL17,-0.25237988825168634,0.8031496062992126,1.0
GVINP1,0.08631135948263324,0.7244094488188977,1.0
PPFIBP2,0.8466519804181463,0.31496062992125984,1.0
EIF3F,0.06430745328880061,0.5826771653543307,1.0
RIC3,-0.45692667181708035,0.41732283464566927,1.0
TRIM66,-0.5420701259972236,0.25984251968503935,1.0
RPL27A,-0.3076608259452218,0.13385826771653545,1.0
AKIP1,0.48882297837149125,0.015748031496062992,1.0
TMEM9B,0.22010900076060036,0.3858267716535433,1.0
TMEM9B-AS1,1.5572512912211307,0.047244094488188976,1.0
NRIP3,0.11532819238334824,0.952755905511811,1.0
DENND5A,1.169656558584641,0.2440944881889764,1.0
TMEM41B,-0.5360955197192432,0.03937007874015748,1.0
IPO7,0.11631474832516098,0.30708661417322836,1.0
AC132192.2,-0.22515506380424588,0.937007874015748,1.0
ZNF143,0.6641033553978666,0.03937007874015748,1.0
WEE1,0.16293452630478011,0.7322834645669292,1.0
RPL23AP65,-0.666214283215022,0.36220472440944884,1.0
SWAP70,-0.48502457026672197,0.41732283464566927,1.0
SBF2-AS1,0.9722314222524803,0.1732283464566929,1.0
SBF2,0.15811782919588757,0.952755905511811,1.0
ADM,0.2846823983493856,0.7637795275590551,1.0
AMPD3,-0.4791685070459213,0.30708661417322836,1.0
RNF141,-0.714577701562479,0.031496062992125984,1.0
CTR9,-0.07895897194063117,0.7952755905511811,1.0
EIF4G2,0.11423284474843065,0.23622047244094488,1.0
ZBED5,0.27943320818095785,0.1889763779527559,1.0
ZBED5-AS1,-0.4031550306742715,0.48031496062992124,1.0
CSNK2A3,-0.23729170284138767,0.7559055118110236,1.0
USP47,0.11597988100670698,0.6299212598425197,1.0
DKK3,0.4930123103655044,0.4566929133858268,1.0
MICAL2,0.9844024751643152,0.031496062992125984,1.0
ARNTL,0.3735261872745177,0.2204724409448819,1.0
BTBD10,-0.2148151522528039,0.4094488188976378,1.0
FAR1,-0.17488849641668036,0.7322834645669292,1.0
SPON1,-0.8299510847830853,0.07874015748031496,1.0
RRAS2,0.47405152406718054,0.905511811023622,1.0
COPB1,-0.3107362187146583,0.23622047244094488,1.0
PSMA1,0.39097872276739487,0.2992125984251969,1.0
PDE3B,0.3315178262508933,0.3543307086614173,1.0
CYP2R1,-1.2288679397547977,0.031496062992125984,1.0
C11orf58,0.013007832333129521,0.9606299212598425,1.0
PLEKHA7,-1.7896471598321209,0.023622047244094488,1.0
AC116533.1,0.012180479720811377,0.9763779527559056,1.0
RPS13,0.04856058185539247,0.7480314960629921,1.0
SNORD14A,0.407437448495627,0.6062992125984252,1.0
PIK3C2A,0.29816171337947495,0.41732283464566927,1.0
NUCB2,-0.41332526939336045,0.5984251968503937,1.0
NCR3LG1,-0.439009507067025,0.5905511811023622,1.0
SERGEF,0.6474132829668902,0.33070866141732286,1.0
SAAL1,-0.18181730331340162,0.7637795275590551,1.0
ST13P5,0.3916468893356435,0.7086614173228346,1.0
SAA1,0.5383933067646367,0.5905511811023622,1.0
HPS5,-0.114508864090058,0.7637795275590551,1.0
GTF2H1,-0.6938613874641728,0.015748031496062992,1.0
LDHA,-0.0812001455600786,0.6771653543307087,1.0
TSG101,0.1567514746009584,0.6929133858267716,1.0
UEVLD,0.5963062709188605,0.23622047244094488,1.0
SPTY2D1,-0.2195959514260828,0.5669291338582677,1.0
AP006296.1,-0.09600347271492726,0.8818897637795275,1.0
ZDHHC13,-0.23677071188002818,0.5748031496062992,1.0
NAV2,-0.9299477413035482,0.2283464566929134,1.0
HTATIP2,0.07353073151137579,0.889763779527559,1.0
PRMT3,0.6947145032615358,0.6614173228346457,1.0
FANCF,0.12058128832792736,0.889763779527559,1.0
SVIP,-0.308733799103881,0.05511811023622047,1.0
CCDC34,0.34783662664281856,0.33858267716535434,1.0
LGR4,0.05323845074933242,0.968503937007874,1.0
LIN7C,0.09031753332500436,0.7874015748031497,1.0
BDNF-AS,-1.6396239405999484,0.05511811023622047,1.0
AC104563.1,0.04360252818535004,0.9606299212598425,1.0
HSP90AA2P,-1.2420753298136837,0.08661417322834646,1.0
METTL15,-0.06935144651229797,0.8267716535433071,1.0
ARL14EP,-0.34080014483269583,0.5118110236220472,1.0
DNAJC24,0.8250455206524911,0.4330708661417323,1.0
IMMP1L,0.07557552542265888,0.8818897637795275,1.0
ELP4,0.4119069663780923,0.11811023622047244,1.0
RCN1,0.4341587977432355,0.6456692913385826,1.0
EIF3M,-0.40134295731971026,0.1889763779527559,1.0
QSER1,-0.46350255354728986,0.1968503937007874,1.0
TCP11L1,-0.1871090821997523,0.7637795275590551,1.0
LINC00294,-0.687754210286339,0.3937007874015748,1.0
CSTF3,1.0929912990826187,0.3858267716535433,1.0
AL136126.1,0.05009137285177623,0.8503937007874016,1.0
HIPK3,-0.17163520617665728,0.44881889763779526,1.0
CD59,0.16895237006659602,0.6929133858267716,1.0
FBXO3,-0.17954234915804435,0.4566929133858268,1.0
LMO2,-0.6686423326638615,0.4094488188976378,1.0
CAPRIN1,0.3604103334681614,0.4409448818897638,1.0
NAT10,-0.13546721162901232,0.6377952755905512,1.0
CAT,-0.16399963950371443,0.5590551181102362,1.0
APIP,-0.23648768857649838,0.6535433070866141,1.0
PDHX,-0.5256492630874248,0.44881889763779526,1.0
CD44,0.2754601331515527,0.1889763779527559,1.0
AL133330.1,-0.24213811843355204,0.7874015748031497,1.0
TRIM44,-0.22497592949481948,0.1732283464566929,1.0
COMMD9,-0.4362074455449836,0.3937007874015748,1.0
PRR5L,0.2428328300565612,0.5984251968503937,1.0
TRAF6,-0.816202558403301,0.03937007874015748,1.0
RAG1,-1.8132375767065267,0.03937007874015748,1.0
API5,0.4847578435892794,0.07874015748031496,1.0
TTC17,-0.391231250995256,0.25196850393700787,1.0
HSD17B12,-0.017287147325103724,0.984251968503937,1.0
ALKBH3,0.3009417606426834,0.3700787401574803,1.0
ACCS,1.104309384187038,0.25984251968503935,1.0
EXT2,-0.02241213103021167,0.9606299212598425,1.0
CD82,0.44742089135491003,0.4015748031496063,1.0
TSPAN18,0.7833951487204578,0.30708661417322836,1.0
TP53I11,-0.7022416718278328,0.06299212598425197,1.0
PRDM11,-0.27390391692812033,0.8110236220472441,1.0
SLC35C1,0.48278321866051277,0.6771653543307087,1.0
CRY2,-0.887692609329978,0.10236220472440945,1.0
PEX16,0.26975886275053496,0.5905511811023622,1.0
PHF21A,0.22750868708465877,0.31496062992125984,1.0
DGKZ,0.33176054060601956,0.4094488188976378,1.0
MDK,0.3277031917103761,0.8031496062992126,1.0
AMBRA1,1.1377084630949823,0.2283464566929134,1.0
AC024293.1,0.10405738680617382,0.6929133858267716,1.0
HARBI1,0.05994466359368178,0.9212598425196851,1.0
ATG13,0.33559725034548116,0.29133858267716534,1.0
ARHGAP1,-0.0095805429379352,0.968503937007874,1.0
CKAP5,0.15226099657195125,0.49606299212598426,1.0
C11orf49,0.7874714941274341,0.23622047244094488,1.0
ARFGAP2,0.4011530718272267,0.5039370078740157,1.0
AC090589.1,-0.45728530122685385,0.1889763779527559,1.0
DDB2,-0.44154288514173246,0.2992125984251969,1.0
ACP2,0.03684724731615274,0.9606299212598425,1.0
NR1H3,0.4126756970162201,0.30708661417322836,1.0
MADD,-0.20893982470919115,0.6771653543307087,1.0
SPI1,-0.500814999895923,0.6771653543307087,1.0
SLC39A13,-0.6513774154269809,0.10236220472440945,1.0
PSMC3,0.4408942200414323,0.3543307086614173,1.0
CELF1,0.1066557701810078,0.6062992125984252,1.0
NDUFS3,0.26941360039190876,0.5039370078740157,1.0
PTPMT1,-1.0206434326882767,0.2755905511811024,1.0
MTCH2,0.49871714698766656,0.13385826771653545,1.0
AGBL2,1.2264918955477897,0.12598425196850394,1.0
FNBP4,-0.11496021125906708,0.5511811023622047,1.0
NUP160,-0.3518165980324026,0.4409448818897638,1.0
PTPRJ,0.5624969232082977,0.11023622047244094,1.0
RPL5P29,-2.300970101694809,0.015748031496062992,1.0
TNKS1BP1,0.9452474942898794,0.2204724409448819,1.0
SSRP1,-0.21355882558053008,0.5433070866141733,1.0
SLC43A3,0.299016652191189,0.5905511811023622,1.0
SLC43A1,-0.012921412228077411,0.984251968503937,1.0
TIMM10,0.14795547197487124,0.6456692913385826,1.0
UBE2L6,0.2555536191571992,0.5984251968503937,1.0
RPS4XP13,-1.4109201113148864,0.11811023622047244,1.0
SERPING1,-0.3505861467814816,0.7637795275590551,1.0
CLP1,-1.6163016220588011,0.031496062992125984,1.0
ZDHHC5,0.30232473948314453,0.5590551181102362,1.0
MED19,1.4379528780590043,0.14173228346456693,1.0
TMX2,-0.4658087417175647,0.11811023622047244,1.0
SELENOH,-0.3287449151325603,0.6614173228346457,1.0
CTNND1,0.6761897767884912,0.5984251968503937,1.0
LPXN,0.3136191391457199,0.047244094488188976,1.0
ZFP91,-0.15966155420276262,0.5433070866141733,1.0
FAM111A-DT,-0.6593915952685598,0.5511811023622047,1.0
FAM111A,-0.10971740099927896,0.36220472440944884,1.0
MPEG1,0.3638295341089961,0.7322834645669292,1.0
OSBP,0.03772252530743092,0.889763779527559,1.0
PATL1,0.12523930614597845,0.6220472440944882,1.0
STX3,-0.8196024874681145,0.5275590551181102,1.0
FABP5P7,0.4489791120768847,0.6299212598425197,1.0
MRPL16,-0.1313659541962542,0.7322834645669292,1.0
MS4A2,1.4895388166249468,0.18110236220472442,1.0
MS4A6A,-0.37272385104355776,0.6535433070866141,1.0
MS4A1,-0.3896224608943015,0.5433070866141733,1.0
CCDC86,-0.29366078154053454,0.7480314960629921,1.0
PRPF19,0.040831746169873284,0.9763779527559056,1.0
TMEM109,-0.07968956908592695,0.7165354330708661,1.0
CD6,0.32824633099902734,0.3700787401574803,1.0
CD5,0.6303532134114329,0.07086614173228346,1.0
VPS37C,-0.038145464738612134,1.0,1.0
DDB1,0.2096461457727452,0.5511811023622047,1.0
TKFC,-0.023122441675149208,0.9133858267716536,1.0
CYB561A3,-0.2599749982991526,0.7637795275590551,1.0
TMEM138,0.06687998855816879,0.7952755905511811,1.0
TMEM216,0.33603408981740657,0.3937007874015748,1.0
CPSF7,0.069623270878858,0.7322834645669292,1.0
SDHAF2,0.3373767516003623,0.4330708661417323,1.0
TMEM258,0.23331216011600642,0.2755905511811024,1.0
FEN1,0.4679193597230027,0.6692913385826772,1.0
FADS1,0.1235464242997577,0.8740157480314961,1.0
FADS3,-0.921651613002924,0.36220472440944884,1.0
FTH1,-0.07723879513053955,0.9606299212598425,1.0
AHNAK,0.11470997547765904,0.6850393700787402,1.0
TUT1,-0.05637654260394598,0.9291338582677166,1.0
MTA2,-0.0988049196200329,0.7322834645669292,1.0
EML3,0.7012348848770076,0.5511811023622047,1.0
B3GAT3,0.6239622312032065,0.25196850393700787,1.0
GANAB,0.04055714887267392,0.8188976377952756,1.0
INTS5,0.04356063062293636,0.952755905511811,1.0
METTL12,-0.791332715425614,0.4094488188976378,1.0
UQCC3,1.4930970445631468,0.10236220472440945,1.0
UBXN1,-0.06832519711538776,0.8740157480314961,1.0
HNRNPUL2,0.2167794546547528,0.3464566929133858,1.0
TTC9C,0.04527779328090409,0.9291338582677166,1.0
POLR2G,0.23946442768415732,0.5196850393700787,1.0
TMEM223,0.9248108548853127,0.5039370078740157,1.0
TMEM179B,-0.3698584341033597,0.5984251968503937,1.0
NXF1,-0.25285456211981483,0.6850393700787402,1.0
STX5,-0.45986667760590993,0.28346456692913385,1.0
WDR74,0.1685065655381588,0.8267716535433071,1.0
SNHG1,0.0371006167566561,0.9763779527559056,1.0
SLC3A2,0.18466905759883012,0.8582677165354331,1.0
RARRES3,-0.16198880728746712,0.5118110236220472,1.0
PLA2G16,-0.20408385496316184,0.6771653543307087,1.0
ATL3,-0.2041689860448077,0.2677165354330709,1.0
RTN3,0.12284115741563806,0.5433070866141733,1.0
C11orf84,0.009881261775384509,0.984251968503937,1.0
MARK2,0.07753417559404774,0.9212598425196851,1.0
NAA40,0.45561858491822926,0.5748031496062992,1.0
COX8A,0.5028875443296954,0.023622047244094488,1.0
OTUB1,-0.055465404436817245,0.9133858267716536,1.0
STIP1,0.1643822503203003,0.5826771653543307,1.0
FERMT3,-0.02010762065174143,0.9921259842519685,1.0
TRPT1,-0.203843599173398,0.49606299212598426,1.0
NUDT22,-0.3933776185741946,0.5984251968503937,1.0
DNAJC4,0.42592779298511285,0.7637795275590551,1.0
VEGFB,-0.028754595560556595,0.952755905511811,1.0
FKBP2,0.1419927630976856,0.6929133858267716,1.0
PPP1R14B,0.5598385451492378,0.6220472440944882,1.0
PLCB3,-0.5614229999097895,0.47244094488188976,1.0
GPR137,0.4084912749507641,0.6456692913385826,1.0
TRMT112,0.250454887997857,0.05511811023622047,1.0
PRDX5,0.3209975165435761,0.12598425196850394,1.0
AP003774.4,0.1772025512427695,0.8110236220472441,1.0
CCDC88B,0.28730548660869903,0.4015748031496063,1.0
RPS6KA4,0.48051929558504414,0.5826771653543307,1.0
RASGRP2,-0.30473557525267214,0.8188976377952756,1.0
PYGM,0.39292647864480024,0.5511811023622047,1.0
SF1,-0.10976869859501726,0.6929133858267716,1.0
MAP4K2,-0.2953690441095178,0.5354330708661418,1.0
MEN1,0.4132119658234181,0.2755905511811024,1.0
CDC42BPG,0.08650252483504661,0.9448818897637795,1.0
EHD1,-0.3027324423189528,0.7795275590551181,1.0
ATG2A,0.06079698652781085,0.937007874015748,1.0
PPP2R5B,-0.023449759035910844,0.9606299212598425,1.0
ARL2,1.0890301621343852,0.2755905511811024,1.0
NAALADL1,0.8891952205257456,0.2125984251968504,1.0
ZFPL1,1.0881316439055384,0.09448818897637795,1.0
TM7SF2,0.7182771584949272,0.33070866141732286,1.0
FAU,-0.01432990810702428,0.9606299212598425,1.0
SYVN1,0.48244854460411624,0.6141732283464567,1.0
MRPL49,-0.3655719782446596,0.29133858267716534,1.0
CAPN1,0.10400500705831828,0.9212598425196851,1.0
POLA2,-0.31629577088752336,0.7874015748031497,1.0
DPF2,0.14207089591822886,0.6535433070866141,1.0
SLC25A45,-0.49266895229204,0.47244094488188976,1.0
FRMD8,0.2410598584449124,0.2440944881889764,1.0
NEAT1,0.28049543116603104,0.5826771653543307,1.0
AP000769.1,-0.9757268259771203,0.03937007874015748,1.0
MALAT1,-0.24379021626677222,0.5511811023622047,1.0
SCYL1,-0.07166698601586186,0.984251968503937,1.0
LTBP3,0.11288085028824923,0.952755905511811,1.0
SSSCA1-AS1,0.6038389409933314,0.28346456692913385,1.0
SSSCA1,1.0202192128326404,0.4566929133858268,1.0
FAM89B,1.2492135519207528,0.031496062992125984,1.0
EHBP1L1,0.13824072804364773,0.7795275590551181,1.0
MAP3K11,-0.5321526301451995,0.4094488188976378,1.0
PCNX3,-0.11629471756461651,0.952755905511811,1.0
SIPA1,-0.3728756626486538,0.7322834645669292,1.0
RELA,-0.03335393005789378,0.8976377952755905,1.0
RNASEH2C,-0.5678046236005052,0.44881889763779526,1.0
AP5B1,0.8707758540304229,0.2125984251968504,1.0
CFL1,0.15619701451277734,0.4330708661417323,1.0
MUS81,-0.1497307729409343,0.6299212598425197,1.0
EFEMP2,-0.9768984096715159,0.33858267716535434,1.0
CTSW,-0.036584806722124164,0.9763779527559056,1.0
FIBP,-0.2064525497656282,0.7480314960629921,1.0
CCDC85B,-1.1703284219652548,0.3937007874015748,1.0
FOSL1,-1.4434425364193633,0.047244094488188976,1.0
C11orf68,-0.42693304410938104,0.031496062992125984,1.0
DRAP1,0.3011715063324001,0.6614173228346457,1.0
SART1,-0.49078928033569014,0.6456692913385826,1.0
EIF1AD,-0.18882801014869255,0.5905511811023622,1.0
BANF1,0.2478720979679041,0.41732283464566927,1.0
SF3B2,0.13292832146884948,0.5433070866141733,1.0
PACS1,0.03635691618839765,0.9606299212598425,1.0
AP000759.1,-0.14956869618891,0.8346456692913385,1.0
KLC2,0.18576277097040972,0.9212598425196851,1.0
YIF1A,0.04509780760149695,0.9606299212598425,1.0
CD248,-0.9953403556517285,0.13385826771653545,1.0
BRMS1,1.1755593112244167,0.31496062992125984,1.0
B4GAT1,-0.2825588331050337,0.7401574803149606,1.0
SLC29A2,-0.6378410032105895,0.5511811023622047,1.0
MRPL11,0.1996943125708177,0.7165354330708661,1.0
PELI3,-0.16729984882149984,0.9212598425196851,1.0
DPP3,0.10266645061263313,0.8582677165354331,1.0
ZDHHC24,0.8570237855018603,0.031496062992125984,1.0
CTSF,-0.3660705345738009,0.6929133858267716,1.0
CCS,1.0275914976700609,0.047244094488188976,1.0
RBM14,0.22619637610227183,0.5984251968503937,1.0
RBM4,-0.02236871584260003,0.9763779527559056,1.0
RBM4B,-0.0709426643086446,0.905511811023622,1.0
AP001157.1,0.3250233042656423,0.8346456692913385,1.0
C11orf80,0.6580498611506428,0.31496062992125984,1.0
RCE1,-0.17044571560662902,0.7244094488188977,1.0
KDM2A,-0.31169997480995804,0.16535433070866143,1.0
GRK2,0.1974416931973888,0.7165354330708661,1.0
ANKRD13D,-0.42965044339386793,0.29133858267716534,1.0
SSH3,-0.27250451985332846,0.6850393700787402,1.0
RAD9A,0.20648201629735308,0.7637795275590551,1.0
POLD4,1.387051535624409,0.06299212598425197,1.0
CLCF1,-0.34399138890585546,0.47244094488188976,1.0
PPP1CA,0.19549926598932288,0.84251968503937,1.0
TBC1D10C,0.3177425276591306,0.2677165354330709,1.0
CARNS1,0.4862102419699039,0.4251968503937008,1.0
RPS6KB2,-1.5181790039373484,0.06299212598425197,1.0
CORO1B,1.1595402540252655,0.4251968503937008,1.0
TMEM134,-0.13433568321809553,0.8582677165354331,1.0
AIP,0.6253437626032081,0.7322834645669292,1.0
PITPNM1,0.6041474902032631,0.41732283464566927,1.0
CDK2AP2,0.6261362206773793,0.2283464566929134,1.0
GSTP1,-0.3695317681949266,0.5039370078740157,1.0
NDUFV1,-0.3235427227832961,0.7716535433070866,1.0
RPL37P2,-0.10136268689191041,0.6850393700787402,1.0
AP003716.1,-1.2438556474700093,0.05511811023622047,1.0
UNC93B1,0.8646232967239462,0.5275590551181102,1.0
NDUFS8,0.5683773822903841,0.3700787401574803,1.0
TCIRG1,-0.314130369552835,0.7795275590551181,1.0
CHKA,0.3879600102291001,0.7165354330708661,1.0
KMT5B,0.17843640127687266,0.11811023622047244,1.0
C11orf24,-0.368905751754677,0.30708661417322836,1.0
PPP6R3,-0.31129644694598024,0.11811023622047244,1.0
TESMIN,-0.02119196186373573,1.0,1.0
CPT1A,0.7604614915688535,0.8110236220472441,1.0
MRPL21,0.6197285463887399,0.2125984251968504,1.0
IGHMBP2,0.5623385630886499,0.3543307086614173,1.0
TPCN2,-0.5704137564692526,0.4566929133858268,1.0
CCND1,-0.6831351323805643,0.29133858267716534,1.0
ORAOV1,0.8795151274622137,0.5590551181102362,1.0
PPFIA1,0.28549746446565827,0.5039370078740157,1.0
CTTN,2.0742397892872013,0.03937007874015748,1.0
DHCR7,-0.7743944610946292,0.2677165354330709,1.0
AP002387.1,0.6015340631746393,0.2677165354330709,1.0
NADSYN1,0.31982676429363543,0.5433070866141733,1.0
AP002495.1,-0.4782864798412041,0.4645669291338583,1.0
RNF121,0.07282767374281018,0.8346456692913385,1.0
IL18BP,0.4937253585404404,0.2440944881889764,1.0
NUMA1,0.1800210586633879,0.5196850393700787,1.0
LRTOMT,-0.006969053962516236,1.0,1.0
LAMTOR1,0.4514004460965655,0.11023622047244094,1.0
ANAPC15,-0.5324754023769354,0.5984251968503937,1.0
INPPL1,0.26249784280065747,0.5826771653543307,1.0
AP005019.1,0.09228005735183387,0.905511811023622,1.0
ARAP1,-0.9590636322767114,0.31496062992125984,1.0
STARD10,0.2456064279440806,0.8110236220472441,1.0
ATG16L2,-0.9156769532150317,0.07874015748031496,1.0
FCHSD2,-0.013143963090906041,0.968503937007874,1.0
RELT,-0.4669134235172048,0.6614173228346457,1.0
FAM168A,-0.01021571457857906,0.9763779527559056,1.0
PLEKHB1,-0.39991754719955175,0.3228346456692913,1.0
RAB6A,-0.01752964178272709,0.937007874015748,1.0
MRPL48,0.4895626443301948,0.23622047244094488,1.0
COA4,0.23150027527929407,0.3543307086614173,1.0
PAAF1,-0.2542545222803656,0.6062992125984252,1.0
UCP2,1.0771587653925572,0.06299212598425197,1.0
UCP3,-0.44983750982513415,0.25196850393700787,1.0
C2CD3,0.26564391325399406,0.2204724409448819,1.0
PPME1,0.47003821020005354,0.33070866141732286,1.0
PGM2L1,0.4179000373448005,0.33070866141732286,1.0
AP001372.2,-0.9332318592011566,0.12598425196850394,1.0
POLD3,0.33593596737234854,0.3228346456692913,1.0
AP001324.1,-0.08964773391972969,0.8582677165354331,1.0
RNF169,1.4480165552194273,0.11811023622047244,1.0
XRRA1,0.18149917520833814,0.7559055118110236,1.0
AP000560.1,0.4243647451508037,0.6141732283464567,1.0
AP001992.1,-0.6374083447070193,0.28346456692913385,1.0
SPCS2,0.1778249161331109,0.6929133858267716,1.0
NEU3,-1.4022505729936525,0.11023622047244094,1.0
AP001972.5,-0.741389050010216,0.3543307086614173,1.0
ARRB1,-0.580038096983488,0.6220472440944882,1.0
RPS3,-0.036363384387740894,0.8818897637795275,1.0
GDPD5,0.23608984687963952,0.7874015748031497,1.0
SERPINH1,-0.2823885480617778,0.4566929133858268,1.0
UVRAG,0.20321371224103846,0.2440944881889764,1.0
THAP12,-0.1278380075927723,0.7401574803149606,1.0
AP002360.1,-1.4153013401834666,0.2047244094488189,1.0
AP002360.2,0.2345719088202609,0.7637795275590551,1.0
EMSY,0.18019862134279485,0.6377952755905512,1.0
LRRC32,0.9800734294219025,0.3700787401574803,1.0
ACER3,-1.028773040158658,0.05511811023622047,1.0
MYO7A,2.9008591218540705,0.047244094488188976,1.0
PAK1,0.9990072828269434,0.23622047244094488,1.0
CLNS1A,-0.11435366341119924,0.7401574803149606,1.0
RSF1,0.14355075413264284,0.48031496062992124,1.0
FTH1P16,0.1850355246594143,0.7401574803149606,1.0
INTS4,-0.18863834937651403,0.6220472440944882,1.0
NDUFC2,-0.5000497474828354,0.36220472440944884,1.0
ALG8,0.4315052338015395,0.2992125984251969,1.0
KCTD21,1.0964155970221516,0.2755905511811024,1.0
USP35,1.0878055877961625,0.2047244094488189,1.0
GAB2,-0.037860906370614344,0.968503937007874,1.0
NARS2,0.07230990926070913,0.8346456692913385,1.0
ARL6IP1P3,0.8355942857033851,0.023622047244094488,1.0
RPS28P7,0.5811228891563118,0.6771653543307087,1.0
PRCP,0.8866562298069134,0.015748031496062992,1.0
RAB30,0.9297058839212644,0.06299212598425197,1.0
RAB30-AS1,0.1654772298485936,0.7637795275590551,1.0
PCF11,-0.08819139261401077,0.7165354330708661,1.0
ANKRD42,0.5660509680303347,0.14960629921259844,1.0
CCDC90B,-0.17093677548757746,0.6692913385826772,1.0
TMEM126B,-0.10527262959139883,0.7401574803149606,1.0
TMEM126A,-0.25481369545062016,0.4251968503937008,1.0
CREBZF,-0.6202843218911749,0.06299212598425197,1.0
SYTL2,-0.4765456994777706,0.2992125984251969,1.0
PICALM,0.10359634240207072,0.6220472440944882,1.0
EED,0.34373407764138264,0.3858267716535433,1.0
HIKESHI,-0.3909897767991133,0.3700787401574803,1.0
ME3,0.017354159023100113,0.9921259842519685,1.0
PRSS23,0.39624518754812277,0.5590551181102362,1.0
TMEM135,1.0888593973006038,0.14960629921259844,1.0
CTSC,0.3813013378692629,0.44881889763779526,1.0
AP000648.3,-0.20896586991016886,0.84251968503937,1.0
CHORDC1,0.009749895512299211,0.9606299212598425,1.0
SLC36A4,1.1120335342206582,0.33858267716535434,1.0
SMCO4,1.5362078408081308,0.047244094488188976,1.0
AP004242.1,-0.875771304406828,0.047244094488188976,1.0
CEP295,-0.6904045107048118,0.09448818897637795,1.0
SCARNA9,1.457203452636196,0.06299212598425197,1.0
TAF1D,-0.1142661345728424,0.4881889763779528,1.0
C11orf54,0.15104124518443918,0.7322834645669292,1.0
MED17,-0.26609257941777686,0.4409448818897638,1.0
PANX1,1.2778949942549045,0.08661417322834646,1.0
AP002784.2,0.0013382095611591538,1.0,1.0
MRE11,-0.16503108084155738,0.6929133858267716,1.0
ANKRD49,-0.11478499287328692,0.8503937007874016,1.0
FUT4,-0.12178772027640905,0.5984251968503937,1.0
CWC15,0.20968824492023153,0.4251968503937008,1.0
SRSF8,-0.2576967457229511,0.3464566929133858,1.0
ENDOD1,-0.4483854439648898,0.10236220472440945,1.0
AP000787.1,0.40553132666138003,0.3858267716535433,1.0
SESN3,0.6803905527759415,0.2755905511811024,1.0
FAM76B,-0.1289787586880209,0.48031496062992124,1.0
CEP57,0.16977492050204557,0.6220472440944882,1.0
MTMR2,1.085470846639264,0.031496062992125984,1.0
MAML2,-0.46880288111322876,0.07874015748031496,1.0
CCDC82,0.4065758738994809,0.14173228346456693,1.0
JRKL,0.49931390459241465,0.6771653543307087,1.0
CEP126,0.11422866216093697,0.905511811023622,1.0
BIRC3,0.27185456822655674,0.4645669291338583,1.0
BIRC2,0.1974845603443871,0.3228346456692913,1.0
TMEM123,-0.03645711473638791,0.84251968503937,1.0
MMP12,0.3355782716432858,0.6141732283464567,1.0
AP001486.2,-1.1172801408687019,0.1732283464566929,1.0
DCUN1D5,-0.04075656774105596,0.937007874015748,1.0
DYNC2H1,-1.3552577766938683,0.15748031496062992,1.0
PDGFD,-0.3006992906154715,0.6377952755905512,1.0
AP002004.1,-0.1731844053856335,0.7165354330708661,1.0
CASP4,0.3705708704892956,0.07874015748031496,1.0
CASP1,0.5112135643351436,0.25196850393700787,1.0
CARD16,0.31048909145109604,0.5748031496062992,1.0
CARD17,0.6809966173392339,0.41732283464566927,1.0
MSANTD4,-0.5060193723166799,0.1732283464566929,1.0
KBTBD3,-0.45929137725135405,0.1968503937007874,1.0
AASDHPPT,-0.3274759486261143,0.49606299212598426,1.0
AP001282.1,0.32078510602534127,0.7401574803149606,1.0
AP000766.1,0.5771303686610367,0.49606299212598426,1.0
CWF19L2,0.05817453887825508,0.7086614173228346,1.0
ALKBH8,-0.34086379539136313,0.5196850393700787,1.0
SLC35F2,0.6246048667282791,0.18110236220472442,1.0
AP001024.1,-0.45727910088381174,0.15748031496062992,1.0
CUL5,-0.36860426206697205,0.23622047244094488,1.0
ACAT1,0.6985093754540914,0.14960629921259844,1.0
NPAT,-0.047953848932271725,0.84251968503937,1.0
ATM,-0.287003330347428,0.2283464566929134,1.0
KDELC2,-0.5690091481582478,0.05511811023622047,1.0
EXPH5,-0.28764801216237545,0.7637795275590551,1.0
DDX10,-0.18479623621965313,0.1968503937007874,1.0
ZC3H12C,0.9153027769717159,0.4645669291338583,1.0
RDX,0.26841674116230063,0.33070866141732286,1.0
FDX1,0.17327510219220965,0.7086614173228346,1.0
POU2AF1,0.6871078692178756,0.5590551181102362,1.0
LAYN,1.683871510095838,0.15748031496062992,1.0
SIK2,-0.08895177060448844,0.8188976377952756,1.0
PPP2R1B,0.09762273137063637,0.7480314960629921,1.0
ALG9,0.34170377018754294,0.25196850393700787,1.0
FDXACB1,-1.1777623319704258,0.13385826771653545,1.0
C11orf1,-0.2916199882435153,0.5196850393700787,1.0
RPL37AP8,-0.5188886942183704,0.5118110236220472,1.0
DLAT,-0.14539220954004595,0.8188976377952756,1.0
NKAPD1,0.5700340101123667,0.1968503937007874,1.0
TIMM8B,0.8933518378558185,0.2125984251968504,1.0
SDHD,-0.11623833802222183,0.8267716535433071,1.0
PTS,-0.142329107535641,0.6456692913385826,1.0
AP002884.3,0.4254842229534126,0.7086614173228346,1.0
TTC12,1.0012216644853997,0.2755905511811024,1.0
ZW10,0.6063093772282007,0.5511811023622047,1.0
USP28,0.5881854455789299,0.6692913385826772,1.0
ZBTB16,-0.6184057254284634,0.5433070866141733,1.0
C11orf71,0.9354563767382309,0.23622047244094488,1.0
RBM7,-0.1206457714100928,0.7007874015748031,1.0
REXO2,0.4982858495132918,0.18110236220472442,1.0
CADM1,1.1256820360536994,0.30708661417322836,1.0
BUD13,0.025843051265940442,0.968503937007874,1.0
ZPR1,0.2679793996136608,0.1889763779527559,1.0
SIK3,0.21639350334610707,0.4881889763779528,1.0
AP000936.3,0.4582608154778556,0.5905511811023622,1.0
PAFAH1B2,0.045243617714746165,0.8976377952755905,1.0
SIDT2,0.13519539329133012,0.9133858267716536,1.0
PCSK7,0.1355081434497869,0.8582677165354331,1.0
RNF214,0.5166041752730908,0.3858267716535433,1.0
BACE1,-0.09838845005508023,0.8188976377952756,1.0
BACE1-AS,0.6339756245314432,0.33070866141732286,1.0
CEP164,0.0007254162803698172,1.0,1.0
IL10RA,0.09671974570301245,0.8740157480314961,1.0
SMIM35,0.9862142205972013,0.10236220472440945,1.0
JAML,-0.1697134826128579,0.5039370078740157,1.0
MPZL3,-0.5850934076755667,0.14960629921259844,1.0
MPZL2,1.0711827284861555,0.33070866141732286,1.0
CD3E,-0.008465015023197964,1.0,1.0
CD3D,0.2760739264747283,0.1889763779527559,1.0
CD3G,0.24908584358448493,0.4094488188976378,1.0
UBE4A,0.0018771178457885895,1.0,1.0
ATP5L,0.1345442265796759,0.2755905511811024,1.0
KMT2A,0.12856175978230766,0.29133858267716534,1.0
TMEM25,0.4844000911682933,0.6220472440944882,1.0
IFT46,0.503819047050647,0.5511811023622047,1.0
RPL5P30,0.1847020142801018,0.7874015748031497,1.0
ARCN1,-0.31737572243928547,0.3700787401574803,1.0
DDX6,-0.011112018232941168,0.9212598425196851,1.0
AP004609.3,0.5297778323459181,0.41732283464566927,1.0
BCL9L,-0.5828763563959765,0.6850393700787402,1.0
CCDC84,0.29085206000323804,0.9212598425196851,1.0
RPS25,-0.0025004247643458655,0.9921259842519685,1.0
TRAPPC4,-0.4315299941168611,0.23622047244094488,1.0
SLC37A4,-0.4117800710544848,0.8110236220472441,1.0
HYOU1,-0.3991029409413711,0.5748031496062992,1.0
VPS11,-0.30206850290239107,0.2755905511811024,1.0
HMBS,0.4237918152089146,0.47244094488188976,1.0
H2AFX,-0.2892317700768432,0.8346456692913385,1.0
DPAGT1,0.4199211680911974,0.16535433070866143,1.0
C2CD2L,-0.4081555211225525,0.3937007874015748,1.0
HINFP,-0.16552948475497908,0.6692913385826772,1.0
NLRX1,1.2524319412641245,0.1732283464566929,1.0
CBL,-0.1767270927075293,0.5354330708661418,1.0
MCAM,0.24495048098213879,0.7637795275590551,1.0
RNF26,-0.19739665688377395,0.7480314960629921,1.0
THY1,-2.115359230301183,0.07874015748031496,1.0
OAF,2.216479492977489,0.05511811023622047,1.0
ARHGEF12,0.7435158195500069,0.14173228346456693,1.0
TBCEL,-0.08889048724641935,0.8976377952755905,1.0
SC5D,0.5691177348583283,0.4645669291338583,1.0
SORL1,-0.344110990651636,0.5196850393700787,1.0
UBASH3B,0.15904157425717358,0.7716535433070866,1.0
CRTAM,0.5171429452196095,0.6456692913385826,1.0
JHY,-0.5280101069606835,0.23622047244094488,1.0
HSPA8,-0.18169204576842546,0.5118110236220472,1.0
SNORD14E,0.6340861097821484,0.2440944881889764,1.0
CLMP,0.2420035121856201,0.6929133858267716,1.0
GRAMD1B,-0.8793613234023439,0.2047244094488189,1.0
SF3A3P2,0.04184202261057468,0.8661417322834646,1.0
ZNF202,0.12486623707400435,0.952755905511811,1.0
VWA5A,0.3327084059215011,0.7637795275590551,1.0
TBRG1,0.047642984224210316,0.7716535433070866,1.0
SIAE,-0.9977304618511207,0.14173228346456693,1.0
MSANTD2,-1.0223718909814732,0.03937007874015748,1.0
CCDC15,-0.7541701343987555,0.3937007874015748,1.0
TMEM218,-0.22937170064664558,0.7795275590551181,1.0
EI24,-0.04274727917234422,0.968503937007874,1.0
STT3A,0.5935973714173697,0.12598425196850394,1.0
CHEK1,0.7156191247773265,0.5039370078740157,1.0
HYLS1,0.16927753065978735,0.8267716535433071,1.0
PUS3,0.1788948013564977,0.6692913385826772,1.0
NAP1L1P1,-1.6239313237866013,0.015748031496062992,1.0
RPUSD4,-0.7998762351704207,0.06299212598425197,1.0
FAM118B,0.4555910173487292,0.2755905511811024,1.0
SRPRA,0.18901575127924275,0.48031496062992124,1.0
FOXRED1,-0.492701118187048,0.7007874015748031,1.0
TIRAP,-0.6314458790432971,0.3700787401574803,1.0
DCPS,0.7804368167186544,0.41732283464566927,1.0
AP001000.1,-0.9200135181441751,0.23622047244094488,1.0
ETS1,0.033992665724879245,0.8818897637795275,1.0
FLI1,-0.25033167706061743,0.3700787401574803,1.0
ARHGAP32,0.1645123598727527,0.7165354330708661,1.0
TMEM45B,0.3290429223509115,0.29133858267716534,1.0
NFRKB,-0.20660960912219295,0.4330708661417323,1.0
PRDM10,0.8955190778623741,0.29133858267716534,1.0
APLP2,0.18453218002775884,0.6377952755905512,1.0
ZBTB44,-0.28461078382493454,0.10236220472440945,1.0
AP003486.1,-0.44678928734066514,0.6141732283464567,1.0
SNX19,-0.3743730031633863,0.47244094488188976,1.0
JAM3,-0.6364318448011694,0.2283464566929134,1.0
PTP4A2P2,0.4347949220016343,0.6614173228346457,1.0
NCAPD3,0.4489003639591691,0.2992125984251969,1.0
VPS26B,-0.015232072541814468,0.9763779527559056,1.0
THYN1,0.4937127417846736,0.36220472440944884,1.0
ACAD8,0.5105144902937786,0.2992125984251969,1.0
GLB1L3,-0.7168825414658817,0.5118110236220472,1.0
B3GAT1,0.5306559871681324,0.5275590551181102,1.0
ZMYND11,-0.5942792889227375,0.015748031496062992,1.0
DIP2C,-0.27826891107082163,0.7007874015748031,1.0
LARP4B,-0.18242863226932737,0.5669291338582677,1.0
GTPBP4,-0.42362906606945927,0.2992125984251969,1.0
IDI1,-0.002162511421111013,1.0,1.0
WDR37,-0.04561430948014156,0.8582677165354331,1.0
ADARB2,0.8073725004564916,0.3700787401574803,1.0
PFKP,1.2305987872868513,0.03937007874015748,1.0
PITRM1,-0.3877034615587842,0.14960629921259844,1.0
KLF6,0.548394431953529,0.30708661417322836,1.0
NET1,0.44529189263694313,0.30708661417322836,1.0
ASB13,-0.2761522731293482,0.7874015748031497,1.0
FAM208B,-0.28513589672513007,0.4015748031496063,1.0
GDI2,0.01039450728095126,0.9606299212598425,1.0
ANKRD16,1.3668408058661516,0.2125984251968504,1.0
FBXO18,0.9816421545240424,0.015748031496062992,1.0
IL15RA,-0.144567164994303,0.7401574803149606,1.0
IL2RA,0.5941434862954731,0.4094488188976378,1.0
RBM17,-0.20976488690647077,0.28346456692913385,1.0
PFKFB3,0.6327550831651854,0.44881889763779526,1.0
AL137145.1,0.4339510441704648,0.5984251968503937,1.0
PRKCQ,-0.27149103248753104,0.30708661417322836,1.0
PRKCQ-AS1,0.12404645153041916,0.6535433070866141,1.0
SFMBT2,-0.44166092296899073,0.2677165354330709,1.0
KIN,0.4059739219974614,0.5669291338582677,1.0
ATP5C1,0.10861812997453413,0.4409448818897638,1.0
TAF3,0.0810277103908783,0.7165354330708661,1.0
GATA3,0.24992087001874363,0.4645669291338583,1.0
CELF2,-0.14007900773641957,0.14173228346456693,1.0
CELF2-AS1,1.0613859990865722,0.1889763779527559,1.0
USP6NL,-0.09920041356717935,0.7165354330708661,1.0
UPF2,0.05834444985546128,0.6692913385826772,1.0
DHTKD1,-1.0186840540700377,0.25196850393700787,1.0
SEC61A2,0.011013589818735792,1.0,1.0
NUDT5,0.009689647818666991,1.0,1.0
CDC123,0.06250368049899624,0.8503937007874016,1.0
CAMK1D,0.06702799201517884,0.9133858267716536,1.0
OPTN,-0.04807852168345672,0.6771653543307087,1.0
PHYH,-0.5642462447007093,0.29133858267716534,1.0
SEPHS1,0.16463229254046574,0.4094488188976378,1.0
PRPF18,0.21535501157534487,0.4251968503937008,1.0
AL157392.3,-0.205494174101583,0.7874015748031497,1.0
FRMD4A,0.6487821136089706,0.15748031496062992,1.0
FAM107B,0.35327823254837476,0.13385826771653545,1.0
CDNF,-1.891127906650331,0.031496062992125984,1.0
HSPA14,-0.804703338530671,0.15748031496062992,1.0
SUV39H2,0.9407018156256559,0.2283464566929134,1.0
DCLRE1C,-0.05017203800018377,0.905511811023622,1.0
RPP38,-0.20218116499336913,0.7165354330708661,1.0
NMT2,-0.17054520115432314,0.5039370078740157,1.0
FAM171A1,-0.6091668253090479,0.23622047244094488,1.0
MINDY3,-0.5211713666976112,0.06299212598425197,1.0
PTER,0.19769309384263245,0.5275590551181102,1.0
RSU1,0.2491392953904361,0.3228346456692913,1.0
CUBN,1.2789797928426798,0.13385826771653545,1.0
TRDMT1,-0.6203526289246084,0.6377952755905512,1.0
VIM-AS1,-0.3085701243123462,0.4251968503937008,1.0
VIM,0.5464802428397828,0.25984251968503935,1.0
HACD1,0.8202697783844894,0.2047244094488189,1.0
STAM,0.5826003567783848,0.3700787401574803,1.0
MRC1,-0.26226008999357076,0.8976377952755905,1.0
AL450384.2,0.7969338088012123,0.2204724409448819,1.0
NSUN6,0.22993566009217936,0.4645669291338583,1.0
ARL5B,-0.44925759276180877,0.5196850393700787,1.0
NEBL,-0.6037448775059802,0.6062992125984252,1.0
MLLT10,-0.05848638767346337,0.7716535433070866,1.0
DNAJC1,-0.028037828656825248,0.968503937007874,1.0
COMMD3,0.5366139901907632,0.023622047244094488,1.0
BMI1,-0.3067191112954193,0.3464566929133858,1.0
PIP4K2A,-0.03340504391963428,0.7401574803149606,1.0
MSRB2,-0.1903610812152774,0.7401574803149606,1.0
YWHAZP3,0.6717869886595516,0.1968503937007874,1.0
OTUD1,-0.2997679559989983,0.41732283464566927,1.0
ARHGAP21,0.29283797385665666,0.6771653543307087,1.0
THNSL1,-0.5110225012217368,0.6692913385826772,1.0
APBB1IP,0.34275538991372656,0.047244094488188976,1.0
PDSS1,0.33248268681652426,0.6299212598425197,1.0
ABI1,-0.17921133368339603,0.5433070866141733,1.0
ANKRD26,0.4430146320475421,0.2677165354330709,1.0
YME1L1,-0.08034007101591722,0.6141732283464567,1.0
MASTL,-0.24791930082699043,0.7086614173228346,1.0
ACBD5,-0.5401189010216347,0.07874015748031496,1.0
RAB18,-0.24896880538682886,0.1968503937007874,1.0
MPP7,-0.30060070412266704,0.2755905511811024,1.0
WAC-AS1,0.4179644175291841,0.14960629921259844,1.0
WAC,-0.04083408009780243,0.5984251968503937,1.0
BAMBI,0.2392205006799918,0.7795275590551181,1.0
RPL21P93,-0.005104008435040219,1.0,1.0
SVIL-AS1,-0.4242891114152876,0.6456692913385826,1.0
SVIL,0.9971954858808831,0.4881889763779528,1.0
MTPAP,0.8788768966503762,0.047244094488188976,1.0
MAP3K8,0.4868738697460868,0.47244094488188976,1.0
ZNF438,-0.3117245467351837,0.1968503937007874,1.0
ZEB1-AS1,0.8325766042509382,0.36220472440944884,1.0
ZEB1,-0.009350457148976865,0.952755905511811,1.0
ARHGAP12,0.015797982801950106,0.952755905511811,1.0
KIF5B,0.29566030802566345,0.16535433070866143,1.0
RPS4XP11,0.4435433470355097,0.3700787401574803,1.0
PPIAP31,0.16861602540672394,0.8740157480314961,1.0
EPC1,-0.2079437894038838,0.3464566929133858,1.0
CCDC7,0.7436781549211813,0.6456692913385826,1.0
AL365203.2,-0.5794951914031361,0.6220472440944882,1.0
ITGB1,0.02296501785202576,0.9763779527559056,1.0
AL121748.1,0.49942092451504627,0.44881889763779526,1.0
NRP1,2.091107954802176,0.023622047244094488,1.0
CUL2,-0.03421122490024775,0.8976377952755905,1.0
CREM,0.6562875641352566,0.4881889763779528,1.0
AL117336.2,1.0797797091907664,0.2755905511811024,1.0
CCNY,0.13463392306477573,0.5196850393700787,1.0
NAMPTP1,0.9048276070217023,0.31496062992125984,1.0
ZNF248,-0.8092615347824115,0.23622047244094488,1.0
ZNF25,-0.5749103838034815,0.1889763779527559,1.0
ZNF33A,0.22794834790197083,0.9448818897637795,1.0
ZNF37A,0.3269838650020178,0.5905511811023622,1.0
HSD17B7P2,0.12913561447133315,0.937007874015748,1.0
ZNF37BP,0.10325108312460607,0.5984251968503937,1.0
ZNF33B,-0.514605912199527,0.18110236220472442,1.0
BMS1,-0.010363086283111222,0.984251968503937,1.0
CSGALNACT2,0.16686335972765942,0.4330708661417323,1.0
RASGEF1A,-0.7209094531432032,0.23622047244094488,1.0
HNRNPF,0.2193122892012891,0.5275590551181102,1.0
ZNF487,0.527761838537673,0.5039370078740157,1.0
ZNF239,-0.6100308017752941,0.41732283464566927,1.0
CAP1P2,1.1943352119101622,0.16535433070866143,1.0
ZNF485,-0.846696541773929,0.14173228346456693,1.0
ZNF32,-0.4404745277642039,0.6377952755905512,1.0
HNRNPA3P1,-0.8341266311943412,0.33858267716535434,1.0
CXCL12,0.07241309583427435,0.952755905511811,1.0
RASSF4,0.7373631340367262,0.4251968503937008,1.0
ZNF22,-0.34756533204385054,0.5590551181102362,1.0
ALOX5,-0.7079229113857033,0.3779527559055118,1.0
MARCH8,-0.045406190729011975,0.8188976377952756,1.0
ZFAND4,-0.07599381004211025,0.7244094488188977,1.0
WASHC2C,-0.060205543243519344,0.7559055118110236,1.0
AGAP4,1.5563234626793734,0.015748031496062992,1.0
PARGP1,-0.9754186808463101,0.1968503937007874,1.0
TIMM23,0.5202971034052588,0.1889763779527559,1.0
NCOA4,0.22729351721513957,0.5118110236220472,1.0
AGAP7P,-0.2798257492754104,0.6220472440944882,1.0
BMS1P1,-0.6173857088728896,0.3937007874015748,1.0
AGAP9,0.8001254674270201,0.3228346456692913,1.0
MAPK8,-0.9887347624335732,0.023622047244094488,1.0
VSTM4,0.43501606947120575,0.6850393700787402,1.0
C10orf128,-0.6412090594663118,0.2047244094488189,1.0
ERCC6,-0.500413171309388,0.11811023622047244,1.0
PARG,0.16900638507118515,0.8661417322834646,1.0
TIMM23B,-0.38948868170361184,0.48031496062992124,1.0
AGAP6,0.21919222061650334,0.6850393700787402,1.0
WASHC2A,0.01645324638024359,0.937007874015748,1.0
DYNC1I2P1,-0.028434413672295822,0.9133858267716536,1.0
SGMS1,0.3163544247162937,0.4330708661417323,1.0
SGMS1-AS1,0.29120604437929365,0.6299212598425197,1.0
BEND3P1,-0.07154650180046307,0.905511811023622,1.0
ASAH2B,1.1763511907993496,0.08661417322834646,1.0
CSTF2T,-0.25181658915536786,0.5275590551181102,1.0
ZWINT,0.011019240654762896,0.984251968503937,1.0
IPMK,-0.573541694732568,0.13385826771653545,1.0
CISD1,-0.13602846817154823,0.8661417322834646,1.0
UBE2D1,0.17296669632770278,0.5354330708661418,1.0
TFAM,-0.33150617071216715,0.2125984251968504,1.0
CCDC6,0.2340980338217351,0.3464566929133858,1.0
ANK3,-0.8930779782712861,0.06299212598425197,1.0
CDK1,1.5402793335150573,0.05511811023622047,1.0
ARID5B,0.81152958087283,0.13385826771653545,1.0
RTKN2,0.26110425758733413,0.8188976377952756,1.0
ZNF365,0.22565779736385494,0.7795275590551181,1.0
ADO,-0.05981935165181884,0.7952755905511811,1.0
EGR2,0.1459173864058605,0.6850393700787402,1.0
NRBF2,0.05154373624389841,0.8582677165354331,1.0
JMJD1C,-0.022698193276522005,0.905511811023622,1.0
TATDN1P1,-1.0355229244850217,0.10236220472440945,1.0
REEP3,0.28235338073063243,0.14960629921259844,1.0
RPL7AP50,-0.7358021200447462,0.25984251968503935,1.0
DBF4P1,0.5873693202085426,0.4881889763779528,1.0
RPL12P8,-0.00963838929931482,0.984251968503937,1.0
SIRT1,-0.4443378534110227,0.2047244094488189,1.0
HERC4,-0.17991027285910288,0.5511811023622047,1.0
HNRNPH3,0.06569633641376615,0.7401574803149606,1.0
RUFY2,-0.09814517186719396,0.7952755905511811,1.0
DNA2,1.0370153544809928,0.07874015748031496,1.0
SLC25A16,0.32065373548298703,0.49606299212598426,1.0
TMEM14DP,-0.45382230005405466,0.49606299212598426,1.0
TET1,-0.10764668657816134,0.7952755905511811,1.0
COX20P1,0.3582783206062925,0.47244094488188976,1.0
AL513534.1,0.04163609890138642,0.952755905511811,1.0
CCAR1,0.06154010636484841,0.6771653543307087,1.0
DDX50,0.22090812115430758,0.5118110236220472,1.0
DDX21,0.08950801959897525,0.6141732283464567,1.0
KIF1BP,-0.1963159731030899,0.4409448818897638,1.0
SRGN,0.42626327667904285,0.29133858267716534,1.0
VPS26A,0.7032448710337649,0.03937007874015748,1.0
SUPV3L1,-0.6747413770938859,0.031496062992125984,1.0
HKDC1,-0.09917725813916234,0.905511811023622,1.0
HK1,0.3885718424283935,0.031496062992125984,1.0
TSPAN15,-1.1314993587310604,0.2125984251968504,1.0
FAM241B,-0.022121778479666787,0.9606299212598425,1.0
H2AFY2,0.4266649219885643,0.7716535433070866,1.0
AIFM2,0.6259250691422025,0.49606299212598426,1.0
TYSND1,-0.4046886957757869,0.2677165354330709,1.0
SAR1A,0.23133630103484037,0.1732283464566929,1.0
CALM2P2,-0.49382919028901995,0.1732283464566929,1.0
PPA1,0.021938159064452734,0.968503937007874,1.0
EIF4EBP2,0.06649657965848998,0.7637795275590551,1.0
PRF1,0.17767670955203219,0.7795275590551181,1.0
SGPL1,0.4005251008552131,0.14960629921259844,1.0
PCBD1,0.06473359462345973,0.8031496062992126,1.0
SLC29A3,0.10903082973049338,0.9212598425196851,1.0
CDH23,0.37460988255128835,0.5748031496062992,1.0
VSIR,-0.22611224138822728,0.5511811023622047,1.0
PSAP,0.06617232500967773,0.7480314960629921,1.0
SPOCK2,0.4894734174938016,0.1732283464566929,1.0
ASCC1,0.29111055970237487,0.4566929133858268,1.0
ANAPC16,-0.05017681995266532,0.8346456692913385,1.0
DDIT4,-1.447418140817736,0.2204724409448819,1.0
DNAJB12,0.4799495569126533,0.023622047244094488,1.0
MICU1,-0.3638730012274509,0.5511811023622047,1.0
MCU,0.43157198042446465,0.4094488188976378,1.0
NPM1P24,-0.4848133269247279,0.5354330708661418,1.0
P4HA1,0.03002020182437004,0.8188976377952756,1.0
NUDT13,0.14665853808744422,0.7874015748031497,1.0
ECD,0.5740128292051612,0.05511811023622047,1.0
FAM149B1,0.09610659588637871,0.7322834645669292,1.0
DNAJC9,-0.9154537703459225,0.023622047244094488,1.0
MRPS16,0.29844210324326337,0.49606299212598426,1.0
CFAP70,-0.8975804591417191,0.36220472440944884,1.0
ANXA7,-0.10212778017373836,0.6377952755905512,1.0
RPL26P6,0.1250291109956243,0.8976377952755905,1.0
PPP3CB,0.3037013124264183,0.44881889763779526,1.0
PPP3CB-AS1,0.21652462239622494,0.6614173228346457,1.0
USP54,-0.45248444007157396,0.41732283464566927,1.0
AC022400.7,0.279338118748945,0.5669291338582677,1.0
FUT11,-0.004592903012765603,1.0,1.0
CHCHD1,0.2982768641790887,0.5669291338582677,1.0
ZSWIM8,0.17764762389484723,0.8740157480314961,1.0
CAMK2G,0.48272003402173436,0.18110236220472442,1.0
PLAU,0.851433764706737,0.30708661417322836,1.0
VCL,0.5064754922371248,0.7086614173228346,1.0
AP3M1,0.5216305867325106,0.2440944881889764,1.0
ADK,-0.21864212661723403,0.5354330708661418,1.0
KAT6B,-0.24759191191665764,0.3543307086614173,1.0
SAMD8,0.17243254182923007,0.4881889763779528,1.0
VDAC2,-0.0013587131898180616,1.0,1.0
COMTD1,1.9065072199857642,0.14173228346456693,1.0
POLR3A,-0.426579073410724,0.047244094488188976,1.0
RPS24,-0.09322362801879258,0.4094488188976378,1.0
ZMIZ1,0.6230234510842703,0.10236220472440945,1.0
PPIF,-0.10194821030951573,0.8346456692913385,1.0
ZCCHC24,1.7560821649367706,0.015748031496062992,1.0
NUTM2B-AS1,0.9732016754809822,0.48031496062992124,1.0
AL135925.1,0.023495822191902382,0.984251968503937,1.0
PGGT1BP2,0.23964578819924598,0.6929133858267716,1.0
TMEM254,-0.11068431746806029,0.7637795275590551,1.0
ANXA11,0.01816924579035195,0.9606299212598425,1.0
FAM213A,-0.1794951256085744,0.6220472440944882,1.0
TSPAN14,0.2281810395879207,0.4094488188976378,1.0
GHITM,0.33593225790864345,0.2677165354330709,1.0
CCSER2,0.20891179405306204,0.36220472440944884,1.0
RPS3AP5,-0.6583187496416985,0.05511811023622047,1.0
WAPL,-0.23285782912898423,0.3858267716535433,1.0
BMPR1A,-0.503397560799669,0.4645669291338583,1.0
MMRN2,1.3189493162242931,0.05511811023622047,1.0
ADIRF-AS1,-0.3289333121769913,0.6692913385826772,1.0
GLUD1,0.22494175491873403,0.18110236220472442,1.0
FAM35A,0.35512403799735814,0.31496062992125984,1.0
NUTM2A-AS1,0.19325907329241776,0.6062992125984252,1.0
LINC00863,-0.25940947222575494,0.7637795275590551,1.0
MINPP1,1.0946228577310895,0.30708661417322836,1.0
PAPSS2,-0.8572609353101855,0.33858267716535434,1.0
ATAD1,0.036444801753239275,0.8110236220472441,1.0
PTEN,0.06829456251462851,0.7401574803149606,1.0
RPL11P3,-0.7904492955612366,0.07086614173228346,1.0
RNLS,-0.2107456837137578,0.7795275590551181,1.0
STAMBPL1,-0.1843685310283627,0.7322834645669292,1.0
FAS,0.17174436695620887,0.6299212598425197,1.0
CH25H,0.47816189559168865,0.84251968503937,1.0
LIPA,-0.10005814319781159,0.7244094488188977,1.0
IFIT2,-1.6300459596737469,0.25984251968503935,1.0
IFIT3,-1.1778830870092816,0.4645669291338583,1.0
IFIT1,-0.7149114181856171,0.5118110236220472,1.0
IFIT5,0.40353603743694455,0.5748031496062992,1.0
KIF20B,0.29924244852036086,0.5433070866141733,1.0
RPP30,0.08841105400860894,0.8740157480314961,1.0
PCGF5,-0.13876799060109146,0.31496062992125984,1.0
HECTD2,-1.2790675997790788,0.12598425196850394,1.0
TNKS2,-0.001760560818108381,0.9921259842519685,1.0
SRP9P1,-0.10877581661978342,0.8661417322834646,1.0
FGFBP3,0.3348875170155936,0.7559055118110236,1.0
BTAF1,0.06576761584528512,0.8740157480314961,1.0
CPEB3,0.2208523546948986,0.7165354330708661,1.0
NHP2P1,-1.1469084020968388,0.2125984251968504,1.0
MARCH5,-0.5714541940130147,0.25196850393700787,1.0
IDE,0.02741808118519895,0.937007874015748,1.0
KIF11,1.181798955689621,0.1732283464566929,1.0
EIF2S2P3,0.09046049716692339,0.9133858267716536,1.0
HHEX,0.9229783319663245,0.33858267716535434,1.0
EXOC6,0.09236590850142523,0.7559055118110236,1.0
RPL17P34,0.8816757995037391,0.15748031496062992,1.0
MYOF,1.4845202539670725,0.07086614173228346,1.0
CEP55,1.5024576891316628,0.07874015748031496,1.0
FRA10AC1,0.28152976913968875,0.4645669291338583,1.0
SLC35G1,0.6370158901171745,0.4330708661417323,1.0
PIPSL,-0.3801661161917491,0.6614173228346457,1.0
PLCE1,-1.2440378884411736,0.12598425196850394,1.0
NOC3L,-0.6061433401492824,0.15748031496062992,1.0
HELLS,0.23955456313032153,0.6692913385826772,1.0
PDLIM1,0.8295649405605978,0.33070866141732286,1.0
ALDH18A1,-0.3038745354760284,0.4330708661417323,1.0
TCTN3,-0.4354089056756747,0.29133858267716534,1.0
ENTPD1,0.9509174150297857,0.2125984251968504,1.0
ENTPD1-AS1,0.04387761050223249,0.9448818897637795,1.0
CCNJ,-0.38960836635179064,0.3858267716535433,1.0
ZNF518A,-0.6569495648531021,0.05511811023622047,1.0
DNTT,-2.420670639034112,0.05511811023622047,1.0
TM9SF3,0.051190239574416374,0.8110236220472441,1.0
PIK3AP1,-0.6995376758980569,0.4330708661417323,1.0
RPL13AP5,0.07446419215199462,0.8031496062992126,1.0
LCOR,0.07592803291582939,0.7401574803149606,1.0
ARHGAP19,-0.24662394052402403,0.5511811023622047,1.0
FRAT1,-0.48354172685647656,0.2755905511811024,1.0
FRAT2,-0.21044160639237663,0.5984251968503937,1.0
RRP12,-0.6113256672907383,0.5590551181102362,1.0
PGAM1,0.3994335640278299,0.4409448818897638,1.0
EXOSC1,-0.3434242438599395,0.29133858267716534,1.0
ZDHHC16,0.6105639618147092,0.6299212598425197,1.0
MMS19,0.5042848664129149,0.2125984251968504,1.0
PI4K2A,2.0728729212209447,0.05511811023622047,1.0
AVPI1,0.0010928945320416439,1.0,1.0
MARVELD1,0.8096468124998342,0.3464566929133858,1.0
ZFYVE27,-0.642479245801522,0.4094488188976378,1.0
GOLGA7B,0.9796412823499931,0.2440944881889764,1.0
R3HCC1L,0.13641707370690792,0.5984251968503937,1.0
PYROXD2,1.0271343963053599,0.1968503937007874,1.0
HPS1,-0.47517966191227234,0.03937007874015748,1.0
GOT1,0.07357809035358276,0.7559055118110236,1.0
SLC25A28,-0.12148378278613592,0.7559055118110236,1.0
ENTPD7,-0.9488664956065342,0.13385826771653545,1.0
CUTC,-0.16942085562367382,0.7480314960629921,1.0
COX15,0.5163580856620058,0.03937007874015748,1.0
ABCC2,-0.15738006519706726,0.9763779527559056,1.0
ERLIN1,-0.05991140682771556,0.952755905511811,1.0
CHUK,0.7126330218107348,0.2283464566929134,1.0
AL138921.2,-0.010312844794374776,1.0,1.0
CWF19L1,-0.08553692679932023,0.8661417322834646,1.0
BLOC1S2,0.1794112655382598,0.4330708661417323,1.0
SCD,1.353899827204485,0.015748031496062992,1.0
OLMALINC,-0.606659052850963,0.4645669291338583,1.0
SEC31B,-0.3803685665677454,0.5433070866141733,1.0
NDUFB8,0.11482365968964992,0.6929133858267716,1.0
HIF1AN,-0.05984051790774192,0.889763779527559,1.0
SLF2,-0.21044753353729817,0.6141732283464567,1.0
MRPL43,0.6828604450813662,0.25196850393700787,1.0
TWNK,-0.8300178258711759,0.4015748031496063,1.0
SFXN3,0.13308927195554254,0.7874015748031497,1.0
BTRC,0.5503286093034534,0.29133858267716534,1.0
POLL,0.9471780976321829,0.3779527559055118,1.0
FBXW4,-0.1518418511370876,0.8267716535433071,1.0
NPM3,0.9279863486115452,0.015748031496062992,1.0
MGEA5,-0.01742035693039412,0.9606299212598425,1.0
C10orf76,-0.017184030799954453,0.9921259842519685,1.0
HPS6,0.9246396211935244,0.28346456692913385,1.0
LDB1,-0.1432737027736941,0.7795275590551181,1.0
PPRC1,-0.17691155208350384,0.6141732283464567,1.0
NOLC1,-0.3758789985351596,0.023622047244094488,1.0
GBF1,0.38213358242272033,0.4330708661417323,1.0
NFKB2,0.1762677824891581,0.8110236220472441,1.0
PSD,-0.16350479351887115,0.8818897637795275,1.0
FBXL15,-0.3248355210875147,0.7086614173228346,1.0
CUEDC2,1.0628430468200647,0.2283464566929134,1.0
RPARP-AS1,-0.8392253207118952,0.05511811023622047,1.0
MFSD13A,0.07216370489956181,0.8582677165354331,1.0
ACTR1A,0.5749125891325031,0.3700787401574803,1.0
SUFU,0.7769992693115695,0.10236220472440945,1.0
AL391121.1,0.5674272021393048,0.5511811023622047,1.0
TRIM8,0.6958499813802161,0.14173228346456693,1.0
ARL3,0.002540963698469234,1.0,1.0
SFXN2,-1.0675620490234925,0.2755905511811024,1.0
WBP1L,0.31113153928984527,0.36220472440944884,1.0
BORCS7,0.1946121931817446,0.7086614173228346,1.0
CNNM2,0.11617228258210544,0.8346456692913385,1.0
NT5C2,-0.14734497986963024,0.8818897637795275,1.0
PCGF6,1.4634827760178108,0.047244094488188976,1.0
TAF5,-0.27433459294917073,0.5748031496062992,1.0
USMG5,0.007433857445264813,0.9763779527559056,1.0
PDCD11,0.16043675059571605,0.6456692913385826,1.0
CALHM2,0.1945609703513611,0.7086614173228346,1.0
SH3PXD2A,0.39755670844412005,0.5590551181102362,1.0
AL133355.1,-0.442066305654659,0.5433070866141733,1.0
STN1,-0.21236813048562997,0.6141732283464567,1.0
SLK,-0.23923208582778877,0.3700787401574803,1.0
SFR1,0.7640790524897296,0.5196850393700787,1.0
GSTO1,0.1987052022965674,0.7874015748031497,1.0
ITPRIP,0.41698641363097444,0.2992125984251969,1.0
XPNPEP1,-0.21029981741581594,0.5669291338582677,1.0
ADD3,-0.05688550709434459,0.8503937007874016,1.0
MXI1,-0.2922251911396261,0.14173228346456693,1.0
SMNDC1,-0.017857664714065358,0.9212598425196851,1.0
DUSP5,0.4450880460855462,0.4566929133858268,1.0
SMC3,0.015055604553615431,0.9763779527559056,1.0
PDCD4-AS1,-0.05871046814446146,0.8818897637795275,1.0
PDCD4,0.09130839064342489,0.7086614173228346,1.0
BBIP1,0.3640950496423683,0.23622047244094488,1.0
AL158163.1,-1.3051952411010759,0.13385826771653545,1.0
SHOC2,0.17298800812223902,0.4409448818897638,1.0
GPAM,-0.26971107539035133,0.8031496062992126,1.0
ACSL5,0.20355306811986473,0.5433070866141733,1.0
ZDHHC6,-0.08985553729079765,0.6141732283464567,1.0
VTI1A,-0.0149847913366834,0.9606299212598425,1.0
AL158212.3,-0.6167000006065262,0.3543307086614173,1.0
TCF7L2,-0.7154777173188065,0.48031496062992124,1.0
CASP7,0.12757931876363982,0.7401574803149606,1.0
DCLRE1A,1.6896660711626623,0.11811023622047244,1.0
NHLRC2,1.2396781122120073,0.31496062992125984,1.0
CCDC186,-0.14411895580500023,0.4409448818897638,1.0
AFAP1L2,0.7017499729403047,0.2992125984251969,1.0
ABLIM1,-0.1333884723109131,0.6929133858267716,1.0
FAM160B1,0.46761176882304945,0.2440944881889764,1.0
TRUB1,-0.6179889296171579,0.3937007874015748,1.0
SHTN1,-0.6878757096768944,0.3464566929133858,1.0
PDZD8,-0.3648165001698187,0.1732283464566929,1.0
RAB11FIP2,-0.4462315749566397,0.06299212598425197,1.0
FAM204A,-0.04996741666603466,0.8976377952755905,1.0
CACUL1,-0.09861888896452875,0.8346456692913385,1.0
RPL17P36,-0.6371237898296416,0.4409448818897638,1.0
EIF3A,0.07048914488659186,0.7401574803149606,1.0
FAM45A,1.2326480596404594,0.23622047244094488,1.0
SFXN4,-0.15706703828105706,0.7007874015748031,1.0
PRDX3,0.4189636803247758,0.3700787401574803,1.0
GRK5,0.8558657319005576,0.4566929133858268,1.0
RGS10,0.1448574703812362,0.4566929133858268,1.0
TIAL1,0.08331069473653763,0.7559055118110236,1.0
BAG3,0.21639926772434315,0.4094488188976378,1.0
INPP5F,0.014088204790036585,0.984251968503937,1.0
MCMBP,-0.034865018176341245,0.9133858267716536,1.0
SEC23IP,-0.04251816423764776,0.8267716535433071,1.0
RPL21P16,0.032077216637428574,0.984251968503937,1.0
WDR11,0.44139681351464066,0.33858267716535434,1.0
RPL19P16,0.6832891946940094,0.29133858267716534,1.0
FGFR2,-0.291964710910563,0.7637795275590551,1.0
ATE1,0.5161335339507023,0.031496062992125984,1.0
NSMCE4A,-0.21334866334414215,0.4094488188976378,1.0
PLEKHA1,-0.243234872474984,0.4881889763779528,1.0
HTRA1,1.0936925601843657,0.1968503937007874,1.0
AC073585.1,0.11786185509947877,0.9212598425196851,1.0
C10orf88,-0.07937004695965744,0.905511811023622,1.0
PSTK,-0.15662294441723756,0.8661417322834646,1.0
IKZF5,0.023754368523533742,0.937007874015748,1.0
ACADSB,-0.31525078250532435,0.5118110236220472,1.0
BUB3,0.391915011959739,0.12598425196850394,1.0
OAT,-0.07917672591169644,0.8740157480314961,1.0
LHPP,-0.29277610141534716,0.28346456692913385,1.0
FAM53B,0.4130814678021757,0.7244094488188977,1.0
EEF1AKMT2,0.5643937050463586,0.6929133858267716,1.0
ABRAXAS2,-0.15979206828896064,0.8661417322834646,1.0
ZRANB1,-0.4030986525895557,0.4015748031496063,1.0
EDRF1,0.05562493440322047,0.905511811023622,1.0
UROS,-0.7081059152372875,0.2204724409448819,1.0
BCCIP,0.02233877025401565,0.9606299212598425,1.0
DHX32,0.46432378773403427,0.6299212598425197,1.0
FANK1,0.9299397876680175,0.28346456692913385,1.0
ADAM12,0.21598182563610546,0.7795275590551181,1.0
PTPRE,-0.16661325500105217,0.5748031496062992,1.0
MGMT,0.25193762716420665,0.5433070866141733,1.0
C10orf143,-0.7141564728446392,0.25984251968503935,1.0
GLRX3,-0.1291112566367465,0.7874015748031497,1.0
PPP2R2D,-0.1939818783867171,0.7401574803149606,1.0
BNIP3,0.24337804647744576,0.5984251968503937,1.0
STK32C,0.4282605793375609,0.6456692913385826,1.0
PWWP2B,-0.63034747466106,0.3937007874015748,1.0
INPP5A,0.6843466905728719,0.3937007874015748,1.0
ADAM8,0.5917016139026572,0.3700787401574803,1.0
TUBGCP2,1.0010232341609786,0.047244094488188976,1.0
ZNF511,-0.05379049206259978,0.8346456692913385,1.0
CALY,-1.430264613043097,0.29133858267716534,1.0
ECHS1,-0.05697102166911616,0.9291338582677166,1.0
PAOX,0.6064466250821954,0.4330708661417323,1.0
MTG1,0.5214691290857382,0.4566929133858268,1.0
SCART1,-2.3398550706537717,0.07086614173228346,1.0
CYP2E1,-1.3997949493076396,0.08661417322834646,1.0
AC215219.1,-0.9353625155088361,0.44881889763779526,1.0
AC007406.5,-1.0652622324451917,0.11811023622047244,1.0
KDM5A,-0.23526828983387116,0.3228346456692913,1.0
CCDC77,-0.6133988231361425,0.2440944881889764,1.0
NINJ2,0.9313403196573078,0.11811023622047244,1.0
AC021054.1,0.2148079315728033,0.8110236220472441,1.0
WNK1,0.5570871402271962,0.015748031496062992,1.0
RAD52,0.6566002603559822,0.3700787401574803,1.0
ERC1,0.11125805443676562,0.7559055118110236,1.0
ADIPOR2,-0.012020028171895625,0.9212598425196851,1.0
RPS4XP14,0.9194632412173955,0.18110236220472442,1.0
CACNA2D4,-0.2000629928202069,0.6141732283464567,1.0
DCP1B,-0.006472931009829708,0.9921259842519685,1.0
CACNA1C-AS2,-0.47865225454762184,0.5590551181102362,1.0
FKBP4,0.19625705077937639,0.905511811023622,1.0
ITFG2,-0.0038095364483377026,0.984251968503937,1.0
RHNO1,0.5221955658367046,0.33858267716535434,1.0
TULP3,-0.19982506197571315,0.8503937007874016,1.0
TSPAN9,-0.4064556987856638,0.7637795275590551,1.0
AC005912.1,-0.21434238585930032,0.6535433070866141,1.0
CRACR2A,0.06677813787747944,0.7480314960629921,1.0
AC005831.1,-0.4618777306672328,0.3937007874015748,1.0
PARP11,-0.20133261592288765,0.4645669291338583,1.0
AC005842.1,-0.39831967971801463,0.5984251968503937,1.0
HSPA8P5,0.3536890920376481,0.6456692913385826,1.0
CCND2,0.09149426879744915,0.7244094488188977,1.0
TIGAR,0.8993587408209542,0.05511811023622047,1.0
C12orf4,1.2623119370261198,0.09448818897637795,1.0
RAD51AP1,0.47709421744215175,0.4881889763779528,1.0
DYRK4,-0.3227835393198255,0.23622047244094488,1.0
NDUFA9,0.07675600319318843,0.937007874015748,1.0
GALNT8,0.42624892208462095,0.47244094488188976,1.0
VWF,2.48746544771654,0.05511811023622047,1.0
CD9,-0.7531705506702839,0.3937007874015748,1.0
TNFRSF1A,-0.4190400497609845,0.3858267716535433,1.0
AC005840.1,-1.3449968020293315,0.047244094488188976,1.0
AC005840.2,-0.5147214649584702,0.6220472440944882,1.0
CD27-AS1,-0.4535368840397518,0.3937007874015748,1.0
CD27,0.31709887102627654,0.7165354330708661,1.0
TAPBPL,0.8437644488369052,0.5590551181102362,1.0
VAMP1,-0.2269573541447798,0.6062992125984252,1.0
AC005840.5,0.3448091195198195,0.5826771653543307,1.0
MRPL51,0.1534484151942772,0.7401574803149606,1.0
NCAPD2,-0.05841078206058192,0.889763779527559,1.0
GAPDH,0.8358548860996287,0.47244094488188976,1.0
IFFO1,-0.053182593077998774,0.7244094488188977,1.0
NOP2,-0.3648727658612909,0.5590551181102362,1.0
CHD4,-0.01654346690761166,0.952755905511811,1.0
LPAR5,-0.848174132166474,0.29133858267716534,1.0
ACRBP,-0.801402657058305,0.29133858267716534,1.0
ING4,-0.4615469329131301,0.5196850393700787,1.0
PIANP,0.3150368291988219,0.6929133858267716,1.0
COPS7A,-0.8630365409899792,0.06299212598425197,1.0
MLF2,0.34333367099083034,0.2204724409448819,1.0
PTMS,0.7444322222674717,0.5196850393700787,1.0
LAG3,0.25023161770890034,0.8661417322834646,1.0
CD4,0.5199623820260726,0.14173228346456693,1.0
USP5,0.59258227950074,0.5748031496062992,1.0
TPI1,-0.038536151471079805,0.8818897637795275,1.0
SPSB2,0.6819411604678489,0.5275590551181102,1.0
DSTNP2,0.7735574819843722,0.4094488188976378,1.0
ENO2,-0.6163422278514954,0.023622047244094488,1.0
ATN1,0.30143973990153317,0.6614173228346457,1.0
C12orf57,-0.19341614426660136,0.8740157480314961,1.0
PTPN6,-0.2618030118644459,0.4094488188976378,1.0
PHB2,0.5534101702375329,0.031496062992125984,1.0
EMG1,0.923689676868094,0.4409448818897638,1.0
LPCAT3,-0.09368553222173315,0.905511811023622,1.0
C1S,0.16860193021132797,0.9448818897637795,1.0
C1R,-0.1858537920265808,0.905511811023622,1.0
C1RL,-0.06179120310131658,0.9212598425196851,1.0
C1RL-AS1,0.9635971789871087,0.4015748031496063,1.0
CLSTN3,1.6263082127913786,0.1889763779527559,1.0
PEX5,-0.05233383994558638,0.8661417322834646,1.0
AC131206.1,-1.4918366151844735,0.1889763779527559,1.0
SLC2A14,1.0737479422479725,0.23622047244094488,1.0
SLC2A3,0.353239907576377,0.4094488188976378,1.0
FOXJ2,-0.11925552186211696,0.8740157480314961,1.0
C3AR1,-0.09655618442446912,0.8188976377952756,1.0
NECAP1,-0.4252259625962136,0.2125984251968504,1.0
AC092745.2,1.932190361137922,0.015748031496062992,1.0
HADHAP2,-0.4974721347094455,0.2677165354330709,1.0
RIMKLB,0.09468257666756141,0.952755905511811,1.0
PHC1,-0.0782220605655306,0.8661417322834646,1.0
M6PR,-0.21807106428778056,0.3700787401574803,1.0
KLRG1,-0.849582334000833,0.2125984251968504,1.0
A2M,0.870388306859352,0.44881889763779526,1.0
MIR1244-3,-0.5020349742081283,0.5118110236220472,1.0
LINC00987,-0.1621816639023288,0.7637795275590551,1.0
AC092821.3,0.8283258075737439,0.3228346456692913,1.0
KLRB1,-0.3211223159106158,0.33858267716535434,1.0
AC010186.2,-0.687914505007432,0.4251968503937008,1.0
AC010186.3,-0.7806868288010009,0.25196850393700787,1.0
CLEC2D,0.1576427420109523,0.25196850393700787,1.0
CLECL1,1.4199433285827123,0.2125984251968504,1.0
CD69,-0.19806173302158037,0.6062992125984252,1.0
CLEC2B,-0.13758294297776086,0.5433070866141733,1.0
CLEC12A,0.06736919178534839,0.8818897637795275,1.0
CLEC7A,0.660925628103826,0.47244094488188976,1.0
OLR1,0.15933464152690835,0.8503937007874016,1.0
GABARAPL1,-0.01058356997767973,0.984251968503937,1.0
KLRD1,0.21509370399874905,0.8818897637795275,1.0
KLRC1,-0.4195873064888078,0.7480314960629921,1.0
AC068775.1,-0.13171385086103804,0.8740157480314961,1.0
LINC02446,-0.2837960983771426,0.7480314960629921,1.0
KLRA1P,-1.7994615302263122,0.023622047244094488,1.0
MAGOHB,-0.3515524930454057,0.5905511811023622,1.0
YBX3,0.018384708247832116,0.9763779527559056,1.0
SMIM10L1,0.2389059394373314,0.3858267716535433,1.0
ETV6,0.32878910745040635,0.4645669291338583,1.0
LRP6,1.0373962231598046,0.23622047244094488,1.0
LOH12CR2,0.48336629640915607,0.5433070866141733,1.0
BORCS5,-0.03345850651959781,0.952755905511811,1.0
DUSP16,0.08940072920468722,0.84251968503937,1.0
AC007619.1,0.05262637247586488,0.9448818897637795,1.0
CREBL2,0.36157705957868114,0.11811023622047244,1.0
GPR19,1.2271210176707168,0.2047244094488189,1.0
CDKN1B,-0.16463511734719027,0.6141732283464567,1.0
AC008115.3,-0.11556193686798988,0.8976377952755905,1.0
APOLD1,1.8099789194486249,0.047244094488188976,1.0
AC007688.1,-0.657719194160574,0.5748031496062992,1.0
HEBP1,-1.0115160498495444,0.047244094488188976,1.0
HTR7P1,0.18034410977087068,0.8818897637795275,1.0
FAM234B,-0.9006734224813726,0.33858267716535434,1.0
EMP1,0.7934015028458687,0.3779527559055118,1.0
ATF7IP,0.01770105686257928,0.8503937007874016,1.0
PLBD1,-0.49791874932075697,0.5984251968503937,1.0
AC010168.2,-1.369571959493701,0.03937007874015748,1.0
HIST4H4,-1.1569105584851513,0.2755905511811024,1.0
H2AFJ,-0.09219966791348444,0.952755905511811,1.0
WBP11,-0.16596845289528517,0.15748031496062992,1.0
MGP,0.12784447535684684,0.952755905511811,1.0
ERP27,0.6164782094549435,0.6692913385826772,1.0
ARHGDIB,0.3318043100733252,0.015748031496062992,1.0
METTL8P1,-0.3279843331562946,0.6220472440944882,1.0
EPS8,0.16909553368586927,0.8582677165354331,1.0
STRAP,-0.07335873132019444,0.8582677165354331,1.0
DERA,0.8995438271402829,0.06299212598425197,1.0
SUPT16HP1,1.2281758016296846,0.10236220472440945,1.0
AC023512.1,-0.10259071459559177,0.8031496062992126,1.0
PLEKHA5,-0.05558996532084137,0.9448818897637795,1.0
AEBP2,0.10125489588863257,0.7086614173228346,1.0
PDCD5P1,0.18426206949127577,0.7795275590551181,1.0
TCP1P3,0.06025825231331772,0.905511811023622,1.0
PYROXD1,-0.980775298225137,0.1732283464566929,1.0
RECQL,0.4620684273635183,0.06299212598425197,1.0
GOLT1B,-1.0071119115278586,0.023622047244094488,1.0
LDHB,-0.23950748946667666,0.5590551181102362,1.0
CMAS,0.2927075577280096,0.3937007874015748,1.0
ST8SIA1,0.7950236184214861,0.2677165354330709,1.0
C2CD5,-0.2613189317017195,0.4251968503937008,1.0
ETNK1,0.04678864270399252,0.8740157480314961,1.0
BCAT1,2.0615802837365558,0.1732283464566929,1.0
LRMP,-0.13986712341752394,0.5511811023622047,1.0
ETFRF1,-1.0410546037006405,0.3228346456692913,1.0
KRAS,0.20272304108469896,0.41732283464566927,1.0
AC087239.1,-0.8083971270651715,0.4015748031496063,1.0
TDGP1,-0.3514738161689863,0.7401574803149606,1.0
RASSF8,-0.9037417284832171,0.4881889763779528,1.0
BHLHE41,1.3082362395058658,0.2125984251968504,1.0
ITPR2,0.06019884521699037,0.8031496062992126,1.0
INTS13,-0.14471075743090545,0.6141732283464567,1.0
FGFR1OP2,-0.159171532153616,0.5433070866141733,1.0
AC024896.1,-1.619111464403977,0.05511811023622047,1.0
TM7SF3,0.2283348869192574,0.5905511811023622,1.0
MED21,-0.23943249264889932,0.3937007874015748,1.0
AC092747.4,-0.2745004889083287,0.5196850393700787,1.0
STK38L,0.5011777488652296,0.11811023622047244,1.0
ARNTL2,1.9476285874265409,0.03937007874015748,1.0
PPFIBP1,-0.038513495238201134,0.968503937007874,1.0
MRPS35,-0.3310306529309939,0.25196850393700787,1.0
KLHL42,0.7920319594908642,0.2440944881889764,1.0
CCDC91,0.03253219951166386,0.8267716535433071,1.0
FAR2,0.1858592277279647,0.6456692913385826,1.0
AC009318.4,-1.716841122485093,0.023622047244094488,1.0
ERGIC2,-0.004692053038824362,0.9921259842519685,1.0
OVCH1-AS1,0.6485880462925478,0.3543307086614173,1.0
IPO8,0.07675839276385954,0.6929133858267716,1.0
CAPRIN2,-0.26780419633339836,0.33858267716535434,1.0
DDX11,1.280777064785556,0.09448818897637795,1.0
SINHCAF,-0.2452266946825512,0.4251968503937008,1.0
DENND5B,0.6209571262220418,0.5511811023622047,1.0
AMN1,0.172591972208199,0.7716535433070866,1.0
AC023157.3,0.7730067026050129,0.25196850393700787,1.0
AC023157.1,0.6667332547906972,0.1732283464566929,1.0
H3F3C,-0.6849651662639258,0.2992125984251969,1.0
KIAA1551,-0.22897438048963714,0.31496062992125984,1.0
AC016957.2,0.6926930315895454,0.2283464566929134,1.0
BICD1,-0.2862552933261364,0.44881889763779526,1.0
DNM1L,-0.12375260597557514,0.5826771653543307,1.0
AC084824.5,-0.19907389891572347,0.5669291338582677,1.0
AC084824.1,-0.34106710391805706,0.4015748031496063,1.0
YARS2,-0.5392872551227099,0.41732283464566927,1.0
ALG10,0.8118472662320364,0.1968503937007874,1.0
ALG10B,-0.02663534261622802,0.984251968503937,1.0
CPNE8,-0.04675482998825675,0.9291338582677166,1.0
KIF21A,0.24977237474226666,0.3228346456692913,1.0
ABCD2,1.1115776646728954,0.41732283464566927,1.0
SLC2A13,-0.08041770625418598,0.8818897637795275,1.0
GXYLT1,-0.11310989623625733,0.7165354330708661,1.0
YAF2,0.11511520673859188,0.6929133858267716,1.0
PPHLN1,-0.01934704689210509,0.905511811023622,1.0
ZCRB1,-0.08898157798208306,0.6771653543307087,1.0
AC079601.2,-0.21183838652405917,0.8346456692913385,1.0
PUS7L,-0.2775896208922335,0.5118110236220472,1.0
IRAK4,-0.2676810284426505,0.23622047244094488,1.0
TWF1,-0.8342087520332764,0.16535433070866143,1.0
TMEM117,0.08782468986303105,0.8976377952755905,1.0
NELL2,-0.0848879216749081,0.8818897637795275,1.0
PLEKHA8P1,0.6683853022979083,0.5826771653543307,1.0
ANO6,0.6252945711933711,0.3464566929133858,1.0
AC008124.1,0.7935607116395942,0.3543307086614173,1.0
ARID2,0.3461917338299152,0.48031496062992124,1.0
SCAF11,-0.08661625619910396,0.6614173228346457,1.0
SLC38A1,-0.10484572740994302,0.5511811023622047,1.0
SLC38A2,-0.33442940583477565,0.3858267716535433,1.0
AMIGO2,-0.5211707789336488,0.29133858267716534,1.0
PCED1B,0.3626483322514016,0.4645669291338583,1.0
AC119044.1,1.4952129352745258,0.05511811023622047,1.0
PCED1B-AS1,-0.23097894555509324,0.7559055118110236,1.0
AC008083.2,-0.547549791292474,0.5275590551181102,1.0
RPAP3,0.06132652293633267,0.8661417322834646,1.0
SLC48A1,0.9147020499247627,0.3858267716535433,1.0
HDAC7,0.19668817816465722,0.5118110236220472,1.0
VDR,2.3616065465723963,0.06299212598425197,1.0
TMEM106C,-0.014267804736793899,0.9921259842519685,1.0
SENP1,0.32679046907468745,0.12598425196850394,1.0
PFKM,0.8277919544597925,0.15748031496062992,1.0
ASB8,-0.017282879755626368,0.9606299212598425,1.0
CCDC184,-0.44033016310099704,0.5354330708661418,1.0
ZNF641,-0.03754290276796102,0.9291338582677166,1.0
KANSL2,0.06331780348051552,0.6062992125984252,1.0
CCNT1,-0.22133500030713193,0.2283464566929134,1.0
CACNB3,0.15679756712980142,0.8110236220472441,1.0
DDX23,-0.4115478817436742,0.18110236220472442,1.0
RND1,-0.7434151705560168,0.3937007874015748,1.0
CCDC65,-0.4549369663982925,0.6929133858267716,1.0
FKBP11,-0.45388778185386247,0.08661417322834646,1.0
ARF3,0.4562586276228249,0.23622047244094488,1.0
WNT10B,-1.8423832389166026,0.13385826771653545,1.0
PRKAG1,-0.14086041243392078,0.6299212598425197,1.0
KMT2D,0.31684091366008005,0.4330708661417323,1.0
RHEBL1,-0.23133243529065006,0.8740157480314961,1.0
LMBR1L,-0.34289539456839435,0.25196850393700787,1.0
TUBA1B,0.22420042587413214,0.8582677165354331,1.0
TUBA1A,0.25333160131106336,0.6141732283464567,1.0
SPATS2,0.6102831245795848,0.1732283464566929,1.0
MCRS1,0.14103684414850504,0.8267716535433071,1.0
FMNL3,0.1389003514321283,0.5748031496062992,1.0
TMBIM6,0.12992259591320732,0.07086614173228346,1.0
NCKAP5L,-0.800482751168317,0.3228346456692913,1.0
BCDIN3D,1.0629778833913972,0.29133858267716534,1.0
FAIM2,1.5980326777180798,0.07874015748031496,1.0
RACGAP1,0.22674413334367172,0.7637795275590551,1.0
SMARCD1,-0.2023967630334047,0.4645669291338583,1.0
COX14,0.33257530284946846,0.14960629921259844,1.0
AC074032.1,-0.13891210832757062,0.8582677165354331,1.0
CERS5,0.1806131763814145,0.4566929133858268,1.0
LIMA1,1.4816362763378752,0.015748031496062992,1.0
LARP4,0.17312072569533843,0.6850393700787402,1.0
DIP2B,0.6364659794701497,0.09448818897637795,1.0
ATF1,0.09556507373011591,0.6614173228346457,1.0
METTL7A,0.3929964799577501,0.5748031496062992,1.0
SLC11A2,-0.354594867045841,0.4409448818897638,1.0
LETMD1,-0.37975892534050804,0.23622047244094488,1.0
CSRNP2,-0.30894583227568084,0.4330708661417323,1.0
TFCP2,0.17711423561373074,0.6771653543307087,1.0
POU6F1,0.5879716743878405,0.5196850393700787,1.0
AC139768.1,-0.16372674501338802,0.8110236220472441,1.0
DAZAP2,0.043639128426320895,0.7874015748031497,1.0
SMAGP,0.8114274548355762,0.3543307086614173,1.0
BIN2,-0.009175912009225407,0.9606299212598425,1.0
CELA1,-0.03829328708384039,0.9763779527559056,1.0
GALNT6,-0.47855477753667053,0.2047244094488189,1.0
SLC4A8,-0.21499686055829192,0.7952755905511811,1.0
HNRNPA3P10,0.16913486724944837,0.6771653543307087,1.0
ACVR1B,-0.4857872102038172,0.2440944881889764,1.0
GRASP,0.5179470011602167,0.6456692913385826,1.0
NR4A1,-0.08108905725276294,0.9448818897637795,1.0
KRT86,-0.10688419423830031,0.937007874015748,1.0
KRT6A,2.540016209058142,0.06299212598425197,1.0
KRT5,2.81685635391958,0.023622047244094488,1.0
KRT72,-0.34176110214049227,0.7322834645669292,1.0
EIF4B,0.08871968459893687,0.6220472440944882,1.0
SPRYD3,-0.16291333228698246,0.6771653543307087,1.0
CSAD,0.08834082035340307,0.952755905511811,1.0
ZNF740,-0.14353837089799626,0.5039370078740157,1.0
RARG,0.7479118495262522,0.6692913385826772,1.0
MFSD5,-0.5058204723662185,0.3543307086614173,1.0
PFDN5,-0.025508464435782585,0.9212598425196851,1.0
C12orf10,1.3744416932455294,0.2992125984251969,1.0
AAAS,0.7075453174044521,0.10236220472440945,1.0
SP1,-0.032402070533362526,0.9448818897637795,1.0
PRR13,0.3307219361163609,0.41732283464566927,1.0
PCBP2,-0.14781233720314102,0.28346456692913385,1.0
MAP3K12,0.3832978343516089,0.6850393700787402,1.0
AC023509.4,-0.7673620818899308,0.44881889763779526,1.0
TARBP2,1.083838953064848,0.03937007874015748,1.0
ATF7,0.4635661840162486,0.05511811023622047,1.0
ATP5G2,0.028963336940112328,0.9212598425196851,1.0
CALCOCO1,-0.05986367095422285,0.8582677165354331,1.0
SMUG1,-0.7433515799788886,0.2125984251968504,1.0
CBX5,0.16380085893789964,0.4881889763779528,1.0
HNRNPA1,-0.30552486496129383,0.31496062992125984,1.0
COPZ1,0.33274649323954364,0.3779527559055118,1.0
ITGA5,0.009825532926223346,1.0,1.0
GTSF1,1.056225356083555,0.2125984251968504,1.0
NCKAP1L,0.24499472398156996,0.1732283464566929,1.0
PDE1B,-0.3719139747240412,0.7165354330708661,1.0
TESPA1,0.43558800926614794,0.14173228346456693,1.0
PHC1P1,0.5740864417394045,0.49606299212598426,1.0
BLOC1S1,0.5735163728621888,0.2047244094488189,1.0
RDH5,0.16050017222133417,0.8346456692913385,1.0
CD63,0.11703779814586301,0.7480314960629921,1.0
AC009779.2,0.8562200714932533,0.2677165354330709,1.0
GDF11,0.7299743332630126,0.14960629921259844,1.0
ORMDL2,-0.6909537998838213,0.3779527559055118,1.0
TMEM198B,0.1123801981203536,0.8267716535433071,1.0
PYM1,1.5343216030195554,0.14173228346456693,1.0
DGKA,0.04991274671427348,0.8267716535433071,1.0
CDK2,0.34322994194659984,0.3937007874015748,1.0
RAB5B,0.2924516083020041,0.15748031496062992,1.0
SUOX,0.7875618087892065,0.48031496062992124,1.0
IKZF4,1.0338251234458316,0.2283464566929134,1.0
RPS26,-0.5794772468119724,0.30708661417322836,1.0
PA2G4,0.198677461644726,0.3858267716535433,1.0
RPL41,-0.21508113225077796,0.23622047244094488,1.0
ZC3H10,1.5555205268976455,0.031496062992125984,1.0
ESYT1,0.15878664173308987,0.6771653543307087,1.0
MYL6B,1.4480058446900521,0.12598425196850394,1.0
MYL6,0.4865177182250626,0.03937007874015748,1.0
AC073896.4,-0.19378375022190308,0.5118110236220472,1.0
SMARCC2,0.053498300943165766,0.9212598425196851,1.0
RNF41,-0.0020812180331448715,0.9921259842519685,1.0
NABP2,0.4749084990118648,0.31496062992125984,1.0
ANKRD52,-0.252176545167921,0.6299212598425197,1.0
COQ10A,-0.5709441568406737,0.11811023622047244,1.0
CS,0.2496619202424064,0.2677165354330709,1.0
CNPY2,0.77135902173357,0.14173228346456693,1.0
PAN2,-0.6217273428316878,0.2755905511811024,1.0
IL23A,-0.8116683780583633,0.11811023622047244,1.0
STAT2,-0.24250621047568544,0.6062992125984252,1.0
TIMELESS,0.9902976911005905,0.11023622047244094,1.0
SPRYD4,0.6710249746574131,0.25196850393700787,1.0
HSPD1P4,-0.41483449161102093,0.5590551181102362,1.0
RBMS2,0.4202466555819977,0.5748031496062992,1.0
BAZ2A,0.03438671630116019,0.889763779527559,1.0
ATP5B,-0.11128291266535406,0.5433070866141733,1.0
PTGES3,-0.07061797079627041,0.7559055118110236,1.0
NACA,-0.18304124657552556,0.2992125984251969,1.0
PRIM1,-1.6194644967656293,0.07874015748031496,1.0
ZBTB39,-1.2207548899122531,0.14960629921259844,1.0
NEMP1,0.11857994251904724,0.7716535433070866,1.0
NAB2,-0.852453279611999,0.29133858267716534,1.0
STAT6,0.3732188294888674,0.3858267716535433,1.0
LRP1,-0.7599924032855792,0.44881889763779526,1.0
SHMT2,0.7368130610745087,0.07874015748031496,1.0
R3HDM2,-0.09709747999711915,0.5984251968503937,1.0
ARHGAP9,0.17815661086025436,0.3858267716535433,1.0
MARS,0.1393762318626397,0.5039370078740157,1.0
DDIT3,-0.4879609168693766,0.28346456692913385,1.0
MBD6,-0.20202357173380037,0.5590551181102362,1.0
DCTN2,0.22553913553685234,0.18110236220472442,1.0
PIP4K2C,0.1922057382135609,0.7716535433070866,1.0
DTX3,0.2157891595513597,0.6850393700787402,1.0
OS9,-0.07961104026347465,0.9212598425196851,1.0
AGAP2,-0.21957628801739926,0.6299212598425197,1.0
TSPAN31,1.0139792416366404,0.3858267716535433,1.0
MARCH9,1.1688615851708546,0.5590551181102362,1.0
METTL1,0.43077876363385115,0.5669291338582677,1.0
EEF1AKMT3,-0.3919904564961847,0.7322834645669292,1.0
TSFM,0.7007735951562077,0.15748031496062992,1.0
CTDSP2,0.0387485616645753,0.8582677165354331,1.0
AC084033.3,0.812557218335074,0.4094488188976378,1.0
ATP23,0.4114253158630943,0.44881889763779526,1.0
SLC16A7,-0.07303668714544287,0.7007874015748031,1.0
AC079905.1,-0.6128167497148452,0.3858267716535433,1.0
FAM19A2,-0.9448657649608738,0.31496062992125984,1.0
RPS3P6,-0.10669379506225418,0.905511811023622,1.0
USP15,-0.1710411981156552,0.4645669291338583,1.0
MON2,-0.2008504557700883,0.4645669291338583,1.0
AC048341.3,-1.0172327220458868,0.23622047244094488,1.0
RPL14P1,-0.4227038922664814,0.07086614173228346,1.0
TMEM5,0.06396805343648282,0.8582677165354331,1.0
PABPC1P4,-0.40382940505247156,0.023622047244094488,1.0
C12orf66,0.45948096139012273,0.6377952755905512,1.0
AC135279.2,1.111930651266299,0.16535433070866143,1.0
XPOT,-0.18464940326172385,0.5275590551181102,1.0
TBK1,-0.12230668128055466,0.7716535433070866,1.0
RASSF3,0.09282482663258751,0.8503937007874016,1.0
GNS,0.30020345157646844,0.4645669291338583,1.0
LEMD3,-0.11922194315026946,0.7007874015748031,1.0
AC026124.2,0.6406441221077803,0.41732283464566927,1.0
LLPH,-0.6128379220449398,0.16535433070866143,1.0
TMBIM4,-1.058782152198091,0.07874015748031496,1.0
IRAK3,1.8427423757271981,0.031496062992125984,1.0
RBMS1P1,-1.0555240823877758,0.023622047244094488,1.0
HELB,-0.30004687436068345,0.1968503937007874,1.0
CAND1,-0.04515703248518044,0.8976377952755905,1.0
DYRK2,-0.25487145303575254,0.5511811023622047,1.0
IFNG-AS1,0.44419942494968945,0.6456692913385826,1.0
IFNG,1.5961988417012711,0.07086614173228346,1.0
IL26,2.166036138686114,0.015748031496062992,1.0
MDM1,-0.15408530325569103,0.7874015748031497,1.0
LINC02384,0.6208562789555014,0.3543307086614173,1.0
RAP1B,-0.03392522614256421,0.8188976377952756,1.0
ATP5HP4,-0.1844574112983386,0.7480314960629921,1.0
AC090061.1,0.047878539032908174,0.905511811023622,1.0
NUP107,-0.18302986807993804,0.7244094488188977,1.0
SLC35E3,0.8248972120609341,0.07874015748031496,1.0
MDM2,0.16064356679248348,0.5118110236220472,1.0
CPM,1.6889705516107458,0.13385826771653545,1.0
CPSF6,0.1246776513635055,0.6614173228346457,1.0
YEATS4,0.05229113904240634,0.905511811023622,1.0
FRS2,0.35091864715611276,0.6299212598425197,1.0
CCT2,0.0291189177686606,0.8976377952755905,1.0
RAB3IP,0.47539066374175576,0.28346456692913385,1.0
LINC01481,-0.0423018357797873,0.8661417322834646,1.0
CNOT2,-0.0735120798198512,0.7322834645669292,1.0
ZFC3H1,-0.01666840756804433,0.9606299212598425,1.0
THAP2,-0.00787612820474859,0.984251968503937,1.0
TMEM19,0.6353220649147704,0.06299212598425197,1.0
RAB21,0.2981257989499637,0.2047244094488189,1.0
TBC1D15,-0.08881032424610602,0.8188976377952756,1.0
ATXN7L3B,-0.1569985295598526,0.6141732283464567,1.0
GLIPR1,-0.21747216644143208,0.5196850393700787,1.0
KRR1,0.5623946188054099,0.3700787401574803,1.0
PHLDA1,0.7462878438447049,0.07874015748031496,1.0
NAP1L1,-0.06219522945556477,0.7401574803149606,1.0
BBS10,-0.8602035273737783,0.2283464566929134,1.0
OSBPL8,0.10929708982361763,0.3700787401574803,1.0
AC107032.1,-0.5537151256475021,0.13385826771653545,1.0
AC093014.1,0.375265204608189,0.6850393700787402,1.0
ZDHHC17,-0.23438866257134983,0.5354330708661418,1.0
AC068993.1,-0.01059200069807531,1.0,1.0
PAWR,0.1476008140821805,0.9448818897637795,1.0
PPP1R12A,-0.013965070182909045,0.968503937007874,1.0
AC073569.1,0.6786142872496912,0.4645669291338583,1.0
AC078817.1,-0.5416490614635352,0.2440944881889764,1.0
CCDC59,-0.4828527812864216,0.11023622047244094,1.0
METTL25,0.6768844995189243,0.5196850393700787,1.0
TMTC2,2.2786072369080506,0.05511811023622047,1.0
C12orf29,-0.50717039101003,0.015748031496062992,1.0
CEP290,-0.5579582106350074,0.06299212598425197,1.0
TMTC3,-0.2604956415994004,0.47244094488188976,1.0
DUSP6,0.15616193099331888,0.7952755905511811,1.0
POC1B,0.6483665934880287,0.8346456692913385,1.0
CENPCP1,-0.4257200443515039,0.2283464566929134,1.0
POC1B-AS1,-0.06935766835320001,0.889763779527559,1.0
ATP2B1,0.0014677200370982746,1.0,1.0
ATP2B1-AS1,1.343518176644035,0.2677165354330709,1.0
LUM,0.5852856781089271,0.5984251968503937,1.0
DCN,-0.23155336687624128,0.9448818897637795,1.0
LINC01619,0.19099680927014617,0.3543307086614173,1.0
BTG1,-0.12146647529175425,0.30708661417322836,1.0
AC025164.2,-0.017914473526984498,0.984251968503937,1.0
EEA1,-0.18766125706983505,0.5590551181102362,1.0
RPL41P5,1.6750808570878037,0.11811023622047244,1.0
NUDT4,-0.1067950015159731,0.7874015748031497,1.0
UBE2N,0.20239626399754762,0.3937007874015748,1.0
MRPL42,0.43283177365510994,0.3228346456692913,1.0
SOCS2,0.09249452548037285,0.9133858267716536,1.0
CRADD,0.742432407669467,0.23622047244094488,1.0
PLXNC1,0.3231870455498411,0.49606299212598426,1.0
CEP83,-0.31417138637250286,0.3858267716535433,1.0
AC023161.2,-1.3020993055077166,0.05511811023622047,1.0
TMCC3,-0.3568052170578868,0.6850393700787402,1.0
NDUFA12,0.4139818185075894,0.1968503937007874,1.0
NR2C1,-0.11157906255383665,0.5905511811023622,1.0
FGD6,0.7947505039678409,0.2440944881889764,1.0
VEZT,-0.08987608669103953,0.6929133858267716,1.0
AC018475.1,-0.17614666102452103,0.8346456692913385,1.0
METAP2,0.08000987066713083,0.7086614173228346,1.0
USP44,-0.29468210892852165,0.8582677165354331,1.0
NTN4,0.45956929873400854,0.6456692913385826,1.0
SNRPF,0.061484518393061016,0.8110236220472441,1.0
AMDHD1,-0.2825704785409773,0.6692913385826772,1.0
LTA4H,-0.24256740420630862,0.36220472440944884,1.0
ELK3,0.14784336050193048,0.6299212598425197,1.0
CDK17,-0.1913759951404641,0.5748031496062992,1.0
NEDD1,-0.2983393039038509,0.25196850393700787,1.0
TMPO-AS1,-0.228277195074859,0.7637795275590551,1.0
TMPO,0.0010176609298655492,1.0,1.0
SLC25A3,0.00568507111420935,0.9448818897637795,1.0
IKBIP,0.014159865973593533,0.9763779527559056,1.0
APAF1,-0.16642217638202705,0.7165354330708661,1.0
ANKS1B,1.9956854275929155,0.08661417322834646,1.0
RPS4XP1,-0.8375560105259074,0.14960629921259844,1.0
UHRF1BP1L,0.04688578817527134,0.8661417322834646,1.0
AC126474.2,-0.1415829708631655,0.7480314960629921,1.0
GOLGA2P5,0.3074498342404155,0.8661417322834646,1.0
ACTR6,-0.027525508697952894,0.8818897637795275,1.0
SCYL2,0.253304694127781,0.29133858267716534,1.0
UTP20,-0.3235520917101997,0.28346456692913385,1.0
ARL1,0.6931229695607852,0.015748031496062992,1.0
CHPT1,-0.24421634345009524,0.7165354330708661,1.0
GNPTAB,0.05175394661019439,0.889763779527559,1.0
HSPE1P4,-0.87808136963236,0.4330708661417323,1.0
DRAM1,0.3473618160731713,0.6614173228346457,1.0
WASHC3,-0.17123827545238868,0.6141732283464567,1.0
NUP37,-0.10682484594450115,0.7952755905511811,1.0
PARPBP,0.8544990695355164,0.25984251968503935,1.0
C12orf42,0.04692748305285788,0.952755905511811,1.0
NT5DC3,-0.7526961498168774,0.3858267716535433,1.0
HSP90B1,-0.13570051421525164,0.5826771653543307,1.0
C12orf73,-0.15880164343262448,0.8267716535433071,1.0
TDG,-0.07956881336416544,0.7952755905511811,1.0
HCFC2,-0.08914458111928436,0.7952755905511811,1.0
NFYB,-0.06419076346067687,0.8346456692913385,1.0
TXNRD1,0.2003830691062447,0.6220472440944882,1.0
RPL18AP3,-0.6223492630279299,0.6535433070866141,1.0
EID3,-0.20692624696341744,0.7007874015748031,1.0
CHST11,0.4128808895141951,0.12598425196850394,1.0
SLC41A2,0.4000514808688944,0.7086614173228346,1.0
C12orf45,0.38427143016890675,0.3464566929133858,1.0
WASHC4,0.0718832178612292,0.5196850393700787,1.0
APPL2,0.2318612584630948,0.5905511811023622,1.0
C12orf75,0.7254152145286135,0.7874015748031497,1.0
CKAP4,0.8344061858484735,0.5905511811023622,1.0
TCP11L2,0.6854176340998608,0.25196850393700787,1.0
POLR3B,0.13266050504601212,0.8031496062992126,1.0
RIC8B,-0.06588303798667727,0.889763779527559,1.0
TMEM263,0.14965085916866716,0.3700787401574803,1.0
MTERF2,0.4361801930848883,0.44881889763779526,1.0
CRY1,-0.26945723971412905,0.7322834645669292,1.0
BTBD11,-0.6931210915273325,0.3464566929133858,1.0
PWP1,-0.37074379362541343,0.4094488188976378,1.0
PRDM4,-0.4497407984829289,0.36220472440944884,1.0
FICD,0.21058505772036806,0.7480314960629921,1.0
SART3,-0.18649091918833793,0.6771653543307087,1.0
ISCU,0.20762151198249068,0.4330708661417323,1.0
SELPLG,0.13063202124394646,0.6614173228346457,1.0
CORO1C,1.1599019312192307,0.07874015748031496,1.0
SSH1,0.4584804113792629,0.2677165354330709,1.0
USP30,0.02492205190026109,0.9606299212598425,1.0
ALKBH2,-0.14190975229212865,0.889763779527559,1.0
UNG,0.6277992169657982,0.7559055118110236,1.0
ACACB,0.7296945962533545,0.5118110236220472,1.0
KCTD10,0.5701727289485623,0.10236220472440945,1.0
UBE3B,0.5826468058046022,0.10236220472440945,1.0
MMAB,-0.7789889061679718,0.14960629921259844,1.0
MVK,-0.3974324375245941,0.6141732283464567,1.0
GLTP,-0.18165590574361357,0.5354330708661418,1.0
TCHP,-0.15416675018005055,0.6141732283464567,1.0
GIT2,0.30318450659928686,0.28346456692913385,1.0
ANKRD13A,0.14842224202066756,0.5669291338582677,1.0
C12orf76,0.7186674813021234,0.44881889763779526,1.0
IFT81,-0.6219210533322135,0.3700787401574803,1.0
ATP2A2,0.274794705271014,0.30708661417322836,1.0
ANAPC7,0.3785902005874613,0.16535433070866143,1.0
ARPC3,0.3743849989865211,0.4015748031496063,1.0
GPN3,0.48068411524494925,0.889763779527559,1.0
RPL31P49,-1.0189950871998166,0.09448818897637795,1.0
FAM216A,-0.9409260445914107,0.1732283464566929,1.0
VPS29,-0.3079428251651972,0.31496062992125984,1.0
PPTC7,-0.31258418512785724,0.2677165354330709,1.0
TCTN1,0.218900937921644,0.7716535433070866,1.0
HVCN1,0.15468705412852546,0.84251968503937,1.0
PPP1CC,0.12219412260411122,0.7007874015748031,1.0
SH2B3,-0.2539271520102515,0.6692913385826772,1.0
ATXN2,-0.5028604805377084,0.18110236220472442,1.0
BRAP,-0.35168453597911586,0.25196850393700787,1.0
ACAD10,0.002234935656481696,1.0,1.0
ALDH2,1.1201875489921338,0.1732283464566929,1.0
MAPKAPK5-AS1,0.04974967055581381,0.905511811023622,1.0
MAPKAPK5,-0.3847432614535551,0.33070866141732286,1.0
TMEM116,-0.6118166320961942,0.25196850393700787,1.0
ERP29,-0.0996529438932976,0.7637795275590551,1.0
NAA25,1.0995447241588212,0.4566929133858268,1.0
TRAFD1,-0.2960867429773977,0.6692913385826772,1.0
HECTD4,-0.4578820994618722,0.2440944881889764,1.0
RPL6,0.14532609506745686,0.49606299212598426,1.0
PTPN11,0.31960430729446987,0.25984251968503935,1.0
OAS1,-0.2557039024801844,0.7165354330708661,1.0
OAS3,-0.24831241527678571,0.8188976377952756,1.0
OAS2,0.713971044717864,0.5433070866141733,1.0
DTX1,-0.2874241843179681,0.8188976377952756,1.0
DDX54,-0.3733352938606638,0.7637795275590551,1.0
RITA1,0.6387011871211958,0.48031496062992124,1.0
TPCN1,0.40937597162541506,0.4251968503937008,1.0
SLC8B1,-0.8798609728309268,0.10236220472440945,1.0
PLBD2,-0.3212285315013399,0.2283464566929134,1.0
RBM19,0.4122685289752228,0.28346456692913385,1.0
MED13L,0.1312132574949052,0.5669291338582677,1.0
MAP1LC3B2,-0.22073252302901558,0.7795275590551181,1.0
C12orf49,0.023061665142193988,0.9763779527559056,1.0
FBXW8,0.3980519794252202,0.47244094488188976,1.0
TESC,-0.028373543571230453,1.0,1.0
FBXO21,-0.36293902161662395,0.25196850393700787,1.0
RFC5,0.23001067813507747,0.6850393700787402,1.0
WSB2,-0.0276404320600534,0.952755905511811,1.0
VSIG10,1.2340371072887697,0.11023622047244094,1.0
PEBP1,-0.3949426155144824,0.14173228346456693,1.0
TAOK3,0.16835460808644864,0.4015748031496063,1.0
RPS2P5,-0.14737823755050083,0.8346456692913385,1.0
SUDS3,0.7610096334099863,0.023622047244094488,1.0
AC084880.1,1.7610239784537378,0.03937007874015748,1.0
PRKAB1,0.4180176881044395,0.7637795275590551,1.0
BICDL1,0.37532136851376485,0.6220472440944882,1.0
RAB35,0.19531690725794792,0.5118110236220472,1.0
AC004812.2,0.2629558704445739,0.7952755905511811,1.0
GCN1,-0.09378570513849915,0.7874015748031497,1.0
RPLP0,0.1801675561529983,0.6456692913385826,1.0
PXN,-0.547969771802653,0.2047244094488189,1.0
NME2P1,0.4508739278325087,0.6929133858267716,1.0
RNU4-2,-1.2322767776332046,0.14173228346456693,1.0
RNU4-1,0.5472391538553103,0.3543307086614173,1.0
COX6A1,0.20982278621233696,0.2047244094488189,1.0
TRIAP1,1.1707457285340785,0.29133858267716534,1.0
GATC,-0.07548262833027586,0.8346456692913385,1.0
SRSF9,-0.4385306680665373,0.3700787401574803,1.0
DYNLL1,0.11881779780727086,0.4881889763779528,1.0
COQ5,0.18497218254944592,0.5905511811023622,1.0
RNF10,0.2591451499720483,0.07874015748031496,1.0
POP5,0.24991685862451263,0.6141732283464567,1.0
MLEC,0.27346069225158764,0.4015748031496063,1.0
UNC119B,0.1001349649811174,0.8503937007874016,1.0
ACADS,0.9188219874736261,0.2677165354330709,1.0
SPPL3,0.06219873538343279,0.7637795275590551,1.0
C12orf43,-0.6056719871914069,0.44881889763779526,1.0
OASL,-0.24501000447536825,0.6299212598425197,1.0
P2RX7,0.12699680364160892,0.7637795275590551,1.0
P2RX4,0.2657896079948432,0.7480314960629921,1.0
CAMKK2,-0.11965876590756341,0.7322834645669292,1.0
ANAPC5,0.5658382676802542,0.09448818897637795,1.0
RNF34,0.2402833211240143,0.3228346456692913,1.0
KDM2B,-0.2988450991124312,0.4251968503937008,1.0
ORAI1,-0.13432238122450801,0.7795275590551181,1.0
MORN3,0.571595730241703,0.6456692913385826,1.0
TMEM120B,-0.050457396226808005,0.889763779527559,1.0
LINC01089,-0.49123928171877296,0.8110236220472441,1.0
SETD1B,0.2593247214149592,0.5039370078740157,1.0
PSMD9,-0.09656943131933682,0.8818897637795275,1.0
MLXIP,0.2414927653074681,0.6141732283464567,1.0
VPS33A,0.15158052009131584,0.7165354330708661,1.0
CLIP1,0.1602398075925855,0.4251968503937008,1.0
ZCCHC8,-0.27155764553472483,0.3937007874015748,1.0
RSRC2,-0.16278064193957498,0.5039370078740157,1.0
KNTC1,0.0384652942334851,0.984251968503937,1.0
DENR,0.15732537330009944,0.7165354330708661,1.0
HIP1R,0.7616152750947804,0.49606299212598426,1.0
VPS37B,0.4791541715726817,0.7165354330708661,1.0
AC027290.2,0.3739454765501078,0.4881889763779528,1.0
PITPNM2,0.40927233588229983,0.7401574803149606,1.0
MPHOSPH9,-0.01037746182298438,0.984251968503937,1.0
C12orf65,-0.35617337859327414,0.2047244094488189,1.0
SBNO1,0.17848109508732168,0.4645669291338583,1.0
KMT5A,0.25277380311997977,0.5590551181102362,1.0
RILPL2,0.5956461224346237,0.2992125984251969,1.0
SNRNP35,-0.06800485648031707,0.8110236220472441,1.0
RILPL1,-0.49076902874580086,0.6220472440944882,1.0
AC055713.1,0.6234212099195634,0.4330708661417323,1.0
TMED2,0.01920839270498842,0.9763779527559056,1.0
DDX55,-0.05629113467510827,0.9291338582677166,1.0
EIF2B1,-0.2638693133156078,0.6141732283464567,1.0
GTF2H3,-0.006621102521540578,1.0,1.0
ATP6V0A2,-0.166191550709887,0.44881889763779526,1.0
CCDC92,0.2192873523254173,0.5748031496062992,1.0
ZNF664,0.32606188576418305,0.3858267716535433,1.0
NCOR2,-0.12428160879862649,0.9133858267716536,1.0
UBC,-0.11512672411850389,0.7795275590551181,1.0
DHX37,-0.9370739190726851,0.15748031496062992,1.0
BRI3BP,0.4256369677387566,0.4566929133858268,1.0
AACS,0.9896938054443563,0.1732283464566929,1.0
LINC00944,-0.9008585585495732,0.3464566929133858,1.0
SLC15A4,0.1504613357238469,0.7322834645669292,1.0
STX2,-0.2641884521640874,0.5275590551181102,1.0
RAN,0.17980224798088074,0.5826771653543307,1.0
SFSWAP,0.0608173290389189,0.6929133858267716,1.0
ULK1,-0.02966527611038927,0.9606299212598425,1.0
PUS1,-0.37478551605132715,0.7401574803149606,1.0
EP400,1.3356954224818827,0.3464566929133858,1.0
EP400NL,-0.5005331620491189,0.031496062992125984,1.0
DDX51,-0.29804183083819336,0.3937007874015748,1.0
NOC4L,0.5245957438893405,0.6062992125984252,1.0
LINC02361,0.8008566075836483,0.3228346456692913,1.0
FBRSL1,0.06778433096374847,0.8661417322834646,1.0
POLE,0.8458798790524376,0.4330708661417323,1.0
PXMP2,-0.19248544707196202,0.8110236220472441,1.0
PGAM5,-0.2268164917878699,0.4330708661417323,1.0
ANKLE2,-0.46821431675043357,0.015748031496062992,1.0
GOLGA3,0.44277826217804517,0.44881889763779526,1.0
CHFR,0.1612933631895217,0.6771653543307087,1.0
RPS11P5,-0.5246844338993144,0.25984251968503935,1.0
AC127070.5,-0.8208518707861614,0.2204724409448819,1.0
ZNF605,0.7828112352528986,0.5748031496062992,1.0
ZNF26,-0.17051107875905025,0.9133858267716536,1.0
ZNF84,0.1007636545362578,0.6929133858267716,1.0
ZNF140,-0.6954497104973991,0.12598425196850394,1.0
ZNF891,-0.44839074256714984,0.05511811023622047,1.0
ZNF10,0.08566364566415752,0.7401574803149606,1.0
ZNF268,0.03616245341651281,0.9763779527559056,1.0
SETD8P1,0.1018429100164715,0.8818897637795275,1.0
TERF1P5,0.6082913876733906,0.30708661417322836,1.0
MRPL3P1,-0.3534654061746434,0.6456692913385826,1.0
MPHOSPH8,0.0413556166416198,0.8582677165354331,1.0
PSPC1,-0.449637793367037,0.015748031496062992,1.0
ZMYM5,-0.1397799986797965,0.6929133858267716,1.0
ZMYM2,0.3045048660251535,0.11023622047244094,1.0
CRYL1,0.43995761476310147,0.14960629921259844,1.0
IFT88,0.7024319568623945,0.7559055118110236,1.0
EEF1AKMT1,0.04225463229856885,0.9291338582677166,1.0
XPO4,0.04740248693231397,0.8503937007874016,1.0
LATS2,-1.1185107390167652,0.09448818897637795,1.0
SAP18,-0.23994034548869436,0.15748031496062992,1.0
MRPL57,0.25153215546403107,0.29133858267716534,1.0
LINC00539,1.1726715045756062,0.11023622047244094,1.0
ZDHHC20,-0.2656255394024756,0.2283464566929134,1.0
MICU2,-0.0913852611608128,0.7322834645669292,1.0
RPS7P10,0.20471633227934927,0.5748031496062992,1.0
FGF9,-1.5423241977533186,0.2125984251968504,1.0
FTH1P7,0.772967919215632,0.5826771653543307,1.0
SACS,-0.4490165847834495,0.047244094488188976,1.0
MIPEP,-0.35238711402605327,0.2440944881889764,1.0
SPATA13,-0.07516127224542668,0.6456692913385826,1.0
IPO7P2,-0.13676292083403263,0.889763779527559,1.0
PARP4,-0.29515033532603585,0.36220472440944884,1.0
CENPJ,1.365048058367667,0.031496062992125984,1.0
RPL34P27,-0.42669732688128903,0.047244094488188976,1.0
PABPC3,-0.5260518027732317,0.023622047244094488,1.0
MTMR6,0.30480976945821503,0.25196850393700787,1.0
NUP58,0.3445341041733725,0.36220472440944884,1.0
ATP8A2,0.38417312915987467,0.6692913385826772,1.0
SHISA2,0.04775768827456872,1.0,1.0
RNF6,0.6634619512504303,0.047244094488188976,1.0
CDK8,-0.5404625514389503,0.1968503937007874,1.0
USP12,0.034345837555181724,0.8976377952755905,1.0
RPL21,-0.17793821849355584,0.4566929133858268,1.0
RASL11A,1.7965679640926533,0.11811023622047244,1.0
GTF3A,0.04453892057462561,0.8740157480314961,1.0
MTIF3,0.07743235215978483,0.7401574803149606,1.0
LNX2,-0.25478840595353436,0.7086614173228346,1.0
POLR1D,0.2147646996964836,0.1889763779527559,1.0
ATP5EP2,-0.0651852618328892,0.7401574803149606,1.0
PAN3,0.08469417821877467,0.8110236220472441,1.0
FLT1,0.16568996230100863,0.84251968503937,1.0
POMP,0.3625899566320676,0.2204724409448819,1.0
SLC46A3,-0.18477657962100213,0.6062992125984252,1.0
CYP51A1P2,0.5487901618154591,0.4015748031496063,1.0
SLC7A1,0.15015260038169842,0.8740157480314961,1.0
UBL3,-0.3844917385089772,0.023622047244094488,1.0
KATNAL1,-0.8331628761559653,0.07086614173228346,1.0
LINC00426,1.8662829338464055,0.015748031496062992,1.0
HMGB1,-0.08940189778135288,0.7244094488188977,1.0
PTPN2P2,-0.2978213796236726,0.7007874015748031,1.0
USPL1,-0.11712481597531621,0.7244094488188977,1.0
ALOX5AP,0.6985971300989631,0.07874015748031496,1.0
HSPH1,-0.05870842878231741,0.9212598425196851,1.0
B3GLCT,0.6654615894917826,0.5511811023622047,1.0
FRY,-0.19192061068120925,0.8661417322834646,1.0
BRCA2,-1.1567691410911953,0.2125984251968504,1.0
N4BP2L1,-0.41218452572812225,0.16535433070866143,1.0
N4BP2L2,0.1363724902461465,0.6535433070866141,1.0
N4BP2L2-IT2,-0.8278196284970247,0.2204724409448819,1.0
PDS5B,0.18094125231690228,0.4330708661417323,1.0
RFC3,-0.03051434015347887,0.968503937007874,1.0
NBEA,-0.6566519622305136,0.3858267716535433,1.0
SPART,-0.19400385280570998,0.7952755905511811,1.0
RFXAP,-0.036255910605142994,0.9212598425196851,1.0
ALG5,1.4077494279762304,0.15748031496062992,1.0
EXOSC8,0.04999525348889655,0.8661417322834646,1.0
SUPT20H,0.08522869464701621,0.8503937007874016,1.0
POSTN,0.11388906759086903,0.9291338582677166,1.0
UFM1,-0.14714105387324938,0.5669291338582677,1.0
PROSER1,0.6021359206427706,0.2047244094488189,1.0
NHLRC3,1.3756306676754368,0.14960629921259844,1.0
LHFPL6,1.7010049751940572,0.05511811023622047,1.0
COG6,-0.31745879058545423,0.41732283464566927,1.0
FOXO1,-0.265588160711105,0.4566929133858268,1.0
RLIMP1,-1.0283072230282704,0.1968503937007874,1.0
MRPS31,0.26718957083712525,0.48031496062992124,1.0
ELF1,0.05011323458140993,0.7952755905511811,1.0
WBP4,1.3027211244015335,0.25984251968503935,1.0
KBTBD6,0.9871196425507938,0.3937007874015748,1.0
CALM2P3,-1.1275147780552799,0.10236220472440945,1.0
KBTBD7,-0.6922398299116566,0.25984251968503935,1.0
MTRF1,-0.08628431584825336,0.8503937007874016,1.0
NAA16,-0.369956424928624,0.18110236220472442,1.0
RGCC,0.4104896708381318,0.41732283464566927,1.0
VWA8,-0.06242251425429757,0.8740157480314961,1.0
DGKH,0.19379302148506206,0.7559055118110236,1.0
AKAP11,0.1492345339638188,0.6062992125984252,1.0
EPSTI1,-0.18066735107079346,0.8188976377952756,1.0
DNAJC15,-0.18303702797086796,0.5984251968503937,1.0
CCDC122,1.1419318526045474,0.2125984251968504,1.0
LACC1,-0.0772627453862973,0.9133858267716536,1.0
TSC22D1,-0.1366068730895451,0.7244094488188977,1.0
SMARCE1P5,-1.3760050373513628,0.10236220472440945,1.0
NUFIP1,0.5143801071670664,0.5511811023622047,1.0
GPALPP1,0.10016435958645253,0.8346456692913385,1.0
GTF2F2,0.2587004072314363,0.4409448818897638,1.0
TPT1,0.0148071295770702,0.8976377952755905,1.0
TPT1-AS1,1.2351479432253614,0.11023622047244094,1.0
SLC25A30,0.8953496651611625,0.3700787401574803,1.0
COG3,-0.3175821219285915,0.29133858267716534,1.0
ZC3H13,0.05272007015003499,0.8661417322834646,1.0
LCP1,0.2590639376504207,0.09448818897637795,1.0
RUBCNL,-1.1817129234002346,0.2283464566929134,1.0
COX17P1,1.5094249684099483,0.03937007874015748,1.0
LRCH1,-0.061793715904102875,0.6929133858267716,1.0
ESD,0.2590714922709658,0.3700787401574803,1.0
NAP1L4P3,-0.7762332861011458,0.023622047244094488,1.0
SUCLA2,-0.10413093306159338,0.905511811023622,1.0
NUDT15,0.14108570758594308,0.7244094488188977,1.0
MED4,0.15747798300814342,0.5669291338582677,1.0
ITM2B,-0.25361564256073343,0.3228346456692913,1.0
RB1,0.03788767874871546,0.8110236220472441,1.0
PCNPP5,-0.4483362798966063,0.5590551181102362,1.0
LPAR6,0.32579311009361334,0.6299212598425197,1.0
RCBTB2,-0.14591958474618494,0.8661417322834646,1.0
CYSLTR2,1.1235172594060363,0.2047244094488189,1.0
PSME2P2,1.127784063546549,0.23622047244094488,1.0
AL161421.1,-0.0793467999272981,0.8582677165354331,1.0
FNDC3A,-0.007479328455311851,0.968503937007874,1.0
COX7CP1,0.4426876972400242,0.6929133858267716,1.0
CDADC1,0.9027053866345778,0.5354330708661418,1.0
CAB39L,0.5442862471731531,0.5039370078740157,1.0
SETDB2,-0.15978032379989227,0.6614173228346457,1.0
PHF11,0.17916768403662076,0.5196850393700787,1.0
RCBTB1,0.4732737537602816,0.5511811023622047,1.0
EBPL,0.14699549835367698,0.7401574803149606,1.0
KPNA3,0.3448323251982419,0.25196850393700787,1.0
SPRYD7,-0.16921190076210157,0.8740157480314961,1.0
DLEU2,0.1996424592663253,0.84251968503937,1.0
TRIM13,-0.5567520018744938,0.1732283464566929,1.0
DLEU1,0.5287991490156179,0.5275590551181102,1.0
ST13P4,-0.09054303150678011,0.8818897637795275,1.0
RPL34P26,0.002592912153995819,1.0,1.0
RNASEH2B,-0.09586155124705531,0.7322834645669292,1.0
INTS6,-0.29521607538891015,0.1968503937007874,1.0
INTS6-AS1,-0.0865550152605239,0.8818897637795275,1.0
RPS4XP16,-0.7722913078228912,0.08661417322834646,1.0
WDFY2,0.03244546208948851,0.8976377952755905,1.0
DHRS12,0.3742581335539974,0.33070866141732286,1.0
AL162377.1,-0.2936732333759946,0.7559055118110236,1.0
ALG11,-0.2657148142393475,0.7874015748031497,1.0
UTP14C,-0.4070830536337011,0.6141732283464567,1.0
NEK3,-0.5133446073422472,0.4094488188976378,1.0
VPS36,0.07269494639733409,0.8110236220472441,1.0
AL359513.1,0.4937955787185042,0.5354330708661418,1.0
CKAP2,0.024117406346725545,0.8661417322834646,1.0
MRPS31P4,-0.6900631693713821,0.3858267716535433,1.0
HNRNPA1L2,0.49943027954354413,0.6141732283464567,1.0
SUGT1,0.23893945609618417,0.4645669291338583,1.0
RPL13AP25,-0.5907980713510064,0.05511811023622047,1.0
PCDH17,1.7289478208434388,0.05511811023622047,1.0
TDRD3,0.5046744566768258,0.3858267716535433,1.0
HNRNPA3P5,-0.024609451798243587,0.9606299212598425,1.0
ZDHHC20P4,-0.49710012448679186,0.48031496062992124,1.0
MZT1,0.1552109622593898,0.6771653543307087,1.0
BORA,-0.10842229747544896,0.9133858267716536,1.0
DIS3,-0.22192802448260807,0.33070866141732286,1.0
PIBF1,0.45397417339976087,0.15748031496062992,1.0
KLF5,-0.19390103132792813,0.7795275590551181,1.0
FABP5P1,-0.5259383872528747,0.5433070866141733,1.0
KLF12,-0.2519858168117999,0.11811023622047244,1.0
LINC00402,-0.06029482492711047,0.8976377952755905,1.0
TBC1D4,0.7525499533753894,0.2440944881889764,1.0
COMMD6,0.009594578021520306,0.952755905511811,1.0
UCHL3,0.31930843895311156,0.7244094488188977,1.0
LMO7,-0.3633270996429405,0.4251968503937008,1.0
KCTD12,-0.09144939764286608,0.9448818897637795,1.0
DHX9P1,-0.9320529324089959,0.05511811023622047,1.0
CLN5,0.4338270550829213,0.2204724409448819,1.0
FBXL3,-0.4406404854460968,0.07874015748031496,1.0
MYCBP2,0.19997296011764654,0.25196850393700787,1.0
SLAIN1,-0.3714041843751872,0.44881889763779526,1.0
RNF219,-0.45035167348669614,0.2204724409448819,1.0
RBM26,-0.11465513472589794,0.6220472440944882,1.0
NDFIP2,1.6536413400521708,0.05511811023622047,1.0
PTMAP5,-0.6453322956441774,0.05511811023622047,1.0
MIR17HG,0.5952505892160631,0.30708661417322836,1.0
TGDS,1.137391030214593,0.11811023622047244,1.0
GPR180,0.7190575805770765,0.6692913385826772,1.0
BRD7P5,-0.8758753463936801,0.13385826771653545,1.0
ABCC4,0.7551379627254837,0.11811023622047244,1.0
DNAJC3,0.17670265044222067,0.44881889763779526,1.0
MBNL2,-0.4771081183834376,0.29133858267716534,1.0
RAP2A,-0.022205708701760862,0.952755905511811,1.0
IPO5,0.5803868595443813,0.15748031496062992,1.0
STK24,1.0547274978855752,0.13385826771653545,1.0
DOCK9,-0.05689494473707768,0.84251968503937,1.0
DOCK9-AS2,1.320368904543689,0.06299212598425197,1.0
UBAC2,-0.05427151308851297,0.889763779527559,1.0
GPR18,0.655176239739804,0.14960629921259844,1.0
GPR183,0.5211989457038957,0.06299212598425197,1.0
LINC01232,-0.5071080544717184,0.3228346456692913,1.0
TM9SF2,0.28201059305873954,0.2125984251968504,1.0
CLYBL,-0.1531448806111464,0.6141732283464567,1.0
PCCA,0.8914363853024874,0.2440944881889764,1.0
GGACT,-0.3757037761527764,0.48031496062992124,1.0
RPS26P47,-1.1311915977806644,0.3464566929133858,1.0
TMTC4,-0.12527549374716784,0.7244094488188977,1.0
TPP2,-0.20994051213195153,0.41732283464566927,1.0
TEX30,0.5123690115988215,0.7795275590551181,1.0
BIVM,0.7130412258463821,0.5669291338582677,1.0
ERCC5,0.7869227063782798,0.3779527559055118,1.0
EFNB2,-0.6699883598028671,0.6141732283464567,1.0
ARGLU1,0.03778695476179017,0.8818897637795275,1.0
LIG4,-0.0762360500847814,0.84251968503937,1.0
ABHD13,-0.37879456430645053,0.16535433070866143,1.0
TNFSF13B,-1.683607898759023,0.023622047244094488,1.0
IRS2,-0.46628657098387905,0.3937007874015748,1.0
COL4A1,2.68270327915748,0.05511811023622047,1.0
COL4A2,1.8078949283025487,0.13385826771653545,1.0
RAB20,0.9227589901807725,0.2755905511811024,1.0
NAXD,-0.31091437667167465,0.2440944881889764,1.0
CARS2,0.15943580335730445,0.8503937007874016,1.0
ING1,-0.4129652688202201,0.2204724409448819,1.0
ANKRD10,-0.0029835683049128647,1.0,1.0
ANKRD10-IT1,1.6072418176819085,0.08661417322834646,1.0
PARP1P1,0.22080669614722748,0.6456692913385826,1.0
ARHGEF7,-0.31058030365519507,0.47244094488188976,1.0
TUBGCP3,-0.0894249300888399,0.8582677165354331,1.0
ATP11A,-0.3597699884102221,0.44881889763779526,1.0
MCF2L,0.4538105585606549,0.5433070866141733,1.0
MCF2L-AS1,-0.0913185535611738,1.0,1.0
PCID2,-0.1231806499624506,0.9212598425196851,1.0
CUL4A,0.05833961212935446,0.8582677165354331,1.0
LAMP1,0.19249941361696354,0.4251968503937008,1.0
DCUN1D2,0.09512807560198633,0.8110236220472441,1.0
TMCO3,-0.18154832570421497,0.7165354330708661,1.0
TFDP1,0.8446463937471886,0.14173228346456693,1.0
GAS6-AS1,0.9337946969767595,0.31496062992125984,1.0
RASA3,-0.11382866514847745,0.5354330708661418,1.0
CDC16,0.04778512653987921,0.8188976377952756,1.0
UPF3A,0.13481275063828146,0.6062992125984252,1.0
CHAMP1,0.2295367363487788,0.2125984251968504,1.0
TTC5,-0.3679147663262863,0.49606299212598426,1.0
CCNB1IP1,-0.6195441424102626,0.14173228346456693,1.0
PARP2,-0.17343575763303987,0.7716535433070866,1.0
TEP1,0.7555557980557457,0.2204724409448819,1.0
OSGEP,-0.10183822607774307,0.7480314960629921,1.0
APEX1,-0.4636241616233603,0.11023622047244094,1.0
PIP4P1,-0.03503030115410333,0.84251968503937,1.0
PNP,-0.2374513777499132,0.6299212598425197,1.0
RNASE6,1.747374260189246,0.015748031496062992,1.0
RNASE1,2.0289391767992817,0.1732283464566929,1.0
METTL17,-0.5436150914623781,0.13385826771653545,1.0
NDRG2,-0.7235273167384597,0.2047244094488189,1.0
ARHGEF40,-0.10903351464621491,0.8661417322834646,1.0
SMARCE1P3,-0.6935323284588759,0.3779527559055118,1.0
LINC00641,-0.8828079832144202,0.4645669291338583,1.0
HNRNPC,0.10317412964092298,0.5275590551181102,1.0
SUPT16H,0.10706117423894579,0.7559055118110236,1.0
CHD8,0.17409534457200504,0.4881889763779528,1.0
RAB2B,-0.023680022962899727,0.9133858267716536,1.0
TOX4,-0.22941968944977376,0.4645669291338583,1.0
METTL3,0.026021812266128208,0.9921259842519685,1.0
TRAV2,1.79618423247283,0.06299212598425197,1.0
TRAV4,1.0209591221159928,0.11023622047244094,1.0
TRAV5,0.016737346895600247,0.984251968503937,1.0
TRAV6,-0.10227541548076147,0.952755905511811,1.0
TRAV8-2,-1.0881601612277365,0.16535433070866143,1.0
TRAV13-1,-0.19637652288170537,0.8267716535433071,1.0
TRAV13-2,1.6606084077354173,0.10236220472440945,1.0
TRAV9-2,0.9122829000025887,0.2204724409448819,1.0
TRAV12-3,1.0222195124613167,0.12598425196850394,1.0
TRAV16,0.3682133334148576,0.6771653543307087,1.0
TRAV17,-0.532235751907745,0.2440944881889764,1.0
TRAV19,-0.4980657255761096,0.7559055118110236,1.0
TRAV20,-0.38782576331119545,0.5433070866141733,1.0
TRAV26-1,0.05911457675240639,0.968503937007874,1.0
TRAV29DV5,0.79472862372585,0.4566929133858268,1.0
TRAV39,-0.8007181368286694,0.30708661417322836,1.0
TRDC,-0.17146644920036835,0.8503937007874016,1.0
TRAC,0.3579066422545196,0.07086614173228346,1.0
DAD1,0.038794004076952326,0.9448818897637795,1.0
ABHD4,0.3986771876760473,0.4015748031496063,1.0
OXA1L,0.19963998612593858,0.3464566929133858,1.0
MRPL52,0.33435289753755804,0.3858267716535433,1.0
MMP14,-0.5093522796927581,0.5433070866141733,1.0
LRP10,0.2604695082756896,0.2047244094488189,1.0
REM2,0.639104131032852,0.4015748031496063,1.0
RBM23,0.02038779513569544,0.8346456692913385,1.0
PRMT5,-0.14115405569257522,0.952755905511811,1.0
HAUS4,-0.7967011335554316,0.41732283464566927,1.0
C14orf93,1.1918741006906317,0.15748031496062992,1.0
PSMB5,0.15901116528839054,0.6929133858267716,1.0
CDH24,0.7297289899469381,0.2677165354330709,1.0
ACIN1,0.16918655798718696,0.5905511811023622,1.0
C14orf119,0.7671994094893355,0.06299212598425197,1.0
SLC7A8,1.016074664690897,0.3700787401574803,1.0
HOMEZ,-0.2885804367662903,0.5984251968503937,1.0
PPP1R3E,0.7166641773656615,0.6614173228346457,1.0
BCL2L2,0.46949682614886357,0.47244094488188976,1.0
PABPN1,-0.021097503593785483,0.889763779527559,1.0
SLC22A17,0.8608703766849777,0.4566929133858268,1.0
NGDN,-0.7128318177400379,0.11023622047244094,1.0
ZFHX2-AS1,-0.4565389123662682,0.5196850393700787,1.0
AP1G2,1.1841285705660534,0.14173228346456693,1.0
DHRS4-AS1,0.1193718347812367,0.7559055118110236,1.0
DHRS4,0.39069697063056497,0.6535433070866141,1.0
DHRS4L2,-0.6960390525129263,0.2047244094488189,1.0
PCK2,0.9000518716974866,0.015748031496062992,1.0
DCAF11,0.13667161683087414,0.7952755905511811,1.0
PSME1,-0.3758388410536204,0.2992125984251969,1.0
EMC9,0.29537114063869785,0.7637795275590551,1.0
AL136295.2,-0.4943315183851331,0.4094488188976378,1.0
PSME2,0.004564915680787429,1.0,1.0
AL136295.5,0.5454316916576543,0.4330708661417323,1.0
IRF9,0.017550707830866763,1.0,1.0
REC8,-1.252695193806355,0.09448818897637795,1.0
TM9SF1,0.6310406084519318,0.5118110236220472,1.0
AL136295.7,0.7862029516897064,0.31496062992125984,1.0
CHMP4A,-0.14972945683630434,0.8346456692913385,1.0
NEDD8,0.24127313458773525,0.3700787401574803,1.0
GMPR2,1.2708424576004944,0.4015748031496063,1.0
TINF2,-0.026556417184602665,0.9212598425196851,1.0
RABGGTA,-0.22651743697788973,0.6220472440944882,1.0
DHRS1,0.31061448849965956,0.5669291338582677,1.0
NOP9,1.220669374233196,0.2125984251968504,1.0
LTB4R,-1.1478771314107314,0.11023622047244094,1.0
ADCY4,1.2853922189323224,0.18110236220472442,1.0
RIPK3,-1.2444297546096834,0.07086614173228346,1.0
CBLN3,0.8378838550676575,0.2677165354330709,1.0
KHNYN,-0.0859048347814042,0.8267716535433071,1.0
GZMH,0.8723072990840404,0.6456692913385826,1.0
GZMB,0.28722322815992385,0.8110236220472441,1.0
BNIP3P1,-0.883448245971935,0.09448818897637795,1.0
G2E3,-0.12384994305336594,0.5984251968503937,1.0
SCFD1,-0.37353899199944696,0.12598425196850394,1.0
AL049830.1,-0.47890873740393003,0.4330708661417323,1.0
STRN3,-0.11583660812039476,0.6850393700787402,1.0
AP4S1,-0.10997262651439987,0.8346456692913385,1.0
HECTD1,-0.3011066101261388,0.18110236220472442,1.0
HEATR5A,0.7289634525822226,0.48031496062992124,1.0
AL139353.3,-1.5022180879182845,0.07086614173228346,1.0
DTD2,-0.04242289288072287,0.8976377952755905,1.0
NUBPL,0.4123239749752772,0.7244094488188977,1.0
ARHGAP5,-0.4434041422383883,0.1732283464566929,1.0
AL136298.3,-0.3621122842912625,0.6535433070866141,1.0
EGLN3,1.3190500634753988,0.14960629921259844,1.0
SPTSSA,0.031344552822240246,0.952755905511811,1.0
EAPP,-0.015106509507441856,0.9763779527559056,1.0
SNX6,0.2635310203444323,0.33858267716535434,1.0
RPS19P3,-0.23952639913910367,0.6062992125984252,1.0
CFL2,-0.5463096677062671,0.09448818897637795,1.0
RPL12P6,0.19195624237120867,0.8188976377952756,1.0
BAZ1A,-0.007446572059890855,0.9606299212598425,1.0
AL121603.2,0.3381701146967613,0.8346456692913385,1.0
SRP54-AS1,0.9373620297533709,0.1732283464566929,1.0
SRP54,-0.3672603195888753,0.12598425196850394,1.0
FAM177A1,0.04325166311534279,0.937007874015748,1.0
PPP2R3C,0.2088790435979293,0.5039370078740157,1.0
KIAA0391,-0.6015265646274197,0.13385826771653545,1.0
PSMA6,0.37361566730943596,0.6062992125984252,1.0
NFKBIA,-0.46298721927917796,0.23622047244094488,1.0
RALGAPA1,-0.12705277293948924,0.5118110236220472,1.0
BRMS1L,-1.5682188320579757,0.03937007874015748,1.0
MBIP,-0.05845817413971055,0.9212598425196851,1.0
FOXA1,0.9652125815977183,0.14960629921259844,1.0
SEC23A,0.31937763839418043,0.44881889763779526,1.0
GEMIN2,-0.6265221691269831,0.2440944881889764,1.0
TRAPPC6B,-0.015246084113329061,0.9212598425196851,1.0
PNN,-0.04145573621929799,0.8661417322834646,1.0
CTAGE5,-0.052049699370172675,0.8267716535433071,1.0
FBXO33,-0.18544457361949185,0.44881889763779526,1.0
HNRNPUP1,-0.011067136593635674,0.984251968503937,1.0
AL109766.1,-0.5589566924843021,0.4015748031496063,1.0
DOCK11P1,0.061055731761462395,0.952755905511811,1.0
C14orf28,-0.5190120650224068,0.5669291338582677,1.0
KLHL28,0.04590546889162006,0.937007874015748,1.0
TOGARAM1,0.09348035858994042,0.6929133858267716,1.0
PRPF39,-0.001785407938442951,1.0,1.0
FKBP3,0.223247080774704,0.5669291338582677,1.0
FANCM,0.4744119873434127,0.8188976377952756,1.0
MIS18BP1,-0.1294291959590428,0.6220472440944882,1.0
DNAJC19P9,0.7734016161506267,0.5669291338582677,1.0
RPS29,-0.09149999970856015,0.8188976377952756,1.0
LRR1,-0.4541207803579088,0.6377952755905512,1.0
RPL36AL,-0.025084867992770654,0.9291338582677166,1.0
DNAAF2,-0.46306767313212394,0.33070866141732286,1.0
POLE2,0.7315820356830959,0.36220472440944884,1.0
KLHDC1,-0.27829786463156303,0.7637795275590551,1.0
KLHDC2,-0.15058112993418815,0.7165354330708661,1.0
NEMF,-0.13892906124128945,0.7322834645669292,1.0
RN7SL2,0.9857058948316955,0.18110236220472442,1.0
AL627171.1,-0.6497749334543088,0.5433070866141733,1.0
ARF6,0.08619807742583419,0.5590551181102362,1.0
LINC01588,0.4668353699876846,0.30708661417322836,1.0
VCPKMT,-0.2869170835158581,0.5433070866141733,1.0
SOS2,-0.13823098005190282,0.4330708661417323,1.0
L2HGDH,-0.4091404351429948,0.6062992125984252,1.0
ATP5S,-0.06836900033505877,0.8267716535433071,1.0
CDKL1,0.2268890404719499,0.7637795275590551,1.0
MAP4K5,-0.03735580020246765,0.9212598425196851,1.0
ATL1,1.433853472443578,0.015748031496062992,1.0
SAV1,-0.04700136035095337,0.9291338582677166,1.0
AL606834.2,-0.4428746699267241,0.5905511811023622,1.0
NIN,0.0646220108497042,0.7007874015748031,1.0
AL606834.3,0.4065508556544377,0.6535433070866141,1.0
TMX1,0.21116835441598614,0.5039370078740157,1.0
FRMD6,0.6372817209712411,0.4015748031496063,1.0
GNG2,0.019022068701776362,0.9448818897637795,1.0
RTRAF,0.22524059648864103,0.44881889763779526,1.0
PTGDR,-1.6757844037972316,0.1889763779527559,1.0
PTGER2,-0.09757531778532069,0.937007874015748,1.0
TXNDC16,-0.644790841756909,0.2204724409448819,1.0
ERO1A,0.16720758049055195,0.2283464566929134,1.0
PSMC6,0.502754261155987,0.3464566929133858,1.0
STYX,0.2629821964930592,0.2992125984251969,1.0
GNPNAT1,0.5188941325370551,0.7795275590551181,1.0
FERMT2,-0.5643019347251452,0.5511811023622047,1.0
DDHD1,-0.11831669801235911,0.6771653543307087,1.0
CDKN3,0.5158337536194849,0.5905511811023622,1.0
CNIH1,0.16702087590169956,0.6929133858267716,1.0
GMFB,0.5459580111964959,0.3228346456692913,1.0
CGRRF1,-0.10629988636019538,0.6850393700787402,1.0
SAMD4A,0.6706155960984417,0.4566929133858268,1.0
GCH1,-0.0360061346006475,0.8818897637795275,1.0
WDHD1,-0.10863593473121735,0.8503937007874016,1.0
SOCS4,0.010121037242323716,0.968503937007874,1.0
MAPK1IP1L,0.30014572555605046,0.1889763779527559,1.0
LGALS3,0.587338505731684,0.047244094488188976,1.0
AL158801.5,-0.09350298531619528,0.6456692913385826,1.0
FBXO34,-0.06585247795529625,0.7322834645669292,1.0
ATG14,-0.07282201717409631,0.8818897637795275,1.0
KTN1,0.05367189798201011,0.7874015748031497,1.0
PELI2,-1.1299872344104682,0.047244094488188976,1.0
TMEM260,-0.6974718462535776,0.14960629921259844,1.0
EXOC5,0.11331901151567969,0.7165354330708661,1.0
AP5M1,0.2344640217076961,0.4881889763779528,1.0
NAA30,0.14209533222876747,0.7244094488188977,1.0
ACTR10,0.36833490373665345,0.5748031496062992,1.0
PSMA3,-0.04481491859610287,0.9133858267716536,1.0
AL132989.1,0.76590588351932,0.4566929133858268,1.0
PSMA3-AS1,-0.011695069162391825,0.9133858267716536,1.0
ARID4A,0.12293336192352555,0.7322834645669292,1.0
TIMM9,0.5763188725434603,0.3858267716535433,1.0
KIAA0586,0.003089687758712323,1.0,1.0
HNRNPCP1,0.5751764850727115,0.48031496062992124,1.0
DACT1,0.6561300135938448,0.6062992125984252,1.0
AL049873.1,-0.2906995888851771,0.44881889763779526,1.0
DAAM1,0.9598877513516015,0.06299212598425197,1.0
GPR135,-1.3347135295626096,0.23622047244094488,1.0
L3HYPDH,-0.3686719281987827,0.7480314960629921,1.0
JKAMP,-0.12003540698641091,0.9291338582677166,1.0
PCNX4,0.046835820629084424,0.905511811023622,1.0
DHRS7,-0.3132456495309546,0.08661417322834646,1.0
PPM1A,-0.30679510476022553,0.2755905511811024,1.0
RBM8B,-0.6008923124438112,0.23622047244094488,1.0
MNAT1,-0.5682656835579634,0.13385826771653545,1.0
TRMT5,0.3930865659010738,0.44881889763779526,1.0
SLC38A6,0.34294126660784086,0.3543307086614173,1.0
PRKCH,-0.0637797832160274,0.6614173228346457,1.0
TMEM30B,-0.09321102433929163,0.8582677165354331,1.0
AL359220.1,0.5725453973942904,0.5275590551181102,1.0
HIF1A,0.14349089565359563,0.6377952755905512,1.0
SNAPC1,-0.33572131835244745,0.3700787401574803,1.0
RHOJ,1.2686714001479702,0.14173228346456693,1.0
PPP2R5E,0.1645931826178435,0.4094488188976378,1.0
WDR89,-0.11434796991294238,0.7716535433070866,1.0
HSPE1P2,0.1270369127349249,0.937007874015748,1.0
SGPP1,-0.004992854496885357,0.9921259842519685,1.0
SYNE2,0.1466583831900632,0.5196850393700787,1.0
ESR2,0.03265227139346938,0.952755905511811,1.0
MTHFD1,-0.029102669646873913,0.9448818897637795,1.0
AL122035.1,0.3752620027792075,0.6220472440944882,1.0
AL122035.2,-0.4362517981718206,0.2047244094488189,1.0
ZBTB25,-0.27733291058207055,0.3779527559055118,1.0
AKAP5,1.6439411371040333,0.18110236220472442,1.0
ZBTB1,-0.26199475207768685,0.41732283464566927,1.0
HSPA2,-0.24508474358297638,0.8267716535433071,1.0
PLEKHG3,0.4827286179370325,0.6614173228346457,1.0
CHURC1,0.49775722896971075,0.25196850393700787,1.0
RAB15,1.2958914748047363,0.13385826771653545,1.0
FNTB,-0.12185175146832483,0.905511811023622,1.0
MAX,0.046686433211930556,0.6771653543307087,1.0
FUT8,0.17601363089504307,0.7165354330708661,1.0
YBX1P1,0.14942252825852087,0.6299212598425197,1.0
GPHN,0.30937125337752125,0.7716535433070866,1.0
MPP5,-0.9528489305093966,0.015748031496062992,1.0
ATP6V1D,0.3954865415951385,0.2204724409448819,1.0
EIF2S1,-0.14763739953853072,0.6929133858267716,1.0
TMEM229B,-0.7459163641366626,0.3700787401574803,1.0
PIGH,0.03107558762233209,0.9763779527559056,1.0
ARG2,-0.9558245935063521,0.29133858267716534,1.0
VTI1B,0.30398972731402907,0.47244094488188976,1.0
RDH11,0.2789645844383992,0.5039370078740157,1.0
ZFYVE26,0.8734939084928186,0.4015748031496063,1.0
AL049779.3,-0.32448449939746593,0.84251968503937,1.0
RAD51B,-0.5808578536550142,0.5354330708661418,1.0
ZFP36L1,-0.11036349329115858,0.3464566929133858,1.0
ACTN1,-0.04449493469014598,0.952755905511811,1.0
DCAF5,-0.07350814119763793,0.6771653543307087,1.0
EXD2,0.03467826062754531,0.937007874015748,1.0
ERH,0.46082495591704653,0.13385826771653545,1.0
SLC39A9,0.7728448212199748,0.06299212598425197,1.0
SUSD6,0.3755666596595999,0.2047244094488189,1.0
SRSF5,-0.2203836251279654,0.5433070866141733,1.0
RPL7AP6,-0.0913227819758724,0.7007874015748031,1.0
AL160191.2,0.24243535935342253,0.8582677165354331,1.0
COX16,0.23073096115397407,0.8582677165354331,1.0
SYNJ2BP,-0.08425166946536411,0.7165354330708661,1.0
MED6,0.3944113500919588,0.28346456692913385,1.0
TTC9,0.07093175335524116,0.8267716535433071,1.0
MAP3K9,1.0834893234640575,0.05511811023622047,1.0
PCNX1,-0.25158507428068333,0.3464566929133858,1.0
SIPA1L1,0.2878903650435616,0.5118110236220472,1.0
DPF3,0.22757432087743257,0.7165354330708661,1.0
DCAF4,0.08845275614356485,0.937007874015748,1.0
ZFYVE1,-0.15361392453190303,0.7559055118110236,1.0
RBM25,-0.18634755121870583,0.2677165354330709,1.0
PSEN1,0.24595611244166538,0.13385826771653545,1.0
NUMB,-0.1950198813357309,0.5669291338582677,1.0
HEATR4,-0.7583454742820328,0.3464566929133858,1.0
RIOX1,0.9404657709503761,0.10236220472440945,1.0
ACOT2,-0.17043248209000028,0.5826771653543307,1.0
DNAL1,-0.3481653109605052,0.49606299212598426,1.0
PNMA1,-0.09972987912465747,0.8188976377952756,1.0
ELMSAN1,0.34655496928077856,0.5590551181102362,1.0
PTGR2,0.768083142933726,0.3543307086614173,1.0
FAM161B,0.07660865478935208,0.9212598425196851,1.0
COQ6,-0.31074552531188915,0.6771653543307087,1.0
ENTPD5,0.202035243808234,0.8110236220472441,1.0
BBOF1,-0.01197801373937657,1.0,1.0
ALDH6A1,-0.4741563523363195,0.3700787401574803,1.0
LIN52,-0.002516563534708638,1.0,1.0
ABCD4,0.26774412646208123,0.6220472440944882,1.0
NPC2,-0.5122313238141949,0.16535433070866143,1.0
RAP1AP,-0.33961386989135645,0.6220472440944882,1.0
ISCA2,0.13757393000829943,0.7165354330708661,1.0
LTBP2,0.8395607834262708,0.14173228346456693,1.0
AREL1,-0.130965765390183,0.6850393700787402,1.0
FCF1,0.07733908296188119,0.7637795275590551,1.0
YLPM1,-0.11651490726085001,0.47244094488188976,1.0
DLST,-0.6883089138583767,0.2125984251968504,1.0
EIF2B2,0.22785600775853876,0.6929133858267716,1.0
MLH3,0.6753673983791968,0.84251968503937,1.0
ACYP1,1.1650311532190583,0.31496062992125984,1.0
NEK9,-0.030019734744378468,0.9133858267716536,1.0
TMED10,0.028127104070994946,0.8346456692913385,1.0
FOS,-0.10803059262838133,0.8740157480314961,1.0
JDP2,0.20828539692655035,0.7795275590551181,1.0
BATF,0.5657165024695452,0.5826771653543307,1.0
FLVCR2,0.8657171884581505,0.4881889763779528,1.0
AC007182.2,-0.10565476383710859,0.84251968503937,1.0
TTLL5,0.17072329869631675,0.7165354330708661,1.0
ERG28,-0.05012512026706428,0.8582677165354331,1.0
IFT43,-0.2387912137183097,0.8346456692913385,1.0
TGFB3,0.4930498610348961,0.47244094488188976,1.0
GPATCH2L,-0.23349952627727344,0.5748031496062992,1.0
VASH1,-0.10837397825317274,0.8818897637795275,1.0
ANGEL1,0.7829226098301296,0.4251968503937008,1.0
AF111169.1,-0.4282306101291633,0.3779527559055118,1.0
IRF2BPL,-0.11254384886847202,0.7322834645669292,1.0
AC007686.3,-0.013759479609413816,0.984251968503937,1.0
CIPC,1.1059810873722098,0.2125984251968504,1.0
POMT2,0.3368028735184976,0.5984251968503937,1.0
TMED8,1.1648934698395195,0.023622047244094488,1.0
VIPAS39,0.410124851108713,0.3464566929133858,1.0
AHSA1,0.40186773005345877,0.1889763779527559,1.0
SPTLC2,0.09305836502530163,0.6456692913385826,1.0
ALKBH1,-0.039976427019533745,0.9448818897637795,1.0
SLIRP,0.43927225645858403,0.2125984251968504,1.0
SNW1,-0.24045032988572324,0.16535433070866143,1.0
ADCK1,-0.1452828919241851,0.8188976377952756,1.0
CEP128,0.03907711249533907,0.9606299212598425,1.0
TSHR,1.2304860961906565,0.29133858267716534,1.0
GTF2A1,0.32604849895570265,0.2992125984251969,1.0
DYNLL1P2,0.08764984692161648,0.889763779527559,1.0
SEL1L,0.6051835685787212,0.07874015748031496,1.0
LINC02328,-0.7747480084002683,0.36220472440944884,1.0
GALC,0.48054602103512956,0.16535433070866143,1.0
GPR65,-0.2807678750748632,0.3464566929133858,1.0
SPATA7,0.5650408867575529,0.5039370078740157,1.0
ZC3H14,-0.41321027310606784,0.2440944881889764,1.0
TTC8,0.7579610344072013,0.13385826771653545,1.0
FOXN3,0.0632553459217382,0.6062992125984252,1.0
TDP1,0.3235093587916227,0.5590551181102362,1.0
NRDE2,0.8859772129567132,0.4409448818897638,1.0
RPL21P11,-0.4918881358788316,0.5275590551181102,1.0
CALM1,-0.15909817522927838,0.2755905511811024,1.0
TTC7B,-1.2752870838098247,0.2047244094488189,1.0
AL122020.1,0.4859601917689118,0.5275590551181102,1.0
RPS6KA5,-0.44345267275211864,0.09448818897637795,1.0
DGLUCY,-0.4808585478849352,0.25196850393700787,1.0
GPR68,0.24379293924588818,0.6299212598425197,1.0
AL135818.1,0.9750841811695619,0.3700787401574803,1.0
AL135818.2,0.5941385336463822,0.5118110236220472,1.0
CCDC88C,-0.018823269784723706,0.9133858267716536,1.0
PPP4R3A,-0.06825125591843939,0.7559055118110236,1.0
CATSPERB,0.897519914796181,0.33070866141732286,1.0
AL121839.2,0.7287694996266552,0.2125984251968504,1.0
TC2N,-0.30040413215324424,0.4015748031496063,1.0
FBLN5,0.3426795597363692,0.49606299212598426,1.0
TRIP11,0.017953719244180988,0.9448818897637795,1.0
ATXN3,-0.3387274005124805,0.2283464566929134,1.0
NDUFB1,0.44266541513995694,0.14173228346456693,1.0
CPSF2,-0.08769652249654492,0.8346456692913385,1.0
RIN3,-0.4224899198153369,0.6850393700787402,1.0
LGMN,0.42612362415214067,0.7322834645669292,1.0
GOLGA5,0.2805603957184495,0.5275590551181102,1.0
ITPK1,0.7395076262255666,0.3937007874015748,1.0
MOAP1,-0.166845380342024,0.6456692913385826,1.0
TMEM251,-0.4131748714247667,0.6377952755905512,1.0
GON7,0.9851660567622345,0.31496062992125984,1.0
UBR7,0.39703877434047463,0.31496062992125984,1.0
BTBD7,-0.15043796752288863,0.7007874015748031,1.0
ASB2,0.6376899906790561,0.44881889763779526,1.0
DDX24,0.14754677251300485,0.4330708661417323,1.0
IFI27L1,-0.4881172310268471,0.4645669291338583,1.0
IFI27,1.5448058110962872,0.14960629921259844,1.0
IFI27L2,0.7266782008749648,0.13385826771653545,1.0
SERPINA1,0.5550720752741254,0.6377952755905512,1.0
DICER1,-0.18176932099169996,0.5196850393700787,1.0
DICER1-AS1,-0.3117773923272189,0.7322834645669292,1.0
SYNE3,1.586507893246746,0.13385826771653545,1.0
SNHG10,1.2628103431338222,0.07086614173228346,1.0
GLRX5,0.29824833258319217,0.4409448818897638,1.0
ATG2B,0.012434601381404953,0.9763779527559056,1.0
GSKIP,-0.23397069273897664,0.7559055118110236,1.0
PAPOLA,-0.06638060273109048,0.6771653543307087,1.0
VRK1,-0.0680083980950501,0.8110236220472441,1.0
LINC01550,0.8959132656786082,0.14960629921259844,1.0
RPL3P4,-0.10793043114881762,0.48031496062992124,1.0
AL162151.2,0.08447109190115887,0.9133858267716536,1.0
BCL11B,0.11186183149511031,0.7007874015748031,1.0
AL109767.1,-1.239040355857489,0.1968503937007874,1.0
SETD3,-0.3142937756271724,0.29133858267716534,1.0
CCNK,-0.2693680670223504,0.5826771653543307,1.0
EVL,0.3373567381311702,0.4251968503937008,1.0
YY1,-0.1691671665836223,0.47244094488188976,1.0
WARS,0.09347755221212228,0.905511811023622,1.0
AL157871.3,-0.7303493606173813,0.2755905511811024,1.0
WDR25,0.6535104467133048,0.3779527559055118,1.0
AL355032.1,0.4976546897460077,0.4566929133858268,1.0
LINC00239,0.6442025810027419,0.5196850393700787,1.0
PPP2R5C,0.16393750387200612,0.2677165354330709,1.0
AL137779.1,0.0663369892877721,0.9291338582677166,1.0
DYNC1H1,-0.11200602663412251,0.5590551181102362,1.0
HSP90AA1,-0.49993849367541365,0.3937007874015748,1.0
WDR20,0.3708056075792525,0.6299212598425197,1.0
ZNF839,1.0804613457888639,0.2125984251968504,1.0
CINP,0.1272567618049809,0.7165354330708661,1.0
TECPR2,0.3909460729540033,0.6614173228346457,1.0
ANKRD9,-0.05161515894335711,0.9606299212598425,1.0
RCOR1,0.6084395194797239,0.031496062992125984,1.0
TRAF3,0.5513063628984618,0.05511811023622047,1.0
TNFAIP2,0.3530651455358256,0.6220472440944882,1.0
EIF5,-0.05955705992620075,0.7716535433070866,1.0
MARK3,0.22531581047313942,0.07086614173228346,1.0
BAG5,-0.12430594569054154,0.6062992125984252,1.0
KLC1,-0.13288692605328212,0.889763779527559,1.0
APOPT1,0.5749352518211683,0.2992125984251969,1.0
AL049840.1,0.9570995659798791,0.25196850393700787,1.0
AL049840.4,0.2473519506062125,0.6929133858267716,1.0
ZFYVE21,0.36479307256089344,0.8740157480314961,1.0
PPP1R13B,0.3813186029503095,0.5590551181102362,1.0
C14orf2,0.0006513896201107983,1.0,1.0
INF2,-0.21093635286664503,0.7952755905511811,1.0
SIVA1,-0.5772879452329147,0.5984251968503937,1.0
AKT1,-0.33855592579294935,0.8346456692913385,1.0
CEP170B,1.420788416573838,0.05511811023622047,1.0
CDCA4,0.5437512745570205,0.2125984251968504,1.0
GPR132,0.16760269838076525,0.7874015748031497,1.0
JAG2,0.6931895359422584,0.5354330708661418,1.0
NUDT14,-0.6036378954724484,0.6062992125984252,1.0
BRF1,0.664338844419206,0.5590551181102362,1.0
BTBD6,-0.2495354075379259,0.4645669291338583,1.0
PACS2,1.2839944752811365,0.33070866141732286,1.0
AL928654.5,0.43196719038149456,0.6220472440944882,1.0
CRIP2,-0.42748172582256716,0.7795275590551181,1.0
CRIP1,0.24995336399692403,0.8110236220472441,1.0
TEDC1,0.5425187900985243,0.5275590551181102,1.0
IGHA2,-0.12109493460018839,0.952755905511811,1.0
IGHG4,0.8778708501774721,0.4330708661417323,1.0
IGHG2,3.208623454160268,0.10236220472440945,1.0
IGHGP,0.30282404242128624,0.9448818897637795,1.0
IGHA1,0.8762379889691152,0.6692913385826772,1.0
IGHG1,0.8097595647629241,0.5590551181102362,1.0
IGHG3,0.2953421963988365,0.7322834645669292,1.0
IGHM,-1.748416352616713,0.11811023622047244,1.0
FAM30A,-1.338476125209981,0.23622047244094488,1.0
AC246787.1,-0.14479057252926886,0.48031496062992124,1.0
IGHV3-15,0.5919740237372254,0.7244094488188977,1.0
HERC2P3,-0.6639766247101254,0.36220472440944884,1.0
AC025884.1,0.0013053194183401118,1.0,1.0
AC100757.1,0.384749364901833,0.6771653543307087,1.0
HERC2P2,0.6430177576632321,0.15748031496062992,1.0
WHAMMP3,-0.8926892792013328,0.31496062992125984,1.0
NIPA1,1.8096492970162985,0.031496062992125984,1.0
NIPA2,0.27319658945016734,0.5511811023622047,1.0
CYFIP1,0.7006653406284489,0.2677165354330709,1.0
TUBGCP5,-0.5412533398116359,0.16535433070866143,1.0
SNRPN,0.14975511148849296,0.7559055118110236,1.0
RPL5P1,-0.5954821113805622,0.12598425196850394,1.0
SNHG14,-0.46462016565522735,0.31496062992125984,1.0
AC124312.4,0.244601404764055,0.8031496062992126,1.0
PWAR5,-0.741445563400708,0.14173228346456693,1.0
PWAR6,-0.20554887840496994,0.8582677165354331,1.0
UBE3A,-0.23515959505582984,0.16535433070866143,1.0
ATP10A,-0.10674325616551306,0.9212598425196851,1.0
AC023449.2,-0.8384533797143157,0.12598425196850394,1.0
HERC2,0.41525959520863154,0.14960629921259844,1.0
RPL41P2,0.3699057499838132,0.6299212598425197,1.0
HERC2P9,1.728764919640063,0.031496062992125984,1.0
WHAMMP2,-0.7783145518585335,0.14960629921259844,1.0
APBA2,-1.019125989606703,0.14173228346456693,1.0
NSMCE3,-0.22046377318216503,0.3937007874015748,1.0
HMGN2P5,-0.3431415682412675,0.6535433070866141,1.0
AC127502.1,0.3968413824329853,0.6771653543307087,1.0
AC127502.2,-0.32259676174093377,0.7559055118110236,1.0
ARHGAP11B,-0.02965887469699391,0.9763779527559056,1.0
FAN1,-0.2736517587896188,0.7716535433070866,1.0
AC087481.3,-0.8645831758433634,0.31496062992125984,1.0
MTMR10,-0.2837814263939249,0.36220472440944884,1.0
AC012236.1,1.8374657744318548,0.05511811023622047,1.0
KLF13,0.1403612514565662,0.6220472440944882,1.0
AC135983.2,-0.05906728204280043,0.8976377952755905,1.0
ARHGAP11A,0.616491611917759,0.33858267716535434,1.0
FMN1,0.8620546029073624,0.36220472440944884,1.0
AVEN,1.154247216855298,0.13385826771653545,1.0
EMC7,0.07449895765717152,0.8110236220472441,1.0
PGBD4,0.45661119524206395,0.6377952755905512,1.0
KATNBL1,0.061897480350405765,0.8346456692913385,1.0
EMC4,-0.23310566263387322,0.36220472440944884,1.0
SLC12A6,0.6752130144011135,0.23622047244094488,1.0
NOP10,0.7596618360204461,0.031496062992125984,1.0
LPCAT4,0.345605639548622,0.047244094488188976,1.0
GOLGA8A,-0.29086094100622084,0.3464566929133858,1.0
GOLGA8B,0.07720220912869102,0.8188976377952756,1.0
AQR,-0.22594435264098234,0.31496062992125984,1.0
AC018868.1,0.9061228832433623,0.09448818897637795,1.0
ZNF770,-0.3596114223219775,0.1968503937007874,1.0
AC021231.2,0.4249968763905616,0.5511811023622047,1.0
ANP32AP1,-0.16713835253019194,0.8031496062992126,1.0
DPH6,-0.11714365782485636,0.7007874015748031,1.0
C15orf41,0.7848271887697369,0.07086614173228346,1.0
FAM98B,-0.15179852031234375,0.6062992125984252,1.0
RASGRP1,0.08617155662200382,0.5905511811023622,1.0
AC116158.1,0.4915942256662966,0.6771653543307087,1.0
AC104261.1,0.7032923209689298,0.41732283464566927,1.0
C15orf53,1.5161080724583647,0.015748031496062992,1.0
THBS1,1.8364059456295312,0.15748031496062992,1.0
EIF2AK4,0.4039620785321709,0.5433070866141733,1.0
SRP14,0.1077916312987135,0.6299212598425197,1.0
SRP14-AS1,-0.636802917440058,0.47244094488188976,1.0
BMF,-0.07378081284514315,0.8740157480314961,1.0
PLCB2,0.011541049358211986,0.984251968503937,1.0
AC020658.5,1.4581780182537858,0.015748031496062992,1.0
INAFM2,0.21822407772597963,0.7244094488188977,1.0
IVD,-0.06813246460534295,0.7637795275590551,1.0
BAHD1,-0.037046634794066335,0.9448818897637795,1.0
CHST14,0.005628528011204281,0.9921259842519685,1.0
CCDC32,0.560774887083016,0.4645669291338583,1.0
RPUSD2,-1.0088197437740067,0.16535433070866143,1.0
KNL1,0.7847497077917471,0.48031496062992124,1.0
RAD51-AS1,0.6183480787893751,0.4251968503937008,1.0
RMDN3,0.15778013132065638,0.5433070866141733,1.0
DNAJC17,0.38430801737658404,0.47244094488188976,1.0
ZFYVE19,-0.3949746485788519,0.4251968503937008,1.0
SPINT1,1.9746258696422128,0.06299212598425197,1.0
VPS18,0.014241089393296491,0.9606299212598425,1.0
INO80,0.5167877444843025,0.07086614173228346,1.0
CHP1,-0.013502136489169203,1.0,1.0
OIP5-AS1,0.02316066805342487,0.8818897637795275,1.0
NUSAP1,1.5356760192390535,0.031496062992125984,1.0
NDUFAF1,0.5420666016563271,0.6141732283464567,1.0
RTF1,-0.3284336540794053,0.29133858267716534,1.0
LTK,-0.6154363404305503,0.6456692913385826,1.0
RPAP1,-0.3762796103174937,0.6141732283464567,1.0
ELOCP2,0.022756544995032657,0.968503937007874,1.0
MGA,-0.04025156993874468,0.7716535433070866,1.0
MAPKBP1,0.1016746859305504,0.9291338582677166,1.0
AC020659.1,-0.6470547132437963,0.07086614173228346,1.0
EHD4,0.5279669424151505,0.07874015748031496,1.0
VPS39,0.12761047481189625,0.5590551181102362,1.0
TMEM87A,-0.0022271893656782282,0.9921259842519685,1.0
GANC,0.7922335799178541,0.41732283464566927,1.0
ZNF106,0.21961613963073479,0.18110236220472442,1.0
SNAP23,0.0544353794693162,0.8976377952755905,1.0
LRRC57,-0.19076623372122148,0.6614173228346457,1.0
HAUS2,-0.20930204871290137,0.6535433070866141,1.0
MYL12BP1,-0.7358325897530702,0.2677165354330709,1.0
STARD9,-0.14746985661386214,0.9291338582677166,1.0
CDAN1,-0.466860834197252,0.5039370078740157,1.0
TTBK2,-0.4490237949305529,0.30708661417322836,1.0
UBR1,0.23447666332087813,0.5433070866141733,1.0
RPS3AP47,-0.15349875799970558,0.8110236220472441,1.0
TMEM62,-0.0659097702818916,0.905511811023622,1.0
CCNDBP1,0.1072944968466345,0.3858267716535433,1.0
LCMT2,-0.37470956726354165,0.6692913385826772,1.0
ADAL,0.003851901042632999,0.9921259842519685,1.0
ZSCAN29,-0.601845996508386,0.16535433070866143,1.0
TUBGCP4,0.9272326823755908,0.08661417322834646,1.0
TP53BP1,-0.11722887313522401,0.7716535433070866,1.0
MAP1A,-0.6761048288417677,0.4881889763779528,1.0
PPIP5K1,-0.5187378623768355,0.16535433070866143,1.0
CATSPER2,-0.8614766949902364,0.3858267716535433,1.0
PDIA3,-0.14488244277551665,0.6141732283464567,1.0
SERF2,0.41976576281473044,0.4566929133858268,1.0
MFAP1,-0.38809589400809497,0.07874015748031496,1.0
WDR76,0.03708722921094143,0.889763779527559,1.0
PIN4P1,0.31207073601916946,0.7007874015748031,1.0
CASC4,-0.05149326584618663,0.8031496062992126,1.0
CTDSPL2,0.33216740961925506,0.2677165354330709,1.0
EIF3J-AS1,0.1608504682670353,0.9133858267716536,1.0
EIF3J,-0.22178815950269648,0.2283464566929134,1.0
SPG11,-0.1696424733160251,0.41732283464566927,1.0
PATL2,0.7742191441994546,0.5590551181102362,1.0
B2M,0.09157075114658397,0.7244094488188977,1.0
TRIM69,0.7899419341167091,0.05511811023622047,1.0
SORD,-0.34502182639036416,0.6692913385826772,1.0
SPATA5L1,-0.17456728853261216,0.8503937007874016,1.0
C15orf48,0.34743506653329614,0.6929133858267716,1.0
SLC30A4,0.18268170866694877,0.7874015748031497,1.0
BLOC1S6,0.19938477641640695,0.33070866141732286,1.0
SQOR,-0.00012628279172410828,1.0,1.0
AC044787.1,-0.08888785691623191,0.8503937007874016,1.0
MYEF2,0.10421800380622104,0.7322834645669292,1.0
DUT,0.007987342728536184,0.9448818897637795,1.0
FBN1,-0.9594260990038407,0.4094488188976378,1.0
CEP152,-0.15550043166819139,0.7952755905511811,1.0
EID1,-0.08210175403356068,0.7480314960629921,1.0
SECISBP2L,0.04968507718558701,0.7165354330708661,1.0
COPS2,-0.006790642747612985,0.9763779527559056,1.0
GALK2,-0.6151025656820175,0.4409448818897638,1.0
FAM227B,0.35029909151113303,0.6377952755905512,1.0
AC022306.1,0.5972625370501408,0.44881889763779526,1.0
DTWD1,-0.08724149721557817,0.5905511811023622,1.0
SLC27A2,1.1978685768036035,0.18110236220472442,1.0
GABPB1,-0.05029399104854004,0.8188976377952756,1.0
RNU6-94P,0.42956981051435694,0.44881889763779526,1.0
GABPB1-AS1,0.2978593233468323,0.8976377952755905,1.0
USP8,-0.25194299528592,0.31496062992125984,1.0
TRPM7,0.30389012664326653,0.2992125984251969,1.0
SPPL2A,0.06703525531002175,0.6535433070866141,1.0
AP4E1,-0.6905544931627414,0.1732283464566929,1.0
DMXL2,0.14169599938561528,0.8346456692913385,1.0
LYSMD2,-0.6975903548396714,0.2440944881889764,1.0
TMOD2,0.7277422054140614,0.5039370078740157,1.0
TMOD3,0.29004875602886404,0.047244094488188976,1.0
LEO1,-0.17409799318933317,0.6299212598425197,1.0
MAPK6,0.44415127903058504,0.08661417322834646,1.0
AC023906.1,-0.9011013248744315,0.28346456692913385,1.0
GNB5,0.3145781582031377,0.5826771653543307,1.0
CERNA1,-0.49025194400682925,0.48031496062992124,1.0
MYO5C,0.418720849859745,0.5275590551181102,1.0
MYO5A,0.28006257048018846,0.3937007874015748,1.0
ARPP19,0.3217975509281841,0.015748031496062992,1.0
FAM214A,-0.05486315802716479,0.7322834645669292,1.0
RSL24D1,-0.16996850882514014,0.5118110236220472,1.0
RAB27A,0.3813448945497919,0.2283464566929134,1.0
AC018926.2,-0.8362765504178866,0.14173228346456693,1.0
PIGBOS1,1.1256319511020907,0.3779527559055118,1.0
PIGB,-0.47150472338429017,0.49606299212598426,1.0
CCPG1,-0.2651408257973151,0.4251968503937008,1.0
AC013355.1,-0.29597010598714135,0.6377952755905512,1.0
NEDD4,-0.00530035912832405,1.0,1.0
CNOT6LP1,0.41183779682709787,0.4409448818897638,1.0
RFX7,0.2939788252212452,0.33070866141732286,1.0
ZNF280D,-0.28613256100598505,0.33858267716535434,1.0
TCF12,0.14186626680771397,0.5275590551181102,1.0
POLR2M,1.0359532066753205,0.5275590551181102,1.0
AQP9,-0.21533225102727482,0.8110236220472441,1.0
ADAM10,-0.4015469444003239,0.1889763779527559,1.0
MINDY2,-0.4995006392286374,0.11023622047244094,1.0
RNF111,-0.2964754342446012,0.2992125984251969,1.0
SLTM,-0.019902210301666834,0.937007874015748,1.0
GTF2A2,0.3111407628400995,0.07874015748031496,1.0
BNIP2,0.01567709613962176,0.9606299212598425,1.0
RPS3AP6,-0.10974345584075884,0.7401574803149606,1.0
ANXA2,0.8700623061415032,0.015748031496062992,1.0
ICE2,0.14848492847913075,0.6377952755905512,1.0
RORA,-0.01697675271723398,0.905511811023622,1.0
VPS13C,-0.08337188171355692,0.6299212598425197,1.0
C2CD4A,2.2826230039202127,0.11023622047244094,1.0
C2CD4B,0.8606144574838466,0.3779527559055118,1.0
TPM1,-0.026023964920980358,0.9606299212598425,1.0
LACTB,-0.09157815921746781,0.8582677165354331,1.0
RPS27L,0.4157231035477924,0.2125984251968504,1.0
RAB8B,0.014551503881148342,0.984251968503937,1.0
APH1B,0.5165615272998547,0.7007874015748031,1.0
USP3,0.03183405621397384,0.889763779527559,1.0
HERC1,-0.0976979785898271,0.48031496062992124,1.0
DAPK2,-0.06576866575743234,0.9212598425196851,1.0
FAM96A,-0.140826169318216,0.6299212598425197,1.0
SNX1,-0.08277178059417789,0.7165354330708661,1.0
SNX22,0.27759402744749795,0.7165354330708661,1.0
PPIB,0.11703740343618785,0.9133858267716536,1.0
CSNK1G1,0.7830160247613627,0.023622047244094488,1.0
PCLAF,-0.311388531085663,0.6850393700787402,1.0
TRIP4,1.4035820315518048,0.2125984251968504,1.0
ZNF609,-0.2771987431746732,0.3543307086614173,1.0
OAZ2,0.6991244008202644,0.1732283464566929,1.0
PLEKHO2,0.42861141989908225,0.4015748031496063,1.0
ANKDD1A,0.5231870815433326,0.5196850393700787,1.0
SPG21,0.07638503544883246,0.8110236220472441,1.0
MTFMT,0.6410866458444127,0.3937007874015748,1.0
PDCD7,-0.08438280464780501,0.7637795275590551,1.0
CLPX,0.2044792007915044,0.7322834645669292,1.0
PARP16,-0.5793950273419242,0.07874015748031496,1.0
RNU5A-1,-0.04967524179838323,0.9606299212598425,1.0
RNU5B-1,-1.8695721329103234,0.03937007874015748,1.0
DPP8,0.008816473092048582,0.984251968503937,1.0
HACD3,-0.7142672414989324,0.023622047244094488,1.0
INTS14,0.23089530749134024,0.5196850393700787,1.0
SLC24A1,0.12709483967142887,0.8976377952755905,1.0
DENND4A,0.3268676735080227,0.6535433070866141,1.0
RAB11A,0.06482164951311642,0.7480314960629921,1.0
AC011939.1,-0.08438296783462951,0.9291338582677166,1.0
DIS3L,-0.06302262721188168,0.84251968503937,1.0
TIPIN,0.2135783039681738,0.5905511811023622,1.0
MAP2K1,-0.19224605622651847,0.7086614173228346,1.0
SNAPC5,0.2219342486378184,0.6929133858267716,1.0
RPL4,-0.06484050333442148,0.5118110236220472,1.0
ZWILCH,-0.02743528894003333,0.8976377952755905,1.0
SMAD3,-0.5961565994929048,0.023622047244094488,1.0
AAGAB,0.5329717512893932,0.2204724409448819,1.0
IQCH-AS1,-0.010836058560527162,0.9606299212598425,1.0
C15orf61,-0.053451702410314716,0.905511811023622,1.0
MAP2K5,0.36039892477003344,0.7480314960629921,1.0
PIAS1,-0.3426124629154028,0.11811023622047244,1.0
CLN6,0.10308662170693861,0.952755905511811,1.0
FEM1B,-0.16479463058161503,0.5275590551181102,1.0
ANP32A,0.21838304878793213,0.5669291338582677,1.0
GLCE,-0.8675652910964748,0.14173228346456693,1.0
RPLP1,0.375086027759421,0.5275590551181102,1.0
PCAT29,1.0765809302555516,0.3700787401574803,1.0
TLE3,0.26513170772815187,0.6850393700787402,1.0
UACA,0.367989392798278,0.6456692913385826,1.0
HMGB1P6,0.12535799475492304,0.7716535433070866,1.0
AC064799.1,-0.3076172350813504,0.3779527559055118,1.0
MYO9A,0.3486767069804442,0.5905511811023622,1.0
PKM,0.7985944812553036,0.08661417322834646,1.0
PARP6,-0.0954451516960031,0.8503937007874016,1.0
HEXA,1.1404494534915042,0.16535433070866143,1.0
TMEM202-AS1,-0.1763527271284726,0.8346456692913385,1.0
ARIH1,0.05101682133907115,0.8267716535433071,1.0
BBS4,0.7974124075612541,0.44881889763779526,1.0
ADPGK,-0.027692430667997314,0.9291338582677166,1.0
NEO1,-0.7844900527734202,0.13385826771653545,1.0
NPTN,-0.051779724487113654,0.8188976377952756,1.0
NPTN-IT1,1.1263414809798924,0.2125984251968504,1.0
CD276,0.44984003685280927,0.6220472440944882,1.0
LOXL1-AS1,-1.1110515115464152,0.12598425196850394,1.0
LOXL1,-0.14834124754067557,0.905511811023622,1.0
PML,0.08629202232713062,0.7165354330708661,1.0
SEMA7A,0.5248664400751122,0.5433070866141733,1.0
UBL7,0.8982245214466671,0.2204724409448819,1.0
UBL7-AS1,-0.25276594576584976,0.7401574803149606,1.0
ARID3B,0.4151384712991071,0.6062992125984252,1.0
CLK3,0.5775494989205496,0.4566929133858268,1.0
EDC3,1.031792757927438,0.1732283464566929,1.0
CSK,0.5325813806237694,0.44881889763779526,1.0
ULK3,0.23530103304188366,0.47244094488188976,1.0
SCAMP2,0.5321903752619299,0.06299212598425197,1.0
MPI,0.5223320545258714,0.8110236220472441,1.0
FAM219B,1.563672392872999,0.015748031496062992,1.0
COX5A,0.3637967830600797,0.29133858267716534,1.0
RPP25,-0.016561694085522216,1.0,1.0
SCAMP5,0.5846990740952364,0.5275590551181102,1.0
PPCDC,1.5233625994993782,0.03937007874015748,1.0
C15orf39,-0.7401650359952185,0.25984251968503935,1.0
ANP32BP1,-0.07574985320692651,0.8976377952755905,1.0
COMMD4,1.2579709228110278,0.031496062992125984,1.0
MAN2C1,-0.9766048787909245,0.14173228346456693,1.0
SIN3A,0.16522232806975978,0.3464566929133858,1.0
PTPN9,-0.017515242883732185,0.937007874015748,1.0
SNUPN,-0.9907839313386102,0.2677165354330709,1.0
IMP3,-0.1570694490657072,0.7637795275590551,1.0
SNX33,0.24398317488084142,0.6850393700787402,1.0
UBE2Q2,-0.0028080925659574874,0.9921259842519685,1.0
FBXO22,-1.072932747961513,0.047244094488188976,1.0
ETFA,0.10926714015648553,0.8031496062992126,1.0
SCAPER,-0.47366624513025,0.11811023622047244,1.0
RCN2,0.2217829691695572,0.6771653543307087,1.0
PSTPIP1,-0.3872013742268887,0.7244094488188977,1.0
TSPAN3,-0.17412560654558895,0.33858267716535434,1.0
PEAK1,-0.5357878686651887,0.30708661417322836,1.0
HMG20A,0.6307697573753792,0.3779527559055118,1.0
TBC1D2B,-0.2785111176793551,0.4251968503937008,1.0
CIB2,-0.13982447277750776,0.8818897637795275,1.0
IDH3A,-0.7997201611542395,0.4645669291338583,1.0
DNAJA4,0.28389776134760325,0.6141732283464567,1.0
WDR61,-0.3243920435240977,0.5511811023622047,1.0
IREB2,0.49027676787870256,0.29133858267716534,1.0
HYKK,1.5915019581245486,0.015748031496062992,1.0
PSMA4,0.35167347912751534,0.13385826771653545,1.0
MORF4L1,-0.22870156434429223,0.2283464566929134,1.0
CTSH,0.7777414760291741,0.2755905511811024,1.0
TMED3,0.5982129290114528,0.18110236220472442,1.0
MTHFS,0.8205178942463172,0.11811023622047244,1.0
ST20,1.1184991899396097,0.2047244094488189,1.0
AC015871.3,0.22057912524858891,0.7952755905511811,1.0
BCL2A1,0.04775731469883038,0.8346456692913385,1.0
ZFAND6,0.27086004273435993,0.2755905511811024,1.0
FAH,0.9047136344192321,0.3858267716535433,1.0
ABHD17C,1.1361864661468,0.14173228346456693,1.0
MESD,-0.10527879982016763,0.5826771653543307,1.0
TLNRD1,0.007288082986955935,0.968503937007874,1.0
IL16,0.20034783085225438,0.6771653543307087,1.0
MEX3B,-0.7166563786479139,0.23622047244094488,1.0
EFL1,-0.018617043171140324,0.984251968503937,1.0
RPL9P9,-0.5256418610064486,0.2677165354330709,1.0
RPS17,0.007262624792089056,0.9921259842519685,1.0
WHAMM,-0.4766930251155843,0.023622047244094488,1.0
FAM103A1,-0.2935712847018379,0.84251968503937,1.0
C15orf40,-0.20803026426334803,0.48031496062992124,1.0
BTBD1,-0.15668661777136794,0.6850393700787402,1.0
HDGFL3,0.5738790680250676,0.5196850393700787,1.0
UBE2Q2P1,-1.5119294933744545,0.08661417322834646,1.0
ZSCAN2,0.6301995101170883,0.41732283464566927,1.0
SCAND2P,0.3203674179818379,0.7007874015748031,1.0
WDR73,0.9432531610856234,0.2204724409448819,1.0
NMB,0.3308009646236325,0.7244094488188977,1.0
SEC11A,0.32131564799176804,0.4566929133858268,1.0
ZNF592,0.1702043122673409,0.5590551181102362,1.0
PDE8A,0.07760631116159589,0.889763779527559,1.0
ADAMTS7P4,1.6246185093819616,0.031496062992125984,1.0
AKAP13,0.18703932427859726,0.5826771653543307,1.0
AC104046.1,-0.3758211315082567,0.6929133858267716,1.0
MRPL46,0.7093339471827995,0.3464566929133858,1.0
MRPS11,0.8927176278966189,0.3700787401574803,1.0
DET1,-1.293653435655224,0.07086614173228346,1.0
AEN,1.147856065356009,0.07874015748031496,1.0
ISG20,0.399099506332921,0.47244094488188976,1.0
HAPLN3,0.7975879984262457,0.2677165354330709,1.0
MFGE8,0.2950407382699951,0.7637795275590551,1.0
ABHD2,-0.0002663842445267406,1.0,1.0
FANCI,0.4336775489198086,0.5905511811023622,1.0
POLG,1.5057247824090214,0.13385826771653545,1.0
PEX11A,0.24130226981694425,0.7637795275590551,1.0
AP3S2,0.7901583335011453,0.4409448818897638,1.0
ZNF710,0.295031552093599,0.7637795275590551,1.0
ZNF710-AS1,0.3047509837239164,0.7086614173228346,1.0
IDH2,-0.17904888362130666,0.6456692913385826,1.0
SEMA4B,-0.22233192247518208,0.6535433070866141,1.0
RPS12P26,-1.144929863686146,0.16535433070866143,1.0
CIB1,-0.39607492823460166,0.7559055118110236,1.0
GDPGP1,0.5351796449264279,0.5118110236220472,1.0
NGRN,-1.4590774834317926,0.07874015748031496,1.0
IQGAP1,0.2798279591267452,0.2047244094488189,1.0
CRTC3,0.18423220256562978,0.5511811023622047,1.0
HSPE1P3,0.16687115027963229,0.7559055118110236,1.0
BLM,0.9502091162911519,0.13385826771653545,1.0
FURIN,0.7951600820793177,0.29133858267716534,1.0
MAN2A2,-0.5466034754422977,0.12598425196850394,1.0
UNC45A,0.06862795209690464,0.9133858267716536,1.0
RCCD1,1.682523070851953,0.015748031496062992,1.0
PRC1,0.44469239915331427,0.6377952755905512,1.0
VPS33B,-0.6207557921884703,0.4251968503937008,1.0
SLCO3A1,0.6375659906608142,0.6141732283464567,1.0
FAM174B,0.3412290650222749,0.7637795275590551,1.0
HMGN1P38,-0.46583046808734396,0.6614173228346457,1.0
AC091544.3,0.6184393425333662,0.4645669291338583,1.0
LINC01578,-0.02719507080265693,0.937007874015748,1.0
CHD2,0.04746388429458026,0.6456692913385826,1.0
AC104390.1,-0.16080705072876267,0.6771653543307087,1.0
MCTP2,-0.012298014024886061,1.0,1.0
NR2F2,1.404198712349634,0.18110236220472442,1.0
IGF1R,-0.7062408689674311,0.28346456692913385,1.0
SYNM,1.0461369034594732,0.28346456692913385,1.0
LRRC28,-0.5543791496695203,0.4015748031496063,1.0
HSP90B2P,-0.49252384103448943,0.15748031496062992,1.0
MEF2A,0.017478863517985666,0.952755905511811,1.0
LYSMD4,-0.5801391511439689,0.5511811023622047,1.0
AC090825.1,0.4540242058672317,0.5433070866141733,1.0
AC027020.2,-0.18753127859710972,0.6771653543307087,1.0
RNU6-322P,-0.10742370858781358,0.905511811023622,1.0
LINS1,-0.04174467019588857,0.7952755905511811,1.0
ASB7,0.053910516977367706,0.937007874015748,1.0
CHSY1,-0.4384053000950807,0.11811023622047244,1.0
SELENOS,-0.0324895947703876,0.9291338582677166,1.0
SNRPA1,0.005714787888893902,0.984251968503937,1.0
TM2D3,0.1646837931308669,0.5196850393700787,1.0
TARSL2,0.7277880461263972,0.7480314960629921,1.0
AC027559.1,-1.0665596368828507,0.2204724409448819,1.0
POLR3K,0.1966514817570939,0.7559055118110236,1.0
SNRNP25,0.15376843851802402,0.7874015748031497,1.0
NPRL3,-0.4493175704807886,0.5826771653543307,1.0
HBA2,-2.597649382934004,0.16535433070866143,1.0
HBA1,-1.634851638740198,0.2755905511811024,1.0
Z69706.1,0.7296051503223224,0.41732283464566927,1.0
LUC7L,-0.260878779552705,0.29133858267716534,1.0
FAM234A,0.6444141502905301,0.5196850393700787,1.0
AXIN1,-0.22203819702691519,0.7795275590551181,1.0
MRPL28,0.954789946355294,0.4409448818897638,1.0
TMEM8A,-0.1276962228081686,0.7322834645669292,1.0
NME4,-1.7404569912122545,0.14960629921259844,1.0
RAB11FIP3,-0.24309352407332607,0.41732283464566927,1.0
CAPN15,0.31850381652723936,0.6141732283464567,1.0
PIGQ,0.23486874311328854,0.84251968503937,1.0
METTL26,0.45877422685008096,0.7874015748031497,1.0
WDR90,-0.054897352655098874,0.8740157480314961,1.0
RHOT2,-0.2540687733281146,0.7874015748031497,1.0
FBXL16,-0.5906439522654274,0.4251968503937008,1.0
FAM173A,0.7302651841029717,0.5905511811023622,1.0
HAGHL,0.1029838566244945,0.84251968503937,1.0
NARFL,0.05635293237259642,0.889763779527559,1.0
RPUSD1,0.5002606446240012,0.6220472440944882,1.0
LMF1,0.3862890040283995,0.7165354330708661,1.0
AC009041.2,-0.2600332006091388,0.7874015748031497,1.0
SOX8,0.3676376663267362,0.7165354330708661,1.0
TPSB2,1.430856566550947,0.5039370078740157,1.0
TPSAB1,1.6478786148786975,0.28346456692913385,1.0
UBE2I,0.4155171405580962,0.10236220472440945,1.0
TSR3,0.32205802463256994,0.7637795275590551,1.0
GNPTG,-0.42305490469921114,0.6929133858267716,1.0
UNKL,-0.7313682914678137,0.5748031496062992,1.0
C16orf91,-1.4393584351979705,0.031496062992125984,1.0
TELO2,-0.6458540482191344,0.5905511811023622,1.0
TMEM204,-0.8878230793085415,0.28346456692913385,1.0
CRAMP1,0.11661015940383113,0.6850393700787402,1.0
JPT2,1.290176793749458,0.2047244094488189,1.0
MAPK8IP3,-0.5054704370376601,0.6062992125984252,1.0
NME3,-0.2277752183584938,0.8188976377952756,1.0
MRPS34,0.6146242209542754,0.5196850393700787,1.0
EME2,-0.2880219293359889,0.7007874015748031,1.0
NUBP2,-0.22585850492238535,0.7637795275590551,1.0
HAGH,0.31084218334636304,0.6771653543307087,1.0
FAHD1,0.5723355458771722,0.4645669291338583,1.0
MSRB1,0.9682468361190071,0.23622047244094488,1.0
NDUFB10,0.2505158092650852,0.5275590551181102,1.0
RPS2,0.10220716828434462,0.7086614173228346,1.0
SNHG9,-1.25724254660595,0.11811023622047244,1.0
TBL3,-0.225941139561876,0.8267716535433071,1.0
GFER,1.327431523020031,0.11811023622047244,1.0
SYNGR3,-0.47070527459007416,0.5511811023622047,1.0
SLC9A3R2,1.2910433644684813,0.2125984251968504,1.0
TSC2,0.225296602062671,0.7716535433070866,1.0
PKD1,-0.432451472556314,0.7795275590551181,1.0
SNHG19,0.7583697830014207,0.3464566929133858,1.0
TRAF7,0.15031785787751106,0.8740157480314961,1.0
BRICD5,-0.7732656090818213,0.3858267716535433,1.0
PGP,-0.09409555796473068,0.9133858267716536,1.0
E4F1,-0.08308761817893773,0.952755905511811,1.0
ECI1,1.5767033490063787,0.09448818897637795,1.0
RNPS1,0.0038366385015811133,1.0,1.0
CCNF,0.679955271972762,0.3779527559055118,1.0
TBC1D24,0.5299797645025044,0.4094488188976378,1.0
AMDHD2,0.4677387060009952,0.6220472440944882,1.0
PDPK1,-0.15330304562592723,0.6614173228346457,1.0
AC141586.1,-0.027401093584268565,0.9763779527559056,1.0
ERVK13-1,1.190877505168502,0.03937007874015748,1.0
KCTD5,0.19463631775324775,0.48031496062992124,1.0
PRSS27,0.3308644273079805,0.7007874015748031,1.0
SRRM2,-0.19660303877124186,0.14173228346456693,1.0
ELOB,0.15535938549711226,0.8582677165354331,1.0
PRSS21,-0.3505032508440378,0.7244094488188977,1.0
PRSS22,0.5415814413482318,0.7637795275590551,1.0
FLYWCH2,0.029856094591928617,0.9448818897637795,1.0
FLYWCH1,-0.26475254197788933,0.8503937007874016,1.0
TNFRSF12A,0.6924529081702134,0.41732283464566927,1.0
HCFC1R1,0.7231097039913061,0.12598425196850394,1.0
THOC6,-0.9541434317579407,0.3858267716535433,1.0
MMP25-AS1,-1.0848901611876043,0.11023622047244094,1.0
IL32,0.167532634975748,0.6299212598425197,1.0
AC108134.3,-0.6586357128875382,0.4094488188976378,1.0
ZNF213-AS1,1.054357862969475,0.12598425196850394,1.0
ZNF213,0.9960515421168785,0.23622047244094488,1.0
ZNF200,0.35907296467546246,0.4409448818897638,1.0
LINC00921,-0.09023704015682421,0.952755905511811,1.0
ZNF263,0.5018038145584627,0.33858267716535434,1.0
TIGD7,1.086096935947121,0.09448818897637795,1.0
ZNF75A,-0.6390720728603076,0.03937007874015748,1.0
ZNF174,-0.4754919115741636,0.5118110236220472,1.0
ZNF597,0.1427443117714593,0.8188976377952756,1.0
NAA60,0.12357739991365424,0.7559055118110236,1.0
CLUAP1,-0.29325706937174356,0.33858267716535434,1.0
NLRC3,-0.18925300293481317,0.6535433070866141,1.0
SLX4,-0.11185167047256661,0.952755905511811,1.0
DNASE1,-0.6840553408923897,0.25984251968503935,1.0
TRAP1,0.5799065404634922,0.4881889763779528,1.0
CREBBP,-0.2695444770352635,0.4645669291338583,1.0
ADCY9,-0.5444710912342394,0.5984251968503937,1.0
TFAP4,0.7485861131809548,0.4251968503937008,1.0
CORO7,-0.9634238358134306,0.29133858267716534,1.0
VASN,0.9679341390204805,0.18110236220472442,1.0
DNAJA3,-0.4647078325170426,0.2440944881889764,1.0
NMRAL1,1.5165129187801756,0.2125984251968504,1.0
HMOX2,0.36338995402276275,0.23622047244094488,1.0
CDIP1,-0.5816149593113109,0.25984251968503935,1.0
SUB1P3,-0.33889501112665776,0.6692913385826772,1.0
UBALD1,0.9072601955859847,0.4330708661417323,1.0
MGRN1,0.862458670018964,0.3937007874015748,1.0
NUDT16L1,-0.011321440549163064,0.968503937007874,1.0
ANKS3,0.5337381733530386,0.36220472440944884,1.0
ZNF500,0.12888465558089734,0.889763779527559,1.0
ROGDI,1.4143202908397723,0.1732283464566929,1.0
GLYR1,-0.15438789776896922,0.6141732283464567,1.0
UBN1,-0.3769901375373834,0.1889763779527559,1.0
NAGPA,0.14407399405176324,0.8188976377952756,1.0
METTL22,0.5566552330494448,0.5511811023622047,1.0
ABAT,0.17117946711711385,0.7322834645669292,1.0
TMEM186,-0.7325468380862987,0.29133858267716534,1.0
PMM2,0.7365233473690496,0.5984251968503937,1.0
CARHSP1,-0.2888041291459853,0.49606299212598426,1.0
USP7,0.00857638183548115,0.9606299212598425,1.0
C16orf72,-0.04229665588667508,0.8503937007874016,1.0
RPL21P119,0.18657407097539114,0.7637795275590551,1.0
ATF7IP2,-0.16706664445257413,0.6141732283464567,1.0
NUBP1,0.08199837872328675,0.9133858267716536,1.0
CIITA,0.761311598417215,0.25984251968503935,1.0
CLEC16A,-0.39786400892996276,0.5748031496062992,1.0
RMI2,0.7350781749486577,0.4566929133858268,1.0
SOCS1,-0.31558158775597,0.7244094488188977,1.0
LITAF,-0.38335957435739587,0.14960629921259844,1.0
SNN,0.7047903932176167,0.2283464566929134,1.0
TXNDC11,0.0379738241557428,0.9448818897637795,1.0
ZC3H7A,0.18787183239273375,0.5826771653543307,1.0
RSL1D1,-0.18886628445556575,0.14173228346456693,1.0
GSPT1,0.3400332512824322,0.25196850393700787,1.0
NPIPB2,-0.5561237604178613,0.3937007874015748,1.0
TNFRSF17,0.20109594035040224,1.0,1.0
SNX29,0.0175601538741752,0.9763779527559056,1.0
CPPED1,0.8443436444049546,0.29133858267716534,1.0
AC092324.1,-0.6070908277645355,0.05511811023622047,1.0
ERCC4,-0.49254977302035696,0.5590551181102362,1.0
MKL2,0.703503564131303,0.09448818897637795,1.0
TVP23CP2,-0.04026305104312122,0.9212598425196851,1.0
PARN,-0.32633712693586503,0.2125984251968504,1.0
BFAR,0.24360988605966316,0.7637795275590551,1.0
NOMO1,0.36085673485092506,0.6456692913385826,1.0
NPIPA1,-0.5653082871507173,0.30708661417322836,1.0
PDXDC1,0.07994294130761848,0.8267716535433071,1.0
NTAN1,-0.18063450380098423,0.8110236220472441,1.0
RRN3,-0.3781113059424337,0.3779527559055118,1.0
NPIPP1,0.40398143420353616,0.4015748031496063,1.0
PKD1P6,0.6686026494612503,0.4015748031496063,1.0
NPIPA5,0.6792032747820875,0.6535433070866141,1.0
C16orf45,1.1713947104544653,0.07874015748031496,1.0
MARF1,-0.15788701708580444,0.30708661417322836,1.0
NDE1,0.3797967837698488,0.28346456692913385,1.0
AC026401.3,-0.18485810057929664,0.5669291338582677,1.0
MYH11,0.29122586164878017,0.7952755905511811,1.0
AF001548.2,-0.7138403908458066,0.3779527559055118,1.0
FOPNL,-0.21555621884780596,0.4881889763779528,1.0
ABCC1,-0.2480222428169192,0.6614173228346457,1.0
XYLT1,0.4508182941286911,0.48031496062992124,1.0
AC099494.2,-0.34540042470891685,0.6692913385826772,1.0
RPS15A,0.04879415742739823,0.6456692913385826,1.0
ARL6IP1,0.274486632961346,0.3779527559055118,1.0
SMG1,-0.2802321873648026,0.3228346456692913,1.0
COQ7,-0.10630280893759814,0.8976377952755905,1.0
ITPRIPL2,0.20169632428598083,0.7637795275590551,1.0
GDE1,0.32231280934694073,0.4645669291338583,1.0
CCP110,-0.2994786470979882,0.3700787401574803,1.0
C16orf62,0.04707060134405605,0.8976377952755905,1.0
KNOP1,-0.24219530527486244,0.5905511811023622,1.0
THUMPD1,-0.11600943931652719,0.29133858267716534,1.0
ERI2,0.6128379511567323,0.33858267716535434,1.0
DCUN1D3,-0.18550109422192618,0.7559055118110236,1.0
LYRM1,0.43366128740522925,0.1889763779527559,1.0
TMEM159,-0.27712532157926706,0.6062992125984252,1.0
SMG1P3,0.8554441057289885,0.36220472440944884,1.0
METTL9,-0.46607565005971363,0.023622047244094488,1.0
AC092375.2,-0.060516002193128804,0.952755905511811,1.0
RRN3P1,-0.5736107964076869,0.14173228346456693,1.0
NPIPB4,0.18659246599183965,0.8188976377952756,1.0
SMG1P4,-0.5868045205788834,0.48031496062992124,1.0
UQCRC2,0.02025254373004337,0.9212598425196851,1.0
C16orf52,0.37300444607694727,0.6535433070866141,1.0
SDR42E2,-0.7189358609468477,0.4094488188976378,1.0
EEF2K,0.5793582655947302,0.03937007874015748,1.0
POLR3E,0.6227731220764667,0.15748031496062992,1.0
CDR2,-0.10042844695314557,0.5669291338582677,1.0
RRN3P3,1.7302026608530712,0.015748031496062992,1.0
USP31,0.01738364190330577,1.0,1.0
COG7,0.598320894193948,0.4094488188976378,1.0
GGA2,-0.48945411447631226,0.031496062992125984,1.0
EARS2,-0.1337846198746795,0.9133858267716536,1.0
UBFD1,0.3225490937800757,0.44881889763779526,1.0
NDUFAB1,0.750332107715626,0.3779527559055118,1.0
PALB2,0.7073169269322448,0.5275590551181102,1.0
DCTN5,-0.0862929519153397,0.8346456692913385,1.0
PRKCB,-0.004441354043192014,0.984251968503937,1.0
RBBP6,-0.01864514720853805,0.905511811023622,1.0
TNRC6A,-0.12451674191494266,0.4881889763779528,1.0
ARHGAP17,0.5161948036777559,0.5826771653543307,1.0
AC133552.1,-0.5734490722044292,0.5118110236220472,1.0
AC133552.2,0.34587896739954993,0.6692913385826772,1.0
LCMT1,0.4945050927643462,0.4645669291338583,1.0
AC008741.2,-0.11466477400994635,0.937007874015748,1.0
HMGN2P3,-0.06851031842754729,0.8740157480314961,1.0
LINC02195,1.0978343786203175,0.2125984251968504,1.0
KDM8,-0.421648354536621,0.4330708661417323,1.0
NSMCE1,-0.28441020222920965,0.44881889763779526,1.0
IL4R,-0.16277541848208266,0.6141732283464567,1.0
IL21R,0.05879422671326928,0.9133858267716536,1.0
GTF3C1,-0.5265036196354544,0.7244094488188977,1.0
KIAA0556,0.36739133158285897,0.5590551181102362,1.0
XPO6,-0.19088754538671093,0.8110236220472441,1.0
GAPDHP35,0.35308450254867463,0.4566929133858268,1.0
SBK1,0.27214334354956726,0.7165354330708661,1.0
CLN3,0.8743932858318935,0.1889763779527559,1.0
APOBR,1.0678595296773592,0.36220472440944884,1.0
SGF29,-0.0009299836784415483,1.0,1.0
SULT1A1,0.062291596990071696,0.9291338582677166,1.0
ATXN2L,-0.28290701868721024,0.8661417322834646,1.0
TUFM,0.01289574785701042,0.9606299212598425,1.0
SH2B1,0.4506941485386844,0.4645669291338583,1.0
CD19,-0.286683858774222,0.7795275590551181,1.0
NFATC2IP,0.059409921849349345,0.905511811023622,1.0
AC109460.2,0.40055925150944693,0.5984251968503937,1.0
LAT,0.048156390293240925,0.952755905511811,1.0
RRN3P2,1.8500171393406584,0.05511811023622047,1.0
NPIPB11,-1.0827074391583353,0.14960629921259844,1.0
SMG1P2,-0.14182667827596251,0.7716535433070866,1.0
SPN,0.38521411855026333,0.36220472440944884,1.0
QPRT,1.281626278407796,0.2125984251968504,1.0
C16orf54,0.057283536747966934,0.7716535433070866,1.0
KIF22,0.9663907354314722,0.3858267716535433,1.0
MVP,0.6318134266429922,0.5905511811023622,1.0
CDIPT,-0.006265160185323637,0.9448818897637795,1.0
KCTD13,0.4112107575152537,0.25984251968503935,1.0
TMEM219,0.23185430350965053,0.29133858267716534,1.0
TAOK2,-0.2775196792063208,0.7716535433070866,1.0
HIRIP3,-0.011854618544341555,0.968503937007874,1.0
INO80E,-0.623194694268203,0.6692913385826772,1.0
ALDOA,0.1849806961933922,0.7165354330708661,1.0
PPP4C,0.27809019886080577,0.5748031496062992,1.0
YPEL3,0.1997454210854901,0.6456692913385826,1.0
GDPD3,0.15908145015981834,0.8031496062992126,1.0
MAPK3,0.7616214706508133,0.1968503937007874,1.0
CORO1A,-0.1248825486828764,0.937007874015748,1.0
CD2BP2,0.08047406258872147,0.84251968503937,1.0
TBC1D10B,0.4694407964132168,0.44881889763779526,1.0
ZNF48,-0.9069257953304182,0.25984251968503935,1.0
SEPT1,0.0038089040283275644,0.9921259842519685,1.0
DCTPP1,0.5723582063967636,0.6614173228346457,1.0
SEPHS2,0.08019442856539705,0.8818897637795275,1.0
ITGAL,0.21518761854839497,0.2125984251968504,1.0
ZNF768,1.044042814609023,0.1968503937007874,1.0
ZNF747,1.3054272436754162,0.18110236220472442,1.0
AC002310.1,-0.2915420928502148,0.7244094488188977,1.0
ZNF764,-0.45120240783478627,0.4094488188976378,1.0
ZNF688,-0.26773097574777927,0.889763779527559,1.0
ZNF785,0.9533408377947841,0.28346456692913385,1.0
ZNF689,-0.3549067438718776,0.4409448818897638,1.0
PRR14,-0.1542372343038263,0.9291338582677166,1.0
FBRS,-0.2846551383137079,0.7716535433070866,1.0
SRCAP,-0.7327106633544354,0.33858267716535434,1.0
PHKG2,0.7191551529143974,0.25196850393700787,1.0
BCL7C,0.2151996224818098,0.7480314960629921,1.0
ORAI3,0.26691235326528373,0.7874015748031497,1.0
SETD1A,-1.6657196667751404,0.06299212598425197,1.0
HSD3B7,-0.14265426744954013,0.905511811023622,1.0
STX4,-0.3595919762904982,0.6535433070866141,1.0
ZNF646,0.22410899344822854,0.8582677165354331,1.0
VKORC1,0.9545994318717388,0.41732283464566927,1.0
BCKDK,0.39985336656522197,0.6220472440944882,1.0
KAT8,-0.011097188625791343,0.9921259842519685,1.0
AC135050.6,0.7280132638671888,0.1889763779527559,1.0
FUS,0.1371937262935159,0.8188976377952756,1.0
PYCARD,0.5123676738626122,0.6850393700787402,1.0
ITGAM,-0.7977792552350853,0.1889763779527559,1.0
ARMC5,-0.19346396618234696,0.7795275590551181,1.0
CLUHP3,-0.9724376926789491,0.28346456692913385,1.0
ZNF720,0.6157391272653703,0.14960629921259844,1.0
ZNF267,0.08229024792993567,0.8031496062992126,1.0
BCLAF1P2,0.11809182366209381,0.8031496062992126,1.0
VPS35,-0.02898595425121453,0.9212598425196851,1.0
ORC6,0.49303594717479116,0.44881889763779526,1.0
C16orf87,0.40731604010130873,0.6062992125984252,1.0
DNAJA2,-0.1874302081726551,0.6771653543307087,1.0
NETO2,1.2266555722238475,0.05511811023622047,1.0
ITFG1,-0.09906286094493044,0.8267716535433071,1.0
PHKB,0.07544853263870355,0.5354330708661418,1.0
NDUFA5P11,-1.0759473864042217,0.16535433070866143,1.0
LONP2,-0.0389017976664956,0.8346456692913385,1.0
SIAH1,-0.37321302599119877,0.4330708661417323,1.0
N4BP1,0.20255394579865715,0.10236220472440945,1.0
CNEP1R1,0.07952950806638359,0.905511811023622,1.0
HEATR3,0.3888119721366001,0.4409448818897638,1.0
PAPD5,-0.19302748044362694,0.2283464566929134,1.0
ADCY7,-0.6615340501642439,0.41732283464566927,1.0
BRD7,-0.08417208204576454,0.7874015748031497,1.0
NKD1,0.7539054057496655,0.4251968503937008,1.0
SNX20,0.6173183637943005,0.09448818897637795,1.0
NOD2,1.0368077710358166,0.33858267716535434,1.0
CYLD,0.1408040490465421,0.5354330708661418,1.0
HNRNPA1P48,-0.4596865651181883,0.2677165354330709,1.0
AC026462.1,0.38831209570584146,0.2283464566929134,1.0
CHD9,-0.2455245720225676,0.4015748031496063,1.0
RBL2,-0.14603817546480613,0.5275590551181102,1.0
AC007342.7,0.828935714960281,0.047244094488188976,1.0
AKTIP,-0.11044301322933503,0.7952755905511811,1.0
RPGRIP1L,-0.7746577071124767,0.3858267716535433,1.0
FTO,0.5220105322865116,0.06299212598425197,1.0
MMP2,0.04983357002617872,0.984251968503937,1.0
GNAO1,-0.8609716952437676,0.33858267716535434,1.0
AMFR,-0.49971264873023635,0.11023622047244094,1.0
NUDT21,-0.112081885076865,0.6929133858267716,1.0
OGFOD1,0.0705314398600887,0.8267716535433071,1.0
BBS2,-0.08108744144781177,0.8976377952755905,1.0
MT2A,-0.48530607483765476,0.41732283464566927,1.0
MT1L,-0.290548969313974,0.8267716535433071,1.0
MT1E,-0.5306271155558746,0.3543307086614173,1.0
MT1F,-0.13542668000720282,0.7716535433070866,1.0
MT1X,-0.24836609043278735,0.6929133858267716,1.0
NUP93,-0.7077334570118525,0.18110236220472442,1.0
RPS24P17,0.1586997931107037,0.84251968503937,1.0
HERPUD1,0.3337975438389593,0.5354330708661418,1.0
NLRC5,-0.33503537217862434,0.11811023622047244,1.0
CPNE2,1.0285215535639924,0.18110236220472442,1.0
FAM192A,0.03935690892982535,0.8740157480314961,1.0
RSPRY1,-0.06051088100833901,0.7716535433070866,1.0
AC009090.1,0.05089486942942689,0.952755905511811,1.0
PLLP,0.5208507149505153,0.5748031496062992,1.0
CIAPIN1,0.04838103400500593,0.8818897637795275,1.0
COQ9,-0.206935368644646,0.7401574803149606,1.0
POLR2C,0.3395153383779035,0.3464566929133858,1.0
CCDC102A,-0.32961645126452477,0.6929133858267716,1.0
ADGRG5,-1.4494219028588247,0.14960629921259844,1.0
ADGRG1,0.9508421214403333,0.18110236220472442,1.0
KATNB1,0.12056987676636455,0.7795275590551181,1.0
KIFC3,-0.6683018003017106,0.3464566929133858,1.0
ZNF319,0.6966468737435183,0.5433070866141733,1.0
USB1,0.1982017937634808,0.7637795275590551,1.0
CFAP20,0.6225939773689886,0.10236220472440945,1.0
CSNK2A2,0.8742305163351691,0.015748031496062992,1.0
GINS3,-0.45950530477444884,0.5984251968503937,1.0
SETD6,-1.1792773951661726,0.023622047244094488,1.0
CNOT1,0.06269292921261815,0.9212598425196851,1.0
SLC38A7,0.3461924288128104,0.2283464566929134,1.0
GOT2,0.6061982130292991,0.11811023622047244,1.0
RPS27AP16,-0.15172526794514418,0.6456692913385826,1.0
CDH5,1.5357133223780393,0.05511811023622047,1.0
LINC00920,1.2739238281404386,0.25984251968503935,1.0
TK2,0.8003692965552323,0.33070866141732286,1.0
CMTM3,0.20991218887676766,0.5196850393700787,1.0
CMTM4,-1.8772523204619265,0.03937007874015748,1.0
DYNC1LI2,-0.5837833207343328,0.11023622047244094,1.0
NAE1,0.2066670902861345,0.7401574803149606,1.0
PDP2,0.2836567519488935,0.5433070866141733,1.0
FAM96B,0.0988818865645511,0.7165354330708661,1.0
CES2,-0.5067321008690793,0.29133858267716534,1.0
CES4A,-0.8688093106286489,0.3779527559055118,1.0
CBFB,0.11798629809674566,0.6220472440944882,1.0
C16orf70,2.0205901888986775,0.031496062992125984,1.0
TRADD,1.7297601637971338,0.07086614173228346,1.0
E2F4,-0.09698682932507108,0.84251968503937,1.0
TMEM208,0.05911361591462727,0.9212598425196851,1.0
FHOD1,0.1671180121662017,0.6456692913385826,1.0
AC040160.1,-0.3027768112085445,0.6929133858267716,1.0
PLEKHG4,-0.11872827382931628,0.8976377952755905,1.0
ATP6V0D1,0.5459161903401135,0.1889763779527559,1.0
AC009061.2,0.8537366039156163,0.2125984251968504,1.0
RIPOR1,0.24012216948318876,0.7874015748031497,1.0
CTCF,0.19960500420057592,0.25196850393700787,1.0
CARMIL2,-0.24082334383232507,0.8031496062992126,1.0
ACD,1.1820859605671825,0.25196850393700787,1.0
PARD6A,-0.47918915012144647,0.6377952755905512,1.0
ENKD1,1.024433212460838,0.047244094488188976,1.0
GFOD2,0.12115938653168179,0.8267716535433071,1.0
RANBP10,0.4726557442877315,0.015748031496062992,1.0
CENPT,0.1989549883784103,0.8188976377952756,1.0
THAP11,0.008473757341495691,0.968503937007874,1.0
NUTF2,0.4138101077577332,0.2283464566929134,1.0
PSKH1,0.27184022534690166,0.7637795275590551,1.0
AC040162.1,-0.12382045883034598,0.8267716535433071,1.0
DPEP2,1.0545450833955283,0.2677165354330709,1.0
DUS2,0.24480206400473836,0.8188976377952756,1.0
DDX28,-0.7015930253023643,0.47244094488188976,1.0
NFATC3,-0.23939085029623275,0.33070866141732286,1.0
SLC7A6,-0.21738964418816842,0.5905511811023622,1.0
SLC7A6OS,0.2134810145247097,0.8031496062992126,1.0
PRMT7,-0.6715518330130599,0.4645669291338583,1.0
SMPD3,0.2175522785247901,0.8818897637795275,1.0
ZFP90,0.16064110956093458,0.7480314960629921,1.0
TANGO6,0.12803478899565057,0.8267716535433071,1.0
CHTF8,0.019372795738539672,0.937007874015748,1.0
UTP4,0.33118525618300243,0.3464566929133858,1.0
SNTB2,0.09590634998628733,0.8267716535433071,1.0
VPS4A,0.18472321742773534,0.6771653543307087,1.0
COG8,0.6695906982457824,0.4881889763779528,1.0
NIP7,-0.0899783710374269,0.8110236220472441,1.0
TERF2,-0.2643714615543322,0.1968503937007874,1.0
CYB5B,0.3467111094813502,0.1732283464566929,1.0
NFAT5,0.8534534997895129,0.015748031496062992,1.0
NQO1,-0.02590195630525849,0.9763779527559056,1.0
NOB1,0.5457861465318246,0.10236220472440945,1.0
AC092115.1,-1.0097051458550261,0.31496062992125984,1.0
WWP2,0.2936330284158002,0.13385826771653545,1.0
PDPR,0.8527550145106817,0.07086614173228346,1.0
SMG1P7,-1.0498541883504544,0.3228346456692913,1.0
EXOSC6,0.4539405984226219,0.09448818897637795,1.0
AARS,0.17152326836081144,0.7637795275590551,1.0
DDX19B,-0.8630260832257677,0.2125984251968504,1.0
DDX19A,-0.1594206643021101,0.5984251968503937,1.0
ST3GAL2,0.17071436017695785,0.7007874015748031,1.0
FUK,0.33492960578930697,0.5433070866141733,1.0
COG4,0.6382111294689894,0.1732283464566929,1.0
SF3B3,0.04519387735989966,0.8818897637795275,1.0
MTSS1L,-1.3040534271853503,0.2047244094488189,1.0
VAC14,0.01269253791350744,0.984251968503937,1.0
CMTR2,-0.29996284349948876,0.5669291338582677,1.0
PHLPP2,1.1895917792958404,0.1889763779527559,1.0
AP1G1,0.08631032444306364,0.5748031496062992,1.0
ATXN1L,0.07364932324805906,0.7480314960629921,1.0
IST1,-0.2501328463703185,0.2677165354330709,1.0
ATP5A1P3,-1.2677031514151496,0.07874015748031496,1.0
DHODH,-0.6823209752776389,0.41732283464566927,1.0
TXNL4B,0.42535714194232543,0.5984251968503937,1.0
DHX38,0.022043696262680434,0.9606299212598425,1.0
AC004943.2,-0.18983920869486215,0.8110236220472441,1.0
ZFHX3,-0.695244848846567,0.015748031496062992,1.0
PSMD7,1.259928503200876,0.3543307086614173,1.0
NPIPB15,0.1899162191346715,0.6692913385826772,1.0
GLG1,-0.026195690374234637,0.8818897637795275,1.0
RFWD3,0.18365879888978487,0.7952755905511811,1.0
MLKL,0.3364572515281097,0.3858267716535433,1.0
WDR59,0.07218935127111337,0.7086614173228346,1.0
ZNRF1,1.2730245119387842,0.03937007874015748,1.0
ZFP1,-0.6235753641927215,0.2283464566929134,1.0
CFDP1,-0.29812654545273887,0.18110236220472442,1.0
TMEM170A,-0.3643531828569708,0.06299212598425197,1.0
GABARAPL2,0.021492741461901943,0.9606299212598425,1.0
ADAT1,-0.341203278665982,0.4094488188976378,1.0
KARS,-0.09401424017538318,0.6456692913385826,1.0
TERF2IP,0.14433625848239906,0.29133858267716534,1.0
RPL18P13,0.12114279912658232,0.8661417322834646,1.0
MON1B,0.44933636549792055,0.28346456692913385,1.0
WWOX,-0.70393878663136,0.3464566929133858,1.0
AC079414.3,-0.6242846056425646,0.44881889763779526,1.0
AC027279.1,1.1748235597820045,0.047244094488188976,1.0
MAF,0.5608775346800066,0.2440944881889764,1.0
LINC01229,0.4549222296120641,0.7637795275590551,1.0
CDYL2,1.1087455036617637,0.015748031496062992,1.0
CMC2,0.4112608249905687,0.1732283464566929,1.0
CENPN,-0.4321695108482577,0.6220472440944882,1.0
AC092718.4,-0.2763867204524728,0.905511811023622,1.0
ATMIN,-0.2609044905541289,0.29133858267716534,1.0
GAN,1.012969325727843,0.14173228346456693,1.0
CMIP,0.46737388037393046,0.15748031496062992,1.0
PLCG2,1.8262090001097047,0.09448818897637795,1.0
SDR42E1,0.26998472985723887,0.6771653543307087,1.0
MPHOSPH6,-0.24603857584302347,0.3700787401574803,1.0
HSBP1,0.3496213522161762,0.1968503937007874,1.0
MLYCD,0.09362233517177954,0.8818897637795275,1.0
MBTPS1,-0.22300583168816868,0.4094488188976378,1.0
HSDL1,1.0137830003194952,0.23622047244094488,1.0
TAF1C,0.07987554484132886,0.9448818897637795,1.0
TLDC1,-0.10285605174995105,0.7244094488188977,1.0
COTL1,0.6875383251940663,0.06299212598425197,1.0
KLHL36,-0.44794142171246776,0.18110236220472442,1.0
USP10,-0.3688404711551341,0.1889763779527559,1.0
CRISPLD2,0.11584880716747281,0.8818897637795275,1.0
ZDHHC7,-0.3935632203265085,0.3464566929133858,1.0
KIAA0513,0.13739612805907164,0.7795275590551181,1.0
GSE1,-0.5136775265628355,0.2440944881889764,1.0
GINS2,1.2267858353495373,0.11023622047244094,1.0
EMC8,-0.45150835644298937,0.2755905511811024,1.0
COX4I1,-0.08880564296731208,0.6614173228346457,1.0
IRF8,-0.6019227264334015,0.23622047244094488,1.0
LINC02132,-0.7813468062836284,0.2755905511811024,1.0
MTHFSD,1.1144263018899214,0.015748031496062992,1.0
FBXO31,1.1951899866489715,0.12598425196850394,1.0
MAP1LC3B,0.006793866120085923,0.9606299212598425,1.0
ZCCHC14,-1.0105939755219797,0.13385826771653545,1.0
KLHDC4,-0.8940898613786512,0.03937007874015748,1.0
SLC7A5,0.38858746268665634,0.6614173228346457,1.0
BANP,-0.6025358368068732,0.2755905511811024,1.0
ZFPM1,1.2477358856196366,0.14173228346456693,1.0
ZC3H18,0.08720775677173354,0.84251968503937,1.0
CYBA,0.2760505834761915,0.7559055118110236,1.0
MVD,-0.20003579323880372,0.7637795275590551,1.0
SNAI3-AS1,-0.4853489310450848,0.5433070866141733,1.0
SNAI3,-0.4713299131202344,0.5826771653543307,1.0
RNF166,-0.029831692231788942,0.9763779527559056,1.0
AC138028.6,-0.16820561615991902,0.8267716535433071,1.0
PIEZO1,-0.462807845850282,0.6771653543307087,1.0
APRT,0.21090746226060642,0.6771653543307087,1.0
GALNS,0.26830936777366254,0.6456692913385826,1.0
TRAPPC2L,0.23012061238854642,0.5748031496062992,1.0
CBFA2T3,0.8118089971123765,0.11023622047244094,1.0
ACSF3,-0.28624175195643353,0.7165354330708661,1.0
AC009113.1,0.25970180468200454,0.6929133858267716,1.0
ZNF778,-0.40516980603176744,0.05511811023622047,1.0
ANKRD11,0.07506975865771004,0.5433070866141733,1.0
AC137932.3,0.2142606481893361,0.7795275590551181,1.0
SPG7,-0.26603629224022374,0.5826771653543307,1.0
AC092123.2,0.7688548861735001,0.30708661417322836,1.0
RPL13,-0.10787566985071351,0.7874015748031497,1.0
CPNE7,-0.2640500245219124,0.7165354330708661,1.0
CHMP1A,0.5339322613579558,0.2204724409448819,1.0
SPATA33,1.6055657076913357,0.09448818897637795,1.0
CDK10,-0.9388585321500638,0.047244094488188976,1.0
SPATA2L,-0.6944497102370254,0.6929133858267716,1.0
VPS9D1,0.3805573167201124,0.7874015748031497,1.0
ZNF276,0.6596390210593155,0.13385826771653545,1.0
FANCA,0.23996254438723463,0.7952755905511811,1.0
TCF25,-0.19220088492955245,0.6614173228346457,1.0
DEF8,0.6434412660792295,0.047244094488188976,1.0
AFG3L1P,-0.3960262024411616,0.2204724409448819,1.0
RFLNB,0.008520283217618108,0.9921259842519685,1.0
VPS53,0.30388135250100756,0.33070866141732286,1.0
GLOD4,-0.544351428050672,0.06299212598425197,1.0
MRM3,-1.7339818273225918,0.05511811023622047,1.0
TIMM22,-0.37579204018783186,0.5039370078740157,1.0
ABR,-0.5885052585295192,0.48031496062992124,1.0
YWHAE,0.1745712410362712,0.4251968503937008,1.0
CRK,-0.04142078349860956,0.905511811023622,1.0
MYO1C,-0.2846230800478642,0.7165354330708661,1.0
INPP5K,-0.25237127532331716,0.7322834645669292,1.0
PITPNA,0.40707443262160226,0.047244094488188976,1.0
PRPF8,-0.07069492330955729,0.8346456692913385,1.0
TLCD2,-0.01935065301435701,0.9606299212598425,1.0
MIR22HG,-0.005358315710341621,1.0,1.0
SERPINF1,-1.0642949234730181,0.36220472440944884,1.0
SMYD4,0.5982225230022356,0.8188976377952756,1.0
RPA1,-0.17235883993795564,0.6771653543307087,1.0
DPH1,0.11605603072647397,0.8582677165354331,1.0
HIC1,0.2142349501948111,0.9291338582677166,1.0
SMG6,0.9513482086615341,0.2125984251968504,1.0
SRR,-0.08803817463092689,0.905511811023622,1.0
TSR1,-0.24518295945640212,0.8110236220472441,1.0
SGSM2,0.2551785089288181,0.7559055118110236,1.0
MNT,-0.35528113791204197,0.3228346456692913,1.0
METTL16,-0.20691535675009476,0.5511811023622047,1.0
PAFAH1B1,0.03601615117830903,0.8661417322834646,1.0
CLUH,0.20637775973270256,0.84251968503937,1.0
RAP1GAP2,-0.11637954567871933,0.7952755905511811,1.0
TRPV1,-0.51298422183948,0.4330708661417323,1.0
SHPK,0.7334850788810411,0.4566929133858268,1.0
CTNS,-0.2467432627506958,0.8188976377952756,1.0
TAX1BP3,0.07915033881793598,0.9291338582677166,1.0
P2RX5-TAX1BP3,0.437826776266939,0.6456692913385826,1.0
P2RX5,-0.9773378425925476,0.1889763779527559,1.0
ITGAE,0.5783618065410012,0.3228346456692913,1.0
AC116914.2,0.03028092887414835,1.0,1.0
NCBP3,0.15245506670745979,0.4015748031496063,1.0
CAMKK1,-0.6135406585510454,0.4409448818897638,1.0
ATP2A3,0.424893206095037,0.2125984251968504,1.0
ZZEF1,0.06059901281685498,0.84251968503937,1.0
CYB5D2,0.1416552040428365,0.84251968503937,1.0
ANKFY1,-0.07376859678914371,0.8110236220472441,1.0
UBE2G1,0.07139924158589483,0.7716535433070866,1.0
SPNS3,-1.0213374985705088,0.2125984251968504,1.0
AC127521.1,1.7226822908440025,0.015748031496062992,1.0
MYBBP1A,0.662824078518861,0.4566929133858268,1.0
TXNP4,-0.5957432871640114,0.4409448818897638,1.0
PELP1,0.6193564536957332,0.2755905511811024,1.0
ARRB2,0.05232060838113739,0.8503937007874016,1.0
MED11,-0.12608649198479882,0.9212598425196851,1.0
CXCL16,0.9131102285619148,0.4409448818897638,1.0
PSMB6,-0.3867856572287538,0.47244094488188976,1.0
PLD2,0.7031128757525593,0.5590551181102362,1.0
MINK1,0.12268354758361255,0.905511811023622,1.0
SLC25A11,0.046772895278921034,0.8267716535433071,1.0
RNF167,0.38998550925889397,0.047244094488188976,1.0
PFN1,0.48663048643314966,0.11811023622047244,1.0
ENO3,-0.3616955577924368,0.7007874015748031,1.0
SPAG7,0.38143291016279246,0.2204724409448819,1.0
CAMTA2,1.8466383213760613,0.18110236220472442,1.0
KIF1C,0.26718637459879435,0.5590551181102362,1.0
AC004771.1,0.957398460588158,0.33858267716535434,1.0
ZFP3,0.009622230623028472,0.9921259842519685,1.0
ZNF232,0.08922841285204264,0.937007874015748,1.0
AC012146.1,-0.4895222147930012,0.6456692913385826,1.0
ZNF594,-0.4618611343440272,0.6850393700787402,1.0
RABEP1,0.253338783561043,0.41732283464566927,1.0
NUP88,0.22026192556886937,0.41732283464566927,1.0
RPAIN,-0.361068063716699,0.5118110236220472,1.0
AC004148.2,0.020579701156909547,0.984251968503937,1.0
C1QBP,-0.09730769680715845,0.7322834645669292,1.0
DHX33,-0.1787330480750584,0.6377952755905512,1.0
DERL2,0.08215265355246082,0.7795275590551181,1.0
MIS12,-0.4400579549659591,0.4015748031496063,1.0
NLRP1,-0.2514128369212969,0.36220472440944884,1.0
BTF3P14,-0.8395748269515524,0.14173228346456693,1.0
KIAA0753,-0.14518038751734386,0.8818897637795275,1.0
TXNDC17,-0.06834733077461852,0.7086614173228346,1.0
MED31,-0.47414579817359925,0.4645669291338583,1.0
C17orf100,-0.3516040153425273,0.6535433070866141,1.0
AC004706.3,-0.10558631035540955,0.905511811023622,1.0
XAF1,1.2837905196163102,0.13385826771653545,1.0
ALOX12-AS1,0.21888777462734632,0.7874015748031497,1.0
AC040977.1,-0.4854234858168631,0.6535433070866141,1.0
RNASEK,0.5306359416990036,0.48031496062992124,1.0
SLC16A13,-0.3222531494225045,0.7401574803149606,1.0
DLG4,-0.17626028306063268,0.8110236220472441,1.0
ACADVL,0.07257186497535795,0.8582677165354331,1.0
DVL2,0.296111782286574,0.5275590551181102,1.0
PHF23,0.26323383622856955,0.6771653543307087,1.0
CTDNEP1,0.18027231797781873,0.5354330708661418,1.0
ELP5,0.4015292577034524,0.28346456692913385,1.0
EIF5A,-0.04120099233587027,0.952755905511811,1.0
ACAP1,-0.08608134817275026,0.9133858267716536,1.0
TMEM256,0.31000277740986437,0.16535433070866143,1.0
NLGN2,-0.7440517553372992,0.031496062992125984,1.0
CHRNB1,0.43766879205591236,0.6299212598425197,1.0
ZBTB4,-0.2958545122607088,0.07874015748031496,1.0
POLR2A,-0.3434782066636979,0.3937007874015748,1.0
TNFSF12,0.17053438707849722,0.7244094488188977,1.0
SENP3,-0.2642274820024726,0.7401574803149606,1.0
EIF4A1,1.0134568252416907,0.5039370078740157,1.0
MPDU1,0.41831481118638925,0.6141732283464567,1.0
FXR2,-0.3825414611105087,0.4094488188976378,1.0
SAT2,-0.5447950677779181,0.18110236220472442,1.0
TP53,0.15761356041639907,0.8188976377952756,1.0
AC087388.1,-0.7695043317942079,0.3543307086614173,1.0
WRAP53,-0.721998770079701,0.44881889763779526,1.0
KDM6B,0.27394660984024544,0.7716535433070866,1.0
TMEM88,-0.6264541987228944,0.4330708661417323,1.0
NAA38,0.29420902626127443,0.49606299212598426,1.0
CHD3,0.2254903288339225,0.2047244094488189,1.0
LINC02581,0.7380832684342054,0.36220472440944884,1.0
TRAPPC1,0.3750448553788637,0.5984251968503937,1.0
CNTROB,0.3205232009826102,0.6456692913385826,1.0
PER1,0.10470844499384313,0.905511811023622,1.0
VAMP2,-0.15703908408616307,0.5590551181102362,1.0
TMEM107,0.3224428862427935,0.047244094488188976,1.0
BORCS6,-1.018244794532281,0.3464566929133858,1.0
LINC00324,0.6095007284939209,0.8188976377952756,1.0
CTC1,0.27538631274938474,0.4566929133858268,1.0
PFAS,-0.8028425927320972,0.1889763779527559,1.0
SLC25A35,0.19169297065481405,0.84251968503937,1.0
RPL26,0.024383462872426875,0.8740157480314961,1.0
NDEL1,0.09333843491259586,0.8661417322834646,1.0
MYH10,0.4378502012921248,0.5590551181102362,1.0
PIK3R5,-0.4382157182990625,0.015748031496062992,1.0
STX8,0.4005279308064331,0.3228346456692913,1.0
GAS7,-0.3657835732019238,0.7007874015748031,1.0
RPS27AP1,-1.1976449689706365,0.09448818897637795,1.0
MYH3,0.023621186146220552,0.937007874015748,1.0
SCO1,-0.6274202479297024,0.14960629921259844,1.0
ADPRM,0.24147784027361396,0.8031496062992126,1.0
TMEM220,-0.5881897151087672,0.6535433070866141,1.0
MAGOH2P,0.11416085372548745,0.7007874015748031,1.0
ZNF18,0.10550768848064562,0.889763779527559,1.0
MAP2K4,0.041825358599541396,0.7401574803149606,1.0
ELAC2,0.25089632105005766,0.5590551181102362,1.0
COX10-AS1,-0.3309122904541195,0.6220472440944882,1.0
COX10,0.33306286914390615,0.15748031496062992,1.0
AC005224.1,-2.2522014930536067,0.015748031496062992,1.0
HS3ST3B1,-0.04007925589391981,0.9448818897637795,1.0
AC005224.4,-1.0246260462254073,0.31496062992125984,1.0
RPS18P12,-0.15560312225417583,0.9291338582677166,1.0
PMP22,1.909969368582555,0.05511811023622047,1.0
TVP23C,0.6188467959461015,0.31496062992125984,1.0
TRIM16,0.23693630276897482,0.6614173228346457,1.0
ZNF286A,-1.671035779940926,0.015748031496062992,1.0
IL6STP1,-0.4455348646990742,0.6692913385826772,1.0
ZSWIM7,0.6965671768073145,0.7244094488188977,1.0
TTC19,0.28941319156347767,0.5196850393700787,1.0
NCOR1,-0.029079112847074207,0.8818897637795275,1.0
PIGL,0.4330855845923942,0.14173228346456693,1.0
CENPV,0.5972394424727039,0.48031496062992124,1.0
UBB,-0.5199235642243183,0.31496062992125984,1.0
TRPV2,1.1377529861122122,0.41732283464566927,1.0
LRRC75A-AS1,-0.15127570217489694,0.7874015748031497,1.0
AC093484.5,0.9943993325544156,0.2204724409448819,1.0
ZNF287,1.0014007313019837,0.2677165354330709,1.0
ZNF624,-0.9449865043438628,0.2677165354330709,1.0
UPF3AP1,0.9065842870942777,0.4015748031496063,1.0
MPRIP,-0.3653289522223968,0.1732283464566929,1.0
PLD6,0.13988001269467576,0.8976377952755905,1.0
FLCN,-0.8180834486993938,0.031496062992125984,1.0
COPS3,-0.4285586415033604,0.11023622047244094,1.0
RPL13P12,-0.328756206261434,0.4251968503937008,1.0
MED9,-0.48306690481608294,0.4251968503937008,1.0
RASD1,-0.012510262018402774,0.984251968503937,1.0
PEMT,0.046697811801138966,1.0,1.0
SREBF1,0.0698730429454626,0.8818897637795275,1.0
TOM1L2,0.4023317217337552,0.5748031496062992,1.0
ATPAF2,0.6531497793710115,0.4015748031496063,1.0
GID4,-0.6532812230716973,0.3700787401574803,1.0
DRG2,0.10288671078129186,0.952755905511811,1.0
ALKBH5,0.08720506799543593,0.5354330708661418,1.0
LLGL1,0.47663834040829867,0.6062992125984252,1.0
FLII,0.06875958406362503,0.9606299212598425,1.0
TOP3A,-0.4129949370924404,0.4330708661417323,1.0
SMCR8,-0.2671204686683524,0.6377952755905512,1.0
SHMT1,0.31293489894196824,0.5748031496062992,1.0
CCDC144B,1.8054784363712373,0.12598425196850394,1.0
AC026271.1,-0.19357156707248002,0.6929133858267716,1.0
TRIM16L,0.2737538903225669,0.7322834645669292,1.0
TVP23B,-0.07482925881585878,0.889763779527559,1.0
PRPSAP2,0.08610513369374218,0.8740157480314961,1.0
SNORD3B-1,0.7805267226203496,0.49606299212598426,1.0
AC007952.4,-1.1853721761266436,0.2755905511811024,1.0
SNORD3A,0.37175670713283004,0.7795275590551181,1.0
SNORD3C,-0.07518086018712222,0.9763779527559056,1.0
EPN2,0.8112344084984278,0.33858267716535434,1.0
MAPK7,0.6993631993628913,0.3228346456692913,1.0
RPS2P46,0.14177836794740317,0.9291338582677166,1.0
ALDH3A2,0.012937472961611185,0.9606299212598425,1.0
ULK2,-0.779033478350514,0.08661417322834646,1.0
AC015726.1,1.1404522738500837,0.10236220472440945,1.0
AKAP10,0.14042249764135928,0.5669291338582677,1.0
SPECC1,-0.7926769783784335,0.41732283464566927,1.0
KCTD9P1,-1.3157413105391453,0.11023622047244094,1.0
UPF3AP2,0.34683529002217517,0.41732283464566927,1.0
USP22,0.6038462433640737,0.1968503937007874,1.0
DHRS7B,-0.25104615903579397,0.6850393700787402,1.0
TMEM11,-0.5566594505292608,0.1968503937007874,1.0
NATD1,0.7025851017794462,0.3464566929133858,1.0
EIF1P5,-0.5363085769948863,0.4409448818897638,1.0
MAP2K3,0.6986066955502004,0.03937007874015748,1.0
RPL21P120,0.216474001486465,0.7401574803149606,1.0
RPL34P31,-0.8739855331971009,0.015748031496062992,1.0
WSB1,-0.3169000655536678,0.06299212598425197,1.0
KSR1,0.9993982508094512,0.2125984251968504,1.0
LGALS9,0.057560592437174485,0.8818897637795275,1.0
LYRM9,0.21940986166950216,0.7874015748031497,1.0
NLK,0.7807189298019708,0.015748031496062992,1.0
TMEM97,0.2572614749915658,0.8503937007874016,1.0
IFT20,0.16386611585076727,0.5984251968503937,1.0
TNFAIP1,0.39126437545322545,0.2992125984251969,1.0
POLDIP2,-0.2215024962591925,0.5118110236220472,1.0
TMEM199,0.7590458034743439,0.3700787401574803,1.0
SARM1,1.019902516096061,0.16535433070866143,1.0
AC005726.2,-0.5798076299812707,0.14173228346456693,1.0
RPS7P1,-0.11324219944675029,0.3464566929133858,1.0
UNC119,1.3278540727091688,0.015748031496062992,1.0
PIGS,0.22017776155751356,0.6141732283464567,1.0
SPAG5,0.14470410339008577,0.8582677165354331,1.0
AC005726.4,0.7389433481028369,0.2047244094488189,1.0
KIAA0100,0.10388947832541007,0.6220472440944882,1.0
SDF2,-0.5451742234604549,0.14960629921259844,1.0
SUPT6H,0.0894340768596047,0.8503937007874016,1.0
PROCA1,0.04324913770157357,0.952755905511811,1.0
RPL23A,-0.3114735248489531,0.047244094488188976,1.0
AC010761.1,0.1945493695555922,0.7874015748031497,1.0
NEK8,-0.328833938041837,0.4409448818897638,1.0
TRAF4,-0.5584473880983605,0.5354330708661418,1.0
FAM222B,0.036153042161564564,0.9448818897637795,1.0
ERAL1,1.1947724923235117,0.03937007874015748,1.0
FLOT2,0.04686760073862484,0.8346456692913385,1.0
PHF12,0.15757144843496462,0.7952755905511811,1.0
AC024619.4,-0.6846225427295152,0.25984251968503935,1.0
MYO18A,0.6427574830216951,0.3858267716535433,1.0
TIAF1,1.233257688139676,0.03937007874015748,1.0
TWF1P1,-0.8365117979880758,0.15748031496062992,1.0
NUFIP2,-0.34097948892225727,0.2047244094488189,1.0
TAOK1,0.12493942014218806,0.31496062992125984,1.0
ABHD15,0.7029800109421043,0.5118110236220472,1.0
TP53I13,-0.0986359662057108,0.889763779527559,1.0
GIT1,-0.3953612245940299,0.8031496062992126,1.0
ANKRD13B,1.380314130590113,0.11023622047244094,1.0
CORO6,-0.8980438023606117,0.29133858267716534,1.0
SSH2,0.26766260710224543,0.2992125984251969,1.0
NSRP1,0.2213732517099798,0.5984251968503937,1.0
BLMH,-0.00849967586824718,0.984251968503937,1.0
CPD,-0.03533827964381597,0.84251968503937,1.0
GOSR1,-0.31534786332423703,0.25984251968503935,1.0
LRRC37BP1,0.7426115870678287,0.28346456692913385,1.0
SUZ12P1,-0.4287117199574775,0.48031496062992124,1.0
CRLF3,0.14874000544027854,0.5669291338582677,1.0
ATAD5,-0.3578855699265082,0.5433070866141733,1.0
TEFM,1.030592893521101,0.1889763779527559,1.0
RNF135,0.4884648542341967,0.6377952755905512,1.0
AC138207.8,0.02606767940831256,0.9606299212598425,1.0
NF1,-0.22991305368787085,0.6141732283464567,1.0
EVI2B,0.028040249648700666,0.8976377952755905,1.0
EVI2A,0.33579222484735194,0.4251968503937008,1.0
RAB11FIP4,-0.09944326003512138,0.7165354330708661,1.0
COPRS,1.9420342774483945,0.015748031496062992,1.0
UTP6,-0.47649449828351287,0.3937007874015748,1.0
SUZ12,-0.3548740600141018,0.33070866141732286,1.0
LRRC37B,-0.7279375532750487,0.10236220472440945,1.0
AC090616.7,0.1627760269678038,0.8503937007874016,1.0
AC116407.2,0.04007258028918237,1.0,1.0
RHOT1,0.1967992332246462,0.44881889763779526,1.0
UBL5P2,0.07148901288995058,0.8740157480314961,1.0
C17orf75,0.08482422860563643,0.952755905511811,1.0
ZNF207,-0.29027384012742274,0.3543307086614173,1.0
PSMD11,0.11745649134222536,0.7716535433070866,1.0
CDK5R1,-1.148725894717649,0.2677165354330709,1.0
MYO1D,-0.5672172718846382,0.29133858267716534,1.0
TLK2P1,-0.5663973506272932,0.18110236220472442,1.0
CCT6B,-0.2661068783335139,0.7480314960629921,1.0
ZNF830,0.05053958048168461,0.8503937007874016,1.0
LIG3,0.008561862427802325,0.9606299212598425,1.0
RFFL,0.38168368090355953,0.6929133858267716,1.0
RAD51D,0.7291921593799171,0.84251968503937,1.0
NLE1,0.20813736200962696,0.84251968503937,1.0
UNC45B,0.6521520100438027,0.3779527559055118,1.0
AC022916.1,-0.5007057980806615,0.3228346456692913,1.0
SLFN5,0.36688708408759574,0.3700787401574803,1.0
AC022706.1,0.925178709185793,0.4251968503937008,1.0
SLFN11,-0.13359414622194787,0.8031496062992126,1.0
SLFN12,0.09018309905653599,0.8976377952755905,1.0
SLFN13,-0.2860146262803429,0.5748031496062992,1.0
AC015911.4,-0.4605114316841479,0.5354330708661418,1.0
SLFN12L,-0.14363908692339855,0.8110236220472441,1.0
AC015911.8,-0.36841952410872336,0.4566929133858268,1.0
AC015911.3,0.18972889151083194,0.8110236220472441,1.0
TOMM20P2,0.5516886037491764,0.6377952755905512,1.0
LINC02001,0.7399005647818617,0.4251968503937008,1.0
PEX12,0.32057671063527726,0.7322834645669292,1.0
AP2B1,0.1070301567834111,0.5669291338582677,1.0
TAF15,0.08969370136557941,0.7716535433070866,1.0
AC015849.3,-0.006455341393352576,1.0,1.0
AC015849.6,0.25526666543900767,0.4409448818897638,1.0
CCL5,-0.2982806188381808,0.6614173228346457,1.0
CCL4,-1.2377393532532412,0.12598425196850394,1.0
CCL3L3,0.24599134850708015,0.7795275590551181,1.0
CCL4L2,0.6414487277738652,0.4881889763779528,1.0
ZNHIT3,-0.3365562993058422,0.3858267716535433,1.0
MYO19,0.7549819842028693,0.47244094488188976,1.0
PIGW,0.68130698225406,0.2992125984251969,1.0
GGNBP2,-0.32323509876846224,0.3543307086614173,1.0
DHRS11,0.8157172463268152,0.2440944881889764,1.0
MRM1,-0.36504975160793474,0.6377952755905512,1.0
AATF,-0.012565155873880407,0.9448818897637795,1.0
ACACA,0.5788764959550536,0.4881889763779528,1.0
TADA2A,-0.1246065598107231,0.6692913385826772,1.0
DUSP14,0.5119043513422645,0.7480314960629921,1.0
SYNRG,-0.02471090131303022,0.8818897637795275,1.0
DDX52,0.41111055691630494,0.7795275590551181,1.0
TBC1D3L,0.2175819652914477,0.6929133858267716,1.0
MRPL45,-0.43665844527490405,0.49606299212598426,1.0
SOCS7,0.887693879754798,0.06299212598425197,1.0
ARHGAP23,1.0916646339707772,0.2755905511811024,1.0
EPOP,0.4549174488273917,0.5590551181102362,1.0
AC006449.6,-0.8573142114928864,0.3937007874015748,1.0
MLLT6,-0.0321317990099228,0.7244094488188977,1.0
CISD3,0.6717714428137826,0.3543307086614173,1.0
PSMB3,0.25203781734817987,0.4409448818897638,1.0
PIP4K2B,0.24385966332627085,0.31496062992125984,1.0
CWC25,-0.14637367247049582,0.6062992125984252,1.0
RPL23,0.05837862295893004,0.6299212598425197,1.0
LASP1,0.7265549530753113,0.047244094488188976,1.0
LINC00672,0.8544330007323335,0.33858267716535434,1.0
PLXDC1,-0.4081133136906594,0.5196850393700787,1.0
CACNB1,-0.7394859264942117,0.4881889763779528,1.0
RPL19,0.01691297879347431,0.968503937007874,1.0
FBXL20,0.31402336223684735,0.3858267716535433,1.0
AC005288.1,0.36441654283449587,0.44881889763779526,1.0
MED1,0.06602842936142839,0.7716535433070866,1.0
CDK12,-0.1943779555338203,0.7244094488188977,1.0
AC009283.1,1.0164785175161914,0.25984251968503935,1.0
STARD3,0.17698505600429915,0.7716535433070866,1.0
TCAP,-0.721463527231712,0.4015748031496063,1.0
PGAP3,-1.2551745570046884,0.07874015748031496,1.0
MIEN1,0.25502865888517956,0.5511811023622047,1.0
IKZF3,0.33750377778260443,0.2125984251968504,1.0
GSDMB,0.15294070729548626,0.8582677165354331,1.0
ORMDL3,0.39818812158857586,0.3779527559055118,1.0
PSMD3,0.3482768691049709,0.5433070866141733,1.0
CSF3,0.4846396596458601,0.6377952755905512,1.0
MED24,0.9493889337398373,0.11023622047244094,1.0
THRA,-0.7264857915715428,0.1732283464566929,1.0
NR1D1,-0.3806558679581289,0.6220472440944882,1.0
MSL1,0.13714081212502371,0.7795275590551181,1.0
CASC3,-0.1765513466369386,0.6692913385826772,1.0
WIPF2,0.19511408198795444,0.31496062992125984,1.0
RARA,-0.5119327978862422,0.7322834645669292,1.0
RARA-AS1,1.0577207883098878,0.16535433070866143,1.0
IGFBP4,0.5627067998731503,0.5196850393700787,1.0
AC004585.1,0.5482045777556994,0.6535433070866141,1.0
CCR7,-0.5164352110858168,0.6062992125984252,1.0
SMARCE1,0.17931992343452752,0.5039370078740157,1.0
KRT10,0.31780968666318454,0.4251968503937008,1.0
TMEM99,0.9515401960780228,0.015748031496062992,1.0
EIF1,-0.02346353381273225,0.905511811023622,1.0
JUP,-0.33750897926953294,0.6771653543307087,1.0
NT5C3B,1.8593337072511895,0.031496062992125984,1.0
AC125257.1,0.8385533204292219,0.47244094488188976,1.0
ACLY,-0.045937967762335497,0.8661417322834646,1.0
CNP,-0.3203380681861061,0.4566929133858268,1.0
DNAJC7,0.5019560635682572,0.03937007874015748,1.0
NKIRAS2,0.8838586599892926,0.11811023622047244,1.0
DHX58,-0.08057750924019702,0.9291338582677166,1.0
KAT2A,0.18123494674664986,0.84251968503937,1.0
RAB5C,-0.15649192195026718,0.7795275590551181,1.0
GHDC,0.391570813842939,0.6771653543307087,1.0
STAT5B,0.10608457190704268,0.6141732283464567,1.0
STAT5A,-0.03569917753868079,0.9133858267716536,1.0
STAT3,0.11701002679366912,0.5748031496062992,1.0
CAVIN1,-0.28938229174343766,0.7559055118110236,1.0
ATP6V0A1,0.7897154806373612,0.4645669291338583,1.0
PTP4A2P1,0.6606661194257564,0.07874015748031496,1.0
NAGLU,-1.3278375408231926,0.047244094488188976,1.0
COASY,-0.053379637194863605,0.905511811023622,1.0
MLX,0.748190762023984,0.3937007874015748,1.0
RETREG3,-0.26357099340609125,0.4645669291338583,1.0
TUBG1,-0.4976936009319871,0.6535433070866141,1.0
TUBG2,0.12449427355100706,0.8346456692913385,1.0
CNTNAP1,-0.08443890949599808,0.905511811023622,1.0
EZH1,-0.731233546607676,0.015748031496062992,1.0
RAMP2,1.7910107868600722,0.1732283464566929,1.0
VPS25,1.665720068975158,0.023622047244094488,1.0
COA3,-0.6249949364454785,0.25984251968503935,1.0
BECN1,-0.20218751309952232,0.5669291338582677,1.0
PSME3,0.10165784976051917,0.5748031496062992,1.0
RUNDC1,-0.11750714456925326,0.8818897637795275,1.0
RPL27,0.121618196618126,0.5669291338582677,1.0
IFI35,0.9701730760321841,0.4251968503937008,1.0
VAT1,-0.6450604965320208,0.09448818897637795,1.0
BRCA1,-0.1999239952157179,0.7952755905511811,1.0
NBR2,-0.5349940367685528,0.5669291338582677,1.0
AC060780.1,-0.7981573273814648,0.13385826771653545,1.0
NBR1,-0.026432088678642884,0.952755905511811,1.0
TMEM106A,-0.7403311670690769,0.5039370078740157,1.0
AC109326.1,0.35447114003419955,0.952755905511811,1.0
LINC00910,0.41892792554351077,0.5669291338582677,1.0
ARL4D,0.011506561289971184,1.0,1.0
DHX8,0.5938218557148716,0.047244094488188976,1.0
MEOX1,1.167727730509065,0.1968503937007874,1.0
AC055813.1,0.3130868915594758,0.5984251968503937,1.0
DUSP3,0.7065479192822015,0.44881889763779526,1.0
TMEM101,0.564944088138227,0.2125984251968504,1.0
LSM12,1.2832408357472016,0.13385826771653545,1.0
G6PC3,0.37215373761023507,0.4409448818897638,1.0
HDAC5,0.09220194425884554,0.8031496062992126,1.0
ASB16-AS1,-0.8298617453600974,0.33858267716535434,1.0
TMUB2,-0.14662284373668388,0.7401574803149606,1.0
ATXN7L3,0.5646651734812096,0.3700787401574803,1.0
UBTF,0.15218186335968742,0.7244094488188977,1.0
SLC25A39,0.12766686449194253,0.8188976377952756,1.0
GRN,0.8983083842806696,0.2204724409448819,1.0
GPATCH8,0.06246585348006839,0.6614173228346457,1.0
CCDC43,0.677367647708174,0.1968503937007874,1.0
DBF4B,-0.5109266926884064,0.44881889763779526,1.0
EFTUD2,0.007130684076533278,0.9763779527559056,1.0
DCAKD,-0.2073610061896125,0.7480314960629921,1.0
NMT1,0.14536568312719922,0.6299212598425197,1.0
ACBD4,1.1058816245357845,0.2440944881889764,1.0
HEXIM1,-0.1403228671331096,0.8818897637795275,1.0
AC008105.3,0.1134928600841798,0.44881889763779526,1.0
FMNL1,0.4417034883710844,0.4015748031496063,1.0
AC008105.1,-0.044986456042119816,0.952755905511811,1.0
MAP3K14,1.0060585099700299,0.14960629921259844,1.0
ARHGAP27,0.09610173575838399,0.8661417322834646,1.0
PLEKHM1,-0.5926668812107256,0.08661417322834646,1.0
LRRC37A4P,-0.5200829394753779,0.4251968503937008,1.0
LINC02210,0.6115606768334945,0.6614173228346457,1.0
KANSL1,-0.22642575127949183,0.1889763779527559,1.0
KANSL1-AS1,-1.891012844838046,0.047244094488188976,1.0
LRRC37A,0.01715127574722297,0.9763779527559056,1.0
LRRC37A2,0.03425816072258625,0.9606299212598425,1.0
NSF,0.24162811867174216,0.48031496062992124,1.0
RPS7P11,-0.27944088292254143,0.6692913385826772,1.0
GOSR2,-0.5032918405015945,0.2755905511811024,1.0
LRRC37A17P,-0.11455590486046807,0.8503937007874016,1.0
AC068152.1,0.37928756114982964,0.5984251968503937,1.0
CDC27,0.04226875719148637,0.8188976377952756,1.0
MRPL45P2,0.37613267417264673,0.7480314960629921,1.0
NPEPPS,-0.058665501502812134,0.8740157480314961,1.0
KPNB1,0.04533847378846634,0.8188976377952756,1.0
TBKBP1,-0.3091819853661266,0.8346456692913385,1.0
TBX21,-0.993163883328581,0.07086614173228346,1.0
OSBPL7,0.47193206345910443,0.5826771653543307,1.0
MRPL10,-0.45937801012356516,0.2047244094488189,1.0
AC018521.5,-1.4038792971126623,0.13385826771653545,1.0
SP2,-0.2696020344497976,0.11023622047244094,1.0
PNPO,0.47756087667253055,0.48031496062992124,1.0
NFE2L1,0.29325554244135965,0.5118110236220472,1.0
CBX1,0.35566447199930806,0.4094488188976378,1.0
SNX11,0.18376160582886403,0.5433070866141733,1.0
SKAP1,-0.07237144803167794,0.6456692913385826,1.0
HOXB2,0.44117691220307176,0.3937007874015748,1.0
HOXB-AS1,-0.331330957587769,0.4094488188976378,1.0
HOXB3,0.9300187864955873,0.25196850393700787,1.0
HOXB4,-0.3118831418269363,0.6692913385826772,1.0
CALCOCO2,-0.021161355766659007,0.9763779527559056,1.0
ATP5G1,-0.006230032429115795,1.0,1.0
UBE2Z,0.042901391785759024,0.7874015748031497,1.0
SNF8,0.5480863919812773,0.3700787401574803,1.0
GNGT2,1.1636726966467679,0.2204724409448819,1.0
ABI3,1.126734508546578,0.25196850393700787,1.0
ZNF652,-0.5220707086811958,0.031496062992125984,1.0
PHB,-0.744024623402874,0.5590551181102362,1.0
EIF4EP2,0.8465738279690012,0.29133858267716534,1.0
SPOP,0.115974043852618,0.4881889763779528,1.0
SLC35B1,0.30410319063505487,0.7007874015748031,1.0
FAM117A,0.2524064643523829,0.49606299212598426,1.0
KAT7,0.4208772016857587,0.2125984251968504,1.0
ITGA3,1.0113274188445789,0.14173228346456693,1.0
PPP1R9B,0.10989240948159384,0.9212598425196851,1.0
COL1A1,-0.20329129244201294,0.905511811023622,1.0
XYLT2,0.4065625021227497,0.6456692913385826,1.0
MRPL27,0.601788827475215,0.3228346456692913,1.0
LRRC59,-0.12722790133629758,0.7559055118110236,1.0
ACSF2,1.9127040701421234,0.015748031496062992,1.0
RSAD1,-0.15060061029821625,0.6535433070866141,1.0
SPATA20,1.3144803651177552,0.2440944881889764,1.0
ANKRD40,-0.2792970254334266,0.47244094488188976,1.0
LUC7L3,-0.3500505894659893,0.25196850393700787,1.0
TOB1,-0.0616269802508711,0.8661417322834646,1.0
TOB1-AS1,0.9955257833088532,0.13385826771653545,1.0
SPAG9,-0.021688275195892892,0.889763779527559,1.0
NME1,0.8316819157277608,0.23622047244094488,1.0
MBTD1,-0.572618937137344,0.15748031496062992,1.0
UTP18,-0.26567691816146866,0.4881889763779528,1.0
COX11,-0.22757494428784053,0.5039370078740157,1.0
AC007485.2,0.4097350972725131,0.4094488188976378,1.0
STXBP4,1.6026140081063183,0.015748031496062992,1.0
HLF,0.7151663009522746,0.16535433070866143,1.0
MMD,-0.04611434156567462,0.905511811023622,1.0
PCTP,0.36276403806236734,0.6929133858267716,1.0
NOG,-1.5621777306856686,0.1889763779527559,1.0
C17orf67,0.8722215452128665,0.2440944881889764,1.0
DGKE,-0.17772176766748515,0.48031496062992124,1.0
TRIM25,0.2235313332385278,0.9291338582677166,1.0
COIL,-0.017180720115154813,0.9763779527559056,1.0
SCPEP1,0.7741090397956847,0.6850393700787402,1.0
AKAP1,0.22561863482140154,0.7086614173228346,1.0
MSI2,0.056083829151485354,0.7322834645669292,1.0
MRPS23,0.580758567169612,0.4330708661417323,1.0
VEZF1,0.021637157185925737,0.9291338582677166,1.0
SRSF1,0.2759963609322833,0.6771653543307087,1.0
DYNLL2,-0.28435574482323567,0.23622047244094488,1.0
AC015813.6,-1.2739109321570552,0.06299212598425197,1.0
OR4D1,-0.5632101517115999,0.5748031496062992,1.0
MKS1,0.32942975999096236,0.4015748031496063,1.0
TSPOAP1,-0.019678974646296865,0.9291338582677166,1.0
TSPOAP1-AS1,-0.28826130388419524,0.7244094488188977,1.0
AC004687.1,0.6532877047391943,0.5433070866141733,1.0
SUPT4H1,0.2537535355372871,0.5984251968503937,1.0
HSF5,0.3462981999998904,0.6771653543307087,1.0
MTMR4,0.4591250609371462,0.44881889763779526,1.0
RAD51C,1.0307407744323114,0.2992125984251969,1.0
TRIM37,0.3642089088328513,0.5275590551181102,1.0
SKA2,-0.040772176732215115,0.8346456692913385,1.0
PRR11,0.9152403038686385,0.30708661417322836,1.0
SMG8,0.23901435387423509,0.8110236220472441,1.0
GDPD1,0.6685657059793835,0.4645669291338583,1.0
YPEL2,0.33572616370326447,0.44881889763779526,1.0
DHX40,-0.060955052859969605,0.7952755905511811,1.0
AC091271.1,-0.44054836880482606,0.5748031496062992,1.0
CLTC,0.37507959141872327,0.14173228346456693,1.0
PTRH2,-0.04846851499315763,0.905511811023622,1.0
VMP1,0.4535427063283981,0.2047244094488189,1.0
TUBD1,-1.1358212253982254,0.03937007874015748,1.0
RPS6KB1,0.06738591635483271,0.6141732283464567,1.0
RNFT1,-0.3755054438818912,0.3937007874015748,1.0
HEATR6,-0.036875578919706165,0.9606299212598425,1.0
AC025048.6,0.7999809670759657,0.23622047244094488,1.0
AC025048.2,0.2783423383413649,0.6535433070866141,1.0
USP32,-0.34760012882919167,0.6220472440944882,1.0
RPL12P38,-0.10548136995587143,0.7716535433070866,1.0
APPBP2,-0.439246754335338,0.16535433070866143,1.0
PPM1D,-0.11335208201703395,0.6692913385826772,1.0
BCAS3,1.006573837561477,0.023622047244094488,1.0
AC005884.2,0.19131116512661195,0.8740157480314961,1.0
NACA2,-0.41377136093530176,0.3858267716535433,1.0
BRIP1,0.8177752922330485,0.30708661417322836,1.0
INTS2,-0.2791808907364741,0.3700787401574803,1.0
MED13,0.26273463645918316,0.03937007874015748,1.0
AC018628.1,-0.41658398712983624,0.6692913385826772,1.0
POLRMTP1,-0.35002951434907015,0.6692913385826772,1.0
AC008026.2,-1.219054654698874,0.12598425196850394,1.0
METTL2A,0.4737012882538396,0.3700787401574803,1.0
TLK2,-0.30697373774865966,0.25196850393700787,1.0
MRC2,0.10063813599906357,0.937007874015748,1.0
TANC2,-1.8732067639281236,0.023622047244094488,1.0
CYB561,-1.2733048047089728,0.023622047244094488,1.0
ACE,1.1571506434124141,0.2125984251968504,1.0
DCAF7,0.46483453205386915,0.15748031496062992,1.0
TACO1,-0.011504191603199931,0.9606299212598425,1.0
MAP3K3,0.2119575315951865,0.6377952755905512,1.0
STRADA,0.7316529007080745,0.2992125984251969,1.0
LIMD2,-0.1674736846382121,0.9291338582677166,1.0
AC046185.3,0.24101715387314204,0.7795275590551181,1.0
CCDC47,-0.04994451745092032,0.8110236220472441,1.0
DDX42,-0.11248159662175716,0.8267716535433071,1.0
FTSJ3,-0.20521972804176603,0.7401574803149606,1.0
PSMC5,0.4377654737453831,0.2204724409448819,1.0
SMARCD2,-0.13472997509251172,0.7165354330708661,1.0
CD79B,-0.41987845512844757,0.7874015748031497,1.0
PRR29,0.46752094732074134,0.6692913385826772,1.0
ICAM2,-0.4216262113556266,0.5275590551181102,1.0
ERN1,0.025731160624213878,0.9921259842519685,1.0
SNHG25,0.183411774767694,0.7480314960629921,1.0
SNORD104,-0.5002843917101334,0.6456692913385826,1.0
TEX2,-0.8790052651893321,0.15748031496062992,1.0
PECAM1,0.4578046288078088,0.33070866141732286,1.0
POLG2,-0.15501304847622066,0.5905511811023622,1.0
DDX5,0.10451673817848217,0.7086614173228346,1.0
CEP95,-0.30953542097361364,0.2755905511811024,1.0
SMURF2,-0.30968221033280674,0.15748031496062992,1.0
MINOS1P2,-0.7291220497146229,0.3228346456692913,1.0
ARHGAP27P1-BPTFP1-KPNA2P3,0.9997131103412027,0.2992125984251969,1.0
AC132812.1,-0.05587117062493663,0.952755905511811,1.0
PLEKHM1P1,-0.22166075832391918,0.7716535433070866,1.0
AMZ2P1,0.6297229541185363,0.6929133858267716,1.0
GNA13,-0.053713041881700896,0.8267716535433071,1.0
RGS9,1.3401920623147796,0.1732283464566929,1.0
AXIN2,-0.29646003340646176,0.8110236220472441,1.0
CEP112,-0.6764239904884595,0.5433070866141733,1.0
PRKCA,0.44933759407254925,0.2125984251968504,1.0
HELZ,-0.03302079378953682,0.8740157480314961,1.0
PSMD12,0.0902726348907903,0.5905511811023622,1.0
PITPNC1,-0.04815803013911957,0.8818897637795275,1.0
NOL11,-0.5262361325155442,0.11023622047244094,1.0
BPTF,-0.08255018598750219,0.5905511811023622,1.0
C17orf58,1.1314523474858844,0.03937007874015748,1.0
KPNA2,0.5742313956122782,0.4330708661417323,1.0
LINC00674,1.3908411132017697,0.18110236220472442,1.0
LRRC37A16P,0.4000803611959989,0.5511811023622047,1.0
AC005332.9,-0.48018554521696366,0.3858267716535433,1.0
AC005332.6,-0.4811433088749071,0.5433070866141733,1.0
AC005332.8,0.43880805877318796,0.6299212598425197,1.0
AC005332.10,-0.16643926184329594,0.7952755905511811,1.0
AC005332.5,0.17952521639878927,0.7322834645669292,1.0
AC005332.7,0.10537482460131331,0.8110236220472441,1.0
AMZ2,-0.33904063660292305,0.05511811023622047,1.0
ARSG,0.797877088254989,0.31496062992125984,1.0
SLC16A6,-0.16738458235695575,0.6929133858267716,1.0
WIPI1,0.599349439858949,0.15748031496062992,1.0
PRKAR1A,0.27480558367786934,0.25196850393700787,1.0
ABCA5,1.3379386109472335,0.1732283464566929,1.0
MAP2K6,-0.4494763254941363,0.07874015748031496,1.0
AC002546.1,-0.2660723788772277,0.7322834645669292,1.0
SLC39A11,0.19906561084285856,0.6062992125984252,1.0
AC025198.1,0.09954526282616527,0.8818897637795275,1.0
COG1,-0.8724062384572906,0.047244094488188976,1.0
FAM104A,0.11388031232268503,0.8503937007874016,1.0
C17orf80,0.27511342684279994,0.5905511811023622,1.0
CDC42EP4,0.35636104845002814,0.7165354330708661,1.0
RPL38,-0.035327885000704384,0.84251968503937,1.0
CD300A,-0.45038142027291306,0.7086614173228346,1.0
RAB37,0.3803492970594293,0.28346456692913385,1.0
SLC9A3R1,0.0964620761835926,0.7244094488188977,1.0
NAT9,0.06883915480658409,0.905511811023622,1.0
TMEM104,-0.6674204935524681,0.5039370078740157,1.0
FDXR,0.3856582187965927,0.5905511811023622,1.0
HID1,-0.47755606140581874,0.5984251968503937,1.0
MRPL58,0.4917882135734599,0.4881889763779528,1.0
KCTD2,-0.34120360961748997,0.4015748031496063,1.0
ATP5H,0.3096312213758594,0.2755905511811024,1.0
SLC16A5,-0.278514997897644,0.7322834645669292,1.0
ARMC7,-0.9678462766201994,0.23622047244094488,1.0
NT5C,-0.11200447674367897,0.968503937007874,1.0
JPT1,0.278941731097313,0.5433070866141733,1.0
SUMO2,-0.03776221763195231,0.8503937007874016,1.0
NUP85,-0.442953376833521,0.031496062992125984,1.0
GGA3,0.2259964832885153,0.4566929133858268,1.0
MRPS7,0.2262097525156581,0.5196850393700787,1.0
MIF4GD,-0.16928190259755027,0.7559055118110236,1.0
GRB2,0.21572004849515203,0.25196850393700787,1.0
TMEM94,0.36682703177180187,0.3464566929133858,1.0
TSEN54,-0.4330645695713926,0.1732283464566929,1.0
LLGL2,0.33735847413887754,0.5669291338582677,1.0
MYO15B,-0.2773586564282038,0.8267716535433071,1.0
RECQL5,0.231537503498072,0.8031496062992126,1.0
SAP30BP,-0.40797650939980645,0.29133858267716534,1.0
GALK1,-0.045507106162616884,1.0,1.0
H3F3B,-0.08944685474052783,0.7637795275590551,1.0
UNK,0.37999904164598597,0.5354330708661418,1.0
UNC13D,-0.787341386402244,0.5905511811023622,1.0
WBP2,-0.1388790940038085,0.8110236220472441,1.0
TRIM47,0.2964797804023951,0.5748031496062992,1.0
TRIM65,-0.04125090159893441,0.9133858267716536,1.0
FBF1,1.13253450781371,0.30708661417322836,1.0
ACOX1,0.3841084659113245,0.25196850393700787,1.0
SRP68,-0.2681001504414571,0.4881889763779528,1.0
EXOC7,0.020541978299368324,0.9212598425196851,1.0
RNF157,0.4654872892247264,0.8976377952755905,1.0
UBALD2,-0.34810896294529137,0.6299212598425197,1.0
PRPSAP1,-0.09758883075176072,0.7795275590551181,1.0
UBE2O,-0.210373632629679,0.7716535433070866,1.0
RHBDF2,0.5083746026736438,0.5590551181102362,1.0
CYGB,-1.333278199723866,0.29133858267716534,1.0
SNHG16,-0.7852625464513063,0.13385826771653545,1.0
MXRA7,-0.44928105371430815,0.6377952755905512,1.0
JMJD6,-0.8031928555163086,0.2204724409448819,1.0
METTL23,0.3850314651079456,0.5590551181102362,1.0
SRSF2,-0.3449247760606049,0.25984251968503935,1.0
MFSD11,0.2726782734024109,0.6062992125984252,1.0
SEC14L1,0.24182074780304674,0.41732283464566927,1.0
SEPT9,0.11198835182763389,0.8188976377952756,1.0
TNRC6C,-0.11781701936080058,0.6456692913385826,1.0
TNRC6C-AS1,0.10062246991668733,0.84251968503937,1.0
TMC6,-0.34580638237145767,0.6614173228346457,1.0
TMC8,0.03131872855819484,0.8976377952755905,1.0
SYNGR2,0.19671599825566766,0.8188976377952756,1.0
AFMID,-1.099532942781942,0.09448818897637795,1.0
SOCS3,0.8439640294072692,0.09448818897637795,1.0
PGS1,-0.4020791420570715,0.3700787401574803,1.0
CYTH1,0.05384805430513939,0.7480314960629921,1.0
USP36,0.4027024148176883,0.41732283464566927,1.0
TIMP2,0.323840235358527,0.5669291338582677,1.0
LGALS3BP,-1.1265577088593943,0.03937007874015748,1.0
CANT1,-0.11092561997209582,0.7874015748031497,1.0
ENGASE,-0.17363451165964738,0.8267716535433071,1.0
CBX8,2.001370207422702,0.05511811023622047,1.0
CBX4,-0.30424907828865244,0.3228346456692913,1.0
TBC1D16,0.47186783113883135,0.4251968503937008,1.0
GAA,-0.2466724642807554,0.8110236220472441,1.0
EIF4A3,0.010938254296728012,0.9763779527559056,1.0
AC087741.1,0.40797339241178676,0.6377952755905512,1.0
SGSH,-0.7045965092948676,0.41732283464566927,1.0
SLC26A11,-0.35523170216628674,0.7165354330708661,1.0
RNF213,0.2247164770602268,0.30708661417322836,1.0
ENDOV,0.6021347263065113,0.3228346456692913,1.0
RPTOR,0.04363412892564744,0.9763779527559056,1.0
RPL31P7,0.6084298918876405,0.3464566929133858,1.0
AC127496.7,-0.4145429381607031,0.6141732283464567,1.0
BAIAP2-AS1,-0.6943373428047954,0.2440944881889764,1.0
BAIAP2,-1.0894115625434153,0.1732283464566929,1.0
TEPSIN,-0.16099196697081375,0.7086614173228346,1.0
NDUFAF8,0.6499365646059614,0.13385826771653545,1.0
SLC38A10,0.43551707714548415,0.41732283464566927,1.0
ACTG1,0.36189285914454494,0.4645669291338583,1.0
FAAP100,-1.4699147115629008,0.15748031496062992,1.0
NPLOC4,0.5936102079603733,0.5118110236220472,1.0
OXLD1,-0.015078547205078507,0.9921259842519685,1.0
CCDC137,0.24799693012375368,0.6456692913385826,1.0
ARL16,-0.3033329587775091,0.3779527559055118,1.0
MCRIP1,0.6257376037940174,0.3464566929133858,1.0
P4HB,0.1880040079548202,0.8188976377952756,1.0
ARHGDIA,0.8298757510712153,0.44881889763779526,1.0
ALYREF,0.022942014664340427,0.8661417322834646,1.0
ANAPC11,-0.05213758800695789,0.9133858267716536,1.0
PCYT2,1.1955759105082342,0.30708661417322836,1.0
SIRT7,0.5375696767999658,0.3464566929133858,1.0
MAFG,-0.3402314957686938,0.3228346456692913,1.0
ASPSCR1,0.586086201289866,0.6220472440944882,1.0
CENPX,0.8728918981505198,0.4881889763779528,1.0
DCXR,0.2715046848439133,0.4881889763779528,1.0
RFNG,0.3975603511167449,0.2755905511811024,1.0
GPS1,-0.6429793838243754,0.5669291338582677,1.0
DUS1L,-0.6207288223292924,0.4566929133858268,1.0
FASN,0.028900784647462263,0.9448818897637795,1.0
CCDC57,0.5071668157858182,0.6456692913385826,1.0
SLC16A3,-0.36649899172341094,0.6771653543307087,1.0
CSNK1D,-0.09715640447193241,0.8661417322834646,1.0
AC132872.1,0.08830316345195932,0.8346456692913385,1.0
CD7,0.3853118529269679,0.8110236220472441,1.0
SECTM1,1.3550921715942406,0.2125984251968504,1.0
OGFOD3,-0.8157623847350579,0.41732283464566927,1.0
HEXDC,0.4432028718356116,0.6850393700787402,1.0
C17orf62,-0.6296040114246697,0.6377952755905512,1.0
NARF,-0.3391199064713337,0.3700787401574803,1.0
FOXK2,0.2366965691084717,0.14960629921259844,1.0
WDR45B,0.07321502728006557,0.7007874015748031,1.0
RAB40B,0.6763147024702088,0.3858267716535433,1.0
FN3KRP,0.04172528456820768,0.8661417322834646,1.0
TBCD,-0.03183902529528293,0.984251968503937,1.0
B3GNTL1,0.671390908521635,0.4015748031496063,1.0
METRNL,0.32947282044783854,0.7086614173228346,1.0
ROCK1P1,-0.30949677330487524,0.6614173228346457,1.0
USP14,0.09350478738718238,0.7165354330708661,1.0
THOC1,-0.3612157319097866,0.25984251968503935,1.0
TYMS,-0.030598969405460252,0.9763779527559056,1.0
ENOSF1,0.5680189951574555,0.07874015748031496,1.0
YES1,-0.03665900954714241,0.937007874015748,1.0
METTL4,0.5679978551536644,0.33070866141732286,1.0
NDC80,-0.01705004889881412,0.984251968503937,1.0
CBX3P2,0.9501317117389665,0.2125984251968504,1.0
SMCHD1,-0.18653508502195582,0.25984251968503935,1.0
EMILIN2,0.6272659913828313,0.15748031496062992,1.0
LPIN2,-0.025193909316895358,0.889763779527559,1.0
AP000919.1,-0.0030751700981941354,0.984251968503937,1.0
MYL12A,0.014800849962666618,0.9448818897637795,1.0
MYL12B,0.2853183260929786,0.2677165354330709,1.0
TGIF1,-0.10872254368264311,0.8818897637795275,1.0
DLGAP1,0.9862129693964459,0.13385826771653545,1.0
DLGAP1-AS1,0.44807889135010326,0.2440944881889764,1.0
DLGAP1-AS2,0.49978586742079223,0.4409448818897638,1.0
LINC00667,-0.3332890806164528,0.5196850393700787,1.0
ZBTB14,0.2155350368816391,0.6220472440944882,1.0
RPL6P27,0.0826547693402766,0.5905511811023622,1.0
PTPRM,0.10035458723502222,0.9133858267716536,1.0
RAB12,-0.07884240752825722,0.7480314960629921,1.0
NDUFV2,0.3794151906549965,0.6220472440944882,1.0
AP005899.1,-0.4264268676114873,0.7480314960629921,1.0
NDUFV2-AS1,0.840141437312766,0.4251968503937008,1.0
ANKRD12,0.029016204470281082,0.8818897637795275,1.0
AP001033.2,-1.0099995375476285,0.25196850393700787,1.0
TWSG1,0.263538471824607,0.2992125984251969,1.0
RALBP1,0.2801844476490105,0.047244094488188976,1.0
PPP4R1,-0.44179348567471877,0.11811023622047244,1.0
RAB31,-0.23804013941931146,0.7637795275590551,1.0
VAPA,0.054396459870501346,0.6929133858267716,1.0
APCDD1,1.427301270199413,0.07086614173228346,1.0
NAPG,-0.3413967751157312,0.3858267716535433,1.0
CHMP1B,-0.45756608975089996,0.41732283464566927,1.0
MPPE1,-0.41939446155018567,0.2440944881889764,1.0
IMPA2,0.10019143684170251,0.905511811023622,1.0
CCDC58P3,-1.371190469347756,0.1732283464566929,1.0
TUBB6,0.38602729209108655,0.6850393700787402,1.0
AFG3L2,-0.04936250807259235,0.8818897637795275,1.0
PSMG2,0.06456762689371498,0.8661417322834646,1.0
CEP76,-0.7277317798187073,0.12598425196850394,1.0
LINC01882,-0.29488988336149413,0.7165354330708661,1.0
AP005482.1,-0.8876048928011201,0.33858267716535434,1.0
PTPN2,-0.08728096281214359,0.7007874015748031,1.0
SEH1L,0.42380901128668125,0.4330708661417323,1.0
CEP192,-0.16899778323011905,0.3700787401574803,1.0
LDLRAD4,0.27445806100453574,0.4409448818897638,1.0
AP002505.2,1.0446367993656895,0.15748031496062992,1.0
AP005131.2,-0.42566765683080154,0.6456692913385826,1.0
AP005131.7,-0.9525284990544871,0.15748031496062992,1.0
FAM210A,-0.32964202650233254,0.7480314960629921,1.0
RNMT,-0.4926875471467156,0.047244094488188976,1.0
ZNF519,1.4187128127566424,0.12598425196850394,1.0
ANKRD20A5P,-0.3806842587875219,0.5433070866141733,1.0
AP005212.5,-0.642297462431823,0.3700787401574803,1.0
ROCK1,0.07676086810068128,0.6456692913385826,1.0
ESCO1,0.119238644216896,0.7716535433070866,1.0
SNRPD1,0.1187610882163872,0.7637795275590551,1.0
ABHD3,0.015246496252804498,0.9448818897637795,1.0
MIB1,0.17174549496466707,0.6456692913385826,1.0
CTAGE1,0.32087173345416486,0.5826771653543307,1.0
RBBP8,0.8096309803253594,0.2755905511811024,1.0
TMEM241,2.099966090589731,0.015748031496062992,1.0
RIOK3,0.2207661804089014,0.1968503937007874,1.0
C18orf8,0.284885666020811,0.7086614173228346,1.0
NPC1,-0.29168694865593947,0.49606299212598426,1.0
TTC39C,-0.06776305705084251,0.7165354330708661,1.0
TTC39C-AS1,0.3856922479922491,0.5196850393700787,1.0
AC090772.4,-0.10305877892221282,0.7795275590551181,1.0
OSBPL1A,-0.9310140870932166,0.1968503937007874,1.0
IMPACT,-0.006035614807843537,0.968503937007874,1.0
SS18,0.1088714235850885,0.5984251968503937,1.0
TAF4B,-0.22188112837728236,0.4409448818897638,1.0
KCTD1,0.4374599824761862,0.6456692913385826,1.0
AC007996.1,0.3176933090481373,0.6850393700787402,1.0
AC018371.2,-0.39870104746669077,0.4251968503937008,1.0
TRAPPC8,-0.26483609822461496,0.33858267716535434,1.0
AC009831.1,-0.04438394631724396,1.0,1.0
RNF125,-0.05562606102246104,0.8582677165354331,1.0
RNF138,-0.18442558506885653,0.4645669291338583,1.0
WBP11P1,0.22141312554434145,0.8110236220472441,1.0
MAPRE2,0.07727574176472984,0.7401574803149606,1.0
ZNF397,-0.7394724358746645,0.12598425196850394,1.0
ZSCAN30,0.17354535160589624,0.7480314960629921,1.0
ZNF271P,0.7661731329090271,0.2992125984251969,1.0
ZNF24,-0.12478843438228626,0.6771653543307087,1.0
ZNF396,0.29171333182112624,0.7795275590551181,1.0
INO80C,0.5614812586840356,0.1889763779527559,1.0
GALNT1,0.09086947837390902,0.7480314960629921,1.0
C18orf21,0.35590987327531565,0.5039370078740157,1.0
RPRD1A,0.005287136013783389,0.984251968503937,1.0
SLC39A6,0.02487346641954513,0.9212598425196851,1.0
ELP2,-0.4468402625765897,0.15748031496062992,1.0
TPGS2,-0.03908822229182629,0.889763779527559,1.0
KIAA1328,1.4703809353871187,0.08661417322834646,1.0
RPL7AP66,-1.7063224730513145,0.031496062992125984,1.0
PIK3C3,-0.45565058125562174,0.12598425196850394,1.0
SETBP1,0.6501650276535771,0.33070866141732286,1.0
SLC14A1,-0.8440248239491384,0.3700787401574803,1.0
EPG5,-0.17140415643632778,0.4566929133858268,1.0
PSTPIP2,-0.6273274664237096,0.5590551181102362,1.0
ATP5A1,0.09345107340332692,0.7716535433070866,1.0
HAUS1,0.4112932625690009,0.3228346456692913,1.0
C18orf25,0.11616133968339959,0.8031496062992126,1.0
PIAS2,-0.5315728126144625,0.14173228346456693,1.0
IER3IP1,-0.08688527817836444,0.8346456692913385,1.0
TPMTP1,0.13182225232945766,0.7401574803149606,1.0
SMAD2,-0.0933889356252493,0.7165354330708661,1.0
SMAD7,-0.7674381263250414,0.07874015748031496,1.0
DYM,0.40541426334115993,0.28346456692913385,1.0
C18orf32,-1.4016144167889035,0.11811023622047244,1.0
RPL17,-0.45758854111906544,0.6771653543307087,1.0
ACAA2,-0.21733089736974254,0.6692913385826772,1.0
MBD1,-0.1408571246015855,0.6062992125984252,1.0
CXXC1,0.45185901607491363,0.4251968503937008,1.0
ME2,0.13087010819980538,0.5511811023622047,1.0
ELAC1,-0.31116736669359435,0.33858267716535434,1.0
SMAD4,-0.21178802784871387,0.5590551181102362,1.0
MEX3C,-0.21785746630041558,0.6220472440944882,1.0
MBD2,0.20083443924384614,0.2125984251968504,1.0
POLI,0.3798069349191482,0.36220472440944884,1.0
C18orf54,0.862075022883362,0.3937007874015748,1.0
SNRPGP2,0.7838981858711938,0.2125984251968504,1.0
RAB27B,-0.5026491679273541,0.44881889763779526,1.0
TCF4,-0.08331564871240094,0.9133858267716536,1.0
TXNL1,-0.016521865438789085,0.952755905511811,1.0
WDR7,0.3055944956194754,0.15748031496062992,1.0
FECH,1.0349544735241798,0.33858267716535434,1.0
NARS,-0.3302133192204382,0.13385826771653545,1.0
AC027097.1,0.08450493824871419,0.9212598425196851,1.0
NEDD4L,1.1859208416025555,0.2047244094488189,1.0
MALT1,-0.011932551209705267,0.905511811023622,1.0
ZNF532,0.5281820797456627,0.5590551181102362,1.0
SEC11C,0.3621964318177451,0.4566929133858268,1.0
LMAN1,0.06183722323679319,0.8188976377952756,1.0
PMAIP1,0.18230865277355335,0.6692913385826772,1.0
FAM60CP,-0.6643286127831538,0.33858267716535434,1.0
RPS3AP49,-0.2813553324692051,0.5433070866141733,1.0
PIGN,0.047562945827639425,0.9606299212598425,1.0
KIAA1468,-0.19991456033266264,0.5354330708661418,1.0
TNFRSF11A,0.9617677467001964,0.2755905511811024,1.0
ZCCHC2,-0.0021247531322199364,0.9921259842519685,1.0
PHLPP1,-0.01554936447482147,0.984251968503937,1.0
BCL2,-0.15250856163123405,0.6299212598425197,1.0
KDSR,0.26395509099012404,0.2440944881889764,1.0
VPS4B,-0.16227525804132803,0.4409448818897638,1.0
SERPINB8,0.5435123866480716,0.2440944881889764,1.0
AC022968.1,-1.1116167602780351,0.10236220472440945,1.0
TMX3,0.0066301595040583194,0.9763779527559056,1.0
CCDC102B,-0.8856815260244841,0.4330708661417323,1.0
CD226,0.009126652682891923,0.9291338582677166,1.0
RTTN,-0.4054428844634006,0.2125984251968504,1.0
SOCS6,-0.5547735534911855,0.5748031496062992,1.0
GTSCR1,-0.48429792705115116,0.5748031496062992,1.0
TIMM21,0.17544942841859434,0.7874015748031497,1.0
CYB5A,-0.2646181167784638,0.4881889763779528,1.0
FAUP1,0.04717292376283311,0.937007874015748,1.0
CNDP2,-0.29875327143606434,0.2992125984251969,1.0
LINC00909,-0.2161940710398138,0.7165354330708661,1.0
ZNF407,-0.44202192717830036,0.3464566929133858,1.0
ZADH2,-0.11771941940444997,0.7795275590551181,1.0
TSHZ1,0.05129040115387973,0.8582677165354331,1.0
ZNF516,0.3790222993509733,0.7086614173228346,1.0
ZNF236,-0.1319848027869206,0.7322834645669292,1.0
MBP,0.11982595508810334,0.6614173228346457,1.0
ATP9B,-0.4335335697283016,0.2440944881889764,1.0
AC125437.1,-1.7123104875977957,0.13385826771653545,1.0
NFATC1,0.4220505518365467,0.5275590551181102,1.0
CTDP1,-0.6620292185134846,0.5748031496062992,1.0
PQLC1,0.3788451193543043,0.5984251968503937,1.0
HSBP1L1,-0.12394051856609067,0.7874015748031497,1.0
TXNL4A,0.1649931859271243,0.6456692913385826,1.0
RBFA,-0.24887505425592682,0.7480314960629921,1.0
ADNP2,-0.33278356215350424,0.36220472440944884,1.0
PARD6G,-0.19513292786544234,0.9291338582677166,1.0
ZCCHC3,-0.27818360776128337,0.5511811023622047,1.0
SOX12,-0.2862353669477655,0.3779527559055118,1.0
TRIB3,0.6572326344311684,0.33070866141732286,1.0
RBCK1,0.16488439756650752,0.5984251968503937,1.0
TBC1D20,-0.1418845711218113,0.6220472440944882,1.0
CSNK2A1,0.19280401749095688,0.44881889763779526,1.0
FAM110A,0.8558870025591512,0.015748031496062992,1.0
PSMF1,0.28329525902793584,0.12598425196850394,1.0
SNPH,0.5525194300796381,0.5196850393700787,1.0
SDCBP2-AS1,-0.1979095904238517,0.7480314960629921,1.0
FKBP1A,0.49282523070495277,0.05511811023622047,1.0
NSFL1C,1.6507507477154384,0.07086614173228346,1.0
SIRPB1,1.5397109035009509,0.11811023622047244,1.0
SIRPG,0.5637165391092296,0.2125984251968504,1.0
SIRPA,0.6305267953366159,0.4566929133858268,1.0
STK35,-0.009025128364109847,0.9763779527559056,1.0
SNRPB,-0.02471427322050168,0.9921259842519685,1.0
NOP56,-0.4281942121120359,0.09448818897637795,1.0
IDH3B,0.012271901115141759,1.0,1.0
CPXM1,-0.8845293041851827,0.5669291338582677,1.0
PCED1A,0.023354674001167197,0.9212598425196851,1.0
VPS16,0.5358841369172533,0.3543307086614173,1.0
PTPRA,0.12106036552739585,0.2992125984251969,1.0
MRPS26,0.264711273156244,0.6614173228346457,1.0
UBOX5,0.10175077290490409,0.905511811023622,1.0
FASTKD5,0.4527171006873454,0.14173228346456693,1.0
LZTS3,0.47737202990882643,0.5905511811023622,1.0
DDRGK1,0.826430192556042,0.3543307086614173,1.0
ITPA,-0.2458296433245728,0.6220472440944882,1.0
C20orf194,0.37591068133637195,0.1732283464566929,1.0
ATRN,-0.32342508833992367,0.49606299212598426,1.0
C20orf27,1.2959022691443873,0.30708661417322836,1.0
CENPB,-0.3280062972736877,0.7480314960629921,1.0
CDC25B,-0.12742799064533727,0.8031496062992126,1.0
AP5S1,1.1930983370588217,0.2204724409448819,1.0
MAVS,0.10094917304900441,0.6771653543307087,1.0
PANK2,0.29751080120544593,0.30708661417322836,1.0
RNF24,-0.19846643460244717,0.6299212598425197,1.0
FTLP3,-0.5471454173446482,0.2125984251968504,1.0
SMOX,0.8773448961757881,0.3937007874015748,1.0
RPS4XP2,-0.9287149644609247,0.10236220472440945,1.0
PRNP,0.02579698545920106,0.8818897637795275,1.0
RASSF2,-0.044402102866335724,0.8188976377952756,1.0
SLC23A2,-0.401603924267282,0.3858267716535433,1.0
TMEM230,0.12588661943971058,0.48031496062992124,1.0
PCNA,0.034400201602259095,0.8818897637795275,1.0
CDS2,-0.14597810209062168,0.5511811023622047,1.0
UBE2D3P1,0.027297073237538605,0.905511811023622,1.0
GPCPD1,0.46239946540472854,0.25196850393700787,1.0
C20orf196,-0.27934417796508937,0.4645669291338583,1.0
CHGB,0.821434543235462,0.5275590551181102,1.0
TRMT6,0.2156502819131294,0.31496062992125984,1.0
MCM8,0.9001562980306148,0.3543307086614173,1.0
CRLS1,-0.3669401663749845,0.3543307086614173,1.0
AL109618.1,-0.01461720369947006,0.984251968503937,1.0
TMX4,-0.21386376397896711,0.5275590551181102,1.0
PLCB1,-1.818291443537606,0.08661417322834646,1.0
ANKEF1,-0.22789194327881113,0.6850393700787402,1.0
SDAD1P2,-0.30518585401852616,0.6771653543307087,1.0
MKKS,-0.1884978008803575,0.7007874015748031,1.0
SLX4IP,0.04794212138141862,0.9606299212598425,1.0
JAG1,1.3257397004272922,0.03937007874015748,1.0
PA2G4P2,-0.7453651041143147,0.4881889763779528,1.0
ISM1,0.7439132863265203,0.3700787401574803,1.0
TASP1,-0.29698394186311106,0.5118110236220472,1.0
ESF1,0.07328867846181275,0.8503937007874016,1.0
NDUFAF5,-0.679805596401692,0.08661417322834646,1.0
KIF16B,-0.5499005653376434,0.11023622047244094,1.0
SNRPB2,0.027042861669115403,0.8582677165354331,1.0
DSTN,0.6362881205796986,0.5354330708661418,1.0
RRBP1,0.4175193746829766,0.33858267716535434,1.0
SNX5,-0.1573278616097431,0.4330708661417323,1.0
MGME1,-0.44294828948354503,0.28346456692913385,1.0
PET117,0.7198580798015553,0.4330708661417323,1.0
KAT14,0.10166869908082843,0.7401574803149606,1.0
ZNF133,-0.35660285438619255,0.2677165354330709,1.0
DZANK1,0.13375429365461455,0.84251968503937,1.0
POLR3F,1.1744562376392578,0.23622047244094488,1.0
RBBP9,1.6238188972354828,0.07874015748031496,1.0
RPS19P1,0.05810076585479074,0.9133858267716536,1.0
SEC23B,-0.3909515634678282,0.3543307086614173,1.0
SMIM26,-0.11076696105786343,0.7637795275590551,1.0
DTD1,0.2939433029957321,0.47244094488188976,1.0
NAA20,-0.22090515286774615,0.5354330708661418,1.0
CRNKL1,0.1423527389089152,0.5748031496062992,1.0
RALGAPA2,-0.0025770538396079345,0.9921259842519685,1.0
RPL24P2,-1.2459937080089283,0.14173228346456693,1.0
KIZ,-0.8432295084492796,0.07874015748031496,1.0
RPS15AP1,-0.3707786314278785,0.25984251968503935,1.0
XRN2,0.23791608894122263,0.4330708661417323,1.0
LINC01727,1.3171290802036553,0.07874015748031496,1.0
RPL41P1,-0.6142817107681708,0.33070866141732286,1.0
THBD,2.027408847777863,0.05511811023622047,1.0
CD93,0.1335651209280555,0.8582677165354331,1.0
NXT1,-0.9850914678451126,0.015748031496062992,1.0
LINC01431,-0.22977150455629336,0.7874015748031497,1.0
GZF1,-0.04476947778691365,0.9921259842519685,1.0
NAPB,0.849688487473252,0.33858267716535434,1.0
CST3,-0.8345076441539292,0.5826771653543307,1.0
CST7,-0.2862930336758591,0.6771653543307087,1.0
APMAP,-0.4696108546137028,0.18110236220472442,1.0
ACSS1,-0.5867424127645582,0.31496062992125984,1.0
ENTPD6,0.31043282654219806,0.8110236220472441,1.0
PYGB,-0.029355216804833884,0.968503937007874,1.0
ABHD12,0.12925823588575902,0.6692913385826772,1.0
NINL,-0.7744909885932254,0.44881889763779526,1.0
NANP,-0.9054986223607309,0.1732283464566929,1.0
FRG1CP,0.8171120936696425,0.2204724409448819,1.0
FRG1BP,1.80058808022275,0.18110236220472442,1.0
AL121723.1,-0.77457259330724,0.14173228346456693,1.0
HM13,0.5893333898431585,0.14960629921259844,1.0
ID1,-1.0078607772200647,0.1889763779527559,1.0
BCL2L1,-0.053593877288657055,0.9291338582677166,1.0
TPX2,1.4527779136620438,0.1968503937007874,1.0
PDRG1,-0.727835468000233,0.18110236220472442,1.0
HCK,0.04859385768167357,0.9448818897637795,1.0
TM9SF4,0.15885136752567153,0.5433070866141733,1.0
TSPY26P,1.1762354364736702,0.14960629921259844,1.0
PLAGL2,0.2880163753446512,0.3858267716535433,1.0
POFUT1,-0.8584564006319622,0.1889763779527559,1.0
KIF3B,0.34869577301482035,0.2283464566929134,1.0
ASXL1,-0.45201952714395244,0.023622047244094488,1.0
NOL4L,-0.38133735938727487,0.25984251968503935,1.0
COMMD7,0.27756168407314696,0.44881889763779526,1.0
MAPRE1,-0.11711654994924015,0.5511811023622047,1.0
AL035071.1,-0.16118559823266265,0.5433070866141733,1.0
CDK5RAP1,-0.5821666971825303,0.047244094488188976,1.0
SNTA1,0.8318648238866926,0.4881889763779528,1.0
CBFA2T2,0.457783362948164,0.2125984251968504,1.0
NECAB3,-1.2846343918098484,0.23622047244094488,1.0
PXMP4,0.6397776134889508,0.5039370078740157,1.0
ZNF341,0.2372769327793438,0.7874015748031497,1.0
RPL31P2,-0.08057292338540956,0.84251968503937,1.0
CHMP4B,-0.06756876838348802,0.7716535433070866,1.0
RALY,0.14813866321008007,0.8110236220472441,1.0
EIF2S2,0.11833354335550883,0.6062992125984252,1.0
XPOTP1,-0.21963660841617827,0.8346456692913385,1.0
AL035458.1,-0.3300855262938631,0.5905511811023622,1.0
AHCY,0.7012499614017691,0.3700787401574803,1.0
ITCH,-0.3021056252768872,0.08661417322834646,1.0
DYNLRB1,0.5583192904240386,0.031496062992125984,1.0
MAP1LC3A,-0.6165132157884567,0.6299212598425197,1.0
PIGU,-0.5174535883771076,0.3937007874015748,1.0
NCOA6,0.04095172800097657,0.8661417322834646,1.0
TP53INP2,0.021606643848039564,0.984251968503937,1.0
GGT7,-0.3717139217229253,0.5669291338582677,1.0
ACSS2,0.7866370189573715,0.31496062992125984,1.0
GSS,-0.203331288749256,0.6141732283464567,1.0
TRPC4AP,0.2000999536432273,0.8110236220472441,1.0
EDEM2,-0.20395344602065002,0.6929133858267716,1.0
MMP24OS,0.7456588455728328,0.2677165354330709,1.0
EIF6,0.6565020314979906,0.023622047244094488,1.0
UQCC1,1.2536100440257187,0.13385826771653545,1.0
CEP250,0.3778371466443371,0.9291338582677166,1.0
FO393401.1,0.16482888765891812,0.8110236220472441,1.0
ERGIC3,0.09529229245402604,0.7165354330708661,1.0
FER1L4,0.6132367233697709,0.6692913385826772,1.0
SPAG4,1.45739584007382,0.03937007874015748,1.0
CPNE1,0.0618645704505596,0.8740157480314961,1.0
RBM12,-0.20661558255792656,0.6220472440944882,1.0
NFS1,0.7972513129865515,0.4566929133858268,1.0
ROMO1,0.2774966208306271,0.4015748031496063,1.0
RBM39,-0.08901415001388635,0.5039370078740157,1.0
PHF20,0.05065303294023682,0.8031496062992126,1.0
NORAD,-0.11077170312535944,0.5196850393700787,1.0
AAR2,0.3641696432713215,0.3779527559055118,1.0
DLGAP4,0.604123424786053,0.48031496062992124,1.0
TGIF2,-0.22107143200484636,0.6377952755905512,1.0
SLA2,0.18044128129010328,0.6299212598425197,1.0
NDRG3,0.2522592135412767,0.28346456692913385,1.0
DSN1,-0.38446399935661546,0.30708661417322836,1.0
TLDC2,0.8321475441169941,0.28346456692913385,1.0
SAMHD1,0.0455312754889885,0.8582677165354331,1.0
RBL1,0.4037592327715611,0.5826771653543307,1.0
RPN2,0.08454870935994752,0.5275590551181102,1.0
MANBAL,0.03910946213420452,0.952755905511811,1.0
SRC,0.9997064475828368,0.1732283464566929,1.0
BLCAP,-0.29591415637789975,0.5354330708661418,1.0
CTNNBL1,-0.06273158585469485,0.8818897637795275,1.0
TTI1,0.6153922414582351,0.28346456692913385,1.0
RPRD1B,-0.10242332794222708,0.8110236220472441,1.0
SNHG17,-0.5174916543916193,0.5118110236220472,1.0
SNHG11,-0.7493698661265575,0.41732283464566927,1.0
RALGAPB,0.01612192593740769,0.937007874015748,1.0
ACTR5,-0.42224903210785314,0.13385826771653545,1.0
PPP1R16B,0.7134788032797585,0.14173228346456693,1.0
FAM83D,0.1427702783270437,0.7874015748031497,1.0
DHX35,-0.9149147256517396,0.031496062992125984,1.0
MAFB,0.8269948636787601,0.16535433070866143,1.0
TOP1,0.10113583007827298,0.5433070866141733,1.0
PLCG1,-0.1923934647813894,0.5590551181102362,1.0
ZHX3,1.4434698110725612,0.047244094488188976,1.0
CHD6,-0.2973444144165276,0.3543307086614173,1.0
SRSF6,-0.1951810869457553,0.3543307086614173,1.0
IFT52,-0.7395552725525238,0.4015748031496063,1.0
TOX2,2.0005257292997625,0.09448818897637795,1.0
OSER1,-0.46338804307977277,0.4251968503937008,1.0
OSER1-AS1,-0.3804959756788566,0.30708661417322836,1.0
FITM2,1.322606702636966,0.09448818897637795,1.0
RPL37AP1,-0.8068403687922823,0.03937007874015748,1.0
TTPAL,0.44052048372276076,0.14173228346456693,1.0
SERINC3,0.25082472045951754,0.14173228346456693,1.0
PKIG,1.4651084200876237,0.12598425196850394,1.0
ADA,0.29772227457248057,0.25196850393700787,1.0
YWHAB,0.32800631999801766,0.2125984251968504,1.0
PABPC1L,0.6388290440864766,0.11023622047244094,1.0
TOMM34,1.1787526288335788,0.2204724409448819,1.0
STK4,0.10496263369839554,0.25984251968503935,1.0
SLPI,0.364792648458903,0.8110236220472441,1.0
SDC4,1.2122303787927895,0.3937007874015748,1.0
SYS1,0.08696921648327205,0.6141732283464567,1.0
PIGT,-0.015116200747033126,0.968503937007874,1.0
RPS2P7,-0.47342923537535997,0.6692913385826772,1.0
DNTTIP1,1.3537779925436437,0.07874015748031496,1.0
ACOT8,0.0677869012981458,0.9448818897637795,1.0
ZSWIM3,1.3895015403965836,0.12598425196850394,1.0
CTSA,0.2489003302525088,0.7874015748031497,1.0
PCIF1,0.008181274169720254,0.9921259842519685,1.0
ZNF335,0.1285612522198285,0.7559055118110236,1.0
MMP9,0.5060626769480114,0.6456692913385826,1.0
NCOA5,-0.6259564733581309,0.03937007874015748,1.0
CD40,1.2824515584749683,0.05511811023622047,1.0
SLC35C2,-0.11228023347900074,0.7637795275590551,1.0
ELMO2,0.22755820418182626,0.6062992125984252,1.0
TP53RK,0.09909842349222853,0.7401574803149606,1.0
ZMYND8,-0.10551323568220194,0.6141732283464567,1.0
NCOA3,0.13016482789154704,0.4251968503937008,1.0
PREX1,0.23375967019565103,0.3858267716535433,1.0
AL133342.1,-0.39081360166133994,0.7165354330708661,1.0
ARFGEF2,-0.4750954492406798,0.11023622047244094,1.0
CSE1L,-0.15504268345928374,0.7244094488188977,1.0
STAU1,0.027033432889344233,0.8976377952755905,1.0
ARPC3P1,0.8247017815431086,0.08661417322834646,1.0
DDX27,0.1625677777402359,0.25196850393700787,1.0
ZNFX1,0.7525384775403756,0.28346456692913385,1.0
ZFAS1,0.07041355491554402,0.6929133858267716,1.0
B4GALT5,0.21045920035798193,0.5118110236220472,1.0
SNRPFP1,-0.42431282137827786,0.5196850393700787,1.0
SLC9A8,0.2784991209246179,0.2440944881889764,1.0
SPATA2,-1.4118723169595944,0.07874015748031496,1.0
RNF114,0.3207783653122718,0.2755905511811024,1.0
SNAI1,0.643375851514725,0.6141732283464567,1.0
UBE2V1,0.5532217988252235,0.44881889763779526,1.0
TMEM189,-0.1523350510285688,0.7086614173228346,1.0
CEBPB,-0.16952148161568026,0.5590551181102362,1.0
PTPN1,0.012096637535245591,0.9606299212598425,1.0
PARD6B,0.24568512956817168,0.7637795275590551,1.0
BCAS4,0.8203395741985084,0.5196850393700787,1.0
ADNP,-0.0742542720793038,0.7874015748031497,1.0
DPM1,0.44407319058481853,0.5354330708661418,1.0
MOCS3,0.02392520180723645,0.9921259842519685,1.0
NFATC2,0.3805231968365117,0.031496062992125984,1.0
ATP9A,-0.3464284749997315,0.6929133858267716,1.0
ZFP64,0.642937282852845,0.6377952755905512,1.0
TSHZ2,1.0435865900353063,0.03937007874015748,1.0
ZNF217,-0.20648533702142924,0.5196850393700787,1.0
PFDN4,0.500061629539605,0.3858267716535433,1.0
RPL12P4,-0.2754407932402554,0.16535433070866143,1.0
FAM210B,0.5039857671762924,0.29133858267716534,1.0
AURKA,0.3657533864892559,0.5039370078740157,1.0
CSTF1,-0.6239018715561269,0.16535433070866143,1.0
CASS4,0.15340845378658674,0.7952755905511811,1.0
RTFDC1,0.09371101257152237,0.7401574803149606,1.0
RPS4XP3,0.5008390684616676,0.3858267716535433,1.0
RAE1,-0.06579864086040654,0.8661417322834646,1.0
AL109955.1,-0.007107745596555581,1.0,1.0
RBM38,-0.9549139189988605,0.5433070866141733,1.0
ZBP1,-0.4362199576346484,0.2047244094488189,1.0
PMEPA1,0.3058816712216199,0.6456692913385826,1.0
NKILA,-1.433016271342843,0.10236220472440945,1.0
PPP4R1L,-0.4384405378790932,0.5511811023622047,1.0
RAB22A,-0.25059279608082896,0.2204724409448819,1.0
VAPB,0.2511433310725373,0.5196850393700787,1.0
STX16,0.17503628804854987,0.4251968503937008,1.0
NPEPL1,1.181827794288484,0.2677165354330709,1.0
GNAS,0.0663462473122518,0.5433070866141733,1.0
NELFCD,-0.29873076816088684,0.4330708661417323,1.0
CTSZ,0.7063454304565044,0.2204724409448819,1.0
ATP5E,0.183831612924946,0.07086614173228346,1.0
PRELID3B,-0.013375137639784818,0.9606299212598425,1.0
ZNF831,0.3133893551717408,0.3543307086614173,1.0
SYCP2,-0.021831563601068193,0.984251968503937,1.0
FAM217B,0.5042268453521173,0.4251968503937008,1.0
PPP1R3D,0.690324963972631,0.5669291338582677,1.0
TAF4,-0.7481277185041826,0.10236220472440945,1.0
AL137077.2,-0.48709529277310337,0.5748031496062992,1.0
LSM14B,0.2566408033890273,0.7007874015748031,1.0
PSMA7,0.1917898310090722,0.4330708661417323,1.0
SS18L1,-0.5576004529050707,0.4409448818897638,1.0
MTG2,0.3405448483638849,0.4330708661417323,1.0
OSBPL2,0.0701078030677591,0.8582677165354331,1.0
ADRM1,-0.04836476524140787,0.9291338582677166,1.0
LAMA5,2.1519423475166333,0.05511811023622047,1.0
RPS21,-0.15426561865881006,0.1968503937007874,1.0
CABLES2,0.256517395720667,0.7559055118110236,1.0
SLCO4A1,0.7201372027505943,0.4251968503937008,1.0
AL357033.4,-0.23003188255535134,0.6377952755905512,1.0
MRGBP,0.05816339708506213,0.8661417322834646,1.0
OGFR,-1.381469075458736,0.2125984251968504,1.0
TCFL5,0.7407591714592894,0.28346456692913385,1.0
DIDO1,-0.3829269237455577,0.1732283464566929,1.0
GID8,0.42361997486583913,0.15748031496062992,1.0
SLC17A9,1.5437252113178874,0.07086614173228346,1.0
YTHDF1,-0.12509816974795918,0.5826771653543307,1.0
ARFGAP1,-0.3469939355106946,0.7401574803149606,1.0
PPDPF,0.010619471663686042,0.984251968503937,1.0
HELZ2,-0.2894664756095553,0.7480314960629921,1.0
GMEB2,0.33784032342736037,0.33070866141732286,1.0
MHENCR,-0.6213206716983519,0.15748031496062992,1.0
STMN3,-0.9176256175904438,0.4330708661417323,1.0
ARFRP1,0.9773103444976963,0.2204724409448819,1.0
SLC2A4RG,0.1408467465497667,0.8503937007874016,1.0
ZBTB46,0.8427887028513874,0.2125984251968504,1.0
TPD52L2,0.5158641751561666,0.25196850393700787,1.0
DNAJC5,-0.15035144373084108,0.7086614173228346,1.0
UCKL1,0.5533604529449256,0.2125984251968504,1.0
ZNF512B,0.8687900913719431,0.3937007874015748,1.0
SAMD10,0.38754562815627525,0.4330708661417323,1.0
PRPF6,0.24947176075097044,0.5511811023622047,1.0
TCEA2,-0.6723508764820374,0.25196850393700787,1.0
RGS19,-0.20200637340423722,0.6929133858267716,1.0
PCMTD2,0.05193018177426101,0.8267716535433071,1.0
TPGS1,0.9857689779404193,0.1889763779527559,1.0
CDC34,-0.2679979457515209,0.7637795275590551,1.0
GZMM,-0.7401287332524573,0.5275590551181102,1.0
BSG,-0.2661972154748993,0.8267716535433071,1.0
POLRMT,-0.006405737107530118,1.0,1.0
RNF126,0.27753828861695595,0.7559055118110236,1.0
FSTL3,-1.3411902107107048,0.25196850393700787,1.0
PTBP1,0.18204222994840258,0.3937007874015748,1.0
CFD,-0.886982546607199,0.25196850393700787,1.0
MED16,0.598325165463393,0.6377952755905512,1.0
R3HDM4,-3.5096577072124546e-05,1.0,1.0
ARID3A,0.2923905165591951,0.5984251968503937,1.0
WDR18,0.15606510530385576,0.905511811023622,1.0
TMEM259,-0.024719147130433772,1.0,1.0
CNN2,0.13985120829480469,0.7244094488188977,1.0
ABCA7,-0.012067469737074177,0.9763779527559056,1.0
ARHGAP45,0.2512969189959593,0.4645669291338583,1.0
POLR2E,0.1821604428060244,0.6141732283464567,1.0
GPX4,-0.37231679752234026,0.8346456692913385,1.0
SBNO2,0.3891999298621771,0.6929133858267716,1.0
STK11,-0.31168824800227934,0.7165354330708661,1.0
ATP5D,0.33824460891139196,0.7480314960629921,1.0
MIDN,-0.3756517334236191,0.5511811023622047,1.0
CIRBP,0.1884882530234897,0.5196850393700787,1.0
C19orf24,0.25894796177896584,0.7795275590551181,1.0
MUM1,0.3884549494397098,0.48031496062992124,1.0
GAMT,-0.8867210931414854,0.44881889763779526,1.0
DAZAP1,-0.03665670495197304,0.8582677165354331,1.0
RPS15,0.201193394181292,0.8110236220472441,1.0
C19orf25,1.063625933533954,0.31496062992125984,1.0
REEP6,0.20984850546020373,0.9212598425196851,1.0
ADAMTSL5,1.1396151762495583,0.2677165354330709,1.0
MEX3D,-1.0302122684116313,0.18110236220472442,1.0
MBD3,0.3430205423229933,0.5511811023622047,1.0
UQCR11,1.074946245480192,0.11811023622047244,1.0
TCF3,0.18409532079771562,0.6929133858267716,1.0
ATP8B3,0.5542847150227861,0.5275590551181102,1.0
REXO1,-0.2645804337990907,0.7874015748031497,1.0
KLF16,-0.12728613391578936,0.905511811023622,1.0
AC012615.1,0.2818768921172361,0.6141732283464567,1.0
ABHD17A,-0.38943734799256724,0.8031496062992126,1.0
SCAMP4,-0.23817894561230757,0.7559055118110236,1.0
CSNK1G2,-0.2616698938620221,0.8503937007874016,1.0
BTBD2,0.36658397965576217,0.7086614173228346,1.0
MKNK2,0.47722223945045883,0.47244094488188976,1.0
MOB3A,0.49043925804983335,0.4881889763779528,1.0
AP3D1,0.21554797308864693,0.5669291338582677,1.0
DOT1L,0.5018791131609173,0.4251968503937008,1.0
PLEKHJ1,-0.5917728587770354,0.6062992125984252,1.0
SF3A2,-0.3580790867068657,0.6929133858267716,1.0
OAZ1,-0.16309705113202533,0.5905511811023622,1.0
LSM7,-0.1318526862264906,0.937007874015748,1.0
SPPL2B,-0.2284206678981069,0.6929133858267716,1.0
TIMM13,0.34885201651908826,0.6220472440944882,1.0
LMNB2,0.5345774885471473,0.6377952755905512,1.0
GADD45B,-0.6886460327022146,0.4330708661417323,1.0
GNG7,-0.6278276001450664,0.3937007874015748,1.0
SLC39A3,0.49553220406212617,0.5590551181102362,1.0
SGTA,0.3851808860088135,0.8582677165354331,1.0
THOP1,1.581487068660718,0.07086614173228346,1.0
ZNF554,0.5955715981121072,0.3543307086614173,1.0
ZNF555,-0.07447815945334568,0.9212598425196851,1.0
ZNF57,-1.6246297254157538,0.10236220472440945,1.0
ZNF77,-0.796560463692874,0.23622047244094488,1.0
TLE2,-0.18035918041342547,0.905511811023622,1.0
AES,-0.039777809040137946,0.9763779527559056,1.0
GNA11,0.936106381875226,0.1732283464566929,1.0
GNA15,0.9021789182905637,0.2677165354330709,1.0
S1PR4,-0.2543738733925016,0.84251968503937,1.0
NCLN,1.047688603054639,0.2440944881889764,1.0
NFIC,0.3248430325029279,0.29133858267716534,1.0
DOHH,-0.7254533654995632,0.4251968503937008,1.0
FZR1,1.630291842636726,0.14960629921259844,1.0
MFSD12,-0.46627505671269387,0.7007874015748031,1.0
HMG20B,-1.0722169143578406,0.4566929133858268,1.0
CACTIN,-0.18611930080285966,0.7007874015748031,1.0
PIP5K1C,0.8477408864674816,0.08661417322834646,1.0
TJP3,0.29469481642640427,0.7952755905511811,1.0
APBA3,0.9736667203663614,0.4566929133858268,1.0
MRPL54,0.7587676619138062,0.33858267716535434,1.0
MATK,-0.4189808942636448,0.7165354330708661,1.0
DAPK3,-0.5520633203916763,0.6535433070866141,1.0
EEF2,0.1835224473267445,0.5354330708661418,1.0
PIAS4,0.040915796752281075,0.9921259842519685,1.0
ZBTB7A,0.12288988137821555,0.7244094488188977,1.0
MAP2K2,0.5417665287677513,0.6456692913385826,1.0
SIRT6,1.6755399353050964,0.06299212598425197,1.0
EBI3,0.06234028634217936,1.0,1.0
CCDC94,-0.7776044984469768,0.30708661417322836,1.0
TMIGD2,0.5116829598336499,0.5433070866141733,1.0
SH3GL1,0.5923619958439366,0.16535433070866143,1.0
CHAF1A,0.9811485517594747,0.2992125984251969,1.0
UBXN6,-0.7178938721239159,0.5984251968503937,1.0
AC011498.7,0.06905212549872952,0.905511811023622,1.0
HDGFL2,0.8665386632289189,0.4251968503937008,1.0
TNFAIP8L1,1.0991276639225085,0.23622047244094488,1.0
MYDGF,1.034620654161177,0.09448818897637795,1.0
DPP9,0.11650828709670691,0.952755905511811,1.0
FEM1A,0.7703431629291972,0.12598425196850394,1.0
TICAM1,-0.30434847625833816,0.6850393700787402,1.0
PLIN3,-0.9607958707009754,0.13385826771653545,1.0
KDM4B,-0.36761281399048107,0.5826771653543307,1.0
SNRPEP4,-0.4445352056025671,0.28346456692913385,1.0
SAFB2,-0.027995731492077347,0.9448818897637795,1.0
SAFB,0.0006638321194483154,1.0,1.0
RPL36,-0.11143103959436829,0.7716535433070866,1.0
C19orf70,0.5409736137829402,0.5748031496062992,1.0
LONP1,0.5552113895229155,0.5275590551181102,1.0
DUS3L,1.0922945471087047,0.2440944881889764,1.0
NDUFA11,0.26752311267190176,0.5275590551181102,1.0
CAPS,0.004992477125189687,0.9921259842519685,1.0
RANBP3,0.1688762480129018,0.8031496062992126,1.0
RFX2,1.6928597166963586,0.05511811023622047,1.0
MLLT1,0.13710229138183916,0.5826771653543307,1.0
CLPP,0.2226447221139134,0.7952755905511811,1.0
ALKBH7,0.17682319457770834,0.8976377952755905,1.0
PSPN,0.6018327160646098,0.5748031496062992,1.0
GTF2F1,0.06277553665483815,0.8267716535433071,1.0
KHSRP,0.11278273893616308,0.8818897637795275,1.0
SLC25A23,-0.1604341172030055,0.7559055118110236,1.0
DENND1C,-0.020359968074354917,0.984251968503937,1.0
TNFSF9,-0.04887727126049235,0.905511811023622,1.0
CD70,1.920005854977157,0.07086614173228346,1.0
TNFSF14,0.049502771084381614,0.8818897637795275,1.0
C3,0.45564560339028803,0.7637795275590551,1.0
GPR108,0.04767285075446459,0.9291338582677166,1.0
TRIP10,0.08992433717361425,0.952755905511811,1.0
SH2D3A,0.8167078485574759,0.41732283464566927,1.0
VAV1,-0.15887666536460898,0.8818897637795275,1.0
ADGRE1,0.567891619997252,0.4015748031496063,1.0
ZNF557,-0.550099975170562,0.31496062992125984,1.0
INSR,-0.5982016081004105,0.44881889763779526,1.0
ZNF358,-0.08444472314897356,1.0,1.0
MCOLN1,-0.6105119808809354,0.4330708661417323,1.0
PNPLA6,0.30250742164969235,0.7480314960629921,1.0
XAB2,0.18372452598247468,0.8976377952755905,1.0
PET100,-0.576510258573065,0.5511811023622047,1.0
STXBP2,0.9918158650397295,0.5590551181102362,1.0
EVI5L,-1.4520395841846025,0.10236220472440945,1.0
MAP2K7,0.14551414382414363,0.8661417322834646,1.0
SNAPC2,0.6368036987592023,0.36220472440944884,1.0
TIMM44,-0.4898790844901484,0.5984251968503937,1.0
ELAVL1,-0.01281879325999924,0.937007874015748,1.0
CERS4,0.5559220527589335,0.6929133858267716,1.0
CD320,-1.3465038043525657,0.05511811023622047,1.0
RPS28,-0.8568596115200204,0.4409448818897638,1.0
RAB11B-AS1,1.596057459304045,0.08661417322834646,1.0
RAB11B,0.38969049873018147,0.4094488188976378,1.0
MARCH2,0.15564816936345371,0.84251968503937,1.0
HNRNPM,-0.1512508021132053,0.5275590551181102,1.0
ZNF414,-1.277384021246834,0.2204724409448819,1.0
MYO1F,-0.13421466380206137,0.8267716535433071,1.0
ADAMTS10,-0.7366021725490932,0.5511811023622047,1.0
ZNF558,0.7461827549046527,0.7165354330708661,1.0
ZNF317,-0.08960813608131701,0.8582677165354331,1.0
ZNF699,-1.135271119042387,0.14173228346456693,1.0
ZNF559,-0.8199904922677259,0.09448818897637795,1.0
ZNF266,0.05663733780228419,0.9212598425196851,1.0
ZNF426,1.3018715574553914,0.11811023622047244,1.0
ZNF121,0.10856111531222012,0.968503937007874,1.0
ZNF561,-0.4364958453969865,0.4409448818897638,1.0
ZNF562,0.21762521158187154,0.33858267716535434,1.0
ZNF846,0.7280876580292444,0.33858267716535434,1.0
UBE2L4,0.5260375390867139,0.5905511811023622,1.0
FBXL12,0.18492573867799011,0.8031496062992126,1.0
UBL5,0.20752491287170116,0.4251968503937008,1.0
PIN1,0.8031296662473126,0.33858267716535434,1.0
OLFM2,0.53164506495661,0.1889763779527559,1.0
COL5A3,0.4482307876938032,0.6929133858267716,1.0
C19orf66,-0.1804600338999771,0.25196850393700787,1.0
P2RY11,-0.013678143220592798,0.984251968503937,1.0
EIF3G,-0.033996338403997406,0.968503937007874,1.0
DNMT1,0.06001715709418409,0.7559055118110236,1.0
S1PR2,-0.5688332859692817,0.023622047244094488,1.0
MRPL4,1.5024905222971578,0.031496062992125984,1.0
ICAM1,0.21839908185733514,0.7637795275590551,1.0
TYK2,0.30368441201441776,0.7244094488188977,1.0
CDC37,0.17310536471624438,0.8267716535433071,1.0
PDE4A,1.7753835137098015,0.047244094488188976,1.0
KEAP1,-0.7973188302758811,0.3779527559055118,1.0
S1PR5,-1.345827386743308,0.2204724409448819,1.0
KRI1,-0.441598013097634,0.23622047244094488,1.0
CDKN2D,0.13127274924920673,0.7401574803149606,1.0
SLC44A2,0.34715691058183573,0.4881889763779528,1.0
ILF3-AS1,-0.4636442242127101,0.3543307086614173,1.0
ILF3,0.03397937206104196,0.8346456692913385,1.0
QTRT1,-0.5299302009375153,0.4881889763779528,1.0
DNM2,0.7564035242862088,0.4015748031496063,1.0
AC007229.1,-0.009613914695448367,0.984251968503937,1.0
YIPF2,0.03209660322642627,0.968503937007874,1.0
TIMM29,0.9588947971452746,0.2677165354330709,1.0
SMARCA4,0.23077886689773042,0.4251968503937008,1.0
LDLR,0.8100521958553077,0.18110236220472442,1.0
KANK2,-0.6293498846589312,0.5118110236220472,1.0
TMEM205,-0.06647268357533953,0.9133858267716536,1.0
CCDC159,-0.17328179933262078,0.7952755905511811,1.0
PLPPR2,-0.10368423082510914,1.0,1.0
SWSAP1,0.6843410751999033,0.4330708661417323,1.0
EPOR,0.3566197521616101,0.49606299212598426,1.0
PRKCSH,0.4925820807608954,0.6377952755905512,1.0
ECSIT,0.6201404748496735,0.4409448818897638,1.0
AC008481.1,-0.7288743936749784,0.4645669291338583,1.0
ELOF1,0.10431316388208955,0.8818897637795275,1.0
ZNF627,-0.6818937259456219,0.03937007874015748,1.0
ACP5,1.1543301230224552,0.023622047244094488,1.0
HNRNPA1P10,0.1618863989430699,0.984251968503937,1.0
ZNF441,-0.36292921793483357,0.7874015748031497,1.0
ZNF440,-0.099089643549783,0.9763779527559056,1.0
ZNF439,-0.8357964106035174,0.4251968503937008,1.0
ZNF700,-0.5312272314505759,0.4094488188976378,1.0
AC008770.1,1.3116641358096999,0.16535433070866143,1.0
ZNF844,-0.7371600097016464,0.2047244094488189,1.0
ZNF136,-0.021488284741381314,0.984251968503937,1.0
ZNF44,0.7904715146084911,0.48031496062992124,1.0
AC012618.1,-0.3089803875421082,0.8188976377952756,1.0
ZNF563,-0.307227582724257,0.8582677165354331,1.0
ZNF799,-0.3211071924043425,0.6692913385826772,1.0
ZNF443,-0.2908811216633289,0.7244094488188977,1.0
ZNF490,-1.0481918188264279,0.3464566929133858,1.0
ZNF791,0.24133324080069762,0.6692913385826772,1.0
RPL10P16,-0.47733230147366434,0.2047244094488189,1.0
MAN2B1,0.32109778117572807,0.7559055118110236,1.0
WDR83,0.36071205180633514,0.5354330708661418,1.0
WDR83OS,1.2313909183484975,0.07874015748031496,1.0
DHPS,0.2880626409724183,0.6850393700787402,1.0
TNPO2,0.3725256175537002,0.03937007874015748,1.0
TRIR,0.24035053493794845,0.5984251968503937,1.0
ASNA1,1.603779598585172,0.2440944881889764,1.0
HOOK2,0.7642674678121462,0.4094488188976378,1.0
JUNB,0.20656595259850974,0.8346456692913385,1.0
PRDX2,0.3779252587821391,0.5196850393700787,1.0
RNASEH2A,0.11970983133050783,0.7952755905511811,1.0
DNASE2,0.309416289572793,0.33070866141732286,1.0
GCDH,0.17693776705685416,0.8582677165354331,1.0
RPS6P25,-0.20551956455654352,0.6299212598425197,1.0
FARSA,-0.18012710134544463,0.6692913385826772,1.0
CALR,0.019276648783974615,0.9606299212598425,1.0
RAD23A,-0.3056313167284239,0.36220472440944884,1.0
GADD45GIP1,0.6306529950963755,0.5275590551181102,1.0
NFIX,-0.9413017947649325,0.30708661417322836,1.0
TRMT1,-0.5020304006560283,0.5590551181102362,1.0
NACC1,0.2361463291758099,0.8582677165354331,1.0
STX10,0.23357760243232928,0.7795275590551181,1.0
IER2,-0.6125881693682587,0.28346456692913385,1.0
CCDC130,-0.14223214028239894,0.8818897637795275,1.0
MRI1,0.6576321489785948,0.4881889763779528,1.0
C19orf53,0.6709078201006751,0.07874015748031496,1.0
ZSWIM4,-0.8339725955489228,0.05511811023622047,1.0
AC020916.1,0.8171584747271403,0.6456692913385826,1.0
CC2D1A,0.8287468106227611,0.3858267716535433,1.0
DCAF15,0.42170484012577303,0.7874015748031497,1.0
RFX1,0.12775454365067507,0.7401574803149606,1.0
IL27RA,-0.1645641318347435,0.8110236220472441,1.0
EEF1DP1,-0.15818406801239604,0.5826771653543307,1.0
SAMD1,-0.12685363237392444,0.5511811023622047,1.0
PRKACA,-0.10750411100699164,0.8818897637795275,1.0
ADGRL1,-0.2744831447419642,0.8110236220472441,1.0
ADGRE5,0.23645529566839407,0.7952755905511811,1.0
DDX39A,0.07849579616142321,0.8582677165354331,1.0
PKN1,-0.06437197698460917,0.968503937007874,1.0
GIPC1,0.2635946946976482,0.6771653543307087,1.0
SNRPGP15,-0.2331610851914454,0.7874015748031497,1.0
DNAJB1,-0.6410949524995182,0.25984251968503935,1.0
TECR,-0.48958311563667456,0.84251968503937,1.0
NDUFB7,0.7090651692538943,0.5590551181102362,1.0
ITGB1P1,-0.22150637103453263,0.6535433070866141,1.0
ZNF333,-0.5936653415392161,0.5905511811023622,1.0
ADGRE2,0.1352761913353473,0.8582677165354331,1.0
ILVBL,-0.5601076458302914,0.4015748031496063,1.0
BRD4,-0.07329527439744954,0.84251968503937,1.0
AKAP8,-0.174075752521337,0.5433070866141733,1.0
AKAP8L,0.5725477422503777,0.3228346456692913,1.0
WIZ,-0.2022486382919264,0.44881889763779526,1.0
RASAL3,0.4554601774825473,0.2283464566929134,1.0
CYP4F22,-0.05023210725562155,0.9133858267716536,1.0
RPL23AP2,-0.5761394764738474,0.03937007874015748,1.0
TPM4,0.7492867834694561,0.05511811023622047,1.0
RAB8A,0.24177739971344714,0.5196850393700787,1.0
HSH2D,-0.6258609090324185,0.031496062992125984,1.0
FAM32A,0.34161752071993856,0.29133858267716534,1.0
AP1M1,-0.47575231924397166,0.5748031496062992,1.0
KLF2,0.22564756843019218,0.84251968503937,1.0
EPS15L1,-0.47308970889731494,0.33070866141732286,1.0
CHERP,-1.6491434623130665,0.07874015748031496,1.0
SLC35E1,-0.08007693224328172,0.6692913385826772,1.0
MED26,-0.19859453103149605,0.7874015748031497,1.0
AC008764.2,-0.027259974351299565,1.0,1.0
SMIM7,0.0845699533722506,0.905511811023622,1.0
AC024075.2,0.8750566609356152,0.2992125984251969,1.0
AC024075.1,0.3633358206917138,0.7007874015748031,1.0
SIN3B,0.2646594908181026,0.7637795275590551,1.0
HAUS8,0.49974253724906337,0.5196850393700787,1.0
MYO9B,0.17060473052454128,0.6456692913385826,1.0
USE1,0.05098374345857781,0.9133858267716536,1.0
OCEL1,0.17606601394805477,0.6614173228346457,1.0
BABAM1,0.11470490815775936,0.8346456692913385,1.0
ABHD8,-0.05984732244203084,0.937007874015748,1.0
MRPL34,0.41409880958105827,0.23622047244094488,1.0
DDA1,0.035335444575718356,0.9763779527559056,1.0
ANO8,1.2702121045025598,0.25984251968503935,1.0
GTPBP3,0.43239245459343234,0.4251968503937008,1.0
PLVAP,2.6581469330719196,0.09448818897637795,1.0
BST2,0.006950715388197359,0.984251968503937,1.0
BISPR,0.5174163915477079,0.2677165354330709,1.0
MVB12A,0.4201527090098889,0.6850393700787402,1.0
SLC27A1,0.614865469916672,0.5118110236220472,1.0
AC010618.3,1.1589042320973926,0.14173228346456693,1.0
PGLS,-0.27851418241656045,0.84251968503937,1.0
FAM129C,-1.5646203558624583,0.09448818897637795,1.0
COLGALT1,-0.534285370246729,0.23622047244094488,1.0
FCHO1,0.27892328140283684,0.6771653543307087,1.0
INSL3,0.9524719308819729,0.2204724409448819,1.0
JAK3,0.5233451330969219,0.36220472440944884,1.0
RPL18A,-1.077783730995554,0.44881889763779526,1.0
CCDC124,-0.6415418988988808,0.6377952755905512,1.0
ARRDC2,-0.5346409687548341,0.41732283464566927,1.0
IL12RB1,-0.011308518209317775,0.937007874015748,1.0
MAST3,1.1008066754049988,0.11811023622047244,1.0
MPV17L2,-0.5475604825343479,0.33858267716535434,1.0
KIAA1683,0.04431916412114267,0.952755905511811,1.0
JUND,0.08567426625535646,0.8740157480314961,1.0
LSM4,0.12791143440783959,0.7637795275590551,1.0
PGPEP1,-0.004510166429996687,0.9763779527559056,1.0
SSBP4,1.1264826206546679,0.5511811023622047,1.0
ISYNA1,-0.39805069880184396,0.7637795275590551,1.0
ELL,-0.3545318071657766,0.5275590551181102,1.0
FKBP8,-0.03290726630942942,1.0,1.0
KXD1,1.3077344949679377,0.15748031496062992,1.0
UBA52,0.09094855088699916,0.889763779527559,1.0
REX1BD,-0.8863412302214693,0.6062992125984252,1.0
KLHL26,-0.05219274973214283,0.905511811023622,1.0
CRTC1,0.9381039811169218,0.33070866141732286,1.0
UPF1,0.5255330481797813,0.5196850393700787,1.0
COPE,0.44031708456614105,0.5511811023622047,1.0
DDX49,0.15342568658720745,0.7952755905511811,1.0
SUGP2,0.24461383795768832,0.47244094488188976,1.0
ARMC6,-0.2675613843347211,0.7716535433070866,1.0
SLC25A42,-0.14077603595239818,0.8740157480314961,1.0
TMEM161A,0.17002992113292192,0.8740157480314961,1.0
BORCS8,0.8788663644072994,0.2677165354330709,1.0
RFXANK,0.5050917565724613,0.5511811023622047,1.0
NR2C2AP,0.5099449490031032,0.6062992125984252,1.0
SUGP1,1.3632823396888056,0.2440944881889764,1.0
MAU2,-0.10587724832997658,0.6456692913385826,1.0
GATAD2A,-0.055354093679906846,0.7480314960629921,1.0
TSSK6,1.235706270847342,0.11023622047244094,1.0
NDUFA13,0.8217482371252389,0.36220472440944884,1.0
PBX4,-0.2970695492095281,0.6062992125984252,1.0
LPAR2,0.14687228700482535,0.7480314960629921,1.0
GMIP,-0.6546886017141098,0.16535433070866143,1.0
ATP13A1,-0.4944079668483363,0.7165354330708661,1.0
ZNF101,-0.20620316441991804,0.6614173228346457,1.0
ZNF14,-0.5389200450199665,0.2440944881889764,1.0
ZNF506,-0.23916447663882234,0.4330708661417323,1.0
ZNF253,-0.28948653361720833,0.6850393700787402,1.0
AC011477.3,-0.08328605433434721,0.905511811023622,1.0
ZNF93,0.6877588427345627,0.4251968503937008,1.0
ZNF682,-1.0442929916340247,0.2204724409448819,1.0
ZNF90,-0.7370306524426131,0.3700787401574803,1.0
ZNF486,-0.5347544420628765,0.2125984251968504,1.0
AC078899.1,0.6603373245054049,0.41732283464566927,1.0
ZNF826P,1.193247890590901,0.09448818897637795,1.0
ZNF737,-0.14812575650696935,0.7874015748031497,1.0
ZNF626,-0.3316097364693862,0.5354330708661418,1.0
ZNF66,0.36916286076042093,0.5511811023622047,1.0
ZNF85,-0.8711735135627201,0.15748031496062992,1.0
ZNF430,-0.026689531733923744,0.9606299212598425,1.0
ZNF714,1.0156156013707243,0.10236220472440945,1.0
ZNF431,-0.18211003708743156,0.5511811023622047,1.0
ZNF708,-0.010421905922491703,0.9921259842519685,1.0
ZNF738,0.8141022833158238,0.3464566929133858,1.0
ZNF493,0.9133627151713011,0.47244094488188976,1.0
ZNF429,-0.2955068661236995,0.5826771653543307,1.0
ZNF100,-0.8173406789126991,0.10236220472440945,1.0
ZNF43,-0.10590685109811737,0.8818897637795275,1.0
ZNF208,-0.632727475369016,0.3937007874015748,1.0
AC003973.3,-0.5779126058506145,0.5511811023622047,1.0
ZNF257,0.1915573998218103,0.8110236220472441,1.0
RPL34P34,0.020726133129782554,0.9448818897637795,1.0
RPL34P33,0.26295377986667345,0.7322834645669292,1.0
SNX6P1,-0.16850334974882486,0.8110236220472441,1.0
ZNF91,-0.5235503373433952,0.11811023622047244,1.0
ZNF675,-0.5819683799285285,0.08661417322834646,1.0
ZNF681,-0.21176309007584804,0.7952755905511811,1.0
AC139769.1,-0.34491274645031167,0.5590551181102362,1.0
RPSAP58,-0.5383672746005619,0.16535433070866143,1.0
ZNF254,-0.5935024315670869,0.3543307086614173,1.0
LINC00662,0.39611271159883765,0.6456692913385826,1.0
AC006504.5,0.4407550153223505,0.6456692913385826,1.0
UQCRFS1,-0.009267390348725257,0.9763779527559056,1.0
POP4,-0.06035044630882158,0.8976377952755905,1.0
PLEKHF1,-0.4606737761634072,0.16535433070866143,1.0
C19orf12,-0.12876228085429986,0.5905511811023622,1.0
CCNE1,1.2035889962550592,0.2755905511811024,1.0
URI1,-0.1978875081033742,0.4330708661417323,1.0
TSHZ3,0.3333359970408365,0.30708661417322836,1.0
ZNF507,-0.4225819981344294,0.3700787401574803,1.0
DPY19L3,0.6667470025567557,0.1732283464566929,1.0
PDCD5,0.16360931342904728,0.5433070866141733,1.0
ANKRD27,0.3862972717675275,0.889763779527559,1.0
AC008736.1,0.8256087896727845,0.30708661417322836,1.0
NUDT19,-0.7372870477709701,0.12598425196850394,1.0
CEP89,-0.018708761841375487,0.937007874015748,1.0
FAAP24,0.17420109713939702,0.8582677165354331,1.0
GPATCH1,0.10682993638932903,0.2440944881889764,1.0
CEBPG,-0.16759493590557994,0.6062992125984252,1.0
PEPD,0.12992348699070888,0.6377952755905512,1.0
KCTD15,-1.3046147614160462,0.2047244094488189,1.0
LSM14A,0.04835278317715552,0.8267716535433071,1.0
KIAA0355,0.2705979562302332,0.07874015748031496,1.0
GPI,0.7506511369167415,0.12598425196850394,1.0
PDCD2L,-0.3887300180662834,0.7165354330708661,1.0
UBA2,0.07929620355462141,0.8267716535433071,1.0
ZNF302,-0.04752162828608952,0.9133858267716536,1.0
ZNF181,1.0321751479830863,0.1968503937007874,1.0
ZNF599,0.9178368732914532,0.2283464566929134,1.0
AC008555.1,-0.9839430409747876,0.23622047244094488,1.0
AC008555.2,1.1979486114156925,0.14173228346456693,1.0
AC008555.5,0.6013790536523467,0.05511811023622047,1.0
ZNF30,0.18602682442676155,0.8582677165354331,1.0
AC008555.8,0.9601164304013483,0.30708661417322836,1.0
ZNF792,-0.7056020763188251,0.5354330708661418,1.0
GRAMD1A,0.036839394504355916,0.9291338582677166,1.0
FXYD7,0.604439921352796,0.5669291338582677,1.0
FXYD5,0.06094558925049487,0.968503937007874,1.0
LSR,-0.049903763126592615,0.9606299212598425,1.0
USF2,-0.08634413599262913,0.889763779527559,1.0
TMEM147-AS1,0.5627629650519601,0.3937007874015748,1.0
TMEM147,0.36290862696472015,0.44881889763779526,1.0
HAUS5,-0.2770394846032884,0.5669291338582677,1.0
RBM42,-0.6103679629826653,0.7244094488188977,1.0
COX6B1,0.20437457031452588,0.6141732283464567,1.0
ZBTB32,0.897265856829079,0.2755905511811024,1.0
KMT2B,-0.07857583673315993,0.9448818897637795,1.0
IGFLR1,-0.810625569203701,0.4881889763779528,1.0
U2AF1L4,-1.5886409056877064,0.11811023622047244,1.0
PSENEN,0.841542426444887,0.047244094488188976,1.0
PROSER3,1.1381766127221984,0.13385826771653545,1.0
ARHGAP33,1.2724387144495775,0.23622047244094488,1.0
NFKBID,0.22577634403148927,0.6456692913385826,1.0
AD000864.1,-0.41066636112380484,0.2755905511811024,1.0
HCST,-0.31956205822501715,0.4645669291338583,1.0
TYROBP,-0.8028700537136317,0.49606299212598426,1.0
LRFN3,-0.7723419556314155,0.2755905511811024,1.0
SDHAF1,0.7044483177562619,0.29133858267716534,1.0
ALKBH6,1.3769794006237097,0.14173228346456693,1.0
THAP8,0.7370159298113382,0.33858267716535434,1.0
POLR2I,0.505575986513314,0.5748031496062992,1.0
TBCB,0.3657525182461745,0.4881889763779528,1.0
CAPNS1,0.2864108786267101,0.6692913385826772,1.0
ZNF565,0.9207732153782787,0.16535433070866143,1.0
ZNF146,0.0815149224142786,0.8818897637795275,1.0
LINC00665,0.709472934014068,0.5039370078740157,1.0
ZFP14,0.02748026582058216,0.937007874015748,1.0
ZFP82,-0.6285467452622342,0.5275590551181102,1.0
ZNF566,-0.22237047603212456,0.5984251968503937,1.0
ZNF260,-0.1687059477563797,0.7480314960629921,1.0
ZNF529,-0.28951995920815765,0.6929133858267716,1.0
ZNF382,0.2099043154474216,0.7637795275590551,1.0
ZNF461,-0.7030914154439523,0.4645669291338583,1.0
ZNF567,-0.7623917375845952,0.23622047244094488,1.0
ZNF850,0.0380748860449962,0.9763779527559056,1.0
ZNF790-AS1,1.0428033973325732,0.16535433070866143,1.0
ZNF790,1.719233738953295,0.015748031496062992,1.0
ZNF345,0.4326015330753057,0.25984251968503935,1.0
ZNF829,-0.8702628208059262,0.11811023622047244,1.0
ZNF568,0.2708077849082402,0.7952755905511811,1.0
ZNF420,-0.2791139322654872,0.4251968503937008,1.0
ZNF585A,-0.1925898777437025,0.4251968503937008,1.0
ZNF585B,-0.6338674309631718,0.1889763779527559,1.0
ZNF383,-0.7738990260197349,0.10236220472440945,1.0
HKR1,-0.5239444555215593,0.07874015748031496,1.0
ZNF527,-0.6373423261742355,0.14173228346456693,1.0
ZNF569,-0.3653948232426609,0.47244094488188976,1.0
ZNF570,0.33029483525508585,0.6535433070866141,1.0
ZNF793,0.43027931979658085,0.6141732283464567,1.0
ZNF540,0.6051387442462808,0.2677165354330709,1.0
ZNF571,-0.5935735831401372,0.12598425196850394,1.0
ZFP30,0.8396516691606801,0.4409448818897638,1.0
SELENOKP1,0.44291051773387746,0.7244094488188977,1.0
ZNF607,-0.30580255657920796,0.7165354330708661,1.0
AC093227.1,0.7475385193951518,0.1732283464566929,1.0
ZNF573,-0.0475359933338142,0.968503937007874,1.0
AC016582.2,0.11142216633708202,0.8346456692913385,1.0
SIPA1L3,0.3092241820914303,0.29133858267716534,1.0
SPINT2,-0.04401850614962921,0.8503937007874016,1.0
YIF1B,1.464802965132792,0.08661417322834646,1.0
KCNK6,1.1779933387121977,0.4645669291338583,1.0
PSMD8,0.06370271275546369,0.8267716535433071,1.0
FAM98C,0.8634925665883282,0.4094488188976378,1.0
RASGRP4,1.103249036940116,0.14960629921259844,1.0
RYR1,1.490967235783617,0.07874015748031496,1.0
MAP4K1,0.15061959941919412,0.6062992125984252,1.0
EIF3K,0.3106508164542232,0.10236220472440945,1.0
ACTN4,0.4761345707245912,0.6377952755905512,1.0
ECH1,0.12642625924026607,0.7952755905511811,1.0
HNRNPL,0.09577495707616368,0.6850393700787402,1.0
AC008982.2,0.4146655061228006,0.4409448818897638,1.0
RINL,0.5206618924020425,0.08661417322834646,1.0
SIRT2,0.037706874378409694,0.9448818897637795,1.0
NFKBIB,0.06019441952274818,0.84251968503937,1.0
MRPS12,-0.7610538166850915,0.1968503937007874,1.0
FBXO27,0.3864212491041835,0.47244094488188976,1.0
PAK4,1.2955206753875834,0.25984251968503935,1.0
NCCRP1,0.7951711917762126,0.3543307086614173,1.0
IFNL1,-0.5730961400113146,0.4881889763779528,1.0
LRFN1,0.1305936792110618,0.6299212598425197,1.0
GMFG,0.2337853713988789,0.3543307086614173,1.0
SAMD4B,0.044338562623002176,0.7952755905511811,1.0
PAF1,-0.2668446625423737,0.7244094488188977,1.0
MED29,-0.04249955080784584,0.7637795275590551,1.0
ZFP36,-0.25216234255770154,0.6141732283464567,1.0
PLEKHG2,0.24162699452815417,0.7401574803149606,1.0
RPS16,0.2497698624925775,0.031496062992125984,1.0
SUPT5H,0.007227503702890381,0.9921259842519685,1.0
TIMM50,0.24341729773823495,0.5354330708661418,1.0
EID2B,0.11226141056597472,0.8582677165354331,1.0
EID2,0.14790333824584412,0.5905511811023622,1.0
DYRK1B,0.6664468294489962,0.7007874015748031,1.0
FBL,-0.04378872104814313,0.84251968503937,1.0
FCGBP,1.9398770451600458,0.015748031496062992,1.0
PRR13P5,0.39907174149968294,0.5669291338582677,1.0
PSMC4,0.7897807152751648,0.07874015748031496,1.0
ZNF546,-0.8480853771463881,0.2440944881889764,1.0
ZNF780B,0.0889116707651243,0.952755905511811,1.0
ZNF780A,0.15083386730148618,0.9291338582677166,1.0
MAP3K10,1.0200683290358765,0.18110236220472442,1.0
AKT2,-0.04900872371950715,0.7480314960629921,1.0
C19orf47,0.228612157321038,0.8582677165354331,1.0
PLD3,-0.0637215774737303,0.9291338582677166,1.0
SERTAD1,-0.6034889689736573,0.4645669291338583,1.0
SERTAD3,0.6017863499844414,0.5039370078740157,1.0
BLVRB,0.02289834953952319,0.9448818897637795,1.0
SHKBP1,-0.13664637941369673,0.905511811023622,1.0
LTBP4,-0.1550196815342617,0.8188976377952756,1.0
NUMBL,-1.6801806340689582,0.047244094488188976,1.0
COQ8B,-4.801153338629405e-05,1.0,1.0
ITPKC,-0.24960197995116884,0.7716535433070866,1.0
C19orf54,1.5273027696873371,0.06299212598425197,1.0
SNRPA,0.38896176013774664,0.2204724409448819,1.0
EGLN2,0.5519364959976834,0.2047244094488189,1.0
AXL,-1.1589210167828132,0.2440944881889764,1.0
HNRNPUL1,0.13005441576402887,0.6929133858267716,1.0
TGFB1,-0.2834236527441245,0.8267716535433071,1.0
CCDC97,0.2580659987599754,0.33070866141732286,1.0
TMEM91,0.4328259467666997,0.5984251968503937,1.0
B9D2,-0.2144733018709417,0.8661417322834646,1.0
EXOSC5,-0.6999851191310049,0.3700787401574803,1.0
DMAC2,0.9701687939704593,0.36220472440944884,1.0
PCAT19,1.3175419966415425,0.07086614173228346,1.0
AC243960.2,0.8557718822677507,0.36220472440944884,1.0
PLEKHA3P1,0.766881773452349,0.4330708661417323,1.0
AC243960.3,-0.9312834519163864,0.33858267716535434,1.0
LINC01480,0.8363201899969273,0.5590551181102362,1.0
AC243960.1,0.24410043283371685,0.7322834645669292,1.0
CEACAM21,0.7370470971226526,0.4409448818897638,1.0
RPS19,0.012842663151330314,0.984251968503937,1.0
CD79A,0.2529923191509038,0.8503937007874016,1.0
ARHGEF1,-0.05902027020864953,0.937007874015748,1.0
AC010616.1,1.460958361260776,0.15748031496062992,1.0
RABAC1,0.6510343888975503,0.6850393700787402,1.0
ATP1A3,0.02735795882873715,0.9763779527559056,1.0
ZNF574,-0.3745836006997516,0.4094488188976378,1.0
POU2F2,0.1263186530407081,0.7401574803149606,1.0
AC010247.2,-0.14257734061240512,0.8267716535433071,1.0
DEDD2,-0.23515492971649365,0.2047244094488189,1.0
ZNF526,0.9901212115197404,0.33070866141732286,1.0
GSK3A,0.1493757749990383,0.7165354330708661,1.0
ERF,-0.3188957748425034,0.7559055118110236,1.0
CIC,0.4623299813521973,0.4881889763779528,1.0
PAFAH1B3,-1.1472403216804152,0.29133858267716534,1.0
MEGF8,-1.2994345508291452,0.14173228346456693,1.0
CEACAM1,0.21121079106968432,0.3543307086614173,1.0
CD177,0.5571869484017355,0.5590551181102362,1.0
LYPD3,0.5571149849695924,0.4094488188976378,1.0
PHLDB3,0.2678913190324683,0.7007874015748031,1.0
ETHE1,0.24190469102181034,0.4094488188976378,1.0
ZNF575,0.46567123749081407,0.4881889763779528,1.0
XRCC1,0.5274533022973946,0.18110236220472442,1.0
IRGQ,-0.2203597198671976,0.5669291338582677,1.0
ZNF576,0.621023263548127,0.5511811023622047,1.0
ZNF428,0.6036894024206627,0.2125984251968504,1.0
PLAUR,-0.017851258298558825,0.9921259842519685,1.0
SMG9,0.3450117169997369,0.3543307086614173,1.0
KCNN4,-0.57555754062103,0.4881889763779528,1.0
ZNF283,-0.8029691412394286,0.25984251968503935,1.0
ZNF404,0.3315547862977817,0.7322834645669292,1.0
AC006213.2,-0.818597315489167,0.4015748031496063,1.0
ZNF45,-0.5726239848799675,0.5354330708661418,1.0
ZNF230,-1.5687990042726536,0.2283464566929134,1.0
ZNF222,0.6304014550062735,0.3464566929133858,1.0
ZNF284,-1.2984843291535832,0.05511811023622047,1.0
ZNF224,-0.6222117202046182,0.2125984251968504,1.0
ZNF225,0.793285482313288,0.33858267716535434,1.0
ZNF234,0.8574406687870275,0.36220472440944884,1.0
ZNF226,0.4011705705204438,0.3543307086614173,1.0
ZNF227,-0.220882473128178,0.5354330708661418,1.0
ZNF235,0.09594840041623032,0.8976377952755905,1.0
ZNF180,0.35077586047600295,0.8582677165354331,1.0
BCL3,0.24267353241746648,0.8110236220472441,1.0
TOMM40,-0.021922256388624106,0.9763779527559056,1.0
CLPTM1,-0.15485690690864296,0.8346456692913385,1.0
RELB,1.2813738070704304,0.2677165354330709,1.0
CLASRP,-0.5030753495623017,0.2755905511811024,1.0
ZNF296,0.07250314763528576,1.0,1.0
GEMIN7,-0.5302134828834033,0.4251968503937008,1.0
MARK4,0.09511665573133854,0.8582677165354331,1.0
PPP1R37,0.15677809471342563,1.0,1.0
TRAPPC6A,0.886005337406587,0.4645669291338583,1.0
BLOC1S3,0.7155565976873994,0.023622047244094488,1.0
ERCC2,0.3853558842446563,0.5433070866141733,1.0
PPP1R13L,1.4425232864776474,0.031496062992125984,1.0
CD3EAP,-0.1714485584386305,0.8110236220472441,1.0
ERCC1,0.20905010818827385,0.5354330708661418,1.0
FOSB,-0.3004625476632743,0.5354330708661418,1.0
PPM1N,0.006427005197152003,1.0,1.0
VASP,0.6683785271916971,0.07086614173228346,1.0
OPA3,-0.23461872232457814,0.5984251968503937,1.0
EML2,0.05779899340407635,0.8661417322834646,1.0
SNRPD2,0.3852580880938312,0.2283464566929134,1.0
QPCTL,1.2637218362069818,0.18110236220472442,1.0
FBXO46,0.11885123814519183,0.6377952755905512,1.0
DMPK,0.5356084866821891,0.6929133858267716,1.0
DMWD,-0.19583253259945987,0.7952755905511811,1.0
SYMPK,0.3017932928845881,0.5669291338582677,1.0
IRF2BP1,0.006413177188288266,0.9606299212598425,1.0
MYPOP,0.18219557015626586,0.6062992125984252,1.0
CCDC61,-0.36224086715369497,0.7401574803149606,1.0
PPP5C,0.1284219626086316,0.8818897637795275,1.0
CALM3,0.10623045568040634,0.7874015748031497,1.0
PRKD2,-0.3246987639042427,0.4015748031496063,1.0
STRN4,0.8133444829344407,0.25196850393700787,1.0
FKRP,0.8296827971637382,0.3464566929133858,1.0
SLC1A5,0.20690058245881904,0.6614173228346457,1.0
AP2S1,1.3058647675699167,0.33858267716535434,1.0
ARHGAP35,0.24545824666504057,0.4094488188976378,1.0
TMEM160,0.5888754725692777,0.6929133858267716,1.0
ZC3H4,-0.15517058306218434,0.5433070866141733,1.0
SAE1,-0.004912212633248814,0.984251968503937,1.0
BBC3,0.21548600134431473,0.6771653543307087,1.0
CCDC9,0.7073377740312123,0.5826771653543307,1.0
INAFM1,0.39061232993906136,0.7165354330708661,1.0
C5AR1,0.8189452508607675,0.6062992125984252,1.0
DHX34,-0.3222995568640483,0.7559055118110236,1.0
NAPA,-0.10972061679350964,0.952755905511811,1.0
BICRA,-0.6441419998903797,0.14960629921259844,1.0
NOP53,0.16353841742814978,0.8740157480314961,1.0
SELENOW,0.44798925802327183,0.13385826771653545,1.0
LIG1,-0.3954205311987926,0.5511811023622047,1.0
ZSWIM9,0.3330751013195985,0.5669291338582677,1.0
CARD8,0.1821705893480159,0.2440944881889764,1.0
CARD8-AS1,0.9851353540069328,0.31496062992125984,1.0
EMP3,-0.8976033603627327,0.6771653543307087,1.0
TMEM143,0.542278620270563,0.5275590551181102,1.0
KDELR1,0.2389138525001906,0.18110236220472442,1.0
GRWD1,0.35100621595355364,0.5275590551181102,1.0
CYTH2,0.23551750430311014,0.6850393700787402,1.0
LMTK3,0.5167334879720382,0.6929133858267716,1.0
RPL18,-0.30647880296014485,0.8818897637795275,1.0
SPHK2,-0.15326171319495563,0.84251968503937,1.0
DBP,-0.36350213803338605,0.7165354330708661,1.0
CA11,1.532496166183662,0.13385826771653545,1.0
BCAT2,0.07690262661054015,0.905511811023622,1.0
PPP1R15A,-0.268119400895781,0.6614173228346457,1.0
NUCB1,0.02467044880828162,0.9606299212598425,1.0
BAX,0.09126700557826428,0.6614173228346457,1.0
AC026803.2,-0.48460994547165903,0.5669291338582677,1.0
FTL,-0.3281790119803567,0.3228346456692913,1.0
GYS1,0.17146729772055735,0.7480314960629921,1.0
RUVBL2,1.1183711064628747,0.33070866141732286,1.0
SNRNP70,-0.11855926625278901,0.8110236220472441,1.0
SLC6A16,-0.5751727232426844,0.5590551181102362,1.0
CD37,0.27123157802834186,0.7637795275590551,1.0
PIH1D1,0.1254319672502211,0.8818897637795275,1.0
ALDH16A1,-0.37549619053001937,0.5196850393700787,1.0
FLT3LG,-1.524103033418347,0.09448818897637795,1.0
RPL13A,-0.022758952117200693,0.8582677165354331,1.0
RPS11,0.13472093446554823,0.8346456692913385,1.0
FCGRT,-0.9266426119730946,0.11811023622047244,1.0
NOSIP,0.3799490168900159,0.5118110236220472,1.0
PRR12,0.7210384343325997,0.4645669291338583,1.0
RRAS,-0.028842283148925674,0.952755905511811,1.0
SCAF1,0.8729393713494025,0.2755905511811024,1.0
IRF3,0.13263699125926376,0.7559055118110236,1.0
BCL2L12,-0.10203124314420275,0.8976377952755905,1.0
PRMT1,0.10874364762529254,0.905511811023622,1.0
AC011495.1,-1.2147515164348421,0.44881889763779526,1.0
AP2A1,0.23157993797689302,0.7874015748031497,1.0
MED25,0.3647295712856309,0.7637795275590551,1.0
PTOV1-AS1,-0.8909576084487685,0.11811023622047244,1.0
PTOV1,1.5487532701133282,0.12598425196850394,1.0
PTOV1-AS2,-0.34057478337102565,0.8740157480314961,1.0
PNKP,0.6075328391595436,0.11811023622047244,1.0
AKT1S1,0.6458964290936526,0.5196850393700787,1.0
TBC1D17,0.1019096339258323,0.889763779527559,1.0
IL4I1,0.33438056086641454,0.7637795275590551,1.0
NUP62,0.5682089739957732,0.3779527559055118,1.0
ATF5,0.03140693177146492,0.9133858267716536,1.0
VRK3,-0.30421879363311977,0.3464566929133858,1.0
ZNF473,-0.45110913489211324,0.7165354330708661,1.0
NR1H2,0.0626097587833323,0.937007874015748,1.0
EMC10,-0.26583905384398854,0.5984251968503937,1.0
CLEC11A,-0.9306742677683775,0.25196850393700787,1.0
C19orf48,-0.8229145445376338,0.25196850393700787,1.0
SIGLEC17P,0.39014185050662276,0.6141732283464567,1.0
ETFB,-0.45955629833011047,0.6299212598425197,1.0
NKG7,-0.20792116473283784,0.7165354330708661,1.0
ZNF175,1.408701600865828,0.11023622047244094,1.0
FPR1,0.16329054148637767,0.952755905511811,1.0
ZNF577,0.7723035987617934,0.47244094488188976,1.0
ZNF649,0.6984051202204169,0.30708661417322836,1.0
ZNF613,-1.3446560362577955,0.2125984251968504,1.0
ZNF350,-0.5770029443810643,0.3543307086614173,1.0
ZNF615,-0.6099744758545103,0.2440944881889764,1.0
ZNF614,-0.41924040112937333,0.5984251968503937,1.0
ZNF432,0.32251356701631595,0.3858267716535433,1.0
AC011468.1,-0.7183534790011605,0.3228346456692913,1.0
ZNF841,-0.3174312869220075,0.6535433070866141,1.0
ZNF616,-0.1951045280927799,0.7637795275590551,1.0
RPL37P23,-0.2482087146419838,0.4881889763779528,1.0
ZNF836,0.27905739950937614,0.7716535433070866,1.0
PPP2R1A,0.32137368663189037,0.4645669291338583,1.0
ZNF766,-0.4588306405313167,0.4094488188976378,1.0
ZNF480,0.1509845620832122,0.7165354330708661,1.0
ZNF880,-0.0902731304075921,0.8110236220472441,1.0
ZNF528-AS1,0.18412288062995685,0.8582677165354331,1.0
ZNF528,0.4610291104074613,0.7165354330708661,1.0
ZNF808,-0.719768536915586,0.4094488188976378,1.0
ZNF701,-0.7474972280657362,0.14173228346456693,1.0
ZNF83,0.10679456108873442,0.7952755905511811,1.0
AC022150.4,0.07289399093059235,0.9448818897637795,1.0
ZNF611,-0.3125811733094741,0.5984251968503937,1.0
ZNF600,-0.5223211959643042,0.3937007874015748,1.0
ZNF28,-0.22421370286903253,0.6929133858267716,1.0
ZNF468,-0.3684735799537222,0.5984251968503937,1.0
ZNF320,-0.7548464090092812,0.31496062992125984,1.0
ZNF888,0.20269524805105377,0.905511811023622,1.0
ZNF816,0.08712553201438977,0.905511811023622,1.0
ZNF160,-0.1392878889318876,0.5433070866141733,1.0
ZNF347,0.5511981988952384,0.7165354330708661,1.0
AC092070.2,0.8871529135570833,0.41732283464566927,1.0
NDUFV2P1,0.2163522012177106,0.7086614173228346,1.0
ZNF677,0.2615523031677034,0.7952755905511811,1.0
ZNF845,-0.369785142496208,0.6614173228346457,1.0
ZNF525,-0.04174399999368239,0.9291338582677166,1.0
ZNF765,-0.7934613800863208,0.1968503937007874,1.0
TPM3P9,-0.6434496587178975,0.15748031496062992,1.0
ZNF761,-0.4983692426645874,0.6850393700787402,1.0
ZNF813,-0.19726010166564256,0.6850393700787402,1.0
ZNF331,0.395974577232554,0.6535433070866141,1.0
SEPT7P8,-1.2288402119181172,0.10236220472440945,1.0
MYADM,-0.17848407598755767,0.6929133858267716,1.0
NDUFA3,0.05185809760348814,0.9291338582677166,1.0
PRPF31,0.18262741143615413,0.8267716535433071,1.0
CNOT3,-0.543152000994279,0.7007874015748031,1.0
LENG1,0.44451104276700804,0.6850393700787402,1.0
MBOAT7,0.9951663142429661,0.41732283464566927,1.0
TSEN34,0.22647910114410763,0.4015748031496063,1.0
RPS9,-0.5237076805798484,0.6850393700787402,1.0
LAIR1,-0.006078281751548786,0.9921259842519685,1.0
LENG8,-0.09638831861560959,0.8661417322834646,1.0
LAIR2,1.4661183456880664,0.13385826771653545,1.0
LILRB1,-0.2165314504030813,0.8267716535433071,1.0
KIR3DL2,-0.7571086143183536,0.3937007874015748,1.0
AC245128.3,0.2934555263657155,0.8503937007874016,1.0
NLRP2,-1.4727302739438128,0.2204724409448819,1.0
RDH13,-0.535645254757759,0.33858267716535434,1.0
EPS8L1,0.36288593371697875,0.6692913385826772,1.0
PPP1R12C,-0.18325254037288197,0.7716535433070866,1.0
TMEM86B,0.6876676465445337,0.3779527559055118,1.0
PPP6R1,0.32163840349240314,0.5826771653543307,1.0
HSPBP1,-0.30409670169603187,0.5984251968503937,1.0
KMT5C,0.4633577293581701,0.7401574803149606,1.0
TMEM238,1.1622629925948376,0.2283464566929134,1.0
RPL28,-0.08581588113365868,0.9133858267716536,1.0
UBE2S,-0.5591852544631166,0.5196850393700787,1.0
ISOC2,-0.26449180795490834,0.8110236220472441,1.0
ZNF628,-0.2529051386247282,0.7480314960629921,1.0
NAT14,-0.05478073813134543,0.952755905511811,1.0
ZNF579,1.0599327251384678,0.14960629921259844,1.0
FIZ1,1.0562307973465836,0.2283464566929134,1.0
ZNF524,0.27990232619818745,0.7952755905511811,1.0
ZNF865,-0.4331635853238791,0.5511811023622047,1.0
ZNF784,1.3807585215066143,0.18110236220472442,1.0
ZNF580,0.27247131823726356,0.7716535433070866,1.0
ZNF581,1.5450850435349548,0.03937007874015748,1.0
U2AF2,0.4745259166226763,0.3228346456692913,1.0
EPN1,0.005752177762538224,1.0,1.0
ZNF787,0.5093109852710045,0.5275590551181102,1.0
ZNF444,0.06414186123578158,0.984251968503937,1.0
ZNF542P,0.3120112136400657,0.7086614173228346,1.0
ZNF582,0.1413011920764251,0.8267716535433071,1.0
ZNF583,0.20229746869495324,0.8267716535433071,1.0
ZFP28,-0.519096100600891,0.6062992125984252,1.0
ZNF470,0.4197497637208776,0.6220472440944882,1.0
ZNF71,-0.1903049023541432,0.7165354330708661,1.0
ZNF264,-0.22877076958587583,0.28346456692913385,1.0
ZNF805,1.8726829335018862,0.015748031496062992,1.0
AC005261.4,0.2132856639950842,0.7952755905511811,1.0
AC005261.2,-0.37563507216086833,0.12598425196850394,1.0
ZNF543,1.038489886988831,0.15748031496062992,1.0
ZNF304,0.3893888511878645,0.6220472440944882,1.0
TRAPPC2B,-0.39975810823949187,0.5354330708661418,1.0
ZNF548,-0.7765826236827142,0.23622047244094488,1.0
ZNF17,-1.0781216584674107,0.2204724409448819,1.0
ZNF772,-0.17795384907719303,0.7401574803149606,1.0
ZNF419,0.37445772095246777,0.48031496062992124,1.0
ZNF773,0.014206392876043639,0.9763779527559056,1.0
ZNF549,0.15344143072181282,0.889763779527559,1.0
ZNF550,-0.46847670527932905,0.1732283464566929,1.0
ZIK1,-0.01817995200334699,1.0,1.0
ZNF134,0.07591412264112485,0.8818897637795275,1.0
ZNF211,-0.7519764180392103,0.12598425196850394,1.0
ZNF551,-0.09341115429777336,0.8740157480314961,1.0
ZNF154,0.2785593274865985,0.6771653543307087,1.0
ZNF671,0.7203325829441907,0.5196850393700787,1.0
ZNF776,0.5071368751801075,0.2440944881889764,1.0
ZNF586,0.3012275421456536,0.905511811023622,1.0
ZNF552,0.1402560891253919,0.9133858267716536,1.0
ZNF587B,0.2355521332887196,0.7637795275590551,1.0
ZNF814,0.41264701935802384,0.6535433070866141,1.0
ZNF587,-0.49020060390530773,0.4251968503937008,1.0
ZNF417,-0.5204738013236341,0.48031496062992124,1.0
ZNF256,0.5037356312527099,0.6850393700787402,1.0
ZNF606,-0.9274833423263182,0.33858267716535434,1.0
AC008969.1,-0.8941607141938044,0.2125984251968504,1.0
ZSCAN18,0.18818830789701257,0.8503937007874016,1.0
ZNF329,0.1488958883960163,0.84251968503937,1.0
ZNF274,-0.24798478876879937,0.33858267716535434,1.0
ZNF544,-0.36282872671328725,0.33070866141732286,1.0
AC020915.4,0.5887262173806664,0.4881889763779528,1.0
ZNF8,-0.30081668416282525,0.6692913385826772,1.0
ERVK3-1,0.1488598446150009,0.7952755905511811,1.0
ZSCAN22,-0.029064137453602035,1.0,1.0
RPS5,-0.12886991615781618,0.6535433070866141,1.0
AC012313.1,-0.16617036056421752,0.8346456692913385,1.0
ZNF324,-0.27746204616347514,0.6299212598425197,1.0
SLC27A5,-0.004293806806341394,0.9921259842519685,1.0
ZBTB45,-0.2572589188832808,0.8346456692913385,1.0
TRIM28,0.10336863422305331,0.9448818897637795,1.0
CHMP2A,0.24972502387358464,0.6377952755905512,1.0
UBE2M,1.0058592238929318,0.3858267716535433,1.0
MZF1-AS1,-1.3763397850808379,0.07086614173228346,1.0
MZF1,-0.48934678162196743,0.5984251968503937,1.0
CENPBD1P1,0.23237693015368555,0.7086614173228346,1.0
RPS4Y1,-0.840973829518898,0.84251968503937,1.0
ZFY,-0.520534594167636,0.84251968503937,1.0
EIF4A1P2,-0.49464740765440585,0.3937007874015748,1.0
PRKY,-0.8629120500529721,0.6062992125984252,1.0
TTTY15,-0.4281699300744295,0.9212598425196851,1.0
USP9Y,-0.8204622618934114,0.6062992125984252,1.0
DDX3Y,-0.8261175598482393,0.7637795275590551,1.0
UTY,-0.4989518039014773,0.9212598425196851,1.0
PSMA6P1,-0.6808952560426547,0.2047244094488189,1.0
BCORP1,-0.274105806916076,0.84251968503937,1.0
TXLNGY,-0.8387158133006238,0.6535433070866141,1.0
AC010889.1,-0.2866483884530314,0.84251968503937,1.0
KDM5D,-0.3615752017950671,1.0,1.0
EIF1AY,-0.15717465637982198,1.0,1.0
IL17RA,0.20759623481804912,0.2047244094488189,1.0
HDHD5,-0.5677738594804524,0.28346456692913385,1.0
ADA2,0.035451118155388706,0.952755905511811,1.0
ATP6V1E1,0.1673835989779331,0.5826771653543307,1.0
BCL2L13,0.1373825317816415,0.6614173228346457,1.0
BID,-0.245762645265986,0.7244094488188977,1.0
LINC00528,-0.5756027163890871,0.5905511811023622,1.0
AC016027.1,0.6432672345576773,0.29133858267716534,1.0
PEX26,0.00594986376877138,0.968503937007874,1.0
PI4KAP1,-1.0004459674501398,0.18110236220472442,1.0
DGCR2,0.9159142074646978,0.07086614173228346,1.0
DGCR11,0.8608984437636589,0.29133858267716534,1.0
ESS2,0.5807493108401129,0.5354330708661418,1.0
SLC25A1,0.3759215581200128,0.8110236220472441,1.0
HIRA,0.03641845404234889,0.9212598425196851,1.0
C22orf39,-0.28263139743374754,0.5669291338582677,1.0
MRPL40,0.5524206488839858,0.6220472440944882,1.0
UFD1,-0.14698410995515498,0.7244094488188977,1.0
GNB1L,0.5724888212225306,0.4881889763779528,1.0
AC000089.1,-0.49039240555837793,0.6456692913385826,1.0
RTL10,0.03870082387244178,0.9448818897637795,1.0
TXNRD2,0.030879420950382652,0.9763779527559056,1.0
COMT,0.3747661489705285,0.3228346456692913,1.0
TANGO2,0.7842558451068187,0.3228346456692913,1.0
AC006547.1,1.3148273971968434,0.031496062992125984,1.0
DGCR8,0.9982018809830646,0.031496062992125984,1.0
TRMT2A,0.30567557749199237,0.8267716535433071,1.0
RANBP1,0.04526684592626129,0.8818897637795275,1.0
ZDHHC8,-0.3444585972101284,0.6850393700787402,1.0
DGCR6L,0.818185628466761,0.31496062992125984,1.0
ZNF74,-0.8574761361349703,0.44881889763779526,1.0
KLHL22,-0.25082348176968017,0.5275590551181102,1.0
MED15,0.06710631671071354,0.968503937007874,1.0
PI4KA,-0.1605573858304039,0.8267716535433071,1.0
SNAP29,0.215975988022592,0.5433070866141733,1.0
CRKL,-0.024258785143813633,0.937007874015748,1.0
LZTR1,0.0005028638208064429,1.0,1.0
THAP7,0.9353899409010675,0.28346456692913385,1.0
HIC2,-0.44548140559938343,0.13385826771653545,1.0
PI4KAP2,0.017651813318684484,0.968503937007874,1.0
UBE2L3,0.15923048690391717,0.4094488188976378,1.0
YDJC,0.986974735196632,0.2677165354330709,1.0
SDF2L1,0.4594122236185827,0.03937007874015748,1.0
PPIL2,-0.36472495247725556,0.7165354330708661,1.0
YPEL1,-0.7346372119501445,0.5196850393700787,1.0
MAPK1,-0.07028570676190071,0.6377952755905512,1.0
PPM1F,-0.3367731123750852,0.4094488188976378,1.0
AC245060.5,0.18837392327757407,0.8110236220472441,1.0
AC245060.4,0.1780133389604197,0.7007874015748031,1.0
ZNF280B,0.7416278054283612,0.4094488188976378,1.0
IGLV2-14,0.49542096092728527,0.6850393700787402,1.0
IGLC2,1.5126221643927797,0.4015748031496063,1.0
IGLC3,0.9671530243931947,0.4881889763779528,1.0
IGLC7,0.7154901425693792,0.7244094488188977,1.0
BCR,1.0039967011253528,0.2440944881889764,1.0
AP000347.1,0.9767751731338823,0.1968503937007874,1.0
RGL4,-0.4730770346721087,0.5354330708661418,1.0
ZNF70,-1.3972930406144168,0.14173228346456693,1.0
VPREB3,-1.4843843024347623,0.2125984251968504,1.0
CHCHD10,0.06636690235461895,0.968503937007874,1.0
SMARCB1,-0.16824997780271067,0.9291338582677166,1.0
DERL3,0.9907847312962228,0.31496062992125984,1.0
SLC2A11,-0.18354300718060124,0.8582677165354331,1.0
CABIN1,0.9842069091944765,0.25196850393700787,1.0
SPECC1L,0.5475792136493993,0.889763779527559,1.0
GUCD1,0.014643384215859534,0.9606299212598425,1.0
SNRPD3,-0.1615889777121744,0.4251968503937008,1.0
GGT1,1.7637945209383217,0.031496062992125984,1.0
SGSM1,0.6959733994966131,0.29133858267716534,1.0
KIAA1671,0.16135560328992682,0.84251968503937,1.0
CRYBB2P1,0.21049440502894567,0.7401574803149606,1.0
GRK3,0.04336211271628576,0.952755905511811,1.0
HPS4,0.14705579478069186,0.6220472440944882,1.0
SRRD,1.0766049984032513,0.23622047244094488,1.0
TFIP11,-0.42518131870747133,0.49606299212598426,1.0
TPST2,0.19521440899696785,0.3464566929133858,1.0
HMGB1P10,-0.38931067357969784,0.5826771653543307,1.0
MIAT,0.43144031524511206,0.5196850393700787,1.0
MIATNB,0.6764044869560983,0.06299212598425197,1.0
PITPNB,0.2275330130271076,0.2677165354330709,1.0
TTC28-AS1,0.12299267328961161,0.7795275590551181,1.0
TTC28,0.3109704396941564,0.6692913385826772,1.0
CHEK2,-0.33027206175804746,0.6299212598425197,1.0
HSCB,-0.21747637627659255,0.5669291338582677,1.0
CCDC117,-0.13052133634964314,0.7244094488188977,1.0
XBP1,-0.09291060114805294,0.8582677165354331,1.0
Z93930.2,0.5373328068969179,0.4645669291338583,1.0
ZNRF3,-0.2619466597053144,0.7322834645669292,1.0
RHBDD3,-0.6018199079958113,0.44881889763779526,1.0
EWSR1,-0.25643417763172494,0.3464566929133858,1.0
AP1B1,0.6503763509497626,0.047244094488188976,1.0
NEFH,0.44690558402072234,0.5354330708661418,1.0
THOC5,1.1510861002363253,0.1732283464566929,1.0
NIPSNAP1,0.1267411984258544,0.7322834645669292,1.0
NF2,1.3704668169482535,0.14960629921259844,1.0
ZMAT5,-0.13739152726803994,0.8582677165354331,1.0
UQCR10,0.11291599368264471,0.6692913385826772,1.0
ASCC2,-0.05838312651249744,0.8976377952755905,1.0
MTMR3,-0.32174079873751626,0.6692913385826772,1.0
AC003681.1,-0.3581968213905937,0.5354330708661418,1.0
LIF,1.247586233675095,0.18110236220472442,1.0
OSM,0.21121390294550446,0.7480314960629921,1.0
CASTOR1,-0.12351287500887764,0.968503937007874,1.0
TBC1D10A,-0.3752758086264909,0.6535433070866141,1.0
SF3A1,0.05719039506590917,0.4645669291338583,1.0
RNF215,0.5052948752820916,0.5275590551181102,1.0
SEC14L2,0.2571689117070235,0.7874015748031497,1.0
MTFP1,-0.8918150593084275,0.36220472440944884,1.0
AC004832.6,0.6639061946733653,0.5275590551181102,1.0
PES1,0.901026696342746,0.25196850393700787,1.0
SLC35E4,0.9306086656447237,0.28346456692913385,1.0
DUSP18,0.30380274279185415,0.6929133858267716,1.0
OSBP2,1.231903889994464,0.2125984251968504,1.0
MORC2,-0.021642150623490508,0.9606299212598425,1.0
TUG1,-0.21367434415952768,0.4094488188976378,1.0
SELENOM,1.1298501086918016,0.3937007874015748,1.0
RNF185,-0.03343707070053181,0.9763779527559056,1.0
LIMK2,-0.4698294393851823,0.2440944881889764,1.0
PIK3IP1,-0.3320155726481291,0.11023622047244094,1.0
PATZ1,-0.22051186842271164,0.5354330708661418,1.0
DRG1,-0.5357460525713869,0.47244094488188976,1.0
EIF4ENIF1,-0.003009186415376064,1.0,1.0
SFI1,-0.28859518591823186,0.5196850393700787,1.0
PISD,0.26695647332366423,0.6062992125984252,1.0
PRR14L,0.10560661199467525,0.8188976377952756,1.0
DEPDC5,0.035269892915505086,0.952755905511811,1.0
YWHAH,-0.30641957529280184,0.5669291338582677,1.0
Z74021.1,-0.4086665591938079,0.23622047244094488,1.0
RTCB,-0.06952374656786464,0.8818897637795275,1.0
FBXO7,0.29556422019257766,0.1732283464566929,1.0
TIMP3,0.397793728522544,0.7007874015748031,1.0
HMGXB4,0.11030326579089333,0.7559055118110236,1.0
TOM1,-0.30115333420963974,0.8267716535433071,1.0
MCM5,-0.10105421809151194,0.9448818897637795,1.0
APOL6,-0.17261102701895492,0.6850393700787402,1.0
RBFOX2,-0.6521873866293977,0.3779527559055118,1.0
APOL3,0.01944104054157858,0.9763779527559056,1.0
APOL2,0.7058517837966711,0.8267716535433071,1.0
APOL1,0.14770926433625764,0.7874015748031497,1.0
MYH9,0.31035132120206654,0.08661417322834646,1.0
RPS15AP38,-0.27413511505722443,0.3464566929133858,1.0
TXN2,0.3657798690070635,0.3937007874015748,1.0
FOXRED2,0.8741469954045613,0.06299212598425197,1.0
EIF3D,0.16760950259768848,0.09448818897637795,1.0
IFT27,-0.848066294892071,0.41732283464566927,1.0
PVALB,0.9418059553819647,0.4094488188976378,1.0
NCF4,0.4058418805977544,0.07874015748031496,1.0
CSF2RB,0.5529290970447467,0.6141732283464567,1.0
MPST,1.2668520844735007,0.2283464566929134,1.0
KCTD17,1.1763136988072806,0.23622047244094488,1.0
IL2RB,0.6792728020999252,0.06299212598425197,1.0
C1QTNF6,1.1954615922738532,0.14960629921259844,1.0
SSTR3,0.2964440970300546,0.7244094488188977,1.0
RAC2,0.48366071967228486,0.07874015748031496,1.0
CYTH4,0.08740643493480604,0.8267716535433071,1.0
MFNG,-0.06484742949317734,0.7322834645669292,1.0
GGA1,0.02286036740726871,0.937007874015748,1.0
SH3BP1,0.6083835290004656,0.33858267716535434,1.0
LGALS1,0.14145438767972784,0.889763779527559,1.0
TRIOBP,0.24136330817750018,0.33070866141732286,1.0
H1F0,-1.2084543969304065,0.2755905511811024,1.0
ANKRD54,1.3908152892558654,0.05511811023622047,1.0
EIF3L,0.15134844518114932,0.8110236220472441,1.0
AL022311.1,0.20570155679658209,0.7165354330708661,1.0
MICALL1,1.008750830394809,0.2283464566929134,1.0
AL031587.6,-0.2935930197460639,0.5669291338582677,1.0
PLA2G6,0.383038626011432,0.7086614173228346,1.0
MAFF,-0.42126144828735157,0.6456692913385826,1.0
TMEM184B,0.014259235907630341,0.9448818897637795,1.0
CSNK1E,0.24666231653787918,0.33070866141732286,1.0
Z98749.2,0.6116093242024885,0.44881889763779526,1.0
DDX17,-0.08437506656158966,0.7165354330708661,1.0
CBY1,0.9133135674319441,0.15748031496062992,1.0
TOMM22,0.23718589075401297,0.5984251968503937,1.0
JOSD1,-0.15567058958769842,0.8503937007874016,1.0
GTPBP1,0.4068034596442658,0.6377952755905512,1.0
SUN2,0.002084489130779854,1.0,1.0
AL021707.8,-0.2202148490767355,0.7874015748031497,1.0
AL021707.6,-0.7294509692880276,0.4645669291338583,1.0
DNAL4,0.5646624095537964,0.5590551181102362,1.0
NPTXR,-0.17484649186442658,0.8818897637795275,1.0
CBX6,0.17931404575705212,0.5748031496062992,1.0
APOBEC3C,0.45444907339260165,0.18110236220472442,1.0
APOBEC3F,1.970236105760529,0.03937007874015748,1.0
APOBEC3G,0.21739580167592454,0.6220472440944882,1.0
AL031846.1,0.6067459924177301,0.3779527559055118,1.0
APOBEC3H,1.0193997475584622,0.2440944881889764,1.0
CBX7,0.07671056268327181,0.6929133858267716,1.0
PDGFB,0.29215286205949687,0.7007874015748031,1.0
RPL3,-0.19869215831618092,0.5275590551181102,1.0
SYNGR1,-0.2234601105857701,0.8110236220472441,1.0
TAB1,0.9974741724190936,0.11023622047244094,1.0
MIEF1,-0.5752292275734447,0.44881889763779526,1.0
ATF4,-0.26060049734157076,0.48031496062992124,1.0
RPS19BP1,0.045448358842985925,0.968503937007874,1.0
CACNA1I,-1.3149921519695007,0.2677165354330709,1.0
GRAP2,-0.4253088481205456,0.18110236220472442,1.0
Z82206.1,0.1930612011178039,0.8188976377952756,1.0
TNRC6B,0.0834237604174195,0.6850393700787402,1.0
ADSL,0.4126536194117578,0.7244094488188977,1.0
MKL1,0.029037076357457003,0.968503937007874,1.0
SLC25A17,-0.2510506464466422,0.6614173228346457,1.0
ST13,-0.1847904870027577,0.5590551181102362,1.0
XPNPEP3,-0.7856046682772408,0.15748031496062992,1.0
RBX1,0.45860295621228087,0.05511811023622047,1.0
AL080243.2,-0.6780722323317869,0.6535433070866141,1.0
EP300,0.07728152505721031,0.5905511811023622,1.0
L3MBTL2,0.1946335449042751,0.5826771653543307,1.0
RANGAP1,0.6823061097167855,0.4015748031496063,1.0
ZC3H7B,0.51635430592584,0.2992125984251969,1.0
TEF,0.9788011998534056,0.25196850393700787,1.0
TOB2,-0.06972473137501733,0.8582677165354331,1.0
PHF5A,0.6210962914355678,0.3858267716535433,1.0
ACO2,-0.20249679497228557,0.8267716535433071,1.0
POLR3H,0.18278495462773003,0.6850393700787402,1.0
PMM1,0.06302401077307129,0.8661417322834646,1.0
DESI1,-0.19510862072108193,0.6377952755905512,1.0
XRCC6,0.16435265961716006,0.7165354330708661,1.0
SNU13,-0.1839514774745119,0.36220472440944884,1.0
C22orf46,-0.08553632176070725,0.7795275590551181,1.0
MEI1,-0.2958134410235318,0.6062992125984252,1.0
AL021453.1,0.5480088496660516,0.8661417322834646,1.0
SREBF2,-0.12883877578423242,0.7165354330708661,1.0
TNFRSF13C,0.08501843714970736,0.937007874015748,1.0
CENPM,0.9790085104666848,0.08661417322834646,1.0
SEPT3,1.468200295261893,0.08661417322834646,1.0
NAGA,0.3010533521023153,0.5275590551181102,1.0
SMDT1,-0.05463058116131414,0.7165354330708661,1.0
NDUFA6,0.8717365518587661,0.14960629921259844,1.0
NDUFA6-AS1,-0.0717795978182858,0.952755905511811,1.0
OLA1P1,0.41092083877080343,0.7007874015748031,1.0
CYP2D7,-0.8596522741118664,0.2755905511811024,1.0
TCF20,0.16030238759975024,0.49606299212598426,1.0
RRP7A,-0.8864713102539956,0.14960629921259844,1.0
SERHL2,0.6432918532077094,0.3858267716535433,1.0
RRP7BP,0.1513191965574927,0.905511811023622,1.0
POLDIP3,0.3895537122102537,0.3464566929133858,1.0
Z93241.1,-0.900876495276079,0.4094488188976378,1.0
CYB5R3,-0.01092948375483438,1.0,1.0
ATP5L2,-0.14188562454095122,0.8740157480314961,1.0
RPL5P34,-0.3818334605712259,0.14960629921259844,1.0
ARFGAP3,0.13322528322681038,0.8031496062992126,1.0
PACSIN2,-0.20252290525652628,0.84251968503937,1.0
TTLL1,-0.49890295047054267,0.41732283464566927,1.0
BIK,0.11003460839669899,0.8661417322834646,1.0
MCAT,0.48151564963326976,0.3858267716535433,1.0
TSPO,0.4277761617124485,0.6062992125984252,1.0
TTLL12,0.4268135052861721,0.6929133858267716,1.0
SAMM50,1.2573456384664894,0.1968503937007874,1.0
AL035398.1,-0.5271998347402356,0.25984251968503935,1.0
PARVB,0.2672878472075322,0.6771653543307087,1.0
PARVG,0.46769489228521,0.4645669291338583,1.0
AL031595.2,-2.37510117305461,0.03937007874015748,1.0
RTL6,0.407979603228116,0.3779527559055118,1.0
PRR5,-0.004235161815961952,0.9921259842519685,1.0
NUP50-AS1,0.68589059386019,0.33070866141732286,1.0
NUP50,0.26796787487864737,0.11023622047244094,1.0
KIAA0930,0.6729492707042302,0.09448818897637795,1.0
FAM118A,0.23997923705699087,0.7795275590551181,1.0
ATXN10,0.04401800613571183,0.8110236220472441,1.0
PRR34-AS1,0.40426515713549094,0.3779527559055118,1.0
PPARA,-0.7255241487178816,0.047244094488188976,1.0
CDPF1,-0.5430082182945082,0.5905511811023622,1.0
TTC38,1.0132743853204613,0.2677165354330709,1.0
TRMU,0.08741968505390485,0.8818897637795275,1.0
GRAMD4,0.1503989290643526,0.8031496062992126,1.0
CERK,0.17280358498006976,0.5275590551181102,1.0
AL118516.1,0.021681594701616014,0.968503937007874,1.0
TBC1D22A,0.30232747427676987,0.3779527559055118,1.0
Z97192.3,0.6005270175986783,0.3543307086614173,1.0
BRD1,0.08216807599270481,0.7480314960629921,1.0
ZBED4,-0.2572247067673903,0.4566929133858268,1.0
CRELD2,0.11076928344822523,0.84251968503937,1.0
PIM3,0.26091490319128763,0.5984251968503937,1.0
TRABD,-0.5057296476767448,0.2283464566929134,1.0
SELENOO,0.6992930089889797,0.5118110236220472,1.0
TUBGCP6,0.2957913280451381,0.6771653543307087,1.0
HDAC10,-0.5608849562364053,0.7322834645669292,1.0
MAPK11,0.61829970312627,0.6456692913385826,1.0
PLXNB2,0.8317789753998475,0.44881889763779526,1.0
PPP6R2,-0.7623345141859001,0.2755905511811024,1.0
SBF1,-1.2523580049884657,0.44881889763779526,1.0
ADM2,1.1600644172436116,0.23622047244094488,1.0
LMF2,0.20166113800407803,0.8267716535433071,1.0
NCAPH2,-0.1366472262579248,0.9212598425196851,1.0
SCO2,-0.4967118730637923,0.4015748031496063,1.0
U62317.3,-0.11601936722651951,0.8976377952755905,1.0
TYMP,0.5546012537805329,0.14960629921259844,1.0
ODF3B,1.453181461980172,0.03937007874015748,1.0
KLHDC7B,0.6897458229710316,0.2755905511811024,1.0
ARSA,0.15987032127389966,0.889763779527559,1.0
SHANK3,1.8340184437118912,0.08661417322834646,1.0
AC002056.1,0.0402494435744396,0.84251968503937,1.0
RPL23AP82,0.6310923829751616,0.28346456692913385,1.0
RABL2B,0.08886288343845727,0.7637795275590551,1.0
FP565260.1,-1.3635993188139617,0.14173228346456693,1.0
FP565260.7,-0.5840043345305697,0.2992125984251969,1.0
CU639417.1,-0.3250386652677517,0.5905511811023622,1.0
RBM11,-0.6513034376977616,0.4015748031496063,1.0
HSPA13,0.30955229241988036,0.2755905511811024,1.0
SAMSN1,0.19861845375404474,0.6929133858267716,1.0
NRIP1,-0.5857072869872386,0.15748031496062992,1.0
USP25,-0.37725618545565975,0.07874015748031496,1.0
BTG3,0.6921152839532025,0.08661417322834646,1.0
C21orf91,-0.07645744591300385,0.8031496062992126,1.0
PPIAP22,-0.015699227092119905,0.9448818897637795,1.0
AP000568.1,-1.3781667819979821,0.10236220472440945,1.0
RPL13AP7,-0.6746130070922192,0.1889763779527559,1.0
MIR155HG,1.3476951713305096,0.10236220472440945,1.0
MRPL39,0.10006993077642745,0.8188976377952756,1.0
JAM2,1.6719281514189808,0.05511811023622047,1.0
ATP5J,0.3062197484295073,0.15748031496062992,1.0
GABPA,0.13538927453180793,0.48031496062992124,1.0
APP,-0.07554535518435479,0.84251968503937,1.0
CYYR1,1.1482026083201324,0.08661417322834646,1.0
ADAMTS1,0.8014097778958568,0.48031496062992124,1.0
N6AMT1,-1.6632682564974521,0.031496062992125984,1.0
LTN1,0.26099635264467924,0.6929133858267716,1.0
RWDD2B,0.5427748794210427,0.2204724409448819,1.0
USP16,-0.37682672843637466,0.3228346456692913,1.0
CCT8,0.04333581085067806,0.8346456692913385,1.0
MAP3K7CL,-0.022844371158690535,0.952755905511811,1.0
BACH1,0.609496315604642,0.25984251968503935,1.0
TIAM1,0.5541611440593082,0.3779527559055118,1.0
SOD1,0.05958763947112722,0.7322834645669292,1.0
AP000254.1,-0.1414279287447009,0.7795275590551181,1.0
SCAF4,0.025624319048500155,0.9212598425196851,1.0
MIS18A,0.22492350106664682,0.8346456692913385,1.0
URB1,-0.43813736702765826,0.5511811023622047,1.0
EVA1C,-0.26917638467079996,0.5275590551181102,1.0
C21orf59,0.552821170577674,0.6377952755905512,1.0
SYNJ1,-0.03994890905683768,0.8976377952755905,1.0
PAXBP1,-0.4014518268314893,0.47244094488188976,1.0
C21orf62-AS1,-0.9097171757254341,0.4015748031496063,1.0
IFNAR2,0.5310063258622435,0.14173228346456693,1.0
IL10RB-AS1,0.15894993802649582,0.8346456692913385,1.0
IL10RB,0.964268571465265,0.015748031496062992,1.0
IFNAR1,0.2759721152360095,0.5196850393700787,1.0
IFNGR2,0.3755295754556425,0.5905511811023622,1.0
TMEM50B,0.1893392996454608,0.2677165354330709,1.0
GART,0.5520030169730221,0.2992125984251969,1.0
SON,0.06614715023046891,0.8188976377952756,1.0
DONSON,-0.7287999434489354,0.12598425196850394,1.0
CRYZL1,1.099126569887543,0.33858267716535434,1.0
ATP5O,-0.0675370158981643,0.7559055118110236,1.0
LINC00649,-0.16390930674627047,0.5118110236220472,1.0
MRPS6,-0.32647303150091744,0.5196850393700787,1.0
SLC5A3,-0.03217385394350991,0.9291338582677166,1.0
RCAN1,0.5727898595915084,0.4645669291338583,1.0
RUNX1,0.3070389771855133,0.08661417322834646,1.0
SETD4,-0.9202082915155536,0.33070866141732286,1.0
CBR1,-0.0694267440482248,0.889763779527559,1.0
MEMO1P1,1.8910701118301692,0.07874015748031496,1.0
CBR3-AS1,-1.7409771164409917,0.09448818897637795,1.0
CBR3,0.4175735125982729,0.5511811023622047,1.0
DOPEY2,-0.1560505244505448,0.6377952755905512,1.0
MORC3,-0.21570167688217,0.4251968503937008,1.0
AP000692.1,1.3985746981726672,0.07086614173228346,1.0
CHAF1B,-0.3103061496434292,0.7874015748031497,1.0
HLCS,0.28844049008485495,0.7007874015748031,1.0
PIGP,0.49434827564599004,0.30708661417322836,1.0
TTC3,-0.29707934974960004,0.06299212598425197,1.0
DSCR3,0.1188761449429423,0.6850393700787402,1.0
DYRK1A,-0.17110444321858242,0.5748031496062992,1.0
ETS2,0.23580451590519225,0.7165354330708661,1.0
PSMG1,0.43520787392645444,0.2755905511811024,1.0
BRWD1,-0.07168610144977627,0.6220472440944882,1.0
HMGN1,-0.09252597229398063,0.7637795275590551,1.0
WRB,-0.6843546683997235,0.3937007874015748,1.0
SH3BGR,0.5526122000128397,0.49606299212598426,1.0
MX2,0.07956126491458893,0.7322834645669292,1.0
MX1,-0.3995462340147098,0.5590551181102362,1.0
PRDM15,-0.3701923354690271,0.5748031496062992,1.0
C2CD2,-0.0528228438822711,0.952755905511811,1.0
ZBTB21,-0.1497471119134799,0.7637795275590551,1.0
ABCG1,1.0461713419600764,0.031496062992125984,1.0
TMPRSS3,0.8632420435451873,0.28346456692913385,1.0
UBASH3A,-0.5035879981360116,0.41732283464566927,1.0
SLC37A1,-0.25840062668938524,0.6614173228346457,1.0
PDE9A,-0.26979589186911346,0.8346456692913385,1.0
WDR4,0.5952103279534415,0.48031496062992124,1.0
NDUFV3,-0.44844943935662673,0.2125984251968504,1.0
PKNOX1,-0.7397805656519285,0.023622047244094488,1.0
U2AF1,-0.19731977957076485,0.8582677165354331,1.0
LINC01679,0.14960141107280678,0.7795275590551181,1.0
RRP1B,-0.2783166808674089,0.4330708661417323,1.0
PDXK,-0.09886088027844497,0.8188976377952756,1.0
CSTB,0.19680579688718147,0.4645669291338583,1.0
RRP1,0.14916444184252575,0.905511811023622,1.0
AGPAT3,-0.23889521708539974,0.5039370078740157,1.0
TRAPPC10,-0.45643171355690626,0.23622047244094488,1.0
PFKL,-0.7839736721275892,0.3700787401574803,1.0
AP001062.1,-0.15777022333334711,0.8582677165354331,1.0
UBE2G2,0.10760491407105022,0.6929133858267716,1.0
SUMO3,0.1746780464756732,0.47244094488188976,1.0
PTTG1IP,0.19454288370966832,0.33070866141732286,1.0
ITGB2,0.2706247802244981,0.3543307086614173,1.0
ITGB2-AS1,0.3611539494648559,0.5275590551181102,1.0
AP001505.2,-0.4664909199598153,0.09448818897637795,1.0
ADARB1,-0.5484323826677313,0.1732283464566929,1.0
POFUT2,-0.014589821435332162,0.952755905511811,1.0
BX322557.1,0.2158871941320195,0.7559055118110236,1.0
LINC00205,-1.0314361078061034,0.18110236220472442,1.0
COL18A1,0.07113900827555097,1.0,1.0
SLC19A1,0.4095620997938332,0.6692913385826772,1.0
PCBP3,0.9682433572898187,0.3700787401574803,1.0
COL6A1,0.2198021291983392,0.7795275590551181,1.0
COL6A2,0.34715086526238137,0.7637795275590551,1.0
LSS,0.7770163063332349,0.3700787401574803,1.0
MCM3AP,1.674123514250593,0.06299212598425197,1.0
AP001469.3,-0.2966086291129375,0.7559055118110236,1.0
YBEY,0.10197470696250566,0.937007874015748,1.0
C21orf58,-0.7676551860096571,0.33858267716535434,1.0
PCNT,-0.4451965859239513,0.023622047244094488,1.0
DIP2A,-0.10413080452167023,0.5511811023622047,1.0
PRMT2,0.2529842971501317,0.2204724409448819,1.0
DSTNP1,0.624363850496685,0.29133858267716534,1.0
MT-TF,0.18256067856296232,0.7874015748031497,1.0
MT-RNR1,-0.10834000499200158,0.6299212598425197,1.0
MT-TV,0.18828046308914637,0.7401574803149606,1.0
MT-RNR2,-0.09193119755752477,0.6614173228346457,1.0
MT-TL1,0.4889572122798702,0.4409448818897638,1.0
MT-ND1,-0.03758233665492128,0.8188976377952756,1.0
MT-ND2,-0.10378823982966345,0.6614173228346457,1.0
MT-TY,-0.2299963581309712,0.7716535433070866,1.0
MT-CO1,0.04467907699528162,0.7795275590551181,1.0
MT-CO2,-0.07239383333604721,0.6456692913385826,1.0
MT-ATP8,0.016155488332778134,0.9763779527559056,1.0
MT-ATP6,-0.0024456129904137924,0.9448818897637795,1.0
MT-CO3,-0.08326083390518235,0.4645669291338583,1.0
MT-ND3,-0.11893554619853752,0.6456692913385826,1.0
MT-ND4L,-0.14850738592798862,0.4330708661417323,1.0
MT-ND4,-0.08547840721390898,0.4566929133858268,1.0
MT-ND5,0.05126912751951629,0.6850393700787402,1.0
MT-ND6,-0.09481598450115314,0.4645669291338583,1.0
MT-CYB,0.01677227282459448,0.905511811023622,1.0
MT-TP,-1.0549637997817944,0.23622047244094488,1.0
AL592183.1,0.9585050282031649,0.11811023622047244,1.0
AC240274.1,0.32572499291197343,0.7401574803149606,1.0
