gene,log2FC,p_perm,FDR
MTND1P23,-0.8886715701719101,0.6299212598425197,1.0
MTND2P28,-0.5602132785521983,0.11811023622047244,1.0
MTCO1P12,-0.8696892274147716,0.05511811023622047,1.0
MTCO2P12,-1.1714942398166754,0.1889763779527559,1.0
MTATP6P1,-0.07809596500763405,0.6614173228346457,1.0
MTCO3P12,-1.3407549556031801,0.03937007874015748,1.0
AL669831.4,-1.755068450689747,0.07874015748031496,1.0
LINC01128,0.6901177849844431,0.2677165354330709,1.0
LINC00115,-0.2567472181253192,0.7165354330708661,1.0
NOC2L,-0.7781696518580993,0.29133858267716534,1.0
KLHL17,0.09155205016622947,0.9291338582677166,1.0
PLEKHN1,-0.17154033265667534,1.0,1.0
ISG15,0.36612035191154124,0.7716535433070866,1.0
AL390719.1,1.9318794018796193,0.08661417322834646,1.0
C1orf159,-1.059636833361447,0.29133858267716534,1.0
TTLL10,0.59202132435144,0.6062992125984252,1.0
TNFRSF18,1.2590515312568327,0.41732283464566927,1.0
TNFRSF4,-0.6914999554199319,0.6062992125984252,1.0
SDF4,-0.6575258593788043,0.7874015748031497,1.0
B3GALT6,-1.0554951268902464,0.4251968503937008,1.0
UBE2J2,0.0747491078980147,0.8267716535433071,1.0
ACAP3,0.49107193827149853,0.6692913385826772,1.0
INTS11,-0.42899585153661235,0.7559055118110236,1.0
CPTP,-0.6410075181959378,0.41732283464566927,1.0
DVL1,0.014455351531339033,1.0,1.0
AURKAIP1,-0.22886903155083171,0.905511811023622,1.0
CCNL2,-0.1661737283595901,0.6535433070866141,1.0
AL391244.1,-1.5535987340880277,0.14960629921259844,1.0
MRPL20,0.1656785670805414,0.8740157480314961,1.0
ATAD3B,-0.5492411845814285,0.6692913385826772,1.0
ATAD3A,0.7853683221010637,0.5590551181102362,1.0
SSU72,0.38379620319280505,0.023622047244094488,1.0
AL691432.2,-0.9305475457435055,0.3779527559055118,1.0
MIB2,-0.5780210231610123,0.7244094488188977,1.0
CDK11B,-0.18218797408520793,0.8031496062992126,1.0
SLC35E2B,-0.3332033309956852,0.4881889763779528,1.0
AL031282.1,-0.7679219616304228,0.30708661417322836,1.0
SLC35E2,1.979018957902803,0.07086614173228346,1.0
NADK,-0.37246904548530635,0.905511811023622,1.0
GNB1,0.0972568527203137,0.5905511811023622,1.0
FAAP20,-0.6735581837203801,0.5511811023622047,1.0
SKI,0.3509646951947092,0.5118110236220472,1.0
MORN1,-0.4672908627475658,0.6220472440944882,1.0
RER1,0.30820568735043086,0.25984251968503935,1.0
PLCH2,0.02631091727164181,0.984251968503937,1.0
PANK4,-0.2738440837131484,0.5039370078740157,1.0
AL139246.5,-0.6203595831165254,0.5354330708661418,1.0
TNFRSF14-AS1,-0.7203375391713913,0.4015748031496063,1.0
TNFRSF14,-0.7199538898506788,0.8503937007874016,1.0
FAM213B,0.4317613816400163,0.49606299212598426,1.0
TPRG1L,-1.713366106031541,0.18110236220472442,1.0
WRAP73,-0.07318233141011365,0.9133858267716536,1.0
TP73-AS1,-1.395091004823489,0.12598425196850394,1.0
LRRC47,-0.1576229721225344,0.5196850393700787,1.0
CEP104,-0.19367461913490658,0.5511811023622047,1.0
DFFB,-0.4183701100008461,0.6062992125984252,1.0
C1orf174,0.3071436580227731,0.5354330708661418,1.0
NPHP4,-0.5170046846566866,0.49606299212598426,1.0
KCNAB2,0.11052880277886068,0.7874015748031497,1.0
RPL22,-0.13910617510109802,0.4094488188976378,1.0
ICMT,-0.5668910642707239,0.15748031496062992,1.0
GPR153,-0.1697837729114724,0.8110236220472441,1.0
ACOT7,0.6388070949985498,0.1732283464566929,1.0
TNFRSF25,0.11009598877761118,0.8740157480314961,1.0
NOL9,0.11052713312892504,0.7559055118110236,1.0
ZBTB48,0.5493480988387016,0.6850393700787402,1.0
KLHL21,0.1366924052624663,0.6692913385826772,1.0
PHF13,-0.5108411366632799,0.9291338582677166,1.0
THAP3,-0.16029560306871837,0.905511811023622,1.0
DNAJC11,1.7142762222611858,0.08661417322834646,1.0
CAMTA1,0.358186674595923,0.4251968503937008,1.0
VAMP3,-0.22818402238081692,0.4645669291338583,1.0
PER3,-1.2053142430322985,0.25196850393700787,1.0
UTS2,-1.2479184743715739,0.4645669291338583,1.0
TNFRSF9,2.2946267070829123,0.11023622047244094,1.0
PARK7,0.17125052751156744,0.5196850393700787,1.0
Y_RNA,-0.4190098082460052,0.1732283464566929,1.0
ERRFI1,-0.28086273924963434,0.7401574803149606,1.0
RERE,0.05271913456011745,0.7874015748031497,1.0
ENO1,0.11168817182156499,0.6062992125984252,1.0
GPR157,0.08119198197939781,1.0,1.0
H6PD,-0.24971302347446578,0.7165354330708661,1.0
SPSB1,0.6965323070317595,0.4566929133858268,1.0
SLC25A33,-1.1156338780677886,0.28346456692913385,1.0
TMEM201,0.20331457715070078,0.8818897637795275,1.0
PIK3CD,-0.10939097279169374,0.7952755905511811,1.0
CLSTN1,0.09258543291247712,0.7952755905511811,1.0
CTNNBIP1,0.07157537779086587,0.8346456692913385,1.0
LZIC,0.3320129370393161,0.5039370078740157,1.0
NMNAT1,-0.032623144399086534,1.0,1.0
UBE4B,0.27640368700652385,0.6614173228346457,1.0
KIF1B,-0.6108584525603025,0.47244094488188976,1.0
PGD,0.13248846723348517,0.8110236220472441,1.0
DFFA,0.3913091214788329,0.25196850393700787,1.0
PEX14,-0.3725699313133939,0.3937007874015748,1.0
CASZ1,-0.9928468019418548,0.3543307086614173,1.0
TARDBP,-0.13016496619892415,0.7165354330708661,1.0
SRM,0.672373757801294,0.6614173228346457,1.0
EXOSC10,-0.21615920623224305,0.5433070866141733,1.0
MTOR,0.025526015933441837,0.9921259842519685,1.0
UBIAD1,0.020665530895464634,0.968503937007874,1.0
FBXO44,-0.7097641195963162,0.7559055118110236,1.0
FBXO6,-0.28084154514708004,0.7952755905511811,1.0
MAD2L2,0.48150954820895553,0.5748031496062992,1.0
DRAXIN,1.1788120102078077,0.13385826771653545,1.0
AGTRAP,-0.36591526168716104,0.5039370078740157,1.0
MTHFR,0.18594460325368178,0.8267716535433071,1.0
CLCN6,0.44556031678271113,0.7401574803149606,1.0
RNU5E-1,-0.03171068512776265,0.952755905511811,1.0
RNU5E-4P,-1.255418943546517,0.23622047244094488,1.0
KIAA2013,0.32073827799698673,0.49606299212598426,1.0
PLOD1,0.2542099247749521,0.6062992125984252,1.0
MFN2,-0.2572903101620305,0.7637795275590551,1.0
MIIP,0.31926888024325484,0.952755905511811,1.0
TNFRSF1B,-0.2853373962333938,0.5748031496062992,1.0
VPS13D,-0.07285763848277682,0.84251968503937,1.0
DHRS3,-1.0311021117864536,0.06299212598425197,1.0
PRDM2,-0.256021273641613,0.3700787401574803,1.0
EFHD2,-0.23040853215742452,0.5826771653543307,1.0
CASP9,-0.09526634011790236,0.7401574803149606,1.0
DNAJC16,0.1787762595661757,0.8503937007874016,1.0
AGMAT,-1.2213438749561618,0.16535433070866143,1.0
DDI2,-0.37917935574094574,0.1889763779527559,1.0
PLEKHM2,0.020636706562497054,0.984251968503937,1.0
UQCRHL,-0.1929073204932905,0.6535433070866141,1.0
AL450998.1,-0.1250018930397001,0.8503937007874016,1.0
FLJ37453,-0.33291164299687637,0.952755905511811,1.0
SPEN,0.056205971304549074,0.8503937007874016,1.0
ZBTB17,-0.031701110772138996,0.9763779527559056,1.0
MT1XP1,0.2472595188533797,0.8582677165354331,1.0
FBXO42,-0.3206285254608163,0.5669291338582677,1.0
SZRD1,0.04089020465164772,0.968503937007874,1.0
AL358794.1,-1.392743449915939,0.047244094488188976,1.0
NECAP2,-0.0028137662490950177,0.9921259842519685,1.0
RNU1-1,0.879101051414761,0.3779527559055118,1.0
NBPF1,-0.7600553108327976,0.3779527559055118,1.0
CROCCP2,-0.3853633464292088,0.2125984251968504,1.0
MST1P2,-0.5036075826037645,0.49606299212598426,1.0
EIF1AXP1,-0.22798185455272435,0.4330708661417323,1.0
CROCC,0.19067521765442086,0.889763779527559,1.0
BX284668.5,-0.3424912802803117,0.5275590551181102,1.0
BX284668.6,-1.0485504069975975,0.18110236220472442,1.0
ATP13A2,0.010357921409971382,0.9921259842519685,1.0
SDHB,0.23320787564236856,0.6535433070866141,1.0
RCC2,-0.03869082938199586,0.9291338582677166,1.0
IFFO2,0.03165177023698362,0.984251968503937,1.0
UBR4,-0.4517953397453587,0.23622047244094488,1.0
EMC1,0.22851812396771276,0.4881889763779528,1.0
MRTO4,0.1709608946613863,0.7874015748031497,1.0
AKR7A2,0.8335375045713498,0.07874015748031496,1.0
PQLC2,-0.9105115046206604,0.28346456692913385,1.0
CAPZB,0.11877197387370231,0.8503937007874016,1.0
MINOS1,-0.4967718638706611,0.28346456692913385,1.0
AL031727.1,-0.04157772719688957,0.9921259842519685,1.0
NBL1,0.4309332240836605,0.84251968503937,1.0
TMCO4,0.4804704396199928,0.08661417322834646,1.0
OTUD3,-0.028949421980970946,0.9448818897637795,1.0
CAMK2N1,1.1426062871526108,0.5039370078740157,1.0
MUL1,-0.30863318759160596,0.7637795275590551,1.0
PINK1-AS,-1.2450768595348307,0.13385826771653545,1.0
DDOST,-0.6219307000975389,0.14960629921259844,1.0
HP1BP3,0.25980809027131,0.12598425196850394,1.0
EIF4G3,-0.20608141244435796,0.2283464566929134,1.0
ECE1,0.8639808735877343,0.1889763779527559,1.0
NBPF3,-1.0608414837676852,0.3543307086614173,1.0
USP48,0.036108373675758365,0.8031496062992126,1.0
LINC00339,-0.4766296621411916,0.6220472440944882,1.0
CDC42,0.1360338003680308,0.3228346456692913,1.0
ZBTB40,-0.5024312867678802,0.05511811023622047,1.0
KDM1A,0.686139013765497,0.11023622047244094,1.0
LUZP1,-0.8734880757396439,0.18110236220472442,1.0
HNRNPR,-0.1611958867507184,0.5984251968503937,1.0
ZNF436,0.23354618967445973,0.7244094488188977,1.0
E2F2,-0.8641003324251278,0.3700787401574803,1.0
ID3,-0.04634231129591493,0.9763779527559056,1.0
RPL11,-0.15680677981721658,0.33858267716535434,1.0
ELOA,-1.0337810317639553,0.7559055118110236,1.0
PITHD1,-0.8484263539153512,0.1889763779527559,1.0
LYPLA2,0.25580593017571207,0.889763779527559,1.0
GALE,0.22253810034113752,0.8582677165354331,1.0
HMGCL,-0.46598027590991453,0.6771653543307087,1.0
FUCA1,0.2559643180134885,0.33858267716535434,1.0
CNR2,0.19616198437616728,0.7952755905511811,1.0
PNRC2,-0.13047819890196521,0.2283464566929134,1.0
SRSF10,-0.2987584678107513,0.2047244094488189,1.0
IFNLR1,-1.1867793904224664,0.15748031496062992,1.0
STPG1,0.18296313280210863,0.8267716535433071,1.0
NIPAL3,-0.23860207933412347,0.8267716535433071,1.0
RCAN3,0.708891685648676,0.2992125984251969,1.0
SRRM1,0.024761921379580443,0.9291338582677166,1.0
CLIC4,1.653574673731106,0.14960629921259844,1.0
RUNX3,-0.5599657775176308,0.031496062992125984,1.0
SYF2,-0.0454991629709518,0.8818897637795275,1.0
RSRP1,-0.30652027015860384,0.3858267716535433,1.0
TMEM50A,-0.009537357624855858,0.937007874015748,1.0
TMEM57,0.38375505108582697,0.25196850393700787,1.0
LDLRAP1,0.099444536304099,0.8740157480314961,1.0
MAN1C1,1.1970213709458504,0.047244094488188976,1.0
SELENON,0.7288408764475793,0.6456692913385826,1.0
MTFR1L,-1.1037871481565777,0.23622047244094488,1.0
PAQR7,-1.6472608569145135,0.11023622047244094,1.0
STMN1,-0.9384270139654198,0.4094488188976378,1.0
PAFAH2,-0.43541804176297205,0.5118110236220472,1.0
PDIK1L,-0.4593220203981505,0.5275590551181102,1.0
CEP85,0.23502440675604497,0.5669291338582677,1.0
SH3BGRL3,0.2955826326592996,0.7952755905511811,1.0
UBXN11,-0.04929623215319179,1.0,1.0
CD52,0.3368291353665249,0.08661417322834646,1.0
CRYBG2,1.0433357916932664,0.29133858267716534,1.0
ZNF683,0.47406108605487773,0.905511811023622,1.0
DHDDS,0.769374767666116,0.5354330708661418,1.0
HMGN2,-0.02829301614395341,0.9606299212598425,1.0
RPS6KA1,0.33733967534368947,0.2677165354330709,1.0
ARID1A,0.11120084159053967,0.5039370078740157,1.0
PIGV,-0.5702988025892162,0.6299212598425197,1.0
ZDHHC18,-0.08557907081150962,1.0,1.0
GPN2,0.6649187448246052,0.49606299212598426,1.0
GPATCH3,-0.9161769064696472,0.31496062992125984,1.0
NUDC,0.09259507312630433,0.8267716535433071,1.0
SLC9A1,1.4682291360423712,0.14960629921259844,1.0
NPM1P39,-0.578085715358573,0.25196850393700787,1.0
WDTC1,-0.7081507691291771,0.9212598425196851,1.0
TMEM222,-0.028048909376261477,0.984251968503937,1.0
SYTL1,-0.6225889895245649,0.7637795275590551,1.0
GPR3,-1.826905546766705,0.09448818897637795,1.0
WASF2,-0.07731957558400637,0.6535433070866141,1.0
AHDC1,-1.1784472207109826,0.4881889763779528,1.0
FGR,-0.25492335510026365,0.3228346456692913,1.0
AL031729.1,0.3231692487567783,0.8110236220472441,1.0
IFI6,0.05326823616926202,0.937007874015748,1.0
FAM76A,0.07449500475361326,0.905511811023622,1.0
AL020997.1,0.2981963519530155,0.5905511811023622,1.0
STX12,-0.024057662488593756,0.9448818897637795,1.0
PPP1R8,-0.3025005070328213,0.5196850393700787,1.0
THEMIS2,0.01746033602668451,0.968503937007874,1.0
RPA2,-0.3112395143774629,0.3858267716535433,1.0
XKR8,-0.7712948531824559,0.11023622047244094,1.0
EYA3,0.19569575683162999,0.6456692913385826,1.0
SPCS2P4,-0.08274708460833047,0.9291338582677166,1.0
DNAJC8,-0.0846349051603088,0.6614173228346457,1.0
ATPIF1,0.32585742926294436,0.015748031496062992,1.0
AL353622.1,0.2691918250797607,0.8582677165354331,1.0
SESN2,-0.4421648486655325,0.5433070866141733,1.0
MED18,-0.9590798495934121,0.25984251968503935,1.0
PHACTR4,-0.1666207732182352,0.3543307086614173,1.0
RCC1,-1.5149171119476348,0.3543307086614173,1.0
SNHG3,0.7270950888873768,0.031496062992125984,1.0
TRNAU1AP,0.04732464935749281,0.905511811023622,1.0
SNHG12,0.32796155668473315,0.4645669291338583,1.0
SNORD99,-0.9421090061899431,0.2283464566929134,1.0
TAF12,0.36179099960238936,0.2125984251968504,1.0
GMEB1,0.4325176053775657,0.5275590551181102,1.0
YTHDF2,0.0008578542575605752,1.0,1.0
EPB41,-0.4966194282340233,0.11811023622047244,1.0
AL138785.1,-1.1799473865776275,0.08661417322834646,1.0
Metazoa_SRP,-0.33478288897576736,0.6456692913385826,1.0
SRSF4,-0.08094015934560339,0.7401574803149606,1.0
MECR,-1.0770738296260234,0.28346456692913385,1.0
MATN1-AS1,-0.19176164045330868,0.905511811023622,1.0
LAPTM5,0.057364709623557886,0.9212598425196851,1.0
PUM1,-0.15853404786717018,0.5984251968503937,1.0
SNRNP40,-1.0170991846727517,0.3700787401574803,1.0
AC114495.2,0.8376837632607672,0.3858267716535433,1.0
ZCCHC17,0.19109376875644735,0.7322834645669292,1.0
TINAGL1,2.557857412770337,0.05511811023622047,1.0
PEF1,0.9121780323559303,0.11023622047244094,1.0
PTP4A2,-0.01056987591183045,0.9763779527559056,1.0
KHDRBS1,0.061510031627749484,0.8031496062992126,1.0
TMEM39B,-0.027982540067878148,0.968503937007874,1.0
KPNA6,-0.143354490035712,0.6771653543307087,1.0
TXLNA,-0.2130284146711512,0.984251968503937,1.0
CCDC28B,-0.6294620638557586,0.6929133858267716,1.0
TMEM234,-0.3816460915076414,0.8031496062992126,1.0
EIF3I,-0.2419775305610239,0.3464566929133858,1.0
LCK,0.26608936958475127,0.4094488188976378,1.0
HDAC1,-0.10237579052095125,0.952755905511811,1.0
MARCKSL1,-0.8729757686491304,0.07086614173228346,1.0
BSDC1,0.1694650213428952,0.6692913385826772,1.0
ZBTB8OS,0.6122061040077416,0.4645669291338583,1.0
RBBP4,0.1498374984037376,0.6614173228346457,1.0
YARS,0.004897233201797135,0.984251968503937,1.0
S100PBP,0.31481476566104316,0.5039370078740157,1.0
RNF19B,-0.6954909938215188,0.2047244094488189,1.0
AK2,0.1548732110426263,0.3779527559055118,1.0
TRIM62,0.8235833372855015,0.2440944881889764,1.0
ZNF362,-0.23175398381400125,0.9448818897637795,1.0
PHC2,0.39487981698820196,0.4251968503937008,1.0
SMIM12,-0.17458040726083812,0.6535433070866141,1.0
AC114490.1,-0.46877351916168797,0.6535433070866141,1.0
ZMYM6,0.14713629502051973,0.8110236220472441,1.0
ZMYM1,0.0002241113110112991,0.9921259842519685,1.0
EFCAB14P1,0.6311963043218964,0.3464566929133858,1.0
SFPQ,-0.21303648117172003,0.4094488188976378,1.0
ZMYM4,-0.34453395124619046,0.31496062992125984,1.0
RPL5P4,-0.22454593571908088,0.7244094488188977,1.0
KIAA0319L,-0.57285437816779,0.2125984251968504,1.0
NCDN,0.2943260441098632,0.84251968503937,1.0
AC004865.2,-1.640669578500445,0.08661417322834646,1.0
PSMB2,0.43267282084703584,0.11023622047244094,1.0
C1orf216,0.08229415430931875,0.9448818897637795,1.0
CLSPN,-0.6888109733724148,0.6456692913385826,1.0
AGO4,-0.0029245957158323677,1.0,1.0
AGO1,-0.3852497023752237,0.11023622047244094,1.0
AGO3,0.4206698016090815,0.29133858267716534,1.0
ADPRHL2,-0.7782485827767189,0.16535433070866143,1.0
TRAPPC3,-0.44307577845828217,0.25196850393700787,1.0
MAP7D1,-0.2686098376409207,0.7165354330708661,1.0
THRAP3,-0.3455929629676904,0.23622047244094488,1.0
STK40,0.12556979777167676,0.8031496062992126,1.0
LSM10,0.5628524587772605,0.28346456692913385,1.0
MRPS15,-1.5210586853944448,0.18110236220472442,1.0
CSF3R,0.12526497703621642,1.0,1.0
ZC3H12A,-0.13785246358706704,0.8503937007874016,1.0
MEAF6,-0.308879405709205,0.1889763779527559,1.0
SNIP1,-0.157712491013827,0.5511811023622047,1.0
AL034379.1,0.16240304548806161,0.8976377952755905,1.0
GNL2,0.576654919553194,0.28346456692913385,1.0
C1orf109,-0.703651176284545,0.16535433070866143,1.0
CDCA8,0.2851221858444528,0.7480314960629921,1.0
YRDC,0.18030934094891293,0.7165354330708661,1.0
C1orf122,-0.49016919278229043,0.8267716535433071,1.0
MTF1,0.005228716321740379,0.9921259842519685,1.0
INPP5B,-0.32236089991955597,0.7480314960629921,1.0
SF3A3,-0.059670081398595975,0.84251968503937,1.0
FHL3,0.43587251720273024,0.6850393700787402,1.0
UTP11,-0.2705142170122432,0.5984251968503937,1.0
POU3F1,0.5873186383094016,0.4330708661417323,1.0
AL354702.1,-1.5047346015296605,0.023622047244094488,1.0
RRAGC,-1.0452964133702176,0.4330708661417323,1.0
MYCBP,0.4994031759112776,0.4251968503937008,1.0
AKIRIN1,-0.30743537596833637,0.2204724409448819,1.0
NDUFS5,0.015492296321180099,0.952755905511811,1.0
MACF1,0.006529412564631798,0.968503937007874,1.0
AL356055.1,-0.37876386142593055,0.6850393700787402,1.0
PABPC4,-0.2925835186142578,0.36220472440944884,1.0
PPIE,0.6986720876667887,0.4015748031496063,1.0
BMP8B,-1.1834454244116124,0.1968503937007874,1.0
TRIT1,-0.49124477877111605,0.6614173228346457,1.0
CAP1,0.7425238266483074,0.031496062992125984,1.0
PPT1,0.04283634684742932,0.9133858267716536,1.0
RLF,-0.29864361332152534,0.937007874015748,1.0
AL050341.2,-0.09444166584112956,0.8818897637795275,1.0
ZMPSTE24,0.20598075546374517,0.8503937007874016,1.0
COL9A2,-0.028574806636734174,0.9763779527559056,1.0
SMAP2,-0.42583927014394796,0.1889763779527559,1.0
ZFP69B,-0.8005166296111413,0.2755905511811024,1.0
AL031985.3,-0.7509858981494173,0.4330708661417323,1.0
ZFP69,-1.1274447515818413,0.25984251968503935,1.0
EXO5,1.2046020053713697,0.33070866141732286,1.0
ZNF684,0.4848404288932464,0.6062992125984252,1.0
RIMS3,1.2226492840032384,0.15748031496062992,1.0
NFYC,-0.5347859334212961,0.31496062992125984,1.0
CITED4,-0.395925817370405,0.7401574803149606,1.0
CTPS1,-0.11014252616410047,0.8346456692913385,1.0
SCMH1,-1.0454346151032186,0.2992125984251969,1.0
HIVEP3,0.06002851935288067,0.8740157480314961,1.0
FOXJ3,0.028627943970686687,0.937007874015748,1.0
RIMKLA,-0.44282646810858606,0.6535433070866141,1.0
PPCS,0.4795805245475435,0.33858267716535434,1.0
CCDC30,1.0822445457716385,0.2755905511811024,1.0
PPIH,-0.5654625155249704,0.2047244094488189,1.0
YBX1,-0.08066175188947611,0.7086614173228346,1.0
P3H1,-0.4866097230361266,0.6771653543307087,1.0
C1orf50,-0.790502223817947,0.33858267716535434,1.0
SVBP,0.4842115529943296,0.7322834645669292,1.0
ERMAP,-1.102212234857741,0.2440944881889764,1.0
ZNF691,-0.20627229740840813,0.9212598425196851,1.0
ATP6V1E1P1,-1.8192863472984409,0.023622047244094488,1.0
SLC2A1,-0.562011278181517,0.3543307086614173,1.0
EBNA1BP2,0.45068994477647095,0.5039370078740157,1.0
TIE1,1.215753882716399,0.2755905511811024,1.0
ELOVL1,-0.41562691051565626,0.4015748031496063,1.0
MED8,0.15286615090682698,0.8110236220472441,1.0
SZT2,0.26616820259301655,0.5118110236220472,1.0
PTPRF,0.8413382642060925,0.25984251968503935,1.0
KDM4A,-0.7067483272642385,0.6062992125984252,1.0
ST3GAL3,-0.641664026400661,0.4566929133858268,1.0
IPO13,-0.26143518351038475,0.6377952755905512,1.0
DPH2,-1.0332611926506916,0.31496062992125984,1.0
ATP6V0B,0.4368216532369482,0.3858267716535433,1.0
B4GALT2,0.0878151129561493,0.905511811023622,1.0
AL356653.1,-0.92224370206059,0.2755905511811024,1.0
DMAP1,-0.6825055430856923,0.6535433070866141,1.0
ERI3,0.523608775600231,0.7165354330708661,1.0
RNF220,-0.18382249843929444,0.5905511811023622,1.0
TMEM53,-0.48375080504890833,0.44881889763779526,1.0
C1orf228,0.25192321956978114,0.7637795275590551,1.0
RPS8,0.04137035692599511,0.6456692913385826,1.0
RPS15AP11,-0.31697859132938255,0.07874015748031496,1.0
PLK3,-0.5397080082934052,0.48031496062992124,1.0
EIF2B3,0.24831451116556025,0.5118110236220472,1.0
HECTD3,-0.72561550620956,0.984251968503937,1.0
UROD,-0.08501867910529892,0.889763779527559,1.0
ZSWIM5,-1.0620637024088282,0.2204724409448819,1.0
OSTCP5,-0.7888618530250682,0.44881889763779526,1.0
MUTYH,-0.5989858380200141,0.7086614173228346,1.0
TOE1,-0.4830661983218745,0.7007874015748031,1.0
TESK2,-0.11227855278861121,0.952755905511811,1.0
PRDX1,-0.1329391080731872,0.7795275590551181,1.0
AKR1A1,0.021324716677446176,0.9763779527559056,1.0
NASP,-0.5901228646727388,0.2440944881889764,1.0
GPBP1L1,0.630596315236267,0.36220472440944884,1.0
TMEM69,-0.8161587442915463,0.31496062992125984,1.0
IPP,-0.9360237547527936,0.4881889763779528,1.0
AL604028.1,-1.7103300832159472,0.047244094488188976,1.0
MAST2,-0.7419305986779279,0.4015748031496063,1.0
PIK3R3,-0.4881616966771509,0.13385826771653545,1.0
POMGNT1,-0.6206085398393433,0.6614173228346457,1.0
LRRC41,-0.4315162844004723,0.14960629921259844,1.0
UQCRH,-0.03331154572903916,0.9212598425196851,1.0
NSUN4,-0.6306343595235813,0.09448818897637795,1.0
MKNK1,-0.050982263003186645,0.8582677165354331,1.0
MOB3C,0.20281121683817016,0.8110236220472441,1.0
ATPAF1,0.07832183506864787,0.8346456692913385,1.0
EFCAB14,-0.31151330653452813,0.11811023622047244,1.0
STIL,-0.08250107958749497,0.8582677165354331,1.0
CMPK1,-0.2697612430605094,0.33858267716535434,1.0
FOXD2-AS1,-0.5079515331672955,0.6850393700787402,1.0
FOXD2,0.23539491722722383,0.8582677165354331,1.0
SPATA6,-0.27074022297950284,0.7637795275590551,1.0
FAF1,0.1465627359771835,0.9448818897637795,1.0
CDKN2C,-0.3088171730818914,0.7637795275590551,1.0
RNF11,-0.33694356426287975,0.25984251968503935,1.0
EPS15,0.09892653812862218,0.7322834645669292,1.0
OSBPL9,0.45402269351822344,0.49606299212598426,1.0
NRDC,0.1635028601185624,0.36220472440944884,1.0
TXNDC12,0.055503744829140444,0.7716535433070866,1.0
KTI12,-1.1709917667888965,0.10236220472440945,1.0
BTF3L4,0.25908188451164804,0.5196850393700787,1.0
ZFYVE9,-0.30508849147958905,0.7874015748031497,1.0
CC2D1B,-0.14264058717280204,0.7007874015748031,1.0
PRPF38A,-0.2893518131631305,0.05511811023622047,1.0
ZCCHC11,0.11724141087881268,0.7086614173228346,1.0
GPX7,0.005179366449726164,0.984251968503937,1.0
FAM159A,-0.75771884032575,0.6614173228346457,1.0
COA7,-0.09496152877617425,0.9291338582677166,1.0
ZYG11B,-1.2441203578149782,0.031496062992125984,1.0
RPS13P2,-0.11033669564996007,0.6377952755905512,1.0
ECHDC2,2.2155656856399117,0.023622047244094488,1.0
SCP2,0.39013934434450714,0.4409448818897638,1.0
SLC1A7,1.3985444990158833,0.11811023622047244,1.0
CPT2,-1.7767915958753275,0.031496062992125984,1.0
C1orf123,0.2535876452363848,0.6220472440944882,1.0
MAGOH,-0.26088933439308093,0.4251968503937008,1.0
LRP8,-0.15491564287031245,0.7952755905511811,1.0
NDC1,-0.044882276775477514,0.9448818897637795,1.0
YIPF1,1.0413064227952162,0.015748031496062992,1.0
HSPB11,0.40066970743762287,0.41732283464566927,1.0
LRRC42,0.06545007721621499,0.937007874015748,1.0
HNRNPA3P12,-0.8428936148014761,0.36220472440944884,1.0
TMEM59,-0.04155284247176283,0.8503937007874016,1.0
TCEANC2,-0.5215143804123823,0.07874015748031496,1.0
CYB5RL,0.37462992874509604,0.7165354330708661,1.0
MRPL37,0.6408786527542674,0.1889763779527559,1.0
SSBP3,-0.2905931587767441,0.5354330708661418,1.0
TTC22,-1.0543844576625974,0.14960629921259844,1.0
LEXM,0.7133887926410758,0.5905511811023622,1.0
DHCR24,0.07824832703003937,0.8818897637795275,1.0
USP24,0.03278091259347704,0.9133858267716536,1.0
RPS26P15,0.15460948228254523,0.905511811023622,1.0
OMA1,0.45117861406594084,0.5196850393700787,1.0
TACSTD2,0.9300391841740483,0.4330708661417323,1.0
MYSM1,-0.2858624799430416,0.30708661417322836,1.0
JUN,0.08428046321908766,0.8818897637795275,1.0
HOOK1,-0.717198424929665,0.5748031496062992,1.0
NFIA,0.010573491612998254,0.984251968503937,1.0
TM2D1,-0.44302976516308235,0.41732283464566927,1.0
PATJ,0.42197411105882754,0.4645669291338583,1.0
USP1,-0.45143868966025913,0.1889763779527559,1.0
DOCK7,0.7201118928653818,0.5748031496062992,1.0
ATG4C,-0.07309597346765617,0.889763779527559,1.0
ALG6,-0.5330021461720431,0.5590551181102362,1.0
ITGB3BP,-0.1617869129085472,0.7874015748031497,1.0
EFCAB7,-0.8649915106009488,0.2677165354330709,1.0
PGM1,-0.318537901817181,0.7007874015748031,1.0
RAVER2,-0.09349431692374421,1.0,1.0
JAK1,-0.3178587253254097,0.10236220472440945,1.0
LEPROT,0.06140011104640042,0.8582677165354331,1.0
LEPR,-0.4104653803011238,0.6535433070866141,1.0
PDE4B,0.18057456057453702,0.6299212598425197,1.0
MIER1,0.03454980030979371,0.905511811023622,1.0
SLC35D1,-1.3378576068971388,0.03937007874015748,1.0
IL23R,-0.04478089381378547,1.0,1.0
IL12RB2,-0.3164263083109615,0.6299212598425197,1.0
SERBP1,-0.2333030304998367,0.28346456692913385,1.0
GADD45A,0.17225052566373567,0.8740157480314961,1.0
GNG12,0.528256872464814,0.6141732283464567,1.0
LRRC40,-0.962130321747753,0.4251968503937008,1.0
SRSF11,-0.30438562374720846,0.14960629921259844,1.0
ANKRD13C,-0.11523364072136477,0.7401574803149606,1.0
HHLA3,0.45035622434994504,0.49606299212598426,1.0
CTH,-0.30859442849463314,0.7559055118110236,1.0
ZRANB2,0.12334775802372988,0.6929133858267716,1.0
NEGR1,0.10147683486607306,0.889763779527559,1.0
LRRIQ3,0.07516324968105148,0.952755905511811,1.0
FPGT,-0.8441942958106621,0.4015748031496063,1.0
CRYZ,-0.06231586836632541,0.9212598425196851,1.0
TYW3,0.2911578315077401,0.5433070866141733,1.0
ACADM,-0.11273440782991528,0.7637795275590551,1.0
RABGGTB,-0.0732942936962635,0.7244094488188977,1.0
PIGK,0.043112581969680264,0.9212598425196851,1.0
AC113935.1,-0.8060940997358923,0.6771653543307087,1.0
AK5,-0.014588281145228699,1.0,1.0
ZZZ3,-0.39808504992865146,0.5275590551181102,1.0
USP33,0.10871374557734992,0.7086614173228346,1.0
MIGA1,0.053772471461662974,0.8818897637795275,1.0
AC138392.1,-1.266063027243331,0.2204724409448819,1.0
NSRP1P1,-0.10454864148870091,0.9212598425196851,1.0
NEXN,-0.9671122624361835,0.2283464566929134,1.0
FUBP1,-0.09849669035803288,0.7716535433070866,1.0
DNAJB4,-1.0227915672930656,0.1968503937007874,1.0
AC103591.3,0.29609004303611464,0.6771653543307087,1.0
AC103591.1,-0.674708683775276,0.4330708661417323,1.0
IFI44L,-0.686736208930582,0.6220472440944882,1.0
IFI44,-0.6057327986306449,0.4094488188976378,1.0
AC104837.1,0.2866316505047135,0.8110236220472441,1.0
PRKACB,-0.15621152600216526,0.25196850393700787,1.0
AL450063.1,0.10168629678918562,0.952755905511811,1.0
RPF1,0.14229729826723325,0.44881889763779526,1.0
GNG5,0.05825067408156315,0.8740157480314961,1.0
CTBS,-0.06417848838644469,0.937007874015748,1.0
SSX2IP,-0.1329528011949499,0.7559055118110236,1.0
MCOLN2,1.072292225159189,0.03937007874015748,1.0
WDR63,0.3571782623972455,0.7165354330708661,1.0
SYDE2,-1.0643362340006526,0.2992125984251969,1.0
C1orf52,-0.34117891151015733,0.2440944881889764,1.0
BCL10,-0.16801643389682486,0.4330708661417323,1.0
CYR61,-0.2861727790989772,0.6535433070866141,1.0
ZNHIT6,0.2292402787547987,0.7086614173228346,1.0
ODF2L,-0.34935866995362375,0.25196850393700787,1.0
AL049597.2,-0.1637614423765701,0.8582677165354331,1.0
SH3GLB1,0.15997199415200658,0.6535433070866141,1.0
SELENOF,-0.15108688076515886,0.6062992125984252,1.0
HS2ST1,-0.17929318107263814,0.5826771653543307,1.0
LMO4,0.012256775937941278,0.984251968503937,1.0
PKN2,0.04761572687881532,0.9212598425196851,1.0
ELOCP19,0.040222259388547066,1.0,1.0
GTF2B,-0.4424858342151028,0.28346456692913385,1.0
KYAT3,0.3235216603853006,0.7244094488188977,1.0
RBMXL1,0.8740699794995406,0.2677165354330709,1.0
GBP3,0.11225748550390602,0.7322834645669292,1.0
GBP1,0.5644324661395625,0.5354330708661418,1.0
PTGES3P1,-0.3312301618362543,0.3543307086614173,1.0
GBP2,0.4923824802482848,0.25984251968503935,1.0
GBP4,-0.21757332853483735,0.5984251968503937,1.0
AC099063.4,-1.0242691213829092,0.41732283464566927,1.0
GBP5,-0.2509106736733244,0.6220472440944882,1.0
LRRC8B,0.6941873921042419,0.23622047244094488,1.0
LRRC8C-DT,-0.3940401189140108,0.7165354330708661,1.0
LRRC8C,0.19794867997073595,0.36220472440944884,1.0
LRRC8D,0.0693127206686861,0.952755905511811,1.0
ZNF326,0.09212086082567517,0.7795275590551181,1.0
ZNF644,0.13013979574182066,0.6850393700787402,1.0
RPL5P6,-0.013178046103705432,0.968503937007874,1.0
CDC7,0.3438981452815013,0.6692913385826772,1.0
HSP90B3P,-0.7996986783851185,0.06299212598425197,1.0
TGFBR3,-0.5473052589564897,0.2125984251968504,1.0
EPHX4,0.3524780693594054,0.7165354330708661,1.0
GLMN,-0.9690393013041736,0.3464566929133858,1.0
RPAP2,0.25135952078182733,0.33858267716535434,1.0
GFI1,-0.4502173952070194,0.6299212598425197,1.0
RPL5,-0.18447834775441052,0.2440944881889764,1.0
FAM69A,-0.7270964853845499,0.12598425196850394,1.0
MTF2,-0.2270296848318516,0.5984251968503937,1.0
TMED5,-0.19897023446274265,0.6220472440944882,1.0
CCDC18,-0.9394929623242132,0.5984251968503937,1.0
CCDC18-AS1,-0.5253057253568265,0.4645669291338583,1.0
DR1,-0.1282498269340202,0.3543307086614173,1.0
BCAR3,0.3794055783649448,0.7637795275590551,1.0
DNTTIP2,-0.36069208466657354,0.25984251968503935,1.0
GCLM,-0.4836026043266033,0.25196850393700787,1.0
ABCD3,-0.6442078960279369,0.2440944881889764,1.0
CNN3,-0.4827364102670937,0.7165354330708661,1.0
ALG14,0.021326482729707052,1.0,1.0
RPL7P9,-0.22069175699198684,0.5748031496062992,1.0
PTBP2,-1.633891779657382,0.09448818897637795,1.0
DPYD,-0.1594096967822045,0.7401574803149606,1.0
SEC63P1,-0.21116229419774601,0.5905511811023622,1.0
AL445433.1,-0.14797833266045313,0.6850393700787402,1.0
AGL,0.1394721841600708,0.6614173228346457,1.0
SLC35A3,-0.03812744060093731,0.8976377952755905,1.0
SASS6,0.8783412251548603,0.5511811023622047,1.0
TRMT13,0.22407410431729247,0.6692913385826772,1.0
DBT,-0.4592299972299987,0.4251968503937008,1.0
RTCA,-0.10078307479006554,0.7795275590551181,1.0
CDC14A,0.5881016433155413,0.15748031496062992,1.0
BCAS2P2,-1.6048928054657494,0.023622047244094488,1.0
VCAM1,2.2846936005336276,0.11023622047244094,1.0
EXTL2,-1.988564263704393,0.07874015748031496,1.0
SLC30A7,0.12902432433300337,0.3937007874015748,1.0
DPH5,-0.47897097680613854,0.6141732283464567,1.0
AC093157.1,0.31593595273161723,0.7480314960629921,1.0
S1PR1,-0.6872983634243406,0.25984251968503935,1.0
AL109741.3,0.37037524330315286,0.6929133858267716,1.0
AL109741.2,-1.2259477810471013,0.25196850393700787,1.0
RPSAP19,-0.36753758475364307,0.7007874015748031,1.0
RNPC3,-0.054898502995264664,0.8503937007874016,1.0
AMY2B,-0.7517044188855948,0.4015748031496063,1.0
AL512844.2,-0.0069899713388204,1.0,1.0
AL512844.1,-0.9881828254870864,0.2440944881889764,1.0
PRMT6,0.2765448304864968,0.6614173228346457,1.0
AC114491.1,0.22213999472712853,0.2204724409448819,1.0
VAV3,-0.264080128939586,0.4330708661417323,1.0
SLC25A24,-0.24170485611962977,0.5196850393700787,1.0
FAM102B,0.5097600073712858,0.12598425196850394,1.0
HENMT1,0.4422494846590288,0.7637795275590551,1.0
PRPF38B,-0.21689733871531836,0.4645669291338583,1.0
STXBP3,-0.09371389384388085,0.6692913385826772,1.0
GPSM2,-0.0559425186921052,1.0,1.0
CLCC1,-0.5947139607396799,0.5118110236220472,1.0
WDR47,-1.649627520709119,0.1732283464566929,1.0
BX679664.3,-0.8979069244233746,0.5511811023622047,1.0
TAF13,0.3398954969754202,0.3779527559055118,1.0
TMEM167B,-0.16895750825435218,0.7165354330708661,1.0
KIAA1324,-0.847521886445211,0.4409448818897638,1.0
SARS,-0.3526320234332143,0.2283464566929134,1.0
CELSR2,0.09052890038732153,1.0,1.0
SORT1,-0.013920514535328277,1.0,1.0
PSMA5,-0.2075169222365476,0.6535433070866141,1.0
ATXN7L2,0.36349922682779745,0.7401574803149606,1.0
CYB561D1,0.5086546917679318,0.29133858267716534,1.0
AMIGO1,-1.784587368089028,0.08661417322834646,1.0
GNAI3,-0.11161154023580355,0.49606299212598426,1.0
AMPD2,0.2505224100375112,0.889763779527559,1.0
GSTM4,-1.900743669525566,0.07086614173228346,1.0
GSTM2,-0.6137652881313449,0.6850393700787402,1.0
GSTM3,-0.7176786205849451,0.3700787401574803,1.0
CSF1,0.5055198101469198,0.6929133858267716,1.0
AHCYL1,-0.03405920825631359,0.8818897637795275,1.0
STRIP1,-0.10624013844037705,0.8582677165354331,1.0
KCNC4,0.2758898009553916,0.8110236220472441,1.0
RBM15,-0.36055209909667774,0.5590551181102362,1.0
LAMTOR5,0.12692283615232824,0.5984251968503937,1.0
AL365361.1,0.14846384085097153,0.7244094488188977,1.0
KCNA3,0.06942296012948201,0.9448818897637795,1.0
CD53,-0.07564480538004581,0.6692913385826772,1.0
AL360270.2,0.8691545519918757,0.28346456692913385,1.0
LRIF1,-0.1358800110942342,0.6771653543307087,1.0
DRAM2,-0.06929234036024479,0.8740157480314961,1.0
CEPT1,-0.06751657320336868,0.8346456692913385,1.0
DENND2D,-0.3620465153912402,0.2204724409448819,1.0
CHI3L2,-0.3789258945528373,0.6929133858267716,1.0
WDR77,-0.14928128320744083,0.8267716535433071,1.0
ATP5F1,-0.024771254034139822,0.9291338582677166,1.0
C1orf162,-0.575468222498567,0.18110236220472442,1.0
RAP1A,-0.009482707361986087,0.984251968503937,1.0
DDX20,1.1764929305031133,0.3464566929133858,1.0
ST7L,-0.3097856671868491,0.7480314960629921,1.0
CAPZA1,0.03285244805771903,0.8818897637795275,1.0
MOV10,0.8521955280083584,0.28346456692913385,1.0
RHOC,0.026577758547248642,0.9763779527559056,1.0
SLC16A1,-0.8540808076755102,0.2755905511811024,1.0
SLC16A1-AS1,-0.4201496737973387,0.7637795275590551,1.0
LRIG2,-0.5658150777244879,0.7716535433070866,1.0
AL391058.1,-1.3228778615360595,0.2755905511811024,1.0
PHTF1,0.14437169615551237,0.7244094488188977,1.0
RSBN1,-0.1961350194390814,0.2677165354330709,1.0
PTPN22,0.4517569550913123,0.047244094488188976,1.0
AP4B1-AS1,0.35375297487563706,0.7637795275590551,1.0
AP4B1,-0.060764769583212086,0.9291338582677166,1.0
DCLRE1B,0.5972558122500051,0.5354330708661418,1.0
HIPK1-AS1,1.0074565854825468,0.4015748031496063,1.0
HIPK1,0.01463843448147184,0.9133858267716536,1.0
TRIM33,0.02565256358004042,0.8503937007874016,1.0
BCAS2,-0.16299385408085243,0.6220472440944882,1.0
NRAS,0.37273232824131064,0.6614173228346457,1.0
CSDE1,0.07475946029074798,0.4645669291338583,1.0
SIKE1,-0.11257969182333838,0.6220472440944882,1.0
TSPAN2,0.06458713433598184,0.9763779527559056,1.0
VANGL1,0.5131398176459054,0.7716535433070866,1.0
SLC22A15,0.11393993840221905,0.8976377952755905,1.0
U3,-0.7060680885656723,0.5433070866141733,1.0
ATP1A1,-0.3506736537674051,0.11023622047244094,1.0
CD58,0.16228922150459013,0.6771653543307087,1.0
NAP1L4P1,0.3212996421787824,0.8188976377952756,1.0
CD2,0.6996704359282901,0.03937007874015748,1.0
FTH1P22,0.9824383087934354,0.16535433070866143,1.0
CD101,1.2565203378307226,0.3228346456692913,1.0
TTF2,-0.3477674462038878,0.8740157480314961,1.0
MAN1A2,0.1477816785282613,0.6141732283464567,1.0
FAM46C,0.4522082981053206,0.11811023622047244,1.0
PNRC2P1,0.4117612949310083,0.48031496062992124,1.0
GDAP2,0.2510501306343489,0.6456692913385826,1.0
WDR3,0.5439463174268777,0.48031496062992124,1.0
WARS2,0.06743986246932687,0.8976377952755905,1.0
AL359915.2,-1.2336960185014882,0.2125984251968504,1.0
NOTCH2,-0.20879276225286425,0.6929133858267716,1.0
SEC22B,0.3609034150733459,0.06299212598425197,1.0
AC244669.1,-0.0457007576654096,0.968503937007874,1.0
U1,0.2595071157554676,0.6692913385826772,1.0
NBPF8,-0.23435223467582067,0.8346456692913385,1.0
AC241952.1,0.7941579568228283,0.28346456692913385,1.0
NBPF26,-1.411737807544267,0.14960629921259844,1.0
RNVU1-19,-0.07882664509779458,0.9606299212598425,1.0
LINC00623,0.2763279680767816,0.6929133858267716,1.0
SRGAP2C,-0.025820879667671992,1.0,1.0
EMBP1,0.598106068405909,0.31496062992125984,1.0
RNVU1-15,0.05183727518720316,0.952755905511811,1.0
NBPF15,0.8481833714329134,0.3464566929133858,1.0
SRGAP2B,0.9212927406522426,0.2440944881889764,1.0
AC245014.3,-0.3524916325412746,0.5826771653543307,1.0
NBPF20,0.40396541874319913,0.6850393700787402,1.0
GPR89A,-0.7118807583381583,0.5039370078740157,1.0
PDZK1,-0.624357240634577,0.49606299212598426,1.0
CD160,-0.7210496883815285,0.2283464566929134,1.0
RNF115,0.059109375104946515,0.8188976377952756,1.0
POLR3C,-0.1752376117006067,0.8582677165354331,1.0
PIAS3,-0.3504553513846731,0.6771653543307087,1.0
ANKRD35,1.0373323253681206,0.4015748031496063,1.0
ITGA10,-0.21349977150230948,0.8267716535433071,1.0
PEX11B,-0.06476052546017197,0.8818897637795275,1.0
RBM8A,0.3185354086224077,0.07086614173228346,1.0
GNRHR2,0.83598091862752,0.4015748031496063,1.0
LIX1L,0.5892157431468483,0.11023622047244094,1.0
ANKRD34A,-0.42099985438410337,0.6850393700787402,1.0
POLR3GL,0.15026451647802297,0.8188976377952756,1.0
TXNIP,-0.8998323053120032,0.29133858267716534,1.0
RNVU1-6,-0.786616039506796,0.3858267716535433,1.0
NBPF12,0.09512412286256566,0.6456692913385826,1.0
AC241584.1,-1.3144182890914176,0.2755905511811024,1.0
PRKAB2,-1.1178985619196107,0.31496062992125984,1.0
FMO5,-0.07369635344537206,0.9291338582677166,1.0
PDIA3P1,-0.1077563716726182,0.6456692913385826,1.0
CCT8P1,0.2392582983121967,0.8818897637795275,1.0
CHD1L,-0.0275002657121588,0.9763779527559056,1.0
BCL9,-0.07257927876039094,0.984251968503937,1.0
ACP6,0.23068086390697662,0.7007874015748031,1.0
GPR89B,-0.16099074999570107,0.5748031496062992,1.0
RNVU1-7,-1.2984200761470377,0.18110236220472442,1.0
NBPF11,-0.5571222738509065,0.7874015748031497,1.0
LINC01138,0.39198964510876566,0.7086614173228346,1.0
AC245100.4,-0.30792869781954124,0.7322834645669292,1.0
AC245100.8,1.5367926355273733,0.1732283464566929,1.0
NBPF14,-1.4169161997919255,0.047244094488188976,1.0
PDE4DIP,-0.17409524149038003,0.6771653543307087,1.0
AC245297.3,-1.0299293322487362,0.08661417322834646,1.0
NBPF19,-0.6018324346770982,0.8110236220472441,1.0
LINC00869,0.10576679710108827,0.7244094488188977,1.0
AC242842.1,-0.9461679563463503,0.30708661417322836,1.0
AC239868.2,-0.1763791081503956,0.8346456692913385,1.0
HIST2H2BE,-0.9046297922734974,0.28346456692913385,1.0
BOLA1,0.7472321993914033,0.41732283464566927,1.0
SV2A,-0.5873215173562929,0.6535433070866141,1.0
SF3B4,-0.26053262924963505,0.5669291338582677,1.0
OTUD7B,-0.20913118758002458,0.5433070866141733,1.0
VPS45,0.6552328240584515,0.16535433070866143,1.0
PLEKHO1,0.2666800393071238,0.7716535433070866,1.0
ANP32E,-0.29804026211950063,0.33070866141732286,1.0
APH1A,0.16170473916161754,0.6377952755905512,1.0
C1orf54,1.4624856204102383,0.14960629921259844,1.0
MRPS21,0.5973700561335766,0.14173228346456693,1.0
PRPF3,-0.17991496073893565,0.6299212598425197,1.0
RPRD2,0.026480387058590793,0.9291338582677166,1.0
TARS2,-0.5399012576515316,0.18110236220472442,1.0
ECM1,1.474055059481264,0.2125984251968504,1.0
MCL1,0.5141903063177757,0.13385826771653545,1.0
ENSA,0.09957687593477704,0.7795275590551181,1.0
GOLPH3L,0.283867909759953,0.5826771653543307,1.0
CTSS,-0.14329008468028537,0.5748031496062992,1.0
CTSK,-0.33142086246832747,0.5826771653543307,1.0
ARNT,-0.1686846702044864,0.7952755905511811,1.0
SETDB1,-0.6656887495935337,0.6377952755905512,1.0
CERS2,-1.1738165229275261,0.13385826771653545,1.0
MINDY1,1.0257917468459032,0.33858267716535434,1.0
PRUNE1,-0.4425707127164209,0.6377952755905512,1.0
C1orf56,0.14933099112175618,0.9291338582677166,1.0
CDC42SE1,-0.07877659003706139,0.8110236220472441,1.0
MLLT11,-0.38388903606562685,0.07086614173228346,1.0
GABPB2,0.08832137050795197,0.9133858267716536,1.0
TNFAIP8L2,0.0550797514705077,0.984251968503937,1.0
SCNM1,-0.26156751906655273,0.6614173228346457,1.0
LYSMD1,1.047828335986135,0.3464566929133858,1.0
VPS72,0.1627556433464914,0.6771653543307087,1.0
PIP5K1A,0.002262536387374503,1.0,1.0
PSMD4,0.3039404787547202,0.33858267716535434,1.0
ZNF687,-0.685814880414767,0.4645669291338583,1.0
PI4KB,-0.6163742596655912,0.6141732283464567,1.0
RFX5,-1.020760655948505,0.07086614173228346,1.0
PSMB4,0.2686495798155901,0.2992125984251969,1.0
POGZ,-0.28205473983239404,0.3779527559055118,1.0
TUFT1,-1.6473263082912308,0.07874015748031496,1.0
SNX27,-0.293621285779162,0.5748031496062992,1.0
MRPL9,-0.03775434275121459,0.9606299212598425,1.0
TDRKH,0.2975637410698453,0.7007874015748031,1.0
RORC,-1.4431880185681474,0.33070866141732286,1.0
THEM4,-0.05446556728807739,0.9212598425196851,1.0
S100A10,0.4560918900746227,0.2204724409448819,1.0
S100A11,0.5132621082149074,0.3858267716535433,1.0
HMGN3P1,-0.19285229666817738,0.7874015748031497,1.0
SPRR3,2.68225547900957,0.023622047244094488,1.0
SPRR1B,0.34772149162456145,0.7795275590551181,1.0
SPRR2D,0.013108328712423845,1.0,1.0
SPRR2A,2.152400507342912,0.047244094488188976,1.0
SPRR2E,1.225340306193514,0.33070866141732286,1.0
SPRR2F,0.14489063671786795,0.9212598425196851,1.0
S100A9,0.35543515532907266,0.84251968503937,1.0
S100A12,-0.4234788489506046,0.7637795275590551,1.0
S100A8,0.5240837965210474,0.5748031496062992,1.0
S100A7,2.6970684252178407,0.015748031496062992,1.0
S100A6,0.42421115217405436,0.3858267716535433,1.0
S100A4,0.09539472907155044,0.84251968503937,1.0
S100A2,2.5861625597715756,0.05511811023622047,1.0
S100A13,-0.010766299638126142,1.0,1.0
CHTOP,-0.3233278501194299,0.09448818897637795,1.0
SNAPIN,0.9631376750701568,0.11023622047244094,1.0
ILF2,-0.07155606861290842,0.6614173228346457,1.0
INTS3,-0.18594054302575436,0.8818897637795275,1.0
SLC27A3,-1.3393717687490527,0.11023622047244094,1.0
GATAD2B,-0.016937503568046353,0.8503937007874016,1.0
DENND4B,0.1761887086993541,0.6141732283464567,1.0
CRTC2,-0.9010745040301642,0.6771653543307087,1.0
SLC39A1,-0.34029683426494284,0.33858267716535434,1.0
CREB3L4,-1.3346799624930703,0.08661417322834646,1.0
JTB,-0.031144063206805406,0.7480314960629921,1.0
RAB13,2.4216723807014917,0.05511811023622047,1.0
RPS27,0.06385872978644258,0.6771653543307087,1.0
AL358472.1,-0.5018621326123238,0.16535433070866143,1.0
TPM3,-0.1175405469041717,0.7322834645669292,1.0
C1orf43,-0.08749441794403534,0.8031496062992126,1.0
UBAP2L,-0.39773291960148605,0.7086614173228346,1.0
HAX1,0.22195726659110893,0.4330708661417323,1.0
ATP8B2,0.1905667270333522,0.7559055118110236,1.0
IL6R,0.6583249732373724,0.5354330708661418,1.0
UBE2Q1,0.06394121756258908,0.7401574803149606,1.0
ADAR,-0.16067532072196933,0.6062992125984252,1.0
PMVK,0.03971898188309542,0.952755905511811,1.0
PBXIP1,0.27130226956553205,0.5905511811023622,1.0
PYGO2,0.5745780252468027,0.09448818897637795,1.0
SHC1,-0.5938489666243245,0.6535433070866141,1.0
CKS1B,0.9424822750759896,0.3858267716535433,1.0
FLAD1,-0.1346775303288985,0.9133858267716536,1.0
ZBTB7B,0.33247597883234103,0.5433070866141733,1.0
ADAM15,0.3231034234887571,0.84251968503937,1.0
EFNA4,0.8264430577018989,0.2204724409448819,1.0
EFNA3,0.9245342476985736,0.2283464566929134,1.0
EFNA1,0.09109438384412294,0.8582677165354331,1.0
SLC50A1,-0.0769226787222923,0.7952755905511811,1.0
DPM3,0.07762121768351937,0.9763779527559056,1.0
KRTCAP2,1.9575141435138874,0.05511811023622047,1.0
TRIM46,1.4159988499985132,0.11023622047244094,1.0
GBA,-0.4150132437444687,0.5590551181102362,1.0
FAM189B,-1.0399478790283796,0.3937007874015748,1.0
SCAMP3,0.14012882989984288,0.5433070866141733,1.0
CLK2,-0.19584022623921538,0.5905511811023622,1.0
FDPS,-0.49946232590024664,0.29133858267716534,1.0
RUSC1-AS1,-0.7163569709922648,0.5039370078740157,1.0
RUSC1,0.028288695737915148,0.9291338582677166,1.0
ASH1L,-0.2503877162087669,0.10236220472440945,1.0
ASH1L-AS1,1.1721090708646233,0.15748031496062992,1.0
MSTO1,1.2371129209816054,0.1968503937007874,1.0
YY1AP1,-1.8225661423767754,0.023622047244094488,1.0
DAP3,0.2223070643165359,0.6299212598425197,1.0
GON4L,-0.3982471382488484,0.4645669291338583,1.0
SYT11,0.7042301292318314,0.11023622047244094,1.0
RIT1,-0.19615478639374295,0.6456692913385826,1.0
KHDC4,-0.19426819928732186,0.7322834645669292,1.0
ARHGEF2,0.010522303227045171,0.9291338582677166,1.0
SSR2,0.2423544487001177,0.4409448818897638,1.0
UBQLN4,0.11233405018900333,0.6299212598425197,1.0
LAMTOR2,-0.0546260356435635,0.8661417322834646,1.0
LMNA,1.3956906345100863,0.33070866141732286,1.0
SEMA4A,-0.41339807143151885,0.7165354330708661,1.0
SLC25A44,0.1325828488025933,0.9448818897637795,1.0
PMF1,0.26460391461575217,0.4645669291338583,1.0
PAQR6,0.2493470987538855,0.8582677165354331,1.0
SMG5,0.09189611111286888,0.968503937007874,1.0
TMEM79,0.8243225907126663,0.30708661417322836,1.0
GLMP,-0.9154857021692382,0.4015748031496063,1.0
CCT3,-0.3459823968013742,0.2677165354330709,1.0
C1orf61,-0.14015055469758764,0.8267716535433071,1.0
MEF2D,-0.11896268399586596,0.6929133858267716,1.0
TTC24,0.42057430968311227,0.6377952755905512,1.0
NAXE,0.5430125850767515,0.11811023622047244,1.0
GPATCH4,-1.0044647578633787,0.25984251968503935,1.0
CRABP2,-0.07166839807311065,1.0,1.0
ISG20L2,-0.1749904929733983,0.5905511811023622,1.0
RRNAD1,-1.6250883721289464,0.15748031496062992,1.0
MRPL24,-0.4091841050938525,0.18110236220472442,1.0
HDGF,0.1896003013565819,0.11023622047244094,1.0
PRCC,0.058327318266433004,0.889763779527559,1.0
SH2D2A,0.18030777502328021,0.4881889763779528,1.0
AL157713.1,0.7680822723882459,0.3858267716535433,1.0
ETV3,-0.3651174482427857,0.4251968503937008,1.0
FCRL5,0.8790000559153706,0.5748031496062992,1.0
FCRL3,-0.5729940223812227,0.12598425196850394,1.0
MNDA,0.8354596927943096,0.5826771653543307,1.0
PYHIN1,0.03644877462418883,0.9291338582677166,1.0
IFI16,-0.09741119553035915,0.7480314960629921,1.0
AIM2,1.5664786519018121,0.1732283464566929,1.0
ACKR1,2.5535259983815037,0.1732283464566929,1.0
DUSP23,0.19912530809069473,0.6377952755905512,1.0
FCRL6,0.022241138748062994,0.9606299212598425,1.0
SLAMF8,-0.3077365195401782,0.7559055118110236,1.0
TAGLN2,0.07214029041862524,0.8110236220472441,1.0
AL513302.2,-0.9350421514847668,0.33858267716535434,1.0
PIGM,-0.2025320330865128,0.6614173228346457,1.0
IGSF8,0.3049915520118196,0.5748031496062992,1.0
PEA15,0.18854641438091857,0.14960629921259844,1.0
DCAF8,0.17380186480277615,0.4409448818897638,1.0
PEX19,-0.8312532171511666,0.023622047244094488,1.0
COPA,0.21840939570426787,0.5748031496062992,1.0
SUMO1P3,-0.20725992230290258,0.7637795275590551,1.0
NCSTN,0.44197306604629816,0.5590551181102362,1.0
SLAMF6,-0.04045696025051626,0.9133858267716536,1.0
CD84,0.5511784508690516,0.33070866141732286,1.0
SLAMF1,0.5078504190564157,0.4645669291338583,1.0
CD48,-0.27083480869336984,0.36220472440944884,1.0
SLAMF7,0.11576713029499075,0.6062992125984252,1.0
LY9,0.6515200957478617,0.1968503937007874,1.0
CD244,-0.46876465430740666,0.5669291338582677,1.0
AL354714.2,-0.18965144225812525,0.84251968503937,1.0
F11R,0.4272774597357092,0.047244094488188976,1.0
TSTD1,0.18801461349881166,0.6456692913385826,1.0
USF1,-0.026243456447604174,0.984251968503937,1.0
ARHGAP30,-0.13796959397623976,0.4645669291338583,1.0
PFDN2,-1.0248860159538147,0.7795275590551181,1.0
NIT1,-1.2980703927225001,0.18110236220472442,1.0
DEDD,0.041215879351465645,0.9291338582677166,1.0
UFC1,-0.37103414640046495,0.28346456692913385,1.0
USP21,-0.874374214559448,0.5118110236220472,1.0
PPOX,-1.155605434535076,0.2125984251968504,1.0
B4GALT3,-0.5156258403809204,0.33070866141732286,1.0
NDUFS2,0.16801310459360064,0.7165354330708661,1.0
FCER1G,-0.10441006563947397,0.8661417322834646,1.0
SDHC,0.4855622356950917,0.33858267716535434,1.0
FCGR2A,-0.8039207001700722,0.4015748031496063,1.0
HSPA6,-0.8681864537365747,0.5984251968503937,1.0
FCGR3A,0.12155930030376538,0.889763779527559,1.0
FCGR2C,0.2788359988801501,0.7874015748031497,1.0
FCGR3B,-0.5068270734861298,0.7165354330708661,1.0
FCGR2B,0.08468769713944235,0.952755905511811,1.0
FCRLB,-0.9158777567657006,0.44881889763779526,1.0
DUSP12,-0.29240020532711153,0.7480314960629921,1.0
ATF6,0.6437883315158501,0.03937007874015748,1.0
SH2D1B,-0.49718649429389483,0.2992125984251969,1.0
UHMK1,-0.2573959747606942,0.25984251968503935,1.0
UAP1,-0.7145320094982122,0.14960629921259844,1.0
AL596325.2,-0.05523626986070873,0.968503937007874,1.0
DDR2,-1.4115024543770827,0.09448818897637795,1.0
HSD17B7,0.12791580693081261,0.8503937007874016,1.0
RGS5,0.4328719037940916,0.6456692913385826,1.0
NUF2,0.16945368060484345,0.905511811023622,1.0
PBX1,-0.3035446849992858,0.7086614173228346,1.0
AL390119.1,-0.19243987162801623,0.8503937007874016,1.0
MGST3,0.08343082616263509,0.7559055118110236,1.0
ALDH9A1,-0.0808239557843411,0.7952755905511811,1.0
TMCO1,0.1895978398848408,0.6141732283464567,1.0
UCK2,1.0495832029920593,0.047244094488188976,1.0
AL596087.1,0.10106306307738766,0.889763779527559,1.0
POGK,0.33827172283113693,0.36220472440944884,1.0
TADA1,-0.7731339864896714,0.49606299212598426,1.0
ILDR2,1.6357879279461638,0.10236220472440945,1.0
GPA33,-0.25692717090193495,0.952755905511811,1.0
POU2F1,-0.21639008016226846,0.889763779527559,1.0
CD247,0.20152839696835478,0.7086614173228346,1.0
CREG1,0.028583125699471523,0.937007874015748,1.0
RCSD1,0.09171325753552129,0.7559055118110236,1.0
MPZL1,0.23610786818428275,0.84251968503937,1.0
MPC2,0.19985490753345392,0.3858267716535433,1.0
DCAF6,-0.059035313889847174,0.8346456692913385,1.0
TIPRL,0.27706292018850665,0.3543307086614173,1.0
RPL34P1,-1.173243218575121,0.28346456692913385,1.0
SFT2D2,0.1486219926088621,0.6929133858267716,1.0
TBX19,1.229516288694819,0.14960629921259844,1.0
XCL2,0.5078891342335741,0.3937007874015748,1.0
XCL1,1.1240577626859807,0.25984251968503935,1.0
ATP1B1,-0.5602466136616813,0.5275590551181102,1.0
NME7,0.9820379929341425,0.08661417322834646,1.0
BLZF1,0.23659382461379241,0.5039370078740157,1.0
SLC19A2,-2.0181736449887775,0.15748031496062992,1.0
SELL,-0.7941461319583869,0.14173228346456693,1.0
SELE,2.9248141892937536,0.06299212598425197,1.0
METTL18,-0.8528190917870049,0.5039370078740157,1.0
SCYL3,-0.6900011530697956,0.5511811023622047,1.0
KIFAP3,0.3741354176780449,0.5275590551181102,1.0
GORAB,0.7988658866581302,0.12598425196850394,1.0
FMO4,-0.03487796336705151,0.952755905511811,1.0
PRRC2C,-0.10054703936873466,0.16535433070866143,1.0
PFN1P1,-1.33134682001412,0.2125984251968504,1.0
VAMP4,-0.0010637630912970764,1.0,1.0
METTL13,0.1302123043057053,0.905511811023622,1.0
PIGC,0.5956911487238159,0.08661417322834646,1.0
SUCO,0.22235977813909535,0.2125984251968504,1.0
FASLG,0.8034162188682163,0.13385826771653545,1.0
TNFSF4,0.19201977076037924,0.9133858267716536,1.0
AL645568.1,-0.27270217733718494,0.8582677165354331,1.0
PRDX6,-0.12885877046013494,0.7637795275590551,1.0
KLHL20,-0.3819076569939224,0.5275590551181102,1.0
CENPL,-0.7307123972260818,0.49606299212598426,1.0
DARS2,-0.936970053541669,0.3543307086614173,1.0
GAS5,-0.2515169067513989,0.6299212598425197,1.0
ZBTB37,0.07404852553104124,0.7480314960629921,1.0
RC3H1,-0.03283803573657984,0.8267716535433071,1.0
RABGAP1L,-0.40573590982331087,0.11023622047244094,1.0
CACYBP,-0.2721029318338921,0.5826771653543307,1.0
MRPS14,0.26351240591608427,0.7165354330708661,1.0
KIAA0040,-0.4207935097391351,0.2440944881889764,1.0
RPS29P5,-0.9680318843847022,0.4881889763779528,1.0
RFWD2,0.3578312265514825,0.3937007874015748,1.0
RASAL2,1.0696476248305045,0.18110236220472442,1.0
AL365357.1,0.30334573903000095,0.6929133858267716,1.0
RALGPS2,0.4564605223153664,0.5118110236220472,1.0
PTPN2P1,-0.5725342085784497,0.5275590551181102,1.0
FAM20B,0.42541258228129486,0.7322834645669292,1.0
TOR3A,-0.47647106632934344,0.7716535433070866,1.0
ABL2,0.15332381713329024,0.7874015748031497,1.0
SOAT1,-0.015298259676463033,0.889763779527559,1.0
TOR1AIP2,-0.4216027757340264,0.7165354330708661,1.0
TOR1AIP1,0.029314821618319442,0.9212598425196851,1.0
AL353708.1,0.11034541106644125,0.84251968503937,1.0
CEP350,0.04471810068856197,0.8031496062992126,1.0
QSOX1,0.7248330782710362,0.031496062992125984,1.0
ACBD6,0.18515044114827006,0.8031496062992126,1.0
XPR1,-0.6397335331488971,0.7322834645669292,1.0
STX6,-1.1871494298665723,0.25196850393700787,1.0
MR1,0.6320315375435923,0.14960629921259844,1.0
IER5,-0.2962098556840438,0.33070866141732286,1.0
EIF1P3,-0.31027731048547214,0.2992125984251969,1.0
GLUL,0.01898220520503191,0.9763779527559056,1.0
RNASEL,0.006800368197364293,0.9921259842519685,1.0
RGS16,0.38320821922819803,0.5669291338582677,1.0
NPL,1.535089812272735,0.29133858267716534,1.0
DHX9,0.028093076157424512,0.9448818897637795,1.0
LAMC1,0.9610425768216109,0.3543307086614173,1.0
LAMC2,2.0709110914774187,0.05511811023622047,1.0
SMG7,0.025116945587954298,1.0,1.0
ARPC5,0.029356112719847616,0.9291338582677166,1.0
COLGALT2,0.8029976345743188,0.6535433070866141,1.0
TSEN15,0.14928366713041186,0.6929133858267716,1.0
C1orf21,-0.23869452561667792,0.8031496062992126,1.0
EDEM3,0.08358578717145981,0.84251968503937,1.0
FAM129A,0.7144926976287822,0.015748031496062992,1.0
RNF2,-0.030698521957110536,0.968503937007874,1.0
TRMT1L,-1.3690493931266081,0.10236220472440945,1.0
SWT1,-1.431514508262214,0.15748031496062992,1.0
RPL5P5,-0.3263043614233587,0.7165354330708661,1.0
IVNS1ABP,0.09073914549139683,0.8346456692913385,1.0
TPR,-0.18903745378090342,0.30708661417322836,1.0
C1orf27,-0.6320170794836368,0.2283464566929134,1.0
PTGS2,1.6226764368341886,0.33070866141732286,1.0
FDPSP1,0.6946557665369617,0.5275590551181102,1.0
AL513175.2,-1.5185465268944234,0.18110236220472442,1.0
RGS1,1.3097206565301764,0.047244094488188976,1.0
RGS13,0.8011160650999762,0.4330708661417323,1.0
AL136454.1,-0.5833243056363244,0.2047244094488189,1.0
RGS2,0.05873462386408157,0.7401574803149606,1.0
UCHL5,-0.15749093678342163,0.6614173228346457,1.0
TROVE2,0.08550761252218386,0.7401574803149606,1.0
AL136370.1,-0.6518716380039327,0.3779527559055118,1.0
GLRX2,-0.855571392660889,0.2440944881889764,1.0
CDC73,0.20119722612740798,0.30708661417322836,1.0
CFH,-0.5520801674076679,0.5590551181102362,1.0
ZBTB41,-0.8573544188470685,0.6692913385826772,1.0
DENND1B,-0.5384514578520845,0.2283464566929134,1.0
NEK7,-0.4192570274645151,0.14173228346456693,1.0
PTPRC,-0.10305174178447807,0.5748031496062992,1.0
PEBP1P3,-1.0436007215214125,0.4330708661417323,1.0
NR5A2,1.7952407094843574,0.08661417322834646,1.0
ZNF281,-0.3551544167124492,0.5433070866141733,1.0
DDX59,0.26557439099993374,0.23622047244094488,1.0
CAMSAP2,0.4508827842838605,0.6377952755905512,1.0
KIF21B,-0.0669737499943368,0.9133858267716536,1.0
TMEM9,-0.11919248579697816,0.9291338582677166,1.0
CSRP1,1.669475044016676,0.031496062992125984,1.0
AC096677.1,1.350908796735593,0.14173228346456693,1.0
RPS10P7,0.5695481254624317,0.4645669291338583,1.0
IPO9,-0.3127237402359606,0.33858267716535434,1.0
TIMM17A,0.18386890114627175,0.7244094488188977,1.0
RNPEP,0.11429871948894466,0.5511811023622047,1.0
ARL8A,0.5911707462426969,0.5826771653543307,1.0
PTPN7,0.0857104056110698,0.8818897637795275,1.0
LGR6,-0.4545687291756879,0.5196850393700787,1.0
UBE2T,-1.1257448392888914,0.33858267716535434,1.0
PPP1R12B,0.3180300455230065,0.4409448818897638,1.0
AC099336.2,-0.2000305176261401,0.4645669291338583,1.0
KDM5B,0.3732166988574672,0.5984251968503937,1.0
AC098934.3,-0.06300913763651028,0.8503937007874016,1.0
RABIF,0.28364420352562014,0.3858267716535433,1.0
KLHL12,0.20137738323514087,0.6535433070866141,1.0
ADIPOR1,-0.39852708663829794,0.023622047244094488,1.0
CYB5R1,0.6830454354623319,0.15748031496062992,1.0
TMEM183A,-0.02294784008481532,0.9212598425196851,1.0
LINC01353,0.4235345429262498,0.6850393700787402,1.0
BTG2,0.04531151144091261,0.905511811023622,1.0
ATP2B4,-0.1092030425318189,0.7559055118110236,1.0
AL513343.1,-1.2099927201821603,0.2283464566929134,1.0
LAX1,0.25776926280775214,0.48031496062992124,1.0
SNRPE,-0.4424089266007023,0.4881889763779528,1.0
HSPE1P6,0.40385153917082495,0.6692913385826772,1.0
SOX13,-0.7975780120513214,0.5196850393700787,1.0
AL592114.1,0.7074112726819808,0.3937007874015748,1.0
PPP1R15B,0.01408087701361982,0.968503937007874,1.0
PIK3C2B,-1.0121167784289309,0.28346456692913385,1.0
MDM4,-0.06904468179302636,0.7007874015748031,1.0
TMEM81,-0.02089121251105963,0.9606299212598425,1.0
RBBP5,-0.14771022888456908,0.6062992125984252,1.0
DSTYK,-0.31350571420604556,0.48031496062992124,1.0
NUAK2,-1.4505255355737696,0.023622047244094488,1.0
SNRPGP10,-0.01760270299329658,0.9763779527559056,1.0
ELK4,-0.2288130234841228,0.4015748031496063,1.0
NUCKS1,-0.03556403726534896,0.8188976377952756,1.0
RAB29,-0.3245339350572696,0.48031496062992124,1.0
SLC41A1,-0.02184879568418907,0.9448818897637795,1.0
PM20D1,1.1830967594686626,0.33070866141732286,1.0
SRGAP2,0.6997526603268738,0.03937007874015748,1.0
IKBKE,-0.1348297670802472,0.7716535433070866,1.0
RASSF5,0.018335299190111343,0.9763779527559056,1.0
EIF2D,-0.7292484504436176,0.6456692913385826,1.0
DYRK3,-0.834423116838068,0.3700787401574803,1.0
MAPKAPK2,-0.49287946640013836,0.3543307086614173,1.0
AL591846.1,-1.0907118195744925,0.6377952755905512,1.0
IL24,-0.0693808561297038,0.8818897637795275,1.0
FCMR,-0.5002275284647526,0.06299212598425197,1.0
PFKFB2,-0.6502762655568544,0.4566929133858268,1.0
YOD1,-0.4205085462168645,0.47244094488188976,1.0
CD55,-0.533098821945873,0.2440944881889764,1.0
CD46,-0.6355778568125698,0.015748031496062992,1.0
C1orf132,-1.4551288532350903,0.05511811023622047,1.0
CD34,1.818693631362204,0.07874015748031496,1.0
G0S2,-0.07088959537282014,0.9606299212598425,1.0
TRAF3IP3,-0.03657415901284544,0.9763779527559056,1.0
IRF6,-0.6012087928016203,0.47244094488188976,1.0
DIEXF,-0.4119814467309193,0.4015748031496063,1.0
ST13P19,0.8024520127456896,0.5590551181102362,1.0
HHAT,0.3738004111717117,0.6220472440944882,1.0
RCOR3,-0.47249558816516846,0.30708661417322836,1.0
TRAF5,0.0031647506634566724,1.0,1.0
LINC00467,0.4754464654893389,0.6456692913385826,1.0
SLC30A1,-0.5482878953623684,0.2125984251968504,1.0
LPGAT1,0.22846061848021737,0.4566929133858268,1.0
INTS7,0.7666040287376843,0.5511811023622047,1.0
DTL,-1.5977418917153507,0.2047244094488189,1.0
PPP2R5A,-0.13558695777329,0.31496062992125984,1.0
TMEM206,0.9218485994379133,0.015748031496062992,1.0
NENF,-0.5629058840405714,0.6929133858267716,1.0
ATF3,0.9485817209533325,0.2047244094488189,1.0
NSL1,0.0438786275531351,0.905511811023622,1.0
TATDN3,0.5094955149530067,0.4566929133858268,1.0
FLVCR1-AS1,-0.3118680413078512,0.7874015748031497,1.0
FLVCR1,-0.720317787983884,0.5984251968503937,1.0
ANGEL2,-0.051804984917241725,0.7952755905511811,1.0
RPS6KC1,-0.03991255385710257,0.9606299212598425,1.0
SMYD2,0.1565337907366482,0.7244094488188977,1.0
AL445305.1,-0.5631624348962367,0.6220472440944882,1.0
CENPF,-0.8223153945559307,0.4645669291338583,1.0
GPATCH2,-1.0508622956683382,0.4566929133858268,1.0
UBBP2,-0.6948785217785641,0.5590551181102362,1.0
RRP15,-0.24669621520342488,0.7165354330708661,1.0
LYPLAL1,1.2611865376395852,0.28346456692913385,1.0
ZC3H11B,0.5465672188024846,0.6456692913385826,1.0
EPRS,0.2052518195232098,0.48031496062992124,1.0
BPNT1,-0.2972246383399071,0.5275590551181102,1.0
IARS2,0.20397742116233442,0.6771653543307087,1.0
RPS15AP12,-0.05212527219648333,0.9448818897637795,1.0
RAB3GAP2,-0.5936793326156566,0.23622047244094488,1.0
MORF4L1P1,-0.2588911569462331,0.30708661417322836,1.0
DUSP10,0.33974742204373776,0.5354330708661418,1.0
TAF1A,-0.15185001855200952,0.905511811023622,1.0
MIA3,0.32831421135317385,0.2283464566929134,1.0
AL592148.3,-1.1102743336152443,0.07874015748031496,1.0
AIDA,-0.02450068932908822,0.9763779527559056,1.0
BROX,0.41315202664727924,0.30708661417322836,1.0
AL392172.1,0.386554691207071,0.6850393700787402,1.0
DISP1,-0.6715146947807256,0.5039370078740157,1.0
CAPN2,-0.11990816769415069,0.8110236220472441,1.0
TP53BP2,-0.5228903345433737,0.2283464566929134,1.0
GTF2IP20,-0.32606218571363454,0.7637795275590551,1.0
AC138393.1,-1.3149601891637155,0.11023622047244094,1.0
FBXO28,0.3546111410783075,0.4015748031496063,1.0
DEGS1,0.13582408702202287,0.4881889763779528,1.0
NVL,0.40602405624156246,0.4094488188976378,1.0
CNIH4,-0.37706838214301985,0.5669291338582677,1.0
WDR26,-0.3761984690939064,0.12598425196850394,1.0
DNAH14,0.4123089227983865,0.7165354330708661,1.0
LBR,0.11006493900584147,0.8661417322834646,1.0
SRP9,-0.14818163182272492,0.7086614173228346,1.0
AL591895.1,-1.4245551553603066,0.14960629921259844,1.0
TMEM63A,-0.32558229976768427,0.4881889763779528,1.0
PYCR2,-0.11346508619189066,0.8110236220472441,1.0
SDE2,-0.462000332165422,0.05511811023622047,1.0
H3F3A,-0.30880672400611164,0.9763779527559056,1.0
ACBD3,0.28050937446943003,0.4409448818897638,1.0
LIN9,-2.4931850275200853,0.023622047244094488,1.0
PARP1,0.1588400739444733,0.7165354330708661,1.0
ITPKB,-0.2697094118625243,0.5590551181102362,1.0
PSEN2,1.320762436101758,0.2283464566929134,1.0
COQ8A,-0.9788841112805136,0.10236220472440945,1.0
BTF3P9,-2.1942278234257717,0.023622047244094488,1.0
ZNF678,-0.3470518802005347,0.5905511811023622,1.0
SNAP47,0.3430308842242522,0.5905511811023622,1.0
ARF1,0.19186986684899665,0.5669291338582677,1.0
C1orf35,-1.0111727887311783,0.1889763779527559,1.0
MRPL55,-0.31991330550798747,0.7716535433070866,1.0
GUK1,0.023443077031426007,0.9921259842519685,1.0
IBA57,-0.367582672182698,0.7874015748031497,1.0
OBSCN,-0.9788429694930401,0.2755905511811024,1.0
TRIM11,-0.3937420972719434,0.5275590551181102,1.0
HIST3H2A,-0.6172332417131345,0.5905511811023622,1.0
RNF187,-0.21387080496466648,0.4566929133858268,1.0
FTH1P2,-0.6770769429768455,0.23622047244094488,1.0
RHOU,0.4310813531390072,0.7716535433070866,1.0
RAB4A,-0.0548759063206008,0.8346456692913385,1.0
CCSAP,-2.0727965533412407,0.023622047244094488,1.0
NUP133,-1.3842124201268806,0.29133858267716534,1.0
ABCB10,0.5496439970313975,0.1889763779527559,1.0
TAF5L,0.36248347387374924,0.44881889763779526,1.0
URB2,-0.8111192523383512,0.48031496062992124,1.0
GALNT2,0.6255741808190116,0.11023622047244094,1.0
COG2,-0.4004096707510021,0.2755905511811024,1.0
C1orf198,-0.893532860165209,0.33858267716535434,1.0
TTC13,0.5147061020617256,0.41732283464566927,1.0
ARV1,-0.09862734706663279,0.7795275590551181,1.0
FAM89A,-0.3559319759764672,0.49606299212598426,1.0
C1orf131,0.04493884729518971,0.937007874015748,1.0
GNPAT,0.01036563730564044,0.9763779527559056,1.0
EXOC8,0.19135698158336467,0.6220472440944882,1.0
SPRTN,0.0511914213803375,0.9291338582677166,1.0
EGLN1,0.3372710127738916,0.25196850393700787,1.0
AL445524.1,0.8365788583937237,0.44881889763779526,1.0
TSNAX,0.06438160016340166,0.889763779527559,1.0
DISC1,-0.39894124998308644,0.5511811023622047,1.0
SIPA1L2,-2.192261088204381,0.03937007874015748,1.0
NTPCR,0.83895007639084,0.1732283464566929,1.0
PCNX2,0.40931072422997294,0.6377952755905512,1.0
MAP3K21,1.1417719570187617,0.5511811023622047,1.0
AL355472.1,0.18254934032707548,0.8188976377952756,1.0
COA6,0.3490221334771837,0.36220472440944884,1.0
TARBP1,0.12764732233531095,0.7795275590551181,1.0
IRF2BP2,0.09101168063001186,0.8661417322834646,1.0
TOMM20,-0.2879404163206516,0.015748031496062992,1.0
RBM34,-0.3493279404607599,0.7165354330708661,1.0
ARID4B,-0.26795005038691677,0.3464566929133858,1.0
GGPS1,0.1448568049332737,0.7322834645669292,1.0
TBCE,-0.14660785742187343,0.9606299212598425,1.0
B3GALNT2,-1.0141618778904897,0.33070866141732286,1.0
LYST,-0.10624187605589785,0.7637795275590551,1.0
NID1,0.1337516412828259,0.9212598425196851,1.0
GPR137B,-0.17148873493607475,0.7559055118110236,1.0
ERO1B,-0.6316832103402215,0.33070866141732286,1.0
EDARADD,0.10598948748743853,0.952755905511811,1.0
LGALS8,-0.3695675398363667,0.5748031496062992,1.0
HEATR1,0.2762096792734381,0.6692913385826772,1.0
MTR,0.13580868395072088,0.7086614173228346,1.0
RPL35P1,0.4531551137639491,0.6771653543307087,1.0
CHRM3-AS2,-0.4904838540104355,0.4566929133858268,1.0
AL359918.1,-0.09231772249510994,0.905511811023622,1.0
FH,-0.9585805590439795,0.5590551181102362,1.0
CHML,0.010181054117958332,0.984251968503937,1.0
CEP170,-0.06823639515586244,0.8188976377952756,1.0
SDCCAG8,0.3098526060738913,0.7086614173228346,1.0
AKT3,0.04749118078588488,0.8661417322834646,1.0
ZBTB18,-1.039440816375146,0.4881889763779528,1.0
ADSS,-0.45522125314991246,0.07874015748031496,1.0
DESI2,0.4489199172080065,0.29133858267716534,1.0
COX20,-1.0365612571716247,0.25196850393700787,1.0
HNRNPU,0.026795759881871106,0.905511811023622,1.0
EFCAB2,-1.069233994403284,0.16535433070866143,1.0
SMYD3,-1.3700455422767694,0.12598425196850394,1.0
TFB2M,-0.6157443793101138,0.6456692913385826,1.0
CNST,-0.7062765293370514,0.4094488188976378,1.0
SCCPDH,-0.46218492634474373,0.5748031496062992,1.0
AHCTF1,-0.39551548599437947,0.16535433070866143,1.0
ZNF669,-0.605768778102636,0.6220472440944882,1.0
ZNF124,-0.13578594411752798,0.9291338582677166,1.0
AL390728.6,-0.31472361886725064,0.6062992125984252,1.0
AL390728.4,-0.3082929386017117,0.7007874015748031,1.0
ZNF496,-0.2782586862995249,0.8188976377952756,1.0
NLRP3,2.5328928567114968,0.08661417322834646,1.0
SH3BP5L,0.8809504234218437,0.03937007874015748,1.0
ZNF672,0.07310449640110939,0.968503937007874,1.0
ZNF692,-0.14732176945265918,0.7165354330708661,1.0
PGBD2,0.4448094061319323,0.5669291338582677,1.0
FAM110C,0.5182788116792352,0.5669291338582677,1.0
SH3YL1,0.19874715315132452,0.6614173228346457,1.0
ACP1,0.2222700227699539,0.5905511811023622,1.0
TMEM18,-0.38856636796727795,0.4409448818897638,1.0
PXDN,0.15836791107545567,0.8818897637795275,1.0
EIPR1,0.33642001628374985,0.4409448818897638,1.0
TRAPPC12,0.39546697137073394,0.6220472440944882,1.0
ADI1,-1.5115479798188387,0.2047244094488189,1.0
RNASEH1,0.44850253942471285,0.7716535433070866,1.0
RNASEH1-AS1,1.9198698034393438,0.07874015748031496,1.0
RPS7,-0.12248196709236225,0.4409448818897638,1.0
NRIR,0.15256921243590504,0.84251968503937,1.0
CMPK2,-0.12651654319236139,0.968503937007874,1.0
RSAD2,0.30551628630522876,0.8110236220472441,1.0
RNF144A,0.18196942913735992,0.6377952755905512,1.0
LINC01871,0.7799911625129372,0.05511811023622047,1.0
LINC00299,-1.8618374775925535,0.2047244094488189,1.0
ID2,-0.40332182495817115,0.3228346456692913,1.0
KIDINS220,0.025937020953294088,0.9448818897637795,1.0
MBOAT2,0.1539848960079202,0.905511811023622,1.0
ITGB1BP1,-0.166061099531845,0.6535433070866141,1.0
CPSF3,-0.12255414089412398,0.8110236220472441,1.0
IAH1,0.3404319141657828,0.28346456692913385,1.0
ADAM17,-0.747965321221097,0.5590551181102362,1.0
YWHAQ,-0.34820440659819774,0.08661417322834646,1.0
TAF1B,-0.16962297469126675,0.7322834645669292,1.0
AC010969.2,0.45695612811747965,0.14960629921259844,1.0
AC104794.2,0.5054866743641315,0.6850393700787402,1.0
KLF11,-1.4749272680546501,0.13385826771653545,1.0
RRM2,-1.1097564859819384,0.3700787401574803,1.0
HPCAL1,0.4387626973779284,0.2204724409448819,1.0
ODC1,-0.3235499656587848,0.4566929133858268,1.0
NOL10,-1.3582718872044977,0.2440944881889764,1.0
RN7SL832P,-0.021554944602209636,0.952755905511811,1.0
PDIA6,0.2879201272409109,0.5826771653543307,1.0
PQLC3,-0.29918834133063754,0.4566929133858268,1.0
ROCK2,-0.0324017267722807,0.8818897637795275,1.0
AC018463.1,-0.7500917400410959,0.30708661417322836,1.0
E2F6,0.22954438213782424,0.6299212598425197,1.0
LPIN1,0.5851612795127057,0.047244094488188976,1.0
TRIB2,0.27506948017550314,0.48031496062992124,1.0
NBAS,0.6407830360136133,0.10236220472440945,1.0
DDX1,0.44996595596270517,0.5590551181102362,1.0
FAM49A,0.5287340396033589,0.1968503937007874,1.0
SMC6,0.28302657749237703,0.5433070866141733,1.0
GEN1,1.0630288044149552,0.3464566929133858,1.0
RDH14,0.7041285673901818,0.2755905511811024,1.0
LINC00954,-0.3633324158743627,0.6692913385826772,1.0
TTC32,-0.6147081679068993,0.6929133858267716,1.0
WDR35,-0.19502192284521547,0.8110236220472441,1.0
LAPTM4A,-0.29026300166896846,0.5196850393700787,1.0
SDC1,1.114658674430074,0.2755905511811024,1.0
PUM2,-0.03216889882735163,0.8661417322834646,1.0
RHOB,-0.11187502226707657,0.8031496062992126,1.0
AC012065.5,-1.1332807677060082,0.2440944881889764,1.0
HS1BP3,-0.1750441813780561,0.905511811023622,1.0
LDAH,-0.35966036969608606,0.6850393700787402,1.0
ATAD2B,0.26470608085399494,0.3700787401574803,1.0
UBXN2A,0.1834169043392384,0.48031496062992124,1.0
WDCP,-1.0095308030549845,0.36220472440944884,1.0
FKBP1B,1.8217702273050334,0.08661417322834646,1.0
SF3B6,0.21680283158182512,0.4566929133858268,1.0
FAM228B,0.6821637055854541,0.1968503937007874,1.0
ITSN2,0.055733698301532186,0.7874015748031497,1.0
NCOA1,-0.5142092586143958,0.12598425196850394,1.0
PTRHD1,-0.15729333702480197,0.7165354330708661,1.0
CENPO,-0.8150529294195592,0.41732283464566927,1.0
ADCY3,1.7255061717421718,0.18110236220472442,1.0
DNAJC27,-0.7476130100875911,0.5669291338582677,1.0
DNAJC27-AS1,0.18997359117643997,0.7874015748031497,1.0
DNMT3A,0.6094839655813562,0.49606299212598426,1.0
DTNB,-0.5502341561825617,0.5669291338582677,1.0
ASXL2,0.5880288715222832,0.11811023622047244,1.0
KIF3C,0.06399889974092599,0.8976377952755905,1.0
TRMT112P6,0.4408658745555991,0.7480314960629921,1.0
RAB10,0.5184560061448424,0.047244094488188976,1.0
GAREM2,0.0778871807260193,0.9606299212598425,1.0
HADHA,-0.04887403879042651,0.7952755905511811,1.0
HADHB,0.2756243190441934,0.10236220472440945,1.0
SELENOI,0.8717378954801811,0.03937007874015748,1.0
SLC35F6,0.7741533350560754,0.33858267716535434,1.0
TMEM214,0.2141511740641402,0.5433070866141733,1.0
AGBL5,0.8092495039939307,0.4094488188976378,1.0
OST4,0.31682915894212016,0.015748031496062992,1.0
ABHD1,-0.5143292496072938,0.5118110236220472,1.0
PREB,-0.18160642267986837,0.3937007874015748,1.0
SLC5A6,0.6678294969869114,0.15748031496062992,1.0
ATRAID,0.2820612197506529,0.3228346456692913,1.0
CAD,-0.07939334825406474,0.9606299212598425,1.0
MPV17,0.40511104525163333,0.11811023622047244,1.0
GTF3C2,0.06265311769888804,0.8110236220472441,1.0
AC074117.1,-0.7234013713992173,0.4330708661417323,1.0
EIF2B4,0.33603600754894547,0.3858267716535433,1.0
SNX17,0.15378457619125374,0.8188976377952756,1.0
PPM1G,-0.1788363063757652,0.889763779527559,1.0
NRBP1,-0.1526502808998753,0.8503937007874016,1.0
IFT172,-0.7037417142740185,0.47244094488188976,1.0
ZNF512,0.21681029985752254,0.7244094488188977,1.0
GPN1,0.1878519528448228,0.6850393700787402,1.0
SUPT7L,-0.2787297449157311,0.14960629921259844,1.0
SLC4A1AP,-0.3630268504832195,0.7637795275590551,1.0
MRPL33,0.18041217872370208,0.6220472440944882,1.0
RBKS,-0.2436345949824057,0.7952755905511811,1.0
BABAM2,-0.17901636676570654,0.7244094488188977,1.0
FOSL2,0.04703220855366119,0.9133858267716536,1.0
AC104695.3,0.5279470240977293,0.3858267716535433,1.0
AC104695.2,-0.35990707828107427,0.8110236220472441,1.0
PPP1CB,-0.18937867991477653,0.3228346456692913,1.0
WDR43,-0.26954511058703723,0.2125984251968504,1.0
TOGARAM2,0.5341761604954747,0.6141732283464567,1.0
CLIP4,-1.4110425916988838,0.1889763779527559,1.0
YPEL5,0.2780160350584904,0.6299212598425197,1.0
LBH,-0.04327644010164633,0.9133858267716536,1.0
LCLAT1,-0.6156802783481155,0.7480314960629921,1.0
EHD3,0.9486849319232551,0.13385826771653545,1.0
MEMO1,0.19010543932430934,0.84251968503937,1.0
DPY30,0.06696073187816687,0.84251968503937,1.0
SPAST,0.778999764376934,0.13385826771653545,1.0
SLC30A6,-0.294831995909405,0.5511811023622047,1.0
DDX50P1,1.8260504725955866,0.023622047244094488,1.0
YIPF4,0.17112007132450913,0.6141732283464567,1.0
BIRC6,0.1771824433568021,0.3937007874015748,1.0
AL133243.3,-1.149500936393771,0.30708661417322836,1.0
TTC27,0.10170669812966082,0.9448818897637795,1.0
RASGRP3,-0.20411569854708467,0.952755905511811,1.0
FAM98A,-0.5703762241579788,0.3700787401574803,1.0
CRIM1,0.339784069562727,0.4015748031496063,1.0
FEZ2,-0.13483719164654762,0.7795275590551181,1.0
AC007382.1,0.3198315634524125,0.7559055118110236,1.0
STRN,0.10702463256552353,0.7874015748031497,1.0
HEATR5B,-0.25860209274480184,0.4330708661417323,1.0
GPATCH11,0.09479833418209171,0.8818897637795275,1.0
EIF2AK2,-0.2238250780234443,0.8110236220472441,1.0
CEBPZOS,0.4339187873867214,0.23622047244094488,1.0
CEBPZ,-0.42420724144122346,0.023622047244094488,1.0
NDUFAF7,0.7521025662604206,0.28346456692913385,1.0
PRKD3,0.04500726241329822,0.889763779527559,1.0
QPCT,0.7981566559770892,0.3543307086614173,1.0
AC006369.1,-0.25112208171813544,0.7716535433070866,1.0
CDC42EP3,0.05063618263277192,0.8976377952755905,1.0
RMDN2,-1.7172629149489858,0.13385826771653545,1.0
ATL2,0.15623513532916622,0.7952755905511811,1.0
RPLP0P6,-0.8517678130543773,0.6220472440944882,1.0
HNRNPLL,0.19635217010453676,0.6535433070866141,1.0
GALM,0.8127426391403008,0.33070866141732286,1.0
SRSF7,-0.03915324042314161,0.8740157480314961,1.0
GEMIN6,-1.510854254595742,0.13385826771653545,1.0
DHX57,-0.23890501114947638,0.8346456692913385,1.0
MORN2,-0.9111447805781984,0.2440944881889764,1.0
SOS1,-0.11308030031490546,0.7086614173228346,1.0
SOS1-IT1,-0.8751335025963577,0.3700787401574803,1.0
MAP4K3,-0.7538941594565074,0.4645669291338583,1.0
AC007388.1,1.1873299420643237,0.09448818897637795,1.0
THUMPD2,-0.12822553855763585,0.984251968503937,1.0
AC009413.1,-1.0515357108046341,0.11811023622047244,1.0
EML4,0.0076906819460793585,0.9921259842519685,1.0
COX7A2L,-0.19331951006991233,0.4330708661417323,1.0
MTA3,-1.3405335716048183,0.07874015748031496,1.0
LINC02580,-0.378156655776988,0.7637795275590551,1.0
ZFP36L2,0.08812462893704165,0.7165354330708661,1.0
THADA,-0.027306898297663196,0.952755905511811,1.0
DYNC2LI1,-0.19798651777005083,0.9291338582677166,1.0
LRPPRC,-0.12762207867257835,0.7637795275590551,1.0
AC019129.1,-0.42406388207652124,0.5669291338582677,1.0
PPM1B,-0.04671320384533928,0.8976377952755905,1.0
PREPL,0.2439647155208613,0.5748031496062992,1.0
CAMKMT,-0.05519855303386745,0.8976377952755905,1.0
AC012354.2,0.583355322097578,0.2125984251968504,1.0
SRBD1,0.12011635475043292,0.8740157480314961,1.0
PRKCE,-0.0876899072771864,0.937007874015748,1.0
EPAS1,0.9540594272817282,0.5039370078740157,1.0
ATP6V1E2,-2.018602439882088,0.023622047244094488,1.0
RHOQ,-0.21455735811962384,0.6220472440944882,1.0
PIGF,0.9722340072376432,0.2755905511811024,1.0
CRIPT,0.09253876558422469,0.84251968503937,1.0
SOCS5,-1.3289039687889348,0.09448818897637795,1.0
MCFD2,-0.04167962625044641,0.9133858267716536,1.0
TTC7A,-0.9051174692958996,0.28346456692913385,1.0
CALM2,-0.020898257766829076,0.889763779527559,1.0
MSH2,-0.3860594224731946,0.5748031496062992,1.0
MSH6,0.16872052016253214,0.6614173228346457,1.0
FBXO11,-0.7975059909589488,0.6299212598425197,1.0
FOXN2,0.13668155840309115,0.5669291338582677,1.0
PPP1R21,-0.8741085166956815,0.09448818897637795,1.0
ASB3,-0.19775064396975162,0.8110236220472441,1.0
CHAC2,-1.6385864015025824,0.14173228346456693,1.0
ERLEC1,-0.04370267643631287,0.889763779527559,1.0
PSME4,-0.5394411586532621,0.2755905511811024,1.0
ACYP2,0.5319894950249093,0.8110236220472441,1.0
HMGB1P31,-1.227615489364909,0.1732283464566929,1.0
AC008280.3,1.064335480462756,0.2992125984251969,1.0
SPTBN1,0.18112317934481403,0.5669291338582677,1.0
RTN4,-0.25700245593681537,0.5826771653543307,1.0
CLHC1,-1.0769620789261016,0.16535433070866143,1.0
RPS27A,0.11532993290541604,0.6141732283464567,1.0
MTIF2,-0.3470753125044803,0.6062992125984252,1.0
PRORSD1P,0.20325504858562615,0.8503937007874016,1.0
CCDC88A,-0.5063919448433056,0.2204724409448819,1.0
BTF3P5,-1.221740051617588,0.30708661417322836,1.0
CFAP36,-0.5270579843872172,0.15748031496062992,1.0
PPP4R3B,0.004359467950830975,0.968503937007874,1.0
PNPT1,-0.24286186019626665,0.5511811023622047,1.0
VRK2,-0.5744259601551693,0.2677165354330709,1.0
FANCL,-0.2568365917901927,0.9763779527559056,1.0
EIF3FP3,-0.31732229547645474,0.1732283464566929,1.0
AC007238.1,-0.8223654616120486,0.14173228346456693,1.0
BCL11A,-0.13502273368631457,0.9291338582677166,1.0
PAPOLG,-0.23734859308792977,0.5984251968503937,1.0
REL,-0.2721764375976017,0.6614173228346457,1.0
AC010733.1,0.2633152247076165,0.7401574803149606,1.0
PUS10,-0.3868185204396779,0.9606299212598425,1.0
PEX13,-0.21913143909990218,0.6850393700787402,1.0
KIAA1841,0.03558135900270809,0.9763779527559056,1.0
AC016747.1,-1.1236451703174721,0.14173228346456693,1.0
AHSA2,-0.23553699345350143,0.41732283464566927,1.0
USP34,-0.305787410882159,0.984251968503937,1.0
AC016727.1,1.1182093891393192,0.29133858267716534,1.0
XPO1,-0.10741372071210709,0.6692913385826772,1.0
RPS24P7,-1.4992591807178672,0.05511811023622047,1.0
FAM161A,0.7267252420325532,0.49606299212598426,1.0
CCT4,-0.008913142082531245,0.984251968503937,1.0
COMMD1,-0.2285134484906748,0.6456692913385826,1.0
B3GNT2,-0.5620615660943811,0.2283464566929134,1.0
EHBP1,-1.4722178397094856,0.07874015748031496,1.0
WDPCP,-1.7756560188758121,0.031496062992125984,1.0
MDH1,-0.19385175767746254,0.6692913385826772,1.0
AC016734.1,0.4309157000356798,0.6692913385826772,1.0
AC096664.2,-0.8533633930476774,0.2125984251968504,1.0
UGP2,0.007472976507144402,0.984251968503937,1.0
VPS54,-0.06685179887996373,0.6692913385826772,1.0
PELI1,-1.402435261921283,0.09448818897637795,1.0
AFTPH,-0.5104143963334415,0.06299212598425197,1.0
SERTAD2,-0.6024738966880481,0.15748031496062992,1.0
SLC1A4,0.1753079100868975,0.7322834645669292,1.0
CEP68,-1.1903831254147743,0.3700787401574803,1.0
RAB1A,-0.0054765980325877095,1.0,1.0
AC007318.1,0.30855476690904293,0.3543307086614173,1.0
ACTR2,0.0580702119257932,0.8503937007874016,1.0
SPRED2,0.7613278311666387,0.23622047244094488,1.0
MEIS1,0.3934147658017977,0.5748031496062992,1.0
ETAA1,-1.1127731616726866,0.023622047244094488,1.0
C1D,0.22677841126215714,0.6062992125984252,1.0
WDR92,-1.3760949013859771,0.2125984251968504,1.0
PNO1,-0.10348199513862077,0.8661417322834646,1.0
PPP3R1,-0.4166384107276011,0.1889763779527559,1.0
PLEK,0.31482266847103446,0.7874015748031497,1.0
FBXO48,0.4838029950371956,0.6614173228346457,1.0
APLF,-0.5118466043422436,0.5275590551181102,1.0
ARHGAP25,-0.21250973946351515,0.4330708661417323,1.0
GFPT1,-0.7431847274772103,0.28346456692913385,1.0
NFU1,0.619045879170133,0.07086614173228346,1.0
AAK1,-0.2813548891023876,0.14173228346456693,1.0
ANXA4,-0.3861186248964348,0.5354330708661418,1.0
GMCL1,-0.5073212876625464,0.25196850393700787,1.0
SNRNP27,0.5528125506084773,0.11811023622047244,1.0
MXD1,0.13116336191857947,0.6535433070866141,1.0
PCBP1-AS1,-0.8767681323263785,0.5826771653543307,1.0
C2orf42,-0.3615605359545855,0.6062992125984252,1.0
TIA1,-0.3574751946725714,0.10236220472440945,1.0
PCYOX1,0.24582545483144713,0.5669291338582677,1.0
SNRPG,-0.06805333954952797,0.8188976377952756,1.0
FAM136A,-0.0987055369480796,0.7952755905511811,1.0
TGFA,-0.15056173655138627,0.8582677165354331,1.0
TEX261,0.007791732024850617,0.9763779527559056,1.0
NAGK,-0.470987340020665,0.2047244094488189,1.0
MCEE,0.19817798605747639,0.7480314960629921,1.0
MPHOSPH10,-0.36112203787080066,0.41732283464566927,1.0
PAIP2B,-1.6516946928666458,0.09448818897637795,1.0
ZNF638,-0.6569219164543991,0.023622047244094488,1.0
DYSF,-0.9396701760653294,0.4094488188976378,1.0
RPS20P10,-1.0407892138928538,0.12598425196850394,1.0
EXOC6B,-1.19787696522175,0.12598425196850394,1.0
SFXN5,0.20712746955363182,0.7244094488188977,1.0
RAB11FIP5,-1.08920012863382,0.30708661417322836,1.0
SMYD5,-0.8304043283976044,0.4094488188976378,1.0
PRADC1,-1.1124710464182113,0.14173228346456693,1.0
CCT7,-1.2055848335394463,0.4409448818897638,1.0
FBXO41,3.042151003309439,0.023622047244094488,1.0
ALMS1,-0.8498220446845623,0.48031496062992124,1.0
ALMS1-IT1,-1.0455465458055024,0.1732283464566929,1.0
TPRKB,-0.11813188732666369,0.889763779527559,1.0
DUSP11,-0.21441079729952772,0.6850393700787402,1.0
STAMBP,0.5884592945921501,0.25196850393700787,1.0
DGUOK,0.3701112936446824,0.33858267716535434,1.0
TET3,-0.07924199796689013,0.7952755905511811,1.0
FNBP1P1,0.8331359342046201,0.4094488188976378,1.0
BOLA3,-0.8809701126513678,0.5826771653543307,1.0
BOLA3-AS1,1.090741927717083,0.1889763779527559,1.0
MOB1A,0.07291582315625789,0.7086614173228346,1.0
MTHFD2,-0.2663798783448028,0.28346456692913385,1.0
DCTN1,0.1504179611907075,0.7007874015748031,1.0
WDR54,0.36422542560003457,0.4015748031496063,1.0
INO80B,0.3913900475937484,0.6929133858267716,1.0
MOGS,0.6328798874690182,0.11811023622047244,1.0
CCDC142,0.2220337624281692,0.7480314960629921,1.0
TTC31,0.10478574722489853,0.905511811023622,1.0
LBX2-AS1,-0.018632869966916044,0.9921259842519685,1.0
PCGF1,0.171581176487984,0.7480314960629921,1.0
AUP1,0.26465070566511795,0.5275590551181102,1.0
HTRA2,-0.814132217608199,0.3700787401574803,1.0
DOK1,-0.7888250234560288,0.5669291338582677,1.0
SEMA4F,1.01932320997832,0.16535433070866143,1.0
HK2,-0.5366146081044829,0.5669291338582677,1.0
LINC01291,1.7465699789464293,0.2125984251968504,1.0
POLE4,0.2037740831882413,0.7401574803149606,1.0
MRPL19,-1.1066905339977575,0.3700787401574803,1.0
GCFC2,0.262425301061052,0.6771653543307087,1.0
AC005034.3,-0.05154795601587514,0.9763779527559056,1.0
SUCLG1,-0.3220428736833938,0.2755905511811024,1.0
TRABD2A,-0.7125947149445482,0.5275590551181102,1.0
TMSB10,0.35978106096142426,0.5196850393700787,1.0
KCMF1,-1.3850206437901411,0.5748031496062992,1.0
AC093162.1,0.00782157110167847,1.0,1.0
TGOLN2,-0.15364189848392407,0.25984251968503935,1.0
RETSAT,-0.08853958600757572,0.8188976377952756,1.0
ELMOD3,-0.7551119419040537,0.5118110236220472,1.0
CAPG,1.2651416024988702,0.5275590551181102,1.0
MAT2A,-0.9524642082288386,0.49606299212598426,1.0
GGCX,-0.0005071013481714459,1.0,1.0
VAMP8,0.20158851033408354,0.48031496062992124,1.0
VAMP5,-0.4212834137431134,0.9763779527559056,1.0
RNF181,0.6117254770154101,0.1732283464566929,1.0
TMEM150A,0.40168792376780704,0.7086614173228346,1.0
USP39,0.10191770089604546,0.7086614173228346,1.0
C2orf68,0.7706074592368095,0.1889763779527559,1.0
GNLY,0.08624946487128682,0.7952755905511811,1.0
ST3GAL5,-0.4891679489184959,0.33070866141732286,1.0
POLR1A,-1.1902447030968522,0.3464566929133858,1.0
PTCD3,0.2031227871632515,0.48031496062992124,1.0
IMMT,0.5239384657346298,0.08661417322834646,1.0
MRPL35,-0.15066610591804253,0.7637795275590551,1.0
KDM3A,-0.14144975666516935,0.5984251968503937,1.0
CHMP3,-0.45800414071982676,0.12598425196850394,1.0
RNF103,-0.40508569182293375,0.4409448818897638,1.0
RMND5A,0.01573354084598666,0.952755905511811,1.0
CD8A,0.33910054029385606,0.2677165354330709,1.0
CD8B,0.5719285868219455,0.36220472440944884,1.0
LINC01943,-1.2214545627705153,0.2204724409448819,1.0
CYTOR,0.8150794505830223,0.23622047244094488,1.0
RNU2-63P,-1.1577871497789904,0.30708661417322836,1.0
KRCC1,0.032622177239379546,0.9448818897637795,1.0
EIF2AK3,-1.2248517072708718,0.1732283464566929,1.0
RPIA,-0.20453753911337014,0.5275590551181102,1.0
IGKC,3.2522106932740567,0.13385826771653545,1.0
IGKV4-1,0.9079575140594999,0.5669291338582677,1.0
MAL,0.8009845154478401,0.23622047244094488,1.0
MRPS5,0.23010445776025712,0.5039370078740157,1.0
ZNF514,-0.9290259346158249,0.48031496062992124,1.0
AC092835.1,0.5013909379341657,0.6062992125984252,1.0
FAHD2A,0.18757392800612527,0.7795275590551181,1.0
LINC00342,0.20561533208391602,0.8582677165354331,1.0
ANKRD36C,-0.566725662602571,0.2283464566929134,1.0
DUSP2,0.17528940108251945,0.6929133858267716,1.0
STARD7,-0.13641152154681713,0.5984251968503937,1.0
TMEM127,0.06615542389282236,0.7795275590551181,1.0
CIAO1,-0.09264133329217028,0.84251968503937,1.0
SNRNP200,0.18157618336039238,0.6141732283464567,1.0
ITPRIPL1,0.5459657537352482,0.44881889763779526,1.0
NCAPH,1.2522325200045414,0.3228346456692913,1.0
ARID5A,-1.3096828605592004,0.48031496062992124,1.0
KANSL3,-0.30854429098556135,0.5905511811023622,1.0
LMAN2L,-0.9233222101407099,0.3779527559055118,1.0
CNNM4,-0.5711147166160733,0.2440944881889764,1.0
CNNM3,0.17781899030807402,0.7480314960629921,1.0
ANKRD39,-1.2714257582351234,0.1968503937007874,1.0
SEMA4C,-0.09329856391272795,0.9212598425196851,1.0
FAHD2B,-0.3487757186850451,0.8188976377952756,1.0
ANKRD36,-0.12762503562307081,0.7637795275590551,1.0
ANKRD36B,0.24197458167967678,0.6456692913385826,1.0
COX5B,0.03116835827731812,0.9763779527559056,1.0
ACTR1B,0.7622194542895784,0.031496062992125984,1.0
ZAP70,-0.45214223420726185,0.7874015748031497,1.0
TMEM131,-0.4348549606146248,0.29133858267716534,1.0
INPP4A,-0.20515185729484386,0.3937007874015748,1.0
COA5,0.539249252856512,0.4015748031496063,1.0
UNC50,-0.6756392851064685,0.8346456692913385,1.0
MGAT4A,-0.3185808646220316,0.2677165354330709,1.0
AC109826.1,0.023997902200687093,0.984251968503937,1.0
TSGA10,0.3880131737291279,0.6692913385826772,1.0
AC019097.1,-1.6673315282974643,0.10236220472440945,1.0
LIPT1,-1.2191185187176612,0.1889763779527559,1.0
MITD1,0.0951137448707664,0.8740157480314961,1.0
MRPL30,0.47566881578340636,0.23622047244094488,1.0
TXNDC9,0.8410219935606218,0.7086614173228346,1.0
EIF5B,0.2084331726731019,0.6771653543307087,1.0
REV1,-0.22221530264287548,0.84251968503937,1.0
AFF3,0.6131774842941806,0.6062992125984252,1.0
CHST10,0.5811438591920901,0.6377952755905512,1.0
PDCL3,0.20553813077818628,0.5039370078740157,1.0
RPL31,-0.020239589820514325,0.937007874015748,1.0
CNOT11,0.3436680746159917,0.25196850393700787,1.0
RNF149,-0.17901802395915833,0.6220472440944882,1.0
MAP4K4,0.1390059711732201,0.7322834645669292,1.0
IL1R1,1.361176409307689,0.4094488188976378,1.0
IL18R1,-0.3956210983968802,0.2755905511811024,1.0
IL18RAP,-0.3663197896683421,0.2755905511811024,1.0
MFSD9,-0.28023070352369883,0.4409448818897638,1.0
TMEM182,-0.5275764399869327,0.6456692913385826,1.0
MRPS9,-0.6434344898416029,0.11811023622047244,1.0
TGFBRAP1,-0.07413233836148692,0.7322834645669292,1.0
AC012360.3,0.17464404658608723,0.8818897637795275,1.0
C2orf49,0.0762992532437865,0.8582677165354331,1.0
FHL2,-0.3742292483633409,0.6614173228346457,1.0
NCK2,0.25171907004445515,0.5039370078740157,1.0
UXS1,0.10339170510752993,0.7480314960629921,1.0
EEF1A1P12,-1.321063584035214,0.14173228346456693,1.0
GCC2,-0.16411564858940686,0.6456692913385826,1.0
LIMS1,0.28091535096838527,0.3858267716535433,1.0
RANBP2,-0.05932110089302256,0.8582677165354331,1.0
CCDC138,-0.9146221452852736,0.33858267716535434,1.0
LINC00116,-1.541471194780839,0.2755905511811024,1.0
BUB1,1.120278191819816,0.2125984251968504,1.0
BCL2L11,-0.1573880356137538,0.7244094488188977,1.0
MIR4435-2HG,0.7069435310674974,0.6692913385826772,1.0
AC068491.4,-0.7637624562782174,0.4015748031496063,1.0
ANAPC1,-0.42178196014566893,0.8031496062992126,1.0
AC104651.1,-0.47121535834471806,0.5433070866141733,1.0
TMEM87B,0.2045525897734377,0.44881889763779526,1.0
ZC3H8,-0.1505724321876638,0.6692913385826772,1.0
ZC3H6,-0.21521973588764443,0.25196850393700787,1.0
TTL,-1.0670380817047738,0.6141732283464567,1.0
POLR1B,-0.28421445581117677,0.6535433070866141,1.0
CHCHD5,-0.11426623006482606,0.9763779527559056,1.0
AC079922.1,-0.3676171382649933,0.29133858267716534,1.0
AC079922.2,0.10260268188234933,0.9291338582677166,1.0
SLC20A1,-0.43274133484976485,0.2204724409448819,1.0
CKAP2L,-1.684829266480582,0.09448818897637795,1.0
IL1B,1.7231597879755811,0.2047244094488189,1.0
IL36G,0.6703297201354353,0.41732283464566927,1.0
IL1RN,1.537305068115199,0.31496062992125984,1.0
PSD4,0.6309395420728618,0.015748031496062992,1.0
PAX8-AS1,1.9006947508582455,0.09448818897637795,1.0
CBWD2,-1.5191716854352166,0.06299212598425197,1.0
AL078621.3,0.5781781163015485,0.5433070866141733,1.0
RABL2A,0.34217554761839875,0.5905511811023622,1.0
AL078621.1,0.3133329910103799,0.7401574803149606,1.0
SLC35F5,-0.5042460261507768,0.3700787401574803,1.0
ACTR3,0.2704298561429983,0.2992125984251969,1.0
DDX18,0.16598608747213373,0.16535433070866143,1.0
AC009404.1,1.1515687543533668,0.25984251968503935,1.0
CCDC93,-1.4351296036399468,0.2992125984251969,1.0
AC009303.4,-1.3105889184116581,0.30708661417322836,1.0
INSIG2,-0.12425376412438993,0.5984251968503937,1.0
C2orf76,-1.0887286171053274,0.36220472440944884,1.0
DBI,0.1097646070314946,0.6929133858267716,1.0
TMEM177,-0.4817696316337313,0.7637795275590551,1.0
PTPN4,-0.1055860051602755,0.84251968503937,1.0
EPB41L5,-1.98463635467405,0.03937007874015748,1.0
TMEM185B,-1.179925948347269,0.14960629921259844,1.0
RALB,0.29246798572858346,0.4881889763779528,1.0
CLASP1,-0.2705809898532898,0.9606299212598425,1.0
RNU4ATAC,1.1558285180606838,0.08661417322834646,1.0
NIFK-AS1,0.36390129514094305,0.5905511811023622,1.0
NIFK,-0.43418523836997647,0.28346456692913385,1.0
TSN,0.11338236009429004,0.8267716535433071,1.0
YWHAZP2,0.8830387954780665,0.1732283464566929,1.0
GYPC,-1.4923597498093502,0.28346456692913385,1.0
BIN1,-0.3704999695478648,0.84251968503937,1.0
ERCC3,0.18539580336750117,0.2755905511811024,1.0
MAP3K2,0.0515522934894328,0.8267716535433071,1.0
IWS1,0.06599828921172879,0.8582677165354331,1.0
WDR33,0.21701095067400278,0.2755905511811024,1.0
POLR2D,-0.44630671304453173,0.9606299212598425,1.0
AMMECR1L,0.08382794425204398,0.8346456692913385,1.0
AC012306.2,0.11360923040399351,0.905511811023622,1.0
SAP130,-1.2358002585107033,0.33858267716535434,1.0
UGGT1,-0.22315398660057806,0.1732283464566929,1.0
HS6ST1,-0.6077875219254181,0.5984251968503937,1.0
AC079776.1,0.0947464447197226,0.9212598425196851,1.0
SMPD4,-0.14451359843998723,0.7244094488188977,1.0
MZT2B,0.5022308783281377,0.7401574803149606,1.0
CCDC115,0.2942698045655163,0.5196850393700787,1.0
IMP4,-1.5480533841962623,0.2047244094488189,1.0
PTPN18,0.1512513835634932,0.6062992125984252,1.0
FAM168B,-0.21977614952161773,0.3464566929133858,1.0
PLEKHB2,-0.12507120733756238,0.5590551181102362,1.0
WTH3DI,1.6363747613068191,0.07086614173228346,1.0
RHOQP2,-1.5095707821952002,0.10236220472440945,1.0
MZT2A,0.12536521966466463,0.8110236220472441,1.0
AC073869.1,-0.12048496440454937,0.9212598425196851,1.0
CCDC74A,-0.2380249734451998,0.7401574803149606,1.0
MGAT5,0.016030660045406542,0.9921259842519685,1.0
CCNT2,-0.05937139632715116,0.8661417322834646,1.0
RAB3GAP1,1.4681555093306375,0.05511811023622047,1.0
ZRANB3,0.13761608979065088,0.6771653543307087,1.0
R3HDM1,0.00615316477643546,0.984251968503937,1.0
UBXN4,-0.15372167698193273,0.8582677165354331,1.0
MCM6,0.04043825475376117,0.9133858267716536,1.0
DARS,0.9320461136923459,0.031496062992125984,1.0
CXCR4,0.38125830772738034,0.3228346456692913,1.0
HNRNPKP2,1.2557097837966669,0.15748031496062992,1.0
SPOPL,0.08844867455634997,0.7401574803149606,1.0
ARHGAP15,-0.3603231321636029,0.5275590551181102,1.0
GTDC1,0.05589387207324936,0.889763779527559,1.0
ZEB2,-0.594142321604779,0.03937007874015748,1.0
ACVR2A,-0.7878359132133617,0.4015748031496063,1.0
ORC4,0.8724057443819855,0.2992125984251969,1.0
MBD5,-0.20541693243759962,0.8582677165354331,1.0
EPC2,0.011967938014477042,0.9763779527559056,1.0
KIF5C,1.1883756729572,0.07086614173228346,1.0
MMADHC,-0.23656096349330813,0.5511811023622047,1.0
RBM43,1.1407385990105472,0.36220472440944884,1.0
NMI,0.3796422435748994,0.5905511811023622,1.0
RIF1,-0.22252276285889128,0.3700787401574803,1.0
NEB,-0.7356673440312886,0.48031496062992124,1.0
ARL5A,0.015073457783873145,0.9921259842519685,1.0
STAM2,-0.839207118757221,0.7874015748031497,1.0
FMNL2,-0.16173563036620564,0.8582677165354331,1.0
PRPF40A,0.15846742184637996,0.6377952755905512,1.0
ARL6IP6,0.009454745023509403,0.9921259842519685,1.0
ATP5A1P2,-0.5694516715786302,0.5275590551181102,1.0
NR4A2,0.10150254320159391,0.84251968503937,1.0
GPD2,-0.308634212640416,0.4015748031496063,1.0
FAM133DP,1.1972930554668357,0.07874015748031496,1.0
CYTIP,0.13903541901702887,0.6377952755905512,1.0
ACVR1C,0.08492403200697596,0.905511811023622,1.0
ACVR1,1.0136484441331186,0.14173228346456693,1.0
PKP4,0.6027183497839195,0.10236220472440945,1.0
WDSUB1,-0.4459513573869307,0.5118110236220472,1.0
BAZ2B,-0.1426188750025421,0.7874015748031497,1.0
MARCH7,0.0544453584823561,0.9291338582677166,1.0
LY75,-0.010470963429483504,0.9606299212598425,1.0
RBMS1,0.11696830595922059,0.5118110236220472,1.0
TANK,0.1127669591715108,0.5984251968503937,1.0
PSMD14,0.3363579127220433,0.4015748031496063,1.0
SLC4A10,-1.6785080200736442,0.10236220472440945,1.0
AC009487.2,-0.44358150534150464,0.5748031496062992,1.0
DPP4,-0.26740744191034516,0.8582677165354331,1.0
IFIH1,-0.43105903307274396,0.33070866141732286,1.0
GCA,0.31421192015734434,0.6299212598425197,1.0
AC107075.1,-1.3345857875615845,0.15748031496062992,1.0
COBLL1,0.1155027262297652,1.0,1.0
GALNT3,-0.16657325811902002,0.7480314960629921,1.0
AC009495.3,0.1733589366652708,0.8110236220472441,1.0
TTC21B,0.17935580070921908,0.6692913385826772,1.0
STK39,-0.24877542538163588,0.3464566929133858,1.0
CERS6,-0.13108220495953926,0.7874015748031497,1.0
FASTKD1,-0.6568497965130242,0.8031496062992126,1.0
PPIG,-0.18826956618688495,0.5669291338582677,1.0
CCDC173,0.14632651381780026,0.8110236220472441,1.0
PHOSPHO2,0.11111337987212266,1.0,1.0
KLHL23,0.6046356243915376,0.5669291338582677,1.0
SSB,0.4367664969617948,0.3700787401574803,1.0
METTL5,0.6821225234521959,0.3464566929133858,1.0
UBR3,-0.7969762215899161,0.047244094488188976,1.0
EIF2S2P4,0.26515237958880133,0.5826771653543307,1.0
GORASP2,0.30971487103357287,0.09448818897637795,1.0
TLK1,-0.1145071637399857,0.5826771653543307,1.0
METTL8,0.24489582518498754,0.5196850393700787,1.0
DCAF17,-0.25846228832322904,0.7165354330708661,1.0
DAP3P2,-0.12278755332999225,0.8582677165354331,1.0
AC007969.1,-0.45529702941964256,0.8503937007874016,1.0
CYBRD1,-0.7760008822261004,0.44881889763779526,1.0
DYNC1I2,0.5951379560664858,0.29133858267716534,1.0
SLC25A12,0.24201694879675006,0.4251968503937008,1.0
HAT1,-0.22462333661720457,0.33070866141732286,1.0
METAP1D,-1.0706735166608092,0.2047244094488189,1.0
DLX2,-0.35800953828878135,0.84251968503937,1.0
ITGA6,-0.9558472388321233,0.6141732283464567,1.0
PDK1,-0.0328653137826076,0.9212598425196851,1.0
MAP3K20,0.5378004772778775,0.6141732283464567,1.0
CDCA7,0.09577200248902606,0.9291338582677166,1.0
SP3,-0.36352678393708526,0.14173228346456693,1.0
OLA1,-0.00985852471660742,0.984251968503937,1.0
CIR1,0.057686330668825114,0.84251968503937,1.0
SCRN3,-0.176529980176646,0.889763779527559,1.0
GPR155,0.1534851475022263,0.7007874015748031,1.0
WIPF1,-0.12716877945903704,0.29133858267716534,1.0
H3F3AP4,-0.4515136044849779,0.2125984251968504,1.0
ATF2,-0.16836392937413525,0.6299212598425197,1.0
ATP5G3,0.3209358724007547,0.2677165354330709,1.0
LNPK,-0.278539683014948,0.4015748031496063,1.0
AC016739.1,0.36556722415677,0.7244094488188977,1.0
MTX2,-0.3590496348244585,0.7795275590551181,1.0
HNRNPA3,-0.07133765131803571,0.7795275590551181,1.0
NFE2L2,-0.12581027942505418,0.7480314960629921,1.0
AC079305.1,-0.49685668479874234,0.6535433070866141,1.0
AGPS,-0.21130847944306197,0.3464566929133858,1.0
TTC30B,0.424256221535392,0.6692913385826772,1.0
RBM45,0.7618397016252239,0.14173228346456693,1.0
AC009948.1,0.13765999298283615,0.8031496062992126,1.0
PRKRA,0.5774303086800039,0.3228346456692913,1.0
FKBP7,-0.29676773769084397,0.7637795275590551,1.0
PLEKHA3,-0.20125701466546086,0.7952755905511811,1.0
TTN,-0.017704852120833614,0.9763779527559056,1.0
CCDC141,0.6431498830192539,0.5748031496062992,1.0
SESTD1,-0.043925996111346066,0.968503937007874,1.0
CWC22,0.2820418345548319,0.5669291338582677,1.0
FTH1P20,-0.021983855259662732,0.9291338582677166,1.0
UBE2E3,-0.12826114006894151,0.8031496062992126,1.0
LINC01934,0.007409138464252951,0.984251968503937,1.0
ITGA4,-0.5129919602716839,0.047244094488188976,1.0
CERKL,-0.519687958136819,0.2755905511811024,1.0
SAP18P2,-2.4883134222729004,0.03937007874015748,1.0
SSFA2,0.7620484589621777,0.03937007874015748,1.0
DNAJC10,0.27068855164846894,0.18110236220472442,1.0
NCKAP1,-0.361197643674263,0.6141732283464567,1.0
NUP35,-0.6832688633064086,0.6535433070866141,1.0
CACYBPP2,-0.023800651977604836,0.9763779527559056,1.0
ZC3H15,-0.08328282352757199,0.7559055118110236,1.0
ITGAV,-0.4334039253981259,0.8818897637795275,1.0
FAM171B,1.316736491605095,0.30708661417322836,1.0
TFPI,0.8218204487399509,0.3700787401574803,1.0
COL3A1,0.08586058093321469,0.9448818897637795,1.0
COL5A2,0.06217418917804318,0.9763779527559056,1.0
WDR75,0.10387179459483686,0.7480314960629921,1.0
SLC40A1,0.5340595725238113,0.6141732283464567,1.0
ASNSD1,-0.17779856924711268,0.6377952755905512,1.0
ANKAR,-0.06531062699937751,0.9212598425196851,1.0
OSGEPL1,-1.0504698828270045,0.2992125984251969,1.0
ORMDL1,0.7757298610618379,0.031496062992125984,1.0
PMS1,-0.025602281120047365,0.9212598425196851,1.0
HNRNPCP2,-0.3034887472302543,0.1732283464566929,1.0
HIBCH,0.08081477998589337,0.937007874015748,1.0
INPP1,-1.2991090964199756,0.2047244094488189,1.0
MFSD6,-0.1932448302362566,0.5275590551181102,1.0
NEMP2,0.1464904770870703,0.7480314960629921,1.0
AC006460.2,-0.22267102048218246,0.7637795275590551,1.0
NAB1,0.6250394320521133,0.2125984251968504,1.0
GLS,-0.09946961594845583,0.5984251968503937,1.0
STAT1,-0.3071569478101104,0.8188976377952756,1.0
AC067945.3,0.19546553418505241,0.8582677165354331,1.0
STAT4,-0.23835142979487234,0.5511811023622047,1.0
NABP1,-0.5630464809911961,0.14960629921259844,1.0
SLC39A10,-0.7527516436104627,0.937007874015748,1.0
STK17B,0.5293447127845106,0.07086614173228346,1.0
AC114760.2,-0.2292477646684481,0.8740157480314961,1.0
AC020571.1,0.1790714136736573,0.8818897637795275,1.0
GTF3C3,-0.09924430514015459,0.8110236220472441,1.0
PGAP1,-0.25682864252042403,0.8110236220472441,1.0
ANKRD44,-0.17306999706455528,0.7952755905511811,1.0
AC013264.1,-0.7426908033942666,0.3464566929133858,1.0
SF3B1,-0.343970175286918,0.15748031496062992,1.0
COQ10B,-0.531983030611622,0.2125984251968504,1.0
HSPD1,0.032528153800535975,0.905511811023622,1.0
HSPE1,-0.781642422867959,0.28346456692913385,1.0
MOB4,-0.26611202911068865,0.5826771653543307,1.0
MARS2,-0.614840715617011,0.5275590551181102,1.0
PLCL1,0.2908451327592969,0.7874015748031497,1.0
SATB2,0.37644719867150167,0.6929133858267716,1.0
C2orf69,0.50020604248156,0.3858267716535433,1.0
TYW5,-1.4171170929994077,0.25984251968503935,1.0
MAIP1,-0.1633394384844049,0.8110236220472441,1.0
SPATS2L,0.6710137618879148,0.15748031496062992,1.0
KCTD18,0.07286100467655743,0.9448818897637795,1.0
SGO2,0.040659538239538495,0.9212598425196851,1.0
LINC01792,0.5079329414813805,0.7007874015748031,1.0
BZW1,0.007119978108659275,0.9606299212598425,1.0
CLK1,0.020210255761057283,0.9448818897637795,1.0
PPIL3,0.04634421465769201,0.8267716535433071,1.0
NIF3L1,-1.8206333844796463,0.23622047244094488,1.0
ORC2,0.443604849266074,0.28346456692913385,1.0
FAM126B,0.3836208018805518,0.2440944881889764,1.0
HNRNPA1P35,1.8118276592146314,0.031496062992125984,1.0
NDUFB3,-0.18668807121197695,0.6771653543307087,1.0
CFLAR,0.030161150876706344,0.8582677165354331,1.0
CASP10,-0.48031399248218154,0.5275590551181102,1.0
CASP8,0.10989700003669078,0.7637795275590551,1.0
ALS2CR12,-0.9392686884087003,0.2440944881889764,1.0
TRAK2,0.4750855272762138,0.3937007874015748,1.0
STRADB,0.842106707462928,0.03937007874015748,1.0
TMEM237,0.43664870976271564,0.7244094488188977,1.0
ALS2,1.327242039326158,0.1968503937007874,1.0
FZD7,0.850499748577451,0.3543307086614173,1.0
PSMA2P3,-1.2468007785982933,0.2125984251968504,1.0
SUMO1,0.2048736439241443,0.6614173228346457,1.0
NOP58,0.04563706464454498,0.7874015748031497,1.0
AC064836.3,0.835990212754667,0.3228346456692913,1.0
BMPR2,0.2037877931640928,0.4409448818897638,1.0
FAM117B,-0.15383796988356746,0.8110236220472441,1.0
ICA1L,-1.3299455103950204,0.1889763779527559,1.0
WDR12,0.5093991037087857,0.2283464566929134,1.0
CARF,-0.08948866980121561,0.952755905511811,1.0
NBEAL1,0.6938139348154277,0.08661417322834646,1.0
CYP20A1,0.508151858651817,0.5354330708661418,1.0
ABI2,-0.14042774727380447,0.6850393700787402,1.0
CD28,1.2650255008560798,0.10236220472440945,1.0
CTLA4,2.5584626047107544,0.023622047244094488,1.0
ICOS,0.6203297702707369,0.44881889763779526,1.0
INO80D,-0.29910204324684475,0.30708661417322836,1.0
AC007383.2,-0.024497778838088013,0.9763779527559056,1.0
NDUFS1,-0.2705215747540084,0.07874015748031496,1.0
EEF1B2,-0.05591245270661105,0.84251968503937,1.0
ZDBF2,-0.3848474445524612,0.7322834645669292,1.0
FASTKD2,-0.48032737613741183,0.7874015748031497,1.0
KLF7,0.4189639513852623,0.33070866141732286,1.0
CREB1,-0.23436252609202057,0.3464566929133858,1.0
METTL21A,-0.055862496608619416,0.9291338582677166,1.0
CCNYL1,-0.9389562289728177,0.2992125984251969,1.0
FZD5,-2.029432477812316,0.031496062992125984,1.0
PLEKHM3,-0.04802733719106378,0.937007874015748,1.0
IDH1,0.7669813605107136,0.4566929133858268,1.0
PIKFYVE,-0.38734191065038015,0.47244094488188976,1.0
RPE,-0.8659432197005077,0.5511811023622047,1.0
KANSL1L,-2.2821861553085623,0.023622047244094488,1.0
LANCL1,-0.327856742848355,0.3700787401574803,1.0
IKZF2,-0.3416579264977795,0.5748031496062992,1.0
SPAG16,-0.42216009244082264,0.6692913385826772,1.0
BARD1,0.1308987391629488,0.937007874015748,1.0
AC016708.1,-0.956911303948722,0.3700787401574803,1.0
RPL10P6,0.6553755339174724,0.8818897637795275,1.0
ATIC,-1.0496957072316597,0.7874015748031497,1.0
MREG,-0.24138736971333197,0.8188976377952756,1.0
PECR,0.22717877664682762,0.6692913385826772,1.0
TMEM169,0.34528336006551297,0.7952755905511811,1.0
XRCC5,0.04162576632394632,0.8818897637795275,1.0
AC012513.3,0.6922449380275191,0.5433070866141733,1.0
LINC01963,0.5233237719638839,0.5748031496062992,1.0
SMARCAL1,1.0862517668371088,0.11811023622047244,1.0
RPL37A,0.37257324995306185,0.06299212598425197,1.0
IGFBP2,1.8327587719634018,0.1732283464566929,1.0
IGFBP5,-0.812275055331181,0.5590551181102362,1.0
CXCR2,-0.07221753267581299,0.952755905511811,1.0
CXCR1,-0.7052328709060434,0.4015748031496063,1.0
ARPC2,0.0444156702961358,0.8976377952755905,1.0
AC021016.2,-0.6360130816407681,0.5984251968503937,1.0
AAMP,-0.07910804243090475,0.6692913385826772,1.0
PNKD,-0.48388806785196214,0.7165354330708661,1.0
TMBIM1,-0.1606180612593171,0.6299212598425197,1.0
SLC11A1,0.2725654309740566,0.9212598425196851,1.0
CTDSP1,-0.1371264284360585,0.6929133858267716,1.0
USP37,0.3224298897133169,0.49606299212598426,1.0
CNOT9,0.15351036711445953,0.5905511811023622,1.0
ZNF142,0.29930079571290014,0.5275590551181102,1.0
BCS1L,-1.1256566584723031,0.36220472440944884,1.0
RNF25,0.4665075651149113,0.6062992125984252,1.0
STK36,-0.1803757637344079,0.8346456692913385,1.0
TTLL4,0.4967950168627282,0.2204724409448819,1.0
WNT10A,1.5163388373877016,0.14960629921259844,1.0
CNPPD1,-0.6263304224793851,0.13385826771653545,1.0
RETREG2,-0.28706314613540496,0.3228346456692913,1.0
ZFAND2B,0.1870242728482281,0.905511811023622,1.0
ATG9A,-0.9470075959657418,0.44881889763779526,1.0
ANKZF1,0.2437769084179564,0.6062992125984252,1.0
STK16,0.6412884838616155,0.33858267716535434,1.0
TUBA4A,0.10601324842574389,0.8818897637795275,1.0
DNAJB2,0.18075716118690277,0.6771653543307087,1.0
DNPEP,-0.10921909140473396,0.84251968503937,1.0
GMPPA,0.806668626895962,0.12598425196850394,1.0
CHPF,0.4049989715687814,0.7165354330708661,1.0
STK11IP,0.25930196602243916,0.8582677165354331,1.0
EPHA4,-0.28780406489526644,0.5590551181102362,1.0
AC009302.1,-0.9298585458258737,0.2677165354330709,1.0
HSPA9P1,0.20364248575212152,0.8976377952755905,1.0
FARSB,0.07403653761087803,0.8503937007874016,1.0
AC016712.1,0.48402440617865494,0.2677165354330709,1.0
ACSL3,-0.37213870853316955,0.2677165354330709,1.0
AP1S3,0.4376305407541534,0.1732283464566929,1.0
WDFY1,-0.492455113942448,0.2204724409448819,1.0
MRPL44,0.2456947748471383,0.5826771653543307,1.0
SERPINE2,0.10124685235092468,0.889763779527559,1.0
CUL3,-0.8899790256375351,0.8661417322834646,1.0
DOCK10,0.3569982812687007,0.3543307086614173,1.0
RHBDD1,0.15307750190737046,0.8582677165354331,1.0
COL4A4,-0.07733147723280309,1.0,1.0
MFF,0.08819154478919344,0.8346456692913385,1.0
AGFG1,-0.01149794677309579,0.9606299212598425,1.0
CCL20,-0.5446559673895954,0.6062992125984252,1.0
TRIP12,-0.35514456794033933,0.13385826771653545,1.0
SP110,0.2262098741759555,0.4881889763779528,1.0
SP140,0.36882949348954064,0.3858267716535433,1.0
SP140L,-0.15297019829472536,0.7165354330708661,1.0
SP100,-0.2901244586625751,0.30708661417322836,1.0
TPM3P8,-0.174402814941645,0.8818897637795275,1.0
CAB39,0.19808182401386443,0.5748031496062992,1.0
ITM2C,2.7523002927279965,0.05511811023622047,1.0
GPR55,-1.4783584780463457,0.07874015748031496,1.0
PSMD1,0.08784281236873426,0.6535433070866141,1.0
AC018738.1,-0.4138223824715701,0.7165354330708661,1.0
AC017104.1,0.5991524941079778,0.4645669291338583,1.0
B3GNT7,0.6247701121008546,0.5826771653543307,1.0
ZBTB8OSP2,0.218216627398228,0.7952755905511811,1.0
AC017104.3,1.0561009790188816,0.2677165354330709,1.0
NCL,0.03048213515461562,0.8661417322834646,1.0
NMUR1,0.37447168263928443,0.6299212598425197,1.0
PTMA,-0.12030468251404436,0.6929133858267716,1.0
PDE6D,0.691610886720504,0.05511811023622047,1.0
COPS7B,0.2616290205878622,0.6062992125984252,1.0
DIS3L2,-0.9121125560734824,0.4645669291338583,1.0
TIGD1,0.50581235194436,0.5905511811023622,1.0
EIF4E2,0.01824972390734203,0.9291338582677166,1.0
GIGYF2,-0.024332128507452033,0.9133858267716536,1.0
INPP5D,-0.24944483527364092,0.10236220472440945,1.0
ATG16L1,-0.27848231923540556,0.4251968503937008,1.0
DGKD,-1.1563813428520398,0.5039370078740157,1.0
USP40,0.9598022680158529,0.16535433070866143,1.0
ARL4C,0.21077121390423592,0.7795275590551181,1.0
SH3BP4,0.5736913263460953,0.6062992125984252,1.0
AGAP1,-0.7590771931858691,0.5511811023622047,1.0
ACKR3,0.19352592122132206,0.8661417322834646,1.0
COPS8,0.03938238114808357,0.9133858267716536,1.0
COL6A3,1.91263480608003,0.07086614173228346,1.0
LRRFIP1,0.13869660487228863,0.5905511811023622,1.0
RAMP1,0.809354763415351,0.3858267716535433,1.0
UBE2F,-0.19448795308862987,0.44881889763779526,1.0
SCLY,0.715149799789716,0.5433070866141733,1.0
ILKAP,0.04469261966067073,0.8976377952755905,1.0
HES6,-0.36603988863102943,0.7007874015748031,1.0
PER2,-0.4277129190189881,0.12598425196850394,1.0
TRAF3IP1,-0.6277472644413997,0.05511811023622047,1.0
ASB1,-1.0033880279079401,0.4881889763779528,1.0
HDAC4,-0.465958912921526,0.3228346456692913,1.0
NDUFA10,-0.03365104367853089,0.937007874015748,1.0
COPS9,-0.15261695702514366,0.9133858267716536,1.0
ANKMY1,0.3681933965578281,0.7874015748031497,1.0
DUSP28,-0.8510236509600562,0.5196850393700787,1.0
RNPEPL1,-0.13813719692113402,0.968503937007874,1.0
CAPN10-AS1,0.6227911748771431,0.41732283464566927,1.0
CAPN10,-1.171522856063608,0.36220472440944884,1.0
GPR35,1.4869857582753117,0.2125984251968504,1.0
MTERF4,0.26292797948694435,0.4094488188976378,1.0
PASK,0.5721079704194323,0.5118110236220472,1.0
PPP1R7,-0.004271120299344844,0.984251968503937,1.0
HDLBP,0.06881376328528255,0.8661417322834646,1.0
SEPT2,-0.050250416567898526,0.8740157480314961,1.0
FARP2,0.1661053745608294,0.6850393700787402,1.0
STK25,0.09546719609665644,0.9291338582677166,1.0
THAP4,-0.434507371511752,0.8267716535433071,1.0
ATG4B,-0.504550915878708,0.9133858267716536,1.0
DTYMK,-1.4374128261865113,0.3543307086614173,1.0
ING5,0.7601901402168139,0.25984251968503935,1.0
D2HGDH,-0.9350679416258387,0.4566929133858268,1.0
AC131097.3,-1.2188702347397489,0.25984251968503935,1.0
PDCD1,0.38891491647579013,0.7795275590551181,1.0
RTP5,-0.1792648245744286,0.8346456692913385,1.0
LINC01881,-1.8138576263629387,0.015748031496062992,1.0
TRNT1,-0.8081430040336413,0.07874015748031496,1.0
CRBN,-0.17175288004179823,0.7165354330708661,1.0
SUMF1,0.376184863834907,0.33858267716535434,1.0
SETMAR,-1.996876686838163,0.10236220472440945,1.0
ITPR1,-0.4116576015780229,0.5196850393700787,1.0
AC018816.1,0.6935913305565204,0.4330708661417323,1.0
BHLHE40,0.16098437527612042,0.6456692913385826,1.0
ARL8B,0.11483879121949947,0.6299212598425197,1.0
EDEM1,0.04427527556129718,0.8582677165354331,1.0
MRPS36P1,-0.9661907679678616,0.3464566929133858,1.0
RAD18,-1.4535658092552892,0.3858267716535433,1.0
SRGAP3,2.535544674692859,0.14960629921259844,1.0
THUMPD3-AS1,-0.06643360571882795,0.6771653543307087,1.0
THUMPD3,0.6812910409757542,0.3228346456692913,1.0
SETD5,0.021380368799240657,0.9448818897637795,1.0
MTMR14,-0.45541166422115964,0.3543307086614173,1.0
BRPF1,0.09296733059099127,0.9606299212598425,1.0
OGG1,-0.205282078876448,0.3858267716535433,1.0
TADA3,0.4788109447549136,0.2677165354330709,1.0
ARPC4,-0.06838158879239131,0.9212598425196851,1.0
TTLL3,-2.0100841973535624,0.031496062992125984,1.0
RPUSD3,-0.19115663497863755,0.9606299212598425,1.0
JAGN1,0.2980177451012245,0.6456692913385826,1.0
CRELD1,0.40678734320148546,0.36220472440944884,1.0
EMC3,0.5512610394638182,0.11811023622047244,1.0
EMC3-AS1,0.05644183473640774,0.8110236220472441,1.0
CIDECP,-0.5838914488288798,0.5275590551181102,1.0
FANCD2,0.24808390450988638,0.8031496062992126,1.0
BRK1,0.08250082065931519,0.7874015748031497,1.0
VHL,0.06114791862579594,0.7952755905511811,1.0
IRAK2,-1.1961812082051608,0.25984251968503935,1.0
TATDN2,-0.6716189472659666,0.16535433070866143,1.0
LINC00852,-0.4247783584089011,0.6220472440944882,1.0
SEC13,-0.16978002274092585,0.5039370078740157,1.0
ATG7,-0.10887691135863142,0.905511811023622,1.0
VGLL4,-0.4283516040659405,0.8031496062992126,1.0
TAMM41,0.22543750173625732,0.5354330708661418,1.0
TSEN2,0.03335540278862403,0.952755905511811,1.0
MKRN2,-0.3516419075477737,0.2440944881889764,1.0
RAF1,-0.28369590105985143,0.4409448818897638,1.0
RPL32,-0.04237837066488126,0.8031496062992126,1.0
IQSEC1,0.07645971682684038,0.9291338582677166,1.0
NUP210,-0.14490747920130076,0.7716535433070866,1.0
HDAC11,0.48905707997870884,0.6692913385826772,1.0
CHCHD4,-1.310426057454487,0.13385826771653545,1.0
TMEM43,0.2492815439611773,0.49606299212598426,1.0
XPC,-0.3511322473170355,0.8582677165354331,1.0
LSM3,0.47608375814598425,0.33070866141732286,1.0
SLC6A6,0.22269287686032957,0.3858267716535433,1.0
CCDC174,-0.9327032610088741,0.13385826771653545,1.0
FGD5-AS1,-0.3577097909882472,0.1732283464566929,1.0
NR2C2,-1.5062801050475452,0.15748031496062992,1.0
MRPS25,0.05442896107898143,0.8346456692913385,1.0
RBSN,-0.20676327251586368,0.6771653543307087,1.0
CAPN7,0.23168208523631328,0.6220472440944882,1.0
SH3BP5-AS1,-0.9522487019757526,0.25196850393700787,1.0
SH3BP5,1.009311382826728,0.33070866141732286,1.0
METTL6,-0.684577515745203,0.3228346456692913,1.0
EAF1,-0.2604989196689509,0.6220472440944882,1.0
HACL1,-1.6483689678547386,0.11811023622047244,1.0
BTD,-0.06112418921754248,0.984251968503937,1.0
ANKRD28,-0.11223203355014988,0.8110236220472441,1.0
DPH3,-0.4397475457279807,0.5039370078740157,1.0
OXNAD1,0.6613147654987417,0.2755905511811024,1.0
RFTN1,0.255774343921253,0.5039370078740157,1.0
AC090948.1,-1.9241424592804626,0.023622047244094488,1.0
AC090948.3,-1.0203884727901094,0.30708661417322836,1.0
PLCL2,-0.5989775069346139,0.14960629921259844,1.0
TBC1D5,-0.04675245830011754,0.8503937007874016,1.0
SATB1,-0.20580217791608657,0.6299212598425197,1.0
SATB1-AS1,0.024607673082226,0.968503937007874,1.0
RAB5A,0.14363868352515485,0.5905511811023622,1.0
KAT2B,-0.1711916452579949,0.3464566929133858,1.0
HMGB1P5,-0.06289720782040842,0.6771653543307087,1.0
UBE2E1,-1.2568023759401061,0.3937007874015748,1.0
NKIRAS1,-0.7681970605922204,0.4645669291338583,1.0
RPL15,0.18676867874624925,0.4015748031496063,1.0
NR1D2,-1.1069572788820077,0.015748031496062992,1.0
TOP2B,-0.12572182831040024,0.5669291338582677,1.0
NGLY1,-0.62014184593645,0.1732283464566929,1.0
OXSM,0.1835205453266644,0.905511811023622,1.0
SLC4A7,-0.23270931144138007,0.4015748031496063,1.0
AC098614.1,0.35956871361724696,0.7086614173228346,1.0
LINC02084,-1.058803963077124,0.5196850393700787,1.0
EOMES,0.08596030505557639,0.8740157480314961,1.0
CMC1,0.0866079166835183,0.8661417322834646,1.0
AZI2,0.9488806666159331,0.4094488188976378,1.0
TGFBR2,-0.012771519411042931,0.984251968503937,1.0
AC096921.2,-0.8599848057330794,0.36220472440944884,1.0
THRAP3P1,-1.10363535474228,0.2125984251968504,1.0
STT3B,0.08876095048869637,0.6929133858267716,1.0
GPD1L,-0.5183615781559952,0.23622047244094488,1.0
CMTM8,-0.6129210404829408,0.2992125984251969,1.0
CMTM7,0.004617888762785682,0.984251968503937,1.0
CMTM6,-0.023448192148888047,0.937007874015748,1.0
DYNC1LI1,-0.19594092317696532,0.5590551181102362,1.0
RPL30P4,0.10441260219719961,0.7007874015748031,1.0
CNOT10,-1.0788014272127966,0.41732283464566927,1.0
RPL23AP43,-0.903966138556637,0.13385826771653545,1.0
CCR4,0.2584422287384682,0.8031496062992126,1.0
GLB1,-0.1259880456315523,0.7559055118110236,1.0
CRTAP,-0.05813544860764264,0.952755905511811,1.0
UBP1,0.32631203839780376,0.2677165354330709,1.0
CLASP2,-1.4703937880761022,0.11811023622047244,1.0
PDCD6IP,-0.19001589919712192,0.5826771653543307,1.0
STAC,0.6698315015184255,0.5905511811023622,1.0
HSPD1P6,-0.08502666875725895,0.8110236220472441,1.0
TRANK1,0.03641939398283256,0.9133858267716536,1.0
EPM2AIP1,-0.2982720947645108,0.5433070866141733,1.0
MLH1,0.5414635168569912,0.25984251968503935,1.0
RPL29P11,-1.9669564054224062,0.023622047244094488,1.0
LRRFIP2,-0.41392955014004773,0.31496062992125984,1.0
GOLGA4,-0.4075829086371643,0.15748031496062992,1.0
TCEA1P2,-0.1261598812174345,0.6141732283464567,1.0
CTDSPL,0.837789931211834,0.3937007874015748,1.0
VILL,-1.7124309406860245,0.30708661417322836,1.0
PLCD1,-1.6157245119764236,0.14173228346456693,1.0
ACAA1,-0.672806806719354,0.6456692913385826,1.0
MYD88,-0.6694878254705472,0.4330708661417323,1.0
OXSR1,0.14247615997072938,0.7952755905511811,1.0
ACVR2B,-0.33605494561397564,0.8346456692913385,1.0
EXOG,1.2386866036524418,0.13385826771653545,1.0
WDR48,-0.18143811852448088,0.47244094488188976,1.0
GORASP1,-1.0843273569756855,0.4015748031496063,1.0
CSRNP1,0.2873882656322184,0.6456692913385826,1.0
CX3CR1,0.47344875103236994,0.8740157480314961,1.0
SLC25A38,0.27377594335661115,0.5826771653543307,1.0
RPSA,-0.2829885077806713,0.4015748031496063,1.0
EIF1B,0.037702664776269046,0.8346456692913385,1.0
ENTPD3-AS1,0.5248905993069934,0.6062992125984252,1.0
RPL14,-0.17541334270442377,0.31496062992125984,1.0
ZNF619,1.3581271416388003,0.3700787401574803,1.0
ZNF620,-0.28658384127421876,0.7007874015748031,1.0
ZNF621,0.1285239605864703,0.5905511811023622,1.0
AC099560.2,-0.04565529115904532,0.9291338582677166,1.0
CTNNB1,-0.14963342522633383,0.6850393700787402,1.0
ULK4,-0.9896247829685678,0.36220472440944884,1.0
TRAK1,0.7889334596387663,0.031496062992125984,1.0
AC092047.1,-0.46737805165028545,0.3779527559055118,1.0
SEC22C,-0.09590722393509843,0.8110236220472441,1.0
SS18L2,-0.2685039289937432,0.6141732283464567,1.0
NKTR,-0.04355287048943435,0.7401574803149606,1.0
HIGD1A,-0.016134768565168933,0.9606299212598425,1.0
POMGNT2,-0.10045712798993023,0.952755905511811,1.0
SNRK,-0.6312101513337387,0.10236220472440945,1.0
ANO10,0.47554801149909753,0.6456692913385826,1.0
ABHD5,0.10383556764931345,0.7244094488188977,1.0
TCAIM,-1.2340415359368322,0.23622047244094488,1.0
ZNF445,-0.5917519421741813,0.3464566929133858,1.0
ZNF852,0.4042053059165043,0.6614173228346457,1.0
ZKSCAN7,1.0613240885423365,0.10236220472440945,1.0
ZNF660,-1.169196273560266,0.25984251968503935,1.0
ZNF197,-0.620487260918031,0.6377952755905512,1.0
ZNF35,-1.122067405388392,0.2047244094488189,1.0
ZNF502,0.0025659292538124934,1.0,1.0
KIAA1143,0.5349832923529441,0.4645669291338583,1.0
TMEM42,-1.4342824574348727,0.11023622047244094,1.0
ZDHHC3,-0.24349739427259642,0.47244094488188976,1.0
EXOSC7,-1.226358707771868,0.25196850393700787,1.0
CDCP1,1.1581119012931738,0.2440944881889764,1.0
RPS24P8,-0.3108816361008504,0.5905511811023622,1.0
LARS2,-0.17927797430770687,0.8346456692913385,1.0
LIMD1,0.012302108247853383,0.984251968503937,1.0
SACM1L,0.17533251446964737,0.48031496062992124,1.0
LZTFL1,-0.3757979977751429,0.6377952755905512,1.0
FYCO1,-0.3910183077243117,0.3543307086614173,1.0
CXCR6,0.37477598626115594,0.5118110236220472,1.0
CCR1,1.1240969387941888,0.1889763779527559,1.0
CCR2,1.2670987608936426,0.3464566929133858,1.0
CCR5,1.4736611430500366,0.047244094488188976,1.0
CCRL2,-0.27262984056400796,0.8661417322834646,1.0
LRRC2,0.5789187931766706,0.84251968503937,1.0
CCDC12,0.053323397134589,0.9921259842519685,1.0
NBEAL2,1.5651996696205464,0.14173228346456693,1.0
SETD2,-0.07658052033349438,0.905511811023622,1.0
KIF9,0.8394105070084903,0.4645669291338583,1.0
KLHL18,-0.3029183437490688,0.5196850393700787,1.0
AC099778.1,0.30653885679360515,0.6929133858267716,1.0
PTPN23,-0.2665742169113736,0.968503937007874,1.0
SCAP,0.43123737787596195,0.9212598425196851,1.0
ELP6,-1.2156463495367564,0.36220472440944884,1.0
SMARCC1,0.046102360728339065,0.7559055118110236,1.0
DHX30,-0.6065104375566337,0.6299212598425197,1.0
MAP4,0.7142537285537909,0.09448818897637795,1.0
CDC25A,0.04272298144439313,1.0,1.0
NDUFB1P1,-0.6451503508459098,0.11023622047244094,1.0
ZNF589,-0.45212510981508824,0.7637795275590551,1.0
FCF1P2,1.3646194137804346,0.18110236220472442,1.0
NME6,-0.8833979375179051,0.2755905511811024,1.0
CCDC51,0.1986649622695671,0.7795275590551181,1.0
TMA7,0.28477529550709946,0.5196850393700787,1.0
SHISA5,0.021558534157758658,0.952755905511811,1.0
UQCRC1,0.26911718750494007,0.5669291338582677,1.0
SLC26A6,-0.047742734153671584,0.9212598425196851,1.0
NCKIPSD,-1.8867920352168792,0.07086614173228346,1.0
IP6K2,-0.128487057140954,0.8188976377952756,1.0
PRKAR2A,0.3594472528454702,0.33858267716535434,1.0
SLC25A20,-0.02745956246428083,0.952755905511811,1.0
ARIH2OS,-0.513154528086408,0.4645669291338583,1.0
ARIH2,-0.10429309215351079,0.6614173228346457,1.0
P4HTM,-0.19064454847499368,0.9448818897637795,1.0
DALRD3,-1.113743274311377,0.09448818897637795,1.0
NDUFAF3,-1.0619244889235557,0.5354330708661418,1.0
IMPDH2,-0.11145315145032786,0.8976377952755905,1.0
QRICH1,-0.009814273660821549,0.937007874015748,1.0
QARS,-0.2382144064462075,0.48031496062992124,1.0
USP19,-0.8579860512542608,0.03937007874015748,1.0
CCDC71,0.2708079898844995,0.7559055118110236,1.0
C3orf62,-0.39702319654264917,0.5511811023622047,1.0
USP4,-0.5330404336116406,0.11023622047244094,1.0
GPX1,-1.156619266226544,0.48031496062992124,1.0
RHOA,0.1265817191381977,0.6692913385826772,1.0
TCTA,-0.7528550855089113,0.2283464566929134,1.0
DAG1,-0.8224635126194753,0.41732283464566927,1.0
APEH,0.4890394760116603,0.2047244094488189,1.0
MST1,0.2995591671705018,0.6692913385826772,1.0
GMPPB,-1.037018267769103,0.15748031496062992,1.0
IP6K1,-0.46474179755199607,0.8818897637795275,1.0
UBA7,-0.24564630238515672,0.984251968503937,1.0
MON1A,0.8646569382691585,0.3858267716535433,1.0
RBM6,0.18764823389608143,0.4330708661417323,1.0
RBM5,0.02832079750588523,0.889763779527559,1.0
GNAI2,-0.09298827066136184,0.9291338582677166,1.0
NAT6,0.0912664116461932,0.9133858267716536,1.0
TUSC2,-0.1001721117621619,0.7874015748031497,1.0
RASSF1,-0.3067602186832552,0.36220472440944884,1.0
NPRL2,-0.8674456176099636,0.5511811023622047,1.0
CYB561D2,0.5627665058139328,0.1732283464566929,1.0
TMEM115,1.5821538370018864,0.031496062992125984,1.0
CACNA2D2,0.11157598441130645,0.9448818897637795,1.0
C3orf18,-1.0221161236850125,0.28346456692913385,1.0
HEMK1,-0.5447715163837317,0.5748031496062992,1.0
CISH,-0.3398162814419221,0.8740157480314961,1.0
MAPKAPK3,0.46673958062346,0.16535433070866143,1.0
DOCK3,0.8576559806291792,0.3858267716535433,1.0
MANF,0.3417697232154966,0.1889763779527559,1.0
RBM15B,-0.14044713140142395,0.5826771653543307,1.0
DCAF1,-0.6425431738443388,0.8740157480314961,1.0
RAD54L2,-0.20450014202001565,0.47244094488188976,1.0
TEX264,0.24413449780711716,0.5590551181102362,1.0
RRP9,-0.09379460077500479,0.9448818897637795,1.0
PARP3,-0.6875506259792856,0.4566929133858268,1.0
PCBP4,0.9381890914407744,0.4409448818897638,1.0
ABHD14B,-0.482237718579853,0.952755905511811,1.0
ABHD14A,0.2381024138733019,0.9448818897637795,1.0
RPL29,0.13284748296341498,0.7952755905511811,1.0
DUSP7,0.6321516062330916,0.29133858267716534,1.0
ALAS1,-0.15721487577228288,0.6377952755905512,1.0
TWF2,-0.07815530016668637,0.9763779527559056,1.0
PPM1M,0.3390587176493467,0.4251968503937008,1.0
WDR82,-0.21907009170905312,0.47244094488188976,1.0
GLYCTK,0.8973556465524037,0.3858267716535433,1.0
DNAH1,-0.4163215580997597,0.5748031496062992,1.0
AC092045.1,-0.8843074665025474,0.23622047244094488,1.0
BAP1,-0.8119234066917702,0.6141732283464567,1.0
PHF7,-1.0738827053895585,0.18110236220472442,1.0
NISCH,-0.4368820574373027,0.2283464566929134,1.0
SMIM4,0.23964734317487313,0.7007874015748031,1.0
PBRM1,-0.32551014672151357,0.06299212598425197,1.0
GNL3,-0.10476053505996141,0.7874015748031497,1.0
GLT8D1,-0.9604447370862212,0.5039370078740157,1.0
SPCS1,-0.0034906048257719036,1.0,1.0
NEK4,0.5607438343189903,0.5669291338582677,1.0
SFMBT1,-0.9329393916810433,0.5590551181102362,1.0
RFT1,0.8262678266000889,0.48031496062992124,1.0
PRKCD,0.09831350656495008,0.7480314960629921,1.0
TKT,-0.36739035168869094,0.3858267716535433,1.0
DCP1A,-0.5734862237311216,0.11811023622047244,1.0
SNORD63,-0.25944836078807376,0.8110236220472441,1.0
AC012467.2,-0.6918348991027232,0.3700787401574803,1.0
ACTR8,-0.04269339004496331,0.952755905511811,1.0
SELENOK,-0.020580821733206633,0.9448818897637795,1.0
WNT5A,-0.015372318062204515,1.0,1.0
CCDC66,-0.38966369502948695,0.3937007874015748,1.0
FAM208A,-0.349128417759049,0.05511811023622047,1.0
ARHGEF3,0.16296844717271775,0.7716535433070866,1.0
APPL1,-0.05410896632093287,0.7952755905511811,1.0
ASB14,-0.7980029275121644,0.4330708661417323,1.0
RNF7P1,-0.37234001560109276,0.6220472440944882,1.0
PDE12,-0.9850899130869926,0.5984251968503937,1.0
ARF4,-0.032008270578350206,0.905511811023622,1.0
DENND6A,-0.266720738014703,0.5196850393700787,1.0
SLMAP,0.22866299505887522,0.5669291338582677,1.0
FLNB,-0.9638649957894045,0.4881889763779528,1.0
DNASE1L3,1.0835469364034642,0.25196850393700787,1.0
ABHD6,-1.074235844795583,0.30708661417322836,1.0
RPP14,-0.7217965436512301,0.29133858267716534,1.0
PXK,-0.5627331498750054,0.23622047244094488,1.0
PDHB,-0.37240037919420743,0.3228346456692913,1.0
KCTD6,0.8117328622125946,0.3937007874015748,1.0
RPL10AP6,-0.12132390176741836,0.7007874015748031,1.0
AC104849.1,-0.2835384574232709,0.7637795275590551,1.0
THOC7,-0.47706320254050993,0.6220472440944882,1.0
ATXN7,-0.20189652511198997,0.44881889763779526,1.0
PSMD6,0.057846935998575155,0.8740157480314961,1.0
SLC25A26,-0.4992357538133323,0.33858267716535434,1.0
LRIG1,-0.9443511369720126,0.2755905511811024,1.0
KBTBD8,-0.7209540530990832,0.3228346456692913,1.0
SUCLG2,-0.2036996251782215,0.5511811023622047,1.0
FAM19A1,-0.35329172061695235,0.6614173228346457,1.0
PSMC1P1,-0.5230901816958777,0.1732283464566929,1.0
EOGT,-0.5231190458899615,0.84251968503937,1.0
TMF1,-0.609529641805791,0.09448818897637795,1.0
UBA3,-0.18071056968677812,0.7244094488188977,1.0
ARL6IP5,0.11985651447436396,0.7086614173228346,1.0
FRMD4B,1.6393662991843554,0.047244094488188976,1.0
FOXP1,-0.46155608430421147,0.023622047244094488,1.0
EIF4E3,0.3106813669782742,0.5433070866141733,1.0
GPR27,-0.16734919460793174,0.9291338582677166,1.0
PROK2,-0.9730399889545671,0.4409448818897638,1.0
RYBP,-0.06927103389454015,0.8346456692913385,1.0
SHQ1,0.4510014525860351,0.48031496062992124,1.0
FTH1P23,-0.2025398430954477,0.8110236220472441,1.0
PPP4R2,-0.37584628019315147,0.07086614173228346,1.0
EBLN2,-0.48046525658925865,0.5275590551181102,1.0
HNRNPA3P6,-0.046131180134940664,0.9212598425196851,1.0
FAM86DP,0.08402451561252544,1.0,1.0
ZNF717,-1.7576915655272813,0.05511811023622047,1.0
AC026877.1,0.339361671884826,0.5433070866141733,1.0
GBE1,-0.35499960684996745,0.5826771653543307,1.0
CYP51A1P1,-0.3936623772066312,0.7165354330708661,1.0
CHMP2B,-0.3486405627339737,0.3543307086614173,1.0
CGGBP1,0.06827808743110975,0.6614173228346457,1.0
ZNF654,-0.09770336710591554,0.8031496062992126,1.0
C3orf38,-0.22506123875409312,0.33858267716535434,1.0
ARL13B,-0.28787943862629994,0.4409448818897638,1.0
DHFR2,0.17197544905958084,0.8582677165354331,1.0
NSUN3,-0.3915320175307224,0.9606299212598425,1.0
HNRNPKP4,-0.3047224664824193,0.3779527559055118,1.0
MTRNR2L12,-0.32706000898715404,0.8110236220472441,1.0
ARL6,0.5404999514255393,0.5275590551181102,1.0
CRYBG3,1.5614569303218186,0.1968503937007874,1.0
RIOX2,0.8240378714818943,0.47244094488188976,1.0
CLDND1,0.7156321637520495,0.1889763779527559,1.0
CPOX,-0.6385984665334883,0.3464566929133858,1.0
GPR15,1.5434674416665188,0.13385826771653545,1.0
WWP1P1,-0.011753225852736637,0.9921259842519685,1.0
CMSS1,0.2955520650247938,0.6456692913385826,1.0
FILIP1L,0.12426438826049013,0.9448818897637795,1.0
TBC1D23,-0.46266892198252574,0.30708661417322836,1.0
NIT2,0.36148973068836554,0.4409448818897638,1.0
TOMM70,0.6413755680919149,0.10236220472440945,1.0
TFG,0.1767150886068798,0.29133858267716534,1.0
SENP7,0.06810334077150859,0.9291338582677166,1.0
AC110994.2,-0.21829420713226888,0.7007874015748031,1.0
TRMT10C,-0.5608776115600271,0.05511811023622047,1.0
PCNP,0.08367296922177658,0.7007874015748031,1.0
AC073861.1,-1.353141173658189,0.7637795275590551,1.0
ZBTB11,-0.27511754571191727,0.3858267716535433,1.0
RPL24,-0.043511844821566115,0.7480314960629921,1.0
PDCL3P4,-1.3444626326664617,0.13385826771653545,1.0
CEP97,-1.228667443553214,0.3228346456692913,1.0
NXPE3,-0.45753102316246075,0.2125984251968504,1.0
NFKBIZ,0.8653883177124211,0.2440944881889764,1.0
ALCAM,0.5493608012819569,0.6062992125984252,1.0
CBLB,0.3661243984874476,0.08661417322834646,1.0
BBX,-0.10509898151552743,0.6850393700787402,1.0
CD47,-0.504421033074058,0.2204724409448819,1.0
LINC01215,0.20364745425670794,0.7401574803149606,1.0
IFT57,0.1407223594947533,0.6614173228346457,1.0
CIP2A,-0.9763518812835577,0.41732283464566927,1.0
DZIP3,1.0892134590625986,0.08661417322834646,1.0
TRAT1,0.18213934125329523,0.7165354330708661,1.0
DPPA4,0.0014463463884231142,1.0,1.0
NECTIN3,0.2722121805359077,0.5275590551181102,1.0
CD96,0.6145097724597992,0.12598425196850394,1.0
AC055748.1,0.08366718357221226,0.9291338582677166,1.0
PLCXD2,-0.6587310851548027,0.36220472440944884,1.0
PHLDB2,-0.6633790848131094,0.29133858267716534,1.0
ABHD10,-0.7660894893201489,0.1968503937007874,1.0
GCSAM,0.0942604171326531,0.9212598425196851,1.0
CD200,0.08696529545240717,0.952755905511811,1.0
BTLA,0.15152777049521093,0.905511811023622,1.0
ATG3,0.15728399438802754,0.4094488188976378,1.0
SLC35A5,1.0990607569051867,0.08661417322834646,1.0
CCDC80,-0.7335836219758447,0.49606299212598426,1.0
CD200R1,0.061225133961194445,0.937007874015748,1.0
GTPBP8,0.5726103803325922,0.10236220472440945,1.0
NEPRO,0.09079269108576238,0.7716535433070866,1.0
CFAP44,-0.31047004817889245,0.8976377952755905,1.0
SPICE1,-0.44646168033698475,0.7480314960629921,1.0
SIDT1,-0.6341242324890706,0.06299212598425197,1.0
SIDT1-AS1,-0.37350463078923857,0.7165354330708661,1.0
USF3,-0.07085793848558541,0.7795275590551181,1.0
NAA50,-0.40442538568429587,0.08661417322834646,1.0
AC108693.1,0.290180337992312,0.84251968503937,1.0
ATP6V1A,0.025917129192828625,0.9133858267716536,1.0
ZDHHC23,0.1300246273519554,0.8267716535433071,1.0
CCDC191,-0.5461600244782367,0.6692913385826772,1.0
QTRT2,-0.2588100487785261,0.7401574803149606,1.0
AC093010.2,0.4821694159173724,0.5196850393700787,1.0
TIGIT,0.3299727760768718,0.2204724409448819,1.0
ZBTB20,0.06831490329051881,0.8267716535433071,1.0
BZW1P2,-0.11818205041146523,0.5433070866141733,1.0
PTMAP8,-1.8281543844053256,0.03937007874015748,1.0
B4GALT4,-0.4797879933716276,0.8267716535433071,1.0
ARHGAP31,0.09487557532403912,0.8976377952755905,1.0
RPS26P21,-0.7248865352857952,0.49606299212598426,1.0
TMEM39A,0.3896667574313897,0.29133858267716534,1.0
POGLUT1,0.03927362562318315,0.9291338582677166,1.0
TIMMDC1,0.35249426951143636,0.30708661417322836,1.0
ADPRH,0.7545291076195424,0.48031496062992124,1.0
COX17,0.35646914019929365,0.48031496062992124,1.0
GSK3B,-0.15360915792632213,0.5196850393700787,1.0
LRRC58,-0.649087696018964,0.031496062992125984,1.0
FSTL1,-0.1839025903181828,0.905511811023622,1.0
NDUFB4,-0.1732803067722104,0.5039370078740157,1.0
RABL3,-0.08835721768711302,0.84251968503937,1.0
GTF2E1,0.11126016019576168,0.9212598425196851,1.0
NAP1L1P3,-1.074363337509289,0.031496062992125984,1.0
HCLS1,-0.10553392044717924,0.5433070866141733,1.0
RN7SL172P,-0.40812831367145175,0.6850393700787402,1.0
GOLGB1,-0.18164364052848558,0.2283464566929134,1.0
IQCB1,-0.08547599855633692,0.8188976377952756,1.0
EAF2,-0.3439507960425332,0.7322834645669292,1.0
CD86,2.167608789360316,0.10236220472440945,1.0
CCDC58,1.5475076684429219,0.06299212598425197,1.0
FAM162A,-0.11792126914342749,0.7952755905511811,1.0
WDR5B,0.5772281366609529,0.6456692913385826,1.0
AC083798.2,0.9679020986877604,0.3228346456692913,1.0
KPNA1,-0.5252989526664038,0.09448818897637795,1.0
PARP9,-0.2602827186896759,0.7244094488188977,1.0
DTX3L,-0.3202031325963439,0.5826771653543307,1.0
PARP15,-0.07425366782043863,0.7795275590551181,1.0
PARP14,-0.12925282280171224,0.7007874015748031,1.0
HSPBAP1,-0.7065393205400778,0.5905511811023622,1.0
DIRC2,0.029226942514374965,0.9763779527559056,1.0
LINC02035,0.43494152113861073,0.6850393700787402,1.0
SEC22A,0.40336748428732117,0.4566929133858268,1.0
HACD2,-0.477701311895677,0.30708661417322836,1.0
CCDC14,0.2604322902908338,0.23622047244094488,1.0
UMPS,-1.6682068720248022,0.11023622047244094,1.0
ITGB5,0.33076659682392306,0.8267716535433071,1.0
HEG1,0.06287895425071355,0.9291338582677166,1.0
ZNF148,0.22086344868560737,0.5196850393700787,1.0
SNX4,0.36762031714375,0.16535433070866143,1.0
OSBPL11,-0.04126843974726757,0.889763779527559,1.0
FAM86JP,0.6065876994598441,0.7244094488188977,1.0
SLC41A3,0.06237704294865054,0.889763779527559,1.0
ZXDC,-0.8196183766776537,0.6929133858267716,1.0
PLXNA1,-1.2113860135708472,0.18110236220472442,1.0
TPRA1,0.1929677493999855,0.6141732283464567,1.0
MCM2,0.3308251898787833,0.8503937007874016,1.0
ABTB1,-0.6833561438024498,0.36220472440944884,1.0
MGLL,0.8742016859280688,0.44881889763779526,1.0
SEC61A1,0.3553189821624283,0.5590551181102362,1.0
RUVBL1,-0.23218684337787554,0.2047244094488189,1.0
EEFSEC,0.9932837405952442,0.30708661417322836,1.0
RPN1,0.19675277627151377,0.4094488188976378,1.0
RAB7A,0.10474466282083483,0.6299212598425197,1.0
ACAD9,-0.47345297992511926,0.6220472440944882,1.0
AC108673.2,0.30375153057824256,0.7165354330708661,1.0
ISY1,-0.47675459918041785,0.2755905511811024,1.0
CNBP,-0.07269842724165354,0.8031496062992126,1.0
COPG1,-0.09588654795189377,0.6456692913385826,1.0
HMCES,0.6257967218461999,0.33858267716535434,1.0
H1FX,-0.02487756874020297,0.9763779527559056,1.0
RPL32P3,0.37826040365801417,0.5826771653543307,1.0
MBD4,0.0704683027827766,0.8582677165354331,1.0
IFT122,-0.43393499797138935,0.6850393700787402,1.0
PLXND1,-1.4008104595341457,0.3228346456692913,1.0
TMCC1,-1.1173461905239557,0.47244094488188976,1.0
AC083799.1,-0.028122208326236908,0.937007874015748,1.0
PIK3R4,-0.985815950387579,0.14173228346456693,1.0
ATP2C1,-0.2569974311114871,0.6220472440944882,1.0
ASTE1,0.8633605241938871,0.09448818897637795,1.0
NUDT16,0.23720160556877934,0.6692913385826772,1.0
MRPL3,-0.20203454659980302,0.5826771653543307,1.0
DNAJC13,0.206612742367283,0.4645669291338583,1.0
UBA5,-0.425220288456881,0.5039370078740157,1.0
NPHP3,0.1224299538300988,0.7322834645669292,1.0
SNORA33,0.6866915320134568,0.3858267716535433,1.0
CDV3,-0.3520521039025164,0.2125984251968504,1.0
TOPBP1,-0.638144879480083,0.07086614173228346,1.0
SRPRB,0.4410534464859426,0.2755905511811024,1.0
RAB6B,0.40731079948956617,0.7637795275590551,1.0
RYK,-0.16468715822264723,0.7716535433070866,1.0
ANAPC13,-1.2994226169207899,0.2677165354330709,1.0
CEP63,-0.25865226130988983,0.3543307086614173,1.0
MSL2,-0.3891240745569995,0.08661417322834646,1.0
PCCB,-0.7582498994625397,0.49606299212598426,1.0
STAG1,-0.17402843701792392,0.6220472440944882,1.0
AC117382.1,-0.7581625402562115,0.5118110236220472,1.0
NCK1-AS1,1.6228151606963934,0.05511811023622047,1.0
NCK1,-0.2056197025425197,0.6692913385826772,1.0
HSPA8P9,0.314035558870581,0.7165354330708661,1.0
DBR1,0.07108038622275714,0.889763779527559,1.0
ARMC8,-0.37000593543105964,0.2047244094488189,1.0
CEP70,-1.0235327138916408,0.3937007874015748,1.0
FAIM,-0.012498457446299405,0.9763779527559056,1.0
PIK3CB,-0.030406813657094744,0.9291338582677166,1.0
MRPS22,-0.37041098193206556,0.8582677165354331,1.0
COPB2,0.06716119173549728,0.7952755905511811,1.0
SLC25A36,-0.602175854790107,0.2283464566929134,1.0
PXYLP1,-1.2448542968940621,0.03937007874015748,1.0
ZBTB38,0.10543405195870825,0.7874015748031497,1.0
RASA2,-0.46408787534961515,0.015748031496062992,1.0
RNF7,-0.520225762617148,0.25196850393700787,1.0
ATP1B3,-0.04152195454428309,0.8661417322834646,1.0
TFDP2,-0.21789839688460333,0.5354330708661418,1.0
AC133435.1,-1.431102138426203,0.14960629921259844,1.0
GK5,-0.234623384858212,0.5669291338582677,1.0
XRN1,0.07679901396834676,0.7086614173228346,1.0
ATR,0.21014534547319386,0.6062992125984252,1.0
AC021074.1,-0.3874054105915081,0.7322834645669292,1.0
U2SURP,-0.148108857751156,0.33858267716535434,1.0
CHST2,-0.12502854619411785,0.8976377952755905,1.0
SLC9A9,-0.7629654916674853,0.5039370078740157,1.0
ST13P15,-1.3042040160239068,0.11023622047244094,1.0
C3orf58,-0.5389973976400642,0.7322834645669292,1.0
PLSCR1,-0.23897462600299235,0.6456692913385826,1.0
CPA3,-0.17563203691742135,0.8582677165354331,1.0
GYG1,0.371618159559703,0.11811023622047244,1.0
HLTF,-0.05741112264012482,0.9448818897637795,1.0
HPS3,0.24784818324703117,0.5433070866141733,1.0
TM4SF1,2.002623094667401,0.1732283464566929,1.0
WWTR1,2.548897060613154,0.06299212598425197,1.0
COMMD2,-0.2849540481225379,0.4251968503937008,1.0
RNF13,0.027295943375510667,0.9212598425196851,1.0
AC117395.1,-1.0113768104969674,0.3858267716535433,1.0
AC022494.1,-0.9061056727309924,0.3700787401574803,1.0
TSC22D2,-0.8956563708711629,0.33070866141732286,1.0
SERP1,0.030235341585475695,0.84251968503937,1.0
EIF2A,-0.21081599364340953,0.47244094488188976,1.0
SELENOT,-0.10891508137682226,0.47244094488188976,1.0
ERICH6-AS1,0.48212545071670876,0.5984251968503937,1.0
SIAH2,0.22735377368935783,0.36220472440944884,1.0
GPR171,0.8139527109130507,0.08661417322834646,1.0
P2RY14,-1.7207793885949745,0.2755905511811024,1.0
MBNL1,0.06858913879508854,0.7007874015748031,1.0
P2RY1,-0.3604678762524631,0.7637795275590551,1.0
RAP2B,-0.5261369319508695,0.31496062992125984,1.0
DHX36,-0.09675948793255262,0.6614173228346457,1.0
C3orf33,-0.31075044439155564,0.7559055118110236,1.0
SLC33A1,0.47019958334867873,0.25984251968503935,1.0
GMPS,0.7143233497037595,0.14960629921259844,1.0
SETP14,-0.6037122161766426,0.07086614173228346,1.0
KCNAB1,-0.22458990195792006,0.8031496062992126,1.0
SSR3,0.2413437883500471,0.2125984251968504,1.0
TIPARP,-0.048909573061271416,0.937007874015748,1.0
PA2G4P4,0.24030081298189865,0.6850393700787402,1.0
LEKR1,-0.27769380252709963,0.7480314960629921,1.0
CCNL1,-0.16228532107374427,0.5590551181102362,1.0
RSRC1,-0.02659255011501127,0.937007874015748,1.0
MLF1,-0.1162538736203067,0.9448818897637795,1.0
GFM1,0.12302915741980414,0.7007874015748031,1.0
LXN,-0.8495252533035247,0.3937007874015748,1.0
MFSD1,-0.23667416802608443,0.6141732283464567,1.0
BRD7P2,-0.8775041160989177,0.15748031496062992,1.0
IFT80,-0.8484378820170653,0.4566929133858268,1.0
SMC4,0.15735717574799324,0.6850393700787402,1.0
TRIM59,-1.3614539548391733,0.2204724409448819,1.0
KPNA4,-0.04371892417033507,0.8740157480314961,1.0
PPM1L,-0.434020115009357,0.5196850393700787,1.0
B3GALNT1,-0.006294990675935086,1.0,1.0
NMD3,0.09112696200180093,0.9212598425196851,1.0
SPTSSB,0.5380093584164438,0.44881889763779526,1.0
PDCD10,0.036289203772200906,0.9133858267716536,1.0
SERPINI1,0.6184993815318061,0.4409448818897638,1.0
GOLIM4,0.9043655953349763,0.05511811023622047,1.0
AC074033.1,0.004705879235084254,0.9763779527559056,1.0
MYNN,-0.7488593464797324,0.15748031496062992,1.0
SEC62,-0.16688419268281063,0.30708661417322836,1.0
GPR160,-0.4357786684819702,0.6377952755905512,1.0
PHC3,0.10189629569286929,0.6614173228346457,1.0
PRKCI,-0.304666788816113,0.5039370078740157,1.0
SKIL,0.2882307584219701,0.7637795275590551,1.0
RPL22L1,0.4580391192701674,0.1968503937007874,1.0
EIF5A2,-0.5931245601194846,0.1732283464566929,1.0
TNIK,-0.26312396238726254,0.6377952755905512,1.0
PLD1,-0.8243338909345697,0.3228346456692913,1.0
FNDC3B,-1.0925086904111012,0.14173228346456693,1.0
TNFSF10,0.8313043673904739,0.10236220472440945,1.0
NCEH1,0.3177158274985121,0.7007874015748031,1.0
ECT2,0.0746839090239293,0.889763779527559,1.0
UBE2V1P2,0.7964194822432322,0.4645669291338583,1.0
TBL1XR1,0.15576501514541796,0.6456692913385826,1.0
ZMAT3,-0.27807359132099574,0.29133858267716534,1.0
PIK3CA,-0.5228491651092941,0.12598425196850394,1.0
LRRFIP1P1,-0.51293714979803,0.5354330708661418,1.0
ZNF639,-0.16638890543422136,0.7716535433070866,1.0
MFN1,-0.8958612707049705,0.5984251968503937,1.0
GNB4,0.18168436664489307,0.905511811023622,1.0
ACTL6A,0.17223522739944608,0.8188976377952756,1.0
MRPL47,0.7085898851863064,0.48031496062992124,1.0
NDUFB5,0.683469299057891,0.12598425196850394,1.0
USP13,0.5189386762845003,0.5039370078740157,1.0
TTC14,0.2444069967081841,0.5984251968503937,1.0
CCDC39,-1.7723869565607833,0.03937007874015748,1.0
FXR1,0.03254942056289245,0.8818897637795275,1.0
DNAJC19,-0.03810679525472249,0.9212598425196851,1.0
ATP11B,0.07968050515572145,0.5669291338582677,1.0
DCUN1D1,-0.2126525559835768,0.6614173228346457,1.0
MCCC1,-1.5595526527787043,0.11023622047244094,1.0
MCF2L2,-0.25302513302714413,0.84251968503937,1.0
LINC00888,-0.7337442458372889,0.3700787401574803,1.0
SNORA81,-1.774795005991245,0.07086614173228346,1.0
KLHL6,0.8345212961351658,0.3543307086614173,1.0
KLHL24,-0.42522038512865734,0.2047244094488189,1.0
YEATS2,-1.3901742048460592,0.1968503937007874,1.0
PARL,-0.36565044788722734,0.49606299212598426,1.0
ABCC5,-0.3973042530479205,0.33858267716535434,1.0
EIF2B5,0.03993537984198614,0.9212598425196851,1.0
AC131235.1,-0.5037729323149511,0.2283464566929134,1.0
DVL3,0.22822992031580558,0.29133858267716534,1.0
AP2M1,0.5456868612612711,0.2047244094488189,1.0
ABCF3,0.2360667326856314,0.4881889763779528,1.0
ALG3,-0.6105356051454458,0.8031496062992126,1.0
ECE2,-0.8924157665543617,0.16535433070866143,1.0
PSMD2,-0.21571386932040415,0.5984251968503937,1.0
EIF4G1,-0.9446005539994475,0.9763779527559056,1.0
FAM131A,1.0379962064716888,0.36220472440944884,1.0
POLR2H,-1.4748612486684687,0.14960629921259844,1.0
MAGEF1,-0.513121365439539,0.3543307086614173,1.0
VPS8,0.3916495242649898,0.2440944881889764,1.0
EHHADH,-1.237696955678552,0.2047244094488189,1.0
MAP3K13,-0.9128531335063981,0.7637795275590551,1.0
RPL4P4,-0.18013366420321741,0.48031496062992124,1.0
TMEM41A,-0.05137938547595233,0.8976377952755905,1.0
SENP2,0.9671923216366789,0.031496062992125984,1.0
IGF2BP2,-0.3003594616999772,0.7952755905511811,1.0
TRA2B,-0.0098895127507026,0.9763779527559056,1.0
CRYGS,0.24958800245852886,0.7637795275590551,1.0
TBCCD1,-0.7481939183305841,0.047244094488188976,1.0
DNAJB11,0.4056488762897503,0.2992125984251969,1.0
EIF4A2,-0.24559576210977596,0.5118110236220472,1.0
RFC4,-0.5929684384762237,0.7952755905511811,1.0
RPS20P14,-0.5460587640017209,0.11023622047244094,1.0
ST6GAL1,-0.09122950922530393,0.8818897637795275,1.0
RPL39L,-0.572054936206154,0.6141732283464567,1.0
RTP4,-0.5861840392365996,0.5590551181102362,1.0
BCL6,-0.11554800052864245,0.8661417322834646,1.0
BCL6-AS1,-0.35891680320109076,0.7322834645669292,1.0
LPP,-0.578949940078541,0.10236220472440945,1.0
TPRG1,1.304377555678863,0.1732283464566929,1.0
IL1RAP,0.06238358647193598,0.9763779527559056,1.0
CCDC50,0.13214351255780343,0.8818897637795275,1.0
MB21D2,0.8198580262581425,0.4645669291338583,1.0
OPA1,-0.0021842734956987186,0.9763779527559056,1.0
HES1,-0.2901875950299324,0.7401574803149606,1.0
ATP13A3,-0.09856327511765528,0.8582677165354331,1.0
TMEM44-AS1,0.9143690538782181,0.2992125984251969,1.0
LSG1,-0.6751700138694865,0.28346456692913385,1.0
FAM43A,-0.7131484256646878,0.23622047244094488,1.0
XXYLT1,-0.109434381614129,0.9133858267716536,1.0
ACAP2,-0.2860399504070248,0.1968503937007874,1.0
PPP1R2,-0.1799604905119594,0.6535433070866141,1.0
APOD,-0.7545282447769264,0.44881889763779526,1.0
LINC00969,-0.6089120309717582,0.2440944881889764,1.0
TNK2,-0.07801755811735234,0.9291338582677166,1.0
SDHAP1,-0.6672460126857578,0.6220472440944882,1.0
TFRC,0.25786195121448685,0.5984251968503937,1.0
SLC51A,-0.9199291272947405,0.33858267716535434,1.0
PCYT1A,-0.5297321855248027,0.25196850393700787,1.0
TCTEX1D2,-0.42183490155027137,0.5748031496062992,1.0
UBXN7,-0.39671781395955374,0.2677165354330709,1.0
RNF168,-0.45377909190217736,0.14960629921259844,1.0
RPS29P3,-0.38000317820754326,0.5433070866141733,1.0
WDR53,-0.4996188856463615,0.5826771653543307,1.0
FBXO45,-0.1247379466956886,0.7165354330708661,1.0
NRROS,-0.6162824562951768,0.31496062992125984,1.0
PIGX,-0.5821453652625603,0.09448818897637795,1.0
CEP19,0.8150162096382081,0.5275590551181102,1.0
PAK2,0.04847683235124833,0.8582677165354331,1.0
SENP5,0.14877307421317543,0.5905511811023622,1.0
AC016949.1,0.37296757700381256,0.7165354330708661,1.0
NCBP2,-0.19422825124908805,0.48031496062992124,1.0
NCBP2-AS2,-0.1561683630184687,0.9921259842519685,1.0
PIGZ,-0.7584998133052744,0.3858267716535433,1.0
DLG1,0.21881019621065168,0.48031496062992124,1.0
BDH1,0.4664691940036829,0.25984251968503935,1.0
AC132008.2,-0.10982603166161331,0.968503937007874,1.0
RUBCN,-0.4215613040397814,0.4409448818897638,1.0
FYTTD1,-0.08528552532134004,0.7795275590551181,1.0
LRCH3,-0.40851315105322517,0.8661417322834646,1.0
AC144530.1,0.5400385892035842,0.5984251968503937,1.0
IQCG,1.076723982483847,0.25196850393700787,1.0
RPL35A,0.04301029015104341,0.8740157480314961,1.0
LMLN,0.005417449394061302,1.0,1.0
ZNF595,-0.29032196256642706,0.7244094488188977,1.0
ZNF718,-1.021571873673965,0.2204724409448819,1.0
ZNF876P,0.3534953498058244,0.6377952755905512,1.0
ZNF141,0.09064531679189791,0.8818897637795275,1.0
AC079140.2,-0.003675828745568488,0.9921259842519685,1.0
ZNF721,-0.19278442714044441,0.6299212598425197,1.0
PIGG,-0.05072524140577617,0.84251968503937,1.0
PDE6B,0.9451396567454085,0.30708661417322836,1.0
ATP5I,0.24268828312156554,0.5354330708661418,1.0
PCGF3,0.8603045692470346,0.047244094488188976,1.0
GAK,-0.47919764597889003,0.8661417322834646,1.0
TMEM175,0.4323533642608739,0.5511811023622047,1.0
DGKQ,-0.29775236203207367,0.4015748031496063,1.0
IDUA,0.46729871022072933,0.7401574803149606,1.0
FGFRL1,0.32992240810495677,0.7480314960629921,1.0
SPON2,-0.2081037852023826,0.7795275590551181,1.0
CTBP1,-0.19222400645784266,0.8503937007874016,1.0
CTBP1-AS2,-0.06634312753055482,0.9212598425196851,1.0
MAEA,-0.09902804039331503,0.8818897637795275,1.0
UVSSA,0.6281300066371847,0.2755905511811024,1.0
AC147067.1,0.3347217526125952,0.6850393700787402,1.0
SLBP,-0.4588654334964417,0.4330708661417323,1.0
TMEM129,-0.5733456208773466,0.30708661417322836,1.0
TACC3,-0.06494878201723076,0.984251968503937,1.0
LETM1,0.17484284912174708,0.6692913385826772,1.0
NSD2,-0.1592754716218936,0.7007874015748031,1.0
NELFA,-0.056369932831579206,0.905511811023622,1.0
HAUS3,-0.31224015221111223,0.6141732283464567,1.0
MXD4,-0.7416762745545924,0.7244094488188977,1.0
ZFYVE28,0.3121418975364545,0.4094488188976378,1.0
RNF4,0.16483422437648088,0.7322834645669292,1.0
FAM193A,-0.008212854698867567,0.9921259842519685,1.0
TNIP2,-0.5035881771343922,0.937007874015748,1.0
SH3BP2,-0.008368782578332734,0.9606299212598425,1.0
ADD1,-0.06624765521323273,0.8976377952755905,1.0
MFSD10,-0.32611989583154344,0.937007874015748,1.0
NOP14-AS1,1.7576922523255027,0.031496062992125984,1.0
NOP14,-0.6230603254351719,0.5433070866141733,1.0
GRK4,-0.6014014971987023,0.5118110236220472,1.0
HTT,-0.8249918537053933,0.6456692913385826,1.0
RGS12,-0.393669383564033,0.6062992125984252,1.0
LRPAP1,-0.7785243361034309,0.8503937007874016,1.0
TMEM128,0.30612868436657426,0.6141732283464567,1.0
LYAR,-0.1084430150916349,0.7637795275590551,1.0
ZBTB49,0.45265012499907487,0.5590551181102362,1.0
NSG1,-1.7848440355451531,0.11023622047244094,1.0
STX18,-0.5424428960480769,0.07874015748031496,1.0
STX18-AS1,0.3128414733865126,0.7637795275590551,1.0
EVC2,0.29063591051054005,0.7952755905511811,1.0
JAKMIP1,0.6827424048484927,0.1968503937007874,1.0
WFS1,0.6916922899086868,0.5275590551181102,1.0
MAN2B2,0.4450326794931989,0.1889763779527559,1.0
MRFAP1,-0.3624544367394096,0.28346456692913385,1.0
AC093323.1,-0.06990564011732481,0.9212598425196851,1.0
LINC002481,0.494447725281304,0.3779527559055118,1.0
S100P,-0.7816477896656412,0.2047244094488189,1.0
MRFAP1L1,-0.25330480249036125,0.5826771653543307,1.0
BLOC1S4,-0.4029218657664515,0.36220472440944884,1.0
KIAA0232,-0.02866522807858196,0.937007874015748,1.0
TBC1D14,-0.9426320680080744,0.31496062992125984,1.0
TADA2B,0.4116106001995208,0.3228346456692913,1.0
GRPEL1,-0.2236210249930659,0.5433070866141733,1.0
AFAP1,-0.5436620305806756,0.25196850393700787,1.0
ABLIM2,-0.38562760465223755,0.7716535433070866,1.0
GMPSP1,-0.13303282831892993,0.8661417322834646,1.0
SH3TC1,-0.30388494038361413,0.8346456692913385,1.0
ACOX3,-1.271918700348267,0.1732283464566929,1.0
TRMT44,-0.371403585920842,0.7401574803149606,1.0
AC105345.1,-0.23775498456653432,0.84251968503937,1.0
AC005674.2,-0.5422283270542092,0.5984251968503937,1.0
WDR1,-0.01083142091210032,0.984251968503937,1.0
ZNF518B,-0.5626001625857375,0.11811023622047244,1.0
CLNK,1.0073219960263815,0.5511811023622047,1.0
RNPS1P1,-0.17832007658442384,0.8267716535433071,1.0
RAB28,-0.47456487339364006,0.5984251968503937,1.0
BOD1L1,-0.16050379782508273,0.5826771653543307,1.0
LINC00504,-0.1015817869273461,1.0,1.0
CPEB2,0.7871871654690983,0.2047244094488189,1.0
FBXL5,0.007448458349439413,0.9763779527559056,1.0
FAM200B,-0.16523287583491708,0.5196850393700787,1.0
CD38,-0.12227426190782165,0.9448818897637795,1.0
FGFBP2,0.06940603630319941,1.0,1.0
TAPT1,-0.7195937781743806,0.2204724409448819,1.0
LDB2,0.0315996109756882,0.937007874015748,1.0
QDPR,0.3963159699486587,0.6141732283464567,1.0
LAP3,-0.050623409579714895,0.9212598425196851,1.0
MED28,-0.40430774141933146,0.28346456692913385,1.0
DCAF16,0.21162492469778726,0.5118110236220472,1.0
NCAPG,0.2806782775742416,0.8740157480314961,1.0
LCORL,0.13590085116348405,0.8976377952755905,1.0
AC114728.1,-0.1713843997923794,0.3858267716535433,1.0
PACRGL,0.7868213530146964,0.47244094488188976,1.0
ADGRA3,0.37261637110692925,0.6220472440944882,1.0
CDC42P6,-0.190198880236637,0.5826771653543307,1.0
DHX15,-0.3640022445077564,0.11811023622047244,1.0
SEPSECS,0.1750746553472382,0.6929133858267716,1.0
SEPSECS-AS1,0.45939711852300036,0.5511811023622047,1.0
PI4K2B,-0.6895902829811837,0.5905511811023622,1.0
ZCCHC4,-2.409913465183396,0.031496062992125984,1.0
ANAPC4,-0.06943189053380827,0.8346456692913385,1.0
RPS29P11,-1.233005030793262,0.2125984251968504,1.0
SEL1L3,0.46849842901399263,0.29133858267716534,1.0
SMIM20,-0.4542557792977284,0.3779527559055118,1.0
RBPJ,0.6728938406974523,0.03937007874015748,1.0
TBC1D19,-1.4193840637214579,0.07086614173228346,1.0
STIM2,-0.1232867228237744,0.5354330708661418,1.0
AC106047.1,0.0853153985567423,0.9212598425196851,1.0
AC016687.1,-0.6787206022098524,0.4409448818897638,1.0
ARAP2,0.061498010116475044,0.7165354330708661,1.0
AC104078.1,0.5321439509554455,0.5905511811023622,1.0
DTHD1,-0.2806537109755789,0.1889763779527559,1.0
RELL1,0.33749185698005446,0.6850393700787402,1.0
PGM2,0.1903420463862311,0.6299212598425197,1.0
TBC1D1,-0.0953120712312856,0.9212598425196851,1.0
KLF3,-0.9067759948622287,0.1968503937007874,1.0
TLR1,0.16803349191590788,0.7637795275590551,1.0
TLR6,-0.23029806366111027,0.8346456692913385,1.0
TMEM156,-1.0043340453238114,0.44881889763779526,1.0
KLHL5,-0.9835247382839807,0.4409448818897638,1.0
WDR19,-1.040451662785804,0.3464566929133858,1.0
RFC1,-0.015472971298000182,0.9606299212598425,1.0
RPL9,-0.16843639052883574,0.49606299212598426,1.0
LIAS,0.042426566433343194,0.9606299212598425,1.0
UGDH,-0.12275610713417962,0.6614173228346457,1.0
SMIM14,-0.0055353675653213585,0.9763779527559056,1.0
UBE2K,-0.07757369515155332,0.7637795275590551,1.0
PDS5A,-0.264854275699685,0.12598425196850394,1.0
AC098591.2,0.014544288519345638,0.9763779527559056,1.0
N4BP2,-0.08015331485316501,0.7952755905511811,1.0
RHOH,0.4959541948522723,0.08661417322834646,1.0
TMEM33,-0.005381685839084938,0.9763779527559056,1.0
SLC30A9,0.28694067679272806,0.33858267716535434,1.0
ATP8A1,-0.1694784630149213,0.6299212598425197,1.0
NDUFB4P12,-0.6909308400103278,0.29133858267716534,1.0
GUF1,0.5553686397895223,0.25984251968503935,1.0
GNPDA2,0.03975514333239438,0.9606299212598425,1.0
RAC1P2,0.28169077366061046,0.5039370078740157,1.0
COMMD8,0.10296425292301237,0.8346456692913385,1.0
ATP10D,0.745616881765442,0.10236220472440945,1.0
NFXL1,-0.470561818898509,0.2440944881889764,1.0
TXK,-0.09070981103835596,0.8267716535433071,1.0
TEC,0.1897644616789833,0.6929133858267716,1.0
SLAIN2,-0.05405251958363788,0.6850393700787402,1.0
FRYL,0.09666398350962613,0.6141732283464567,1.0
OCIAD1,0.40096900166809757,0.2204724409448819,1.0
OCIAD2,0.32807473049845015,0.36220472440944884,1.0
DCUN1D4,-1.0036169957892547,0.4094488188976378,1.0
SGCB,-0.07501551329485512,0.9606299212598425,1.0
USP46,-0.5249329553206268,0.3937007874015748,1.0
DANCR,-0.8808888695367041,0.49606299212598426,1.0
SCFD2,-0.7128314728181797,0.48031496062992124,1.0
FIP1L1,0.3597752936134553,0.2283464566929134,1.0
LNX1,-0.6339760945088124,0.5275590551181102,1.0
CHIC2,0.07036843600797038,0.8031496062992126,1.0
KIT,0.2960526320324197,0.7874015748031497,1.0
SRD5A3,0.9797036912855086,0.18110236220472442,1.0
TMEM165,-0.07374647662699019,0.8740157480314961,1.0
CLOCK,-0.029061131551047836,0.937007874015748,1.0
EXOC1,-0.2235438256346418,0.6692913385826772,1.0
CEP135,0.3370697909563498,0.6141732283464567,1.0
AASDH,0.06364107753001136,0.8503937007874016,1.0
PPAT,0.2947537653575636,0.4645669291338583,1.0
PAICS,-0.8928435913158066,0.6614173228346457,1.0
SRP72,0.1947526225510927,0.4015748031496063,1.0
HOPX,0.2630104891877991,0.5590551181102362,1.0
SPINK2,0.5221061173425552,0.6377952755905512,1.0
REST,0.2668578654922067,0.5590551181102362,1.0
NOA1,-0.16285018043411004,0.6771653543307087,1.0
POLR2B,-0.6093442004415062,0.3779527559055118,1.0
IGFBP7,0.08208722028447202,0.8661417322834646,1.0
EXOC5P1,-1.1689071204476718,0.2677165354330709,1.0
AC115223.1,-0.47276817438649577,0.6220472440944882,1.0
CENPC,0.22283445842625937,0.47244094488188976,1.0
STAP1,0.8114530883892193,0.4645669291338583,1.0
UBA6,-0.6440403250199411,0.2755905511811024,1.0
UBA6-AS1,-1.4693902293726075,0.047244094488188976,1.0
GCOM2,1.2955745997440218,0.15748031496062992,1.0
YTHDC1,-0.2685641261395606,0.2283464566929134,1.0
MT2P1,-1.0879579710514886,0.4251968503937008,1.0
TMPRSS11E,0.02103657820207827,1.0,1.0
SULT1B1,0.23700337930359128,0.5511811023622047,1.0
ODAM,1.0092633595955882,0.5275590551181102,1.0
FDCSP,2.5835230364037693,0.29133858267716534,1.0
JCHAIN,1.318805055814964,0.33858267716535434,1.0
UTP3,0.4552223923263137,0.49606299212598426,1.0
RUFY3,0.38612869244973513,0.44881889763779526,1.0
GRSF1,-0.539210978092032,0.12598425196850394,1.0
MOB1B,-0.6561630926339745,0.7795275590551181,1.0
DCK,0.26053237777840454,0.5354330708661418,1.0
SLC4A4,-1.4671483147283961,0.015748031496062992,1.0
COX18,-0.9044005512684263,0.13385826771653545,1.0
ANKRD17,-0.07892815032734557,0.7165354330708661,1.0
CXCL8,1.5979311964690694,0.1968503937007874,1.0
CXCL3,0.5310342337370417,0.6456692913385826,1.0
CXCL2,0.5664379113806595,0.7401574803149606,1.0
MTHFD2L,-1.1767105107636255,0.2677165354330709,1.0
EREG,0.6452109483104045,0.6220472440944882,1.0
AREG,0.7415214491099622,0.4015748031496063,1.0
RCHY1,-0.24214195383932768,0.4645669291338583,1.0
THAP6,-0.09950992738053621,0.8267716535433071,1.0
G3BP2,0.3431830170630539,0.13385826771653545,1.0
USO1,0.30838768418728435,0.3464566929133858,1.0
NAAA,0.3847813722713136,0.3228346456692913,1.0
SDAD1,0.1904970716843737,0.4881889763779528,1.0
NUP54,-0.17932949996330638,0.7480314960629921,1.0
SCARB2,-0.7575868289944423,0.7086614173228346,1.0
SNX5P1,-1.1990292126644488,0.1732283464566929,1.0
SEPT11,0.13952759963239458,0.6771653543307087,1.0
TXNP6,-0.9713481484868907,0.4566929133858268,1.0
CCNI,0.06734009613020575,0.5905511811023622,1.0
CCNG2,0.2413305381913311,0.6377952755905512,1.0
CXCL13,1.3792462891645103,0.5669291338582677,1.0
CNOT6L,-0.33594935817044735,0.1732283464566929,1.0
MRPL1,-0.249704542340611,0.33070866141732286,1.0
SERBP1P5,-1.4876105695029023,0.14960629921259844,1.0
BMP2K,-1.2209661827540892,0.31496062992125984,1.0
PAQR3,-0.3458803133034811,0.4330708661417323,1.0
ANTXR2,0.9364920799929681,0.2125984251968504,1.0
PRDM8,-0.9248372369412845,0.3779527559055118,1.0
RASGEF1B,0.9121956202837742,0.28346456692913385,1.0
BIN2P1,-1.74979114469868,0.12598425196850394,1.0
HNRNPD,-0.11988366965473851,0.5590551181102362,1.0
AC124016.1,-0.12242254477042303,1.0,1.0
HNRNPDL,-0.2847130431733529,0.18110236220472442,1.0
ENOPH1,-0.38842316092113016,0.8818897637795275,1.0
AC067942.1,-0.6644708507583086,0.4409448818897638,1.0
AC067942.2,1.6538803336533254,0.09448818897637795,1.0
SCD5,0.03318070498668391,0.9606299212598425,1.0
SEC31A,-0.4664287786742918,0.1968503937007874,1.0
THAP9-AS1,-0.5726668036909652,0.33070866141732286,1.0
THAP9,-1.5315156002412493,0.10236220472440945,1.0
LIN54,-0.1469246498956398,0.7952755905511811,1.0
COPS4,-0.1674499986701541,0.7716535433070866,1.0
PLAC8,-0.47758322903396966,0.4015748031496063,1.0
COQ2,-1.2258501980858694,0.1968503937007874,1.0
HPSE,0.08318316999200359,0.905511811023622,1.0
HELQ,-0.4692040035183096,0.1732283464566929,1.0
MRPS18C,-1.3799640616442788,0.2204724409448819,1.0
ABRAXAS1,-0.10708687507363956,0.937007874015748,1.0
C4orf36,0.09003490004464165,1.0,1.0
AFF1,-0.033277390724895994,0.8976377952755905,1.0
TECRP1,-1.1142348733902407,0.5826771653543307,1.0
KLHL8,0.003646221592122245,0.9763779527559056,1.0
HSD17B11,0.09261554260804683,0.6929133858267716,1.0
NUDT9,-0.014995165557115442,0.9921259842519685,1.0
SPARCL1,0.5609369279362575,0.6850393700787402,1.0
HSP90AB3P,-0.5933536003531579,0.09448818897637795,1.0
SPP1,0.9132404046868488,0.44881889763779526,1.0
PKD2,0.05783848068433617,0.8740157480314961,1.0
ABCG2,-1.549533076170194,0.031496062992125984,1.0
PPM1K,-0.21124976339070667,0.41732283464566927,1.0
HERC6,-0.18488819497366427,0.8031496062992126,1.0
HERC5,-0.029029098942987108,1.0,1.0
HERC3,-0.4530975458287605,0.3228346456692913,1.0
NAP1L5,0.3867415638590721,0.28346456692913385,1.0
FAM13A,0.3224343487136947,0.6929133858267716,1.0
TIGD2,-0.43205612751469635,0.6692913385826772,1.0
GPRIN3,0.4455861794636613,0.11023622047244094,1.0
MMRN1,-1.5648950042991765,0.25984251968503935,1.0
TMSB4XP8,-0.3599216757433652,0.31496062992125984,1.0
SMARCAD1,0.23943412726147173,0.44881889763779526,1.0
PDLIM5,-0.06207156162410321,0.8740157480314961,1.0
COX7A2P2,0.38419704264371335,0.7086614173228346,1.0
RAP1GDS1,0.20303891318622735,0.4881889763779528,1.0
TSPAN5,0.42033715878802447,0.13385826771653545,1.0
EIF4E,-0.20008513940406214,0.7086614173228346,1.0
METAP1,-0.2063487911961408,0.4330708661417323,1.0
ADH5,0.18797796856244986,0.6614173228346457,1.0
TRMT10A,-0.48569830961949045,0.7165354330708661,1.0
DAPP1,0.9684111190762978,0.16535433070866143,1.0
LAMTOR3,-0.32063167463638287,0.1732283464566929,1.0
DNAJB14,-0.008153040078992646,0.984251968503937,1.0
H2AFZ,-0.32887153026759464,0.06299212598425197,1.0
EMCN,1.6701033133301069,0.11811023622047244,1.0
PPP3CA,0.11448323919925141,0.5039370078740157,1.0
FLJ20021,1.9706987727935021,0.047244094488188976,1.0
BANK1,-0.9485587722698747,0.5275590551181102,1.0
SLC39A8,-0.11293894570165719,0.84251968503937,1.0
NFKB1,0.15188752432074004,0.8267716535433071,1.0
MANBA,0.19866905088056885,0.8110236220472441,1.0
UBE2D3,-0.10559405771708796,0.6850393700787402,1.0
AC018797.2,-0.006791195231948377,0.984251968503937,1.0
CISD2,-0.877585985240251,0.07086614173228346,1.0
SLC9B2,0.06362947986249257,0.8503937007874016,1.0
BDH2,1.4605177882836178,0.03937007874015748,1.0
CENPE,-0.2997486734485304,0.8267716535433071,1.0
TET2,-0.018142348663863217,0.9291338582677166,1.0
PPA2,-0.07885472411522443,0.84251968503937,1.0
EEF1A1P9,-2.6975332488297523,0.031496062992125984,1.0
INTS12,0.5308267888816487,0.14173228346456693,1.0
GSTCD,-0.6555529208123043,0.6299212598425197,1.0
TBCK,-0.03191988677894386,0.9291338582677166,1.0
AIMP1,0.06662232104038601,0.84251968503937,1.0
PAPSS1,0.0500123968153634,0.952755905511811,1.0
CYP2U1,-0.8099963279828639,0.5354330708661418,1.0
HADH,-1.695257513637535,0.08661417322834646,1.0
LEF1,0.4600803735805119,0.7244094488188977,1.0
RPL34,-0.07704381687361384,0.7007874015748031,1.0
OSTC,-0.035434647071782344,0.952755905511811,1.0
SEC24B,-0.7919326479023479,0.031496062992125984,1.0
MCUB,-0.28783214884918795,0.4094488188976378,1.0
CASP6,0.4706534695471327,0.4409448818897638,1.0
PLA2G12A,0.07475604418835768,0.9606299212598425,1.0
GAR1,0.009456942716472128,1.0,1.0
ELOVL6,-0.3665562514435763,0.48031496062992124,1.0
snoU2_19,1.4716665346331839,0.2440944881889764,1.0
FAM241A,-0.11476365485244644,0.8582677165354331,1.0
AP1AR,0.006019837676491946,0.984251968503937,1.0
TIFA,-0.5279740228753278,0.16535433070866143,1.0
ALPK1,-1.0327264155117624,0.4094488188976378,1.0
ZGRF1,-1.952694686300172,0.05511811023622047,1.0
LARP7,-0.17565654416652077,0.5984251968503937,1.0
AC004057.1,-0.49295285237652764,0.7322834645669292,1.0
CAMK2D,-0.6630988803907973,0.05511811023622047,1.0
CIR1P2,-0.6769109572038352,0.5275590551181102,1.0
NT5C3AP1,-1.4895652064089933,0.06299212598425197,1.0
SNHG8,-0.23191789251649464,0.5590551181102362,1.0
AC110079.1,-0.5378094726569198,0.48031496062992124,1.0
METTL14,-1.3143280464935088,0.33858267716535434,1.0
SEC24D,-0.537379761492363,0.2047244094488189,1.0
USP53,0.16106078199171225,0.7165354330708661,1.0
C4orf3,-0.062302209856958335,0.8188976377952756,1.0
AC093752.1,0.2636408561119774,0.7086614173228346,1.0
PDE5A,-1.1088651319576996,0.13385826771653545,1.0
MAD2L1,-0.3071054599986107,0.4251968503937008,1.0
TNIP3,1.3816669538119202,0.07086614173228346,1.0
ANXA5,0.4242705031609155,0.18110236220472442,1.0
EXOSC9,-0.03599947878448173,0.937007874015748,1.0
CCNA2,0.784223399591073,0.3700787401574803,1.0
BBS7,-0.9724288197285391,0.4094488188976378,1.0
KIAA1109,-0.18742724188126747,0.30708661417322836,1.0
BBS12,0.197918770157117,0.8267716535433071,1.0
SPATA5,0.1440227494922297,0.889763779527559,1.0
SPRY1,1.7837854163562383,0.1732283464566929,1.0
ANKRD50,-0.003940080031820559,1.0,1.0
PLK4,0.6063136581848894,0.5511811023622047,1.0
MFSD8,-0.2303973032364972,0.4881889763779528,1.0
ABHD18,-0.6033991966890975,0.10236220472440945,1.0
LARP1B,0.3016403032194912,0.4881889763779528,1.0
PGRMC2,0.08881910378841607,0.889763779527559,1.0
JADE1,-0.5445633757204531,0.14960629921259844,1.0
SCLT1,-0.2738289320179481,0.4566929133858268,1.0
C4orf33,0.16562747594543925,0.5433070866141733,1.0
NOCT,-1.832617728503705,0.06299212598425197,1.0
ELF2,-0.44228611511284743,0.2440944881889764,1.0
PPP1R14BP3,0.9599132948652103,0.5275590551181102,1.0
NDUFC1,-0.17655896431406326,0.6771653543307087,1.0
NAA15,-0.09614217032766792,0.7559055118110236,1.0
AC097376.2,-1.6127325317631456,0.1732283464566929,1.0
RAB33B,-0.1827607788906933,0.7637795275590551,1.0
SETD7,1.1576155018021685,0.28346456692913385,1.0
MGST2,0.08844593658084365,0.9212598425196851,1.0
MAML3,1.1566797902086727,0.4330708661417323,1.0
SCOC,0.03777953762424335,0.984251968503937,1.0
ELMOD2,0.4022167654205884,0.44881889763779526,1.0
ZNF330,-0.828547143620745,0.07874015748031496,1.0
IL15,0.8896261309256901,0.2283464566929134,1.0
INPP4B,0.17904180859030383,0.7480314960629921,1.0
USP38,0.004644897291236738,0.9921259842519685,1.0
GAB1,-0.37283711467151415,0.7401574803149606,1.0
SMARCA5,-0.07366412134494205,0.4645669291338583,1.0
ANAPC10,-0.564648325286984,0.36220472440944884,1.0
HSPD1P5,-1.429564857617758,0.14173228346456693,1.0
ABCE1,0.0897948337426735,0.8110236220472441,1.0
OTUD4,-0.09458961185511416,0.7637795275590551,1.0
RTN3P1,0.7522086950685387,0.4330708661417323,1.0
MMAA,-0.4682657052766417,0.5669291338582677,1.0
ZNF827,0.028232825793183203,0.9291338582677166,1.0
LSM6,0.1270841507673861,0.8503937007874016,1.0
SLC10A7,-1.152108579151264,0.25196850393700787,1.0
GTF2F2P1,-0.14851491812501805,0.8740157480314961,1.0
TMEM184C,-0.09678663930808096,0.7007874015748031,1.0
PRMT9,-1.1427134830840169,0.5275590551181102,1.0
ARHGAP10,-1.266581239241198,0.3700787401574803,1.0
NR3C2,0.1375092221356793,0.937007874015748,1.0
LRBA,0.19010901935441904,0.44881889763779526,1.0
RPS3A,0.19055846315121894,0.6614173228346457,1.0
AC095055.1,-1.0499880920676428,0.14960629921259844,1.0
GATB,0.13217203692675739,0.8740157480314961,1.0
LINC02273,0.8469650758340466,0.3700787401574803,1.0
FBXW7,0.026633301942364795,0.952755905511811,1.0
LINC02486,0.6189159304287524,0.5590551181102362,1.0
TMEM154,0.01831537264308203,0.9763779527559056,1.0
ARFIP1,-0.042036854471977136,0.8818897637795275,1.0
FAM192BP,-0.6417770030504824,0.2047244094488189,1.0
TMEM131L,0.0638736845614698,0.8976377952755905,1.0
PLRG1,-0.14598150686122047,0.8031496062992126,1.0
MAP9,0.9456312493898489,0.14173228346456693,1.0
GUCY1A3,-0.3135394221654735,0.8818897637795275,1.0
GUCY1B3,-0.5611071272065884,0.4566929133858268,1.0
CTSO,-0.5181191342987193,0.1889763779527559,1.0
FTH1P21,1.191134740315419,0.11811023622047244,1.0
FAM198B,1.1276451823458586,0.33070866141732286,1.0
C4orf46,-0.8129656565844874,0.4881889763779528,1.0
ETFDH,-0.30700129096370476,0.4409448818897638,1.0
PPID,-0.2146058444785668,0.7086614173228346,1.0
FNIP2,-0.7494650522304882,0.25196850393700787,1.0
RAPGEF2,-0.036261898302144324,0.8818897637795275,1.0
NAF1,-0.4912308217925103,0.5354330708661418,1.0
TMA16,0.06992109308854744,0.7401574803149606,1.0
ANP32C,-0.9684783735610201,0.2992125984251969,1.0
NACA3P,-0.7072955784701573,0.031496062992125984,1.0
AC106872.2,-0.7483890359586396,0.09448818897637795,1.0
TMEM192,0.48442283930397156,0.29133858267716534,1.0
KLHL2,-0.9176465274888495,0.4409448818897638,1.0
MSMO1,1.2411180297172182,0.25984251968503935,1.0
DDX60,-0.14017950328522044,0.8031496062992126,1.0
DDX60L,-0.0453014091239865,0.905511811023622,1.0
PALLD,-0.21835818493134873,0.6771653543307087,1.0
CBR4,-0.7514998356011984,0.6220472440944882,1.0
NEK1,-0.2690114170538722,0.6692913385826772,1.0
CLCN3,0.062468273986240774,0.7244094488188977,1.0
HPF1,0.38746600617615634,0.8346456692913385,1.0
GALNT7,1.0329930819504174,0.16535433070866143,1.0
HMGB2,0.14165711643998513,0.7874015748031497,1.0
AC097534.2,-1.6322545097872008,0.10236220472440945,1.0
SAP30,0.759539614416938,0.14173228346456693,1.0
FBXO8,0.22729276940903054,0.6141732283464567,1.0
CEP44,1.6169281288900645,0.05511811023622047,1.0
HPGD,0.28102700177008266,0.6692913385826772,1.0
SPCS3,0.2223323434755633,0.6299212598425197,1.0
AGA,-0.08502401384865532,0.6614173228346457,1.0
DCTD,-0.21754190052922517,0.1889763779527559,1.0
WWC2,-0.5022652099357847,0.6614173228346457,1.0
CDKN2AIP,-0.29045092669174366,0.6377952755905512,1.0
ING2,-0.727811177084444,0.2755905511811024,1.0
RWDD4,-0.2553202594889976,0.49606299212598426,1.0
TRAPPC11,0.13238390462290894,0.7716535433070866,1.0
LINC02362,0.13758410576686608,0.9212598425196851,1.0
IRF2,0.12701842184324885,0.4409448818897638,1.0
AC099343.3,0.32790341522209276,0.7637795275590551,1.0
CASP3,-0.3784941819424201,0.6062992125984252,1.0
PRIMPOL,-1.5114092073697956,0.11811023622047244,1.0
CENPU,-0.9785271258503352,0.3228346456692913,1.0
ACSL1,-1.8081074476289225,0.05511811023622047,1.0
SLC25A4,-1.957011699177814,0.03937007874015748,1.0
CFAP97,0.07692918441607421,0.7244094488188977,1.0
SNX25,0.7028128730593215,0.5748031496062992,1.0
LRP2BP,-1.0608156744741097,0.2047244094488189,1.0
UFSP2,0.9278422874961993,0.07086614173228346,1.0
TLR3,-0.09225291054775742,0.9763779527559056,1.0
CYP4V2,0.7228249072159247,0.3543307086614173,1.0
AC093909.1,0.8950619557087598,0.3543307086614173,1.0
FRG1,0.8844617220501947,0.4566929133858268,1.0
CCDC127,-0.43577232754186523,0.6929133858267716,1.0
SDHA,-0.16388784570010984,0.7322834645669292,1.0
PDCD6,0.03206299835001314,0.8661417322834646,1.0
EXOC3,-0.027519038634646442,0.9606299212598425,1.0
PP7080,-0.9508523626168532,0.08661417322834646,1.0
CEP72,-1.676822570065758,0.13385826771653545,1.0
TPPP,1.69811523257855,0.07086614173228346,1.0
BRD9,-0.7015261695198305,0.8188976377952756,1.0
SLC12A7,-1.1813224016952875,0.2677165354330709,1.0
CLPTM1L,0.16164936042938827,0.3464566929133858,1.0
AC026748.1,0.7051164612243692,0.44881889763779526,1.0
LPCAT1,-0.545060335265954,0.8267716535433071,1.0
SDHAP3,0.28458171980740343,0.7401574803149606,1.0
AC026412.3,-1.926406508311269,0.031496062992125984,1.0
AC026412.1,-0.006888876696567348,0.9291338582677166,1.0
MRPL36,-0.19411441026891785,0.6692913385826772,1.0
NDUFS6,0.9784922033514514,0.047244094488188976,1.0
ICE1,-0.06642825161269528,0.8267716535433071,1.0
MED10,-0.008078288588905913,0.9606299212598425,1.0
NSUN2,-0.35099249647988096,0.05511811023622047,1.0
SRD5A1,-0.7047661882012477,0.12598425196850394,1.0
PAPD7,-0.9281282565283151,0.023622047244094488,1.0
MTRR,-1.384784935862231,0.2204724409448819,1.0
FASTKD3,0.2575914005573008,0.7637795275590551,1.0
FAM173B,-0.915061415278998,0.4251968503937008,1.0
CCT5,-0.3842812242979541,0.4566929133858268,1.0
MARCH6,0.1858256090102195,0.4330708661417323,1.0
DAP,0.18463537461106494,0.8267716535433071,1.0
TRIO,-0.9735760326391256,0.49606299212598426,1.0
FAM105A,-0.027640580242032975,0.9921259842519685,1.0
CCT6P2,-0.4479922541800564,0.7637795275590551,1.0
EEF1A1P13,-1.1954503812325337,0.031496062992125984,1.0
OTULIN,0.41342069946078297,0.33070866141732286,1.0
ANKH,-0.11445910081710764,0.6850393700787402,1.0
ZNF622,-1.3220571276596829,0.2283464566929134,1.0
RETREG1,-0.7131497904797865,0.6929133858267716,1.0
RPS26P28,-0.09218657562541899,1.0,1.0
BASP1,1.015209059711247,0.3937007874015748,1.0
GUSBP1,0.11874597638883566,0.9291338582677166,1.0
HSPD1P1,-0.1183772727121668,0.8110236220472441,1.0
AC010342.1,-0.9387414524265152,0.25196850393700787,1.0
MSNP1,-1.2799473110155701,0.33070866141732286,1.0
DROSHA,-0.30554191655735874,0.5196850393700787,1.0
C5orf22,-1.1174486899118108,0.3464566929133858,1.0
AC025458.1,-0.4990045774071792,0.7244094488188977,1.0
GOLPH3,-0.539431286260843,0.10236220472440945,1.0
AC025181.2,-0.015004166102216221,0.984251968503937,1.0
MTMR12,-0.15944993637825977,0.6850393700787402,1.0
ZFR,0.10577859759737951,0.6062992125984252,1.0
SUB1,-0.23634356635126075,0.4645669291338583,1.0
AC010343.1,0.19401215312102327,0.4330708661417323,1.0
TARS,-0.3481427841358897,0.7401574803149606,1.0
AC138409.2,0.04757348602065825,0.984251968503937,1.0
RAI14,0.06684500726659182,0.9291338582677166,1.0
RAD1,-0.5005322732419515,0.6062992125984252,1.0
BRIX1,0.3888007529818527,0.48031496062992124,1.0
DNAJC21,0.2610566773341114,0.2125984251968504,1.0
SPEF2,-0.7239131499497908,0.7716535433070866,1.0
IL7R,-0.6089765509837548,0.4409448818897638,1.0
LMBRD2,-1.1608476318904222,0.5275590551181102,1.0
SKP2,-0.631355576132222,0.3464566929133858,1.0
NADK2,0.062005277324074015,0.952755905511811,1.0
NIPBL,-0.18467778470745877,0.1968503937007874,1.0
RPS4XP6,0.17377781083205845,0.8582677165354331,1.0
C5orf42,0.12594032699865743,0.7480314960629921,1.0
OFD1P17,0.5502767458810758,0.23622047244094488,1.0
AC025449.1,-0.763733067982533,0.4015748031496063,1.0
NUP155,-0.8785881036836738,0.5826771653543307,1.0
WDR70,0.2820126753674632,0.3700787401574803,1.0
RICTOR,-0.47707262994842115,0.13385826771653545,1.0
FYB1,0.12132172859504209,0.30708661417322836,1.0
DAB2,-0.7391403914410013,0.5905511811023622,1.0
INTS6P1,-1.8402283831693529,0.09448818897637795,1.0
TTC33,-0.7118863616454347,0.03937007874015748,1.0
PTGER4,0.5213230816952183,0.12598425196850394,1.0
PRKAA1,0.018114609936956683,0.9606299212598425,1.0
RPL37,0.10810475209796166,0.6614173228346457,1.0
OXCT1,0.5153037913198935,0.3937007874015748,1.0
C5orf51,0.4733382901786225,0.4330708661417323,1.0
FBXO4,0.12102210293843729,0.9133858267716536,1.0
CCDC152,-0.6962202846696295,0.5118110236220472,1.0
AC025171.1,-1.1975991457924504,0.3228346456692913,1.0
ANXA2R,-0.032105558692515856,0.9448818897637795,1.0
AC025171.2,-0.9840033284742637,0.4251968503937008,1.0
ZNF131,0.3516431392252475,0.2204724409448819,1.0
HMGCS1,-0.18934599407613106,0.7086614173228346,1.0
CCL28,-1.762801827972725,0.031496062992125984,1.0
TMEM267,-0.9344441625372117,0.2755905511811024,1.0
C5orf34,-0.3301062201984766,0.6377952755905512,1.0
PAIP1,0.2079484624223218,0.8582677165354331,1.0
NNT-AS1,0.41113413234318186,0.6141732283464567,1.0
NNT,0.07573721411851952,0.7874015748031497,1.0
MRPS30,-0.060070740880577844,0.8976377952755905,1.0
AC093297.2,0.2953281001060901,0.7637795275590551,1.0
EMB,0.2049150889766107,0.4645669291338583,1.0
PARP8,-0.43866924010201913,0.05511811023622047,1.0
ITGA1,2.6287618935897346,0.015748031496062992,1.0
PELO,-0.02792005598031988,1.0,1.0
ITGA2,0.8205657755528264,0.5984251968503937,1.0
MOCS2,-0.31726945289160113,0.3228346456692913,1.0
AC008966.1,-0.13349124867896012,0.905511811023622,1.0
NDUFS4,-0.6532654641191575,0.2204724409448819,1.0
ARL15,-1.5539749622799737,0.09448818897637795,1.0
SNX18,-0.3636082481571803,0.6692913385826772,1.0
AC034238.1,1.0427358671648117,0.1968503937007874,1.0
GZMK,0.11660144273132111,0.8818897637795275,1.0
GZMA,0.6006432197452618,0.23622047244094488,1.0
DHX29,-0.3097976589930136,0.5196850393700787,1.0
SKIV2L2,-0.1274264706921402,0.6850393700787402,1.0
PLPP1,1.489076478627699,0.2283464566929134,1.0
SLC38A9,1.1987066140401725,0.15748031496062992,1.0
IL6ST,0.35505202185280815,0.44881889763779526,1.0
AC016596.1,-1.2955536498144669,0.047244094488188976,1.0
RPL26P19,-0.18459646053739576,0.31496062992125984,1.0
MAP3K1,-0.22655840060993437,0.5669291338582677,1.0
SETD9,0.08908685028914065,0.9212598425196851,1.0
MIER3,0.317236607250452,0.4251968503937008,1.0
GPBP1,-0.07827089476024884,0.6692913385826772,1.0
PLK2,0.15257180772785972,0.8110236220472441,1.0
PDE4D,0.12239680325919977,0.8110236220472441,1.0
ERCC8,-0.4959121802641009,0.6456692913385826,1.0
NDUFAF2,-0.5983245269559792,0.6535433070866141,1.0
SMIM15,0.08566751489865787,0.84251968503937,1.0
ZSWIM6,0.4879020340306033,0.2047244094488189,1.0
KIF2A,-0.05422226451976808,0.7952755905511811,1.0
DIMT1,-0.10971686775239853,0.6692913385826772,1.0
IPO11,-0.6977164554485524,0.2992125984251969,1.0
SREK1IP1,0.3946253621259057,0.25196850393700787,1.0
CWC27,-0.14214072530092636,0.5826771653543307,1.0
ADAMTS6,0.03665907035714078,0.952755905511811,1.0
CENPK,-0.8209369442460486,0.2204724409448819,1.0
PPWD1,-0.28018292314422943,0.5275590551181102,1.0
TRIM23,-0.13757113609466476,0.8188976377952756,1.0
TRAPPC13,-0.11453241319080654,0.8818897637795275,1.0
AC008560.1,-0.2006077282038059,0.7952755905511811,1.0
SGTB,1.0178914476056216,0.03937007874015748,1.0
NLN,1.1001681549160922,0.1968503937007874,1.0
ERBIN,-0.01021099125457603,0.952755905511811,1.0
SREK1,0.23219943256982134,0.36220472440944884,1.0
MAST4,-0.007334071170148171,0.9921259842519685,1.0
PIK3R1,0.0362442085535033,0.8818897637795275,1.0
SLC30A5,-1.0275087068388968,0.33858267716535434,1.0
CCNB1,-0.5888383350179198,0.47244094488188976,1.0
CENPH,-0.41546309335447873,0.5826771653543307,1.0
MRPS36,-0.4309418734979369,0.33070866141732286,1.0
CDK7,0.23641672613439013,0.7401574803149606,1.0
CCDC125,-1.0757908123483046,0.3228346456692913,1.0
AK6,-1.045114759527186,0.2125984251968504,1.0
TAF9,0.4365164066558558,0.2992125984251969,1.0
RAD17,-0.3035880543128586,0.28346456692913385,1.0
GTF2H2C,0.9275464378643212,0.2992125984251969,1.0
SMN2,0.7864649980334,0.4409448818897638,1.0
SMN1,-0.041637578897050886,0.9448818897637795,1.0
GTF2H2,0.05491441805220765,0.889763779527559,1.0
BDP1,-0.02783676382915079,0.9448818897637795,1.0
MCCC2,0.2054301558762024,0.7322834645669292,1.0
MRPS27,0.28883056630635107,0.5590551181102362,1.0
PTCD2,-1.3112814479670147,0.14173228346456693,1.0
TNPO1,-0.31159257037521026,0.14960629921259844,1.0
FCHO2,-1.1824986064493097,0.14173228346456693,1.0
BTF3,-0.06943547931950178,0.8740157480314961,1.0
ANKRA2,-0.059710698203838675,0.9133858267716536,1.0
UTP15,-0.09805763076945473,0.8110236220472441,1.0
ENC1,-0.47982123886089845,0.6141732283464567,1.0
HEXB,-0.9157651168344811,0.12598425196850394,1.0
GFM2,-0.45632214235860635,0.6850393700787402,1.0
NSA2,-0.22926414928044903,0.3228346456692913,1.0
FAM169A,-0.2168993092600262,0.7007874015748031,1.0
GCNT4,0.4685450045030628,0.6220472440944882,1.0
HMGCR,-6.977647006234378e-05,1.0,1.0
COL4A3BP,0.18000529568878498,0.5984251968503937,1.0
POLK,-0.5360896548863128,0.31496062992125984,1.0
POC5,0.34188672531971687,0.5275590551181102,1.0
AC113404.3,0.020052293336323856,0.952755905511811,1.0
IQGAP2,-0.25639445352013546,0.3779527559055118,1.0
F2R,-0.14222247890551376,0.7007874015748031,1.0
AGGF1,0.1934316142517849,0.6535433070866141,1.0
WDR41,0.3770460214068496,0.5275590551181102,1.0
RPL7P23,-0.33768601097159245,0.7795275590551181,1.0
TBCA,-0.1212367208850722,0.7637795275590551,1.0
ACTBP2,-0.9143985616391945,0.4015748031496063,1.0
AP3B1,-0.1837738895969867,0.47244094488188976,1.0
SCAMP1-AS1,-1.227360361082853,0.1889763779527559,1.0
SCAMP1,-0.08668904736935268,0.5826771653543307,1.0
ARSB,0.6410034865599061,0.5590551181102362,1.0
JMY,-0.7538933978204954,0.09448818897637795,1.0
HOMER1,-1.2085346109215434,0.18110236220472442,1.0
PAPD4,-0.03803750596609845,0.9448818897637795,1.0
MTX3,0.32464857385791657,0.5511811023622047,1.0
SERINC5,-1.5564222576059121,0.25196850393700787,1.0
RBMX2P5,-0.17657834708158537,0.8976377952755905,1.0
ZFYVE16,-0.2573948233431329,0.6220472440944882,1.0
DHFR,-0.37370173246010907,0.6062992125984252,1.0
MSH3,0.5022458676994734,0.28346456692913385,1.0
RASGRF2,-0.5345594974493166,0.7165354330708661,1.0
CKMT2-AS1,-0.7972160645530386,0.36220472440944884,1.0
ZCCHC9,0.7146177342037934,0.28346456692913385,1.0
SSBP2,-0.13280728705528055,0.84251968503937,1.0
ATG10,-0.5172254644188587,0.6220472440944882,1.0
RPS23,-0.2515571828015357,0.14173228346456693,1.0
TMEM167A,-0.04075854531293821,0.8976377952755905,1.0
XRCC4,-0.5901807077115597,0.6062992125984252,1.0
VCAN,-0.3313450498830921,0.8346456692913385,1.0
RPL5P17,-1.277295977894498,0.1968503937007874,1.0
AC026700.1,1.396607468844928,0.11023622047244094,1.0
COX7C,0.2495008540820507,0.12598425196850394,1.0
RASA1,0.43854805793862983,0.33070866141732286,1.0
CCNH,0.14967613745333797,0.5669291338582677,1.0
TMEM161B,0.17391194235027996,0.6850393700787402,1.0
TMEM161B-AS1,-1.3531223479251238,0.10236220472440945,1.0
MEF2C,-0.2757373200814426,0.8661417322834646,1.0
CETN3,-0.12201374050445679,0.8503937007874016,1.0
MBLAC2,-0.34401842973901875,0.889763779527559,1.0
POLR3G,-0.5308133049161183,0.6614173228346457,1.0
LYSMD3,0.333455285108081,0.29133858267716534,1.0
ARRDC3,-0.2758021453624302,0.4566929133858268,1.0
FAM172A,-0.19779794030721654,0.6692913385826772,1.0
NPM1P27,-0.20521070880851866,0.5118110236220472,1.0
KIAA0825,-0.5311703161644252,0.5826771653543307,1.0
AC093311.1,1.137487294449527,0.2125984251968504,1.0
SLF1,0.6415010058347681,0.2047244094488189,1.0
MCTP1,-0.26994589334753316,0.7480314960629921,1.0
TTC37,-0.10496576227618348,0.7559055118110236,1.0
ARSK,-1.3088824687806948,0.33070866141732286,1.0
RHOBTB3,-1.2670070232454673,0.28346456692913385,1.0
GLRX,-0.08408172989698226,0.9606299212598425,1.0
ELL2,-0.2497019288298361,0.7952755905511811,1.0
CAST,-0.12322020816288592,0.6377952755905512,1.0
ERAP1,-0.12354734108711884,0.7637795275590551,1.0
ERAP2,0.4509880682057261,0.6692913385826772,1.0
LNPEP,0.16220114848754008,0.7007874015748031,1.0
RIOK2,-0.14556052993357316,0.7637795275590551,1.0
AC116347.1,-0.26860916922537026,0.6771653543307087,1.0
RGMB,-0.3191725822827812,0.7007874015748031,1.0
CHD1,-0.4106934503908306,0.1889763779527559,1.0
FAM174A,-0.6508431058353126,0.5275590551181102,1.0
ST8SIA4,0.44861035226550694,0.09448818897637795,1.0
SLCO4C1,0.5678432081265656,0.8582677165354331,1.0
PAM,-0.5886996447034578,0.25984251968503935,1.0
GIN1,-0.43800233269091704,0.7165354330708661,1.0
PPIP5K2,0.12054418011352475,0.6299212598425197,1.0
C5orf30,-0.06349037430680893,0.8582677165354331,1.0
EFNA5,-0.20593968824684938,0.8346456692913385,1.0
AC024587.1,-0.4523734135912294,0.6220472440944882,1.0
FBXL17,0.06901813624055553,0.7716535433070866,1.0
FER,-0.8134127151637602,0.4409448818897638,1.0
AC034207.1,-1.4161372859894108,0.03937007874015748,1.0
PJA2,0.07156370537042633,0.7637795275590551,1.0
MAN2A1,-0.48702861405070497,0.4251968503937008,1.0
SLC25A46,0.20892852869220313,0.7401574803149606,1.0
BCLAF1P1,1.6846853083649305,0.07874015748031496,1.0
WDR36,0.32445570083350184,0.16535433070866143,1.0
CAMK4,0.41067961281838095,0.33070866141732286,1.0
STARD4,0.29859947560544775,0.47244094488188976,1.0
NREP,0.643408711806952,0.4645669291338583,1.0
EPB41L4A,0.6193862248821103,0.6062992125984252,1.0
EPB41L4A-AS1,-0.2736645790044321,0.5590551181102362,1.0
APC,-0.3020308638174276,0.031496062992125984,1.0
SRP19,0.4173030819614887,0.4015748031496063,1.0
REEP5,0.1255764908347583,0.5984251968503937,1.0
DCP2,0.4830007083716499,0.2677165354330709,1.0
MCC,0.6829760447063922,0.5748031496062992,1.0
YTHDC2,-0.8453266990865247,0.047244094488188976,1.0
PGGT1B,-0.15166328876087487,0.6692913385826772,1.0
CCDC112,0.3007576354843473,0.8582677165354331,1.0
FEM1C,-0.9119771520852034,0.2125984251968504,1.0
TMED7,0.061421607737734085,0.8503937007874016,1.0
ATG12,-0.6340349077451428,0.05511811023622047,1.0
AP3S1,0.43569944244102743,0.49606299212598426,1.0
AC034236.1,-0.10273353667292184,0.7637795275590551,1.0
COMMD10,-0.08242932043651585,0.8818897637795275,1.0
SEMA6A,-0.32390151848739834,0.6377952755905512,1.0
DTWD2,-0.47845648035288146,0.6614173228346457,1.0
PTMAP2,-0.034001445487083615,0.8976377952755905,1.0
MIR1244-2,-0.811987263455328,0.07086614173228346,1.0
DMXL1,0.11858303729770192,0.7874015748031497,1.0
TNFAIP8,0.11495688619587163,0.7086614173228346,1.0
HSD17B4,0.42679324387769935,0.3228346456692913,1.0
SRFBP1,-0.026104549091499507,0.9921259842519685,1.0
SNX2,-0.31607240748318777,0.14173228346456693,1.0
SNX24,0.15187815638795366,0.8740157480314961,1.0
CEP120,-0.4220933296032454,0.16535433070866143,1.0
CSNK1G3,-0.011247956775846113,0.9606299212598425,1.0
GRAMD2B,-0.7457502612619136,0.12598425196850394,1.0
PHAX,-0.05227123323351979,0.9212598425196851,1.0
LMNB1,-0.19778896831064596,0.7165354330708661,1.0
MARCH3,-1.286841451198118,0.11023622047244094,1.0
C5orf63,0.9742079098079621,0.4094488188976378,1.0
PRRC1,-0.005058365849004431,0.9921259842519685,1.0
LINC01184,0.20100733621085265,0.7795275590551181,1.0
SLC12A2,0.25751393061143446,0.5196850393700787,1.0
ISOC1,-0.6818131334734634,0.06299212598425197,1.0
AC113367.1,-0.6356486292556736,0.30708661417322836,1.0
HINT1,0.4585321848442998,0.05511811023622047,1.0
LYRM7,0.20575959471066785,0.7086614173228346,1.0
CDC42SE2,-0.2356027584762952,0.07086614173228346,1.0
RAPGEF6,0.04368319681987565,0.9133858267716536,1.0
FNIP1,-0.14195033998782236,0.6141732283464567,1.0
ACSL6,-0.010134039720022692,0.9921259842519685,1.0
CSF2,-0.5890899050669707,0.7165354330708661,1.0
SLC22A5,0.5507370160509515,0.44881889763779526,1.0
C5orf56,0.2183331427096915,0.5433070866141733,1.0
AC116366.1,-1.0562165676580135,0.2047244094488189,1.0
IRF1,-0.11387097341263974,0.6062992125984252,1.0
RAD50,0.15598154657017949,0.8188976377952756,1.0
KIF3A,0.40433336478835713,0.25984251968503935,1.0
SEPT8,0.5335181559668518,0.5669291338582677,1.0
UQCRQ,0.2560897240221829,0.25196850393700787,1.0
AFF4,-0.3580155361527062,0.03937007874015748,1.0
ZCCHC10,-0.08385267921724981,0.889763779527559,1.0
HSPA4,0.10478786471615464,0.7007874015748031,1.0
AC113410.3,0.636423929427243,0.5118110236220472,1.0
C5orf15,-0.11807290121786185,0.7637795275590551,1.0
VDAC1,0.37511813329966603,0.33070866141732286,1.0
TCF7,0.3857848566927755,0.6771653543307087,1.0
SKP1,-0.1866496546980443,0.3858267716535433,1.0
PPP2CA,-0.20807268296982073,0.5118110236220472,1.0
AC104109.4,0.29536206564545964,0.7007874015748031,1.0
UBE2B,-0.3222401370299597,0.28346456692913385,1.0
CDKN2AIPNL,0.5484169840820301,0.30708661417322836,1.0
JADE2,-0.16446645290190354,0.6377952755905512,1.0
SAR1B,0.2933821467036335,0.2440944881889764,1.0
SEC24A,0.3570406802593298,0.5826771653543307,1.0
CAMLG,0.2666014961213685,0.4409448818897638,1.0
DDX46,0.026418909237879262,0.8818897637795275,1.0
C5orf24,0.03653985721254305,0.9133858267716536,1.0
TXNDC15,1.7137547288159896,0.07874015748031496,1.0
PCBD2,-0.1843800725123037,0.905511811023622,1.0
MTND4P12,-0.48695855758607864,0.7401574803149606,1.0
H2AFY,-0.2917067589732456,0.3543307086614173,1.0
CXCL14,-0.8824911202790295,0.4566929133858268,1.0
TGFBI,-0.9282774956778392,0.3700787401574803,1.0
SMAD5,-0.591608826728403,0.10236220472440945,1.0
KLHL3,0.22582689526870947,0.8503937007874016,1.0
HNRNPA0,-0.07120197392649175,0.6456692913385826,1.0
FAM13B,-0.02760404777422032,0.9763779527559056,1.0
BRD8,-0.12134302601820401,0.6299212598425197,1.0
CDC23,-0.22954908193883394,0.6456692913385826,1.0
FAM53C,0.5689894380867697,0.2992125984251969,1.0
KDM3B,0.8340747992919253,0.06299212598425197,1.0
EGR1,0.2341806907263866,0.7165354330708661,1.0
ETF1,-0.05836364311899178,0.8346456692913385,1.0
HSPA9,-0.2005955509164714,0.3858267716535433,1.0
CTNNA1,0.5256346767958995,0.06299212598425197,1.0
SIL1,0.379250147537773,0.47244094488188976,1.0
MATR3,0.10473209714304588,0.6929133858267716,1.0
PAIP2,-0.37831331066925067,0.30708661417322836,1.0
MZB1,0.13044023335344068,0.8818897637795275,1.0
PROB1,-0.29290168277660333,0.7874015748031497,1.0
SPATA24,0.2888699470172269,0.6692913385826772,1.0
DNAJC18,-0.7853981538226544,0.36220472440944884,1.0
TMEM173,-0.43844247663226454,0.11023622047244094,1.0
UBE2D2,0.17278259790634198,0.2125984251968504,1.0
CXXC5,0.09407561050014746,0.8582677165354331,1.0
MALINC1,-0.9800964796414159,0.33858267716535434,1.0
PURA,0.015999519424744868,0.9606299212598425,1.0
IGIP,-0.6505907514122473,0.5354330708661418,1.0
CYSTM1,1.5999213812021131,0.06299212598425197,1.0
PFDN1,0.2640568897765103,0.5748031496062992,1.0
HBEGF,0.03551835299732087,0.984251968503937,1.0
ANKHD1,-0.961317125038383,0.3700787401574803,1.0
SRA1,-0.09779263064397536,0.7244094488188977,1.0
APBB3,-0.36310773035808364,0.9763779527559056,1.0
SLC35A4,-0.3049743159875806,0.5511811023622047,1.0
NDUFA2,0.4202848641792638,0.2992125984251969,1.0
TMCO6,-1.5869929050947267,0.07086614173228346,1.0
IK,-0.11378481372338367,0.5748031496062992,1.0
WDR55,-0.16545070206854895,0.7637795275590551,1.0
HARS,-0.0342349248528282,0.952755905511811,1.0
HARS2,-0.13566239291486726,0.8267716535433071,1.0
ZMAT2,0.23762726649357546,0.4330708661417323,1.0
TAF7,-0.07697490368084203,0.7559055118110236,1.0
PCDHGA6,-0.25754274907232433,0.6929133858267716,1.0
DIAPH1,0.03501576311622401,0.8346456692913385,1.0
HDAC3,0.03334052800549081,0.8582677165354331,1.0
FCHSD1,-0.2293481781925557,0.6141732283464567,1.0
ARAP3,0.9758766262109673,0.33858267716535434,1.0
KIAA0141,0.4111242067242342,0.3858267716535433,1.0
RNF14,0.2367965103027867,0.5275590551181102,1.0
GNPDA1,0.2786582608118602,0.7401574803149606,1.0
NDFIP1,-0.06879060936703318,0.5748031496062992,1.0
SPRY4,0.17304456963949,0.8582677165354331,1.0
ARHGAP26,-0.16635208310829164,0.44881889763779526,1.0
NR3C1,-0.31600038949052944,0.2283464566929134,1.0
YIPF5,0.5986120285514609,0.2047244094488189,1.0
LARS,0.3247168963772724,0.33858267716535434,1.0
RBM27,-0.382512269540058,0.28346456692913385,1.0
TCERG1,-0.1796784339568065,0.4566929133858268,1.0
PPP2R2B,0.37118289559125905,0.4566929133858268,1.0
JAKMIP2,-0.3432174567531536,0.3858267716535433,1.0
FBXO38,0.410587939373638,0.09448818897637795,1.0
ADRB2,-0.08687385710711482,0.984251968503937,1.0
AFAP1L1,-0.40591714392815215,0.7952755905511811,1.0
GRPEL2,0.8436576850218449,0.5118110236220472,1.0
PCYOX1L,1.2436182737187274,0.10236220472440945,1.0
CSNK1A1,0.14440283264875653,0.6614173228346457,1.0
AC021078.1,-1.0312310767382682,0.047244094488188976,1.0
PPARGC1B,-0.12980631154658573,0.8582677165354331,1.0
AC008427.1,-0.31949328641622277,0.6220472440944882,1.0
SLC26A2,0.07079660376046792,0.7559055118110236,1.0
HMGXB3,0.28644153317328236,0.5826771653543307,1.0
RPL7P1,-0.34326844512336585,0.5354330708661418,1.0
PDGFRB,-1.6713916449202644,0.2047244094488189,1.0
TCOF1,0.31087000112234087,0.4566929133858268,1.0
CD74,0.37144624916630065,0.33070866141732286,1.0
RPS14,-0.226035196671031,0.6535433070866141,1.0
NDST1,0.6802325362518727,0.41732283464566927,1.0
SYNPO,2.239452931687282,0.05511811023622047,1.0
RBM22,-0.28784086937562936,0.15748031496062992,1.0
DCTN4,0.27921576793401837,0.2047244094488189,1.0
SMIM3,-0.5326460550417638,0.7165354330708661,1.0
ZNF300,0.6059345381787526,0.5984251968503937,1.0
TNIP1,-0.3632507259856812,0.4566929133858268,1.0
ANXA6,-0.15891244569106444,0.952755905511811,1.0
CCDC69,0.01556512021212253,0.9212598425196851,1.0
GM2A,-0.07169129440871336,0.84251968503937,1.0
SLC36A1,-0.6585014691659086,0.1889763779527559,1.0
SPARC,0.40515563817910305,0.7559055118110236,1.0
AC011374.2,0.4432072794785744,0.5748031496062992,1.0
ATOX1,0.0030970125082743216,1.0,1.0
G3BP1,0.14019026693030678,0.6220472440944882,1.0
FAM114A2,-0.31421141897117444,0.4094488188976378,1.0
MFAP3,0.037240835615518275,0.952755905511811,1.0
GALNT10,-0.10183577217437545,0.5748031496062992,1.0
SAP30L-AS1,1.808348318810356,0.09448818897637795,1.0
SAP30L,-0.2496253872459615,0.44881889763779526,1.0
LARP1,0.30732481657189936,0.11023622047244094,1.0
CNOT8,-0.2753703917339392,0.36220472440944884,1.0
GEMIN5,-0.20869791239010427,0.9448818897637795,1.0
MRPL22,-0.11358082191103147,0.6850393700787402,1.0
AC008725.1,-1.4806120603902904,0.2677165354330709,1.0
SGCD,0.34179375035011095,0.6692913385826772,1.0
PPP1R2P3,-0.8521303373519367,0.3700787401574803,1.0
HAVCR2,0.431185527033767,0.33858267716535434,1.0
MED7,-0.23707337224165093,0.7637795275590551,1.0
ITK,-0.16182847078560503,0.49606299212598426,1.0
CYFIP2,-0.2115697740936362,0.4094488188976378,1.0
ADAM19,1.720025729492936,0.031496062992125984,1.0
THG1L,0.07242126373829283,0.8346456692913385,1.0
LSM11,-1.4663315023000196,0.2440944881889764,1.0
CLINT1,-0.28438909924455125,0.09448818897637795,1.0
AC008677.2,-0.14009577346529722,0.9212598425196851,1.0
RNF145,0.013386627722713484,0.9291338582677166,1.0
UBLCP1,0.13362643114633865,0.7086614173228346,1.0
GAPDHP40,-0.12050482906158022,0.8346456692913385,1.0
TTC1,0.26735321490239006,0.5748031496062992,1.0
PWWP2A,0.03806539309019197,0.8661417322834646,1.0
CCNJL,-1.5781057412478012,0.23622047244094488,1.0
AC112191.2,-0.15861470149245394,0.889763779527559,1.0
SLU7,-0.17370366643958945,0.5354330708661418,1.0
PTTG1,0.3045552284163797,0.5433070866141733,1.0
MIR3142HG,0.34191036490074866,0.7165354330708661,1.0
CCNG1,-0.4965575956751751,0.2204724409448819,1.0
NUDCD2,-0.21624768463949895,0.6850393700787402,1.0
MAT2B,-0.04188157860706099,0.9448818897637795,1.0
AC026403.1,0.5173857338076662,0.3228346456692913,1.0
RARS,-0.17390706575286963,0.6929133858267716,1.0
PANK3,0.4269212961558493,0.06299212598425197,1.0
RPL10P9,0.043092842429062195,0.9212598425196851,1.0
SPDL1,-0.3237695815548576,0.5275590551181102,1.0
DOCK2,-0.09057845987885571,0.8740157480314961,1.0
LCP2,0.2619510820470703,0.2677165354330709,1.0
NPM1,-0.06719076972186144,0.7559055118110236,1.0
FBXW11,0.08176352669711928,0.7952755905511811,1.0
STK10,-0.034354905666794444,0.9133858267716536,1.0
UBTD2,-0.7159144879679546,0.4330708661417323,1.0
AC027309.2,-0.10844948125529719,0.7480314960629921,1.0
DUSP1,-0.13840210094551608,0.8346456692913385,1.0
ERGIC1,0.0009907812987028919,1.0,1.0
RPL26L1,-0.29632337821893673,0.8661417322834646,1.0
AC008429.2,-1.085319436502651,0.12598425196850394,1.0
ATP6V0E1,-0.022330773934688963,0.9133858267716536,1.0
CREBRF,-0.11511516856706105,0.6614173228346457,1.0
BNIP1,-0.8488484624345305,0.33070866141732286,1.0
BOD1,-0.8664226137481852,0.5275590551181102,1.0
CPEB4,0.2733394835111591,0.3858267716535433,1.0
SFXN1,0.34215677361726193,0.4566929133858268,1.0
THOC3,-0.3621326347647922,0.48031496062992124,1.0
SIMC1,-1.1708463124572375,0.4330708661417323,1.0
KIAA1191,-0.07705571341227557,0.8188976377952756,1.0
AC138956.2,0.5141155680213857,0.7244094488188977,1.0
ARL10,-0.10230230492125636,0.952755905511811,1.0
NOP16,-1.9843010410368969,0.12598425196850394,1.0
HIGD2A,0.21831123041841405,0.7559055118110236,1.0
CLTB,-0.2445027541802336,0.84251968503937,1.0
FAF2,-0.23400668378581369,0.8661417322834646,1.0
RNF44,-0.05467814587967457,0.7952755905511811,1.0
TSPAN17,-0.9778026094916958,0.4566929133858268,1.0
UIMC1,-1.1418380708299107,0.6692913385826772,1.0
ZNF346,0.774620557597427,0.4566929133858268,1.0
NSD1,-0.011834566218466236,0.9763779527559056,1.0
RAB24,-1.890653516437564,0.07874015748031496,1.0
PRELID1,-1.0916272856229403,0.1968503937007874,1.0
LMAN2,0.14209600013273338,0.6535433070866141,1.0
RGS14,-0.9106597889265062,0.4566929133858268,1.0
GRK6,-0.16362854513070957,0.968503937007874,1.0
PRR7,-0.4588044357657246,0.6220472440944882,1.0
DBN1,1.2624792367040394,0.11023622047244094,1.0
PDLIM7,1.3025355579926083,0.4094488188976378,1.0
DOK3,0.4822022775953614,0.5748031496062992,1.0
DDX41,-0.411895111541591,0.8818897637795275,1.0
FAM193B,0.15385064792202385,0.7952755905511811,1.0
TMED9,0.0072333922694252095,0.984251968503937,1.0
B4GALT7,-1.0985886426146543,0.29133858267716534,1.0
AC106795.1,0.39092218448226834,0.5590551181102362,1.0
SUDS3P1,-1.0260500521675968,0.2677165354330709,1.0
AC136632.1,0.2692021256353154,0.6771653543307087,1.0
N4BP3,0.4812218879410062,0.6141732283464567,1.0
RMND5B,-0.8495566120700064,0.3543307086614173,1.0
NHP2,-1.0815658367798113,0.2992125984251969,1.0
HNRNPAB,0.02381906980003823,0.984251968503937,1.0
PHYKPL,-0.08295539599687451,0.7007874015748031,1.0
CLK4,-0.36564994058602807,0.16535433070866143,1.0
ZNF354A,-1.1528115782607515,0.4409448818897638,1.0
ZNF354B,-0.9075530419381397,0.5590551181102362,1.0
ZNF879,-0.7029940428668011,0.4094488188976378,1.0
ZNF354C,-1.5025672842385633,0.031496062992125984,1.0
AC136628.3,-0.4519920240020765,0.6062992125984252,1.0
RUFY1,-0.048732415486739455,0.8031496062992126,1.0
HNRNPH1,0.043121263765012685,0.889763779527559,1.0
CANX,-0.07901241696986538,0.6141732283464567,1.0
MAML1,-0.6989991899645842,0.29133858267716534,1.0
MGAT4B,0.8589542715580114,0.1732283464566929,1.0
SQSTM1,0.12193671788246263,0.7165354330708661,1.0
MRNIP,-1.1310977158130253,0.13385826771653545,1.0
TBC1D9B,-0.14612068805311118,0.6692913385826772,1.0
RNF130,0.04132726739400905,0.889763779527559,1.0
MAPK9,0.25750364030476014,0.015748031496062992,1.0
CNOT6,0.4156528679382463,0.36220472440944884,1.0
MGAT1,-0.9668077960673029,0.7165354330708661,1.0
HEIH,-0.46597266285428063,0.5354330708661418,1.0
LINC00847,0.22057587479700347,0.5905511811023622,1.0
ZFP62,0.24293674707276836,0.6456692913385826,1.0
TRIM41,0.5885468514818353,0.05511811023622047,1.0
RACK1,-0.07914683369722297,0.7716535433070866,1.0
TRIM52,0.18262323036815076,0.4881889763779528,1.0
TRIM52-AS1,-0.02941228771787685,0.937007874015748,1.0
DUSP22,-0.07316700872306914,0.8976377952755905,1.0
IRF4,1.1958609404323077,0.09448818897637795,1.0
EXOC2,-0.17134310618522264,0.4881889763779528,1.0
AL357054.4,0.6274420542640877,0.5275590551181102,1.0
GMDS,-0.34407476570098794,0.889763779527559,1.0
GMDS-AS1,-0.38306398217384086,0.8188976377952756,1.0
WRNIP1,0.19010422748192646,0.7086614173228346,1.0
SERPINB1,0.4794568139247737,0.2755905511811024,1.0
SERPINB9,0.22107564100056898,0.5118110236220472,1.0
SERPINB6,-0.04895749761365753,0.937007874015748,1.0
LINC01011,0.3688712477161309,0.7165354330708661,1.0
NQO2,-0.3129329770397957,0.9763779527559056,1.0
RIPK1,-0.2873768270447954,0.2283464566929134,1.0
TUBB2A,-0.1373843077656285,0.9212598425196851,1.0
PSMG4,1.1627704287876353,0.11811023622047244,1.0
GLRX3P2,-0.5760170767787107,0.6850393700787402,1.0
PRPF4B,-0.11996915713410594,0.5984251968503937,1.0
ECI2,0.9618461134359482,0.11811023622047244,1.0
CDYL,-0.8986004308826665,0.7795275590551181,1.0
RPP40,-0.6381829134258827,0.30708661417322836,1.0
LYRM4,0.7084973103726369,0.11023622047244094,1.0
FARS2,-0.19722184852614122,0.9606299212598425,1.0
AL136968.2,-0.7628334070285958,0.7637795275590551,1.0
BTF3P7,0.6991063724704414,0.47244094488188976,1.0
RREB1,-0.6711579047650789,0.7480314960629921,1.0
SSR1,-0.1851410101226083,0.4645669291338583,1.0
AL139095.2,-1.712763272219517,0.03937007874015748,1.0
RIOK1,0.04031611602837071,0.8661417322834646,1.0
SNRNP48,-0.2651332990724482,0.28346456692913385,1.0
BLOC1S5,-0.04050540315189188,0.952755905511811,1.0
EEF1E1,0.2371911825018045,0.5590551181102362,1.0
SLC35B3,0.74973863510135,0.06299212598425197,1.0
PAK1IP1,0.08460059403889186,0.905511811023622,1.0
TMEM14C,0.0011207800885943975,1.0,1.0
TMEM14B,0.16396610169750225,0.6377952755905512,1.0
SMIM13,0.12222736530008937,0.7874015748031497,1.0
NEDD9,-0.11248939699078164,0.7795275590551181,1.0
TMEM170B,-0.6502628107002928,0.5905511811023622,1.0
HIVEP1,0.4942096809743042,0.3228346456692913,1.0
RPL15P3,-0.11534308600527599,0.7401574803149606,1.0
PHACTR1,0.1122041668937388,0.952755905511811,1.0
TBC1D7,0.38144680523307173,0.5118110236220472,1.0
GFOD1,-0.0515594911052224,0.905511811023622,1.0
RPS4XP7,-1.4558412785370578,0.06299212598425197,1.0
SIRT5,-0.20642256904237177,0.7874015748031497,1.0
NOL7,0.06325996758373797,0.7559055118110236,1.0
RANBP9,0.14128046998520816,0.5118110236220472,1.0
MCUR1,-0.8431117512052451,0.7086614173228346,1.0
CD83,-0.22051956411913043,0.889763779527559,1.0
AL109914.1,-0.8699109720757108,0.4645669291338583,1.0
JARID2,0.03633500311596194,0.968503937007874,1.0
DTNBP1,0.44672797967384437,0.5039370078740157,1.0
ARPC3P5,-0.08485704395485905,0.952755905511811,1.0
MYLIP,-0.7664466086167652,0.06299212598425197,1.0
ATXN1,0.4493072038698793,0.2755905511811024,1.0
AL137003.2,-0.5380246275028127,0.5905511811023622,1.0
FAM8A1,-0.6383167060646926,0.2204724409448819,1.0
NUP153,-0.28380096373753627,0.08661417322834646,1.0
KIF13A,-0.25146598604385595,0.905511811023622,1.0
TPMT,0.08798034952228395,0.6771653543307087,1.0
KDM1B,0.5829819267605472,0.2125984251968504,1.0
DEK,-0.018048670089427787,0.9291338582677166,1.0
RNF144B,1.3536364495305595,0.25196850393700787,1.0
ID4,0.11381938810477576,0.905511811023622,1.0
MBOAT1,0.3176283842329962,0.7637795275590551,1.0
E2F3,0.11528915388384497,0.7244094488188977,1.0
CDKAL1,-0.42207312543640363,0.4251968503937008,1.0
SOX4,-0.031569052472781856,0.984251968503937,1.0
MRS2,-0.2560520828616486,0.5669291338582677,1.0
ALDH5A1,0.6595632226008865,0.3228346456692913,1.0
TDP2,-0.34037181665644134,0.3858267716535433,1.0
ACOT13,-0.6637057900745087,0.7086614173228346,1.0
AL031775.1,0.022087401637235216,1.0,1.0
C6orf62,-0.16060547972786132,0.3937007874015748,1.0
GMNN,-0.13934009310529571,0.8818897637795275,1.0
RIPOR2,-0.5778566047894769,0.2204724409448819,1.0
AL160400.1,-0.28690438948668406,0.8267716535433071,1.0
CMAHP,0.9798772692671429,0.11023622047244094,1.0
AL133268.1,-0.4359124798122398,0.5905511811023622,1.0
CARMIL1,0.25226054036415113,0.84251968503937,1.0
TRIM38,0.02875547813159507,0.9448818897637795,1.0
U91328.2,-1.7832207651899463,0.023622047244094488,1.0
HIST1H3A,0.27640974373665417,0.7165354330708661,1.0
HIST1H4B,0.09715790368830501,0.952755905511811,1.0
HIST1H1C,0.051014283432861074,0.984251968503937,1.0
HFE,1.1070041114647124,0.33858267716535434,1.0
HIST1H4C,0.46051365855879833,0.3858267716535433,1.0
HIST1H2AC,0.030680538399622925,1.0,1.0
HIST1H1E,-1.5918442809911004,0.05511811023622047,1.0
HIST1H2BD,-1.579969477892583,0.25196850393700787,1.0
HIST1H4E,-0.6805786021493232,0.44881889763779526,1.0
HIST1H2BG,-0.23525362674458705,0.7795275590551181,1.0
HIST1H2AE,-0.9595690363594696,0.33070866141732286,1.0
HIST1H1D,0.7574435723804727,0.48031496062992124,1.0
HIST1H4H,-0.95920360518706,0.29133858267716534,1.0
BTN3A2,-0.19754118125025766,0.5196850393700787,1.0
BTN2A2,-0.5348743571046248,0.7086614173228346,1.0
BTN3A1,-0.3968508174077936,0.4330708661417323,1.0
BTN3A3,0.3810888024399066,0.8818897637795275,1.0
BTN2A1,0.22060668976283093,0.5748031496062992,1.0
HCG11,-0.366877218382446,0.8661417322834646,1.0
HMGN4,0.5463458619640273,0.47244094488188976,1.0
ABT1,-0.024810266323246566,0.952755905511811,1.0
ZNF322,-0.9896058593399497,0.31496062992125984,1.0
HIST1H2BJ,-1.3096277487937833,0.07874015748031496,1.0
HIST1H4I,0.6704025014431498,0.5433070866141733,1.0
HIST1H2BK,0.261681788491968,0.8582677165354331,1.0
HIST1H2AH,0.7238042253598683,0.44881889763779526,1.0
ZNF391,-0.6357748724321927,0.4330708661417323,1.0
ZNF184,-0.27224708161712563,0.3543307086614173,1.0
AL121944.1,-1.3643447530836532,0.1732283464566929,1.0
ZNF165,0.9616003145101071,0.3700787401574803,1.0
ZSCAN16-AS1,1.1230866713118353,0.3543307086614173,1.0
ZSCAN16,-0.5194705315810555,0.7165354330708661,1.0
ZKSCAN8,0.2804004441187038,0.5826771653543307,1.0
ZSCAN9,-0.551316133748843,0.7165354330708661,1.0
ZKSCAN4,-1.5616793530392077,0.06299212598425197,1.0
ZSCAN26,0.8860581433355983,0.23622047244094488,1.0
PGBD1,-0.14824174663253453,0.8818897637795275,1.0
ZKSCAN3,0.8086743301705814,0.4409448818897638,1.0
ZSCAN12,-1.1392342722080238,0.29133858267716534,1.0
TRIM27,-0.23412974665011976,0.7007874015748031,1.0
GABBR1,-1.73196284632069,0.10236220472440945,1.0
SUMO2P1,0.225591797122628,0.6771653543307087,1.0
ZFP57,-0.343952630367262,0.7637795275590551,1.0
HLA-F,0.25341041554382926,0.29133858267716534,1.0
HLA-F-AS1,-0.5612907998898096,0.5511811023622047,1.0
HLA-H,-1.2160753996569085,0.1968503937007874,1.0
HLA-A,0.14094943899212709,0.5433070866141733,1.0
ZNRD1ASP,-0.19780516313089147,0.84251968503937,1.0
ZNRD1,-0.29763817593634023,0.5590551181102362,1.0
PPP1R11,-0.33976818221382477,0.33858267716535434,1.0
TRIM26,-0.304904505047662,0.5039370078740157,1.0
AL662795.2,-0.144356545560683,0.7637795275590551,1.0
HCG18,-0.6915140124048929,0.07874015748031496,1.0
TRIM39,0.36212755448182055,0.6220472440944882,1.0
RPP21,-0.4664446842632777,0.6850393700787402,1.0
RANP1,0.027613784420727594,0.9763779527559056,1.0
HLA-E,-0.11581443118688206,0.7716535433070866,1.0
GNL1,-1.1495184099708564,0.3779527559055118,1.0
PRR3,0.11313488865231625,0.9921259842519685,1.0
ABCF1,-0.17453598602173503,0.7480314960629921,1.0
PPP1R10,-0.0978615754719927,0.8582677165354331,1.0
MRPS18B,0.07615049220770231,0.905511811023622,1.0
ATAT1,-0.34862982672831766,0.7480314960629921,1.0
C6orf136,-0.11637315490724642,0.8267716535433071,1.0
DHX16,-1.9723239113982198,0.23622047244094488,1.0
PPP1R18,0.26411755063853803,0.3858267716535433,1.0
NRM,0.2888344749694789,0.6771653543307087,1.0
MDC1,-0.9496926253279878,0.6377952755905512,1.0
TUBB,-0.5084905479895241,0.25196850393700787,1.0
FLOT1,0.1647595035963949,0.6692913385826772,1.0
IER3,-0.21510669766594637,0.8976377952755905,1.0
DDR1,-0.3180269974727745,0.6850393700787402,1.0
VARS2,-0.2865054831429166,0.7637795275590551,1.0
CCHCR1,0.460294589652414,0.5354330708661418,1.0
TCF19,-0.514846553968523,0.6377952755905512,1.0
AL662844.4,-1.472293942924356,0.14173228346456693,1.0
HLA-C,0.12867101427449512,0.6692913385826772,1.0
HLA-B,0.23613315260081258,0.5748031496062992,1.0
RPL3P2,-0.25717917141506663,0.7952755905511811,1.0
AL645933.2,0.07775894611079326,0.84251968503937,1.0
MICA,-0.8089322828128682,0.44881889763779526,1.0
HCP5,0.27654605405941624,0.5511811023622047,1.0
MICB,-0.1639968661383131,0.84251968503937,1.0
DDX39B,0.0476125626559023,0.9212598425196851,1.0
NFKBIL1,-1.426859210030181,0.03937007874015748,1.0
LTA,0.12558515308393492,0.968503937007874,1.0
TNF,-0.5310857212404265,0.5039370078740157,1.0
LTB,0.34632430191761454,0.7007874015748031,1.0
LST1,-0.9080434848567962,0.5669291338582677,1.0
NCR3,0.1719867057310367,0.7480314960629921,1.0
AIF1,-1.3651357125170522,0.2440944881889764,1.0
PRRC2A,-0.3245114899494661,0.8976377952755905,1.0
BAG6,0.17739156332490946,0.7874015748031497,1.0
C6orf47,-0.571362642128278,0.6456692913385826,1.0
GPANK1,-0.09165351612247541,0.8503937007874016,1.0
CSNK2B,0.12415334362765051,0.7244094488188977,1.0
LY6G5C,1.7815690499940613,0.1889763779527559,1.0
MPIG6B,1.9209208609983035,0.09448818897637795,1.0
DDAH2,-0.3004558648901652,0.8346456692913385,1.0
CLIC1,0.3868392668430829,0.3700787401574803,1.0
VARS,-0.33812507809788306,0.7952755905511811,1.0
LSM2,0.4735750949717161,0.1968503937007874,1.0
HSPA1L,-0.12328219728802203,0.8582677165354331,1.0
HSPA1A,-0.19657886699991423,0.8740157480314961,1.0
HSPA1B,-0.5830176109432372,0.5669291338582677,1.0
C6orf48,0.12545529085265983,0.8188976377952756,1.0
NEU1,0.12074627753895051,0.8503937007874016,1.0
EHMT2,0.5066795664059471,0.4251968503937008,1.0
NELFE,-1.995452704199903,0.031496062992125984,1.0
SKIV2L,-1.275899529870316,0.2755905511811024,1.0
DXO,-0.1595261731719182,0.6929133858267716,1.0
STK19,-1.5362255655920025,0.11811023622047244,1.0
ATF6B,0.120407995353772,0.7244094488188977,1.0
FKBPL,0.08702734374827692,0.952755905511811,1.0
PPT2,-0.742066289195332,0.5669291338582677,1.0
AGPAT1,-0.6939654445618317,0.5039370078740157,1.0
RNF5,0.06221762758326932,0.8740157480314961,1.0
AGER,0.25270086310676954,0.7795275590551181,1.0
PBX2,-0.42575813250889905,0.3858267716535433,1.0
GPSM3,-0.20415760734599608,0.6614173228346457,1.0
NOTCH4,-1.016416026285484,0.30708661417322836,1.0
HLA-DRA,0.7988260608269186,0.08661417322834646,1.0
HLA-DRB5,-3.0677971539869846,0.06299212598425197,1.0
HLA-DRB6,2.7664332975694372,0.11811023622047244,1.0
HLA-DRB1,-0.1794186886332403,0.7952755905511811,1.0
HLA-DQA1,1.1101932801837462,0.047244094488188976,1.0
HLA-DQB1,0.3561883340439991,0.6771653543307087,1.0
HLA-DQA2,2.4017860273280753,0.18110236220472442,1.0
HLA-DOB,1.8600751101925201,0.05511811023622047,1.0
TAP2,0.1862174149583984,0.6850393700787402,1.0
PSMB8,0.42136579751519054,0.6141732283464567,1.0
PSMB8-AS1,0.39955198628448674,0.4330708661417323,1.0
PSMB9,0.10106464464322595,0.8346456692913385,1.0
TAP1,-0.6902322061502639,0.6771653543307087,1.0
HLA-DMB,1.042745351809442,0.05511811023622047,1.0
HLA-DMA,1.0874817347744266,0.07086614173228346,1.0
BRD2,-0.1378967899120518,0.7086614173228346,1.0
HLA-DOA,0.6124121337918238,0.5354330708661418,1.0
HLA-DPA1,0.4467472971278905,0.13385826771653545,1.0
HLA-DPB1,0.40783251385119,0.3228346456692913,1.0
RXRB,-0.6981816418477518,0.7165354330708661,1.0
SLC39A7,0.18714218236674451,0.4330708661417323,1.0
HSD17B8,-1.4567643759806597,0.1732283464566929,1.0
RING1,0.24854980759428003,0.5669291338582677,1.0
VPS52,-0.4771980721074436,0.44881889763779526,1.0
RPS18,-0.1286123186371242,0.8740157480314961,1.0
B3GALT4,-0.6448067711547836,0.5118110236220472,1.0
WDR46,0.1138018375315184,0.9212598425196851,1.0
PFDN6,-0.4957738014366613,0.7952755905511811,1.0
RGL2,-0.908609714022079,0.5590551181102362,1.0
TAPBP,-0.2490751713301318,0.6141732283464567,1.0
ZBTB22,-0.8403014568121829,0.48031496062992124,1.0
DAXX,-0.6035858472047684,0.937007874015748,1.0
KIFC1,0.26580930728540464,0.7795275590551181,1.0
PHF1,-0.3095767687805884,0.6535433070866141,1.0
CUTA,0.4061861210141817,0.031496062992125984,1.0
SYNGAP1,-1.6607563209713008,0.3543307086614173,1.0
BAK1,1.07940626016687,0.44881889763779526,1.0
ITPR3,-0.638703967966161,0.5039370078740157,1.0
UQCC2,1.2194357932429303,0.18110236220472442,1.0
LEMD2,-0.38848883694716285,0.5118110236220472,1.0
CYCSP55,-0.9403637784150565,0.3700787401574803,1.0
HMGA1,-0.8689814608807565,0.8110236220472441,1.0
SMIM29,-0.5627970785903291,0.84251968503937,1.0
RPS10,-0.07411197326975216,0.8188976377952756,1.0
PACSIN1,0.6978293162248068,0.5118110236220472,1.0
C6orf106,-0.24411061804032208,0.28346456692913385,1.0
AL451165.2,0.3117069530391121,0.7480314960629921,1.0
SNRPC,-0.005262588847102734,0.984251968503937,1.0
UHRF1BP1,-0.23587628947315453,0.7637795275590551,1.0
TAF11,-0.6811430446767792,0.2204724409448819,1.0
ANKS1A,-0.9942566287435701,0.2440944881889764,1.0
ZNF76,-1.1837338668406154,0.3937007874015748,1.0
DEF6,0.11760588371865843,0.9448818897637795,1.0
PPARD,0.6799331251210843,0.11811023622047244,1.0
FANCE,0.21218517659639735,0.7795275590551181,1.0
RPL10A,-0.02675340116476299,0.9291338582677166,1.0
AL033519.2,0.01380373888618891,0.9921259842519685,1.0
FKBP5,-0.9123725784045886,0.03937007874015748,1.0
SRPK1,0.11569472779156698,0.7637795275590551,1.0
MAPK14,-0.12886709148645004,0.5511811023622047,1.0
MAPK13,0.08687841470839963,0.9212598425196851,1.0
Z84485.1,-0.3616555793773736,0.5275590551181102,1.0
BRPF3,-0.3271329809030812,0.2992125984251969,1.0
ETV7,-0.8902434949560218,0.5669291338582677,1.0
KCTD20,0.008790666489532306,0.968503937007874,1.0
STK38,-0.44975322371271353,0.2677165354330709,1.0
SRSF3,-0.011961498116528801,0.952755905511811,1.0
CDKN1A,0.3223490135257263,0.8346456692913385,1.0
PPIL1,1.0538176703644933,0.31496062992125984,1.0
C6orf89,-0.6818434070909918,0.16535433070866143,1.0
MTCH1,0.1879161569240626,0.4409448818897638,1.0
FGD2,0.06928176586610357,0.905511811023622,1.0
COX6A1P2,1.0584455462702183,0.49606299212598426,1.0
PIM1,0.05746691652965907,0.8818897637795275,1.0
TBC1D22B,0.47625765336291126,0.5196850393700787,1.0
RNF8,-0.6373509697471791,0.07874015748031496,1.0
CMTR1,-0.2574696038295432,0.6456692913385826,1.0
CCDC167,0.9738013533999164,0.47244094488188976,1.0
MDGA1,0.24259278952221286,0.8582677165354331,1.0
ZFAND3,-0.35312536957416985,0.4094488188976378,1.0
BTBD9,-0.32398946730138967,0.6535433070866141,1.0
GLO1,0.05521770268926662,0.84251968503937,1.0
SAYSD1,-0.5455197508379634,0.3858267716535433,1.0
FO393411.1,-0.3310379018039038,0.13385826771653545,1.0
OARD1,-0.3042016143400801,0.3464566929133858,1.0
NFYA,-0.08024565921367177,0.8818897637795275,1.0
ADCY10P1,-0.6435889386854532,0.36220472440944884,1.0
NCR2,-0.33426669142801346,0.84251968503937,1.0
FOXP4,0.46752559460776943,0.5433070866141733,1.0
TFEB,-0.3330568001250167,0.8346456692913385,1.0
FRS3,-0.08408433791858494,0.84251968503937,1.0
USP49,0.20496151453589162,0.6377952755905512,1.0
MED20,1.067055235422686,0.30708661417322836,1.0
BYSL,-0.45711397614540084,0.5669291338582677,1.0
CCND3,-0.3052970439693752,0.5039370078740157,1.0
TAF8,-1.0143401023277372,0.5984251968503937,1.0
MRPS10,0.26438232858241495,0.6456692913385826,1.0
TRERF1,0.11423753323950958,0.6850393700787402,1.0
UBR2,-0.11694082514840076,0.5669291338582677,1.0
TBCC,0.596162819125599,0.12598425196850394,1.0
BICRAL,-0.13748072299949055,0.3700787401574803,1.0
RPL7L1,-0.13234120997092713,0.7165354330708661,1.0
C6orf226,0.5540817804036946,0.5669291338582677,1.0
CNPY3,0.3028620867205385,0.5433070866141733,1.0
AL035587.1,-0.8067891879591564,0.3700787401574803,1.0
RPL24P4,-0.358091948465173,0.2125984251968504,1.0
PEX6,1.3640643952882967,0.1968503937007874,1.0
PPP2R5D,-0.8635815331939711,0.2047244094488189,1.0
MEA1,0.1101641654941421,0.952755905511811,1.0
KLHDC3,0.141147889394857,0.84251968503937,1.0
RRP36,-0.07031233868053821,0.84251968503937,1.0
CUL7,0.6924503683801833,0.4330708661417323,1.0
KLC4,-1.0996578111285544,0.33858267716535434,1.0
MRPL2,0.3407614197545059,0.4094488188976378,1.0
SRF,0.7998142190125748,0.023622047244094488,1.0
CUL9,2.0752814098684724,0.07086614173228346,1.0
DNPH1,1.946445156253536,0.015748031496062992,1.0
ZNF318,-0.5155817023622342,0.33070866141732286,1.0
RPL12P47,-0.31099701535224145,0.84251968503937,1.0
AL583834.1,-0.5138700777808147,0.4094488188976378,1.0
ABCC10,-0.7722472626457506,0.4566929133858268,1.0
TJAP1,0.22951518194621467,0.7086614173228346,1.0
POLR1C,0.18318130636511842,0.9448818897637795,1.0
YIPF3,0.32152324381133557,0.4566929133858268,1.0
XPO5,0.4926214411923602,0.3700787401574803,1.0
POLH,-0.34173154352237356,0.9291338582677166,1.0
GTPBP2,0.001015872025700304,0.9921259842519685,1.0
MAD2L1BP,0.21737428271412274,0.8818897637795275,1.0
VEGFA,1.2408949819057935,0.2677165354330709,1.0
MRPL14,-0.3839978559353332,0.9921259842519685,1.0
TMEM63B,-0.21007278955993636,0.8188976377952756,1.0
SLC29A1,-1.1933628372712222,0.3779527559055118,1.0
HSP90AB1,-0.14884095406344322,0.6377952755905512,1.0
SLC35B2,0.5313510964190615,0.5196850393700787,1.0
NFKBIE,-0.8786804683699181,0.47244094488188976,1.0
AARS2,-0.28046360708813567,0.8267716535433071,1.0
CDC5L,0.12668043223853598,0.7244094488188977,1.0
SUPT3H,1.4895057631669166,0.031496062992125984,1.0
RUNX2,1.0283888963732082,0.28346456692913385,1.0
CLIC5,0.5178445291218314,0.7007874015748031,1.0
AL035701.1,-1.3894132155266237,0.18110236220472442,1.0
ENPP4,-0.40030750822812333,0.49606299212598426,1.0
ENPP5,-0.10940371442499508,0.8661417322834646,1.0
RCAN2,0.20427097586625464,0.8188976377952756,1.0
CD2AP,-0.41158008605029206,0.3228346456692913,1.0
MUT,0.8998178296586139,0.25196850393700787,1.0
CENPQ,-1.0368053550377545,0.13385826771653545,1.0
AL158050.1,0.36574045733267013,0.7007874015748031,1.0
MCM3,0.35502839510283035,0.3543307086614173,1.0
PAQR8,0.32458520668072044,0.48031496062992124,1.0
EFHC1,-0.22707332186468987,0.8582677165354331,1.0
TRAM2,-0.88945804836621,0.03937007874015748,1.0
AL109918.1,1.3019898315110436,0.2125984251968504,1.0
TMEM14A,0.22258902103676714,0.6377952755905512,1.0
GSTA4,-2.1000247082515346,0.047244094488188976,1.0
ICK,-0.29444945838849357,0.41732283464566927,1.0
FBXO9,0.018535671726795933,0.968503937007874,1.0
ELOVL5,0.14409382512194746,0.3779527559055118,1.0
GCLC,-0.14740713951779405,0.6377952755905512,1.0
LRRC1,-0.6084036831802999,0.4881889763779528,1.0
DST,0.4230952123120937,0.7086614173228346,1.0
KIAA1586,-1.312550624531637,0.2047244094488189,1.0
ZNF451,-0.00786650963305835,0.9763779527559056,1.0
BAG2,-0.8764183826331688,0.2047244094488189,1.0
PRIM2,-0.5712017260384217,0.14960629921259844,1.0
AL021368.2,-0.238624687859049,0.7165354330708661,1.0
LINC00680,-0.6607308393627862,0.5275590551181102,1.0
PTP4A1,0.21290304901099333,0.6141732283464567,1.0
PHF3,-0.440080187883245,0.08661417322834646,1.0
ADH5P4,-0.43058094496035193,0.6141732283464567,1.0
LMBRD1,0.22031131478877786,0.5354330708661418,1.0
FAM135A,-0.6745244520765432,0.5984251968503937,1.0
SDHAF4,1.0169560836163383,0.2440944881889764,1.0
SMAP1,0.40641145860607875,0.44881889763779526,1.0
LYPLA1P3,-0.7193203580442754,0.33070866141732286,1.0
OGFRL1,-0.40801259972808257,0.28346456692913385,1.0
KCNQ5,-1.204003691722642,0.31496062992125984,1.0
AC019205.2,-1.054665903080978,0.3543307086614173,1.0
EIF3EP1,-0.9041056245620211,0.29133858267716534,1.0
RPL39P3,-0.015596503447309118,0.968503937007874,1.0
DDX43,-1.029264302772296,0.3700787401574803,1.0
CGAS,-0.37423319606747363,0.33070866141732286,1.0
MTO1,0.7884363835935191,0.1968503937007874,1.0
EEF1A1,-0.3639447907108515,0.14960629921259844,1.0
SLC17A5,0.19916909602092492,0.8346456692913385,1.0
CD109,0.9303625202435413,0.44881889763779526,1.0
COL12A1,0.2565752672512964,0.7322834645669292,1.0
COX7A2,0.12417891796819447,0.8031496062992126,1.0
TMEM30A,-0.1363093506222821,0.6220472440944882,1.0
SENP6,0.025122863458253875,0.8818897637795275,1.0
MYO6,0.003537601855283512,0.9921259842519685,1.0
IRAK1BP1,0.42304598231966506,0.5826771653543307,1.0
PHIP,0.21317116488246413,0.5748031496062992,1.0
HMGN3,-0.017327137265853665,0.968503937007874,1.0
ELOVL4,0.745259979142141,0.5275590551181102,1.0
GAPDHP63,-0.8998197146822897,0.3937007874015748,1.0
AL591135.1,-0.8420693880586239,0.30708661417322836,1.0
BCKDHB,0.482146435298656,0.4015748031496063,1.0
FAM46A,-0.23970251658231323,0.5590551181102362,1.0
IBTK,-0.13957547485240163,0.7322834645669292,1.0
UBE3D,-0.10748551453115107,0.8346456692913385,1.0
DOPEY1,-0.7356556111780144,0.6220472440944882,1.0
PGM3,-0.5473256915160567,0.6456692913385826,1.0
RWDD2A,-0.3658379838601249,0.6929133858267716,1.0
CYB5R4,-0.38259708416692817,0.14173228346456693,1.0
CEP162,-0.009950491222996405,0.984251968503937,1.0
NT5E,-1.0399613928789417,0.2125984251968504,1.0
SNX14,-0.11743313883830453,0.7559055118110236,1.0
SYNCRIP,-0.017713644706545573,0.9448818897637795,1.0
SNHG5,-0.07806581110455468,0.8503937007874016,1.0
AL139274.2,-0.6764702608575632,0.44881889763779526,1.0
ZNF292,-0.24398738473757664,0.1968503937007874,1.0
SMIM8,0.5896923586563534,0.6456692913385826,1.0
SLC35A1,-0.5983159072549191,0.1968503937007874,1.0
RARS2,-0.012476620387338322,0.9763779527559056,1.0
ORC3,-0.21839596441783637,0.9448818897637795,1.0
AKIRIN2,0.35296516230926844,0.4094488188976378,1.0
RNGTT,-0.16913259416842852,0.7244094488188977,1.0
AL079342.2,-0.23715189911612433,0.6771653543307087,1.0
PNRC1,0.12384277477017669,0.6141732283464567,1.0
PM20D2,-0.01720463433422914,0.9291338582677166,1.0
UBE2J1,-0.24815507225076594,0.28346456692913385,1.0
ANKRD6,-0.6359645398431288,0.6141732283464567,1.0
LYRM2,0.6099650847855882,0.2992125984251969,1.0
MDN1,0.13168525491645156,0.6771653543307087,1.0
CASP8AP2,0.1858168568661629,0.6456692913385826,1.0
BACH2,-0.1815002609513119,0.6062992125984252,1.0
MAP3K7,-0.3990292970698377,0.08661417322834646,1.0
MANEA-AS1,-0.021475091680368985,0.952755905511811,1.0
MANEA,0.18635240213071835,0.6771653543307087,1.0
UFL1,-0.10102764937420439,0.7637795275590551,1.0
NDUFAF4,-0.5412340572232717,0.25196850393700787,1.0
MMS22L,-0.11490601808191592,0.8661417322834646,1.0
FBXL4,-1.5913197368352385,0.12598425196850394,1.0
BDH2P1,-0.443178317992153,0.7637795275590551,1.0
COQ3,-1.1989516365270347,0.13385826771653545,1.0
PNISR,-0.005171631548888556,0.9763779527559056,1.0
USP45,-0.31762904851381,0.8267716535433071,1.0
CCNC,-0.21114271054274703,0.7007874015748031,1.0
ASCC3,-0.5003649037210698,0.33070866141732286,1.0
AL133338.1,1.740783938242136,0.07874015748031496,1.0
AL133338.2,-0.6473516327437323,0.5275590551181102,1.0
HACE1,-0.36697311291590573,0.2204724409448819,1.0
PREP,-0.7795739478635042,0.7559055118110236,1.0
ATG5,-0.4062168039268421,0.05511811023622047,1.0
PRDM1,-0.2711106668661021,0.6929133858267716,1.0
CRYBG1,-0.24254429997106453,0.4409448818897638,1.0
RTN4IP1,0.6912969384134333,0.6456692913385826,1.0
QRSL1,-1.0390108599512038,0.41732283464566927,1.0
C6orf203,-0.34197525228985004,0.29133858267716534,1.0
PDSS2,0.19918514137630616,0.7244094488188977,1.0
AL096816.1,-0.27520156423338404,0.47244094488188976,1.0
SCML4,-0.18266473374594483,0.4881889763779528,1.0
SEC63,-0.006050254579031744,0.9921259842519685,1.0
RPL3P7,0.11607850292544697,0.952755905511811,1.0
OSTM1,0.13414811597404874,0.5905511811023622,1.0
SNX3,-0.18653643377365725,0.4094488188976378,1.0
AFG1L,0.03324026598855223,0.937007874015748,1.0
FOXO3,-0.5105475529076733,0.06299212598425197,1.0
ARMC2,0.1358049548764666,0.84251968503937,1.0
AL445189.2,1.5598456593090413,0.031496062992125984,1.0
SESN1,-0.34512101459737465,0.6456692913385826,1.0
CEP57L1,-0.06105734090667836,0.952755905511811,1.0
CD164,-0.371880335108715,0.07086614173228346,1.0
AL359711.2,-0.6292027297267502,0.6220472440944882,1.0
SMPD2,0.31995865855224936,0.7952755905511811,1.0
MICAL1,-0.018406339145896844,0.9921259842519685,1.0
ZBTB24,0.0023830207480086685,1.0,1.0
AK9,0.9283933880060649,0.5196850393700787,1.0
FIG4,-1.1180643888106387,0.3937007874015748,1.0
WASF1,0.29255645886257553,0.7795275590551181,1.0
CDC40,0.05126811713503088,0.8976377952755905,1.0
CDK19,-0.009086739282340162,0.9921259842519685,1.0
AMD1,-0.32616422115361043,0.11811023622047244,1.0
GTF3C6,0.03849697641782335,0.9133858267716536,1.0
RPF2,0.3108220460078055,0.6614173228346457,1.0
MFSD4B,-1.3766924880830869,0.16535433070866143,1.0
REV3L,0.037512014757309586,0.905511811023622,1.0
TRAF3IP2-AS1,-1.291249943665125,0.18110236220472442,1.0
TRAF3IP2,0.47718182029394285,0.6692913385826772,1.0
FYN,-0.017310746391338228,0.968503937007874,1.0
TUBE1,-0.7898307272781011,0.47244094488188976,1.0
RPS27AP11,-0.49994805583765944,0.5984251968503937,1.0
MARCKS,0.09033123288104594,0.905511811023622,1.0
HDAC2,0.4570673962295544,0.13385826771653545,1.0
NT5DC1,0.5265633548060116,0.06299212598425197,1.0
TSPYL4,-0.4242745918118045,0.47244094488188976,1.0
DSE,-0.11831054023731635,0.9212598425196851,1.0
TSPYL1,-0.2763616775192217,0.33070866141732286,1.0
CBX3P9,-0.9210823663402845,0.5039370078740157,1.0
CALHM6,-1.0056478218953395,0.3228346456692913,1.0
RWDD1,0.25164307336221636,0.5354330708661418,1.0
ZUFSP,-0.6719995494034974,0.11811023622047244,1.0
KPNA5,0.04526070586759001,0.8661417322834646,1.0
DCBLD1,-0.5556308582630831,0.3464566929133858,1.0
GOPC,0.12177419215387353,0.8582677165354331,1.0
NUS1,-0.16267892686924945,0.6299212598425197,1.0
AL450405.1,-1.2041925711105161,0.4015748031496063,1.0
CEP85L,0.33925202364220564,0.2125984251968504,1.0
MCM9,0.22880927826547381,0.3464566929133858,1.0
ASF1A,0.5004532057565516,0.3228346456692913,1.0
FAM184A,0.610068117394748,0.5748031496062992,1.0
MAN1A1,-0.5625480362001412,0.09448818897637795,1.0
TBC1D32,-0.16075781049884208,0.8188976377952756,1.0
HSF2,0.1372089215653265,0.6220472440944882,1.0
Z99129.4,0.4690415799740395,0.6850393700787402,1.0
SERINC1,-0.11488893933053212,0.48031496062992124,1.0
ATP5LP2,-0.7937918105492674,0.3779527559055118,1.0
RNF217,-0.03404538848052474,0.9291338582677166,1.0
HDDC2,0.2970671477301652,0.6850393700787402,1.0
NCOA7,-0.2405213517660192,0.6771653543307087,1.0
HINT3,-0.7461780445781336,0.4330708661417323,1.0
TRMT11,1.2146704048794423,0.03937007874015748,1.0
CENPW,0.1028097289514136,1.0,1.0
RNF146,-0.14057995938900802,0.6850393700787402,1.0
ECHDC1,0.20428747175547546,0.7401574803149606,1.0
YWHAZP4,-0.9377033665219654,0.30708661417322836,1.0
THEMIS,0.2543556802199891,0.3858267716535433,1.0
LAMA2,-1.5569179564764863,0.11023622047244094,1.0
ARHGAP18,0.6611375020225108,0.16535433070866143,1.0
L3MBTL3,0.16795367347988943,0.6929133858267716,1.0
AL355581.1,-0.7847951119076071,0.5984251968503937,1.0
SAMD3,0.09500375234283887,0.8267716535433071,1.0
TMEM200A,1.9161542846578974,0.11023622047244094,1.0
EPB41L2,-0.4452287528557619,0.6692913385826772,1.0
AKAP7,-0.5373980007809234,0.4094488188976378,1.0
MED23,-0.9229519902966876,0.1732283464566929,1.0
ENPP3,0.41201467017397764,1.0,1.0
ENPP1,-1.2512386240367026,0.30708661417322836,1.0
CTGF,-0.07348088342589121,1.0,1.0
STX7,-0.5288225894954479,0.4881889763779528,1.0
VNN2,-1.0515165418684846,0.48031496062992124,1.0
SLC18B1,1.430090977083995,0.09448818897637795,1.0
RPS12,-0.013745727695344101,0.9291338582677166,1.0
SNORD100,-0.583499875786962,0.3858267716535433,1.0
TBPL1,-0.5356069602566258,0.3464566929133858,1.0
SGK1,0.7594614735768932,0.2047244094488189,1.0
HBS1L,0.24667691036025463,0.5905511811023622,1.0
AHI1,1.1315295232697586,0.13385826771653545,1.0
PDE7B,-0.04673325033769915,1.0,1.0
BCLAF1,0.053142565209528314,0.7874015748031497,1.0
MAP3K5,0.026131523901481657,0.952755905511811,1.0
PEX7,-0.6865358835118784,0.4881889763779528,1.0
IFNGR1,-0.39540460771655983,0.1968503937007874,1.0
AL356234.1,-0.843042796950739,0.28346456692913385,1.0
AL357060.2,0.11023230231427394,0.7874015748031497,1.0
TNFAIP3,0.5125627284138776,0.3937007874015748,1.0
PERP,0.07577178382838046,0.9133858267716536,1.0
HEBP2,0.5564307960288009,0.29133858267716534,1.0
CCDC28A,-1.2852343121872805,0.47244094488188976,1.0
REPS1,0.18242446955901936,0.5984251968503937,1.0
ABRACL,-0.16148756851906043,0.5984251968503937,1.0
HECA,-0.3334197290619292,0.14960629921259844,1.0
CITED2,-0.35771912443712583,0.2440944881889764,1.0
VTA1,-0.06631778597064297,0.8582677165354331,1.0
HIVEP2,0.3778228871516953,0.3858267716535433,1.0
AIG1,-0.14813664206292376,0.952755905511811,1.0
ADAT2,-0.6640327872861373,0.7007874015748031,1.0
PEX3,0.032861206304483304,0.9763779527559056,1.0
FUCA2,0.21647739002544553,0.6456692913385826,1.0
PHACTR2,-0.27195846688476166,0.3937007874015748,1.0
LTV1,-0.09071352287363244,0.8267716535433071,1.0
PLAGL1,-1.2290130048539154,0.2755905511811024,1.0
SF3B5,0.15506807207710782,0.6929133858267716,1.0
STX11,0.44163128375100413,0.3779527559055118,1.0
TPT1P4,-0.3122919564379858,0.3228346456692913,1.0
UTRN,-0.4205929473081014,0.047244094488188976,1.0
EPM2A,-0.16697930926334337,0.9763779527559056,1.0
FBXO30,-0.5009781438450744,0.5196850393700787,1.0
SHPRH,-1.0144775459184472,0.6456692913385826,1.0
RAB32,1.1482042965849864,0.1968503937007874,1.0
KATNBL1P6,-0.6551782897357312,0.49606299212598426,1.0
STXBP5,0.25239655425368834,0.2677165354330709,1.0
UST,-0.5570321357039014,0.4251968503937008,1.0
TAB2,0.3453052273872217,0.2755905511811024,1.0
ZC3H12D,2.18840890818608,0.06299212598425197,1.0
AL031133.1,-0.7150869973869072,0.3937007874015748,1.0
PPIL4,-0.6235100093251367,0.15748031496062992,1.0
GINM1,1.2752900392402853,0.05511811023622047,1.0
RPS18P9,0.6646443681350077,0.41732283464566927,1.0
KATNA1,0.026390087169922083,0.968503937007874,1.0
LATS1,0.03143436062651528,0.905511811023622,1.0
NUP43,0.4790688368623188,0.3858267716535433,1.0
PCMT1,-0.02118519415048503,0.952755905511811,1.0
LRP11,0.07892815033382417,0.9212598425196851,1.0
ULBP2,0.7762117972939739,0.14960629921259844,1.0
BTF3P10,-1.5700634261128408,0.16535433070866143,1.0
PLEKHG1,-1.0190315475354845,0.3464566929133858,1.0
PDCL3P5,-1.3391121332192397,0.10236220472440945,1.0
MTHFD1L,0.7297982744636724,0.2283464566929134,1.0
AL133260.1,-0.7682199805872032,0.25984251968503935,1.0
AL356535.1,-0.592687827706238,0.6850393700787402,1.0
ZBTB2,-0.7031832257474546,0.2204724409448819,1.0
RMND1,0.545592275796793,0.4566929133858268,1.0
ARMT1,-0.011226722499526165,0.984251968503937,1.0
SYNE1,-0.4475581887507518,0.14960629921259844,1.0
FBXO5,-0.1098562357975732,0.7795275590551181,1.0
MTRF1L,0.7352844452738605,0.5196850393700787,1.0
RGS17,-0.16520871406406146,0.7165354330708661,1.0
AL590867.2,0.035822641155226265,0.8267716535433071,1.0
IPCEF1,0.43306708200995736,0.06299212598425197,1.0
SCAF8,-0.14345034698564518,0.5433070866141733,1.0
TIAM2,0.49920925022577656,0.6456692913385826,1.0
TFB1M,0.439730755238104,0.5433070866141733,1.0
ARID1B,-0.4196588877257055,0.1889763779527559,1.0
TMEM242,-0.21874715587189542,0.6850393700787402,1.0
ZDHHC14,-0.20401064312950368,0.8661417322834646,1.0
SNX9,0.22591181138782712,0.6141732283464567,1.0
SYNJ2,-1.0080291728000477,0.44881889763779526,1.0
SERAC1,0.12063456099044334,0.7637795275590551,1.0
GTF2H5,0.4848943260768346,0.4566929133858268,1.0
TULP4,0.07670665720810277,0.8740157480314961,1.0
TMEM181,-0.08005018493599092,0.8503937007874016,1.0
TATDN2P2,1.3085957110534314,0.13385826771653545,1.0
DYNLT1,-0.7421687183169725,0.8031496062992126,1.0
SYTL3,0.31248654242410456,0.4251968503937008,1.0
EZR,0.2527330239387062,0.33858267716535434,1.0
C6orf99,0.9326650068461441,0.41732283464566927,1.0
RSPH3,0.7456584453465256,0.11811023622047244,1.0
AL035530.2,0.3384286123283108,0.7637795275590551,1.0
TAGAP,-0.014189273314529238,0.9763779527559056,1.0
SOD2,-0.5287583276290846,0.5669291338582677,1.0
WTAP,-0.1986017134303335,0.30708661417322836,1.0
ACAT2,0.11615390858031205,0.889763779527559,1.0
TCP1,-0.7207501364180464,0.13385826771653545,1.0
MRPL18,0.22929208545075408,0.6062992125984252,1.0
IGF2R,-0.26092506048091035,0.5905511811023622,1.0
AL353625.1,0.4672096378919979,0.6929133858267716,1.0
LPAL2,0.7364255394441188,0.33070866141732286,1.0
AL139393.2,-1.5194200590400433,0.031496062992125984,1.0
MAP3K4,-0.35406718839228546,0.5275590551181102,1.0
AGPAT4,-0.5106333033063093,0.25196850393700787,1.0
AGPAT4-IT1,-0.40876662093048344,0.6062992125984252,1.0
QKI,-0.48553312099224133,0.07086614173228346,1.0
SFT2D1,-0.22006630981811703,0.5590551181102362,1.0
MPC1,-0.5462739342687177,0.889763779527559,1.0
RPS6KA2,-1.0047609450853532,0.5039370078740157,1.0
RNASET2,-0.7433986707712998,0.8661417322834646,1.0
FGFR1OP,0.32251592600126644,0.4645669291338583,1.0
AFDN,0.4852826919241493,0.6220472440944882,1.0
WDR27,-1.1921920511680975,0.14960629921259844,1.0
C6orf120,-0.8438082289385624,0.44881889763779526,1.0
PHF10,0.15499844387788286,0.5511811023622047,1.0
TCTE3,-1.2459841143415198,0.1732283464566929,1.0
ERMARD,-0.37710394938147873,0.9763779527559056,1.0
DLL1,0.5830927420348759,0.6535433070866141,1.0
FAM120B,0.006472136874327461,0.968503937007874,1.0
PSMB1,0.020335657471571622,0.9448818897637795,1.0
TBP,-0.15862378081538342,0.5984251968503937,1.0
PDCD2,-0.08484600407417098,0.6299212598425197,1.0
PDGFA,-0.2738187100737981,0.7637795275590551,1.0
PRKAR1B,-0.6810248886836388,0.6220472440944882,1.0
AC147651.3,0.8655209781499287,0.4566929133858268,1.0
DNAAF5,-1.6516484750290894,0.15748031496062992,1.0
SUN1,-0.21912087474581643,0.7401574803149606,1.0
ADAP1,0.3498697114407454,0.7795275590551181,1.0
COX19,-0.27163995705315536,0.5905511811023622,1.0
C7orf50,-1.101726054299362,0.4409448818897638,1.0
ZFAND2A,-0.1954023587470699,0.5984251968503937,1.0
INTS1,-0.5461265359290852,0.7007874015748031,1.0
PSMG3,-1.1080558566073475,0.41732283464566927,1.0
PSMG3-AS1,-0.27586760534840615,0.7007874015748031,1.0
MAD1L1,-0.49015660380342063,0.5905511811023622,1.0
MRM2,-0.8494355115011638,0.2677165354330709,1.0
NUDT1,-0.7582281090393592,0.5511811023622047,1.0
SNX8,0.27197268317620527,0.8110236220472441,1.0
EIF3B,-0.8040413057975284,0.7952755905511811,1.0
CHST12,0.272806105507545,0.7874015748031497,1.0
LFNG,-0.6054595078435812,0.968503937007874,1.0
BRAT1,0.19799099333324754,0.8661417322834646,1.0
IQCE,1.3056776319767205,0.2677165354330709,1.0
TTYH3,1.3118509137784566,0.11811023622047244,1.0
GNA12,0.49244209072621725,0.28346456692913385,1.0
CARD11,-1.0113133400365193,0.4330708661417323,1.0
FOXK1,-0.320624558499949,0.30708661417322836,1.0
AP5Z1,0.473526303616318,0.5748031496062992,1.0
AC092610.1,-0.807048887374102,0.33858267716535434,1.0
RNF216P1,-2.056195293870104,0.023622047244094488,1.0
RBAK,-0.6938360675326622,0.2677165354330709,1.0
WIPI2,-0.6842927599434647,0.14173228346456693,1.0
TNRC18,0.07794200124553363,0.8740157480314961,1.0
FBXL18,-0.6303663848511666,0.5275590551181102,1.0
AC092171.2,-0.6573332885070893,0.5039370078740157,1.0
ACTB,0.378466970578037,0.1968503937007874,1.0
FSCN1,0.31742444489698474,0.8582677165354331,1.0
RNF216,0.46110622309247695,0.36220472440944884,1.0
ZNF815P,-1.5053912133529619,0.05511811023622047,1.0
CCZ1,-1.2612673462486041,0.1968503937007874,1.0
PMS2,-0.09388384385941917,0.905511811023622,1.0
EIF2AK1,-0.09044069995150128,0.6141732283464567,1.0
USP42,0.5173372277962578,0.12598425196850394,1.0
CYTH3,-0.4467244469508185,0.7401574803149606,1.0
FAM220A,-0.6069226841378397,0.5669291338582677,1.0
RAC1,0.05933596394735474,0.8346456692913385,1.0
DAGLB,-1.8258824078424662,0.16535433070866143,1.0
KDELR2,-0.37913491654710096,0.33858267716535434,1.0
ZDHHC4,-0.8039045689538027,0.33858267716535434,1.0
C7orf26,0.461497934934858,0.1968503937007874,1.0
ZNF853,-0.0017644333517234934,0.9921259842519685,1.0
ZNF316,-0.36750350447986113,0.984251968503937,1.0
ZNF12,-0.6250519758818709,0.30708661417322836,1.0
PMS2CL,-1.0636791818461593,0.30708661417322836,1.0
CCZ1B,-1.5591593851148433,0.11811023622047244,1.0
C1GALT1,-0.43614960638731937,0.25984251968503935,1.0
AC004982.2,0.39085694530064163,0.7952755905511811,1.0
MIOS,0.09239014371358367,0.9606299212598425,1.0
RPA3,0.026405983450569437,0.968503937007874,1.0
UMAD1,-0.9404620854141799,0.4330708661417323,1.0
GLCCI1,-0.09220779451798222,0.7322834645669292,1.0
ICA1,0.17869388336339775,0.8582677165354331,1.0
NDUFA4,-0.1725489996267262,0.5748031496062992,1.0
PHF14,-0.012665781256687936,0.9921259842519685,1.0
TMEM106B,-0.07153580779974877,0.8582677165354331,1.0
AC013470.3,-0.9403733572438039,0.44881889763779526,1.0
ARL4A,0.13446045190850864,0.9212598425196851,1.0
ETV1,2.1055639735806144,0.1732283464566929,1.0
ISPD,0.12117140741981558,0.9291338582677166,1.0
ANKMY2,0.40833412306926853,0.3700787401574803,1.0
BZW2,0.07222098251511255,0.84251968503937,1.0
TSPAN13,-1.4321666561420903,0.1968503937007874,1.0
AHR,1.1653200827773782,0.2047244094488189,1.0
SNX13,-0.4238256119845518,0.4881889763779528,1.0
HDAC9,0.15572393273398566,0.8267716535433071,1.0
TWISTNB,-1.5973749445053924,0.1889763779527559,1.0
RPL21P75,0.08460850211776894,0.8976377952755905,1.0
MACC1,1.4492307483522473,0.2047244094488189,1.0
RPL23P8,-0.20512942741561968,0.4251968503937008,1.0
SP4,-0.17383638264078094,0.5748031496062992,1.0
EEF1A1P6,-1.2880031168870762,0.07086614173228346,1.0
TOMM7,-0.13221317195991844,0.4330708661417323,1.0
SNHG26,-0.09561433330281943,0.9212598425196851,1.0
FAM126A,-0.15342964825754457,0.6299212598425197,1.0
KLHL7,-0.015296433325842074,0.968503937007874,1.0
NUPL2,0.6040606986494508,0.2204724409448819,1.0
MALSU1,0.30382866809500797,0.7165354330708661,1.0
TRA2A,-0.2636972504971089,0.31496062992125984,1.0
CLK2P1,0.30514947164694584,0.7165354330708661,1.0
CCDC126,0.8680516960720692,0.05511811023622047,1.0
FAM221A,-0.7412187788576022,0.33858267716535434,1.0
MPP6,-1.0263187714696969,0.4330708661417323,1.0
OSBPL3,0.0544991580276557,0.84251968503937,1.0
CYCS,-0.24208152783659376,0.44881889763779526,1.0
C7orf31,0.7760609396077105,0.023622047244094488,1.0
NFE2L3,0.2856415794076299,0.8267716535433071,1.0
HNRNPA2B1,0.01990084173250395,0.8976377952755905,1.0
CBX3,0.08924390213450373,0.7716535433070866,1.0
SNX10,0.5528229408714607,0.08661417322834646,1.0
SKAP2,-0.1586719547660227,0.5354330708661418,1.0
HOXA5,0.47034472927844817,0.7165354330708661,1.0
HOXA9,1.1660609995185076,0.30708661417322836,1.0
HOXA10,-0.5119811077724714,0.6141732283464567,1.0
EIF4HP1,-1.1824101881253088,0.14960629921259844,1.0
HIBADH,0.14639709666094403,0.9133858267716536,1.0
TAX1BP1,0.03066930719914218,0.889763779527559,1.0
JAZF1,-0.013027989785266314,0.9921259842519685,1.0
CHN2,0.13115281759036357,0.7007874015748031,1.0
WIPF3,2.980142385750635,0.06299212598425197,1.0
SCRN1,-1.4791571568176671,0.2283464566929134,1.0
FKBP14,-2.071984326299069,0.07874015748031496,1.0
PLEKHA8,-0.8757824819160422,0.4409448818897638,1.0
MTURN,0.809842550094674,0.3937007874015748,1.0
ZNRF2,-0.529642285550814,0.29133858267716534,1.0
AC006978.1,0.47039753956488095,0.5511811023622047,1.0
LINC01176,0.7892199833566317,0.3858267716535433,1.0
NOD1,-0.1863020556307886,0.8346456692913385,1.0
GGCT,0.3984503941770594,0.4645669291338583,1.0
AC005154.1,-0.06981071457526111,0.8661417322834646,1.0
GARS,0.3992904417316696,0.18110236220472442,1.0
AQP1,1.839809225566832,0.18110236220472442,1.0
LSM5,0.00029103661291163263,0.9921259842519685,1.0
AVL9,0.22621032712855893,0.6535433070866141,1.0
DPY19L1P1,-0.8941642073973649,0.3700787401574803,1.0
AC018645.2,-0.47078331014593033,0.7322834645669292,1.0
KBTBD2,-0.06750871864521635,0.8110236220472441,1.0
RP9P,0.1052154485510488,1.0,1.0
NT5C3A,-0.5998168025783821,0.31496062992125984,1.0
RP9,0.021756435309422173,0.9763779527559056,1.0
BBS9,-1.1948887611176358,0.09448818897637795,1.0
DPY19L1,0.462014028343523,0.33070866141732286,1.0
HERPUD2,0.2548850086238188,0.4015748031496063,1.0
AC018647.2,-2.9220087787083053,0.023622047244094488,1.0
SEPT7,0.14772748962689342,0.7165354330708661,1.0
KIAA0895,0.8516173045896828,0.33858267716535434,1.0
AOAH,0.3888087929566977,0.33858267716535434,1.0
ELMO1,-0.1415349993760362,0.8031496062992126,1.0
GPR141,0.12963376217595313,0.8740157480314961,1.0
EPDR1,-0.6298877289854516,0.5984251968503937,1.0
NME8,-1.0861637321469357,0.4094488188976378,1.0
STARD3NL,-0.07760529081487633,0.8346456692913385,1.0
TRGC2,0.1699263709780805,0.5984251968503937,1.0
TRGC1,-0.5335265980882902,0.18110236220472442,1.0
TRGJP1,-0.7061214370453763,0.3937007874015748,1.0
TRGV10,-0.6123964280279193,0.7165354330708661,1.0
TRGV9,0.9528252577395233,0.4881889763779528,1.0
AC006033.2,0.4411267901672735,0.33858267716535434,1.0
TRGV8,-0.7274873792421155,0.4409448818897638,1.0
TRGV7,-0.6677482514890314,0.3543307086614173,1.0
TRG-AS1,0.6706874875795235,0.07874015748031496,1.0
TRGV5,0.821577876005781,0.4330708661417323,1.0
TRGV4,-0.05714840988399805,0.9763779527559056,1.0
TRGV3,0.6712358202059532,0.47244094488188976,1.0
TRGV2,1.3102657115710952,0.3858267716535433,1.0
AMPH,0.23106063076176753,0.937007874015748,1.0
VPS41,0.0209315314345222,0.968503937007874,1.0
YAE1D1,-1.5281465264134066,0.15748031496062992,1.0
RALA,0.1267227558735593,0.6299212598425197,1.0
AC004987.2,-1.2253283245328137,0.2047244094488189,1.0
RWDD4P2,0.9887234189443497,0.36220472440944884,1.0
AC072061.1,-0.5679911347839095,0.5275590551181102,1.0
CDK13,-0.24817067639698642,0.25196850393700787,1.0
MPLKIP,0.538774193316752,0.2992125984251969,1.0
TCP1P1,-0.5265561900442485,0.44881889763779526,1.0
PSMA2,0.1520385663117012,0.9212598425196851,1.0
MRPL32,-0.17839899030440876,0.3543307086614173,1.0
STK17A,0.055007979364553705,0.9133858267716536,1.0
COA1,-0.18508197535042914,0.6062992125984252,1.0
BLVRA,-0.3608968050083705,0.30708661417322836,1.0
URGCP,-0.7133736896079954,0.3937007874015748,1.0
UBE2D4,-0.11737667998697976,0.5905511811023622,1.0
POLR2J4,-0.13532902173367267,0.952755905511811,1.0
RASA4CP,1.284715541859611,0.2047244094488189,1.0
DBNL,-0.019852602510236572,0.968503937007874,1.0
POLM,0.30123008580353394,0.8031496062992126,1.0
AEBP1,-0.391894447818691,0.6377952755905512,1.0
POLD2,-0.6267583155312999,0.6377952755905512,1.0
YKT6,0.6361428737116999,0.10236220472440945,1.0
NUDCD3,-0.6254313385447308,0.6692913385826772,1.0
AC004453.1,-0.1834395102422377,0.6771653543307087,1.0
DDX56,0.4523901365973404,0.5196850393700787,1.0
TMED4,0.11565537212389199,0.5275590551181102,1.0
OGDH,0.02811993390612333,0.952755905511811,1.0
ZMIZ2,-0.7697715641845102,0.11811023622047244,1.0
PPIA,0.02905916304988132,0.905511811023622,1.0
H2AFV,0.009550766357405926,0.9448818897637795,1.0
PURB,0.047799191112588346,0.84251968503937,1.0
AC004847.1,0.12221909194873337,0.8346456692913385,1.0
MYO1G,0.23247168552326425,0.5118110236220472,1.0
SNHG15,-0.41557510706156453,0.3700787401574803,1.0
CCM2,-0.9198448880578955,0.4409448818897638,1.0
TBRG4,-0.456226405574677,0.8976377952755905,1.0
SEPT7P2,0.08166962649762022,0.9448818897637795,1.0
IGFBP3,0.10813819893469012,0.9763779527559056,1.0
TNS3,-0.40275253654898857,0.7637795275590551,1.0
HUS1,-0.8007526483133276,0.05511811023622047,1.0
UPP1,-0.7062378508288032,0.6929133858267716,1.0
IKZF1,0.13717374967697893,0.6929133858267716,1.0
FIGNL1,-0.34378272721368397,0.8582677165354331,1.0
HAUS6P1,0.49362577462975477,0.6141732283464567,1.0
SEC61G,0.05481414819693242,0.905511811023622,1.0
LANCL2,-0.1547111232755265,0.9921259842519685,1.0
VOPP1,-0.3790890924040289,0.2677165354330709,1.0
PSPHP1,-0.9331564716679444,0.36220472440944884,1.0
ZNF713,-1.6960739275077679,0.047244094488188976,1.0
NIPSNAP2,0.0450927252917106,0.889763779527559,1.0
MRPS17,0.6518318690297509,0.28346456692913385,1.0
PSPH,0.3912973082273268,0.6692913385826772,1.0
CCT6A,-0.25456135731930374,0.5669291338582677,1.0
SUMF2,-0.21054777007575742,0.8976377952755905,1.0
CHCHD2,0.17580148962203967,0.4566929133858268,1.0
AC099654.2,0.2206187046202226,0.8346456692913385,1.0
ZNF736,-0.7634002803958251,0.4409448818897638,1.0
ZNF680,-0.8917757748858213,0.33858267716535434,1.0
ZNF107,-0.23339553056545093,0.6771653543307087,1.0
ZNF138,-0.12243773750368492,0.8503937007874016,1.0
ZNF273,-0.7681662420666209,0.023622047244094488,1.0
ZNF117,-0.19971374152771748,0.5984251968503937,1.0
ERV3-1,-0.5329901447217247,0.6377952755905512,1.0
CCT6P3,-0.760710148646697,0.4015748031496063,1.0
ZNF92,0.49089875390401705,0.3858267716535433,1.0
CCT6P1,-0.4404937342126072,0.7086614173228346,1.0
VKORC1L1,0.09091348334745053,1.0,1.0
GUSB,-0.16735961783790998,0.7165354330708661,1.0
CRCP,-0.039476679352951294,0.9921259842519685,1.0
TPST1,-0.05658602907707744,1.0,1.0
LINC00174,-1.6833340962424035,0.11811023622047244,1.0
AC006001.3,0.11181367829693034,0.7165354330708661,1.0
RPL35P5,-0.08888021748129127,0.889763779527559,1.0
KCTD7,-0.41087634544889795,0.4881889763779528,1.0
RABGEF1,-0.36316102786457805,0.4881889763779528,1.0
AC073335.2,-0.8149032037140582,0.44881889763779526,1.0
AC073335.1,-0.8018738182696032,0.28346456692913385,1.0
TMEM248,0.03624673988726279,0.84251968503937,1.0
SBDS,-0.19247387747953493,0.6535433070866141,1.0
TYW1,-0.26004641181031474,0.4881889763779528,1.0
PMS2P4,-0.02501537613814553,1.0,1.0
STAG3L4,0.07237503356817054,0.9133858267716536,1.0
AC006480.2,0.6038578149805056,0.5275590551181102,1.0
AUTS2,0.11665527545214882,0.84251968503937,1.0
TYW1B,0.15287420888095093,0.8503937007874016,1.0
SBDSP1,-0.07627327237109416,0.9291338582677166,1.0
POM121,0.000937579304298275,0.9921259842519685,1.0
STAG3L3,-0.1785894195981257,0.8582677165354331,1.0
NSUN5,-0.3756281558593346,0.8267716535433071,1.0
BAZ1B,-0.04912627923865731,0.8503937007874016,1.0
BCL7B,-0.0939913904746339,0.7401574803149606,1.0
TBL2,-0.2101602471727797,0.8661417322834646,1.0
DNAJC30,-0.5568795535324891,0.6377952755905512,1.0
BUD23,-0.4384817217909305,0.4566929133858268,1.0
STX1A,1.076702007883553,0.28346456692913385,1.0
ABHD11,0.17118105658053429,0.7952755905511811,1.0
LIMK1,0.3801109987923894,0.2677165354330709,1.0
EIF4H,-0.062455147571393255,0.8110236220472441,1.0
LAT2,0.05504144213469431,0.9133858267716536,1.0
RFC2,-0.6684726466250557,0.5118110236220472,1.0
CLIP2,-0.12529665080825692,1.0,1.0
GTF2I,-0.10184597752023672,1.0,1.0
STAG3L2,-0.370177071464159,0.7795275590551181,1.0
RCC1L,0.29358062469104684,0.6141732283464567,1.0
GTF2IRD2B,0.3413402201660112,0.7401574803149606,1.0
NCF1C,1.1674069696990421,0.33858267716535434,1.0
NSUN5P1,-0.6931249423723114,0.4094488188976378,1.0
POM121C,-0.2270933178725345,0.25196850393700787,1.0
PMS2P3,1.4172871738658552,0.25984251968503935,1.0
HIP1,1.1171778870007776,0.07086614173228346,1.0
RHBDD2,-0.49055042247707537,0.984251968503937,1.0
POR,0.3368001385512627,0.8110236220472441,1.0
TMEM120A,0.5994481607820257,0.10236220472440945,1.0
STYXL1,-0.31122769433354147,0.937007874015748,1.0
MDH2,0.3929541638543297,0.4251968503937008,1.0
HSPB1,0.27684706867494846,0.7559055118110236,1.0
YWHAG,0.1689660242625859,0.4015748031496063,1.0
DTX2,-0.6320605113741641,0.6850393700787402,1.0
POMZP3,0.48112714386708477,0.5748031496062992,1.0
CCDC146,0.15035801695527962,0.84251968503937,1.0
FGL2,0.05971631944919409,0.9606299212598425,1.0
GSAP,-0.371370543569407,0.3779527559055118,1.0
PTPN12,-0.3862267108193036,0.13385826771653545,1.0
APTR,0.02602250484733437,0.968503937007874,1.0
RSBN1L,-0.32584632228721055,0.29133858267716534,1.0
TMEM60,-0.5084698076154619,0.5905511811023622,1.0
PHTF2,0.1451626990958479,0.7322834645669292,1.0
GNAI1,1.3095991853963485,0.29133858267716534,1.0
KIAA1324L,-1.2397592684582226,0.3464566929133858,1.0
AC005076.1,-1.2391490156901417,0.05511811023622047,1.0
DMTF1,-0.07058524205379868,0.8267716535433071,1.0
TMEM243,-0.2212998432364932,0.6850393700787402,1.0
TP53TG1,-1.4407279931106571,0.3228346456692913,1.0
CROT,-1.3379110543656947,0.28346456692913385,1.0
ABCB1,0.2552854511987288,0.5984251968503937,1.0
SLC25A40,-0.14083068885149874,0.7401574803149606,1.0
DBF4,-0.40442099329858117,0.14173228346456693,1.0
ADAM22,-1.110801799919575,0.2677165354330709,1.0
SRI,0.43102790678887626,0.2992125984251969,1.0
GTPBP10,0.2126011352335757,0.48031496062992124,1.0
MTERF1,-0.4185600407940382,0.47244094488188976,1.0
AKAP9,-0.18013236625394669,0.3464566929133858,1.0
KRIT1,-0.18496903588230218,0.48031496062992124,1.0
ANKIB1,0.1913786397896322,0.4881889763779528,1.0
GATAD1,-0.01859492018473219,0.9291338582677166,1.0
PEX1,-0.06494533958867876,0.8818897637795275,1.0
RBM48,-0.027503404367873685,0.8976377952755905,1.0
FAM133B,-0.9427760292903966,0.07086614173228346,1.0
CDK6,0.24708721679706347,0.15748031496062992,1.0
SAMD9,-0.038033476938926114,0.9291338582677166,1.0
SAMD9L,0.3930248757178125,0.4251968503937008,1.0
VPS50,0.10873448881321846,0.7716535433070866,1.0
AC002075.2,0.2793738956148848,0.7165354330708661,1.0
BET1,0.4301133901558938,0.5511811023622047,1.0
COL1A2,-0.0006476734411755558,1.0,1.0
CASD1,-0.2886680053425996,0.5748031496062992,1.0
SGCE,-0.2253620858572598,0.9212598425196851,1.0
PEG10,0.5877337341280973,0.6220472440944882,1.0
PPP1R9A,0.912690061245216,0.5511811023622047,1.0
PON2,0.7561326270755351,0.015748031496062992,1.0
SLC25A13,1.0028734555840395,0.2992125984251969,1.0
SEM1,0.5202842307568369,0.23622047244094488,1.0
SDHAF3,-0.7324410552102849,0.5905511811023622,1.0
ASNS,0.189048427384364,0.8582677165354331,1.0
OR7E38P,2.159452409697338,0.047244094488188976,1.0
AC004967.1,-0.5622301978365949,0.48031496062992124,1.0
LMTK2,-1.293267412601725,0.1889763779527559,1.0
TECPR1,0.03606961893057914,0.9606299212598425,1.0
BRI3,0.44266476052910253,0.4094488188976378,1.0
RPS3AP26,0.004183735838777736,0.9921259842519685,1.0
NPTX2,0.2404011929117733,1.0,1.0
TRRAP,-0.8279764553650475,0.5669291338582677,1.0
AC004893.2,-1.1047802010190657,0.2283464566929134,1.0
SMURF1,0.3162846529748844,0.5984251968503937,1.0
ARPC1A,0.3112144321158796,0.6062992125984252,1.0
ARPC1B,-0.6715588058839423,0.6850393700787402,1.0
PDAP1,0.5216059225836407,0.047244094488188976,1.0
BUD31,-0.5891951625296952,0.13385826771653545,1.0
PTCD1,-0.40498520000894156,0.6456692913385826,1.0
CPSF4,-1.7098443210129544,0.16535433070866143,1.0
ATP5J2,0.3924882132722143,0.12598425196850394,1.0
ZNF789,-0.2578360109650588,0.9921259842519685,1.0
ZNF394,-0.3465138441131703,0.3464566929133858,1.0
ZKSCAN5,-0.3881144028446273,0.4015748031496063,1.0
FAM200A,-0.06665980685940642,0.9606299212598425,1.0
ZNF655,0.05111665520055375,0.8346456692913385,1.0
ZSCAN25,-0.3825843561852835,0.2047244094488189,1.0
TRIM4,0.23081062998617163,0.3858267716535433,1.0
ZKSCAN1,0.1339499952191332,0.6614173228346457,1.0
ZSCAN21,-1.432311725732627,0.1968503937007874,1.0
ZNF3,0.1600483802659829,0.7401574803149606,1.0
COPS6,0.13413100635922426,0.7480314960629921,1.0
MCM7,-1.3083303700796423,0.3543307086614173,1.0
CNPY4,0.6613042362307504,0.2755905511811024,1.0
LAMTOR4,-0.1687592418917916,0.7637795275590551,1.0
C7orf43,-0.300478582965618,0.4566929133858268,1.0
STAG3,0.4910175070496172,0.6692913385826772,1.0
GATS,-0.2886440584843122,0.7637795275590551,1.0
SPDYE3,0.04481515786269785,0.952755905511811,1.0
PMS2P1,-1.4824293233765404,0.05511811023622047,1.0
STAG3L5P-PVRIG2P-PILRB,1.3175972564564449,0.13385826771653545,1.0
PILRB,-0.923093422908642,0.41732283464566927,1.0
PILRA,-0.4016562849084899,0.6850393700787402,1.0
ZCWPW1,0.7622166051919832,0.4645669291338583,1.0
MEPCE,-0.6011780374060587,0.2677165354330709,1.0
PPP1R35,1.0193831631782617,0.3228346456692913,1.0
TSC22D4,-0.3806734490175856,0.6929133858267716,1.0
AGFG2,0.244935703810631,0.4566929133858268,1.0
PCOLCE,1.182305448174573,0.30708661417322836,1.0
MOSPD3,0.1733413382305633,0.7716535433070866,1.0
TFR2,0.5534388002550286,0.5748031496062992,1.0
GNB2,-0.4186462391468906,0.8740157480314961,1.0
GIGYF1,-0.851678445813409,0.7480314960629921,1.0
POP7,-1.013717210894244,0.36220472440944884,1.0
SLC12A9,-0.07618771425285953,0.8818897637795275,1.0
TRIP6,0.4075030534571804,0.6535433070866141,1.0
SRRT,-0.09284470930797983,0.8188976377952756,1.0
TRIM56,-0.22028296046026608,0.28346456692913385,1.0
SERPINE1,0.26034106917066957,0.8582677165354331,1.0
AP1S1,0.6331284616234036,0.5748031496062992,1.0
PLOD3,1.3537608832445502,0.031496062992125984,1.0
ZNHIT1,-0.01457863952050964,0.9763779527559056,1.0
CLDN15,-0.4935711988277842,0.7007874015748031,1.0
FIS1,0.3927433845259021,0.49606299212598426,1.0
IFT22,-0.13254836695461258,0.8661417322834646,1.0
CUX1,0.3922435780318869,0.33070866141732286,1.0
PRKRIP1,-0.4526234385053467,0.1889763779527559,1.0
ORAI2,-0.23263136546758645,0.6692913385826772,1.0
ALKBH4,1.3752711248849994,0.2755905511811024,1.0
LRWD1,-0.47385782416061417,0.7007874015748031,1.0
POLR2J,1.3068514633076251,0.12598425196850394,1.0
POLR2J3,-0.14387930891997724,0.7795275590551181,1.0
FAM185A,-0.3037022656319297,0.6929133858267716,1.0
ARMC10,0.5541045767824739,0.5275590551181102,1.0
NAPEPLD,-0.30237867079777647,0.07874015748031496,1.0
AC007683.1,-0.4026058635105273,0.6377952755905512,1.0
DPY19L2P2,0.1174774289746241,0.8110236220472441,1.0
PMPCB,-0.3815278747643527,0.5196850393700787,1.0
DNAJC2,0.21985840682288682,0.6535433070866141,1.0
PSMC2,0.0316919656396335,0.889763779527559,1.0
ORC5,-0.35221735425174483,0.30708661417322836,1.0
EIF4BP6,-0.12265626698063237,0.5748031496062992,1.0
AC007384.1,-0.9871211180903545,0.3464566929133858,1.0
LINC01004,-0.8150840894798457,0.2992125984251969,1.0
KMT2E-AS1,1.7250285628176876,0.14960629921259844,1.0
KMT2E,-0.09821689491489138,0.5826771653543307,1.0
SRPK2,-0.01436427134746765,1.0,1.0
PUS7,0.11202168169588811,0.9212598425196851,1.0
RINT1,-1.1565675839177139,0.2440944881889764,1.0
AC073073.2,0.01976496285209972,1.0,1.0
YBX1P2,0.1968706865637171,0.8346456692913385,1.0
ATXN7L1,0.2874668777721743,0.6377952755905512,1.0
SYPL1,-0.34461847198587847,0.36220472440944884,1.0
NAMPT,0.6733322158706532,0.13385826771653545,1.0
CCDC71L,-0.572928525071891,0.25196850393700787,1.0
PIK3CG,-0.20009756948112312,0.9291338582677166,1.0
PRKAR2B,0.015169668219773946,1.0,1.0
HBP1,-0.04105941153845638,0.9212598425196851,1.0
COG5,-0.3497329669788485,0.9212598425196851,1.0
DUS4L,-1.0025773799564859,0.3228346456692913,1.0
BCAP29,0.21987816116397862,0.6299212598425197,1.0
CBLL1,0.3585173174987002,0.33858267716535434,1.0
DLD,-0.34364425106559526,0.33858267716535434,1.0
PNPLA8,-0.5190233344808162,0.25196850393700787,1.0
RPL7P32,-0.7540647640206029,0.41732283464566927,1.0
THAP5,-0.08500264263143809,0.7401574803149606,1.0
DNAJB9,-0.2752940827783581,0.3228346456692913,1.0
IMMP2L,0.3992666819823383,0.6929133858267716,1.0
LRRN3,0.8339495228397662,0.5748031496062992,1.0
ZNF277,0.7985940628221639,0.16535433070866143,1.0
IFRD1,-0.2979173669053079,0.6062992125984252,1.0
LSMEM1,-0.26050094540378144,0.9212598425196851,1.0
TMEM168,-0.19677419581724376,0.6771653543307087,1.0
BMT2,-0.883677348754869,0.5354330708661418,1.0
SMIM30,0.08691866316395913,0.905511811023622,1.0
MDFIC,0.16632786050631942,0.49606299212598426,1.0
AC073130.3,-1.6628763697920514,0.11811023622047244,1.0
TES,0.05772513475114849,0.8976377952755905,1.0
CAV1,1.5061184228421807,0.2125984251968504,1.0
CAPZA2,-0.021928810916656438,0.952755905511811,1.0
ST7,-0.4165948276172804,0.6929133858267716,1.0
LSM8,0.2762867790295873,0.6062992125984252,1.0
ING3,0.07552910256571721,0.937007874015748,1.0
FAM3C,0.06770477095139871,0.7952755905511811,1.0
AASS,-0.7493982265356833,0.5433070866141733,1.0
NDUFA5,-0.10617255459232489,0.5590551181102362,1.0
WASL,0.12212459919534568,0.9448818897637795,1.0
POT1,-1.0767344700168056,0.36220472440944884,1.0
ZNF800,-0.14059187704938658,0.5590551181102362,1.0
AC000123.3,0.9482151655391298,0.13385826771653545,1.0
GCC1,-0.33572638877829863,0.28346456692913385,1.0
SND1,0.38594752056155546,0.1732283464566929,1.0
RBM28,-0.3886001172118245,0.4645669291338583,1.0
IMPDH1,-0.9023240948775326,0.5433070866141733,1.0
HILPDA,-0.7610493401440181,0.41732283464566927,1.0
METTL2B,0.1521358020318626,0.6850393700787402,1.0
AC090114.2,0.03440308039469109,0.9606299212598425,1.0
AC090114.1,-0.519795435645404,0.7401574803149606,1.0
AC018638.5,0.3052808262860618,0.7637795275590551,1.0
CALU,-0.9441508459003121,0.23622047244094488,1.0
CCDC136,1.2394231366066222,0.2204724409448819,1.0
ATP6V1F,0.01316071632303295,0.9921259842519685,1.0
IRF5,-1.0395294360796181,0.1732283464566929,1.0
TNPO3,0.17342631256691288,0.25196850393700787,1.0
TSPAN33,-0.6466455433883462,0.5826771653543307,1.0
AHCYL2,-0.9729574196549171,0.33858267716535434,1.0
AC009244.1,-0.6166988107344866,0.5826771653543307,1.0
STRIP2,-0.2055485554944272,0.9212598425196851,1.0
SMKR1,0.8230362554642787,0.49606299212598426,1.0
AC078846.1,0.3915447952256679,0.5433070866141733,1.0
NRF1,-1.0225130481966564,0.05511811023622047,1.0
UBE2H,-0.1061008886016026,0.5118110236220472,1.0
ZC3HC1,-0.9183436215797469,0.33070866141732286,1.0
KLHDC10,0.5924453732288502,0.14173228346456693,1.0
TMEM209,0.11661603340900584,0.8582677165354331,1.0
CEP41,0.5082538835677917,0.2440944881889764,1.0
COPG2,0.27928001209447917,0.8188976377952756,1.0
LINC00513,0.671193751087242,0.41732283464566927,1.0
AC016831.5,-0.3429248380346537,0.7165354330708661,1.0
AC058791.1,-1.7687353902093599,0.03937007874015748,1.0
LINC-PINT,0.28022499842411097,0.36220472440944884,1.0
MKLN1,-1.139322283481568,0.6377952755905512,1.0
AC009362.1,-0.8289658486327611,0.18110236220472442,1.0
EEF1B2P6,-0.08453383936102021,0.7401574803149606,1.0
PLXNA4,-0.21874567398699307,0.7322834645669292,1.0
CHCHD3,-1.06593362458193,0.4645669291338583,1.0
AC008038.1,-0.16544185127408628,0.6614173228346457,1.0
EXOC4,0.015529266360846172,0.984251968503937,1.0
SLC35B4,-0.2441069711251176,0.4881889763779528,1.0
AKR1B1,0.010654353799242067,0.968503937007874,1.0
BPGM,0.05005358323282749,0.952755905511811,1.0
CALD1,0.4442687979978617,0.6220472440944882,1.0
C7orf49,-0.7892627044525962,0.3543307086614173,1.0
TMEM140,0.7144698544641543,0.2677165354330709,1.0
WDR91,-1.172456040870709,0.13385826771653545,1.0
CNOT4,0.023056884225479024,0.9448818897637795,1.0
NUP205,-0.2340262403080473,0.4330708661417323,1.0
STMP1,0.3485262260226545,0.4881889763779528,1.0
MTPN,-0.045301926413614524,0.8661417322834646,1.0
AC078845.1,0.2912855384255004,0.7086614173228346,1.0
AC090498.1,-0.8781156091231472,0.6692913385826772,1.0
AC009245.1,0.029494247623568004,0.984251968503937,1.0
CREB3L2,0.3211362743569097,0.16535433070866143,1.0
TRIM24,-0.11933208678252871,0.8661417322834646,1.0
ZC3HAV1,-0.28091793689895095,0.3543307086614173,1.0
TTC26,-0.09723936696903568,0.9212598425196851,1.0
UBN2,-0.8245133573803907,0.2440944881889764,1.0
FMC1,0.3134515988975577,0.6850393700787402,1.0
LUC7L2,-0.1738750929108157,0.18110236220472442,1.0
HIPK2,-0.5002802534473272,0.2125984251968504,1.0
TBXAS1,-1.4167240194754198,0.07874015748031496,1.0
PARP12,0.41099018789753483,0.47244094488188976,1.0
KDM7A,0.05312270804551833,0.8740157480314961,1.0
JHDM1D-AS1,-1.526549249732261,0.09448818897637795,1.0
SLC37A3,0.8519065389944851,0.4409448818897638,1.0
MKRN1,-0.5414999354643077,0.05511811023622047,1.0
ADCK2,-0.1845724398653381,0.7637795275590551,1.0
NDUFB2,-0.12879627441749708,0.7165354330708661,1.0
BRAF,-0.6402606915976641,0.3858267716535433,1.0
MRPS33,0.02149944149524785,0.9763779527559056,1.0
AGK,0.06622262381015886,0.9133858267716536,1.0
AC004918.1,-0.7776498765420401,0.4566929133858268,1.0
KIAA1147,-0.27096912335966206,0.47244094488188976,1.0
SSBP1,-0.002249185352426686,1.0,1.0
MGAM,-0.8991545482278124,0.4094488188976378,1.0
TRBV6-2,0.8563544461469893,0.3700787401574803,1.0
TRBV28,0.44980150126889384,0.5590551181102362,1.0
TRBC1,-0.3014534065579557,0.4094488188976378,1.0
TRBC2,0.5339606576186924,0.05511811023622047,1.0
EPHB6,0.6512729765197585,0.2677165354330709,1.0
GSTK1,0.1514009828474805,0.25196850393700787,1.0
CASP2,-0.31967927318465783,0.3937007874015748,1.0
FAM131B,0.12333022569995578,0.952755905511811,1.0
AC093673.1,0.15896383495218291,0.8582677165354331,1.0
ZYX,-0.1985085058158651,0.9606299212598425,1.0
EPHA1,0.7588123094092882,0.3464566929133858,1.0
EPHA1-AS1,1.26999220037864,0.3543307086614173,1.0
TCAF2,0.2549927997712027,0.7322834645669292,1.0
TCAF1,-0.7963689129337719,0.5275590551181102,1.0
ARHGEF5,-0.8198404663815905,0.3858267716535433,1.0
TPK1,-0.8653726543686076,0.15748031496062992,1.0
CUL1,-0.2745499543609844,0.3228346456692913,1.0
EZH2,0.023194818747599655,0.9606299212598425,1.0
PDIA4,0.4159402374585568,0.08661417322834646,1.0
ZNF786,0.016674609507830063,0.968503937007874,1.0
ZNF398,-0.06115417252423949,0.905511811023622,1.0
AC004890.1,0.11321331216659414,0.8582677165354331,1.0
ZNF282,-0.6553102783043165,0.5748031496062992,1.0
ZNF212,-0.05595079533990788,0.889763779527559,1.0
ZNF783,0.275620134926593,0.6535433070866141,1.0
AC004941.2,-0.8722025964262621,0.3700787401574803,1.0
ZNF777,0.2588423890496201,0.8346456692913385,1.0
ZNF746,-0.7189668949833932,0.7007874015748031,1.0
ZNF767P,0.24343912906285547,0.6929133858267716,1.0
KRBA1,-1.2313606127557075,0.1732283464566929,1.0
ZNF467,0.0021325560881426675,1.0,1.0
ZNF862,0.5284151405426516,0.015748031496062992,1.0
ATP6V0E2,-0.29815630703627916,0.7874015748031497,1.0
LRRC61,0.5939045852933664,0.5275590551181102,1.0
ZBED6CL,-1.2560996805952636,0.30708661417322836,1.0
REPIN1,-0.12708677771113042,0.8346456692913385,1.0
AC073111.5,-0.20457738338196751,0.905511811023622,1.0
LINC00996,1.1459821548139693,0.2047244094488189,1.0
GIMAP8,-0.09864763657053821,0.937007874015748,1.0
GIMAP7,-0.041956267657025315,0.9763779527559056,1.0
GIMAP4,0.3142071721353563,0.7637795275590551,1.0
GIMAP6,-0.2912460842439435,0.6141732283464567,1.0
GIMAP2,-0.13063511861355614,0.7480314960629921,1.0
GIMAP1,0.0028325999964327053,1.0,1.0
GIMAP5,-1.110968543950941,0.11811023622047244,1.0
TMEM176B,1.1362521717546321,0.44881889763779526,1.0
TMEM176A,0.6472552122743679,0.6062992125984252,1.0
ABCB8,0.27664679180073115,0.7795275590551181,1.0
CDK5,1.1154965301728224,0.3543307086614173,1.0
FASTK,-0.2593791627099513,0.9448818897637795,1.0
TMUB1,0.05858684503134448,0.8976377952755905,1.0
AGAP3,-0.32273887777998755,0.8740157480314961,1.0
ABCF2,-0.6055571573452654,0.8661417322834646,1.0
CHPF2,0.18407314860268054,0.8740157480314961,1.0
NUB1,-0.3975122551254442,0.25196850393700787,1.0
RHEB,-0.7161694116415331,0.13385826771653545,1.0
PRKAG2,0.02008299369154276,0.937007874015748,1.0
PRKAG2-AS1,-0.09279510509279332,0.9133858267716536,1.0
GALNT11,-0.35043679704561637,0.23622047244094488,1.0
KMT2C,-0.07926444973208646,0.7086614173228346,1.0
SEPT7P6,-0.03551112678149071,0.952755905511811,1.0
LINC01003,0.2956336288401906,0.7559055118110236,1.0
ACTR3B,0.6748130866954822,0.6220472440944882,1.0
PAXIP1-AS2,-0.6379306831310716,0.5748031496062992,1.0
PAXIP1,-0.022489411936014836,1.0,1.0
AC093726.1,0.33846254958183986,0.5118110236220472,1.0
PAXIP1-AS1,-1.1306590851453402,0.1889763779527559,1.0
AC144652.1,-0.7724078790585427,0.3779527559055118,1.0
INSIG1,-0.1741898046577841,0.3858267716535433,1.0
AC009403.1,0.34878613276504744,0.7401574803149606,1.0
RBM33,-0.2997402931250006,0.5354330708661418,1.0
LMBR1,-0.6016856198142508,0.05511811023622047,1.0
NOM1,0.0547513453424191,0.9133858267716536,1.0
UBE3C,0.02531506422174612,0.952755905511811,1.0
RPS27AP12,-0.38851077116092037,0.6771653543307087,1.0
DNAJB6,-0.14498151909044577,0.6141732283464567,1.0
PTPRN2,0.3916283838991257,0.6062992125984252,1.0
NCAPG2,0.7500359262609022,0.4881889763779528,1.0
ESYT2,-0.19642453571069218,0.4094488188976378,1.0
WDR60,-1.0252351198261342,0.023622047244094488,1.0
VIPR2,0.12116833884055911,0.905511811023622,1.0
PLCXD1,-1.5036426899784046,0.13385826771653545,1.0
GTPBP6,-1.437859529689343,0.2755905511811024,1.0
IL3RA,-0.7916347580308858,0.4330708661417323,1.0
SLC25A6,0.2048425787352226,0.5511811023622047,1.0
ASMTL,-0.3182744315228776,0.6456692913385826,1.0
P2RY8,-0.298322710798856,0.5905511811023622,1.0
AKAP17A,-0.07743782881532102,0.8031496062992126,1.0
AL683807.1,1.360985382137905,0.31496062992125984,1.0
DHRSX,0.10737168122450802,0.8110236220472441,1.0
ZBED1,0.22168722775602756,0.6456692913385826,1.0
CD99P1,-0.35755812842558665,0.7874015748031497,1.0
CD99,0.07383394822341671,0.7874015748031497,1.0
ARSD,0.439533315196881,0.2440944881889764,1.0
PRKX,0.22545718976024087,0.4645669291338583,1.0
BX890604.1,0.6021076334678344,0.2204724409448819,1.0
PUDP,-0.3616070056030436,0.9921259842519685,1.0
STS,0.7798643474267917,0.25984251968503935,1.0
PNPLA4,1.7682296028324405,0.1968503937007874,1.0
TBL1X,-0.12000991571037467,0.7165354330708661,1.0
EIF5P1,0.2772745607179763,0.8110236220472441,1.0
WWC3,0.06633503027716614,0.8582677165354331,1.0
HCCS,1.7186819710405143,0.06299212598425197,1.0
MSL3,0.30773903483340526,0.03937007874015748,1.0
PRPS2,0.4992946082201666,0.28346456692913385,1.0
TMSB4X,0.27282820039006417,0.1968503937007874,1.0
TCEANC,0.016938282537061866,0.9606299212598425,1.0
RAB9A,-0.2353003309763988,0.7480314960629921,1.0
TRAPPC2,0.19279715687411958,0.6614173228346457,1.0
OFD1,0.14427946469660125,0.7007874015748031,1.0
GPM6B,-0.9321314462582995,0.16535433070866143,1.0
GEMIN8,-0.37382462762262825,0.7637795275590551,1.0
FANCB,-0.5944266959903395,0.5275590551181102,1.0
MOSPD2,0.1433946565897486,0.5905511811023622,1.0
PIGA,-0.2509229963678634,0.84251968503937,1.0
CA5BP1,0.7610252250939613,0.3858267716535433,1.0
CA5B,0.15712971962251387,0.7165354330708661,1.0
ZRSR2,0.3201866321151643,0.5826771653543307,1.0
AP1S2,0.0985511440550253,0.8031496062992126,1.0
CTPS2,-1.2280538648503332,0.1889763779527559,1.0
SYAP1,0.06683218350807518,0.8503937007874016,1.0
TXLNG,-0.21980662185564803,0.1732283464566929,1.0
RBBP7,-0.28999113166113677,0.1732283464566929,1.0
NHS,1.8570287438396682,0.16535433070866143,1.0
SCML1,1.1334844264778559,0.4645669291338583,1.0
CDKL5,-0.8610336693119698,0.4881889763779528,1.0
PHKA2,-0.9520362257942034,0.4094488188976378,1.0
PDHA1,0.5451395515706725,0.2440944881889764,1.0
SH3KBP1,-0.04307877120902859,0.8503937007874016,1.0
BCLAF3,0.25309659256627626,0.5748031496062992,1.0
EIF1AX,-0.19338766286689957,0.5039370078740157,1.0
RPS6KA3,0.27095920845734867,0.4409448818897638,1.0
MBTPS2,-1.021774926101211,0.4330708661417323,1.0
SMS,-0.1771729954670258,0.6614173228346457,1.0
FAM3C2,-1.1802604578993865,0.2125984251968504,1.0
PRDX4,0.07394278852607972,0.8818897637795275,1.0
ACOT9,0.5105734199076184,0.25984251968503935,1.0
SAT1,-0.1034006809995045,0.5905511811023622,1.0
APOO,-0.23839013063044057,0.7952755905511811,1.0
RPL9P7,-1.044336240855912,0.4645669291338583,1.0
KLHL15,0.29103822879969776,0.4094488188976378,1.0
EIF2S3,0.05712647141152516,0.8582677165354331,1.0
ZFX,0.07709512304604882,0.8740157480314961,1.0
AC004552.1,-1.0627467577487943,0.31496062992125984,1.0
PDK3,0.10874135655897277,0.7086614173228346,1.0
AC004656.1,-0.40132686506500725,0.3228346456692913,1.0
POLA1,-0.5868980797359966,0.7952755905511811,1.0
EEF1B2P3,-0.5983861963079216,0.30708661417322836,1.0
AC097263.1,0.3313335252986658,0.2204724409448819,1.0
CXorf21,0.5439775519018601,0.5984251968503937,1.0
GK,0.36820435571216614,0.6929133858267716,1.0
TAB3,-0.5346637262879677,0.2440944881889764,1.0
TBCAP1,-1.1087934447856425,0.3779527559055118,1.0
LANCL3,-0.1239078341825981,0.9212598425196851,1.0
CYBB,-0.8118595483673189,0.3858267716535433,1.0
DYNLT3,-0.32200295408475643,0.31496062992125984,1.0
RPGR,-0.46434906002825205,0.7244094488188977,1.0
MID1IP1,0.3978383927862197,0.33070866141732286,1.0
GAPDHP1,0.09849185340098199,0.8582677165354331,1.0
BCOR,-0.33577528318311956,0.1889763779527559,1.0
ATP6AP2,-0.2020997286682995,0.33858267716535434,1.0
CXorf38,0.05508488902559172,0.8582677165354331,1.0
MED14,0.07451677351174268,0.7086614173228346,1.0
MED14OS,-0.4127534849369391,0.6535433070866141,1.0
SDCBPP3,-0.48245974334333086,0.5433070866141733,1.0
RPS2P55,-0.9637335492296373,0.30708661417322836,1.0
USP9X,-0.0731421844044231,0.6062992125984252,1.0
DDX3X,-0.04293589356660377,0.9133858267716536,1.0
CASK,0.73390837631373,0.33858267716535434,1.0
AL627402.1,0.7198101858608245,0.3858267716535433,1.0
GPR34,1.7255169362743512,0.1732283464566929,1.0
GPR82,0.8162072521531072,0.5118110236220472,1.0
PPP1R2P9,-0.18990533126930798,1.0,1.0
AL034370.1,-1.4804422688940577,0.05511811023622047,1.0
EFHC2,-1.3429247880665192,0.13385826771653545,1.0
FUNDC1,0.8507549779401358,0.13385826771653545,1.0
KDM6A,0.1673152899329624,0.7007874015748031,1.0
MIR222HG,-0.2552253483583482,0.7874015748031497,1.0
GAPDHP65,0.5724304694310307,0.5669291338582677,1.0
KRBOX4,0.22280270752868336,0.6456692913385826,1.0
ZNF674,-1.2372253628201748,0.2125984251968504,1.0
ZNF674-AS1,0.8153226987638269,0.4251968503937008,1.0
CHST7,-0.41445374880295427,0.7244094488188977,1.0
SLC9A7,0.4462343733360312,0.7007874015748031,1.0
AL512633.1,0.12889588283680387,0.9212598425196851,1.0
RP2,-0.7640237953268016,0.08661417322834646,1.0
NDUFB11,0.18213795461722349,0.6929133858267716,1.0
RBM10,0.15516995499780784,0.6062992125984252,1.0
UBA1,0.11057819979058259,0.8346456692913385,1.0
CDK16,-0.13539364960933753,0.9212598425196851,1.0
USP11,-0.012852665616840397,0.984251968503937,1.0
ZNF41,-0.8831880176825746,0.41732283464566927,1.0
LINC01560,-1.2866043022344578,0.14173228346456693,1.0
NUS1P1,-1.0624356510211057,0.14960629921259844,1.0
ARAF,0.030619962410528778,0.889763779527559,1.0
TIMP1,0.36645922772218764,0.6456692913385826,1.0
ELK1,-0.4428884179667154,0.3937007874015748,1.0
UXT,-0.3630794112201965,0.031496062992125984,1.0
WASF4P,-0.07114552269335572,0.7795275590551181,1.0
ZNF81,-1.0250858173397557,0.25984251968503935,1.0
ZNF182,0.13200950516529453,0.7322834645669292,1.0
SLC38A5,0.06057676657874289,0.968503937007874,1.0
FTSJ1,0.04140983802274967,0.9606299212598425,1.0
PORCN,-0.5868417580175374,0.1732283464566929,1.0
EBP,-0.2761523363137286,0.48031496062992124,1.0
TBC1D25,-0.9344580104183731,0.5354330708661418,1.0
RBM3,-0.4040457917756193,0.31496062992125984,1.0
AC115618.3,-1.3884883575805136,0.03937007874015748,1.0
WDR13,-0.23695723035147154,0.905511811023622,1.0
WAS,0.10466995961264658,0.8346456692913385,1.0
SUV39H1,-0.31818624413262686,0.905511811023622,1.0
AC231533.2,-1.1995171633354067,0.2047244094488189,1.0
HDAC6,0.453658540934061,0.30708661417322836,1.0
TIMM17B,0.34507853101318764,0.2992125984251969,1.0
PQBP1,-1.3281983145232328,0.4409448818897638,1.0
SLC35A2,-0.5785674858942702,0.4094488188976378,1.0
PIM2,0.16642698999808925,0.6377952755905512,1.0
OTUD5,-0.12687310542349284,0.7795275590551181,1.0
GRIPAP1,0.32564750851921875,0.11811023622047244,1.0
TFE3,0.21369066393173686,0.49606299212598426,1.0
CCDC120,1.3505553073168577,0.13385826771653545,1.0
PRAF2,-0.9573226674302253,0.4094488188976378,1.0
WDR45,-0.3826144848696611,0.48031496062992124,1.0
GPKOW,-0.4246044484407556,0.5118110236220472,1.0
PLP2,0.8795360658404663,0.031496062992125984,1.0
PRICKLE3,0.2709011794175282,0.7165354330708661,1.0
CCDC22,0.18388212588669028,0.8582677165354331,1.0
PPP1R3F,1.0986587705344069,0.25196850393700787,1.0
VDAC1P2,0.06691979981908247,0.952755905511811,1.0
USP27X,-1.497582680605173,0.10236220472440945,1.0
DGKK,-0.5639046427862988,0.6771653543307087,1.0
NUDT11,-1.1861780426828479,0.3700787401574803,1.0
GSPT2,-0.27414651806053403,0.8582677165354331,1.0
MAGED1,0.261186939324177,0.5196850393700787,1.0
EIF4A2P4,0.6829044472453194,0.2677165354330709,1.0
TSPYL2,-0.34294772743977653,0.6771653543307087,1.0
KANTR,0.8770817702667113,0.33858267716535434,1.0
KDM5C,0.13008774183485627,0.6929133858267716,1.0
SMC1A,0.17086042530636103,0.6377952755905512,1.0
HSD17B10,-0.014805013734775052,0.9921259842519685,1.0
HUWE1,-0.008332235736059346,0.9448818897637795,1.0
AC233279.1,-0.018652678883078977,1.0,1.0
PHF8,-0.9233636944730836,0.7244094488188977,1.0
FAM120C,-1.3468627115130078,0.29133858267716534,1.0
TSR2,-0.7352482361288004,0.09448818897637795,1.0
GNL3L,-0.3559597913990711,0.3228346456692913,1.0
MAGED2,0.7863091820147368,0.07086614173228346,1.0
APEX2,0.2614567851206644,0.5275590551181102,1.0
FAM104B,-1.1189379335383873,0.2125984251968504,1.0
MAGEH1,0.2677749941267509,0.5905511811023622,1.0
USP51,0.699061302846073,0.4251968503937008,1.0
RRAGB,0.4184427646706119,0.4330708661417323,1.0
AL445472.1,-0.9150488035159928,0.1889763779527559,1.0
KLF8,0.3112221550318479,0.7795275590551181,1.0
UBQLN2,-0.07559270160482434,0.6456692913385826,1.0
NBDY,-0.3038521485350554,0.4566929133858268,1.0
UQCRBP1,-1.517953129869658,0.18110236220472442,1.0
SPIN3,-0.9308783011771982,0.36220472440944884,1.0
SPIN2B,-0.2729151600166544,0.8110236220472441,1.0
ZXDB,-0.3783928797385956,0.23622047244094488,1.0
ZXDA,0.09229361746183362,0.9212598425196851,1.0
BX322784.1,-0.055482472917830705,1.0,1.0
LINC01278,-0.321961677724933,0.6062992125984252,1.0
SPIN4,0.09681456690337553,0.905511811023622,1.0
ARHGEF9,-0.028233148691858112,0.968503937007874,1.0
HNRNPDP1,-0.7176016763201594,0.3700787401574803,1.0
AMER1,0.604403217030985,0.48031496062992124,1.0
MTMR8,1.3501718941314766,0.2125984251968504,1.0
LAS1L,0.0566539353659854,0.7480314960629921,1.0
MSN,-0.1803661499017597,0.6141732283464567,1.0
AL158201.1,0.4768534624766345,0.6220472440944882,1.0
YIPF6,-0.1415981308431924,0.7637795275590551,1.0
RPL31P63,-0.39441267944316927,0.7086614173228346,1.0
SERBP1P1,0.43736870802679295,0.3700787401574803,1.0
EFNB1,0.9573633521056526,0.2283464566929134,1.0
PJA1,-0.06777608596031692,0.952755905511811,1.0
CNOT7P1,-0.4006895579830885,0.6692913385826772,1.0
IGBP1,-0.10706934511552735,0.8346456692913385,1.0
PDZD11,0.06250996196342795,0.8661417322834646,1.0
DLG3,0.6676250686247114,0.11811023622047244,1.0
RPS23P8,-0.22256996733253942,0.5118110236220472,1.0
SNX12,0.16545712942557866,0.7401574803149606,1.0
FOXO4,-0.9245369057330506,0.5196850393700787,1.0
CXorf65,-0.33517777375232516,0.44881889763779526,1.0
IL2RG,0.18526788419120344,0.6220472440944882,1.0
MED12,0.14775959429684082,0.6377952755905512,1.0
AL590764.1,0.6226792438426436,0.5748031496062992,1.0
ZMYM3,0.2623614950710129,0.5826771653543307,1.0
NONO,-0.2219233275188408,0.2125984251968504,1.0
AL590762.3,-0.7642728936112857,0.3700787401574803,1.0
TAF1,-0.2395483189392067,0.6299212598425197,1.0
AL590762.1,-1.0148400219903944,0.2125984251968504,1.0
OGT,0.10508506703121512,0.7559055118110236,1.0
GCNA,-1.0136343123986482,0.11023622047244094,1.0
CXCR3,0.9884730919834643,0.12598425196850394,1.0
NHSL2,-0.7736438939418582,0.12598425196850394,1.0
RTL5,-0.5541426593475096,0.5196850393700787,1.0
PIN4,0.6514080690650008,0.23622047244094488,1.0
RPS4X,-0.017241782373885073,0.9921259842519685,1.0
HDAC8,-0.9936273289973965,0.33070866141732286,1.0
NAP1L2,-1.0015338188908491,0.3937007874015748,1.0
TOMM20P4,0.060312748913676106,0.9291338582677166,1.0
CHIC1,0.7166272546289507,0.14173228346456693,1.0
XIST,0.34114473248890587,1.0,1.0
FTX,1.0401817816084606,0.08661417322834646,1.0
USMG5P1,-0.4027112151096355,0.6456692913385826,1.0
Z83843.1,0.031499174598263124,0.9763779527559056,1.0
AC004386.1,-0.9777348579049852,0.3700787401574803,1.0
PABPC1P3,0.10116605149609281,0.7322834645669292,1.0
RLIM,0.0013252539235084626,1.0,1.0
ABCB7,-1.1126299707301506,0.36220472440944884,1.0
UPRT,-1.068324706238669,0.30708661417322836,1.0
TTC3P1,-0.22899386774307295,0.5118110236220472,1.0
PBDC1,-0.16513763517508995,0.6692913385826772,1.0
LDHBP2,-1.3446402344277422,0.2283464566929134,1.0
MAGEE1,-0.3297119887088984,0.7795275590551181,1.0
ATRX,-0.1136113604605935,0.6929133858267716,1.0
MAGT1,0.32191479389978905,0.36220472440944884,1.0
COX7B,0.42152690053240605,0.12598425196850394,1.0
ATP7A,0.24696057678891137,0.4015748031496063,1.0
AL356235.1,-0.4061820741994284,0.7795275590551181,1.0
PGK1,0.04825034121625471,0.8818897637795275,1.0
TAF9B,-0.15922548244660728,0.84251968503937,1.0
CYSLTR1,0.48749689368778437,0.3779527559055118,1.0
P2RY10,0.6768445839556749,0.031496062992125984,1.0
GPR174,0.6695800793109274,0.05511811023622047,1.0
ITM2A,0.5358645272999212,0.2047244094488189,1.0
BRWD3,-1.0442041954676284,0.7480314960629921,1.0
HMGN5,-2.124396266834753,0.031496062992125984,1.0
SH3BGRL,0.00923909767899822,0.9763779527559056,1.0
TERF1P4,-1.0863068803929505,0.3543307086614173,1.0
APOOL,-1.6080835579895254,0.30708661417322836,1.0
ZNF711,0.066515560849703,1.0,1.0
CHM,0.06785111665679988,0.8661417322834646,1.0
AL024493.1,-1.3160455868594236,0.2125984251968504,1.0
EIF4A1P10,0.15524691772538723,0.8188976377952756,1.0
AL121871.1,0.708042068447231,0.44881889763779526,1.0
AL359263.1,1.1702587857928175,0.25196850393700787,1.0
ST13P18,-0.13679464960612853,0.905511811023622,1.0
NAP1L3,0.7512004573318736,0.48031496062992124,1.0
DIAPH2,-0.7415757080811405,0.09448818897637795,1.0
CSTF2,-0.048723167131217826,0.9921259842519685,1.0
Z73417.1,-1.9469207474454269,0.11811023622047244,1.0
TRMT2B,0.1078362326772524,0.8818897637795275,1.0
TIMM8A,-0.38535966199421967,0.6614173228346457,1.0
RPL36A,0.04692785479166783,0.8976377952755905,1.0
GLA,-1.0030172657314131,0.4645669291338583,1.0
HNRNPH2,-0.005631011821818355,0.9763779527559056,1.0
ARMCX4,-0.41196423711163344,0.5905511811023622,1.0
AC234775.2,-1.2712476623638003,0.07874015748031496,1.0
ARMCX6,-0.43768752576133085,0.6771653543307087,1.0
ARMCX3,0.015332013493512875,0.9763779527559056,1.0
AC234775.3,0.6180724659730601,0.3858267716535433,1.0
ARMCX2,-0.8788958018300717,0.2677165354330709,1.0
ZMAT1,-0.049930567274283355,0.937007874015748,1.0
BEX5,0.35713723029977684,0.7559055118110236,1.0
ARMCX5,-1.789534373729177,0.08661417322834646,1.0
GPRASP1,-1.9114039314869051,0.06299212598425197,1.0
BHLHB9,0.3709763078947361,0.6062992125984252,1.0
BEX4,-0.5159679720521506,0.33070866141732286,1.0
TCEAL8,-0.9570753996125747,0.10236220472440945,1.0
BEX2,-1.4388195823120529,0.16535433070866143,1.0
TCEAL9,0.5716978811190346,0.5275590551181102,1.0
BEX3,-0.14355599837488642,0.889763779527559,1.0
TCEAL4,0.37865562156806165,0.44881889763779526,1.0
TCEAL3,0.2084590030531075,0.7637795275590551,1.0
TCEAL1,-1.3454560296791716,0.2677165354330709,1.0
MORF4L2,-0.12122280032661781,0.9448818897637795,1.0
SLC25A53,-0.14290893096206458,0.9606299212598425,1.0
ZCCHC18,-0.4635517564727918,0.5984251968503937,1.0
FAM199X,-0.34017913655192,0.33858267716535434,1.0
CXorf57,1.091494524695733,0.2283464566929134,1.0
MORC4,0.2706492553554698,0.7637795275590551,1.0
RBM41,0.16526981409237607,0.5275590551181102,1.0
AL390039.1,-1.385668756638521,0.3858267716535433,1.0
DNAJA1P3,-1.9837105593547577,0.031496062992125984,1.0
FRMPD3,-0.3478733464434054,0.7716535433070866,1.0
PRPS1,0.04545255736106579,0.8818897637795275,1.0
TSC22D3,0.1898954197646603,0.6062992125984252,1.0
PSMD10,-0.22092275832851715,0.4251968503937008,1.0
ATG4A,-1.0316800780963495,0.4015748031496063,1.0
NXT2,-0.236663581896976,0.6456692913385826,1.0
ACSL4,0.10392121809832844,0.6220472440944882,1.0
TMEM164,0.14612232702212058,0.7007874015748031,1.0
AMMECR1,0.16015341640736036,0.7559055118110236,1.0
GNG5P2,-0.8474446945767484,0.4645669291338583,1.0
EIF4BP7,-0.8062004805508056,0.2992125984251969,1.0
ALG13,-0.23308923702862838,0.3937007874015748,1.0
AMOT,0.38302604849879884,0.8661417322834646,1.0
PLS3,1.3691020500683906,0.08661417322834646,1.0
AC005000.1,0.24437741273454838,0.3464566929133858,1.0
WDR44,0.26785602959096355,0.4094488188976378,1.0
DOCK11,-0.3550327598095073,0.2755905511811024,1.0
LONRF3,-0.9037307780866453,0.2992125984251969,1.0
HNRNPA1P28,-1.2943318461670252,0.05511811023622047,1.0
PGRMC1,-1.2830583055609077,0.28346456692913385,1.0
SLC25A43,-0.33436330415025006,0.84251968503937,1.0
SLC25A5,0.18357436454414078,0.5905511811023622,1.0
CXorf56,-0.35690468899002514,0.44881889763779526,1.0
UBE2A,-0.0117803357081403,0.9921259842519685,1.0
NKRF,-0.9220385470572459,0.14173228346456693,1.0
SEPT6,0.14598458119157165,0.5748031496062992,1.0
RPL39,-0.02219135680853057,0.952755905511811,1.0
UPF3B,-0.10279112530185408,0.8188976377952756,1.0
RNF113A,-0.6285148400573082,0.03937007874015748,1.0
NDUFA1,0.2537163370280364,0.4015748031496063,1.0
NKAP,-0.010969016107567953,1.0,1.0
NKAPP1,-0.39537113866382845,0.6220472440944882,1.0
ZBTB33,0.4091475387188055,0.48031496062992124,1.0
LAMP2,0.11617962228842149,0.5905511811023622,1.0
CUL4B,-0.4291204500004131,0.14173228346456693,1.0
MCTS1,0.4273332140913322,0.13385826771653545,1.0
C1GALT1C1,0.47672776130623395,0.4409448818897638,1.0
GLUD2,-0.42877388445709674,0.7952755905511811,1.0
HSPA8P1,-0.8219938312481483,0.49606299212598426,1.0
THOC2,0.06365805022279325,0.8346456692913385,1.0
XIAP,0.08254816623324857,0.7874015748031497,1.0
STAG2,-0.12255999069727075,0.6614173228346457,1.0
SH2D1A,0.17384349519182773,0.5590551181102362,1.0
TENM1,-0.6799742901068284,0.36220472440944884,1.0
XPNPEP2,-0.7331184271791464,0.3700787401574803,1.0
SASH3,-0.1000004386360338,0.7952755905511811,1.0
AL023653.1,0.02608076943225135,1.0,1.0
ZDHHC9,-0.8022452969064631,0.2440944881889764,1.0
UTP14A,0.09968330062471509,0.7559055118110236,1.0
BCORL1,-0.10789851972180653,0.84251968503937,1.0
ELF4,-0.3848891311568732,0.36220472440944884,1.0
AIFM1,0.05791858859333576,0.9448818897637795,1.0
RAB33A,1.3857755864458379,0.14960629921259844,1.0
ZNF280C,-0.4582153275401448,0.6220472440944882,1.0
SLC25A14,-0.8239067432899989,0.3779527559055118,1.0
RBMX2,0.06328367325917483,0.9133858267716536,1.0
FAM45BP,0.6251304799610387,0.5748031496062992,1.0
ENOX2,-0.28343854083055753,0.13385826771653545,1.0
STK26,-0.4623691523260218,0.07874015748031496,1.0
RAP2C,-0.004921354736285188,1.0,1.0
MBNL3,-0.1226415097814817,0.7480314960629921,1.0
AL009174.1,0.33516701133846016,0.49606299212598426,1.0
PHF6,0.40697210574762543,0.3464566929133858,1.0
HPRT1,0.44608848692998393,0.5275590551181102,1.0
FAM122B,-0.4952937430689017,0.03937007874015748,1.0
FAM122C,0.12790573769770264,0.8503937007874016,1.0
MOSPD1,-0.28801556198332534,0.5039370078740157,1.0
SMIM10,-0.9800571871297183,0.49606299212598426,1.0
RTL8C,-0.28047283471889894,0.7480314960629921,1.0
RTL8A,-0.6123482001232441,0.6299212598425197,1.0
ZNF75D,0.2674147616826934,0.6771653543307087,1.0
ZNF449,-0.21344672273181686,0.5826771653543307,1.0
INTS6L,0.19444738462875577,0.7244094488188977,1.0
MMGT1,-0.13104685748258138,0.6456692913385826,1.0
SLC9A6,-0.485235396706476,0.5039370078740157,1.0
FHL1,0.03311378524245345,0.9763779527559056,1.0
MAP7D3,-0.38505128717069503,0.4330708661417323,1.0
HTATSF1,0.09336215915840995,0.7007874015748031,1.0
LINC00892,-0.6868529457324426,0.6771653543307087,1.0
CD40LG,-0.8320947999610953,0.5748031496062992,1.0
ARHGEF6,0.25899166641579985,0.1968503937007874,1.0
AL683813.1,-1.83927170121739,0.03937007874015748,1.0
RBMX,0.0021494014723035804,1.0,1.0
SRRM1P3,-1.7171072088080994,0.12598425196850394,1.0
MCF2,0.6711458833748238,0.44881889763779526,1.0
ATP11C,0.14917803025095377,0.5196850393700787,1.0
HNRNPA3P3,-0.04997616034106489,0.952755905511811,1.0
LDOC1,0.977882253211396,0.1889763779527559,1.0
FMR1,0.10818277072982951,0.6771653543307087,1.0
FTH1P8,0.015934988003934336,0.952755905511811,1.0
IDS,-0.06782952169432654,0.6456692913385826,1.0
IDSP1,0.012954956278355523,0.905511811023622,1.0
CXorf40A,-0.3094147401426679,0.8110236220472441,1.0
TMEM185A,0.8695848502476142,0.4566929133858268,1.0
CXorf40B,0.5600621096343255,0.4015748031496063,1.0
BX322650.1,-0.6494990986123361,0.5118110236220472,1.0
XRCC6P2,-0.34793865701885185,0.7401574803149606,1.0
MTM1,0.40272997844809355,0.15748031496062992,1.0
MTMR1,-0.13699959484274782,0.7165354330708661,1.0
CD99L2,-0.980727643510384,0.3700787401574803,1.0
HMGB3,0.3867223107746143,0.7637795275590551,1.0
VMA21,-0.0243387780068387,0.937007874015748,1.0
CETN2,0.07684089806656802,0.9212598425196851,1.0
NSDHL,-0.9047991780567086,0.25196850393700787,1.0
ZNF275,0.2586600158249057,0.5590551181102362,1.0
CCNQ,-0.08916476561810116,0.984251968503937,1.0
BCAP31,0.04211767432015456,0.937007874015748,1.0
ABCD1,0.9537066691233619,0.3543307086614173,1.0
IDH3G,0.09490185487259994,0.9763779527559056,1.0
SSR4,-0.2881693508367187,0.6929133858267716,1.0
PDZD4,-0.7919571746071332,0.6535433070866141,1.0
CYCSP45,-0.10059639257216624,0.84251968503937,1.0
L1CAM,0.5177712681065474,0.5905511811023622,1.0
ARHGAP4,0.5199072235924556,0.6692913385826772,1.0
NAA10,0.05136944660680198,1.0,1.0
HCFC1,-0.1750990189693571,0.4566929133858268,1.0
TMEM187,0.5063700858380757,0.6929133858267716,1.0
IRAK1,-0.09349113110461893,0.905511811023622,1.0
MECP2,0.13545154992873965,0.6850393700787402,1.0
TKTL1,-0.30841881283899353,0.8818897637795275,1.0
FLNA,-0.26203712802636137,0.7322834645669292,1.0
EMD,-0.16609253125641654,0.9212598425196851,1.0
RPL10,0.04101865787681014,0.889763779527559,1.0
TAZ,-0.4613967511274488,0.7952755905511811,1.0
ATP6AP1,-0.14957709319887869,0.6771653543307087,1.0
GDI1,-0.07208696227239919,0.9448818897637795,1.0
FAM50A,-0.08278075888626546,0.968503937007874,1.0
PLXNA3,-0.7992347952572687,0.6062992125984252,1.0
LAGE3,-0.3045509982053147,0.7244094488188977,1.0
UBL4A,-0.38741708722704216,0.5275590551181102,1.0
SLC10A3,0.21360413434048375,0.6692913385826772,1.0
FAM3A,-0.2233901510193803,0.8818897637795275,1.0
G6PD,-0.22786081320913087,0.8976377952755905,1.0
GAB3,0.09286797903224642,0.5590551181102362,1.0
DKC1,-0.6542977713823257,0.41732283464566927,1.0
MPP1,-0.049351080193465346,0.952755905511811,1.0
F8,-0.20267938531086194,0.905511811023622,1.0
F8A1,-0.04882915289376921,0.8740157480314961,1.0
FUNDC2,-0.13200019067153246,0.4645669291338583,1.0
BRCC3,0.9906741096803442,0.12598425196850394,1.0
VBP1,0.39165852746747554,0.15748031496062992,1.0
RAB39B,-0.16611277879568842,0.6456692913385826,1.0
TMLHE,-0.4552143869299248,0.5905511811023622,1.0
VAMP7,0.255702106547929,0.30708661417322836,1.0
WASH6P,-0.4635723575308063,0.4566929133858268,1.0
RPL23AP53,-1.001027220540871,0.30708661417322836,1.0
AC004908.2,0.603637776925634,0.48031496062992124,1.0
FBXO25,-0.0026564005835947313,0.984251968503937,1.0
ERICH1,0.06502532021498997,0.7165354330708661,1.0
CLN8,-0.2546208988215093,0.8740157480314961,1.0
AC100810.1,-0.2267237555175332,0.5433070866141733,1.0
MYOM2,-0.34131314294397574,0.8346456692913385,1.0
MCPH1,-0.2967657787378597,0.4015748031496063,1.0
ANGPT2,-0.4613212625125689,0.5433070866141733,1.0
AGPAT5,0.3815720644794496,0.5826771653543307,1.0
PRAG1,0.3672320081705802,0.7795275590551181,1.0
MFHAS1,-0.01147630852106385,0.9921259842519685,1.0
ERI1,0.7194169013982039,0.2283464566929134,1.0
PPP1R3B,0.5614059612492177,0.4251968503937008,1.0
TNKS,-0.21006705738262177,0.5118110236220472,1.0
MSRA,-0.16235957395619938,0.7559055118110236,1.0
PINX1,-0.9212291656861633,0.3937007874015748,1.0
XKR6,-1.055029203014553,0.3700787401574803,1.0
AF131215.6,-0.08126325031212955,0.905511811023622,1.0
AF131215.5,0.3164527127631587,0.7165354330708661,1.0
MTMR9,0.19263511458327542,0.5118110236220472,1.0
FAM167A,0.3165929017381973,0.84251968503937,1.0
NEIL2,-0.6532755342247638,0.8031496062992126,1.0
SUB1P1,-1.4791973858837002,0.3228346456692913,1.0
FDFT1,-0.03547238559445898,0.9133858267716536,1.0
CTSB,0.5760960473771544,0.15748031496062992,1.0
LONRF1,0.9332829852662892,0.07086614173228346,1.0
MICU3,-1.106146423223511,0.3228346456692913,1.0
ZDHHC2,-0.3364179840119039,0.47244094488188976,1.0
CNOT7,-0.3110560998900702,0.2204724409448819,1.0
VPS37A,-1.3727837256157809,0.2755905511811024,1.0
MTUS1,0.19305615402689935,0.968503937007874,1.0
PCM1,0.11203665477158964,0.5511811023622047,1.0
ASAH1,-0.19971804488700062,0.4881889763779528,1.0
NAT1,0.9897766158629486,0.31496062992125984,1.0
CSGALNACT1,0.7496094663073407,0.14960629921259844,1.0
INTS10,0.16320295397834794,0.5905511811023622,1.0
ATP6V1B2,-0.32851265824990694,0.33070866141732286,1.0
DOK2,0.26104418907914617,0.6771653543307087,1.0
XPO7,-0.36898524083097684,0.7559055118110236,1.0
DMTN,0.21289253104381833,0.905511811023622,1.0
FAM160B2,0.8431543256221934,0.16535433070866143,1.0
NUDT18,-0.5722963188094251,0.6062992125984252,1.0
REEP4,-0.3885354336773581,0.49606299212598426,1.0
BMP1,-0.3628614748724084,0.6377952755905512,1.0
POLR3D,0.19556056029202473,0.5275590551181102,1.0
SLC39A14,-1.5904203371935135,0.3543307086614173,1.0
PPP3CC,-0.7745580063815147,0.7480314960629921,1.0
AC037459.2,-0.5989762761806698,0.5748031496062992,1.0
SORBS3,-0.7256923845595464,0.5354330708661418,1.0
PDLIM2,0.6360731696520752,0.13385826771653545,1.0
C8orf58,0.9117157210513736,0.48031496062992124,1.0
CCAR2,-0.22714168010987246,0.6692913385826772,1.0
EGR3,0.18452651192571423,0.8188976377952756,1.0
AC107959.1,0.8043264006027326,0.3543307086614173,1.0
RHOBTB2,-0.7208821567641954,0.47244094488188976,1.0
TNFRSF10B,0.2511771972737957,0.5118110236220472,1.0
TNFRSF10A,0.3682093544242768,0.7795275590551181,1.0
CHMP7,-0.3497439457147933,0.9448818897637795,1.0
R3HCC1,-0.9961367785254533,0.3937007874015748,1.0
LOXL2,-1.120694540366732,0.1968503937007874,1.0
ENTPD4,-0.35983972673422837,0.8031496062992126,1.0
SLC25A37,0.1851304010150141,0.8110236220472441,1.0
ADAM28,-0.4767455168166279,0.6614173228346457,1.0
DOCK5,-0.6078676736219135,0.8346456692913385,1.0
GNRH1,-0.04718068883874271,0.905511811023622,1.0
KCTD9,0.023214236076908534,0.937007874015748,1.0
CDCA2,-0.004690246563143319,0.9212598425196851,1.0
PPP2R2A,0.11023142287251186,0.6377952755905512,1.0
SDAD1P1,0.8677052175885778,0.33858267716535434,1.0
BNIP3L,0.387748467350745,0.18110236220472442,1.0
DPYSL2,-0.3294088681113472,0.4566929133858268,1.0
TRIM35,0.3906137013166062,0.6850393700787402,1.0
PTK2B,0.2922689138977903,0.4251968503937008,1.0
EPHX2,-1.0806392415043664,0.2677165354330709,1.0
CLU,1.5638274673409263,0.2992125984251969,1.0
CCDC25,0.39265900202182724,0.5433070866141733,1.0
NUGGC,1.054436698360262,0.3858267716535433,1.0
ELP3,-0.16738518182179263,0.7401574803149606,1.0
ZNF395,-0.48740222250308207,0.30708661417322836,1.0
FZD3,-1.1374992501172807,0.29133858267716534,1.0
EXTL3,-0.9081119625746892,0.4409448818897638,1.0
INTS9,1.1306378749655845,0.2677165354330709,1.0
HMBOX1,-0.45290275247336,0.07086614173228346,1.0
AC108449.2,0.7403633339778484,0.31496062992125984,1.0
KIF13B,1.2972078113988132,0.25196850393700787,1.0
DUSP4,1.9375188881169603,0.07086614173228346,1.0
SARAF,-0.3376273427430352,0.10236220472440945,1.0
AC044849.2,0.12126040358963186,0.9606299212598425,1.0
LEPROTL1,0.023752397941438907,0.9291338582677166,1.0
RPS15AP24,-0.1752253807006161,0.5275590551181102,1.0
AC026979.3,0.4233385513981509,0.6929133858267716,1.0
DCTN6,0.2546281091970348,0.2992125984251969,1.0
GTF2E2,0.02241424138199566,0.9606299212598425,1.0
GSR,0.10633379650965491,0.7480314960629921,1.0
UBXN8,0.2967066565386376,0.5984251968503937,1.0
PPP2CB,-0.19818369409715864,0.6692913385826772,1.0
AC090281.1,-1.0340201928744042,0.44881889763779526,1.0
WRN,-0.3096580965459985,0.5511811023622047,1.0
FUT10,1.1759407414442915,0.25984251968503935,1.0
MAK16,-0.27395883637600305,0.952755905511811,1.0
RNF122,-0.23739876384155512,0.889763779527559,1.0
AC087343.1,0.1386752967881799,0.8582677165354331,1.0
LSM12P1,0.458633538894214,0.3700787401574803,1.0
ZNF703,-1.032977583941309,0.48031496062992124,1.0
ERLIN2,-0.568500084898925,0.7480314960629921,1.0
AC138356.2,0.4901857535601757,0.5984251968503937,1.0
PLPBP,-0.42124126196340406,0.1732283464566929,1.0
RAB11FIP1,0.08749242354821618,0.8346456692913385,1.0
EIF4EBP1,0.7347246066044009,0.5118110236220472,1.0
ASH2L,-0.5179291732940419,0.31496062992125984,1.0
LSM1,-0.08477548991184092,0.889763779527559,1.0
BAG4,-1.002906211779445,0.5826771653543307,1.0
DDHD2,-0.19274730260988449,0.5905511811023622,1.0
PLPP5,-0.009603503832040339,0.984251968503937,1.0
NSD3,0.03354080602716003,0.8188976377952756,1.0
AC087623.3,-0.6430891518753776,0.5511811023622047,1.0
LETM2,-0.6010218307502946,0.49606299212598426,1.0
FGFR1,0.31149091238364446,0.7874015748031497,1.0
TACC1,0.22611180645195983,0.14173228346456693,1.0
PLEKHA2,-0.05935295281540043,0.8267716535433071,1.0
TM2D2,-1.3372209944720481,0.015748031496062992,1.0
ADAM9,-1.0782597887745586,0.14173228346456693,1.0
ZMAT4,-1.413433939264136,0.1732283464566929,1.0
GOLGA7,-0.0015116113990716329,1.0,1.0
GPAT4,-0.5981147519129912,0.29133858267716534,1.0
KAT6A,-0.024222831477011653,0.8740157480314961,1.0
AC103724.4,-0.7687745230469618,0.047244094488188976,1.0
AP3M2,-1.1479300548643194,0.2204724409448819,1.0
PLAT,1.066401059421814,0.2677165354330709,1.0
IKBKB,0.056839606242400365,0.8740157480314961,1.0
POLB,-1.0317571299093249,0.3937007874015748,1.0
RPL5P23,-1.8881759926819919,0.11811023622047244,1.0
VDAC3,0.07012746547597715,0.7637795275590551,1.0
SLC20A2,0.21725277578262414,0.6850393700787402,1.0
SMIM19,0.4482674867016563,0.36220472440944884,1.0
THAP1,0.5103528384311451,0.36220472440944884,1.0
RNF170,-0.2734539844850379,0.8110236220472441,1.0
HOOK3,0.04567817073720892,0.905511811023622,1.0
FNTA,0.20986529132810272,0.7322834645669292,1.0
HGSNAT,0.0322687111283777,0.8267716535433071,1.0
RPL10AP2,-0.579513991363104,0.3228346456692913,1.0
SPIDR,0.4045019283307454,0.5118110236220472,1.0
CEBPD,-0.8341137393664946,0.7401574803149606,1.0
PRKDC,0.10169621249907657,0.7086614173228346,1.0
MCM4,1.3868801970069384,0.3779527559055118,1.0
UBE2V2,0.04969710065964872,0.9212598425196851,1.0
PCMTD1,-0.39543524522019613,0.31496062992125984,1.0
RB1CC1,-0.24629373739808802,0.48031496062992124,1.0
ATP6V1H,0.8087697096664845,0.015748031496062992,1.0
TCEA1,0.0030624572671724692,0.984251968503937,1.0
LYPLA1,-0.010441286640324954,0.9921259842519685,1.0
MRPL15,0.5302396758435295,0.6220472440944882,1.0
SEC11B,-0.3025764450741222,0.7874015748031497,1.0
TMEM68,0.28337808572158174,0.6062992125984252,1.0
TGS1,-0.26047205426931974,0.2992125984251969,1.0
LYN,-0.15359663109951693,0.6456692913385826,1.0
AC046176.1,-0.8761427530494226,0.2992125984251969,1.0
RPS20,-0.01890113179952202,0.8267716535433071,1.0
PLAG1,0.15803680511943896,0.8582677165354331,1.0
CHCHD7,0.08793720551237616,0.5748031496062992,1.0
RPL37P6,0.20071297118742581,0.7007874015748031,1.0
IMPAD1,-0.2630431851387147,0.4881889763779528,1.0
UBXN2B,-0.04891090715184987,0.9133858267716536,1.0
SDCBP,0.07011091297376826,0.9133858267716536,1.0
NSMAF,0.3620812993541982,0.2204724409448819,1.0
AC068522.1,-0.187422927511377,0.9212598425196851,1.0
TOX,-0.13995869956250306,0.7244094488188977,1.0
AC090152.1,0.761772843552321,0.10236220472440945,1.0
RAB2A,-0.23678522097761512,0.6141732283464567,1.0
CHD7,-0.9621140314723711,0.5590551181102362,1.0
AC022182.3,-0.2025912966130381,0.6929133858267716,1.0
AC022182.2,0.07746105806444925,0.8818897637795275,1.0
NPM1P6,-0.6367026670401823,0.07086614173228346,1.0
ASPH,-1.0920410834101069,0.41732283464566927,1.0
GGH,-0.02679472200399613,0.952755905511811,1.0
YTHDF3,-0.4260121849704497,0.015748031496062992,1.0
ARMC1,0.24041200632930426,0.6062992125984252,1.0
MTFR1,-0.1597525178137258,0.7007874015748031,1.0
AC055822.1,-0.5711992650218556,0.6456692913385826,1.0
PDE7A,-0.20450050447870893,0.4409448818897638,1.0
RRS1,1.4105207628047314,0.25984251968503935,1.0
ADHFE1,0.7017829636377266,0.25196850393700787,1.0
MYBL1,-0.22794188811662064,0.7716535433070866,1.0
VCPIP1,-0.19728982001608042,0.6377952755905512,1.0
C8orf44,1.1469048801316046,0.3700787401574803,1.0
SGK3,-0.4146243822026312,0.4330708661417323,1.0
SNHG6,0.04729639976124034,0.905511811023622,1.0
AC110998.1,-0.11248954126245847,0.905511811023622,1.0
COPS5,0.47293435951069007,0.33070866141732286,1.0
CSPP1,0.05091832267555052,0.8976377952755905,1.0
ARFGEF1,-0.1871617200315283,0.5039370078740157,1.0
AF201337.1,-0.5839338859043757,0.6299212598425197,1.0
AC084251.1,-0.34123080273405404,0.7401574803149606,1.0
NCOA2,-0.01737558524409266,0.937007874015748,1.0
TRAM1,-0.13321986225984084,0.5433070866141733,1.0
LACTB2,-0.29769330830106533,0.7559055118110236,1.0
MSC-AS1,-0.7684152269681661,0.4015748031496063,1.0
MSC,1.4125684882720813,0.4015748031496063,1.0
TERF1,0.5722475247741343,0.6614173228346457,1.0
SBSPON,-0.7402030335565201,0.3543307086614173,1.0
RPL7,-0.20264824975607443,0.6850393700787402,1.0
RDH10,0.31064989636455786,0.48031496062992124,1.0
STAU2,0.06579025980989606,0.84251968503937,1.0
UBE2W,0.6602970143705704,0.015748031496062992,1.0
ELOC,-0.020533388955830567,0.937007874015748,1.0
TMEM70,0.2859562927671808,0.3858267716535433,1.0
LY96,1.8772664296189467,0.14173228346456693,1.0
GDAP1,0.38242903952104035,0.33070866141732286,1.0
AC115837.1,-0.9065792123521303,0.07086614173228346,1.0
PEX2,-0.2555712502903802,0.3858267716535433,1.0
PKIA,-0.6803018937114991,0.5748031496062992,1.0
ZC2HC1A,0.10863865286663277,0.9291338582677166,1.0
THAP12P7,-0.6107176053332717,0.6299212598425197,1.0
MRPS28,-0.4991592257675619,0.5511811023622047,1.0
TPD52,0.33964017545697445,0.15748031496062992,1.0
AC009812.1,-1.0023888591635015,0.2440944881889764,1.0
ZBTB10,-0.11672607025453186,0.9291338582677166,1.0
PAG1,0.4820430278647203,0.05511811023622047,1.0
UBE2HP1,-0.7265894684853283,0.3464566929133858,1.0
FABP5,-1.0838126437557252,0.33070866141732286,1.0
FTH1P11,-1.4275280717388625,0.2677165354330709,1.0
IMPA1,0.1754088097115858,0.41732283464566927,1.0
ZFAND1,-0.2226599021154705,0.28346456692913385,1.0
SNX16,-0.06225474078096749,0.8503937007874016,1.0
LRRCC1,-0.5924466422069115,0.30708661417322836,1.0
E2F5,1.065011593173328,0.14173228346456693,1.0
C8orf59,0.29933681305844484,0.8976377952755905,1.0
CA13,-0.2832725041229599,0.7795275590551181,1.0
WWP1,-0.4209773063261286,0.047244094488188976,1.0
RMDN1,0.1658342472711638,0.6535433070866141,1.0
CPNE3,0.09541672359924291,0.8188976377952756,1.0
AF117829.1,-2.103468134694479,0.031496062992125984,1.0
RIPK2,-0.8958416689004487,0.31496062992125984,1.0
OSGIN2,-0.12376484367980733,0.7637795275590551,1.0
NBN,-0.06621432192231502,0.8267716535433071,1.0
DECR1,-0.2275583848790248,0.5748031496062992,1.0
TMEM64,-1.1406310874778507,0.5275590551181102,1.0
PIP4P2,-0.9527324223362408,0.1968503937007874,1.0
OTUD6B-AS1,-0.10466254430081001,0.7244094488188977,1.0
OTUD6B,1.2642769103062221,0.07086614173228346,1.0
TRIQK,0.7428340785627288,0.4645669291338583,1.0
FAM92A,-0.660097000627129,0.4566929133858268,1.0
RBM12B,-0.526881571847043,0.8267716535433071,1.0
TMEM67,-1.103749828533647,0.2204724409448819,1.0
PDP1,0.2461618205337155,0.6141732283464567,1.0
RPL34P18,-0.15117361112334748,0.6929133858267716,1.0
GEM,0.43256430033061655,0.7559055118110236,1.0
AC023632.6,-1.1315720402027272,0.33070866141732286,1.0
VIRMA,-0.26438096159438107,0.30708661417322836,1.0
DPY19L4,0.44312187052944463,0.5433070866141733,1.0
INTS8,-0.16598604535607997,0.6692913385826772,1.0
CCNE2,0.6413209005280541,0.44881889763779526,1.0
NDUFAF6,-1.717923625987864,0.047244094488188976,1.0
TP53INP1,0.22538485303871436,0.8582677165354331,1.0
PLEKHF2,-0.5394794791520869,0.1968503937007874,1.0
AC024995.1,-0.21425816417351018,0.8582677165354331,1.0
UQCRB,-0.11501612114120796,0.7716535433070866,1.0
MTERF3,-0.4265650850049454,0.7007874015748031,1.0
PTDSS1,0.0031192484781712437,0.9921259842519685,1.0
CPQ,-0.3142342229703843,0.49606299212598426,1.0
TSPYL5,0.06408862077023758,0.8976377952755905,1.0
MTDH,-0.030678734613038827,0.8740157480314961,1.0
LAPTM4B,0.3062301049851244,0.7874015748031497,1.0
RPS23P1,-1.4585793407823213,0.07874015748031496,1.0
MATN2,-0.6467987208749221,0.6535433070866141,1.0
RPL30,-0.15438845001853174,0.4094488188976378,1.0
AP003352.1,0.9219478872705844,0.2677165354330709,1.0
RIDA,0.5708042669997822,0.7165354330708661,1.0
POP1,-2.297524175819196,0.05511811023622047,1.0
NIPAL2,0.03999092999273968,0.9212598425196851,1.0
STK3,-0.02727598176949142,0.9921259842519685,1.0
VPS13B,-0.26173193167921305,0.4330708661417323,1.0
COX6C,0.055878323574985345,0.84251968503937,1.0
POLR2K,-0.19654124625836822,0.5511811023622047,1.0
SPAG1,0.8115640371022996,0.07874015748031496,1.0
RNF19A,0.0008354944675170728,1.0,1.0
ANKRD46,-0.6677965547443727,0.6299212598425197,1.0
PABPC1,0.03314622664824185,0.9291338582677166,1.0
YWHAZ,0.0011741023399505224,0.9921259842519685,1.0
ZNF706,-0.11099999524827542,0.7480314960629921,1.0
NACAP1,-0.4863682228392665,0.5511811023622047,1.0
NCALD,-1.302778209043626,0.4015748031496063,1.0
RRM2B,-0.3859289895218021,0.08661417322834646,1.0
UBR5-AS1,0.7467650017584642,0.48031496062992124,1.0
UBR5,0.006730011994334539,1.0,1.0
KLF10,-0.6929783166441892,0.11023622047244094,1.0
AZIN1,-0.12634925997818236,0.7244094488188977,1.0
ATP6V1C1,0.8017678699043742,0.3228346456692913,1.0
BAALC,0.7948339863328822,0.4645669291338583,1.0
FZD6,-0.12114076554689035,0.8031496062992126,1.0
CTHRC1,0.2929565195311903,0.7795275590551181,1.0
SLC25A32,-0.7586343611900981,0.09448818897637795,1.0
DCAF13,-0.02993925795443797,0.905511811023622,1.0
LRP12,-0.9980003449217847,0.3779527559055118,1.0
OXR1,0.03755669647653814,0.8503937007874016,1.0
TAGLN2P1,-0.9100331549086808,0.5669291338582677,1.0
EIF3E,-0.5069494209417025,0.11023622047244094,1.0
EMC2,0.4188933505902295,0.4409448818897638,1.0
NUDCD1,0.22411014348695169,0.7952755905511811,1.0
ENY2,-0.31487877236763406,0.2047244094488189,1.0
EBAG9,0.31512429993069624,0.5196850393700787,1.0
TRPS1,0.5038977664291968,0.3779527559055118,1.0
EIF3H,0.15530057720478752,0.33070866141732286,1.0
UTP23,-0.26259903936244733,0.5984251968503937,1.0
RAD21,0.0038975735349122687,0.952755905511811,1.0
MED30,-0.42826590700619693,0.2283464566929134,1.0
EXT1,-0.2914868701077098,0.7874015748031497,1.0
SAMD12,-0.09636372175939845,0.9133858267716536,1.0
TAF2,0.15862214094596983,0.7401574803149606,1.0
DEPTOR,-0.855949138986615,0.2755905511811024,1.0
COL14A1,-0.37523696092053527,0.7795275590551181,1.0
MRPL13,0.4695548579895057,0.6141732283464567,1.0
MTBP,-0.4372304269210967,0.6141732283464567,1.0
SNTB1,-0.5609462002373711,0.2677165354330709,1.0
ZHX2,-0.5835129885558059,0.13385826771653545,1.0
DERL1,-0.13618073564759836,0.6299212598425197,1.0
TBC1D31,-0.4804427417238415,0.5669291338582677,1.0
C8orf76,-0.5048810578362763,0.4015748031496063,1.0
ZHX1,-0.5344492206452358,0.6535433070866141,1.0
ATAD2,0.5084378213396281,0.5039370078740157,1.0
WDYHV1,-0.8589848211598663,0.4094488188976378,1.0
FBXO32,-0.7895446635406786,0.09448818897637795,1.0
FAM91A1,-0.23869213681910573,0.4015748031496063,1.0
TMEM65,0.10541089343962806,0.7559055118110236,1.0
TRMT12,0.22825327760739933,0.7480314960629921,1.0
RNF139-AS1,0.8197056883983915,0.33070866141732286,1.0
RNF139,-0.20980754513513666,0.6456692913385826,1.0
TATDN1,0.47779237265151053,0.5433070866141733,1.0
AC090198.1,-0.8924657438815617,0.31496062992125984,1.0
NDUFB9,0.6247968713136478,0.48031496062992124,1.0
MTSS1,0.5870925447180886,0.905511811023622,1.0
SQLE,-1.1758867957202028,0.3543307086614173,1.0
WASHC5,0.07069540708077593,0.7795275590551181,1.0
NSMCE2,-0.4334505264296151,0.28346456692913385,1.0
TRIB1,1.481888989917266,0.15748031496062992,1.0
LINC00861,-0.22741604767948864,0.6377952755905512,1.0
FAM84B,-0.7285894893919016,0.4881889763779528,1.0
MYC,0.059669891977969236,0.9291338582677166,1.0
PVT1,1.2633113135173866,0.3937007874015748,1.0
RNU1-106P,0.3676784008270386,0.7007874015748031,1.0
FAM49B,0.17363675459249261,0.6929133858267716,1.0
ASAP1,0.5643526768201879,0.28346456692913385,1.0
EFR3A,-0.43081978017082356,0.3228346456692913,1.0
LRRC6,0.635330312264587,0.4330708661417323,1.0
TMEM71,-0.008382852291756393,0.984251968503937,1.0
PHF20L1,0.06474905718661272,0.8188976377952756,1.0
SLA,0.3456245994445588,0.07874015748031496,1.0
NDRG1,-0.5416050216620185,0.047244094488188976,1.0
ST13P6,-0.2718131718033421,0.6299212598425197,1.0
ST3GAL1,-0.3697368874171225,0.44881889763779526,1.0
AC103706.1,-0.712335332212849,0.5118110236220472,1.0
ZFAT,-0.4169462086840263,0.6062992125984252,1.0
TRAPPC9,-0.1293671033958832,0.7716535433070866,1.0
CHRAC1,0.2593877880864053,0.36220472440944884,1.0
AGO2,0.23390990542798917,0.5433070866141733,1.0
AC067931.1,1.1920790669810795,0.23622047244094488,1.0
PTK2,-0.19579535086935929,0.8818897637795275,1.0
DENND3,-0.9938444078187265,0.5196850393700787,1.0
AC040970.1,-0.9974511225799971,0.3700787401574803,1.0
SLC45A4,0.34041546502126274,0.6771653543307087,1.0
PTP4A3,-1.5855304139803732,0.12598425196850394,1.0
TSNARE1,0.4984595433769847,0.5984251968503937,1.0
ARC,-0.4682446324205909,0.6062992125984252,1.0
JRK,0.5633905777367718,0.6220472440944882,1.0
THEM6,0.9120215706874701,0.25196850393700787,1.0
CDC42P3,-0.08981376087129034,0.8582677165354331,1.0
LY6E,-0.7771944294391648,0.4409448818897638,1.0
ZFP41,-1.3305601737054067,0.1968503937007874,1.0
GLI4,-0.4990744737420605,0.5433070866141733,1.0
ZNF696,-0.6029351021583771,0.5748031496062992,1.0
TOP1MT,0.165764654525832,0.8031496062992126,1.0
ZC3H3,0.156088979136221,0.9291338582677166,1.0
GSDMD,-0.07974472134882582,0.9921259842519685,1.0
EEF1D,0.150714034449702,0.9763779527559056,1.0
TIGD5,0.38377534218281606,0.6692913385826772,1.0
PYCR3,0.21658280103190108,0.889763779527559,1.0
TSTA3,0.23033180962818234,0.905511811023622,1.0
ZNF623,0.5141978488892014,0.5511811023622047,1.0
ZNF707,0.48625571697723924,0.5275590551181102,1.0
AC105219.1,0.3274379626234616,0.7322834645669292,1.0
SCRIB,-0.9195448740231469,0.4881889763779528,1.0
PUF60,0.23452103468610996,0.5984251968503937,1.0
NRBP2,-0.2288259338556986,0.8740157480314961,1.0
PLEC,-0.05588748147179423,0.968503937007874,1.0
PARP10,0.36012702567272736,0.7952755905511811,1.0
GRINA,-0.9801569409111663,0.47244094488188976,1.0
EXOSC4,0.2777242220481193,0.7795275590551181,1.0
GPAA1,-0.31946052548092485,0.5748031496062992,1.0
CYC1,0.5168768927151097,0.2992125984251969,1.0
SHARPIN,0.4650487921996831,0.31496062992125984,1.0
MAF1,0.41580136309182336,0.6377952755905512,1.0
HGH1,1.556102239092278,0.06299212598425197,1.0
MROH1,0.910385670894196,0.3700787401574803,1.0
BOP1,-0.5534221889437752,0.8503937007874016,1.0
SCX,-0.47249690347932893,0.7480314960629921,1.0
HSF1,0.8348823108000731,0.3937007874015748,1.0
DGAT1,1.2477603385304548,0.36220472440944884,1.0
SLC52A2,-0.34434260475579315,0.952755905511811,1.0
CPSF1,-0.23891122651959407,0.8503937007874016,1.0
SLC39A4,0.8295949002462777,0.5275590551181102,1.0
VPS28,-0.6540735455768987,0.7637795275590551,1.0
CYHR1,1.1702470169593573,0.2204724409448819,1.0
MFSD3,1.2008896523556198,0.2677165354330709,1.0
LRRC14,-0.313730514955775,0.7637795275590551,1.0
C8orf82,-0.4220932071088148,0.7480314960629921,1.0
ZNF251,0.34229672080716833,0.5275590551181102,1.0
ZNF34,-0.11308539461246925,0.905511811023622,1.0
RPL8,-0.2100007366857195,0.7322834645669292,1.0
ZNF517,0.11481959012913379,0.9133858267716536,1.0
ZNF7,0.4872224906498879,0.3858267716535433,1.0
COMMD5,0.26003296369790174,0.7716535433070866,1.0
ZNF250,0.09135735005647838,0.7480314960629921,1.0
ZNF16,-1.000560845208129,0.2677165354330709,1.0
ZNF252P,-0.6228098476005668,0.7165354330708661,1.0
C8orf33,-0.9232068834288483,0.49606299212598426,1.0
WASHC1,0.8812818492582957,0.44881889763779526,1.0
CBWD1,-0.031376355414511004,0.9763779527559056,1.0
DOCK8,0.35937504387812425,0.015748031496062992,1.0
SMARCA2,0.046150387205466714,0.8188976377952756,1.0
VLDLR,0.2534132336268058,0.7795275590551181,1.0
PUM3,0.30273370230701424,0.2125984251968504,1.0
ATP5HP2,0.25811106455216226,0.7637795275590551,1.0
RFX3,-1.2680319273469869,0.14960629921259844,1.0
RFX3-AS1,0.4710858707360124,0.6220472440944882,1.0
PLPP6,0.1599069695860813,0.8818897637795275,1.0
CDC37L1,0.07221492649673245,0.952755905511811,1.0
AK3,-0.10172289639807808,0.6220472440944882,1.0
RCL1,-0.5902711669735625,0.28346456692913385,1.0
JAK2,-0.24859143656452876,0.5590551181102362,1.0
RLN2,-0.5808244067569934,0.5511811023622047,1.0
RLN1,0.884954137315983,0.44881889763779526,1.0
PLGRKT,0.32988653116401245,0.047244094488188976,1.0
CD274,0.48648702030139557,0.3543307086614173,1.0
RIC1,-1.628728013412292,0.14173228346456693,1.0
ERMP1,0.031733974288373545,0.952755905511811,1.0
KIAA2026,-0.06996473999840713,0.84251968503937,1.0
RANBP6,-0.10069846807114491,0.7007874015748031,1.0
SELENOTP1,-1.0674909743402192,0.2440944881889764,1.0
UHRF2,-0.2486446446417414,0.31496062992125984,1.0
KDM4C,0.19060625939803355,0.6535433070866141,1.0
SNRPEP2,0.3220081622299187,0.6299212598425197,1.0
RPL4P5,-1.4687837694907184,0.08661417322834646,1.0
DMAC1,-0.4045697228581431,0.9212598425196851,1.0
ZDHHC21,0.0394061113610098,0.952755905511811,1.0
LDHAP4,-0.05505054618959759,0.952755905511811,1.0
AL592293.2,-0.12524079357439177,0.8503937007874016,1.0
TTC39B,-0.17818382638485541,0.6850393700787402,1.0
SNAPC3,0.19984481537168097,0.6377952755905512,1.0
PSIP1,-0.15842414118088133,0.5039370078740157,1.0
FTH1P12,0.2402783263987529,0.7874015748031497,1.0
CCDC171,-0.550248741787513,0.5039370078740157,1.0
BNC2,0.07520192861543507,1.0,1.0
CNTLN,-0.2203144700799371,0.8346456692913385,1.0
RRAGA,0.11796118457944438,0.7716535433070866,1.0
HAUS6,-0.23639044272977028,0.4409448818897638,1.0
PLIN2,-0.11794106927794168,0.8110236220472441,1.0
AL161909.1,-0.24609169115879403,0.5905511811023622,1.0
DENND4C,-0.6224671030602735,0.2125984251968504,1.0
RPS6,-0.10754111647003839,0.3700787401574803,1.0
MLLT3,-1.1961393898790798,0.7007874015748031,1.0
FOCAD,-0.7707694343816036,0.44881889763779526,1.0
HACD4,-0.1295172969047984,0.6535433070866141,1.0
KLHL9,0.039308689839050004,0.9133858267716536,1.0
MTAP,-0.3841336240400519,0.3858267716535433,1.0
CDKN2A,0.7826454820940549,0.47244094488188976,1.0
CDKN2B,0.12448119863616336,0.8582677165354331,1.0
CAAP1,0.002026506668487471,1.0,1.0
PLAA,0.87469288837758,0.12598425196850394,1.0
IFT74,-0.25858343179680476,0.8503937007874016,1.0
C9orf72,-0.20986292791753813,0.7322834645669292,1.0
CTAGE12P,-0.17733747350192508,0.905511811023622,1.0
LINGO2,0.119748569937836,0.905511811023622,1.0
SLC4A1APP1,-0.09467373504530885,0.952755905511811,1.0
ACO1,-1.1123392203805413,0.2204724409448819,1.0
DDX58,-0.8337397292010955,0.12598425196850394,1.0
TOPORS,-0.07883444858663058,0.7874015748031497,1.0
SMIM27,0.04261544518446758,1.0,1.0
NDUFB6,-0.14151847006064955,0.7165354330708661,1.0
APTX,0.33336011249490394,0.4881889763779528,1.0
DNAJA1,-0.3134464038948419,0.31496062992125984,1.0
SMU1,-0.17848276127703055,0.30708661417322836,1.0
B4GALT1,-0.2790110851640115,0.5590551181102362,1.0
BAG1,-0.4142610996872582,0.2992125984251969,1.0
CHMP5,0.19101805521111626,0.7322834645669292,1.0
NFX1,-0.29805832119514886,0.49606299212598426,1.0
AQP3,-0.570463224271955,0.5118110236220472,1.0
NOL6,0.5682397163074766,0.1732283464566929,1.0
ANXA2P2,0.5995696295597113,0.5275590551181102,1.0
PTENP1,-0.38858464845702834,0.09448818897637795,1.0
UBE2R2,-0.0806578595052514,0.6692913385826772,1.0
UBAP2,-0.12806992635627878,0.8031496062992126,1.0
DCAF12,0.18305016591504142,0.6614173228346457,1.0
UBAP1,-0.05911374863543095,0.9291338582677166,1.0
NUDT2,1.1396747977841444,0.031496062992125984,1.0
MYORG,1.5283248718250784,0.14173228346456693,1.0
FAM219A,0.17347982180628918,0.6456692913385826,1.0
RPP25L,-0.2219288906566792,0.9212598425196851,1.0
DCTN3,-0.0068678371166566166,0.9763779527559056,1.0
SIGMAR1,-0.28213809368764187,0.937007874015748,1.0
GALT,-1.4749788950708682,0.2440944881889764,1.0
IL11RA,0.31239154083685117,0.48031496062992124,1.0
DNAJB5,-0.9809989273647334,0.12598425196850394,1.0
VCP,0.35491271466007657,0.08661417322834646,1.0
FANCG,-1.0624102662862605,0.33070866141732286,1.0
PIGO,-0.6939778920366013,0.7086614173228346,1.0
STOML2,-0.2662817433228417,0.8582677165354331,1.0
FAM214B,-0.7265104372935305,0.6062992125984252,1.0
FAM166B,0.43831245556883813,0.6850393700787402,1.0
TESK1,1.4089467992579991,0.2125984251968504,1.0
CD72,-0.27097573783400697,0.8110236220472441,1.0
SIT1,0.6090844855834723,0.4094488188976378,1.0
ARHGEF39,-1.0606628737968147,0.2677165354330709,1.0
TPM2,-0.5937149594758195,0.7401574803149606,1.0
TLN1,0.31975653531641157,0.2204724409448819,1.0
CREB3,0.6156291337276487,0.25984251968503935,1.0
GBA2,0.4285402300667669,0.5354330708661418,1.0
RGP1,1.33473117811184,0.14173228346456693,1.0
HINT2,-0.3451567510996951,0.9448818897637795,1.0
TMEM8B,-0.29272786890222857,0.7244094488188977,1.0
YBX1P10,-0.6521539797482712,0.5118110236220472,1.0
RECK,-1.719169990403624,0.031496062992125984,1.0
GLIPR2,0.6445278005409341,0.09448818897637795,1.0
CLTA,0.02099207293427785,0.905511811023622,1.0
GNE,0.3520001700200037,0.5826771653543307,1.0
RNF38,-0.2248346616999335,0.14173228346456693,1.0
MELK,-0.010774476074482564,1.0,1.0
EBLN3P,-0.03584012515134383,0.8582677165354331,1.0
ZCCHC7,-0.3181075227223005,0.1732283464566929,1.0
GRHPR,0.04262896283163897,0.905511811023622,1.0
ZBTB5,-0.16455231231788447,0.8110236220472441,1.0
POLR1E,-0.030501689569486956,0.937007874015748,1.0
AL513165.1,0.38098537205404914,0.7637795275590551,1.0
TRMT10B,0.09531232568868919,0.7559055118110236,1.0
EXOSC3,-0.2468823290805906,0.6771653543307087,1.0
DCAF10,0.040187783799567,0.9212598425196851,1.0
SLC25A51,-1.0800639794313907,0.23622047244094488,1.0
ALDH1B1,-1.4634216572214764,0.13385826771653545,1.0
FRG1HP,-1.109952942207465,0.3464566929133858,1.0
AL353763.2,1.0148809637841416,0.29133858267716534,1.0
CBWD6,-1.4479274926666892,0.16535433070866143,1.0
CBWD5,-1.3069571199785333,0.023622047244094488,1.0
FAM122A,-0.7830804506067732,0.11023622047244094,1.0
FXN,-0.6590817589304407,0.03937007874015748,1.0
TJP2,-0.03288784603828265,1.0,1.0
PTAR1,0.6234972700591435,0.07086614173228346,1.0
RPL24P8,0.12379250252253993,0.7244094488188977,1.0
SMC5,0.10563876448398002,0.7086614173228346,1.0
KLF9,-0.0568838919186021,0.9133858267716536,1.0
RPL35AP21,-0.7805094771290522,0.4015748031496063,1.0
TMEM2,-0.7649350703221751,0.3228346456692913,1.0
ABHD17B,-0.06693433002123239,0.8582677165354331,1.0
C9orf85,-0.2939720366990981,0.29133858267716534,1.0
BTF3P4,-1.2894679150613113,0.1889763779527559,1.0
LINC01504,0.13212326843529687,0.9291338582677166,1.0
ZFAND5,-0.3115413619155092,0.23622047244094488,1.0
ANXA1,0.16185020311380782,0.6141732283464567,1.0
RORB,0.25685804601871154,0.7637795275590551,1.0
C9orf40,0.7489357853197842,0.5039370078740157,1.0
CARNMT1,0.3807339274491337,0.8110236220472441,1.0
NMRK1,0.3506306768507246,0.5826771653543307,1.0
OSTF1,0.38819836377570827,0.5275590551181102,1.0
PCSK5,0.5349057142151561,0.6220472440944882,1.0
RFK,0.1135978173910086,0.8346456692913385,1.0
RPSAP9,-0.7138077305428483,0.4566929133858268,1.0
GCNT1,1.4690558397677416,0.07874015748031496,1.0
PRUNE2,2.012941116260175,0.09448818897637795,1.0
VPS13A,0.06936276068410407,0.6535433070866141,1.0
GNAQ,-0.21278495467722713,0.7952755905511811,1.0
CEP78,-0.3440462461447398,0.33858267716535434,1.0
PSAT1,0.0631070041235553,0.9448818897637795,1.0
CHCHD2P9,0.9073157185020984,0.07874015748031496,1.0
TLE4,0.060899852485832184,0.6929133858267716,1.0
TLE1,-0.9508783690535871,0.14960629921259844,1.0
IDNK,-0.16222312741022993,0.8188976377952756,1.0
UBQLN1,0.08492813277149214,0.7795275590551181,1.0
GKAP1,-1.3871023449043776,0.06299212598425197,1.0
KIF27,1.7715550204879815,0.14960629921259844,1.0
C9orf64,-0.3887584994739566,0.7874015748031497,1.0
HNRNPK,-0.0201342226310679,0.937007874015748,1.0
RMI1,-0.04216024235013904,0.952755905511811,1.0
AGTPBP1,-0.49409984839379284,0.23622047244094488,1.0
AL353743.1,-1.44974613932723,0.023622047244094488,1.0
NAA35,-0.23812167719648336,0.5354330708661418,1.0
GOLM1,-0.7007937280881533,0.6456692913385826,1.0
ISCA1,-0.6786479000770589,0.2125984251968504,1.0
ZCCHC6,0.03185255002300469,0.9291338582677166,1.0
AL353678.1,-0.5560082697405386,0.25984251968503935,1.0
GAS1,-0.6052383449083196,0.5275590551181102,1.0
DAPK1,-1.0261658999376453,0.2440944881889764,1.0
AL161787.1,-0.16606853977297042,0.8661417322834646,1.0
CTSL,0.2964591714936722,0.6929133858267716,1.0
RPS10P3,0.34918669812663383,0.5748031496062992,1.0
SPIN1,-0.024642394158302494,0.9448818897637795,1.0
CKS2,-0.26247359844399476,0.4566929133858268,1.0
SECISBP2,-0.33869787017775455,0.3543307086614173,1.0
SEMA4D,0.3981280599777621,0.11811023622047244,1.0
GADD45G,-0.44165832840027,0.7322834645669292,1.0
SYK,-0.44528083165856547,0.28346456692913385,1.0
AL158071.2,-0.5315833316219145,0.5748031496062992,1.0
AL158071.3,-0.006151711167648566,1.0,1.0
AUH,0.8482961866069285,0.07874015748031496,1.0
NFIL3,-0.869872611955758,0.015748031496062992,1.0
SPTLC1,-0.5274555035974222,0.8110236220472441,1.0
IARS,-0.14103934390752304,0.7244094488188977,1.0
NOL8,-0.31414828866442956,0.1968503937007874,1.0
ASPN,-1.2927157676329006,0.2992125984251969,1.0
ECM2,-0.6758368829295675,0.49606299212598426,1.0
BICD2,0.204686716089439,0.5669291338582677,1.0
ANKRD19P,-0.9323564386923753,0.3700787401574803,1.0
ZNF484,-0.17460094908433232,0.6535433070866141,1.0
FGD3,-1.1268384784880574,0.7874015748031497,1.0
SUSD3,2.5778772286243576,0.015748031496062992,1.0
CARD19,0.14823545946690952,0.9448818897637795,1.0
NINJ1,0.4476773347774108,0.6535433070866141,1.0
FAM120AOS,0.27510486693766545,0.5196850393700787,1.0
FAM120A,0.04089127531362191,0.7874015748031497,1.0
PHF2,-0.7718400641532162,0.9291338582677166,1.0
PTPDC1,-1.2466977036374978,0.1968503937007874,1.0
ZNF169,-0.5239272328462863,0.5275590551181102,1.0
AL691447.3,-0.41474166429773773,0.6456692913385826,1.0
MFSD14B,-0.2502528205078898,0.3464566929133858,1.0
FBP1,-1.1950561408549598,0.25196850393700787,1.0
C9orf3,0.04091760986807791,0.952755905511811,1.0
FANCC,-0.3585436384283014,0.6929133858267716,1.0
PTCH1,-0.018295338619629398,0.984251968503937,1.0
LINC00476,-0.346175259461154,0.8267716535433071,1.0
ERCC6L2,0.3017744628341763,0.4566929133858268,1.0
LINC00092,0.82832468338241,0.4566929133858268,1.0
EIF4BP3,-0.4764630448826237,0.28346456692913385,1.0
SLC35D2,0.4481224344183472,0.3228346456692913,1.0
ZNF367,-1.8153074042288804,0.023622047244094488,1.0
AL133477.1,-0.3552612761316549,0.8740157480314961,1.0
HABP4,-0.6047014032168423,0.5511811023622047,1.0
CDC14B,-0.9234691339631591,0.14173228346456693,1.0
AAED1,0.4350931228458723,0.4015748031496063,1.0
ZNF510,1.184574759226476,0.13385826771653545,1.0
ZNF782,-0.8055211151815924,0.4409448818897638,1.0
MFSD14C,-0.4549991080399387,0.7244094488188977,1.0
AL158827.2,-0.18031404572955068,0.9212598425196851,1.0
TDRD7,1.0344879283564672,0.3464566929133858,1.0
TSTD2,0.4157617690662949,0.4881889763779528,1.0
NCBP1,-0.5381515609358543,0.6535433070866141,1.0
XPA,-0.06591094968796174,0.9133858267716536,1.0
TRMO,-1.4459116501913547,0.07874015748031496,1.0
ANP32B,-0.1352423402712848,0.2047244094488189,1.0
NANS,-0.7516097719769861,0.10236220472440945,1.0
TRIM14,0.025501751831365382,0.889763779527559,1.0
CORO2A,1.2461934521329363,0.023622047244094488,1.0
TBC1D2,0.8941197886402161,0.3779527559055118,1.0
SEPT7P7,0.0959712045668093,0.9763779527559056,1.0
ANKS6,-0.5733282451365825,0.6062992125984252,1.0
GALNT12,-0.0287101446079574,0.9291338582677166,1.0
COL15A1,2.570261441244842,0.1732283464566929,1.0
TGFBR1,-0.01934747185072805,0.968503937007874,1.0
ALG2,-0.21464374282243437,0.5433070866141733,1.0
SEC61B,0.13281527893387857,0.6692913385826772,1.0
NR4A3,0.7807209612528467,0.49606299212598426,1.0
STX17-AS1,-0.583922570804243,0.5275590551181102,1.0
STX17,0.1566406722493845,0.6535433070866141,1.0
ERP44,0.06568757490216193,0.7244094488188977,1.0
INVS,-0.6971864547279756,0.5511811023622047,1.0
TEX10,0.043416656372399665,0.889763779527559,1.0
MSANTD3,-0.23677640835923341,0.6771653543307087,1.0
MRPL50,-0.45757430344419436,0.7559055118110236,1.0
ZNF189,0.49473093325838624,0.4881889763779528,1.0
RNF20,0.2851337420082958,0.6062992125984252,1.0
SMC2,-0.33375175678303126,0.5433070866141733,1.0
NIPSNAP3A,-0.892385662199229,0.4015748031496063,1.0
ABCA1,0.31942762213223874,0.8346456692913385,1.0
SLC44A1,0.1855509546252767,0.6771653543307087,1.0
FSD1L,1.027633921301525,0.3464566929133858,1.0
RALGAPA1P1,-0.7387625299770382,0.49606299212598426,1.0
FKTN,-0.4076252226393806,0.937007874015748,1.0
TMEM38B,-0.06424338077369907,0.8582677165354331,1.0
LINC01505,-1.1636935088076474,0.4094488188976378,1.0
RAD23B,0.21797825976737872,0.5354330708661418,1.0
KLF4,0.972254572707369,0.3228346456692913,1.0
AL669983.1,-0.6144568089170788,0.6614173228346457,1.0
ELP1,-1.2319126341268776,0.29133858267716534,1.0
FAM206A,-0.4571252413252438,0.6850393700787402,1.0
CTNNAL1,-0.7392151328162995,0.49606299212598426,1.0
TMEM245,0.10507004772196993,0.7322834645669292,1.0
TXN,0.4981350258470565,0.4251968503937008,1.0
LPAR1,-0.13425684857991538,1.0,1.0
KIAA0368,-0.0461969957700985,0.9133858267716536,1.0
ZNF483,-0.08639971596221452,0.8582677165354331,1.0
DNAJC25,-0.2380726913124187,0.5984251968503937,1.0
UGCG,-0.24381637128629574,0.7795275590551181,1.0
AL138756.1,0.1058068778165584,0.952755905511811,1.0
SUSD1,0.24857816461678528,0.905511811023622,1.0
PTBP3,-0.050426826505226785,0.7637795275590551,1.0
HSDL2,0.35941937344104424,0.7007874015748031,1.0
KIAA1958,-1.088207716478005,0.07874015748031496,1.0
INIP,-0.49526570468110087,0.33070866141732286,1.0
SNX30,-0.6244319243756657,0.30708661417322836,1.0
ZFP37,-1.0447489771638117,0.18110236220472442,1.0
FKBP15,0.31209590519700203,0.49606299212598426,1.0
SLC31A1,0.43529203999586663,0.3543307086614173,1.0
CDC26,0.08520033915494718,0.9763779527559056,1.0
PRPF4,-0.01754676211207684,0.968503937007874,1.0
BSPRY,-0.24751257740434962,0.7874015748031497,1.0
HDHD3,-0.4851281233112805,0.5669291338582677,1.0
ALAD,0.1989216727176082,0.7716535433070866,1.0
POLE3,-0.0250975552943844,0.937007874015748,1.0
RGS3,0.8201982316414012,0.2440944881889764,1.0
ZNF618,-1.4198927133696082,0.29133858267716534,1.0
ORM2,0.7981702820060159,0.5511811023622047,1.0
AKNA,-0.38571605019865185,0.6456692913385826,1.0
WHRN,0.3540127121982555,0.6535433070866141,1.0
ATP6V1G1,0.09682029011616944,0.8031496062992126,1.0
TMEM268,0.21074907802426202,0.6850393700787402,1.0
TNFSF8,-1.4326338060741814,0.2204724409448819,1.0
TRIM32,0.570979308080914,0.5669291338582677,1.0
TPT1P9,-0.19248236998295898,0.5669291338582677,1.0
CDK5RAP2,0.3064878188080904,0.31496062992125984,1.0
MEGF9,0.14444120115434522,0.8976377952755905,1.0
FBXW2,-0.4283865832962208,0.4645669291338583,1.0
AL161911.1,1.35404418295268,0.2125984251968504,1.0
PSMD5,-1.3936473360810502,0.29133858267716534,1.0
CUTALP,0.8998219384913879,0.28346456692913385,1.0
PHF19,-0.10319406223153571,0.8503937007874016,1.0
TRAF1,-0.5281602492959374,0.8188976377952756,1.0
CNTRL,-0.40624223406259574,0.11023622047244094,1.0
RAB14,-0.2460658166984553,0.25984251968503935,1.0
GSN,-0.38933159624530767,0.6220472440944882,1.0
STOM,-0.13162796593413795,0.6692913385826772,1.0
TTLL11,-0.679044564084399,0.31496062992125984,1.0
NDUFA8,-0.11387685836041328,0.8346456692913385,1.0
RBM18,-0.134151925764173,0.6456692913385826,1.0
MRRF,0.2009834522475904,0.6850393700787402,1.0
TLK1P1,-0.37757136584264095,0.6692913385826772,1.0
PDCL,-0.5439707689324162,0.2204724409448819,1.0
RC3H2,0.3456428799321669,0.2204724409448819,1.0
ZBTB6,0.22614428160956912,0.8031496062992126,1.0
ZBTB26,-0.03851751949261417,0.9763779527559056,1.0
AC007066.2,-0.7341369844402572,0.25984251968503935,1.0
RABGAP1,0.009282614657292854,0.9921259842519685,1.0
STRBP,1.2772640800049713,0.047244094488188976,1.0
DENND1A,-0.8638636437849687,0.3779527559055118,1.0
NEK6,1.4952949346452633,0.11811023622047244,1.0
PSMB7,0.06667221974863757,0.7244094488188977,1.0
MIR181A2HG,-0.42731611950597315,0.6377952755905512,1.0
RPL35,0.08474206112147797,0.8582677165354331,1.0
ARPC5L,0.5888545042933604,0.16535433070866143,1.0
GOLGA1,0.035336067937578264,0.889763779527559,1.0
SCAI,0.0772335785626872,0.8818897637795275,1.0
PPP6C,-0.26270370192280446,0.28346456692913385,1.0
RABEPK,0.6300798248864585,0.031496062992125984,1.0
HSPA5,0.1128736352592341,0.8267716535433071,1.0
GAPVD1,-0.25814202703018996,0.4015748031496063,1.0
MAPKAP1,0.27877042846761757,0.44881889763779526,1.0
PBX3,0.6627192897397292,0.3543307086614173,1.0
MVB12B,0.40665319805297795,0.7401574803149606,1.0
ZBTB43,-0.1447797071186825,0.6692913385826772,1.0
ZBTB34,-0.8234165972160481,0.41732283464566927,1.0
RALGPS1,-0.06567242229606984,0.952755905511811,1.0
SLC2A8,0.04377375773380554,0.8818897637795275,1.0
ZNF79,0.4231184253711706,0.6692913385826772,1.0
RPL12,0.06504034897810662,0.7086614173228346,1.0
LRSAM1,-0.2620996983538346,0.7874015748031497,1.0
FAM129B,1.0074371684665375,0.2992125984251969,1.0
STXBP1,2.0712915024264964,0.06299212598425197,1.0
TTC16,0.7178924091441989,0.2992125984251969,1.0
TOR2A,-0.2909102032305326,0.8661417322834646,1.0
SH2D3C,0.6022115005428992,0.31496062992125984,1.0
CDK9,-0.2009079262887319,0.6929133858267716,1.0
FPGS,-0.40059057443463253,0.6771653543307087,1.0
ENG,0.810536972358856,0.6062992125984252,1.0
AL162586.1,-0.5623092234859294,0.48031496062992124,1.0
AK1,-0.7443180061826453,0.5196850393700787,1.0
ST6GALNAC6,-0.9912667336971053,0.3858267716535433,1.0
ST6GALNAC4,-0.38397527728979686,0.8818897637795275,1.0
DPM2,-0.6863122933732382,0.6535433070866141,1.0
FAM102A,-0.49969408383312786,0.7637795275590551,1.0
NAIF1,-0.41483677554594367,0.7007874015748031,1.0
SLC25A25-AS1,1.19252011273687,0.10236220472440945,1.0
PTGES2,0.34966051109457563,0.7559055118110236,1.0
LCN2,-0.3544413262973354,0.7637795275590551,1.0
C9orf16,1.3378140785152857,0.3700787401574803,1.0
CIZ1,0.11066716409174404,0.8818897637795275,1.0
GOLGA2,0.25775621595346543,0.36220472440944884,1.0
SWI5,0.9149734210784071,0.30708661417322836,1.0
TRUB2,-0.5916068010074689,0.4330708661417323,1.0
COQ4,-1.008588304594637,0.4094488188976378,1.0
SLC27A4,-0.15704020601401325,0.8503937007874016,1.0
TMSB4XP4,-0.2225900565204446,0.8740157480314961,1.0
URM1,0.1099435523418677,0.7952755905511811,1.0
CERCAM,-0.6266510777501353,0.44881889763779526,1.0
ODF2,0.31257792958047403,0.41732283464566927,1.0
GLE1,0.13927113548682435,0.6535433070866141,1.0
SPTAN1,0.04540390783209691,0.905511811023622,1.0
SET,0.011204109053212008,0.9763779527559056,1.0
PKN3,0.8594312663816672,0.36220472440944884,1.0
ZDHHC12,0.9594834527312832,0.48031496062992124,1.0
AL441992.1,0.860459034474214,0.2755905511811024,1.0
ZER1,-0.6741138822366652,0.5669291338582677,1.0
TBC1D13,-0.5181963553476421,0.3543307086614173,1.0
SPOUT1,-0.041168126098320545,0.8582677165354331,1.0
KYAT1,-0.7061369863436917,0.3779527559055118,1.0
LRRC8A,-0.22760789277292304,0.7322834645669292,1.0
DOLK,-1.285735507888381,0.23622047244094488,1.0
NUP188,1.1327596645290123,0.3228346456692913,1.0
SH3GLB2,-0.15028514223507505,0.9448818897637795,1.0
MIGA2,0.27508053089998485,0.8661417322834646,1.0
DOLPP1,-0.6756339609535398,0.6141732283464567,1.0
CRAT,-0.14371073737337747,0.889763779527559,1.0
PTPA,0.27013178184532194,0.6614173228346457,1.0
IER5L,0.6426144589134641,0.5275590551181102,1.0
LINC00963,-0.36522311370628957,0.8188976377952756,1.0
ASB6,-0.25157065740047146,0.8661417322834646,1.0
TOR1B,0.7798173057275268,0.6692913385826772,1.0
TOR1A,-0.09669658154602079,0.7480314960629921,1.0
C9orf78,0.25868703483950295,0.28346456692913385,1.0
USP20,-0.7629575716451162,0.5118110236220472,1.0
FNBP1,-0.24924089504183833,0.03937007874015748,1.0
GPR107,0.2397431741615179,0.30708661417322836,1.0
NCS1,0.3889245884628376,0.84251968503937,1.0
FUBP3,-0.11227474491480116,0.7165354330708661,1.0
EXOSC2,-0.0044091787130002835,0.9921259842519685,1.0
ABL1,-0.1350713138490045,0.6535433070866141,1.0
NUP214,0.547679618143242,0.2755905511811024,1.0
FAM78A,0.2731296388162505,0.6299212598425197,1.0
PRRC2B,-0.0776785746031603,0.9763779527559056,1.0
POMT1,-0.9322696392111096,0.4409448818897638,1.0
UCK1,-0.16889496827701533,0.905511811023622,1.0
RAPGEF1,-0.6588662295031531,0.5196850393700787,1.0
MED27,1.2350217532095762,0.11811023622047244,1.0
NTNG2,0.45733603490822716,0.6299212598425197,1.0
SETX,0.03732634845138705,0.8267716535433071,1.0
TTF1,0.5667914931187945,0.31496062992125984,1.0
DDX31,-0.3526704036943302,0.7244094488188977,1.0
GTF3C4,-0.36249901158207365,0.16535433070866143,1.0
TSC1,-1.1480730640986265,0.3937007874015748,1.0
EEF1A1P5,-0.4650535127259072,0.2283464566929134,1.0
GTF3C5,-0.43001473846277083,0.7716535433070866,1.0
RALGDS,-0.3138666204468432,0.49606299212598426,1.0
SURF6,-1.263560251811016,0.28346456692913385,1.0
MED22,-0.6817682539468082,0.5118110236220472,1.0
RPL7A,0.12939801316785093,0.3464566929133858,1.0
SURF1,-0.08893604764872265,0.8661417322834646,1.0
SURF2,0.4417262957909527,0.47244094488188976,1.0
SURF4,0.16948275820973624,0.5354330708661418,1.0
REXO4,-0.6969178695607772,0.6220472440944882,1.0
CACFD1,0.5348962073691534,0.6692913385826772,1.0
SLC2A6,-0.00012238199691472218,1.0,1.0
SARDH,1.264510712271464,0.28346456692913385,1.0
BRD3OS,0.6012756332938543,0.4881889763779528,1.0
BRD3,-1.4053531011745468,0.3700787401574803,1.0
WDR5,-0.3724100591453574,0.9606299212598425,1.0
RXRA,0.8093692848373255,0.07874015748031496,1.0
COL5A1,-0.43742770158934996,0.7637795275590551,1.0
FCN1,-0.9239067949773621,0.44881889763779526,1.0
MRPS2,0.2549781093503767,0.7795275590551181,1.0
CAMSAP1,0.2970945267900822,0.4094488188976378,1.0
UBAC1,-1.2146452206887615,0.36220472440944884,1.0
NACC2,0.21030392912023643,0.5354330708661418,1.0
TMEM250,0.21747920287800682,0.8582677165354331,1.0
QSOX2,-1.1275790481663215,0.3228346456692913,1.0
SNAPC4,-0.4202781140793006,0.6850393700787402,1.0
SDCCAG3,0.18551505827334402,0.6535433070866141,1.0
PMPCA,-0.510025237907533,0.6850393700787402,1.0
INPP5E,0.08835831330223387,1.0,1.0
SEC16A,0.37518294930006313,0.4330708661417323,1.0
NOTCH1,-0.15602657531151465,0.84251968503937,1.0
AGPAT2,-0.2879871385844517,0.7795275590551181,1.0
SNHG7,0.12999168172187048,0.8503937007874016,1.0
TMEM141,-0.35489036232268134,0.7795275590551181,1.0
AL355987.4,0.6390966086926887,0.48031496062992124,1.0
RABL6,-0.6827983452563022,0.7322834645669292,1.0
PHPT1,0.8792825837746916,0.5669291338582677,1.0
MAMDC4,-0.5149794350712096,0.6062992125984252,1.0
EDF1,-0.1465635673187773,0.8031496062992126,1.0
TRAF2,0.2140702858091168,0.7637795275590551,1.0
FBXW5,-0.32738661150358483,0.8188976377952756,1.0
PTGDS,-2.511777526215158,0.1889763779527559,1.0
PAXX,-0.6623673121416358,0.7637795275590551,1.0
CLIC3,0.7955377814638593,0.5905511811023622,1.0
ABCA2,1.261699227477032,0.29133858267716534,1.0
C9orf139,0.6381451278401603,0.48031496062992124,1.0
NPDC1,0.7912066830880753,0.5905511811023622,1.0
UAP1L1,-0.3071480640691062,0.8110236220472441,1.0
MAN1B1-AS1,-0.5458309284493499,0.5590551181102362,1.0
MAN1B1,0.2910627845510698,0.7559055118110236,1.0
DPP7,-0.25136157232291056,0.8740157480314961,1.0
ANAPC2,0.4396199776890093,0.6850393700787402,1.0
SSNA1,-0.9868863275376989,0.5039370078740157,1.0
TPRN,-1.163249945162031,0.2125984251968504,1.0
TMEM203,-0.6684091049082426,0.6062992125984252,1.0
TUBB4B,0.49359265303269595,0.5039370078740157,1.0
NELFB,-0.6068456444997437,0.5905511811023622,1.0
TOR4A,0.8924780905878866,0.36220472440944884,1.0
NRARP,-0.3444597443015338,0.905511811023622,1.0
EXD3,-0.015540403734620956,1.0,1.0
NSMF,-0.14209838525220508,0.9291338582677166,1.0
MRPL41,0.8631802406178126,0.11811023622047244,1.0
DPH7,-0.8410799305367234,0.4330708661417323,1.0
ZMYND19,-0.8060196613755717,0.23622047244094488,1.0
ARRDC1,-0.08463355119948446,0.952755905511811,1.0
ARRDC1-AS1,-0.6943194172956335,0.41732283464566927,1.0
EHMT1,-0.2746662978884329,0.6299212598425197,1.0
BET1L,0.14041761251044527,0.5826771653543307,1.0
RIC8A,-0.1408710573275611,0.6771653543307087,1.0
SIRT3,1.0593279535532294,0.2125984251968504,1.0
PSMD13,0.16469926960611225,0.5590551181102362,1.0
PGGHG,-0.7578548131346015,0.5905511811023622,1.0
IFITM2,0.21006616029711722,0.36220472440944884,1.0
IFITM1,-0.5038357371288127,0.3464566929133858,1.0
AC136475.1,-0.232349573178529,0.8582677165354331,1.0
IFITM3,-0.08222507337940499,0.8031496062992126,1.0
AC136475.9,-0.34130805863795555,0.7086614173228346,1.0
SIGIRR,-0.2523300235991375,0.9133858267716536,1.0
ANO9,0.23712006817175713,0.8267716535433071,1.0
PTDSS2,0.9095769988739382,0.3543307086614173,1.0
RNH1,-0.4268292832711973,0.44881889763779526,1.0
HRAS,0.14759256847530944,0.9212598425196851,1.0
RASSF7,-0.13953900373109418,0.5590551181102362,1.0
PHRF1,-0.7003633113860586,0.6141732283464567,1.0
IRF7,-0.5010953701632674,0.5354330708661418,1.0
DEAF1,0.20715823832385594,0.8582677165354331,1.0
EPS8L2,0.08443077926906817,1.0,1.0
TMEM80,0.6194439127694951,0.16535433070866143,1.0
TALDO1,-1.1713583521543542,0.5511811023622047,1.0
GATD1,0.35423556291484726,0.2677165354330709,1.0
SLC25A22,-1.1172361152944612,0.4015748031496063,1.0
PIDD1,-0.1864075847331319,0.905511811023622,1.0
RPLP2,0.2786079259774894,0.6692913385826772,1.0
PNPLA2,0.10862558978012071,0.9212598425196851,1.0
CRACR2B,0.9643893208050349,0.4330708661417323,1.0
CD151,0.2660800149157372,0.8740157480314961,1.0
POLR2L,-0.31937447002474517,0.8740157480314961,1.0
CHID1,-0.7250633151424828,0.5275590551181102,1.0
AP2A2,-0.6987857510329549,0.7007874015748031,1.0
TOLLIP,-0.14387015231485556,0.7480314960629921,1.0
MOB2,-1.7022124711192257,0.2992125984251969,1.0
DUSP8,-0.5059629505037218,0.7165354330708661,1.0
CTSD,0.4315150331890836,0.5118110236220472,1.0
LSP1,-0.0001307425867835832,1.0,1.0
ASCL2,-0.6239222176686057,0.7401574803149606,1.0
C11orf21,-0.5563873495573706,0.10236220472440945,1.0
TSPAN32,-0.07448098837668571,0.9448818897637795,1.0
CD81,-0.348329611276303,0.8031496062992126,1.0
TSSC4,-0.7338224417357215,0.3858267716535433,1.0
KCNQ1OT1,-2.7933082111643546,0.031496062992125984,1.0
CDKN1C,-1.743417629802903,0.11811023622047244,1.0
SLC22A18,0.9258998516195933,0.4645669291338583,1.0
PHLDA2,-0.31943274738861294,0.6377952755905512,1.0
NAP1L4,0.056525523907390074,0.8740157480314961,1.0
CARS,0.25341894652929664,0.29133858267716534,1.0
OSBPL5,-0.30211578133517225,0.984251968503937,1.0
ZNF195,-0.5596385069102512,0.06299212598425197,1.0
NUP98,-0.027769204683139925,0.9133858267716536,1.0
PGAP2,0.3354788160001365,0.84251968503937,1.0
RHOG,-0.0023566916961552664,1.0,1.0
STIM1,-0.00949508182311476,0.9921259842519685,1.0
RRM1,0.015660235657735555,1.0,1.0
TRIM21,0.43331624537355395,0.41732283464566927,1.0
TRIM68,-0.5202934226490101,0.5196850393700787,1.0
HBB,-1.2574617709494667,0.4330708661417323,1.0
TRIM5,-0.28996083930600136,0.1889763779527559,1.0
TRIM22,-0.0863983434673683,0.8503937007874016,1.0
FAM160A2,-1.1338238449721931,0.23622047244094488,1.0
SMPD1,0.17580708083308139,0.9291338582677166,1.0
APBB1,0.853327212427673,0.047244094488188976,1.0
TRIM3,-1.1754327973962013,0.3937007874015748,1.0
ARFIP2,-0.19273532693826656,0.8740157480314961,1.0
TIMM10B,-1.1116473054704872,0.47244094488188976,1.0
DNHD1,0.45738631285243136,0.6692913385826772,1.0
RRP8,-0.6533458201109972,0.7086614173228346,1.0
ILK,-0.5583397783803961,0.5590551181102362,1.0
TAF10,0.06405928124562266,0.8110236220472441,1.0
TPP1,0.04992311869638666,0.7874015748031497,1.0
MRPL17,-0.19991559723909447,0.6692913385826772,1.0
GVINP1,0.1272379680838709,0.6692913385826772,1.0
PPFIBP2,-0.18759809886909096,0.9212598425196851,1.0
EIF3F,0.04591820039937122,0.7637795275590551,1.0
STK33,-0.6917546717584075,0.5905511811023622,1.0
TRIM66,-0.3175851479439875,0.49606299212598426,1.0
RPL27A,-0.1630423339309921,0.36220472440944884,1.0
SNORA3B,0.02639360698762183,0.9763779527559056,1.0
AKIP1,0.3237619174377797,0.7637795275590551,1.0
TMEM9B,-0.5002967628147399,0.2677165354330709,1.0
NRIP3,-0.3004320151977625,0.7637795275590551,1.0
DENND5A,0.29890122160024424,0.7795275590551181,1.0
TMEM41B,-0.9614823824513339,0.047244094488188976,1.0
IPO7,0.23559475621187342,0.3228346456692913,1.0
AC132192.2,-0.7024018167992706,0.4015748031496063,1.0
ZNF143,-0.2946497272854902,0.4881889763779528,1.0
WEE1,0.6547835304675536,0.4645669291338583,1.0
RPL23AP65,-0.42071924669160987,0.5748031496062992,1.0
SWAP70,-1.3892704700149623,0.3464566929133858,1.0
SBF2,-2.191183224080955,0.031496062992125984,1.0
ADM,0.12382880255404571,0.8976377952755905,1.0
AMPD3,0.41009755107048473,0.5275590551181102,1.0
RNF141,-0.9372068880056772,0.49606299212598426,1.0
CTR9,-0.48142546697454325,0.09448818897637795,1.0
EIF4G2,-0.17187244765451304,0.5433070866141733,1.0
ZBED5,0.13928367172598577,0.7716535433070866,1.0
ZBED5-AS1,0.47134766133218076,0.6299212598425197,1.0
CSNK2A3,0.8228479960178674,0.31496062992125984,1.0
USP47,-0.026272411054911515,0.9291338582677166,1.0
DKK3,1.9617072885719777,0.12598425196850394,1.0
MICAL2,0.47007034737030473,0.25984251968503935,1.0
ARNTL,-0.116235202596922,0.6929133858267716,1.0
BTBD10,-0.7727421323385064,0.03937007874015748,1.0
FAR1,0.22683867098372357,0.4881889763779528,1.0
SPON1,0.22847636284324735,0.84251968503937,1.0
RRAS2,-0.23350384503531885,0.7244094488188977,1.0
COPB1,0.20448428458019574,0.41732283464566927,1.0
PSMA1,-0.026054392660157077,0.9212598425196851,1.0
PDE3B,0.5821493194818803,0.2125984251968504,1.0
CYP2R1,-1.7374832844424573,0.09448818897637795,1.0
C11orf58,0.043982716547732004,0.8582677165354331,1.0
AC116533.1,0.15769249082442194,0.5905511811023622,1.0
RPS13,-0.006421322948407138,0.984251968503937,1.0
SNORD14A,-0.5498173486584712,0.5275590551181102,1.0
PIK3C2A,0.2517589577158592,0.3228346456692913,1.0
NUCB2,-0.3793705203593287,0.29133858267716534,1.0
NCR3LG1,-0.6954276150813341,0.36220472440944884,1.0
AC124798.1,-1.0775477811414984,0.2125984251968504,1.0
SERGEF,-0.35777636018493597,0.4330708661417323,1.0
SAAL1,-1.1860134153234334,0.2283464566929134,1.0
ST13P5,-1.8893247132427706,0.05511811023622047,1.0
HPS5,0.6147575619544234,0.047244094488188976,1.0
GTF2H1,-0.606166624544457,0.16535433070866143,1.0
LDHA,0.047276878911272746,0.905511811023622,1.0
TSG101,0.0070040544975649155,0.9921259842519685,1.0
UEVLD,-0.45855432969725296,0.29133858267716534,1.0
SPTY2D1,-0.028391408967365805,0.9291338582677166,1.0
AP006296.1,-0.7075993611489051,0.1732283464566929,1.0
ZDHHC13,-1.2641848909925564,0.2047244094488189,1.0
NAV2,0.187349030267715,0.8582677165354331,1.0
HTATIP2,-0.49917692926995105,0.14960629921259844,1.0
PRMT3,0.977966033871994,0.3464566929133858,1.0
FANCF,-0.9410300886517708,0.4094488188976378,1.0
SVIP,0.24387162252850914,0.4566929133858268,1.0
CCDC34,-1.324398378803227,0.25984251968503935,1.0
LIN7C,0.10171607273983696,0.8110236220472441,1.0
AC104563.1,-1.3808269395476942,0.14960629921259844,1.0
HSP90AA2P,-0.5311439387579577,0.4015748031496063,1.0
KIF18A,-0.504267060868556,0.5748031496062992,1.0
METTL15,-1.0308343666348474,0.2677165354330709,1.0
ARL14EP,-0.43683238700095384,0.23622047244094488,1.0
DNAJC24,-1.0704884067695124,0.29133858267716534,1.0
IMMP1L,0.13601452732481167,0.7952755905511811,1.0
ELP4,-1.1803427164474978,0.2047244094488189,1.0
RCN1,-0.28190615427422294,0.6141732283464567,1.0
EIF3M,-0.3607001633345419,0.3543307086614173,1.0
QSER1,-0.47984599262221117,0.905511811023622,1.0
TCP11L1,-0.19324851142058375,0.937007874015748,1.0
LINC00294,-0.6197759239827421,0.968503937007874,1.0
CSTF3,1.3264810842733468,0.18110236220472442,1.0
AL136126.1,-1.653458183994727,0.10236220472440945,1.0
HIPK3,0.10151555783112443,0.6850393700787402,1.0
CD59,-1.158566353077743,0.4881889763779528,1.0
FBXO3,-0.7724093765076097,0.06299212598425197,1.0
CAPRIN1,0.05564993348088798,0.9291338582677166,1.0
NAT10,0.044193673751859563,0.9212598425196851,1.0
CAT,0.0112614323567648,0.9763779527559056,1.0
APIP,-0.31403931841593424,0.3228346456692913,1.0
PDHX,0.18645643943531942,0.6377952755905512,1.0
CD44,0.7066640149493537,0.07874015748031496,1.0
AL133330.1,1.8848112718217678,0.015748031496062992,1.0
TRIM44,0.0997226394625752,0.6692913385826772,1.0
LDLRAD3,0.16271924564563744,1.0,1.0
COMMD9,0.1931774112238296,0.4566929133858268,1.0
PRR5L,-0.8248427411174593,0.05511811023622047,1.0
TRAF6,0.2819052835750959,0.4409448818897638,1.0
C11orf74,0.3347217526125952,0.6850393700787402,1.0
API5,-0.2809516253765487,0.2992125984251969,1.0
TTC17,-0.12245054505568387,0.6220472440944882,1.0
HSD17B12,-0.12983581371120678,0.6377952755905512,1.0
ALKBH3,-0.3333905311725942,0.8110236220472441,1.0
C11orf96,-1.4920166440893128,0.1889763779527559,1.0
ACCS,-0.29781444849203575,0.8110236220472441,1.0
EXT2,-0.20383415913283986,0.7244094488188977,1.0
CD82,1.687210705966887,0.08661417322834646,1.0
TSPAN18,-0.7701845875880078,0.4330708661417323,1.0
TP53I11,0.9971732448043591,0.015748031496062992,1.0
PRDM11,-0.1090031904691493,0.9212598425196851,1.0
SLC35C1,-0.09567139532435354,0.8346456692913385,1.0
CRY2,-0.6221594838988092,0.5984251968503937,1.0
PEX16,0.44634950846335775,0.7244094488188977,1.0
PHF21A,-0.4804436175548359,0.3543307086614173,1.0
DGKZ,0.05248623720961998,0.905511811023622,1.0
MDK,0.3386092826612761,0.8110236220472441,1.0
AMBRA1,-0.8503188363419429,0.5039370078740157,1.0
AC024293.1,0.1876034248025995,0.7322834645669292,1.0
HARBI1,0.9350979289062318,0.33070866141732286,1.0
ATG13,0.4355680676094975,0.16535433070866143,1.0
ARHGAP1,0.012522626172228435,0.9448818897637795,1.0
CKAP5,-0.04091279230702849,0.8818897637795275,1.0
C11orf49,-0.28974756145172487,0.8267716535433071,1.0
ARFGAP2,-0.11834424781878417,0.8818897637795275,1.0
AC090589.1,-1.6034786230436135,0.07874015748031496,1.0
DDB2,-0.15331046669255066,0.6220472440944882,1.0
ACP2,-0.7436581412266046,0.3700787401574803,1.0
NR1H3,-0.057308562416387154,0.952755905511811,1.0
MADD,-0.9170101525240191,0.6220472440944882,1.0
SPI1,-0.4442361884662456,0.6850393700787402,1.0
SLC39A13,-0.8872096673130381,0.3464566929133858,1.0
PSMC3,-0.6240523821068749,0.984251968503937,1.0
CELF1,-0.06073979496709914,0.7874015748031497,1.0
NDUFS3,-0.4049712750111194,0.1968503937007874,1.0
MTCH2,0.03289806816205676,0.905511811023622,1.0
FNBP4,-0.06789443597908829,0.7086614173228346,1.0
NUP160,0.20629066686937492,0.7480314960629921,1.0
PTPRJ,-0.19385577719686253,0.6141732283464567,1.0
RPL5P29,-0.8095513782638366,0.30708661417322836,1.0
SSRP1,0.05740855278872292,0.7874015748031497,1.0
SLC43A3,-0.12287543497469589,0.8976377952755905,1.0
SLC43A1,0.7142384534565789,0.28346456692913385,1.0
TIMM10,1.6055239097012097,0.16535433070866143,1.0
UBE2L6,0.08388562667243438,0.8582677165354331,1.0
RPS4XP13,-0.6018770221449261,0.5118110236220472,1.0
SERPING1,-0.059349307286926445,1.0,1.0
CLP1,-0.21920998679549486,0.9291338582677166,1.0
ZDHHC5,0.17646460878447012,0.5984251968503937,1.0
MED19,-0.17535507061583022,0.6771653543307087,1.0
TMX2,-0.11724370791091143,0.7716535433070866,1.0
SELENOH,0.5449820959541318,0.3937007874015748,1.0
CTNND1,-0.9939964750368568,0.3700787401574803,1.0
LPXN,0.3369307357068756,0.11811023622047244,1.0
ZFP91,-0.06411325269890789,0.7874015748031497,1.0
FAM111B,0.3415244854143502,0.8110236220472441,1.0
FAM111A-DT,-0.4159323478530754,0.7165354330708661,1.0
FAM111A,-0.257453832161322,0.1968503937007874,1.0
OSBP,-0.38851175757760803,0.2125984251968504,1.0
PATL1,0.15170515169513354,0.8267716535433071,1.0
STX3,0.14563831254208193,0.8661417322834646,1.0
FABP5P7,-0.45089066946386014,0.5748031496062992,1.0
MRPL16,0.7138042687285218,0.2755905511811024,1.0
MS4A2,0.4488662114665045,0.6692913385826772,1.0
MS4A6A,-0.9800113491663998,0.4094488188976378,1.0
MS4A1,0.2753839195797605,0.6456692913385826,1.0
CCDC86,-0.5781619817361516,0.5275590551181102,1.0
PRPF19,0.23084958393716626,0.7874015748031497,1.0
TMEM109,0.263613129275317,0.5826771653543307,1.0
CD6,-0.2168634156730862,0.6456692913385826,1.0
CD5,0.45792602178117825,0.2992125984251969,1.0
VPS37C,0.5228803942894061,0.6062992125984252,1.0
DDB1,0.37300017832038446,0.2755905511811024,1.0
TKFC,0.005623175062591024,1.0,1.0
CYB561A3,-0.4415957017191867,0.6456692913385826,1.0
TMEM138,-0.21224116875268706,0.4251968503937008,1.0
TMEM216,0.4973709745164223,0.3464566929133858,1.0
CPSF7,-0.6777308081310469,0.031496062992125984,1.0
SDHAF2,0.29894643343594485,0.4015748031496063,1.0
MYRF,-0.511718981261502,0.7165354330708661,1.0
TMEM258,0.09073628110646048,0.5748031496062992,1.0
FEN1,-0.011489520300031142,1.0,1.0
FADS2,0.22487284864498092,0.7795275590551181,1.0
FADS1,-0.22327089785637533,0.5748031496062992,1.0
FADS3,-0.19266252614716484,0.889763779527559,1.0
BEST1,-0.260353460112297,0.7322834645669292,1.0
FTH1,-0.7751780065093419,0.6929133858267716,1.0
AP003733.4,-0.8670006311714897,0.2992125984251969,1.0
INCENP,-0.06992976157868158,0.952755905511811,1.0
AHNAK,0.33587032371199754,0.4566929133858268,1.0
TUT1,-0.0043330653628697036,1.0,1.0
MTA2,0.5547372708886735,0.2283464566929134,1.0
EML3,-0.435871288050679,0.8267716535433071,1.0
B3GAT3,0.3696711718471497,0.7559055118110236,1.0
GANAB,-0.1452196233744898,0.6377952755905512,1.0
INTS5,-0.2515195453046677,0.7165354330708661,1.0
METTL12,0.0534533164566775,0.952755905511811,1.0
UQCC3,0.6698157683627557,0.49606299212598426,1.0
UBXN1,-0.6514791736213947,0.3858267716535433,1.0
HNRNPUL2,-0.173256187644931,0.5039370078740157,1.0
TTC9C,-0.8233477852233198,0.5039370078740157,1.0
ZBTB3,0.34335696223061163,0.7165354330708661,1.0
POLR2G,-0.1346117377157139,0.5511811023622047,1.0
TMEM223,0.5262581060209595,0.8188976377952756,1.0
TMEM179B,-0.457411887656777,0.3464566929133858,1.0
NXF1,-0.2949803889599574,0.5984251968503937,1.0
STX5,-0.05255474377853275,0.8740157480314961,1.0
WDR74,0.23668593835604845,0.8582677165354331,1.0
SNHG1,-0.21954003050674586,0.7401574803149606,1.0
SLC3A2,0.24810662467202516,0.7401574803149606,1.0
RARRES3,0.11630442736129432,0.7165354330708661,1.0
PLA2G16,0.7320253502281409,0.25196850393700787,1.0
ATL3,0.39040821987025875,0.4409448818897638,1.0
RTN3,-0.4096284904843248,0.9291338582677166,1.0
C11orf95,-0.6345000723648575,0.4015748031496063,1.0
C11orf84,-0.7458857104062213,0.25196850393700787,1.0
MARK2,0.4103983417739929,0.5196850393700787,1.0
NAA40,0.18091094875422176,0.5354330708661418,1.0
COX8A,0.23406516549472922,0.47244094488188976,1.0
OTUB1,0.1295327554532868,0.8110236220472441,1.0
STIP1,-0.14336750441238522,1.0,1.0
FERMT3,-0.4324963222988192,0.937007874015748,1.0
TRPT1,-0.8555355392162372,0.4645669291338583,1.0
NUDT22,-0.7769639444442078,0.44881889763779526,1.0
DNAJC4,-1.4348061957189815,0.33858267716535434,1.0
VEGFB,0.2264085884395115,0.7952755905511811,1.0
FKBP2,-1.3184844203182324,0.4330708661417323,1.0
PPP1R14B,0.7216443199876519,0.5354330708661418,1.0
GPR137,0.6109942942020767,0.49606299212598426,1.0
TRMT112,0.354634737270624,0.06299212598425197,1.0
PRDX5,-0.14607341776332738,0.5196850393700787,1.0
AP003774.4,-0.43645612628886266,0.7165354330708661,1.0
CCDC88B,0.30928813354970597,0.47244094488188976,1.0
RPS6KA4,0.1658008136964928,0.7716535433070866,1.0
RASGRP2,-0.24961476378622827,0.6614173228346457,1.0
PYGM,0.6406419060709876,0.41732283464566927,1.0
SF1,-0.07303668523978679,0.7322834645669292,1.0
MAP4K2,0.0890109776660104,0.889763779527559,1.0
MEN1,-0.4023460143893569,0.4645669291338583,1.0
CDC42BPG,-1.0831968156679055,0.3228346456692913,1.0
EHD1,-1.3051141063566494,0.4645669291338583,1.0
ATG2A,-0.11649513217060248,0.8582677165354331,1.0
PPP2R5B,-0.7874639877351339,0.4881889763779528,1.0
ARL2,0.22442962265510502,0.7480314960629921,1.0
SAC3D1,-0.6633892131817243,0.41732283464566927,1.0
NAALADL1,-1.0972027037277166,0.31496062992125984,1.0
CDCA5,-1.4771874646753822,0.13385826771653545,1.0
TM7SF2,-0.18140866643814957,0.84251968503937,1.0
FAU,0.0419453291144265,0.9212598425196851,1.0
SYVN1,0.39418082709487123,0.48031496062992124,1.0
MRPL49,-1.1230735790159705,0.29133858267716534,1.0
CAPN1,0.38232154423866316,0.33070866141732286,1.0
SLC22A20P,0.5728085812105882,0.7244094488188977,1.0
POLA2,-0.6800862302041859,0.49606299212598426,1.0
DPF2,0.5698942933761,0.2992125984251969,1.0
SLC25A45,-1.0944943386357173,0.3700787401574803,1.0
FRMD8,-0.23031120807006733,0.9133858267716536,1.0
NEAT1,-0.009139569830367122,0.968503937007874,1.0
AP000769.1,-0.7718016572590247,0.4409448818897638,1.0
MALAT1,-0.15321044578464793,0.6692913385826772,1.0
SCYL1,0.8615649537725085,0.4881889763779528,1.0
LTBP3,0.14060719922494958,0.8818897637795275,1.0
SSSCA1-AS1,-0.9058999970452367,0.3700787401574803,1.0
SSSCA1,0.2716974122685194,0.8582677165354331,1.0
FAM89B,-0.7281884027539158,0.9133858267716536,1.0
EHBP1L1,-1.0525367288028633,0.36220472440944884,1.0
MAP3K11,-1.2771903426512812,0.31496062992125984,1.0
PCNX3,0.28990382471288356,0.7795275590551181,1.0
SIPA1,-0.8205740515780899,0.7165354330708661,1.0
RELA,-0.036931654290185634,0.889763779527559,1.0
KAT5,0.42299024016948694,0.7637795275590551,1.0
RNASEH2C,-0.08363130140152908,0.8582677165354331,1.0
AP5B1,-0.8590587800483005,0.3937007874015748,1.0
CFL1,0.042456125201150385,0.8582677165354331,1.0
MUS81,0.0014834337275919651,1.0,1.0
EFEMP2,-0.7089972114893586,0.48031496062992124,1.0
CTSW,0.5368689247404248,0.44881889763779526,1.0
FIBP,0.1270371727661015,0.8818897637795275,1.0
CCDC85B,-0.7071278902577465,0.6220472440944882,1.0
C11orf68,0.47510465902263466,0.25984251968503935,1.0
DRAP1,0.422463320571727,0.5275590551181102,1.0
SART1,-0.8070334214457056,0.6377952755905512,1.0
EIF1AD,-1.1381578393456677,0.4409448818897638,1.0
BANF1,0.22073550449093915,0.3937007874015748,1.0
CATSPER1,0.026417097579772175,0.9763779527559056,1.0
SF3B2,0.08796814597961955,0.7086614173228346,1.0
PACS1,-0.30018389937446877,0.6141732283464567,1.0
AP000759.1,0.16405207354009388,0.8346456692913385,1.0
RAB1B,-0.4024011186157428,0.5984251968503937,1.0
YIF1A,-1.1381519366973514,0.4251968503937008,1.0
CD248,0.24039329769476048,0.9212598425196851,1.0
BRMS1,-0.4272850745753085,0.9212598425196851,1.0
B4GAT1,0.32491443646622553,0.6220472440944882,1.0
SLC29A2,-1.7539411004458252,0.11023622047244094,1.0
MRPL11,-0.17803413139595836,0.6614173228346457,1.0
PELI3,0.013093760301316593,1.0,1.0
DPP3,-0.6125566015734902,0.7086614173228346,1.0
ZDHHC24,-0.8945307298934555,0.4566929133858268,1.0
CTSF,-0.05338745222594854,0.905511811023622,1.0
CCS,0.3893216724233821,0.7480314960629921,1.0
RBM14,-0.6778869232737854,0.1889763779527559,1.0
RBM4,-1.16984253725726,0.28346456692913385,1.0
RBM4B,-0.09815096128604761,0.8110236220472441,1.0
AP001157.1,-0.30278284523659416,0.9921259842519685,1.0
RCE1,-0.18982817851765432,0.7795275590551181,1.0
KDM2A,-0.3236457666178527,0.2204724409448819,1.0
GRK2,-0.13091734279724676,0.84251968503937,1.0
ANKRD13D,-0.07349951516930364,0.8740157480314961,1.0
SSH3,-0.043038947125750404,1.0,1.0
RAD9A,-0.04611219487270812,0.9921259842519685,1.0
CLCF1,0.6389100662782825,0.7401574803149606,1.0
PPP1CA,-0.11716439371198639,0.9606299212598425,1.0
TBC1D10C,0.09245153146247098,0.7401574803149606,1.0
CARNS1,-0.257668290435201,0.5669291338582677,1.0
RPS6KB2,0.6841407231022325,0.6141732283464567,1.0
CORO1B,0.6556282157156761,0.5905511811023622,1.0
TMEM134,-0.7479375043464338,0.6299212598425197,1.0
AIP,-0.48743447700498166,0.8188976377952756,1.0
PITPNM1,0.3950476656170121,0.5984251968503937,1.0
CDK2AP2,0.09006781497661542,0.8740157480314961,1.0
GSTP1,0.4283670605829206,0.2992125984251969,1.0
NDUFV1,0.196907239165248,0.8188976377952756,1.0
RPL37P2,-0.25447915205716143,0.10236220472440945,1.0
UNC93B1,-0.31055296342655225,0.8818897637795275,1.0
ALDH3B1,0.3608110123982562,0.7244094488188977,1.0
NDUFS8,0.5341526928561562,0.4094488188976378,1.0
TCIRG1,-0.6975491700397844,0.7559055118110236,1.0
CHKA,0.5705945449161436,0.5433070866141733,1.0
KMT5B,-0.002864562814283822,0.9921259842519685,1.0
C11orf24,-0.23145657816064702,0.9921259842519685,1.0
LRP5,0.3850003610898285,0.7401574803149606,1.0
PPP6R3,-0.3473631634997236,0.2125984251968504,1.0
CPT1A,-0.26379205307711295,0.5275590551181102,1.0
MRPL21,-0.10252197774475835,0.8188976377952756,1.0
IGHMBP2,-0.8124622806311708,0.47244094488188976,1.0
TPCN2,-0.6248563135205758,0.5275590551181102,1.0
ORAOV1,-0.5155152043376034,0.7165354330708661,1.0
PPFIA1,-0.46227641873740044,0.36220472440944884,1.0
CTTN,0.7188057917421073,0.5433070866141733,1.0
DHCR7,-0.9300447883137895,0.3858267716535433,1.0
AP002387.1,0.3911416432127508,0.4094488188976378,1.0
NADSYN1,0.23819100944397675,0.7795275590551181,1.0
FAM86C1,0.018995015357788247,0.9763779527559056,1.0
RNF121,0.07478730540103395,0.8976377952755905,1.0
IL18BP,0.015258153289566145,0.9763779527559056,1.0
NUMA1,0.37833869508755047,0.4330708661417323,1.0
LAMTOR1,0.09003145270699786,0.7874015748031497,1.0
ANAPC15,0.368628635368319,0.7952755905511811,1.0
INPPL1,-0.1975047557410159,0.8503937007874016,1.0
ARAP1,-0.019387956045198163,0.968503937007874,1.0
STARD10,-0.8823613643802035,0.3858267716535433,1.0
ATG16L2,-0.8191749997408433,0.2440944881889764,1.0
FCHSD2,-0.43268337589444084,0.25196850393700787,1.0
RELT,0.04536086639210879,0.968503937007874,1.0
FAM168A,0.506404769204714,0.4330708661417323,1.0
PLEKHB1,0.5197033447536197,0.6456692913385826,1.0
RAB6A,0.3916590360985035,0.4015748031496063,1.0
MRPL48,-1.1912309079660273,0.25984251968503935,1.0
COA4,0.3612190004498954,0.36220472440944884,1.0
PAAF1,-0.7678124091046996,0.5118110236220472,1.0
UCP2,-0.2552580633817243,0.4330708661417323,1.0
UCP3,-0.5727623922743041,0.5275590551181102,1.0
C2CD3,-0.15487918337172069,0.7086614173228346,1.0
PPME1,-1.030595841079041,0.33858267716535434,1.0
PGM2L1,0.057883441647534895,0.9133858267716536,1.0
AP001372.2,-1.2871939313302678,0.18110236220472442,1.0
POLD3,0.6815451429484698,0.3464566929133858,1.0
AP001324.1,-0.21851254151641086,0.6929133858267716,1.0
RNF169,-0.5405741803468631,0.1968503937007874,1.0
XRRA1,1.1604601125853433,0.2125984251968504,1.0
SPCS2,0.16255368531230996,0.6062992125984252,1.0
NEU3,0.6271383182557488,0.14960629921259844,1.0
AP001972.5,-0.2345575136575564,0.8346456692913385,1.0
ARRB1,0.1407572562807453,0.5669291338582677,1.0
RPS3,0.022085858005196357,0.952755905511811,1.0
GDPD5,-0.30563860401048437,0.6692913385826772,1.0
SERPINH1,-0.6558321295349807,0.5984251968503937,1.0
UVRAG,-0.37870273108748265,0.10236220472440945,1.0
THAP12,-0.1593605921685013,0.44881889763779526,1.0
AP002360.2,-0.9880436329238849,0.2755905511811024,1.0
EMSY,-0.6174823299202759,0.06299212598425197,1.0
ACER3,-0.37777139753474076,0.9448818897637795,1.0
CAPN5,-1.54718596592099,0.2125984251968504,1.0
MYO7A,1.548983679625838,0.25196850393700787,1.0
PAK1,-0.3171556449676496,0.4094488188976378,1.0
CLNS1A,-0.051608561129548036,0.9212598425196851,1.0
RSF1,-0.12178498672781046,0.5354330708661418,1.0
INTS4,-0.7448682198917118,0.023622047244094488,1.0
NDUFC2,0.4619569278175417,0.3543307086614173,1.0
ALG8,-0.15853055340239397,0.7716535433070866,1.0
KCTD21,-0.6768346527083184,0.3700787401574803,1.0
USP35,0.2755822997494928,0.7559055118110236,1.0
GAB2,0.42796192944232914,0.5748031496062992,1.0
NARS2,-0.013042344251210647,0.9606299212598425,1.0
RPS28P7,0.6358550949732056,0.6692913385826772,1.0
PRCP,0.445677851160001,0.06299212598425197,1.0
RAB30,-0.7064565959280844,0.7637795275590551,1.0
RAB30-AS1,0.4980140342413386,0.6535433070866141,1.0
PCF11,-0.4051013837782973,0.10236220472440945,1.0
AP000873.2,-0.4635517564727918,0.5984251968503937,1.0
ANKRD42,-0.12966306133398975,0.7322834645669292,1.0
CCDC90B,-0.06318154878458238,0.9133858267716536,1.0
TMEM126B,-0.2092383539842162,0.7086614173228346,1.0
TMEM126A,0.13325506308682034,0.7165354330708661,1.0
CREBZF,-0.5446840401350945,0.14173228346456693,1.0
SYTL2,0.38743578810290824,0.07086614173228346,1.0
PICALM,-0.009940045296785271,0.9763779527559056,1.0
EED,0.2580697092147508,0.8740157480314961,1.0
HIKESHI,-0.6467242928215979,0.33858267716535434,1.0
ME3,-1.2212885690516202,0.1732283464566929,1.0
PRSS23,-0.23216389395905246,0.8110236220472441,1.0
TMEM135,-0.8492315875934686,0.3858267716535433,1.0
RAB38,0.038092226476436064,0.952755905511811,1.0
CTSC,0.18245078159335115,0.7559055118110236,1.0
AP000648.3,0.42040322071257963,0.5039370078740157,1.0
CHORDC1,-0.05432219544990069,0.7007874015748031,1.0
SLC36A4,-0.5332493844398254,0.3543307086614173,1.0
SMCO4,0.350103934951252,0.7795275590551181,1.0
AP004242.1,-1.560535165468042,0.13385826771653545,1.0
CEP295,-0.30495429880091596,0.4409448818897638,1.0
SCARNA9,-1.237360900724072,0.12598425196850394,1.0
TAF1D,-0.22239961065138214,0.29133858267716534,1.0
C11orf54,-0.3125509304611125,0.5433070866141733,1.0
MED17,0.5239582368076161,0.7165354330708661,1.0
PANX1,-0.81257425796443,0.08661417322834646,1.0
AP002784.2,-0.2507207386818733,0.6377952755905512,1.0
MRE11,-0.02111162564492286,0.9606299212598425,1.0
ANKRD49,-0.008690683785960829,0.9921259842519685,1.0
FUT4,-1.1793879396668014,0.33858267716535434,1.0
AMOTL1,0.06256069543705789,0.9212598425196851,1.0
CWC15,0.49147663134184416,0.015748031496062992,1.0
SRSF8,0.07415765471978197,0.8503937007874016,1.0
ENDOD1,0.15459341022120654,0.7559055118110236,1.0
AP000787.1,-0.6344565782983407,0.4645669291338583,1.0
SESN3,0.11870548629884503,0.8582677165354331,1.0
FAM76B,-0.24126054914827932,0.6299212598425197,1.0
CEP57,0.039964304991114474,0.8818897637795275,1.0
MTMR2,0.20879967639100538,0.4094488188976378,1.0
MAML2,-0.10296486348559242,0.84251968503937,1.0
CCDC82,-0.17294768001767657,0.6692913385826772,1.0
JRKL,-0.972499031004705,0.3464566929133858,1.0
CEP126,0.5420674821808382,0.4094488188976378,1.0
BIRC3,0.5137514609564491,0.31496062992125984,1.0
BIRC2,-0.035289505805755184,0.8582677165354331,1.0
TMEM123,-0.5931656886625101,0.15748031496062992,1.0
AP001486.2,-1.5952610629612902,0.09448818897637795,1.0
DCUN1D5,0.16158192793150628,0.8582677165354331,1.0
DYNC2H1,-0.2531426264562593,0.6692913385826772,1.0
PDGFD,-1.1594852154676314,0.015748031496062992,1.0
AP002004.1,0.22064822223892744,0.4330708661417323,1.0
CASP4,0.24039843402694494,0.5354330708661418,1.0
CASP1,0.5022278346200579,0.3228346456692913,1.0
CARD16,0.0616578489105839,0.9448818897637795,1.0
MSANTD4,-1.2670598691207848,0.33858267716535434,1.0
KBTBD3,-0.2314672560719555,0.7007874015748031,1.0
AASDHPPT,0.34526897203512164,0.4881889763779528,1.0
AP001282.1,-0.0010500915371300934,1.0,1.0
AP000766.1,-0.9327731542473651,0.14173228346456693,1.0
CWF19L2,-0.4218440058238446,0.07874015748031496,1.0
ALKBH8,0.40262537447770885,0.5511811023622047,1.0
SLC35F2,0.35756988192511585,0.6614173228346457,1.0
AP001024.1,-1.018407212135228,0.2755905511811024,1.0
CUL5,-0.09266482375269813,0.7637795275590551,1.0
ACAT1,0.566997464328451,0.48031496062992124,1.0
NPAT,-0.4648650514492312,0.28346456692913385,1.0
ATM,-0.3167942641505732,0.2283464566929134,1.0
KDELC2,0.3280594165155142,0.6299212598425197,1.0
EXPH5,0.6102801391399844,0.5984251968503937,1.0
DDX10,-0.4863389441678745,0.36220472440944884,1.0
RDX,-0.4151191612145979,0.2283464566929134,1.0
FDX1,-0.11816947702731362,0.7637795275590551,1.0
LAYN,-0.2351536044989807,0.9212598425196851,1.0
SIK2,0.06668458775433628,0.84251968503937,1.0
PPP2R1B,-0.6922208534800651,0.33858267716535434,1.0
ALG9,-1.1980012471737198,0.14173228346456693,1.0
FDXACB1,-0.8706824672838653,0.4094488188976378,1.0
C11orf1,-0.17166699223582071,0.5196850393700787,1.0
RPL37AP8,-0.5177394608360522,0.6692913385826772,1.0
DIXDC1,1.1818787126264179,0.11023622047244094,1.0
DLAT,-0.09260023394219896,0.905511811023622,1.0
PPIHP1,-1.463555164207931,0.11811023622047244,1.0
NKAPD1,-0.25001524315802826,0.5984251968503937,1.0
TIMM8B,1.3247224527042896,0.03937007874015748,1.0
SDHD,-0.357202995018179,0.29133858267716534,1.0
IL18,-0.7872188133105182,0.47244094488188976,1.0
BCO2,1.0995218363842607,0.2755905511811024,1.0
PTS,0.18439589870293638,0.7165354330708661,1.0
AP002884.3,0.016057367262703792,1.0,1.0
NCAM1,0.392445135500866,0.3464566929133858,1.0
TTC12,-0.3406722045284645,0.7165354330708661,1.0
AP002840.2,0.5970318969994058,0.5118110236220472,1.0
ZW10,-1.6160245522409271,0.15748031496062992,1.0
USP28,-0.40679792170857176,0.29133858267716534,1.0
ZBTB16,-1.0131435919451817,0.015748031496062992,1.0
C11orf71,0.2965602702094521,0.7007874015748031,1.0
RBM7,-0.14562051170143064,0.8661417322834646,1.0
REXO2,1.107771223989129,0.015748031496062992,1.0
CADM1,-0.48940353237726386,0.905511811023622,1.0
BUD13,-0.5880135278099305,0.28346456692913385,1.0
ZPR1,-0.6487765468882616,0.952755905511811,1.0
SIK3,0.22909430339993087,0.36220472440944884,1.0
AP000936.3,-1.0172326033019998,0.31496062992125984,1.0
PAFAH1B2,-0.487260074293399,0.2440944881889764,1.0
SIDT2,0.5852023251843845,0.2204724409448819,1.0
PCSK7,-0.7638207409500426,0.07874015748031496,1.0
RNF214,0.45402132189670974,0.5354330708661418,1.0
BACE1,0.3303509340308506,0.7086614173228346,1.0
CEP164,-1.5797733332663522,0.2125984251968504,1.0
IL10RA,0.15722153819063855,0.6929133858267716,1.0
SMIM35,-0.5848174610887071,0.44881889763779526,1.0
JAML,0.9276212858764081,0.2204724409448819,1.0
MPZL3,0.24205659988867634,0.6456692913385826,1.0
MPZL2,0.4660017900803436,0.7637795275590551,1.0
CD3E,0.14139058305143593,0.8267716535433071,1.0
CD3D,0.2336104801386334,0.5196850393700787,1.0
CD3G,0.3308877045275622,0.6141732283464567,1.0
UBE4A,-0.007401147393376384,0.9763779527559056,1.0
ATP5L,0.2723320458595362,0.03937007874015748,1.0
KMT2A,0.07427610583987132,0.6299212598425197,1.0
TMEM25,-0.96960618029219,0.3464566929133858,1.0
IFT46,0.2035392275962491,0.8503937007874016,1.0
ARCN1,0.027346563624061737,0.8976377952755905,1.0
DDX6,-0.1266661266976321,0.3858267716535433,1.0
AP004609.3,0.09189889014481256,0.9212598425196851,1.0
BCL9L,-0.5765114850121673,0.8582677165354331,1.0
CCDC84,-0.23723201524710058,0.6771653543307087,1.0
RPS25,0.004428134021136287,0.9606299212598425,1.0
TRAPPC4,0.6796733595101632,0.03937007874015748,1.0
SLC37A4,-2.3357226299071954,0.07874015748031496,1.0
HYOU1,1.019614893149495,0.3464566929133858,1.0
VPS11,0.11127239666074118,0.7165354330708661,1.0
H2AFX,-0.4701418305599301,0.6692913385826772,1.0
DPAGT1,-0.4250020759098465,0.3543307086614173,1.0
C2CD2L,-0.811694717404885,0.5275590551181102,1.0
HINFP,-1.1439596591840369,0.2283464566929134,1.0
NLRX1,1.2059565501073641,0.06299212598425197,1.0
CBL,0.24103701326546112,0.36220472440944884,1.0
MCAM,2.4126211179061006,0.05511811023622047,1.0
RNF26,-0.3720212701450949,0.7007874015748031,1.0
NECTIN1,0.12975214798200696,0.8503937007874016,1.0
OAF,0.07141605466021783,0.952755905511811,1.0
ARHGEF12,0.2521756294356665,0.48031496062992124,1.0
TBCEL,0.4653894816615187,0.41732283464566927,1.0
SC5D,-0.6946323041111091,0.8503937007874016,1.0
SORL1,-0.13037633700829154,0.6220472440944882,1.0
UBASH3B,-1.0887471929219026,0.49606299212598426,1.0
CRTAM,1.3005362640947515,0.11811023622047244,1.0
JHY,-0.7389951519730236,0.5905511811023622,1.0
HSPA8,-0.23471277342642693,0.4094488188976378,1.0
GRAMD1B,0.39859802380455633,0.5511811023622047,1.0
SF3A3P2,-0.5730289600770402,0.6850393700787402,1.0
ZNF202,-0.07625262546033706,0.9212598425196851,1.0
VWA5A,0.2219846253649429,0.8661417322834646,1.0
TBRG1,-0.052794283489640215,0.7244094488188977,1.0
SIAE,-0.8944191930739935,0.14173228346456693,1.0
NRGN,0.08509065282348982,1.0,1.0
MSANTD2,0.4271093362692575,0.08661417322834646,1.0
ROBO3,0.41678182444524436,0.6456692913385826,1.0
CCDC15,-0.6602927741424278,0.5511811023622047,1.0
TMEM218,-0.6445381460636206,0.2755905511811024,1.0
FEZ1,-0.260656628976188,0.7007874015748031,1.0
EI24,0.03267090986536836,0.952755905511811,1.0
STT3A,-0.31346345754869276,0.30708661417322836,1.0
CHEK1,0.013145773892835777,0.9921259842519685,1.0
HYLS1,0.3374514485732889,0.7559055118110236,1.0
PUS3,-0.6092050961852671,0.7165354330708661,1.0
NAP1L1P1,-0.45500593624910035,0.7874015748031497,1.0
RPUSD4,-1.0278550260815966,0.4015748031496063,1.0
FAM118B,-0.047751424483963856,0.952755905511811,1.0
SRPRA,0.0842889758304235,0.7086614173228346,1.0
FOXRED1,0.4013257986057006,0.4251968503937008,1.0
DCPS,-1.0603291871402232,0.4015748031496063,1.0
GSEC,0.4727576719728941,0.6220472440944882,1.0
ST3GAL4,0.2697941716604584,0.7795275590551181,1.0
AP001000.1,-1.6039381427606294,0.2440944881889764,1.0
ETS1,-0.17304422377206308,0.28346456692913385,1.0
FLI1,-0.11105355969944597,0.6692913385826772,1.0
SENCR,-0.7684698320026448,0.5275590551181102,1.0
ARHGAP32,1.612279797225023,0.14173228346456693,1.0
TMEM45B,0.26676076954382255,0.7165354330708661,1.0
NFRKB,-1.5068543245663721,0.16535433070866143,1.0
PRDM10,-1.1219830427665642,0.2125984251968504,1.0
APLP2,-0.22149188058981828,0.5354330708661418,1.0
ZBTB44,-0.40074042376620334,0.1889763779527559,1.0
AP003486.1,-0.5536588724839202,0.6850393700787402,1.0
SNX19,-1.8751170650042894,0.05511811023622047,1.0
JAM3,-0.487843217008771,0.4881889763779528,1.0
PTP4A2P2,-0.5382101360843765,0.7165354330708661,1.0
NCAPD3,-0.06919701629029529,0.8661417322834646,1.0
VPS26B,-0.171011990104879,0.5826771653543307,1.0
THYN1,0.8078125752041871,0.2755905511811024,1.0
ACAD8,-0.9670639367995286,0.5826771653543307,1.0
GLB1L3,-1.4619884352289199,0.06299212598425197,1.0
GLB1L2,-0.31398819845697934,0.6850393700787402,1.0
B3GAT1,-0.38720289901695004,0.5118110236220472,1.0
ZMYND11,-0.04290607779157085,0.8503937007874016,1.0
DIP2C,-0.4733412827731258,0.5590551181102362,1.0
LARP4B,-0.18645791398133493,0.48031496062992124,1.0
GTPBP4,0.007779843670109976,0.9763779527559056,1.0
IDI1,-0.021033646337515144,0.9606299212598425,1.0
WDR37,-0.1509008773572056,0.8661417322834646,1.0
PFKP,0.5892508783538606,0.3228346456692913,1.0
PITRM1,-0.19413812958472665,0.6614173228346457,1.0
KLF6,0.7045732699111884,0.11023622047244094,1.0
AKR1C3,-1.5072112106184434,0.36220472440944884,1.0
NET1,-0.9268827545706988,0.47244094488188976,1.0
FAM208B,-0.11498297209566388,0.7637795275590551,1.0
GDI2,0.30582429919778775,0.3700787401574803,1.0
ANKRD16,0.38014615384154427,0.6456692913385826,1.0
FBXO18,-1.1438127192218348,0.2992125984251969,1.0
IL15RA,1.954795753715939,0.03937007874015748,1.0
IL2RA,-0.04121571681643177,0.9763779527559056,1.0
RBM17,-0.28893847774633485,0.10236220472440945,1.0
PFKFB3,-0.1648406461973302,0.9448818897637795,1.0
PRKCQ,-0.09967092069161865,0.7874015748031497,1.0
PRKCQ-AS1,0.2098269564937807,0.5196850393700787,1.0
SFMBT2,0.5631801003077799,0.28346456692913385,1.0
KIN,-0.30325414922378613,0.7165354330708661,1.0
ATP5C1,0.3712959664841966,0.2204724409448819,1.0
TAF3,0.044761793274207484,0.7795275590551181,1.0
GATA3,0.28879784097897776,0.5511811023622047,1.0
CELF2,0.11690780300411419,0.5196850393700787,1.0
CELF2-AS1,-0.5024536994979398,0.5905511811023622,1.0
USP6NL,-0.3523252764741578,0.6850393700787402,1.0
UPF2,-0.213181778269103,0.23622047244094488,1.0
DHTKD1,0.7189017372534323,0.18110236220472442,1.0
SEC61A2,1.0731097736958843,0.11023622047244094,1.0
NUDT5,-0.03927314242845803,0.8740157480314961,1.0
CDC123,0.5737759614282156,0.30708661417322836,1.0
CAMK1D,-0.34121657260055116,0.41732283464566927,1.0
OPTN,0.01357839673598793,0.9291338582677166,1.0
MCM10,-0.5409073012825553,0.6456692913385826,1.0
PHYH,0.3772463659094947,0.4645669291338583,1.0
SEPHS1,-1.0238886885665406,0.5039370078740157,1.0
PRPF18,-0.8483443981843601,0.05511811023622047,1.0
AL157392.3,-0.1754449425619795,0.8267716535433071,1.0
FAM107B,-0.076702677351836,0.7637795275590551,1.0
HSPA14,-0.20004715607750967,0.6614173228346457,1.0
SUV39H2,0.7708993286268573,0.41732283464566927,1.0
DCLRE1C,-0.6265761847710625,0.15748031496062992,1.0
RPP38,-0.15699130412554352,0.8976377952755905,1.0
NMT2,-0.14828332790354537,0.6850393700787402,1.0
MINDY3,-1.0505908210963764,0.31496062992125984,1.0
PTER,0.20449379716091354,0.6929133858267716,1.0
RSU1,0.15580182138483334,0.5511811023622047,1.0
CUBN,-0.6244825280492392,0.48031496062992124,1.0
TRDMT1,0.6692855627535352,0.5826771653543307,1.0
VIM-AS1,0.1310743836385182,0.889763779527559,1.0
VIM,1.0517933445368381,0.047244094488188976,1.0
ST8SIA6,1.357468261030212,0.23622047244094488,1.0
HACD1,1.6378649040670452,0.12598425196850394,1.0
STAM,-0.569054837104237,0.6377952755905512,1.0
AL450384.2,0.9642072675831701,0.4015748031496063,1.0
NSUN6,0.5668835663167524,0.2440944881889764,1.0
ARL5B,-0.06471912728081186,0.9448818897637795,1.0
PLXDC2,-0.058005553599092874,0.9763779527559056,1.0
MLLT10,-0.01845633228510124,0.968503937007874,1.0
HNRNPRP1,-0.6277624702079452,0.48031496062992124,1.0
DNAJC1,0.21654127370771192,0.6771653543307087,1.0
COMMD3,0.2999505371398552,0.5511811023622047,1.0
BMI1,-0.5249867378325979,0.2440944881889764,1.0
PIP4K2A,0.12966220640777593,0.1968503937007874,1.0
MSRB2,-0.3795931167002946,0.8031496062992126,1.0
YWHAZP3,0.19430721659526462,0.7007874015748031,1.0
OTUD1,-0.061929462524201284,0.9212598425196851,1.0
ARHGAP21,0.007311176218915083,1.0,1.0
THNSL1,0.4174920566748901,0.7480314960629921,1.0
APBB1IP,0.2218180383129722,0.23622047244094488,1.0
PDSS1,-0.6567461470255571,0.4330708661417323,1.0
ABI1,-0.37324203993380234,0.2992125984251969,1.0
ANKRD26,-1.3156248272115207,0.3700787401574803,1.0
YME1L1,-0.1217489948911954,0.6850393700787402,1.0
MASTL,0.35976787600161186,0.5118110236220472,1.0
ACBD5,0.1596596591759587,0.7322834645669292,1.0
RAB18,0.024236649594666204,0.9606299212598425,1.0
MPP7,0.20494492624451066,0.8031496062992126,1.0
WAC-AS1,-0.17129105263690558,0.7637795275590551,1.0
WAC,-0.039279760064394154,0.8031496062992126,1.0
RPL21P93,-1.3141821070705766,0.13385826771653545,1.0
SVIL-AS1,0.12165050058823157,0.9291338582677166,1.0
SVIL,-1.5750494590327104,0.08661417322834646,1.0
JCAD,0.8777791252068788,0.33070866141732286,1.0
MTPAP,0.4918873821288745,0.2677165354330709,1.0
MAP3K8,-0.25123944885435723,0.4409448818897638,1.0
ZNF438,0.8183604172393539,0.41732283464566927,1.0
ZEB1-AS1,0.27430598466777356,0.8110236220472441,1.0
ZEB1,0.4856415097728721,0.11023622047244094,1.0
ARHGAP12,-0.20460253772307357,0.7165354330708661,1.0
KIF5B,-0.014367650743305482,0.9448818897637795,1.0
RPS4XP11,-1.1770009447155645,0.3700787401574803,1.0
PPIAP31,-0.7209988965672107,0.48031496062992124,1.0
EPC1,-0.21516010501205773,0.5196850393700787,1.0
CCDC7,-0.06792016374762877,0.9212598425196851,1.0
AL365203.2,-0.19222376248301076,0.8582677165354331,1.0
ITGB1,-0.06241939185311818,0.7480314960629921,1.0
NRP1,-0.2655174138058187,0.8582677165354331,1.0
CUL2,-0.38667630648999385,0.5826771653543307,1.0
CREM,0.2703892804827319,0.6614173228346457,1.0
AL117336.2,1.5931284992921144,0.047244094488188976,1.0
CCNY,0.20230522570741183,0.49606299212598426,1.0
FZD8,0.5020562709499701,0.6062992125984252,1.0
NAMPTP1,0.4225100202225329,0.4566929133858268,1.0
ZNF248,-0.23194425169163058,0.7952755905511811,1.0
ZNF25,0.10566329836712107,0.7401574803149606,1.0
ZNF33A,-0.08557966211326651,0.7637795275590551,1.0
ZNF37A,-0.6435050654422838,0.3543307086614173,1.0
HSD17B7P2,-1.6288204352175302,0.16535433070866143,1.0
AL133216.2,0.3452961175743783,0.7086614173228346,1.0
ZNF37BP,-0.08943812254237216,0.6220472440944882,1.0
ZNF33B,-0.5521713322618425,0.25984251968503935,1.0
BMS1,0.5068501885462977,0.25196850393700787,1.0
CSGALNACT2,-0.20866258507852642,0.30708661417322836,1.0
RASGEF1A,-0.5388327325581708,0.84251968503937,1.0
HNRNPF,-0.05030329158353375,0.889763779527559,1.0
ZNF487,-1.7988444360402447,0.11023622047244094,1.0
CAP1P2,-1.046406498168234,0.28346456692913385,1.0
ZNF485,0.07711513345617904,0.952755905511811,1.0
ZNF32,-0.8580572456592597,0.4015748031496063,1.0
HNRNPA3P1,-1.5444284294497517,0.09448818897637795,1.0
CXCL12,-0.7295096942680437,0.6535433070866141,1.0
RASSF4,0.6569383261961281,0.7165354330708661,1.0
ZNF22,-0.14477760227386938,0.8582677165354331,1.0
MARCH8,-0.10679289113515722,0.7795275590551181,1.0
ZFAND4,-0.8569242031852777,0.4251968503937008,1.0
WASHC2C,-0.0024483835573487767,1.0,1.0
AGAP4,1.2771543361632407,0.2204724409448819,1.0
PARGP1,0.302288992908363,0.8582677165354331,1.0
TIMM23,-0.4364655124822798,0.4566929133858268,1.0
NCOA4,-0.011656838673189895,0.968503937007874,1.0
MAPK8,-0.3180034896371122,0.15748031496062992,1.0
VSTM4,-0.89459053472785,0.5354330708661418,1.0
C10orf128,0.8973174263522505,0.3464566929133858,1.0
ERCC6,0.45881053348383816,0.25196850393700787,1.0
PARG,0.18042196108572028,0.7559055118110236,1.0
TIMM23B,-0.8659147492540789,0.47244094488188976,1.0
AGAP6,-0.32812414411811197,0.3700787401574803,1.0
WASHC2A,0.30061717564147195,0.4645669291338583,1.0
DYNC1I2P1,-0.5849664357474871,0.6377952755905512,1.0
SGMS1,0.5194297861852117,0.031496062992125984,1.0
SGMS1-AS1,-0.9476215746583652,0.25196850393700787,1.0
BEND3P1,-0.40895584003798113,0.7637795275590551,1.0
ASAH2B,-1.5125236270088018,0.031496062992125984,1.0
CSTF2T,-0.4945979192683101,0.29133858267716534,1.0
ZWINT,0.36924578508621897,0.7637795275590551,1.0
IPMK,0.2363120252450086,0.6220472440944882,1.0
CISD1,-0.6391818887504033,0.7086614173228346,1.0
UBE2D1,0.12148764007694979,0.8267716535433071,1.0
TFAM,-0.02167738722811663,0.9448818897637795,1.0
CCDC6,0.668223013807685,0.18110236220472442,1.0
ANK3,-0.2365423555644055,0.7952755905511811,1.0
CDK1,0.047979999752942426,0.9763779527559056,1.0
ARID5B,-0.30666807023690446,0.4015748031496063,1.0
RTKN2,-1.6097926910798188,0.2440944881889764,1.0
ZNF365,-0.8678957627797157,0.4566929133858268,1.0
ADO,0.626298840830648,0.18110236220472442,1.0
EGR2,0.8158580688388906,0.13385826771653545,1.0
NRBF2,-0.2361927824818899,0.47244094488188976,1.0
JMJD1C,-0.05948179600087844,0.8582677165354331,1.0
TATDN1P1,0.8368637928264668,0.49606299212598426,1.0
REEP3,-0.10646000898463814,0.7165354330708661,1.0
RPL7AP50,-1.1419524325080288,0.14173228346456693,1.0
DBF4P1,-0.8800535461511463,0.4566929133858268,1.0
RPL12P8,-0.12836914507300645,0.952755905511811,1.0
SIRT1,-1.0164030546986886,0.1889763779527559,1.0
HERC4,0.21179794855929668,0.6220472440944882,1.0
PBLD,0.35345670205814805,0.6062992125984252,1.0
HNRNPH3,-0.17895579468411604,0.4645669291338583,1.0
RUFY2,0.14687546213683422,0.7559055118110236,1.0
DNA2,-0.4696169620740458,0.7637795275590551,1.0
SLC25A16,-1.1960590840460266,0.3700787401574803,1.0
TMEM14DP,0.9426322037149504,0.3779527559055118,1.0
TET1,1.7232159686663677,0.07874015748031496,1.0
COX20P1,-1.0330674840679934,0.2677165354330709,1.0
AL513534.1,1.0424899081071182,0.2204724409448819,1.0
CCAR1,-0.10388215722173477,0.6692913385826772,1.0
DDX50,0.12452622895674015,0.7559055118110236,1.0
DDX21,0.10580411838541082,0.4330708661417323,1.0
KIF1BP,-0.15240510904409055,0.6535433070866141,1.0
SRGN,0.285927907560966,0.09448818897637795,1.0
VPS26A,-0.028374190548583478,0.905511811023622,1.0
SUPV3L1,-0.12433198564166226,0.7795275590551181,1.0
HKDC1,1.5379923769354447,0.2047244094488189,1.0
HK1,0.4168043854593897,0.2047244094488189,1.0
FAM241B,0.5722848709852641,0.5669291338582677,1.0
COL13A1,-0.5742498116400581,0.7165354330708661,1.0
H2AFY2,0.43268485705711424,0.6929133858267716,1.0
AIFM2,0.4426385107315194,0.6141732283464567,1.0
TYSND1,0.12141328444921085,0.8267716535433071,1.0
SAR1A,0.09276368792972267,0.7007874015748031,1.0
CALM2P2,-0.3257233025369697,0.36220472440944884,1.0
PPA1,0.30863967484164156,0.5354330708661418,1.0
LRRC20,-0.3920318357222565,0.6692913385826772,1.0
EIF4EBP2,-0.23099435987399808,0.33070866141732286,1.0
PRF1,0.32518974469395445,0.7165354330708661,1.0
SGPL1,0.4910037278419468,0.3858267716535433,1.0
PCBD1,1.5791937643044962,0.023622047244094488,1.0
SLC29A3,-1.586361153762038,0.07874015748031496,1.0
VSIR,-0.3401619665698066,0.4330708661417323,1.0
PSAP,-0.30479709436020386,0.14960629921259844,1.0
SPOCK2,-0.10957928337778355,0.7952755905511811,1.0
ASCC1,-0.8663162139536826,0.06299212598425197,1.0
ANAPC16,-0.004041389487688285,0.984251968503937,1.0
DDIT4,-1.0297253594965996,0.28346456692913385,1.0
DNAJB12,-0.7211344813576601,0.8110236220472441,1.0
MICU1,0.11315020825408162,0.8346456692913385,1.0
MCU,1.3873167582226764,0.07874015748031496,1.0
NPM1P24,-0.19749847241347096,0.8503937007874016,1.0
P4HA1,0.43344665931263826,0.015748031496062992,1.0
ECD,0.17655973532465108,0.5984251968503937,1.0
FAM149B1,-0.35316306975679224,0.5118110236220472,1.0
DNAJC9,-0.37679905802319125,0.3700787401574803,1.0
MRPS16,0.2652818807127324,0.6850393700787402,1.0
ANXA7,-0.2875564154674404,0.2992125984251969,1.0
RPL26P6,0.46079343238660586,0.6220472440944882,1.0
PPP3CB,-0.35393546004230103,0.2125984251968504,1.0
PPP3CB-AS1,-0.2665856070534365,0.5905511811023622,1.0
USP54,-1.4311211625031675,0.047244094488188976,1.0
GLUD1P3,0.5674589708705746,0.4645669291338583,1.0
AC022400.7,-0.13028938629346687,0.968503937007874,1.0
SEC24C,0.8289996263898929,0.36220472440944884,1.0
FUT11,-0.5372571932191796,0.3779527559055118,1.0
CHCHD1,0.9814721704103828,0.2755905511811024,1.0
ZSWIM8,0.4102583451082187,0.5905511811023622,1.0
CAMK2G,-0.2789909130867505,0.47244094488188976,1.0
PLAU,0.08055623698776149,0.952755905511811,1.0
VCL,-0.44974818793442584,0.2204724409448819,1.0
AP3M1,-0.37134494254449546,0.2125984251968504,1.0
ADK,-0.9657872677444086,0.14173228346456693,1.0
KAT6B,-0.15922014552412556,0.6456692913385826,1.0
SAMD8,-0.1944197154538161,0.5826771653543307,1.0
VDAC2,0.0015113245717826018,1.0,1.0
COMTD1,-0.025862282091547062,1.0,1.0
DLG5,-0.6414220357616023,0.49606299212598426,1.0
POLR3A,0.09540376979201248,0.905511811023622,1.0
RPS24,0.05843876702647677,0.7086614173228346,1.0
ZMIZ1,0.008112486012075593,0.984251968503937,1.0
PPIF,-0.5538568015169494,0.2677165354330709,1.0
ZCCHC24,0.21616858780338122,0.8661417322834646,1.0
NUTM2B-AS1,0.750671483617996,0.29133858267716534,1.0
AL135925.1,1.0253435579426342,0.33858267716535434,1.0
PGGT1BP2,-0.7338483765883453,0.3858267716535433,1.0
TMEM254,-0.2948063585479903,0.8740157480314961,1.0
ANXA11,0.28242002761498064,0.33858267716535434,1.0
FAM213A,-0.15874022440606472,0.8582677165354331,1.0
TSPAN14,0.4680782483437316,0.18110236220472442,1.0
GHITM,-0.023469461343647247,0.937007874015748,1.0
CDHR1,-0.06315661950136775,0.952755905511811,1.0
CCSER2,0.11463185530716835,0.6771653543307087,1.0
RPS3AP5,-0.4650372004167478,0.4330708661417323,1.0
WAPL,-0.2904290637320548,0.4645669291338583,1.0
BMPR1A,0.7070631501225932,0.14173228346456693,1.0
GLUD1,0.33865800081812836,0.28346456692913385,1.0
FAM35A,0.5987010189646975,0.29133858267716534,1.0
NUTM2A-AS1,-0.5390407394967363,0.3228346456692913,1.0
LINC00863,-0.7579991847911942,0.3858267716535433,1.0
MINPP1,-0.6032412717696194,0.5511811023622047,1.0
ATAD1,-0.8765906341460425,0.03937007874015748,1.0
PTEN,-0.048793677136480085,0.7716535433070866,1.0
RPL11P3,0.5552954870204858,0.13385826771653545,1.0
RNLS,-2.265070497670202,0.047244094488188976,1.0
STAMBPL1,0.41972622884179156,0.4881889763779528,1.0
FAS,1.0542024028147665,0.03937007874015748,1.0
LIPA,0.035909947617856375,0.9133858267716536,1.0
IFIT2,-1.8487794066572123,0.14173228346456693,1.0
IFIT3,-0.35364060952683474,0.8188976377952756,1.0
IFIT1,-0.4848459169216033,0.8110236220472441,1.0
IFIT5,0.622821345004156,0.7480314960629921,1.0
PANK1,1.4505769560775594,0.11811023622047244,1.0
KIF20B,-0.3240329086352336,0.1732283464566929,1.0
RPP30,-0.113170875702572,0.7165354330708661,1.0
PCGF5,-0.05479712680808202,0.8661417322834646,1.0
HECTD2,0.4522012827810973,0.7322834645669292,1.0
TNKS2,-0.1441125331923807,0.5511811023622047,1.0
SRP9P1,-0.2932539712448925,0.8267716535433071,1.0
FGFBP3,-0.45973988321587544,0.6456692913385826,1.0
BTAF1,-0.14711440588481128,0.5511811023622047,1.0
CPEB3,0.09142121365361566,0.968503937007874,1.0
NHP2P1,-2.1646710158651143,0.11023622047244094,1.0
MARCH5,-0.2671615801941458,0.4645669291338583,1.0
IDE,-0.09038796799471083,0.8267716535433071,1.0
KIF11,-0.3205096727722325,0.7007874015748031,1.0
HHEX,-0.659269177791237,0.33858267716535434,1.0
EXOC6,0.37168973611964695,0.2440944881889764,1.0
RPL17P34,-0.5175054496882435,0.4566929133858268,1.0
CEP55,0.36095926224476593,0.6535433070866141,1.0
FRA10AC1,-0.10058748074225043,0.8661417322834646,1.0
SLC35G1,-0.6758018078582234,0.44881889763779526,1.0
PIPSL,-0.1761919332331452,0.8582677165354331,1.0
PLCE1,-0.08383855190727507,0.9763779527559056,1.0
NOC3L,0.18489608203914187,0.8110236220472441,1.0
HELLS,-1.1843386642888714,0.4094488188976378,1.0
PDLIM1,0.9507538739631967,0.13385826771653545,1.0
ALDH18A1,0.5285755898150364,0.41732283464566927,1.0
TCTN3,0.13922977303143114,0.6535433070866141,1.0
ENTPD1,1.2705692231807446,0.36220472440944884,1.0
ENTPD1-AS1,0.3816082969890229,0.6299212598425197,1.0
CCNJ,-0.9751296063505919,0.2677165354330709,1.0
ZNF518A,0.10233731522033906,0.84251968503937,1.0
TM9SF3,-0.2103235855238088,0.14960629921259844,1.0
PIK3AP1,0.0934226489177794,0.84251968503937,1.0
RPL13AP5,0.23698864181153745,0.49606299212598426,1.0
LCOR,-0.08566076392635757,0.6929133858267716,1.0
ARHGAP19,0.1858312903879087,0.7322834645669292,1.0
FRAT1,-0.6297732807599523,0.15748031496062992,1.0
FRAT2,0.30444573285903775,0.4330708661417323,1.0
RRP12,0.31516439980029,0.7086614173228346,1.0
PGAM1,-0.5409979387423052,0.2992125984251969,1.0
EXOSC1,0.13109630332314914,0.7244094488188977,1.0
ZDHHC16,0.2483165471343689,0.6535433070866141,1.0
MMS19,-0.6673135675092916,0.7401574803149606,1.0
PI4K2A,-0.7923692696769766,0.1968503937007874,1.0
AVPI1,-0.7959318040887364,0.49606299212598426,1.0
ZFYVE27,0.2162515428333993,0.6456692913385826,1.0
GOLGA7B,0.13287679657726792,0.8267716535433071,1.0
R3HCC1L,0.13077303497847925,0.5354330708661418,1.0
PYROXD2,-0.6343395764871871,0.7559055118110236,1.0
HPS1,-0.03389642738886067,0.905511811023622,1.0
GOT1,-1.0046142757940397,0.4015748031496063,1.0
SLC25A28,-1.047311037140647,0.3779527559055118,1.0
ENTPD7,-0.5842158078696604,0.5196850393700787,1.0
CUTC,0.1638223127408729,0.7559055118110236,1.0
COX15,-0.03228916528576509,0.9606299212598425,1.0
DNMBP,0.34951004216463977,0.6929133858267716,1.0
ERLIN1,-0.5483855937641069,0.7952755905511811,1.0
CHUK,0.2178595805726422,0.7559055118110236,1.0
CWF19L1,-0.7784278785839831,0.6220472440944882,1.0
BLOC1S2,-0.10124802382339926,0.6692913385826772,1.0
SCD,0.756318253178474,0.23622047244094488,1.0
OLMALINC,0.2811698851151003,0.8110236220472441,1.0
SEC31B,-0.8279109299282363,0.4409448818897638,1.0
NDUFB8,0.10404013594764816,0.7480314960629921,1.0
HIF1AN,0.4677819750519596,0.2047244094488189,1.0
SLF2,-0.08846373358699822,0.8661417322834646,1.0
MRPL43,0.3121305086686892,0.6299212598425197,1.0
TWNK,-0.545700826236549,0.5748031496062992,1.0
SFXN3,0.4811469520002509,0.03937007874015748,1.0
BTRC,-0.9499775184763917,0.5748031496062992,1.0
POLL,-0.8631062087307315,0.41732283464566927,1.0
FBXW4,1.1970940307253444,0.06299212598425197,1.0
NPM3,1.3579170611554336,0.015748031496062992,1.0
MGEA5,0.18744508171667995,0.4409448818897638,1.0
C10orf76,0.20193885446845172,0.5590551181102362,1.0
HPS6,-1.3602226736547909,0.11811023622047244,1.0
LDB1,-0.19813203856143158,0.8188976377952756,1.0
PPRC1,-0.22329800895874996,0.5590551181102362,1.0
NOLC1,-0.07077284401713424,0.7165354330708661,1.0
GBF1,-0.6412471890305209,0.9291338582677166,1.0
NFKB2,-0.11290479168145584,0.8976377952755905,1.0
FBXL15,-0.9188627195603163,0.33858267716535434,1.0
CUEDC2,0.48039096054530006,0.3858267716535433,1.0
RPARP-AS1,-0.007053952766761018,0.984251968503937,1.0
MFSD13A,-1.063585475009587,0.2440944881889764,1.0
ACTR1A,-0.427518673140189,0.5118110236220472,1.0
SUFU,-0.21855908506621047,0.6614173228346457,1.0
AL391121.1,-0.06721510185674129,0.937007874015748,1.0
TRIM8,0.027738092851683938,0.9291338582677166,1.0
ARL3,0.9622205394901755,0.18110236220472442,1.0
SFXN2,-0.9431086316546506,0.28346456692913385,1.0
WBP1L,0.43353342530723715,0.14173228346456693,1.0
BORCS7,-0.04560702925011739,0.9133858267716536,1.0
CNNM2,-2.337115133208531,0.05511811023622047,1.0
NT5C2,-1.1607812594055513,0.2283464566929134,1.0
PCGF6,-0.25584730845257475,0.5590551181102362,1.0
TAF5,-1.0009646614426435,0.10236220472440945,1.0
USMG5,0.2494529562860972,0.6299212598425197,1.0
PDCD11,0.15952717001885475,0.6771653543307087,1.0
CALHM2,-0.283630005851605,0.4645669291338583,1.0
SH3PXD2A,-0.04940569792086835,0.9448818897637795,1.0
AL133355.1,-0.8720020180927068,0.31496062992125984,1.0
STN1,0.23161171109641243,0.6535433070866141,1.0
SLK,0.41770257281497525,0.25196850393700787,1.0
COL17A1,1.871194040829733,0.05511811023622047,1.0
SFR1,0.47686731001607674,0.4409448818897638,1.0
GSTO1,-0.13103605804912188,0.8188976377952756,1.0
ITPRIP,-0.26863734558627517,0.6456692913385826,1.0
XIAPP1,1.5905831225345448,0.06299212598425197,1.0
XPNPEP1,0.12875437475489004,0.5354330708661418,1.0
ADD3,-0.20727136835444426,0.6141732283464567,1.0
MXI1,-0.3586741610415638,0.44881889763779526,1.0
SMNDC1,-0.4276399989756108,0.2677165354330709,1.0
DUSP5,0.43682415982588196,0.11023622047244094,1.0
SMC3,0.11243521918865351,0.7716535433070866,1.0
PDCD4-AS1,0.8118102865340697,0.4409448818897638,1.0
PDCD4,-0.053636451380524086,0.7559055118110236,1.0
BBIP1,-0.23120851840046885,0.9133858267716536,1.0
AL158163.1,-0.21905868123678107,0.9212598425196851,1.0
SHOC2,0.2175199041884417,0.47244094488188976,1.0
GPAM,0.2759773486570052,0.8188976377952756,1.0
ACSL5,0.11685169329399869,0.7086614173228346,1.0
ZDHHC6,0.09219374571216221,0.5433070866141733,1.0
VTI1A,-0.1853968433082791,0.6614173228346457,1.0
AL158212.3,0.9056048223246197,0.44881889763779526,1.0
TCF7L2,-0.1748290551943481,0.8582677165354331,1.0
CASP7,0.18548034151257298,0.6850393700787402,1.0
DCLRE1A,0.5821052783865381,0.6456692913385826,1.0
NHLRC2,-0.023231345341385712,0.9606299212598425,1.0
ADRB1,0.5211460777447745,0.6850393700787402,1.0
CCDC186,-0.17704918580036644,0.49606299212598426,1.0
AFAP1L2,3.3477338146492412,0.023622047244094488,1.0
ABLIM1,0.5224799911529301,0.4251968503937008,1.0
FAM160B1,0.0058982700927021625,0.984251968503937,1.0
TRUB1,-0.2544576987887943,0.5275590551181102,1.0
PDZD8,0.280092454547165,0.48031496062992124,1.0
RAB11FIP2,-0.12022055500655338,0.7165354330708661,1.0
FAM204A,-0.1130633635877647,0.7716535433070866,1.0
CACUL1,-0.2198375442617646,0.4881889763779528,1.0
RPL17P36,-0.7132995498308903,0.4409448818897638,1.0
EIF3A,0.016889956953217933,0.952755905511811,1.0
FAM45A,0.31647479896698893,0.8188976377952756,1.0
SFXN4,-0.4279531249418378,0.7480314960629921,1.0
PRDX3,0.19763516888892685,0.6850393700787402,1.0
GRK5,0.33981491389347074,0.5748031496062992,1.0
RGS10,0.3740968832870397,0.14960629921259844,1.0
TIAL1,-0.2625474842621651,0.09448818897637795,1.0
BAG3,-0.08226969264933626,0.9291338582677166,1.0
INPP5F,-0.11796572653625281,0.9606299212598425,1.0
MCMBP,0.28862309177819334,0.6377952755905512,1.0
SEC23IP,-0.10809005452177445,0.7559055118110236,1.0
WDR11,0.24779675476107244,0.5905511811023622,1.0
FGFR2,0.8654679637736081,0.44881889763779526,1.0
ATE1,-0.010966352656257783,0.968503937007874,1.0
NSMCE4A,-0.5284847790392284,0.18110236220472442,1.0
PLEKHA1,-0.264321422968834,0.5984251968503937,1.0
HTRA1,1.2836890029990222,0.2677165354330709,1.0
CUZD1,1.1066782123730314,0.28346456692913385,1.0
C10orf88,0.06418465575861543,0.905511811023622,1.0
PSTK,0.03305329861696027,0.9763779527559056,1.0
IKZF5,-0.4554410598965566,0.31496062992125984,1.0
ACADSB,0.16956310218057435,0.6220472440944882,1.0
BUB3,-0.0072113859937710245,0.905511811023622,1.0
OAT,-0.3471331329524805,0.1889763779527559,1.0
LHPP,-0.364899931166645,0.6535433070866141,1.0
FAM53B,-0.9878145922441277,0.6535433070866141,1.0
EEF1AKMT2,0.06523039469541603,0.9291338582677166,1.0
ABRAXAS2,-0.2468074556762927,0.5905511811023622,1.0
ZRANB1,-0.7276579846879097,0.047244094488188976,1.0
CTBP2,-0.546353542688899,0.36220472440944884,1.0
EDRF1,-0.19019998379194814,0.6062992125984252,1.0
UROS,-0.23276860790045228,0.9448818897637795,1.0
BCCIP,-0.33251660926512994,0.6141732283464567,1.0
DHX32,0.38961269647356556,0.7874015748031497,1.0
ADAM12,-0.3037929233845902,0.7637795275590551,1.0
PTPRE,0.045622289817250916,0.889763779527559,1.0
MKI67,1.5087147037918842,0.2204724409448819,1.0
MGMT,-0.43211942771847145,0.8976377952755905,1.0
C10orf143,-0.4922435590879508,0.6377952755905512,1.0
CTAGE7P,0.3440954180924729,0.7480314960629921,1.0
GLRX3,0.09311013495308984,0.889763779527559,1.0
PPP2R2D,-0.5259393556561358,0.7007874015748031,1.0
BNIP3,-0.4125163168456609,0.11023622047244094,1.0
STK32C,-0.8150612895983489,0.30708661417322836,1.0
LRRC27,0.9546449162180405,0.3700787401574803,1.0
PWWP2B,0.5464617106042926,0.5196850393700787,1.0
C10orf91,-0.42835155519620605,0.6377952755905512,1.0
ADAM8,0.22319868918272778,0.5433070866141733,1.0
TUBGCP2,-1.2701323240395022,0.3464566929133858,1.0
ZNF511,-0.11533473387068494,0.9921259842519685,1.0
ECHS1,0.4683134295757334,0.5511811023622047,1.0
PAOX,0.5925185652777316,0.5748031496062992,1.0
MTG1,-0.81341626369918,0.48031496062992124,1.0
SCART1,-0.014176860000904679,0.984251968503937,1.0
CYP2E1,-1.2539856512790928,0.25196850393700787,1.0
AC215219.1,-1.8677984034018955,0.07874015748031496,1.0
AC007406.5,0.26779934625246016,0.6299212598425197,1.0
KDM5A,0.009865207112104812,0.984251968503937,1.0
CCDC77,-0.6152249231792002,0.6220472440944882,1.0
B4GALNT3,0.8343990905451465,0.3700787401574803,1.0
NINJ2,0.00044752965175387516,1.0,1.0
AC021054.1,1.3718362632997014,0.29133858267716534,1.0
WNK1,0.36134369782467246,0.07086614173228346,1.0
RAD52,-1.5167479503833559,0.015748031496062992,1.0
ERC1,-0.4016898269946996,0.2283464566929134,1.0
ADIPOR2,-0.24644807527513723,0.3700787401574803,1.0
CACNA2D4,-0.4700784571742025,0.7480314960629921,1.0
DCP1B,1.0235547242164635,0.2677165354330709,1.0
FKBP4,-0.6360161559212845,0.11811023622047244,1.0
ITFG2,0.032468555231593754,0.937007874015748,1.0
RHNO1,0.06502389150137589,0.889763779527559,1.0
TULP3,0.1485519621390896,0.8188976377952756,1.0
AC005912.1,0.23261236305738464,0.7086614173228346,1.0
CRACR2A,0.20961387838396206,0.6220472440944882,1.0
AC005831.1,-0.4265109349229297,0.09448818897637795,1.0
PARP11,-0.1673551008408749,0.7086614173228346,1.0
CCND2,-0.023522324832050856,0.9606299212598425,1.0
TIGAR,0.11978526198094652,0.8503937007874016,1.0
C12orf4,-1.3556447046044013,0.3464566929133858,1.0
RAD51AP1,-1.1313324118334127,0.3543307086614173,1.0
DYRK4,-1.5157418953298285,0.2755905511811024,1.0
NDUFA9,0.08515768698608639,0.9212598425196851,1.0
VWF,2.0624753263391558,0.1732283464566929,1.0
CD9,0.7547047140647765,0.6062992125984252,1.0
TNFRSF1A,0.1320191115195275,0.8818897637795275,1.0
AC005840.1,-1.7215630373247985,0.11023622047244094,1.0
AC005840.2,-0.2925297243318834,0.6692913385826772,1.0
CD27-AS1,-0.8214082177036128,0.49606299212598426,1.0
TAPBPL,-0.4343376486186381,0.3937007874015748,1.0
VAMP1,0.003578641534614846,1.0,1.0
AC005840.5,-0.7349184357381473,0.36220472440944884,1.0
MRPL51,-0.33259312305844624,0.4330708661417323,1.0
NCAPD2,-0.12702142488032653,0.8503937007874016,1.0
GAPDH,0.2182375792363347,0.8031496062992126,1.0
IFFO1,-0.1481137542748252,0.5275590551181102,1.0
NOP2,0.14396692938021527,0.7322834645669292,1.0
CHD4,0.03882958852480023,0.8503937007874016,1.0
LPAR5,0.11043624994015122,0.889763779527559,1.0
ING4,-0.07517059472178467,0.8188976377952756,1.0
ZNF384,-0.009237321977740187,1.0,1.0
COPS7A,0.5561787685510939,0.33070866141732286,1.0
MLF2,0.38139305762052444,0.14173228346456693,1.0
PTMS,0.874493991977956,0.5511811023622047,1.0
LAG3,0.4503856558642303,0.8188976377952756,1.0
CD4,0.17089850746303625,0.7322834645669292,1.0
USP5,-0.5243327110056235,0.8661417322834646,1.0
TPI1,0.06421125451871212,0.7952755905511811,1.0
SPSB2,0.06316991135471883,0.952755905511811,1.0
DSTNP2,0.2835834018952825,0.5354330708661418,1.0
ENO2,0.009669494790585098,0.984251968503937,1.0
ATN1,-0.5595354507101185,0.8346456692913385,1.0
C12orf57,-0.225876474385311,0.8818897637795275,1.0
PTPN6,0.4011669348192344,0.11023622047244094,1.0
PHB2,-0.03545892557170216,0.8503937007874016,1.0
EMG1,0.5878705669067319,0.16535433070866143,1.0
LPCAT3,-0.4778269209324568,0.6062992125984252,1.0
C1S,-1.1532675043948828,0.4881889763779528,1.0
C1R,-0.10182176443741753,0.937007874015748,1.0
C1RL,-0.7064264379143577,0.5590551181102362,1.0
C1RL-AS1,-1.4974739003737836,0.14173228346456693,1.0
CLSTN3,0.6135775055604062,0.5275590551181102,1.0
PEX5,0.5520025982749108,0.7007874015748031,1.0
AC131206.1,-0.03891515103319887,0.968503937007874,1.0
SLC2A3,0.4074176935229925,0.07874015748031496,1.0
FOXJ2,-0.4315076363246044,0.8188976377952756,1.0
C3AR1,0.9812973231975026,0.3779527559055118,1.0
NECAP1,-0.0071548852646534655,0.984251968503937,1.0
HADHAP2,-0.7441080852305944,0.3464566929133858,1.0
RIMKLB,-1.4682222793792794,0.07874015748031496,1.0
PHC1,-1.3458565313119901,0.11811023622047244,1.0
M6PR,-0.22574450877490104,0.4015748031496063,1.0
KLRG1,-0.5948399507090079,0.4330708661417323,1.0
A2M,0.050297378713883845,0.984251968503937,1.0
PZP,-1.2940071970681446,0.2125984251968504,1.0
A2MP1,-1.3103334251278482,0.11023622047244094,1.0
LINC00987,-0.06516956400774188,0.9921259842519685,1.0
AC010175.1,-2.3851689484562697,0.015748031496062992,1.0
AC092821.3,-0.9660378303173205,0.2204724409448819,1.0
KLRB1,-0.2538559480778666,0.33070866141732286,1.0
AC010186.2,0.5210666836003055,0.7086614173228346,1.0
AC010186.3,-0.22365641119098845,0.5826771653543307,1.0
CLEC2D,0.1404459185461162,0.6220472440944882,1.0
CLECL1,1.1743825350945762,0.33070866141732286,1.0
CD69,0.6939462074059808,0.2047244094488189,1.0
KLRF1,0.03949719831388698,0.905511811023622,1.0
CLEC2B,0.34841109055495245,0.14960629921259844,1.0
KLRF2,0.06548887999086639,0.9291338582677166,1.0
CLEC12A-AS1,-0.9101543115558247,0.3858267716535433,1.0
CLEC12A,1.3915428994643495,0.05511811023622047,1.0
CLEC7A,-0.344812552847623,0.7637795275590551,1.0
OLR1,0.2806401883076519,0.7637795275590551,1.0
GABARAPL1,-0.09619099587096525,0.8110236220472441,1.0
KLRD1,0.09430129272686116,0.84251968503937,1.0
AC022075.1,0.1919143089424873,0.4330708661417323,1.0
KLRK1,1.3016513485564591,0.18110236220472442,1.0
KLRC4-KLRK1,0.15120494173760468,0.8346456692913385,1.0
KLRC3,0.33737207982185,0.7401574803149606,1.0
KLRC2,1.3988057162090142,0.047244094488188976,1.0
KLRC1,1.3494035577225896,0.07086614173228346,1.0
AC068775.1,0.7509023476606109,0.5039370078740157,1.0
LINC02446,2.9245821997346444,0.015748031496062992,1.0
KLRA1P,-0.13676582123766945,0.8818897637795275,1.0
MAGOHB,1.0124716879528224,0.33858267716535434,1.0
STYK1,1.3165580430026407,0.16535433070866143,1.0
YBX3,0.712891236270818,0.2755905511811024,1.0
PRR4,-0.15213982768715195,0.9291338582677166,1.0
TAS2R14,0.8912567327792802,0.2992125984251969,1.0
SMIM10L1,0.19068718162484277,0.4251968503937008,1.0
ETV6,0.15661500006591744,0.7086614173228346,1.0
AC007537.1,-0.46285362017365705,0.6220472440944882,1.0
LOH12CR2,-0.35848882668602655,0.6062992125984252,1.0
BORCS5,-1.3062003937023716,0.2125984251968504,1.0
DUSP16,0.3445868916967427,0.8031496062992126,1.0
CREBL2,-0.37376801096258117,0.14173228346456693,1.0
CDKN1B,0.2140523902400968,0.33858267716535434,1.0
APOLD1,0.5559402875132677,0.5354330708661418,1.0
AC007688.1,-1.0858933780405233,0.10236220472440945,1.0
RPL13AP20,-0.32174817950498125,0.84251968503937,1.0
HEBP1,-0.30078285596763754,0.8976377952755905,1.0
FAM234B,-0.5309467406711947,0.5039370078740157,1.0
EMP1,2.056579423638536,0.12598425196850394,1.0
ATF7IP,-8.675975911920375e-05,1.0,1.0
PLBD1,-0.5050394575355014,0.5275590551181102,1.0
AC010168.2,-0.12493316953593814,0.8818897637795275,1.0
HIST4H4,0.7425189918756288,0.5118110236220472,1.0
H2AFJ,0.1734193386022569,0.7637795275590551,1.0
WBP11,-0.18842998443785763,0.3543307086614173,1.0
MGP,0.48676403367785737,0.7637795275590551,1.0
ERP27,-0.6351210226844692,0.49606299212598426,1.0
ARHGDIB,0.117834879138492,0.5748031496062992,1.0
STRAP,-0.015543586210727156,0.9212598425196851,1.0
DERA,0.27062647573221854,0.6614173228346457,1.0
SUPT16HP1,-0.9053658390028292,0.4566929133858268,1.0
AC023512.1,0.5718049743200782,0.1889763779527559,1.0
PLEKHA5,-1.015115568189402,0.5354330708661418,1.0
AEBP2,-0.17205678130615798,0.5984251968503937,1.0
PDCD5P1,0.27779086558095023,0.7559055118110236,1.0
TCP1P3,-0.24591050996519903,0.8110236220472441,1.0
PYROXD1,0.31619438787175547,0.5275590551181102,1.0
RECQL,-0.0932752148394016,0.5275590551181102,1.0
GOLT1B,0.1875349425769013,0.6141732283464567,1.0
LDHB,-0.19433352077716304,0.5433070866141733,1.0
CMAS,0.20100352408210043,0.6456692913385826,1.0
ST8SIA1,1.1565148776238505,0.1732283464566929,1.0
C2CD5,-0.20617936447352037,0.6377952755905512,1.0
ETNK1,-0.13878075356484132,0.5984251968503937,1.0
BCAT1,0.21649867102122933,0.7086614173228346,1.0
LRMP,0.15797261393323048,0.6141732283464567,1.0
AC023510.2,-0.8327758578832216,0.3700787401574803,1.0
ETFRF1,0.1417952463940071,0.8740157480314961,1.0
KRAS,0.10423999792727923,0.5433070866141733,1.0
AC087239.1,-0.664141304633721,0.5118110236220472,1.0
TDGP1,0.5702701523833928,0.6141732283464567,1.0
RASSF8-AS1,-0.35204611517299844,0.5511811023622047,1.0
RASSF8,1.4857780982188853,0.14960629921259844,1.0
ITPR2,-0.11573574961683519,0.5826771653543307,1.0
INTS13,0.2874787210890881,0.5669291338582677,1.0
FGFR1OP2,0.05570920689227066,0.7952755905511811,1.0
AC024896.1,-0.19394071486184172,0.7952755905511811,1.0
TM7SF3,0.34439749071205394,0.4645669291338583,1.0
MED21,0.1694424764847806,0.6456692913385826,1.0
AC092747.4,-0.2798034887276031,0.8976377952755905,1.0
STK38L,-0.40243479677391125,0.937007874015748,1.0
PPFIBP1,2.398955115969151,0.047244094488188976,1.0
MRPS35,-0.12603623019475485,0.7952755905511811,1.0
KLHL42,0.28934209925483945,0.6771653543307087,1.0
CCDC91,-0.021351727739541637,0.9448818897637795,1.0
FAR2,0.6218651735972336,0.5511811023622047,1.0
AC009318.4,-1.510854211516798,0.03937007874015748,1.0
ERGIC2,0.028819914056036566,0.9606299212598425,1.0
OVCH1-AS1,0.6622087049638417,0.49606299212598426,1.0
IPO8,0.28407343816599084,0.1968503937007874,1.0
CAPRIN2,0.077899871031188,0.8976377952755905,1.0
DDX11,0.09205684884382936,0.937007874015748,1.0
SINHCAF,0.0036854938315968866,0.9921259842519685,1.0
DENND5B,-1.0632890924036862,0.2755905511811024,1.0
ETFBKMT,-1.0202503218212833,0.11023622047244094,1.0
AMN1,0.5218300731181924,0.6850393700787402,1.0
AC023157.3,-0.022837406028672458,0.952755905511811,1.0
AC023157.1,-0.2625885163443442,0.3464566929133858,1.0
H3F3C,-1.2182913202814953,0.28346456692913385,1.0
LINC02422,-0.25148594200691177,0.7637795275590551,1.0
KIAA1551,-0.008089696812458413,0.9763779527559056,1.0
AC016957.2,0.45069489181911093,0.6377952755905512,1.0
BICD1,0.2302764703285396,0.5354330708661418,1.0
AC026356.1,-0.23908875705547583,0.9212598425196851,1.0
DNM1L,-0.19253330507340038,0.15748031496062992,1.0
AC084824.5,-0.07280497591017521,0.952755905511811,1.0
AC084824.1,-0.3104563918558707,0.4094488188976378,1.0
YARS2,0.14271424030909374,0.8346456692913385,1.0
ALG10,0.41199520224335373,0.6692913385826772,1.0
ALG10B,-0.04774917197803896,0.9606299212598425,1.0
CPNE8,-1.581653265016297,0.18110236220472442,1.0
KIF21A,-0.007418558320418711,0.968503937007874,1.0
ABCD2,1.4975200810866323,0.1968503937007874,1.0
SLC2A13,0.6024593119761166,0.33070866141732286,1.0
GXYLT1,-0.9390087830081546,0.6062992125984252,1.0
YAF2,0.26066655857282583,0.4094488188976378,1.0
PPHLN1,-0.13655903697872063,0.5275590551181102,1.0
ZCRB1,0.7386931773116148,0.031496062992125984,1.0
AC079601.2,-0.4829620997168562,0.5748031496062992,1.0
PUS7L,0.010806692284711872,0.9763779527559056,1.0
IRAK4,-0.40363607273103774,0.33858267716535434,1.0
TWF1,-0.6284185131184854,0.11023622047244094,1.0
NELL2,1.0861104019661463,0.4330708661417323,1.0
PLEKHA8P1,-0.1844677907588368,0.7480314960629921,1.0
ANO6,-0.5371962629463773,0.2992125984251969,1.0
AC008124.1,0.201971046386193,0.6299212598425197,1.0
ARID2,-0.18062036279438853,0.5984251968503937,1.0
SCAF11,-0.027681474458454147,0.8976377952755905,1.0
SLC38A1,0.11047743709186086,0.6141732283464567,1.0
AC025031.3,0.4602270071073187,0.5275590551181102,1.0
SLC38A2,-0.41103830897004023,0.2047244094488189,1.0
AC008035.1,0.3006147130617345,0.7637795275590551,1.0
AMIGO2,-0.6537011807886812,0.9763779527559056,1.0
PCED1B,0.44016269751518955,0.4330708661417323,1.0
AC119044.1,-0.7066125088848381,0.6220472440944882,1.0
PCED1B-AS1,0.26310071719974104,0.5511811023622047,1.0
AC008083.2,0.018383549780370156,1.0,1.0
RPAP3,-0.053861908757050436,0.8818897637795275,1.0
SLC48A1,-0.6673434114933374,0.36220472440944884,1.0
HDAC7,0.08504492200251601,0.8031496062992126,1.0
VDR,1.348103529258093,0.2047244094488189,1.0
TMEM106C,-0.5551935796973493,0.6692913385826772,1.0
AC004801.6,-0.2827288037117075,0.8267716535433071,1.0
SENP1,-0.8167632922591155,0.9133858267716536,1.0
PFKM,1.1349950626264085,0.4645669291338583,1.0
ASB8,-0.43173825794120635,0.4094488188976378,1.0
CCDC184,-0.2688604370355765,0.8818897637795275,1.0
ZNF641,-0.4713776258513409,0.4094488188976378,1.0
KANSL2,-0.08325733993486217,0.8582677165354331,1.0
CCNT1,-0.3462247476632383,0.2047244094488189,1.0
CACNB3,-0.7809779567723862,0.3779527559055118,1.0
DDX23,-0.21433498984099142,0.4094488188976378,1.0
RND1,-0.5807249743835987,0.5275590551181102,1.0
CCDC65,0.517792183438694,0.7559055118110236,1.0
FKBP11,0.6751658410426309,0.2283464566929134,1.0
ARF3,0.0983698335605876,0.7480314960629921,1.0
WNT10B,-2.0204296401187927,0.047244094488188976,1.0
DDN-AS1,-0.3615122770929293,0.8031496062992126,1.0
PRKAG1,-1.1199056896897814,0.07874015748031496,1.0
KMT2D,-0.4749521743993901,0.3228346456692913,1.0
RHEBL1,-1.4504808364513282,0.15748031496062992,1.0
LMBR1L,-0.21421222430828735,0.6692913385826772,1.0
TUBA1B,-0.6531718725764497,0.49606299212598426,1.0
TUBA1A,-0.05254540423015275,0.9763779527559056,1.0
SPATS2,-0.3074518743670227,0.5118110236220472,1.0
MCRS1,0.21197637680837778,0.5984251968503937,1.0
FMNL3,0.710547416057147,0.11811023622047244,1.0
TMBIM6,-0.07165409269098966,0.6141732283464567,1.0
NCKAP5L,-0.845812056945419,0.3700787401574803,1.0
BCDIN3D,-0.37511591569962954,0.7401574803149606,1.0
RACGAP1,-1.289580611483571,0.18110236220472442,1.0
SMARCD1,-0.39034456468670253,0.6220472440944882,1.0
COX14,-0.8956051567469752,0.6535433070866141,1.0
CERS5,-0.5407882073253747,0.2440944881889764,1.0
LIMA1,0.09160105849534261,0.8661417322834646,1.0
LARP4,-0.023386097426493002,0.9448818897637795,1.0
DIP2B,-0.34198938126670164,0.5984251968503937,1.0
ATF1,-0.43670046412074814,0.25984251968503935,1.0
METTL7A,-0.3428114555048589,0.5669291338582677,1.0
SLC11A2,-0.4138026954943754,0.28346456692913385,1.0
LETMD1,-1.3579202380756028,0.1968503937007874,1.0
CSRNP2,-0.22631281633045397,0.7165354330708661,1.0
TFCP2,0.44814182811285885,0.09448818897637795,1.0
POU6F1,-0.5974602554104553,0.5511811023622047,1.0
AC139768.1,0.4306380575073032,0.5748031496062992,1.0
DAZAP2,0.01091058196099759,0.9291338582677166,1.0
SMAGP,-0.3539791354550266,0.8582677165354331,1.0
BIN2,-0.09789575435523545,0.6850393700787402,1.0
GALNT6,0.4938819760344275,0.23622047244094488,1.0
SLC4A8,-1.132651134893474,0.10236220472440945,1.0
HNRNPA3P10,0.47082301826516026,0.7165354330708661,1.0
ACVR1B,-0.5842376631945552,0.6850393700787402,1.0
GRASP,-1.2582215731836892,0.5433070866141733,1.0
NR4A1,0.012860130813233894,0.9606299212598425,1.0
KRT86,0.2798831479566921,0.7716535433070866,1.0
KRT81,2.0256851957477116,0.2677165354330709,1.0
KRT6A,2.322343041962521,0.07874015748031496,1.0
KRT5,2.5339640391744314,0.11023622047244094,1.0
KRT72,-0.5638279540952711,0.6377952755905512,1.0
KRT73,-1.8444838758289035,0.09448818897637795,1.0
EIF4B,-0.20588031092156012,0.2992125984251969,1.0
SPRYD3,-0.07447517972450335,0.8740157480314961,1.0
CSAD,-2.3912448343167094,0.03937007874015748,1.0
ZNF740,0.17124471938674546,0.6062992125984252,1.0
ITGB7,-0.6222561566725746,0.5433070866141733,1.0
RARG,0.17558616939946692,0.6220472440944882,1.0
MFSD5,-0.25273682870792724,0.952755905511811,1.0
PFDN5,0.13389315449511408,0.6535433070866141,1.0
C12orf10,0.27422605544478174,0.8346456692913385,1.0
AAAS,0.7244063808451289,0.3858267716535433,1.0
SP1,0.3565428810795499,0.12598425196850394,1.0
PRR13,0.20271176270871827,0.6771653543307087,1.0
PCBP2,0.1817636638457909,0.11811023622047244,1.0
MAP3K12,-0.32742789962948415,0.7874015748031497,1.0
TARBP2,-1.187154061411793,0.16535433070866143,1.0
AC023509.3,0.2514820622807161,0.7322834645669292,1.0
ATF7,-1.3083084001023226,0.23622047244094488,1.0
ATP5G2,0.1750555176490174,0.2440944881889764,1.0
CALCOCO1,0.13048690468991797,0.5905511811023622,1.0
HOXC4,-0.4302181319739651,0.7322834645669292,1.0
AC023794.3,-0.989171412336681,0.31496062992125984,1.0
SMUG1,1.2239480159489093,0.06299212598425197,1.0
CBX5,0.04254174928159671,0.9606299212598425,1.0
AC078778.1,1.0516876942813236,0.33070866141732286,1.0
HNRNPA1,-0.14592184136280828,0.5118110236220472,1.0
COPZ1,-0.15084454309187656,0.5433070866141733,1.0
ITGA5,-0.9826892389265307,0.7007874015748031,1.0
GTSF1,0.41493357354100047,0.1732283464566929,1.0
NCKAP1L,0.1858404981902826,0.41732283464566927,1.0
PDE1B,-0.08649158353593522,0.9212598425196851,1.0
TESPA1,-0.12575341469934553,0.7165354330708661,1.0
PHC1P1,-1.3483307306164065,0.2440944881889764,1.0
BLOC1S1,0.21022064346643976,0.7007874015748031,1.0
CD63,0.379042558062368,0.2440944881889764,1.0
AC009779.2,0.1024377190590644,0.9448818897637795,1.0
GDF11,-1.3535011767788117,0.3464566929133858,1.0
ORMDL2,0.2475194057567216,0.7795275590551181,1.0
TMEM198B,-0.5380032836900843,0.48031496062992124,1.0
PYM1,-0.27091965683170915,0.5118110236220472,1.0
DGKA,-0.14696446412023434,0.84251968503937,1.0
CDK2,-1.178201724216073,0.3700787401574803,1.0
RAB5B,-0.1518967649381695,0.4881889763779528,1.0
SUOX,-1.3512672277964821,0.18110236220472442,1.0
IKZF4,-0.4179239288521548,0.6929133858267716,1.0
RPS26,-0.0821973818148729,0.84251968503937,1.0
PA2G4,-0.21599949547708874,0.6535433070866141,1.0
RPL41,-0.3606814569116139,0.29133858267716534,1.0
ZC3H10,0.31001637912422164,0.7795275590551181,1.0
ESYT1,0.6444093758933702,0.25196850393700787,1.0
MYL6B,0.7600272302470323,0.5118110236220472,1.0
MYL6,0.09719487046399244,0.5590551181102362,1.0
AC073896.4,0.21630268783725182,0.5196850393700787,1.0
SMARCC2,-0.9679281197213108,0.8818897637795275,1.0
RNF41,0.025911106717771304,0.9291338582677166,1.0
NABP2,-0.5881457877289487,0.6771653543307087,1.0
ANKRD52,-1.1049618541817448,0.4251968503937008,1.0
COQ10A,-0.6118419027704505,0.6692913385826772,1.0
CS,0.1434076482425155,0.5275590551181102,1.0
CNPY2,-0.7533127459184832,0.4330708661417323,1.0
PAN2,-0.0023847828249676795,1.0,1.0
IL23A,0.9364707399960319,0.30708661417322836,1.0
STAT2,-0.9408653665073574,0.13385826771653545,1.0
TIMELESS,-0.9095248999946155,0.4409448818897638,1.0
HSPD1P4,-1.0785434073872575,0.33858267716535434,1.0
RBMS2,-2.5871944117292336,0.031496062992125984,1.0
BAZ2A,0.04234058814829389,0.8818897637795275,1.0
ATP5B,0.1542643911243502,0.4330708661417323,1.0
PTGES3,-0.12933690293672218,0.6771653543307087,1.0
NACA,-0.1610078512304689,0.29133858267716534,1.0
PRIM1,-0.22623742291391968,0.8582677165354331,1.0
ZBTB39,-0.9381102145893325,0.3779527559055118,1.0
NEMP1,0.07687093086472174,0.8582677165354331,1.0
NAB2,0.9649166314497624,0.41732283464566927,1.0
STAT6,-0.16703679635657398,0.48031496062992124,1.0
LRP1,-0.5294535988560731,0.7007874015748031,1.0
SHMT2,-0.25460158187311954,0.41732283464566927,1.0
R3HDM2,-0.195839904387495,0.5984251968503937,1.0
ARHGAP9,0.4205503302039295,0.1889763779527559,1.0
MARS,-0.9943001012938151,0.5433070866141733,1.0
DDIT3,-0.8488284677500144,0.48031496062992124,1.0
MIR616,-0.5060724537148842,0.5275590551181102,1.0
MBD6,0.4180324763294587,0.29133858267716534,1.0
DCTN2,-0.08276003650004515,0.7716535433070866,1.0
PIP4K2C,-0.7975295413910422,0.7795275590551181,1.0
DTX3,0.32508252162210116,0.30708661417322836,1.0
OS9,-0.6490182043914459,0.7480314960629921,1.0
AGAP2,-0.38416693994465057,0.984251968503937,1.0
TSPAN31,0.4662082666613916,0.2047244094488189,1.0
CDK4,-0.07496901620307694,0.8740157480314961,1.0
MARCH9,-0.6340592977565942,0.2047244094488189,1.0
METTL1,0.24177963971484262,0.7401574803149606,1.0
TSFM,0.06335379828631194,0.8976377952755905,1.0
CTDSP2,-0.3881040483759213,0.08661417322834646,1.0
AC084033.3,-1.0175662538869072,0.2125984251968504,1.0
ATP23,1.1297778696916967,0.2283464566929134,1.0
SLC16A7,-0.07329290370940011,0.952755905511811,1.0
FAM19A2,-0.027197686519863096,0.9291338582677166,1.0
RPS3P6,-0.1609927992822895,0.905511811023622,1.0
USP15,-0.46072840006256754,0.1968503937007874,1.0
MON2,-0.0027388629068001435,0.9921259842519685,1.0
AC048341.3,-1.7194773484174533,0.07086614173228346,1.0
RPL14P1,-0.16542777140055698,0.2677165354330709,1.0
TMEM5,-0.8928806942052647,0.031496062992125984,1.0
PABPC1P4,-0.6259927636153115,0.10236220472440945,1.0
C12orf66,-1.5737105583013307,0.047244094488188976,1.0
AC135279.2,0.22561627011911778,0.8188976377952756,1.0
XPOT,-0.6853322140074036,0.14173228346456693,1.0
TBK1,0.21756141642066673,0.7007874015748031,1.0
RASSF3,-0.3697945103481466,0.33858267716535434,1.0
GNS,-0.12620272482389971,0.8188976377952756,1.0
TBC1D30,-1.0390190257684169,0.2440944881889764,1.0
LEMD3,0.006444650000635654,0.9763779527559056,1.0
AC026124.2,-0.0063451924603556975,0.9921259842519685,1.0
MSRB3,1.6246321961832486,0.18110236220472442,1.0
LLPH,-0.07372512915444585,0.8110236220472441,1.0
TMBIM4,-1.7206763251459085,0.03937007874015748,1.0
IRAK3,-1.104158470464694,0.33070866141732286,1.0
RBMS1P1,-0.20669784898341614,0.9448818897637795,1.0
HELB,0.2658768225268666,0.5118110236220472,1.0
CAND1,-0.265979083926414,0.3228346456692913,1.0
DYRK2,-0.2869726198711664,0.2755905511811024,1.0
IFNG-AS1,-0.5734331404502737,0.6614173228346457,1.0
IFNG,1.417010068296535,0.023622047244094488,1.0
MDM1,0.07712612584440048,0.7244094488188977,1.0
LINC02384,-0.3051436404401304,0.7322834645669292,1.0
RAP1B,-0.3795846166892787,0.1968503937007874,1.0
ATP5HP4,-0.20632095504361336,0.8661417322834646,1.0
AC090061.1,-0.734401211464675,0.33858267716535434,1.0
NUP107,-0.07943818846612238,0.84251968503937,1.0
SLC35E3,0.612688036040216,0.6377952755905512,1.0
MDM2,-0.23671913701958136,0.7086614173228346,1.0
CPSF6,0.3317522879239725,0.4015748031496063,1.0
YEATS4,0.33093838361662,0.5275590551181102,1.0
FRS2,-0.5465950407298115,0.5905511811023622,1.0
CCT2,-0.057110220950225,0.84251968503937,1.0
RAB3IP,0.0379193859774869,0.9606299212598425,1.0
LINC01481,0.5699226985118364,0.4015748031496063,1.0
CNOT2,-0.0704209736367094,0.937007874015748,1.0
PTPRB,-0.4780191797450407,0.5118110236220472,1.0
ZFC3H1,0.6506104400004054,0.07086614173228346,1.0
THAP2,0.2082362608191941,0.4330708661417323,1.0
TMEM19,0.5112144996574068,0.2047244094488189,1.0
RAB21,-0.1913409114837883,0.4645669291338583,1.0
TBC1D15,-0.21853080239391165,0.49606299212598426,1.0
ATXN7L3B,0.12827364213719328,0.7874015748031497,1.0
CAPS2,-1.06210496416925,0.36220472440944884,1.0
GLIPR1,0.09874660941921576,0.7086614173228346,1.0
AC121761.1,-0.23180071005825087,0.8346456692913385,1.0
KRR1,-0.22655958060610004,0.7244094488188977,1.0
PHLDA1,1.1238989061227063,0.07086614173228346,1.0
NAP1L1,0.06865273930835158,0.7874015748031497,1.0
BBS10,-1.416716474426129,0.1889763779527559,1.0
OSBPL8,-0.31028172015156485,0.05511811023622047,1.0
AC107032.1,-0.25156921217862305,0.3700787401574803,1.0
AC093014.1,-1.1279858424717903,0.16535433070866143,1.0
ZDHHC17,0.016947519756075557,0.952755905511811,1.0
AC068993.1,-1.4054312947960872,0.09448818897637795,1.0
PAWR,0.7584529526447441,0.6456692913385826,1.0
PPP1R12A,0.22791914860528273,0.5905511811023622,1.0
AC073569.3,-1.082731890917485,0.2755905511811024,1.0
AC078817.1,-0.19122909257978193,0.7716535433070866,1.0
CCDC59,-0.08879475965293171,0.7322834645669292,1.0
METTL25,-0.047384718704410744,0.9921259842519685,1.0
C12orf29,0.1642645214458689,0.7401574803149606,1.0
CEP290,0.3101197546582055,0.49606299212598426,1.0
TMTC3,-0.16020098805370964,0.8031496062992126,1.0
DUSP6,0.3357134111010005,0.5669291338582677,1.0
POC1B,0.00031788197966076126,1.0,1.0
CENPCP1,1.0415201542076304,0.12598425196850394,1.0
POC1B-AS1,-0.05364001354601,0.889763779527559,1.0
ATP2B1,-0.14260643406951612,0.6141732283464567,1.0
ATP2B1-AS1,-0.11443365802995009,0.7874015748031497,1.0
LUM,-0.8982619130286069,0.5433070866141733,1.0
DCN,-1.9059607991471297,0.23622047244094488,1.0
LINC01619,-0.28929324788006294,0.7086614173228346,1.0
BTG1,0.00931591843844437,0.984251968503937,1.0
AC025164.2,0.3776620162762052,0.6377952755905512,1.0
EEA1,-0.4211859316073818,0.29133858267716534,1.0
RPL41P5,-0.7182200900070724,0.5275590551181102,1.0
NUDT4,0.0091165992003992,0.9921259842519685,1.0
UBE2N,0.14356050932803655,0.4015748031496063,1.0
MRPL42,-0.3542759257511712,0.6929133858267716,1.0
SOCS2,0.4069533989402343,0.8740157480314961,1.0
CRADD,0.03286454275908124,0.9763779527559056,1.0
PLXNC1,0.7739521870090709,0.33858267716535434,1.0
CEP83,-1.2398926451227528,0.36220472440944884,1.0
AC023161.2,-0.44181988665988436,0.2125984251968504,1.0
TMCC3,-0.3930119473285192,0.6535433070866141,1.0
NDUFA12,0.5404607999564996,0.15748031496062992,1.0
NR2C1,-0.1215094192812991,0.8346456692913385,1.0
FGD6,-0.08627248611558058,0.952755905511811,1.0
VEZT,0.4735892190095381,0.28346456692913385,1.0
METAP2,-0.1251512996321429,0.6850393700787402,1.0
NTN4,0.2067711214650959,0.84251968503937,1.0
SNRPF,0.15920679523525472,0.5748031496062992,1.0
LTA4H,-0.5325347285457154,0.2204724409448819,1.0
ELK3,-0.1859372241788284,0.5984251968503937,1.0
CDK17,-0.42729219951894226,0.14173228346456693,1.0
NEDD1,0.8541971079602986,0.3700787401574803,1.0
TMPO-AS1,0.7297589714140867,0.41732283464566927,1.0
TMPO,0.10563723183647777,0.7244094488188977,1.0
SLC25A3,-0.012804275336808502,0.9212598425196851,1.0
IKBIP,-0.2745783869516476,0.6141732283464567,1.0
APAF1,0.7299634587722252,0.2440944881889764,1.0
RPS4XP1,-0.5582023558810505,0.25984251968503935,1.0
UHRF1BP1L,0.16121739641099975,0.4881889763779528,1.0
AC126474.2,-0.25529340127673317,0.6377952755905512,1.0
GOLGA2P5,0.6410040661861376,0.49606299212598426,1.0
ACTR6,0.26272094068191354,0.6535433070866141,1.0
SCYL2,-0.21560176395621156,0.3464566929133858,1.0
UTP20,-0.3265012836957659,0.4566929133858268,1.0
ARL1,0.01764441960294949,0.9448818897637795,1.0
CHPT1,0.45724410244926394,0.5905511811023622,1.0
GNPTAB,-0.03405404909077525,0.952755905511811,1.0
HSPE1P4,-1.3642418959330187,0.13385826771653545,1.0
DRAM1,0.15354313317678736,0.905511811023622,1.0
WASHC3,0.2501363575265074,0.6141732283464567,1.0
NUP37,-0.6039034762954523,0.6456692913385826,1.0
NT5DC3,0.8966444811057148,0.4330708661417323,1.0
HSP90B1,-0.19371157785874615,0.5196850393700787,1.0
C12orf73,2.1364246415009625,0.023622047244094488,1.0
TDG,-0.19440673438290368,0.6062992125984252,1.0
HCFC2,0.22018794446178624,0.7086614173228346,1.0
NFYB,0.35424136605538603,0.3937007874015748,1.0
TXNRD1,-0.139653584255238,0.4645669291338583,1.0
RPL18AP3,-1.3489239537664544,0.5275590551181102,1.0
EID3,-0.8600319955809246,0.31496062992125984,1.0
CHST11,0.38135032284818315,0.4566929133858268,1.0
C12orf45,0.2576431918167046,0.49606299212598426,1.0
WASHC4,-0.05957967772966466,0.9212598425196851,1.0
APPL2,-1.2057772135710314,0.4409448818897638,1.0
C12orf75,-0.04592700552851081,0.9606299212598425,1.0
NUAK1,-1.5496943497721065,0.2755905511811024,1.0
CKAP4,-1.0451391503285543,0.3700787401574803,1.0
TCP11L2,-0.7423009315208957,0.2125984251968504,1.0
POLR3B,-0.5748801489711184,0.7007874015748031,1.0
RIC8B,1.0659043767946468,0.41732283464566927,1.0
TMEM263,-0.1523807907381487,0.8740157480314961,1.0
MTERF2,-0.4831468488245816,0.6692913385826772,1.0
CRY1,-0.583933044125228,0.3228346456692913,1.0
BTBD11,-0.5738163341282858,0.49606299212598426,1.0
PWP1,-0.06809998388925376,0.8582677165354331,1.0
PRDM4,-0.443248381380708,0.48031496062992124,1.0
CMKLR1,0.2895704393169849,0.8346456692913385,1.0
FICD,0.08447105609724437,0.8582677165354331,1.0
SART3,-0.12489441848477068,0.6141732283464567,1.0
ISCU,0.19560257933868286,0.36220472440944884,1.0
SELPLG,0.049182522459040534,0.9448818897637795,1.0
CORO1C,0.5073097965482605,0.7007874015748031,1.0
SSH1,-0.4302915386703603,0.25984251968503935,1.0
USP30,0.48141805826460615,0.6062992125984252,1.0
ALKBH2,-0.016607222160734736,0.984251968503937,1.0
UNG,-0.08868084430577294,0.7716535433070866,1.0
ACACB,-0.10441478128662673,0.9763779527559056,1.0
KCTD10,-0.18561978591804795,0.8110236220472441,1.0
UBE3B,-0.31091025642161085,0.41732283464566927,1.0
MMAB,-0.6342119006883795,0.2677165354330709,1.0
MVK,0.08851174092087888,0.9212598425196851,1.0
FAM222A,-0.041986635513072024,0.952755905511811,1.0
GLTP,-0.2919309561440935,0.41732283464566927,1.0
TCHP,0.09297777233937055,0.8582677165354331,1.0
GIT2,0.04002286339556971,0.937007874015748,1.0
ANKRD13A,-0.09613595767260641,0.8031496062992126,1.0
C12orf76,-0.7523183149862258,0.5511811023622047,1.0
IFT81,0.6951169426164455,0.48031496062992124,1.0
ATP2A2,0.18949542287150134,0.5196850393700787,1.0
ANAPC7,0.5482469892960138,0.2125984251968504,1.0
ARPC3,0.3656520301302484,0.4881889763779528,1.0
GPN3,-0.20583678859173205,0.6614173228346457,1.0
RPL31P49,-0.8846847579211365,0.10236220472440945,1.0
FAM216A,-0.057957052176719426,0.952755905511811,1.0
VPS29,-0.17879855528213184,0.5669291338582677,1.0
PPTC7,-0.08699179631598408,0.7165354330708661,1.0
HVCN1,0.17355753962292075,0.8740157480314961,1.0
PPP1CC,-0.4308280613635631,0.14960629921259844,1.0
SH2B3,-0.10890849333521757,0.7244094488188977,1.0
ATXN2,0.3344041501653434,0.1732283464566929,1.0
BRAP,0.06227960026262558,0.8267716535433071,1.0
ACAD10,0.793526854248821,0.4645669291338583,1.0
ALDH2,0.23611748361772356,0.7401574803149606,1.0
MAPKAPK5-AS1,-0.6451823487522086,0.1732283464566929,1.0
MAPKAPK5,0.1446225436169426,0.7165354330708661,1.0
TMEM116,-0.0707456876441559,0.8818897637795275,1.0
ERP29,0.06484944834669104,0.8582677165354331,1.0
NAA25,-0.7088591346611137,0.3228346456692913,1.0
TRAFD1,0.06649471629119841,0.9291338582677166,1.0
HECTD4,0.2112303836796139,0.49606299212598426,1.0
RPL6,-0.11353794512090154,0.36220472440944884,1.0
PTPN11,-0.07360953627068945,0.7952755905511811,1.0
OAS1,-0.5364758275904289,0.5590551181102362,1.0
OAS3,-0.1328036771896084,0.8740157480314961,1.0
OAS2,0.4250176346268555,0.3779527559055118,1.0
DTX1,0.38615762931516273,0.84251968503937,1.0
DDX54,0.2661350711215049,0.8031496062992126,1.0
RITA1,-1.2502760664939014,0.15748031496062992,1.0
TPCN1,0.7390624431477641,0.3779527559055118,1.0
SLC8B1,0.3572870603855183,0.7165354330708661,1.0
PLBD2,-0.6170936594639302,0.16535433070866143,1.0
RBM19,0.16359958826297305,0.7007874015748031,1.0
MED13L,0.17558931632171504,0.6377952755905512,1.0
MAP1LC3B2,-0.478469498517903,0.6771653543307087,1.0
C12orf49,-0.09723768187553627,0.8267716535433071,1.0
RNFT2,0.5814158348284406,0.5196850393700787,1.0
FBXW8,-0.8859753837293729,0.5590551181102362,1.0
TESC,0.5395129122531692,0.6771653543307087,1.0
FBXO21,-0.06264191489213022,0.84251968503937,1.0
RFC5,-0.5286191524363439,0.7007874015748031,1.0
WSB2,-0.1222244331511817,0.8661417322834646,1.0
PEBP1,-0.1581721088098531,0.48031496062992124,1.0
TAOK3,0.02505910792231436,0.9212598425196851,1.0
RPS2P5,-0.26497692797757466,0.7007874015748031,1.0
SUDS3,-0.41475627046625796,0.2283464566929134,1.0
AC084880.1,-0.7098322049181212,0.5039370078740157,1.0
PRKAB1,-0.5510147870166735,0.5826771653543307,1.0
BICDL1,0.09132582439120807,0.8267716535433071,1.0
RAB35,0.0745711761699619,0.7952755905511811,1.0
AC004812.2,-1.209386378174603,0.2755905511811024,1.0
GCN1,-0.049104625856094763,0.8188976377952756,1.0
RPLP0,0.24900014551538874,0.7086614173228346,1.0
PXN-AS1,-1.0963882730894572,0.2440944881889764,1.0
PXN,0.11629754585614105,0.8582677165354331,1.0
NME2P1,-1.0650984882616705,0.28346456692913385,1.0
RNU4-2,-0.7163403669777084,0.5196850393700787,1.0
COX6A1,0.2696049948613135,0.14173228346456693,1.0
TRIAP1,-1.1705626777132103,0.3464566929133858,1.0
GATC,-0.1585277292337688,0.5748031496062992,1.0
SRSF9,-0.3484492983881511,0.36220472440944884,1.0
DYNLL1,-0.0434281758022621,0.937007874015748,1.0
COQ5,0.10751019933026562,0.8503937007874016,1.0
RNF10,0.4157196248455586,0.07086614173228346,1.0
POP5,-0.2908011672127939,0.5826771653543307,1.0
MLEC,0.34273603807467623,0.14960629921259844,1.0
UNC119B,0.07720765815316044,0.937007874015748,1.0
ACADS,0.7600750260025744,0.3779527559055118,1.0
SPPL3,-0.16951710798555286,0.48031496062992124,1.0
C12orf43,0.17847491373633817,0.7007874015748031,1.0
OASL,0.3238093322300113,0.3543307086614173,1.0
P2RX7,0.3469990084894574,0.5669291338582677,1.0
P2RX4,-0.335672103889614,0.8818897637795275,1.0
CAMKK2,-0.9654702909084358,0.41732283464566927,1.0
ANAPC5,-0.06988372218784189,0.8188976377952756,1.0
RNF34,-0.08283788202803954,0.889763779527559,1.0
KDM2B,-0.3484756200622696,0.5039370078740157,1.0
ORAI1,-0.07387195401120916,0.8818897637795275,1.0
MORN3,1.2793217830345922,0.2440944881889764,1.0
TMEM120B,0.16410138193132795,0.6771653543307087,1.0
LINC01089,-0.014313147319325648,1.0,1.0
SETD1B,-0.243373230752856,0.5590551181102362,1.0
PSMD9,1.3800047438980143,0.023622047244094488,1.0
BCL7A,0.4718113852897854,0.6850393700787402,1.0
MLXIP,0.15728575048091908,0.7795275590551181,1.0
VPS33A,-0.5382667335984332,0.3464566929133858,1.0
CLIP1,0.011984277495411533,0.9763779527559056,1.0
ZCCHC8,0.06843498073094878,0.9133858267716536,1.0
RSRC2,-0.31701786266282816,0.06299212598425197,1.0
KNTC1,0.4880224256145942,0.33070866141732286,1.0
DENR,-0.006284876234657233,0.968503937007874,1.0
HIP1R,-0.006932909075253235,0.952755905511811,1.0
VPS37B,-0.8291898706889986,0.6377952755905512,1.0
AC027290.2,0.02392887551739875,1.0,1.0
PITPNM2,-0.07632818945777142,0.9133858267716536,1.0
MPHOSPH9,-0.027988729125443257,0.889763779527559,1.0
C12orf65,-0.25874841180084296,0.6535433070866141,1.0
SBNO1,-0.26603543215913916,0.14960629921259844,1.0
KMT5A,-0.6823499533683908,0.8503937007874016,1.0
RILPL2,0.062087367977063046,0.8582677165354331,1.0
SNRNP35,-0.805928917633052,0.2677165354330709,1.0
TMED2,0.025366544405885705,0.9291338582677166,1.0
DDX55,0.218316415104006,0.6377952755905512,1.0
EIF2B1,0.5525030403341944,0.16535433070866143,1.0
GTF2H3,0.8161338681707564,0.047244094488188976,1.0
ATP6V0A2,-0.4934079574167143,0.08661417322834646,1.0
DNAH10,0.5866490338914483,0.5275590551181102,1.0
CCDC92,-0.10634700233395034,0.8661417322834646,1.0
ZNF664,-0.1343044168642189,0.7637795275590551,1.0
NCOR2,-1.031773985118205,0.6614173228346457,1.0
UBC,-0.02611740888552383,0.968503937007874,1.0
DHX37,0.4432952009828792,0.6692913385826772,1.0
BRI3BP,1.2146043079430076,0.41732283464566927,1.0
AACS,0.08892299062984099,0.952755905511811,1.0
AC122688.3,-0.03875533143424903,1.0,1.0
LINC00943,-0.20954132918711343,0.8110236220472441,1.0
LINC00944,-2.200794139990393,0.10236220472440945,1.0
SLC15A4,-0.25011361554624933,0.2755905511811024,1.0
AC108704.2,-0.3608552521015933,0.6771653543307087,1.0
STX2,0.46679753118110945,0.6614173228346457,1.0
RAN,0.16459776823810124,0.5669291338582677,1.0
SFSWAP,0.185399339280659,0.6141732283464567,1.0
ULK1,-0.16283124225715095,0.9448818897637795,1.0
PUS1,-0.560185842465307,0.6929133858267716,1.0
EP400,0.1350703803421025,0.6850393700787402,1.0
EP400NL,-0.7174328584031393,0.11811023622047244,1.0
DDX51,-0.2722602993483383,0.5984251968503937,1.0
NOC4L,-1.098637245112279,0.44881889763779526,1.0
LINC02361,-0.5036598528106604,0.6062992125984252,1.0
FBRSL1,-0.553839083013135,0.1732283464566929,1.0
POLE,0.02795441985762359,0.952755905511811,1.0
PGAM5,-0.10000330966609061,0.6692913385826772,1.0
ANKLE2,-0.3614702624645618,0.2047244094488189,1.0
GOLGA3,0.9429507823684604,0.015748031496062992,1.0
CHFR,0.09005725448702862,0.8110236220472441,1.0
RPS11P5,-0.4993686860797366,0.28346456692913385,1.0
ZNF605,-0.5747440801623598,0.6929133858267716,1.0
ZNF26,0.02358404714381157,0.9763779527559056,1.0
ZNF84,0.22324814737367848,0.6299212598425197,1.0
ZNF140,-0.45973064918327244,0.6535433070866141,1.0
ZNF891,-1.150397153635045,0.06299212598425197,1.0
ZNF10,-1.2257613191846162,0.3228346456692913,1.0
ZNF268,0.9850859847075024,0.41732283464566927,1.0
SETD8P1,-0.3438080895442255,0.7874015748031497,1.0
TERF1P5,-1.234791133386183,0.11811023622047244,1.0
FAM207BP,-0.1795160681389134,0.9212598425196851,1.0
MPHOSPH8,0.12968893957359917,0.5905511811023622,1.0
PSPC1,-0.6207098783778386,0.4409448818897638,1.0
ZMYM5,0.21018968154166995,0.3700787401574803,1.0
ZMYM2,0.12270423108566586,0.8661417322834646,1.0
CRYL1,-0.30256856407128074,0.8818897637795275,1.0
IFT88,-0.02217049326561371,1.0,1.0
EEF1AKMT1,2.3268490513377973,0.047244094488188976,1.0
XPO4,-0.058284708362722704,0.8976377952755905,1.0
LATS2,-0.0520844478009348,0.8188976377952756,1.0
SAP18,-0.19694886105652287,0.2440944881889764,1.0
MRPL57,0.007484953918400095,1.0,1.0
LINC00539,1.3008940300033396,0.08661417322834646,1.0
ZDHHC20,-0.12129232680218571,0.4566929133858268,1.0
MICU2,-0.2796998594474136,0.3700787401574803,1.0
RPS7P10,-0.2499653847214498,0.49606299212598426,1.0
FGF9,-1.1929128706010448,0.2125984251968504,1.0
FTH1P7,-1.8371589676247715,0.05511811023622047,1.0
SACS,0.346389304819799,0.3543307086614173,1.0
MIPEP,-0.5319334661779034,0.5669291338582677,1.0
SPATA13,-0.09910346413454807,0.5354330708661418,1.0
IPO7P2,1.7693863895079418,0.09448818897637795,1.0
PARP4,0.07004555145343261,0.8661417322834646,1.0
CENPJ,0.24794389544630846,0.7165354330708661,1.0
RPL34P27,-0.3537022550568061,0.11811023622047244,1.0
PABPC3,-0.515163164937638,0.2125984251968504,1.0
MTMR6,0.20858163346744085,0.6692913385826772,1.0
NUP58,-0.19769784537532598,0.5511811023622047,1.0
RNF6,0.00839440457140661,0.9921259842519685,1.0
CDK8,0.39863681893280356,0.18110236220472442,1.0
USP12,0.18245143343374792,0.5275590551181102,1.0
RPL21,-0.026255937428662612,0.952755905511811,1.0
RASL11A,-0.7637860237968948,0.4409448818897638,1.0
GTF3A,0.15242926062303042,0.7007874015748031,1.0
MTIF3,0.015765485918866062,0.968503937007874,1.0
LNX2,0.8374239765575529,0.4409448818897638,1.0
POLR1D,-0.06941183536641926,0.5984251968503937,1.0
ATP5EP2,-0.3011513496662177,0.2283464566929134,1.0
PAN3,-0.4072621170547608,0.6062992125984252,1.0
FLT1,1.0129106207726517,0.3700787401574803,1.0
POMP,0.1614058653163779,0.6377952755905512,1.0
SLC46A3,-0.2789372906194032,0.18110236220472442,1.0
GAPDHP69,0.6015182303804661,0.6062992125984252,1.0
SLC7A1,0.26333160148328716,0.5590551181102362,1.0
UBL3,-0.0054958782593770295,0.9921259842519685,1.0
KATNAL1,0.4848404199814067,0.2125984251968504,1.0
LINC00426,0.8026729043479142,0.09448818897637795,1.0
HMGB1,-0.03542761935693406,0.8582677165354331,1.0
PTPN2P2,-0.8522489619018271,0.30708661417322836,1.0
USPL1,-0.36425549812322267,0.5669291338582677,1.0
ALOX5AP,0.9347039423207235,0.12598425196850394,1.0
HSPH1,-0.27573380085736066,0.5118110236220472,1.0
B3GLCT,-0.16819328140370216,0.8110236220472441,1.0
EEF1DP3,-0.602373311809461,0.4409448818897638,1.0
FRY,-1.430522196249472,0.25196850393700787,1.0
BRCA2,-0.10176642520632928,0.937007874015748,1.0
N4BP2L1,-0.0339974972923871,0.889763779527559,1.0
N4BP2L2,-0.11453297898507042,0.6614173228346457,1.0
PDS5B,-0.1268155687833783,0.5118110236220472,1.0
RFC3,-1.2216526935964078,0.31496062992125984,1.0
NBEA,-1.5066849161832927,0.1732283464566929,1.0
SPART,-0.94746093233843,0.11023622047244094,1.0
RFXAP,0.5201547641704263,0.14960629921259844,1.0
ALG5,0.10623839030600912,0.7401574803149606,1.0
EXOSC8,0.1875827180953582,0.7952755905511811,1.0
SUPT20H,-0.8696127598641299,0.07874015748031496,1.0
POSTN,0.2618887575506601,0.8582677165354331,1.0
UFM1,0.21861762437979326,0.5039370078740157,1.0
PROSER1,0.5163417540076249,0.3228346456692913,1.0
NHLRC3,0.010521546175054297,1.0,1.0
COG6,-0.14635359606412468,0.6692913385826772,1.0
FOXO1,-0.0023471269115331594,1.0,1.0
MRPS31,0.10296520125380315,0.7952755905511811,1.0
SLC25A15,-0.6430579100784439,0.5354330708661418,1.0
ELF1,0.07660218700922528,0.5748031496062992,1.0
WBP4,-0.8136342270250734,0.7007874015748031,1.0
KBTBD6,-0.25695987780151786,0.7480314960629921,1.0
CALM2P3,-0.7250177873361325,0.4094488188976378,1.0
KBTBD7,0.6848915252383247,0.5669291338582677,1.0
MTRF1,0.4934020080844612,0.13385826771653545,1.0
NAA16,0.007644938771465881,0.952755905511811,1.0
RGCC,1.0221146557374787,0.2755905511811024,1.0
VWA8,-0.15187813181287702,0.6929133858267716,1.0
DGKH,-0.6953383401058155,0.7322834645669292,1.0
AKAP11,0.3432282752775251,0.14960629921259844,1.0
TNFSF11,0.08349918683959112,0.905511811023622,1.0
EPSTI1,-0.26027008431670406,0.8267716535433071,1.0
DNAJC15,0.5904982648990247,0.2755905511811024,1.0
CCDC122,0.6224035540144769,0.48031496062992124,1.0
LACC1,0.086049667740983,1.0,1.0
DGKZP1,0.3803466016625623,0.6850393700787402,1.0
SERP2,0.8786581721218207,0.28346456692913385,1.0
TSC22D1,0.32044354871309366,0.5275590551181102,1.0
SMARCE1P5,-0.8960886085659977,0.14960629921259844,1.0
NUFIP1,0.19643777603280732,0.7716535433070866,1.0
GPALPP1,0.3459040658457111,0.49606299212598426,1.0
GTF2F2,-0.018673467425045054,0.9606299212598425,1.0
TPT1,0.06637035188880169,0.7401574803149606,1.0
TPT1-AS1,0.08220391700628671,0.8976377952755905,1.0
SLC25A30,0.4608412205141148,0.2125984251968504,1.0
COG3,-0.12078038992751594,0.7559055118110236,1.0
ZC3H13,0.17383665742896692,0.6692913385826772,1.0
LCP1,0.2807506453709081,0.1968503937007874,1.0
COX17P1,0.28836011325219113,0.8110236220472441,1.0
LRCH1,0.023010279171169046,0.9448818897637795,1.0
ESD,-0.5600701783484929,0.6299212598425197,1.0
NAP1L4P3,-0.2932854303347501,0.5354330708661418,1.0
SUCLA2,-1.487131899291915,0.2125984251968504,1.0
NUDT15,-0.8167962941237881,0.5905511811023622,1.0
MED4,-0.33702957554264223,0.31496062992125984,1.0
ITM2B,-0.13929830527373888,0.5196850393700787,1.0
RB1,0.323555305048699,0.14173228346456693,1.0
PCNPP5,-0.291952241274567,0.7165354330708661,1.0
LPAR6,1.2264369425455612,0.4881889763779528,1.0
RCBTB2,-0.5416858284106265,0.1968503937007874,1.0
CYSLTR2,-1.7506993997552538,0.15748031496062992,1.0
PSME2P2,0.8067726427648116,0.5511811023622047,1.0
AL161421.1,0.38672086693033725,0.8740157480314961,1.0
FNDC3A,-0.17783898743471127,0.7322834645669292,1.0
COX7CP1,0.25828392886451956,0.905511811023622,1.0
CDADC1,-0.1844043876380903,0.7637795275590551,1.0
CAB39L,-1.076731164517338,0.3700787401574803,1.0
SETDB2,0.8006958890588951,0.07874015748031496,1.0
PHF11,0.2045962003940387,0.5984251968503937,1.0
RCBTB1,0.22856545291626373,0.4330708661417323,1.0
EBPL,-0.5053129167713224,0.7086614173228346,1.0
KPNA3,-0.05459722664684019,0.7952755905511811,1.0
SPRYD7,1.2255286991869645,0.047244094488188976,1.0
DLEU2,-0.17598315680177068,0.952755905511811,1.0
TRIM13,-0.26421909057296045,0.7795275590551181,1.0
DLEU1,0.04005352188716893,0.968503937007874,1.0
ST13P4,-0.37449153185981476,0.7401574803149606,1.0
RPL34P26,-0.7072272977301317,0.11811023622047244,1.0
RNASEH2B,-0.2695539843384598,0.1968503937007874,1.0
INTS6,-0.05776494356983797,0.8346456692913385,1.0
RPS4XP16,-0.9897036848384957,0.31496062992125984,1.0
WDFY2,0.6036657934614817,0.4330708661417323,1.0
DHRS12,0.7948118860656184,0.4015748031496063,1.0
AL162377.1,-0.6840850179554594,0.4015748031496063,1.0
ALG11,-0.6577514434095169,0.4094488188976378,1.0
UTP14C,-0.44938511847015583,0.5511811023622047,1.0
NEK3,-1.467873065111064,0.09448818897637795,1.0
VPS36,-0.03169342501595196,0.9212598425196851,1.0
AL359513.1,-0.42614887245548294,0.7165354330708661,1.0
CKAP2,-0.03811973942986224,0.9291338582677166,1.0
MRPS31P4,-1.1372518785407324,0.30708661417322836,1.0
HNRNPA1L2,-0.5298303284307297,0.44881889763779526,1.0
SUGT1,-0.0689599967659813,0.8582677165354331,1.0
RPL13AP25,-0.9201095551704901,0.5669291338582677,1.0
TDRD3,-0.3103587993733976,0.33858267716535434,1.0
HNRNPA3P5,-0.5108280175390809,0.41732283464566927,1.0
PCDH9,-0.11835546426247046,0.9133858267716536,1.0
ZDHHC20P4,-0.1587715308316877,0.84251968503937,1.0
DACH1,0.011271352000201684,1.0,1.0
MZT1,-0.04138167406444637,0.937007874015748,1.0
BORA,-0.9184011421660365,0.4251968503937008,1.0
DIS3,-0.3702629647489264,0.31496062992125984,1.0
PIBF1,0.17388726966152923,0.5826771653543307,1.0
KLF5,-0.724214163265987,0.5669291338582677,1.0
FABP5P1,-0.13992497328211462,0.8582677165354331,1.0
KLF12,-0.12903204339690166,0.6850393700787402,1.0
TBC1D4,0.7130971921281093,0.29133858267716534,1.0
COMMD6,-0.009673865344440813,0.9606299212598425,1.0
UCHL3,-0.3373396510204594,0.7480314960629921,1.0
LMO7,0.7748060488010786,0.015748031496062992,1.0
KCTD12,-0.5945557621130207,0.6850393700787402,1.0
DHX9P1,-1.2142711887597994,0.047244094488188976,1.0
CLN5,0.8120220531954305,0.4015748031496063,1.0
FBXL3,-0.5076720499545733,0.023622047244094488,1.0
MYCBP2,-0.04447042628763498,0.8031496062992126,1.0
SLAIN1,0.3376940090933349,0.6141732283464567,1.0
RNF219,-1.0896840263634067,0.4251968503937008,1.0
RBM26,0.037376356613265216,0.9763779527559056,1.0
NDFIP2,1.3692137723657036,0.14960629921259844,1.0
SPRY2,1.0656709622716654,0.18110236220472442,1.0
PTMAP5,-0.0723206231089577,0.8818897637795275,1.0
MIR17HG,-0.24151773297489676,0.8740157480314961,1.0
TGDS,-0.38228349434102427,0.5275590551181102,1.0
GPR180,0.4746592140906265,0.5196850393700787,1.0
BRD7P5,0.7315316069656257,0.10236220472440945,1.0
ABCC4,-0.910492674400472,0.4566929133858268,1.0
DNAJC3-AS1,-1.1529960614497528,0.25984251968503935,1.0
DNAJC3,0.36586960742415187,0.2677165354330709,1.0
MBNL2,-0.014200204149167561,0.968503937007874,1.0
RAP2A,0.37547199513863827,0.8582677165354331,1.0
IPO5,-0.3990482288810284,0.3700787401574803,1.0
FARP1,0.7320398609359022,0.2677165354330709,1.0
STK24,-0.3554549089615642,0.8503937007874016,1.0
CALM2P4,-0.8748407479369936,0.2755905511811024,1.0
DOCK9,0.5813188101928808,0.30708661417322836,1.0
UBAC2,-0.5714819879581929,0.3937007874015748,1.0
GPR18,0.5960114953380051,0.2283464566929134,1.0
GPR183,1.2989296414409433,0.11811023622047244,1.0
TM9SF2,0.02610876474358914,0.7637795275590551,1.0
CLYBL,-0.46767404270290136,0.5905511811023622,1.0
PCCA,-1.4183493342347655,0.14960629921259844,1.0
GGACT,-0.7347703213232135,0.23622047244094488,1.0
RPS26P47,-1.4468211426765758,0.14960629921259844,1.0
TMTC4,0.9221276823099154,0.1968503937007874,1.0
TPP2,0.18531162214284702,0.31496062992125984,1.0
TEX30,-1.4204763259231692,0.3228346456692913,1.0
KDELC1,1.1981462446341054,0.2440944881889764,1.0
BIVM,0.8518865881524071,0.13385826771653545,1.0
ERCC5,-1.3458543634768985,0.1968503937007874,1.0
EFNB2,-0.9770294945080499,0.2283464566929134,1.0
ARGLU1,0.03201873572028191,0.905511811023622,1.0
LIG4,-0.20621595326025632,0.7480314960629921,1.0
ABHD13,-0.43187800794190423,0.11811023622047244,1.0
TNFSF13B,-0.4628318392877677,0.6220472440944882,1.0
IRS2,-0.4572080510281227,0.3858267716535433,1.0
COL4A1,2.7467216916823762,0.06299212598425197,1.0
COL4A2,2.527357359212722,0.07086614173228346,1.0
NAXD,-1.2043747180906839,0.25984251968503935,1.0
CARS2,0.1821679807672023,0.6929133858267716,1.0
ING1,-0.02992051362434811,0.8818897637795275,1.0
ANKRD10,-0.6233841349603804,0.13385826771653545,1.0
ANKRD10-IT1,0.142745242830701,0.6850393700787402,1.0
PARP1P1,-1.7058638909631139,0.14173228346456693,1.0
ARHGEF7,0.0640805018182169,0.8188976377952756,1.0
TUBGCP3,-0.5517296793858772,0.2125984251968504,1.0
AL139384.1,0.024063662302721056,1.0,1.0
ATP11A,-0.21193315060796625,0.8503937007874016,1.0
MCF2L,-0.6996224234364492,0.5275590551181102,1.0
PCID2,0.24226991471818504,0.6614173228346457,1.0
CUL4A,-0.7332631901382838,0.12598425196850394,1.0
LAMP1,-0.35108473707603327,0.25196850393700787,1.0
DCUN1D2,-0.007835689892258024,1.0,1.0
TMCO3,0.28115432717615363,0.5354330708661418,1.0
TFDP1,0.0429874699958912,0.9448818897637795,1.0
GAS6,0.5118883231955237,0.84251968503937,1.0
LINC00565,-1.5300417747362294,0.06299212598425197,1.0
RASA3,-0.441467848041599,0.30708661417322836,1.0
CDC16,0.18589528319445137,0.7322834645669292,1.0
UPF3A,0.04584201666801757,0.9291338582677166,1.0
CHAMP1,-0.6289774679151723,0.8267716535433071,1.0
TTC5,-0.6001313607018468,0.6377952755905512,1.0
CCNB1IP1,-0.35689568796310045,0.4881889763779528,1.0
PARP2,-0.5624646691495845,0.6141732283464567,1.0
TEP1,0.25628807707421775,0.5590551181102362,1.0
OSGEP,0.005874940391167982,0.9763779527559056,1.0
AL355075.2,1.3809462781198505,0.25196850393700787,1.0
APEX1,0.736034045336674,0.047244094488188976,1.0
PIP4P1,-0.028724792601674487,0.8818897637795275,1.0
PNP,-0.26239023016764573,0.4881889763779528,1.0
RNASE6,-0.7962784924987765,0.5905511811023622,1.0
RNASE1,1.475029278027795,0.2125984251968504,1.0
METTL17,-0.39075988924947946,0.8031496062992126,1.0
NDRG2,-0.7088625648446565,0.47244094488188976,1.0
ARHGEF40,0.8775452224520897,0.3858267716535433,1.0
SMARCE1P3,-1.8722017816477745,0.05511811023622047,1.0
LINC00641,-0.9911534016263603,0.2283464566929134,1.0
HNRNPC,-0.17563188433896038,0.33070866141732286,1.0
SUPT16H,0.02137574047329327,0.9606299212598425,1.0
CHD8,-0.06790846555347141,0.7322834645669292,1.0
RAB2B,0.6784569788484553,0.16535433070866143,1.0
TOX4,0.506970594629478,0.08661417322834646,1.0
METTL3,-0.7795125594572836,0.5905511811023622,1.0
TRAV5,0.9661573958160915,0.4881889763779528,1.0
TRAV6,0.8239201576169571,0.3858267716535433,1.0
TRAV13-2,-0.294370398568202,0.7559055118110236,1.0
TRAV17,1.2146106960118104,0.23622047244094488,1.0
AC244502.1,-0.48137368162870864,0.6220472440944882,1.0
TRDJ1,0.35120878644552755,0.7637795275590551,1.0
TRDC,0.36597282253674557,0.4881889763779528,1.0
TRDV3,0.36790634405984535,0.7952755905511811,1.0
TRAC,0.5627661674029074,0.11023622047244094,1.0
DAD1,0.19377859363181482,0.6535433070866141,1.0
ABHD4,-1.0450672059512445,0.3858267716535433,1.0
OXA1L,7.314478398434687e-05,1.0,1.0
MRPL52,0.12254497781065687,0.7401574803149606,1.0
MMP14,-0.8368637400962342,0.5275590551181102,1.0
LRP10,0.08357032570116463,0.6062992125984252,1.0
RBM23,-0.23861549310986696,0.1732283464566929,1.0
C14orf93,0.30863783801070044,0.7874015748031497,1.0
PSMB5,0.2914052606316577,0.5905511811023622,1.0
CDH24,-0.3821567107639676,0.7086614173228346,1.0
ACIN1,-0.2646515533639491,0.47244094488188976,1.0
C14orf119,-0.8441290291380539,0.7401574803149606,1.0
HOMEZ,0.4984904626981974,0.6850393700787402,1.0
PPP1R3E,-0.978858829530612,0.33070866141732286,1.0
BCL2L2,0.46908126582060516,0.4881889763779528,1.0
PABPN1,-0.08381909531114928,0.6929133858267716,1.0
NGDN,-0.16396066709765744,0.7637795275590551,1.0
ZFHX2-AS1,-1.6307806451680393,0.05511811023622047,1.0
AP1G2,-0.8195202294930897,0.3937007874015748,1.0
DHRS4-AS1,-0.15163470810029311,0.7637795275590551,1.0
DHRS4,0.5656571251925766,0.5669291338582677,1.0
DHRS4L2,0.23829398281500147,0.7795275590551181,1.0
PCK2,0.5163601498139121,0.33070866141732286,1.0
DCAF11,-0.11565122061388866,0.7244094488188977,1.0
FITM1,-0.8581193500034818,0.30708661417322836,1.0
PSME1,-0.6080060417584825,0.1889763779527559,1.0
EMC9,-0.3498270481266248,0.7874015748031497,1.0
AL136295.2,-0.7993371975540151,0.48031496062992124,1.0
PSME2,0.07893312822339027,0.8818897637795275,1.0
IRF9,-1.1296108239895402,0.18110236220472442,1.0
REC8,-0.3572978219945693,0.6771653543307087,1.0
TM9SF1,-1.2578309557866223,0.1889763779527559,1.0
AL136295.7,1.1815730096446484,0.2283464566929134,1.0
CHMP4A,0.47293358254052853,0.3858267716535433,1.0
NEDD8,-0.04500156753280127,0.889763779527559,1.0
GMPR2,0.020397911723282647,1.0,1.0
TINF2,-0.02808189036587727,0.9212598425196851,1.0
RABGGTA,-1.5663234443823408,0.36220472440944884,1.0
DHRS1,-0.3454905804709849,0.08661417322834646,1.0
NOP9,0.007828482225017641,1.0,1.0
LTB4R2,0.3676784008270386,0.7007874015748031,1.0
LTB4R,-0.8531495797474986,0.2204724409448819,1.0
ADCY4,-0.12988243807538646,0.905511811023622,1.0
RIPK3,0.22521141183369364,0.8661417322834646,1.0
KHNYN,-0.04397513806104847,0.8818897637795275,1.0
GZMH,0.5457517928086038,0.7086614173228346,1.0
GZMB,0.3428956318675578,0.5354330708661418,1.0
BNIP3P1,-0.3252550809443985,0.6062992125984252,1.0
G2E3,-0.032211717841840404,0.9606299212598425,1.0
SCFD1,-0.04853249612584687,0.8267716535433071,1.0
STRN3,-0.14343940847436443,0.7480314960629921,1.0
AP4S1,-0.36180607445583135,0.7795275590551181,1.0
HECTD1,-0.36018108093394474,0.2204724409448819,1.0
HEATR5A,0.4721442394794906,0.4645669291338583,1.0
AL139353.3,-0.7340479939992933,0.5275590551181102,1.0
DTD2,0.50674618826188,0.11811023622047244,1.0
NUBPL,-0.7281978439027212,0.4409448818897638,1.0
ARHGAP5,-0.11558187148569132,0.7716535433070866,1.0
SPTSSA,0.008516613623188896,0.9921259842519685,1.0
EAPP,-0.2497821988932971,0.1968503937007874,1.0
SNX6,-0.15005210409260705,0.5826771653543307,1.0
RPS19P3,-1.0569894282303491,0.44881889763779526,1.0
CFL2,-1.4789740854779865,0.1889763779527559,1.0
RPL12P6,-0.27539733663165444,0.7559055118110236,1.0
BAZ1A,0.09740184473526714,0.7874015748031497,1.0
AL121603.2,-0.49898550428857025,0.6220472440944882,1.0
SRP54,0.22080330639913637,0.25196850393700787,1.0
FAM177A1,-0.20372519742420891,0.7007874015748031,1.0
PPP2R3C,-1.0238833820530493,0.023622047244094488,1.0
AL049776.1,-0.24192301854549014,0.889763779527559,1.0
KIAA0391,0.5350775667719758,0.5590551181102362,1.0
PSMA6,-0.9695258558419744,0.2283464566929134,1.0
NFKBIA,0.15076597134585334,0.84251968503937,1.0
RALGAPA1,0.14064918809421645,0.6929133858267716,1.0
BRMS1L,-0.24737222103855094,0.6141732283464567,1.0
MBIP,0.44801782411085833,0.29133858267716534,1.0
SEC23A,0.0558509495516919,0.7244094488188977,1.0
GEMIN2,-0.08194408043053292,0.968503937007874,1.0
TRAPPC6B,-1.3928914640299084,0.28346456692913385,1.0
PNN,0.012712853998973372,0.952755905511811,1.0
CTAGE5,-0.09466674967927347,0.7244094488188977,1.0
FBXO33,-0.8321189518138823,0.031496062992125984,1.0
HNRNPUP1,-0.6397145086909672,0.14173228346456693,1.0
AL109766.1,-1.4627714648896508,0.11811023622047244,1.0
DOCK11P1,0.012298335232617363,0.9606299212598425,1.0
C14orf28,-0.8784599933517034,0.2283464566929134,1.0
KLHL28,-0.1585164919543649,0.5905511811023622,1.0
TOGARAM1,-0.33519375826547204,0.5748031496062992,1.0
PRPF39,-0.2803130018303346,0.49606299212598426,1.0
FKBP3,0.5854382234421189,0.31496062992125984,1.0
FANCM,-0.649227091007428,0.7086614173228346,1.0
MIS18BP1,-0.4112496043689742,0.25196850393700787,1.0
DNAJC19P9,-0.2648217475377317,0.5669291338582677,1.0
RPS29,0.0605118764622663,0.8818897637795275,1.0
LRR1,0.20531983820654354,0.8661417322834646,1.0
RPL36AL,0.059160801114158446,0.7795275590551181,1.0
DNAAF2,-0.17965385059276429,0.5826771653543307,1.0
POLE2,0.23382787701700902,0.7165354330708661,1.0
KLHDC1,-0.3827595009523166,0.7007874015748031,1.0
KLHDC2,-0.5003450505557927,0.4881889763779528,1.0
NEMF,-0.20594590085454811,0.5669291338582677,1.0
RN7SL2,0.2525817008648976,0.8582677165354331,1.0
AL627171.1,-1.5836308997386068,0.14960629921259844,1.0
ARF6,0.2404404050719844,0.2125984251968504,1.0
LINC01588,1.2956421995856142,0.1889763779527559,1.0
VCPKMT,0.10483495087407846,0.8031496062992126,1.0
SOS2,-0.32798192606507026,0.4566929133858268,1.0
L2HGDH,0.7120839098142036,0.48031496062992124,1.0
ATP5S,0.061108190120257255,0.8976377952755905,1.0
MAP4K5,0.06073589054706119,0.8740157480314961,1.0
ATL1,0.24201448197499342,0.7637795275590551,1.0
SAV1,-0.007994171962577568,0.9921259842519685,1.0
NIN,-0.3105030802107134,0.3700787401574803,1.0
AL606834.3,-0.08344676944946894,0.9212598425196851,1.0
TMX1,-0.013084789003856123,0.9606299212598425,1.0
GNG2,0.15299849373783747,0.8346456692913385,1.0
RTRAF,0.03684512227809478,0.9212598425196851,1.0
PTGDR,0.13064449938338907,0.7874015748031497,1.0
AL365475.1,0.6783263860033979,0.5669291338582677,1.0
PTGER2,0.15292234024563012,0.8582677165354331,1.0
TXNDC16,0.8192006227475561,0.11023622047244094,1.0
ERO1A,0.3322882189391194,0.3228346456692913,1.0
PSMC6,0.12750247199811504,0.8346456692913385,1.0
STYX,0.04747039212264337,0.905511811023622,1.0
GNPNAT1,-1.174200282276777,0.33858267716535434,1.0
FERMT2,-0.3985341072141355,0.6692913385826772,1.0
DDHD1,-0.704941456207453,0.2440944881889764,1.0
ATP5C1P1,-0.20455282952533438,0.8267716535433071,1.0
CDKN3,-0.2521986608334197,0.7637795275590551,1.0
CNIH1,-0.16381956392745423,0.7165354330708661,1.0
GMFB,0.09904498088022962,0.8740157480314961,1.0
CGRRF1,-0.8410606369022324,0.5039370078740157,1.0
GCH1,-0.1421812341967854,0.7637795275590551,1.0
WDHD1,0.2799140994905551,0.8110236220472441,1.0
SOCS4,-0.4095109709903104,0.7165354330708661,1.0
MAPK1IP1L,-0.49688942139001213,0.06299212598425197,1.0
LGALS3,1.5467503584929032,0.031496062992125984,1.0
AL158801.5,0.2581324563943097,0.8188976377952756,1.0
FBXO34,-0.48767860291377474,0.4645669291338583,1.0
ATG14,-0.8117525128047323,0.5433070866141733,1.0
KTN1-AS1,0.47931597244330915,0.7480314960629921,1.0
KTN1,0.2987852549349945,0.2283464566929134,1.0
PELI2,-1.8825038437671435,0.031496062992125984,1.0
TMEM260,-0.541270906811619,0.4566929133858268,1.0
EXOC5,-0.0654983172863064,0.8110236220472441,1.0
AP5M1,-0.1978192360378772,0.5905511811023622,1.0
NAA30,-0.17578857267174808,0.5905511811023622,1.0
ACTR10,0.3915992723888495,0.4015748031496063,1.0
PSMA3,-0.1431883199894166,0.7086614173228346,1.0
AL132989.1,-0.6431898224193691,0.5433070866141733,1.0
PSMA3-AS1,0.27576506676750334,0.4015748031496063,1.0
ARID4A,-0.18922885132241607,0.7244094488188977,1.0
TIMM9,-1.070206564774915,0.2992125984251969,1.0
KIAA0586,-0.30748924955675516,0.3858267716535433,1.0
HNRNPCP1,-0.36101009796262296,0.6062992125984252,1.0
AL049873.1,-0.21410681388200548,0.3779527559055118,1.0
DAAM1,0.3225183315502873,0.3779527559055118,1.0
L3HYPDH,-1.3932848030013423,0.16535433070866143,1.0
JKAMP,0.38878676982029203,0.6299212598425197,1.0
PCNX4,-1.538213539087999,0.18110236220472442,1.0
DHRS7,0.11824918569010379,0.4881889763779528,1.0
PPM1A,-0.09501899105506872,0.7795275590551181,1.0
RBM8B,-0.22422333359407975,0.7480314960629921,1.0
MNAT1,-0.024047519420127728,0.9606299212598425,1.0
TRMT5,0.6346483242277834,0.3937007874015748,1.0
SLC38A6,-0.9612084768129143,0.2992125984251969,1.0
PRKCH,-0.27637241921001277,0.10236220472440945,1.0
TMEM30B,-0.7090047436167555,0.4881889763779528,1.0
AL359220.1,0.9439117382606941,0.4645669291338583,1.0
FLJ22447,-0.7142436241584941,0.3700787401574803,1.0
HIF1A,0.20689188613904275,0.5118110236220472,1.0
SNAPC1,-0.18247276272598878,0.9448818897637795,1.0
PPP2R5E,-0.34689991100738204,0.05511811023622047,1.0
WDR89,-0.13580605646699073,0.7637795275590551,1.0
HSPE1P2,-0.8510440054539141,0.5905511811023622,1.0
SGPP1,0.494472854166327,0.6299212598425197,1.0
SYNE2,0.14203040139531176,0.9212598425196851,1.0
MTHFD1,-0.22314402653436094,0.4409448818897638,1.0
AL122035.2,-1.1666289244073955,0.18110236220472442,1.0
ZBTB25,-0.11075227606862281,0.6141732283464567,1.0
AKAP5,-0.12201852727694185,0.7874015748031497,1.0
ZBTB1,-0.3536158494605566,0.3228346456692913,1.0
HSPA2,-1.2076515213242152,0.25984251968503935,1.0
PLEKHG3,0.15077270724153102,0.9133858267716536,1.0
CHURC1,1.026115576830735,0.1968503937007874,1.0
RAB15,0.2930388956911507,0.8031496062992126,1.0
MAX,0.0581411569425061,0.7795275590551181,1.0
FUT8,0.8717695824636005,0.12598425196850394,1.0
YBX1P1,0.028559900645140246,0.9291338582677166,1.0
GPHN,1.512311597248263,0.14173228346456693,1.0
MPP5,-2.201920962903557,0.06299212598425197,1.0
ATP6V1D,0.07173309563644104,0.8661417322834646,1.0
EIF2S1,0.5384022187997877,0.5748031496062992,1.0
TMEM229B,0.7435781535973436,0.47244094488188976,1.0
PIGH,-1.0795096296658135,0.3464566929133858,1.0
VTI1B,0.1594447508688699,0.6771653543307087,1.0
RDH11,-0.19995252807322306,0.5196850393700787,1.0
ZFYVE26,-0.816303112544635,0.10236220472440945,1.0
RAD51B,-1.77171335400869,0.047244094488188976,1.0
ZFP36L1,0.22811749769872236,0.5669291338582677,1.0
ACTN1,0.799106225297157,0.49606299212598426,1.0
DCAF5,0.2107946729942105,0.3543307086614173,1.0
EXD2,-1.1440604618053378,0.2440944881889764,1.0
ERH,0.006091988834554307,0.9763779527559056,1.0
SLC39A9,0.5916397932730835,0.7322834645669292,1.0
SUSD6,0.19737004049508844,0.47244094488188976,1.0
SRSF5,-0.08575791261166366,0.7165354330708661,1.0
RPL7AP6,-0.11688881990677036,0.7559055118110236,1.0
SYNJ2BP,-0.06859532641088606,0.8110236220472441,1.0
MED6,0.08572423475762747,0.6929133858267716,1.0
TTC9,-1.253445715807699,0.1889763779527559,1.0
MAP3K9,-0.8874406429274977,0.3228346456692913,1.0
PCNX1,0.2957230944781921,0.14173228346456693,1.0
AC004817.3,-0.2047619331917616,0.8582677165354331,1.0
SIPA1L1,-0.0455918324124891,0.9291338582677166,1.0
DPF3,-0.5545500865512274,0.7165354330708661,1.0
DCAF4,-0.22826266976064824,0.8110236220472441,1.0
ZFYVE1,-0.5928742768944604,0.6456692913385826,1.0
RBM25,-0.4359669525233052,0.07086614173228346,1.0
PSEN1,0.25837623350138106,0.44881889763779526,1.0
NUMB,0.161991110840912,0.5275590551181102,1.0
RIOX1,-1.5461466065253318,0.2125984251968504,1.0
ACOT2,-0.5758299455135978,0.5984251968503937,1.0
ACOT4,0.060438731220585185,1.0,1.0
DNAL1,1.031886551299805,0.25196850393700787,1.0
PNMA1,0.30121467177458605,0.6062992125984252,1.0
ELMSAN1,-0.3549253601483855,0.48031496062992124,1.0
PTGR2,-0.0047673075122522945,1.0,1.0
FAM161B,1.3951201230149217,0.14173228346456693,1.0
COQ6,-0.3972495722939797,0.6377952755905512,1.0
ENTPD5,0.06769277029254672,0.9212598425196851,1.0
BBOF1,-0.6835521417629398,0.4566929133858268,1.0
ALDH6A1,0.009266310560231972,0.9921259842519685,1.0
LIN52,-0.25514871276234175,0.5275590551181102,1.0
ABCD4,0.4320972901913187,0.36220472440944884,1.0
NPC2,-0.45310807505015926,0.41732283464566927,1.0
RAP1AP,-0.09091198672038026,0.8110236220472441,1.0
ISCA2,0.8357818848043221,0.1889763779527559,1.0
LTBP2,0.5190101658557318,0.47244094488188976,1.0
AREL1,0.22335746174295412,0.7480314960629921,1.0
FCF1,0.04904301707026182,0.8110236220472441,1.0
YLPM1,-0.24201542554696331,0.47244094488188976,1.0
PROX2,-0.22657960048314296,0.7637795275590551,1.0
DLST,-1.2121247061355644,0.7637795275590551,1.0
EIF2B2,0.7128769655779523,0.6141732283464567,1.0
MLH3,0.027453007197939527,0.9606299212598425,1.0
ACYP1,1.0683262285474195,0.1968503937007874,1.0
NEK9,0.1281785134790976,0.7716535433070866,1.0
TMED10,0.18433877317094272,0.5748031496062992,1.0
FOS,0.1860945206395268,0.84251968503937,1.0
JDP2,-0.3844716959480212,0.6850393700787402,1.0
BATF,-0.1299599067675281,0.905511811023622,1.0
AC007182.2,-0.07659187426065817,0.6929133858267716,1.0
TTLL5,-0.17102635033652147,0.889763779527559,1.0
ERG28,0.08350611171289746,0.8267716535433071,1.0
IFT43,-0.28861599279923267,0.7795275590551181,1.0
TGFB3,-1.2476194319983138,0.16535433070866143,1.0
GPATCH2L,0.20495257313064652,0.6929133858267716,1.0
VASH1,1.1599728570380803,0.30708661417322836,1.0
ANGEL1,0.16248083034214233,0.9448818897637795,1.0
AF111169.1,-1.2015398540771893,0.1968503937007874,1.0
IRF2BPL,-0.4799157756983261,0.13385826771653545,1.0
AC007686.3,-1.533469503228213,0.16535433070866143,1.0
CIPC,1.1273693221472565,0.07086614173228346,1.0
POMT2,-1.00430127358907,0.14960629921259844,1.0
GSTZ1,0.9801993451937143,0.25984251968503935,1.0
TMED8,-0.13474689582809596,0.8503937007874016,1.0
VIPAS39,0.39837035458777015,0.36220472440944884,1.0
AHSA1,0.02428043105730726,0.9291338582677166,1.0
SPTLC2,-0.11256711117497975,0.6377952755905512,1.0
ALKBH1,0.06595961881887158,0.9133858267716536,1.0
SLIRP,0.5374999843063071,0.2204724409448819,1.0
SNW1,0.03857009686775914,0.905511811023622,1.0
CEP128,0.5234706214651315,0.2283464566929134,1.0
GTF2A1,-0.1274741053530981,0.7480314960629921,1.0
DYNLL1P2,-1.5592421278133755,0.07874015748031496,1.0
SEL1L,-0.10750383553285747,0.7952755905511811,1.0
LINC02328,0.6695607074363021,0.5590551181102362,1.0
GALC,0.06361741245564101,0.9763779527559056,1.0
GPR65,0.000679357819604931,1.0,1.0
LINC01146,-0.18243532450308075,0.905511811023622,1.0
SPATA7,0.35749180481647436,0.7480314960629921,1.0
ZC3H14,0.28714811317032574,0.5196850393700787,1.0
TTC8,-0.4552214036026525,0.5433070866141733,1.0
FOXN3,0.07599239110517608,0.6929133858267716,1.0
TDP1,-0.2817090198082508,0.3858267716535433,1.0
NRDE2,0.27084795181480237,0.8582677165354331,1.0
RPL21P11,-0.1769381997802415,0.8740157480314961,1.0
CALM1,-0.10174003543424703,0.6771653543307087,1.0
AL122020.1,-0.7534062331229601,0.5511811023622047,1.0
RPS6KA5,0.02252288604283148,0.952755905511811,1.0
DGLUCY,-0.4113587403537027,0.07086614173228346,1.0
GPR68,1.1129750526023239,0.11023622047244094,1.0
AL135818.1,1.2022083432348531,0.14173228346456693,1.0
AL135818.2,0.7818482382564382,0.3543307086614173,1.0
CCDC88C,0.07251348338904062,0.8188976377952756,1.0
PPP4R3A,-0.29317232427700457,0.10236220472440945,1.0
CATSPERB,0.020279628263052407,0.968503937007874,1.0
AL121839.2,-0.5636320905951764,0.6692913385826772,1.0
TC2N,-0.260787717337692,0.33070866141732286,1.0
FBLN5,-0.4653987004189637,0.6220472440944882,1.0
TRIP11,0.18320438447125653,0.6535433070866141,1.0
AL049872.1,-0.8296831918312735,0.4015748031496063,1.0
ATXN3,-1.6719883364197496,0.11023622047244094,1.0
NDUFB1,0.27801829642243714,0.18110236220472442,1.0
CPSF2,0.006327421850379267,0.9921259842519685,1.0
RIN3,-0.2016469453065728,0.905511811023622,1.0
LGMN,0.3720737238681857,0.6692913385826772,1.0
GOLGA5,-0.21424082134408096,0.6614173228346457,1.0
ITPK1,-0.28550815409105557,0.7007874015748031,1.0
MOAP1,-0.3715751596981516,0.12598425196850394,1.0
TMEM251,-0.6207495097349249,0.6614173228346457,1.0
GON7,0.34384617482206004,0.5196850393700787,1.0
UBR7,0.3612364982928744,0.33070866141732286,1.0
BTBD7,-0.11734859908244388,0.7007874015748031,1.0
ASB2,0.9479866455612559,0.4566929133858268,1.0
DDX24,0.043268934290182415,0.7716535433070866,1.0
IFI27L1,-0.9045125132835667,0.30708661417322836,1.0
IFI27,1.4743182261624512,0.2125984251968504,1.0
IFI27L2,0.644256016885226,0.33858267716535434,1.0
SERPINA1,0.23328910991742302,0.8582677165354331,1.0
DICER1,-0.07408237219910774,0.6771653543307087,1.0
DICER1-AS1,1.2304674069471377,0.1732283464566929,1.0
SYNE3,1.4985855070206768,0.015748031496062992,1.0
GLRX5,-0.5343697143160524,0.3543307086614173,1.0
ATG2B,0.34452492002544677,0.44881889763779526,1.0
GSKIP,0.49258697713638266,0.1968503937007874,1.0
PAPOLA,0.05518170875457429,0.5748031496062992,1.0
VRK1,0.014939447901308078,1.0,1.0
LINC01550,-1.3246826185458072,0.1732283464566929,1.0
RPL3P4,-0.08291034345588422,0.6614173228346457,1.0
AL162151.2,0.3886015167482286,0.41732283464566927,1.0
BCL11B,-0.0932416273226595,0.7795275590551181,1.0
SETD3,-0.40448740623981294,0.18110236220472442,1.0
CCNK,-0.5543888433976663,0.6692913385826772,1.0
EVL,0.49832649742524726,0.33070866141732286,1.0
YY1,-0.27737144190076624,0.1732283464566929,1.0
WARS,0.14458310705708666,0.8503937007874016,1.0
WDR25,-0.056287857021444676,0.9763779527559056,1.0
AL355032.1,0.6313814861292704,0.29133858267716534,1.0
LINC00239,-0.14651861945099287,0.8110236220472441,1.0
PPP2R5C,-0.11942090599810484,0.8188976377952756,1.0
DYNC1H1,0.40837433660048106,0.11023622047244094,1.0
HSP90AA1,-0.11318287375181946,0.8267716535433071,1.0
WDR20,0.1284553391019454,0.6220472440944882,1.0
ZNF839,-0.1596328243289813,0.8818897637795275,1.0
CINP,-0.3315119895057923,0.905511811023622,1.0
TECPR2,0.6651321657112343,0.5275590551181102,1.0
RCOR1,0.32251892651903624,0.48031496062992124,1.0
TRAF3,0.16215394714393216,0.7322834645669292,1.0
TNFAIP2,-0.06372669309848145,0.9212598425196851,1.0
EIF5,0.17564325599646757,0.48031496062992124,1.0
MARK3,0.1542172856865598,0.6299212598425197,1.0
TRMT61A,0.9154700515420061,0.3700787401574803,1.0
BAG5,0.15436568367646242,0.6535433070866141,1.0
KLC1,0.09017010531862635,0.8976377952755905,1.0
APOPT1,0.6402815474401065,0.5669291338582677,1.0
AL049840.1,0.427886123365548,0.6456692913385826,1.0
AL049840.4,-0.5178130635063014,0.5826771653543307,1.0
ZFYVE21,0.12196658071035538,0.9133858267716536,1.0
PPP1R13B,-1.0653925570972596,0.33858267716535434,1.0
C14orf2,0.15405739300837418,0.6850393700787402,1.0
SIVA1,-0.10693820134661802,0.9212598425196851,1.0
AKT1,-0.500318235020849,0.7795275590551181,1.0
ZBTB42,1.1231490017600387,0.25984251968503935,1.0
CDCA4,0.09597765780736767,0.8503937007874016,1.0
GPR132,0.4014475035775238,0.23622047244094488,1.0
JAG2,0.9207681961015561,0.49606299212598426,1.0
NUDT14,0.7684912249267337,0.5433070866141733,1.0
BRF1,1.1928265531273228,0.2047244094488189,1.0
BTBD6,-0.046483798640635676,0.8661417322834646,1.0
PACS2,0.12901848585688702,0.9448818897637795,1.0
CRIP2,1.704559493316935,0.29133858267716534,1.0
TEDC1,-0.8067674083775263,0.4645669291338583,1.0
IGHA2,-0.059722050107929414,0.952755905511811,1.0
IGHG4,2.479204400374587,0.4409448818897638,1.0
IGHG2,3.065318811521283,0.18110236220472442,1.0
IGHGP,0.294794652617555,0.7637795275590551,1.0
IGHA1,0.8423105014200787,0.6929133858267716,1.0
IGHG1,3.996252530883705,0.14960629921259844,1.0
IGHG3,1.9758809473329526,0.5433070866141733,1.0
IGHM,0.3530599678446147,0.7874015748031497,1.0
FAM30A,-0.8993000519057958,0.33858267716535434,1.0
AC246787.1,-0.33080497979786205,0.2440944881889764,1.0
AC100757.1,-0.3798674023845301,0.7716535433070866,1.0
HERC2P2,-0.0731055531187792,0.968503937007874,1.0
WHAMMP3,-0.5595738864422493,0.33070866141732286,1.0
NIPA1,0.7720569187298532,0.047244094488188976,1.0
NIPA2,0.18678905710968596,0.7637795275590551,1.0
CYFIP1,0.5040807247049672,0.6771653543307087,1.0
TUBGCP5,0.2097068673820215,0.6771653543307087,1.0
NDN,1.1910853194712445,0.28346456692913385,1.0
SNRPN,0.6651103524188757,0.07086614173228346,1.0
RPL5P1,-0.584464361614212,0.49606299212598426,1.0
SNHG14,-0.9741879787848253,0.023622047244094488,1.0
PWAR5,-0.008187341745004906,1.0,1.0
PWAR6,0.49645053096860314,0.6220472440944882,1.0
UBE3A,0.10315566788725139,0.6850393700787402,1.0
ATP10A,-0.8490769490451955,0.06299212598425197,1.0
AC023449.2,0.3087583227258395,0.7637795275590551,1.0
HERC2,-0.12071792543758342,0.5905511811023622,1.0
RPL41P2,-1.1788485435882328,0.1732283464566929,1.0
HERC2P9,-1.2454494704181962,0.31496062992125984,1.0
WHAMMP2,-2.059728130398299,0.047244094488188976,1.0
APBA2,-0.23834424384654707,0.6614173228346457,1.0
NSMCE3,-0.32478358032588517,0.48031496062992124,1.0
HMGN2P5,-0.4935550088633791,0.7795275590551181,1.0
AC127502.1,-0.1369795460998593,0.9291338582677166,1.0
AC127502.2,-1.1714685480218372,0.15748031496062992,1.0
ARHGAP11B,2.0324452460231406,0.015748031496062992,1.0
FAN1,-1.0321251053716989,0.31496062992125984,1.0
MTMR10,0.3638310386646566,0.4251968503937008,1.0
KLF13,-0.23936122360086376,0.5669291338582677,1.0
AC135983.2,-0.4982876131209033,0.4645669291338583,1.0
GOLGA8N,0.34959439596464614,0.7637795275590551,1.0
ARHGAP11A,0.31703132492451447,0.6220472440944882,1.0
FMN1,0.42651190607354383,0.7322834645669292,1.0
AVEN,0.14770078737557668,0.8110236220472441,1.0
EMC7,0.05000162911508088,0.8503937007874016,1.0
PGBD4,0.12927510716659296,0.8582677165354331,1.0
KATNBL1,0.11755907217004857,0.7322834645669292,1.0
EMC4,-0.32075888274373643,0.48031496062992124,1.0
SLC12A6,-0.13420598163095487,0.7795275590551181,1.0
NOP10,0.007829913007061151,0.9921259842519685,1.0
LPCAT4,0.4933064761561825,0.28346456692913385,1.0
GOLGA8A,-0.46212662270934324,0.33858267716535434,1.0
AC025678.3,0.5459197579710937,0.6535433070866141,1.0
HNRNPLP2,0.5160587007125879,0.44881889763779526,1.0
GOLGA8B,0.08837696505996995,0.8582677165354331,1.0
AQR,-0.06695760747603785,0.8976377952755905,1.0
AC018868.1,-0.34708398427949105,0.6220472440944882,1.0
ZNF770,0.19341439436917085,0.48031496062992124,1.0
AC021231.2,-0.25026367378257497,0.7401574803149606,1.0
ANP32AP1,-0.9005109653339955,0.25196850393700787,1.0
DPH6,-1.0735473407312677,0.29133858267716534,1.0
C15orf41,0.59921117548941,0.5275590551181102,1.0
SPRED1,-0.579067190001505,0.6062992125984252,1.0
FAM98B,0.21424695601917598,0.5433070866141733,1.0
RASGRP1,-0.024042456678245117,0.9448818897637795,1.0
AC116158.1,1.3021123342043,0.14960629921259844,1.0
THBS1,0.1120791554784093,0.937007874015748,1.0
FSIP1,0.7105692888518655,0.4330708661417323,1.0
EIF2AK4,0.7190622958441706,0.2440944881889764,1.0
SRP14,0.12099621290423102,0.6377952755905512,1.0
SRP14-AS1,-0.32689883834245137,0.6771653543307087,1.0
BMF,0.07706252970606053,0.937007874015748,1.0
PAK6,-0.00973500553683726,0.952755905511811,1.0
PLCB2,-0.19859871332840306,0.8503937007874016,1.0
INAFM2,-0.772257416874309,0.14960629921259844,1.0
KNSTRN,0.08335339214509752,0.9212598425196851,1.0
IVD,-0.46348129051280296,0.9291338582677166,1.0
BAHD1,0.7045607320623288,0.15748031496062992,1.0
CHST14,0.4463750714586254,0.2677165354330709,1.0
CCDC32,-0.3761962719244025,0.7165354330708661,1.0
RPUSD2,-0.41520260564506883,0.7637795275590551,1.0
KNL1,-0.5535439560703663,0.6850393700787402,1.0
RAD51-AS1,-0.47576043685069735,0.5118110236220472,1.0
RAD51,-0.7910770383109441,0.5669291338582677,1.0
RMDN3,0.49175943389353005,0.33070866141732286,1.0
DNAJC17,-0.43804475398662435,0.6535433070866141,1.0
ZFYVE19,-0.8428871831990064,0.4409448818897638,1.0
SPINT1,2.2448791142567743,0.07086614173228346,1.0
VPS18,-1.7484337195391109,0.09448818897637795,1.0
INO80,-0.5938581892171024,0.3543307086614173,1.0
CHP1,-0.5684733632603285,0.05511811023622047,1.0
OIP5-AS1,-0.055102096997751815,0.84251968503937,1.0
NUSAP1,-1.1473297690084534,0.4645669291338583,1.0
NDUFAF1,0.30176730236650595,0.6141732283464567,1.0
RTF1,-0.0006220179963500883,1.0,1.0
RPAP1,-1.2766387183710983,0.2047244094488189,1.0
ELOCP2,0.7845646595929765,0.3464566929133858,1.0
MGA,-0.011402621645806299,0.9763779527559056,1.0
MAPKBP1,-1.1365183832263723,0.15748031496062992,1.0
AC020659.1,0.5849820429776549,0.36220472440944884,1.0
EHD4,-0.1550907649447817,0.9921259842519685,1.0
VPS39,0.8024545316586726,0.07874015748031496,1.0
TMEM87A,0.018783739497910013,0.9448818897637795,1.0
GANC,-0.2002269744296803,0.6929133858267716,1.0
ZNF106,-0.07937094627539842,0.7322834645669292,1.0
SNAP23,-0.20317864047557332,0.6062992125984252,1.0
LRRC57,0.5924296505057924,0.3543307086614173,1.0
HAUS2,-0.8922267609816652,0.4881889763779528,1.0
MYL12BP1,0.7337344129677184,0.48031496062992124,1.0
STARD9,0.10159638313799402,0.7952755905511811,1.0
CDAN1,-0.5122950188533406,0.6692913385826772,1.0
TTBK2,0.014552535002795963,0.968503937007874,1.0
UBR1,-0.4497735069973601,0.31496062992125984,1.0
RPS3AP47,-1.5746771657761176,0.1732283464566929,1.0
TMEM62,0.03894169204751963,0.9606299212598425,1.0
CCNDBP1,0.04037218017272881,0.8267716535433071,1.0
LCMT2,-0.23767355899751452,0.8110236220472441,1.0
ADAL,-0.8811131265878038,0.3937007874015748,1.0
ZSCAN29,-0.380878360079862,0.23622047244094488,1.0
TUBGCP4,-0.16532730663718054,0.8976377952755905,1.0
TP53BP1,0.05276899621808617,0.8976377952755905,1.0
MAP1A,-0.97636983527062,0.44881889763779526,1.0
PPIP5K1,-0.5732358739116037,0.5511811023622047,1.0
CATSPER2,-1.2849221764172585,0.10236220472440945,1.0
PDIA3,-0.21367781560373977,0.5275590551181102,1.0
SERF2,0.37732964553520265,0.33070866141732286,1.0
MFAP1,-0.16133964179182136,0.6614173228346457,1.0
WDR76,-1.0037726069264696,0.48031496062992124,1.0
PIN4P1,0.4935140264495419,0.5748031496062992,1.0
CASC4,-0.0719165250466487,0.6692913385826772,1.0
CTDSPL2,-0.272699643720518,0.4566929133858268,1.0
EIF3J-AS1,-1.675545371920725,0.13385826771653545,1.0
EIF3J,-0.05092140028804071,0.8346456692913385,1.0
SPG11,0.058005120103380214,0.8110236220472441,1.0
PATL2,-0.2008856841644464,0.7874015748031497,1.0
B2M,-0.07767974742885642,0.8188976377952756,1.0
TRIM69,0.902754013259206,0.1732283464566929,1.0
SPATA5L1,-0.7683625737208013,0.3937007874015748,1.0
C15orf48,0.04570247575341635,0.952755905511811,1.0
SLC30A4,-2.363205795266211,0.07086614173228346,1.0
BLOC1S6,-0.44642194179954675,0.1732283464566929,1.0
SQOR,0.42885951610569606,0.3937007874015748,1.0
AC044787.1,0.36212513721531936,0.5669291338582677,1.0
MYEF2,-0.17019990143086283,0.8740157480314961,1.0
DUT,-0.08018828998607752,0.7637795275590551,1.0
FBN1,0.2666210226063461,0.7007874015748031,1.0
CEP152,-1.8937946158287664,0.1968503937007874,1.0
EID1,0.08166929644186993,0.7401574803149606,1.0
SECISBP2L,-0.13438976213654286,0.4566929133858268,1.0
COPS2,-0.5906073296783108,0.023622047244094488,1.0
GALK2,-0.10825799037130279,0.8267716535433071,1.0
FAM227B,0.2357366541796213,0.889763779527559,1.0
AC022306.1,-1.0234861171892051,0.15748031496062992,1.0
DTWD1,-0.9283610211087341,0.4409448818897638,1.0
ATP8B4,0.21678055225289583,0.6692913385826772,1.0
SLC27A2,2.670105737161662,0.015748031496062992,1.0
GABPB1,0.4265339202920533,0.25196850393700787,1.0
RNU6-94P,0.32910612261202976,0.8031496062992126,1.0
GABPB1-AS1,0.025280819972220314,0.9921259842519685,1.0
USP8,-0.11335366803118418,0.5354330708661418,1.0
TRPM7,-0.02392256867774112,0.8661417322834646,1.0
SPPL2A,-0.023791717181414818,0.8976377952755905,1.0
AP4E1,0.2578923992957378,0.7007874015748031,1.0
DMXL2,-0.871285269936439,0.30708661417322836,1.0
LYSMD2,-0.17219964117818165,0.8503937007874016,1.0
TMOD2,-1.1703401483563742,0.25196850393700787,1.0
TMOD3,0.013072921768447543,0.952755905511811,1.0
LEO1,-0.5250350745691454,0.3779527559055118,1.0
MAPK6,0.00479425441939707,0.9921259842519685,1.0
AC023906.1,-2.0708338469858827,0.015748031496062992,1.0
GNB5,1.140774683141906,0.05511811023622047,1.0
MYO5C,0.1341401938325939,0.9212598425196851,1.0
MYO5A,-0.24491999529380237,0.41732283464566927,1.0
ARPP19,0.009915365520791752,0.952755905511811,1.0
FAM214A,-0.2358506527435411,0.5511811023622047,1.0
RSL24D1,0.05172894858484245,0.8740157480314961,1.0
RAB27A,-0.03211711571993625,0.905511811023622,1.0
AC018926.2,0.016051257669714047,0.9921259842519685,1.0
PIGBOS1,-0.9217043856098903,0.18110236220472442,1.0
PIGB,-2.097294278565689,0.031496062992125984,1.0
CCPG1,-0.4609184195605005,0.6220472440944882,1.0
NEDD4,0.41516198935202553,0.6377952755905512,1.0
CNOT6LP1,-1.1362200098579534,0.41732283464566927,1.0
RFX7,-1.4234716055770713,0.33070866141732286,1.0
ZNF280D,-0.24063973037328168,0.5826771653543307,1.0
TCF12,-0.11591037943996163,0.3858267716535433,1.0
POLR2M,-0.7720587852256227,0.8818897637795275,1.0
AQP9,0.13105730582658182,0.9212598425196851,1.0
ADAM10,-0.6801733477418184,0.07874015748031496,1.0
MINDY2,-0.5536291855671003,0.14173228346456693,1.0
RNF111,-1.5749722646247806,0.14960629921259844,1.0
SLTM,-0.09075498920340941,0.7086614173228346,1.0
MYO1E,0.9022760097258289,0.5196850393700787,1.0
GTF2A2,0.38937917755656315,0.2204724409448819,1.0
BNIP2,-0.16165449880981875,0.6456692913385826,1.0
RPS3AP6,-0.11634736590428219,0.7244094488188977,1.0
ANXA2,0.9738857764249058,0.09448818897637795,1.0
ICE2,-0.2121468954859136,0.2755905511811024,1.0
RORA,-0.03292673671637303,0.952755905511811,1.0
VPS13C,-0.24996206079386685,0.4881889763779528,1.0
TPM1,-0.5372829716704732,0.5905511811023622,1.0
LACTB,-0.0462798302814571,0.8740157480314961,1.0
RPS27L,0.5842263208667537,0.05511811023622047,1.0
RAB8B,-0.08048684054468147,0.7322834645669292,1.0
APH1B,0.5909842557475864,0.25196850393700787,1.0
USP3,-0.540650502329532,0.2283464566929134,1.0
HERC1,-0.2203680658464977,0.2677165354330709,1.0
DAPK2,-0.9015604824488728,0.5039370078740157,1.0
FAM96A,0.8268603837419013,0.14960629921259844,1.0
SNX1,0.3045472786751189,0.08661417322834646,1.0
PPIB,0.19182930022227174,0.8740157480314961,1.0
CSNK1G1,0.08082329038363678,0.8582677165354331,1.0
PCLAF,-1.1350984458067073,0.4094488188976378,1.0
TRIP4,0.5410074016714175,0.2677165354330709,1.0
ZNF609,0.3604487586718541,0.3543307086614173,1.0
OAZ2,-0.19824532793119953,0.6377952755905512,1.0
RBPMS2,-1.2249554530576705,0.25196850393700787,1.0
PIF1,2.29426770929132,0.03937007874015748,1.0
PLEKHO2,0.0909547859579316,0.8267716535433071,1.0
ANKDD1A,-0.8423286871063271,0.2992125984251969,1.0
SPG21,-0.11521659644895976,0.6535433070866141,1.0
MTFMT,-0.3276954795132858,0.44881889763779526,1.0
UBAP1L,0.8343919508454786,0.44881889763779526,1.0
PDCD7,-0.3031849728780944,0.5905511811023622,1.0
CLPX,-0.298255811405971,0.5354330708661418,1.0
PARP16,-0.032969047083778236,0.952755905511811,1.0
RNU5A-1,-0.6512768466723284,0.5354330708661418,1.0
RNU5B-1,0.013864162425370363,0.984251968503937,1.0
DPP8,-0.09138557364035904,0.7559055118110236,1.0
HACD3,0.24961832906954307,0.3858267716535433,1.0
INTS14,-0.27013970830696277,0.5354330708661418,1.0
SLC24A1,-0.16467244070325449,0.8582677165354331,1.0
DENND4A,-0.17287630518869168,0.5196850393700787,1.0
RAB11A,0.2931107598822864,0.16535433070866143,1.0
AC011939.1,-1.636275566297274,0.10236220472440945,1.0
DIS3L,0.2716393322691868,0.25196850393700787,1.0
TIPIN,-0.46946818416446323,0.6850393700787402,1.0
MAP2K1,-0.16100609816430023,0.6771653543307087,1.0
SNAPC5,-0.5262645885068409,0.7795275590551181,1.0
RPL4,-0.17155525428088936,0.28346456692913385,1.0
ZWILCH,-0.05023858575689921,0.9291338582677166,1.0
SMAD3,-0.5010918331278074,0.3464566929133858,1.0
AAGAB,-0.06580728175897921,0.8976377952755905,1.0
IQCH-AS1,1.1147966842545496,0.3543307086614173,1.0
C15orf61,-0.4093210503150737,0.3543307086614173,1.0
MAP2K5,-0.8225519522739413,0.4251968503937008,1.0
PIAS1,0.13441516892127048,0.48031496062992124,1.0
CLN6,1.2471483311661795,0.29133858267716534,1.0
FEM1B,-0.24124789612375697,0.4566929133858268,1.0
ANP32A,0.22147153489542504,0.5590551181102362,1.0
GLCE,0.12596766306081353,0.7637795275590551,1.0
RPLP1,0.43248698528586793,0.44881889763779526,1.0
TLE3,0.6979370009029209,0.4251968503937008,1.0
UACA,0.17773550974073915,0.8582677165354331,1.0
HMGB1P6,-0.29131785637928154,0.4409448818897638,1.0
AC064799.1,-0.6539579919860694,0.25984251968503935,1.0
MYO9A,0.06735372258088912,0.8267716535433071,1.0
PKM,0.6010118510780611,0.23622047244094488,1.0
PARP6,0.3558214310068264,0.4251968503937008,1.0
HEXA,-0.2068117536813059,0.5826771653543307,1.0
ARIH1,-0.24420976440045816,0.23622047244094488,1.0
BBS4,-0.12177904941676365,0.9212598425196851,1.0
ADPGK,-0.5045587623100651,0.10236220472440945,1.0
NEO1,-0.07254657505328055,0.9133858267716536,1.0
NPTN,-0.23560688624431592,0.6456692913385826,1.0
CD276,-0.12100317075998834,1.0,1.0
LOXL1-AS1,-0.673536088212852,0.49606299212598426,1.0
PML,-0.5994488794921526,0.1968503937007874,1.0
SEMA7A,0.3191823108569021,0.8740157480314961,1.0
UBL7,-0.3702692859289991,0.7401574803149606,1.0
UBL7-AS1,-1.0663572541733792,0.14960629921259844,1.0
ARID3B,1.1648185845113614,0.06299212598425197,1.0
CLK3,-0.09955753830420466,0.8740157480314961,1.0
EDC3,-1.6236230348483063,0.11811023622047244,1.0
CSK,0.1173804209184155,0.8503937007874016,1.0
ULK3,0.586837516953925,0.2755905511811024,1.0
SCAMP2,0.6835668441784009,0.11023622047244094,1.0
MPI,-0.5392897704627817,0.5826771653543307,1.0
FAM219B,0.5818968289111153,0.5196850393700787,1.0
COX5A,-0.14998572103256436,0.6535433070866141,1.0
PPCDC,0.22144979149876498,0.6692913385826772,1.0
C15orf39,-2.140771190789285,0.09448818897637795,1.0
ANP32BP1,-0.8895953204193696,0.06299212598425197,1.0
COMMD4,-0.0013442658039011235,1.0,1.0
NEIL1,-1.1628879025401815,0.2204724409448819,1.0
MAN2C1,-0.949744960741854,0.33070866141732286,1.0
SIN3A,0.007407049169776414,0.9763779527559056,1.0
PTPN9,0.604128775960806,0.11811023622047244,1.0
SNUPN,-0.8764393860179669,0.3858267716535433,1.0
IMP3,-0.09116729302885318,0.8188976377952756,1.0
SNX33,-0.315576051219294,0.5748031496062992,1.0
UBE2Q2,-0.22572318059201812,0.5118110236220472,1.0
FBXO22,-0.0479156588567311,0.9763779527559056,1.0
ETFA,0.6165923326590548,0.3228346456692913,1.0
SCAPER,-0.353955170861437,0.4015748031496063,1.0
RCN2,0.039738458115015085,0.9212598425196851,1.0
PSTPIP1,1.091935683630446,0.16535433070866143,1.0
TSPAN3,0.26076453719459014,0.31496062992125984,1.0
PEAK1,-0.3069159455997701,0.5669291338582677,1.0
HMG20A,-0.4500987570758519,0.7952755905511811,1.0
TBC1D2B,-0.1611806504993618,0.9606299212598425,1.0
CIB2,0.2927441241285509,0.7007874015748031,1.0
IDH3A,-0.42889813745413474,0.6377952755905512,1.0
DNAJA4,-0.4719853457589993,0.4645669291338583,1.0
WDR61,0.40550856610143526,0.5354330708661418,1.0
IREB2,-0.2693146683241485,0.1889763779527559,1.0
PSMA4,0.06135086245978272,0.8976377952755905,1.0
MORF4L1,0.11221291597730776,0.6062992125984252,1.0
CTSH,-0.010189271155355506,0.9921259842519685,1.0
TMED3,0.21490159593001135,0.6062992125984252,1.0
MTHFS,-0.502798795359162,0.49606299212598426,1.0
ST20,0.3798420409533936,0.5196850393700787,1.0
AC015871.3,-0.8160253764551024,0.28346456692913385,1.0
ST20-AS1,0.31106101333470737,0.6535433070866141,1.0
BCL2A1,0.22319643329791639,0.7165354330708661,1.0
ZFAND6,0.19740108517687993,0.6771653543307087,1.0
FAH,0.2876983338818979,0.8110236220472441,1.0
ABHD17C,-0.46591424455056085,0.6692913385826772,1.0
MESD,-0.252610623430499,0.25196850393700787,1.0
TLNRD1,-0.17978444363593216,0.6377952755905512,1.0
IL16,-0.035289076652286866,0.9291338582677166,1.0
MEX3B,0.3938676820659677,0.6535433070866141,1.0
EFL1,0.7495815656720675,0.12598425196850394,1.0
UBE2Q2P2,-0.6294715204727841,0.4409448818897638,1.0
RPL9P9,-0.45536157922212617,0.3543307086614173,1.0
GOLGA6L9,-1.6019063661618094,0.047244094488188976,1.0
RPS17,0.09023020340985255,0.6692913385826772,1.0
WHAMM,-0.3059496243555282,0.36220472440944884,1.0
HOMER2,1.5038044988703236,0.07874015748031496,1.0
FAM103A1,-0.41519933553183197,0.6929133858267716,1.0
C15orf40,-0.13264227491473246,0.9921259842519685,1.0
BTBD1,-0.17523949848717724,0.7165354330708661,1.0
HDGFL3,0.9496380546436018,0.03937007874015748,1.0
UBE2Q2P1,-0.42378563944413905,0.6692913385826772,1.0
ZSCAN2,0.023408044206602474,0.952755905511811,1.0
WDR73,-0.9791091550812885,0.09448818897637795,1.0
NMB,-0.14575809375592108,0.8582677165354331,1.0
SEC11A,0.060338675161381694,0.8661417322834646,1.0
ZNF592,-0.05367647663601183,0.7716535433070866,1.0
PDE8A,-0.7474136197655517,0.2755905511811024,1.0
AKAP13,0.058637529132280264,0.47244094488188976,1.0
AC104046.1,0.09577987297676493,1.0,1.0
MRPL46,0.029178723598864753,1.0,1.0
MRPS11,-0.1520571949571794,0.905511811023622,1.0
DET1,0.46794237080482226,0.6614173228346457,1.0
AEN,0.9695856769854765,0.07874015748031496,1.0
ISG20,-0.508413684800785,0.6535433070866141,1.0
HAPLN3,-0.148041358635699,0.905511811023622,1.0
MFGE8,0.7101346352889766,0.5905511811023622,1.0
ABHD2,-0.1367181620483695,0.6929133858267716,1.0
FANCI,-1.1868208347616838,0.047244094488188976,1.0
POLG,1.2950611903159452,0.015748031496062992,1.0
MIR9-3HG,0.6183411459004517,0.5511811023622047,1.0
RHCG,1.2178510733846761,0.2125984251968504,1.0
PEX11A,-2.1888636312268948,0.05511811023622047,1.0
AP3S2,-1.1597748957696816,0.23622047244094488,1.0
ZNF710-AS1,-0.15414781667402888,0.7086614173228346,1.0
IDH2,0.6500814561393256,0.11811023622047244,1.0
SEMA4B,-1.0275016716340883,0.25984251968503935,1.0
RPS12P26,-0.9471580003310813,0.25984251968503935,1.0
CIB1,-0.6268273121672374,0.7165354330708661,1.0
NGRN,0.3054480513401181,0.7165354330708661,1.0
IQGAP1,0.3478277467011779,0.2283464566929134,1.0
CRTC3,0.2900454440886193,0.18110236220472442,1.0
HSPE1P3,-0.2874037879013658,0.6377952755905512,1.0
BLM,-0.8243229515654047,0.06299212598425197,1.0
FURIN,-0.3587503380930128,0.6456692913385826,1.0
FES,1.093041502767195,0.4330708661417323,1.0
MAN2A2,0.11815146877709326,0.84251968503937,1.0
UNC45A,-0.6481752691994194,0.7480314960629921,1.0
RCCD1,-0.8443714822752666,0.2992125984251969,1.0
PRC1,0.30573790164467596,0.8110236220472441,1.0
VPS33B,0.19546132038672193,0.8818897637795275,1.0
SLCO3A1,-0.5220554930728944,0.8031496062992126,1.0
HMGN1P38,0.13524771963879356,0.8976377952755905,1.0
AC091544.3,-1.4682352018327753,0.10236220472440945,1.0
LINC01578,0.0879785389425507,0.7322834645669292,1.0
CHD2,-0.1586325931574697,0.48031496062992124,1.0
AC104390.1,-0.3934373445703183,0.6535433070866141,1.0
MCTP2,-0.08756636616283764,0.6062992125984252,1.0
NR2F2,1.3863648413067746,0.25196850393700787,1.0
ARRDC4,-0.14788467543720274,0.9212598425196851,1.0
IGF1R,-1.2128844237317695,0.13385826771653545,1.0
SYNM,0.58171328905147,0.6220472440944882,1.0
LRRC28,0.08569200645523045,0.9291338582677166,1.0
HSP90B2P,-0.740671619603047,0.1968503937007874,1.0
MEF2A,-0.5258398127116113,0.5118110236220472,1.0
LYSMD4,-0.11477027994315181,0.9763779527559056,1.0
AC090825.1,-1.1351328153608478,0.14960629921259844,1.0
ADAMTS17,-0.8120609295369392,0.3858267716535433,1.0
AC027020.2,0.31461574277104587,0.5039370078740157,1.0
RNU6-322P,1.0203391523101062,0.28346456692913385,1.0
LINS1,-1.1218118193756252,0.7086614173228346,1.0
ASB7,0.024284265726482346,0.952755905511811,1.0
CHSY1,-0.2693044982257371,0.23622047244094488,1.0
SELENOS,0.1646688729334187,0.6535433070866141,1.0
SNRPA1,-0.9877992001771227,0.5433070866141733,1.0
TM2D3,0.35209133954927285,0.5984251968503937,1.0
TARSL2,0.08362022672945013,0.8503937007874016,1.0
AC027559.1,0.7814926493669354,0.14173228346456693,1.0
POLR3K,0.7075174135178246,0.29133858267716534,1.0
SNRNP25,0.48867951767146955,0.7401574803149606,1.0
MPG,-0.5758093816704588,0.5511811023622047,1.0
NPRL3,-0.12040197007913855,0.8110236220472441,1.0
HBA2,-0.8950410371467945,0.5433070866141733,1.0
HBA1,-0.6566106845002375,0.6220472440944882,1.0
Z69706.1,-0.8362439408173914,0.25984251968503935,1.0
LUC7L,0.06451030015816972,0.84251968503937,1.0
FAM234A,-0.9520655614595406,0.33858267716535434,1.0
AXIN1,-1.133895086933273,0.4881889763779528,1.0
MRPL28,-0.5558994572526745,0.6377952755905512,1.0
TMEM8A,0.14880009369320302,0.84251968503937,1.0
NME4,-0.5747556995810221,0.6692913385826772,1.0
DECR2,-0.24855853152579876,0.8110236220472441,1.0
RAB11FIP3,1.0182230878923408,0.13385826771653545,1.0
CAPN15,-0.6155235284199163,0.8110236220472441,1.0
PIGQ,-0.48266822838604506,0.7086614173228346,1.0
RAB40C,-0.5185466431644978,0.5433070866141733,1.0
METTL26,0.4760147554390697,0.7795275590551181,1.0
WDR90,1.2568425788317379,0.25196850393700787,1.0
RHOT2,0.28405378221705746,0.6929133858267716,1.0
METRN,0.7609275931614106,0.4094488188976378,1.0
FAM173A,-0.43252643126000034,0.6692913385826772,1.0
NARFL,0.6320582172413958,0.5511811023622047,1.0
RPUSD1,-0.11846277977257103,0.905511811023622,1.0
CHTF18,-0.4794356733347398,0.6377952755905512,1.0
LMF1,-0.1032153149750632,0.9291338582677166,1.0
TPSB2,2.0121056526581484,0.33858267716535434,1.0
TPSAB1,0.9508411946648747,0.5590551181102362,1.0
UBE2I,0.627440771139498,0.03937007874015748,1.0
AL031714.1,-0.04916439641550863,0.9763779527559056,1.0
TSR3,-0.12900456273269678,0.8818897637795275,1.0
GNPTG,0.3884669750290213,0.5275590551181102,1.0
UNKL,-1.0489646035484903,0.4330708661417323,1.0
C16orf91,0.3210772849317376,0.5748031496062992,1.0
CLCN7,-0.12349100960006965,0.84251968503937,1.0
TELO2,-0.5312741580023208,0.7086614173228346,1.0
TMEM204,0.023369036184985426,1.0,1.0
CRAMP1,-0.2908214875131785,0.6771653543307087,1.0
JPT2,-0.925120421494809,0.5275590551181102,1.0
MAPK8IP3,0.3187009122852902,0.84251968503937,1.0
NME3,-0.5467103763739867,0.6771653543307087,1.0
MRPS34,0.42092494757724275,0.5433070866141733,1.0
EME2,0.8478230719950408,0.3543307086614173,1.0
NUBP2,-0.8301630871957064,0.6850393700787402,1.0
HAGH,-0.02454362082132544,0.9448818897637795,1.0
FAHD1,-0.19821858819601879,0.8346456692913385,1.0
MSRB1,-1.0317910453526309,0.33070866141732286,1.0
NDUFB10,0.86511518174117,0.08661417322834646,1.0
RPS2,0.06654407887893399,0.8188976377952756,1.0
SNHG9,-1.6681360754504038,0.12598425196850394,1.0
TBL3,0.41116390710555084,0.6692913385826772,1.0
GFER,-0.9877067573711964,0.3858267716535433,1.0
SYNGR3,-0.48000361510625655,0.6062992125984252,1.0
TSC2,0.7602161297064125,0.5118110236220472,1.0
PKD1,-0.8567105722164259,0.4409448818897638,1.0
SNHG19,-0.33950134803113885,0.7716535433070866,1.0
TRAF7,-0.942749004336473,0.4015748031496063,1.0
PGP,-1.0119897118654224,0.33070866141732286,1.0
ECI1,0.008596099058025164,0.9921259842519685,1.0
RNPS1,-0.016050756313227055,0.889763779527559,1.0
ABCA3,0.9912919995568161,0.3543307086614173,1.0
CCNF,-0.1899511926738935,0.8582677165354331,1.0
TBC1D24,0.4437223815963578,0.6535433070866141,1.0
PDPK1,-0.08182322229113836,0.8740157480314961,1.0
AC141586.1,-0.6213374621417451,0.47244094488188976,1.0
ERVK13-1,-1.2634533458218251,0.11023622047244094,1.0
KCTD5,-0.015380479264955227,0.9606299212598425,1.0
AC092117.2,-0.7687157058006946,0.3228346456692913,1.0
PRSS27,0.9681865891986254,0.3858267716535433,1.0
SRRM2,0.020457650675732353,0.8740157480314961,1.0
ELOB,-0.2625676321550676,0.8188976377952756,1.0
PRSS21,-0.20976798356390391,0.8031496062992126,1.0
PRSS22,2.5175187712142946,0.06299212598425197,1.0
FLYWCH2,0.2495604658269004,0.4330708661417323,1.0
FLYWCH1,0.5407511402180964,0.7007874015748031,1.0
TNFRSF12A,-0.15625578463920609,1.0,1.0
HCFC1R1,-0.46403528932906557,0.9133858267716536,1.0
THOC6,0.5255414946204313,0.5905511811023622,1.0
MMP25,0.3176009139217568,0.8110236220472441,1.0
MMP25-AS1,-0.8376895716999488,0.7244094488188977,1.0
IL32,0.20670040095100184,0.5669291338582677,1.0
AC108134.3,0.2902341577123939,0.8110236220472441,1.0
ZNF213-AS1,0.7223178146003928,0.48031496062992124,1.0
ZNF213,-0.46425441809071777,0.6220472440944882,1.0
AC108134.2,-1.9305496575049725,0.023622047244094488,1.0
ZNF200,0.3605789320520074,0.8267716535433071,1.0
LINC00921,-1.2359658689046948,0.2440944881889764,1.0
ZNF263,-0.19092017095315583,0.6929133858267716,1.0
ZNF75A,-0.1332724781550807,0.7086614173228346,1.0
ZNF174,1.7709979411306667,0.05511811023622047,1.0
ZNF597,-0.025947435436335375,0.984251968503937,1.0
NAA60,0.061621389092968215,0.889763779527559,1.0
CLUAP1,-0.8302828005724678,0.5433070866141733,1.0
NLRC3,0.09207387029761627,0.9291338582677166,1.0
SLX4,-0.8417150156237914,0.4251968503937008,1.0
DNASE1,1.6789903763740668,0.015748031496062992,1.0
TRAP1,0.26294691168727446,0.8267716535433071,1.0
CREBBP,-0.3381026418614299,0.28346456692913385,1.0
ADCY9,-0.9236682211200984,0.4251968503937008,1.0
TFAP4,-0.37706079057720965,0.6614173228346457,1.0
CORO7,0.45434360736558466,0.7401574803149606,1.0
DNAJA3,0.20110082051428746,0.6377952755905512,1.0
NMRAL1,0.1642680110272403,0.9212598425196851,1.0
HMOX2,0.3047069129201514,0.5275590551181102,1.0
CDIP1,0.29730188051658857,0.5275590551181102,1.0
SUB1P3,-0.8446495712377979,0.5354330708661418,1.0
UBALD1,-0.02900255379421557,0.9921259842519685,1.0
MGRN1,0.350020322811349,0.5275590551181102,1.0
NUDT16L1,-0.18489350565063756,0.5826771653543307,1.0
ANKS3,-0.1573410354405157,0.8740157480314961,1.0
ZNF500,-0.6317400478123467,0.5354330708661418,1.0
ROGDI,0.4238629485388601,0.7480314960629921,1.0
GLYR1,-0.499533185818815,0.031496062992125984,1.0
UBN1,0.1601139050237519,0.5826771653543307,1.0
NAGPA,0.6741365505412711,0.07086614173228346,1.0
EEF2KMT,0.7994220647025227,0.31496062992125984,1.0
METTL22,-0.3541274508535601,0.7874015748031497,1.0
ABAT,-1.2617946568806828,0.33070866141732286,1.0
TMEM186,-1.0354823141129588,0.4015748031496063,1.0
PMM2,-0.7604151793202325,0.7165354330708661,1.0
CARHSP1,0.897998307736088,0.047244094488188976,1.0
USP7,0.15240512120186445,0.48031496062992124,1.0
C16orf72,-0.32849134157642457,0.29133858267716534,1.0
RPL21P119,-0.9147046708975493,0.2125984251968504,1.0
ATF7IP2,-0.5346058691152162,0.4330708661417323,1.0
NUBP1,-0.9215775834604836,0.2283464566929134,1.0
CIITA,0.8392360291507521,0.4094488188976378,1.0
AC133065.6,-0.4183163037998794,0.6692913385826772,1.0
CLEC16A,-0.2681653482618267,0.9448818897637795,1.0
RMI2,-1.2433129470941933,0.25196850393700787,1.0
SOCS1,-1.5077794751364153,0.4015748031496063,1.0
LITAF,-0.5293989482223207,0.1732283464566929,1.0
SNN,-0.6856398250998924,0.33858267716535434,1.0
TXNDC11,-0.2320752259323271,0.4566929133858268,1.0
ZC3H7A,-0.021624360324688396,0.9606299212598425,1.0
RSL1D1,-0.0034529810055712318,0.9921259842519685,1.0
GSPT1,0.005727771560617434,1.0,1.0
SNX29,-0.5915202688405592,0.4251968503937008,1.0
CPPED1,-0.551973940182314,0.6850393700787402,1.0
AC092324.1,0.013767841992957663,0.968503937007874,1.0
ERCC4,0.8148655482504616,0.13385826771653545,1.0
MKL2,1.1828321561465183,0.047244094488188976,1.0
PARN,0.181276771649431,0.6535433070866141,1.0
BFAR,0.0017537313850457537,1.0,1.0
NOMO1,-1.2497035121988582,0.2283464566929134,1.0
NPIPA1,-0.27834354481567924,0.4330708661417323,1.0
PDXDC1,0.019311577555102488,0.9212598425196851,1.0
NTAN1,-0.47974016781788,0.5905511811023622,1.0
RRN3,-1.3705930574690148,0.06299212598425197,1.0
NPIPP1,-0.3441561408152438,0.5354330708661418,1.0
NPIPA5,-0.836516699888374,0.31496062992125984,1.0
C16orf45,-0.8559717312790522,0.4094488188976378,1.0
MARF1,-0.4289474826123749,0.30708661417322836,1.0
NDE1,0.2455863277215835,0.6377952755905512,1.0
AC026401.3,0.1543625286608541,0.8661417322834646,1.0
AF001548.2,-0.24611424379658153,0.7795275590551181,1.0
FOPNL,-0.05944779772304454,0.9212598425196851,1.0
ABCC1,0.16803845175221888,0.6377952755905512,1.0
XYLT1,-1.0169911137948109,0.6535433070866141,1.0
AC099494.2,-1.1317200231012876,0.3228346456692913,1.0
RPS15A,0.17864417702822166,0.4015748031496063,1.0
ARL6IP1,-0.13581198506876735,0.3464566929133858,1.0
SMG1,-0.05223293454059874,0.8188976377952756,1.0
COQ7,0.43293185823941505,0.3543307086614173,1.0
ITPRIPL2,1.1629405021183419,0.33858267716535434,1.0
GDE1,0.04248545572190299,0.889763779527559,1.0
CCP110,0.22450606125014794,0.33858267716535434,1.0
C16orf62,0.41426182422480284,0.3700787401574803,1.0
KNOP1,-1.2424587685427262,0.15748031496062992,1.0
THUMPD1,-0.3970543838305396,0.25984251968503935,1.0
ERI2,-0.40574337529341065,0.5748031496062992,1.0
DCUN1D3,0.9427463294495264,0.047244094488188976,1.0
LYRM1,-0.3798045559546259,0.7952755905511811,1.0
TMEM159,-0.6266185635796329,0.8346456692913385,1.0
SMG1P3,1.9401993322135804,0.14173228346456693,1.0
METTL9,-0.11725015052471921,0.3464566929133858,1.0
AC005632.2,-0.1718987840446069,0.8582677165354331,1.0
RRN3P1,0.035580432077478186,0.8976377952755905,1.0
NPIPB4,0.8903696607210259,0.13385826771653545,1.0
SMG1P4,-1.5005256050399436,0.14960629921259844,1.0
UQCRC2,0.2262706764122182,0.31496062992125984,1.0
C16orf52,-0.15246948111430303,0.5826771653543307,1.0
EEF2K,-1.0995392340937262,0.25196850393700787,1.0
POLR3E,-0.23851502143751624,0.5039370078740157,1.0
CDR2,0.15724813261602222,0.6692913385826772,1.0
RRN3P3,-0.07538778936205448,0.8267716535433071,1.0
USP31,0.03799262314456797,0.984251968503937,1.0
COG7,-0.7803746070951454,0.4566929133858268,1.0
GGA2,-0.24796238893335154,0.3779527559055118,1.0
EARS2,0.24094610474115763,0.7874015748031497,1.0
UBFD1,0.28766820260629666,0.6062992125984252,1.0
NDUFAB1,0.2865570219588145,0.5905511811023622,1.0
PALB2,-1.2767037975165765,0.28346456692913385,1.0
DCTN5,-0.2228597932529306,0.36220472440944884,1.0
PRKCB,-0.1845485841246175,0.6377952755905512,1.0
RBBP6,-0.095932403198832,0.5826771653543307,1.0
TNRC6A,-0.06850594323201253,0.889763779527559,1.0
ARHGAP17,-0.40549017866442494,0.5196850393700787,1.0
AC133552.2,-1.0323934449835857,0.2755905511811024,1.0
LCMT1,0.8580323279084316,0.09448818897637795,1.0
ZKSCAN2,-0.4240218756332643,0.6771653543307087,1.0
NSMCE1,0.4930759259769131,0.4881889763779528,1.0
IL4R,0.10377630617483025,0.8818897637795275,1.0
IL21R,-0.16508350835986096,0.5196850393700787,1.0
IL21R-AS1,-1.411502095952939,0.10236220472440945,1.0
GTF3C1,0.3570833055981222,0.5196850393700787,1.0
KIAA0556,-1.901852956605962,0.05511811023622047,1.0
XPO6,0.11768277724509701,0.8503937007874016,1.0
GAPDHP35,-1.1352996912191327,0.2677165354330709,1.0
SBK1,0.5331671977734382,0.6850393700787402,1.0
CLN3,-0.18995777751312626,0.8346456692913385,1.0
APOBR,0.3989355072857377,0.5748031496062992,1.0
SGF29,-0.8748726661332671,0.3858267716535433,1.0
SULT1A1,-1.013165556419552,0.2755905511811024,1.0
EIF3C,0.2514365819275106,0.7952755905511811,1.0
ATXN2L,0.861539134273472,0.23622047244094488,1.0
TUFM,-0.11236881265569743,0.905511811023622,1.0
SH2B1,0.9103396786283282,0.047244094488188976,1.0
RABEP2,0.0897629084901641,0.952755905511811,1.0
NFATC2IP,-0.029514027818605015,0.952755905511811,1.0
AC109460.2,-0.8235107232875736,0.3464566929133858,1.0
LAT,-1.0694652560495754,0.33858267716535434,1.0
RRN3P2,-0.18021688052138352,0.8740157480314961,1.0
NPIPB11,0.3596806644624131,0.7007874015748031,1.0
SMG1P2,-0.06873284459817519,0.8031496062992126,1.0
SPN,0.11064243804203144,0.5984251968503937,1.0
QPRT,0.333067678433725,0.7165354330708661,1.0
C16orf54,-0.028351616527906742,0.9448818897637795,1.0
KIF22,-0.2929837457039346,0.7401574803149606,1.0
AC009133.1,0.16483195172340592,0.84251968503937,1.0
MVP,0.9219471585992629,0.5354330708661418,1.0
CDIPT,0.21229382087688897,0.3858267716535433,1.0
KCTD13,0.15525408638196847,0.5905511811023622,1.0
AC120114.4,0.8529190699855356,0.4881889763779528,1.0
TMEM219,0.3004304471996937,0.1889763779527559,1.0
TAOK2,0.09852493054638956,0.8818897637795275,1.0
HIRIP3,-1.9265170526148894,0.16535433070866143,1.0
INO80E,0.6204284451759461,0.5275590551181102,1.0
ALDOA,0.37850187732518314,0.6141732283464567,1.0
PPP4C,0.474917018104561,0.2677165354330709,1.0
YPEL3,0.024199465059940195,0.952755905511811,1.0
GDPD3,0.9677868999665737,0.41732283464566927,1.0
MAPK3,-0.41383656295077076,0.7716535433070866,1.0
CORO1A,-0.21024479785595496,0.937007874015748,1.0
CD2BP2,-0.13449239723070505,0.8188976377952756,1.0
TBC1D10B,0.4402221467931673,0.5354330708661418,1.0
ZNF48,-0.3318081324939648,0.7637795275590551,1.0
SEPT1,1.7824483834406777,0.12598425196850394,1.0
DCTPP1,0.059684953595941614,0.905511811023622,1.0
SEPHS2,-0.12391118418075209,0.8503937007874016,1.0
ITGAL,0.0103186737092269,0.9606299212598425,1.0
ZNF768,0.6392075510788986,0.5748031496062992,1.0
ZNF747,-0.05092773320186539,0.9763779527559056,1.0
AC002310.1,-0.47616950365463717,0.6377952755905512,1.0
ZNF764,-0.21768276192498837,0.8818897637795275,1.0
ZNF688,1.0297025788943448,0.29133858267716534,1.0
ZNF785,-0.28055973751247176,0.8110236220472441,1.0
ZNF689,-0.25042669897192305,0.5354330708661418,1.0
PRR14,-0.5294887408467468,0.7480314960629921,1.0
FBRS,-0.6002896283237487,0.7244094488188977,1.0
SRCAP,-1.0762818532183804,0.30708661417322836,1.0
PHKG2,-0.012956242714381894,0.9763779527559056,1.0
BCL7C,-0.09351580457850828,0.8976377952755905,1.0
FBXL19-AS1,1.4301617744970694,0.1732283464566929,1.0
FBXL19,0.039874804974423306,1.0,1.0
ORAI3,-0.5938672268727894,0.5826771653543307,1.0
SETD1A,-0.12421031079994771,0.9133858267716536,1.0
STX4,-1.1106232955436548,0.5669291338582677,1.0
AC135050.3,0.2519903207271441,0.7637795275590551,1.0
ZNF646,-0.41239957342482025,0.6614173228346457,1.0
VKORC1,-0.08975685784043419,0.9291338582677166,1.0
BCKDK,-0.36855028693208025,0.7716535433070866,1.0
KAT8,-0.0513149503975856,0.8818897637795275,1.0
AC135050.6,0.1555654244352036,0.6771653543307087,1.0
FUS,0.08797507216165812,0.889763779527559,1.0
PYCARD,0.577166596014171,0.2677165354330709,1.0
ITGAM,-0.468247734861432,0.2677165354330709,1.0
ITGAX,-1.08628966800236,0.7165354330708661,1.0
ITGAD,-0.3542531949070047,0.8582677165354331,1.0
AC026471.4,-0.42204454314087547,0.6850393700787402,1.0
AC026471.1,0.2658820705862055,0.7952755905511811,1.0
ARMC5,-0.186316530287713,0.6535433070866141,1.0
AC106730.1,0.3190192645364509,0.6929133858267716,1.0
CLUHP3,0.1506193613320006,0.7637795275590551,1.0
ZNF720,0.029074514176646638,0.968503937007874,1.0
ZNF267,0.10607436158019734,0.7086614173228346,1.0
BCLAF1P2,-0.21018829601163525,0.4094488188976378,1.0
VPS35,0.29350841448908227,0.28346456692913385,1.0
ORC6,-0.33596215666219154,0.7637795275590551,1.0
C16orf87,-0.3176762253559957,0.49606299212598426,1.0
GPT2,0.7441809718422284,0.5275590551181102,1.0
DNAJA2,-0.13286373081958924,0.6299212598425197,1.0
NETO2,0.8919403360869792,0.3858267716535433,1.0
ITFG1,-0.13128510047907138,0.7007874015748031,1.0
PHKB,-0.4223915394417581,0.2204724409448819,1.0
NDUFA5P11,0.36451100248109514,0.5905511811023622,1.0
LONP2,-0.01718429497468943,0.9606299212598425,1.0
SIAH1,-0.8876849248885814,0.4330708661417323,1.0
N4BP1,0.007548193979427964,0.9921259842519685,1.0
CNEP1R1,0.28658642874491136,0.6771653543307087,1.0
HEATR3,-0.23224555494526022,0.5748031496062992,1.0
PAPD5,-0.21048092042712607,0.3464566929133858,1.0
ADCY7,-0.49965010379890806,0.6141732283464567,1.0
BRD7,-0.7640101022582222,0.2440944881889764,1.0
NKD1,0.552141587755832,0.6692913385826772,1.0
SNX20,-0.3911717559234962,0.5433070866141733,1.0
NOD2,-0.2497222067170699,0.8110236220472441,1.0
CYLD,0.22346083920224746,0.25196850393700787,1.0
HNRNPA1P48,-0.034421168956874304,0.9448818897637795,1.0
AC026462.1,0.22738996883853346,0.84251968503937,1.0
CHD9,-0.43171092388320886,0.12598425196850394,1.0
RBL2,-0.3026849839692538,0.3464566929133858,1.0
AKTIP,-0.7688683752455647,0.5590551181102362,1.0
RPGRIP1L,-1.0300658406939058,0.1732283464566929,1.0
FTO,-0.6891133672548317,0.8346456692913385,1.0
MMP2,1.1029142256174755,0.5511811023622047,1.0
LPCAT2,1.2784691911112556,0.3228346456692913,1.0
GNAO1,-0.0715360886616434,0.968503937007874,1.0
AMFR,0.10452885957944158,0.8110236220472441,1.0
NUDT21,-0.16808570910082743,0.8110236220472441,1.0
OGFOD1,0.18625652378306068,0.6850393700787402,1.0
BBS2,-0.21070406555731402,0.5354330708661418,1.0
MT2A,-0.33385703755421225,0.7401574803149606,1.0
MT1E,-0.4879241850895797,0.7322834645669292,1.0
MT1F,-0.06078044452494202,1.0,1.0
MT1G,-0.9225326531490284,0.4094488188976378,1.0
MT1X,-0.6513165780825867,0.6377952755905512,1.0
NUP93,-0.385203197797205,0.5590551181102362,1.0
RPS24P17,-2.649437127219992,0.023622047244094488,1.0
HERPUD1,0.12634468286358924,0.5826771653543307,1.0
NLRC5,0.24010073955443723,0.7637795275590551,1.0
CPNE2,0.6219986205038794,0.5984251968503937,1.0
FAM192A,-0.1643947307573974,0.5433070866141733,1.0
RSPRY1,0.27667859421481644,0.1968503937007874,1.0
PLLP,-0.803034095339231,0.25984251968503935,1.0
CIAPIN1,-0.18019547578020667,0.6456692913385826,1.0
COQ9,-0.6259262441996551,0.5275590551181102,1.0
POLR2C,-0.18164073577606032,0.6614173228346457,1.0
CCDC102A,-1.051700720966248,0.25196850393700787,1.0
ADGRG5,-0.4731913262621834,0.5354330708661418,1.0
ADGRG1,-0.15488195884573042,0.8661417322834646,1.0
ADGRG3,1.8173331594883866,0.11023622047244094,1.0
KATNB1,-1.0144068219272961,0.4015748031496063,1.0
KIFC3,1.2703974232479847,0.2283464566929134,1.0
ZNF319,0.17766700779642353,0.8346456692913385,1.0
USB1,-0.1684460510108412,0.7559055118110236,1.0
CFAP20,0.44818384313729087,0.3858267716535433,1.0
CSNK2A2,-0.11719187180260526,0.3937007874015748,1.0
GINS3,-0.7403010161255517,0.5905511811023622,1.0
SETD6,-1.830673400123235,0.05511811023622047,1.0
CNOT1,-0.016296416341916142,0.9448818897637795,1.0
SLC38A7,0.28438118126632395,0.2204724409448819,1.0
GOT2,-0.08527951249441923,0.7165354330708661,1.0
RPS27AP16,-0.09473608950443158,0.6929133858267716,1.0
CDH5,0.8694356699810658,0.3858267716535433,1.0
TK2,-1.1320639600238778,0.2440944881889764,1.0
CKLF,-0.06955977044531791,0.8818897637795275,1.0
CMTM3,0.14447400591972848,0.2283464566929134,1.0
DYNC1LI2,0.06595331870448895,0.8503937007874016,1.0
NAE1,0.5002520345777262,0.49606299212598426,1.0
PDP2,0.061595119916674435,0.8740157480314961,1.0
RRAD,-0.808583925112166,0.44881889763779526,1.0
FAM96B,-0.07258831646959063,0.8740157480314961,1.0
CES2,0.7596893113410959,0.18110236220472442,1.0
CBFB,-0.06917597947640264,0.7559055118110236,1.0
C16orf70,0.35432484912099627,0.5118110236220472,1.0
TRADD,-0.638509527430104,0.7401574803149606,1.0
E2F4,0.5712863630984906,0.1732283464566929,1.0
TMEM208,-0.01484286705956439,0.9763779527559056,1.0
FHOD1,0.44326729569896184,0.2125984251968504,1.0
PLEKHG4,0.5313183165662282,0.48031496062992124,1.0
ATP6V0D1,-0.3604200019857622,0.36220472440944884,1.0
RIPOR1,-0.04155096925442692,0.984251968503937,1.0
CTCF,0.47240941301302364,0.05511811023622047,1.0
CARMIL2,-0.015118490989679767,0.9763779527559056,1.0
ACD,-0.03627251983535462,0.9763779527559056,1.0
ENKD1,0.10699792774903072,1.0,1.0
GFOD2,0.30865461718554954,0.6850393700787402,1.0
RANBP10,0.42665494581036434,0.1968503937007874,1.0
CENPT,-1.1797532636968628,0.2677165354330709,1.0
THAP11,-0.20233936211339287,0.6141732283464567,1.0
NUTF2,0.43349753384165357,0.07086614173228346,1.0
PSKH1,1.2240683560388934,0.28346456692913385,1.0
AC040162.1,0.029416935873019856,0.9763779527559056,1.0
LCAT,0.6738358796648258,0.5748031496062992,1.0
SLC12A4,0.9116849005875385,0.2047244094488189,1.0
DPEP2,0.9837737773859867,0.31496062992125984,1.0
DUS2,1.6210833252249262,0.16535433070866143,1.0
DDX28,0.7894771840835655,0.41732283464566927,1.0
NFATC3,-0.2165391702299413,0.7716535433070866,1.0
PLA2G15,1.3889103034885228,0.08661417322834646,1.0
SLC7A6,-0.14266008368837868,0.7874015748031497,1.0
SLC7A6OS,-1.1037432993926322,0.2755905511811024,1.0
PRMT7,0.3333742394461501,0.8110236220472441,1.0
SMPD3,0.2571338077134979,0.84251968503937,1.0
ZFP90,0.04204840933890619,0.937007874015748,1.0
TANGO6,0.04789365281410918,0.9212598425196851,1.0
CHTF8,0.25950013405048367,0.33070866141732286,1.0
UTP4,0.3356894959334715,0.5669291338582677,1.0
SNTB2,0.5522406908156308,0.06299212598425197,1.0
VPS4A,0.2661205791288639,0.4330708661417323,1.0
COG8,-0.7131251416993107,0.3937007874015748,1.0
NIP7,0.22399866681296654,0.6850393700787402,1.0
TERF2,-0.311058732260153,0.4015748031496063,1.0
CYB5B,-0.15251399967224977,0.6062992125984252,1.0
NFAT5,0.5427662964098596,0.07874015748031496,1.0
NQO1,0.754480437321162,0.5590551181102362,1.0
NOB1,-0.39718371425670096,0.7795275590551181,1.0
AC092115.1,-1.1170099949364043,0.23622047244094488,1.0
WWP2,-0.044058525129980985,0.905511811023622,1.0
PDPR,-0.10727026305728948,0.7795275590551181,1.0
SMG1P7,1.9402896998951937,0.05511811023622047,1.0
EXOSC6,0.497755858673429,0.09448818897637795,1.0
AARS,0.1583999148948747,0.6456692913385826,1.0
DDX19B,0.2521450505679419,0.7244094488188977,1.0
DDX19A,-0.9816983410521893,0.48031496062992124,1.0
ST3GAL2,0.777252711185656,0.1968503937007874,1.0
FUK,-1.3374222602043189,0.14173228346456693,1.0
COG4,1.0129060771689433,0.11811023622047244,1.0
SF3B3,-0.3416514000728439,0.30708661417322836,1.0
MTSS1L,0.557378922232896,0.5196850393700787,1.0
VAC14,-1.1144978192964292,0.29133858267716534,1.0
CMTR2,-0.9975036747149177,0.5984251968503937,1.0
PHLPP2,0.7614411436648569,0.11811023622047244,1.0
AP1G1,-0.38056456849050946,0.3937007874015748,1.0
ATXN1L,-0.38537712480443176,0.1968503937007874,1.0
IST1,0.14659794539692328,0.5984251968503937,1.0
ZNF821,-1.2095771832293192,0.2125984251968504,1.0
ATP5A1P3,0.4116726113827187,0.7165354330708661,1.0
DHODH,-0.3445066530026699,0.6377952755905512,1.0
TXNL4B,-0.63559009416955,0.5748031496062992,1.0
DHX38,-0.9296438793689545,0.4251968503937008,1.0
ZFHX3,-0.07125856664049701,0.937007874015748,1.0
PSMD7,-0.13728601953466502,0.8031496062992126,1.0
AC009120.2,0.2075780503609932,0.8267716535433071,1.0
NPIPB15,0.4188752947342316,0.31496062992125984,1.0
GLG1,-0.17207297554747214,0.29133858267716534,1.0
RFWD3,-0.019042991944065335,0.984251968503937,1.0
MLKL,0.03913338253142484,0.9921259842519685,1.0
WDR59,0.4278907809278998,0.3228346456692913,1.0
ZNRF1,1.039206811779942,0.1732283464566929,1.0
ZFP1,-0.13514785723059797,0.8267716535433071,1.0
CFDP1,-0.4540600736186997,0.23622047244094488,1.0
TMEM170A,0.04528769958559842,0.84251968503937,1.0
GABARAPL2,-0.3418985091254383,0.10236220472440945,1.0
ADAT1,-0.1788188194872986,0.8031496062992126,1.0
KARS,-0.08868490777511351,0.7637795275590551,1.0
TERF2IP,0.13349594919301744,0.5118110236220472,1.0
MON1B,0.43933293099206505,0.13385826771653545,1.0
WWOX,-0.05390584326573533,0.905511811023622,1.0
MAF,-0.24219809615354304,0.4094488188976378,1.0
CDYL2,0.2058465031014305,0.8267716535433071,1.0
CMC2,0.10232516691275162,0.8582677165354331,1.0
CENPN,-1.1460399286789091,0.3700787401574803,1.0
AC092718.4,-0.04957315020051167,0.984251968503937,1.0
ATMIN,-0.37012097725054627,0.2440944881889764,1.0
GAN,0.3822979187735145,0.6692913385826772,1.0
CMIP,0.43278924408962993,0.07874015748031496,1.0
PLCG2,0.20797053450044878,0.7007874015748031,1.0
SDR42E1,0.024752435703160325,1.0,1.0
MPHOSPH6,-0.2913541332809997,0.44881889763779526,1.0
HSBP1,0.08002608794967703,0.8976377952755905,1.0
MLYCD,0.61190239329837,0.2992125984251969,1.0
MBTPS1,-0.48543414104628013,0.2125984251968504,1.0
HSDL1,0.14628079237418,0.9133858267716536,1.0
TAF1C,-0.17517876764595908,0.8503937007874016,1.0
TLDC1,-0.5168400410812102,0.6535433070866141,1.0
COTL1,1.1747733402454923,0.06299212598425197,1.0
KLHL36,-0.24321496706107126,0.7007874015748031,1.0
USP10,-0.34722037883827905,0.14173228346456693,1.0
ZDHHC7,-0.5142177518500208,0.3700787401574803,1.0
KIAA0513,0.5694081952468992,0.3779527559055118,1.0
GSE1,-0.2367710804225016,0.2047244094488189,1.0
GINS2,0.39358461635934106,0.84251968503937,1.0
C16orf74,-0.3096256368001379,0.7007874015748031,1.0
EMC8,-0.12051281015060678,0.8582677165354331,1.0
COX4I1,0.061942681634238994,0.6377952755905512,1.0
IRF8,0.3271348924864359,0.7007874015748031,1.0
LINC02132,0.6887153602684339,0.48031496062992124,1.0
MTHFSD,-0.32499046159703604,0.7637795275590551,1.0
FBXO31,-1.1013175082345128,0.2755905511811024,1.0
MAP1LC3B,-0.18672078881717447,0.29133858267716534,1.0
ZCCHC14,-0.5432075824820988,0.7480314960629921,1.0
KLHDC4,0.1842744678851096,0.5039370078740157,1.0
SLC7A5,0.8014447746690783,0.5118110236220472,1.0
BANP,-0.5497380963680838,0.25196850393700787,1.0
ZNF469,-0.8613483202420351,0.30708661417322836,1.0
ZFPM1,0.07603207831352066,0.889763779527559,1.0
ZC3H18,0.20147398395671967,0.7322834645669292,1.0
CYBA,0.8460379238960742,0.4645669291338583,1.0
MVD,-0.05898731358564646,0.9606299212598425,1.0
SNAI3-AS1,-0.5463066410509017,0.4645669291338583,1.0
SNAI3,-0.5688914408369792,0.5669291338582677,1.0
RNF166,-0.9032790024235702,0.6141732283464567,1.0
PIEZO1,0.021856967269710648,0.9921259842519685,1.0
CDT1,-1.0794810794762004,0.2677165354330709,1.0
APRT,0.2294408063493023,0.4566929133858268,1.0
GALNS,-0.1971848359656554,0.3779527559055118,1.0
TRAPPC2L,0.40667929456991114,0.7322834645669292,1.0
ACSF3,0.36973462241726995,0.7322834645669292,1.0
AC009113.1,-0.5132527097587156,0.5590551181102362,1.0
ZNF778,-0.5287388669803379,0.5984251968503937,1.0
ANKRD11,0.14566205463948556,0.5433070866141733,1.0
SPG7,-0.4345174578180715,0.952755905511811,1.0
AC092123.2,0.4577251092024428,0.7401574803149606,1.0
RPL13,-0.06978621776045912,0.8818897637795275,1.0
CHMP1A,-0.4386038786111781,0.5354330708661418,1.0
SPATA33,0.6355083095717875,0.28346456692913385,1.0
CDK10,-0.33262039658018194,0.6771653543307087,1.0
SPATA2L,-0.020635381967266886,1.0,1.0
VPS9D1,-1.0764605972338472,0.3700787401574803,1.0
ZNF276,-0.49833046411347226,0.6220472440944882,1.0
FANCA,0.861213098960345,0.25984251968503935,1.0
SPIRE2,0.6275693520251631,0.6299212598425197,1.0
TCF25,-0.07394144153568671,0.8267716535433071,1.0
MC1R,-1.0852658704603446,0.29133858267716534,1.0
DEF8,0.5114455651536307,0.4645669291338583,1.0
AFG3L1P,-0.3684241279469296,0.3937007874015748,1.0
RPH3AL,-1.9093782263005783,0.09448818897637795,1.0
RFLNB,0.38268310834126673,0.29133858267716534,1.0
VPS53,-0.5852035176075887,0.33070866141732286,1.0
GEMIN4,0.5788675487393491,0.5748031496062992,1.0
GLOD4,-0.5354491417139204,0.11023622047244094,1.0
MRM3,-0.6487320253579782,0.4881889763779528,1.0
TIMM22,0.19798078200860658,0.6456692913385826,1.0
ABR,-1.0434986226534166,0.3464566929133858,1.0
YWHAE,-0.19813661854758458,0.5039370078740157,1.0
CRK,-1.413552291543195,0.25196850393700787,1.0
MYO1C,0.6493806336226484,0.5354330708661418,1.0
INPP5K,-0.9878060088238159,0.47244094488188976,1.0
PITPNA,-0.11236424549450064,0.7480314960629921,1.0
SLC43A2,-1.9287179244824189,0.14173228346456693,1.0
RILP,0.6854641384133473,0.5433070866141733,1.0
PRPF8,0.15374466784464857,0.6692913385826772,1.0
MIR22HG,-0.7169614978091396,0.2125984251968504,1.0
SERPINF1,-0.38915129621700895,0.7401574803149606,1.0
SMYD4,-0.14553746370306975,0.7637795275590551,1.0
RPA1,0.5273957732682453,0.23622047244094488,1.0
AC090617.6,-0.03455850510384728,0.9212598425196851,1.0
HIC1,-1.0390076529190972,0.4566929133858268,1.0
SMG6,1.2089289561050252,0.1968503937007874,1.0
SRR,-0.15069271650597038,0.7874015748031497,1.0
TSR1,-0.17119734243768026,0.7401574803149606,1.0
SGSM2,-0.4096949352044468,0.8031496062992126,1.0
MNT,-1.7438555771932234,0.2125984251968504,1.0
METTL16,-0.030127480072991375,0.937007874015748,1.0
PAFAH1B1,0.09669992304588781,0.6614173228346457,1.0
CLUH,0.6870364098228876,0.5354330708661418,1.0
RAP1GAP2,-0.9131805250589675,0.13385826771653545,1.0
TRPV3,-0.9545876954111476,0.3700787401574803,1.0
TRPV1,-1.0504204740825958,0.2677165354330709,1.0
CTNS,0.15859478012520034,0.6614173228346457,1.0
TAX1BP3,1.1892406200477694,0.28346456692913385,1.0
P2RX5,-0.39840881978769715,0.7244094488188977,1.0
ITGAE,1.3290089880261684,0.023622047244094488,1.0
NCBP3,0.39215167382773153,0.031496062992125984,1.0
ATP2A3,-0.08385382178890755,0.9212598425196851,1.0
ZZEF1,-0.6313849105393157,0.2204724409448819,1.0
CYB5D2,0.6719991879552365,0.6220472440944882,1.0
ANKFY1,0.5197939524642052,0.015748031496062992,1.0
UBE2G1,-0.10530909521347098,0.7952755905511811,1.0
SPNS3,-0.5092365211041676,0.6062992125984252,1.0
AC127521.1,0.7320049787556623,0.5275590551181102,1.0
MYBBP1A,0.5074554078702938,0.6299212598425197,1.0
TXNP4,0.5894241427006675,0.4409448818897638,1.0
PELP1,-0.23530188353160675,0.6850393700787402,1.0
ARRB2,0.09541846414111532,0.7007874015748031,1.0
MED11,-1.309622151153877,0.2283464566929134,1.0
CXCL16,0.08984580917563623,0.952755905511811,1.0
PSMB6,0.16774829071079544,0.7874015748031497,1.0
PLD2,1.1888242731153387,0.2440944881889764,1.0
MINK1,1.0155002330319571,0.3228346456692913,1.0
CHRNE,-0.15272040696298883,0.84251968503937,1.0
GP1BA,-1.41654162879982,0.047244094488188976,1.0
SLC25A11,0.007436880936969814,0.9763779527559056,1.0
RNF167,0.12494664706616199,0.8110236220472441,1.0
PFN1,0.1640528246927051,0.6456692913385826,1.0
ENO3,-1.0950656492630024,0.2755905511811024,1.0
SPAG7,-0.31768631027872996,0.30708661417322836,1.0
CAMTA2,-0.8732124835047208,0.5196850393700787,1.0
KIF1C,-0.983156509145581,0.4409448818897638,1.0
ZFP3,1.6941398266745973,0.2125984251968504,1.0
ZNF232,0.7736025593269076,0.4409448818897638,1.0
AC012146.1,0.6709045997695915,0.5039370078740157,1.0
ZNF594,-1.0241762568525261,0.29133858267716534,1.0
RABEP1,-0.3452876990355245,0.29133858267716534,1.0
NUP88,-0.3702922557084509,0.4251968503937008,1.0
RPAIN,-0.9969169764939712,0.3700787401574803,1.0
AC004148.2,-1.3802059352943827,0.07874015748031496,1.0
C1QBP,-0.6038839601122676,0.29133858267716534,1.0
DHX33,-0.1615483364206889,0.5748031496062992,1.0
DERL2,-0.3102463992979638,0.44881889763779526,1.0
MIS12,-0.37948724312296456,0.5984251968503937,1.0
NLRP1,-0.18320987984886816,0.6771653543307087,1.0
BTF3P14,-0.8876422998545419,0.4094488188976378,1.0
KIAA0753,0.25726162574185896,0.6535433070866141,1.0
TXNDC17,0.650060147031537,0.11023622047244094,1.0
MED31,0.04169162004535254,0.937007874015748,1.0
C17orf100,-0.23905422403781085,0.8110236220472441,1.0
XAF1,0.0947214749889711,0.8503937007874016,1.0
ALOX12P2,0.0932988053941235,0.9212598425196851,1.0
ALOX12-AS1,-0.38778011572129367,0.7874015748031497,1.0
AC040977.1,-1.1842992072374228,0.15748031496062992,1.0
RNASEK,-1.1554819007727697,0.2204724409448819,1.0
SLC16A13,-0.6155593912104589,0.5590551181102362,1.0
ACADVL,-0.6094079325087733,0.5590551181102362,1.0
DVL2,-0.14365267678489158,0.6850393700787402,1.0
PHF23,-0.015030741889183297,0.9921259842519685,1.0
CTDNEP1,-1.0998701049444963,0.3228346456692913,1.0
ELP5,-0.5332926012173456,0.4881889763779528,1.0
EIF5A,-0.21667656418152426,1.0,1.0
ACAP1,0.18359664832077005,0.84251968503937,1.0
KCTD11,-1.503693388222441,0.09448818897637795,1.0
TMEM256,0.2737986176536218,0.5511811023622047,1.0
NLGN2,-1.0615673764543767,0.25984251968503935,1.0
CHRNB1,-0.8928918294203028,0.4015748031496063,1.0
ZBTB4,-0.28141846934284587,0.2992125984251969,1.0
POLR2A,-0.08276449324540813,0.7795275590551181,1.0
TNFSF12,0.09793883069166931,0.8661417322834646,1.0
SENP3,0.6137239079317371,0.7086614173228346,1.0
EIF4A1,0.2800163452005826,0.47244094488188976,1.0
MPDU1,-0.9010997667724681,0.3779527559055118,1.0
FXR2,0.015462762472042257,0.9763779527559056,1.0
SAT2,-0.3219417116068959,0.5590551181102362,1.0
ATP1B2,-0.8144731648067293,0.3228346456692913,1.0
TP53,0.2614443622585467,0.5039370078740157,1.0
AC087388.1,-0.5266338869951945,0.6377952755905512,1.0
WRAP53,-0.26477558040517213,0.84251968503937,1.0
KDM6B,0.9229898872300186,0.5275590551181102,1.0
TMEM88,-0.31216102717174143,0.889763779527559,1.0
NAA38,0.5014403466037507,0.2204724409448819,1.0
CHD3,0.1911453179839544,0.4881889763779528,1.0
LINC02581,-0.24007159196335381,0.8031496062992126,1.0
TRAPPC1,0.03694570177770373,0.968503937007874,1.0
CNTROB,0.1800048471767992,0.6614173228346457,1.0
PER1,0.24985710324544375,0.8031496062992126,1.0
VAMP2,0.2094025164266924,0.47244094488188976,1.0
TMEM107,0.507327803753979,0.3464566929133858,1.0
BORCS6,-0.5943602117319307,0.7716535433070866,1.0
LINC00324,0.7311995647337453,0.25196850393700787,1.0
CTC1,0.23565179834438776,0.3858267716535433,1.0
PFAS,-0.22991640399675184,0.8976377952755905,1.0
SLC25A35,-0.0987483662857942,0.905511811023622,1.0
RPL26,-0.001431467090176497,1.0,1.0
NDEL1,0.25557822175797007,0.6850393700787402,1.0
PIK3R6,1.939177272463994,0.015748031496062992,1.0
PIK3R5,-0.28901791373116126,0.5669291338582677,1.0
STX8,0.21325920843270207,0.6535433070866141,1.0
GAS7,0.5597320960975853,0.07874015748031496,1.0
RPS27AP1,-0.05396746089341864,0.952755905511811,1.0
MYH3,-0.692283300873888,0.5275590551181102,1.0
SCO1,0.3040305108279773,0.5354330708661418,1.0
ADPRM,0.2021849401140301,0.8267716535433071,1.0
TMEM220,-0.79410290040585,0.5039370078740157,1.0
ZNF18,-1.4038843892921582,0.11023622047244094,1.0
MAP2K4,-0.01641738969979034,0.9763779527559056,1.0
ELAC2,0.04117282452177928,0.8740157480314961,1.0
COX10-AS1,-0.7476529981118611,0.5354330708661418,1.0
COX10,0.008558404626532568,0.984251968503937,1.0
HS3ST3B1,0.20273005876615446,0.6771653543307087,1.0
AC005224.4,-0.04903536111147999,0.952755905511811,1.0
RPS18P12,-0.42169370269156037,0.7716535433070866,1.0
TVP23C,1.2705333235134366,0.25196850393700787,1.0
TRIM16,0.6027209166364051,0.44881889763779526,1.0
ZNF286A,-2.2504529800659854,0.023622047244094488,1.0
ZSWIM7,-0.38813181692855814,0.2204724409448819,1.0
TTC19,-0.27336358400474037,0.2440944881889764,1.0
NCOR1,-0.1487250341229709,0.4251968503937008,1.0
AC002553.1,0.0261080158148268,0.952755905511811,1.0
PIGL,-0.3775983916809973,0.2047244094488189,1.0
CENPV,-0.7732273188575487,0.4251968503937008,1.0
UBB,-0.4282921692477606,0.25984251968503935,1.0
TRPV2,-0.2682790709079361,0.33070866141732286,1.0
LRRC75A-AS1,-0.19605973080680972,0.7874015748031497,1.0
AC093484.5,0.018731507793527502,0.9921259842519685,1.0
ZNF287,-1.196760149556293,0.1889763779527559,1.0
ZNF624,-1.0518465004742257,0.4015748031496063,1.0
UPF3AP1,-0.4168380957231217,0.6062992125984252,1.0
MPRIP,-0.13581250635278685,0.5433070866141733,1.0
PLD6,0.026288256343371064,0.9763779527559056,1.0
FLCN,-1.1262123151628742,0.28346456692913385,1.0
COPS3,0.6326876764687839,0.12598425196850394,1.0
RPL13P12,-0.24534391796067379,0.5826771653543307,1.0
MED9,-0.1893907492632414,0.905511811023622,1.0
RASD1,0.6367424273778242,0.6614173228346457,1.0
PEMT,-0.2584898815202865,0.8346456692913385,1.0
RAI1,0.005599335406557104,1.0,1.0
SREBF1,-0.3957911227244204,0.5905511811023622,1.0
TOM1L2,-0.8966450982875838,0.3937007874015748,1.0
ATPAF2,0.13129316254002799,0.889763779527559,1.0
GID4,1.0636679906999782,0.28346456692913385,1.0
DRG2,-1.228459500353374,0.2677165354330709,1.0
ALKBH5,-0.12161921111458707,0.6141732283464567,1.0
LLGL1,0.27094315127820257,0.7952755905511811,1.0
FLII,0.07721726397541051,0.968503937007874,1.0
MIEF2,0.13253381963398558,0.889763779527559,1.0
TOP3A,-0.24150281429416687,0.4645669291338583,1.0
SMCR8,-0.2171572915567226,0.6771653543307087,1.0
LGALS9C,-0.3537656864366494,0.7401574803149606,1.0
CCDC144B,2.6710346070063125,0.023622047244094488,1.0
AC026271.1,-0.005067573830369376,1.0,1.0
ZNF286B,0.058015525411484914,0.952755905511811,1.0
TRIM16L,1.7377856497826245,0.12598425196850394,1.0
TVP23B,-0.7984812620995525,0.5748031496062992,1.0
PRPSAP2,-0.4227352918081855,0.8346456692913385,1.0
FAM83G,-0.906602269065363,0.2755905511811024,1.0
SNORD3B-1,1.1335890307049215,0.44881889763779526,1.0
SNORD3B-2,0.774461394238959,0.6850393700787402,1.0
AC007952.4,-0.21720906154653363,0.8818897637795275,1.0
SNORD3A,0.04531871388041964,0.952755905511811,1.0
SNORD3C,-0.8686879689605429,0.4094488188976378,1.0
EPN2,0.5097700230932471,0.6692913385826772,1.0
MAPK7,-1.036490847035456,0.2677165354330709,1.0
RNF112,0.852836485906094,0.4330708661417323,1.0
RPS2P46,-1.4689143828109246,0.2047244094488189,1.0
ALDH3A2,0.6588800607154148,0.16535433070866143,1.0
ULK2,-0.5797197344101974,0.1889763779527559,1.0
AC015726.1,-0.710418059113963,0.44881889763779526,1.0
AKAP10,0.24559772203810226,0.5196850393700787,1.0
SPECC1,-0.5150371294555471,0.48031496062992124,1.0
KCTD9P1,-0.018981642395567988,0.9921259842519685,1.0
UPF3AP2,-0.49804876777281937,0.36220472440944884,1.0
LGALS9B,-1.4604817159952204,0.25984251968503935,1.0
USP22,0.8658296880193372,0.1732283464566929,1.0
DHRS7B,-1.1899207278003918,0.2047244094488189,1.0
TMEM11,-1.0519003399429112,0.33858267716535434,1.0
NATD1,-0.4422726411776128,0.5433070866141733,1.0
MAP2K3,0.25012557708946215,0.1732283464566929,1.0
RPL34P31,-0.35667120399015584,0.29133858267716534,1.0
WSB1,-0.4427250781291807,0.06299212598425197,1.0
KSR1,0.8316948256608279,0.31496062992125984,1.0
LGALS9,-1.343036965537756,0.3228346456692913,1.0
NLK,-0.6999034386745278,0.7795275590551181,1.0
TMEM97,0.24277715149306367,0.7952755905511811,1.0
IFT20,0.31401298136705424,0.6299212598425197,1.0
TNFAIP1,0.10272068457391192,0.8188976377952756,1.0
POLDIP2,-0.6981318718586493,0.9291338582677166,1.0
TMEM199,-0.004847550922285837,1.0,1.0
SARM1,0.27384221253996954,0.7165354330708661,1.0
RPS7P1,-0.1042968796382322,0.36220472440944884,1.0
UNC119,-1.311030051381488,0.2047244094488189,1.0
PIGS,-0.5948776785898087,0.2992125984251969,1.0
ALDOC,-2.65027061890712,0.015748031496062992,1.0
SPAG5,0.4220018704450794,0.6850393700787402,1.0
KIAA0100,0.12944548239879428,0.7244094488188977,1.0
SDF2,-0.42304857760492354,0.08661417322834646,1.0
SUPT6H,-1.1489170094744754,0.5984251968503937,1.0
PROCA1,-0.4146159947184114,0.6771653543307087,1.0
RPL23A,0.3024763832623343,0.3700787401574803,1.0
AC010761.1,-0.5215702733790291,0.5669291338582677,1.0
NEK8,-0.31152062606227815,0.7165354330708661,1.0
TRAF4,0.2448001212971711,0.7637795275590551,1.0
FAM222B,-0.5964031703995438,0.11023622047244094,1.0
ERAL1,0.21436051323322403,0.8740157480314961,1.0
FLOT2,0.12060498763691374,0.6220472440944882,1.0
PHF12,-0.2296882237320732,0.6850393700787402,1.0
AC024619.4,0.029965451343493932,0.952755905511811,1.0
MYO18A,-0.6435678935143003,0.49606299212598426,1.0
TWF1P1,-0.9486869889957013,0.3228346456692913,1.0
NUFIP2,-0.19511647784780717,0.5590551181102362,1.0
TAOK1,0.150512035424045,0.3700787401574803,1.0
ABHD15,-0.5702315668546452,0.3858267716535433,1.0
TP53I13,-0.5764712039548994,0.5590551181102362,1.0
GIT1,-0.5940579493614235,0.5354330708661418,1.0
ANKRD13B,1.1405406820618407,0.25984251968503935,1.0
SSH2,-0.26793863226340875,0.2755905511811024,1.0
AC104564.6,0.841582663105834,0.4645669291338583,1.0
NSRP1,0.44612469358329143,0.4645669291338583,1.0
BLMH,0.178220790487714,0.6929133858267716,1.0
CPD,0.3110277558825718,0.023622047244094488,1.0
GOSR1,-0.19055819617324055,0.6850393700787402,1.0
LRRC37BP1,0.7368057300731903,0.06299212598425197,1.0
SUZ12P1,0.05427043219817662,0.9212598425196851,1.0
CRLF3,-0.07826790062583555,0.6771653543307087,1.0
ATAD5,-0.05239041426429303,0.952755905511811,1.0
TEFM,0.7558319621000353,0.3700787401574803,1.0
RNF135,0.7795912069670785,0.2440944881889764,1.0
AC138207.8,-0.19715720120487634,0.8818897637795275,1.0
NF1,-0.7032652182040575,0.2677165354330709,1.0
EVI2B,0.0037242469819851465,0.984251968503937,1.0
EVI2A,0.6503068698229715,0.25196850393700787,1.0
RAB11FIP4,-0.3453266161740558,0.2047244094488189,1.0
COPRS,-0.15257235248200196,0.937007874015748,1.0
UTP6,-0.6531602938766259,0.984251968503937,1.0
SUZ12,-0.03816854215863774,0.9291338582677166,1.0
LRRC37B,-1.2460536451736015,0.18110236220472442,1.0
AC090616.7,-0.3095530927869048,0.7637795275590551,1.0
AC116407.2,-1.0881255100089096,0.18110236220472442,1.0
RHOT1,-0.09606799339322958,0.905511811023622,1.0
C17orf75,0.4890929679063838,0.5984251968503937,1.0
ZNF207,-0.38141880579212994,0.14960629921259844,1.0
PSMD11,-0.016993927754365146,0.9763779527559056,1.0
CDK5R1,-1.7324405053095622,0.05511811023622047,1.0
MYO1D,-0.9649694534380071,0.1968503937007874,1.0
TLK2P1,-1.156989779701132,0.15748031496062992,1.0
CCT6B,-0.23614893979304763,0.889763779527559,1.0
ZNF830,-0.8939340609948125,0.29133858267716534,1.0
LIG3,-0.568065448193706,0.08661417322834646,1.0
RFFL,-0.33892700664626263,0.8582677165354331,1.0
RAD51D,-0.43109662618667066,0.2677165354330709,1.0
NLE1,-0.0776156685675895,0.937007874015748,1.0
AC022916.1,1.2114167483481548,0.3700787401574803,1.0
SLFN5,0.5258124963171582,0.16535433070866143,1.0
AC022706.1,0.32956469872302074,0.7007874015748031,1.0
SLFN11,-0.1546601839509476,0.7952755905511811,1.0
AC060766.4,-0.5175054496882435,0.4566929133858268,1.0
SLFN12,0.07106420224612897,0.905511811023622,1.0
SLFN13,-0.25330301913047126,0.7874015748031497,1.0
AC015911.4,-0.6765303452221196,0.4330708661417323,1.0
SLFN12L,-0.27436910439582896,0.31496062992125984,1.0
AC015911.8,-1.1958686953797066,0.1889763779527559,1.0
AC015911.3,1.5427921910313547,0.09448818897637795,1.0
TOMM20P2,-0.5306478572035611,0.6929133858267716,1.0
LINC02001,0.6863183174248113,0.5669291338582677,1.0
PEX12,-1.1326928660347457,0.2755905511811024,1.0
AP2B1,0.32999496361670655,0.07874015748031496,1.0
TAF15,0.025591186155992318,0.8818897637795275,1.0
HEATR9,-0.7209396517180657,0.5039370078740157,1.0
AC015849.6,0.2079244417594328,0.8346456692913385,1.0
CCL5,0.6136017930627418,0.23622047244094488,1.0
AC244100.1,1.2329702971861143,0.14173228346456693,1.0
AC243829.4,2.30856517024452,0.023622047244094488,1.0
CCL3,0.8352587181500977,0.3543307086614173,1.0
CCL4,0.5944689178599241,0.2283464566929134,1.0
AC243829.2,-1.3492318403294317,0.2125984251968504,1.0
AC243829.1,0.49403020383066365,0.6535433070866141,1.0
CCL3L3,0.950602308064501,0.3543307086614173,1.0
CCL4L2,1.7978005147673102,0.023622047244094488,1.0
ZNHIT3,-0.9284681907368482,0.09448818897637795,1.0
MYO19,-0.9489160831907468,0.4330708661417323,1.0
PIGW,0.6414151002735622,0.15748031496062992,1.0
GGNBP2,0.01102893911123104,0.9763779527559056,1.0
DHRS11,-1.1071438325963967,0.2755905511811024,1.0
AATF,0.310180414773499,0.3858267716535433,1.0
ACACA,0.15825755017092513,0.7559055118110236,1.0
TADA2A,-0.09359224122718723,0.8346456692913385,1.0
DUSP14,-1.3119613502898724,0.015748031496062992,1.0
SYNRG,0.04749936473047622,0.8582677165354331,1.0
DDX52,0.2636191521304445,0.5905511811023622,1.0
TBC1D3L,0.04831002333677681,0.9606299212598425,1.0
MRPL45,0.051602804518683154,0.8740157480314961,1.0
SOCS7,0.029489800789767706,0.937007874015748,1.0
EPOP,-0.91825205356002,0.3464566929133858,1.0
AC006449.6,0.8309691376292125,0.3228346456692913,1.0
MLLT6,-0.2669957172522892,0.14960629921259844,1.0
CISD3,-0.27043896474998563,0.9291338582677166,1.0
PSMB3,0.33020924549767816,0.18110236220472442,1.0
PIP4K2B,-0.49340785516416563,0.30708661417322836,1.0
CWC25,-0.06844656742484378,0.7716535433070866,1.0
RPL23,0.06289299386748226,0.6614173228346457,1.0
LASP1,0.2825205752599933,0.28346456692913385,1.0
LINC00672,-1.7660435722037633,0.11023622047244094,1.0
PLXDC1,0.10152816032834266,0.9763779527559056,1.0
CACNB1,-0.14782332545344357,0.8740157480314961,1.0
RPL19,0.07549975193225933,0.9606299212598425,1.0
FBXL20,-0.7367141492811315,0.05511811023622047,1.0
AC005288.1,0.050085448139994604,0.889763779527559,1.0
MED1,0.01245057260405602,0.952755905511811,1.0
CDK12,-0.07971768466187967,0.7401574803149606,1.0
AC009283.1,-0.5231383802977416,0.5275590551181102,1.0
STARD3,-0.6870914035323885,0.8267716535433071,1.0
TCAP,0.7381648088498054,0.4330708661417323,1.0
PGAP3,0.1335854564891754,0.7401574803149606,1.0
ERBB2,-0.5794399491151858,0.6220472440944882,1.0
MIEN1,1.2715829593701073,0.31496062992125984,1.0
IKZF3,0.523361234528581,0.12598425196850394,1.0
GSDMB,1.0951095183437407,0.08661417322834646,1.0
ORMDL3,0.18788531446189083,0.5039370078740157,1.0
PSMD3,0.4324085692134698,0.23622047244094488,1.0
CSF3,0.8203316871704712,0.5275590551181102,1.0
MED24,-0.8428903011245907,0.7716535433070866,1.0
THRA,-0.4532083492823382,0.8976377952755905,1.0
NR1D1,-0.6088604652361003,0.5511811023622047,1.0
MSL1,0.05638229166450692,0.7480314960629921,1.0
CASC3,-0.4881313186231342,0.15748031496062992,1.0
RAPGEFL1,0.7548425105125034,0.49606299212598426,1.0
WIPF2,-0.09857150136469084,0.48031496062992124,1.0
RARA,-0.39688591258446326,0.8188976377952756,1.0
TOP2A,-1.11328004044841,0.25196850393700787,1.0
IGFBP4,1.0442775155715474,0.3937007874015748,1.0
AC004585.1,1.0132093522805454,0.28346456692913385,1.0
CCR7,0.3145011075494266,0.84251968503937,1.0
SMARCE1,0.124401699897013,0.6929133858267716,1.0
KRT10,0.39502059881368634,0.047244094488188976,1.0
TMEM99,0.6800161824689894,0.12598425196850394,1.0
EIF1,-0.031500341815938526,0.8976377952755905,1.0
JUP,0.5443494068385168,0.6299212598425197,1.0
P3H4,0.9833862789816323,0.07086614173228346,1.0
FKBP10,-0.7666346416388478,0.30708661417322836,1.0
NT5C3B,-0.8031898569145781,0.3937007874015748,1.0
AC125257.1,0.4360608237332637,0.47244094488188976,1.0
KLHL11,0.9826196554779626,0.29133858267716534,1.0
ACLY,0.4589084649037076,0.44881889763779526,1.0
CNP,-0.13034502980515672,0.5984251968503937,1.0
DNAJC7,0.007410198995262185,1.0,1.0
NKIRAS2,0.4160890761075646,0.3937007874015748,1.0
DHX58,-1.2899424087548192,0.07874015748031496,1.0
KAT2A,-0.6356447593724168,0.5984251968503937,1.0
RAB5C,-0.4583689817834644,0.6456692913385826,1.0
GHDC,-1.1139585146059865,0.33858267716535434,1.0
STAT5B,-0.2923015202621988,0.2204724409448819,1.0
STAT5A,0.1110593776694877,0.8582677165354331,1.0
STAT3,0.06921243672036415,0.7322834645669292,1.0
CAVIN1,0.9434267545610009,0.4409448818897638,1.0
PTP4A2P1,0.16138181852952238,0.3858267716535433,1.0
NAGLU,-0.30802187146506244,0.8582677165354331,1.0
COASY,-0.20985637177185001,0.7007874015748031,1.0
MLX,0.5449527193224886,0.10236220472440945,1.0
PSMC3IP,-1.2977669724049683,0.14173228346456693,1.0
RETREG3,-0.3839651868959555,0.3228346456692913,1.0
TUBG1,0.9008840490055483,0.3858267716535433,1.0
TUBG2,-1.7525314692213896,0.12598425196850394,1.0
CNTNAP1,0.1332134687766161,1.0,1.0
EZH1,0.24994557324786015,0.5511811023622047,1.0
RAMP2,1.7858106677690815,0.2125984251968504,1.0
VPS25,0.7782204752606208,0.2283464566929134,1.0
COA3,-0.2702701580792519,0.6220472440944882,1.0
BECN1,0.031172608192288287,0.9448818897637795,1.0
PSME3,0.344303698472471,0.2283464566929134,1.0
RUNDC1,-0.07731077049061108,0.905511811023622,1.0
RPL27,0.19294347279642743,0.3858267716535433,1.0
IFI35,-0.8487572316242158,0.7244094488188977,1.0
VAT1,0.14721192743880263,0.7165354330708661,1.0
BRCA1,-0.30202595418460065,0.8582677165354331,1.0
NBR2,-0.32059350126829744,0.6850393700787402,1.0
AC060780.1,-0.07751314903859141,0.905511811023622,1.0
NBR1,-0.10837215690027868,0.8267716535433071,1.0
TMEM106A,0.32574032254593677,0.8110236220472441,1.0
AC109326.1,1.2940797791516578,0.5433070866141733,1.0
LINC00910,1.1252168605088204,0.4094488188976378,1.0
ARL4D,-0.9113957845336245,0.4015748031496063,1.0
DHX8,-0.314690007130225,0.7952755905511811,1.0
MEOX1,1.7759431053516725,0.07086614173228346,1.0
AC055813.1,-0.07034497761880609,0.8740157480314961,1.0
DUSP3,1.1691012702775545,0.1889763779527559,1.0
TMEM101,1.3148743015454047,0.30708661417322836,1.0
LSM12,-0.9884639104759296,0.23622047244094488,1.0
G6PC3,0.6078412875529313,0.3543307086614173,1.0
HDAC5,-0.5934336640910138,0.6692913385826772,1.0
ASB16-AS1,-0.1958250056275248,0.6929133858267716,1.0
TMUB2,-0.8220081868063867,0.6535433070866141,1.0
ATXN7L3,0.3312480047992583,0.3779527559055118,1.0
UBTF,-0.01827815168723035,0.984251968503937,1.0
AC003102.1,-0.9879559847242486,0.13385826771653545,1.0
SLC25A39,0.5134929168690885,0.3779527559055118,1.0
GRN,-0.40199536194396135,0.8740157480314961,1.0
GPATCH8,-0.011509163342746653,0.968503937007874,1.0
CCDC43,-0.2608086712255302,0.5669291338582677,1.0
EFTUD2,0.32259389872007826,0.4566929133858268,1.0
DCAKD,0.31904337784106707,0.4251968503937008,1.0
NMT1,0.11511857100816858,0.8346456692913385,1.0
ACBD4,0.8291965043290717,0.3858267716535433,1.0
HEXIM1,-0.1725401580504471,0.8110236220472441,1.0
AC008105.3,0.10076862612214921,0.7322834645669292,1.0
FMNL1,-0.21742081112187783,0.7165354330708661,1.0
MAP3K14,1.0459974189198538,0.29133858267716534,1.0
ARHGAP27,0.09594713926759102,0.8818897637795275,1.0
PLEKHM1,-1.3109080343997142,0.4094488188976378,1.0
LRRC37A4P,-0.6700548627110305,0.7559055118110236,1.0
LINC02210,-0.02504517186890176,0.9921259842519685,1.0
KANSL1,-0.408708100109787,0.07874015748031496,1.0
KANSL1-AS1,-0.6494120762440678,0.5748031496062992,1.0
ARL17B,0.134386681397334,0.889763779527559,1.0
LRRC37A2,1.3977259123594283,0.12598425196850394,1.0
ARL17A,-0.9725111638407078,0.23622047244094488,1.0
NSF,0.5652592791957352,0.4330708661417323,1.0
RPS7P11,-0.07922910337320488,0.8976377952755905,1.0
GOSR2,0.04555751700953614,0.8661417322834646,1.0
LRRC37A17P,0.5716514882661139,0.5511811023622047,1.0
CDC27,0.09848784689952517,0.7716535433070866,1.0
NPEPPS,-0.3286951129179325,0.3543307086614173,1.0
KPNB1,0.03667949353681532,0.8346456692913385,1.0
TBKBP1,-0.49457559496866477,0.6850393700787402,1.0
TBX21,-0.23907561420555012,0.7637795275590551,1.0
OSBPL7,-0.05538783995293173,0.9291338582677166,1.0
MRPL10,-0.29866852138332245,0.6377952755905512,1.0
SCRN2,-0.2775560992399144,0.7637795275590551,1.0
AC018521.5,-0.23411400795322246,0.905511811023622,1.0
SP2,0.28930073105771914,0.6220472440944882,1.0
PNPO,0.8511356961092531,0.3543307086614173,1.0
COPZ2,1.09134175832801,0.25984251968503935,1.0
NFE2L1,-0.08266370144971358,0.889763779527559,1.0
CBX1,-0.39773754030993214,0.30708661417322836,1.0
SNX11,0.5763050560130702,0.33070866141732286,1.0
SKAP1,-0.09756409664429189,0.7322834645669292,1.0
HOXB2,-0.19615319419679533,0.6850393700787402,1.0
HOXB-AS1,-0.998249294946759,0.10236220472440945,1.0
HOXB3,0.02186787735538598,0.937007874015748,1.0
HOXB4,-0.8450311245577495,0.41732283464566927,1.0
LINC02086,-0.16243796942800492,0.8740157480314961,1.0
CALCOCO2,-0.07555029780177147,0.8346456692913385,1.0
ATP5G1,0.43980152794462946,0.49606299212598426,1.0
UBE2Z,-0.07907403986919892,0.7480314960629921,1.0
SNF8,-0.15355576826732165,0.6535433070866141,1.0
GNGT2,-0.03073470017849278,0.9763779527559056,1.0
ABI3,0.017646283834356957,0.952755905511811,1.0
PHOSPHO1,-0.3603807924404021,0.48031496062992124,1.0
ZNF652,-0.33981939706264086,0.5275590551181102,1.0
PHB,-0.2701706106023991,0.6850393700787402,1.0
EIF4EP2,-0.9552708323251038,0.3543307086614173,1.0
NGFR,-0.8460873089822128,0.25984251968503935,1.0
SPOP,-0.3047818893716254,0.4015748031496063,1.0
SLC35B1,-0.46512795479755464,0.41732283464566927,1.0
FAM117A,0.13308929255982171,0.7086614173228346,1.0
KAT7,0.2691940935405155,0.4094488188976378,1.0
AC027801.1,1.1547557369973456,0.25196850393700787,1.0
ITGA3,0.34939554550873764,0.5748031496062992,1.0
PPP1R9B,0.00483848261242148,1.0,1.0
COL1A1,-0.4206044886479017,0.8031496062992126,1.0
XYLT2,-0.9491749441567199,0.3779527559055118,1.0
MRPL27,0.415536150773093,0.3700787401574803,1.0
LRRC59,-1.5369360008543307,0.14173228346456693,1.0
ACSF2,-0.08881123935447088,0.9291338582677166,1.0
RSAD1,-0.24723302509528278,0.5984251968503937,1.0
SPATA20,0.24397566661992087,0.8110236220472441,1.0
ANKRD40,0.23570987355670248,0.7086614173228346,1.0
LUC7L3,-0.09979263613390899,0.6062992125984252,1.0
TOB1,-0.18468948420162512,0.6299212598425197,1.0
SPAG9,-0.026191335838924523,0.937007874015748,1.0
NME1,-0.3984822158243988,0.9291338582677166,1.0
MBTD1,-0.44755932811537935,0.2283464566929134,1.0
UTP18,-0.906554654261936,0.16535433070866143,1.0
COX11,0.3214330889367032,0.7952755905511811,1.0
AC007485.2,0.29920113624941336,0.7401574803149606,1.0
STXBP4,0.01204975983882095,0.9921259842519685,1.0
MMD,0.6526455030949565,0.31496062992125984,1.0
PCTP,1.3190094734995985,0.03937007874015748,1.0
C17orf67,-1.2437531877507326,0.12598425196850394,1.0
DGKE,0.1382135236150459,0.6929133858267716,1.0
TRIM25,-0.16941531194794202,0.7795275590551181,1.0
COIL,0.4475874012608614,0.6771653543307087,1.0
SCPEP1,-0.06362777892870053,0.905511811023622,1.0
AKAP1,-0.44739591731574535,0.9606299212598425,1.0
MSI2,0.29415915507740387,0.1889763779527559,1.0
MRPS23,0.17807549210053164,0.8188976377952756,1.0
VEZF1,-0.07918313002385435,0.8031496062992126,1.0
SRSF1,-0.008227033167757192,0.952755905511811,1.0
DYNLL2,-0.09843660177950841,0.7086614173228346,1.0
AC015813.6,-0.7385092680537886,0.4645669291338583,1.0
OR4D1,0.704683081752923,0.5039370078740157,1.0
MKS1,-1.0682554621139047,0.3937007874015748,1.0
TSPOAP1,-0.1714800362263924,0.6614173228346457,1.0
AC004687.1,-0.1145080214602423,0.9448818897637795,1.0
SUPT4H1,-0.04393281987150033,0.937007874015748,1.0
MTMR4,-0.7565304868623492,0.7165354330708661,1.0
SEPT4,0.2211655159725503,0.84251968503937,1.0
RAD51C,-0.2764507025841749,0.6220472440944882,1.0
TRIM37,0.39683638811542377,0.2992125984251969,1.0
SKA2,0.13758552087535403,0.7401574803149606,1.0
PRR11,-0.41707425223102357,0.6535433070866141,1.0
SMG8,-0.2654419649737454,0.8582677165354331,1.0
GDPD1,1.5278369654029047,0.08661417322834646,1.0
YPEL2,0.4110683767393164,0.25984251968503935,1.0
DHX40,-0.24940506984811428,0.31496062992125984,1.0
AC091271.1,-1.3961442128550108,0.13385826771653545,1.0
CLTC,0.038809471757794256,0.8976377952755905,1.0
PTRH2,-0.5577141880105851,0.33070866141732286,1.0
VMP1,0.4713066389555429,0.23622047244094488,1.0
TUBD1,-0.26211194021538775,0.84251968503937,1.0
RPS6KB1,0.1164523334894243,0.5826771653543307,1.0
RNFT1,0.7416837990086966,0.6141732283464567,1.0
HEATR6,-1.6040650491514126,0.12598425196850394,1.0
AC025048.6,-0.5163565330869972,0.5433070866141733,1.0
USP32,-0.3311625671036613,0.7795275590551181,1.0
RPL12P38,-1.0897860091549827,0.2992125984251969,1.0
APPBP2,-0.42975689225237446,0.2125984251968504,1.0
PPM1D,-0.47848711396005505,0.3228346456692913,1.0
BCAS3,-1.5923631495447461,0.25984251968503935,1.0
NACA2,-0.42051325275894147,0.30708661417322836,1.0
BRIP1,-0.38634875356866516,0.7637795275590551,1.0
INTS2,0.47848364291743817,0.41732283464566927,1.0
MED13,-0.2919928318945697,0.6771653543307087,1.0
AC008026.2,-0.30450474847759135,0.6929133858267716,1.0
METTL2A,0.22609079419868294,0.5905511811023622,1.0
TLK2,0.04640370509065672,0.8582677165354331,1.0
TANC2,-0.20960126502092802,0.7244094488188977,1.0
CYB561,0.39442265450887426,0.6771653543307087,1.0
DCAF7,-0.269257193820601,0.3228346456692913,1.0
TACO1,-0.7789079382614092,0.4645669291338583,1.0
MAP3K3,-0.9550779571663952,0.5118110236220472,1.0
STRADA,-0.2734412433830513,0.7401574803149606,1.0
LIMD2,-0.3491123272277168,0.7559055118110236,1.0
AC046185.3,-0.2603639386095655,0.8267716535433071,1.0
CCDC47,-0.6057652066894486,0.07874015748031496,1.0
DDX42,-0.16479603600206083,0.4330708661417323,1.0
FTSJ3,0.16047001896459,0.8188976377952756,1.0
PSMC5,0.12906963206989452,0.7322834645669292,1.0
SMARCD2,-0.2569306030246121,0.7244094488188977,1.0
CD79B,0.18069858969504127,0.8503937007874016,1.0
PRR29,-1.227256873392077,0.2283464566929134,1.0
ERN1,-0.21128476154853804,0.7007874015748031,1.0
SNHG25,-1.1234976360243012,0.5039370078740157,1.0
SNORD104,0.041045572739855096,0.9763779527559056,1.0
TEX2,-1.7813769488841236,0.10236220472440945,1.0
PECAM1,0.5624871641485694,0.4330708661417323,1.0
POLG2,0.4137291521057067,0.41732283464566927,1.0
DDX5,0.06564689668111967,0.8110236220472441,1.0
CEP95,0.12870235298845856,0.47244094488188976,1.0
SMURF2,-0.047120925783509016,0.9448818897637795,1.0
MINOS1P2,-0.9323666521872166,0.3228346456692913,1.0
ARHGAP27P1-BPTFP1-KPNA2P3,0.03864230923516976,0.9763779527559056,1.0
AC132812.1,-0.25026003337212543,0.7401574803149606,1.0
PLEKHM1P1,-0.4594814772893989,0.7165354330708661,1.0
AMZ2P1,-0.17731379819157667,0.7244094488188977,1.0
GNA13,-0.027505320832331925,0.9133858267716536,1.0
RGS9,0.45304871155585325,0.6377952755905512,1.0
CEP112,0.902027082084572,0.4094488188976378,1.0
PRKCA,0.15699545961330497,0.7559055118110236,1.0
HELZ,0.22708939217088187,0.28346456692913385,1.0
PSMD12,-0.11259784493193248,0.8818897637795275,1.0
PITPNC1,0.1652590474607143,0.2440944881889764,1.0
NOL11,-0.41974635156975904,0.5275590551181102,1.0
BPTF,0.06836993627952737,0.5118110236220472,1.0
C17orf58,0.17258780771437499,0.7874015748031497,1.0
KPNA2,-0.07633456481598788,0.8188976377952756,1.0
LINC00674,-0.5998067124439612,0.6377952755905512,1.0
LRRC37A16P,-1.0443891090177748,0.28346456692913385,1.0
AC005332.9,0.21350846458134498,0.8031496062992126,1.0
AC005332.6,0.11666679443808148,0.9448818897637795,1.0
AC005332.8,0.5938339905011558,0.6456692913385826,1.0
AC005332.10,0.7454459960862521,0.44881889763779526,1.0
AC005332.5,-0.23698971454697926,0.84251968503937,1.0
AC005332.7,-0.03761962777895622,0.9133858267716536,1.0
AMZ2,0.27539020595557595,0.25984251968503935,1.0
ARSG,0.5026890299687898,0.33070866141732286,1.0
SLC16A6,-0.1855814315841604,0.7952755905511811,1.0
WIPI1,0.06808456986624778,0.9212598425196851,1.0
PRKAR1A,0.15449036019951023,0.3700787401574803,1.0
ABCA5,0.04830644814365481,0.8188976377952756,1.0
MAP2K6,-0.4692509025151641,0.5118110236220472,1.0
AC002546.1,-0.6180536876602861,0.48031496062992124,1.0
MYL6P5,-0.9506491815995679,0.2677165354330709,1.0
SLC39A11,-0.5491062765791122,0.6535433070866141,1.0
AC025198.1,0.5753316686668533,0.5590551181102362,1.0
COG1,0.42772315656646454,0.1732283464566929,1.0
FAM104A,-0.2794088726533035,0.9212598425196851,1.0
C17orf80,-0.42697720131415684,0.7795275590551181,1.0
CDC42EP4,-1.3554533279867875,0.2283464566929134,1.0
SDK2,1.5179025011980587,0.14173228346456693,1.0
RPL38,0.03300365844837572,0.8346456692913385,1.0
TTYH2,-0.8631739012797373,0.3543307086614173,1.0
KIF19,-1.5643429957905808,0.11023622047244094,1.0
CD300A,0.10948070845216851,0.9291338582677166,1.0
CD300C,-1.2343869998026569,0.09448818897637795,1.0
RAB37,-0.4041714610693026,0.2047244094488189,1.0
CD300LF,0.003086009072576612,0.9763779527559056,1.0
SLC9A3R1,-0.284464193558712,0.33070866141732286,1.0
NAT9,-1.3368206871872397,0.14173228346456693,1.0
TMEM104,-0.24509215567929932,0.8188976377952756,1.0
FDXR,-1.3939936197384044,0.12598425196850394,1.0
MRPL58,-0.44561345520187334,0.2440944881889764,1.0
KCTD2,-0.36251686933873417,0.3700787401574803,1.0
ATP5H,-0.23543923276984113,0.44881889763779526,1.0
SLC16A5,-0.8599014983410449,0.3700787401574803,1.0
ARMC7,-0.3606826986699532,0.5354330708661418,1.0
NT5C,0.839697803221684,0.5590551181102362,1.0
JPT1,-0.021995067007501312,0.9291338582677166,1.0
SUMO2,0.04126700945996742,0.905511811023622,1.0
NUP85,-0.4294547615108826,0.48031496062992124,1.0
GGA3,0.2562327393538988,0.4094488188976378,1.0
MRPS7,-0.14770832330870265,0.8976377952755905,1.0
MIF4GD,0.4511306744896242,0.44881889763779526,1.0
GRB2,-0.04788278153628678,0.8031496062992126,1.0
TMEM94,0.454281421744704,0.4094488188976378,1.0
TSEN54,-0.3916797127433318,0.5354330708661418,1.0
LLGL2,0.21159084074874812,0.6299212598425197,1.0
MYO15B,0.0699175284559348,0.968503937007874,1.0
RECQL5,0.34731956037714107,0.6692913385826772,1.0
SAP30BP,-0.19262128279265323,0.6929133858267716,1.0
H3F3B,-0.0350677144569449,0.9133858267716536,1.0
UNK,-0.8325785476802023,0.7480314960629921,1.0
UNC13D,-0.17977597355726394,0.9291338582677166,1.0
WBP2,0.14791092533536254,0.6456692913385826,1.0
TRIM65,-0.18921567686121366,0.7795275590551181,1.0
FBF1,0.7365548394010903,0.3779527559055118,1.0
ACOX1,-0.7943760565235074,0.09448818897637795,1.0
SRP68,-0.3993784779666276,0.3228346456692913,1.0
EXOC7,-0.3446060200668062,0.8110236220472441,1.0
RNF157,0.5344663510572056,0.6377952755905512,1.0
ATF4P3,-0.06554867317607127,0.9212598425196851,1.0
UBALD2,0.3001430126649618,0.6220472440944882,1.0
PRPSAP1,0.15662053410243182,0.7559055118110236,1.0
SPHK1,-1.0712004039072676,0.30708661417322836,1.0
UBE2O,0.5286076782627922,0.41732283464566927,1.0
RHBDF2,-0.6385059221894314,0.9291338582677166,1.0
SNHG16,0.20670794753217248,0.7322834645669292,1.0
MXRA7,-0.5190426484125332,0.25196850393700787,1.0
JMJD6,0.06373804322884524,0.9133858267716536,1.0
METTL23,-0.28876715829732014,0.3858267716535433,1.0
SRSF2,-0.3426795459945513,0.15748031496062992,1.0
MFSD11,0.09001686737983405,0.9291338582677166,1.0
SNHG20,-1.5187336635124788,0.11023622047244094,1.0
SEC14L1,0.37197345720066544,0.3228346456692913,1.0
SEPT9,-0.020781355049194872,0.9763779527559056,1.0
TNRC6C,-0.05206457368007289,0.7795275590551181,1.0
TNRC6C-AS1,-0.13302227766432795,0.952755905511811,1.0
TMC6,-0.6010267396946682,0.2992125984251969,1.0
TMC8,0.10031111758147393,0.7322834645669292,1.0
SYNGR2,-0.9995274372948302,0.5433070866141733,1.0
TK1,0.3226068736396237,0.7874015748031497,1.0
SOCS3,0.3003901391884245,0.6535433070866141,1.0
PGS1,-0.3270805070758267,0.8818897637795275,1.0
CYTH1,-0.14849787984970586,0.7244094488188977,1.0
USP36,-0.4083374554006962,0.4645669291338583,1.0
TIMP2,0.540208949407659,0.5354330708661418,1.0
LGALS3BP,-1.2307506597051994,0.28346456692913385,1.0
CANT1,0.04376370143648689,0.9212598425196851,1.0
C1QTNF1,-0.9463358317309164,0.33858267716535434,1.0
ENGASE,-1.058882449213959,0.4330708661417323,1.0
CBX8,-0.4458317794787756,0.6535433070866141,1.0
CBX4,0.035991270869394576,0.9133858267716536,1.0
GAA,0.5336413121550876,0.5590551181102362,1.0
EIF4A3,-0.3180643197042867,0.4881889763779528,1.0
AC087741.1,0.7530256266074424,0.4881889763779528,1.0
SGSH,-1.3275352590518765,0.2047244094488189,1.0
SLC26A11,0.2663651540235259,0.5748031496062992,1.0
RNF213,-0.13118669148560969,0.7007874015748031,1.0
ENDOV,0.8537794230429876,0.3858267716535433,1.0
RPTOR,-0.8519852618998143,0.44881889763779526,1.0
BAIAP2-AS1,-0.41336573269498167,0.7637795275590551,1.0
BAIAP2,0.12708984700313475,1.0,1.0
CEP131,0.3511051412955183,0.7637795275590551,1.0
TEPSIN,-0.4331405009298206,0.937007874015748,1.0
NDUFAF8,-0.2275501833662501,0.968503937007874,1.0
SLC38A10,0.1774230920182669,0.9291338582677166,1.0
ACTG1,0.24404351819221226,0.6535433070866141,1.0
FAAP100,-0.07778924676718457,0.952755905511811,1.0
NPLOC4,0.06872925538779207,0.84251968503937,1.0
PDE6G,-1.0286875057536622,0.25984251968503935,1.0
OXLD1,0.6634255565577718,0.49606299212598426,1.0
CCDC137,-1.119228115001147,0.3700787401574803,1.0
ARL16,-0.09254299268666788,0.889763779527559,1.0
MCRIP1,-0.1356358089862093,0.9763779527559056,1.0
P4HB,-0.8582518578924954,0.47244094488188976,1.0
ARHGDIA,0.6395265275046311,0.48031496062992124,1.0
ALYREF,0.04889215929787216,0.9212598425196851,1.0
ANAPC11,-0.9899324455841887,0.5433070866141733,1.0
PCYT2,0.9969980920906107,0.3858267716535433,1.0
SIRT7,0.3958044269596579,0.18110236220472442,1.0
MAFG,0.34541504479063745,0.7322834645669292,1.0
ASPSCR1,0.22863915529285972,0.8110236220472441,1.0
CENPX,-0.5617462491678435,0.905511811023622,1.0
DCXR,0.11773646968281604,0.8661417322834646,1.0
RFNG,0.8666551276750338,0.5433070866141733,1.0
GPS1,0.3502800507286876,0.5118110236220472,1.0
DUS1L,-0.7872819570756233,0.6377952755905512,1.0
FASN,0.28746104449625376,0.5118110236220472,1.0
CCDC57,-0.15164347631493236,0.9133858267716536,1.0
SLC16A3,-0.8867795461720283,0.6299212598425197,1.0
CSNK1D,-0.48374722813105553,0.4015748031496063,1.0
AC132872.1,-0.12936283870574794,0.8346456692913385,1.0
CD7,0.2183917592406983,0.889763779527559,1.0
OGFOD3,-0.6868933234701058,0.49606299212598426,1.0
HEXDC,-0.7450980356037187,0.4645669291338583,1.0
C17orf62,0.04193284451568946,0.952755905511811,1.0
NARF,-0.24597379731870017,0.6771653543307087,1.0
FOXK2,0.201805813681176,0.6771653543307087,1.0
WDR45B,0.1859884434185224,0.6299212598425197,1.0
RAB40B,0.26128093766856386,0.84251968503937,1.0
FN3KRP,-0.224390883504495,0.6692913385826772,1.0
TBCD,-0.22748665800732049,0.84251968503937,1.0
B3GNTL1,-0.40718444474118765,0.6456692913385826,1.0
METRNL,-0.06718318490075337,0.9212598425196851,1.0
AC144831.1,-0.5705919228044086,0.49606299212598426,1.0
ROCK1P1,-1.228108030316272,0.2440944881889764,1.0
USP14,0.18770595495381226,0.30708661417322836,1.0
THOC1,-0.11908139751221736,0.6535433070866141,1.0
TYMS,-0.031633395769816275,0.984251968503937,1.0
ENOSF1,-1.3915373268281526,0.2755905511811024,1.0
YES1,0.11032086385538165,0.7086614173228346,1.0
METTL4,0.5186577634546703,0.2047244094488189,1.0
NDC80,-0.2894642903323126,0.905511811023622,1.0
CBX3P2,0.4592799026764418,0.6850393700787402,1.0
SMCHD1,0.04282461476837707,0.905511811023622,1.0
EMILIN2,-1.245393092401827,0.2047244094488189,1.0
LPIN2,-0.3856401365880071,0.5118110236220472,1.0
AP000919.1,0.5190948703237437,0.2440944881889764,1.0
MYOM1,-2.5062812838508144,0.031496062992125984,1.0
MYL12A,0.37520606397847267,0.36220472440944884,1.0
MYL12B,0.26884686287035287,0.2677165354330709,1.0
TGIF1,-1.2286249033498367,0.4645669291338583,1.0
DLGAP1-AS1,0.20865737806869022,0.8818897637795275,1.0
DLGAP1-AS2,0.8745784346128693,0.3858267716535433,1.0
LINC00667,0.1385875707579478,0.7952755905511811,1.0
ZBTB14,0.15044046986282833,0.8031496062992126,1.0
L3MBTL4,-0.7568018745131782,0.2440944881889764,1.0
RPL6P27,0.11298410154352112,0.5275590551181102,1.0
PTPRM,0.35424158973215825,0.7559055118110236,1.0
RAB12,-0.8983194300418824,0.5433070866141733,1.0
NDUFV2-AS1,0.47942172397024807,0.5905511811023622,1.0
ANKRD12,0.0395618654258012,0.8346456692913385,1.0
AP001033.2,-1.6966694259499655,0.03937007874015748,1.0
TWSG1,-0.0017019031792671058,0.9921259842519685,1.0
RALBP1,-0.0776391860075698,0.7559055118110236,1.0
PPP4R1,0.1311931959729744,0.5669291338582677,1.0
RAB31,-0.9143529985746754,0.2992125984251969,1.0
VAPA,-0.35434315504904124,0.1732283464566929,1.0
NAPG,-0.3712984857473618,0.44881889763779526,1.0
GNAL,-0.31016027627395104,0.5905511811023622,1.0
CHMP1B,-0.6140868096242089,0.31496062992125984,1.0
MPPE1,-1.6412175998689653,0.07086614173228346,1.0
IMPA2,-0.14536485616652395,0.937007874015748,1.0
AFG3L2,1.4606187942356899,0.023622047244094488,1.0
SPIRE1,0.3809101060091047,0.7559055118110236,1.0
PSMG2,-0.008437877854319709,0.9763779527559056,1.0
CEP76,-1.0432980798855276,0.09448818897637795,1.0
AP005482.3,-0.3301093646712181,0.6850393700787402,1.0
LINC01882,-0.7893843032979222,0.41732283464566927,1.0
AP005482.1,-0.6880872466015288,0.25196850393700787,1.0
PTPN2,-0.01563149859001367,0.952755905511811,1.0
SEH1L,0.3250342549828926,0.3858267716535433,1.0
CEP192,-0.3410359499829285,0.3464566929133858,1.0
LDLRAD4,1.2154691952586854,0.16535433070866143,1.0
FAM210A,-1.3358709220831617,0.3779527559055118,1.0
RNMT,0.3517965072919944,0.36220472440944884,1.0
ZNF519,-0.5935325281280379,0.5905511811023622,1.0
ANKRD20A5P,0.11962007086749882,0.937007874015748,1.0
AP005212.5,-1.5472347529571855,0.05511811023622047,1.0
TERF1P2,-0.20656146879559034,0.7637795275590551,1.0
ROCK1,-0.0013157110932962013,1.0,1.0
ESCO1,0.027760796118935005,0.937007874015748,1.0
SNRPD1,-0.020198293610396156,0.9448818897637795,1.0
ABHD3,0.3732188445477336,0.11023622047244094,1.0
MIB1,-0.22210956038377194,0.5669291338582677,1.0
AC027449.1,0.46297975933047786,0.5275590551181102,1.0
CTAGE1,0.08021745344308684,0.937007874015748,1.0
RBBP8,0.10414694716036799,0.8188976377952756,1.0
CABLES1,-0.5651194791565838,0.41732283464566927,1.0
TMEM241,-1.6940911722086467,0.08661417322834646,1.0
RIOK3,0.06908613305694988,0.7637795275590551,1.0
C18orf8,-0.06664733377113308,0.889763779527559,1.0
NPC1,-0.21481538600057348,0.8031496062992126,1.0
TTC39C,0.8217099455454795,0.031496062992125984,1.0
AC090772.4,0.46394495718560513,0.7559055118110236,1.0
IMPACT,-0.20163788719205566,0.6929133858267716,1.0
SS18,-0.39040621240857565,0.2125984251968504,1.0
TAF4B,-0.1021584877325421,0.937007874015748,1.0
KCTD1,-0.7595610389595624,0.3858267716535433,1.0
B4GALT6,-0.05637462731993281,0.9212598425196851,1.0
AC017100.1,0.12379663432088206,1.0,1.0
TRAPPC8,-0.00308722366243952,0.9763779527559056,1.0
AC009831.1,-0.9363930258913891,0.2755905511811024,1.0
RNF125,-0.22945969609572447,0.18110236220472442,1.0
AC009831.4,0.5947766564774554,0.84251968503937,1.0
RNF138,-0.2322632006719827,0.25196850393700787,1.0
WBP11P1,0.08394239338495191,0.84251968503937,1.0
MAPRE2,0.05250054833759332,0.7007874015748031,1.0
ZNF397,-0.631391000349649,0.7165354330708661,1.0
ZSCAN30,1.1261047731125577,0.3937007874015748,1.0
ZNF271P,-0.44432531164263,0.16535433070866143,1.0
ZNF24,-0.06172524309056637,0.8188976377952756,1.0
ZNF396,0.06593635617077398,0.9763779527559056,1.0
INO80C,-0.7563121004720457,0.7716535433070866,1.0
GALNT1,0.41981826387871823,0.14960629921259844,1.0
C18orf21,-0.27748524713224976,0.7322834645669292,1.0
RPRD1A,-1.8745786076645876,0.047244094488188976,1.0
SLC39A6,-0.3473420808347347,0.2992125984251969,1.0
ELP2,-0.17524212082493484,0.6062992125984252,1.0
TPGS2,0.07914399913898684,0.9133858267716536,1.0
KIAA1328,-0.8516153307513967,0.3779527559055118,1.0
RPL7AP66,-0.7399975379253368,0.4015748031496063,1.0
PIK3C3,-0.16301085575519636,0.7322834645669292,1.0
SETBP1,-0.2875929565076145,0.5905511811023622,1.0
SLC14A1,0.034429172377141715,0.968503937007874,1.0
EPG5,-0.40610429853555274,0.11811023622047244,1.0
PSTPIP2,-0.9396615264806636,0.5354330708661418,1.0
ATP5A1,0.22730761182495574,0.5905511811023622,1.0
HAUS1,0.45306808868756043,0.5511811023622047,1.0
C18orf25,-0.19492802988675884,0.3937007874015748,1.0
RNF165,-0.6867003953987396,0.6614173228346457,1.0
PIAS2,-0.45918447157443065,0.4330708661417323,1.0
IER3IP1,-0.21366662571626627,0.4645669291338583,1.0
TPMTP1,-0.5550687177429201,0.5984251968503937,1.0
SMAD2,-0.4386444071781712,0.11811023622047244,1.0
SMAD7,-0.598951744059848,0.14173228346456693,1.0
DYM,0.12550269730548003,0.5984251968503937,1.0
C18orf32,0.06817735287924198,0.952755905511811,1.0
RPL17,-0.2380663667710814,0.7874015748031497,1.0
ACAA2,-0.6249133207450841,0.2283464566929134,1.0
MYO5B,0.8578087932769466,0.3700787401574803,1.0
MBD1,-0.2415395845903765,0.3228346456692913,1.0
CXXC1,-1.2417452866381171,0.33070866141732286,1.0
ME2,0.09627815636613235,0.7322834645669292,1.0
ELAC1,0.5156172672842212,0.25196850393700787,1.0
SMAD4,-0.4487929874497141,0.1889763779527559,1.0
MEX3C,-0.270945781532415,0.25196850393700787,1.0
MBD2,0.16399314900036277,0.3464566929133858,1.0
POLI,-0.5989264939395929,0.6141732283464567,1.0
SNRPGP2,-0.8632696429953821,0.015748031496062992,1.0
RAB27B,-0.20905779949552272,0.6141732283464567,1.0
TCF4,0.3951960652853219,0.6614173228346457,1.0
TXNL1,0.003217328510339179,0.984251968503937,1.0
WDR7,0.1907143319095237,0.5196850393700787,1.0
FECH,-1.3310376753153035,0.3543307086614173,1.0
NARS,0.07387854859786458,0.8503937007874016,1.0
AC027097.1,-0.1206336514645705,0.6850393700787402,1.0
NEDD4L,0.744216506374371,0.3700787401574803,1.0
MALT1,-0.10360122053534404,0.6062992125984252,1.0
ZNF532,-1.0813550921864286,0.36220472440944884,1.0
SEC11C,0.10494475890194455,0.8503937007874016,1.0
LMAN1,0.23162416077744918,0.5196850393700787,1.0
PMAIP1,-0.5728016917951679,0.5118110236220472,1.0
FAM60CP,0.057371535269033824,0.9133858267716536,1.0
RNF152,-0.38123199823366827,0.6929133858267716,1.0
PIGN,0.8260481047376866,0.11023622047244094,1.0
KIAA1468,-0.27737597407304104,0.2125984251968504,1.0
TNFRSF11A,-0.09279571019424226,0.952755905511811,1.0
ZCCHC2,-0.07318434931178874,0.7165354330708661,1.0
PHLPP1,-0.44800270353726734,0.6456692913385826,1.0
BCL2,-0.05490253320586369,0.8110236220472441,1.0
KDSR,0.7146243982920497,0.3228346456692913,1.0
VPS4B,0.2814138483102431,0.3464566929133858,1.0
SERPINB8,0.7123123963290818,0.06299212598425197,1.0
AC022968.1,-0.9591645311854342,0.30708661417322836,1.0
TMX3,0.14324658879450247,0.3937007874015748,1.0
CCDC102B,-0.049324297545335405,0.9212598425196851,1.0
DOK6,0.012365580114502617,1.0,1.0
CD226,0.4327622294508142,0.2677165354330709,1.0
RTTN,0.07140465099536675,0.8267716535433071,1.0
TIMM21,0.7747859908859351,0.3464566929133858,1.0
CYB5A,0.01546912378360421,0.968503937007874,1.0
FAUP1,-0.6967359548599221,0.984251968503937,1.0
CNDP2,-0.17112300324609198,0.4566929133858268,1.0
LINC00909,0.08067887015069308,0.937007874015748,1.0
ZNF407,-0.872586025082184,0.5433070866141733,1.0
AC015819.1,0.3272372497221301,0.7401574803149606,1.0
ZADH2,-0.31840902757271294,0.33858267716535434,1.0
TSHZ1,-0.03537558858970247,0.9212598425196851,1.0
ZNF516,-0.5694305045803603,0.47244094488188976,1.0
AC027575.4,-0.5047927899153469,0.5590551181102362,1.0
ZNF236,-0.11416971845042223,0.7795275590551181,1.0
MBP,-0.26994563817430084,0.4409448818897638,1.0
ATP9B,-0.5461736047259667,0.7795275590551181,1.0
NFATC1,-0.5285411177881101,0.41732283464566927,1.0
CTDP1,-0.5123766560325054,0.6456692913385826,1.0
PQLC1,-0.19117498243682762,0.8346456692913385,1.0
HSBP1L1,-2.2500867344813,0.07874015748031496,1.0
TXNL4A,-0.4394659690166032,0.14960629921259844,1.0
RBFA,0.4772612651701582,0.2440944881889764,1.0
ADNP2,-0.27139719684807595,0.4251968503937008,1.0
C20orf96,-0.7606405683799332,0.29133858267716534,1.0
ZCCHC3,-0.9782059584450105,0.5511811023622047,1.0
SOX12,-1.1614812862401025,0.2047244094488189,1.0
NRSN2,0.9867247080037289,0.33070866141732286,1.0
TRIB3,0.24068253819987406,0.8346456692913385,1.0
RBCK1,0.16815643141512293,0.6929133858267716,1.0
TBC1D20,0.28920738027390236,0.2047244094488189,1.0
CSNK2A1,0.245794509325167,0.41732283464566927,1.0
FAM110A,-0.10012108015905063,0.7322834645669292,1.0
PSMF1,0.06619052653404545,0.7795275590551181,1.0
SNPH,-0.843806420996146,0.4015748031496063,1.0
SDCBP2-AS1,-1.2504012880503625,0.23622047244094488,1.0
FKBP1A,0.8226576517396333,0.023622047244094488,1.0
NSFL1C,-0.7779185473332761,0.7007874015748031,1.0
SIRPG,2.2195721220701836,0.015748031496062992,1.0
STK35,-0.7554248696516552,0.7244094488188977,1.0
SNRPB,0.3448937120831239,0.5196850393700787,1.0
ZNF343,0.9458994361084426,0.2755905511811024,1.0
NOP56,-0.2693051589144533,0.23622047244094488,1.0
IDH3B,-0.5248278209489419,0.30708661417322836,1.0
CPXM1,-0.18993261161839736,1.0,1.0
PCED1A,0.08616199448246675,0.8740157480314961,1.0
VPS16,0.8009476181895643,0.6377952755905512,1.0
PTPRA,0.05144011017041894,0.7716535433070866,1.0
MRPS26,0.22015223161832642,0.5590551181102362,1.0
UBOX5,0.2542158851015075,0.7795275590551181,1.0
FASTKD5,-0.007451321270160349,0.9921259842519685,1.0
DDRGK1,0.35466916308894136,0.7007874015748031,1.0
ITPA,-1.2439825890924756,0.2440944881889764,1.0
C20orf194,-0.009056858274459678,0.9763779527559056,1.0
ATRN,-0.15939254094728206,0.7795275590551181,1.0
C20orf27,0.9954450461992208,0.5118110236220472,1.0
CENPB,-0.31155175518673595,0.9212598425196851,1.0
CDC25B,0.03495149799495412,0.984251968503937,1.0
AP5S1,0.048272230655962645,0.9212598425196851,1.0
MAVS,0.42394414839998973,0.047244094488188976,1.0
PANK2,1.0373550148688269,0.5669291338582677,1.0
RNF24,-1.1683086756986722,0.36220472440944884,1.0
FTLP3,-0.5067581141922073,0.11023622047244094,1.0
SMOX,-0.797004708518718,0.6456692913385826,1.0
RPS4XP2,-0.2543225695480946,0.6141732283464567,1.0
PRNP,-0.06009015121595329,0.8031496062992126,1.0
RASSF2,-0.15488441281019938,0.6220472440944882,1.0
SLC23A2,-0.5015078344674961,0.5196850393700787,1.0
TMEM230,-0.1518376529721559,0.3858267716535433,1.0
PCNA,-0.3053296054075041,0.5275590551181102,1.0
CDS2,0.010109894162899202,0.984251968503937,1.0
UBE2D3P1,0.20369169908404583,0.6771653543307087,1.0
GPCPD1,-0.009436278466576908,0.984251968503937,1.0
C20orf196,0.9273080259440891,0.36220472440944884,1.0
TRMT6,-0.11360679159766374,0.8267716535433071,1.0
MCM8,-1.2898489311530965,0.2125984251968504,1.0
CRLS1,-1.2310722151998124,0.41732283464566927,1.0
AL109618.1,-0.47726624692259634,0.2125984251968504,1.0
BMP2,0.36942603667318075,0.7874015748031497,1.0
TMX4,-0.0023151615196770337,0.968503937007874,1.0
PLCB1,-0.6444447247168048,0.25984251968503935,1.0
PLCB4,0.22517729823385224,0.8582677165354331,1.0
ANKEF1,-0.6535379229741434,0.5748031496062992,1.0
SDAD1P2,0.968157350525515,0.3779527559055118,1.0
MKKS,-1.1994976960063557,0.29133858267716534,1.0
SLX4IP,-0.36560778242252767,0.7637795275590551,1.0
JAG1,-0.47192049779058687,0.7086614173228346,1.0
BTBD3,-0.17794592937187836,0.8582677165354331,1.0
SPTLC3,-1.3001780709240307,0.1732283464566929,1.0
TASP1,-0.7712428046251767,0.5118110236220472,1.0
ESF1,0.14746465091284122,0.7952755905511811,1.0
NDUFAF5,0.07803808523574762,0.8818897637795275,1.0
KIF16B,-2.4926533467979697,0.031496062992125984,1.0
SNRPB2,-0.06174948209592568,0.8582677165354331,1.0
BFSP1,-0.6070933330661927,0.5826771653543307,1.0
DSTN,0.08261078940411704,0.889763779527559,1.0
RRBP1,0.06640287182219229,0.889763779527559,1.0
SNX5,-0.06630381978232869,0.8661417322834646,1.0
MGME1,0.5548607095916642,0.6377952755905512,1.0
KAT14,0.5731857647122807,0.3228346456692913,1.0
ZNF133,1.3773566486693234,0.14960629921259844,1.0
DZANK1,0.6956855018524688,0.49606299212598426,1.0
POLR3F,0.3368922308411677,0.8976377952755905,1.0
RBBP9,-0.8136310855514739,0.14173228346456693,1.0
RPS19P1,-0.13626232811646766,0.7401574803149606,1.0
SEC23B,-0.12850731003014015,0.7716535433070866,1.0
SMIM26,-0.36903851574525337,0.4566929133858268,1.0
DTD1,0.16260008718788477,0.7795275590551181,1.0
NAA20,0.1459711342376453,0.7559055118110236,1.0
CRNKL1,0.1571244746523508,0.6771653543307087,1.0
RALGAPA2,0.9871815318756854,0.023622047244094488,1.0
RPL24P2,1.2836193388131343,0.1968503937007874,1.0
KIZ,-0.26327476598265687,0.5118110236220472,1.0
RPS15AP1,-0.3536023380625881,0.3464566929133858,1.0
XRN2,0.2255584092902616,0.5905511811023622,1.0
THBD,1.3814428906744713,0.11811023622047244,1.0
CD93,1.1087295097528789,0.31496062992125984,1.0
NXT1,-0.2216065520492876,0.6299212598425197,1.0
GZF1,0.4374129720974489,0.11811023622047244,1.0
NAPB,-0.3446999723591526,0.4881889763779528,1.0
CST3,0.34397063906944236,0.7086614173228346,1.0
CST7,0.2627486583804952,0.6299212598425197,1.0
APMAP,-0.30720019740557625,0.41732283464566927,1.0
ACSS1,-1.1503373997443722,0.3937007874015748,1.0
ENTPD6,-0.06920502617371893,0.968503937007874,1.0
PYGB,-1.0689288557653738,0.3779527559055118,1.0
ABHD12,-0.3038098353770051,0.9448818897637795,1.0
GINS1,-0.05288459655367639,0.952755905511811,1.0
NINL,-0.020848145292879705,1.0,1.0
NANP,-2.149326851273079,0.023622047244094488,1.0
FRG1CP,0.3746678524083351,0.8110236220472441,1.0
FRG1BP,0.3466466721014463,0.7322834645669292,1.0
HM13,0.1421659509471933,0.4566929133858268,1.0
ID1,-0.5271186190261954,0.2204724409448819,1.0
BCL2L1,0.15546169828262624,0.8110236220472441,1.0
TPX2,0.5189569385843509,0.6377952755905512,1.0
PDRG1,-0.6623312876391738,0.7244094488188977,1.0
HCK,-0.09353703077014242,0.905511811023622,1.0
TM9SF4,-0.11653739489165371,0.7795275590551181,1.0
TSPY26P,1.3677039913466456,0.2125984251968504,1.0
PLAGL2,-0.6854246858963888,0.16535433070866143,1.0
POFUT1,-0.39744285067284313,0.7244094488188977,1.0
KIF3B,0.3054625327346585,0.36220472440944884,1.0
ASXL1,-0.6695610887917498,0.023622047244094488,1.0
NOL4L,0.10495316118007647,0.8582677165354331,1.0
COMMD7,0.24946633327666756,0.5354330708661418,1.0
MAPRE1,-0.24859480975933845,0.2677165354330709,1.0
AL035071.1,-0.4101336884911162,0.5118110236220472,1.0
CDK5RAP1,-0.07528669012265432,0.7480314960629921,1.0
SNTA1,1.3687777759248414,0.03937007874015748,1.0
CBFA2T2,-0.4695925379457595,0.12598425196850394,1.0
NECAB3,0.6960148979854317,0.5669291338582677,1.0
ACTL10,-1.4004733286586086,0.11023622047244094,1.0
E2F1,-0.3297320468196634,0.8346456692913385,1.0
PXMP4,-1.0100924826499043,0.2755905511811024,1.0
ZNF341,0.9381334347702772,0.25984251968503935,1.0
RPL31P2,-0.4928105089993242,0.6220472440944882,1.0
CHMP4B,0.09900708783343148,0.5196850393700787,1.0
RALY,0.7063720405501801,0.41732283464566927,1.0
EIF2S2,-0.14161566848829832,0.6535433070866141,1.0
XPOTP1,1.8109503421862263,0.06299212598425197,1.0
AL035458.1,-0.1316813305776976,0.84251968503937,1.0
AHCY,-0.7063134712863404,0.6456692913385826,1.0
ITCH,-0.04579297234453339,0.8661417322834646,1.0
DYNLRB1,0.7126931794391735,0.031496062992125984,1.0
MAP1LC3A,-0.6647666239035146,0.6220472440944882,1.0
PIGU,0.6710838752275281,0.18110236220472442,1.0
NCOA6,-0.03490663241360714,0.8346456692913385,1.0
TP53INP2,0.9640863668440005,0.4094488188976378,1.0
GGT7,-1.97409346957911,0.047244094488188976,1.0
GSS,0.396419141069174,0.18110236220472442,1.0
TRPC4AP,-0.5718972363457082,0.3700787401574803,1.0
EDEM2,-0.4746362814819065,0.8503937007874016,1.0
PROCR,-0.2653631700819763,0.7874015748031497,1.0
MMP24OS,0.05042347911476952,1.0,1.0
EIF6,0.021884263935310067,0.968503937007874,1.0
UQCC1,0.3558733404479524,0.6220472440944882,1.0
CEP250,1.0859488668765467,0.047244094488188976,1.0
ERGIC3,0.38727718275116096,0.3700787401574803,1.0
SPAG4,-1.2191941582652845,0.2992125984251969,1.0
CPNE1,0.4528799165986017,0.3464566929133858,1.0
RBM12,0.15928350642426015,0.5984251968503937,1.0
NFS1,-0.6777919336690474,0.41732283464566927,1.0
ROMO1,0.7400042350704128,0.12598425196850394,1.0
RBM39,-0.2008169887098834,0.29133858267716534,1.0
PHF20,0.08676207470843167,0.7874015748031497,1.0
SCAND1,-0.6642278759323859,0.5590551181102362,1.0
NORAD,-0.23165948232818945,0.1889763779527559,1.0
AAR2,-0.2508507276289378,0.8582677165354331,1.0
DLGAP4,0.3239307458947902,0.7401574803149606,1.0
MYL9,0.9064727168173842,0.5275590551181102,1.0
TGIF2,-1.5103241363386406,0.2992125984251969,1.0
SLA2,0.14330349887166438,0.6377952755905512,1.0
NDRG3,0.2387223577174744,0.6929133858267716,1.0
DSN1,-1.2056898002869691,0.1889763779527559,1.0
SOGA1,-0.0024528645240804448,1.0,1.0
TLDC2,0.7239136069222145,0.49606299212598426,1.0
SAMHD1,0.20133436065820032,0.7952755905511811,1.0
RBL1,1.055234485927527,0.5669291338582677,1.0
RPN2,0.00017546727262551798,0.9921259842519685,1.0
MANBAL,-0.680739383912357,0.5984251968503937,1.0
SRC,0.23766845614722776,0.905511811023622,1.0
BLCAP,-0.6781644876465336,0.047244094488188976,1.0
CTNNBL1,0.056561545606229835,0.7952755905511811,1.0
TTI1,-0.049783004945159526,0.9212598425196851,1.0
RPRD1B,-0.19086049281496198,0.7086614173228346,1.0
TGM2,-0.04516987804700601,0.952755905511811,1.0
SNHG17,-0.18037631526922615,0.5354330708661418,1.0
SNHG11,0.8430196680055637,0.3858267716535433,1.0
RALGAPB,-0.26118450216714084,0.4330708661417323,1.0
ACTR5,0.3424303485479423,0.6299212598425197,1.0
PPP1R16B,0.5263498083976055,0.15748031496062992,1.0
FAM83D,0.22596367429135378,0.8110236220472441,1.0
DHX35,-0.5427362933727027,0.5826771653543307,1.0
MAFB,0.9179983686186293,0.1889763779527559,1.0
TOP1,0.024869098211456553,0.8346456692913385,1.0
PLCG1,0.5203632017538062,0.2125984251968504,1.0
ZHX3,-0.13405442571657522,0.9212598425196851,1.0
CHD6,-0.4788798044707443,0.10236220472440945,1.0
SRSF6,0.22628233482385873,0.5590551181102362,1.0
IFT52,1.342761489595628,0.06299212598425197,1.0
TOX2,0.06226712964158754,0.968503937007874,1.0
OSER1,-0.07518981924251644,0.7952755905511811,1.0
OSER1-AS1,0.20481043948930377,0.8740157480314961,1.0
FITM2,0.29479746039626686,0.7637795275590551,1.0
RPL37AP1,-0.7538924901223263,0.12598425196850394,1.0
TTPAL,-0.18653742227275316,0.5039370078740157,1.0
SERINC3,-0.40909197956500876,0.031496062992125984,1.0
PKIG,0.525068979915996,0.5905511811023622,1.0
ADA,0.22867483518220855,0.6377952755905512,1.0
YWHAB,0.06795518785507326,0.8188976377952756,1.0
PABPC1L,0.5571609665539872,0.44881889763779526,1.0
TOMM34,-0.07231090532707585,0.8740157480314961,1.0
STK4,-0.10846932659663366,0.5433070866141733,1.0
SLPI,-0.3392490499889321,0.8818897637795275,1.0
SDC4,0.5239687218721287,0.7480314960629921,1.0
SYS1,-0.07646692449605563,0.7007874015748031,1.0
PIGT,0.046844332229944996,0.889763779527559,1.0
DNTTIP1,1.4661266900231724,0.14173228346456693,1.0
ACOT8,-1.5436775742534896,0.10236220472440945,1.0
ZSWIM3,0.6467818184640424,0.5196850393700787,1.0
CTSA,-0.060914894806724185,0.9763779527559056,1.0
PCIF1,-0.14701741908637267,0.7401574803149606,1.0
ZNF335,-0.06484993552660168,0.8976377952755905,1.0
MMP9,-1.7587963045924515,0.18110236220472442,1.0
NCOA5,-0.51964699771748,0.25984251968503935,1.0
CD40,0.7696129955949151,0.3858267716535433,1.0
SLC35C2,0.1717021719381977,0.6377952755905512,1.0
ELMO2,-0.37673071628193355,0.25196850393700787,1.0
TP53RK,-0.1170695534310422,0.8110236220472441,1.0
ZMYND8,-0.3826264827426673,0.4409448818897638,1.0
NCOA3,0.08511844165314564,0.5590551181102362,1.0
PREX1,-0.09610174789946058,0.6299212598425197,1.0
AL133342.1,-0.818858363337039,0.5433070866141733,1.0
ARFGEF2,0.044225582771296956,0.8110236220472441,1.0
CSE1L,-0.24264055165377574,0.7559055118110236,1.0
STAU1,-0.12781979758467088,0.5590551181102362,1.0
ARPC3P1,-0.20327528786643345,0.6299212598425197,1.0
DDX27,-0.11141465671692252,0.6929133858267716,1.0
ZNFX1,-0.00047244287738656965,1.0,1.0
ZFAS1,0.11662200661447297,0.5826771653543307,1.0
B4GALT5,0.05905224920212593,0.8740157480314961,1.0
SNRPFP1,-0.2940327438920942,0.7007874015748031,1.0
SLC9A8,-1.0302216578458694,0.4645669291338583,1.0
SPATA2,0.4283593919466977,0.2283464566929134,1.0
RNF114,0.08221038007058645,0.8661417322834646,1.0
SNAI1,-0.41852389285464575,0.7637795275590551,1.0
TMEM189,-0.9404901612451066,0.6141732283464567,1.0
CEBPB,0.2672558811819927,0.7322834645669292,1.0
PTPN1,0.14598927508031156,0.3700787401574803,1.0
PARD6B,-0.7545704247722647,0.5511811023622047,1.0
BCAS4,-0.303198848586145,0.9448818897637795,1.0
ADNP,0.025062717346093777,0.8582677165354331,1.0
ADNP-AS1,1.3955067223053088,0.2125984251968504,1.0
DPM1,0.20384718566448878,0.6220472440944882,1.0
MOCS3,-0.29466490430898706,0.7165354330708661,1.0
NFATC2,-0.020886165670477297,0.9212598425196851,1.0
ATP9A,0.29421218270552263,0.6771653543307087,1.0
ZFP64,0.506704867687219,0.4094488188976378,1.0
ZNF217,0.06225220786491814,0.8976377952755905,1.0
BCAS1,-0.6196500687182687,0.6771653543307087,1.0
PFDN4,-0.18300063977379732,0.7322834645669292,1.0
RPL12P4,-0.32737568982397036,0.36220472440944884,1.0
FAM210B,0.7968131982396232,0.08661417322834646,1.0
AURKA,0.5778463062808981,0.5748031496062992,1.0
CSTF1,-0.6915005957202589,0.8582677165354331,1.0
CASS4,-0.3225340527846665,1.0,1.0
RTFDC1,-0.05826578136027383,0.8740157480314961,1.0
RAE1,-1.3276228550524696,0.3700787401574803,1.0
AL109955.1,-0.6189676816870695,0.5039370078740157,1.0
RBM38,-1.1822057962688808,0.6377952755905512,1.0
ZBP1,0.16999032518081147,0.7559055118110236,1.0
PMEPA1,1.366431749504633,0.25196850393700787,1.0
PPP4R1L,0.11650803836632617,0.7480314960629921,1.0
RAB22A,-0.30978195059709,0.11811023622047244,1.0
VAPB,-0.13840046407704598,0.7795275590551181,1.0
STX16,0.2526142256438142,0.4409448818897638,1.0
NPEPL1,-0.06023956695163579,0.952755905511811,1.0
GNAS,0.17984309883585858,0.1889763779527559,1.0
NELFCD,0.5165010395181415,0.28346456692913385,1.0
CTSZ,0.43512702960273986,0.4251968503937008,1.0
ATP5E,0.13118114295980732,0.4409448818897638,1.0
PRELID3B,-0.7398612647328608,0.031496062992125984,1.0
ZNF831,-0.5471504604340813,0.25984251968503935,1.0
SYCP2,-0.5509508052335947,0.6771653543307087,1.0
FAM217B,-0.5641557880678771,0.14960629921259844,1.0
PPP1R3D,0.0721916408644665,0.9212598425196851,1.0
MIR646HG,-1.7934087186172298,0.023622047244094488,1.0
TAF4,0.0669054818787167,0.84251968503937,1.0
AL137077.2,0.5588962069488674,0.6456692913385826,1.0
LSM14B,0.17672792750469757,0.6614173228346457,1.0
PSMA7,-0.0361916361511998,0.8818897637795275,1.0
SS18L1,0.02101119828089848,1.0,1.0
MTG2,-0.07991131566875564,0.6692913385826772,1.0
OSBPL2,-0.5054262124495148,0.3228346456692913,1.0
ADRM1,0.7894752881027731,0.5669291338582677,1.0
RPS21,-0.03223916034460039,0.8031496062992126,1.0
CABLES2,0.6403540476803364,0.4566929133858268,1.0
C20orf166-AS1,0.5855600578000367,0.5118110236220472,1.0
SLCO4A1,0.7623878926473369,0.4566929133858268,1.0
AL357033.4,-0.8132607592287708,0.33858267716535434,1.0
MRGBP,0.00488710381016233,1.0,1.0
OGFR,-0.44072249167314625,0.7322834645669292,1.0
TCFL5,-0.23382390933471076,0.8110236220472441,1.0
DIDO1,-0.1524648491659839,0.7480314960629921,1.0
GID8,-0.1219636638614423,0.5039370078740157,1.0
SLC17A9,0.21920951822020074,0.6850393700787402,1.0
YTHDF1,0.02488214740569994,0.8582677165354331,1.0
ARFGAP1,-0.3516251657821696,0.7795275590551181,1.0
PPDPF,0.18315516877552973,0.7480314960629921,1.0
HELZ2,0.1895547968781921,0.7244094488188977,1.0
GMEB2,0.22679870482428255,0.8661417322834646,1.0
MHENCR,0.19837112449144634,0.3858267716535433,1.0
STMN3,-0.1633414781421303,0.8976377952755905,1.0
ARFRP1,-0.030093803875245406,0.9921259842519685,1.0
SLC2A4RG,-1.154542316194021,0.4015748031496063,1.0
ZBTB46,0.6397136496233342,0.4409448818897638,1.0
AL118506.1,-0.566274178012669,0.6062992125984252,1.0
TPD52L2,-0.18179986256131286,0.7401574803149606,1.0
DNAJC5,0.7642224807429434,0.4251968503937008,1.0
UCKL1,0.025275281638979408,0.968503937007874,1.0
ZNF512B,-1.3246336638672993,0.11811023622047244,1.0
SAMD10,1.4656561109291215,0.08661417322834646,1.0
PRPF6,-0.8497244529318895,0.7952755905511811,1.0
SOX18,0.05499967137872319,1.0,1.0
TCEA2,-0.5753959322518307,0.6299212598425197,1.0
RGS19,0.3301967849156009,0.5590551181102362,1.0
PCMTD2,-0.5907268973083255,0.07874015748031496,1.0
CDC34,-1.10481208641027,0.4566929133858268,1.0
GZMM,-1.2546094138049728,0.6062992125984252,1.0
BSG,-1.046223817838884,0.5905511811023622,1.0
POLRMT,-0.46810774105534003,0.6299212598425197,1.0
RNF126,-0.8053267846323147,0.5826771653543307,1.0
PRSS57,-0.9211953052126254,0.44881889763779526,1.0
PTBP1,0.13166795751545735,0.6535433070866141,1.0
MED16,0.8488293920580644,0.5275590551181102,1.0
R3HDM4,-0.6837181480779089,0.8503937007874016,1.0
ARID3A,0.6697029730099557,0.07874015748031496,1.0
WDR18,0.6026844916362757,0.5984251968503937,1.0
TMEM259,-0.7262317970143859,0.6771653543307087,1.0
CNN2,0.26736509662939767,0.7165354330708661,1.0
ABCA7,-0.8496084342557788,0.5748031496062992,1.0
ARHGAP45,-1.384358562171137,0.2992125984251969,1.0
POLR2E,0.2772987427070017,0.4566929133858268,1.0
GPX4,-0.9768554287566125,0.5354330708661418,1.0
SBNO2,0.9867920322931396,0.2677165354330709,1.0
STK11,-0.6695111621748457,0.47244094488188976,1.0
ATP5D,-0.3578149165943527,0.8976377952755905,1.0
MIDN,-0.1684865274091134,0.7480314960629921,1.0
CIRBP,-0.2965701099467779,0.47244094488188976,1.0
C19orf24,0.7219632553909134,0.4566929133858268,1.0
MUM1,-0.02020459082433801,0.984251968503937,1.0
NDUFS7,-0.10736784642017727,0.8818897637795275,1.0
GAMT,-0.21101419966114832,0.84251968503937,1.0
DAZAP1,-0.023251746089765213,0.937007874015748,1.0
RPS15,0.2045084390643499,0.7874015748031497,1.0
C19orf25,0.654913108710053,0.6062992125984252,1.0
ADAMTSL5,-1.4130668828407018,0.08661417322834646,1.0
MEX3D,0.27194689057132004,0.7795275590551181,1.0
MBD3,-0.8708787871733437,0.4015748031496063,1.0
UQCR11,0.38076696722278847,0.5511811023622047,1.0
TCF3,0.9695467745502837,0.015748031496062992,1.0
ATP8B3,1.7449512857816125,0.10236220472440945,1.0
REXO1,-0.009154541538880512,1.0,1.0
KLF16,-0.5318433185309175,0.7401574803149606,1.0
AC012615.1,-0.18572522409343772,0.6771653543307087,1.0
ABHD17A,0.6420608857444963,0.5984251968503937,1.0
SCAMP4,1.1326744683507624,0.08661417322834646,1.0
CSNK1G2,-0.8863880041313967,0.6692913385826772,1.0
BTBD2,0.29568455559328477,0.7086614173228346,1.0
MKNK2,-0.018325269387133858,0.984251968503937,1.0
MOB3A,-0.21818901521008716,0.8031496062992126,1.0
AP3D1,-0.008006517408737146,0.968503937007874,1.0
DOT1L,-0.905115423407556,0.4409448818897638,1.0
PLEKHJ1,-0.5347715678991962,0.6614173228346457,1.0
SF3A2,0.43518335176888456,0.5905511811023622,1.0
OAZ1,-0.059393580284410774,0.905511811023622,1.0
LSM7,0.4938621586406833,0.7401574803149606,1.0
SPPL2B,-0.27301974657303774,0.8582677165354331,1.0
TIMM13,-0.3015984262532214,0.889763779527559,1.0
LMNB2,-0.781426184751647,0.4015748031496063,1.0
GADD45B,-0.5255104989136257,0.2440944881889764,1.0
GNG7,0.5411528088786461,0.49606299212598426,1.0
SLC39A3,-0.052611080663954146,0.9291338582677166,1.0
SGTA,-1.3548021334214997,0.4015748031496063,1.0
THOP1,0.17866391005689874,0.8582677165354331,1.0
ZNF554,-0.9971422964182997,0.2755905511811024,1.0
ZNF555,1.5500879810003187,0.12598425196850394,1.0
ZNF77,-0.9827284269098846,0.3228346456692913,1.0
AES,-1.308411145873027,0.5354330708661418,1.0
GNA15,-0.9905645907379983,0.4881889763779528,1.0
S1PR4,0.2388126370903052,0.8503937007874016,1.0
NCLN,-0.0680942649833498,0.8582677165354331,1.0
NFIC,0.2989241983427018,0.44881889763779526,1.0
SMIM24,-0.2431596665667024,0.8818897637795275,1.0
DOHH,-0.4197505576350291,0.5905511811023622,1.0
FZR1,-0.03362645090606886,0.8818897637795275,1.0
MFSD12,-0.193144117109193,0.889763779527559,1.0
HMG20B,0.6799266996330697,0.47244094488188976,1.0
CACTIN,-0.050270540462764135,0.984251968503937,1.0
PIP5K1C,0.20399971968748343,0.7086614173228346,1.0
APBA3,0.2900343645529464,0.8031496062992126,1.0
MRPL54,0.5583266941778451,0.2677165354330709,1.0
MATK,-0.5596109234155957,0.7401574803149606,1.0
DAPK3,0.02054909667111282,0.968503937007874,1.0
EEF2,0.058127461359601895,0.8818897637795275,1.0
PIAS4,0.11085188038771943,0.9291338582677166,1.0
ZBTB7A,0.17271794330892387,0.7480314960629921,1.0
MAP2K2,-0.3465106458051208,0.8188976377952756,1.0
SIRT6,0.03893504051181451,0.952755905511811,1.0
CCDC94,0.656621876851796,0.5196850393700787,1.0
TMIGD2,-0.14160764069692666,0.9212598425196851,1.0
FSD1,0.8941424813592794,0.44881889763779526,1.0
SH3GL1,0.6365148901807851,0.14173228346456693,1.0
CHAF1A,-1.4286213011251263,0.2125984251968504,1.0
UBXN6,-0.07149235030258705,0.952755905511811,1.0
HDGFL2,-0.550277805969059,0.6692913385826772,1.0
TNFAIP8L1,0.9519393413877499,0.3858267716535433,1.0
MYDGF,0.5731791068006133,0.18110236220472442,1.0
DPP9,-0.21368889456653495,0.5826771653543307,1.0
FEM1A,-0.4556807416741999,0.5669291338582677,1.0
TICAM1,0.07855087506806901,0.9763779527559056,1.0
PLIN3,0.5202095305627763,0.4881889763779528,1.0
UHRF1,-0.29310309369668275,0.8582677165354331,1.0
KDM4B,0.6554764623557583,0.12598425196850394,1.0
SNRPEP4,-0.03589533029709546,0.968503937007874,1.0
SAFB2,0.02471617568956752,0.9448818897637795,1.0
SAFB,-0.18496829630224187,0.8503937007874016,1.0
RPL36,-0.009572150568297744,0.968503937007874,1.0
C19orf70,0.7153279932428211,0.5826771653543307,1.0
LONP1,-1.0344936937885887,0.33070866141732286,1.0
DUS3L,-0.17542167027549493,0.8740157480314961,1.0
NDUFA11,0.26739638422703926,0.5984251968503937,1.0
VMAC,0.3450040494969602,0.6692913385826772,1.0
CAPS,-0.2711407561676846,0.8346456692913385,1.0
RANBP3,-0.1996810963724336,0.7637795275590551,1.0
RFX2,0.19856822405964758,0.8582677165354331,1.0
MLLT1,0.0925120110944988,0.7952755905511811,1.0
CLPP,-0.11851916305358579,0.9606299212598425,1.0
ALKBH7,-1.2195612896572507,0.3700787401574803,1.0
PSPN,0.686320271381069,0.5748031496062992,1.0
GTF2F1,0.19613332241203452,0.7244094488188977,1.0
KHSRP,0.22684146648832026,0.6850393700787402,1.0
SLC25A23,0.470498383142266,0.48031496062992124,1.0
DENND1C,-1.1965225698744666,0.6535433070866141,1.0
TNFSF9,1.2099124494701972,0.047244094488188976,1.0
CD70,1.876183521790534,0.15748031496062992,1.0
TNFSF14,0.28446060890505365,0.48031496062992124,1.0
C3,-0.7520147909058905,0.6456692913385826,1.0
GPR108,-0.1763787435560067,0.7952755905511811,1.0
TRIP10,1.3796485296369274,0.11023622047244094,1.0
SH2D3A,0.5573212912681607,0.5354330708661418,1.0
VAV1,0.9387037413581014,0.13385826771653545,1.0
ZNF557,-0.8323013682293752,0.5275590551181102,1.0
INSR,-0.18576271068260564,0.8346456692913385,1.0
ZNF358,-0.45601757556731526,0.5984251968503937,1.0
MCOLN1,0.10935575713188461,0.9291338582677166,1.0
PNPLA6,-0.12267554825450766,0.9133858267716536,1.0
XAB2,-0.23184698507220292,0.8818897637795275,1.0
PET100,-0.3037015086809194,0.7795275590551181,1.0
STXBP2,-0.3433571550839707,0.8661417322834646,1.0
MCEMP1,0.9693979299671142,0.33070866141732286,1.0
EVI5L,-0.41660558326829245,0.7637795275590551,1.0
MAP2K7,0.5232307319040368,0.5826771653543307,1.0
SNAPC2,-0.5236903096159327,0.6062992125984252,1.0
TIMM44,0.3723020578298215,0.7007874015748031,1.0
ELAVL1,-0.4089610557418135,0.2125984251968504,1.0
CERS4,-0.3007762650608772,0.8110236220472441,1.0
CD320,0.38240538842278227,0.7007874015748031,1.0
NDUFA7,-0.010623791217414302,1.0,1.0
RPS28,-0.8609271990103666,0.4645669291338583,1.0
RAB11B,-0.28338608898127937,0.8110236220472441,1.0
MARCH2,0.016932701382309734,0.984251968503937,1.0
HNRNPM,0.12394652667812345,0.41732283464566927,1.0
PRAM1,-0.10266666306094052,1.0,1.0
ZNF414,-1.5353061667315093,0.07086614173228346,1.0
MYO1F,-0.1497739719710891,0.7401574803149606,1.0
AC130469.2,-0.5348485772161199,0.5590551181102362,1.0
ADAMTS10,-1.060698907250163,0.48031496062992124,1.0
ZNF558,0.19765257674828574,0.5984251968503937,1.0
ZNF317,-0.5980049108163001,0.14960629921259844,1.0
AC011451.1,0.21938145374142604,0.84251968503937,1.0
ZNF699,-0.13332592079120942,0.9291338582677166,1.0
ZNF559,-0.2977495984062175,0.905511811023622,1.0
ZNF266,-1.2514185782470109,0.41732283464566927,1.0
ZNF426,-1.3015031302110587,0.14173228346456693,1.0
ZNF121,-0.48316015061051143,0.9133858267716536,1.0
ZNF561,-0.3467842653726758,0.4881889763779528,1.0
ZNF561-AS1,-0.5855325440609321,0.4645669291338583,1.0
ZNF562,-0.45301437930924937,0.2755905511811024,1.0
ZNF846,0.7370497401110252,0.3779527559055118,1.0
UBE2L4,0.23552318797352578,0.7637795275590551,1.0
FBXL12,0.41893635637204607,0.30708661417322836,1.0
UBL5,0.38851587460507186,0.23622047244094488,1.0
PIN1,-0.5293809701247407,0.6850393700787402,1.0
C19orf66,0.16841181107493597,0.5433070866141733,1.0
P2RY11,-0.05386422830045112,1.0,1.0
EIF3G,-0.7816483753873191,0.7244094488188977,1.0
DNMT1,-0.3721313734863676,0.33858267716535434,1.0
S1PR2,0.06836488955284725,0.968503937007874,1.0
MRPL4,0.2849188276850869,0.9212598425196851,1.0
ICAM1,-0.08671148382153637,0.9606299212598425,1.0
TYK2,0.09612119461823276,0.8503937007874016,1.0
CDC37,0.15441135932473493,0.8110236220472441,1.0
PDE4A,-0.613867788672037,0.8346456692913385,1.0
KEAP1,1.1270149800976204,0.1968503937007874,1.0
S1PR5,-0.5039735987325953,0.5196850393700787,1.0
KRI1,-0.1235127166502128,0.9133858267716536,1.0
CDKN2D,-0.16961820438948294,0.5039370078740157,1.0
SLC44A2,0.1596857625789614,0.7244094488188977,1.0
ILF3-AS1,0.7877325337740926,0.2204724409448819,1.0
ILF3,-0.1539191572400851,0.4881889763779528,1.0
QTRT1,-0.04675808853388119,0.9291338582677166,1.0
DNM2,-0.0568900583864389,0.968503937007874,1.0
TIMM29,-0.1394537124518962,0.7637795275590551,1.0
SMARCA4,0.0450463093739657,0.84251968503937,1.0
LDLR,0.5063255141009266,0.16535433070866143,1.0
KANK2,-0.2788492132535658,0.7637795275590551,1.0
TMEM205,-0.03901855781309882,0.9921259842519685,1.0
CCDC159,0.49407016527683023,0.4330708661417323,1.0
PLPPR2,-0.34996440586502886,0.6692913385826772,1.0
SWSAP1,-0.6542342083795474,0.5039370078740157,1.0
EPOR,0.0852237493885224,0.8976377952755905,1.0
PRKCSH,0.20373802006080055,0.7952755905511811,1.0
ECSIT,-0.6187310615396688,0.49606299212598426,1.0
AC008481.1,0.7450743379978366,0.5275590551181102,1.0
ELOF1,-0.06295113412220843,0.984251968503937,1.0
ZNF627,0.03816111038659864,0.9291338582677166,1.0
ACP5,0.7851607062038197,0.11023622047244094,1.0
HNRNPA1P10,0.2576323805044838,0.7952755905511811,1.0
ZNF823,-0.3767434374001022,0.6929133858267716,1.0
ZNF441,-2.3952499112563164,0.05511811023622047,1.0
ZNF440,-1.069026141336681,0.15748031496062992,1.0
ZNF439,-1.2599508443687657,0.25984251968503935,1.0
AC020951.1,0.36916327708371166,0.7165354330708661,1.0
ZNF69,-0.16289614706094024,0.8110236220472441,1.0
ZNF700,0.2305437378805708,0.8503937007874016,1.0
AC008770.1,-0.4810775797236255,0.7165354330708661,1.0
ZNF844,-1.6413320200529022,0.12598425196850394,1.0
ZNF136,0.17433091300805081,0.6771653543307087,1.0
ZNF44,-0.24122608851700678,0.5748031496062992,1.0
AC012618.1,-1.533863570343314,0.14960629921259844,1.0
ZNF490,0.4682540138937059,0.49606299212598426,1.0
ZNF791,-0.18647493205392518,0.6771653543307087,1.0
RPL10P16,-0.535511752170966,0.12598425196850394,1.0
WDR83,-0.49290940747443,0.5590551181102362,1.0
WDR83OS,0.369944610402114,0.36220472440944884,1.0
DHPS,-0.4468676032375991,0.889763779527559,1.0
TNPO2,0.27932870614781447,0.44881889763779526,1.0
TRIR,0.3026945020732441,0.41732283464566927,1.0
ASNA1,-2.0257341655538657,0.13385826771653545,1.0
HOOK2,-0.6262356041990333,0.4881889763779528,1.0
JUNB,0.0015264980296336716,1.0,1.0
PRDX2,-0.13140852667270053,0.7952755905511811,1.0
RNASEH2A,-0.0208626146834634,0.984251968503937,1.0
DNASE2,0.24831775102747855,0.5354330708661418,1.0
GCDH,0.2372473948204683,0.7086614173228346,1.0
RPS6P25,-1.7728617829933695,0.07086614173228346,1.0
FARSA,-0.8496207974767924,0.05511811023622047,1.0
CALR,-0.00993468931523811,0.9763779527559056,1.0
RAD23A,0.32580431083994466,0.3779527559055118,1.0
GADD45GIP1,-1.0883046827408842,0.25984251968503935,1.0
NFIX,-0.26175507671836007,0.8188976377952756,1.0
TRMT1,0.6137096515783851,0.5118110236220472,1.0
NACC1,-0.031198468402434454,0.952755905511811,1.0
STX10,-1.4565158811081713,0.28346456692913385,1.0
IER2,-0.1597594641733533,0.5669291338582677,1.0
CCDC130,0.43917702123050617,0.5039370078740157,1.0
MRI1,2.0380060553441917,0.047244094488188976,1.0
C19orf53,0.3264498433983727,0.3937007874015748,1.0
ZSWIM4,1.2697817313499362,0.13385826771653545,1.0
AC020916.1,1.1238931951019033,0.2992125984251969,1.0
CC2D1A,0.14037893241239008,0.8188976377952756,1.0
DCAF15,-0.3284595354684843,0.8503937007874016,1.0
RFX1,-0.5626914386744364,0.4566929133858268,1.0
IL27RA,-0.002046905242408137,0.984251968503937,1.0
EEF1DP1,-0.5040380567820231,0.3464566929133858,1.0
SAMD1,0.11924198821232501,0.7322834645669292,1.0
PRKACA,0.5010178250591926,0.4566929133858268,1.0
ASF1B,0.7359565113308295,0.4330708661417323,1.0
AC022098.1,-0.7226746237608935,0.2992125984251969,1.0
ADGRL1,0.40344749735044605,0.5354330708661418,1.0
ADGRE5,-0.7932470452514027,0.41732283464566927,1.0
DDX39A,-1.2314174283763908,0.4409448818897638,1.0
PKN1,-0.5777385408337414,0.7559055118110236,1.0
GIPC1,0.39740677507017796,0.2204724409448819,1.0
SNRPGP15,-1.3431474456883232,0.25984251968503935,1.0
DNAJB1,-0.39785106696031747,0.5354330708661418,1.0
TECR,-0.8057210226396361,0.5433070866141733,1.0
NDUFB7,-0.4193310454996917,0.9606299212598425,1.0
ITGB1P1,0.0504165762779083,0.9291338582677166,1.0
ZNF333,-0.11183262146621509,0.8031496062992126,1.0
ILVBL,0.07324734947221456,0.952755905511811,1.0
NOTCH3,-0.09755031138847792,0.9212598425196851,1.0
BRD4,-0.015568527031997625,0.984251968503937,1.0
AKAP8,-0.47491198931788947,0.29133858267716534,1.0
AKAP8L,-0.19916148971843928,0.889763779527559,1.0
WIZ,-0.20891098292559063,0.49606299212598426,1.0
RASAL3,0.12806077415503303,0.8188976377952756,1.0
CYP4F22,0.5391306445339645,0.6299212598425197,1.0
RPL23AP2,-0.7046750170192047,0.031496062992125984,1.0
TPM4,0.12675848290545666,0.8188976377952756,1.0
RAB8A,-1.4597583635200806e-05,1.0,1.0
HSH2D,-0.1609185541397551,0.5118110236220472,1.0
FAM32A,0.41949578796785225,0.1732283464566929,1.0
AP1M1,0.8123658302293135,0.1732283464566929,1.0
KLF2,-0.7724772257418522,0.18110236220472442,1.0
EPS15L1,0.29058512130266045,0.07086614173228346,1.0
CHERP,-0.42823606977047146,0.4566929133858268,1.0
SLC35E1,-0.07398298626347355,0.84251968503937,1.0
MED26,-0.9865912954733376,0.2283464566929134,1.0
AC024075.3,-0.36992773792304545,0.4566929133858268,1.0
SMIM7,0.6093535802052044,0.3858267716535433,1.0
AC024075.2,-0.2768053084373703,0.7952755905511811,1.0
AC024075.1,0.6724707061083586,0.4409448818897638,1.0
SIN3B,-0.23670131396167404,0.8188976377952756,1.0
MYO9B,0.4855902689067344,0.41732283464566927,1.0
USE1,-0.47864313848008777,0.3700787401574803,1.0
OCEL1,0.7142181828368255,0.5984251968503937,1.0
BABAM1,-1.2211147727945724,0.25196850393700787,1.0
ABHD8,-0.9046495949100645,0.30708661417322836,1.0
MRPL34,0.16343156995431762,0.6850393700787402,1.0
DDA1,-0.7999173636819998,0.6614173228346457,1.0
ANO8,-0.6152703331678346,0.6456692913385826,1.0
GTPBP3,-0.832021098334812,0.5826771653543307,1.0
PLVAP,2.1998707226116325,0.1732283464566929,1.0
BST2,0.2713254298889298,0.5590551181102362,1.0
BISPR,1.249158939660945,0.33070866141732286,1.0
MVB12A,0.8074715524057243,0.44881889763779526,1.0
SLC27A1,-0.34527255293965853,0.7007874015748031,1.0
AC010618.3,0.7966825238128034,0.5511811023622047,1.0
PGLS,-0.9211787019601889,0.4566929133858268,1.0
FAM129C,-0.8043189963247528,0.4015748031496063,1.0
COLGALT1,0.2234413935773274,0.47244094488188976,1.0
FCHO1,-0.5848021358641673,0.6377952755905512,1.0
INSL3,-0.3673262346037227,0.7401574803149606,1.0
JAK3,0.843380376186313,0.015748031496062992,1.0
RPL18A,-1.3755865237114104,0.5590551181102362,1.0
CCDC124,-1.0816167167893695,0.48031496062992124,1.0
ARRDC2,-0.0868233224235615,0.952755905511811,1.0
IL12RB1,-0.2998132337586208,0.5590551181102362,1.0
MAST3,0.9371482578896395,0.2047244094488189,1.0
MPV17L2,-0.9398663516361947,0.2204724409448819,1.0
JUND,0.45962626760330316,0.47244094488188976,1.0
LSM4,0.38485927182566826,0.4409448818897638,1.0
PGPEP1,-0.7075802974032479,0.8582677165354331,1.0
SSBP4,-0.0036044570608479987,1.0,1.0
ISYNA1,-0.0286439838848489,0.984251968503937,1.0
ELL,0.5618721465820347,0.07874015748031496,1.0
FKBP8,-0.3851555007718783,0.8267716535433071,1.0
KXD1,1.1453170597841544,0.11811023622047244,1.0
UBA52,0.12154131103844534,0.8110236220472441,1.0
REX1BD,0.4777691823436738,0.8110236220472441,1.0
KLHL26,-2.3340974580765,0.06299212598425197,1.0
CRTC1,-0.13317301981107432,0.937007874015748,1.0
UPF1,0.04780079538216153,0.9212598425196851,1.0
COPE,-0.10349306524859792,0.9606299212598425,1.0
DDX49,-1.0345005910963967,0.4251968503937008,1.0
SUGP2,-0.1044903591804145,0.7165354330708661,1.0
ARMC6,-0.6648480115342785,0.4881889763779528,1.0
SLC25A42,-0.09020017838302641,0.9448818897637795,1.0
TMEM161A,-0.9043838527520176,0.49606299212598426,1.0
BORCS8,1.8336801830821585,0.07874015748031496,1.0
RFXANK,-0.1463140298478105,0.952755905511811,1.0
NR2C2AP,-0.8622032242970192,0.48031496062992124,1.0
SUGP1,-1.2511073099453105,0.4094488188976378,1.0
MAU2,0.36981252541149257,0.5039370078740157,1.0
GATAD2A,0.21185735928937088,0.4094488188976378,1.0
TSSK6,0.3207936787099892,0.84251968503937,1.0
NDUFA13,1.7289281779465775,0.07086614173228346,1.0
PBX4,0.04895032840989533,1.0,1.0
LPAR2,0.2797691644069884,0.6771653543307087,1.0
GMIP,0.4876088941796577,0.44881889763779526,1.0
ATP13A1,-0.13310397220569792,0.9448818897637795,1.0
ZNF101,0.6922888443019444,0.2440944881889764,1.0
ZNF14,-1.0587858181782575,0.3858267716535433,1.0
AC011477.1,0.6074784908346558,0.48031496062992124,1.0
ZNF506,-0.09635982790669573,0.8740157480314961,1.0
ZNF253,-1.2676215207456107,0.023622047244094488,1.0
ZNF93,-0.3514548186899207,0.7165354330708661,1.0
ZNF682,-0.32970505054037424,0.6929133858267716,1.0
ZNF90,-1.593426712810722,0.023622047244094488,1.0
ZNF486,0.2779167558661251,0.6535433070866141,1.0
AC078899.1,-1.3959250541629538,0.13385826771653545,1.0
ZNF826P,-0.26988231260231177,0.8110236220472441,1.0
ZNF737,-1.0388557226824138,0.2677165354330709,1.0
ZNF626,-0.05333700788381712,0.9448818897637795,1.0
ZNF85,-1.0716997869442437,0.2992125984251969,1.0
ZNF430,0.10307849177604389,0.8110236220472441,1.0
ZNF714,-0.68238099538797,0.6929133858267716,1.0
ZNF431,-1.2429909311453562,0.4330708661417323,1.0
ZNF708,0.12729087934422356,0.8031496062992126,1.0
ZNF738,0.32975589111658143,0.5039370078740157,1.0
ZNF493,-0.31997351898999415,0.5039370078740157,1.0
ZNF429,-0.4563998796190747,0.3779527559055118,1.0
ZNF100,-1.8511670954630541,0.10236220472440945,1.0
ZNF43,-0.17610034889602488,0.7637795275590551,1.0
ZNF257,-0.6709797412133169,0.48031496062992124,1.0
RPL34P34,-0.7413878817776727,0.023622047244094488,1.0
RPL34P33,-0.9429798120739132,0.28346456692913385,1.0
SNX6P1,-1.6437887962991264,0.11811023622047244,1.0
IPO5P1,-0.6417190162736546,0.6220472440944882,1.0
ZNF91,-0.028674235960015615,0.968503937007874,1.0
ZNF675,-0.350635986527279,0.5433070866141733,1.0
ZNF681,-1.8519695212416158,0.13385826771653545,1.0
AC139769.1,-0.20985325482591444,0.7874015748031497,1.0
RPSAP58,-0.44074419245033614,0.1968503937007874,1.0
ZNF726,0.9772201625267076,0.3937007874015748,1.0
ZNF254,-0.5976954812621682,0.23622047244094488,1.0
LINC00662,0.5770822954773718,0.48031496062992124,1.0
AC006504.5,1.5659674169761346,0.10236220472440945,1.0
UQCRFS1,-0.3597442255018821,0.4251968503937008,1.0
POP4,-0.2524253008030106,0.5433070866141733,1.0
PLEKHF1,-0.5600317628531197,0.7559055118110236,1.0
C19orf12,-0.03537417148478195,0.9291338582677166,1.0
CCNE1,-0.9910948030039048,0.15748031496062992,1.0
URI1,-0.11459636609535195,0.4881889763779528,1.0
TSHZ3,-0.015592436122931375,0.984251968503937,1.0
ZNF507,0.41818661106379196,0.41732283464566927,1.0
DPY19L3,-0.2374291977246501,0.6850393700787402,1.0
PDCD5,0.6156244756877856,0.08661417322834646,1.0
ANKRD27,-0.2191433526805957,0.6929133858267716,1.0
NUDT19,-0.249858366075971,0.41732283464566927,1.0
CEP89,-0.43086807068654664,0.889763779527559,1.0
FAAP24,0.37322084163446023,0.6771653543307087,1.0
GPATCH1,-1.2718403786952859,0.2204724409448819,1.0
CEBPG,-0.08551943115911786,0.84251968503937,1.0
PEPD,0.0925964178896681,0.6141732283464567,1.0
LSM14A,-0.2105125514406474,0.29133858267716534,1.0
KIAA0355,0.1691063271117912,0.5905511811023622,1.0
GPI,0.4399621055001637,0.3937007874015748,1.0
PDCD2L,-1.3771664864813429,0.33858267716535434,1.0
UBA2,-0.318219296333611,0.5118110236220472,1.0
AC020910.5,1.3465936196314432,0.07874015748031496,1.0
ZNF302,-1.2492483318343628,0.29133858267716534,1.0
ZNF181,-1.0981095108995298,0.3700787401574803,1.0
ZNF599,-1.6326970627607587,0.031496062992125984,1.0
AC008555.1,-0.25480003919090777,0.8582677165354331,1.0
AC008555.2,0.4811290570704472,0.5354330708661418,1.0
AC008555.5,0.3833239733836771,0.6850393700787402,1.0
ZNF30,0.04107108108107127,0.968503937007874,1.0
AC008555.8,0.14552580010443483,0.8188976377952756,1.0
ZNF792,-0.9630744617223284,0.3228346456692913,1.0
GRAMD1A,0.09072420709187679,0.952755905511811,1.0
SCN1B,-0.4959885103180075,0.8267716535433071,1.0
FXYD7,-0.22431530319172754,0.8740157480314961,1.0
FXYD5,0.1761983213566891,0.8582677165354331,1.0
LSR,-0.1639657782307533,0.889763779527559,1.0
USF2,-0.7875244463691358,0.8267716535433071,1.0
TMEM147,-0.2319169634922602,0.8503937007874016,1.0
HAUS5,0.9482505329413877,0.2047244094488189,1.0
RBM42,-1.4106721858659723,0.3228346456692913,1.0
ETV2,0.5701015083577826,0.5275590551181102,1.0
COX6B1,0.08803297868000914,0.8110236220472441,1.0
KMT2B,0.6961886463608318,0.6141732283464567,1.0
IGFLR1,0.8791150837629973,0.3779527559055118,1.0
U2AF1L4,0.4882585473147931,0.6456692913385826,1.0
PSENEN,0.8286218225498221,0.16535433070866143,1.0
PROSER3,0.24808543502184044,0.84251968503937,1.0
ARHGAP33,-1.7014664290637944,0.11811023622047244,1.0
NFKBID,0.64821676717788,0.4015748031496063,1.0
AD000864.1,-1.5383980039100487,0.11811023622047244,1.0
HCST,-0.11213136234473176,0.8110236220472441,1.0
TYROBP,-0.3433702652523287,0.8110236220472441,1.0
SDHAF1,0.7307604285409202,0.4409448818897638,1.0
ALKBH6,-0.6895123492016548,0.3779527559055118,1.0
POLR2I,0.1272854020654106,0.8818897637795275,1.0
TBCB,-0.3168365719913915,0.5905511811023622,1.0
CAPNS1,0.30506169083516355,0.6377952755905512,1.0
ZNF565,0.914565327439431,0.4645669291338583,1.0
ZNF146,0.15140194906418625,0.2677165354330709,1.0
LINC00665,-0.8766427567801649,0.3858267716535433,1.0
ZFP14,-0.718345344701556,0.5039370078740157,1.0
ZFP82,-0.09015355696063088,0.9606299212598425,1.0
ZNF566,-1.0709851422375558,0.3937007874015748,1.0
ZNF260,-1.7065356721730267,0.2204724409448819,1.0
ZNF529,0.3913988691391763,0.4094488188976378,1.0
ZNF529-AS1,-0.502576696139535,0.5433070866141733,1.0
ZNF382,0.4415321169342189,0.5433070866141733,1.0
ZNF461,0.6607259994694252,0.4330708661417323,1.0
LINC01534,0.11042887701434889,0.905511811023622,1.0
ZNF567,0.4019134662558663,0.4330708661417323,1.0
ZNF850,-1.2581092005175192,0.12598425196850394,1.0
ZNF790-AS1,0.7994729107714753,0.3464566929133858,1.0
ZNF790,-1.515917650635358,0.14960629921259844,1.0
ZNF345,-0.2538245906815315,0.8031496062992126,1.0
ZNF829,-1.9967506194453915,0.18110236220472442,1.0
ZNF568,-0.0031501755144818233,0.9921259842519685,1.0
ZNF420,-0.8037918679183123,0.25196850393700787,1.0
ZNF585A,-0.0492540951953373,0.9448818897637795,1.0
ZNF585B,0.12872823048859017,0.8976377952755905,1.0
ZNF383,0.6815712306660373,0.06299212598425197,1.0
HKR1,0.11680222451757993,0.8818897637795275,1.0
ZNF527,-0.8068897083371365,0.4251968503937008,1.0
ZNF569,-0.057187641002853784,0.9921259842519685,1.0
ZNF570,0.271119527093715,0.5590551181102362,1.0
ZNF793,1.1822883460257765,0.3464566929133858,1.0
ZNF571-AS1,-0.7916069132437402,0.3228346456692913,1.0
ZNF540,-1.4871372320263716,0.07874015748031496,1.0
ZNF571,0.6426723575195497,0.2440944881889764,1.0
ZFP30,0.528736962092264,0.5984251968503937,1.0
SELENOKP1,-0.35114091350371046,0.7795275590551181,1.0
ZNF607,0.0378867071619613,1.0,1.0
AC093227.1,-0.9812293788990063,0.23622047244094488,1.0
ZNF573,-0.8935956575575776,0.33070866141732286,1.0
AC016582.2,-0.38822732472238997,0.6141732283464567,1.0
SIPA1L3,-0.4630125567002983,0.7874015748031497,1.0
SPINT2,0.5702822359310349,0.6929133858267716,1.0
YIF1B,0.16895278939221248,0.9133858267716536,1.0
KCNK6,-0.489089749411316,0.30708661417322836,1.0
PSMD8,-0.02407394620460046,0.984251968503937,1.0
FAM98C,-2.06600665388104,0.07874015748031496,1.0
RYR1,1.2781689133069423,0.2204724409448819,1.0
MAP4K1,-0.17714898893318587,0.6929133858267716,1.0
EIF3K,0.21768124467677463,0.015748031496062992,1.0
ACTN4,-0.626579240999189,0.9133858267716536,1.0
ECH1,0.4414587598383406,0.2755905511811024,1.0
HNRNPL,0.2531008132586825,0.4409448818897638,1.0
RINL,0.8642599165011982,0.015748031496062992,1.0
SIRT2,0.06526052521328118,0.8582677165354331,1.0
NFKBIB,-0.2083311499390872,0.6771653543307087,1.0
MRPS12,-1.0014548567193238,0.33858267716535434,1.0
PAK4,0.20265840758643283,0.8818897637795275,1.0
IFNL1,0.4290756888699532,0.5748031496062992,1.0
LRFN1,0.3605318839473868,0.33070866141732286,1.0
GMFG,0.10928188485421408,0.6456692913385826,1.0
AC011445.2,-0.7026968164332577,0.3858267716535433,1.0
SAMD4B,0.26645891430822743,0.6692913385826772,1.0
PAF1,-0.9240146749669265,0.6771653543307087,1.0
MED29,-0.2361132141472826,0.937007874015748,1.0
ZFP36,0.12048522147228446,0.8110236220472441,1.0
PLEKHG2,0.08619841843560616,0.8031496062992126,1.0
RPS16,0.24972737931271283,0.1968503937007874,1.0
SUPT5H,-0.1993757539772547,0.8740157480314961,1.0
TIMM50,-1.061351080125708,0.44881889763779526,1.0
EID2,-0.4946919009618549,0.5275590551181102,1.0
DYRK1B,1.2451074160463942,0.18110236220472442,1.0
FBL,-0.2035066580869529,0.4251968503937008,1.0
FCGBP,-0.00012202568667074587,1.0,1.0
PSMC4,0.2590801690583042,0.3937007874015748,1.0
ZNF546,-0.8385289439995076,0.4094488188976378,1.0
ZNF780B,0.4615464784596677,0.4251968503937008,1.0
ZNF780A,-0.029064402469222816,0.968503937007874,1.0
MAP3K10,-0.32461820132408814,0.7795275590551181,1.0
AKT2,-0.03426920723134241,0.9133858267716536,1.0
C19orf47,-0.3214698811868075,0.7637795275590551,1.0
PLD3,-1.1455036556106584,0.4645669291338583,1.0
SERTAD1,-0.5046643869323564,0.5039370078740157,1.0
SERTAD3,0.30700640944547963,0.6614173228346457,1.0
BLVRB,0.7554808281300829,0.4330708661417323,1.0
SHKBP1,0.22099939353503917,0.7559055118110236,1.0
LTBP4,0.09329939822241018,0.9448818897637795,1.0
NUMBL,-0.44682383977245577,0.7165354330708661,1.0
COQ8B,0.4894643406129573,0.4094488188976378,1.0
ITPKC,-0.7053283829234142,0.3700787401574803,1.0
C19orf54,1.9737922167015436,0.07086614173228346,1.0
SNRPA,-1.2005355524019388,0.4251968503937008,1.0
EGLN2,0.08679421893602424,0.7952755905511811,1.0
HNRNPUL1,0.15248470620184484,0.6141732283464567,1.0
TGFB1,0.24749382295906308,0.8188976377952756,1.0
CCDC97,-0.6307521858070047,0.8267716535433071,1.0
TMEM91,-0.5583850837123403,0.7086614173228346,1.0
B9D2,-0.947854852809616,0.4094488188976378,1.0
EXOSC5,-0.6259215999638101,0.5196850393700787,1.0
DMAC2,-0.0979899149619472,0.9448818897637795,1.0
PCAT19,2.406308467736735,0.05511811023622047,1.0
AC243960.2,0.12481971897950572,0.889763779527559,1.0
PLEKHA3P1,-0.6924561368676057,0.44881889763779526,1.0
AC243960.1,-0.06812091724208535,0.889763779527559,1.0
CEACAM21,0.41704667886671,0.6535433070866141,1.0
RPS19,-0.05828124902803111,0.8740157480314961,1.0
CD79A,0.41472359665383207,0.7795275590551181,1.0
ARHGEF1,0.27188900990818254,0.6771653543307087,1.0
AC010616.1,0.8899604086130755,0.3228346456692913,1.0
RABAC1,0.9737718233313926,0.4330708661417323,1.0
ATP1A3,-0.5010001485283757,0.7086614173228346,1.0
ZNF574,-0.33376325029073417,0.5354330708661418,1.0
POU2F2,-0.8120398232384032,0.44881889763779526,1.0
AC010247.2,0.02244648613010103,1.0,1.0
DEDD2,0.014245068488841106,0.9606299212598425,1.0
ZNF526,-0.27129429495052904,0.7874015748031497,1.0
GSK3A,0.2408645994500036,0.6692913385826772,1.0
ERF,-0.6656478463793549,0.6456692913385826,1.0
CIC,0.525407016278808,0.3779527559055118,1.0
PAFAH1B3,-0.07734309803515682,0.9448818897637795,1.0
MEGF8,-0.5721016279976188,0.7165354330708661,1.0
CNFN,0.14632651381780026,0.8110236220472441,1.0
CXCL17,0.3347217526125952,0.6850393700787402,1.0
LYPD3,-0.3825180932607557,0.6614173228346457,1.0
ETHE1,0.902385306675574,0.05511811023622047,1.0
ZNF575,1.8346484271926222,0.14960629921259844,1.0
XRCC1,-0.5805041021854604,0.25196850393700787,1.0
IRGQ,-0.554813356674339,0.5590551181102362,1.0
ZNF576,0.46522369934677865,0.7637795275590551,1.0
ZNF428,-0.5339171226357902,0.937007874015748,1.0
PLAUR,-0.18335137152734982,0.9133858267716536,1.0
SMG9,0.03768602784903852,0.9448818897637795,1.0
ZNF283,-0.45390048010016026,0.6692913385826772,1.0
ZNF45,-0.8546286186646928,0.4094488188976378,1.0
ZNF230,-1.371064745431432,0.18110236220472442,1.0
ZNF222,-0.5862397768859622,0.5275590551181102,1.0
ZNF284,0.28633132833992003,0.7952755905511811,1.0
ZNF224,-0.06592993813258907,0.952755905511811,1.0
ZNF225,1.4486611381300418,0.10236220472440945,1.0
ZNF234,-0.09223505976746882,1.0,1.0
ZNF226,0.1160460696369281,0.8267716535433071,1.0
ZNF227,-0.2072587624850848,0.7165354330708661,1.0
ZNF235,-0.48809179235714284,0.5511811023622047,1.0
ZNF180,-1.4498672010608864,0.14960629921259844,1.0
PVR,-1.2447270111831061,0.09448818897637795,1.0
BCL3,-1.3527785594270174,0.48031496062992124,1.0
TOMM40,0.9853184022101595,0.48031496062992124,1.0
CLPTM1,0.43417740576984176,0.8110236220472441,1.0
RELB,0.3977458678309551,0.6535433070866141,1.0
CLASRP,-0.012051422671622625,1.0,1.0
ZNF296,0.6297977415228342,0.5748031496062992,1.0
GEMIN7,-0.10662415975048489,0.937007874015748,1.0
MARK4,-0.02627536956530996,0.968503937007874,1.0
PPP1R37,-0.7606955413541723,0.49606299212598426,1.0
TRAPPC6A,0.04338736428516565,0.968503937007874,1.0
BLOC1S3,0.12196713394527325,0.8267716535433071,1.0
ERCC2,-0.7040331751800977,0.44881889763779526,1.0
CD3EAP,0.37880931871928825,0.6850393700787402,1.0
ERCC1,0.034748385590151365,0.9212598425196851,1.0
FOSB,0.36498605944369267,0.6614173228346457,1.0
VASP,0.45815776394523233,0.2204724409448819,1.0
OPA3,0.25181991786480484,0.44881889763779526,1.0
EML2,0.22461957717872494,0.7952755905511811,1.0
GIPR,-0.9674933044316882,0.1732283464566929,1.0
SNRPD2,0.44339956858520146,0.2047244094488189,1.0
QPCTL,1.2587307753834975,0.2125984251968504,1.0
FBXO46,0.4478825418623491,0.3543307086614173,1.0
DMPK,-0.10561925366828917,1.0,1.0
DMWD,0.5682783650556162,0.3464566929133858,1.0
SYMPK,-0.18281638195738692,0.905511811023622,1.0
IRF2BP1,-0.1319294497366048,0.9291338582677166,1.0
MYPOP,0.3770342414682677,0.41732283464566927,1.0
PPP5C,-0.03582269607971145,0.952755905511811,1.0
CALM3,0.43263503370825074,0.25984251968503935,1.0
PRKD2,0.09301716086732803,0.7480314960629921,1.0
STRN4,0.6573306910819943,0.2755905511811024,1.0
FKRP,1.0336633389654,0.4015748031496063,1.0
SLC1A5,-0.2757442879762104,0.3464566929133858,1.0
AP2S1,-1.4647845587664436,0.31496062992125984,1.0
ARHGAP35,0.6464486729814984,0.031496062992125984,1.0
TMEM160,-0.018329339693101243,0.984251968503937,1.0
ZC3H4,-0.23543402879898778,0.48031496062992124,1.0
SAE1,0.5802550662810431,0.3858267716535433,1.0
BBC3,-1.1570234345512076,0.2440944881889764,1.0
CCDC9,-0.4045461598393958,0.7637795275590551,1.0
INAFM1,-0.2920476294122154,0.8031496062992126,1.0
C5AR1,0.24060821609653926,0.889763779527559,1.0
DHX34,-0.26011935873543335,0.7559055118110236,1.0
NAPA,-0.28389910154234554,0.7322834645669292,1.0
BICRA,-0.6085284529962136,0.9763779527559056,1.0
NOP53,0.28048197121571317,0.8267716535433071,1.0
SELENOW,0.0227128726268786,0.937007874015748,1.0
LIG1,0.15042343460369612,0.6771653543307087,1.0
ZSWIM9,0.6236841032318838,0.18110236220472442,1.0
CARD8,-0.035316251759118344,0.8582677165354331,1.0
CARD8-AS1,-0.20120351801264924,0.7559055118110236,1.0
EMP3,-0.5127821201976435,0.7637795275590551,1.0
TMEM143,0.26416853226523473,0.8110236220472441,1.0
KDELR1,0.044068240413118076,0.937007874015748,1.0
GRWD1,0.6486514451648739,0.28346456692913385,1.0
CYTH2,0.7048258066355246,0.25196850393700787,1.0
RPL18,-0.31742735987284476,0.7952755905511811,1.0
SPHK2,0.5185434339894308,0.5275590551181102,1.0
DBP,-0.38814871132432804,0.7165354330708661,1.0
CA11,0.08598547321714123,0.905511811023622,1.0
BCAT2,0.33733725870394426,0.8267716535433071,1.0
PPP1R15A,0.18454457944669223,0.7086614173228346,1.0
NUCB1,-0.8133661983407654,0.8582677165354331,1.0
BAX,0.14273861716521719,0.6771653543307087,1.0
FTL,-0.33192851594433037,0.4330708661417323,1.0
GYS1,0.31779655510078,0.4015748031496063,1.0
RUVBL2,0.3322793525945986,0.1968503937007874,1.0
SNRNP70,-0.4642681938167037,0.8503937007874016,1.0
LIN7B,-0.44092218203390554,0.6535433070866141,1.0
SLC6A16,0.1572073350552281,0.8976377952755905,1.0
CD37,-0.03893280462286697,0.952755905511811,1.0
PIH1D1,0.06408183665848455,0.84251968503937,1.0
ALDH16A1,-0.7940134778688255,0.8031496062992126,1.0
RPL13A,0.13278533161977357,0.5433070866141733,1.0
RPS11,0.1295727597596663,0.905511811023622,1.0
FCGRT,-0.8581730628976016,0.4015748031496063,1.0
NOSIP,-0.23947731739346478,0.8818897637795275,1.0
PRR12,-0.03931045278409817,0.968503937007874,1.0
RRAS,0.5869643734050345,0.5039370078740157,1.0
SCAF1,0.0962872104763326,0.9133858267716536,1.0
IRF3,0.3014055357762002,0.4881889763779528,1.0
BCL2L12,-0.6657232542997966,0.5905511811023622,1.0
PRMT1,0.17977738314196579,0.8110236220472441,1.0
AC011495.1,-2.003298253772359,0.23622047244094488,1.0
AP2A1,-0.09670439862726354,0.9212598425196851,1.0
MED25,-0.18569007168399976,1.0,1.0
PTOV1-AS1,-0.05062892703111932,1.0,1.0
PTOV1,-1.0225499232952635,0.47244094488188976,1.0
PNKP,0.18683603071793353,0.7637795275590551,1.0
AKT1S1,-0.06720564477827651,0.9606299212598425,1.0
TBC1D17,-0.27704700432114393,0.8503937007874016,1.0
IL4I1,-0.20086195727183886,1.0,1.0
NUP62,-0.08545412041172717,0.8582677165354331,1.0
ATF5,-0.8137700702560715,0.4881889763779528,1.0
VRK3,0.2565836341941523,0.5511811023622047,1.0
ZNF473,-0.5928465786159924,0.44881889763779526,1.0
NR1H2,0.38309500628427706,0.5039370078740157,1.0
POLD1,0.2425210034178582,0.7874015748031497,1.0
EMC10,-0.9160835296737684,0.5196850393700787,1.0
JOSD2,-0.18593099320312634,0.905511811023622,1.0
CLEC11A,-1.1126678517032733,0.30708661417322836,1.0
C19orf48,0.9679067947774205,0.4330708661417323,1.0
CTU1,-0.14500429689274175,1.0,1.0
SIGLEC9,0.015312324442554592,1.0,1.0
SIGLEC17P,-0.3348637559654417,0.5826771653543307,1.0
ETFB,0.2702398825763621,0.7322834645669292,1.0
CLDND2,-0.46843936864322844,0.7244094488188977,1.0
NKG7,-0.20276803192473736,0.6535433070866141,1.0
LIM2,-0.6565913334630229,0.6220472440944882,1.0
C19orf84,0.06242259784448789,0.952755905511811,1.0
SIGLEC10,0.06530111559294638,1.0,1.0
ZNF175,-0.145079493898693,0.8740157480314961,1.0
SPACA6,0.9818590658706998,0.29133858267716534,1.0
FPR1,-0.06414405724910366,0.952755905511811,1.0
ZNF577,0.3472880664552096,0.30708661417322836,1.0
ZNF649,-0.42574438566259776,0.5826771653543307,1.0
ZNF613,-0.4150566910837181,0.7401574803149606,1.0
ZNF350,0.31522918655057763,0.6377952755905512,1.0
ZNF615,-1.1803189917076993,0.4094488188976378,1.0
ZNF614,0.33244138486266195,0.41732283464566927,1.0
ZNF432,0.2118136273369804,0.6220472440944882,1.0
AC011468.1,-0.06933638824602517,0.905511811023622,1.0
ZNF841,-1.097450148375655,0.31496062992125984,1.0
ZNF616,-0.12854215505883593,0.9212598425196851,1.0
RPL37P23,-0.3011721216796781,0.23622047244094488,1.0
ZNF836,-0.536779622807297,0.6377952755905512,1.0
PPP2R1A,0.484146161770842,0.3228346456692913,1.0
ZNF766,0.15675518196363036,0.8110236220472441,1.0
ZNF480,-0.022274953187364943,0.968503937007874,1.0
ZNF880,-0.0038642232406220778,1.0,1.0
ZNF528-AS1,-0.09036308524656045,0.8740157480314961,1.0
ZNF528,0.3411848970504927,0.4566929133858268,1.0
ZNF578,-0.7892106455148997,0.30708661417322836,1.0
ZNF808,0.09628759754882621,0.9212598425196851,1.0
ZNF701,0.4600641332676956,0.33858267716535434,1.0
ZNF83,0.7182379529155369,0.05511811023622047,1.0
AC022150.4,-0.38450626090916007,0.29133858267716534,1.0
ZNF611,-0.23175824613160856,0.6929133858267716,1.0
ZNF600,0.05761731194447517,0.9212598425196851,1.0
ZNF28,-1.1986213899491691,0.25196850393700787,1.0
ZNF468,-0.66510687237085,0.6456692913385826,1.0
ZNF320,-0.9190844643737166,0.3464566929133858,1.0
ZNF888,-0.4484285595602895,0.6220472440944882,1.0
ZNF816,-0.6902359780833778,0.3779527559055118,1.0
ZNF160,0.04868171836567292,0.9291338582677166,1.0
ZNF415,-1.918433387028098,0.09448818897637795,1.0
ZNF347,1.0922974374682446,0.13385826771653545,1.0
AC092070.2,-0.3794150397499898,0.7874015748031497,1.0
NDUFV2P1,-0.32773379293369453,0.7795275590551181,1.0
ZNF677,-0.2722210313382516,0.6535433070866141,1.0
ZNF845,0.18305499555601168,0.937007874015748,1.0
ZNF525,-0.45084962547721474,0.7401574803149606,1.0
ZNF765,0.2554716001872013,0.7874015748031497,1.0
TPM3P9,-0.5935109810276389,0.3464566929133858,1.0
ZNF761,0.5266062635171149,0.2755905511811024,1.0
ZNF813,-0.9726032906108011,0.2440944881889764,1.0
ZNF331,0.6921639897227685,0.5039370078740157,1.0
MYADM,0.48289762199192054,0.2992125984251969,1.0
NDUFA3,-0.036703917752158866,0.952755905511811,1.0
PRPF31,-0.3381842484459838,0.7559055118110236,1.0
CNOT3,0.6148202300000247,0.08661417322834646,1.0
LENG1,-0.6292141243192853,0.6771653543307087,1.0
TMC4,-1.5306023062291663,0.08661417322834646,1.0
MBOAT7,0.964111300303105,0.4330708661417323,1.0
TSEN34,-1.1462443438291468,0.4645669291338583,1.0
RPS9,-0.5154745749463281,0.6062992125984252,1.0
LAIR1,0.01078433247071331,1.0,1.0
LENG8,0.26000250036965245,0.6692913385826772,1.0
LAIR2,-1.2866515595425128,0.4094488188976378,1.0
KIR3DX1,0.9029458582929957,0.5511811023622047,1.0
LILRB1,0.04977949426972117,0.8740157480314961,1.0
KIR2DL3,-0.9798190071014501,0.6456692913385826,1.0
KIR2DL1,0.02681270163755034,0.984251968503937,1.0
KIR2DL4,0.8142772612621272,0.2125984251968504,1.0
KIR3DL1,-0.02120095974992875,0.9606299212598425,1.0
KIR2DS4,-0.9676333596006579,0.5826771653543307,1.0
KIR3DL2,-0.9488980923887445,0.3858267716535433,1.0
NCR1,0.23046614618608796,0.4409448818897638,1.0
NLRP7,0.04383907791248953,0.984251968503937,1.0
NLRP2,-1.0616973979043518,0.2125984251968504,1.0
RDH13,-0.5168030796482639,0.2755905511811024,1.0
EPS8L1,-0.9365809616158923,0.30708661417322836,1.0
PPP1R12C,-1.0802564267807107,0.5669291338582677,1.0
TMEM86B,-1.4815825015741504,0.1732283464566929,1.0
PPP6R1,0.44414368185082687,0.7401574803149606,1.0
HSPBP1,0.34670188195157525,0.25984251968503935,1.0
KMT5C,-1.6632266187193459,0.25196850393700787,1.0
RPL28,-0.3927913164384531,0.7795275590551181,1.0
UBE2S,-0.8195277855644889,0.3543307086614173,1.0
ISOC2,0.49753885354628347,0.6456692913385826,1.0
ZNF628,-0.84538711288156,0.3779527559055118,1.0
ZNF579,-0.08433264969891074,0.9763779527559056,1.0
FIZ1,-2.011357424323554,0.11811023622047244,1.0
ZNF524,0.5803981160748874,0.47244094488188976,1.0
ZNF865,0.26110422614625417,0.7480314960629921,1.0
ZNF580,-1.1279530063897711,0.5511811023622047,1.0
ZNF581,-0.5877807183527639,0.6692913385826772,1.0
U2AF2,0.2470941140218761,0.7086614173228346,1.0
EPN1,-0.960467530612438,0.6062992125984252,1.0
ZNF787,0.3042256260932983,0.7401574803149606,1.0
ZNF444,-0.5263022238424351,0.6299212598425197,1.0
ZNF542P,-1.7174626415958167,0.18110236220472442,1.0
ZNF582,0.03440932592306911,0.952755905511811,1.0
ZNF582-AS1,0.6753429956645641,0.5275590551181102,1.0
ZNF583,-0.7680877809975319,0.48031496062992124,1.0
ZNF667,0.5110618689700164,0.7244094488188977,1.0
ZNF667-AS1,0.57603998753972,0.5984251968503937,1.0
ZFP28,0.5300793297112469,0.6929133858267716,1.0
ZNF470,0.9930066967226132,0.2677165354330709,1.0
ZNF71,-0.4444312637526795,0.7244094488188977,1.0
ZNF264,0.23766780507199314,0.5669291338582677,1.0
ZNF805,-0.9489198930455383,0.3464566929133858,1.0
AC005261.4,1.919031165471299,0.031496062992125984,1.0
AC005261.6,-1.7401928216550075,0.031496062992125984,1.0
AC005261.2,0.23169305984202548,0.6535433070866141,1.0
ZNF543,0.661805902327731,0.4566929133858268,1.0
ZNF304,-0.39410946570330285,0.5354330708661418,1.0
TRAPPC2B,0.0028897778786145523,1.0,1.0
ZNF548,0.02752451834338121,0.968503937007874,1.0
ZNF17,-1.181770417948162,0.2440944881889764,1.0
ZNF772,0.5676016262241717,0.5748031496062992,1.0
ZNF419,-0.4492179168300723,0.6062992125984252,1.0
ZNF773,-0.09661800806061827,0.8818897637795275,1.0
ZNF549,0.6428106859216463,0.5433070866141733,1.0
ZNF550,0.43287273734756404,0.4881889763779528,1.0
ZIK1,-0.7753005778152464,0.4094488188976378,1.0
ZNF530,-1.4408771092045316,0.03937007874015748,1.0
ZNF134,-0.8122501059205893,0.4409448818897638,1.0
ZNF211,-0.7777008094057916,0.6771653543307087,1.0
ZNF551,-0.40881294665413614,0.5196850393700787,1.0
ZNF154,0.6195191208960664,0.5984251968503937,1.0
ZNF671,0.16472915870909688,0.9133858267716536,1.0
ZNF776,-0.5058527113339437,0.4409448818897638,1.0
ZNF586,0.4932151618435632,0.4881889763779528,1.0
ZNF552,1.8056800374290571,0.03937007874015748,1.0
ZNF587B,-0.1500379801230185,0.984251968503937,1.0
ZNF814,-1.6174398846882627,0.1732283464566929,1.0
ZNF587,-0.18277293319774124,0.7086614173228346,1.0
ZNF417,-0.2316503932870193,0.8582677165354331,1.0
ZNF256,-0.11284392145094957,0.889763779527559,1.0
ZNF606,-0.8819511767512291,0.3543307086614173,1.0
AC008969.1,-0.5044624865979825,0.6220472440944882,1.0
ZSCAN18,-0.7730623854786063,0.44881889763779526,1.0
ZNF329,-0.713191416764702,0.4881889763779528,1.0
ZNF274,-0.7663402087150328,0.7086614173228346,1.0
ZNF544,-0.581030552146351,0.5511811023622047,1.0
AC020915.4,0.4895314355562237,0.5748031496062992,1.0
ZNF8,0.8539666391495837,0.2283464566929134,1.0
ERVK3-1,0.004617091971945264,1.0,1.0
AC010642.2,-1.1907139018010657,0.2125984251968504,1.0
ZSCAN22,-0.5841462167969893,0.5275590551181102,1.0
AC012313.3,1.9402896998951937,0.05511811023622047,1.0
RPS5,0.0601360877550583,0.889763779527559,1.0
ZNF324B,0.9799983589935174,0.36220472440944884,1.0
ZNF324,-1.8804125916877714,0.11023622047244094,1.0
SLC27A5,-0.7812449069568645,0.49606299212598426,1.0
ZBTB45,-0.406749198406267,0.7637795275590551,1.0
TRIM28,0.10074486303959862,0.8818897637795275,1.0
CHMP2A,0.18006183689916977,0.6614173228346457,1.0
UBE2M,-1.0172942498870703,0.5118110236220472,1.0
MZF1-AS1,0.0006429635481119966,1.0,1.0
MZF1,-0.06530895812615811,0.9606299212598425,1.0
CENPBD1P1,0.05566779295527713,0.8976377952755905,1.0
RPS4Y1,-0.6883150988792823,0.84251968503937,1.0
ZFY,-0.6756857842892763,0.7637795275590551,1.0
EIF4A1P2,0.029436762578978204,0.905511811023622,1.0
PRKY,-0.34341860251764755,1.0,1.0
TTTY15,-0.1843184551045205,1.0,1.0
USP9Y,-0.5665215270005914,0.7637795275590551,1.0
DDX3Y,-0.7621132060703792,0.7637795275590551,1.0
UTY,-0.33131994316728175,0.9212598425196851,1.0
PSMA6P1,0.30905418595372947,0.7007874015748031,1.0
BCORP1,-0.07217816687622802,1.0,1.0
TXLNGY,-0.38779515526260067,1.0,1.0
KDM5D,-0.6360401083432374,0.6062992125984252,1.0
EIF1AY,-0.6127597190646523,0.7637795275590551,1.0
IL17RA,0.4215865772968437,0.16535433070866143,1.0
HDHD5,0.13455678097941748,0.7559055118110236,1.0
ADA2,0.20189870800089427,0.4881889763779528,1.0
ATP6V1E1,0.1848824493474952,0.5590551181102362,1.0
BCL2L13,0.21903446724583198,0.48031496062992124,1.0
BID,-0.0650652017154485,0.7559055118110236,1.0
LINC00528,-0.5766782811419,0.5984251968503937,1.0
MICAL3,-0.5599892308605767,0.5275590551181102,1.0
AC016027.1,-0.4656302527541898,0.6692913385826772,1.0
PEX26,-0.2389018956605815,0.5354330708661418,1.0
DGCR2,-0.34686235358288364,0.9606299212598425,1.0
DGCR11,-0.8208132876013708,0.3543307086614173,1.0
ESS2,-1.4463769187885394,0.18110236220472442,1.0
SLC25A1,-0.4859440594758593,0.7165354330708661,1.0
HIRA,-0.15675191911422282,0.6850393700787402,1.0
C22orf39,0.3944898381873809,0.4330708661417323,1.0
MRPL40,-0.5389027723177233,0.2283464566929134,1.0
UFD1,0.004466930989232232,0.984251968503937,1.0
AC000089.1,-0.01626992529896487,0.9763779527559056,1.0
RTL10,-1.3741452687544382,0.03937007874015748,1.0
TXNRD2,0.183866349558367,0.8661417322834646,1.0
COMT,0.32838022627397123,0.5590551181102362,1.0
TANGO2,1.0358963562523251,0.3700787401574803,1.0
AC006547.1,1.878001881050664,0.015748031496062992,1.0
DGCR8,-0.3951493291295529,0.952755905511811,1.0
TRMT2A,-0.09387829610242227,0.9291338582677166,1.0
RANBP1,-0.219237636898157,0.8110236220472441,1.0
ZDHHC8,0.28217770687024,0.8031496062992126,1.0
DGCR6L,1.3758486289901484,0.16535433070866143,1.0
ZNF74,-0.9335968143643611,0.4094488188976378,1.0
KLHL22,0.5493736626094465,0.6141732283464567,1.0
MED15,-0.15479478951574022,0.9133858267716536,1.0
PI4KA,-0.41960589404963233,0.8976377952755905,1.0
SNAP29,-0.12280674768568733,0.8188976377952756,1.0
CRKL,-0.6163822396964287,0.44881889763779526,1.0
LZTR1,-0.8463091511193834,0.4881889763779528,1.0
THAP7,-0.7515973624377781,0.5275590551181102,1.0
HIC2,-0.9241034086664315,0.5118110236220472,1.0
PI4KAP2,-1.3379262424359075,0.2047244094488189,1.0
UBE2L3,0.439011946317569,0.07086614173228346,1.0
YDJC,0.43039877610778365,0.7952755905511811,1.0
SDF2L1,0.014271309244161756,0.9921259842519685,1.0
YPEL1,0.07178876173910442,0.889763779527559,1.0
MAPK1,0.10694079645559462,0.8582677165354331,1.0
PPM1F,0.6566864346515153,0.25984251968503935,1.0
AC245060.5,-0.531399855976924,0.5748031496062992,1.0
AC245060.4,0.18076458219618363,0.6771653543307087,1.0
IGLV1-44,-0.2929075694266585,0.8267716535433071,1.0
ZNF280B,0.4764579931063162,0.6456692913385826,1.0
IGLV2-14,-0.36638115177114994,0.7637795275590551,1.0
IGLC2,2.1962716812161913,0.2677165354330709,1.0
IGLC3,0.7591369030249369,0.6850393700787402,1.0
IGLC7,0.5836103579324521,0.84251968503937,1.0
AC245054.2,-0.935222694103106,0.11023622047244094,1.0
BCR,0.20011515723607598,0.7637795275590551,1.0
AP000347.1,0.5852639068004943,0.5748031496062992,1.0
RGL4,-1.0209776728483262,0.2125984251968504,1.0
ZNF70,-1.014724210004616,0.36220472440944884,1.0
CHCHD10,0.02862295112131008,0.9763779527559056,1.0
SMARCB1,0.13689669890595324,0.952755905511811,1.0
DERL3,0.03223964519831224,1.0,1.0
SLC2A11,0.4622359608398914,0.5905511811023622,1.0
CABIN1,-0.6173669357505496,0.84251968503937,1.0
SPECC1L,-0.19324227862013066,0.5905511811023622,1.0
GUCD1,-0.057189846632563324,0.9291338582677166,1.0
SNRPD3,0.07774769509157053,0.5669291338582677,1.0
GGT1,0.38085057637763,0.7165354330708661,1.0
LRRC75B,0.44928506931375223,0.7480314960629921,1.0
SGSM1,-1.0356441505898086,0.4094488188976378,1.0
KIAA1671,0.36457916166963766,0.5433070866141733,1.0
LRP5L,-0.19781216225365728,0.905511811023622,1.0
CRYBB2P1,0.7075934106033017,0.2755905511811024,1.0
GRK3,1.099121184039459,0.2755905511811024,1.0
HPS4,-0.9720578873363128,0.48031496062992124,1.0
SRRD,0.15302506266702554,0.9212598425196851,1.0
TFIP11,0.23357659323176438,0.6771653543307087,1.0
TPST2,-0.10263591398813432,0.6929133858267716,1.0
HMGB1P10,-0.041044112018474355,0.905511811023622,1.0
MIAT,0.2851354990962687,0.48031496062992124,1.0
MIATNB,0.7746134399197642,0.48031496062992124,1.0
MN1,-1.2427038915427588,0.2992125984251969,1.0
PITPNB,0.004318044105709795,0.9763779527559056,1.0
TTC28-AS1,-0.058534864829783206,0.952755905511811,1.0
TTC28,-1.4721223165157635,0.09448818897637795,1.0
HSCB,-0.14758106587717146,0.8818897637795275,1.0
CCDC117,-0.9675371136445827,0.023622047244094488,1.0
XBP1,-0.388656051642462,0.18110236220472442,1.0
Z93930.2,0.316964000706248,0.6299212598425197,1.0
RHBDD3,-0.31318743177779496,0.7165354330708661,1.0
EWSR1,0.10143816543967876,0.6141732283464567,1.0
AP1B1,0.9971482263222451,0.031496062992125984,1.0
NEFH,-2.18030539168196,0.015748031496062992,1.0
THOC5,0.7621870461384832,0.047244094488188976,1.0
NIPSNAP1,-0.7698441070136832,0.7165354330708661,1.0
NF2,-1.0554218024059314,0.3779527559055118,1.0
UQCR10,0.2007648557680053,0.5748031496062992,1.0
ASCC2,-0.07090706251947321,0.8582677165354331,1.0
MTMR3,-1.3486600403431175,0.14173228346456693,1.0
AC003681.1,-2.4588474291293734,0.05511811023622047,1.0
LIF,0.14569779900647228,0.889763779527559,1.0
OSM,0.5494746379402584,0.29133858267716534,1.0
TBC1D10A,-0.5445976851302676,0.7165354330708661,1.0
SF3A1,-0.12148773290582593,0.7007874015748031,1.0
AC004832.6,-0.11231753853377757,0.9291338582677166,1.0
PES1,-0.5151614645137781,0.6141732283464567,1.0
DUSP18,-0.028374767727878503,0.968503937007874,1.0
MORC2,-1.0265918074535896,0.3464566929133858,1.0
TUG1,0.15237849614976096,0.6220472440944882,1.0
SELENOM,-0.02174824881277826,0.9763779527559056,1.0
RNF185,0.1189035597330328,0.8031496062992126,1.0
LIMK2,0.9612744723671538,0.1968503937007874,1.0
PIK3IP1,-0.2221932942485294,0.5196850393700787,1.0
PATZ1,-1.3055206662375194,0.2125984251968504,1.0
DRG1,-0.31162996664885156,0.5826771653543307,1.0
EIF4ENIF1,-0.1250738381946781,0.84251968503937,1.0
SFI1,-0.7504630305476669,0.6141732283464567,1.0
PISD,0.6214801396335323,0.5748031496062992,1.0
PRR14L,0.16748137667624263,0.6220472440944882,1.0
DEPDC5,0.5836550463528378,0.4015748031496063,1.0
YWHAH,0.7517628279339101,0.1889763779527559,1.0
Z74021.1,-0.2992700148212286,0.33858267716535434,1.0
RTCB,0.44731654428442,0.3937007874015748,1.0
FBXO7,-0.02634749210349252,0.9763779527559056,1.0
TIMP3,0.3731266682152139,0.7637795275590551,1.0
HMGXB4,-0.06993376624361858,0.7244094488188977,1.0
TOM1,0.058242407709787614,0.9448818897637795,1.0
HMOX1,0.17141399049408568,0.8582677165354331,1.0
MCM5,1.0385330363810046,0.07086614173228346,1.0
MB,2.1684405804248015,0.07874015748031496,1.0
APOL6,-0.37269600204843023,0.4409448818897638,1.0
RBFOX2,-1.0075691780618146,0.41732283464566927,1.0
Z95114.3,-1.2006071136474263,0.2047244094488189,1.0
APOL3,-0.5583016485024777,0.09448818897637795,1.0
APOL2,-0.014348650177852917,0.9448818897637795,1.0
APOL1,0.3750967968632546,0.4251968503937008,1.0
MYH9,0.17978912349140685,0.5354330708661418,1.0
RPS15AP38,0.4114999529658938,0.4094488188976378,1.0
TXN2,-0.1611274052745406,0.5669291338582677,1.0
FOXRED2,-0.24892607103772857,0.6850393700787402,1.0
EIF3D,0.5244944912618301,0.11023622047244094,1.0
IFT27,0.12064051373195994,0.8740157480314961,1.0
NCF4,-0.10567291454141903,1.0,1.0
CSF2RB,0.8933159649151718,0.5275590551181102,1.0
TST,-0.735667239452849,0.4251968503937008,1.0
MPST,-1.0068503261033825,0.4015748031496063,1.0
KCTD17,0.5298560069234473,0.6929133858267716,1.0
IL2RB,0.20708064598226805,0.3937007874015748,1.0
C1QTNF6,1.2976667062269343,0.3937007874015748,1.0
RAC2,0.3220559092405004,0.2992125984251969,1.0
CYTH4,0.8487338954247363,0.07874015748031496,1.0
MFNG,-0.8471150986846085,0.08661417322834646,1.0
GGA1,0.1291386803202368,0.6299212598425197,1.0
SH3BP1,-0.002217386237084007,1.0,1.0
LGALS1,0.3206784986218576,0.7322834645669292,1.0
NOL12,0.2504455170434503,0.7637795275590551,1.0
TRIOBP,0.11584155449510991,0.7401574803149606,1.0
H1F0,-0.24221866397379144,0.8267716535433071,1.0
ANKRD54,-0.09330650235528548,0.889763779527559,1.0
EIF3L,-0.2894139415243542,0.6771653543307087,1.0
MICALL1,0.5486294855582559,0.3858267716535433,1.0
AL031587.6,1.0533644235361064,0.12598425196850394,1.0
PLA2G6,-0.0468705782073755,1.0,1.0
MAFF,0.22908727216947256,0.7165354330708661,1.0
TMEM184B,-0.3995742950214014,0.06299212598425197,1.0
CSNK1E,-0.11255657403647756,0.3937007874015748,1.0
Z98749.2,-0.3817156402419597,0.7322834645669292,1.0
DDX17,0.10489916316722514,0.6220472440944882,1.0
CBY1,0.6627031770699583,0.5511811023622047,1.0
TOMM22,-0.12480601991267193,0.6456692913385826,1.0
JOSD1,-1.4257955244330827,0.5905511811023622,1.0
GTPBP1,-0.3825362771768077,0.7480314960629921,1.0
SUN2,-0.19453247016703878,0.8818897637795275,1.0
AL021707.8,-0.03975348882182361,0.937007874015748,1.0
AL021707.6,-1.2955536498144669,0.047244094488188976,1.0
DNAL4,-0.2008011200771782,0.9921259842519685,1.0
NPTXR,-0.47946916161276265,0.84251968503937,1.0
CBX6,-0.4403033788300448,0.2755905511811024,1.0
APOBEC3C,0.7897140081461238,0.14173228346456693,1.0
APOBEC3F,1.0203857414779343,0.06299212598425197,1.0
APOBEC3G,0.8564420972173643,0.015748031496062992,1.0
AL031846.1,0.20177603670064848,0.6220472440944882,1.0
APOBEC3H,0.7337700989611458,0.31496062992125984,1.0
CBX7,-1.1561833252420963,0.4645669291338583,1.0
PDGFB,-0.9014532771791888,0.3464566929133858,1.0
RPL3,-0.13629965564848412,0.7716535433070866,1.0
SYNGR1,-0.0508082581657443,0.9606299212598425,1.0
TAB1,-0.4474127123841911,0.7086614173228346,1.0
MIEF1,0.02309231787833088,0.9448818897637795,1.0
ATF4,0.15143961324029398,0.7007874015748031,1.0
RPS19BP1,0.34526828710454804,0.44881889763779526,1.0
GRAP2,0.5692732021088656,0.7716535433070866,1.0
Z82206.1,0.221276485667516,0.7086614173228346,1.0
TNRC6B,-0.13054879298974242,0.4881889763779528,1.0
ADSL,-0.21581462061165513,0.7322834645669292,1.0
MKL1,-0.3665286192199657,0.7637795275590551,1.0
SLC25A17,-1.3107079120870813,0.31496062992125984,1.0
ST13,-0.10971091156927848,0.4251968503937008,1.0
XPNPEP3,-0.8566843319775375,0.4566929133858268,1.0
RBX1,0.018770707749451,0.968503937007874,1.0
AL080243.2,-0.6445099066821811,0.5984251968503937,1.0
EP300,-0.11213317183573412,0.49606299212598426,1.0
L3MBTL2,0.2021122059081577,0.7165354330708661,1.0
RANGAP1,-0.9376177753437371,0.5039370078740157,1.0
ZC3H7B,-0.7049214086870261,0.8740157480314961,1.0
TEF,-0.1896693117033128,0.8582677165354331,1.0
TOB2,-0.03810858659093519,0.952755905511811,1.0
PHF5A,-0.21743258682895084,0.889763779527559,1.0
ACO2,-0.30118274132772127,0.7874015748031497,1.0
POLR3H,-0.9513347259272131,0.33070866141732286,1.0
PMM1,0.5181673130842945,0.5905511811023622,1.0
DESI1,0.27673775937946266,0.4251968503937008,1.0
XRCC6,0.24443187504985264,0.49606299212598426,1.0
SNU13,0.17028113726108884,0.7795275590551181,1.0
C22orf46,-0.6984084739476,0.11811023622047244,1.0
MEI1,0.23364679603790783,0.7086614173228346,1.0
AL021453.1,-0.8518666472391971,0.7165354330708661,1.0
SREBF2,-0.08231086902529583,0.889763779527559,1.0
TNFRSF13C,-1.262809623809538,0.1968503937007874,1.0
CENPM,1.040454130297334,0.29133858267716534,1.0
NAGA,0.7764028518361052,0.10236220472440945,1.0
SMDT1,0.14013672737285,0.7322834645669292,1.0
NDUFA6,0.20553354459219886,0.6771653543307087,1.0
OLA1P1,-1.3753520378892141,0.25984251968503935,1.0
TCF20,-0.009126743358951472,0.9921259842519685,1.0
RRP7A,0.17311806900099125,0.7795275590551181,1.0
POLDIP3,-0.13376983321741331,0.8188976377952756,1.0
Z93241.1,0.2096573264414041,0.84251968503937,1.0
CYB5R3,-0.03870406902363577,0.968503937007874,1.0
ATP5L2,-0.5270523951708869,0.4566929133858268,1.0
A4GALT,-0.4439465820214339,0.6850393700787402,1.0
RPL5P34,-0.3210883243625702,0.25196850393700787,1.0
ARFGAP3,0.1462225880119581,0.6062992125984252,1.0
PACSIN2,-0.7490296066970403,0.6929133858267716,1.0
TTLL1,1.282475142306994,0.1968503937007874,1.0
TSPO,0.08412906345514504,0.9291338582677166,1.0
TTLL12,-0.02477806751190581,1.0,1.0
SCUBE1,1.5893377228865937,0.13385826771653545,1.0
SAMM50,-0.5070131022538797,0.23622047244094488,1.0
AL035398.1,-0.2673067848722619,0.6929133858267716,1.0
PARVB,0.4845265497829212,0.6062992125984252,1.0
PARVG,0.2393944592556574,0.8110236220472441,1.0
AL031595.2,0.5489343349648417,0.48031496062992124,1.0
RTL6,0.6180975610468993,0.4094488188976378,1.0
PRR5,-1.3429093468481867,0.4566929133858268,1.0
NUP50-AS1,-1.1632421203696404,0.1732283464566929,1.0
NUP50,0.1764943588312491,0.5984251968503937,1.0
KIAA0930,0.6681095351367601,0.05511811023622047,1.0
FAM118A,0.6963555661802587,0.16535433070866143,1.0
SMC1B,1.9106176182543653,0.07086614173228346,1.0
FBLN1,0.027714954526991242,1.0,1.0
Z95331.1,0.3291437571196305,0.6692913385826772,1.0
ATXN10,-0.34485298027277445,0.44881889763779526,1.0
PRR34-AS1,-1.393478197738212,0.31496062992125984,1.0
PPARA,-0.7592398802996696,0.8188976377952756,1.0
CDPF1,-0.6315681827706796,0.4094488188976378,1.0
TTC38,-0.2940178978989696,0.5039370078740157,1.0
TRMU,-0.9779875525066839,0.33858267716535434,1.0
CELSR1,-0.7361892283088491,0.3543307086614173,1.0
GRAMD4,0.4446984533576481,0.5590551181102362,1.0
CERK,-0.029653339046275207,0.937007874015748,1.0
AL118516.1,0.06541818425083434,0.8582677165354331,1.0
TBC1D22A,0.42053498856412475,0.6377952755905512,1.0
Z97192.3,0.32378462041731937,0.6377952755905512,1.0
BRD1,-0.26968357902696205,0.5196850393700787,1.0
ZBED4,0.02171709595002902,0.937007874015748,1.0
CRELD2,0.11548812894355986,0.4251968503937008,1.0
PIM3,-0.06569610258627989,0.9212598425196851,1.0
MLC1,-2.136193945944439,0.12598425196850394,1.0
TRABD,0.5860668436498724,0.14960629921259844,1.0
SELENOO,0.6136911641757061,0.6141732283464567,1.0
TUBGCP6,-0.8153387068745781,0.5748031496062992,1.0
HDAC10,0.41355284172382234,0.8031496062992126,1.0
MAPK11,0.27613731604373326,0.7716535433070866,1.0
PLXNB2,0.7764936167995127,0.6062992125984252,1.0
DENND6B,0.7779313929453187,0.30708661417322836,1.0
PPP6R2,-0.0986758695313652,0.9763779527559056,1.0
SBF1,0.3325933669291965,0.6535433070866141,1.0
LMF2,-0.29564637830432616,0.9448818897637795,1.0
NCAPH2,-1.3009411281394865,0.2677165354330709,1.0
SCO2,0.8085540879288855,0.18110236220472442,1.0
U62317.3,-0.5581152135127401,0.5748031496062992,1.0
TYMP,-1.3210867763358518,0.1968503937007874,1.0
KLHDC7B,-1.8411618883580783,0.14960629921259844,1.0
ARSA,0.56148510412166,0.6062992125984252,1.0
SHANK3,2.1402714985091293,0.1732283464566929,1.0
RPL23AP82,1.5883830086478468,0.07086614173228346,1.0
RABL2B,-0.15949518750818648,0.7007874015748031,1.0
FP565260.6,0.2716248642438719,0.84251968503937,1.0
FP565260.7,0.45588621930871875,0.7480314960629921,1.0
CU639417.1,0.0016394931719672101,1.0,1.0
CYP4F29P,-1.0765039118250521,0.48031496062992124,1.0
ANKRD20A11P,-1.4199421542928128,0.41732283464566927,1.0
RBM11,-1.2329939409019133,0.07874015748031496,1.0
HSPA13,-0.3377119058344027,0.5196850393700787,1.0
SAMSN1,0.007818266308214916,0.984251968503937,1.0
NRIP1,-0.06242212378487455,0.9133858267716536,1.0
USP25,0.11003241549601928,0.7952755905511811,1.0
BTG3,-0.18699917830498336,0.6535433070866141,1.0
C21orf91,0.19765959240359088,0.4015748031496063,1.0
PPIAP22,-0.3448493235330705,0.2283464566929134,1.0
AP000568.1,0.5170890625103044,0.6692913385826772,1.0
LINC01684,-0.39630156554189133,0.5984251968503937,1.0
RPL13AP7,-0.3730005752846175,0.6377952755905512,1.0
MIR155HG,0.5437825123623203,0.5984251968503937,1.0
MRPL39,0.0701450343394967,0.937007874015748,1.0
ATP5J,0.3114158370177531,0.2677165354330709,1.0
GABPA,0.6029129438385743,0.047244094488188976,1.0
APP,0.08008470635615161,0.9133858267716536,1.0
ADAMTS1,-1.2707034939958937,0.4094488188976378,1.0
AF165147.1,0.9498230838716404,0.33858267716535434,1.0
N6AMT1,-0.5409758736971608,0.6062992125984252,1.0
LTN1,-0.4995505028106404,0.7322834645669292,1.0
RWDD2B,0.07133177424209203,0.952755905511811,1.0
USP16,-0.26080583869788043,0.47244094488188976,1.0
CCT8,0.012026701387584104,0.968503937007874,1.0
MAP3K7CL,-1.665240945900421,0.14960629921259844,1.0
BACH1,-0.2829507912912108,0.5826771653543307,1.0
TIAM1,1.2186050608413121,0.3464566929133858,1.0
SOD1,-0.02727744565956769,0.8818897637795275,1.0
AP000254.1,-0.5627374076003746,0.7480314960629921,1.0
SCAF4,-0.2568873446755866,0.31496062992125984,1.0
MIS18A,-0.36479803041191206,0.8661417322834646,1.0
URB1,-0.9464245367460355,0.31496062992125984,1.0
URB1-AS1,-0.3049998075053435,0.6692913385826772,1.0
EVA1C,-1.2036240399987632,0.3464566929133858,1.0
C21orf59,-0.7683297576863581,0.5905511811023622,1.0
SYNJ1,-1.3525741770910704,0.2047244094488189,1.0
PAXBP1,-0.30427967470453776,0.4566929133858268,1.0
IFNAR2,-0.01732487152391915,0.968503937007874,1.0
IL10RB,0.35065150951966917,0.4015748031496063,1.0
IFNAR1,-0.06068332658562614,0.937007874015748,1.0
IFNGR2,-0.4917682752206629,0.6220472440944882,1.0
TMEM50B,0.48886934051345055,0.1732283464566929,1.0
DNAJC28,-1.6883372621428148,0.031496062992125984,1.0
GART,0.27524030947766764,0.4330708661417323,1.0
SON,0.007348970554039269,0.968503937007874,1.0
DONSON,-1.1274339484429794,0.4015748031496063,1.0
CRYZL1,-0.15606602369972933,0.7637795275590551,1.0
ITSN1,-1.4259258590478971,0.18110236220472442,1.0
ATP5O,0.6235312779045996,0.11023622047244094,1.0
LINC00649,0.5003947517311635,0.15748031496062992,1.0
MRPS6,0.020957287244297795,0.9448818897637795,1.0
SLC5A3,0.38833676596981626,0.1968503937007874,1.0
RCAN1,-1.870525017427102,0.12598425196850394,1.0
RUNX1,-0.03700011561373895,0.8818897637795275,1.0
SETD4,0.9329702211140094,0.16535433070866143,1.0
CBR1,-0.9872450310754779,0.3937007874015748,1.0
MEMO1P1,-0.5394877269977958,0.5118110236220472,1.0
DOPEY2,0.9020925663395092,0.08661417322834646,1.0
MORC3,-0.2523972206563192,0.3937007874015748,1.0
AP000692.1,-0.017851627521894953,1.0,1.0
CHAF1B,-0.6131344716175698,0.4645669291338583,1.0
HLCS,-0.41978424343768017,0.9133858267716536,1.0
AP000704.1,0.06414915131317556,1.0,1.0
PIGP,0.20969382544119952,0.7244094488188977,1.0
TTC3,-0.019975296206612647,0.9448818897637795,1.0
DSCR3,0.12807784098765485,0.7007874015748031,1.0
DYRK1A,0.1842259341611019,0.31496062992125984,1.0
ETS2,-1.0129646758249025,0.48031496062992124,1.0
PSMG1,-0.9674981547042343,0.4330708661417323,1.0
BRWD1,0.05962442276450197,0.8346456692913385,1.0
HMGN1,0.14688512288281963,0.6141732283464567,1.0
WRB,0.4717269486878797,0.3937007874015748,1.0
MX2,-0.36217246160931715,0.41732283464566927,1.0
MX1,-0.9606095181269936,0.5669291338582677,1.0
PRDM15,0.29485322171522066,0.7795275590551181,1.0
C2CD2,0.16468989036782444,0.8661417322834646,1.0
ZBTB21,-0.03434570204756593,0.9448818897637795,1.0
ABCG1,0.5832738480348136,0.2992125984251969,1.0
UBASH3A,0.7277147157640314,0.33070866141732286,1.0
SLC37A1,-1.1329000338210056,0.4251968503937008,1.0
PDE9A,-0.7726647740584324,0.4881889763779528,1.0
WDR4,-1.8388342553413688,0.16535433070866143,1.0
NDUFV3,0.7115545060588495,0.015748031496062992,1.0
PKNOX1,-0.061003082354268656,0.8818897637795275,1.0
LINC01679,-0.5335648193358162,0.6062992125984252,1.0
SIK1,-0.8409318904497873,0.5669291338582677,1.0
RRP1B,-0.33230970022397877,0.12598425196850394,1.0
PDXK,0.6421683215283469,0.41732283464566927,1.0
CSTB,0.42515940281466236,0.31496062992125984,1.0
RRP1,0.48714246758732527,0.6929133858267716,1.0
AGPAT3,0.009584157509327618,0.984251968503937,1.0
TRAPPC10,0.18262064570349335,0.4645669291338583,1.0
PFKL,0.14658476331956694,0.9133858267716536,1.0
AP001062.1,-0.4014471435783289,0.7322834645669292,1.0
UBE2G2,0.11326834804757002,0.6614173228346457,1.0
SUMO3,0.12795859577894753,0.6929133858267716,1.0
PTTG1IP,-0.40024067247107187,0.13385826771653545,1.0
ITGB2,0.0054127277964646225,0.9921259842519685,1.0
ITGB2-AS1,-0.23865140093982484,0.6141732283464567,1.0
AL844908.1,-0.6499911264067898,0.41732283464566927,1.0
FAM207A,0.4420165042615354,0.4645669291338583,1.0
AP001505.2,0.682156193285826,0.3937007874015748,1.0
ADARB1,-0.7950106807619668,0.6850393700787402,1.0
POFUT2,0.09313875119728987,0.8740157480314961,1.0
BX322557.1,-0.36622087820732996,0.6299212598425197,1.0
LINC00205,1.1409558421520958,0.15748031496062992,1.0
SLC19A1,-0.5279461649662391,0.5590551181102362,1.0
COL6A1,-0.45272705934709867,0.7795275590551181,1.0
COL6A2,-0.07181812767650886,0.9212598425196851,1.0
LSS,0.13202348416414633,0.8740157480314961,1.0
MCM3AP-AS1,-0.41343474751520204,0.6614173228346457,1.0
MCM3AP,-0.4578808886935115,0.6456692913385826,1.0
YBEY,0.06061626876849546,0.984251968503937,1.0
PCNT,0.5058197311768708,0.29133858267716534,1.0
DIP2A,0.4752544978935225,0.23622047244094488,1.0
S100B,1.7227577259600424,0.2755905511811024,1.0
PRMT2,0.31026621549540323,0.2677165354330709,1.0
DSTNP1,-0.33398817319626106,0.7874015748031497,1.0
MT-TF,-1.0018975651643132,0.4566929133858268,1.0
MT-RNR1,-0.022129148347858063,0.9291338582677166,1.0
MT-TV,-0.33983462791792984,0.6456692913385826,1.0
MT-RNR2,0.016411477491761417,0.9212598425196851,1.0
MT-TL1,0.7831418585870127,0.25196850393700787,1.0
MT-ND1,0.052554395440189694,0.7165354330708661,1.0
MT-ND2,0.015735522542675184,0.9133858267716536,1.0
MT-TC,-0.37639514563565024,0.7637795275590551,1.0
MT-TY,-0.23053514880849613,0.8582677165354331,1.0
MT-CO1,0.01883918421255082,0.9606299212598425,1.0
MT-CO2,-0.08766013559536745,0.6299212598425197,1.0
MT-ATP8,-0.00567697294080638,0.9921259842519685,1.0
MT-ATP6,-0.013489428026588257,0.905511811023622,1.0
MT-CO3,-0.03829652084114876,0.7165354330708661,1.0
MT-ND3,-0.03554512308065583,0.8740157480314961,1.0
MT-ND4L,-0.14353706019186951,0.5354330708661418,1.0
MT-ND4,-0.0028835384816190412,0.9921259842519685,1.0
MT-ND5,0.08099902884084642,0.6299212598425197,1.0
MT-ND6,-0.060917889344796805,0.6929133858267716,1.0
MT-CYB,0.0620095576911055,0.7086614173228346,1.0
MT-TP,-1.5448816113041746,0.14173228346456693,1.0
AC011043.1,-0.768663147778847,0.4566929133858268,1.0
AL592183.1,0.38689989805738456,0.7165354330708661,1.0
AC240274.1,-1.8422274988851706,0.12598425196850394,1.0
